time,flux,flux_err,timecorr,cadenceno,centroid_col,centroid_row,sap_flux,sap_flux_err,sap_bkg,sap_bkg_err,pdcsap_flux,pdcsap_flux_err,quality,psf_centr1,psf_centr1_err,psf_centr2,psf_centr2_err,mom_centr1,mom_centr1_err,mom_centr2,mom_centr2_err,pos_corr1,pos_corr2
1438.1974622395048,8143.5986,3.323632,-0.0009991833,10115,1113.5885663884524,584.558475090357,7348.3936,2.9280078,2063.6624,1.1157621,8143.5986,3.323632,0,,,,,1113.5885663884524,0.0003170467,584.558475090357,0.0003183226,-0.040752787,0.052448694
1438.2182956992265,8145.2036,3.293107,-0.0009990484,10116,1113.588955048465,584.5579697024801,7352.426,2.9011164,1933.8021,1.0882531,8145.2036,3.293107,0,,,,,1113.588955048465,0.0003136104,584.5579697024801,0.00031474404,-0.03952551,0.051375225
1438.2391291610436,8136.491,3.2650962,-0.0009989113,10117,1113.5911478430505,584.5569025563992,7344.457,2.8764396,1826.1652,1.0629662,8136.491,3.2650962,0,,,,,1113.5911478430505,0.00031100243,584.5569025563992,0.00031211716,-0.037714597,0.05012662
1438.2599626247231,8141.0205,3.2441087,-0.0009987724,10118,1113.5922188802313,584.5563844705378,7346.64,2.8579502,1736.9769,1.0430222,8141.0205,3.2441087,0,,,,,1113.5922188802313,0.00030864688,584.5563844705378,0.0003098895,-0.036072288,0.04985222
1438.2807960903813,8139.237,3.224102,-0.0009986316,10119,1113.5939541863208,584.5545438376303,7345.2544,2.840325,1654.651,1.0240359,8139.237,3.224102,0,,,,,1113.5939541863208,0.00030652963,584.5545438376303,0.00030775205,-0.03514527,0.048698537
1438.3016295577856,8134.2686,3.2031903,-0.000998489,10120,1113.5953328967746,584.5549004024075,7340.0317,2.821903,1577.056,1.0050662,8134.2686,3.2031903,0,,,,,1113.5953328967746,0.00030448884,584.5549004024075,0.00030586618,-0.03286026,0.048050877
1438.3224630270531,8137.8145,3.1848075,-0.0009983445,10121,1113.5966199858728,584.5535805476566,7343.22,2.805708,1501.431,0.98681766,8137.8145,3.1848075,0,,,,,1113.5966199858728,0.00030256074,584.5535805476566,0.00030372638,-0.03137446,0.04665916
1438.343296498067,8136.367,3.1657467,-0.0009981983,10122,1113.5971429475894,584.553235171496,7341.7544,2.788916,1428.1111,0.9682635,8136.367,3.1657467,0,,,,,1113.5971429475894,0.00030043666,584.553235171496,0.0003017199,-0.030943913,0.045816075
1438.3641299708272,8135.8657,3.1498399,-0.0009980503,10123,1113.5983072590655,584.552904404386,7339.812,2.7749028,1363.1108,0.95195585,8135.8657,3.1498399,0,,,,,1113.5983072590655,0.00029912966,584.552904404386,0.00030024344,-0.02922121,0.044887334
1438.3849634451012,8130.6587,3.1388662,-0.0009979008,10124,1113.6000203574758,584.552249826746,7336.6987,2.7652352,1323.604,0.94267863,8130.6587,3.1388662,0,,,,,1113.6000203574758,0.00029783885,584.552249826746,0.00029917233,-0.027981352,0.043967575
1438.405796921121,8135.464,3.136347,-0.0009977496,10125,1113.6007567038182,584.5502721005191,7338.4546,2.763016,1311.695,0.93891394,8135.464,3.136347,0,,,,,1113.6007567038182,0.00029761982,584.5502721005191,0.00029918723,-0.026774442,0.042395756
1438.4266303986535,8135.68,3.1367261,-0.0009975969,10126,1113.6025783798102,584.5501827117012,7340.037,2.76335,1308.1056,0.938656,8135.68,3.1367261,0,,,,,1113.6025783798102,0.00029756982,584.5501827117012,0.00029901895,-0.024876852,0.042176228
1438.4474638776999,8134.1714,3.135535,-0.0009974426,10127,1113.6025733897584,584.5480451848982,7340.411,2.7623005,1308.1375,0.93885726,8134.1714,3.135535,0,,,,,1113.6025733897584,0.00029740034,584.5480451848982,0.00029880035,-0.024879005,0.0395618
1438.4682973581434,8137.836,3.1351738,-0.000997287,10128,1113.603874301429,584.5483531669882,7341.1895,2.7619824,1307.8943,0.9377569,8137.836,3.1351738,0,,,,,1113.603874301429,0.0002974974,584.5483531669882,0.00029885137,-0.022829821,0.040198803
1438.4891308400995,8138.275,3.136373,-0.0009971298,10129,1113.6054594223083,584.5473544799714,7337.521,2.763039,1308.6458,0.9385526,8138.275,3.136373,0,,,,,1113.6054594223083,0.00029777305,584.5473544799714,0.0002995373,-0.021274317,0.039373375
1438.5099643234528,8138.9653,3.1355872,-0.0009969713,10130,1113.6057487540477,584.5472457145129,7343.559,2.762347,1308.4221,0.93813306,8138.9653,3.1355872,0,,,,,1113.6057487540477,0.00029764563,584.5472457145129,0.00029878056,-0.020211203,0.03904274
1438.5307978082044,8138.695,3.1352057,-0.0009968113,10131,1113.6064843347376,584.5465793088008,7341.903,2.7620106,1306.6489,0.9382904,8138.695,3.1352057,0,,,,,1113.6064843347376,0.00029768373,584.5465793088008,0.00029900597,-0.019536035,0.038405947
1438.5516312942366,8143.5815,3.136496,-0.0009966501,10132,1113.6078685425018,584.545580858223,7348.4805,2.763147,1307.3943,0.93815017,8143.5815,3.136496,0,,,,,1113.6078685425018,0.00029744467,584.545580858223,0.00029862073,-0.018775811,0.037382297
1438.5724647815478,8135.827,3.1350615,-0.0009964876,10133,1113.608689174099,584.5450447894734,7341.553,2.7618835,1308.1714,0.93771267,8135.827,3.1350615,0,,,,,1113.608689174099,0.00029777564,584.5450447894734,0.0002988826,-0.01750229,0.03658223
1438.5932982701404,8136.4014,3.1360054,-0.0009963238,10134,1113.6090385013413,584.5449551688099,7341.685,2.7627153,1307.4526,0.9383276,8136.4014,3.1360054,0,,,,,1113.6090385013413,0.00029783175,584.5449551688099,0.00029911744,-0.016623264,0.03563699
1438.614131759897,8140.185,3.1346736,-0.0009961588,10135,1113.6100553036288,584.5424766318026,7340.9336,2.7615418,1305.2794,0.93753946,8140.185,3.1346736,0,,,,,1113.6100553036288,0.000297827,584.5424766318026,0.00029918627,-0.016651535,0.033863332
1438.6349652508172,8136.365,3.1365747,-0.0009959927,10136,1113.610777738176,584.5430237190885,7343.229,2.7632167,1307.3729,0.93795615,8136.365,3.1365747,0,,,,,1113.610777738176,0.00029799258,584.5430237190885,0.00029905883,-0.015161313,0.03396984
1438.6557987430187,8138.0303,3.135278,-0.0009958253,10137,1113.6118751618174,584.5422913263213,7347.5854,2.7620742,1304.9243,0.937603,8138.0303,3.135278,0,,,,,1113.6118751618174,0.00029757468,584.5422913263213,0.0002985683,-0.013893387,0.034013845
1438.676632236268,8141.263,3.1353228,-0.0009956568,10138,1113.6117447884237,584.5421752373722,7346.946,2.762114,1305.8125,0.93696535,8141.263,3.1353228,0,,,,,1113.6117447884237,0.0002977126,584.5421752373722,0.00029887882,-0.013717374,0.032815624
1438.6974657305648,8139.7593,3.1352565,-0.0009954873,10139,1113.6129973130815,584.5411492877626,7347.264,2.7620554,1304.7347,0.9370122,8139.7593,3.1352565,0,,,,,1113.6129973130815,0.00029772066,584.5411492877626,0.0002987532,-0.012796795,0.03217362
1438.7182992259102,8136.0923,3.1346858,-0.0009953168,10140,1113.6132964138474,584.5400297491963,7342.802,2.7615526,1305.7375,0.93743306,8136.0923,3.1346858,0,,,,,1113.6132964138474,0.00029801374,584.5400297491963,0.00029893254,-0.011584148,0.030682791
1438.7391327224188,8137.981,3.1353657,-0.0009951451,10141,1113.6145450446825,584.5399913429321,7346.2915,2.7621517,1305.9607,0.93729305,8137.981,3.1353657,0,,,,,1113.6145450446825,0.00029776536,584.5399913429321,0.00029888426,-0.0108675985,0.030771265
1438.7599662198584,8143.7705,3.1343293,-0.0009949724,10142,1113.6143421549755,584.5384971343561,7341.604,2.7612386,1305.495,0.93750554,8143.7705,3.1343293,0,,,,,1113.6143421549755,0.00029816423,584.5384971343561,0.00029943045,-0.01039839,0.029400341
1438.78079971823,8136.181,3.1356103,-0.0009947988,10143,1113.6155871399235,584.5388814540219,7342.437,2.762367,1305.303,0.93718034,8136.181,3.1356103,0,,,,,1113.6155871399235,0.00029814692,584.5388814540219,0.0002993416,-0.0093399435,0.02927897
1438.8016332176492,8137.904,3.1348205,-0.0009946242,10144,1113.6163956763212,584.5385436933274,7346.187,2.7616713,1304.635,0.93714535,8137.904,3.1348205,0,,,,,1113.6163956763212,0.00029788123,584.5385436933274,0.00029891252,-0.0095070815,0.028607078
1438.8224667179989,8141.351,3.1354637,-0.0009944487,10145,1113.616811545695,584.5387782069496,7347.177,2.7622378,1305.0325,0.93703675,8141.351,3.1354637,0,,,,,1113.616811545695,0.0002980628,584.5387782069496,0.0002990597,-0.0077881697,0.029086372
1438.8433002191643,8137.334,3.133493,-0.0009942723,10146,1113.6160172356344,584.5357172723764,7340.402,2.7605016,1304.1359,0.93646765,8137.334,3.133493,0,,,,,1113.6160172356344,0.000298232,584.5357172723764,0.0002994067,-0.007947992,0.025843458
1438.8641337212619,8138.783,3.1364682,-0.000994095,10147,1113.617858485013,584.5365318142955,7348.2007,2.7631228,1303.6871,0.9372239,8138.783,3.1364682,0,,,,,1113.617858485013,0.0002983635,584.5365318142955,0.00029907154,-0.006833307,0.026981013
1438.8849672242898,8128.3433,3.1323848,-0.0009939168,10148,1113.617742435908,584.5354728127838,7328.5713,2.7595255,1306.2493,0.9372831,8128.3433,3.1323848,0,,,,,1113.617742435908,0.00029868816,584.5354728127838,0.00029989917,-0.0058463975,0.025678836
1438.9058007281328,8136.043,3.1356122,-0.0009937377,10149,1113.618935411007,584.5353427498434,7342.669,2.762369,1304.4081,0.93698514,8136.043,3.1356122,0,,,,,1113.618935411007,0.0002985181,584.5353427498434,0.00029951482,-0.0059089893,0.025595253
1438.9266342327908,8131.1245,3.1343584,-0.0009935579,10150,1113.6193506382915,584.535376299898,7339.728,2.7612643,1303.587,0.9368297,8131.1245,3.1343584,0,,,,,1113.6193506382915,0.0002984581,584.535376299898,0.0002993348,-0.004754217,0.024913315
1438.9474677381463,8132.792,3.1336608,-0.0009933773,10151,1113.6193409645612,584.5337756501673,7338.1475,2.7606494,1304.044,0.93708104,8132.792,3.1336608,0,,,,,1113.6193409645612,0.00029848996,584.5337756501673,0.00029959469,-0.004861921,0.0241211
1438.968301244434,8138.433,3.1356924,-0.0009931958,10152,1113.6200181381419,584.5342725231136,7351.264,2.7624393,1303.8575,0.93740207,8138.433,3.1356924,0,,,,,1113.6200181381419,0.00029796213,584.5342725231136,0.00029873158,-0.00449539,0.024192162
1438.9891347514201,8138.2837,3.1348646,-0.0009930136,10153,1113.6212477514364,584.535133604551,7350.293,2.76171,1303.6799,0.93635356,8138.2837,3.1348646,0,,,,,1113.6212477514364,0.00029798524,584.535133604551,0.0002986517,-0.0030042534,0.024550594
1439.0099682591042,8140.1226,3.1354585,-0.0009928307,10154,1113.620495062128,584.532741871886,7348.107,2.7622333,1303.9873,0.9370479,8140.1226,3.1354585,0,,,,,1113.620495062128,0.00029812296,584.532741871886,0.00029914972,-0.0032841319,0.022263348
1439.0308017676045,8134.243,3.135514,-0.000992647,10155,1113.6202802836196,584.5321009814203,7345.0654,2.7622821,1304.5482,0.9375185,8134.243,3.135514,0,,,,,1113.6202802836196,0.00029830818,584.5321009814203,0.0002992288,-0.0033479424,0.021576848
1439.0516352768034,8136.7544,3.135088,-0.0009924626,10156,1113.6217979651924,584.5327574871667,7347.467,2.7619069,1304.5822,0.9367547,8136.7544,3.135088,0,,,,,1113.6217979651924,0.0002982933,584.5327574871667,0.00029908837,-0.0017133212,0.02247096
1439.0724687865827,8137.6636,3.1347451,-0.0009922776,10157,1113.6216412053595,584.5316475479696,7349.709,2.7616048,1303.0642,0.93664014,8137.6636,3.1347451,0,,,,,1113.6216412053595,0.00029805166,584.5316475479696,0.0002989316,-0.0018458391,0.020717701
1439.0933022971778,8138.5737,3.1353931,-0.0009920918,10158,1113.6228657696731,584.5311317142765,7351.5645,2.7621756,1303.6672,0.93711776,8138.5737,3.1353931,0,,,,,1113.6228657696731,0.0002980347,584.5311317142765,0.00029887265,-0.0013966977,0.020613931
1439.1141358083548,8139.508,3.1355052,-0.0009919055,10159,1113.6228159172947,584.5315817836034,7348.9946,2.7622745,1304.3583,0.93686146,8139.508,3.1355052,0,,,,,1113.6228159172947,0.00029832698,584.5315817836034,0.0002993029,-0.0006985511,0.02111142
1439.1349693202299,8135.3135,3.13573,-0.0009917184,10160,1113.623206119946,584.5312701541973,7346.639,2.7624726,1303.2766,0.9368221,8135.3135,3.13573,0,,,,,1113.623206119946,0.00029824325,584.5312701541973,0.00029945798,-0.0005127193,0.020164696
1439.1558028326876,8140.8994,3.1356466,-0.0009915307,10161,1113.6239777069104,584.5302570904499,7351.0874,2.7623992,1304.5488,0.9368388,8140.8994,3.1356466,0,,,,,1113.6239777069104,0.00029837337,584.5302570904499,0.00029905527,-5.2645402e-05,0.019572929
1439.176636345844,8136.4043,3.1345088,-0.0009913424,10162,1113.6230811243117,584.530584082433,7345.675,2.7613966,1304.607,0.9371271,8136.4043,3.1345088,0,,,,,1113.6230811243117,0.00029843318,584.530584082433,0.0002992193,-0.00015232459,0.01966114
1439.197469859582,8141.8306,3.1376982,-0.0009911534,10163,1113.6229404109815,584.5290650953212,7356.2793,2.7642064,1303.5397,0.93797046,8141.8306,3.1376982,0,,,,,1113.6229404109815,0.0002980295,584.5290650953212,0.00029908118,5.572332e-05,0.017763397
1439.2183033739032,8135.821,3.1344833,-0.0009909639,10164,1113.6247232452276,584.530763353524,7350.0493,2.7613742,1302.2428,0.93598783,8135.821,3.1344833,0,,,,,1113.6247232452276,0.0002981558,584.530763353524,0.00029887937,0.0016994188,0.019843372
1439.2391368888054,8137.783,3.136005,-0.0009907738,10165,1113.6237540958869,584.5285207587467,7352.3457,2.7627146,1303.3053,0.93735784,8137.783,3.136005,0,,,,,1113.6237540958869,0.00029831976,584.5285207587467,0.00029892483,0.0004750251,0.017796865
1439.259970404173,8137.4053,3.136122,-0.0009905832,10166,1113.625529540896,584.5292900063912,7351.152,2.7628176,1303.31,0.936721,8137.4053,3.136122,0,,,,,1113.625529540896,0.000298306,584.5292900063912,0.000299165,0.0022770946,0.018276101
1439.2808039202396,8135.297,3.1349168,-0.0009903919,10167,1113.6239105252212,584.5280727026749,7349.841,2.761756,1302.9484,0.9363262,8135.297,3.1349168,0,,,,,1113.6239105252212,0.00029828007,584.5280727026749,0.00029907722,0.0011352112,0.016648104
1439.301637436772,8141.2744,3.1350772,-0.0009902002,10168,1113.6265127564488,584.5280932834563,7350.5073,2.7618976,1305.1963,0.9366045,8141.2744,3.1350772,0,,,,,1113.6265127564488,0.0002982918,584.5280932834563,0.00029920085,0.003561436,0.017513195
1439.322470953886,8140.052,3.136842,-0.0009900079,10169,1113.625148457906,584.526464659136,7350.14,2.763452,1301.7834,0.9372032,8140.052,3.136842,0,,,,,1113.625148457906,0.00029860061,584.526464659136,0.00029955746,0.0022125205,0.015448568
1439.3433044714661,8140.479,3.1370683,-0.0009898151,10170,1113.6258821983067,584.5276927528244,7354.7803,2.7636516,1301.8064,0.93774515,8140.479,3.1370683,0,,,,,1113.6258821983067,0.0002982837,584.5276927528244,0.00029908345,0.002989275,0.016431777
1439.3641379896283,8139.4634,3.1366415,-0.0009896217,10171,1113.6251822244053,584.5264192861689,7351.1885,2.7632754,1303.1193,0.93749547,8139.4634,3.1366415,0,,,,,1113.6251822244053,0.0002984197,584.5264192861689,0.0002994717,0.002233808,0.014474455
1439.3849715082565,8136.4023,3.1356547,-0.0009894279,10172,1113.6263607239803,584.52744244747,7352.4873,2.7624063,1300.878,0.93793505,8136.4023,3.1356547,0,,,,,1113.6263607239803,0.0002982498,584.52744244747,0.00029901942,0.0031748328,0.015545609
1439.40580502735,8136.145,3.1347892,-0.0009892336,10173,1113.6269094638035,584.5271472364277,7350.8335,2.7616436,1302.211,0.9361826,8136.145,3.1347892,0,,,,,1113.6269094638035,0.00029825533,584.5271472364277,0.00029907224,0.0037410893,0.015368035
1439.4266385470248,8136.1235,3.1343632,-0.0009890387,10174,1113.6262010684836,584.5260465803626,7348.71,2.7612684,1302.188,0.93573666,8136.1235,3.1343632,0,,,,,1113.6262010684836,0.00029826045,584.5260465803626,0.0002992845,0.0030864966,0.014095122
1439.4474720670494,8136.56,3.1349547,-0.0009888435,10175,1113.6261660241398,584.525148775959,7353.0396,2.7617896,1300.2887,0.93614775,8136.56,3.1349547,0,,,,,1113.6261660241398,0.00029849517,584.525148775959,0.00029902038,0.0035503714,0.013313413
1439.4683055876562,8137.5386,3.136259,-0.0009886477,10176,1113.6265711206574,584.5257966678637,7354.0654,2.7629385,1301.7831,0.9362048,8137.5386,3.136259,0,,,,,1113.6265711206574,0.00029819892,584.5257966678637,0.00029901217,0.0035431113,0.014245102
1439.4891391086114,8131.149,3.1344242,-0.0009884515,10177,1113.6266253148592,584.5247947785925,7348.39,2.761322,1303.2758,0.9364099,8131.149,3.1344242,0,,,,,1113.6266253148592,0.00029841537,584.5247947785925,0.00029915723,0.0042292494,0.012409528
1439.5099726300332,8136.72,3.1352448,-0.0009882549,10178,1113.6286225535778,584.5265047221056,7353.2266,2.762045,1300.9746,0.93590534,8136.72,3.1352448,0,,,,,1113.6286225535778,0.0002984983,584.5265047221056,0.00029892445,0.0056050583,0.015316765
1439.5308061519213,8137.8853,3.1351252,-0.0009880578,10179,1113.6265686074123,584.5241320352859,7354.6914,2.7619398,1302.4349,0.93654466,8137.8853,3.1351252,0,,,,,1113.6265686074123,0.00029819185,584.5241320352859,0.00029904902,0.0037236467,0.011724521
1439.5516396741584,8137.5093,3.1353579,-0.0009878604,10180,1113.6281497843524,584.5245336146738,7355.3516,2.7621446,1302.3016,0.9361774,8137.5093,3.1353579,0,,,,,1113.6281497843524,0.00029811432,584.5245336146738,0.00029893537,0.004907012,0.012578729
1439.5724731968608,8133.3936,3.133899,-0.0009876625,10181,1113.6283955901556,584.5249776495629,7348.9883,2.7608595,1301.0958,0.9355264,8133.3936,3.133899,0,,,,,1113.6283955901556,0.00029839927,584.5249776495629,0.0002990996,0.005606594,0.012817774
1439.593306720028,8135.1943,3.1352198,-0.0009874641,10182,1113.628372787768,584.524096325012,7353.723,2.762023,1302.8074,0.93568635,8135.1943,3.1352198,0,,,,,1113.628372787768,0.00029821493,584.524096325012,0.00029896482,0.005224822,0.012352428
1439.6141402435453,8129.2944,3.1351519,-0.0009872654,10183,1113.628704023899,584.5235714109724,7349.804,2.7619634,1301.5646,0.9364832,8129.2944,3.1351519,0,,,,,1113.628704023899,0.00029845466,584.5235714109724,0.00029912603,0.005351278,0.011802575
1439.634973767528,8137.4795,3.1351533,-0.0009870662,10184,1113.6285226607888,584.5231738890774,7356.2534,2.7619646,1299.7917,0.9355596,8137.4795,3.1351533,0,,,,,1113.6285226607888,0.00029837716,584.5231738890774,0.00029902597,0.0060938043,0.011165577
1439.6558072918601,8133.091,3.1339796,-0.0009868667,10185,1113.6291194826872,584.523606430506,7350.48,2.7609303,1299.7322,0.9350514,8133.091,3.1339796,0,,,,,1113.6291194826872,0.0002983531,584.523606430506,0.00029907675,0.006571544,0.011116137
1439.6766408165415,8132.6045,3.1344268,-0.0009866668,10186,1113.6283652553846,584.522872888846,7349.698,2.7613244,1301.1366,0.9356847,8132.6045,3.1344268,0,,,,,1113.6283652553846,0.0002984089,584.522872888846,0.00029926075,0.0056236912,0.010052682
1439.6974743416883,8139.6274,3.1349869,-0.0009864664,10187,1113.6288048650995,584.5232940499696,7359.2124,2.761818,1299.6282,0.93545425,8139.6274,3.1349869,0,,,,,1113.6288048650995,0.00029801865,584.5232940499696,0.00029872713,0.0064340103,0.011112357
1439.718307867069,8136.878,3.135226,-0.0009862658,10188,1113.6281253247148,584.5221590676076,7356.6763,2.7620285,1299.3276,0.9357753,8136.878,3.135226,0,,,,,1113.6281253247148,0.00029813647,584.5221590676076,0.0002989355,0.005184982,0.009996199
1439.7391413929142,8145.4277,3.1359806,-0.0009860648,10189,1113.628153339927,584.5218157827994,7364.7964,2.7626932,1299.0659,0.9353591,8145.4277,3.1359806,0,,,,,1113.628153339927,0.00029785442,584.5218157827994,0.00029873813,0.005281273,0.008863988
1439.7599749191083,8138.1797,3.1353414,-0.0009858634,10190,1113.6301481075798,584.5223969855967,7357.803,2.76213,1299.8691,0.93534553,8138.1797,3.1353414,0,,,,,1113.6301481075798,0.00029828364,584.5223969855967,0.000298873,0.006894227,0.010915282
1439.7808084456524,8134.467,3.1349192,-0.0009856616,10191,1113.6297307814073,584.5221020420439,7355.4062,2.761758,1300.9578,0.93569255,8134.467,3.1349192,0,,,,,1113.6297307814073,0.00029823236,584.5221020420439,0.0002988606,0.0065569878,0.009674911
1439.8016419725457,8144.044,3.1361268,-0.0009854595,10192,1113.6295191052354,584.5212691097281,7364.2075,2.7628222,1298.435,0.9345799,8144.044,3.1361268,0,,,,,1113.6295191052354,0.00029802218,584.5212691097281,0.00029879753,0.007183477,0.008690561
1439.822475499788,8134.0747,3.136766,-0.0009852571,10193,1113.6294479992757,584.5213360438297,7354.4814,2.763385,1301.2471,0.9362524,8134.0747,3.136766,0,,,,,1113.6294479992757,0.00029836516,584.5213360438297,0.00029935263,0.0069912323,0.008914895
1439.8433090272633,8132.341,3.1362522,-0.0009850544,10194,1113.6297034292013,584.5203204745615,7353.6167,2.7629325,1301.8645,0.93642974,8132.341,3.1362522,0,,,,,1113.6297034292013,0.00029830792,584.5203204745615,0.000299181,0.0066521587,0.008277988
1439.8641425552044,8134.3745,3.1343563,-0.0009848513,10195,1113.6299157112437,584.5212003277074,7355.6445,2.7612624,1299.0168,0.93481714,8134.3745,3.1343563,0,,,,,1113.6299157112437,0.00029828429,584.5212003277074,0.00029892277,0.0074172434,0.008445245
1439.8849760833787,8136.343,3.135311,-0.0009846479,10196,1113.6300844056013,584.5206409658907,7356.525,2.7621033,1301.2245,0.9359063,8136.343,3.135311,0,,,,,1113.6300844056013,0.00029835416,584.5206409658907,0.00029896005,0.007115149,0.007990606
1439.9058096119018,8136.067,3.135438,-0.0009844442,10197,1113.629832774592,584.5202855646893,7356.5903,2.7622154,1299.924,0.93599683,8136.067,3.135438,0,,,,,1113.629832774592,0.00029838952,584.5202855646893,0.00029908336,0.007766772,0.0074947216
1439.9266431407739,8136.939,3.134971,-0.0009842401,10198,1113.6286627371144,584.5201580592579,7358.096,2.7618034,1299.388,0.93540764,8136.939,3.134971,0,,,,,1113.6286627371144,0.0002981157,584.5201580592579,0.00029893886,0.0060709654,0.0071502803
1439.947476669879,8131.8247,3.134932,-0.0009840358,10199,1113.6295977337988,584.5200679136822,7354.455,2.7617695,1300.8499,0.9361798,8131.8247,3.134932,0,,,,,1113.6295977337988,0.00029832002,584.5200679136822,0.00029903336,0.007552044,0.0074677956
1439.9683101993328,8135.6157,3.1345732,-0.0009838311,10200,1113.6301519907172,584.5195589421985,7356.088,2.7614534,1298.8015,0.9351824,8135.6157,3.1345732,0,,,,,1113.6301519907172,0.00029819683,584.5195589421985,0.0002990201,0.007474011,0.00697659
1439.98914372902,8136.9634,3.1358035,-0.0009836262,10201,1113.6303258834273,584.5199492302858,7358.506,2.7625372,1298.612,0.93607354,8136.9634,3.1358035,0,,,,,1113.6303258834273,0.00029846668,584.5199492302858,0.00029898802,0.008181626,0.00706415
1440.0099772591727,8128.12,3.134972,-0.0009834209,10202,1113.6308246577016,584.5195369730649,7350.926,2.7618048,1300.3412,0.9352726,8128.12,3.134972,0,,,,,1113.6308246577016,0.00029872128,584.5195369730649,0.00029917655,0.008544047,0.0070179985
1440.0308107894427,8139.102,3.1350715,-0.0009832154,10203,1113.6311575036898,584.5189728685173,7360.7764,2.761892,1298.1702,0.93480366,8139.102,3.1350715,0,,,,,1113.6311575036898,0.00029816307,584.5189728685173,0.0002988277,0.00812899,0.006108958
1440.051644320062,8140.1772,3.135503,-0.0009830096,10204,1113.6303934052205,584.5176811707721,7362.6216,2.7622726,1298.3779,0.93516994,8140.1772,3.135503,0,,,,,1113.6303934052205,0.00029806173,584.5176811707721,0.00029883962,0.007689731,0.005223867
1440.0724778509125,8138.1924,3.1353087,-0.0009828035,10205,1113.6314606033711,584.5195304573595,7359.1772,2.7621014,1297.7012,0.93586606,8138.1924,3.1353087,0,,,,,1113.6314606033711,0.00029814697,584.5195304573595,0.00029897704,0.009004734,0.0067726155
1440.0933113821131,8131.6807,3.1344159,-0.0009825971,10206,1113.629862479799,584.5172713739722,7354.3784,2.7613146,1298.5972,0.93524826,8131.6807,3.1344159,0,,,,,1113.629862479799,0.00029828184,584.5172713739722,0.00029919363,0.0077612665,0.0041813273
1440.1141449135464,8135.784,3.1352606,-0.0009823905,10207,1113.6305036322312,584.5182516953568,7358.189,2.7620587,1298.2758,0.9355071,8135.784,3.1352606,0,,,,,1113.6305036322312,0.00029824727,584.5182516953568,0.0002990208,0.007840367,0.004985239
1440.1349784453291,8145.002,3.1369529,-0.0009821835,10208,1113.6311475160758,584.5185590422781,7366.6353,2.7635498,1296.4232,0.936392,8145.002,3.1369529,0,,,,,1113.6311475160758,0.00029810745,584.5185590422781,0.0002987952,0.008964466,0.005482459
1440.1558119772283,8137.4536,3.1355143,-0.0009819764,10209,1113.6306846853886,584.5174887619976,7360.3325,2.7622824,1296.9397,0.93495446,8137.4536,3.1355143,0,,,,,1113.6306846853886,0.0002982421,584.5174887619976,0.00029910597,0.008450197,0.0045671253
1440.1766455094764,8137.0454,3.1354709,-0.000981769,10210,1113.6314735778096,584.5172328210092,7360.284,2.7622442,1300.1909,0.9352065,8137.0454,3.1354709,0,,,,,1113.6314735778096,0.00029819369,584.5172328210092,0.00029900743,0.008649999,0.004758959
1440.1974790419583,8138.03,3.1351407,-0.0009815613,10211,1113.6312682046407,584.5177388617399,7360.8066,2.7619534,1298.627,0.93490654,8138.03,3.1351407,0,,,,,1113.6312682046407,0.0002981215,584.5177388617399,0.00029884445,0.008724273,0.0050445525
1440.2183125746724,8139.913,3.1356475,-0.0009813533,10212,1113.631228320443,584.5178861824558,7363.429,2.7624,1298.2883,0.9345269,8139.913,3.1356475,0,,,,,1113.631228320443,0.0002982863,584.5178861824558,0.00029881898,0.00918798,0.0045261923
1440.2391461077357,8139.8315,3.1346097,-0.0009811451,10213,1113.631312275713,584.5171365284298,7363.726,2.7614856,1295.6202,0.934219,8139.8315,3.1346097,0,,,,,1113.631312275713,0.0002979609,584.5171365284298,0.00029879,0.008845381,0.004388993
1440.2599796409152,8134.4585,3.1345153,-0.0009809367,10214,1113.631667527641,584.5167403219917,7359.3154,2.7614024,1297.8062,0.93488467,8134.4585,3.1345153,0,,,,,1113.631667527641,0.0002981889,584.5167403219917,0.00029886086,0.009209438,0.0035444868
1440.2808131744441,8136.116,3.1342778,-0.000980728,10215,1113.6317362739117,584.5167486569302,7360.496,2.7611933,1295.2378,0.93415505,8136.116,3.1342778,0,,,,,1113.6317362739117,0.00029810847,584.5167486569302,0.0002988877,0.008913912,0.0037076662
1440.301646708206,8136.42,3.1350849,-0.000980519,10216,1113.6322563190008,584.5164712203858,7360.509,2.761904,1297.84,0.93494076,8136.42,3.1350849,0,,,,,1113.6322563190008,0.0002982921,584.5164712203858,0.00029890612,0.009657303,0.0035716032
1440.3224802420839,8132.783,3.1339293,-0.0009803099,10217,1113.6318011432907,584.5158579789393,7357.5737,2.760886,1296.3768,0.93422127,8132.783,3.1339293,0,,,,,1113.6318011432907,0.0002981446,584.5158579789393,0.00029898353,0.009222946,0.003128675
1440.3433137763113,8132.7334,3.1351707,-0.0009801005,10218,1113.6312571225264,584.5162957187351,7358.662,2.7619798,1298.241,0.93601733,8132.7334,3.1351707,0,,,,,1113.6312571225264,0.0002982376,584.5162957187351,0.00029901235,0.00923723,0.0026650333
1440.3641473107716,8133.753,3.1343946,-0.0009798908,10219,1113.6319378790024,584.5159082499458,7358.7817,2.761296,1297.6008,0.93442446,8133.753,3.1343946,0,,,,,1113.6319378790024,0.00029821333,584.5159082499458,0.0002989409,0.00973905,0.0025920086
1440.3849808453488,8140.418,3.1370773,-0.000979681,10220,1113.631161478547,584.5153973193977,7364.696,2.7636592,1297.9331,0.93806195,8140.418,3.1370773,0,,,,,1113.631161478547,0.00029809572,584.5153973193977,0.00029895475,0.008832869,0.0020297244
1440.4058143802747,8130.7715,3.1352985,-0.0009794709,10221,1113.6313428642886,584.5150535231703,7356.864,2.7620924,1299.9053,0.93633485,8130.7715,3.1352985,0,,,,,1113.6313428642886,0.00029834223,584.5150535231703,0.00029901852,0.008982279,0.0023647472
1440.4266479153168,8134.5293,3.1360347,-0.0009792607,10222,1113.6320740646315,584.5154214757259,7360.378,2.7627409,1297.1926,0.93527144,8134.5293,3.1360347,0,,,,,1113.6320740646315,0.0002985948,584.5154214757259,0.00029905653,0.009509886,0.002075532
1440.4474814507084,8136.029,3.1350229,-0.0009790501,10223,1113.631514471904,584.5153607531348,7362.364,2.7618494,1296.9352,0.93457097,8136.029,3.1350229,0,,,,,1113.631514471904,0.00029816246,584.5153607531348,0.00029883898,0.00945743,0.002000173
1440.4683149862165,8128.3945,3.1339755,-0.0009788394,10224,1113.6326640640038,584.5154772803785,7354.738,2.7609267,1296.9384,0.93500054,8128.3945,3.1339755,0,,,,,1113.6326640640038,0.00029831022,584.5154772803785,0.00029904497,0.010411632,0.0020774691
1440.489148521957,8135.348,3.1344275,-0.0009786284,10225,1113.6317009978825,584.5142481642145,7361.2695,2.761325,1296.442,0.9343617,8135.348,3.1344275,0,,,,,1113.6317009978825,0.00029813632,584.5142481642145,0.00029893668,0.009870493,0.0010861953
1440.5099820578137,8137.535,3.1374414,-0.0009784173,10226,1113.6326141457846,584.5149680222816,7363.435,2.7639802,1295.736,0.9355769,8137.535,3.1374414,0,,,,,1113.6326141457846,0.00029823158,584.5149680222816,0.0002992761,0.009681696,0.0015046941
1440.5308155940209,8136.6675,3.1355531,-0.0009782059,10227,1113.6334624564208,584.5145260502858,7362.8105,2.7623167,1297.0969,0.9351498,8136.6675,3.1355531,0,,,,,1113.6334624564208,0.00029808833,584.5145260502858,0.00029886345,0.010631777,0.0010747492
1440.5516491303445,8135.948,3.1349728,-0.0009779944,10228,1113.6314730558943,584.5133493829619,7363.0586,2.7618055,1296.4347,0.9343108,8135.948,3.1349728,0,,,,,1113.6314730558943,0.0002980745,584.5133493829619,0.00029894698,0.009178944,0.00018690464
1440.5724826669,8140.6567,3.1362004,-0.0009777826,10229,1113.631761038342,584.5140917923659,7366.809,2.762887,1296.3212,0.9352576,8140.6567,3.1362004,0,,,,,1113.631761038342,0.00029820693,584.5140917923659,0.00029881744,0.0094840005,0.00062330585
1440.5933162036886,8137.6465,3.1351633,-0.0009775707,10230,1113.632769024858,584.5145584921429,7364.275,2.7619731,1296.2306,0.93386436,8137.6465,3.1351633,0,,,,,1113.632769024858,0.0002980651,584.5145584921429,0.00029898377,0.010123766,0.00028907627
1440.6141497405936,8139.597,3.1354382,-0.0009773585,10231,1113.6322912417338,584.5138190519887,7365.699,2.7622156,1297.1978,0.9346922,8139.597,3.1354382,0,,,,,1113.6322912417338,0.00029807267,584.5138190519887,0.0002987837,0.009940263,-0.0006228723
1440.6349832778476,8140.612,3.1358814,-0.0009771461,10232,1113.6322665430428,584.5137101760165,7367.201,2.762606,1298.1232,0.9345912,8140.612,3.1358814,0,,,,,1113.6322665430428,0.0002979926,584.5137101760165,0.0002988147,0.009842705,0.00020042012
1440.6558168151018,8134.638,3.1357079,-0.0009769336,10233,1113.6325032200054,584.5144094619052,7361.9814,2.762453,1297.6875,0.9359645,8134.638,3.1357079,0,,,,,1113.6325032200054,0.00029815943,584.5144094619052,0.00029898927,0.010478511,-0.0002536678
1440.6766503527053,8140.684,3.135645,-0.0009767208,10234,1113.6325629125604,584.5129726371856,7366.999,2.7623975,1296.0773,0.9343921,8140.684,3.135645,0,,,,,1113.6325629125604,0.00029809723,584.5129726371856,0.0002988593,0.010196701,-0.00024361041
1440.6974838903668,8140.949,3.1357872,-0.00097650796,10235,1113.632812924472,584.5126706850249,7367.8633,2.762523,1296.2878,0.9344392,8140.949,3.1357872,0,,,,,1113.632812924472,0.00029798647,584.5126706850249,0.0002987696,0.010177977,-0.0005543005
1440.718317428262,8142.6733,3.137447,-0.00097629486,10236,1113.6317188422856,584.5125530913982,7369.1675,2.7639852,1297.1097,0.93521684,8142.6733,3.137447,0,,,,,1113.6317188422856,0.00029831263,584.5125530913982,0.0002989919,0.009496576,-0.0011720194
1440.739150966331,8140.526,3.1355276,-0.0009760816,10237,1113.6329188786297,584.5121281979275,7368.1606,2.762294,1295.7826,0.93449175,8140.526,3.1355276,0,,,,,1113.6329188786297,0.0002979258,584.5121281979275,0.00029878152,0.01036131,-0.0015828206
1440.759984504633,8137.418,3.1357431,-0.0009758681,10238,1113.632974072355,584.5123474419371,7364.457,2.762484,1297.8528,0.93477815,8137.418,3.1357431,0,,,,,1113.632974072355,0.00029808856,584.5123474419371,0.0002988804,0.0104562305,-0.0013649521
1440.7808180430513,8142.9253,3.1378498,-0.00097565446,10239,1113.6321784766951,584.5128377376881,7368.846,2.7643402,1296.4126,0.9347816,8142.9253,3.1378498,0,,,,,1113.6321784766951,0.0002980282,584.5128377376881,0.00029916776,0.010168837,-0.0009817285
1440.8016515816441,8141.059,3.1357052,-0.00097544066,10240,1113.6321554071728,584.5119280850341,7368.1333,2.7624507,1295.1361,0.93481755,8141.059,3.1357052,0,,,,,1113.6321554071728,0.00029802302,584.5119280850341,0.0002987758,0.01027452,-0.0019270483
1440.82248512047,8142.751,3.1358106,-0.00097522663,10241,1113.6325818360874,584.5119626197052,7369.4365,2.7625434,1297.058,0.9342936,8142.751,3.1358106,0,,,,,1113.6325818360874,0.00029792552,584.5119626197052,0.00029884925,0.010311725,-0.0022123682
1440.8433186594123,8138.4834,3.135573,-0.0009750125,10242,1113.6330826188214,584.5125747321101,7366.0566,2.762334,1296.9811,0.9345028,8138.4834,3.135573,0,,,,,1113.6330826188214,0.00029812,584.5125747321101,0.00029886037,0.010753913,-0.0016658171
1440.864152198529,8146.085,3.1361744,-0.00097479817,10243,1113.6315678966516,584.5115991920629,7372.82,2.7628639,1296.0557,0.93425703,8146.085,3.1361744,0,,,,,1113.6315678966516,0.0002978521,584.5115991920629,0.00029863376,0.009428975,-0.0026462362
1440.8849857378211,8140.7725,3.135879,-0.0009745837,10244,1113.633218216253,584.5115298857158,7368.435,2.762604,1297.6459,0.9349884,8140.7725,3.135879,0,,,,,1113.633218216253,0.00029799578,584.5115298857158,0.00029883545,0.010487679,-0.0022024834
1440.905819277288,8141.9316,3.1367695,-0.000974369,10245,1113.633155803444,584.5110807086741,7369.8745,2.7633884,1296.5687,0.9345188,8141.9316,3.1367695,0,,,,,1113.633155803444,0.000298168,584.5110807086741,0.00029886788,0.010689184,-0.0028813907
1440.9266528169285,8137.685,3.1372,-0.00097415416,10246,1113.63305148293,584.5119934738793,7365.402,2.7637677,1297.5366,0.9354497,8137.685,3.1372,0,,,,,1113.63305148293,0.00029809718,584.5119934738793,0.00029929524,0.010680303,-0.002287166
1440.9474863567439,8137.63,3.1355643,-0.00097393914,10247,1113.6326596195106,584.511063601671,7365.789,2.7623267,1297.0771,0.9345082,8137.63,3.1355643,0,,,,,1113.6326596195106,0.00029812317,584.511063601671,0.00029897215,0.010432606,-0.002966598
1440.968319896675,8138.6772,3.1354742,-0.000973724,10248,1113.6330913809736,584.5105495550378,7366.2915,2.7622473,1297.8207,0.9342632,8138.6772,3.1354742,0,,,,,1113.6330913809736,0.00029821365,584.5105495550378,0.0002989219,0.010692414,-0.0031964465
1440.9891534367814,8132.2344,3.1351738,-0.0009735087,10249,1113.6326618469388,584.5107311152185,7361.2295,2.7619824,1297.0924,0.93515515,8132.2344,3.1351738,0,,,,,1113.6326618469388,0.00029822497,584.5107311152185,0.0002990241,0.010019071,-0.0036226404
1441.0099869770622,8143.191,3.1360457,-0.0009732932,10250,1113.6334219433054,584.5112514348459,7370.5913,2.7627504,1295.9667,0.93453234,8143.191,3.1360457,0,,,,,1113.6334219433054,0.00029794936,584.5112514348459,0.0002986372,0.010911149,-0.0030705188
1441.0516540580322,8143.2827,3.1366427,-0.00097286183,10252,1113.6319479415474,584.5088490753894,7360.52,2.7632763,1296.9355,0.9357403,8143.2827,3.1366427,0,,,,,1113.6319479415474,0.0002983975,584.5088490753894,0.00029990549,0.009984683,-0.0062973495
1441.0724875987796,8145.3677,3.1353383,-0.0009726459,10253,1113.6325685135191,584.5089212099256,7362.4,2.7621274,1297.8727,0.9346505,8145.3677,3.1353383,0,,,,,1113.6325685135191,0.00029846802,584.5089212099256,0.00029972196,0.010319714,-0.006302536
1441.1349882218344,8139.0073,3.1333919,-0.0009719972,10256,1113.6331548413457,584.5095462812707,7351.632,2.7604127,1298.7523,0.9346022,8139.0073,3.1333919,0,,,,,1113.6331548413457,0.00029884855,584.5095462812707,0.00030006256,0.011676599,-0.005169784
1441.1766553046666,8142.4424,3.1346517,-0.000971564,10258,1113.6317390084305,584.5078229668696,7360.7666,2.7615225,1296.6729,0.9344633,8142.4424,3.1346517,0,,,,,1113.6317390084305,0.00029843787,584.5078229668696,0.00029965444,0.009833212,-0.007463901
1441.197488846228,8141.1987,3.1344159,-0.0009713472,10259,1113.6337263230819,584.5087714484763,7358.2666,2.7613146,1295.5822,0.9342606,8141.1987,3.1344159,0,,,,,1113.6337263230819,0.00029859348,584.5087714484763,0.00029982263,0.012026556,-0.0058428217
1441.218322387965,8143.5938,3.1353052,-0.00097113027,10260,1113.6336994170945,584.5080352225524,7366.71,2.7620983,1295.2095,0.9345132,8143.5938,3.1353052,0,,,,,1113.6336994170945,0.00029812267,584.5080352225524,0.00029919768,0.010991469,-0.006317119
1441.2391559298765,8135.969,3.1344225,-0.00097091316,10261,1113.6332096172164,584.5088163769274,7359.4604,2.7613206,1297.484,0.93446445,8135.969,3.1344225,0,,,,,1113.6332096172164,0.00029826383,584.5088163769274,0.00029931942,0.011018353,-0.0051671485
1441.2808230140472,8142.7104,3.1349328,-0.0009704786,10263,1113.6331604323457,584.5082961089701,7359.0215,2.7617702,1295.6271,0.93542266,8142.7104,3.1349328,0,,,,,1113.6331604323457,0.00029851877,584.5082961089701,0.00029976317,0.011621984,-0.0061049666
1441.3016565563655,8132.4893,3.1332748,-0.00097026106,10264,1113.6327307805695,584.5065832929022,7348.678,2.7603092,1298.0822,0.9351906,8132.4893,3.1332748,0,,,,,1113.6327307805695,0.000298745,584.5065832929022,0.00030008671,0.010219554,-0.008338803
1441.3224900988,8143.7036,3.134364,-0.0009700434,10265,1113.634097055013,584.5089254713489,7358.7036,2.761269,1295.5411,0.9343757,8143.7036,3.134364,0,,,,,1113.634097055013,0.00029849855,584.5089254713489,0.0002996977,0.012221268,-0.0052498314
1441.3433236413512,8137.5254,3.1353247,-0.00096982566,10266,1113.63385041355,584.5084566103498,7361.927,2.7621152,1295.5237,0.9348705,8137.5254,3.1353247,0,,,,,1113.63385041355,0.0002984319,584.5084566103498,0.00029943386,0.011369371,-0.0064432565
1441.3641571840187,8138.3066,3.134887,-0.0009696078,10267,1113.6324467789411,584.5070855742512,7357.2993,2.7617297,1296.332,0.9348231,8138.3066,3.134887,0,,,,,1113.6324467789411,0.00029860702,584.5070855742512,0.0002999762,0.010657582,-0.007946963
1441.3849907268616,8129.8013,3.133989,-0.00096938974,10268,1113.6331105131758,584.5076264503973,7355.263,2.760939,1296.5527,0.9345732,8129.8013,3.133989,0,,,,,1113.6331105131758,0.00029840655,584.5076264503973,0.00029952993,0.011147041,-0.0072980896
1441.4058242698206,8137.613,3.1348157,-0.0009691716,10269,1113.6331413450048,584.5084621064449,7357.789,2.7616668,1294.5168,0.9342443,8137.613,3.1348157,0,,,,,1113.6331413450048,0.00029888868,584.5084621064449,0.0002997794,0.011882013,-0.006559763
1441.4266578128957,8131.3467,3.1339154,-0.0009689533,10270,1113.6324567059535,584.5061450058621,7355.503,2.760874,1295.9476,0.93505,8131.3467,3.1339154,0,,,,,1113.6324567059535,0.0002983745,584.5061450058621,0.0002996258,0.010148073,-0.008950597
1441.4474913560869,8134.158,3.1329427,-0.0009687349,10271,1113.6341488891571,584.5082763866659,7347.3174,2.760017,1297.3185,0.9349192,8134.158,3.1329427,0,,,,,1113.6341488891571,0.00029891887,584.5082763866659,0.00030036157,0.012225056,-0.006073255
1441.4683248993947,8132.8877,3.133597,-0.0009685164,10272,1113.6319942900518,584.5058153301081,7352.135,2.7605934,1297.5813,0.934945,8132.8877,3.133597,0,,,,,1113.6319942900518,0.00029862067,584.5058153301081,0.0003001106,0.00940506,-0.010151261
1441.4891584428772,8129.0117,3.1331823,-0.0009682977,10273,1113.6340017112127,584.5083099475243,7347.8667,2.760228,1296.8384,0.9351774,8129.0117,3.1331823,0,,,,,1113.6340017112127,0.0002988637,584.5083099475243,0.00030005118,0.012791791,-0.0063805757
1441.5099919864176,8131.0747,3.1345122,-0.00096807897,10274,1113.6322446257443,584.5060869852153,7350.4272,2.7613995,1296.0021,0.9355022,8131.0747,3.1345122,0,,,,,1113.6322446257443,0.00029888834,584.5060869852153,0.0003001983,0.010681552,-0.009084967
1441.530825530133,8132.326,3.134157,-0.00096786005,10275,1113.633848086455,584.5069697766545,7358.4478,2.7610867,1295.0997,0.9341878,8132.326,3.134157,0,,,,,1113.633848086455,0.0002983233,584.5069697766545,0.0002995396,0.011474809,-0.00778015
1441.5516590739653,8135.299,3.135302,-0.000967641,10276,1113.6322461048749,584.5048097433805,7360.957,2.7620952,1296.3936,0.935186,8135.299,3.135302,0,,,,,1113.6322461048749,0.0002984524,584.5048097433805,0.00029951194,0.009884613,-0.010407602
1441.572492617914,8134.3716,3.1343718,-0.00096742186,10277,1113.6334854201036,584.5067031854958,7354.218,2.761276,1296.1422,0.9346655,8134.3716,3.1343718,0,,,,,1113.6334854201036,0.0002986612,584.5067031854958,0.00030007286,0.011203107,-0.008770118
1441.5933261619202,8129.25,3.133679,-0.00096720265,10278,1113.632360258602,584.5059656647243,7353.8306,2.7606654,1297.2537,0.9343971,8129.25,3.133679,0,,,,,1113.632360258602,0.0002983542,584.5059656647243,0.0002998095,0.010190596,-0.009271199
1441.6141597061012,8132.6255,3.133786,-0.00096698327,10279,1113.6340755085607,584.5073618426609,7354.201,2.7607598,1296.4224,0.93438745,8132.6255,3.133786,0,,,,,1113.6340755085607,0.00029873828,584.5073618426609,0.00029978805,0.01190702,-0.008391229
1441.6349932503983,8134.1826,3.1342947,-0.00096676376,10280,1113.6320607386785,584.5049184294345,7359.083,2.7612078,1295.5929,0.9338407,8134.1826,3.1342947,0,,,,,1113.6320607386785,0.00029834622,584.5049184294345,0.00029967647,0.00963391,-0.010689087
1441.655826794754,8129.2417,3.1337028,-0.0009665442,10281,1113.6343542914626,584.5072759375399,7354.072,2.7606866,1295.8226,0.93448025,8129.2417,3.1337028,0,,,,,1113.6343542914626,0.00029867023,584.5072759375399,0.00029970196,0.0118609145,-0.007776876
1441.6766603392841,8134.0825,3.1350152,-0.0009663245,10282,1113.6315787843384,584.504163956006,7361.8706,2.761843,1296.5171,0.9346528,8134.0825,3.1350152,0,,,,,1113.6315787843384,0.00029823458,584.504163956006,0.00029952414,0.009639842,-0.01182416
1441.6974938838723,8132.152,3.1339192,-0.0009661047,10283,1113.6329146311064,584.5057810082583,7355.4946,2.7608774,1296.4618,0.9346277,8132.152,3.1339192,0,,,,,1113.6329146311064,0.00029851907,584.5057810082583,0.0002997588,0.010945282,-0.009055177
1441.718327428636,8140.1606,3.1364584,-0.0009658847,10284,1113.6335485519635,584.505602489846,7365.46,2.7631142,1296.7363,0.9363079,8140.1606,3.1364584,0,,,,,1113.6335485519635,0.00029823778,584.505602489846,0.00029942315,0.011017429,-0.009139794
1441.739160973458,8134.067,3.1342313,-0.0009656647,10285,1113.6342473877066,584.5071004583458,7358.5312,2.761152,1295.0303,0.9336463,8134.067,3.1342313,0,,,,,1113.6342473877066,0.00029844596,584.5071004583458,0.0002996497,0.01233953,-0.008190853
1441.7599945183954,8136.64,3.135667,-0.00096544455,10286,1113.631708946616,584.503611380053,7365.082,2.7624168,1296.4104,0.9350923,8136.64,3.135667,0,,,,,1113.631708946616,0.00029816615,584.503611380053,0.0002993934,0.009434452,-0.011549451
1441.7808280634495,8133.514,3.134557,-0.0009652243,10287,1113.6342533580882,584.5059944295938,7362.5356,2.7614393,1294.1812,0.93382573,8133.514,3.134557,0,,,,,1113.6342533580882,0.00029824517,584.5059944295938,0.00029927798,0.011777759,-0.008786856
1441.80166160862,8139.058,3.13526,-0.0009650039,10288,1113.6313706064902,584.5027641144138,7364.523,2.7620585,1294.8995,0.9340383,8139.058,3.13526,0,,,,,1113.6313706064902,0.00029817355,584.5027641144138,0.00029968773,0.009255504,-0.013264903
1441.8224951539066,8133.7744,3.1347053,-0.0009647834,10289,1113.6323084322757,584.5041208522192,7360.1187,2.7615697,1296.6294,0.9345412,8133.7744,3.1347053,0,,,,,1113.6323084322757,0.00029835716,584.5041208522192,0.00029961218,0.010366327,-0.011363219
1441.8433286992517,8134.1167,3.1343946,-0.0009645629,10290,1113.6332670626236,584.5054378314503,7362.5693,2.7612963,1294.7699,0.93391454,8134.1167,3.1343946,0,,,,,1113.6332670626236,0.00029823906,584.5054378314503,0.0002992596,0.01117704,-0.009749809
1441.8641622447133,8135.696,3.1352785,-0.0009643422,10291,1113.6335968904245,584.5047196404232,7365.0913,2.7620745,1295.9181,0.9344047,8135.696,3.1352785,0,,,,,1113.6335968904245,0.0002981814,584.5047196404232,0.00029933397,0.011197191,-0.010787433
1441.884995790292,8141.685,3.136924,-0.0009641214,10292,1113.6325118502523,584.5040415695379,7366.1777,2.7635245,1295.1418,0.9359558,8141.685,3.136924,0,,,,,1113.6325118502523,0.00029838667,584.5040415695379,0.00029966992,0.010884115,-0.011699039
1441.9058293359867,8131.5327,3.1357136,-0.00096390053,10293,1113.6332718220635,584.5044619916364,7359.132,2.762458,1296.9062,0.9347275,8131.5327,3.1357136,0,,,,,1113.6332718220635,0.0002984454,584.5044619916364,0.0002997756,0.010904902,-0.010567047
1441.9266628817393,8140.781,3.1364832,-0.0009636796,10294,1113.6327223021535,584.5031993743603,7368.6855,2.7631361,1296.978,0.9349458,8140.781,3.1364832,0,,,,,1113.6327223021535,0.00029810466,584.5031993743603,0.0002993619,0.010142774,-0.012061654
1441.9474964276083,8138.218,3.136199,-0.0009634585,10295,1113.632540790365,584.5037184310352,7366.1196,2.7628858,1294.2655,0.93496233,8138.218,3.136199,0,,,,,1113.632540790365,0.00029815614,584.5037184310352,0.000299381,0.010494518,-0.011747089
1441.968329973594,8138.102,3.137208,-0.0009632373,10296,1113.6325769363596,584.5037803499247,7365.6094,2.7637744,1295.454,0.93479306,8138.102,3.137208,0,,,,,1113.6325769363596,0.0002983744,584.5037803499247,0.00029974646,0.010376148,-0.012198884
1441.989163519696,8134.598,3.1364298,-0.000963016,10297,1113.6337747919297,584.5027138994525,7364.45,2.763089,1298.1519,0.9358978,8134.598,3.1364298,0,,,,,1113.6337747919297,0.0002983195,584.5027138994525,0.00029945472,0.010721087,-0.012503908
1442.009997065856,8132.989,3.1350255,-0.00096279464,10298,1113.6324295248824,584.5033624589943,7360.8853,2.761852,1295.8038,0.9345167,8132.989,3.1350255,0,,,,,1113.6324295248824,0.0002983363,584.5033624589943,0.00029968904,0.010035103,-0.012633765
1442.0308306121321,8131.6035,3.1351774,-0.00096257316,10299,1113.633410783798,584.5030301644242,7359.021,2.7619858,1295.5668,0.9341048,8131.6035,3.1351774,0,,,,,1113.633410783798,0.00029844558,584.5030301644242,0.0002999327,0.010876924,-0.012300712
1442.0516641584675,8135.333,3.1362991,-0.0009623516,10300,1113.6322411680212,584.5027843293974,7364.976,2.7629738,1295.2804,0.93522024,8135.333,3.1362991,0,,,,,1113.6322411680212,0.00029827788,584.5027843293974,0.000299548,0.010020969,-0.012814666
1442.0724977049192,8136.9473,3.1357195,-0.00096212997,10301,1113.633292059041,584.503159223686,7365.766,2.7624633,1295.1948,0.9345652,8136.9473,3.1357195,0,,,,,1113.633292059041,0.00029815998,584.503159223686,0.00029936532,0.010694584,-0.012340656
1442.0933312514865,8135.317,3.136585,-0.0009619082,10302,1113.633190518685,584.5027409487375,7365.522,2.7632256,1295.397,0.93470883,8135.317,3.136585,0,,,,,1113.633190518685,0.0002982115,584.5027409487375,0.00029957978,0.010489882,-0.012883684
1442.1141647981121,8135.2983,3.1353405,-0.00096168637,10303,1113.632875673863,584.5027821434234,7365.937,2.7621293,1295.3136,0.93440175,8135.2983,3.1353405,0,,,,,1113.632875673863,0.0002980913,584.5027821434234,0.00029923915,0.010402705,-0.012954511
1442.1349983448542,8132.4277,3.1352663,-0.0009614644,10304,1113.6332508680593,584.5030903349797,7360.901,2.7620642,1298.5802,0.93514824,8132.4277,3.1352663,0,,,,,1113.6332508680593,0.00029817934,584.5030903349797,0.00029947434,0.010678847,-0.012448128
1442.1558318916543,8137.829,3.136413,-0.0009612424,10305,1113.6323027272335,584.5020575252636,7367.9995,2.7630744,1296.5767,0.93428504,8137.829,3.136413,0,,,,,1113.6323027272335,0.00029832858,584.5020575252636,0.00029941185,0.009719031,-0.013802242
1442.176665438571,8135.5254,3.135619,-0.0009610203,10306,1113.6330353598119,584.5020683156444,7364.9805,2.7623746,1295.8947,0.93508625,8135.5254,3.135619,0,,,,,1113.6330353598119,0.000298225,584.5020683156444,0.00029934954,0.010613077,-0.013684043
1442.197498985546,8139.973,3.1359107,-0.0009607981,10307,1113.6330232596288,584.5020144432607,7369.2383,2.7626314,1294.2809,0.93472326,8139.973,3.1359107,0,,,,,1113.6330232596288,0.00029798874,584.5020144432607,0.00029934137,0.010358289,-0.013875504
1442.218332532638,8137.4087,3.1358168,-0.0009605758,10308,1113.632870787366,584.5015480284441,7365.0786,2.7625487,1296.9872,0.93586564,8137.4087,3.1358168,0,,,,,1113.632870787366,0.0002982655,584.5015480284441,0.0002995602,0.010741919,-0.014494298
1442.2391660797887,8133.9336,3.135277,-0.00096035347,10309,1113.6336868280064,584.5018382587574,7365.034,2.7620733,1294.9169,0.93429404,8133.9336,3.135277,0,,,,,1113.6336868280064,0.00029818332,584.5018382587574,0.00029941494,0.010708966,-0.014332536
1442.2599996270546,8133.593,3.1349325,-0.000960131,10310,1113.632846866947,584.5014248811212,7364.2646,2.7617698,1295.0305,0.9341568,8133.593,3.1349325,0,,,,,1113.632846866947,0.00029818434,584.5014248811212,0.0002993343,0.010238885,-0.014501433
1442.280833174437,8139.5835,3.136046,-0.0009599084,10311,1113.6331083451016,584.5014379395368,7368.3354,2.7627509,1296.4236,0.9347885,8139.5835,3.136046,0,,,,,1113.6331083451016,0.00029802445,584.5014379395368,0.00029937722,0.010420989,-0.014646617
1442.3016667218192,8139.3086,3.1361017,-0.0009596858,10312,1113.6324652018368,584.5005399118705,7367.9434,2.7628,1294.6818,0.934968,8139.3086,3.1361017,0,,,,,1113.6324652018368,0.0002982473,584.5005399118705,0.00029948546,0.010304428,-0.015146611
1442.322500269318,8138.193,3.1363964,-0.0009594631,10313,1113.6319603557492,584.4998711219647,7369.7393,2.7630594,1297.1765,0.93461454,8138.193,3.1363964,0,,,,,1113.6319603557492,0.00029797645,584.4998711219647,0.00029935234,0.008727901,-0.0165936
1442.3433338169332,8131.692,3.1351674,-0.0009592403,10314,1113.6326583634625,584.5010741684308,7364.0425,2.7619767,1296.0215,0.93446517,8131.692,3.1351674,0,,,,,1113.6326583634625,0.00029816452,584.5010741684308,0.0002994877,0.010329486,-0.015274192
1442.3641673646064,8140.537,3.1362963,-0.00095901743,10315,1113.6327056594764,584.5005995873927,7371.7593,2.7629712,1295.7036,0.93483055,8140.537,3.1362963,0,,,,,1113.6327056594764,0.0002978899,584.5005995873927,0.00029922213,0.009910393,-0.015518328
1442.385000912397,8138.903,3.1378427,-0.00095879444,10316,1113.6329309636726,584.4998760837531,7368.883,2.7643335,1294.8137,0.9345813,8138.903,3.1378427,0,,,,,1113.6329309636726,0.00029820262,584.4998760837531,0.00029973642,0.010338592,-0.015629282
1442.4058344601874,8137.4263,3.1365776,-0.00095857144,10317,1113.632856477856,584.5002382086568,7368.715,2.763219,1296.6907,0.9356324,8137.4263,3.1365776,0,,,,,1113.632856477856,0.00029817465,584.5002382086568,0.00029945167,0.010066771,-0.015737662
1442.4266680081523,8136.154,3.1372643,-0.0009583483,10318,1113.633689768567,584.5011856898085,7366.7847,2.763824,1298.275,0.9361591,8136.154,3.1372643,0,,,,,1113.633689768567,0.00029819386,584.5011856898085,0.00029955694,0.011112151,-0.014967068
1442.4475015561168,8137.387,3.1360674,-0.0009581251,10319,1113.633159376494,584.4997623575541,7368.238,2.7627697,1294.723,0.933984,8137.387,3.1360674,0,,,,,1113.633159376494,0.0002981178,584.4997623575541,0.0002994966,0.010296908,-0.01594422
1442.4683351041974,8145.841,3.1365528,-0.0009579018,10320,1113.6321097016278,584.499368255291,7375.7393,2.7631974,1295.6902,0.934362,8145.841,3.1365528,0,,,,,1113.6321097016278,0.0002978362,584.499368255291,0.00029922117,0.009427526,-0.01675671
1442.4891686523365,8138.448,3.1368158,-0.0009576785,10321,1113.6325427412073,584.4998152379891,7368.0444,2.763429,1295.9902,0.93538886,8138.448,3.1368158,0,,,,,1113.6325427412073,0.00029832634,584.4998152379891,0.00029947018,0.010319794,-0.016332783
1442.510002200592,8140.0566,3.135944,-0.000957455,10322,1113.6320785377393,584.499299213181,7370.2656,2.762661,1295.1007,0.93430346,8140.0566,3.135944,0,,,,,1113.6320785377393,0.00029787558,584.499299213181,0.00029944672,0.009670029,-0.01800671
1442.5308357488473,8143.289,3.136235,-0.00095723156,10323,1113.6338273663214,584.5002348393155,7373.3467,2.7629173,1294.5459,0.93424803,8143.289,3.136235,0,,,,,1113.6338273663214,0.0002977792,584.5002348393155,0.00029926735,0.010999096,-0.015748437
1442.551669297278,8136.0635,3.1359377,-0.0009570079,10324,1113.6324417270591,584.4998412199543,7368.413,2.7626553,1295.6195,0.93548375,8136.0635,3.1359377,0,,,,,1113.6324417270591,0.00029811135,584.4998412199543,0.00029920132,0.010367352,-0.016577745
1442.5725028457096,8136.7495,3.1351612,-0.0009567843,10325,1113.6328340594043,584.4987141164129,7369.004,2.7619712,1293.8063,0.9338545,8136.7495,3.1351612,0,,,,,1113.6328340594043,0.00029802154,584.4987141164129,0.0002993116,0.009875,-0.017953103
1442.593336394256,8134.097,3.1360319,-0.00095656054,10326,1113.6329074422606,584.49916486091,7365.708,2.7627385,1294.7937,0.9357166,8134.097,3.1360319,0,,,,,1113.6329074422606,0.0002981105,584.49916486091,0.00029951837,0.00990958,-0.017584022
1442.6141699428024,8139.9,3.1352959,-0.0009563368,10327,1113.6324514736355,584.4988823880242,7370.3096,2.76209,1294.0791,0.93336934,8139.9,3.1352959,0,,,,,1113.6324514736355,0.00029793015,584.4988823880242,0.0002993441,0.009997282,-0.017575983
1442.6350034915235,8138.3516,3.136523,-0.00095611287,10328,1113.6331549285153,584.498948473335,7369.9487,2.7631712,1293.6234,0.93393224,8138.3516,3.136523,0,,,,,1113.6331549285153,0.00029802814,584.498948473335,0.00029949914,0.0107177105,-0.017596971
1442.6558370402447,8145.4546,3.1375473,-0.00095588894,10329,1113.6323057436396,584.4987376374878,7377.2095,2.7640734,1292.9135,0.93372196,8145.4546,3.1375473,0,,,,,1113.6323057436396,0.00029774278,584.4987376374878,0.0002992492,0.0092883855,-0.017714886
1442.676670589082,8138.212,3.1356637,-0.0009556649,10330,1113.63233457918,584.500137137762,7369.9893,2.762414,1293.5543,0.9346993,8138.212,3.1356637,0,,,,,1113.63233457918,0.00029800055,584.500137137762,0.00029932358,0.009690486,-0.017046021
1442.6975041379196,8138.618,3.1353314,-0.00095544086,10331,1113.632288736789,584.4980223215941,7371.649,2.7621214,1293.0375,0.9336515,8138.618,3.1353314,0,,,,,1113.632288736789,0.00029785873,584.4980223215941,0.00029928447,0.009314902,-0.018371511
1442.718337686875,8138.6475,3.1350546,-0.0009552167,10332,1113.6323707668148,584.498499948221,7371.3564,2.7618775,1293.4669,0.93355864,8138.6475,3.1350546,0,,,,,1113.6323707668148,0.00029783024,584.498499948221,0.00029920755,0.010141912,-0.017814795
1442.7391712358879,8138.1704,3.1354127,-0.0009549925,10333,1113.6329942505129,584.4988430929241,7370.9043,2.762193,1291.9393,0.9334357,8138.1704,3.1354127,0,,,,,1113.6329942505129,0.00029801103,584.4988430929241,0.00029925175,0.010801034,-0.017702369
1442.7600047850162,8138.409,3.1351352,-0.00095476815,10334,1113.6318108650792,584.4987234695619,7371.4463,2.7619483,1293.5751,0.933436,8138.409,3.1351352,0,,,,,1113.6318108650792,0.0002977959,584.4987234695619,0.00029919378,0.009758771,-0.018722232
1442.7808383341448,8139.108,3.136735,-0.0009545438,10335,1113.6321146324065,584.4979760485331,7371.708,2.7633579,1294.0533,0.9340501,8139.108,3.136735,0,,,,,1113.6321146324065,0.00029789223,584.4979760485331,0.00029941034,0.008719281,-0.018334612
1442.8016718833899,8141.024,3.1351838,-0.0009543194,10336,1113.632431213482,584.4983267894673,7374.232,2.7619913,1290.9489,0.9334916,8141.024,3.1351838,0,,,,,1113.632431213482,0.00029759304,584.4983267894673,0.0002989929,0.009603472,-0.018637994
1442.8225054326936,8142.4595,3.1351876,-0.00095409487,10337,1113.6322764849554,584.4977628589623,7375.3887,2.7619946,1290.0322,0.9328875,8142.4595,3.1351876,0,,,,,1113.6322764849554,0.00029761833,584.4977628589623,0.00029909398,0.009874845,-0.019112233
1442.8433389819968,8138.316,3.135819,-0.00095387036,10338,1113.6318675640694,584.4971367432427,7372.4644,2.7625508,1293.5298,0.9334772,8138.316,3.135819,0,,,,,1113.6318675640694,0.00029774374,584.4971367432427,0.00029923132,0.009029149,-0.019565988
1442.8641725314162,8137.386,3.1353793,-0.00095364574,10339,1113.6324415690485,584.4974775457404,7369.9507,2.7621636,1291.6617,0.93351173,8137.386,3.1353793,0,,,,,1113.6324415690485,0.00029803097,584.4974775457404,0.00029934614,0.009314765,-0.019232716
1442.8850060808948,8143.527,3.1372786,-0.00095342105,10340,1113.632770695993,584.4967425292862,7376.21,2.7638369,1291.1191,0.933764,8143.527,3.1372786,0,,,,,1113.632770695993,0.0002977537,584.4967425292862,0.00029939524,0.0098820785,-0.019596523
1442.9058396304315,8137.5654,3.1353436,-0.0009531963,10341,1113.6326497922319,584.4974690526311,7371.5186,2.762132,1290.9645,0.9339505,8137.5654,3.1353436,0,,,,,1113.6326497922319,0.000297883,584.4974690526311,0.0002992143,0.00974842,-0.019576432
1442.9266731800838,8138.53,3.1350858,-0.00095297146,10342,1113.6316763383988,584.4975839175462,7372.54,2.761905,1292.2172,0.93324524,8138.53,3.1350858,0,,,,,1113.6316763383988,0.00029784677,584.4975839175462,0.00029924788,0.009052287,-0.01976963
1442.9475067297362,8140.967,3.136221,-0.0009527466,10343,1113.6328299736995,584.4976353919324,7373.98,2.762905,1291.6626,0.9334659,8140.967,3.136221,0,,,,,1113.6328299736995,0.00029807162,584.4976353919324,0.0002992166,0.009856958,-0.019706422
1442.9683402794476,8135.3955,3.1349611,-0.0009525217,10344,1113.6317866709605,584.4966967265466,7368.964,2.7617953,1291.5123,0.93424225,8135.3955,3.1349611,0,,,,,1113.6317866709605,0.00029785596,584.4966967265466,0.000299364,0.009243579,-0.02031795
1442.9891738292747,8135.999,3.1351109,-0.00095229666,10345,1113.632654532319,584.4965258973413,7371.1,2.7619271,1291.9365,0.93315536,8135.999,3.1351109,0,,,,,1113.632654532319,0.00029787817,584.4965258973413,0.00029926823,0.00998474,-0.020376466
1443.0100073791016,8140.8213,3.1350653,-0.0009520716,10346,1113.6322442900841,584.4969582671114,7374.669,2.7618868,1290.3275,0.9325187,8140.8213,3.1350653,0,,,,,1113.6322442900841,0.00029770288,584.4969582671114,0.00029903854,0.009642196,-0.020224752
1443.030840928987,8136.9067,3.1348252,-0.00095184654,10347,1113.632542755133,584.4962506100535,7371.075,2.7616754,1290.2294,0.9330288,8136.9067,3.1348252,0,,,,,1113.632542755133,0.00029781033,584.4962506100535,0.00029920897,0.009817777,-0.020682527
1443.0516744789893,8136.522,3.135211,-0.00095162133,10348,1113.6310290518597,584.496375122617,7371.2534,2.762015,1290.2587,0.9346427,8136.522,3.135211,0,,,,,1113.6310290518597,0.00029785844,584.496375122617,0.00029926823,0.008863513,-0.020803094
1443.0725080289924,8137.702,3.1348999,-0.0009513961,10349,1113.6324670092276,584.4958650228049,7371.433,2.7617412,1289.8696,0.93413913,8137.702,3.1348999,0,,,,,1113.6324670092276,0.00029782986,584.4958650228049,0.00029926942,0.009433313,-0.02097287
1443.093341579052,8141.87,3.1357486,-0.00095117086,10350,1113.6319194686382,584.4961496583555,7375.3354,2.762489,1290.7135,0.93306786,8141.87,3.1357486,0,,,,,1113.6319194686382,0.00029776886,584.4961496583555,0.00029921075,0.008805986,-0.020972446
1443.1141751292284,8135.665,3.1356363,-0.0009509455,10351,1113.632187981564,584.4954013858774,7371.751,2.76239,1290.1876,0.9348472,8135.665,3.1356363,0,,,,,1113.632187981564,0.00029775227,584.4954013858774,0.0002992014,0.009021924,-0.02165558
1443.1350086794048,8137.651,3.136696,-0.0009507201,10352,1113.632561910767,584.495325773277,7371.908,2.7633235,1289.8691,0.9331936,8137.651,3.136696,0,,,,,1113.632561910767,0.0002978928,584.495325773277,0.00029952198,0.00928452,-0.021201987
1443.1558422296391,8136.8496,3.1345909,-0.00095049466,10353,1113.6330014286266,584.4951195855317,7372.0376,2.7614691,1288.0187,0.933164,8136.8496,3.1345909,0,,,,,1113.6330014286266,0.0002977633,584.4951195855317,0.00029918837,0.009696837,-0.021762023
1443.1766757799326,8135.1465,3.1350517,-0.00095026917,10354,1113.6318667004496,584.4961314498456,7370.4487,2.761875,1289.7211,0.9327066,8135.1465,3.1350517,0,,,,,1113.6318667004496,0.00029777532,584.4961314498456,0.00029937288,0.009247419,-0.021549368
1443.1975093302833,8137.696,3.134634,-0.0009500436,10355,1113.63113259362,584.495302656197,7373.405,2.761507,1288.6276,0.9326472,8137.696,3.134634,0,,,,,1113.63113259362,0.00029767663,584.495302656197,0.00029917655,0.008901867,-0.022370098
1443.2183428806932,8136.191,3.1366153,-0.000949818,10356,1113.6321292599946,584.495269471045,7371.343,2.7632523,1289.6892,0.9332862,8136.191,3.1366153,0,,,,,1113.6321292599946,0.0002982173,584.495269471045,0.00029950112,0.009207617,-0.02208607
1443.239176431162,8135.9062,3.1345313,-0.00094959233,10357,1113.632280535777,584.4952592710715,7371.0283,2.7614167,1289.9596,0.93261814,8135.9062,3.1345313,0,,,,,1113.632280535777,0.00029774295,584.4952592710715,0.00029923755,0.009054564,-0.02226206
1443.2600099816875,8136.2417,3.1346006,-0.0009493666,10358,1113.632072944133,584.4954305652012,7370.968,2.7614775,1289.4355,0.93267447,8136.2417,3.1346006,0,,,,,1113.632072944133,0.00029785122,584.4954305652012,0.00029928552,0.009409385,-0.02244569
1443.2808435322129,8134.913,3.135515,-0.0009491409,10359,1113.6313127148783,584.49484452655,7371.4443,2.762283,1288.9216,0.9325568,8134.913,3.135515,0,,,,,1113.6313127148783,0.00029795346,584.49484452655,0.0002994738,0.008582271,-0.022876084
1443.301677082855,8132.4585,3.1338854,-0.000948915,10360,1113.6320067163451,584.4948221436675,7368.107,2.7608476,1289.18,0.9326749,8132.4585,3.1338854,0,,,,,1113.6320067163451,0.00029785436,584.4948221436675,0.00029935074,0.009149203,-0.022849895
1443.322510633497,8133.9995,3.1350667,-0.0009486892,10361,1113.63190052962,584.4945865762257,7370.0884,2.761888,1289.646,0.9347938,8133.9995,3.1350667,0,,,,,1113.63190052962,0.00029779802,584.4945865762257,0.00029928389,0.008792539,-0.0230062
1443.3433441842558,8135.6006,3.1339223,-0.0009484632,10362,1113.6323007732742,584.4946328288422,7371.144,2.76088,1287.8347,0.932303,8135.6006,3.1339223,0,,,,,1113.6323007732742,0.00029762735,584.4946328288422,0.00029920848,0.0091360295,-0.022986159
1443.3641777350142,8138.869,3.1359708,-0.00094823726,10363,1113.6316649797743,584.4942910693552,7374.6357,2.7626846,1290.1039,0.9330493,8138.869,3.1359708,0,,,,,1113.6316649797743,0.0002980155,584.4942910693552,0.00029931022,0.008893952,-0.023645032
1443.3850112857733,8133.888,3.136223,-0.0009480113,10364,1113.6321059086192,584.4937174178177,7369.608,2.7629068,1290.5555,0.9339077,8133.888,3.136223,0,,,,,1113.6321059086192,0.00029780532,584.4937174178177,0.00029965298,0.00866783,-0.023595167
1443.4058448366488,8134.856,3.1341262,-0.0009477852,10365,1113.6318942730898,584.4942281070678,7371.3447,2.7610595,1288.0696,0.9321677,8134.856,3.1341262,0,,,,,1113.6318942730898,0.0002977416,584.4942281070678,0.00029924331,0.009245718,-0.023618283
1443.4266783875817,8140.2397,3.136259,-0.0009475591,10366,1113.6312632320348,584.493986275587,7375.906,2.7629385,1288.1135,0.9342155,8140.2397,3.136259,0,,,,,1113.6312632320348,0.0002976269,584.493986275587,0.0002992623,0.008413001,-0.023329867
1443.4475119385154,8129.344,3.1335144,-0.00094733294,10367,1113.6319826936176,584.4935006360256,7366.1807,2.7605207,1287.6453,0.93335915,8129.344,3.1335144,0,,,,,1113.6319826936176,0.00029782043,584.4935006360256,0.00029937646,0.00883213,-0.023895565
1443.4683454895064,8132.7344,3.1346333,-0.00094710675,10368,1113.6307600082619,584.4940856678817,7369.867,2.7615066,1288.7562,0.933472,8132.7344,3.1346333,0,,,,,1113.6307600082619,0.00029771338,584.4940856678817,0.0002992914,0.007549861,-0.023926497
1443.4891790405559,8132.3213,3.1359642,-0.0009468805,10369,1113.631695502622,584.493654978029,7370.409,2.7626789,1290.0596,0.93342096,8132.3213,3.1359642,0,,,,,1113.631695502622,0.0002981656,584.493654978029,0.0002995872,0.008695695,-0.024544898
1443.510012591606,8131.551,3.1342857,-0.00094665424,10370,1113.632562855674,584.4931808460592,7368.0625,2.7612002,1289.8906,0.93298614,8131.551,3.1342857,0,,,,,1113.632562855674,0.00029782768,584.4931808460592,0.00029944177,0.009312618,-0.024293797
1443.530846142772,8138.732,3.135003,-0.00094642787,10371,1113.6315557751811,584.4929370754105,7374.6445,2.761832,1289.5664,0.9325354,8138.732,3.135003,0,,,,,1113.6315557751811,0.00029754406,584.4929370754105,0.0002992819,0.00831627,-0.024939021
1443.5516796939382,8135.0195,3.135573,-0.0009462015,10372,1113.6310668515537,584.4931979535287,7371.3105,2.762334,1290.3815,0.9341509,8135.0195,3.135573,0,,,,,1113.6310668515537,0.00029776906,584.4931979535287,0.00029941398,0.008174586,-0.024510417
1443.5725132451055,8139.4956,3.1356237,-0.00094597513,10373,1113.631675414639,584.4929461830064,7376.8975,2.7623787,1289.5074,0.9338091,8139.4956,3.1356237,0,,,,,1113.631675414639,0.00029751143,584.4929461830064,0.0002991588,0.008715201,-0.024891015
1443.5933467963876,8138.9263,3.1354403,-0.00094574864,10374,1113.631708721418,584.4932478804657,7375.296,2.7622173,1289.737,0.9339212,8138.9263,3.1354403,0,,,,,1113.631708721418,0.00029769572,584.4932478804657,0.00029916642,0.008844994,-0.024734264
1443.6141803476698,8135.308,3.134557,-0.00094552216,10375,1113.631799710542,584.491851392591,7372.738,2.761439,1288.871,0.93308264,8135.308,3.134557,0,,,,,1113.631799710542,0.00029756012,584.491851392591,0.00029925624,0.00793219,-0.025707928
1443.6350138990103,8137.93,3.1343756,-0.0009452956,10376,1113.6315160009447,584.4922353897648,7374.711,2.7612793,1288.091,0.9321284,8137.93,3.1343756,0,,,,,1113.6315160009447,0.00029755748,584.4922353897648,0.00029919256,0.008131823,-0.02545208
1443.6558474503506,8135.4487,3.1354942,-0.00094506907,10377,1113.631891280633,584.4917690503928,7372.564,2.7622647,1290.448,0.9328983,8135.4487,3.1354942,0,,,,,1113.631891280633,0.0002976864,584.4917690503928,0.00029939052,0.008958613,-0.025687441
1443.6766810018082,8133.615,3.1347554,-0.0009448424,10378,1113.6319002008793,584.4924685661126,7370.961,2.7616138,1287.2412,0.9333422,8133.615,3.1347554,0,,,,,1113.6319002008793,0.00029764752,584.4924685661126,0.00029930146,0.008373723,-0.025737926
1443.6975145532651,8142.2026,3.1359708,-0.00094461575,10379,1113.6308736929475,584.4927325619984,7377.855,2.7626846,1287.8734,0.93322617,8142.2026,3.1359708,0,,,,,1113.6308736929475,0.0002977599,584.4927325619984,0.00029925987,0.008512497,-0.025783738
1443.7183481047225,8133.827,3.134443,-0.0009443891,10380,1113.6316837537559,584.4919825150866,7371.841,2.7613387,1289.4607,0.93254465,8133.827,3.134443,0,,,,,1113.6316837537559,0.00029769042,584.4919825150866,0.00029926377,0.008338975,-0.026130127
1443.739181656239,8135.6694,3.1344779,-0.00094416237,10381,1113.6316667040826,584.4917509361073,7372.7285,2.7613695,1288.129,0.9322601,8135.6694,3.1344779,0,,,,,1113.6316667040826,0.00029781365,584.4917509361073,0.0002993849,0.008566709,-0.026133273
1443.7600152078123,8130.162,3.1335914,-0.0009439356,10382,1113.6317891380315,584.4913835545049,7367.837,2.7605884,1286.7986,0.93293786,8130.162,3.1335914,0,,,,,1113.6317891380315,0.00029772002,584.4913835545049,0.00029946447,0.008050854,-0.026542543
1443.7808487593854,8136.121,3.135449,-0.0009437088,10383,1113.631140930517,584.4913186724763,7373.5566,2.7622247,1286.4584,0.9320829,8136.121,3.135449,0,,,,,1113.631140930517,0.00029789435,584.4913186724763,0.00029955368,0.0080752,-0.02655499
1443.8016823110177,8130.659,3.1339412,-0.000943482,10384,1113.6314504215547,584.4909518776221,7369.7734,2.7608964,1286.9163,0.9319472,8130.659,3.1339412,0,,,,,1113.6314504215547,0.00029786074,584.4909518776221,0.00029937393,0.0082177855,-0.026723593
1443.8225158627074,8134.1406,3.1340158,-0.0009432551,10385,1113.6315873232074,584.4915384822523,7372.1333,2.7609625,1287.9197,0.9321986,8134.1406,3.1340158,0,,,,,1113.6315873232074,0.00029766795,584.4915384822523,0.00029924273,0.008647171,-0.02692462
1443.8433494143972,8135.1426,3.13396,-0.0009430282,10386,1113.6315477716605,584.490806356822,7372.8325,2.7609134,1286.8472,0.9320637,8135.1426,3.13396,0,,,,,1113.6315477716605,0.0002975935,584.490806356822,0.00029920164,0.007570852,-0.026991423
1443.8641829661458,8139.0054,3.1351635,-0.00094280124,10387,1113.6310875273311,584.491368089611,7376.222,2.7619736,1286.4911,0.9324105,8139.0054,3.1351635,0,,,,,1113.6310875273311,0.0002977896,584.491368089611,0.0002993092,0.008426947,-0.026988184
1443.8850165178942,8141.6055,3.136757,-0.0009425743,10388,1113.6317823700708,584.4912774823104,7379.0767,2.7633772,1287.5839,0.9327875,8141.6055,3.136757,0,,,,,1113.6317823700708,0.00029757048,584.4912774823104,0.00029936773,0.008399496,-0.02751213
1443.905850069701,8132.7637,3.13404,-0.0009423473,10389,1113.6318064172904,584.4906325442275,7371.1724,2.760984,1286.5145,0.93209416,8132.7637,3.13404,0,,,,,1113.6318064172904,0.00029756906,584.4906325442275,0.00029937367,0.008103245,-0.027372714
1443.9266836215654,8138.6396,3.1350546,-0.0009421202,10390,1113.6311894052408,584.4904268637554,7375.5957,2.7618775,1286.2687,0.93369114,8138.6396,3.1350546,0,,,,,1113.6311894052408,0.00029746434,584.4904268637554,0.0002992842,0.008051762,-0.027741803
1443.9475171734296,8142.965,3.1353028,-0.00094189314,10391,1113.6315828245747,584.4899534328003,7379.6387,2.762096,1286.6467,0.9321902,8142.965,3.1353028,0,,,,,1113.6315828245747,0.00029744318,584.4899534328003,0.0002992383,0.008056088,-0.027910767
1443.9683507252946,8138.5894,3.1341555,-0.0009416661,10392,1113.6316688792565,584.4903084941817,7376.416,2.7610855,1285.593,0.931813,8138.5894,3.1341555,0,,,,,1113.6316688792565,0.00029745256,584.4903084941817,0.00029916235,0.008211966,-0.028008642
1443.989184277217,8137.923,3.134066,-0.00094143895,10393,1113.6313014266393,584.490204828321,7375.973,2.7610066,1285.1841,0.931597,8137.923,3.134066,0,,,,,1113.6313014266393,0.00029748605,584.490204828321,0.00029922865,0.007916115,-0.028379891
1444.0100178291977,8136.554,3.1337624,-0.00094121177,10394,1113.6316074731558,584.4911437386073,7373.5205,2.760739,1285.5951,0.93186605,8136.554,3.1337624,0,,,,,1113.6316074731558,0.0002975937,584.4911437386073,0.00029923677,0.008480003,-0.027283497
1444.0725184852001,8142.6,3.1335826,-0.00094053015,10397,1113.6327618735095,584.4909112241766,7367.981,2.7605805,1286.1342,0.93227065,8142.6,3.1335826,0,,,,,1113.6327618735095,0.0002980247,584.4909112241766,0.00029996716,0.009700262,-0.027517106
1444.0933520372398,8145.0063,3.135448,-0.0009403029,10398,1113.6315626156472,584.4896147743987,7375.7314,2.7622242,1284.6777,0.93170416,8145.0063,3.135448,0,,,,,1113.6315626156472,0.00029769255,584.4896147743987,0.0002996724,0.008624837,-0.02857962
1444.1141855893368,8131.282,3.132522,-0.0009400756,10399,1113.631344176199,584.4890309508731,7362.1694,2.7596464,1285.9493,0.93303186,8131.282,3.132522,0,,,,,1113.631344176199,0.00029806807,584.4890309508731,0.00029997752,0.008548205,-0.0294257
1444.135019141434,8140.7964,3.134429,-0.0009398483,10400,1113.6311808343005,584.4888583371254,7373.8047,2.7613263,1284.8218,0.9329121,8140.7964,3.134429,0,,,,,1113.6311808343005,0.00029757665,584.4888583371254,0.0002996284,0.0076410356,-0.029883327
1444.15585269359,8137.249,3.1342378,-0.00093962095,10401,1113.6314338943794,584.4895575078313,7373.3237,2.761158,1287.3896,0.9326933,8137.249,3.1342378,0,,,,,1113.6314338943794,0.00029760913,584.4895575078313,0.0002994075,0.008027314,-0.029515833
1444.1766862457455,8143.763,3.1348941,-0.0009393936,10402,1113.6310169943765,584.4878291470972,7379.1714,2.7617362,1286.0575,0.9315847,8143.763,3.1348941,0,,,,,1113.6310169943765,0.00029747418,584.4878291470972,0.00029929905,0.007562768,-0.030748278
1444.1975197979007,8137.9434,3.133628,-0.00093916623,10403,1113.6312506067459,584.4886157980523,7371.0234,2.7606206,1286.0566,0.93190676,8137.9434,3.133628,0,,,,,1113.6312506067459,0.00029772197,584.4886157980523,0.00029967036,0.0078412425,-0.030149901
1444.2183533501156,8138.0107,3.1346557,-0.0009389388,10404,1113.6304566443935,584.488516113813,7375.166,2.761526,1286.8623,0.9321604,8138.0107,3.1346557,0,,,,,1113.6304566443935,0.0002975152,584.488516113813,0.00029945368,0.0076448624,-0.030235663
1444.23918690233,8141.102,3.1352308,-0.0009387114,10405,1113.6309829893755,584.487627778545,7377.2803,2.7620325,1286.7994,0.9317054,8141.102,3.1352308,0,,,,,1113.6309829893755,0.00029769455,584.487627778545,0.00029940333,0.007497315,-0.030958438
1444.2600204546018,8138.783,3.1347303,-0.0009384839,10406,1113.6309392132425,584.4885724403481,7376.4883,2.761592,1285.0029,0.9332193,8138.783,3.1347303,0,,,,,1113.6309392132425,0.0002973052,584.4885724403481,0.0002993676,0.0077691395,-0.02988439
1444.280854006874,8140.66,3.1351824,-0.00093825645,10407,1113.6310806921276,584.487829736388,7376.8545,2.76199,1285.651,0.93190736,8140.66,3.1351824,0,,,,,1113.6310806921276,0.000297496,584.487829736388,0.00029945862,0.007884542,-0.031081138
1444.3016875591459,8136.811,3.1355565,-0.00093802897,10408,1113.6308644041426,584.4878016069838,7376.295,2.7623196,1286.3774,0.9322571,8136.811,3.1355565,0,,,,,1113.6308644041426,0.0002975545,584.4878016069838,0.0002993942,0.007843659,-0.030770196
1444.3225211114757,8140.9897,3.1343932,-0.00093780144,10409,1113.6308444491144,584.488021215414,7378.0625,2.761295,1284.9814,0.9314586,8140.9897,3.1343932,0,,,,,1113.6308444491144,0.00029735558,584.488021215414,0.00029920554,0.007330574,-0.030549452
1444.3433546638064,8137.5063,3.1338563,-0.0009375739,10410,1113.631316204387,584.4881722029005,7375.813,2.7608218,1282.8591,0.9313821,8137.5063,3.1338563,0,,,,,1113.631316204387,0.00029754007,584.4881722029005,0.00029936124,0.0076664966,-0.0305007
1444.364188216137,8137.428,3.1336572,-0.00093734637,10411,1113.630990939074,584.4879535405412,7374.958,2.7606463,1283.9391,0.9311117,8137.428,3.1336572,0,,,,,1113.630990939074,0.00029743972,584.4879535405412,0.0002993406,0.0079993205,-0.031056596
1444.385021768467,8139.149,3.1341336,-0.00093711884,10412,1113.6311544856096,584.4873897096265,7377.407,2.761066,1284.0387,0.93129313,8139.149,3.1341336,0,,,,,1113.6311544856096,0.0002972802,584.4873897096265,0.00029927093,0.007531565,-0.03089418
1444.4058553208558,8133.761,3.1335428,-0.00093689124,10413,1113.6301497421111,584.4877884495888,7372.8135,2.7605457,1285.5323,0.93168205,8133.761,3.1335428,0,,,,,1113.6301497421111,0.0002974396,584.4877884495888,0.0002994207,0.007094939,-0.03148078
1444.4266888732454,8136.8,3.135056,-0.00093666365,10414,1113.6308816372411,584.4872021943145,7375.689,2.7618787,1284.5682,0.9314398,8136.8,3.135056,0,,,,,1113.6308816372411,0.00029753873,584.4872021943145,0.00029955682,0.007465844,-0.032088857
1444.447522425692,8140.2456,3.1348605,-0.000936436,10415,1113.6305406341567,584.4868528712178,7378.154,2.7617066,1283.1862,0.93148685,8140.2456,3.1348605,0,,,,,1113.6305406341567,0.0002973231,584.4868528712178,0.0002994672,0.0069888057,-0.03231944
1444.46835597808,8136.3643,3.13376,-0.0009362084,10416,1113.6312494050258,584.4867567000258,7373.87,2.760737,1284.46,0.93169457,8136.3643,3.13376,0,,,,,1113.6312494050258,0.0002975378,584.4867567000258,0.00029947297,0.0073213163,-0.03230896
1444.489189530527,8137.016,3.134465,-0.00093598076,10417,1113.630342230839,584.4869642903454,7375.8223,2.7613578,1284.4236,0.9332218,8137.016,3.134465,0,,,,,1113.630342230839,0.00029734458,584.4869642903454,0.00029940568,0.0073205265,-0.032435894
1444.5100230829732,8142.277,3.1355488,-0.0009357531,10418,1113.6311974613116,584.486315960541,7379.706,2.762313,1282.9886,0.93151295,8142.277,3.1355488,0,,,,,1113.6311974613116,0.00029753763,584.486315960541,0.0002994269,0.007848017,-0.032417107
1444.5308566354197,8140.5703,3.134219,-0.00093552546,10419,1113.6311310361095,584.4865638552156,7379.581,2.7611413,1283.3,0.9310542,8140.5703,3.134219,0,,,,,1113.6311310361095,0.00029726914,584.4865638552156,0.0002992666,0.0071309544,-0.03257005
1444.551690187925,8138.606,3.1339374,-0.00093529775,10420,1113.630171051655,584.485485192663,7377.8857,2.7608933,1283.4575,0.93169796,8138.606,3.1339374,0,,,,,1113.630171051655,0.00029733594,584.485485192663,0.00029931866,0.0070179855,-0.03332278
1444.5725237403722,8137.345,3.1353657,-0.0009350701,10421,1113.6308722127699,584.4859299179996,7375.2812,2.7621517,1284.0171,0.9326578,8137.345,3.1353657,0,,,,,1113.6308722127699,0.00029799808,584.4859299179996,0.00029958432,0.0073952945,-0.032516375
1444.5933572928773,8138.7144,3.1339166,-0.0009348424,10422,1113.6306248998083,584.4864337683454,7376.39,2.760875,1283.8762,0.9313861,8138.7144,3.1339166,0,,,,,1113.6306248998083,0.0002974133,584.4864337683454,0.0002994211,0.0073278914,-0.032902755
1444.6141908453826,8139.5747,3.1343253,-0.0009346147,10423,1113.6303971085117,584.4859355444387,7377.335,2.761235,1284.4116,0.9319361,8139.5747,3.1343253,0,,,,,1113.6303971085117,0.00029744895,584.4859355444387,0.000299331,0.007069889,-0.033330113
1444.635024397888,8133.0073,3.133348,-0.000934387,10424,1113.630509887645,584.486029028223,7372.728,2.7603738,1283.2546,0.9320223,8133.0073,3.133348,0,,,,,1113.630509887645,0.00029742206,584.486029028223,0.0002994174,0.0069899284,-0.0330812
1444.6558579504506,8138.614,3.1360877,-0.0009341592,10425,1113.6302694637225,584.4857811117238,7377.8115,2.7627876,1282.8359,0.9316402,8138.614,3.1360877,0,,,,,1113.6302694637225,0.00029747904,584.4857811117238,0.0002996906,0.006720524,-0.03350325
1444.6766915029552,8135.2603,3.134068,-0.0009339315,10426,1113.630343141081,584.4854969993669,7374.081,2.7610083,1283.9434,0.931603,8135.2603,3.134068,0,,,,,1113.630343141081,0.0002976136,584.4854969993669,0.00029955743,0.006944108,-0.0338142
1444.6975250554606,8130.994,3.133502,-0.0009337038,10427,1113.6298513017266,584.4852888463938,7370.951,2.7605097,1285.3602,0.9320119,8130.994,3.133502,0,,,,,1113.6298513017266,0.0002975788,584.4852888463938,0.00029950115,0.0064639887,-0.034122847
1444.7183586080234,8138.813,3.1338766,-0.000933476,10428,1113.6299823833683,584.4849866382893,7378.5205,2.7608395,1283.0032,0.9310899,8138.813,3.1338766,0,,,,,1113.6299823833683,0.00029728885,584.4849866382893,0.00029927102,0.006880876,-0.03454334
1444.7391921605868,8133.8145,3.1331196,-0.00093324826,10429,1113.6298088522783,584.4855826592722,7372.378,2.7601728,1283.5458,0.93123096,8133.8145,3.1331196,0,,,,,1113.6298088522783,0.00029753844,584.4855826592722,0.00029955243,0.00633819,-0.033568885
1444.760025713151,8135.856,3.1344433,-0.0009330205,10430,1113.6300414926634,584.4849873760503,7375.8945,2.761339,1284.5276,0.93174976,8135.856,3.1344433,0,,,,,1113.6300414926634,0.00029740712,584.4849873760503,0.00029954786,0.0065884767,-0.03445164
1444.7808592657136,8139.944,3.1353753,-0.0009327927,10431,1113.6303856667878,584.4847090159716,7379.507,2.76216,1283.3024,0.93170345,8139.944,3.1353753,0,,,,,1113.6303856667878,0.00029731705,584.4847090159716,0.00029939934,0.0070080664,-0.03452265
1444.8016928182183,8140.4434,3.134349,-0.000932565,10432,1113.6298569977607,584.4844574969019,7379.1294,2.761256,1283.2268,0.9317165,8140.4434,3.134349,0,,,,,1113.6298569977607,0.00029733567,584.4844574969019,0.0002993522,0.006426366,-0.035370164
1444.8225263707818,8133.575,3.1336384,-0.00093233725,10433,1113.629702754179,584.4847623782697,7373.7373,2.76063,1283.0707,0.9308318,8133.575,3.1336384,0,,,,,1113.629702754179,0.00029757028,584.4847623782697,0.00029963435,0.0060471985,-0.03509641
1444.8433599233454,8138.401,3.1346974,-0.0009321095,10434,1113.62995528632,584.4841731061941,7377.8145,2.7615628,1283.7389,0.93310755,8138.401,3.1346974,0,,,,,1113.62995528632,0.00029743538,584.4841731061941,0.00029941046,0.0067251697,-0.03538987
1444.8641934759082,8134.88,3.1338751,-0.0009318817,10435,1113.6305026823363,584.4839002176851,7374.774,2.7608383,1283.9836,0.93182045,8134.88,3.1338751,0,,,,,1113.6305026823363,0.00029742188,584.4839002176851,0.00029952746,0.006423708,-0.03552241
1444.885027028529,8140.658,3.134592,-0.0009316539,10436,1113.6293334934167,584.4841509696404,7379.072,2.76147,1283.1783,0.9315804,8140.658,3.134592,0,,,,,1113.6293334934167,0.00029733992,584.4841509696404,0.00029944332,0.0056291996,-0.03597964
1444.9058605810933,8139.1914,3.1339922,-0.0009314261,10437,1113.6302282329523,584.4838028138105,7378.734,2.7609415,1283.2947,0.931043,8139.1914,3.1339922,0,,,,,1113.6302282329523,0.000297368,584.4838028138105,0.00029946075,0.006628252,-0.03594422
1444.9266941335984,8135.341,3.133906,-0.0009311984,10438,1113.6296028604215,584.4838215313735,7375.593,2.7608654,1284.1044,0.9311392,8135.341,3.133906,0,,,,,1113.6296028604215,0.00029749025,584.4838215313735,0.00029944553,0.0062292954,-0.0358906
1444.9475276861613,8133.523,3.1339295,-0.00093097065,10439,1113.6299147816421,584.482732999935,7372.22,2.7608862,1283.8173,0.9334875,8133.523,3.1339295,0,,,,,1113.6299147816421,0.00029749813,584.482732999935,0.00029954698,0.006257575,-0.036954533
1444.9683612387248,8142.611,3.1351743,-0.0009307429,10440,1113.6295530197851,584.4828746549625,7382.8955,2.761983,1281.3905,0.9316491,8142.611,3.1351743,0,,,,,1113.6295530197851,0.00029732738,584.4828746549625,0.00029938386,0.006047038,-0.03662957
1444.9891947912881,8135.1426,3.1345162,-0.0009305151,10441,1113.6294930523065,584.4833736027663,7375.948,2.7614033,1283.968,0.931522,8135.1426,3.1345162,0,,,,,1113.6294930523065,0.00029751932,584.4833736027663,0.00029963403,0.006401205,-0.036275197
1445.010028343851,8135.725,3.134217,-0.00093028735,10442,1113.6296436038606,584.4832607208853,7375.8145,2.7611396,1284.9248,0.93193585,8135.725,3.134217,0,,,,,1113.6296436038606,0.00029746047,584.4832607208853,0.00029954567,0.005742593,-0.037119802
1445.0308618964139,8138.4443,3.1360514,-0.0009300596,10443,1113.6298562171967,584.483174258693,7377.757,2.7627556,1284.3699,0.9315328,8138.4443,3.1360514,0,,,,,1113.6298562171967,0.00029761536,584.483174258693,0.00029975575,0.0060905153,-0.036211293
1445.0516954489192,8134.513,3.1338186,-0.0009298319,10444,1113.6303637748897,584.4831183114349,7375.9673,2.7607884,1284.703,0.9313235,8134.513,3.1338186,0,,,,,1113.6303637748897,0.00029751146,584.4831183114349,0.0002994779,0.006782085,-0.03693675
1445.0725290014825,8140.1973,3.1349993,-0.0009296041,10445,1113.6295322082324,584.4828122726781,7380.7925,2.7618287,1283.936,0.931435,8140.1973,3.1349993,0,,,,,1113.6295322082324,0.00029750724,584.4828122726781,0.00029940516,0.005912732,-0.036817748
1445.0933625539878,8135.1587,3.1339738,-0.0009293764,10446,1113.629763232257,584.4827357224644,7375.4243,2.760925,1283.6616,0.93186677,8135.1587,3.1339738,0,,,,,1113.629763232257,0.0002974384,584.4827357224644,0.0002995288,0.0060008992,-0.037209094
1445.1141961064932,8141.179,3.1348438,-0.0009291487,10447,1113.629530033574,584.4826175336434,7382.034,2.7616918,1282.5488,0.9318358,8141.179,3.1348438,0,,,,,1113.629530033574,0.00029719737,584.4826175336434,0.00029941052,0.0062155095,-0.037889987
1445.1350296590565,8137.146,3.1355166,-0.0009289209,10448,1113.6296619296318,584.4827770250525,7378.3374,2.7622848,1283.1918,0.930977,8137.146,3.1355166,0,,,,,1113.6296619296318,0.00029763888,584.4827770250525,0.00029971285,0.0058966014,-0.037545286
1445.155863211503,8133.4062,3.1339207,-0.0009286933,10449,1113.6293822002249,584.48209295666,7374.3735,2.7608783,1284.1414,0.93194187,8133.4062,3.1339207,0,,,,,1113.6293822002249,0.00029743876,584.48209295666,0.00029959402,0.0061205323,-0.03815718
1445.1766967640076,8140.3154,3.1348033,-0.00092846557,10450,1113.6294291537342,584.4815738802564,7381.7725,2.761656,1284.151,0.9313019,8140.3154,3.1348033,0,,,,,1113.6294291537342,0.00029726585,584.4815738802564,0.00029939378,0.005454944,-0.0384651
1445.197530316513,8135.8896,3.1339931,-0.00092823786,10451,1113.6300975854097,584.4822142625765,7377.3022,2.7609425,1283.4235,0.9310862,8135.8896,3.1339931,0,,,,,1113.6300975854097,0.0002972479,584.4822142625765,0.00029946928,0.0060931924,-0.038029756
1445.2183638689598,8135.471,3.133822,-0.0009280102,10452,1113.6297527813872,584.4815166732889,7376.229,2.7607915,1283.8398,0.9316763,8135.471,3.133822,0,,,,,1113.6297527813872,0.00029742657,584.4815166732889,0.00029955333,0.005775205,-0.03902978
1445.239197421407,8141.5806,3.1341915,-0.00092778256,10453,1113.629217890805,584.4813662655249,7382.4824,2.761117,1283.1476,0.9305386,8141.5806,3.1341915,0,,,,,1113.629217890805,0.0002971901,584.4813662655249,0.0002993303,0.005175114,-0.039248586
1445.2600309738539,8136.279,3.1339684,-0.0009275549,10454,1113.629575054876,584.4816167076247,7377.0723,2.7609203,1282.0151,0.932472,8136.279,3.1339684,0,,,,,1113.629575054876,0.0002973933,584.4816167076247,0.0002994636,0.006172299,-0.03872697
1445.280864526301,8143.4917,3.1358042,-0.00092732726,10455,1113.6292136468462,584.4811295131467,7383.446,2.7625377,1282.5928,0.9320698,8143.4917,3.1358042,0,,,,,1113.6292136468462,0.00029724874,584.4811295131467,0.00029963336,0.005408425,-0.039272647
1445.30169807869,8141.3286,3.1354947,-0.00092709967,10456,1113.629461334238,584.4807949403048,7382.7183,2.7622654,1283.4948,0.9333773,8141.3286,3.1354947,0,,,,,1113.629461334238,0.000297255,584.4807949403048,0.0002994206,0.0055587487,-0.039397027
1445.322531631078,8140.022,3.134403,-0.0009268721,10457,1113.6285764680142,584.4815058970606,7379.5103,2.7613034,1282.6245,0.93195826,8140.022,3.134403,0,,,,,1113.6285764680142,0.00029740453,584.4815058970606,0.00029952914,0.0055052787,-0.03935289
1445.3433651834662,8134.9946,3.1349196,-0.0009266445,10458,1113.6288947381988,584.4804684643101,7376.9194,2.7617586,1284.2554,0.9312286,8134.9946,3.1349196,0,,,,,1113.6288947381988,0.00029760515,584.4804684643101,0.0002997141,0.0048954366,-0.039766192
1445.364198735855,8137.609,3.1338267,-0.0009264169,10459,1113.629056417882,584.4806549924367,7377.343,2.7607958,1282.8192,0.9312855,8137.609,3.1338267,0,,,,,1113.629056417882,0.00029737243,584.4806549924367,0.00029959108,0.0051291576,-0.039491884
1445.3850322881851,8136.4585,3.134146,-0.00092618936,10460,1113.6279216817984,584.4800604864274,7376.955,2.7610772,1282.7688,0.93139184,8136.4585,3.134146,0,,,,,1113.6279216817984,0.000297258,584.4800604864274,0.0002997556,0.004778847,-0.04060037
1445.4058658405156,8138.6904,3.1351838,-0.0009259618,10461,1113.6290546383966,584.4803357281861,7379.1987,2.7619913,1283.4581,0.9320982,8138.6904,3.1351838,0,,,,,1113.6290546383966,0.00029754202,584.4803357281861,0.00029963924,0.005687016,-0.040020123
1445.4266993927888,8137.6973,3.1338663,-0.00092573435,10462,1113.6291063822953,584.4803809922329,7378.7607,2.7608304,1283.503,0.9309333,8137.6973,3.1338663,0,,,,,1113.6291063822953,0.0002972059,584.4803809922329,0.00029966325,0.00516365,-0.040439785
1445.4475329450613,8137.735,3.1340187,-0.0009255069,10463,1113.6288046883042,584.4800040427378,7378.1714,2.7609646,1281.8536,0.93121344,8137.735,3.1340187,0,,,,,1113.6288046883042,0.00029732342,584.4800040427378,0.00029958962,0.004926803,-0.04139627
1445.468366497333,8136.7363,3.1350858,-0.0009252794,10464,1113.6292897751007,584.4797856504076,7377.8403,2.761905,1283.8445,0.9315385,8136.7363,3.1350858,0,,,,,1113.6292897751007,0.00029737456,584.4797856504076,0.00029978013,0.0051845596,-0.040583435
1445.4892000495465,8133.534,3.1340797,-0.000925052,10465,1113.628970579856,584.4803037536274,7374.3667,2.7610185,1283.9484,0.9316369,8133.534,3.1340797,0,,,,,1113.628970579856,0.00029746958,584.4803037536274,0.00029973412,0.005144572,-0.04071292
1445.5100336017608,8134.7056,3.1333714,-0.00092482456,10466,1113.6282417120917,584.4793555572758,7376.5596,2.7603943,1282.0751,0.93090963,8134.7056,3.1333714,0,,,,,1113.6282417120917,0.0002973507,584.4793555572758,0.00029961133,0.0043806112,-0.04158623
1445.530867153975,8131.4077,3.1337998,-0.00092459715,10467,1113.6280260660556,584.4795126115713,7373.352,2.760772,1283.7933,0.9315828,8131.4077,3.1337998,0,,,,,1113.6280260660556,0.00029747077,584.4795126115713,0.00029986879,0.004466427,-0.041462317
1445.5517007061303,8133.16,3.1343427,-0.0009243698,10468,1113.6285879364946,584.4793064947452,7375.275,2.7612503,1283.7424,0.9310574,8133.16,3.1343427,0,,,,,1113.6285879364946,0.0002975327,584.4793064947452,0.00029990828,0.0045501357,-0.04155587
1445.5725342582282,8132.898,3.1334634,-0.0009241425,10469,1113.6298854635193,584.4800874842631,7374.099,2.7604756,1284.5902,0.9310939,8132.898,3.1334634,0,,,,,1113.6298854635193,0.0002975211,584.4800874842631,0.0002997371,0.0059798183,-0.040907916
1445.593367810385,8135.6543,3.1351545,-0.0009239151,10470,1113.6275213320844,584.4784804303343,7378.005,2.7619655,1284.241,0.9314333,8135.6543,3.1351545,0,,,,,1113.6275213320844,0.00029759383,584.4784804303343,0.00029984073,0.0042705005,-0.042297475
1445.6142013624244,8136.6816,3.134121,-0.0009236879,10471,1113.6285461462617,584.4787891939604,7379.243,2.761055,1283.1161,0.9312963,8136.6816,3.134121,0,,,,,1113.6285461462617,0.0002971612,584.4787891939604,0.00029960298,0.004174527,-0.0421735
1445.6350349144634,8137.421,3.1343465,-0.00092346064,10472,1113.6277805395675,584.478512959279,7379.465,2.7612536,1281.8918,0.93133837,8137.421,3.1343465,0,,,,,1113.6277805395675,0.0002973124,584.478512959279,0.00029969445,0.0045510046,-0.042153146
1445.6558684665022,8141.358,3.135552,-0.0009232334,10473,1113.6288374640972,584.4787795419594,7383.5107,2.7623158,1280.7725,0.93258244,8141.358,3.135552,0,,,,,1113.6288374640972,0.00029732246,584.4787795419594,0.00029947376,0.0044815727,-0.041788653
1445.6767020184836,8135.164,3.133983,-0.0009230062,10474,1113.6286015489031,584.4782968711754,7378.112,2.7609334,1282.9,0.93109816,8135.164,3.133983,0,,,,,1113.6286015489031,0.0002973071,584.4782968711754,0.00029961727,0.004704519,-0.042561136
1445.697535570465,8138.385,3.1337724,-0.000922779,10475,1113.6284265313684,584.4786358650513,7380.511,2.7607477,1282.3053,0.9307222,8138.385,3.1337724,0,,,,,1113.6284265313684,0.00029719446,584.4786358650513,0.00029959166,0.004377198,-0.042786483
1445.7183691223302,8132.534,3.1341417,-0.00092255196,10476,1113.6284907646843,584.4782732572868,7376.5356,2.761073,1283.0482,0.9318207,8132.534,3.1341417,0,,,,,1113.6284907646843,0.00029731158,584.4782732572868,0.00029964736,0.0043638414,-0.042551428
1445.7392026742534,8144.462,3.1349604,-0.00092232483,10477,1113.6289385328641,584.4783213498907,7386.7676,2.7617946,1282.1306,0.93134594,8144.462,3.1349604,0,,,,,1113.6289385328641,0.00029699985,584.4783213498907,0.000299282,0.0045013414,-0.0424841
1445.7600362261182,8134.6772,3.1359944,-0.00092209777,10478,1113.6279575485828,584.4775077173216,7377.326,2.7627056,1281.9004,0.93147707,8134.6772,3.1359944,0,,,,,1113.6279575485828,0.00029770212,584.4775077173216,0.0003000291,0.0035860857,-0.043661017
1445.780869777925,8137.0923,3.134469,-0.00092187076,10479,1113.6280621627775,584.4789830186531,7379.87,2.7613616,1284.642,0.93141454,8137.0923,3.134469,0,,,,,1113.6280621627775,0.00029723177,584.4789830186531,0.00029955886,0.004139598,-0.042534593
1445.8017033296735,8142.6387,3.1355398,-0.0009216438,10480,1113.628063340743,584.4772994261232,7385.223,2.762305,1281.9893,0.9305084,8142.6387,3.1355398,0,,,,,1113.628063340743,0.00029710247,584.4772994261232,0.00029955135,0.004076169,-0.043877427
1445.8225368814215,8137.8926,3.134182,-0.00092141685,10481,1113.6282083661117,584.4771087403883,7381.365,2.7611086,1282.4456,0.9308267,8137.8926,3.134182,0,,,,,1113.6282083661117,0.00029709603,584.4771087403883,0.00029957667,0.004112479,-0.043735195
1445.8433704331112,8141.7227,3.1358285,-0.00092118996,10482,1113.6286072421897,584.4778936357819,7383.347,2.7625592,1283.8324,0.931306,8141.7227,3.1358285,0,,,,,1113.6286072421897,0.0002975145,584.4778936357819,0.00029960353,0.00450396,-0.04292426
1445.8642039848016,8132.9937,3.1335058,-0.00092096307,10483,1113.6280354735156,584.4775622518722,7377.4453,2.760513,1282.9004,0.9308208,8132.9937,3.1335058,0,,,,,1113.6280354735156,0.00029727205,584.4775622518722,0.00029964672,0.0037988496,-0.043982416
1445.8850375364336,8135.7925,3.1342406,-0.00092073623,10484,1113.6282883709305,584.4772358863687,7379.1216,2.7611601,1283.4918,0.93095565,8135.7925,3.1342406,0,,,,,1113.6282883709305,0.0002973376,584.4772358863687,0.00029959867,0.0038783045,-0.043892223
1445.9058710880076,8137.322,3.1348567,-0.00092050945,10485,1113.6281716194903,584.4768966075227,7380.8896,2.761703,1282.9216,0.931285,8137.322,3.1348567,0,,,,,1113.6281716194903,0.00029721757,584.4768966075227,0.00029963223,0.0038883653,-0.044087183
1445.9267046395232,8134.916,3.13495,-0.00092028274,10486,1113.627970998743,584.4766316287238,7378.4893,2.7617853,1283.2926,0.9312917,8134.916,3.13495,0,,,,,1113.627970998743,0.0002972652,584.4766316287238,0.0002997909,0.0041233334,-0.044730708
1445.9475381909808,8132.3174,3.133369,-0.0009200561,10487,1113.6274952885421,584.4774732995697,7376.513,2.7603924,1281.9814,0.93105894,8132.3174,3.133369,0,,,,,1113.6274952885421,0.0002972386,584.4774732995697,0.0002996643,0.003791474,-0.04424604
1445.9683717424384,8133.9214,3.1339254,-0.0009198294,10488,1113.6278384300417,584.4766752986603,7377.9067,2.7608829,1283.2365,0.9311772,8133.9214,3.1339254,0,,,,,1113.6278384300417,0.00029715797,584.4766752986603,0.00029962327,0.0037943954,-0.044548072
1445.9892052938378,8136.4478,3.134921,-0.0009196028,10489,1113.6273285980956,584.4764722317063,7380.757,2.7617598,1281.2772,0.9305921,8136.4478,3.134921,0,,,,,1113.6273285980956,0.00029717345,584.4764722317063,0.00029976317,0.0035739269,-0.045380585
1446.010038845178,8134.84,3.1347177,-0.00091937627,10490,1113.6274714546707,584.4764092660437,7378.4253,2.7615805,1282.4436,0.9319076,8134.84,3.1347177,0,,,,,1113.6274714546707,0.000297588,584.4764092660437,0.00029975647,0.0034116367,-0.044873733
1446.0308723965186,8128.405,3.133192,-0.0009191497,10491,1113.6286463425545,584.4767225012032,7373.845,2.7602367,1282.8622,0.931004,8128.405,3.133192,0,,,,,1113.6286463425545,0.00029732863,584.4767225012032,0.0002997787,0.0040493985,-0.044393998
1446.0517059477434,8131.351,3.133744,-0.0009189233,10492,1113.6276721898075,584.4756727438388,7376.6167,2.7607226,1282.8093,0.9309738,8131.351,3.133744,0,,,,,1113.6276721898075,0.00029715252,584.4756727438388,0.00029980508,0.0032790438,-0.04560166
1446.0725394989688,8137.97,3.135595,-0.00091869687,10493,1113.6280254983712,584.4761622798846,7381.6104,2.7623537,1282.499,0.9318092,8137.97,3.135595,0,,,,,1113.6280254983712,0.00029740037,584.4761622798846,0.00029974352,0.0034389512,-0.04507463
1446.093373050077,8132.7363,3.1342094,-0.00091847056,10494,1113.6278389305855,584.4754536869497,7378.154,2.761133,1281.8319,0.93067867,8132.7363,3.1342094,0,,,,,1113.6278389305855,0.00029719705,584.4754536869497,0.0002998583,0.003203793,-0.04598347
1446.1142066011846,8135.696,3.134079,-0.00091824424,10495,1113.6272711762688,584.4751812441541,7380.5703,2.7610178,1282.25,0.93119824,8135.696,3.134079,0,,,,,1113.6272711762688,0.0002972158,584.4751812441541,0.00029967434,0.0035809628,-0.04658574
1446.1350401522348,8137.4746,3.1346023,-0.000918018,10496,1113.6273776123978,584.4756717764257,7381.456,2.761479,1281.7566,0.9311139,8137.4746,3.1346023,0,,,,,1113.6273776123978,0.00029723463,584.4756717764257,0.00029962597,0.0034102288,-0.045899745
1446.1558737032265,8134.396,3.134527,-0.0009177918,10497,1113.6277997357593,584.4758488484614,7379.804,2.7614126,1281.737,0.93157005,8134.396,3.134527,0,,,,,1113.6277997357593,0.0002973163,584.4758488484614,0.00029968092,0.003357774,-0.04582597
1446.1767072541602,8135.8223,3.1347034,-0.00091756566,10498,1113.6274302626505,584.4750848281769,7380.659,2.761568,1281.0095,0.93279743,8135.8223,3.1347034,0,,,,,1113.6274302626505,0.00029720372,584.4750848281769,0.0002995748,0.0033637823,-0.046853654
1446.197540805035,8135.6304,3.1336014,-0.0009173396,10499,1113.6277263241984,584.4747028119825,7380.2344,2.7605972,1281.2606,0.93089944,8135.6304,3.1336014,0,,,,,1113.6277263241984,0.0002971356,584.4747028119825,0.0002996175,0.002633726,-0.04643828
1446.2183743558514,8134.947,3.1343005,-0.00091711356,10500,1113.627307824854,584.4747192214647,7380.3984,2.761213,1282.4344,0.93154126,8134.947,3.1343005,0,,,,,1113.627307824854,0.0002972146,584.4747192214647,0.0002995751,0.003347896,-0.046865292
1446.2392079066112,8142.049,3.1348085,-0.0009168876,10501,1113.6276910846768,584.47461899523,7386.502,2.7616606,1281.0952,0.9304433,8142.049,3.1348085,0,,,,,1113.6276910846768,0.00029697278,584.47461899523,0.0002994831,0.0031293335,-0.046703193
1446.2600414572546,8141.105,3.1353993,-0.00091666175,10502,1113.6273366883831,584.4744740464585,7385.166,2.762181,1280.459,0.93090874,8141.105,3.1353993,0,,,,,1113.6273366883831,0.00029711923,584.4744740464585,0.0002996224,0.0027705024,-0.046933915
1446.2808750078973,8136.5767,3.1360726,-0.0009164359,10503,1113.6273081615439,584.474543849538,7381.713,2.7627742,1282.2042,0.93159807,8136.5767,3.1360726,0,,,,,1113.6273081615439,0.00029717278,584.474543849538,0.0002999314,0.0034454674,-0.047303863
1446.3017085584809,8139.9487,3.1356897,-0.0009162101,10504,1113.6273967931525,584.475095686958,7384.055,2.7624369,1281.6635,0.93131435,8139.9487,3.1356897,0,,,,,1113.6273967931525,0.00029740538,584.475095686958,0.000299771,0.002458543,-0.047252644
1446.3225421089483,8138.9062,3.134888,-0.00091598445,10505,1113.626902692552,584.4742421682687,7383.9395,2.7617307,1280.4998,0.9302924,8138.9062,3.134888,0,,,,,1113.626902692552,0.00029706117,584.4742421682687,0.00029967754,0.0023825995,-0.04763483
1446.343375659416,8139.0493,3.134782,-0.0009157588,10506,1113.6272187500874,584.473634871456,7383.5205,2.7616374,1281.804,0.9307011,8139.0493,3.134782,0,,,,,1113.6272187500874,0.00029710357,584.473634871456,0.00029966558,0.0028045087,-0.04829324
1446.3642092097678,8133.8076,3.1339703,-0.0009155332,10507,1113.6271466287835,584.4747163056666,7378.6924,2.7609224,1282.8826,0.9308242,8133.8076,3.1339703,0,,,,,1113.6271466287835,0.00029729362,584.4747163056666,0.00029974087,0.0029710755,-0.04773361
1446.3850427600612,8133.8467,3.1352677,-0.0009153077,10508,1113.6272190491277,584.4737668042226,7379.5684,2.7620654,1282.652,0.931895,8133.8467,3.1352677,0,,,,,1113.6272190491277,0.00029719464,584.4737668042226,0.00030002804,0.0027643307,-0.048099626
1446.4058763102964,8140.569,3.1353629,-0.0009150823,10509,1113.6272018319262,584.4733745411303,7385.491,2.762149,1280.7141,0.9305704,8140.569,3.1353629,0,,,,,1113.6272018319262,0.00029726178,584.4733745411303,0.00029968284,0.0024286474,-0.048746586
1446.4267098604732,8138.89,3.1348221,-0.0009148569,10510,1113.6265107777435,584.4745061159089,7384.026,2.7616727,1281.3763,0.9317021,8138.89,3.1348221,0,,,,,1113.6265107777435,0.00029703794,584.4745061159089,0.00029965292,0.002265981,-0.04796684
1446.4475434105339,8143.3594,3.134659,-0.00091463164,10511,1113.6265641812522,584.4731494546619,7388.139,2.761529,1280.6327,0.930299,8143.3594,3.134659,0,,,,,1113.6265641812522,0.00029684303,584.4731494546619,0.0002994517,0.00249054,-0.048557155
1446.4683769605363,8137.733,3.1356976,-0.00091440644,10512,1113.6265566052036,584.4730821908498,7383.694,2.7624438,1281.8069,0.9308014,8137.733,3.1356976,0,,,,,1113.6265566052036,0.00029708835,584.4730821908498,0.00029996026,0.0024821209,-0.0491065
1446.4892105104802,8136.851,3.1340046,-0.0009141813,10513,1113.6264503324833,584.4727417299971,7383.2603,2.7609522,1280.7789,0.93089855,8136.851,3.1340046,0,,,,,1113.6264503324833,0.0002969669,584.4727417299971,0.00029959527,0.0023451669,-0.049269915
1446.5100440603655,8138.851,3.1343553,-0.0009139562,10514,1113.6268811024859,584.4735349992468,7384.0767,2.7612615,1281.8245,0.930383,8138.851,3.1343553,0,,,,,1113.6268811024859,0.0002969416,584.4735349992468,0.00029964987,0.0028571913,-0.048899196
1446.5308776101344,8135.3164,3.1342518,-0.00091373123,10515,1113.626526546254,584.4728179447567,7381.77,2.7611704,1282.5935,0.93105066,8135.3164,3.1342518,0,,,,,1113.626526546254,0.00029702648,584.4728179447567,0.00029978124,0.0021371131,-0.049609527
1446.5517111598458,8142.216,3.1347406,-0.0009135063,10516,1113.6265992657668,584.4730847909436,7388.442,2.7616007,1280.4437,0.9306888,8142.216,3.1347406,0,,,,,1113.6265992657668,0.0002968235,584.4730847909436,0.0002993914,0.0020898834,-0.04930782
1446.5725447094412,8141.521,3.135518,-0.0009132815,10517,1113.6273751647007,584.4725438727858,7387.2627,2.7622857,1281.246,0.9322622,8141.521,3.135518,0,,,,,1113.6273751647007,0.00029679108,584.4725438727858,0.00029958214,0.0019711861,-0.049231425
1446.5933782589786,8136.38,3.1351595,-0.0009130568,10518,1113.6276521328955,584.4710419429931,7382.076,2.76197,1280.9558,0.9308689,8136.38,3.1351595,0,,,,,1113.6276521328955,0.00029725247,584.4710419429931,0.00029996285,0.0028122521,-0.05069616
1446.614211808457,8140.8726,3.134651,-0.0009128321,10519,1113.6258485256337,584.4731671312574,7384.7505,2.761522,1281.5967,0.93106246,8140.8726,3.134651,0,,,,,1113.6258485256337,0.00029692528,584.4731671312574,0.0002996641,0.001196788,-0.04899142
1446.6350453578184,8138.073,3.1339364,-0.00091260753,10520,1113.6259828934265,584.4719640847618,7384.4653,2.7608922,1279.7556,0.9300678,8138.073,3.1339364,0,,,,,1113.6259828934265,0.00029685377,584.4719640847618,0.00029973555,0.0017916854,-0.050920103
1446.6558789070634,8141.5186,3.1347358,-0.0009123831,10521,1113.626498858575,584.4725584726018,7385.639,2.7615967,1280.7251,0.9304606,8141.5186,3.1347358,0,,,,,1113.626498858575,0.0002971661,584.4725584726018,0.00029974538,0.0023235783,-0.05045898
1446.6767124563091,8140.416,3.135535,-0.00091215863,10522,1113.6260922849601,584.4715601550649,7385.48,2.7623007,1281.5123,0.9311637,8140.416,3.135535,0,,,,,1113.6260922849601,0.00029698847,584.4715601550649,0.00029983866,0.0015970052,-0.050660986
1446.6975460053802,8143.297,3.135481,-0.00091193436,10523,1113.6255846821832,584.4714392094529,7389.775,2.7622533,1282.0824,0.93068475,8143.297,3.135481,0,,,,,1113.6255846821832,0.00029678948,584.4714392094529,0.0002995031,0.0011790037,-0.05106159
1446.7183795543929,8142.468,3.1360083,-0.00091171014,10524,1113.6263825507501,584.4717070613683,7387.3027,2.7627175,1281.6033,0.93117344,8142.468,3.1360083,0,,,,,1113.6263825507501,0.00029711088,584.4717070613683,0.00029972233,0.0021410082,-0.05007282
1446.7392131033475,8140.1475,3.134153,-0.000911486,10525,1113.6259937665109,584.471217965741,7386.2583,2.7610831,1280.9613,0.9300746,8140.1475,3.134153,0,,,,,1113.6259937665109,0.00029683363,584.471217965741,0.0002996174,0.0016480733,-0.05094743
1446.7600466521274,8146.0474,3.135564,-0.000911262,10526,1113.626333997904,584.4709360779135,7391.729,2.7623262,1281.2661,0.93096465,8146.0474,3.135564,0,,,,,1113.626333997904,0.00029669778,584.4709360779135,0.00029949934,0.0014562763,-0.051482275
1446.7808802009074,8136.9863,3.1346967,-0.000911038,10527,1113.6256665918756,584.4711682887721,7383.6377,2.761562,1281.8154,0.93064636,8136.9863,3.1346967,0,,,,,1113.6256665918756,0.0002971216,584.4711682887721,0.00029987504,0.0010104426,-0.051765874
1446.8017137495128,8141.282,3.1362455,-0.0009108142,10528,1113.6260407497311,584.470322247033,7388.0283,2.7629266,1281.5134,0.93220997,8141.282,3.1362455,0,,,,,1113.6260407497311,0.000297004,584.470322247033,0.00029974355,0.0015513953,-0.051873498
1446.82254729806,8140.36,3.1347837,-0.00091059046,10529,1113.6259774651503,584.4696805851194,7387.201,2.7616386,1281.8265,0.93050784,8140.36,3.1347837,0,,,,,1113.6259774651503,0.000296855,584.4696805851194,0.00029962588,0.0010344996,-0.052357912
1446.8433808464906,8141.218,3.1344442,-0.0009103668,10530,1113.6254399409177,584.4712832743261,7387.218,2.7613397,1280.5831,0.93050706,8141.218,3.1344442,0,,,,,1113.6254399409177,0.00029684638,584.4712832743261,0.00029966523,0.0010994525,-0.051717706
1446.8642143948043,8139.121,3.1340315,-0.0009101433,10531,1113.625457732797,584.4703365256491,7385.752,2.7609763,1278.1504,0.9300248,8139.121,3.1340315,0,,,,,1113.625457732797,0.00029689225,584.4703365256491,0.00029967265,0.00096207595,-0.052566573
1446.8850479430596,8142.5254,3.1367967,-0.00090991985,10532,1113.625739566661,584.4704560043383,7388.1133,2.7634122,1281.0392,0.9305521,8142.5254,3.1367967,0,,,,,1113.625739566661,0.00029729604,584.4704560043383,0.0003000318,0.0011701118,-0.052674577
1446.9058814912,8139.166,3.1347327,-0.0009096965,10533,1113.6251937944862,584.4703766215671,7385.632,2.7615938,1281.4198,0.93080145,8139.166,3.1347327,0,,,,,1113.6251937944862,0.0002969109,584.4703766215671,0.00029989448,0.00067596434,-0.052919377
1446.9267150391659,8141.105,3.1352816,-0.00090947334,10534,1113.6252510141167,584.4696469552156,7386.8413,2.7620773,1280.9714,0.9304944,8141.105,3.1352816,0,,,,,1113.6252510141167,0.0002970741,584.4696469552156,0.00029990016,0.00035217282,-0.052490517
1446.947548587131,8139.9995,3.1347287,-0.0009092502,10535,1113.6249815114038,584.4703203215873,7386.4414,2.7615905,1281.7808,0.9306849,8139.9995,3.1347287,0,,,,,1113.6249815114038,0.00029682642,584.4703203215873,0.00029970187,0.0006720803,-0.052650742
1446.9683821349215,8138.848,3.1364028,-0.0009090272,10536,1113.6255638698576,584.4703932993841,7384.1704,2.7630653,1283.3981,0.9315389,8138.848,3.1364028,0,,,,,1113.6255638698576,0.00029699662,584.4703932993841,0.00030014841,0.00047095082,-0.05259343
1446.9892156825947,8142.364,3.1351156,-0.0009088043,10537,1113.6253782521671,584.4689220261301,7388.0586,2.7619312,1281.8613,0.9309583,8142.364,3.1351156,0,,,,,1113.6253782521671,0.00029687796,584.4689220261301,0.0002997462,0.00039644504,-0.053750984
1447.0100492301517,8131.7417,3.1337786,-0.00090858154,10538,1113.626556471294,584.4706602732713,7377.399,2.7607534,1283.1436,0.9311546,8131.7417,3.1337786,0,,,,,1113.626556471294,0.00029715511,584.4706602732713,0.00030000572,0.0015909362,-0.05206409
1447.0517163249758,8139.658,3.1346352,-0.0009081363,10540,1113.6266216565302,584.4699205883245,7376.957,2.761508,1285.4001,0.93279356,8139.658,3.1346352,0,,,,,1113.6266216565302,0.0002973688,584.4699205883245,0.0003003498,0.0023859148,-0.052882705
1447.072549872185,8139.344,3.1365387,-0.0009079139,10541,1113.6259443683832,584.4693680802078,7384.939,2.763185,1285.759,0.9322019,8139.344,3.1365387,0,,,,,1113.6259443683832,0.0002972445,584.4693680802078,0.0003000668,0.0011880498,-0.053803496
1447.0933834192776,8133.103,3.1347191,-0.0009076916,10542,1113.6252088109616,584.4690633010583,7380.3193,2.7615817,1282.7367,0.93104225,8133.103,3.1347191,0,,,,,1113.6252088109616,0.0002971854,584.4690633010583,0.00030015717,0.00072261534,-0.054497637
1447.1142169662523,8136.804,3.135823,-0.0009074694,10543,1113.6258348159274,584.468852312087,7383.766,2.7625544,1285.5902,0.9328319,8136.804,3.135823,0,,,,,1113.6258348159274,0.0002971133,584.468852312087,0.00030002874,0.0007747512,-0.054651745
1447.1350505131109,8140.5645,3.1360939,-0.00090724736,10544,1113.6252201563666,584.4688382418642,7387.3276,2.762793,1284.8175,0.9320124,8140.5645,3.1360939,0,,,,,1113.6252201563666,0.00029707476,584.4688382418642,0.0002998367,0.00040944768,-0.05467217
1447.1558840597954,8137.7085,3.1362207,-0.0009070255,10545,1113.6252253468294,584.4680733516763,7383.9624,2.762905,1288.044,0.93211275,8137.7085,3.1362207,0,,,,,1113.6252253468294,0.0002971567,584.4680733516763,0.00030011995,8.105201e-05,-0.055240255
1447.1767176064216,8140.7886,3.1364195,-0.00090680365,10546,1113.625099871102,584.4684947284491,7387.3716,2.7630801,1286.145,0.93231165,8140.7886,3.1364195,0,,,,,1113.625099871102,0.00029696248,584.4684947284491,0.00029982088,0.0002783646,-0.05481155
1447.1975511528733,8136.279,3.1359353,-0.000906582,10547,1113.6251769178114,584.4677849522777,7383.7646,2.7626534,1287.6993,0.93244064,8136.279,3.1359353,0,,,,,1113.6251769178114,0.00029705113,584.4677849522777,0.00030005045,0.00012288203,-0.05515678
1447.2183846992086,8139.1616,3.1365716,-0.00090636045,10548,1113.6253446889525,584.4677775859426,7384.9097,2.7632139,1288.5095,0.93268734,8139.1616,3.1365716,0,,,,,1113.6253446889525,0.000297147,584.4677775859426,0.00030019137,0.00074828573,-0.055794485
1447.239218245428,8133.05,3.136282,-0.00090613903,10549,1113.6253229471065,584.4669182608372,7380.0366,2.7629585,1290.2875,0.93334407,8133.05,3.136282,0,,,,,1113.6253229471065,0.0002972119,584.4669182608372,0.00030028325,0.00033599412,-0.05641548
1447.2600517914723,8135.251,3.1369708,-0.0009059178,10550,1113.6245369273204,584.4677162457334,7383.0703,2.7635653,1290.9906,0.93281627,8135.251,3.1369708,0,,,,,1113.6245369273204,0.00029735587,584.4677162457334,0.0003002166,-0.0004500053,-0.05670141
1447.2808853373995,8132.71,3.1380472,-0.00090569665,10551,1113.6250025209295,584.4674353203347,7380.5044,2.7645137,1294.9965,0.9340479,8132.71,3.1380472,0,,,,,1113.6250025209295,0.00029762284,584.4674353203347,0.0003005442,0.00043859895,-0.05578235
1447.3017188831525,8129.8877,3.1384835,-0.0009054757,10552,1113.62446570588,584.4670756862336,7378.403,2.7648983,1299.2504,0.9353571,8129.8877,3.1384835,0,,,,,1113.62446570588,0.00029758437,584.4670756862336,0.0003005573,-0.00041680303,-0.05657236
1447.3225524287893,8130.167,3.1387248,-0.00090525486,10553,1113.6252699369284,584.4672335715019,7377.9917,2.7651105,1300.4452,0.9352418,8130.167,3.1387248,0,,,,,1113.6252699369284,0.00029760352,584.4672335715019,0.00030065185,0.00010964679,-0.056302246
1447.3433859742515,8135.3643,3.139177,-0.0009050342,10554,1113.6243920510753,584.4670912291813,7381.9927,2.7655094,1301.1045,0.93582463,8135.3643,3.139177,0,,,,,1113.6243920510753,0.00029747613,584.4670912291813,0.00030056012,-0.00044448132,-0.05682636
1447.3642195195973,8132.7153,3.1412904,-0.00090481364,10555,1113.6236722236517,584.4669987621214,7379.4277,2.767371,1306.304,0.9373805,8132.7153,3.1412904,0,,,,,1113.6236722236517,0.00029774796,584.4669987621214,0.00030099024,-0.00041138523,-0.057473477
1447.3850530648267,8131.6357,3.1408987,-0.0009045932,10556,1113.6240585121618,584.4664668388781,7379.351,2.7670257,1308.2505,0.93766755,8131.6357,3.1408987,0,,,,,1113.6240585121618,0.00029796473,584.4664668388781,0.00030082944,-0.00022956869,-0.057443272
1447.4058866098812,8139.3335,3.142312,-0.00090437295,10557,1113.624083545956,584.4660599670015,7386.851,2.7682712,1310.1881,0.938319,8139.3335,3.142312,0,,,,,1113.624083545956,0.00029772034,584.4660599670015,0.0003006069,-0.0003488475,-0.057216905
1447.4267201547614,8133.922,3.1419814,-0.00090415287,10558,1113.6249896459321,584.466151577695,7382.796,2.7679796,1311.5189,0.93872094,8133.922,3.1419814,0,,,,,1113.6249896459321,0.00029775637,584.466151577695,0.00030070436,-0.00016038025,-0.057617914
1447.4475536994667,8133.628,3.1423156,-0.00090393296,10559,1113.6245522235715,584.4662821359478,7380.037,2.768274,1313.7825,0.9396605,8133.628,3.1423156,0,,,,,1113.6245522235715,0.00029802762,584.4662821359478,0.00030090584,-0.0005871821,-0.05735537
1447.4683872440557,8133.5444,3.1448207,-0.00090371317,10560,1113.623674427129,584.4658059305914,7383.276,2.7704809,1316.3634,0.94095695,8133.5444,3.1448207,0,,,,,1113.623674427129,0.0002979154,584.4658059305914,0.000301154,-0.0013253941,-0.058322355
1447.4892207884702,8135.256,3.14371,-0.00090349355,10561,1113.623921643183,584.4652434838451,7384.5054,2.7695026,1318.1838,0.94018024,8135.256,3.14371,0,,,,,1113.623921643183,0.00029784336,584.4652434838451,0.00030095078,-0.0011749724,-0.058651917
1447.51005433271,8136.2607,3.1437504,-0.0009032741,10562,1113.6238193587553,584.4655241222785,7385.095,2.7695382,1317.0067,0.93982726,8136.2607,3.1437504,0,,,,,1113.6238193587553,0.00029785407,584.4655241222785,0.0003008221,-0.0013843699,-0.05826735
1447.530887876775,8133.236,3.1443322,-0.00090305484,10563,1113.6241302377123,584.4648305926814,7382.4395,2.7700508,1320.8213,0.9406272,8133.236,3.1443322,0,,,,,1113.6241302377123,0.00029808312,584.4648305926814,0.0003011031,-0.0012261311,-0.05912116
1447.551721420665,8134.322,3.1447077,-0.00090283575,10564,1113.624243356232,584.465870175591,7383.3335,2.7703815,1322.2147,0.94079274,8134.322,3.1447077,0,,,,,1113.624243356232,0.00029809953,584.465870175591,0.00030113297,-0.00072364364,-0.05837078
1447.5725549644392,8136.191,3.1446908,-0.00090261677,10565,1113.6236185277296,584.4645688377283,7384.6978,2.7703667,1320.3356,0.9408011,8136.191,3.1446908,0,,,,,1113.6236185277296,0.00029803975,584.4645688377283,0.00030102723,-0.0014634905,-0.059241615
1447.593388507981,8134.993,3.1447878,-0.000902398,10566,1113.6236848262042,584.4647009892125,7383.9585,2.770452,1322.672,0.941218,8134.993,3.1447878,0,,,,,1113.6236848262042,0.00029794863,584.4647009892125,0.00030114313,-0.0016443557,-0.05938998
1447.6142220513477,8137.5547,3.145334,-0.00090217945,10567,1113.6235495090064,584.4645879993362,7385.7603,2.7709334,1324.0256,0.94161594,8137.5547,3.145334,0,,,,,1113.6235495090064,0.00029800783,584.4645879993362,0.00030112674,-0.0016165103,-0.05907205
1447.635055594598,8132.5566,3.1466448,-0.000901961,10568,1113.6235214361839,584.4641672286799,7381.517,2.7720883,1324.8423,0.9432203,8132.5566,3.1466448,0,,,,,1113.6235214361839,0.00029811155,584.4641672286799,0.00030154688,-0.0018770173,-0.05969037
1447.6558891376155,8134.0103,3.145314,-0.0009017428,10569,1113.6236156559362,584.463732039622,7383.6533,2.7709155,1324.7705,0.94177544,8134.0103,3.145314,0,,,,,1113.6236156559362,0.00029809828,584.463732039622,0.0003012033,-0.001695236,-0.060255934
1447.6767226804582,8136.967,3.1462965,-0.00090152473,10570,1113.6237457022726,584.4647178198142,7384.7866,2.7717812,1326.7872,0.942596,8136.967,3.1462965,0,,,,,1113.6237457022726,0.00029825445,584.4647178198142,0.00030123405,-0.0012392887,-0.05970623
1447.6975562231264,8134.1484,3.1481729,-0.00090130686,10571,1113.622217409806,584.4636608567182,7382.706,2.7734342,1327.9519,0.942462,8134.1484,3.1481729,0,,,,,1113.622217409806,0.00029859476,584.4636608567182,0.00030175693,-0.0024968567,-0.061009835
1447.7183897655611,8135.395,3.1467986,-0.0009010892,10572,1113.623614325039,584.4640611351742,7384.2773,2.7722237,1328.3933,0.9426847,8135.395,3.1467986,0,,,,,1113.623614325039,0.00029811906,584.4640611351742,0.00030139543,-0.0018669416,-0.060301345
1447.739223307821,8145.381,3.1480968,-0.00090087176,10573,1113.6232920409295,584.4632957047218,7392.2017,2.7733672,1328.5444,0.9432744,8145.381,3.1480968,0,,,,,1113.6232920409295,0.00029797194,584.4632957047218,0.00030116845,-0.002295125,-0.06026816
1447.7600568499079,8135.926,3.1481016,-0.0009006545,10574,1113.623177248597,584.4627867625074,7385.761,2.7733715,1330.688,0.94406873,8135.926,3.1481016,0,,,,,1113.623177248597,0.0002981915,584.4627867625074,0.00030146437,-0.002281265,-0.06171915
1447.78089039182,8137.474,3.1474452,-0.00090043736,10575,1113.6232987864073,584.4636585012329,7385.9478,2.7727933,1332.8412,0.94342744,8137.474,3.1474452,0,,,,,1113.6232987864073,0.0002982363,584.4636585012329,0.00030134447,-0.0022463822,-0.060575016
1447.8017239334988,8134.5386,3.1479123,-0.0009002205,10576,1113.6231020767837,584.4631093274921,7384.3994,2.7732046,1334.3843,0.94457304,8134.5386,3.1479123,0,,,,,1113.6231020767837,0.00029834858,584.4631093274921,0.00030141682,-0.0021423362,-0.061176706
1447.8225574749445,8137.461,3.1480405,-0.0009000038,10577,1113.6220877985054,584.4627195490673,7386.0845,2.7733178,1332.9556,0.94468576,8137.461,3.1480405,0,,,,,1113.6220877985054,0.00029831333,584.4627195490673,0.0003014256,-0.0031184547,-0.06191193
1447.8433910162157,8133.935,3.149211,-0.00089978735,10578,1113.6225898138562,584.4624119503258,7382.5107,2.7743487,1334.9862,0.9451079,8133.935,3.149211,0,,,,,1113.6225898138562,0.00029851942,584.4624119503258,0.0003017872,-0.002858167,-0.062040303
1447.8642245573121,8138.7607,3.149911,-0.00089957105,10579,1113.6225199680557,584.4623407678077,7387.554,2.7749655,1335.2897,0.9451018,8138.7607,3.149911,0,,,,,1113.6225199680557,0.00029840908,584.4623407678077,0.00030167197,-0.003184522,-0.06214052
1447.8850580981177,8138.4385,3.1513536,-0.00089935504,10580,1113.6220900749013,584.4624144923912,7388.168,2.7762363,1338.4199,0.9464056,8138.4385,3.1513536,0,,,,,1113.6220900749013,0.00029831732,584.4624144923912,0.00030172424,-0.003016027,-0.062192764
1447.905891638748,8135.6655,3.1495655,-0.0008991392,10581,1113.6221429316704,584.462771254967,7385.1025,2.7746608,1338.9432,0.94593865,8135.6655,3.1495655,0,,,,,1113.6221429316704,0.00029853114,584.462771254967,0.00030177756,-0.002821763,-0.06208453
1447.926725179146,8143.2764,3.1509855,-0.0008989236,10582,1113.6225305859136,584.4626102175946,7388.3,2.775912,1340.8938,0.9461083,8143.2764,3.1509855,0,,,,,1113.6225305859136,0.0002987769,584.4626102175946,0.00030179642,-0.0032870702,-0.062309127
1447.9475587193701,8134.5356,3.149615,-0.0008987082,10583,1113.6217683099928,584.4619202791729,7382.4487,2.7747047,1341.6991,0.9462791,8134.5356,3.149615,0,,,,,1113.6217683099928,0.0002985679,584.4619202791729,0.00030187998,-0.0035400973,-0.062844984
1447.9683922593026,8136.7705,3.1528463,-0.00089849305,10584,1113.6212291311365,584.4619770270132,7385.54,2.7775514,1343.4532,0.94724214,8136.7705,3.1528463,0,,,,,1113.6212291311365,0.00029880492,584.4619770270132,0.00030213894,-0.003451766,-0.062870815
1447.9892257990605,8134.658,3.151216,-0.0008982781,10585,1113.6225697090076,584.4613188637073,7383.9785,2.7761152,1344.9818,0.94661707,8134.658,3.151216,0,,,,,1113.6225697090076,0.0002985568,584.4613188637073,0.00030194173,-0.0035863665,-0.062992476
1448.010059338527,8139.5386,3.1519952,-0.0008980634,10586,1113.6218417577318,584.4613065704988,7389.5684,2.7768016,1345.9781,0.9474941,8139.5386,3.1519952,0,,,,,1113.6218417577318,0.00029845303,584.4613065704988,0.0003018183,-0.0037442097,-0.063374214
1448.030892877761,8137.066,3.1529117,-0.000897849,10587,1113.622299519831,584.4613211406753,7387.397,2.777609,1348.066,0.94814956,8137.066,3.1529117,0,,,,,1113.622299519831,0.00029860914,584.4613211406753,0.00030199508,-0.0036177763,-0.06305959
1448.0517264168204,8138.6187,3.1525364,-0.0008976347,10588,1113.6217396763745,584.461504530208,7388.051,2.7772782,1351.3535,0.9482303,8138.6187,3.1525364,0,,,,,1113.6217396763745,0.00029855146,584.461504530208,0.0003018714,-0.004103197,-0.06332373
1448.0725599555888,8136.8574,3.1534026,-0.00089742074,10589,1113.621257790197,584.4613105311424,7387.657,2.7780416,1352.902,0.9497518,8136.8574,3.1534026,0,,,,,1113.621257790197,0.00029863603,584.4613105311424,0.00030193533,-0.004315719,-0.063571125
1448.093393494124,8141.554,3.1553984,-0.000897207,10590,1113.6217865168082,584.4607290697411,7389.603,2.7797997,1354.881,0.94954234,8141.554,3.1553984,0,,,,,1113.6217865168082,0.00029913455,584.4607290697411,0.00030229983,-0.004037604,-0.06417981
1448.1142270323685,8139.2783,3.1536732,-0.00089699356,10591,1113.6212837542264,584.461119106477,7389.116,2.7782798,1354.7788,0.9493789,8139.2783,3.1536732,0,,,,,1113.6212837542264,0.0002987663,584.461119106477,0.00030202352,-0.0040675374,-0.06413373
1448.1350605703801,8136.3,3.154366,-0.00089678034,10592,1113.6209411775853,584.460510119144,7385.251,2.7788901,1356.177,0.9512768,8136.3,3.154366,0,,,,,1113.6209411775853,0.0002989592,584.460510119144,0.00030228918,-0.0047671995,-0.06448103
1448.1558941081587,8139.3813,3.155146,-0.00089656736,10593,1113.6216654333807,584.459858882519,7387.0586,2.7795773,1360.946,0.9513651,8139.3813,3.155146,0,,,,,1113.6216654333807,0.00029894462,584.459858882519,0.00030219246,-0.004113599,-0.06493749
1448.1767276456465,8140.5317,3.1560042,-0.0008963547,10594,1113.6211165474338,584.4600951944857,7388.3486,2.7803335,1360.9806,0.9525852,8140.5317,3.1560042,0,,,,,1113.6211165474338,0.00029897058,584.4600951944857,0.00030229712,-0.0043112244,-0.064258955
1448.1975611828432,8138.241,3.1563356,-0.0008961423,10595,1113.6206560614999,584.4600918053443,7386.512,2.7806253,1364.9912,0.9521127,8138.241,3.1563356,0,,,,,1113.6206560614999,0.00029898735,584.4600918053443,0.0003024762,-0.0046759197,-0.06492182
1448.218394719807,8140.5586,3.1560547,-0.0008959301,10596,1113.6214158517273,584.4592786063122,7387.9146,2.7803779,1364.5999,0.9520568,8140.5586,3.1560547,0,,,,,1113.6214158517273,0.000298941,584.4592786063122,0.00030240853,-0.0051496774,-0.06571655
1448.239228256538,8139.1143,3.1571767,-0.00089571817,10597,1113.620232267,584.4594308233272,7387.6025,2.7813663,1368.1118,0.9532152,8139.1143,3.1571767,0,,,,,1113.620232267,0.00029901942,584.4594308233272,0.00030242273,-0.0054567074,-0.06578105
1448.2600617929204,8141.446,3.1588738,-0.0008955066,10598,1113.6205397103238,584.4592098698699,7387.418,2.7828612,1372.5717,0.9538685,8141.446,3.1588738,0,,,,,1113.6205397103238,0.000299379,584.4592098698699,0.0003027868,-0.005084861,-0.0661174
1448.2808953290116,8138.8047,3.1596355,-0.0008952953,10599,1113.6206307011241,584.4599213936112,7387.117,2.7835326,1379.9723,0.95634425,8138.8047,3.1596355,0,,,,,1113.6206307011241,0.00029944556,584.4599213936112,0.00030281077,-0.0049985363,-0.06515243
1448.3017288648696,8139.439,3.1618183,-0.00089508423,10600,1113.6197374858666,584.4578203648283,7387.568,2.7854555,1383.7434,0.9569564,8139.439,3.1618183,0,,,,,1113.6197374858666,0.00029967874,584.4578203648283,0.00030309387,-0.006175547,-0.0674102
1448.3225624003776,8139.5835,3.1627383,-0.0008948735,10601,1113.6205049276534,584.4594389408908,7387.257,2.7862659,1387.419,0.9579008,8139.5835,3.1627383,0,,,,,1113.6205049276534,0.0002999104,584.4594389408908,0.0003032175,-0.005600021,-0.06645952
1448.3433959356528,8141.848,3.1651394,-0.00089466304,10602,1113.6197106372092,584.4587269868939,7390.6846,2.788381,1390.9749,0.96011543,8141.848,3.1651394,0,,,,,1113.6197106372092,0.00029965257,584.4587269868939,0.00030342964,-0.0061439723,-0.06695564
1448.3642294705794,8137.4746,3.162889,-0.0008944529,10603,1113.6198131067176,584.4581914756868,7386.6113,2.7863986,1393.2488,0.95897174,8137.4746,3.162889,0,,,,,1113.6198131067176,0.0002998433,584.4581914756868,0.00030326756,-0.0055685826,-0.06721736
1448.3850630052148,8137.86,3.1624596,-0.0008942431,10604,1113.6200381361518,584.4595568585562,7386.203,2.7860205,1392.4535,0.9584707,8137.86,3.1624596,0,,,,,1113.6200381361518,0.00029974105,584.4595568585562,0.00030324893,-0.0056039225,-0.06633628
1448.4058965395593,8139.8325,3.1628504,-0.0008940335,10605,1113.619084178767,584.4574174597295,7389.3506,2.7863646,1391.7634,0.9586434,8139.8325,3.1628504,0,,,,,1113.619084178767,0.0002996056,584.4574174597295,0.00030321407,-0.006487832,-0.06849092
1448.4267300735553,8139.5825,3.1626816,-0.0008938243,10606,1113.6198762574456,584.4582163053931,7387.895,2.7862158,1391.3131,0.9585083,8139.5825,3.1626816,0,,,,,1113.6198762574456,0.00029968284,584.4582163053931,0.00030311817,-0.005976091,-0.066875316
1448.44756360726,8144.995,3.1641247,-0.0008936154,10607,1113.6195759628954,584.4576319371847,7394.0454,2.7874875,1389.8726,0.95917314,8144.995,3.1641247,0,,,,,1113.6195759628954,0.00029959605,584.4576319371847,0.00030315504,-0.0065177716,-0.06782796
1448.468397140615,8137.939,3.1634955,-0.00089340686,10608,1113.6197843249686,584.4574996323663,7387.2427,2.7869332,1390.0067,0.95877093,8137.939,3.1634955,0,,,,,1113.6197843249686,0.0002997491,584.4574996323663,0.00030328106,-0.006330227,-0.06772535
1448.4892306736208,8141.664,3.1632428,-0.00089319865,10609,1113.6195060997088,584.4574487036763,7389.896,2.7867103,1389.7947,0.9594324,8141.664,3.1632428,0,,,,,1113.6195060997088,0.00029971785,584.4574487036763,0.00030306654,-0.0064732083,-0.06796996
1448.5100642063353,8136.6377,3.1621284,-0.00089299073,10610,1113.6193877453006,584.4571425607103,7387.6895,2.7857287,1388.5667,0.95846534,8136.6377,3.1621284,0,,,,,1113.6193877453006,0.00029960365,584.4571425607103,0.0003029974,-0.006580624,-0.06784545
1448.5308977387008,8135.164,3.1616595,-0.00089278317,10611,1113.6195139907973,584.4568221190253,7385.0596,2.7853155,1386.5636,0.958684,8135.164,3.1616595,0,,,,,1113.6195139907973,0.00029963636,584.4568221190253,0.00030311308,-0.006426622,-0.068389915
1448.551731270717,8143.4395,3.1623018,-0.00089257595,10612,1113.619120191303,584.4565354952105,7391.9795,2.7858813,1386.5686,0.95763135,8143.4395,3.1623018,0,,,,,1113.619120191303,0.0002994455,584.4565354952105,0.000302955,-0.0068318336,-0.068503186
1448.5725648023256,8135.236,3.1619143,-0.00089236913,10613,1113.6197681358005,584.4563757583927,7386.2583,2.7855399,1386.0077,0.95746845,8135.236,3.1619143,0,,,,,1113.6197681358005,0.0002995577,584.4563757583927,0.00030325065,-0.0065032174,-0.06853986
1448.5933983336433,8140.8936,3.162194,-0.0008921626,10614,1113.6187309309057,584.456863215461,7390.3228,2.7857864,1383.3796,0.95681214,8140.8936,3.162194,0,,,,,1113.6187309309057,0.0002995466,584.456863215461,0.00030314067,-0.006754384,-0.06902373
1448.6142318645536,8138.87,3.161218,-0.0008919565,10615,1113.6183789003999,584.4567545170611,7389.7285,2.7849264,1381.2858,0.9564846,8138.87,3.161218,0,,,,,1113.6183789003999,0.00029940892,584.4567545170611,0.0003030519,-0.007332837,-0.069031365
1448.6350653951147,8138.612,3.160024,-0.00089175074,10616,1113.6187058576847,584.4557873646788,7389.542,2.7838745,1379.8888,0.9558131,8138.612,3.160024,0,,,,,1113.6187058576847,0.0002992524,584.4557873646788,0.00030280097,-0.006743048,-0.069520995
1448.6558989253263,8130.455,3.1593788,-0.0008915453,10617,1113.6184620936936,584.4561606659934,7381.7397,2.7833061,1379.4163,0.9567065,8130.455,3.1593788,0,,,,,1113.6184620936936,0.00029948915,584.4561606659934,0.0003030391,-0.0073465514,-0.069082975
1448.6767324551306,8136.5605,3.1602128,-0.0008913403,10618,1113.6183902693663,584.4552087474761,7388.802,2.784041,1378.7491,0.9561528,8136.5605,3.1602128,0,,,,,1113.6183902693663,0.00029927935,584.4552087474761,0.0003029061,-0.007619464,-0.070267946
1448.6975659845273,8130.1714,3.1581426,-0.0008911357,10619,1113.6186835202036,584.4561837939857,7382.611,2.7822173,1375.1941,0.9545135,8130.1714,3.1581426,0,,,,,1113.6186835202036,0.00029934145,584.4561837939857,0.0003029394,-0.0076237437,-0.06955346
1448.718399513575,8137.2427,3.159436,-0.00089093146,10620,1113.6186774207436,584.4558346435572,7389.697,2.7833567,1373.439,0.9544542,8137.2427,3.159436,0,,,,,1113.6186774207436,0.0002992445,584.4558346435572,0.0003027455,-0.0077689905,-0.06990562
1448.7392330422151,8133.437,3.1571085,-0.0008907276,10621,1113.6185319969254,584.4551588751095,7387.0566,2.781306,1370.4799,0.9532909,8133.437,3.1571085,0,,,,,1113.6185319969254,0.00029903333,584.4551588751095,0.00030267372,-0.0074925264,-0.07098099
1448.7600665703903,8139.8423,3.1568615,-0.00089052424,10622,1113.618481786782,584.4553433216013,7390.677,2.7810888,1366.7086,0.95232654,8139.8423,3.1568615,0,,,,,1113.618481786782,0.00029892594,584.4553433216013,0.00030251566,-0.0077222753,-0.0705246
1448.7809000982163,8136.9653,3.1565495,-0.0008903212,10623,1113.6177468424803,584.4553410183456,7389.6753,2.7808137,1366.3185,0.9523361,8136.9653,3.1565495,0,,,,,1113.6177468424803,0.00029882626,584.4553410183456,0.000302488,-0.00815729,-0.07072828
1448.8017336255757,8138.6646,3.156409,-0.00089011865,10624,1113.61801294768,584.4548557890806,7390.7324,2.7806902,1364.2616,0.9514999,8138.6646,3.156409,0,,,,,1113.61801294768,0.0002987774,584.4548557890806,0.00030245757,-0.008414541,-0.07101063
1448.822567152586,8134.4053,3.1557348,-0.00088991644,10625,1113.617402392449,584.4548721750015,7387.6187,2.780096,1363.7909,0.951414,8134.4053,3.1557348,0,,,,,1113.617402392449,0.00029883027,584.4548721750015,0.00030245757,-0.008727374,-0.07095072
1448.8434006790724,8142.2896,3.1571493,-0.00088971475,10626,1113.6178775691292,584.4538439647089,7394.592,2.781342,1358.7725,0.951958,8142.2896,3.1571493,0,,,,,1113.6178775691292,0.00029894293,584.4538439647089,0.00030238926,-0.008503746,-0.07205397
1448.8642342051514,8140.1187,3.1555107,-0.00088951347,10627,1113.616867093923,584.4543172909075,7392.341,2.7798986,1358.7273,0.9506789,8140.1187,3.1555107,0,,,,,1113.616867093923,0.0002986671,584.4543172909075,0.0003022706,-0.008789051,-0.07149212
1448.885067730823,8135.055,3.15364,-0.0008893126,10628,1113.6170465656664,584.4538236851749,7388.0137,2.7782507,1356.1375,0.9494303,8135.055,3.15364,0,,,,,1113.6170465656664,0.00029854587,584.4538236851749,0.0003023474,-0.009222256,-0.07231459
1448.9059012559708,8138.3857,3.1543994,-0.00088911224,10629,1113.617118059215,584.4539214960816,7391.465,2.7789195,1354.6655,0.94968474,8138.3857,3.1543994,0,,,,,1113.617118059215,0.00029855256,584.4539214960816,0.00030222422,-0.009137628,-0.072144255
1448.9267347806529,8137.0884,3.1535304,-0.00088891236,10630,1113.6171524057654,584.4543316231069,7390.226,2.778154,1351.3427,0.94932795,8137.0884,3.1535304,0,,,,,1113.6171524057654,0.00029830748,584.4543316231069,0.00030222375,-0.00953254,-0.071923286
1448.9475683049272,8136.114,3.1525269,-0.0008887129,10631,1113.6175261240078,584.4529352168674,7389.0967,2.7772698,1350.4928,0.9482698,8136.114,3.1525269,0,,,,,1113.6175261240078,0.00029837483,584.4529352168674,0.00030215606,-0.00913499,-0.07322751
1448.968401828678,8142.2344,3.153478,-0.0008885139,10632,1113.6169634043313,584.4531235312498,7394.034,2.778108,1348.7415,0.94746876,8142.2344,3.153478,0,,,,,1113.6169634043313,0.0002983519,584.4531235312498,0.0003021558,-0.009897993,-0.07292
1448.9892353519629,8137.4053,3.1520216,-0.00088831544,10633,1113.6169030059777,584.4528727238154,7390.308,2.7768247,1347.3032,0.94756293,8137.4053,3.1520216,0,,,,,1113.6169030059777,0.00029825742,584.4528727238154,0.00030213935,-0.010021579,-0.073335916
1449.010068874724,8140.545,3.1535218,-0.0008881175,10634,1113.6166280850557,584.4525819788814,7392.4224,2.7781465,1346.6193,0.94865966,8140.545,3.1535218,0,,,,,1113.6166280850557,0.00029844773,584.4525819788814,0.00030229407,-0.009403687,-0.074392274
1449.0309023969614,8135.7534,3.1520343,-0.00088792003,10635,1113.616403909569,584.4529136640003,7387.9707,2.776836,1346.5297,0.94740504,8135.7534,3.1520343,0,,,,,1113.616403909569,0.00029850806,584.4529136640003,0.00030221348,-0.009898147,-0.07293124
1449.0517359187331,8138.684,3.1520934,-0.00088772306,10636,1113.6167359411406,584.4519263370279,7392.244,2.7768881,1345.4524,0.94807154,8138.684,3.1520934,0,,,,,1113.6167359411406,0.00029807098,584.4519263370279,0.00030191278,-0.010184291,-0.07459853
1449.0725694399807,8140.354,3.1511118,-0.0008875266,10637,1113.615868938198,584.4522308078926,7392.681,2.7760234,1342.9528,0.9461921,8140.354,3.1511118,0,,,,,1113.615868938198,0.00029816618,584.4522308078926,0.0003019157,-0.0102265095,-0.07385963
1449.0934029606472,8131.581,3.1514735,-0.00088733074,10638,1113.615828111622,584.4525916738595,7386.9116,2.7763422,1342.6528,0.9462558,8131.581,3.1514735,0,,,,,1113.615828111622,0.00029829433,584.4525916738595,0.00030228958,-0.010950216,-0.074043095
1449.114236480848,8131.857,3.150107,-0.00088713533,10639,1113.616167070487,584.4513243939094,7386.0093,2.7751381,1342.1798,0.9461237,8131.857,3.150107,0,,,,,1113.616167070487,0.00029812937,584.4513243939094,0.00030221435,-0.010746684,-0.0750315
1449.1350700004075,8142.0615,3.1510425,-0.0008869406,10640,1113.615814589475,584.4520652473217,7394.8105,2.775962,1339.9694,0.94612145,8142.0615,3.1510425,0,,,,,1113.615814589475,0.00029798402,584.4520652473217,0.0003018087,-0.011201863,-0.07435976
1449.1559035195016,8137.9805,3.150201,-0.0008867463,10641,1113.6157768583334,584.4508761038584,7393.286,2.7752209,1338.3401,0.9451265,8137.9805,3.150201,0,,,,,1113.6157768583334,0.00029794095,584.4508761038584,0.00030191327,-0.011290398,-0.075761214
1449.1767370379555,8135.8135,3.1511447,-0.0008865526,10642,1113.6148880586925,584.4517611783309,7389.601,2.7760522,1339.7852,0.94577855,8135.8135,3.1511447,0,,,,,1113.6148880586925,0.00029800853,584.4517611783309,0.00030225437,-0.011826888,-0.075066395
1449.1975705558273,8133.118,3.150011,-0.00088635954,10643,1113.6160526690376,584.4512088074302,7388.3657,2.7750537,1337.137,0.94586736,8133.118,3.150011,0,,,,,1113.6160526690376,0.00029805297,584.4512088074302,0.0003021129,-0.0113872485,-0.07528671
1449.218404073175,8137.1133,3.1498227,-0.000886167,10644,1113.6156982034245,584.4507512718602,7390.9106,2.7748878,1336.6045,0.94651616,8137.1133,3.1498227,0,,,,,1113.6156982034245,0.00029796688,584.4507512718602,0.00030188856,-0.011466834,-0.0757639
1449.2392375898244,8138.021,3.1491961,-0.00088597514,10645,1113.615157031493,584.4512587393497,7391.658,2.7743356,1336.5321,0.94432384,8138.021,3.1491961,0,,,,,1113.615157031493,0.00029784025,584.4512587393497,0.00030177622,-0.012052641,-0.07552104
1449.2600711059506,8137.0566,3.1499488,-0.0008857838,10646,1113.6146635131884,584.4503578943754,7392.2056,2.774999,1334.1685,0.94412166,8137.0566,3.1499488,0,,,,,1113.6146635131884,0.0002978825,584.4503578943754,0.00030195087,-0.012090572,-0.07642161
1449.2809046214363,8135.978,3.1486897,-0.0008855931,10647,1113.6151184487205,584.4503442956252,7391.5967,2.7738895,1333.7169,0.9442015,8135.978,3.1486897,0,,,,,1113.6151184487205,0.00029778614,584.4503442956252,0.00030182517,-0.01181987,-0.076470986
1449.301738136223,8132.42,3.1483595,-0.00088540313,10648,1113.6144009681395,584.4501326894909,7388.392,2.7735984,1331.5314,0.94472814,8132.42,3.1483595,0,,,,,1113.6144009681395,0.00029784517,584.4501326894909,0.00030185055,-0.0127187325,-0.07698796
1449.3225716504278,8137.157,3.148765,-0.0008852137,10649,1113.6149701139138,584.449440752222,7392.0454,2.7739558,1331.5835,0.94422835,8137.157,3.148765,0,,,,,1113.6149701139138,0.00029773085,584.449440752222,0.0003017879,-0.012049813,-0.07732477
1449.343405163934,8133.281,3.148342,-0.000885025,10650,1113.6145002803,584.4493430903124,7389.5146,2.7735832,1331.562,0.94463265,8133.281,3.148342,0,,,,,1113.6145002803,0.0002976828,584.4493430903124,0.00030183388,-0.012511133,-0.077778935
1449.3642386767997,8138.49,3.1485808,-0.00088483695,10651,1113.6139884018019,584.4493570363607,7394.1465,2.7737935,1330.2086,0.94378155,8138.49,3.1485808,0,,,,,1113.6139884018019,0.00029762852,584.4493570363607,0.00030174307,-0.013034412,-0.07780507
1449.3850721889671,8134.4487,3.1481197,-0.0008846496,10652,1113.6142208302308,584.4491402118938,7390.249,2.7733874,1329.607,0.9440591,8134.4487,3.1481197,0,,,,,1113.6142208302308,0.00029771906,584.4491402118938,0.00030193478,-0.0131183695,-0.077728525
1449.4059057004943,8134.8125,3.1479037,-0.00088446285,10653,1113.6136417263435,584.4486699274679,7390.7876,2.773197,1328.529,0.9429277,8134.8125,3.1479037,0,,,,,1113.6136417263435,0.00029768332,584.4486699274679,0.00030187867,-0.013393887,-0.07854698
1449.4267392112654,8135.9546,3.150208,-0.0008842769,10654,1113.6136460954635,584.4488719006498,7391.6255,2.775227,1328.5648,0.94283277,8135.9546,3.150208,0,,,,,1113.6136460954635,0.0002977054,584.4488719006498,0.0003022628,-0.0133994995,-0.07828703
1449.4475727212796,8135.4355,3.147138,-0.00088409166,10655,1113.6136409911858,584.4487303568028,7390.8047,2.7725224,1327.6914,0.94269973,8135.4355,3.147138,0,,,,,1113.6136409911858,0.00029742825,584.4487303568028,0.00030178516,-0.013952385,-0.07868543
1449.4684062306524,8138.435,3.147613,-0.0008839071,10656,1113.613915120492,584.4482936008428,7394.227,2.772941,1325.2634,0.94229513,8138.435,3.147613,0,,,,,1113.613915120492,0.00029762354,584.4482936008428,0.0003017355,-0.013358395,-0.07871886
1449.4892397392102,8135.9404,3.1470778,-0.0008837233,10657,1113.612674278368,584.4487373548542,7392.0884,2.7724693,1325.665,0.941948,8135.9404,3.1470778,0,,,,,1113.612674278368,0.00029743533,584.4487373548542,0.00030179683,-0.01431838,-0.078940764
1449.5100732470119,8137.349,3.1468368,-0.0008835403,10658,1113.6127427057781,584.4484451548263,7393.7085,2.772257,1326.1683,0.94178617,8137.349,3.1468368,0,,,,,1113.6127427057781,0.00029732398,584.4484451548263,0.00030165847,-0.014464349,-0.079599395
1449.530906754057,8133.5566,3.1459951,-0.00088335807,10659,1113.6136507817012,584.4476861878516,7390.6987,2.7715156,1323.5015,0.9414004,8133.5566,3.1459951,0,,,,,1113.6136507817012,0.00029743963,584.4476861878516,0.000301664,-0.014345033,-0.07967023
1449.551740260287,8133.9087,3.145595,-0.00088317663,10660,1113.6132579821638,584.4472670717199,7389.6787,2.7711632,1323.148,0.94132584,8133.9087,3.145595,0,,,,,1113.6132579821638,0.0002974283,584.4472670717199,0.00030161804,-0.014576922,-0.07978292
1449.5725737657606,8136.218,3.1462824,-0.00088299596,10661,1113.6125489993467,584.4468367448914,7391.0576,2.7717688,1321.811,0.941454,8136.218,3.1462824,0,,,,,1113.6125489993467,0.00029739764,584.4468367448914,0.00030185166,-0.015030838,-0.07983904
1449.5934072703617,8131.3545,3.1450734,-0.00088281615,10662,1113.6123351231727,584.4470277710332,7387.8555,2.7707038,1322.5327,0.9411003,8131.3545,3.1450734,0,,,,,1113.6123351231727,0.00029745002,584.4470277710332,0.00030168457,-0.015190833,-0.08038068
1449.614240774148,8142.4116,3.1466103,-0.00088263716,10663,1113.6124769828975,584.4468294433567,7396.907,2.7720578,1319.9513,0.94058746,8142.4116,3.1466103,0,,,,,1113.6124769828975,0.00029746466,584.4468294433567,0.00030177907,-0.014926809,-0.08088728
1449.6350742770603,8139.471,3.1458585,-0.00088245905,10664,1113.6124685860534,584.4471659105951,7394.165,2.7713954,1319.7197,0.9413775,8139.471,3.1458585,0,,,,,1113.6124685860534,0.00029719516,584.4471659105951,0.00030159758,-0.015524217,-0.08003019
1449.6559077791576,8140.963,3.1461868,-0.00088228175,10665,1113.6113446660095,584.4464525413285,7394.899,2.7716846,1319.067,0.9408469,8140.963,3.1461868,0,,,,,1113.6113446660095,0.00029736408,584.4464525413285,0.000301764,-0.016283626,-0.08058686
1449.6767412803238,8141.335,3.1462328,-0.0008821054,10666,1113.6119942786775,584.4466648171967,7396.1294,2.7717252,1316.9358,0.94047683,8141.335,3.1462328,0,,,,,1113.6119942786775,0.0002971237,584.4466648171967,0.00030164237,-0.01580652,-0.081052534
1449.6975747806166,8142.195,3.1449692,-0.0008819299,10667,1113.6117029945137,584.4462575493839,7395.8696,2.770612,1315.0437,0.9395988,8142.195,3.1449692,0,,,,,1113.6117029945137,0.0002970371,584.4462575493839,0.00030177645,-0.01614561,-0.081419505
1449.7184082800366,8145.609,3.1476574,-0.00088175526,10668,1113.6116169108486,584.4457342696383,7399.036,2.77298,1315.8455,0.94137585,8145.609,3.1476574,0,,,,,1113.6116169108486,0.0002973727,584.4457342696383,0.0003018325,-0.016589621,-0.08188691
1449.739241778467,8138.287,3.1449637,-0.0008815816,10669,1113.610855833189,584.4462273166049,7392.9307,2.7706072,1316.9445,0.94043744,8138.287,3.1449637,0,,,,,1113.610855833189,0.00029722805,584.4462273166049,0.00030166408,-0.01713384,-0.0812477
1449.7600752759668,8140.993,3.1445892,-0.0008814089,10670,1113.610658736548,584.445961620708,7395.4707,2.770277,1314.7239,0.9395431,8140.993,3.1445892,0,,,,,1113.610658736548,0.00029699158,584.445961620708,0.00030158865,-0.016990922,-0.08232415
1449.780908772477,8136.605,3.1437647,-0.0008812372,10671,1113.6113493150992,584.4455700443301,7392.061,2.7695508,1314.4983,0.9388507,8136.605,3.1437647,0,,,,,1113.6113493150992,0.00029708355,584.4455700443301,0.0003016388,-0.016752968,-0.0821491
1449.801742268055,8139.5425,3.14369,-0.00088106643,10672,1113.6107799849863,584.4449138353806,7392.8325,2.769485,1313.1965,0.9384706,8139.5425,3.14369,0,,,,,1113.6107799849863,0.00029711716,584.4449138353806,0.00030172503,-0.016911887,-0.082152754
1449.8225757625855,8134.9697,3.1437404,-0.0008808967,10673,1113.611055529715,584.4443248622982,7390.156,2.7695293,1315.1865,0.9394269,8134.9697,3.1437404,0,,,,,1113.611055529715,0.0002970472,584.4443248622982,0.0003017538,-0.017547678,-0.08325908
1449.8434092561263,8138.009,3.143745,-0.00088072795,10674,1113.61040404297,584.4452636243842,7391.517,2.7695334,1313.5344,0.9395953,8138.009,3.143745,0,,,,,1113.61040404297,0.00029709816,584.4452636243842,0.00030166825,-0.017760202,-0.082040384
1449.8642427486195,8138.1973,3.1434093,-0.00088056026,10675,1113.6103569310324,584.4445513747139,7392.304,2.7692378,1311.1664,0.938291,8138.1973,3.1434093,0,,,,,1113.6103569310324,0.00029697956,584.4445513747139,0.00030178667,-0.017944528,-0.08371532
1449.8850762400068,8132.935,3.1435137,-0.00088039367,10676,1113.6101520394843,584.4442904097888,7389.239,2.7693295,1314.0042,0.93895507,8132.935,3.1435137,0,,,,,1113.6101520394843,0.00029703008,584.4442904097888,0.00030168289,-0.01774551,-0.08392401
1449.9059097304046,8129.513,3.1426647,-0.00088022806,10677,1113.6092061951772,584.4446579818232,7385.105,2.7685816,1311.127,0.93847513,8129.513,3.1426647,0,,,,,1113.6092061951772,0.0002971963,584.4446579818232,0.0003020204,-0.018587578,-0.083682716
1449.9267432196386,8137.632,3.1436431,-0.0008800636,10678,1113.6095564454615,584.4448225473864,7391.538,2.7694438,1313.1333,0.9391288,8137.632,3.1436431,0,,,,,1113.6095564454615,0.00029685613,584.4448225473864,0.00030186033,-0.018777398,-0.08398891
1449.9475767078252,8133.1704,3.157015,-0.00087990024,10679,1113.6088780622822,584.4452233993936,7385.785,2.781224,1364.5326,0.9524978,8133.1704,3.157015,0,,,,,1113.6088780622822,0.00029891043,584.4452233993936,0.00030336718,-0.019371884,-0.08294171
1451.5725879569852,8140.212,3.297393,-0.0008679892,10757,1113.6273211279822,584.5064925907099,7373.8687,2.9048922,1943.5383,1.088201,8140.212,3.297393,0,,,,,1113.6273211279822,0.00031536445,584.5064925907099,0.00031607153,0.0038740595,-0.008144269
1451.5934214980903,8147.0083,3.2654474,-0.000867773,10758,1113.6273302303964,584.5063465877138,7372.3896,2.876749,1815.3651,1.0597385,8147.0083,3.2654474,0,,,,,1113.6273302303964,0.0003120575,584.5063465877138,0.0003126988,0.003254124,-0.008271058
1451.6142550411748,8133.621,3.2357688,-0.00086755486,10759,1113.6266752338272,584.5083484387118,7360.607,2.8506033,1694.9376,1.0325335,8133.621,3.2357688,0,,,,,1113.6266752338272,0.00030901635,584.5083484387118,0.00031011755,0.0030013109,-0.0060132165
1451.6350885862387,8142.3525,3.2104344,-0.0008673347,10760,1113.6252046742127,584.5084067866601,7367.709,2.8282845,1585.5359,1.0071748,8142.3525,3.2104344,0,,,,,1113.6252046742127,0.0003058629,584.5084067866601,0.00030709052,0.0009727733,-0.0068426165
1451.6559221332234,8138.737,3.185969,-0.00086711266,10761,1113.6256970215184,584.5087013503094,7360.033,2.8067312,1494.2612,0.98485535,8138.737,3.185969,0,,,,,1113.6256970215184,0.00030342714,584.5087013503094,0.00030496865,0.0015654205,-0.0043262606
1451.67675568207,8135.6523,3.1634836,-0.00086688873,10762,1113.625193126096,584.5096454275042,7361.215,2.7869225,1408.8105,0.96332604,8135.6523,3.1634836,0,,,,,1113.625193126096,0.00030098623,584.5096454275042,0.000302336,0.0005362633,-0.0045979107
1451.6975892326636,8135.7856,3.1449761,-0.00086666306,10763,1113.6245827157186,584.5093061183695,7357.9194,2.770618,1338.6172,0.9456572,8135.7856,3.1449761,0,,,,,1113.6245827157186,0.00029920196,584.5093061183695,0.00030056678,-0.0002758054,-0.0043160203
1451.7184227850623,8128.5586,3.1359756,-0.0008664356,10764,1113.6246978701395,584.5107162354675,7352.095,2.7626889,1303.1174,0.93802655,8128.5586,3.1359756,0,,,,,1113.6246978701395,0.000298193,584.5107162354675,0.00029961407,-0.00018610113,-0.0026043078
1451.7392563391484,8136.476,3.132711,-0.0008662064,10765,1113.624316870604,584.5106675818876,7358.1094,2.7598128,1285.2223,0.9324917,8136.476,3.132711,0,,,,,1113.624316870604,0.0002977006,584.5106675818876,0.00029926613,-0.00075813127,-0.002755343
1451.7600898948635,8131.975,3.1303678,-0.0008659756,10766,1113.624093445988,584.5121859200693,7356.03,2.7577486,1280.6292,0.9313362,8131.975,3.1303678,0,,,,,1113.624093445988,0.00029754703,584.5121859200693,0.00029890877,-0.0004897632,-0.0014466392
1451.7809234521503,8134.418,3.1300874,-0.00086574326,10767,1113.6240584334262,584.5121058652496,7354.3013,2.7575016,1282.1586,0.9311431,8134.418,3.1300874,0,,,,,1113.6240584334262,0.00029768693,584.5121058652496,0.00029917623,-0.0002345405,-0.0013077235
1451.8017570110094,8135.0435,3.130261,-0.0008655093,10768,1113.6247169664584,584.5126099089459,7356.663,2.7576544,1280.6783,0.93082887,8135.0435,3.130261,0,,,,,1113.6247169664584,0.00029750654,584.5126099089459,0.00029881432,0.0,0.0
1451.8225905713236,8136.5454,3.130421,-0.00086527393,10769,1113.6252356461218,584.5133787932929,7356.6675,2.7577953,1280.8197,0.9303878,8136.5454,3.130421,0,,,,,1113.6252356461218,0.00029756283,584.5133787932929,0.0002989601,-0.00011848199,0.0003613297
1451.8434241330922,8131.918,3.130412,-0.0008650371,10770,1113.6238956676048,584.5130142572995,7353.3145,2.7577875,1280.0067,0.9316771,8131.918,3.130412,0,,,,,1113.6238956676048,0.00029767587,584.5130142572995,0.00029911642,-0.000783977,4.135638e-05
1451.8642576963161,8134.541,3.130555,-0.0008647988,10771,1113.623885115309,584.5125618042588,7356.819,2.7579134,1279.8168,0.93086857,8134.541,3.130555,0,,,,,1113.623885115309,0.00029758955,584.5125618042588,0.00029894768,-0.0009234766,-0.00088220893
1451.8850912608796,8131.416,3.1307817,-0.00086455914,10772,1113.624696290533,584.5133809945207,7351.5728,2.7581131,1281.6028,0.9312215,8131.416,3.1307817,0,,,,,1113.624696290533,0.00029805055,584.5133809945207,0.000299229,-0.0004769359,0.00032786926
1451.9059248267242,8131.6113,3.1299489,-0.0008643182,10773,1113.6250301537668,584.5130924249418,7351.4287,2.7573795,1280.2136,0.9308981,8131.6113,3.1299489,0,,,,,1113.6250301537668,0.00029776807,584.5130924249418,0.0002990995,-0.0004951277,0.0004521609
1451.926758393907,8132.3525,3.129406,-0.00086407596,10774,1113.624249686868,584.5135186494138,7349.1377,2.7569013,1280.3462,0.93105173,8132.3525,3.129406,0,,,,,1113.624249686868,0.00029783018,584.5135186494138,0.00029930368,-0.00023277452,-0.0001803831
1451.9475919623114,8137.751,3.1300266,-0.0008638325,10775,1113.6238594835772,584.5135841721944,7357.058,2.757448,1278.9055,0.93036646,8137.751,3.1300266,0,,,,,1113.6238594835772,0.00029742438,584.5135841721944,0.00029890248,-0.00075657543,0.00029298157
1451.968425531939,8141.573,3.1318276,-0.0008635878,10776,1113.624944790106,584.514217998912,7359.1064,2.7590346,1278.8728,0.93374455,8141.573,3.1318276,0,,,,,1113.624944790106,0.0002974095,584.514217998912,0.00029892844,0.00021743793,0.0012838291
1451.9892591027306,8139.8174,3.1297626,-0.0008633419,10777,1113.6251606837486,584.5134345848985,7357.319,2.7572155,1278.9976,0.93016094,8139.8174,3.1297626,0,,,,,1113.6251606837486,0.00029753463,584.5134345848985,0.00029876264,0.00067297,0.0010961476
1452.0100926746275,8137.0664,3.129491,-0.00086309493,10778,1113.6237795259456,584.5123756320169,7355.74,2.756976,1279.1709,0.93017596,8137.0664,3.129491,0,,,,,1113.6237795259456,0.00029748623,584.5123756320169,0.00029895498,-0.00079902896,-0.00099862
1452.03092624763,8137.4956,3.1296866,-0.00086284685,10779,1113.6254002200733,584.51473246053,7353.76,2.7571483,1279.4377,0.9307783,8137.4956,3.1296866,0,,,,,1113.6254002200733,0.00029761615,584.51473246053,0.00029898318,0.001024037,0.0022866202
1452.0517598217396,8131.3804,3.127902,-0.00086259766,10780,1113.6251630356173,584.513614897669,7344.079,2.7555764,1279.3358,0.9302617,8131.3804,3.127902,0,,,,,1113.6251630356173,0.00029800838,584.513614897669,0.00029957228,0.0009532685,0.0008901744
1452.0725933968968,8133.562,3.130173,-0.0008623474,10781,1113.6248513389487,584.5124741599758,7353.3613,2.7575767,1278.9628,0.93061763,8133.562,3.130173,0,,,,,1113.6248513389487,0.0002978635,584.5124741599758,0.0002991486,-4.6664558e-05,-0.0009645243
1452.0934269730435,8133.557,3.1284292,-0.0008620962,10782,1113.6249025136751,584.5122609153292,7350.604,2.7560406,1278.2996,0.9296246,8133.557,3.1284292,0,,,,,1113.6249025136751,0.00029771664,584.5122609153292,0.00029914727,0.00039537228,-0.00026575767
1452.1142605501798,8134.8066,3.1285713,-0.000861844,10783,1113.6254443357227,584.5133288299169,7350.968,2.756166,1277.543,0.93033206,8134.8066,3.1285713,0,,,,,1113.6254443357227,0.00029761772,584.5133288299169,0.0002991444,0.000671349,3.1266227e-05
1452.1350941282474,8132.4326,3.1290953,-0.00086159084,10784,1113.6235217638641,584.5118100683864,7352.8135,2.7566276,1277.8964,0.9300711,8132.4326,3.1290953,0,,,,,1113.6235217638641,0.00029761792,584.5118100683864,0.00029906703,-0.0005945154,-0.0018354866
1452.1559277073045,8132.554,3.1318996,-0.0008613367,10785,1113.6259815441856,584.5139407263116,7352.3174,2.7590978,1279.6151,0.93077666,8132.554,3.1318996,0,,,,,1113.6259815441856,0.00029806152,584.5139407263116,0.00029946992,0.0011075938,0.00075974286
1452.176761287234,8130.334,3.1291006,-0.0008610817,10786,1113.626023880162,584.5129229371803,7352.1577,2.756632,1277.8414,0.92988354,8130.334,3.1291006,0,,,,,1113.626023880162,0.00029749746,584.5129229371803,0.00029891296,0.0005627413,-9.5202944e-05
1452.1975948680367,8134.8535,3.1295846,-0.0008608258,10787,1113.6256463969407,584.5129568225549,7352.6216,2.7570584,1278.4346,0.9302985,8134.8535,3.1295846,0,,,,,1113.6256463969407,0.000297698,584.5129568225549,0.00029912288,0.0009944193,8.9443485e-05
1452.218428449713,8134.3574,3.1300883,-0.00086056907,10788,1113.6257746914114,584.5124921973072,7354.591,2.7575023,1279.2842,0.9306098,8134.3574,3.1300883,0,,,,,1113.6257746914114,0.00029759636,584.5124921973072,0.0002989489,0.00093478383,-0.00049329305
1452.2392620322044,8139.336,3.1311076,-0.0008603115,10789,1113.625690836503,584.512046890448,7360.1934,2.7584002,1277.5902,0.92956895,8139.336,3.1311076,0,,,,,1113.625690836503,0.00029751708,584.512046890448,0.00029896808,0.0010453941,-0.0017827754
1452.2600956155106,8138.946,3.130344,-0.0008600531,10790,1113.6259592100544,584.5132173728574,7359.8604,2.7577274,1279.2391,0.9304046,8138.946,3.130344,0,,,,,1113.6259592100544,0.00029733375,584.5132173728574,0.0002987598,0.0015184623,-2.2858838e-05
1452.2809291995736,8137.653,3.1300764,-0.000859794,10791,1113.6266562924359,584.5131994867386,7358.844,2.7574918,1277.966,0.9298166,8137.653,3.1300764,0,,,,,1113.6266562924359,0.00029745902,584.5131994867386,0.00029878886,0.0016871977,0.0002907612
1452.3017627844515,8135.956,3.129548,-0.000859534,10792,1113.6261532279068,584.5115523071024,7353.019,2.7570264,1279.0143,0.9309536,8135.956,3.129548,0,,,,,1113.6261532279068,0.00029771304,584.5115523071024,0.00029911433,0.0015549428,-0.001875262
1452.322596370086,8132.801,3.1300423,-0.0008592733,10793,1113.6255943267556,584.5117165285651,7352.412,2.7574618,1279.533,0.9305643,8132.801,3.1300423,0,,,,,1113.6255943267556,0.00029777412,584.5117165285651,0.00029914043,0.0008734286,-0.0017057635
1452.3434299564185,8137.0776,3.1301706,-0.0008590119,10794,1113.626171188528,584.5118907224402,7355.623,2.7575748,1279.1683,0.93101174,8137.0776,3.1301706,0,,,,,1113.626171188528,0.00029763955,584.5118907224402,0.0002989661,0.001991019,-0.0008284763
1452.3642635434494,8135.4736,3.129945,-0.0008587498,10795,1113.6249670357306,584.5108758717474,7357.283,2.7573762,1277.0465,0.93063164,8135.4736,3.129945,0,,,,,1113.6249670357306,0.00029744863,584.5108758717474,0.00029889794,9.15283e-05,-0.0025420908
1452.3850971311795,8133.1055,3.129814,-0.000858487,10796,1113.6272919026974,584.5112814242659,7354.942,2.7572606,1277.4099,0.9301042,8133.1055,3.129814,0,,,,,1113.6272919026974,0.00029744854,584.5112814242659,0.0002989574,0.0020752156,-0.0009892635
1452.4059307196078,8140.1284,3.1294947,-0.0008582235,10797,1113.6261780223356,584.5108030359771,7354.8457,2.7569795,1278.0885,0.9296868,8140.1284,3.1294947,0,,,,,1113.6261780223356,0.0002977046,584.5108030359771,0.00029930493,0.0016401719,-0.002640469
1452.4267643087348,8137.887,3.1298113,-0.00085795927,10798,1113.6271187791624,584.5130673764617,7358.7305,2.7572582,1278.0525,0.9302005,8137.887,3.1298113,0,,,,,1113.6271187791624,0.00029746446,584.5130673764617,0.00029880047,0.002480891,-0.0007562801
1452.447597898444,8136.157,3.12954,-0.0008576945,10799,1113.6260949923544,584.5101359026389,7354.74,2.757019,1277.3121,0.9304176,8136.157,3.12954,0,,,,,1113.6260949923544,0.00029765491,584.5101359026389,0.00029906127,0.0016549479,-0.0032728978
1452.4684314887934,8138.7114,3.1298625,-0.00085742906,10800,1113.6267016695601,584.5102839498898,7360.013,2.7573037,1276.5687,0.92994946,8138.7114,3.1298625,0,,,,,1113.6267016695601,0.00029747104,584.5102839498898,0.00029877922,0.0015598182,-0.0024710004
1452.4892650797249,8133.928,3.1296608,-0.00085716305,10801,1113.6267740009805,584.5112609419408,7355.763,2.7571256,1277.0762,0.93059987,8133.928,3.1296608,0,,,,,1113.6267740009805,0.0002975321,584.5112609419408,0.00029888164,0.002056958,-0.001704201
1452.510098671296,8132.8516,3.1286254,-0.0008568964,10802,1113.6258472516988,584.5092324819884,7350.7026,2.7562137,1275.969,0.9301805,8132.8516,3.1286254,0,,,,,1113.6258472516988,0.0002977483,584.5092324819884,0.00029933595,0.0013779575,-0.0043755015
1452.5309322634491,8135.905,3.1288629,-0.00085662917,10803,1113.626513300833,584.5100702053127,7355.76,2.7564228,1275.7396,0.92960036,8135.905,3.1288629,0,,,,,1113.626513300833,0.0002975148,584.5100702053127,0.00029900947,0.0019508094,-0.0033910712
1452.551765856185,8135.719,3.1304612,-0.00085636135,10804,1113.6269961664436,584.510376207267,7359.1875,2.757831,1275.5161,0.92959696,8135.719,3.1304612,0,,,,,1113.6269961664436,0.00029775943,584.510376207267,0.00029892995,0.0021583817,-0.0030913514
1452.5725994494455,8138.657,3.1296225,-0.000856093,10805,1113.6268393150415,584.510717086018,7357.182,2.757092,1275.5667,0.92938966,8138.657,3.1296225,0,,,,,1113.6268393150415,0.00029763745,584.510717086018,0.0002990613,0.002305803,-0.0032220634
1452.5934330432872,8144.6157,3.1302972,-0.0008558241,10806,1113.625992335242,584.5098045370106,7366.7095,2.7576864,1274.3961,0.92880833,8144.6157,3.1302972,0,,,,,1113.625992335242,0.00029728873,584.5098045370106,0.00029860745,0.0017457459,-0.0039422363
1452.6142666376522,8137.101,3.130353,-0.00085555465,10807,1113.6264839961461,584.5109407780782,7359.8003,2.7577357,1275.434,0.93058175,8137.101,3.130353,0,,,,,1113.6264839961461,0.00029747185,584.5109407780782,0.00029878403,0.0021757712,-0.0029838507
1452.6351002324836,8133.925,3.1285567,-0.00085528474,10808,1113.6269508395758,584.5103192759636,7355.771,2.756153,1274.8798,0.92930806,8133.925,3.1285567,0,,,,,1113.6269508395758,0.00029749272,584.5103192759636,0.00029886354,0.002347776,-0.0031987939
1452.6559338278971,8136.367,3.1288764,-0.00085501425,10809,1113.6274678704317,584.5115632403202,7355.1543,2.756435,1275.8723,0.9293166,8136.367,3.1288764,0,,,,,1113.6274678704317,0.00029767625,584.5115632403202,0.00029890583,0.003495253,-0.0022392892
1452.6767674237756,8132.8423,3.1290567,-0.0008547433,10810,1113.6263965517944,584.5084533504273,7356.8086,2.7565935,1276.1279,0.9296664,8132.8423,3.1290567,0,,,,,1113.6263965517944,0.00029745133,584.5084533504273,0.00029884817,0.0014831298,-0.0051803193
1452.6976010201197,8136.4136,3.1308267,-0.0008544719,10811,1113.627164939823,584.5098745866039,7358.7964,2.758153,1274.3188,0.92954,8136.4136,3.1308267,0,,,,,1113.627164939823,0.00029747788,584.5098745866039,0.0002991689,0.0024390565,-0.0037561653
1452.7184346169308,8139.6494,3.129179,-0.0008542,10812,1113.6270277861684,584.5087646936806,7360.879,2.7567012,1273.1699,0.9290361,8139.6494,3.129179,0,,,,,1113.6270277861684,0.00029739027,584.5087646936806,0.00029876563,0.0018681089,-0.0046480414
1452.7392682142658,8135.332,3.1285536,-0.0008539276,10813,1113.6269749154828,584.5098849517212,7357.5303,2.7561505,1274.222,0.9287881,8135.332,3.1285536,0,,,,,1113.6269749154828,0.0002973426,584.5098849517212,0.0002988506,0.0021522345,-0.0043485034
1452.760101812007,8133.5713,3.129157,-0.00085365475,10814,1113.6267057678533,584.5076874773889,7358.5264,2.756682,1274.1697,0.92966217,8133.5713,3.129157,0,,,,,1113.6267057678533,0.00029722156,584.5076874773889,0.0002988069,0.001417519,-0.0061787763
1452.7809354102137,8147.937,3.1312716,-0.00085338147,10815,1113.6260824356075,584.5091304285081,7371.52,2.758545,1272.9362,0.92900354,8147.937,3.1312716,0,,,,,1113.6260824356075,0.0002972751,584.5091304285081,0.00029848842,0.0015788341,-0.00523805
1452.8017690088866,8140.4277,3.1303933,-0.0008531077,10816,1113.6273738624454,584.5090417659131,7364.4604,2.7577708,1273.7953,0.9288733,8140.4277,3.1303933,0,,,,,1113.6273738624454,0.0002973725,584.5090417659131,0.0002986676,0.0021626067,-0.00475631
1452.8226026079672,8138.4883,3.1283543,-0.00085283356,10817,1113.6279429772997,584.5097767093667,7359.9067,2.7559748,1271.7474,0.92804813,8138.4883,3.1283543,0,,,,,1113.6279429772997,0.0002972708,584.5097767093667,0.00029871723,0.003169763,-0.003814337
1452.8434362074552,8135.6973,3.12957,-0.000852559,10818,1113.6268437444494,584.5086474586642,7359.966,2.7570457,1272.437,0.9284989,8135.6973,3.12957,0,,,,,1113.6268437444494,0.00029743387,584.5086474586642,0.000298797,0.0022087994,-0.0050082738
1452.8642698073506,8138.0024,3.1293542,-0.000852284,10819,1113.6260465803218,584.5073252249678,7362.6772,2.7568557,1270.7466,0.9285805,8138.0024,3.1293542,0,,,,,1113.6260465803218,0.00029718346,584.5073252249678,0.00029876744,0.0013310314,-0.0065813274
1452.8851034076536,8139.3545,3.1295488,-0.00085200864,10820,1113.6274498520304,584.5092201486118,7361.6562,2.757027,1272.3374,0.9287345,8139.3545,3.1295488,0,,,,,1113.6274498520304,0.00029748448,584.5092201486118,0.00029874448,0.0026852277,-0.0047685313
1452.905937008364,8137.736,3.130406,-0.00085173285,10821,1113.626308221334,584.5069959074993,7362.7476,2.757782,1272.952,0.92933846,8137.736,3.130406,0,,,,,1113.626308221334,0.00029716766,584.5069959074993,0.00029887035,0.001155328,-0.0068719503
1452.9267706094236,8139.32,3.1311822,-0.0008514567,10822,1113.6275607445182,584.5084531736371,7363.9976,2.7584662,1272.0962,0.9301889,8139.32,3.1311822,0,,,,,1113.6275607445182,0.0002972891,584.5084531736371,0.00029892134,0.0027489876,-0.005651183
1452.94760421089,8141.003,3.1293797,-0.0008511802,10823,1113.6258690098014,584.5072133182757,7364.8584,2.7568781,1271.3005,0.9286661,8141.003,3.1293797,0,,,,,1113.6258690098014,0.0002971553,584.5072133182757,0.00029865335,0.0014539964,-0.0069740787
1452.9684378127056,8140.8037,3.1305354,-0.0008509033,10824,1113.6271786971847,584.5080935966948,7363.821,2.7578962,1270.2065,0.9282857,8140.8037,3.1305354,0,,,,,1113.6271786971847,0.00029728404,584.5080935966948,0.00029896313,0.0023312594,-0.0058925194
1452.98927141493,8142.477,3.1297936,-0.000850626,10825,1113.6265644825537,584.5081886691637,7367.277,2.757243,1271.9137,0.9286299,8142.477,3.1297936,0,,,,,1113.6265644825537,0.0002970351,584.5081886691637,0.00029850722,0.001823718,-0.0057207923
1453.0101050175037,8143.938,3.1298819,-0.0008503483,10826,1113.626769370194,584.5068374369973,7369.14,2.7573204,1270.5881,0.92849797,8143.938,3.1298819,0,,,,,1113.626769370194,0.00029701277,584.5068374369973,0.00029848816,0.0019681957,-0.0070942002
1453.030938620367,8134.982,3.128845,-0.0008500704,10827,1113.6255108693053,584.507281465501,7360.657,2.756407,1271.5225,0.9293783,8134.982,3.128845,0,,,,,1113.6255108693053,0.00029713399,584.507281465501,0.00029862323,0.0008787792,-0.0071228705
1453.0517722236377,8139.4004,3.1300101,-0.00084979204,10828,1113.627266879791,584.5080488553314,7364.5293,2.7574337,1271.1366,0.92935884,8139.4004,3.1300101,0,,,,,1113.627266879791,0.00029713404,584.5080488553314,0.00029859398,0.002174127,-0.006251988
1453.0726058272585,8142.399,3.129507,-0.00084951334,10829,1113.626594301577,584.5064665687983,7365.648,2.7569902,1271.615,0.9277657,8142.399,3.129507,0,,,,,1113.626594301577,0.00029716644,584.5064665687983,0.0002986745,0.0016727272,-0.007345839
1453.0934394311703,8140.0815,3.129084,-0.00084923435,10830,1113.627782223175,584.5070376572038,7364.7603,2.7566175,1270.8661,0.92843217,8140.0815,3.129084,0,,,,,1113.627782223175,0.0002971011,584.5070376572038,0.00029855728,0.0027579358,-0.006604599
1453.1142730354313,8144.2373,3.1300478,-0.000848955,10831,1113.6272158821896,584.5068742035932,7368.05,2.7574666,1271.3309,0.9295781,8144.2373,3.1300478,0,,,,,1113.6272158821896,0.00029697892,584.5068742035932,0.0002985516,0.0015028213,-0.007223443
1453.1351066399834,8145.597,3.1301706,-0.0008486754,10832,1113.6265754089352,584.505766731199,7370.553,2.7575748,1270.7354,0.92899436,8145.597,3.1301706,0,,,,,1113.6265754089352,0.00029701839,584.505766731199,0.00029849866,0.0019548256,-0.008253173
1453.1559402448265,8132.657,3.129178,-0.00084839546,10833,1113.627026343376,584.5060775685907,7360.424,2.7567003,1271.3124,0.92876285,8132.657,3.129178,0,,,,,1113.627026343376,0.00029747625,584.5060775685907,0.000298719,0.0020004448,-0.0075091217
1453.176773850019,8134.3057,3.1283624,-0.0008481152,10834,1113.6258226668185,584.5050585689684,7360.6973,2.755982,1271.1605,0.9279415,8134.3057,3.1283624,0,,,,,1113.6258226668185,0.0002971374,584.5050585689684,0.00029872634,0.00076987426,-0.009137986
1453.1976074555598,8144.3223,3.1301901,-0.00084783457,10835,1113.6267244539386,584.5071822151066,7369.258,2.757592,1270.1497,0.92885274,8144.3223,3.1301901,0,,,,,1113.6267244539386,0.0002969827,584.5071822151066,0.00029853484,0.0019604873,-0.007235567
1453.2184410613334,8137.99,3.1297112,-0.0008475537,10836,1113.6266475368875,584.5058657499142,7364.7446,2.75717,1271.9043,0.9286017,8137.99,3.1297112,0,,,,,1113.6266475368875,0.00029719775,584.5058657499142,0.00029873097,0.0014328422,-0.008573187
1453.2392746673995,8138.4146,3.1297715,-0.0008472726,10837,1113.6269985857145,584.505618982504,7364.272,2.7572234,1272.0892,0.9300032,8138.4146,3.1297715,0,,,,,1113.6269985857145,0.00029704958,584.505618982504,0.00029863013,0.001471347,-0.008226498
1453.2601082737567,8139.643,3.1302502,-0.00084699114,10838,1113.626382040992,584.5058995248155,7366.888,2.7576451,1272.4049,0.92908376,8139.643,3.1302502,0,,,,,1113.626382040992,0.00029716772,584.5058995248155,0.00029859526,0.0015659684,-0.00879818
1453.2809418804618,8139.0767,3.1302521,-0.00084670936,10839,1113.6260349382999,584.5058615808884,7364.9585,2.7576466,1272.7592,0.9301589,8139.0767,3.1302521,0,,,,,1113.6260349382999,0.00029726,584.5058615808884,0.00029871892,0.0010878985,-0.008634804
1453.3017754873415,8134.9883,3.1292841,-0.0008464274,10840,1113.6267163241946,584.5052914219516,7362.5034,2.7567937,1273.7225,0.928788,8134.9883,3.1292841,0,,,,,1113.6267163241946,0.00029724214,584.5052914219516,0.0002986887,0.0016533196,-0.0087940525
1453.3226090945711,8140.957,3.1299548,-0.0008461451,10841,1113.6263894994593,584.5049612467503,7367.903,2.7573845,1273.4583,0.9288199,8140.957,3.1299548,0,,,,,1113.6263894994593,0.00029704993,584.5049612467503,0.0002986219,0.0013996063,-0.009070578
1453.3434427020343,8138.5923,3.1293447,-0.00084586255,10842,1113.625963007809,584.505058328027,7365.9043,2.7568471,1271.4459,0.92826056,8138.5923,3.1293447,0,,,,,1113.625963007809,0.00029715686,584.505058328027,0.0002986032,0.001523808,-0.009829615
1453.3642763097878,8135.1914,3.1296053,-0.0008455797,10843,1113.6260370329687,584.5042086787021,7363.088,2.7570767,1271.9583,0.92850167,8135.1914,3.1296053,0,,,,,1113.6260370329687,0.00029719222,584.5042086787021,0.0002986718,0.00049338996,-0.010068297
1453.3851099177734,8136.849,3.1307583,-0.00084529666,10844,1113.626367864034,584.5046657649827,7363.342,2.7580924,1272.9801,0.9298239,8136.849,3.1307583,0,,,,,1113.626367864034,0.00029735753,584.5046657649827,0.0002988544,0.0012987999,-0.009702156
1453.4059435260508,8133.954,3.1288126,-0.0008450133,10845,1113.6259113103924,584.5047832418205,7361.0015,2.7563784,1272.6947,0.9285272,8133.954,3.1288126,0,,,,,1113.6259113103924,0.00029724423,584.5047832418205,0.00029874608,0.00094616285,-0.010019443
1453.4267771345026,8139.96,3.1314418,-0.0008447298,10846,1113.6265343060595,584.5050599443148,7367.413,2.758695,1272.6854,0.9299084,8139.96,3.1314418,0,,,,,1113.6265343060595,0.0002971751,584.5050599443148,0.00029877952,0.0015722789,-0.0103216125
1453.4476107433031,8143.698,3.1300695,-0.0008444459,10847,1113.6262873290193,584.5042232571446,7370.236,2.7574859,1271.717,0.92846733,8143.698,3.1300695,0,,,,,1113.6262873290193,0.0002969357,584.5042232571446,0.0002985458,0.0012851548,-0.009606642
1453.468444352279,8141.864,3.130225,-0.00084416184,10848,1113.6263914571102,584.5041574932142,7368.9043,2.7576227,1273.0822,0.92834294,8141.864,3.130225,0,,,,,1113.6263914571102,0.00029696338,584.5041574932142,0.00029866325,0.00095664983,-0.010909079
1453.4892779614884,8133.48,3.130744,-0.00084387755,10849,1113.6256430871974,584.5039442247805,7360.8735,2.7580798,1272.0803,0.92857504,8133.48,3.130744,0,,,,,1113.6256430871974,0.00029734912,584.5039442247805,0.00029912806,0.00061682466,-0.010989277
1453.510111570988,8141.807,3.1310947,-0.000843593,10850,1113.626025036299,584.5041534368575,7368.2,2.7583888,1273.6356,0.9290745,8141.807,3.1310947,0,,,,,1113.626025036299,0.00029718058,584.5041534368575,0.0002988201,0.0011273397,-0.010235136
1453.5309451806618,8140.4062,3.129652,-0.0008433082,10851,1113.625986418436,584.5042421889386,7367.772,2.7571177,1271.1508,0.9280753,8140.4062,3.129652,0,,,,,1113.625986418436,0.00029703355,584.5042421889386,0.00029856988,0.0005748322,-0.011133055
1453.5517787906265,8141.0054,3.1299133,-0.0008430232,10852,1113.6266797814171,584.5036124783323,7368.4434,2.757348,1271.9607,0.92840433,8141.0054,3.1299133,0,,,,,1113.6266797814171,0.0002969961,584.5036124783323,0.00029861386,0.0013406092,-0.010655244
1453.5726124007672,8135.6943,3.1306322,-0.00084273797,10853,1113.625543538855,584.5039340299074,7364.431,2.7579815,1272.1498,0.92938185,8135.6943,3.1306322,0,,,,,1113.625543538855,0.0002973106,584.5039340299074,0.00029885658,0.00011887337,-0.01139929
1453.5934460111407,8135.6753,3.1306508,-0.0008424525,10854,1113.6258962646857,584.503559283457,7363.6035,2.7579978,1272.9734,0.9293405,8135.6753,3.1306508,0,,,,,1113.6258962646857,0.0002972227,584.503559283457,0.00029895033,0.00059455057,-0.010889953
1453.6142796217457,8137.0835,3.1292968,-0.00084216683,10855,1113.6251863739246,584.5032465186621,7365.014,2.756805,1272.4324,0.9283681,8137.0835,3.1292968,0,,,,,1113.6251863739246,0.00029708675,584.5032465186621,0.0002987102,2.421228e-05,-0.011349379
1453.6351132325833,8137.479,3.1296365,-0.0008418809,10856,1113.6262275097104,584.5035302033325,7364.1533,2.7571042,1271.591,0.92926687,8137.479,3.1296365,0,,,,,1113.6262275097104,0.00029729828,584.5035302033325,0.00029880455,0.0016592003,-0.011598012
1453.6559468435964,8138.7905,3.129745,-0.0008415948,10857,1113.6248231126217,584.503123263684,7366.632,2.7572,1272.5935,0.9291359,8138.7905,3.129745,0,,,,,1113.6248231126217,0.00029697834,584.503123263684,0.00029881232,0.00033421427,-0.012132147
1453.676780454843,8137.4272,3.1307542,-0.0008413085,10858,1113.6256706864697,584.5031142921764,7365.653,2.7580888,1272.8644,0.92874146,8137.4272,3.1307542,0,,,,,1113.6256706864697,0.0002970905,584.5031142921764,0.00029899788,0.0004587424,-0.012091858
1453.6976140662637,8139.9517,3.129715,-0.000841022,10859,1113.6253308419746,584.5030634511546,7367.895,2.7571735,1272.5365,0.92810524,8139.9517,3.129715,0,,,,,1113.6253308419746,0.00029713247,584.5030634511546,0.00029866825,5.6472894e-05,-0.011904755
1453.7184476779164,8139.1357,3.1296759,-0.0008407353,10860,1113.6251861851715,584.5028531159941,7367.06,2.757139,1271.3479,0.9286565,8139.1357,3.1296759,0,,,,,1113.6251861851715,0.00029705788,584.5028531159941,0.00029876755,0.00023301867,-0.012434724
1453.7392812897444,8140.002,3.1299024,-0.00084044837,10861,1113.6252213314106,584.5021937277638,7368.602,2.7573385,1270.8885,0.928834,8140.002,3.1299024,0,,,,,1113.6252213314106,0.00029696853,584.5021937277638,0.0002986937,-0.00017409022,-0.012479245
1453.7601149018053,8133.9863,3.1292012,-0.0008401612,10862,1113.6257168399964,584.5022095356694,7363.589,2.7567208,1272.153,0.92846715,8133.9863,3.1292012,0,,,,,1113.6257168399964,0.00029709455,584.5022095356694,0.00029877995,0.00024650266,-0.012613704
1453.7809485140408,8136.852,3.1298978,-0.0008398739,10863,1113.6254161785646,584.5014696980531,7366.274,2.7573345,1272.9739,0.9287552,8136.852,3.1298978,0,,,,,1113.6254161785646,0.00029697607,584.5014696980531,0.0002987672,3.9322236e-05,-0.013418652
1453.801782126451,8134.8164,3.130148,-0.0008395864,10864,1113.625296549081,584.5020888547953,7363.943,2.7575548,1273.0267,0.9301089,8134.8164,3.130148,0,,,,,1113.625296549081,0.0002971001,584.5020888547953,0.00029884212,-0.00040887846,-0.012415917
1453.8226157390357,8135.1934,3.1294892,-0.00083929877,10865,1113.6253981552757,584.5011938545894,7364.6836,2.7569747,1271.0594,0.92882526,8135.1934,3.1294892,0,,,,,1113.6253981552757,0.0002971138,584.5011938545894,0.0002988257,0.00029900047,-0.014067942
1453.843449351853,8133.1206,3.1292043,-0.00083901087,10866,1113.6253709732637,584.5011431846438,7362.002,2.7567236,1272.8168,0.9287219,8133.1206,3.1292043,0,,,,,1113.6253709732637,0.00029720794,584.5011431846438,0.00029892294,-0.000239418,-0.013523925
1453.8642829648445,8140.3247,3.1315224,-0.0008387228,10867,1113.624863840589,584.501967094083,7368.645,2.7587657,1270.9137,0.9287601,8140.3247,3.1315224,0,,,,,1113.624863840589,0.00029734144,584.501967094083,0.00029885882,-0.00035253784,-0.013075018
1453.8851165780113,8134.21,3.1287184,-0.00083843456,10868,1113.6256309101354,584.5010661350257,7362.8247,2.7562954,1271.3955,0.9280272,8134.21,3.1287184,0,,,,,1113.6256309101354,0.000297071,584.5010661350257,0.0002987989,-0.00015976978,-0.013425293
1453.9059501913534,8134.8613,3.1293244,-0.00083814614,10869,1113.6246359459137,584.5015542387114,7363.7866,2.7568295,1269.9059,0.9302011,8134.8613,3.1293244,0,,,,,1113.6246359459137,0.00029705503,584.5015542387114,0.00029881185,-0.0005386797,-0.013904251
1453.9267838048695,8131.335,3.1291208,-0.00083785754,10870,1113.6251924437502,584.5012731340075,7361.557,2.75665,1269.8252,0.9283252,8131.335,3.1291208,0,,,,,1113.6251924437502,0.00029725253,584.5012731340075,0.00029901575,0.00032150967,-0.01422482
1453.9476174185595,8138.214,3.1309216,-0.0008375688,10871,1113.6251907583764,584.5012372215161,7367.1724,2.7582364,1271.1582,0.9288825,8138.214,3.1309216,0,,,,,1113.6251907583764,0.00029713858,584.5012372215161,0.0002990169,-0.00050772005,-0.013836154
1453.9684510324241,8138.308,3.1308596,-0.00083727983,10872,1113.6252529673955,584.5003845198669,7366.279,2.7581818,1271.3427,0.9285375,8138.308,3.1308596,0,,,,,1113.6252529673955,0.0002969875,584.5003845198669,0.0002990592,-0.00049074535,-0.014367293
1453.9892846464647,8137.7383,3.1288097,-0.0008369907,10873,1113.6246015353827,584.5012368120645,7366.0576,2.756376,1268.7692,0.92794055,8137.7383,3.1288097,0,,,,,1113.6246015353827,0.00029690596,584.5012368120645,0.0002988081,-0.0009615131,-0.014323406
1454.01011826068,8129.871,3.1295695,-0.0008367014,10874,1113.6244820155368,584.5008871743929,7359.9683,2.7570453,1269.5494,0.9281166,8129.871,3.1295695,0,,,,,1113.6244820155368,0.00029707953,584.5008871743929,0.00029920312,-0.00087339844,-0.014483976
1454.0309518750103,8133.432,3.1292772,-0.000836412,10875,1113.6247151336668,584.5009193877795,7362.9644,2.756788,1271.0477,0.92872465,8133.432,3.1292772,0,,,,,1113.6247151336668,0.00029705482,584.5009193877795,0.00029885705,-0.0014574628,-0.014395448
1454.0517854895731,8135.3135,3.1288254,-0.0008361224,10876,1113.62489424369,584.5003465581988,7365.7905,2.7563899,1270.0363,0.9277697,8135.3135,3.1288254,0,,,,,1113.62489424369,0.00029697674,584.5003465581988,0.0002987888,-0.0005164448,-0.014917738
1454.0726191042534,8134.586,3.130242,-0.0008358326,10877,1113.6242187486737,584.5001053364206,7364.896,2.7576377,1270.1177,0.92811,8134.586,3.130242,0,,,,,1113.6242187486737,0.00029741036,584.5001053364206,0.0002988961,-0.0014651713,-0.014983343
1454.0934527191089,8135.0176,3.1290236,-0.0008355427,10878,1113.6247072510369,584.4998944663392,7365.879,2.7565641,1270.9103,0.92792577,8135.0176,3.1290236,0,,,,,1113.6247072510369,0.0002969861,584.4998944663392,0.00029876456,-0.00092883554,-0.015885876
1454.1142863340808,8137.984,3.1292326,-0.00083525263,10879,1113.6250213970795,584.5001173128182,7368.57,2.7567487,1268.3671,0.9280509,8137.984,3.1292326,0,,,,,1113.6250213970795,0.0002969044,584.5001173128182,0.00029857943,-0.00079671084,-0.01526331
1454.135119949226,8135.0728,3.128897,-0.0008349624,10880,1113.624206664733,584.500095857361,7365.7603,2.7564528,1269.7786,0.92770725,8135.0728,3.128897,0,,,,,1113.624206664733,0.000296949,584.500095857361,0.0002987948,-0.001331855,-0.015673023
1454.1559535645458,8137.605,3.1298583,-0.000834672,10881,1113.6244843634117,584.4998097546187,7367.3423,2.7572994,1269.4824,0.92796606,8137.605,3.1298583,0,,,,,1113.6244843634117,0.00029708497,584.4998097546187,0.00029886566,-0.0011351721,-0.015261947
1454.1767871799834,8134.5884,3.1294122,-0.0008343815,10882,1113.6248224290507,584.4992150637023,7364.8423,2.7569067,1268.429,0.9285777,8134.5884,3.1294122,0,,,,,1113.6248224290507,0.00029705587,584.4992150637023,0.00029892536,-0.0009987161,-0.016143404
1454.1976207955956,8140.413,3.1288872,-0.0008340908,10883,1113.624733275106,584.499713731733,7368.87,2.756444,1268.849,0.92739916,8140.413,3.1288872,0,,,,,1113.624733275106,0.00029686154,584.499713731733,0.00029871202,-0.0014060539,-0.015902366
1454.218454411381,8143.652,3.1297147,-0.00083379995,10884,1113.6250945771822,584.49910368958,7371.451,2.757173,1267.5287,0.9282925,8143.652,3.1297147,0,,,,,1113.6250945771822,0.00029682103,584.49910368958,0.00029869002,-0.00081132184,-0.016181141
1454.2392880272828,8135.111,3.1286974,-0.00083350897,10885,1113.6244502812035,584.4989737369372,7363.517,2.7562768,1270.3146,0.92796504,8135.111,3.1286974,0,,,,,1113.6244502812035,0.00029701745,584.4989737369372,0.00029895973,-0.0016643776,-0.016757542
1454.2601216433018,8131.939,3.1275444,-0.00083321787,10886,1113.6248424303678,584.4992941600059,7360.39,2.7552614,1267.2789,0.9275877,8131.939,3.1275444,0,,,,,1113.6248424303678,0.00029704266,584.4992941600059,0.0002991058,-0.0010621382,-0.01613418
1454.280955259496,8137.665,3.1282752,-0.0008329266,10887,1113.62408195395,584.4988029686257,7365.383,2.7559047,1267.5082,0.92706674,8137.665,3.1282752,0,,,,,1113.62408195395,0.00029691387,584.4988029686257,0.00029906994,-0.0017098427,-0.017436696
1454.301788875806,8137.385,3.1281676,-0.0008326352,10888,1113.624641718862,584.498434459891,7366.2095,2.7558103,1267.9779,0.92706734,8137.385,3.1281676,0,,,,,1113.624641718862,0.00029691093,584.498434459891,0.00029895987,-0.0010920361,-0.017617641
1454.32262249229,8140.032,3.1287224,-0.00083234365,10889,1113.624958012849,584.4991688581096,7364.9727,2.756299,1267.732,0.92877007,8140.032,3.1287224,0,,,,,1113.624958012849,0.0002970426,584.4991688581096,0.00029914483,-0.0009976418,-0.01663206
1454.3434561088911,8135.896,3.12796,-0.00083205197,10890,1113.6246993267212,584.4978504216278,7362.135,2.7556272,1266.9996,0.9275255,8135.896,3.12796,0,,,,,1113.6246993267212,0.00029707595,584.4978504216278,0.00029934262,-0.0016424487,-0.018336644
1454.3642897256093,8136.4272,3.1277287,-0.0008317602,10891,1113.624117644055,584.4988050744845,7363.715,2.7554238,1267.3804,0.9273072,8136.4272,3.1277287,0,,,,,1113.624117644055,0.00029689292,584.4988050744845,0.0002991732,-0.0019357883,-0.018138347
1454.3851233425014,8139.0522,3.12879,-0.0008314682,10892,1113.624081845739,584.4984067055078,7366.1187,2.7563584,1265.8236,0.92720604,8139.0522,3.12879,0,,,,,1113.624081845739,0.00029687484,584.4984067055078,0.00029925109,-0.0013773201,-0.018235875
1454.4059569595092,8135.8784,3.128542,-0.0008311761,10893,1113.6242334958374,584.4974166411359,7362.7397,2.75614,1268.3588,0.92768306,8135.8784,3.128542,0,,,,,1113.6242334958374,0.00029713396,584.4974166411359,0.0002993711,-0.0017315462,-0.018680044
1454.4267905766342,8137.3936,3.1272917,-0.0008308839,10894,1113.6242959483968,584.4984558638909,7362.7397,2.7550385,1266.7622,0.9268197,8137.3936,3.1272917,0,,,,,1113.6242959483968,0.00029711457,584.4984558638909,0.0002991936,-0.0017248665,-0.01759436
1454.4476241938762,8132.047,3.1280673,-0.0008305916,10895,1113.6238061694885,584.4970911225444,7360.035,2.7557218,1266.5062,0.92814785,8132.047,3.1280673,0,,,,,1113.6238061694885,0.0002970114,584.4970911225444,0.0002993725,-0.0022092538,-0.018977232
1454.4684578112337,8134.067,3.128773,-0.00083029916,10896,1113.6243583371738,584.4976220323674,7361.06,2.7563436,1266.3026,0.9269383,8134.067,3.128773,0,,,,,1113.6243583371738,0.00029717828,584.4976220323674,0.0002995104,-0.0009959725,-0.019237906
1454.4892914287655,8138.858,3.1294081,-0.00083000655,10897,1113.6238682555445,584.4972910382941,7366.2695,2.756903,1266.4402,0.9275229,8138.858,3.1294081,0,,,,,1113.6238682555445,0.0002971361,584.4972910382941,0.00029927056,-0.0016213306,-0.019052383
1454.5101250464143,8132.3105,3.1279483,-0.0008297138,10898,1113.6241102793067,584.4974982609955,7359.1265,2.7556171,1267.0358,0.9271944,8132.3105,3.1279483,0,,,,,1113.6241102793067,0.00029709018,584.4974982609955,0.00029955714,-0.0019806796,-0.019016162
1454.5309586641213,8133.972,3.127949,-0.00082942104,10899,1113.6234771092652,584.4972397223456,7361.224,2.7556176,1267.0962,0.92715776,8133.972,3.127949,0,,,,,1113.6234771092652,0.00029720867,584.4972397223456,0.0002993408,-0.0022715018,-0.019142166
1454.551792282003,8131.115,3.1266787,-0.0008291281,10900,1113.6231345413178,584.4980576926166,7358.76,2.7544987,1265.8455,0.9266802,8131.115,3.1266787,0,,,,,1113.6231345413178,0.00029701376,584.4980576926166,0.00029929745,-0.0024467357,-0.018614272
1454.572625900001,8133.4463,3.1271393,-0.000828835,10901,1113.624851402144,584.4969291587921,7360.129,2.7549045,1266.1208,0.9268198,8133.4463,3.1271393,0,,,,,1113.624851402144,0.00029707112,584.4969291587921,0.00029939332,-0.0010542747,-0.019867793
1454.6142931363463,8131.178,3.1270626,-0.0008282485,10903,1113.624133884108,584.4962800533259,7360.0723,2.7548366,1265.1831,0.9269365,8131.178,3.1270626,0,,,,,1113.624133884108,0.00029706987,584.4962800533259,0.00029909992,-0.0017414908,-0.020427603
1454.6351267546936,8135.7324,3.128605,-0.0008279551,10904,1113.6236814676631,584.4974699327709,7366.6924,2.7561955,1266.0494,0.9269153,8135.7324,3.128605,0,,,,,1113.6236814676631,0.00029691143,584.4974699327709,0.00029896654,-0.0018466089,-0.019664982
1454.6559603731573,8136.3154,3.1278234,-0.00082766154,10905,1113.6242504410538,584.4967126475942,7365.244,2.7555068,1264.2745,0.9263642,8136.3154,3.1278234,0,,,,,1113.6242504410538,0.0002969769,584.4967126475942,0.00029905344,-0.0015303957,-0.0199197
1454.6767939917372,8129.474,3.1270988,-0.0008273679,10906,1113.6238175432156,584.4964437966504,7360.7354,2.754869,1266.9181,0.9265308,8129.474,3.1270988,0,,,,,1113.6238175432156,0.0002969341,584.4964437966504,0.00029894643,-0.0019241344,-0.020455142
1454.6976276103755,8136.2056,3.1283593,-0.00082707417,10907,1113.6233881929993,584.4963694265124,7366.5264,2.755979,1265.2722,0.926841,8136.2056,3.1283593,0,,,,,1113.6233881929993,0.0002968079,584.4963694265124,0.00029894384,-0.002439039,-0.020384545
1454.7184612291885,8133.014,3.1298053,-0.0008267803,10908,1113.623546854913,584.4964165569146,7363.3145,2.7572532,1265.4921,0.928034,8133.014,3.1298053,0,,,,,1113.623546854913,0.00029698331,584.4964165569146,0.00029921858,-0.0018578692,-0.020072198
1454.7392948481179,8135.895,3.1283193,-0.00082648627,10909,1113.6234287466943,584.49666916751,7366.793,2.7559438,1266.1077,0.92692417,8135.895,3.1283193,0,,,,,1113.6234287466943,0.00029687668,584.49666916751,0.00029898615,-0.0020127047,-0.0208204
1454.7601284671055,8134.3804,3.1284375,-0.0008261922,10910,1113.6232844572514,584.4961709204055,7364.743,2.756048,1267.7866,0.92755,8134.3804,3.1284375,0,,,,,1113.6232844572514,0.00029689784,584.4961709204055,0.00029897798,-0.0020783346,-0.021195617
1454.7809620862095,8136.1597,3.1280077,-0.000825898,10911,1113.623214271681,584.4960002687487,7368.128,2.7556694,1266.046,0.92629087,8136.1597,3.1280077,0,,,,,1113.623214271681,0.00029667112,584.4960002687487,0.00029877675,-0.0025753838,-0.021283127
1454.8017957054299,8132.7734,3.1286018,-0.0008256037,10912,1113.6237246368983,584.4953335457133,7365.5684,2.756193,1265.6779,0.9269502,8132.7734,3.1286018,0,,,,,1113.6237246368983,0.00029695878,584.4953335457133,0.00029899256,-0.0022738709,-0.02161368
1454.8226293247667,8133.3853,3.1285925,-0.0008253093,10913,1113.6233727555743,584.495143999246,7365.003,2.7561848,1266.3628,0.9271354,8133.3853,3.1285925,0,,,,,1113.6233727555743,0.0002968135,584.495143999246,0.0002990383,-0.0022440667,-0.021974357
1454.8434629441617,8129.9224,3.127115,-0.00082501484,10914,1113.62395814453,584.494356589581,7361.506,2.7548828,1266.0468,0.9269824,8129.9224,3.127115,0,,,,,1113.62395814453,0.00029683972,584.494356589581,0.000299035,-0.0027647447,-0.022009995
1454.8642965637312,8141.4326,3.129295,-0.0008247202,10915,1113.622757630854,584.4948008963519,7371.3687,2.7568033,1267.1217,0.9281667,8141.4326,3.129295,0,,,,,1113.622757630854,0.0002966839,584.4948008963519,0.00029882332,-0.0029040955,-0.021913722
1454.885130183359,8136.6577,3.1286378,-0.0008244255,10916,1113.6232115478394,584.4947237997692,7367.7407,2.7562246,1265.9917,0.92820364,8136.6577,3.1286378,0,,,,,1113.6232115478394,0.00029668846,584.4947237997692,0.0002988609,-0.0027978972,-0.022692217
1454.905963803045,8128.9717,3.1270187,-0.0008241307,10917,1113.6231029116602,584.4951697040458,7358.5786,2.7547982,1266.0787,0.9271752,8128.9717,3.1270187,0,,,,,1113.6231029116602,0.00029699123,584.4951697040458,0.0002991376,-0.0030124588,-0.021884585
1454.9267974229058,8138.9717,3.1293023,-0.0008238358,10918,1113.6226355389012,584.4941790158194,7370.222,2.75681,1267.5527,0.9269089,8138.9717,3.1293023,0,,,,,1113.6226355389012,0.00029666058,584.4941790158194,0.00029892582,-0.003203629,-0.022874674
1454.9476310428247,8134.868,3.1287427,-0.0008235408,10919,1113.6230874174141,584.4950146286925,7366.1743,2.756317,1265.5171,0.9270663,8134.868,3.1287427,0,,,,,1113.6230874174141,0.00029706053,584.4950146286925,0.00029892352,-0.0025369425,-0.02247842
1454.96846466286,8135.928,3.1283433,-0.0008232457,10920,1113.6226169794118,584.4938738180269,7368.79,2.755965,1264.9149,0.92656237,8135.928,3.1283433,0,,,,,1113.6226169794118,0.00029663404,584.4938738180269,0.00029881782,-0.0031283512,-0.023212954
1454.9892982829535,8141.2246,3.1289663,-0.0008229505,10921,1113.623356960786,584.4945312120644,7373.47,2.7565138,1266.6729,0.92674136,8141.2246,3.1289663,0,,,,,1113.623356960786,0.0002966131,584.4945312120644,0.00029862125,-0.0030684203,-0.022937119
1455.0101319031635,8136.941,3.1281602,-0.0008226552,10922,1113.6224587356867,584.4946096090721,7368.5654,2.7558038,1265.8458,0.92661446,8136.941,3.1281602,0,,,,,1113.6224587356867,0.0002966605,584.4946096090721,0.00029881916,-0.003399012,-0.02302106
1455.0309655234905,8138.078,3.1293814,-0.0008223598,10923,1113.6232441391187,584.493411365473,7369.7827,2.7568793,1266.8085,0.92779106,8138.078,3.1293814,0,,,,,1113.6232441391187,0.0002966917,584.493411365473,0.00029897148,-0.0032166261,-0.023450993
1455.051799143875,8140.4243,3.1288872,-0.00082206435,10924,1113.622603962864,584.4945250364965,7372.672,2.7564442,1264.7394,0.92646366,8140.4243,3.1288872,0,,,,,1113.622603962864,0.00029663008,584.4945250364965,0.00029884905,-0.0034733892,-0.023353294
1455.0726327643754,8141.825,3.1290228,-0.0008217688,10925,1113.6226328465166,584.493427131321,7372.9307,2.7565637,1264.9941,0.9275935,8141.825,3.1290228,0,,,,,1113.6226328465166,0.00029651515,584.493427131321,0.0002987601,-0.0034590703,-0.023579286
1455.0934663849343,8140.055,3.1296425,-0.00082147314,10926,1113.6228781571183,584.493595916471,7372.212,2.7571096,1264.5548,0.9278687,8140.055,3.1296425,0,,,,,1113.6228781571183,0.00029646343,584.493595916471,0.0002988736,-0.0036355075,-0.024076665
1455.1143000056106,8136.4795,3.1279845,-0.0008211774,10927,1113.622259963171,584.4934388072352,7368.3125,2.7556489,1264.6361,0.92657447,8136.4795,3.1279845,0,,,,,1113.622259963171,0.00029672426,584.4934388072352,0.00029896,-0.003860552,-0.024209855
1455.1351336263444,8143.0786,3.1289134,-0.00082088157,10928,1113.6222340653826,584.4934640966059,7373.429,2.7564673,1263.4346,0.9264016,8143.0786,3.1289134,0,,,,,1113.6222340653826,0.0002966215,584.4934640966059,0.00029881956,-0.003951317,-0.023976162
1455.155967247194,8140.557,3.1301165,-0.00082058564,10929,1113.622500331582,584.4936564894762,7371.6816,2.757527,1263.3287,0.9266468,8140.557,3.1301165,0,,,,,1113.622500331582,0.00029685415,584.4936564894762,0.00029902777,-0.003564323,-0.023868587
1455.1768008681024,8147.743,3.1294115,-0.00082028966,10930,1113.622057273508,584.4932050340637,7378.572,2.756906,1262.6866,0.9271299,8147.743,3.1294115,0,,,,,1113.622057273508,0.00029641518,584.4932050340637,0.000298589,-0.003885466,-0.024821935
1455.197634489128,8136.3726,3.1276982,-0.00081999355,10931,1113.6226174783878,584.4926709529242,7367.914,2.7553966,1264.1404,0.9266265,8136.3726,3.1276982,0,,,,,1113.6226174783878,0.00029664944,584.4926709529242,0.0002988423,-0.00369182,-0.024404697
1455.218468110211,8137.959,3.1292126,-0.0008196974,10932,1113.6220222490886,584.4932793863634,7370.587,2.756731,1264.4418,0.92744374,8137.959,3.1292126,0,,,,,1113.6220222490886,0.0002966168,584.4932793863634,0.00029894648,-0.004031451,-0.024825178
1455.2393017314098,8139.5674,3.1277702,-0.0008194011,10933,1113.622454935528,584.4930300544354,7371.2383,2.75546,1262.2026,0.92583275,8139.5674,3.1277702,0,,,,,1113.622454935528,0.00029648753,584.4930300544354,0.00029875792,-0.0042736167,-0.024155466
1455.2601353526675,8133.4854,3.1283922,-0.0008191048,10934,1113.622611677711,584.492328131654,7367.6963,2.7560081,1263.1229,0.92805105,8133.4854,3.1283922,0,,,,,1113.622611677711,0.000296708,584.492328131654,0.0002989098,-0.0040891743,-0.024778076
1455.2809689740423,8139.2534,3.1283607,-0.00081880833,10935,1113.62151315219,584.4923199736988,7371.2554,2.7559803,1263.3129,0.9260768,8139.2534,3.1283607,0,,,,,1113.62151315219,0.00029662895,584.4923199736988,0.0002988431,-0.0043275654,-0.025059985
1455.301802595475,8143.5537,3.128229,-0.0008185118,10936,1113.6223732764913,584.4921747775049,7373.687,2.7558641,1262.6805,0.92564934,8143.5537,3.128229,0,,,,,1113.6223732764913,0.00029647138,584.4921747775049,0.00029883915,-0.003922125,-0.025613181
1455.3226362169648,8145.5283,3.1289608,-0.00081821525,10937,1113.6223957719296,584.4919480317872,7376.8813,2.756509,1261.6754,0.9263287,8145.5283,3.1289608,0,,,,,1113.6223957719296,0.00029641716,584.4919480317872,0.00029859357,-0.0041721878,-0.025023423
1455.3434698385718,8141.022,3.128961,-0.00081791857,10938,1113.6211698238953,584.4923229575355,7372.2676,2.7565093,1263.2339,0.92662376,8141.022,3.128961,0,,,,,1113.6211698238953,0.00029655237,584.4923229575355,0.00029894465,-0.0046316776,-0.025560768
1455.3643034602376,8141.56,3.1276352,-0.0008176218,10939,1113.6217776752521,584.4917283132372,7373.34,2.7553413,1261.8699,0.9255613,8141.56,3.1276352,0,,,,,1113.6217776752521,0.0002964779,584.4917283132372,0.00029867436,-0.0044289413,-0.025798915
1455.385137081961,8141.345,3.1290126,-0.000817325,10940,1113.6214298061368,584.4924269691951,7373.687,2.7565546,1262.72,0.92723876,8141.345,3.1290126,0,,,,,1113.6214298061368,0.00029649385,584.4924269691951,0.00029867527,-0.004912532,-0.026017075
1455.4059707037418,8142.665,3.1287122,-0.00081702817,10941,1113.6208716211222,584.4921571084838,7374.504,2.75629,1262.7169,0.9262952,8142.665,3.1287122,0,,,,,1113.6208716211222,0.0002963924,584.4921571084838,0.00029868263,-0.0050402666,-0.025742259
1455.4268043256398,8135.9946,3.1274114,-0.0008167312,10942,1113.6209559637011,584.4908186852739,7368.9795,2.755144,1262.0421,0.92589074,8135.9946,3.1274114,0,,,,,1113.6209559637011,0.00029649193,584.4908186852739,0.00029885475,-0.005239784,-0.027237399
1455.4476379476548,8137.489,3.1291878,-0.0008164341,10943,1113.622121402771,584.4919132252684,7368.965,2.756709,1263.1855,0.9272333,8137.489,3.1291878,0,,,,,1113.622121402771,0.00029691655,584.4919132252684,0.00029920644,-0.004673662,-0.026555628
1455.4684715696692,8141.7397,3.1297119,-0.000816137,10944,1113.621364611839,584.4916723258597,7375.3213,2.757171,1261.8875,0.92593014,8141.7397,3.1297119,0,,,,,1113.621364611839,0.00029641384,584.4916723258597,0.00029893834,-0.0052016024,-0.026860148
1455.4893051918,8139.3877,3.1282768,-0.0008158398,10945,1113.6210349223156,584.491253109662,7372.155,2.7559066,1260.7656,0.9266499,8139.3877,3.1282768,0,,,,,1113.6210349223156,0.0002963653,584.491253109662,0.00029877512,-0.0053366222,-0.026673572
1455.510138813989,8143.0063,3.130114,-0.00081554253,10946,1113.6210230513518,584.4907303794286,7376.171,2.757525,1260.6635,0.92585385,8143.0063,3.130114,0,,,,,1113.6210230513518,0.0002964867,584.4907303794286,0.0002990851,-0.005304258,-0.027169315
1455.5309724362362,8145.369,3.1297204,-0.0008152452,10947,1113.6212644557793,584.4913944708039,7377.1206,2.7571783,1261.4132,0.9270925,8145.369,3.1297204,0,,,,,1113.6212644557793,0.00029630619,584.4913944708039,0.00029879776,-0.005055235,-0.027004216
1455.5518060585414,8143.207,3.1282165,-0.0008149478,10948,1113.6209896586695,584.4899962394785,7375.0693,2.7558532,1260.95,0.9253793,8143.207,3.1282165,0,,,,,1113.6209896586695,0.00029627403,584.4899962394785,0.0002987901,-0.005691514,-0.027334051
1455.5726396809632,8146.3096,3.1285586,-0.0008146503,10949,1113.620844146638,584.4911182922843,7379.323,2.7561548,1259.9874,0.9253365,8146.3096,3.1285586,0,,,,,1113.620844146638,0.00029618124,584.4911182922843,0.00029863624,-0.0053573586,-0.027774382
1455.5934733034433,8147.047,3.1283529,-0.00081435277,10950,1113.621404279611,584.4903585691749,7378.236,2.7559733,1260.7966,0.925279,8147.047,3.1283529,0,,,,,1113.621404279611,0.00029618284,584.4903585691749,0.00029876677,-0.004969248,-0.027969576
1455.6143069259815,8135.837,3.1274867,-0.00081405515,10951,1113.6212529670227,584.4901586300174,7370.1626,2.7552104,1261.563,0.92559516,8135.837,3.1274867,0,,,,,1113.6212529670227,0.0002964263,584.4901586300174,0.00029888656,-0.005156056,-0.027868284
1455.6351405485786,8145.4434,3.128571,-0.0008137575,10952,1113.6204254125137,584.4900338631819,7377.681,2.7561655,1260.2365,0.92560697,8145.4434,3.128571,0,,,,,1113.6204254125137,0.00029618313,584.4900338631819,0.0002987079,-0.0055623474,-0.027827566
1455.6559741712333,8141.4287,3.1292017,-0.00081345974,10953,1113.6212126683718,584.4909391202647,7371.779,2.756721,1260.2025,0.9264177,8141.4287,3.1292017,0,,,,,1113.6212126683718,0.00029668477,584.4909391202647,0.0002991939,-0.0048817866,-0.027204229
1455.6768077939455,8135.8423,3.1280222,-0.00081316195,10954,1113.6201738821865,584.4889211992503,7369.267,2.7556822,1262.4928,0.9266943,8135.8423,3.1280222,0,,,,,1113.6201738821865,0.0002964281,584.4889211992503,0.0002989885,-0.0063606035,-0.029366294
1455.6976414167748,8141.2583,3.129255,-0.00081286405,10955,1113.6215674600028,584.4895905546834,7373.7056,2.756768,1261.5079,0.92599255,8141.2583,3.129255,0,,,,,1113.6215674600028,0.000296534,584.4895905546834,0.00029900135,-0.004874188,-0.028008636
1455.718475039663,8137.845,3.129004,-0.0008125661,10956,1113.6204670305826,584.4900283018305,7369.3755,2.756547,1261.8339,0.9262891,8137.845,3.129004,0,,,,,1113.6204670305826,0.00029671084,584.4900283018305,0.00029924884,-0.0058962544,-0.028749675
1455.7393086625505,8141.746,3.128503,-0.0008122681,10957,1113.6201009603774,584.4884159928667,7373.8276,2.756106,1259.692,0.9266135,8141.746,3.128503,0,,,,,1113.6201009603774,0.0002963223,584.4884159928667,0.00029893138,-0.006437082,-0.03010927
1455.7601422855535,8136.7866,3.1275573,-0.00081197004,10958,1113.6197340279732,584.4894155176939,7370.2036,2.7552726,1259.2992,0.9259155,8136.7866,3.1275573,0,,,,,1113.6197340279732,0.0002964441,584.4894155176939,0.00029893106,-0.0063183536,-0.029279524
1455.7809759086163,8135.7036,3.1278186,-0.0008116719,10959,1113.6202475675527,584.4893856658496,7367.935,2.7555027,1262.0283,0.9271138,8135.7036,3.1278186,0,,,,,1113.6202475675527,0.00029657106,584.4893856658496,0.00029907434,-0.0062977234,-0.029155694
1455.8018095317373,8134.266,3.1279945,-0.0008113737,10960,1113.6202651582473,584.4896456455167,7367.909,2.7556577,1259.5876,0.92570853,8134.266,3.1279945,0,,,,,1113.6202651582473,0.000296586,584.4896456455167,0.0002991025,-0.006382998,-0.02959705
1455.822643154915,8139.282,3.1296022,-0.00081107544,10961,1113.6201783275974,584.4891824157019,7372.1367,2.757074,1261.1764,0.9260789,8139.282,3.1296022,0,,,,,1113.6201783275974,0.00029656253,584.4891824157019,0.00029919893,-0.0064191744,-0.029743081
1455.8434767781519,8137.5933,3.1270711,-0.0008107771,10962,1113.619996444194,584.4884952921891,7371.3965,2.7548442,1259.3195,0.92567855,8137.5933,3.1270711,0,,,,,1113.619996444194,0.0002963136,584.4884952921891,0.00029895199,-0.0062142727,-0.030200174
1455.8643104014475,8133.291,3.1267142,-0.00081047876,10963,1113.6201724919104,584.4887785404749,7368.261,2.75453,1260.2023,0.9252435,8133.291,3.1267142,0,,,,,1113.6201724919104,0.00029653145,584.4887785404749,0.00029887006,-0.0065491023,-0.03002269
1455.8851440248006,8133.7793,3.1271834,-0.0008101803,10964,1113.619944108045,584.4886254956516,7368.3193,2.7549431,1259.5015,0.9257503,8133.7793,3.1271834,0,,,,,1113.619944108045,0.0002964185,584.4886254956516,0.00029906293,-0.006148901,-0.029907955
1455.9059776482113,8137.167,3.1277401,-0.00080988184,10965,1113.6207286072747,584.4887874137044,7370.738,2.7554336,1259.556,0.92628944,8137.167,3.1277401,0,,,,,1113.6207286072747,0.0002963117,584.4887874137044,0.0002988984,-0.0061949864,-0.029621521
1455.926811271681,8137.334,3.1291864,-0.0008095833,10966,1113.619798963597,584.4879649330642,7371.632,2.756708,1257.7252,0.9253189,8137.334,3.1291864,0,,,,,1113.619798963597,0.00029648325,584.4879649330642,0.00029915659,-0.006724571,-0.030538945
1455.9476448952676,8133.4077,3.1265738,-0.0008092846,10967,1113.6191840515273,584.4880906673812,7368.651,2.7544062,1259.1592,0.9249204,8133.4077,3.1265738,0,,,,,1113.6191840515273,0.00029632778,584.4880906673812,0.00029896072,-0.007296227,-0.031027358
1455.9684785188535,8132.4697,3.1282134,-0.00080898596,10968,1113.6195092814253,584.4882388267259,7366.4824,2.7558508,1259.8992,0.9261004,8132.4697,3.1282134,0,,,,,1113.6195092814253,0.00029657962,584.4882388267259,0.00029934483,-0.007174345,-0.030441763
1455.9893121424975,8133.3643,3.1276987,-0.00080868724,10969,1113.6193030746242,584.487976177673,7368.122,2.755397,1259.2413,0.92548555,8133.3643,3.1276987,0,,,,,1113.6193030746242,0.00029643415,584.487976177673,0.00029922262,-0.006880255,-0.03097568
1456.0101457661417,8130.096,3.126464,-0.0008083885,10970,1113.6198050058933,584.4882638470059,7365.038,2.7543094,1259.7133,0.92504257,8130.096,3.126464,0,,,,,1113.6198050058933,0.0002964935,584.4882638470059,0.00029899352,-0.006381665,-0.030044548
1456.0309793899023,8132.0063,3.1268885,-0.0008080897,10971,1113.6189335312115,584.487516046364,7367.0337,2.7546835,1260.0717,0.9256391,8132.0063,3.1268885,0,,,,,1113.6189335312115,0.0002964162,584.487516046364,0.00029913717,-0.0074196896,-0.031516843
1456.0518130137218,8131.0312,3.129229,-0.0008077908,10972,1113.6197711293948,584.4889778811395,7366.112,2.7567453,1259.378,0.92619276,8131.0312,3.129229,0,,,,,1113.6197711293948,0.0002967804,584.4889778811395,0.000299418,-0.0062708813,-0.030121226
1456.0726466375988,8134.9473,3.1273384,-0.00080749183,10973,1113.6185074727157,584.4866529031141,7371.2305,2.7550797,1258.4077,0.9248239,8134.9473,3.1273384,0,,,,,1113.6185074727157,0.00029637967,584.4866529031141,0.00029903118,-0.0077137724,-0.03231205
1456.0934802614752,8130.679,3.1266303,-0.0008071929,10974,1113.619874532442,584.487725864069,7366.3154,2.754456,1259.1843,0.9254354,8130.679,3.1266303,0,,,,,1113.619874532442,0.0002964657,584.487725864069,0.0002990303,-0.006771108,-0.031377237
1456.1143138854693,8132.0576,3.1270845,-0.0008068938,10975,1113.6198966603602,584.4871108424351,7368.132,2.754856,1259.642,0.92515475,8132.0576,3.1270845,0,,,,,1113.6198966603602,0.00029636742,584.4871108424351,0.00029904582,-0.0071575567,-0.0316895
1456.1351475094634,8134.1006,3.1272879,-0.00080659473,10976,1113.6195713574655,584.4873780126082,7369.5312,2.7550354,1260.1605,0.92547786,8134.1006,3.1272879,0,,,,,1113.6195713574655,0.0002964186,584.4873780126082,0.00029908112,-0.0070995446,-0.031835034
1456.1559811335144,8133.021,3.12753,-0.0008062956,10977,1113.619077398007,584.486606269845,7369.413,2.7552485,1260.1355,0.92552924,8133.021,3.12753,0,,,,,1113.619077398007,0.00029641853,584.486606269845,0.0002990199,-0.007706299,-0.032682925
1456.1768147576242,8133.912,3.1267493,-0.0008059964,10978,1113.6197356366129,584.4868442272066,7370.1523,2.7545607,1258.8682,0.9250613,8133.912,3.1267493,0,,,,,1113.6197356366129,0.00029628238,584.4868442272066,0.00029885743,-0.007541724,-0.032432042
1456.1976483817928,8133.092,3.127778,-0.0008056972,10979,1113.6189893962573,584.4868935308075,7369.076,2.7554672,1259.4604,0.9264829,8133.092,3.127778,0,,,,,1113.6189893962573,0.00029638084,584.4868935308075,0.00029907582,-0.007598165,-0.03266376
1456.218482006019,8137.8604,3.1291335,-0.00080539787,10980,1113.6191393134714,584.487553911173,7372.7046,2.756661,1258.5997,0.92530215,8137.8604,3.1291335,0,,,,,1113.6191393134714,0.0002963196,584.487553911173,0.00029922783,-0.007711272,-0.03187145
1456.2393156302446,8133.1543,3.1271465,-0.00080509856,10981,1113.6184757655362,584.4864463041098,7370.2314,2.754911,1258.5287,0.92471635,8133.1543,3.1271465,0,,,,,1113.6184757655362,0.00029628916,584.4864463041098,0.00029904814,-0.007957097,-0.033271044
1456.2601492545873,8139.7827,3.127402,-0.00080479914,10982,1113.6190619490858,584.4867848209475,7374.8623,2.7551358,1258.8124,0.92496955,8139.7827,3.127402,0,,,,,1113.6190619490858,0.0002962189,584.4867848209475,0.00029880987,-0.007697504,-0.032688495
1456.2809828789307,8136.4697,3.127242,-0.0008044997,10983,1113.6188567068166,584.4861104613412,7372.7085,2.7549949,1257.3635,0.9255853,8136.4697,3.127242,0,,,,,1113.6188567068166,0.00029631073,584.4861104613412,0.00029888138,-0.007894995,-0.033195037
1456.3018165033316,8137.94,3.127491,-0.00080420024,10984,1113.6189949776315,584.4856682470592,7374.192,2.7552142,1258.6611,0.9253463,8137.94,3.127491,0,,,,,1113.6189949776315,0.0002962351,584.4856682470592,0.00029883324,-0.00785481,-0.033192765
1456.3226501277907,8134.1836,3.1290636,-0.0008039007,10985,1113.6188324562768,584.4862057257743,7371.547,2.7565994,1259.7772,0.9252777,8134.1836,3.1290636,0,,,,,1113.6188324562768,0.0002964819,584.4862057257743,0.00029931605,-0.007964511,-0.03339841
1456.3434837522498,8130.354,3.126716,-0.0008036012,10986,1113.617742881534,584.4862968729755,7367.416,2.7545314,1258.8972,0.925624,8130.354,3.126716,0,,,,,1113.617742881534,0.00029639032,584.4862968729755,0.0002990788,-0.008302721,-0.03358946
1456.364317376767,8135.331,3.1274219,-0.0008033016,10987,1113.6183761172376,584.4855793074083,7372.9204,2.7551532,1259.0779,0.9248081,8135.331,3.1274219,0,,,,,1113.6183761172376,0.0002962138,584.4855793074083,0.00029894154,-0.008414482,-0.034019485
1456.3851510013433,8133.6636,3.127418,-0.0008030019,10988,1113.6183066647918,584.4852176511516,7370.51,2.75515,1260.444,0.92654675,8133.6636,3.127418,0,,,,,1113.6183066647918,0.000296415,584.4852176511516,0.00029890594,-0.008217005,-0.033886403
1456.4059846259768,8128.4604,3.1274753,-0.0008027022,10989,1113.6185392534965,584.4852557610941,7366.631,2.7552004,1257.8348,0.9250499,8128.4604,3.1274753,0,,,,,1113.6185392534965,0.00029637842,584.4852557610941,0.0002994084,-0.008102897,-0.03431126
1456.4268182506098,8136.4316,3.1290724,-0.0008024025,10990,1113.6184649735796,584.4854904160478,7373.191,2.7566073,1258.6342,0.92778635,8136.4316,3.1290724,0,,,,,1113.6184649735796,0.0002963442,584.4854904160478,0.00029907183,-0.008415423,-0.03417221
1456.4476518753024,8135.17,3.1273968,-0.00080210273,10991,1113.618402158605,584.4851835526018,7372.211,2.7551312,1259.7117,0.9259081,8135.17,3.1273968,0,,,,,1113.618402158605,0.00029624678,584.4851835526018,0.00029888615,-0.008418173,-0.03434848
1456.4684855000532,8131.0464,3.1272972,-0.0008018029,10992,1113.6187943037355,584.4853286524542,7368.348,2.7550433,1257.9841,0.92680335,8131.0464,3.1272972,0,,,,,1113.6187943037355,0.0002964895,584.4853286524542,0.00029914282,-0.008173308,-0.034234554
1456.4893191248616,8141.2085,3.1295094,-0.000801503,10993,1113.6178446952074,584.4846148584015,7377.2544,2.7569923,1260.2415,0.9259892,8141.2085,3.1295094,0,,,,,1113.6178446952074,0.0002962071,584.4846148584015,0.00029906954,-0.00902119,-0.034927804
1456.51015274967,8132.8423,3.1266665,-0.00080120313,10994,1113.6182191220723,584.4851486778016,7369.3945,2.7544878,1259.6058,0.9248684,8132.8423,3.1266665,0,,,,,1113.6182191220723,0.0002964116,584.4851486778016,0.00029906596,-0.008787295,-0.034531314
1456.5309863745365,8141.8027,3.1289485,-0.0008009032,10995,1113.6186603637818,584.4841656183577,7378.583,2.756498,1260.3248,0.92544866,8141.8027,3.1289485,0,,,,,1113.6186603637818,0.00029634242,584.4841656183577,0.00029904448,-0.008358742,-0.03547864
1456.551819999403,8136.4106,3.1297233,-0.00080060324,10996,1113.6184067469296,584.4846344844487,7373.5312,2.7571807,1259.7677,0.9261967,8136.4106,3.1297233,0,,,,,1113.6184067469296,0.00029634323,584.4846344844487,0.00029925682,-0.008678011,-0.034632757
1456.5726536243867,8136.689,3.1290717,-0.0008003032,10997,1113.617642255583,584.4844033084703,7374.6123,2.7566068,1260.6719,0.9284592,8136.689,3.1290717,0,,,,,1113.617642255583,0.0002961502,584.4844033084703,0.00029895297,-0.009481618,-0.035579983
1456.5934872493697,8136.3877,3.1277244,-0.0008000031,10998,1113.61785052687,584.4839092957639,7374.0044,2.7554197,1259.6929,0.9258335,8136.3877,3.1277244,0,,,,,1113.61785052687,0.00029624836,584.4839092957639,0.0002989924,-0.008714469,-0.035894934
1456.614320874352,8138.6436,3.1289423,-0.00079970306,10999,1113.6172865610672,584.48427664959,7375.7983,2.7564926,1258.7749,0.92506725,8138.6436,3.1289423,0,,,,,1113.6172865610672,0.00029622728,584.48427664959,0.00029902256,-0.009266708,-0.035752364
1456.6351544993938,8135.571,3.1275578,-0.00079940294,11000,1113.6183685442472,584.4838196091723,7372.397,2.755273,1258.7489,0.9254853,8135.571,3.1275578,0,,,,,1113.6183685442472,0.00029613054,584.4838196091723,0.00029900373,-0.008846694,-0.03527059
1456.6559881244937,8139.3022,3.1287053,-0.00079910277,11001,1113.6177815256126,584.4837790808184,7377.19,2.7562838,1258.8889,0.92626476,8139.3022,3.1287053,0,,,,,1113.6177815256126,0.00029611398,584.4837790808184,0.0002989647,-0.009256247,-0.036415767
1456.6768217495924,8135.606,3.1278257,-0.0007988026,11002,1113.6184736215212,584.4835143397185,7373.4717,2.7555091,1260.659,0.92595685,8135.606,3.1278257,0,,,,,1113.6184736215212,0.0002962728,584.4835143397185,0.00029907934,-0.008908606,-0.035896953
1456.69765537475,8134.971,3.1276977,-0.00079850235,11003,1113.61773630225,584.4828081081398,7372.736,2.7553964,1259.6714,0.9255115,8134.971,3.1276977,0,,,,,1113.61773630225,0.0002962413,584.4828081081398,0.0002990992,-0.009176241,-0.036849305
1456.7184889999082,8138.426,3.12816,-0.0007982021,11004,1113.6179698435878,584.4832608848177,7375.714,2.7558033,1258.3134,0.9256234,8138.426,3.12816,0,,,,,1113.6179698435878,0.00029608948,584.4832608848177,0.00029904672,-0.00932077,-0.036842063
1456.7393226251822,8132.801,3.127515,-0.00079790177,11005,1113.6174188049088,584.4836418316695,7371.203,2.7552354,1259.3469,0.92596084,8132.801,3.127515,0,,,,,1113.6174188049088,0.00029626137,584.4836418316695,0.0002991485,-0.009464876,-0.036120065
1456.760156250398,8144.039,3.1285179,-0.0007976015,11006,1113.618131074373,584.4820462760854,7380.917,2.7561188,1257.4268,0.92493486,8144.039,3.1285179,0,,,,,1113.618131074373,0.00029603727,584.4820462760854,0.0002989035,-0.008929371,-0.03751186
1456.780989875672,8133.5117,3.127964,-0.0007973011,11007,1113.617539751718,584.4827813364311,7371.131,2.755631,1257.6838,0.92489547,8133.5117,3.127964,0,,,,,1113.617539751718,0.0002962243,584.4827813364311,0.00029946544,-0.0098570455,-0.037553165
1456.8018235010043,8134.584,3.127415,-0.0007970007,11008,1113.6175154987889,584.4826826163513,7371.2656,2.7551472,1259.7828,0.9252493,8134.584,3.127415,0,,,,,1113.6175154987889,0.00029630918,584.4826826163513,0.00029936095,-0.009439564,-0.037734006
1456.8226571263372,8136.396,3.1283398,-0.0007967003,11009,1113.6173587064366,584.4827254256132,7372.944,2.755962,1259.913,0.92529196,8136.396,3.1283398,0,,,,,1113.6173587064366,0.00029656306,584.4827254256132,0.00029935033,-0.010291559,-0.037306514
1456.8434907517276,8139.885,3.127877,-0.00079639984,11010,1113.6174856188952,584.4821396682848,7376.115,2.7555544,1260.1261,0.92499226,8139.885,3.127877,0,,,,,1113.6174856188952,0.00029612592,584.4821396682848,0.00029908473,-0.009511442,-0.03765718
1456.8643243771178,8134.6323,3.1266465,-0.00079609937,11011,1113.617620350361,584.4826293815247,7370.053,2.75447,1258.5312,0.925303,8134.6323,3.1266465,0,,,,,1113.617620350361,0.00029618433,584.4826293815247,0.0002992763,-0.009795475,-0.0374633
1456.885158002567,8144.5225,3.1287506,-0.00079579884,11012,1113.6176503554293,584.48085281208,7379.851,2.7563238,1258.8187,0.9254585,8144.5225,3.1287506,0,,,,,1113.6176503554293,0.0002961732,584.48085281208,0.0002991281,-0.009603109,-0.039092563
1456.9059916280157,8138.782,3.12855,-0.0007954983,11013,1113.616948882692,584.4825012428474,7374.0557,2.7561471,1259.4496,0.9256827,8138.782,3.12855,0,,,,,1113.616948882692,0.00029655747,584.4825012428474,0.0002994057,-0.010331658,-0.0376487
1456.9268252535226,8140.902,3.1278338,-0.00079519773,11014,1113.616679306245,584.4821561393686,7376.3945,2.7555163,1258.8688,0.92493975,8140.902,3.1278338,0,,,,,1113.616679306245,0.00029613267,584.4821561393686,0.00029921715,-0.010148436,-0.038613457
1456.9476588790294,8136.589,3.127451,-0.00079489715,11015,1113.616519334958,584.4835122820296,7371.6484,2.755179,1260.6865,0.9257391,8136.589,3.127451,0,,,,,1113.616519334958,0.00029634763,584.4835122820296,0.00029935807,-0.01028904,-0.037243623
1456.9684925045945,8137.241,3.1276674,-0.0007945965,11016,1113.61741975422,584.4807237861377,7373.3945,2.75537,1261.173,0.9252755,8137.241,3.1276674,0,,,,,1113.61741975422,0.00029612012,584.4807237861377,0.0002992404,-0.009720726,-0.03928563
1456.9893261301602,8140.541,3.1283429,-0.00079429586,11017,1113.6163322116236,584.4818069411018,7376.125,2.7559648,1261.5403,0.9259034,8140.541,3.1283429,0,,,,,1113.6163322116236,0.00029609908,584.4818069411018,0.00029940906,-0.0105604,-0.03867401
1457.0101597557834,8135.177,3.1278682,-0.00079399516,11018,1113.617429364669,584.4819122870982,7370.506,2.7555463,1260.891,0.9264762,8135.177,3.1278682,0,,,,,1113.617429364669,0.00029651623,584.4819122870982,0.00029947993,-0.009979683,-0.038526833
1457.030993381406,8138.809,3.1281543,-0.00079369446,11019,1113.6168612211056,584.4819807277938,7374.4346,2.7557983,1262.0807,0.9259486,8138.809,3.1281543,0,,,,,1113.6168612211056,0.00029626838,584.4819807277938,0.0002993094,-0.010375676,-0.038341053
1457.05182700703,8141.8394,3.1304312,-0.00079339376,11020,1113.6160759703448,584.4814269828755,7376.812,2.7578046,1262.9048,0.9261812,8141.8394,3.1304312,0,,,,,1113.6160759703448,0.00029622574,584.4814269828755,0.0002995793,-0.011100034,-0.038832672
1457.072660632712,8135.924,3.1281254,-0.000793093,11021,1113.6168040920338,584.4809793781178,7371.9873,2.755773,1262.5359,0.92580134,8135.924,3.1281254,0,,,,,1113.6168040920338,0.00029646273,584.4809793781178,0.00029945993,-0.010779149,-0.03911344
1457.0934942583929,8135.635,3.1294382,-0.00079279224,11022,1113.6164417223395,584.4812851032166,7371.471,2.7569296,1261.9498,0.92743546,8135.635,3.1294382,0,,,,,1113.6164417223395,0.00029645037,584.4812851032166,0.0002996652,-0.0105635375,-0.039053928
1457.1143278841323,8136.3335,3.128618,-0.0007924914,11023,1113.6168820733617,584.4803668612799,7372.6,2.756207,1263.9045,0.9262929,8136.3335,3.128618,0,,,,,1113.6168820733617,0.00029646774,584.4803668612799,0.0002995687,-0.010074643,-0.039904565
1457.1351615098727,8142.1807,3.1293318,-0.0007921906,11024,1113.6171064252653,584.4801615325206,7378.311,2.7568357,1262.6068,0.9269981,8142.1807,3.1293318,0,,,,,1113.6171064252653,0.0002962156,584.4801615325206,0.00029927492,-0.010039596,-0.040083688
1457.155995135613,8130.8257,3.1285677,-0.0007918898,11025,1113.616642114433,584.481035436456,7367.0835,2.7561626,1265.9165,0.9277715,8130.8257,3.1285677,0,,,,,1113.616642114433,0.00029651713,584.481035436456,0.000299732,-0.010979713,-0.038953263
1457.176828761411,8139.8716,3.1288967,-0.0007915889,11026,1113.6165856606979,584.4806567976045,7375.0854,2.7564526,1262.824,0.9265523,8139.8716,3.1288967,0,,,,,1113.6165856606979,0.00029628474,584.4806567976045,0.00029942414,-0.010692861,-0.040387813
1457.197662387208,8138.8105,3.129341,-0.00079128804,11027,1113.6161317459157,584.4811514771268,7374.032,2.756844,1262.1404,0.92640734,8138.8105,3.129341,0,,,,,1113.6161317459157,0.00029652577,584.4811514771268,0.00029958706,-0.011485088,-0.039321322
1457.2184960130066,8140.206,3.1283305,-0.00079098716,11028,1113.616055832409,584.4804210517647,7374.6816,2.755954,1263.0175,0.9259111,8140.206,3.1283305,0,,,,,1113.616055832409,0.00029618127,584.4804210517647,0.00029952527,-0.011439433,-0.040318564
1457.2393296388634,8139.49,3.1289766,-0.00079068623,11029,1113.6162739749718,584.480031248155,7374.45,2.7565231,1264.57,0.9265227,8139.49,3.1289766,0,,,,,1113.6162739749718,0.00029632356,584.480031248155,0.00029959469,-0.010733091,-0.040531866
1457.2601632647188,8141.74,3.1291695,-0.0007903853,11030,1113.6161618787062,584.479809725926,7376.5195,2.756693,1263.7021,0.9263537,8141.74,3.1291695,0,,,,,1113.6161618787062,0.00029617798,584.479809725926,0.00029944035,-0.011525326,-0.04096231
1457.280996890633,8135.771,3.129616,-0.0007900843,11031,1113.6156716584305,584.4806959788893,7371.4546,2.7570863,1264.1127,0.9267231,8135.771,3.129616,0,,,,,1113.6156716584305,0.00029672906,584.4806959788893,0.0002997804,-0.011388288,-0.039996102
1457.3018305164899,8139.403,3.1303446,-0.0007897834,11032,1113.6161169198397,584.4789240482683,7375.58,2.757728,1263.8705,0.92721653,8139.403,3.1303446,0,,,,,1113.6161169198397,0.00029628817,584.4789240482683,0.00029968788,-0.011660311,-0.041380808
1457.3226641424042,8140.953,3.1288927,-0.0007894824,11033,1113.615427342504,584.4802502605672,7376.3076,2.756449,1263.6664,0.9261406,8140.953,3.1288927,0,,,,,1113.615427342504,0.0002962238,584.4802502605672,0.0002994945,-0.011586285,-0.040443182
1457.3434977683764,8138.3115,3.1289117,-0.00078918133,11034,1113.6157169126295,584.4791042778184,7374.1514,2.756466,1262.8959,0.9263431,8138.3115,3.1289117,0,,,,,1113.6157169126295,0.00029635677,584.4791042778184,0.00029962792,-0.011559923,-0.041556574
1457.3643313942907,8141.2,3.1306024,-0.00078888034,11035,1113.616157948487,584.4797366518335,7375.996,2.7579553,1263.5151,0.9269324,8141.2,3.1306024,0,,,,,1113.616157948487,0.00029649417,584.4797366518335,0.00029977885,-0.011527783,-0.04097975
1457.385165020264,8143.085,3.1304295,-0.0007885793,11036,1113.6159358606926,584.4790163457471,7378.656,2.757803,1263.3278,0.9277579,8143.085,3.1304295,0,,,,,1113.6159358606926,0.00029616017,584.4790163457471,0.00029955726,-0.011676976,-0.041979313
1457.405998646237,8141.9424,3.130353,-0.00078827824,11037,1113.6152843906966,584.4792773902918,7376.865,2.7577355,1263.8107,0.92675257,8141.9424,3.130353,0,,,,,1113.6152843906966,0.00029652438,584.4792773902918,0.00029974701,-0.011792387,-0.041729998
1457.426832272209,8135.2476,3.1292539,-0.0007879772,11038,1113.615755490592,584.4792213028289,7372.145,2.7567673,1264.9628,0.9267804,8135.2476,3.1292539,0,,,,,1113.615755490592,0.00029631658,584.4792213028289,0.00029984405,-0.012299826,-0.041612383
1457.4476658982396,8138.437,3.130169,-0.0007876761,11039,1113.6153834256693,584.4792253779997,7373.541,2.7575734,1264.9387,0.9262246,8138.437,3.130169,0,,,,,1113.6153834256693,0.0002964905,584.4792253779997,0.00029992659,-0.012191539,-0.041137293
1457.468499524271,8137.034,3.1297722,-0.000787375,11040,1113.6153767475128,584.4777225831515,7373.2983,2.7572238,1265.6631,0.9283512,8137.034,3.1297722,0,,,,,1113.6153767475128,0.00029626713,584.4777225831515,0.0002997355,-0.012206524,-0.043290492
1457.4893331503017,8134.5005,3.1291075,-0.00078707386,11041,1113.6153898243515,584.478988406269,7370.4575,2.7566383,1265.9685,0.9279627,8134.5005,3.1291075,0,,,,,1113.6153898243515,0.0002964227,584.478988406269,0.0002997819,-0.012252867,-0.041959703
1457.5101667763324,8138.8975,3.130414,-0.00078677275,11042,1113.6159681515283,584.4772353119972,7376.4087,2.7577894,1265.7782,0.92759204,8138.8975,3.130414,0,,,,,1113.6159681515283,0.00029631687,584.4772353119972,0.00029967265,-0.011750045,-0.043350123
1457.5310004023631,8137.137,3.1289005,-0.00078647165,11043,1113.615360173028,584.478974424043,7373.273,2.756456,1263.9758,0.9265486,8137.137,3.1289005,0,,,,,1113.615360173028,0.00029629396,584.478974424043,0.0002996988,-0.01254325,-0.0423899
1457.5518340284527,8139.285,3.1291595,-0.0007861705,11044,1113.6150026144107,584.4773524455791,7375.7905,2.756684,1264.2058,0.92670935,8139.285,3.1291595,0,,,,,1113.6150026144107,0.00029622548,584.4773524455791,0.00029973107,-0.01293591,-0.043927915
1457.572667654542,8137.5435,3.1283689,-0.0007858693,11045,1113.6149711896899,584.4790468818776,7374.0522,2.7559874,1262.0778,0.92598665,8137.5435,3.1283689,0,,,,,1113.6149711896899,0.00029628185,584.4790468818776,0.0002996079,-0.0120586045,-0.04199999
1457.6143349067193,8138.1406,3.1292403,-0.000785267,11047,1113.6149307303347,584.4772936060626,7378.146,2.7567554,1261.9384,0.92598456,8138.1406,3.1292403,0,,,,,1113.6149307303347,0.0002960745,584.4772936060626,0.00029924052,-0.012780034,-0.04361932
1457.6351685328088,8142.908,3.130161,-0.0007849658,11048,1113.6151678780943,584.478110206514,7382.5337,2.7575662,1263.1206,0.92681986,8142.908,3.130161,0,,,,,1113.6151678780943,0.00029589728,584.478110206514,0.00029903147,-0.012933023,-0.043343004
1457.6560021588978,8138.905,3.1307743,-0.00078466465,11049,1113.6147379188499,584.4772994816175,7378.4893,2.7581067,1262.1332,0.9262674,8138.905,3.1307743,0,,,,,1113.6147379188499,0.00029608016,584.4772994816175,0.0002995691,-0.012670449,-0.043866165
1457.676835785045,8131.2446,3.1299233,-0.0007843634,11050,1113.6145549510338,584.4778878358712,7372.955,2.7573571,1263.3015,0.92622846,8131.2446,3.1299233,0,,,,,1113.6145549510338,0.000296424,584.4778878358712,0.00029956314,-0.012649968,-0.043646395
1457.6976694111338,8136.9863,3.1286297,-0.00078406226,11051,1113.6159007409783,584.4763537164504,7377.76,2.7562172,1260.8103,0.92593366,8136.9863,3.1286297,0,,,,,1113.6159007409783,0.0002960674,584.4763537164504,0.00029925015,-0.01218659,-0.044444725
1457.7185030372816,8142.023,3.1293626,-0.00078376103,11052,1113.6147386101718,584.477583647199,7381.7275,2.7568629,1260.4156,0.92549413,8142.023,3.1293626,0,,,,,1113.6147386101718,0.00029596148,584.477583647199,0.00029913345,-0.012479186,-0.043958932
1457.7393366634294,8137.9224,3.129838,-0.0007834598,11053,1113.6150101716837,584.4771149771036,7378.051,2.7572818,1261.1765,0.92587113,8137.9224,3.129838,0,,,,,1113.6150101716837,0.0002964071,584.4771149771036,0.00029938595,-0.013127927,-0.044183947
1457.7601702895765,8142.773,3.1302953,-0.0007831586,11054,1113.6148978829326,584.4765217471914,7382.6826,2.7576847,1260.5052,0.9251694,8142.773,3.1302953,0,,,,,1113.6148978829326,0.00029623348,584.4765217471914,0.00029933374,-0.012883743,-0.044475
1457.7810039157237,8141.476,3.129718,-0.00078285736,11055,1113.6148301586175,584.4768918805421,7381.198,2.7571762,1260.0164,0.9255615,8141.476,3.129718,0,,,,,1113.6148301586175,0.0002960735,584.4768918805421,0.00029925274,-0.01323309,-0.04469357
1457.8018375418708,8140.5386,3.1293888,-0.00078255613,11056,1113.6151969075397,584.4765192919319,7380.4434,2.7568862,1260.464,0.9256215,8140.5386,3.1293888,0,,,,,1113.6151969075397,0.00029590577,584.4765192919319,0.00029921293,-0.01313531,-0.044980872
1457.8226711680184,8140.797,3.128609,-0.0007822549,11057,1113.6147211295563,584.4761931899023,7380.708,2.7561991,1260.1719,0.9252139,8140.797,3.128609,0,,,,,1113.6147211295563,0.00029583732,584.4761931899023,0.00029911703,-0.013302518,-0.044540673
1457.8435047941662,8142.812,3.1289923,-0.0007819537,11058,1113.613897858676,584.4762757194809,7382.195,2.7565367,1257.8525,0.924987,8142.812,3.1289923,0,,,,,1113.613897858676,0.00029596256,584.4762757194809,0.00029905414,-0.013337287,-0.045055185
1457.8643384203126,8143.98,3.129471,-0.00078165246,11059,1113.6147197225812,584.4765068729342,7383.2603,2.7569587,1257.6315,0.9249188,8143.98,3.129471,0,,,,,1113.6147197225812,0.00029581305,584.4765068729342,0.00029929468,-0.013385049,-0.04517888
1457.8851720464597,8136.52,3.128114,-0.00078135123,11060,1113.6136156056566,584.4754255202868,7376.3965,2.755763,1258.9102,0.925939,8136.52,3.128114,0,,,,,1113.6136156056566,0.00029596317,584.4754255202868,0.00029923863,-0.013573054,-0.045743827
1457.9060056726075,8135.1113,3.128214,-0.00078105,11061,1113.6146584532642,584.475834938103,7376.383,2.755851,1259.0098,0.92534125,8135.1113,3.128214,0,,,,,1113.6146584532642,0.00029602705,584.475834938103,0.00029917117,-0.013335943,-0.045374062
1457.9268392987553,8138.388,3.1279764,-0.0007807488,11062,1113.613996228588,584.4761141535029,7379.4243,2.7556417,1256.3157,0.92531985,8138.388,3.1279764,0,,,,,1113.613996228588,0.00029572396,584.4761141535029,0.00029913455,-0.01337872,-0.04587622
1457.9476729249025,8133.384,3.1275105,-0.00078044756,11063,1113.613417369133,584.4756099430405,7374.5356,2.7552314,1257.1556,0.9245297,8133.384,3.1275105,0,,,,,1113.613417369133,0.00029594987,584.4756099430405,0.0002994011,-0.014384214,-0.04577318
1457.968506551049,8135.378,3.1273494,-0.00078014634,11064,1113.6135051080184,584.4757029143615,7377.259,2.7550893,1254.7314,0.92436117,8135.378,3.1273494,0,,,,,1113.6135051080184,0.00029578508,584.4757029143615,0.00029923377,-0.014399807,-0.046504006
1457.9893401771967,8129.891,3.1277733,-0.0007798451,11065,1113.614398252775,584.4754209501525,7372.01,2.755463,1258.006,0.92543226,8129.891,3.1277733,0,,,,,1113.614398252775,0.00029602024,584.4754209501525,0.00029950662,-0.013350045,-0.046136614
1458.0101738033445,8136.085,3.126795,-0.0007795439,11066,1113.6138265948455,584.4750219866202,7376.8657,2.754601,1255.257,0.92392087,8136.085,3.126795,0,,,,,1113.6138265948455,0.0002958508,584.4750219866202,0.0002991247,-0.014145422,-0.046242956
1458.0310074294914,8135.3843,3.1274345,-0.00077924266,11067,1113.6138704280131,584.4750738326675,7375.67,2.7551644,1255.4474,0.92397434,8135.3843,3.1274345,0,,,,,1113.6138704280131,0.00029625572,584.4750738326675,0.00029932614,-0.014213145,-0.046221226
1458.0518410556385,8136.607,3.1268568,-0.00077894144,11068,1113.6128018935804,584.4743302796679,7377.213,2.7546554,1255.0955,0.92394286,8136.607,3.1268568,0,,,,,1113.6128018935804,0.00029585348,584.4743302796679,0.00029913816,-0.014938714,-0.04724884
1458.0726746817857,8135.7183,3.1270099,-0.0007786402,11069,1113.613742286824,584.4752535326401,7377.7397,2.7547903,1254.0321,0.9240154,8135.7183,3.1270099,0,,,,,1113.613742286824,0.0002958327,584.4752535326401,0.00029921802,-0.014109019,-0.046531387
1458.0935083079335,8130.6616,3.1264575,-0.000778339,11070,1113.6126879917722,584.4748306795703,7372.5767,2.7543035,1254.8691,0.92422956,8130.6616,3.1264575,0,,,,,1113.6126879917722,0.00029589917,584.4748306795703,0.00029937836,-0.014986119,-0.047667686
1458.1143419340224,8135.836,3.1275427,-0.0007780378,11071,1113.613260586229,584.474795891315,7377.3477,2.7552598,1255.9011,0.9241378,8135.836,3.1275427,0,,,,,1113.613260586229,0.00029582414,584.474795891315,0.0002992119,-0.014564093,-0.04727659
1458.1351755601695,8130.6235,3.1263475,-0.0007777366,11072,1113.613297553878,584.4740762315369,7373.3647,2.7542067,1253.8369,0.9241994,8130.6235,3.1263475,0,,,,,1113.613297553878,0.00029586387,584.4740762315369,0.00029932108,-0.014577685,-0.047785085
1458.156009186259,8134.144,3.1277378,-0.00077743543,11073,1113.6126938230086,584.474313758578,7375.3306,2.7554317,1254.4583,0.9248346,8134.144,3.1277378,0,,,,,1113.6126938230086,0.00029605223,584.474313758578,0.0002992927,-0.014862529,-0.047459666
1458.1768428124062,8137.854,3.1267061,-0.0007771342,11074,1113.6129314837526,584.4738375161949,7378.782,2.7545228,1252.0255,0.9231507,8137.854,3.1267061,0,,,,,1113.6129314837526,0.00029568913,584.4738375161949,0.000299196,-0.014861203,-0.048235133
1458.1976764384951,8134.563,3.1283743,-0.00077683304,11075,1113.6129525457427,584.473683267583,7375.89,2.7559924,1253.5933,0.9247764,8134.563,3.1283743,0,,,,,1113.6129525457427,0.00029594675,584.473683267583,0.0002995427,-0.014727307,-0.048261765
1458.218510064584,8135.249,3.1261852,-0.0007765319,11076,1113.6132521921722,584.4735117292164,7376.1006,2.7540636,1253.109,0.923617,8135.249,3.1261852,0,,,,,1113.6132521921722,0.00029571087,584.4735117292164,0.0002991578,-0.015032766,-0.04835892
1458.2393436906154,8129.833,3.1258724,-0.00077623077,11077,1113.613168236431,584.4735564100455,7371.854,2.753788,1252.7728,0.9230305,8129.833,3.1258724,0,,,,,1113.613168236431,0.00029600042,584.4735564100455,0.00029936724,-0.0149159115,-0.048250042
1458.260177316705,8134.586,3.1266174,-0.0007759296,11078,1113.6123926446153,584.4733858890518,7376.555,2.7544446,1253.4132,0.92386514,8134.586,3.1266174,0,,,,,1113.6123926446153,0.0002957889,584.4733858890518,0.0002991713,-0.015563045,-0.04891488
1458.2810109427348,8135.882,3.1271536,-0.0007756285,11079,1113.6127527376375,584.4733956809091,7377.018,2.7549171,1253.1283,0.9241853,8135.882,3.1271536,0,,,,,1113.6127527376375,0.0002958238,584.4733956809091,0.00029931735,-0.0148563795,-0.04861004
1458.3018445688238,8133.136,3.1264944,-0.0007753273,11080,1113.6124929164146,584.4729913539238,7375.6123,2.754336,1252.9336,0.9234429,8133.136,3.1264944,0,,,,,1113.6124929164146,0.00029581465,584.4729913539238,0.0002993866,-0.01553225,-0.049304172
1458.3226781948551,8136.6426,3.1270318,-0.0007750262,11081,1113.6127332521255,584.4730990142609,7377.2754,2.7548096,1252.5493,0.92418146,8136.6426,3.1270318,0,,,,,1113.6127332521255,0.00029570874,584.4730990142609,0.00029933476,-0.015438783,-0.049224716
1458.3435118208865,8135.3267,3.1277428,-0.0007747251,11082,1113.6128615290572,584.4728697380773,7377.3535,2.7554362,1252.3961,0.9236984,8135.3267,3.1277428,0,,,,,1113.6128615290572,0.0002959046,584.4728697380773,0.00029941075,-0.015172812,-0.049286496
1458.364345446859,8129.24,3.1255655,-0.00077442406,11083,1113.6125786539828,584.4722427893829,7371.095,2.753518,1253.2083,0.9238279,8129.24,3.1255655,0,,,,,1113.6125786539828,0.00029579832,584.4722427893829,0.00029930187,-0.015380517,-0.049531113
1458.3851790728315,8136.2666,3.1276636,-0.000774123,11084,1113.6120952762515,584.4727219150473,7378.5864,2.755366,1251.8582,0.92524356,8136.2666,3.1276636,0,,,,,1113.6120952762515,0.00029578197,584.4727219150473,0.00029932856,-0.015489714,-0.04964984
1458.4060126988047,8134.1265,3.1265142,-0.00077382196,11085,1113.612190838889,584.4726175165185,7376.663,2.7543535,1251.3578,0.9235304,8134.1265,3.1265142,0,,,,,1113.612190838889,0.00029577038,584.4726175165185,0.00029933188,-0.015863504,-0.050075244
1458.4268463247772,8131.6597,3.1264105,-0.0007735209,11086,1113.611897642664,584.4727683539891,7373.748,2.7542622,1252.8503,0.9251971,8131.6597,3.1264105,0,,,,,1113.611897642664,0.0002957401,584.4727683539891,0.00029932233,-0.016009303,-0.05024003
1458.4476799507497,8136.8926,3.1268587,-0.00077321986,11087,1113.6113947858057,584.4723721409098,7377.3696,2.7546573,1252.4597,0.9241935,8136.8926,3.1268587,0,,,,,1113.6113947858057,0.00029574663,584.4723721409098,0.00029921532,-0.016534952,-0.049926177
1458.468513576664,8134.225,3.126566,-0.00077291887,11088,1113.6116191974143,584.4719736737767,7376.949,2.754399,1253.1013,0.9246436,8134.225,3.126566,0,,,,,1113.6116191974143,0.00029577222,584.4719736737767,0.00029921642,-0.015887951,-0.050310444
1458.489347202579,8131.6323,3.1264396,-0.0007726179,11089,1113.611683655056,584.4719074941847,7374.5903,2.754288,1252.5236,0.9237418,8131.6323,3.1264396,0,,,,,1113.611683655056,0.00029578782,584.4719074941847,0.0002993537,-0.01660168,-0.05059807
1458.5101808284358,8134.6416,3.1281273,-0.00077231694,11090,1113.6128848337016,584.4714927227309,7376.325,2.755775,1253.4784,0.92521995,8134.6416,3.1281273,0,,,,,1113.6128848337016,0.0002958132,584.4714927227309,0.0002996248,-0.015870752,-0.050828632
1458.5310144542912,8141.26,3.127315,-0.000772016,11091,1113.6119355424516,584.4719064270466,7382.617,2.7550592,1251.3258,0.92394793,8141.26,3.127315,0,,,,,1113.6119355424516,0.00029560484,584.4719064270466,0.00029916476,-0.016293086,-0.050649703
1458.551848080147,8139.2036,3.1264865,-0.0007717151,11092,1113.612452807837,584.4709585086449,7380.4126,2.7543292,1251.5845,0.92300785,8139.2036,3.1264865,0,,,,,1113.612452807837,0.0002956356,584.4709585086449,0.00029909966,-0.016210979,-0.051181916
1458.5726817060038,8134.4907,3.1263626,-0.00077141414,11093,1113.6117238630543,584.471014269386,7376.878,2.75422,1251.1461,0.92419314,8134.4907,3.1263626,0,,,,,1113.6117238630543,0.00029564017,584.471014269386,0.0002992946,-0.016835134,-0.051247153
1458.5935153318023,8136.719,3.1260097,-0.00077111326,11094,1113.6113289778093,584.4712398883318,7379.713,2.753909,1250.4823,0.9229424,8136.719,3.1260097,0,,,,,1113.6113289778093,0.00029551832,584.4712398883318,0.00029910463,-0.0165776,-0.051452905
1458.6143489576002,8140.265,3.1275795,-0.0007708124,11095,1113.6116955604377,584.4714968039535,7381.395,2.755292,1250.9421,0.9242733,8140.265,3.1275795,0,,,,,1113.6116955604377,0.00029556552,584.4714968039535,0.00029920944,-0.016289871,-0.05141595
1458.6351825833399,8133.519,3.1276531,-0.0007705116,11096,1113.6113034001069,584.470911466482,7376.3276,2.755357,1251.9457,0.92372495,8133.519,3.1276531,0,,,,,1113.6113034001069,0.0002956706,584.470911466482,0.0002996012,-0.016979015,-0.05210831
1458.6560162090802,8137.007,3.1285334,-0.00077021075,11097,1113.6114990187216,584.4702434125909,7380.4595,2.7561324,1251.4247,0.9235979,8137.007,3.1285334,0,,,,,1113.6114990187216,0.0002962244,584.4702434125909,0.000299408,-0.01718486,-0.052449875
1458.67684983482,8134.5854,3.1257725,-0.00076990994,11098,1113.6109922469197,584.4707047938418,7377.609,2.7537003,1250.8129,0.9230796,8134.5854,3.1257725,0,,,,,1113.6109922469197,0.00029559003,584.4707047938418,0.00029922315,-0.017264813,-0.05213196
1458.6976834605014,8135.597,3.1281183,-0.0007696092,11099,1113.611580165162,584.4708295126666,7377.722,2.7557669,1251.1669,0.9236977,8135.597,3.1281183,0,,,,,1113.611580165162,0.00029593625,584.4708295126666,0.00029955152,-0.016711434,-0.05176336
1458.7185170861246,8136.283,3.1265688,-0.0007693085,11100,1113.611444882934,584.4699988875818,7379.0557,2.7544017,1250.8336,0.9236015,8136.283,3.1265688,0,,,,,1113.611444882934,0.00029565062,584.4699988875818,0.00029928336,-0.017091557,-0.052691624
1458.7393507118068,8140.988,3.127047,-0.0007690077,11101,1113.6116904424482,584.4704829681955,7383.606,2.7548232,1251.2611,0.92352426,8140.988,3.127047,0,,,,,1113.6116904424482,0.0002954872,584.4704829681955,0.00029906834,-0.016692558,-0.051948454
1458.7601843373725,8140.898,3.127038,-0.0007687071,11102,1113.6113074813202,584.4693938079016,7381.0093,2.754815,1251.417,0.92425287,8140.898,3.127038,0,,,,,1113.6113074813202,0.00029561255,584.4693938079016,0.00029932012,-0.01732787,-0.052702177
1458.7810179629955,8135.043,3.1261024,-0.0007684064,11103,1113.6102740768026,584.4690472763625,7376.3413,2.7539911,1250.6079,0.92387336,8135.043,3.1261024,0,,,,,1113.6102740768026,0.0002955547,584.4690472763625,0.0002993892,-0.018703215,-0.053763706
1458.8018515885024,8137.0376,3.126543,-0.0007681058,11104,1113.6118683274153,584.4704735698094,7378.266,2.754379,1250.2299,0.92375106,8137.0376,3.126543,0,,,,,1113.6118683274153,0.00029561252,584.4704735698094,0.00029934422,-0.016891507,-0.052155964
1458.8226852140674,8138.146,3.1269855,-0.00076780515,11105,1113.6094853628842,584.4692266273956,7379.044,2.7547688,1251.8774,0.92350376,8138.146,3.1269855,0,,,,,1113.6094853628842,0.0002958491,584.4692266273956,0.00029951232,-0.018566677,-0.053837173
1458.8435188395167,8142.279,3.1269822,-0.0007675046,11106,1113.6101352314133,584.4693763853155,7381.9194,2.7547657,1250.3732,0.92381126,8142.279,3.1269822,0,,,,,1113.6101352314133,0.0002955466,584.4693763853155,0.0002993495,-0.018175058,-0.053795215
1458.8643524650236,8135.896,3.1257021,-0.00076720404,11107,1113.610163071388,584.4697106144037,7377.523,2.7536385,1250.17,0.9229192,8135.896,3.1257021,0,,,,,1113.610163071388,0.0002955279,584.4697106144037,0.00029932728,-0.018704278,-0.05308352
1458.885186090414,8141.179,3.127093,-0.00076690357,11108,1113.6116538019835,584.4685885604367,7383.5977,2.7548635,1250.9589,0.9234798,8141.179,3.127093,0,,,,,1113.6116538019835,0.000295427,584.4685885604367,0.00029919957,-0.017392363,-0.054196972
1458.906019715805,8139.153,3.1279216,-0.0007666031,11109,1113.6097169112988,584.4689117647199,7381.2695,2.7555935,1250.0271,0.9239327,8139.153,3.1279216,0,,,,,1113.6097169112988,0.0002956317,584.4689117647199,0.00029946343,-0.018502168,-0.05403828
1458.9268533411962,8139.897,3.126926,-0.00076630263,11110,1113.6100923780614,584.4688460248689,7383.1206,2.7547164,1251.6075,0.92294043,8139.897,3.126926,0,,,,,1113.6100923780614,0.00029546797,584.4688460248689,0.0002992168,-0.01799301,-0.054095067
1458.947686966529,8134.0073,3.1260576,-0.0007660022,11111,1113.6105915775033,584.4690938983491,7377.8164,2.7539515,1250.985,0.9229537,8134.0073,3.1260576,0,,,,,1113.6105915775033,0.00029557245,584.4690938983491,0.00029934483,-0.018415254,-0.05397944
1458.968520591803,8137.0293,3.126719,-0.0007657019,11112,1113.6113572491472,584.4681676850676,7380.863,2.754534,1250.304,0.92317694,8137.0293,3.126719,0,,,,,1113.6113572491472,0.00029545583,584.4681676850676,0.00029929364,-0.017574638,-0.05468898
1458.989354217077,8138.214,3.1266897,-0.0007654015,11113,1113.6101789417462,584.4679034363816,7381.6367,2.754508,1250.8333,0.9235474,8138.214,3.1266897,0,,,,,1113.6101789417462,0.00029536922,584.4679034363816,0.00029918549,-0.018439407,-0.054512862
1459.0101878422927,8135.609,3.1273808,-0.0007651012,11114,1113.610226042512,584.4678123763898,7378.991,2.755117,1249.7731,0.92292446,8135.609,3.1273808,0,,,,,1113.610226042512,0.0002958935,584.4678123763898,0.00029943653,-0.018532075,-0.05452438
1459.031021467451,8138.16,3.1271236,-0.000764801,11115,1113.6104465387841,584.4685060629708,7381.9966,2.7548904,1251.7858,0.92371505,8138.16,3.1271236,0,,,,,1113.6104465387841,0.00029541348,584.4685060629708,0.0002992831,-0.018237999,-0.054571882
1459.0518550926085,8139.194,3.1266372,-0.00076450076,11116,1113.6098540229875,584.4677110091502,7382.813,2.754462,1249.2356,0.92323065,8139.194,3.1266372,0,,,,,1113.6098540229875,0.0002953444,584.4677110091502,0.00029915237,-0.01895524,-0.055180028
1459.072688717708,8140.932,3.128095,-0.0007642006,11117,1113.609661849647,584.4685424047943,7384.239,2.7557461,1250.596,0.9234484,8140.932,3.128095,0,,,,,1113.609661849647,0.00029548685,584.4685424047943,0.00029936043,-0.018663274,-0.05493166
1459.0935223427498,8139.269,3.1284838,-0.00076390046,11118,1113.6092583443935,584.4678839801977,7383.544,2.7560885,1249.8871,0.9231293,8139.269,3.1284838,0,,,,,1113.6092583443935,0.00029563514,584.4678839801977,0.00029940673,-0.019121341,-0.055217408
1459.1143559677917,8138.726,3.1266751,-0.00076360034,11119,1113.6102153931183,584.4682610320144,7382.8105,2.7544956,1251.195,0.9229264,8138.726,3.1266751,0,,,,,1113.6102153931183,0.00029541686,584.4682610320144,0.00029919468,-0.018596629,-0.05472062
1459.1351895927746,8140.47,3.1276987,-0.0007633003,11120,1113.609895687922,584.4667033276171,7384.9746,2.755397,1251.1143,0.92353964,8140.47,3.1276987,0,,,,,1113.609895687922,0.00029554107,584.4667033276171,0.0002992033,-0.01940232,-0.056410946
1459.1560232176994,8137.2993,3.1276517,-0.0007630003,11121,1113.6098707580006,584.4678671785925,7381.7363,2.7553558,1251.4479,0.9228551,8137.2993,3.1276517,0,,,,,1113.6098707580006,0.00029562684,584.4678671785925,0.00029944445,-0.018868726,-0.05533343
1459.1768568425666,8135.6187,3.1266096,-0.00076270034,11122,1113.6091400963342,584.4669290133627,7380.2036,2.7544374,1252.2272,0.9233438,8135.6187,3.1266096,0,,,,,1113.6091400963342,0.00029548904,584.4669290133627,0.0002993251,-0.019540794,-0.056386355
1459.1976904674332,8135.7153,3.1272144,-0.0007624004,11123,1113.6097892810278,584.4668473089076,7380.2363,2.7549703,1252.147,0.9243586,8135.7153,3.1272144,0,,,,,1113.6097892810278,0.00029546142,584.4668473089076,0.00029935865,-0.019563006,-0.056371305
1459.2185240922415,8146.116,3.1285007,-0.0007621005,11124,1113.6092054148676,584.4664421328596,7388.846,2.7561038,1253.0004,0.9237577,8146.116,3.1285007,0,,,,,1113.6092054148676,0.00029534908,584.4664421328596,0.00029925696,-0.019833155,-0.05703936
1459.2393577169917,8138.311,3.1269307,-0.0007618007,11125,1113.6094037112239,584.4673211036883,7382.3623,2.7547207,1251.7605,0.92339814,8138.311,3.1269307,0,,,,,1113.6094037112239,0.00029542283,584.4673211036883,0.000299249,-0.019073825,-0.056357604
1459.260191341684,8134.88,3.1270077,-0.0007615009,11126,1113.610070742621,584.4665348336333,7379.662,2.7547886,1253.2566,0.9240006,8134.88,3.1270077,0,,,,,1113.610070742621,0.00029553202,584.4665348336333,0.00029936005,-0.019267276,-0.056648023
1459.2810249663767,8136.5728,3.1279962,-0.00076120114,11127,1113.6088828622533,584.466952918747,7381.6772,2.755659,1253.4155,0.92448115,8136.5728,3.1279962,0,,,,,1113.6088828622533,0.0002957254,584.466952918747,0.0002994478,-0.019756017,-0.05660256
1459.3018585909522,8139.2095,3.1280823,-0.0007609015,11128,1113.6089956546436,584.4669927898084,7384.37,2.755735,1253.7324,0.9242935,8139.2095,3.1280823,0,,,,,1113.6089956546436,0.00029547545,584.4669927898084,0.0002992681,-0.019843148,-0.056708295
1459.3226922155277,8139.772,3.1277106,-0.00076060183,11129,1113.6087820195849,584.466823945556,7385.1,2.7554078,1253.9386,0.9236732,8139.772,3.1277106,0,,,,,1113.6087820195849,0.00029534797,584.466823945556,0.00029927035,-0.020037536,-0.05696569
1459.3435258400457,8143.115,3.1297557,-0.00076030224,11130,1113.60979043024,584.4661504423768,7388.4956,2.7572093,1254.0192,0.92496425,8143.115,3.1297557,0,,,,,1113.60979043024,0.00029544794,584.4661504423768,0.00029938028,-0.019408971,-0.05686589
1459.3643594645055,8137.523,3.1279778,-0.0007600027,11131,1113.6090376171685,584.4664248140438,7382.934,2.7556431,1253.903,0.92455083,8137.523,3.1279778,0,,,,,1113.6090376171685,0.0002955378,584.4664248140438,0.00029944768,-0.019492118,-0.05736259
1459.3851930889064,8141.849,3.1298594,-0.0007597032,11132,1113.6087090707458,584.4651611387472,7385.969,2.7573009,1252.9452,0.9236194,8141.849,3.1298594,0,,,,,1113.6087090707458,0.0002957218,584.4651611387472,0.00029962818,-0.020401359,-0.057680883
1459.406026713249,8140.008,3.1283185,-0.0007594038,11133,1113.6085256047697,584.465459259304,7384.5273,2.755943,1255.267,0.9244514,8140.008,3.1283185,0,,,,,1113.6085256047697,0.00029546348,584.465459259304,0.00029932047,-0.020533044,-0.05752275
1459.4268603375335,8136.854,3.1279652,-0.00075910444,11134,1113.6088226758131,584.4656977589365,7383.072,2.755632,1253.8367,0.92476976,8136.854,3.1279652,0,,,,,1113.6088226758131,0.00029553392,584.4656977589365,0.00029944378,-0.019923411,-0.058237273
1459.4476939617605,8140.0884,3.1282022,-0.00075880514,11135,1113.6091168533712,584.4656420505771,7384.5137,2.7558408,1255.3627,0.92419666,8140.0884,3.1282022,0,,,,,1113.6091168533712,0.000295432,584.4656420505771,0.0002994249,-0.020018054,-0.0579486
1459.4685275859285,8141.006,3.129583,-0.0007585059,11136,1113.6088024439096,584.4653156929771,7386.34,2.757057,1254.673,0.9247268,8141.006,3.129583,0,,,,,1113.6088024439096,0.0002953999,584.4653156929771,0.00029951127,-0.020586764,-0.058626126
1459.4893612100966,8137.6787,3.128072,-0.00075820665,11137,1113.6082928131157,584.4644542507068,7383.2485,2.755726,1254.2413,0.92403555,8137.6787,3.128072,0,,,,,1113.6082928131157,0.00029549983,584.4644542507068,0.00029943392,-0.020478807,-0.05835866
1459.5101948341487,8143.2886,3.1291463,-0.0007579075,11138,1113.6088444939105,584.4645381429065,7388.596,2.7566726,1254.6279,0.92515016,8143.2886,3.1291463,0,,,,,1113.6088444939105,0.0002953125,584.4645381429065,0.00029921724,-0.02037509,-0.058616504
1459.5310284581428,8135.978,3.128305,-0.00075760845,11139,1113.607503227965,584.4650795551838,7382.1074,2.7559314,1255.3802,0.92509764,8135.978,3.128305,0,,,,,1113.607503227965,0.0002954968,584.4650795551838,0.0002994328,-0.02092734,-0.058649037
1459.551862082078,8140.8037,3.128594,-0.00075730943,11140,1113.6087889261712,584.4648645114779,7386.8247,2.7561858,1255.5526,0.92410654,8140.8037,3.128594,0,,,,,1113.6087889261712,0.0002953931,584.4648645114779,0.00029940088,-0.020583514,-0.059049178
1459.572695705955,8136.282,3.1281445,-0.0007570105,11141,1113.6081548677791,584.4642235358318,7382.934,2.75579,1256.262,0.9243949,8136.282,3.1281445,0,,,,,1113.6081548677791,0.00029540976,584.4642235358318,0.00029954477,-0.021358572,-0.059526756
1459.5935293297746,8141.1113,3.1302774,-0.0007567116,11142,1113.6087495917657,584.4643727368485,7386.297,2.757669,1256.0535,0.9247312,8141.1113,3.1302774,0,,,,,1113.6087495917657,0.00029536156,584.4643727368485,0.00029964995,-0.020495463,-0.05883841
1459.6143629535359,8135.59,3.1285012,-0.00075641274,11143,1113.6085984459528,584.4635506646664,7382.2476,2.7561042,1255.3383,0.9248878,8135.59,3.1285012,0,,,,,1113.6085984459528,0.00029554882,584.4635506646664,0.00029963645,-0.02143802,-0.059990194
1459.6351965772383,8141.1343,3.128768,-0.00075611396,11144,1113.608911943496,584.4646946555073,7386.255,2.756339,1255.7631,0.92456496,8141.1343,3.128768,0,,,,,1113.608911943496,0.00029542836,584.4646946555073,0.00029948945,-0.020692335,-0.05953158
1459.6560302008243,8143.625,3.1296449,-0.0007558153,11145,1113.6081422951167,584.4640855151663,7388.379,2.7571115,1256.6345,0.92411697,8143.625,3.1296449,0,,,,,1113.6081422951167,0.00029538517,584.4640855151663,0.0002995938,-0.021301385,-0.059832934
1459.676863824411,8142.118,3.1294978,-0.00075551664,11146,1113.6080497804367,584.463695338703,7388.139,2.756982,1257.0317,0.924816,8142.118,3.1294978,0,,,,,1113.6080497804367,0.00029542175,584.463695338703,0.00029956497,-0.021328622,-0.060991187
1459.6976974478812,8142.345,3.1297512,-0.0007552181,11147,1113.6075844230957,584.4644614501983,7386.7485,2.7572055,1256.4576,0.9266405,8142.345,3.1297512,0,,,,,1113.6075844230957,0.00029540685,584.4644614501983,0.00029956183,-0.021701423,-0.059414946
1459.7185310712925,8136.48,3.1284394,-0.0007549196,11148,1113.6078312635664,584.4635713781188,7382.0425,2.7560496,1258.3519,0.9248487,8136.48,3.1284394,0,,,,,1113.6078312635664,0.0002955627,584.4635713781188,0.00029970147,-0.021388337,-0.06100532
1459.7393646946457,8139.6772,3.1291213,-0.0007546212,11149,1113.6078992688126,584.463267105267,7384.1143,2.7566504,1257.3684,0.9244771,8139.6772,3.1291213,0,,,,,1113.6078992688126,0.00029550394,584.463267105267,0.00029977682,-0.021797132,-0.060352582
1459.7601983179413,8134.439,3.1282094,-0.0007543228,11150,1113.6074966476117,584.4634807115114,7380.5894,2.755847,1257.3376,0.9246656,8134.439,3.1282094,0,,,,,1113.6074966476117,0.00029553997,584.4634807115114,0.00029973802,-0.021897793,-0.060931694
1459.7810319411196,8143.951,3.1285796,-0.00075402454,11151,1113.6073548379993,584.4632962004569,7387.9014,2.7561731,1254.645,0.92431664,8143.951,3.1285796,0,,,,,1113.6073548379993,0.0002953223,584.4632962004569,0.00029964378,-0.021686267,-0.06105336
1459.80186556424,8143.4917,3.1300764,-0.00075372634,11152,1113.6073418096037,584.4624155863477,7387.8584,2.7574918,1255.8854,0.924738,8143.4917,3.1300764,0,,,,,1113.6073418096037,0.00029570409,584.4624155863477,0.000299774,-0.02169401,-0.061380446
1459.822699187302,8142.7197,3.1282723,-0.0007534282,11153,1113.6074542592035,584.4622072751074,7386.3467,2.7559025,1254.473,0.92383754,8142.7197,3.1282723,0,,,,,1113.6074542592035,0.00029537315,584.4622072751074,0.00029973025,-0.022369383,-0.061728638
1459.8435328103067,8137.4233,3.1290529,-0.0007531301,11154,1113.6077423417657,584.4627366865027,7381.669,2.7565901,1255.6766,0.9261875,8137.4233,3.1290529,0,,,,,1113.6077423417657,0.0002955796,584.4627366865027,0.00029983808,-0.021789934,-0.061112795
1459.8643664331948,8136.88,3.1270554,-0.00075283216,11155,1113.6064852235354,584.4630664739178,7381.416,2.7548304,1252.4653,0.92346156,8136.88,3.1270554,0,,,,,1113.6064852235354,0.0002954545,584.4630664739178,0.00029978293,-0.02287573,-0.06119704
1459.8852000560241,8136.8345,3.1288812,-0.00075253425,11156,1113.6068930550964,584.4628411618041,7381.4976,2.7564392,1254.3359,0.9246228,8136.8345,3.1288812,0,,,,,1113.6068930550964,0.0002956631,584.4628411618041,0.00029999315,-0.022556178,-0.061628513
1459.906033678737,8139.5947,3.1282942,-0.00075223646,11157,1113.606725344763,584.4618547587293,7384.2817,2.7559218,1254.6108,0.9243815,8139.5947,3.1282942,0,,,,,1113.606725344763,0.00029532248,584.4618547587293,0.00029974701,-0.022407677,-0.062375817
1459.9268673013923,8130.1724,3.1268868,-0.0007519387,11158,1113.6071190060347,584.4618268806208,7376.284,2.7546818,1254.9526,0.92398596,8130.1724,3.1268868,0,,,,,1113.6071190060347,0.00029541046,584.4618268806208,0.00030002755,-0.022346111,-0.062232986
1459.9477009239895,8135.8574,3.1277335,-0.00075164106,11159,1113.6073767163307,584.4619185422019,7381.8257,2.7554278,1253.9423,0.9242491,8135.8574,3.1277335,0,,,,,1113.6073767163307,0.00029540827,584.4619185422019,0.0002997901,-0.02264713,-0.06267613
1459.9685345464695,8137.206,3.1288836,-0.0007513435,11160,1113.6063422054408,584.4616144481402,7382.6206,2.756441,1252.5404,0.9257429,8137.206,3.1288836,0,,,,,1113.6063422054408,0.00029539256,584.4616144481402,0.00029986678,-0.022761164,-0.062578306
1459.9893681688914,8136.583,3.1277559,-0.000751046,11161,1113.6069764387848,584.4616363912291,7382.066,2.7554474,1253.9061,0.924602,8136.583,3.1277559,0,,,,,1113.6069764387848,0.00029538543,584.4616363912291,0.00029982437,-0.02262854,-0.06281395
1460.0102017911975,8135.897,3.127102,-0.0007507486,11162,1113.6066554543295,584.4619316806633,7380.037,2.7548716,1253.7764,0.9238465,8135.897,3.127102,0,,,,,1113.6066554543295,0.00029544343,584.4619316806633,0.00029992164,-0.02263185,-0.06274757
1460.0310354134451,8136.075,3.1277409,-0.0007504513,11163,1113.6069202180768,584.4609740237231,7381.393,2.7554343,1254.3805,0.92406756,8136.075,3.1277409,0,,,,,1113.6069202180768,0.0002954969,584.4609740237231,0.00029988016,-0.02283762,-0.06383596
1460.051869035576,8128.679,3.1267188,-0.0007501541,11164,1113.6065960596386,584.4622720516147,7374.2773,2.7545338,1255.9746,0.9243759,8128.679,3.1267188,0,,,,,1113.6065960596386,0.00029564463,584.4622720516147,0.0003000691,-0.023010211,-0.06228915
1460.0727026575903,8137.7134,3.1301482,-0.000749857,11165,1113.6068564192226,584.4599646234964,7383.9263,2.757555,1255.025,0.9243147,8137.7134,3.1301482,0,,,,,1113.6068564192226,0.00029581776,584.4599646234964,0.00030008305,-0.022716777,-0.06434104
1460.0935362796054,8137.5454,3.1275997,-0.0007495599,11166,1113.6063604865003,584.4607987276393,7381.827,2.75531,1255.7661,0.9241888,8137.5454,3.1275997,0,,,,,1113.6063604865003,0.00029538208,584.4607987276393,0.00029988517,-0.023590935,-0.06328956
1460.1143699014458,8138.783,3.128295,-0.000749263,11167,1113.6067733743776,584.4601386850176,7383.1416,2.7559223,1254.2328,0.9251055,8138.783,3.128295,0,,,,,1113.6067733743776,0.0002954966,584.4601386850176,0.00029985255,-0.022827078,-0.064346254
1460.135203523228,8132.7085,3.1272678,-0.0007489661,11168,1113.6060776256484,584.4606377533956,7378.339,2.7550175,1254.3425,0.9243669,8132.7085,3.1272678,0,,,,,1113.6060776256484,0.00029542824,584.4606377533956,0.00029993753,-0.02338592,-0.06354556
1460.1560371448932,8137.3203,3.128346,-0.0007486694,11169,1113.6055702900496,584.4614477994982,7381.607,2.7559674,1253.4657,0.92372084,8137.3203,3.128346,0,,,,,1113.6055702900496,0.0002958206,584.4614477994982,0.00030003864,-0.024074262,-0.06353072
1460.1768707665,8128.905,3.1272507,-0.0007483727,11170,1113.6065579133729,584.4604154178452,7375.089,2.7550025,1254.5491,0.9248276,8128.905,3.1272507,0,,,,,1113.6065579133729,0.00029553552,584.4604154178452,0.00030018785,-0.02350249,-0.06431598
1460.1977043879913,8139.5264,3.1275072,-0.0007480761,11171,1113.6056087805878,584.4602281086605,7384.707,2.7552283,1253.9532,0.9237538,8139.5264,3.1275072,0,,,,,1113.6056087805878,0.0002951967,584.4602281086605,0.00029976846,-0.024264889,-0.06446513
1460.218538009366,8132.117,3.127617,-0.0007477797,11172,1113.6059583934775,584.4601394503942,7377.4023,2.7553248,1253.7032,0.924747,8132.117,3.127617,0,,,,,1113.6059583934775,0.00029546142,584.4601394503942,0.0003001197,-0.023846589,-0.06429551
1460.2393716306237,8131.1006,3.1264176,-0.00074748334,11173,1113.6058775131291,584.4606160271488,7375.5137,2.7542684,1253.9059,0.9239573,8131.1006,3.1264176,0,,,,,1113.6058775131291,0.00029543065,584.4606160271488,0.00030010522,-0.02397364,-0.064103216
1460.2602052518232,8137.691,3.1275456,-0.00074718706,11174,1113.6058885931616,584.4595869074869,7382.18,2.7552621,1253.1814,0.9239976,8137.691,3.1275456,0,,,,,1113.6058885931616,0.00029536572,584.4595869074869,0.00029981812,-0.023932764,-0.06479627
1460.281038872907,8136.4717,3.1279504,-0.0007468909,11175,1113.6058600841627,584.4591785471035,7380.7314,2.7556188,1252.2561,0.92348367,8136.4717,3.1279504,0,,,,,1113.6058600841627,0.00029543944,584.4591785471035,0.00030008412,-0.024062552,-0.06491082
1460.301872493874,8138.327,3.1269825,-0.00074659486,11176,1113.6050040183625,584.4594637066998,7382.523,2.7547662,1252.284,0.9231402,8138.327,3.1269825,0,,,,,1113.6050040183625,0.0002953983,584.4594637066998,0.00029993535,-0.024430035,-0.06542396
1460.3227061147243,8128.0044,3.1271012,-0.00074629893,11177,1113.6054370001555,584.4591638153966,7373.254,2.754871,1254.8125,0.9243272,8128.0044,3.1271012,0,,,,,1113.6054370001555,0.000295647,584.4591638153966,0.00030040508,-0.024524976,-0.06563455
1460.343539735458,8133.1855,3.1263032,-0.0007460031,11178,1113.6053796739714,584.4589435716393,7377.1514,2.754168,1252.7015,0.9232191,8133.1855,3.1263032,0,,,,,1113.6053796739714,0.00029547064,584.4589435716393,0.0003001323,-0.02460036,-0.06558805
1460.3643733561344,8137.3726,3.127854,-0.00074570737,11179,1113.605448002042,584.4594761496271,7381.38,2.755534,1253.5598,0.9246155,8137.3726,3.127854,0,,,,,1113.605448002042,0.00029544492,584.4594761496271,0.00029991506,-0.0241853,-0.06507641
1460.385206976636,8134.4214,3.1270084,-0.0007454118,11180,1113.6051086521484,584.4594799360084,7379.5806,2.7547894,1253.1532,0.923478,8134.4214,3.1270084,0,,,,,1113.6051086521484,0.0002954127,584.4594799360084,0.00029998436,-0.025080021,-0.06594056
1460.4060405970788,8135.591,3.1270258,-0.00074511627,11181,1113.6058122003785,584.4588736501737,7381.1807,2.7548044,1253.3041,0.92322266,8135.591,3.1270258,0,,,,,1113.6058122003785,0.00029543752,584.4588736501737,0.00030001433,-0.024327237,-0.06619661
1460.426874217347,8140.688,3.1275315,-0.0007448209,11182,1113.605103985155,584.4578455436998,7384.9536,2.7552497,1253.8204,0.92372155,8140.688,3.1275315,0,,,,,1113.605103985155,0.00029516144,584.4578455436998,0.0002998698,-0.025241287,-0.06667664
1460.4477078375576,8127.9463,3.1259406,-0.00074452563,11183,1113.6052647638353,584.4591847146762,7372.1084,2.7538483,1253.4183,0.9234588,8127.9463,3.1259406,0,,,,,1113.6052647638353,0.00029568857,584.4591847146762,0.00030047024,-0.024876708,-0.06577511
1460.4685414575936,8134.8066,3.127595,-0.0007442305,11184,1113.6056444895519,584.4575933440129,7379.3804,2.7553055,1253.6873,0.92410606,8134.8066,3.127595,0,,,,,1113.6056444895519,0.0002955141,584.4575933440129,0.00030020124,-0.02432798,-0.06708813
1460.4893750775707,8134.4365,3.1272812,-0.00074393547,11185,1113.6050340750207,584.4572419501354,7380.0083,2.7550292,1255.7704,0.9239697,8134.4365,3.1272812,0,,,,,1113.6050340750207,0.00029542568,584.4572419501354,0.00030006908,-0.025063861,-0.067525975
1460.5102086973732,8137.9453,3.1281443,-0.0007436406,11186,1113.6043516287332,584.4578242293851,7382.0693,2.7557895,1254.3054,0.9239249,8137.9453,3.1281443,0,,,,,1113.6043516287332,0.00029536878,584.4578242293851,0.00030020424,-0.025565265,-0.067534104
1460.531042317118,8137.6924,3.1274683,-0.00074334576,11187,1113.6054025536066,584.4572497762209,7381.5522,2.7551942,1254.2644,0.9237235,8137.6924,3.1274683,0,,,,,1113.6054025536066,0.00029532853,584.4572497762209,0.00030015738,-0.024662655,-0.06756736
1460.5518759366882,8141.123,3.1278448,-0.0007430511,11188,1113.6041507992386,584.456665102583,7385.912,2.7555258,1253.4563,0.9237176,8141.123,3.1278448,0,,,,,1113.6041507992386,0.000295148,584.456665102583,0.00030007825,-0.02592722,-0.06817098
1460.5727095561415,8142.0747,3.1277232,-0.0007427566,11189,1113.6046237883977,584.457608984121,7385.7026,2.7554188,1253.3131,0.9236935,8142.0747,3.1277232,0,,,,,1113.6046237883977,0.0002951861,584.457608984121,0.000300122,-0.025275627,-0.06713585
1460.6143767946412,8140.013,3.129099,-0.00074216793,11191,1113.604786944587,584.4563413423085,7388.006,2.7566307,1253.1128,0.92433345,8140.013,3.129099,0,,,,,1113.604786944587,0.00029512902,584.4563413423085,0.0002997743,-0.025527893,-0.06907009
1460.6352104136877,8133.8154,3.1273942,-0.0007418738,11192,1113.6038045303014,584.4565754901038,7383.2515,2.7551289,1252.8596,0.9232095,8133.8154,3.1273942,0,,,,,1113.6038045303014,0.00029533438,584.4565754901038,0.00029988342,-0.025564339,-0.06925942
1460.656044032617,8137.074,3.1286497,-0.0007415798,11193,1113.6050258560822,584.4563841716731,7386.488,2.756235,1255.763,0.9244578,8137.074,3.1286497,0,,,,,1113.6050258560822,0.00029531022,584.4563841716731,0.00029977201,-0.024767805,-0.06897611
1460.67687765143,8142.183,3.1291358,-0.0007412859,11194,1113.6044847487906,584.4562519839324,7390.8755,2.7566633,1255.4336,0.9243361,8142.183,3.1291358,0,,,,,1113.6044847487906,0.00029505533,584.4562519839324,0.000299668,-0.025328241,-0.06928032
1460.697711270069,8138.7954,3.1294475,-0.0007409922,11195,1113.60413909258,584.4567599889074,7387.233,2.7569377,1254.9481,0.92401874,8138.7954,3.1294475,0,,,,,1113.60413909258,0.00029535053,584.4567599889074,0.0002999357,-0.02557782,-0.06924896
1460.7185448885916,8133.9546,3.1282117,-0.0007406986,11196,1113.6040174952675,584.4561837265791,7382.7007,2.755849,1256.0221,0.92453116,8133.9546,3.1282117,0,,,,,1113.6040174952675,0.00029545845,584.4561837265791,0.00029977565,-0.025872892,-0.069354355
1460.739378506939,8137.768,3.1285,-0.0007404052,11197,1113.6042603512062,584.4561690494558,7385.826,2.756103,1255.6008,0.92432743,8137.768,3.1285,0,,,,,1113.6042603512062,0.0002951798,584.4561690494558,0.00029973904,-0.026083868,-0.06958159
1460.7602121251698,8137.824,3.1281912,-0.00074011186,11198,1113.6040420189483,584.4551859203667,7386.533,2.7558312,1255.7297,0.9237085,8137.824,3.1281912,0,,,,,1113.6040420189483,0.00029518254,584.4551859203667,0.00029971488,-0.026127655,-0.07007375
1460.781045743285,8141.769,3.1293669,-0.0007398187,11199,1113.6038857299345,584.456278160375,7389.351,2.7568667,1255.8848,0.92442405,8141.769,3.1293669,0,,,,,1113.6038857299345,0.00029521424,584.456278160375,0.00029969236,-0.025754534,-0.06965121
1460.8018793612252,8136.6426,3.1281111,-0.00073952565,11200,1113.6035840291493,584.4547879915368,7385.8237,2.7557602,1254.1951,0.92404383,8136.6426,3.1281111,0,,,,,1113.6035840291493,0.0002951294,584.4547879915368,0.00029978523,-0.026322613,-0.07112783
1460.8227129789905,8144.6,3.1293447,-0.0007392328,11201,1113.6038476891647,584.4552894874939,7392.2476,2.7568471,1251.6432,0.9253043,8144.6,3.1293447,0,,,,,1113.6038476891647,0.00029494296,584.4552894874939,0.00029961817,-0.026519563,-0.07019448
1460.8435465966393,8136.9067,3.1291366,-0.0007389401,11202,1113.6034719687266,584.4553581349697,7385.5493,2.7566638,1253.7137,0.9248679,8136.9067,3.1291366,0,,,,,1113.6034719687266,0.0002952145,584.4553581349697,0.00029985773,-0.026446322,-0.07049003
1460.8643802141141,8134.0146,3.1290317,-0.00073864753,11203,1113.6037629304992,584.4551785236241,7384.6846,2.7565715,1253.7241,0.9238452,8134.0146,3.1290317,0,,,,,1113.6037629304992,0.0002953579,584.4551785236241,0.00029995697,-0.026307072,-0.07108204
1460.8852138314144,8140.1377,3.1277826,-0.00073835516,11204,1113.6036044052557,584.4547768570163,7387.841,2.7554712,1251.8262,0.92323846,8140.1377,3.1277826,0,,,,,1113.6036044052557,0.00029498045,584.4547768570163,0.00029965324,-0.026966253,-0.07126872
1460.9060474485975,8135.7695,3.1275206,-0.0007380629,11205,1113.6042493852387,584.4547657700114,7386.4795,2.7552404,1251.7877,0.92269224,8135.7695,3.1275206,0,,,,,1113.6042493852387,0.0002950202,584.4547657700114,0.00029968956,-0.026674807,-0.0714766
1460.926881065606,8139.597,3.128178,-0.0007377708,11206,1113.603728239887,584.4542564999579,7387.3716,2.755819,1252.8619,0.92289025,8139.597,3.128178,0,,,,,1113.603728239887,0.0002952952,584.4542564999579,0.00029977868,-0.02699178,-0.07192405
1460.9477146824406,8136.8433,3.1278684,-0.0007374789,11207,1113.603709661498,584.4535947002897,7384.8115,2.7555468,1252.1256,0.9236651,8136.8433,3.1278684,0,,,,,1113.603709661498,0.0002952075,584.4535947002897,0.00029980557,-0.026771883,-0.072251245
1460.9685482991006,8135.0337,3.12752,-0.00073718716,11208,1113.6030073734962,584.453969091894,7383.7617,2.75524,1253.0859,0.92336893,8135.0337,3.12752,0,,,,,1113.6030073734962,0.00029509855,584.453969091894,0.00029988665,-0.027243676,-0.07201688
1460.9893819156441,8136.1763,3.1272647,-0.00073689554,11209,1113.6031715821061,584.4538271588011,7384.5806,2.755015,1251.5431,0.92277443,8136.1763,3.1272647,0,,,,,1113.6031715821061,0.00029500757,584.4538271588011,0.00029982923,-0.02726946,-0.07225234
1461.0102155320124,8139.0894,3.1272902,-0.0007366041,11210,1113.6025726181124,584.4535160184452,7387.4272,2.7550373,1249.0612,0.92263824,8139.0894,3.1272902,0,,,,,1113.6025726181124,0.00029503505,584.4535160184452,0.0002996903,-0.027491214,-0.0728034
1461.0310491481484,8130.44,3.1272876,-0.0007363129,11211,1113.603632729649,584.453800579732,7380.6567,2.755035,1251.6401,0.9240579,8130.44,3.1272876,0,,,,,1113.603632729649,0.00029529043,584.453800579732,0.00029983002,-0.02689705,-0.07258303
1461.0518827641679,8139.727,3.127726,-0.0007360218,11212,1113.602800177007,584.4532202066804,7388.89,2.7554212,1249.4974,0.92374825,8139.727,3.127726,0,,,,,1113.602800177007,0.00029498758,584.4532202066804,0.00029966485,-0.027745776,-0.07303344
1461.072716379954,8134.8423,3.1270187,-0.0007357309,11213,1113.6027534434118,584.453457290755,7384.375,2.7547982,1250.7498,0.922829,8134.8423,3.1270187,0,,,,,1113.6027534434118,0.00029500018,584.453457290755,0.00029977842,-0.027812283,-0.07316291
1461.0935499956238,8138.0093,3.1273127,-0.0007354402,11214,1113.602587696332,584.4534427050653,7387.376,2.7550569,1248.25,0.922877,8138.0093,3.1273127,0,,,,,1113.602587696332,0.0002950708,584.4534427050653,0.000299713,-0.027634019,-0.073415965
1461.1143836110614,8138.4556,3.1282382,-0.00073514966,11215,1113.602178805443,584.4526172500265,7388.135,2.7558722,1249.1056,0.92281234,8138.4556,3.1282382,0,,,,,1113.602178805443,0.0002947505,584.4526172500265,0.00029984023,-0.028091723,-0.07376208
1461.1352172263826,8132.2866,3.1267982,-0.00073485926,11216,1113.602514274124,584.4527662449846,7382.1294,2.7546039,1250.0865,0.9226125,8132.2866,3.1267982,0,,,,,1113.602514274124,0.00029514995,584.4527662449846,0.00029989734,-0.028152667,-0.073568776
1461.1560508414702,8137.5083,3.1279428,-0.0007345691,11217,1113.6021576484907,584.4523166350228,7385.723,2.7556121,1249.7222,0.9231718,8137.5083,3.1279428,0,,,,,1113.6021576484907,0.0002950987,584.4523166350228,0.00029996264,-0.028208442,-0.074115925
1461.1768844563833,8140.7583,3.1269448,-0.0007342791,11218,1113.6023144664955,584.4533150814084,7388.501,2.7547328,1248.6387,0.9223559,8140.7583,3.1269448,0,,,,,1113.6023144664955,0.00029482885,584.4533150814084,0.00029967085,-0.027713394,-0.07284393
1461.1977180710642,8141.107,3.1288364,-0.00073398935,11219,1113.6018345000584,584.4522029683467,7390.196,2.7563994,1248.4015,0.92263466,8141.107,3.1288364,0,,,,,1113.6018345000584,0.0002948104,584.4522029683467,0.00029990237,-0.028768906,-0.07469967
1461.2185516855704,8136.1504,3.127165,-0.00073369977,11220,1113.6021661658772,584.4525384198722,7385.896,2.7549272,1249.3944,0.9234037,8136.1504,3.127165,0,,,,,1113.6021661658772,0.00029495696,584.4525384198722,0.00029976023,-0.028347334,-0.0743427
1461.2393852999014,8134.884,3.1270266,-0.00073341036,11221,1113.6015526229503,584.4512298640985,7385.892,2.754805,1248.1906,0.9234086,8134.884,3.1270266,0,,,,,1113.6015526229503,0.00029487276,584.4512298640985,0.0002997979,-0.02916142,-0.07536506
1461.2602189140578,8138.1875,3.1284525,-0.0007331211,11222,1113.601222046859,584.4516794804199,7387.479,2.7560613,1248.5948,0.92346334,8138.1875,3.1284525,0,,,,,1113.601222046859,0.00029495236,584.4516794804199,0.00030002784,-0.028450359,-0.07517938
1461.281052527982,8143.524,3.128993,-0.0007328321,11223,1113.6014818231254,584.4512238716427,7392.538,2.7565374,1248.0211,0.9223993,8143.524,3.128993,0,,,,,1113.6014818231254,0.0002948372,584.4512238716427,0.00029992437,-0.02891723,-0.07540362
1461.3018861416733,8141.0615,3.127539,-0.00073254335,11224,1113.6018407347383,584.4508029422852,7390.8833,2.7552567,1248.2229,0.9224219,8141.0615,3.127539,0,,,,,1113.6018407347383,0.0002947661,584.4508029422852,0.00029964774,-0.028975876,-0.07570349
1461.3227197551894,8142.527,3.1274467,-0.00073225476,11225,1113.601201155824,584.4511071529946,7392.0854,2.7551749,1247.5955,0.9224693,8142.527,3.1274467,0,,,,,1113.601201155824,0.00029475533,584.4511071529946,0.0002995737,-0.029200127,-0.075791754
1461.343553368473,8140.7217,3.127123,-0.0007319664,11226,1113.60131420427,584.4510666720303,7390.392,2.7548902,1246.9918,0.9219778,8140.7217,3.127123,0,,,,,1113.60131420427,0.0002947652,584.4510666720303,0.0002997236,-0.029660638,-0.07608634
1461.3643869815824,8139.5645,3.1269572,-0.0007316782,11227,1113.6010449449404,584.4499095630606,7388.777,2.7547438,1248.1259,0.92207515,8139.5645,3.1269572,0,,,,,1113.6010449449404,0.0002948205,584.4499095630606,0.0002997934,-0.02952774,-0.07685975
1461.3852205944006,8141.064,3.1276743,-0.0007313903,11228,1113.60112794181,584.4510278412143,7390.247,2.7553759,1249.5414,0.92269903,8141.064,3.1276743,0,,,,,1113.60112794181,0.0002948182,584.4510278412143,0.0002997099,-0.029205685,-0.07630949
1461.4060542070442,8138.7305,3.1268985,-0.0007311026,11229,1113.6002358071376,584.4500359248129,7388.7485,2.7546923,1248.3492,0.9220053,8138.7305,3.1268985,0,,,,,1113.6002358071376,0.0002947897,584.4500359248129,0.00029975566,-0.030027647,-0.07699884
1461.4268878195126,8145.8228,3.1277707,-0.00073081505,11230,1113.6007469320268,584.4507227368333,7394.1167,2.7554605,1246.9929,0.9233547,8145.8228,3.1277707,0,,,,,1113.6007469320268,0.00029472657,584.4507227368333,0.00029957911,-0.029850977,-0.07663251
1461.4477214316898,8137.781,3.1290326,-0.0007305278,11231,1113.6005165662275,584.4500649494656,7388.825,2.7565725,1248.4285,0.9224489,8137.781,3.1290326,0,,,,,1113.6005165662275,0.00029500667,584.4500649494656,0.00030008884,-0.030310348,-0.07729034
1461.468555043635,8141.189,3.127774,-0.0007302408,11232,1113.6010191171038,584.4506320282001,7391.1484,2.7554636,1246.9502,0.92210805,8141.189,3.127774,0,,,,,1113.6010191171038,0.00029496558,584.4506320282001,0.000299735,-0.029586973,-0.076717995
1461.4893886553473,8139.4824,3.1272829,-0.000729954,11233,1113.6008114641618,584.4494441706895,7390.8896,2.7550306,1248.0278,0.92236835,8139.4824,3.1272829,0,,,,,1113.6008114641618,0.00029473714,584.4494441706895,0.0002997206,-0.029855518,-0.07767092
1461.5102222668843,8138.7036,3.127089,-0.0007296674,11234,1113.6003411731926,584.4493873601587,7390.1445,2.75486,1247.9043,0.92203075,8138.7036,3.127089,0,,,,,1113.6003411731926,0.00029479247,584.4493873601587,0.00029970118,-0.030230522,-0.07795187
1461.5310558781302,8144.163,3.12759,-0.00072938105,11235,1113.6004061688332,584.4493574609204,7393.864,2.7553015,1248.329,0.9221124,8144.163,3.12759,0,,,,,1113.6004061688332,0.00029471566,584.4493574609204,0.00029962684,-0.030418428,-0.07810512
1461.551889489144,8139.235,3.1272068,-0.00072909496,11236,1113.6003058758852,584.4485928641333,7389.5264,2.7549636,1247.8322,0.92317104,8139.235,3.1272068,0,,,,,1113.6003058758852,0.00029470498,584.4485928641333,0.00029980048,-0.030543344,-0.07854625
1461.5727230999257,8139.0396,3.1283815,-0.0007288091,11237,1113.5995246010077,584.4490267491451,7389.1226,2.7559986,1248.9165,0.9226084,8139.0396,3.1283815,0,,,,,1113.5995246010077,0.00029497026,584.4490267491451,0.0003000666,-0.030860586,-0.07833092
1461.593556710415,8141.6963,3.127018,-0.00072852353,11238,1113.6004847407096,584.4486555287904,7390.985,2.7547977,1247.1292,0.9226513,8141.6963,3.127018,0,,,,,1113.6004847407096,0.00029460696,584.4486555287904,0.00029972565,-0.030269716,-0.07862541
1461.6143903206712,8140.491,3.12713,-0.0007282382,11239,1113.5989541747579,584.4484347995208,7389.843,2.7548962,1247.9768,0.9222926,8140.491,3.12713,0,,,,,1113.5989541747579,0.00029481595,584.4484347995208,0.00029977737,-0.03139926,-0.07922809
1461.6352239306955,8134.0137,3.1266248,-0.0007279531,11240,1113.5997216559372,584.4489072683735,7384.8423,2.754451,1248.3812,0.92257744,8134.0137,3.1266248,0,,,,,1113.5997216559372,0.00029489747,584.4489072683735,0.00029990086,-0.031047089,-0.078915924
1461.6560575404287,8140.222,3.1273654,-0.0007276683,11241,1113.59969123617,584.4474601668394,7390.08,2.7551036,1246.8462,0.9226153,8140.222,3.1273654,0,,,,,1113.59969123617,0.00029475443,584.4474601668394,0.0002998566,-0.031386953,-0.08041386
1461.6768911499285,8137.575,3.1263177,-0.0007273837,11242,1113.5994893261127,584.4479394134099,7388.038,2.7541804,1247.7883,0.92163444,8137.575,3.1263177,0,,,,,1113.5994893261127,0.0002947982,584.4479394134099,0.00029981523,-0.03133175,-0.07897843
1461.6977247591371,8137.6963,3.126688,-0.0007270994,11243,1113.5998132743105,584.4480536242263,7388.367,2.7545066,1247.8182,0.9220739,8137.6963,3.126688,0,,,,,1113.5998132743105,0.00029465053,584.4480536242263,0.00029994585,-0.031258196,-0.079699114
1461.7185583680555,8130.2476,3.125321,-0.00072681543,11244,1113.5999189122504,584.4478161233478,7381.7466,2.7533026,1245.3253,0.9213384,8130.2476,3.125321,0,,,,,1113.5999189122504,0.0002948473,584.4478161233478,0.0003000389,-0.031140003,-0.07993137
1461.739391976741,8128.0347,3.12544,-0.00072653167,11245,1113.599112433562,584.4474874081271,7379.409,2.753407,1247.5182,0.92225826,8128.0347,3.12544,0,,,,,1113.599112433562,0.00029488775,584.4474874081271,0.00030020028,-0.031452335,-0.080009416
1461.7602255850773,8139.0806,3.1264563,-0.00072624825,11246,1113.599394493501,584.447534996836,7388.9424,2.7543027,1246.5853,0.92156,8139.0806,3.1264563,0,,,,,1113.599394493501,0.00029468894,584.447534996836,0.00029988083,-0.03178283,-0.08017794
1461.78105919318,8139.9487,3.1275103,-0.0007259651,11247,1113.5991916001474,584.4471709296942,7388.6875,2.7552311,1246.1091,0.92158437,8139.9487,3.1275103,0,,,,,1113.5991916001474,0.00029472352,584.4471709296942,0.00030006142,-0.031375926,-0.080125436
1461.8018928009924,8135.8774,3.1274083,-0.0007256822,11248,1113.5993904511563,584.4462317387628,7386.141,2.7551413,1245.4543,0.92286193,8135.8774,3.1274083,0,,,,,1113.5993904511563,0.00029503298,584.4462317387628,0.0003000873,-0.03182697,-0.081443876
1461.8227264085137,8132.8164,3.1256545,-0.0007253996,11249,1113.5981949914963,584.4456752243242,7382.1235,2.7535965,1246.7273,0.921418,8132.8164,3.1256545,0,,,,,1113.5981949914963,0.00029492105,584.4456752243242,0.00030023116,-0.03278193,-0.081890844
1461.8435600157434,8129.241,3.1254714,-0.0007251173,11250,1113.5990491185507,584.4468002518595,7379.7866,2.753435,1247.559,0.92230105,8129.241,3.1254714,0,,,,,1113.5990491185507,0.00029500865,584.4468002518595,0.00030024536,-0.03165669,-0.08112275
1461.8643936226238,8145.709,3.1271796,-0.0007248353,11251,1113.5986694281703,584.4459166202956,7394.206,2.75494,1245.7124,0.9214259,8145.709,3.1271796,0,,,,,1113.5986694281703,0.00029450038,584.4459166202956,0.0002997877,-0.032185245,-0.081609614
1461.8852272292136,8137.953,3.127156,-0.00072455365,11252,1113.5984451184788,584.4463624379549,7388.555,2.7549193,1245.6115,0.9223063,8137.953,3.127156,0,,,,,1113.5984451184788,0.00029488927,584.4463624379549,0.00030005327,-0.032246307,-0.08161657
1461.9060608355126,8140.651,3.1274917,-0.0007242723,11253,1113.5984137507417,584.4456030907543,7391.093,2.755215,1244.9199,0.9217797,8140.651,3.1274917,0,,,,,1113.5984137507417,0.0002947607,584.4456030907543,0.00030003782,-0.032470137,-0.082632795
1461.9268944415198,8141.718,3.127516,-0.0007239912,11254,1113.5986527837167,584.4450276869658,7392.5054,2.7552364,1244.8564,0.92147285,8141.718,3.127516,0,,,,,1113.5986527837167,0.00029456336,584.4450276869658,0.00029990036,-0.03306031,-0.08323058
1461.9477280471203,8135.9346,3.126176,-0.0007237105,11255,1113.59845146273,584.4460518952875,7386.608,2.754056,1246.6573,0.92162377,8135.9346,3.126176,0,,,,,1113.59845146273,0.000294703,584.4460518952875,0.0003000163,-0.032528188,-0.08224187
1461.968561652488,8134.961,3.1261077,-0.0007234301,11256,1113.598088683404,584.4448702839377,7384.6543,2.7539954,1247.5033,0.9222412,8134.961,3.1261077,0,,,,,1113.598088683404,0.00029484188,584.4448702839377,0.00030016637,-0.033485625,-0.08359574
1461.9893952574482,8133.432,3.1262581,-0.00072315003,11257,1113.598250929836,584.4449014392171,7383.284,2.7541277,1247.5138,0.92217195,8133.432,3.1262581,0,,,,,1113.598250929836,0.0002948794,584.4449014392171,0.00030027446,-0.03329433,-0.0834237
1462.0102288621167,8138.9175,3.1280277,-0.0007228703,11258,1113.597670090578,584.4452793255633,7389.3345,2.755687,1244.7615,0.9224721,8138.9175,3.1280277,0,,,,,1113.597670090578,0.00029471118,584.4452793255633,0.0003000528,-0.033347983,-0.08329273
1462.031062466436,8137.6685,3.1270995,-0.0007225909,11259,1113.5980161218554,584.4450854483794,7388.752,2.7548695,1245.564,0.92180896,8137.6685,3.1270995,0,,,,,1113.5980161218554,0.00029478534,584.4450854483794,0.0003000407,-0.03329694,-0.083334096
1462.0518960704067,8139.9995,3.126716,-0.00072231184,11260,1113.5980749102666,584.4439097698803,7391.0493,2.7545314,1246.0525,0.9215443,8139.9995,3.126716,0,,,,,1113.5980749102666,0.00029459063,584.4439097698803,0.00030006425,-0.033692554,-0.08485689
1462.072729674028,8139.2686,3.1268537,-0.00072203315,11261,1113.597842999318,584.4440116838279,7390.079,2.7546527,1246.101,0.9223229,8139.2686,3.1268537,0,,,,,1113.597842999318,0.0002946732,584.4440116838279,0.00030002886,-0.033826336,-0.0843183
1462.0935632773003,8135.7725,3.1262155,-0.0007217548,11262,1113.5971192791962,584.4442118531741,7387.138,2.7540908,1245.0204,0.9214452,8135.7725,3.1262155,0,,,,,1113.5971192791962,0.00029464412,584.4442118531741,0.00030004655,-0.034014285,-0.08437934
1462.1143968801643,8138.017,3.127021,-0.00072147686,11263,1113.5971705697798,584.4437479053141,7390.053,2.7548003,1245.8595,0.9222095,8138.017,3.127021,0,,,,,1113.5971705697798,0.00029464404,584.4437479053141,0.000300041,-0.033989664,-0.08478818
1462.1352304826798,8135.1523,3.1259704,-0.00072119926,11264,1113.597465618707,584.443589215558,7387.326,2.7538745,1245.3729,0.92145985,8135.1523,3.1259704,0,,,,,1113.597465618707,0.000294674,584.443589215558,0.00030000648,-0.034107678,-0.08523143
1462.1560640848459,8131.946,3.1257854,-0.000720922,11265,1113.5974458335609,584.4436847551651,7383.6533,2.7537115,1244.9878,0.92183816,8131.946,3.1257854,0,,,,,1113.5974458335609,0.0002948077,584.4436847551651,0.0003001864,-0.03346785,-0.08531021
1462.176897686604,8137.111,3.1269565,-0.0007206452,11266,1113.5964395066517,584.4426588066358,7389.3096,2.7547433,1246.4045,0.92216706,8137.111,3.1269565,0,,,,,1113.5964395066517,0.00029449348,584.4426588066358,0.00030014556,-0.03522873,-0.08659405
1462.1977312879546,8132.108,3.126204,-0.00072036876,11267,1113.5971418966049,584.443323582438,7385.1094,2.7540803,1246.0872,0.92184895,8132.108,3.126204,0,,,,,1113.5971418966049,0.0002947275,584.443323582438,0.00030007452,-0.034387004,-0.08493636
1462.2185648889567,8134.968,3.1264277,-0.0007200927,11268,1113.5966831401406,584.443168878758,7386.8447,2.7542775,1246.4762,0.9220521,8134.968,3.1264277,0,,,,,1113.5966831401406,0.00029474954,584.443168878758,0.0003001645,-0.0345017,-0.08640043
1462.239398489552,8137.624,3.127851,-0.000719817,11269,1113.5964993137059,584.4422710354135,7389.1206,2.7555313,1246.0431,0.92285,8137.624,3.127851,0,,,,,1113.5964993137059,0.00029468196,584.4422710354135,0.00030020933,-0.035081286,-0.08717486
1462.2602320897386,8135.9604,3.1266482,-0.00071954174,11270,1113.5961098282532,584.4426512405595,7388.572,2.7544715,1245.8921,0.9216562,8135.9604,3.1266482,0,,,,,1113.5961098282532,0.00029467576,584.4426512405595,0.00030012603,-0.03537712,-0.0866417
1462.2810656894594,8136.5347,3.1265244,-0.00071926694,11271,1113.5967489769878,584.4421311536389,7389.46,2.7543628,1246.0781,0.9217907,8136.5347,3.1265244,0,,,,,1113.5967489769878,0.00029446624,584.4421311536389,0.0002999676,-0.034687743,-0.08711864
1462.3018992888317,8136.973,3.1265073,-0.0007189925,11272,1113.596427860729,584.442503874536,7389.286,2.7543478,1245.4377,0.92138976,8136.973,3.1265073,0,,,,,1113.596427860729,0.00029453292,584.442503874536,0.00030014408,-0.03553723,-0.08707062
1462.3227328877383,8135.2056,3.1270223,-0.0007187185,11273,1113.5963163554593,584.4420853646856,7388.535,2.7548013,1245.1812,0.9224361,8135.2056,3.1270223,0,,,,,1113.5963163554593,0.00029472954,584.4420853646856,0.0003000116,-0.03533375,-0.087433346
1462.3435664862368,8141.2207,3.1289515,-0.00071844494,11274,1113.5957189278827,584.4416830416903,7393.286,2.7565007,1244.6135,0.92351836,8141.2207,3.1289515,0,,,,,1113.5957189278827,0.00029471514,584.4416830416903,0.0003000888,-0.035422157,-0.08741796
1462.3644000842696,8137.386,3.1277637,-0.0007181718,11275,1113.595682592537,584.4407961033902,7391.033,2.7554545,1246.8547,0.92325974,8137.386,3.1277637,0,,,,,1113.595682592537,0.00029456057,584.4407961033902,0.0003001156,-0.036286205,-0.08883387
1462.3852336818381,8135.302,3.1264582,-0.0007178992,11276,1113.595738713738,584.4417314936081,7388.2466,2.7543042,1245.6807,0.92206633,8135.302,3.1264582,0,,,,,1113.595738713738,0.00029451636,584.4417314936081,0.000300141,-0.036112946,-0.08766542
1462.4060672789985,8135.758,3.1265962,-0.00071762694,11277,1113.5955577276254,584.440290895182,7389.3306,2.7544258,1245.2772,0.92245305,8135.758,3.1265962,0,,,,,1113.5955577276254,0.00029436935,584.440290895182,0.00030011943,-0.036129665,-0.089064665
1462.4269008756344,8138.8027,3.1269276,-0.00071735523,11278,1113.5954416579686,584.4412873788178,7390.092,2.7547178,1245.6478,0.9228141,8138.8027,3.1269276,0,,,,,1113.5954416579686,0.0002943504,584.4412873788178,0.00030011567,-0.0365569,-0.088394925
1462.4477344718625,8136.9004,3.126479,-0.0007170839,11279,1113.5957287758947,584.4408730347851,7389.986,2.7543225,1245.9824,0.92162865,8136.9004,3.126479,0,,,,,1113.5957287758947,0.00029450207,584.4408730347851,0.00030009059,-0.03620203,-0.088696614
1462.4685680675677,8141.6826,3.126854,-0.00071681314,11280,1113.5949609290446,584.4404872497702,7393.464,2.754653,1244.6836,0.92135614,8141.6826,3.126854,0,,,,,1113.5949609290446,0.00029434956,584.4404872497702,0.00030012845,-0.036435522,-0.089310415
1462.489401662749,8140.573,3.1279426,-0.0007165429,11281,1113.5946981706531,584.4404873820077,7393.715,2.755612,1243.5377,0.9219545,8140.573,3.1279426,0,,,,,1113.5946981706531,0.00029445888,584.4404873820077,0.0003002039,-0.037015084,-0.089445986
1462.5102352575223,8134.333,3.126218,-0.00071627303,11282,1113.5963750602934,584.4398346411994,7387.5674,2.7540927,1245.3652,0.9220651,8134.333,3.126218,0,,,,,1113.5963750602934,0.00029444663,584.4398346411994,0.00030030587,-0.036554497,-0.09057233
1462.531068851714,8138.3184,3.1280487,-0.00071600376,11283,1113.5943670868176,584.4400758119584,7391.3364,2.7557054,1244.7264,0.9216201,8138.3184,3.1280487,0,,,,,1113.5943670868176,0.00029441636,584.4400758119584,0.00030045587,-0.037309308,-0.08983472
1462.5519024454402,8131.649,3.1257415,-0.00071573496,11284,1113.594513528981,584.4393964814251,7384.6694,2.7536728,1246.3507,0.9217436,8131.649,3.1257415,0,,,,,1113.594513528981,0.00029464767,584.4393964814251,0.00030038803,-0.03750859,-0.09017402
1462.5727360385843,8135.7964,3.126926,-0.00071546674,11285,1113.5946889931186,584.4389604020172,7388.8643,2.7547164,1244.7478,0.92139727,8135.7964,3.126926,0,,,,,1113.5946889931186,0.0002944533,584.4389604020172,0.00030039714,-0.037261143,-0.090314984
1462.5935696312627,8132.5835,3.1263227,-0.000715199,11286,1113.594306729421,584.4386625869904,7386.316,2.754185,1246.9703,0.9219935,8132.5835,3.1263227,0,,,,,1113.594306729421,0.0002945707,584.4386625869904,0.00030046975,-0.038058348,-0.09180337
1462.6144032233583,8134.1274,3.1262836,-0.0007149318,11287,1113.593998052536,584.439076701525,7387.9775,2.7541506,1245.7495,0.9218052,8134.1274,3.1262836,0,,,,,1113.593998052536,0.0002944153,584.439076701525,0.00030030587,-0.037748884,-0.09124222
1462.6352368148725,8136.0327,3.127316,-0.0007146652,11288,1113.5942207825572,584.4392611345943,7388.4077,2.7550602,1244.9987,0.9219023,8136.0327,3.127316,0,,,,,1113.5942207825572,0.00029448944,584.4392611345943,0.00030044353,-0.03821184,-0.090730265
1462.656070405863,8131.135,3.1260388,-0.00071439915,11289,1113.5942094339216,584.4384145615691,7384.531,2.753935,1245.4935,0.9221343,8131.135,3.1260388,0,,,,,1113.5942094339216,0.00029472265,584.4384145615691,0.00030044914,-0.038227472,-0.091889046
1462.6769039962712,8135.082,3.1262016,-0.00071413367,11290,1113.594371241745,584.4376886054674,7388.1973,2.7540781,1246.0007,0.921524,8135.082,3.1262016,0,,,,,1113.594371241745,0.00029450658,584.4376886054674,0.00030026102,-0.03785222,-0.0924179
1462.6977375860968,8135.591,3.1267242,-0.00071386877,11291,1113.5937044107973,584.4384368214858,7388.112,2.7545388,1245.7119,0.92330503,8135.591,3.1267242,0,,,,,1113.5937044107973,0.00029446933,584.4384368214858,0.00030044792,-0.038404576,-0.09198202
1462.71857117534,8131.918,3.1269877,-0.00071360444,11292,1113.593546188493,584.4376070290733,7385.1987,2.7547705,1245.8671,0.92216545,8131.918,3.1269877,0,,,,,1113.593546188493,0.00029468586,584.4376070290733,0.00030064431,-0.03883926,-0.09302702
1462.7394047639445,8136.6055,3.1272948,-0.00071334076,11293,1113.593189104529,584.4380827442742,7389.133,2.7550416,1244.7693,0.9219574,8136.6055,3.1272948,0,,,,,1113.593189104529,0.00029458676,584.4380827442742,0.00030039676,-0.03904183,-0.09177895
1462.7602383519663,8133.7036,3.1259573,-0.00071307766,11294,1113.59285055634,584.4379511438877,7386.7207,2.7538629,1245.3346,0.9211683,8133.7036,3.1259573,0,,,,,1113.59285055634,0.00029461546,584.4379511438877,0.0003004136,-0.039469928,-0.09283168
1462.7810719393472,8135.096,3.1273012,-0.0007128152,11295,1113.5929036854704,584.436901789658,7388.2637,2.755047,1245.1362,0.9226721,8135.096,3.1273012,0,,,,,1113.5929036854704,0.00029441912,584.436901789658,0.00030055107,-0.03878906,-0.09362876
1462.8019055260877,8132.151,3.1275263,-0.0007125534,11296,1113.5935707442407,584.4368351046737,7385.2744,2.7552452,1245.4279,0.9218553,8132.151,3.1275263,0,,,,,1113.5935707442407,0.000294638,584.4368351046737,0.00030078032,-0.03920032,-0.09392662
1462.8227391121886,8133.6396,3.1264071,-0.0007122922,11297,1113.5932747032377,584.4364156816829,7386.055,2.754259,1247.3796,0.92227185,8133.6396,3.1264071,0,,,,,1113.5932747032377,0.0002945644,584.4364156816829,0.0003006514,-0.03934364,-0.094077416
1462.8435726975918,8131.907,3.1259644,-0.00071203173,11298,1113.5925183096738,584.4363729067932,7386.012,2.7538695,1245.0867,0.9214551,8131.907,3.1259644,0,,,,,1113.5925183096738,0.00029445617,584.4363729067932,0.0003005625,-0.039933164,-0.094440654
1462.8644062823532,8131.7466,3.1261752,-0.0007117719,11299,1113.5923174155578,584.4366901813092,7385.8384,2.7540548,1245.8817,0.9223398,8131.7466,3.1261752,0,,,,,1113.5923174155578,0.00029448172,584.4366901813092,0.00030056207,-0.040265597,-0.09458333
1462.8852398664162,8143.468,3.127775,-0.00071151275,11300,1113.5920302286177,584.4364179587914,7394.8125,2.7554643,1244.2769,0.92155325,8143.468,3.127775,0,,,,,1113.5920302286177,0.00029414095,584.4364179587914,0.000300484,-0.040248338,-0.09480299
1462.9060734497814,8134.388,3.1275787,-0.0007112543,11301,1113.592078803067,584.4363180386133,7386.724,2.7552915,1246.5792,0.9221888,8134.388,3.1275787,0,,,,,1113.592078803067,0.0002945976,584.4363180386133,0.0003007967,-0.04075694,-0.094636954
1462.9269070323899,8135.05,3.1265535,-0.0007109966,11302,1113.5915833853724,584.4354946037988,7388.2725,2.7543886,1245.6775,0.9225521,8135.05,3.1265535,0,,,,,1113.5915833853724,0.00029439296,584.4354946037988,0.0003006341,-0.041069493,-0.09588358
1462.9477406142998,8137.399,3.1269166,-0.00071073964,11303,1113.591883338532,584.4358698809051,7389.608,2.7547083,1245.4382,0.92117524,8137.399,3.1269166,0,,,,,1113.591883338532,0.00029440422,584.4358698809051,0.00030055494,-0.041004434,-0.095238626
1462.9685741954524,8134.606,3.1281617,-0.0007104834,11304,1113.5910586177113,584.4358865375306,7388.3066,2.755805,1246.0137,0.92272097,8134.606,3.1281617,0,,,,,1113.5910586177113,0.0002946101,584.4358865375306,0.0003008163,-0.041231453,-0.095555484
1462.9894077757906,8138.02,3.1265266,-0.000710228,11305,1113.5919364773188,584.43511504448,7390.8545,2.7543647,1245.1093,0.92148626,8138.02,3.1265266,0,,,,,1113.5919364773188,0.0002942758,584.43511504448,0.000300526,-0.040781684,-0.096501045
1463.0102413554305,8139.5747,3.1272657,-0.0007099733,11306,1113.5910548823972,584.4347597764747,7393.2935,2.7550156,1245.9637,0.921734,8139.5747,3.1272657,0,,,,,1113.5910548823972,0.0002941981,584.4347597764747,0.0003004163,-0.04175611,-0.0959088
1463.0310749342548,8134.932,3.1260629,-0.0007097194,11307,1113.590167078701,584.4350217446041,7388.514,2.753956,1244.8008,0.9210372,8134.932,3.1260629,0,,,,,1113.590167078701,0.00029433085,584.4350217446041,0.000300541,-0.04190053,-0.09677663
1463.0519085122648,8140.4272,3.1275463,-0.0007094663,11308,1113.59034933567,584.4343277154534,7393.157,2.7552629,1245.7053,0.92195565,8140.4272,3.1275463,0,,,,,1113.59034933567,0.00029431132,584.4343277154534,0.00030064138,-0.04223462,-0.09700679
1463.07274208946,8134.854,3.126904,-0.000709214,11309,1113.5910502761494,584.4344101020511,7388.123,2.754697,1245.6251,0.92299396,8134.854,3.126904,0,,,,,1113.5910502761494,0.00029441484,584.4344101020511,0.00030062013,-0.04211561,-0.09733666
1463.093575665782,8144.261,3.1287074,-0.0007089626,11310,1113.5899004996047,584.433472656783,7397.5356,2.7562857,1245.5785,0.9211958,8144.261,3.1287074,0,,,,,1113.5899004996047,0.00029450541,584.433472656783,0.00030060252,-0.042727776,-0.097769246
1463.1144092412885,8130.1465,3.126405,-0.00070871203,11311,1113.5905928032166,584.4338070273435,7384.159,2.7542574,1247.8693,0.9221738,8130.1465,3.126405,0,,,,,1113.5905928032166,0.0002944309,584.4338070273435,0.00030078634,-0.042339537,-0.09802419
1463.1352428158636,8141.4126,3.1276197,-0.0007084624,11312,1113.589617660853,584.4334550126175,7395.0054,2.755328,1244.9259,0.9215728,8141.4126,3.1276197,0,,,,,1113.589617660853,0.00029413705,584.4334550126175,0.00030044565,-0.043208882,-0.09849038
1463.1560763896252,8135.7407,3.1265383,-0.00070821354,11313,1113.589875361593,584.433999984558,7388.6846,2.7543747,1245.903,0.9215504,8135.7407,3.1265383,0,,,,,1113.589875361593,0.00029427448,584.433999984558,0.00030060628,-0.04372277,-0.09742007
1463.1769099623966,8144.7236,3.1276548,-0.0007079657,11314,1113.5898162840247,584.4329039294163,7397.5977,2.7553585,1245.2612,0.9212177,8144.7236,3.1276548,0,,,,,1113.5898162840247,0.00029397383,584.4329039294163,0.00030045505,-0.043426793,-0.09933869
1463.1977435342942,8144.4375,3.1279469,-0.0007077187,11315,1113.5896398151403,584.4334574152878,7396.6226,2.755616,1244.3677,0.921453,8144.4375,3.1279469,0,,,,,1113.5896398151403,0.00029421577,584.4334574152878,0.000300612,-0.04350624,-0.09870962
1463.2185771052023,8136.3965,3.127472,-0.00070747273,11316,1113.589519254408,584.4325555639394,7390.491,2.7551973,1246.6235,0.92226225,8136.3965,3.127472,0,,,,,1113.589519254408,0.00029440533,584.4325555639394,0.0003008507,-0.04392977,-0.10005346
1463.2394106751797,8140.382,3.127314,-0.0007072277,11317,1113.5892416716092,584.4325024016439,7393.766,2.7550583,1246.8281,0.9216181,8140.382,3.127314,0,,,,,1113.5892416716092,0.00029416612,584.4325024016439,0.00030064868,-0.044231504,-0.099406525
1463.26024424411,8141.8735,3.1295426,-0.0007069837,11318,1113.5888255300538,584.4311097233264,7395.5156,2.7570217,1245.612,0.9234215,8141.8735,3.1295426,0,,,,,1113.5888255300538,0.00029415675,584.4311097233264,0.00030085395,-0.04440953,-0.10164001
1463.2810778120495,8147.4995,3.1295218,-0.00070674066,11319,1113.5893038913891,584.4314026316315,7399.4365,2.7570033,1245.5109,0.9213945,8147.4995,3.1295218,0,,,,,1113.5893038913891,0.0002941611,584.4314026316315,0.0003008375,-0.044054944,-0.10069478
1463.3019113789992,8138.042,3.1275213,-0.0007064986,11320,1113.588381377387,584.4314079093325,7391.6997,2.755241,1244.7509,0.92203486,8138.042,3.1275213,0,,,,,1113.588381377387,0.00029428507,584.4314079093325,0.00030073358,-0.044769548,-0.101036005
1463.3227449448439,8137.9976,3.1266239,-0.0007062577,11321,1113.5877818086599,584.4321575398369,7390.768,2.7544503,1246.2114,0.92168427,8137.9976,3.1266239,0,,,,,1113.5877818086599,0.00029417255,584.4321575398369,0.00030079167,-0.045617126,-0.10107697
1463.3435785096408,8139.631,3.1265104,-0.00070601783,11322,1113.5881520832995,584.4314868405345,7391.8667,2.7543504,1244.5771,0.92157245,8139.631,3.1265104,0,,,,,1113.5881520832995,0.0002940285,584.4314868405345,0.00030075712,-0.045340627,-0.10085576
1463.3644120733318,8143.811,3.1282108,-0.00070577906,11323,1113.5881130548814,584.4304804117912,7397.404,2.7558482,1245.5079,0.92196745,8143.811,3.1282108,0,,,,,1113.5881130548814,0.00029404557,584.4304804117912,0.0003006674,-0.045631547,-0.102176264
1463.385245635858,8145.3643,3.1294663,-0.00070554146,11324,1113.587196668691,584.4309591728392,7397.3877,2.7569544,1245.8871,0.92248386,8145.3643,3.1294663,0,,,,,1113.587196668691,0.00029423818,584.4309591728392,0.00030088177,-0.045816317,-0.10206265
1463.4060791972788,8136.7124,3.1264842,-0.00070530496,11325,1113.587456603108,584.4304938918974,7389.4043,2.7543273,1246.319,0.92139727,8136.7124,3.1264842,0,,,,,1113.587456603108,0.00029413129,584.4304938918974,0.00030096137,-0.046047285,-0.10215204
1463.4269127575362,8140.045,3.1278377,-0.00070506963,11326,1113.5868078879002,584.4302377790365,7393.1953,2.7555194,1248.295,0.9221329,8140.045,3.1278377,0,,,,,1113.5868078879002,0.00029406504,584.4302377790365,0.00030087342,-0.04639898,-0.103103556
1463.44774631657,8139.4326,3.127126,-0.0007048355,11327,1113.5870510758928,584.4300655095507,7393.5845,2.7548926,1245.3035,0.92210996,8139.4326,3.127126,0,,,,,1113.5870510758928,0.00029399077,584.4300655095507,0.00030064696,-0.046557542,-0.1027619
1463.4685798744395,8143.773,3.127646,-0.0007046026,11328,1113.5863734088346,584.4305413881875,7394.3813,2.7553506,1245.7646,0.9222144,8143.773,3.127646,0,,,,,1113.5863734088346,0.0002940437,584.4305413881875,0.00030082624,-0.047238175,-0.10267368
1463.489413431029,8137.021,3.1274655,-0.0007043709,11329,1113.5867733448756,584.4293947549451,7390.509,2.7551918,1246.5156,0.9221367,8137.021,3.1274655,0,,,,,1113.5867733448756,0.00029444494,584.4293947549451,0.00030099892,-0.04678747,-0.10370753
1463.5102469863964,8130.226,3.1262467,-0.00070414046,11330,1113.5852538880279,584.4292784340175,7384.7617,2.7541182,1247.1691,0.92185897,8130.226,3.1262467,0,,,,,1113.5852538880279,0.00029429913,584.4292784340175,0.0003011366,-0.047955297,-0.1037869
1463.531080540425,8135.7344,3.1314034,-0.00070391136,11331,1113.585897791338,584.4295157899168,7392.2896,2.758661,1255.8185,0.9249984,8135.7344,3.1314034,0,,,,,1113.585897791338,0.00029442948,584.4295157899168,0.00030145084,-0.04759909,-0.10424166
1463.5519140931722,8136.3066,3.1509933,-0.00070368353,11332,1113.5862616408424,584.4279669141174,7393.462,2.775919,1333.1208,0.9457054,8136.3066,3.1509933,0,,,,,1113.5862616408424,0.00029675872,584.4279669141174,0.00030338927,-0.047555733,-0.105539255
