time,flux,flux_err,timecorr,cadenceno,centroid_col,centroid_row,sap_flux,sap_flux_err,sap_bkg,sap_bkg_err,pdcsap_flux,pdcsap_flux_err,quality,psf_centr1,psf_centr1_err,psf_centr2,psf_centr2_err,mom_centr1,mom_centr1_err,mom_centr2,mom_centr2_err,pos_corr1,pos_corr2
1354.1354213688746,8080.7925,3.1170332,-0.0005736039,6080,783.5868729105026,795.3767276576083,7425.6924,2.789114,1321.3563,0.9506735,8080.7925,3.1170332,0,,,,,783.5868729105026,0.00029906433,795.3767276576083,0.00030160937,0.05601067,0.10646792
1354.1562543350292,8077.0454,3.1163673,-0.00057396287,6081,783.5874509666857,795.3761036146051,7423.1143,2.7885182,1321.0518,0.9511099,8077.0454,3.1163673,0,,,,,783.5874509666857,0.00029907047,795.3761036146051,0.00030154258,0.056418438,0.10545553
1354.1770873030455,8077.9897,3.11584,-0.00057432,6082,783.5879414627562,795.3755330362488,7423.576,2.7880461,1320.1334,0.9504147,8077.9897,3.11584,0,,,,,783.5879414627562,0.00029893324,795.3755330362488,0.0003015721,0.05702245,0.10507315
1354.1979202728664,8080.2446,3.1162584,-0.0005746753,6083,783.5881286554416,795.3754153757785,7425.5283,2.7884207,1320.5742,0.95064086,8080.2446,3.1162584,0,,,,,783.5881286554416,0.00029891654,795.3754153757785,0.00030153763,0.056762595,0.1045466
1354.2187532443754,8083.792,3.1159787,-0.0005750289,6084,783.5875940617971,795.3747729317117,7428.2925,2.78817,1319.5319,0.9498557,8083.792,3.1159787,0,,,,,783.5875940617971,0.00029879043,795.3747729317117,0.0003015179,0.05676703,0.10351526
1354.2395862176886,8082.1274,3.1158574,-0.0005753807,6085,783.587512858491,795.3737185086007,7426.9414,2.7880619,1319.2291,0.95036,8082.1274,3.1158574,0,,,,,783.587512858491,0.00029876977,795.3737185086007,0.00030142735,0.05642351,0.10283132
1354.2604191926318,8082.579,3.1146734,-0.00057573087,6086,783.5868760940247,795.3731222187763,7427.1445,2.7870023,1316.2902,0.9486016,8082.579,3.1146734,0,,,,,783.5868760940247,0.0002987413,795.3731222187763,0.00030143964,0.05545692,0.10120619
1354.281252169205,8086.682,3.1170452,-0.0005760794,6087,783.5862810271486,795.3728176983348,7431.309,2.7891245,1317.8989,0.9505747,8086.682,3.1170452,0,,,,,783.5862810271486,0.00029893668,795.3728176983348,0.00030149936,0.055197194,0.101555124
1354.3020851474075,8081.3613,3.116493,-0.00057642633,6088,783.5852841266137,795.3720530242568,7427.2393,2.7886305,1320.639,0.95079005,8081.3613,3.116493,0,,,,,783.5852841266137,0.0002987896,795.3720530242568,0.00030164345,0.054575425,0.10070937
1354.3229181271813,8073.308,3.1148398,-0.0005767717,6089,783.5848944658225,795.3704828570675,7419.4526,2.7871513,1320.2021,0.95045745,8073.308,3.1148398,0,,,,,783.5848944658225,0.00029899486,795.3704828570675,0.00030178143,0.053589705,0.09833606
1354.3437511084692,8084.576,3.1151958,-0.0005771155,6090,783.5845713524259,795.3702944521265,7429.5903,2.7874699,1316.0153,0.9490001,8084.576,3.1151958,0,,,,,783.5845713524259,0.00029877067,795.3702944521265,0.00030152843,0.052849516,0.09803268
1354.364584091271,8082.531,3.1160204,-0.00057745783,6091,783.5837128541291,795.370002916543,7428.109,2.7882078,1317.6189,0.95006806,8082.531,3.1160204,0,,,,,783.5837128541291,0.0002989124,795.370002916543,0.00030162928,0.05196615,0.09777005
1354.3854170755267,8076.0376,3.1155837,-0.0005777987,6092,783.5825876187552,795.3687609622094,7422.439,2.787817,1318.316,0.9490738,8076.0376,3.1155837,0,,,,,783.5825876187552,0.0002990683,795.3687609622094,0.00030208097,0.050802466,0.09610354
1354.4062500611794,8082.4854,3.115436,-0.00057813816,6093,783.5819027494379,795.3681018011672,7428.0723,2.7876847,1318.2214,0.9487717,8082.4854,3.115436,0,,,,,783.5819027494379,0.0002988909,795.3681018011672,0.00030176857,0.049833246,0.09497776
1354.4270830482305,8084.8213,3.115666,-0.00057847623,6094,783.5812982907511,795.3679670028117,7429.9224,2.7878904,1317.2096,0.94918716,8084.8213,3.115666,0,,,,,783.5812982907511,0.00029873464,795.3679670028117,0.00030172901,0.048569947,0.09428904
1354.4479160366202,8083.143,3.1144261,-0.00057881296,6095,783.5801786641446,795.3669720307252,7428.9136,2.786781,1315.7032,0.94838744,8083.143,3.1144261,0,,,,,783.5801786641446,0.00029878426,795.3669720307252,0.00030175748,0.04761254,0.09299326
1354.4687490263475,8078.8066,3.1149793,-0.00057914836,6096,783.5790629632556,795.3653410706711,7425.045,2.787276,1317.4432,0.9492557,8078.8066,3.1149793,0,,,,,783.5790629632556,0.0002991084,795.3653410706711,0.00030187023,0.046259545,0.09157498
1354.4895820173551,8073.551,3.1151526,-0.00057948247,6097,783.5778683687507,795.365282268177,7420.6445,2.787431,1317.833,0.9495064,8073.551,3.1151526,0,,,,,783.5778683687507,0.00029945126,795.365282268177,0.0003022017,0.045279738,0.0913504
1354.5104150095867,8077.0786,3.1161914,-0.00057981536,6098,783.5766565467752,795.3640007976011,7423.501,2.7883604,1317.8058,0.9500897,8077.0786,3.1161914,0,,,,,783.5766565467752,0.00029951564,795.3640007976011,0.00030228827,0.044176336,0.089501336
1354.5312480030989,8078.238,3.1141376,-0.00058014697,6099,783.5764314336195,795.3633713500021,7425.1377,2.7865229,1315.4442,0.9489205,8078.238,3.1141376,0,,,,,783.5764314336195,0.0002989125,795.3633713500021,0.00030200827,0.042840302,0.08884061
1354.5520809977163,8079.055,3.1146781,-0.00058047747,6100,783.575912676287,795.3627727699059,7426.1104,2.7870066,1317.2426,0.9491371,8079.055,3.1146781,0,,,,,783.575912676287,0.0002990302,795.3627727699059,0.00030192273,0.042345747,0.087956764
1354.5729139935552,8076.6367,3.1149764,-0.00058080675,6101,783.5739324793931,795.3616921962117,7424.1724,2.7872734,1316.1885,0.9493963,8076.6367,3.1149764,0,,,,,783.5739324793931,0.0002992814,795.3616921962117,0.0003020876,0.04041247,0.08664082
1354.593746990501,8078.782,3.114096,-0.0005811349,6102,783.5738364794289,795.3607395779292,7425.799,2.7864857,1315.1255,0.9483876,8078.782,3.114096,0,,,,,783.5738364794289,0.0002988963,795.3607395779292,0.00030209433,0.039754074,0.08538444
1354.6145799885526,8077.2554,3.1139438,-0.000581462,6103,783.571961232571,795.3601257667063,7424.643,2.7863493,1317.5752,0.94853044,8077.2554,3.1139438,0,,,,,783.571961232571,0.00029889532,795.3601257667063,0.00030216863,0.038409725,0.08487159
1354.6354129876518,8080.5596,3.1143336,-0.000581788,6104,783.5709003466699,795.3590408057975,7427.651,2.7866983,1315.9619,0.9491434,8080.5596,3.1143336,0,,,,,783.5709003466699,0.00029878758,795.3590408057975,0.00030214226,0.0368884,0.08272449
1354.656245987799,8080.3564,3.1143136,-0.000582113,6105,783.5708088257911,795.3596555698454,7427.284,2.7866807,1316.1552,0.9481427,8080.3564,3.1143136,0,,,,,783.5708088257911,0.00029891843,795.3596555698454,0.00030219232,0.03705065,0.08395796
1354.6770789889938,8077.472,3.114006,-0.0005824369,6106,783.5708656653659,795.3582900334189,7424.9795,2.7864053,1315.8656,0.9482478,8077.472,3.114006,0,,,,,783.5708656653659,0.00029894983,795.3582900334189,0.00030225498,0.035802677,0.082085244
1354.6979119911198,8081.0537,3.1145132,-0.0005827599,6107,783.5686666345862,795.3562315557048,7428.385,2.7868588,1315.7832,0.9488174,8081.0537,3.1145132,0,,,,,783.5686666345862,0.000298915,795.3562315557048,0.00030219977,0.034179218,0.080121525
1354.7187449942355,8080.8936,3.1151795,-0.0005830819,6108,783.5684016265318,795.3566877496343,7427.8213,2.7874553,1314.7427,0.9481251,8080.8936,3.1151795,0,,,,,783.5684016265318,0.00029890524,795.3566877496343,0.00030247797,0.033221737,0.08077724
1354.7395779983408,8080.839,3.1138942,-0.0005834029,6109,783.567758987543,795.3562199667514,7428.273,2.786305,1316.5747,0.94802207,8080.839,3.1138942,0,,,,,783.567758987543,0.00029888214,795.3562199667514,0.00030216083,0.033291217,0.07950481
1354.760411003319,8079.9263,3.1141706,-0.0005837231,6110,783.5665314211473,795.3546507579356,7428.3125,2.7865524,1315.6981,0.9477151,8079.9263,3.1141706,0,,,,,783.5665314211473,0.0002989538,795.3546507579356,0.00030225277,0.03084311,0.0778301
1354.7812440091705,8078.931,3.1143212,-0.00058404234,6111,783.5660374644035,795.353774782396,7426.6963,2.7866871,1315.7004,0.9492622,8078.931,3.1143212,0,,,,,783.5660374644035,0.00029913068,795.353774782396,0.00030232652,0.03133278,0.07720345
1354.802077015895,8076.3364,3.1144774,-0.00058436074,6112,783.5651876104728,795.3548990931669,7424.094,2.7868268,1317.2882,0.94830936,8076.3364,3.1144774,0,,,,,783.5651876104728,0.00029910964,795.3548990931669,0.00030257175,0.029875467,0.07789039
1354.8229100234926,8079.7925,3.1136189,-0.00058467826,6113,783.5640556428855,795.3523332895892,7427.2783,2.7860587,1316.4315,0.9477775,8079.7925,3.1136189,0,,,,,783.5640556428855,0.00029896054,795.3523332895892,0.00030230338,0.02858053,0.0752063
1354.8437430319627,8079.8843,3.1143343,-0.0005849949,6114,783.5640400412038,795.3529784961645,7427.402,2.786699,1317.0287,0.94898367,8079.8843,3.1143343,0,,,,,783.5640400412038,0.00029891086,795.3529784961645,0.0003024351,0.028339984,0.07604143
1354.8645760411903,8079.5566,3.1138353,-0.0005853108,6115,783.5634159867827,795.3523513605297,7427.2397,2.7862523,1316.9935,0.948061,8079.5566,3.1138353,0,,,,,783.5634159867827,0.00029900591,795.3523513605297,0.0003023886,0.027673166,0.07496714
1354.885409051175,8082.2383,3.1150675,-0.00058562594,6116,783.5626279584498,795.3510938013228,7429.91,2.7873552,1314.9458,0.9484879,8082.2383,3.1150675,0,,,,,783.5626279584498,0.0002989544,795.3510938013228,0.00030252922,0.026282405,0.07332508
1354.9062420619748,8078.498,3.113474,-0.00058594026,6117,783.5620808318029,795.3515632287406,7426.837,2.785929,1315.4753,0.94771653,8078.498,3.113474,0,,,,,783.5620808318029,0.00029896613,795.3515632287406,0.00030245224,0.025584146,0.073554434
1354.9270750734718,8079.195,3.1144798,-0.0005862539,6118,783.5614244592504,795.3506680677583,7426.025,2.786829,1316.4885,0.9483127,8079.195,3.1144798,0,,,,,783.5614244592504,0.00029917268,795.3506680677583,0.00030275024,0.025136063,0.0733098
1354.9479080857254,8081.3965,3.113693,-0.00058656675,6119,783.5598520205951,795.3495041356325,7429.0293,2.7861252,1315.1437,0.94757456,8081.3965,3.113693,0,,,,,783.5598520205951,0.00029894355,795.3495041356325,0.00030241575,0.023226568,0.07138339
1354.968741098737,8083.0884,3.1139271,-0.00058687886,6120,783.5604709401077,795.34987597364,7430.0244,2.7863343,1312.8958,0.9475488,8083.0884,3.1139271,0,,,,,783.5604709401077,0.00029909474,795.34987597364,0.0003024055,0.024246594,0.0718096
1354.989574112389,8077.8267,3.1135573,-0.0005871903,6121,783.5596197947178,795.3484735536408,7426.5923,2.7860036,1316.0552,0.9476102,8077.8267,3.1135573,0,,,,,783.5596197947178,0.00029905862,795.3484735536408,0.00030261566,0.022994725,0.06963343
1355.0104071267378,8081.223,3.113583,-0.0005875011,6122,783.559538737678,795.3490577517497,7428.9897,2.7860267,1313.6904,0.9474325,8081.223,3.113583,0,,,,,783.559538737678,0.00029893927,795.3490577517497,0.00030252134,0.023068966,0.07089239
1355.0312401417273,8083.6636,3.1138167,-0.0005878112,6123,783.5581412562308,795.3476506437756,7431.046,2.7862358,1313.8698,0.9470678,8083.6636,3.1138167,0,,,,,783.5581412562308,0.00029896453,795.3476506437756,0.00030257323,0.021614464,0.06937352
1355.0520731573583,8075.4434,3.1137078,-0.0005881207,6124,783.5581929694605,795.3478109989398,7423.8413,2.7861383,1315.2227,0.9487709,8075.4434,3.1137078,0,,,,,783.5581929694605,0.0002993671,795.3478109989398,0.00030267047,0.021381784,0.06857803
1355.0729061736297,8080.337,3.1132097,-0.00058842957,6125,783.5576579208422,795.3477163194763,7429.597,2.7856927,1313.1145,0.9469618,8080.337,3.1132097,0,,,,,783.5576579208422,0.00029894785,795.3477163194763,0.00030253376,0.020900603,0.06889824
1355.09373919054,8077.5107,3.1132214,-0.0005887378,6126,783.5564677729114,795.3462230638886,7425.852,2.7857032,1315.0637,0.94726783,8077.5107,3.1132214,0,,,,,783.5564677729114,0.0002990173,795.3462230638886,0.0003027609,0.01969911,0.068257384
1355.114572208032,8085.1304,3.1131587,-0.0005890454,6127,783.5568886230283,795.3460188445183,7432.514,2.785647,1314.6477,0.9462052,8085.1304,3.1131587,0,,,,,783.5568886230283,0.00029882276,795.3460188445183,0.00030251,0.019131057,0.06725823
1355.1354052261079,8080.8633,3.113242,-0.00058935245,6128,783.5562961180947,795.3467190239924,7428.7036,2.7857215,1315.702,0.94750255,8080.8633,3.113242,0,,,,,783.5562961180947,0.00029891927,795.3467190239924,0.000302582,0.018515823,0.06782861
1355.1562382447073,8085.1333,3.113549,-0.000589659,6129,783.5554603089491,795.3440769531362,7433.5205,2.7859962,1314.0955,0.94720525,8085.1333,3.113549,0,,,,,783.5554603089491,0.0002987677,795.3440769531362,0.00030237006,0.017907713,0.06505423
1355.1770712639466,8080.4614,3.1135094,-0.00058996485,6130,783.5557746036313,795.3458127630433,7429.4053,2.785961,1313.1587,0.9481131,8080.4614,3.1135094,0,,,,,783.5557746036313,0.00029886287,795.3458127630433,0.00030251677,0.017725611,0.06719625
1355.1979042836508,8085.79,3.1134517,-0.00059027027,6131,783.5548514809428,795.345236996757,7434.321,2.7859092,1312.424,0.9460263,8085.79,3.1134517,0,,,,,783.5548514809428,0.00029889285,795.345236996757,0.00030252308,0.017141864,0.06534532
1355.2187373039378,8081.777,3.1134467,-0.0005905751,6132,783.5541973764316,795.3441711817475,7429.3784,2.7859046,1314.0841,0.9467057,8081.777,3.1134467,0,,,,,783.5541973764316,0.00029906697,795.3441711817475,0.00030277536,0.016379405,0.064640135
1355.2395703247491,8075.5557,3.112719,-0.0005908794,6133,783.5539478072282,795.3439977074878,7425.273,2.7852535,1315.8846,0.9471023,8075.5557,3.112719,0,,,,,783.5539478072282,0.00029904023,795.3439977074878,0.00030265667,0.016225979,0.06517586
1355.2604033460839,8079.159,3.1128566,-0.0005911832,6134,783.5533520614078,795.3442322744916,7428.0586,2.7853768,1314.8367,0.9468926,8079.159,3.1128566,0,,,,,783.5533520614078,0.00029908493,795.3442322744916,0.00030259282,0.01537435,0.06489464
1355.2812363678836,8078.933,3.1144443,-0.0005914865,6135,783.553619769801,795.3432076481471,7427.117,2.7867973,1314.5854,0.94744384,8078.933,3.1144443,0,,,,,783.553619769801,0.00029966698,795.3432076481471,0.00030288525,0.015978906,0.063338794
1355.3020693901494,8083.133,3.1131852,-0.0005917894,6136,783.552895432488,795.343007183918,7429.798,2.7856705,1314.76,0.94702286,8083.133,3.1131852,0,,,,,783.552895432488,0.00029903275,795.343007183918,0.00030260367,0.014944944,0.06381423
1355.3229024128818,8082.3926,3.1128776,-0.00059209176,6137,783.5531252348129,795.3422941654543,7429.7046,2.7853954,1313.7806,0.94655275,8082.3926,3.1128776,0,,,,,783.5531252348129,0.00029886354,795.3422941654543,0.00030272888,0.015231711,0.06276056
1355.343735436138,8080.289,3.1130903,-0.0005923936,6138,783.5518985399827,795.3418864905133,7429.082,2.7855859,1313.6812,0.94643116,8080.289,3.1130903,0,,,,,783.5518985399827,0.000299067,795.3418864905133,0.00030270204,0.013587673,0.06237411
1355.3645684598005,8080.3804,3.1135225,-0.0005926951,6139,783.5513418359718,795.3419410069107,7428.661,2.7859726,1312.4927,0.9467133,8080.3804,3.1135225,0,,,,,783.5513418359718,0.00029927507,795.3419410069107,0.00030289177,0.01347797,0.061990857
1355.3854014839283,8074.385,3.1133902,-0.0005929961,6140,783.5510574598376,795.3430394596968,7421.5483,2.7858543,1314.9967,0.94704795,8074.385,3.1133902,0,,,,,783.5510574598376,0.0002994234,795.3430394596968,0.00030326933,0.012637964,0.06311874
1355.406234508465,8082.218,3.1138372,-0.00059329666,6141,783.5513930246716,795.3418469691181,7430.0977,2.7862542,1314.8164,0.9471622,8082.218,3.1138372,0,,,,,783.5513930246716,0.00029924035,795.3418469691181,0.00030277658,0.013356188,0.06177062
1355.4270675334092,8077.585,3.112149,-0.00059359684,6142,783.5508192693959,795.3422096601026,7425.8887,2.7847435,1312.7847,0.9468418,8077.585,3.112149,0,,,,,783.5508192693959,0.00029909957,795.3422096601026,0.00030283918,0.012631215,0.062165037
1355.4479005588184,8076.4106,3.1120965,-0.00059389655,6143,783.5507676831006,795.3415522252712,7425.36,2.7846966,1313.4082,0.9458906,8076.4106,3.1120965,0,,,,,783.5507676831006,0.0002991406,795.3415522252712,0.00030295172,0.012258905,0.061014745
1355.4687335845763,8075.6895,3.1117215,-0.0005941959,6144,783.5501504136561,795.3407901109405,7424.865,2.7843611,1312.335,0.9462623,8075.6895,3.1117215,0,,,,,783.5501504136561,0.00029906802,795.3407901109405,0.00030277172,0.012142243,0.06036371
1355.4895666108005,8079.809,3.1131053,-0.0005944948,6145,783.54995454581,795.3417370046185,7428.6724,2.7855992,1313.4275,0.94620085,8079.809,3.1131053,0,,,,,783.54995454581,0.00029920667,795.3417370046185,0.0003027096,0.011942005,0.061640717
1355.5103996373743,8078.35,3.1134074,-0.00059479335,6146,783.5486687147934,795.3398918622032,7427.025,2.7858696,1314.4656,0.94692576,8078.35,3.1134074,0,,,,,783.5486687147934,0.00029915335,795.3398918622032,0.00030300146,0.010458021,0.059314992
1355.531232664297,8076.3433,3.1121933,-0.00059509155,6147,783.5501156482335,795.3407276261786,7424.582,2.7847831,1313.902,0.9465298,8076.3433,3.1121933,0,,,,,783.5501156482335,0.00029922722,795.3407276261786,0.0003029665,0.0110843,0.06022344
1355.5520656916265,8080.2983,3.1126006,-0.00059538934,6148,783.5499267009371,795.3406945423936,7428.84,2.7851477,1313.1616,0.9469696,8080.2983,3.1126006,0,,,,,783.5499267009371,0.00029892923,795.3406945423936,0.00030273368,0.011186225,0.060427517
1355.5728987193056,8077.364,3.1123397,-0.0005956868,6149,783.5487104652437,795.3396376124236,7426.927,2.7849143,1314.606,0.9466713,8077.364,3.1123397,0,,,,,783.5487104652437,0.00029899558,795.3396376124236,0.0003029429,0.010187131,0.05889293
1355.593731747335,8081.222,3.1132128,-0.0005959839,6150,783.5492244844136,795.3405766168504,7430.419,2.7856956,1314.0718,0.9475535,8081.222,3.1132128,0,,,,,783.5492244844136,0.0002990011,795.3405766168504,0.0003026862,0.010127546,0.0597771
1355.6145647757126,8079.8325,3.1131058,-0.0005962806,6151,783.5481580201301,795.3393737432056,7428.922,2.7855997,1314.7333,0.94722956,8079.8325,3.1131058,0,,,,,783.5481580201301,0.00029915138,795.3393737432056,0.00030290114,0.009497415,0.05847743
1355.6353978044397,8076.1475,3.1140492,-0.000596577,6152,783.5482644081859,795.3390103767725,7424.1924,2.786444,1315.5393,0.94767654,8076.1475,3.1140492,0,,,,,783.5482644081859,0.0002993839,795.3390103767725,0.00030317524,0.009997672,0.05890696
1355.656230833516,8080.122,3.113845,-0.00059687305,6153,783.5477942136076,795.3392300216095,7428.1714,2.7862613,1314.577,0.9480837,8080.122,3.113845,0,,,,,783.5477942136076,0.00029907897,795.3392300216095,0.0003030747,0.009487696,0.05843136
1355.6770638628832,8079.3906,3.1139033,-0.0005971688,6154,783.5477523095259,795.338590439105,7428.252,2.7863135,1315.3684,0.94834197,8079.3906,3.1139033,0,,,,,783.5477523095259,0.00029917603,795.338590439105,0.00030298257,0.0090742195,0.05746887
1355.6978968926005,8080.1,3.1138191,-0.0005974642,6155,783.5479208175793,795.339432463515,7429.0034,2.7862382,1315.22,0.9474838,8080.1,3.1138191,0,,,,,783.5479208175793,0.0002991732,795.339432463515,0.00030299838,0.009306446,0.058938794
1355.7187299226082,8082.4937,3.112983,-0.0005977593,6156,783.5465758655,795.3383410658204,7430.3228,2.7854898,1314.7847,0.947143,8082.4937,3.112983,0,,,,,783.5465758655,0.0002989889,795.3383410658204,0.00030281692,0.007695381,0.05740684
1355.739562952907,8079.0405,3.1124272,-0.00059805415,6157,783.5467525634119,795.3371787846584,7425.917,2.7849925,1315.1278,0.9472938,8079.0405,3.1124272,0,,,,,783.5467525634119,0.00029921375,795.3371787846584,0.00030304704,0.007517908,0.056385677
1355.7603959835546,8081.997,3.1127813,-0.0005983486,6158,783.5462622566068,795.3374723369823,7430.4688,2.7853093,1313.8582,0.94665337,8081.997,3.1127813,0,,,,,783.5462622566068,0.00029897987,795.3374723369823,0.0003028398,0.007669202,0.056669794
1355.7812290144354,8078.5605,3.1135933,-0.00059864286,6159,783.5471985243527,795.3374735486428,7427.64,2.7860358,1313.6431,0.946313,8078.5605,3.1135933,0,,,,,783.5471985243527,0.00029920015,795.3374735486428,0.00030311142,0.008232451,0.056845874
1355.8020620456655,8075.098,3.1137202,-0.00059893675,6160,783.5467322038288,795.3379812306538,7423.8755,2.7861495,1314.4203,0.9467937,8075.098,3.1137202,0,,,,,783.5467322038288,0.00029964824,795.3379812306538,0.00030334384,0.007540975,0.057238903
1355.8228950771281,8080.5513,3.112766,-0.0005992304,6161,783.546600838815,795.3371143547108,7428.66,2.7852957,1314.4368,0.9472109,8080.5513,3.112766,0,,,,,783.546600838815,0.00029900443,795.3371143547108,0.00030288106,0.0075052716,0.05593196
1355.8437281088827,8079.067,3.1131012,-0.0005995238,6162,783.5458297398045,795.3372016930622,7428.3164,2.7855957,1314.4644,0.94687706,8079.067,3.1131012,0,,,,,783.5458297398045,0.00029911578,795.3372016930622,0.00030294908,0.0069378545,0.056121565
1355.8645611409277,8080.855,3.1132503,-0.00059981685,6163,783.5462132854327,795.3377590785171,7430.1963,2.7857287,1314.5233,0.9471418,8080.855,3.1132503,0,,,,,783.5462132854327,0.00029902862,795.3377590785171,0.00030291907,0.007393087,0.056363173
1355.8853941732045,8078.4204,3.113451,-0.0006001097,6164,783.5451618581344,795.3367408632523,7427.3135,2.7859087,1313.3844,0.9475125,8078.4204,3.113451,0,,,,,783.5451618581344,0.0002991299,795.3367408632523,0.0003030579,0.006161238,0.055620324
1355.9062272057733,8080.919,3.1133447,-0.00060040224,6165,783.5458421138284,795.3366940929176,7430.0483,2.7858136,1314.7694,0.9465633,8080.919,3.1133447,0,,,,,783.5458421138284,0.0002990737,795.3366940929176,0.0003030809,0.0066726725,0.055602346
1355.9270602385757,8076.7397,3.1129265,-0.00060069456,6166,783.5460897936271,795.3374300016735,7425.652,2.7854393,1315.8517,0.94711024,8076.7397,3.1129265,0,,,,,783.5460897936271,0.0002992825,795.3374300016735,0.000303125,0.0067941695,0.056383975
1355.9478932716106,8080.4736,3.1125152,-0.00060098665,6167,783.5449809665676,795.3365009242102,7428.885,2.7850711,1313.9102,0.94647646,8080.4736,3.1125152,0,,,,,783.5449809665676,0.00029899375,795.3365009242102,0.0003028746,0.0055694375,0.054947183
1355.9687263049354,8080.1865,3.1125207,-0.00060127844,6168,783.5457076058823,795.3364838217751,7427.821,2.785076,1313.2272,0.94693065,8080.1865,3.1125207,0,,,,,783.5457076058823,0.00029921238,795.3364838217751,0.00030293694,0.006586062,0.055456344
1355.989559338493,8077.269,3.114124,-0.00060157,6169,783.5451725154101,795.336307590054,7425.918,2.7865107,1315.0726,0.9469754,8077.269,3.114124,0,,,,,783.5451725154101,0.00029912978,795.336307590054,0.0003033079,0.005576118,0.05564511
1356.0103923722268,8075.492,3.11375,-0.0006018614,6170,783.5453045893204,795.336101037023,7424.2188,2.7861762,1315.5497,0.94825965,8075.492,3.11375,0,,,,,783.5453045893204,0.0002993698,795.336101037023,0.00030326832,0.0062928824,0.055173125
1356.0312254062512,8075.5835,3.1128652,-0.0006021525,6171,783.5449128327597,795.3355661538908,7424.6836,2.7853847,1313.5602,0.9466115,8075.5835,3.1128652,0,,,,,783.5449128327597,0.00029940988,795.3355661538908,0.00030326543,0.005201784,0.054089867
1356.0520584405087,8074.904,3.1122746,-0.00060244335,6172,783.5446182047876,795.3360278346933,7422.9624,2.784856,1314.9121,0.9471394,8074.904,3.1122746,0,,,,,783.5446182047876,0.0002992769,795.3360278346933,0.00030315455,0.004847108,0.0544142
1356.0728914749393,8077.3013,3.1124973,-0.00060273404,6173,783.5457732523794,795.3363029084805,7425.6133,2.7850552,1313.4172,0.9464503,8077.3013,3.1124973,0,,,,,783.5457732523794,0.0002991207,795.3363029084805,0.00030312163,0.005637551,0.054447856
1356.093724509603,8078.1396,3.1135201,-0.0006030245,6174,783.544045940266,795.3366759894219,7424.8926,2.7859702,1315.2651,0.9465479,8078.1396,3.1135201,0,,,,,783.544045940266,0.0002993953,795.3366759894219,0.00030340915,0.005210554,0.055577062
1356.1145575445007,8081.0605,3.1121573,-0.0006033147,6175,783.5434112687403,795.3342272661929,7427.7427,2.784751,1313.8563,0.94598466,8081.0605,3.1121573,0,,,,,783.5434112687403,0.00029910804,795.3342272661929,0.00030306148,0.004080214,0.05321419
1356.1353905795731,8080.9316,3.112477,-0.00060360477,6176,783.5438165604228,795.3350060348068,7427.9707,2.7850373,1314.606,0.9464193,8080.9316,3.112477,0,,,,,783.5438165604228,0.00029917716,795.3350060348068,0.0003030732,0.004673227,0.05368134
1356.1562236148775,8081.1035,3.1123323,-0.0006038946,6177,783.5434326574778,795.3349892348073,7428.8706,2.7849073,1313.9031,0.9459488,8081.1035,3.1123323,0,,,,,783.5434326574778,0.00029903615,795.3349892348073,0.00030316366,0.004530089,0.053117324
1356.177056650415,8079.023,3.1114273,-0.00060418417,6178,783.5443307191659,795.3347730164812,7420.885,2.784098,1315.1527,0.94701713,8079.023,3.1114273,0,,,,,783.5443307191659,0.0002991997,795.3347730164812,0.00030377213,0.005306595,0.051901616
1356.2395557580746,8080.0117,3.1121888,-0.0006050519,6181,783.5433542319298,795.3342699185426,7426.648,2.784779,1315.1771,0.9462883,8080.0117,3.1121888,0,,,,,783.5433542319298,0.0002991031,795.3342699185426,0.0003032309,0.0036942805,0.05285918
1356.2603887943687,8082.0796,3.1125789,-0.0006053407,6182,783.5429448992472,795.3357300882768,7427.197,2.785128,1317.0271,0.9467127,8082.0796,3.1125789,0,,,,,783.5429448992472,0.00029914582,795.3357300882768,0.00030331977,0.003775876,0.054077595
1356.28122183078,8080.7354,3.1129594,-0.0006056294,6183,783.5436597600306,795.3341000754715,7428.461,2.7854686,1316.6135,0.94669724,8080.7354,3.1129594,0,,,,,783.5436597600306,0.00029916695,795.3341000754715,0.0003032123,0.003580954,0.052144118
1356.3020548674237,8077.402,3.1129334,-0.0006059179,6184,783.5434654815203,795.3347830216595,7425.5444,2.7854455,1316.7372,0.9479315,8077.402,3.1129334,0,,,,,783.5434654815203,0.00029916762,795.3347830216595,0.00030319774,0.0038164663,0.05320772
1356.3437209412327,8081.5483,3.1132164,-0.0006064943,6186,783.542975364304,795.3337193790463,7429.354,2.7856984,1315.3549,0.9475172,8081.5483,3.1132164,0,,,,,783.542975364304,0.00029904506,795.3337193790463,0.00030315455,0.0036127288,0.05185335
1356.3645539784006,8080.8228,3.1136622,-0.00060678227,6187,783.5428319726814,795.3342035325718,7428.3135,2.7860975,1315.1437,0.94704366,8080.8228,3.1136622,0,,,,,783.5428319726814,0.00029938045,795.3342035325718,0.0003032932,0.00364096,0.05265581
1356.385387015685,8079.9644,3.1138465,-0.0006070701,6188,783.5426053918269,795.333132413192,7426.7646,2.7862625,1314.5762,0.94709516,8079.9644,3.1138465,0,,,,,783.5426053918269,0.00029931808,795.333132413192,0.0003034511,0.0028744356,0.051128116
1356.4062200532012,8080.9673,3.1131508,-0.0006073577,6189,783.5421988904795,795.3334494768185,7429.1323,2.78564,1316.3922,0.9473078,8080.9673,3.1131508,0,,,,,783.5421988904795,0.00029907434,795.3334494768185,0.00030305167,0.0032031587,0.051970635
1356.427053090834,8074.4775,3.11204,-0.0006076452,6190,783.542495454619,795.3339268953554,7422.462,2.784646,1316.4646,0.9467427,8074.4775,3.11204,0,,,,,783.542495454619,0.0002992441,795.3339268953554,0.00030327612,0.002809785,0.05264208
1356.4478861286416,8079.2705,3.1134007,-0.0006079325,6191,783.5419896083139,795.3323200916274,7426.5615,2.7858634,1314.866,0.948927,8079.2705,3.1134007,0,,,,,783.5419896083139,0.00029908706,795.3323200916274,0.0003034007,0.0024785548,0.05048842
1356.4687191665655,8083.3867,3.1132224,-0.0006082197,6192,783.5429467091969,795.3339661336634,7428.8735,2.7857041,1315.6985,0.9467435,8083.3867,3.1132224,0,,,,,783.5429467091969,0.0002992562,795.3339661336634,0.00030337623,0.0036402026,0.05228521
1356.4895522047227,8071.7524,3.112495,-0.00060850667,6193,783.5416573463382,795.3327515447826,7420.1514,2.7850533,1317.2708,0.9475584,8071.7524,3.112495,0,,,,,783.5416573463382,0.0002994037,795.3327515447826,0.00030351247,0.0022336883,0.05160932
1356.5103852429377,8083.04,3.1130493,-0.0006087936,6194,783.5425291183617,795.332481312792,7428.9214,2.7855492,1316.53,0.9467784,8083.04,3.1130493,0,,,,,783.5425291183617,0.000299131,795.332481312792,0.00030310985,0.0031726975,0.050887283
1356.5312182813855,8076.0513,3.1125987,-0.00060908025,6195,783.5411872128412,795.3331846208273,7423.53,2.7851458,1319.2285,0.9476339,8076.0513,3.1125987,0,,,,,783.5411872128412,0.00029938886,795.3331846208273,0.00030326817,0.0016955263,0.051246118
1356.5520513198921,8073.9785,3.1124022,-0.00060936686,6196,783.5425626887153,795.3330211717501,7420.851,2.78497,1317.2181,0.94729215,8073.9785,3.1124022,0,,,,,783.5425626887153,0.00029938357,795.3330211717501,0.00030354998,0.0030715435,0.05102214
1356.5728843586314,8072.182,3.1124816,-0.00060965325,6197,783.5418934983837,795.3326984521369,7420.575,2.785041,1317.929,0.94699067,8072.182,3.1124816,0,,,,,783.5418934983837,0.00029943616,795.3326984521369,0.00030358366,0.0022698476,0.05041677
1356.5937173974278,8075.1543,3.1127872,-0.00060993957,6198,783.5419643451154,795.3324115894993,7422.091,2.7853146,1319.3491,0.9480084,8075.1543,3.1127872,0,,,,,783.5419643451154,0.00029938837,795.3324115894993,0.00030344282,0.0022525007,0.05023045
1356.6145504363985,8073.5654,3.1130388,-0.0006102257,6199,783.542325239559,795.3330454757775,7420.4536,2.7855399,1320.2103,0.94772357,8073.5654,3.1130388,0,,,,,783.542325239559,0.00029955193,795.3330454757775,0.00030374594,0.0025085928,0.05106753
1356.6562165147507,8077.767,3.113124,-0.0006107976,6201,783.5415874260366,795.3320627037285,7427.198,2.7856157,1318.288,0.9477604,8077.767,3.113124,0,,,,,783.5415874260366,0.00029922026,795.3320627037285,0.0003032387,0.0014869465,0.050465405
1356.6770495540713,8073.8267,3.1138341,-0.0006110834,6202,783.5418071183237,795.3327996875083,7423.6777,2.7862515,1319.5725,0.94869936,8073.8267,3.1138341,0,,,,,783.5418071183237,0.00029952065,795.3327996875083,0.0003033697,0.0018960845,0.050936367
1356.6978825935669,8073.8076,3.112628,-0.00061136903,6203,783.5413056818841,795.3317962458096,7424.0586,2.785172,1318.2339,0.94671905,8073.8076,3.112628,0,,,,,783.5413056818841,0.00029925213,795.3317962458096,0.00030330825,0.0017936189,0.050124176
1356.7187156331788,8069.5464,3.1115706,-0.00061165454,6204,783.5415685767704,795.3329731745445,7420.3115,2.784226,1316.0979,0.9471911,8069.5464,3.1115706,0,,,,,783.5415685767704,0.00029940973,795.3329731745445,0.00030322527,0.0014806101,0.050588723
1356.739548672907,8072.977,3.1122594,-0.00061193993,6205,783.5406153705017,795.3322385100513,7422.9263,2.7848423,1317.0223,0.94683355,8072.977,3.1122594,0,,,,,783.5406153705017,0.0002992543,795.3322385100513,0.00030322076,0.00096661405,0.050587222
1356.7603817127517,8075.243,3.1129587,-0.0006122252,6206,783.5409695433101,795.3313536991935,7425.7017,2.7854679,1316.9558,0.94709474,8075.243,3.1129587,0,,,,,783.5409695433101,0.00029933712,795.3313536991935,0.00030331517,0.0014208837,0.049312625
1356.781214752713,8076.375,3.1132376,-0.00061251037,6207,783.5412571100966,795.331341723667,7425.901,2.7857175,1315.7838,0.94698405,8076.375,3.1132376,0,,,,,783.5412571100966,0.00029920103,795.331341723667,0.00030327414,0.0011706984,0.049967192
1356.8020477927912,8076.8076,3.1119943,-0.0006127954,6208,783.5412899771666,795.33182564742,7426.5986,2.7846053,1314.048,0.94608146,8076.8076,3.1119943,0,,,,,783.5412899771666,0.00029915225,795.33182564742,0.00030312623,0.00078292267,0.049928214
1356.822880833044,8074.1626,3.1124754,-0.0006130803,6209,783.540804218417,795.3313646537063,7423.522,2.7850356,1316.5883,0.9466376,8074.1626,3.1124754,0,,,,,783.540804218417,0.00029923217,795.3313646537063,0.0003032998,0.0009827559,0.04899377
1356.843713873355,8076.6714,3.1134396,-0.0006133651,6210,783.5413995058353,795.3328411840334,7426.43,2.7858984,1315.4381,0.9477202,8076.6714,3.1134396,0,,,,,783.5413995058353,0.00029929428,795.3328411840334,0.00030317495,0.0014827732,0.05081198
1356.8645469137236,8080.575,3.1143532,-0.00061364984,6211,783.540567098523,795.3311818434528,7429.2144,2.786716,1315.8339,0.94701433,8080.575,3.1143532,0,,,,,783.540567098523,0.00029952978,795.3311818434528,0.00030322754,0.0008724192,0.04879646
1356.8853799542662,8078.0146,3.1124268,-0.0006139344,6212,783.5404777385608,795.3313713623844,7427.0723,2.784992,1316.3068,0.9467274,8078.0146,3.1124268,0,,,,,783.5404777385608,0.0002991258,795.3313713623844,0.00030309454,0.00079120044,0.049837656
1356.9062129949257,8073.038,3.1116965,-0.0006142189,6213,783.5405248019694,795.3316527716303,7421.472,2.7843387,1314.2561,0.94669414,8073.038,3.1116965,0,,,,,783.5405248019694,0.0002993168,795.3316527716303,0.00030323837,0.00088866305,0.049729723
1356.9270460356443,8076.915,3.1119535,-0.0006145033,6214,783.5437326452152,795.3327656419784,7424.85,2.7845688,1315.0375,0.9462681,8076.915,3.1119535,0,,,,,783.5437326452152,0.00029936686,795.3327656419784,0.00030334498,0.0040095737,0.050463784
1356.9478790764783,8073.3906,3.1121356,-0.00061478757,6215,783.540816875037,795.3311885134214,7422.179,2.7847316,1316.7942,0.94665426,8073.3906,3.1121356,0,,,,,783.540816875037,0.00029932815,795.3311885134214,0.0003033859,0.00087277935,0.049021572
1356.968712117429,8076.99,3.1124563,-0.00061507174,6216,783.5403294154149,795.3309479446241,7426.0894,2.7850184,1314.6814,0.9473712,8076.99,3.1124563,0,,,,,783.5403294154149,0.00029923164,795.3309479446241,0.0003032142,0.00014354083,0.04854851
1356.9895451584969,8080.3643,3.1125395,-0.0006153558,6217,783.5410247548135,795.3313549388389,7429.885,2.7850928,1315.4343,0.94617265,8080.3643,3.1125395,0,,,,,783.5410247548135,0.0002990601,795.3313549388389,0.00030302774,0.0006944515,0.04918505
1357.010378199623,8082.3037,3.1147642,-0.0006156398,6218,783.5408460865594,795.3313046473647,7430.4478,2.7870834,1315.3304,0.946833,8082.3037,3.1147642,0,,,,,783.5408460865594,0.00029926974,795.3313046473647,0.00030345123,0.0010213675,0.04930117
1357.0312112408646,8079.3022,3.1136286,-0.00061592367,6219,783.5388019117279,795.3304638721521,7428.666,2.7860677,1316.6576,0.9478914,8079.3022,3.1136286,0,,,,,783.5388019117279,0.00029918918,795.3304638721521,0.0003031928,-0.0011912809,0.04797595
1357.0520442821637,8073.605,3.1124213,-0.0006162075,6220,783.5397358543711,795.3310261277196,7423.4106,2.7849872,1317.1307,0.94675493,8073.605,3.1124213,0,,,,,783.5397358543711,0.0002992989,795.3310261277196,0.00030324233,0.00013810766,0.049115814
1357.07287732358,8076.7915,3.113423,-0.0006164912,6221,783.5410179462069,795.3311059998059,7426.615,2.7858837,1316.5004,0.94846064,8076.7915,3.113423,0,,,,,783.5410179462069,0.00029913808,795.3311059998059,0.00030332536,0.00092052284,0.048630103
1357.0937103650554,8083.5913,3.113525,-0.00061677484,6222,783.5401755766594,795.3302487939027,7432.465,2.7859745,1316.2736,0.94638264,8083.5913,3.113525,0,,,,,783.5401755766594,0.00029900472,795.3302487939027,0.00030308164,-0.00031711173,0.04820496
1357.1145434066461,8078.8174,3.1143312,-0.00061705837,6223,783.5398796824516,795.3300020433442,7428.0444,2.786696,1316.5011,0.94790286,8078.8174,3.1143312,0,,,,,783.5398796824516,0.00029933458,795.3300020433442,0.00030335813,-5.2818537e-05,0.048080035
1357.1353764483536,8077.375,3.1126516,-0.0006173418,6224,783.5402559517478,795.330950745755,7426.219,2.7851932,1315.9249,0.9467034,8077.375,3.1126516,0,,,,,783.5402559517478,0.00029926,795.330950745755,0.0003032412,-2.9839728e-06,0.04858035
1357.1562094901196,8079.7876,3.112542,-0.00061762513,6225,783.5403554786509,795.3304272007348,7428.7056,2.785095,1315.3528,0.9464631,8079.7876,3.112542,0,,,,,783.5403554786509,0.00029914218,795.3304272007348,0.0003031527,0.00050887256,0.048373923
1357.1770425319442,8076.578,3.1128826,-0.00061790843,6226,783.5395209733199,795.3300518961904,7425.8706,2.7854002,1316.4171,0.9466456,8076.578,3.1128826,0,,,,,783.5395209733199,0.0002991513,795.3300518961904,0.00030337417,-0.0004099547,0.04755093
1357.197875573885,8083.4434,3.113798,-0.0006181916,6227,783.5400206587889,795.3312159089392,7432.5063,2.786219,1315.7749,0.9467131,8083.4434,3.113798,0,,,,,783.5400206587889,0.00029900967,795.3312159089392,0.00030315155,-0.00015215017,0.04843055
1357.2187086158829,8079.1704,3.1132493,-0.00061847473,6228,783.5396972959254,795.3299153157875,7427.961,2.785728,1315.1627,0.9470891,8079.1704,3.1132493,0,,,,,783.5396972959254,0.0002993225,795.3299153157875,0.0003032828,-0.0002838742,0.04769389
1357.2395416579968,8079.296,3.1138449,-0.00061875774,6229,783.539948986119,795.3300927905249,7428.141,2.7862608,1315.699,0.94665176,8079.296,3.1138449,0,,,,,783.539948986119,0.000299285,795.3300927905249,0.0003034234,-0.000235004,0.047905125
1357.2603747001706,8078.3833,3.1131022,-0.0006190407,6230,783.5404048618566,795.3303466879048,7427.4004,2.7855964,1315.943,0.94714385,8078.3833,3.1131022,0,,,,,783.5404048618566,0.00029923048,795.3303466879048,0.0003032654,-5.1393494e-05,0.048314873
1357.2812077424023,8084.028,3.1132736,-0.0006193236,6231,783.5389708616697,795.3292690630773,7432.3823,2.78575,1314.8499,0.94649506,8084.028,3.1132736,0,,,,,783.5389708616697,0.0002990201,795.3292690630773,0.0003031304,-0.00089303503,0.0466004
1357.3228738270395,8082.489,3.1133282,-0.0006198892,6233,783.5393511890093,795.3282053160297,7432.272,2.7857985,1315.4452,0.9463187,8082.489,3.1133282,0,,,,,783.5393511890093,0.00029902105,795.3282053160297,0.00030308776,-0.0001784372,0.04665486
1357.3437068695043,8076.907,3.1120012,-0.00062017184,6234,783.5395661699005,795.3308521450293,7426.894,2.7846112,1314.0701,0.94623804,8076.907,3.1120012,0,,,,,783.5395661699005,0.00029904727,795.3308521450293,0.0003031202,-0.00020299875,0.048758905
1357.3645399120273,8079.8267,3.1135654,-0.00062045443,6235,783.5392932865788,795.3298053489647,7428.8926,2.7860107,1316.1425,0.94667935,8079.8267,3.1135654,0,,,,,783.5392932865788,0.00029943028,795.3298053489647,0.00030313828,-0.00042918714,0.047928784
1357.3853729546076,8084.218,3.1143312,-0.000620737,6236,783.5386759478295,795.328740094067,7433.1987,2.786696,1318.2543,0.9472303,8084.218,3.1143312,0,,,,,783.5386759478295,0.00029907102,795.328740094067,0.00030320778,-0.0011345868,0.04635123
1357.4062059973046,8079.3174,3.1145368,-0.0006210194,6237,783.5397266762767,795.3301764090347,7428.5264,2.78688,1316.8247,0.94701296,8079.3174,3.1145368,0,,,,,783.5397266762767,0.00029925435,795.3301764090347,0.00030349262,-0.00022300686,0.04770688
1357.4270390400598,8081.452,3.113438,-0.00062130176,6238,783.5393762879013,795.3289123829202,7430.0454,2.7858968,1315.6217,0.947346,8081.452,3.113438,0,,,,,783.5393762879013,0.00029920822,795.3289123829202,0.00030320315,-0.0009698669,0.046915095
1357.4478720828147,8081.47,3.1128006,-0.0006215841,6239,783.5385934219249,795.329207548864,7430.6304,2.7853265,1315.5792,0.94627446,8081.47,3.1128006,0,,,,,783.5385934219249,0.00029910443,795.329207548864,0.00030306785,-0.0008347113,0.04684696
1357.4687051256863,8079.1216,3.113397,-0.0006218664,6240,783.5399155036079,795.3299967771761,7428.8833,2.78586,1318.1091,0.94729507,8079.1216,3.113397,0,,,,,783.5399155036079,0.00029918662,795.3299967771761,0.00030323002,-8.029491e-05,0.047361653
1357.489538168616,8080.94,3.1143878,-0.00062214857,6241,783.5390492650267,795.3286821045489,7429.524,2.7867465,1315.9917,0.94762576,8080.94,3.1143878,0,,,,,783.5390492650267,0.00029919005,795.3286821045489,0.0003033562,-0.0011438602,0.046069268
1357.5103712116627,8076.7637,3.113175,-0.00062243064,6242,783.5393654096844,795.3299551919359,7425.633,2.7856615,1316.7916,0.9477238,8076.7637,3.113175,0,,,,,783.5393654096844,0.00029919366,795.3299551919359,0.0003033296,-0.00059224677,0.04724794
1357.5312042547096,8076.2,3.1125176,-0.0006227127,6243,783.5385044498073,795.3289595499983,7425.6167,2.7850733,1316.1068,0.9465884,8076.2,3.1125176,0,,,,,783.5385044498073,0.00029921843,795.3289595499983,0.00030335417,-0.0014611694,0.046061814
1357.5728703409764,8081.4087,3.1126857,-0.0006232767,6245,783.540897156077,795.3286124403616,7428.1255,2.785224,1317.1366,0.94660157,8081.4087,3.1126857,0,,,,,783.540897156077,0.00029911997,795.3286124403616,0.00030341212,0.0013938544,0.04568401
1357.5937033841979,8075.724,3.112498,-0.0006235586,6246,783.5395261144655,795.3283304923051,7425.3276,2.7850559,1315.7335,0.94671476,8075.724,3.112498,0,,,,,783.5395261144655,0.00029931637,795.3283304923051,0.00030333688,-0.00093456503,0.045382734
1357.6145364274776,8081.09,3.1131947,-0.00062384043,6247,783.5386841737079,795.3290687033154,7430.353,2.7856793,1315.7366,0.9471829,8081.09,3.1131947,0,,,,,783.5386841737079,0.00029900752,795.3290687033154,0.00030311986,-0.0012942771,0.04646809
1357.6353694708155,8084.401,3.113987,-0.0006241222,6248,783.5388336481091,795.328261314449,7433.242,2.7863882,1315.9843,0.946587,8084.401,3.113987,0,,,,,783.5388336481091,0.000299184,795.328261314449,0.000303169,-0.0018087436,0.04567544
1357.6562025142107,8078.883,3.112721,-0.00062440394,6249,783.5389681431965,795.3290737893035,7428.8154,2.7852554,1316.5515,0.9466411,8078.883,3.112721,0,,,,,783.5389681431965,0.00029898412,795.3290737893035,0.00030312617,-0.0012580929,0.046204798
1357.6770355576637,8081.0894,3.1129735,-0.0006246856,6250,783.5383611411286,795.3286443711255,7428.956,2.7854812,1316.221,0.9469107,8081.0894,3.1129735,0,,,,,783.5383611411286,0.00029917614,795.3286443711255,0.00030337294,-0.0016706296,0.045509927
1357.6978686011753,8082.0674,3.1132855,-0.0006249672,6251,783.5388603040388,795.328244339194,7431.2007,2.7857604,1317.068,0.9466341,8082.0674,3.1132855,0,,,,,783.5388603040388,0.00029908243,795.328244339194,0.00030313377,-0.00132,0.045556832
1357.718701644746,8083.1733,3.1136646,-0.00062524877,6252,783.5388533476004,795.3274461724769,7432.985,2.7860997,1316.75,0.946692,8083.1733,3.1136646,0,,,,,783.5388533476004,0.00029907314,795.3274461724769,0.00030308793,-0.0017713056,0.044907242
1357.739534688316,8083.66,3.1140475,-0.0006255303,6253,783.5385322005369,795.328899647332,7433.0557,2.7864423,1317.2046,0.9466568,8083.66,3.1140475,0,,,,,783.5385322005369,0.0002991255,795.328899647332,0.0003032643,-0.0013166892,0.04590608
1357.7603677320026,8073.01,3.113218,-0.00062581175,6254,783.5388273084943,795.3276041679297,7423.795,2.7857,1317.3225,0.94805557,8073.01,3.113218,0,,,,,783.5388273084943,0.00029923194,795.3276041679297,0.00030337812,-0.0014419464,0.045074575
1357.7812007756895,8083.191,3.1136959,-0.0006260932,6255,783.5381288379197,795.3277756126287,7432.2095,2.7861276,1316.3531,0.9467076,8083.191,3.1136959,0,,,,,783.5381288379197,0.00029904215,795.3277756126287,0.00030319774,-0.0018246826,0.045273125
1357.8020338194349,8078.9893,3.1133282,-0.00062637456,6256,783.5386924040631,795.3285909664688,7429.3623,2.7857985,1317.1338,0.94728875,8078.9893,3.1133282,0,,,,,783.5386924040631,0.0002991046,795.3285909664688,0.00030326075,-0.0015687438,0.046009652
1357.8228668632378,8079.3223,3.1132019,-0.0006266559,6257,783.5383885791772,795.3270711694404,7428.524,2.7856855,1317.1384,0.9470397,8079.3223,3.1132019,0,,,,,783.5383885791772,0.0002990878,795.3270711694404,0.0003033489,-0.0018991699,0.044334494
1357.8436999070404,8078.789,3.1133366,-0.0006269372,6258,783.5389040282163,795.328599503058,7428.329,2.7858062,1316.9125,0.9473212,8078.789,3.1133366,0,,,,,783.5389040282163,0.00029919506,795.328599503058,0.00030334134,-0.0013772862,0.046205014
1357.8645329509604,8086.227,3.1155262,-0.0006272184,6259,783.5381211436878,795.3268635405834,7434.697,2.7877653,1317.1052,0.94768244,8086.227,3.1155262,0,,,,,783.5381211436878,0.00029935758,795.3268635405834,0.00030341337,-0.0021805807,0.043729283
1357.8853659948804,8086.345,3.1138449,-0.0006274996,6260,783.5393142367086,795.3275786593983,7434.873,2.7862608,1317.4185,0.94702107,8086.345,3.1138449,0,,,,,783.5393142367086,0.0002989676,795.3275786593983,0.00030310373,-0.0011610466,0.045600154
1357.9061990387995,8079.211,3.113145,-0.0006277808,6261,783.5383614216704,795.3277531484435,7427.828,2.7856348,1318.4735,0.9469344,8079.211,3.113145,0,,,,,783.5383614216704,0.00029924174,795.3277531484435,0.0003032901,-0.0022072927,0.045243993
1357.9270320828352,8079.057,3.1139753,-0.0006280619,6262,783.538313386728,795.3272740669422,7428.4707,2.786378,1317.8716,0.94734764,8079.057,3.1139753,0,,,,,783.538313386728,0.0002992473,795.3272740669422,0.0003035246,-0.0020536797,0.043951288
1357.9478651268716,8074.283,3.1126878,-0.00062834297,6263,783.5381508546135,795.3285417934432,7423.388,2.7852259,1318.8835,0.9470428,8074.283,3.1126878,0,,,,,783.5381508546135,0.0002994241,795.3285417934432,0.00030350225,-0.0024378086,0.045946363
1357.9686981709656,8077.1934,3.1126935,-0.000628624,6264,783.5381468358906,795.3265749715646,7425.5156,2.7852309,1317.1871,0.9467243,8077.1934,3.1126935,0,,,,,783.5381468358906,0.00029918706,795.3265749715646,0.00030360627,-0.0023471995,0.043252718
1357.9895312150593,8082.387,3.113879,-0.000628905,6265,783.5386698516431,795.3281689255306,7431.6343,2.7862916,1317.7064,0.9471319,8082.387,3.113879,0,,,,,783.5386698516431,0.00029912943,795.3281689255306,0.00030314838,-0.0018452093,0.045198213
1358.0311973034218,8077.9595,3.1125963,-0.0006294669,6267,783.5376965498584,795.3287887365324,7423.557,2.7851439,1318.0978,0.9472874,8077.9595,3.1125963,0,,,,,783.5376965498584,0.00029928857,795.3287887365324,0.0003036563,-0.0027169194,0.045581304
1358.0520303476908,8082.956,3.114136,-0.00062974775,6268,783.5383328833968,795.3264047408526,7431.986,2.7865214,1318.5691,0.9475726,8082.956,3.114136,0,,,,,783.5383328833968,0.00029916776,795.3264047408526,0.00030331593,-0.0015765808,0.043898232
1358.07286339196,8080.023,3.113353,-0.0006300286,6269,783.5375127420458,795.3269046141935,7428.2617,2.7858207,1318.3407,0.94726497,8080.023,3.113353,0,,,,,783.5375127420458,0.00029932757,795.3269046141935,0.00030349282,-0.0024461884,0.043320242
1358.0936964362286,8082.722,3.1140006,-0.00063030946,6270,783.5377393713469,795.327354913319,7431.6113,2.7864003,1319.8035,0.9475089,8082.722,3.1140006,0,,,,,783.5377393713469,0.0002991287,795.327354913319,0.00030333595,-0.0019530558,0.044439785
1358.1145294805551,8076.154,3.1133037,-0.00063059025,6271,783.5377704736292,795.3266385533634,7426.6504,2.7857766,1317.9229,0.94772893,8076.154,3.1133037,0,,,,,783.5377704736292,0.00029921945,795.3266385533634,0.00030342248,-0.002530396,0.04351643
1358.1353625249408,8081.105,3.113631,-0.000630871,6272,783.5382798002938,795.3268390692876,7430.458,2.7860696,1318.6035,0.94732636,8081.105,3.113631,0,,,,,783.5382798002938,0.00029917958,795.3268390692876,0.0003032706,-0.0021671043,0.044691242
1358.1561955693264,8080.0854,3.1133673,-0.0006311517,6273,783.5381202529686,795.3255163277688,7428.601,2.7858338,1317.5549,0.94691086,8080.0854,3.1133673,0,,,,,783.5381202529686,0.00029919785,795.3255163277688,0.00030352556,-0.0024646053,0.042705156
1358.1770286137694,8081.8286,3.1138725,-0.0006314324,6274,783.537896487597,795.3266542701795,7431.069,2.7862859,1318.7108,0.94705695,8081.8286,3.1138725,0,,,,,783.537896487597,0.00029918764,795.3266542701795,0.0003033462,-0.002175416,0.04357985
1358.1978616582126,8078.9253,3.113914,-0.0006317131,6275,783.5379480912419,795.327632751722,7427.7617,2.7863228,1318.7035,0.9471475,8078.9253,3.113914,0,,,,,783.5379480912419,0.0002993015,795.327632751722,0.0003035997,-0.00224699,0.044230554
1358.2186947027146,8076.7256,3.1132746,-0.0006319937,6276,783.5380400432847,795.3260108295282,7426.462,2.7857506,1319.3966,0.9474402,8076.7256,3.1132746,0,,,,,783.5380400432847,0.00029923712,795.3260108295282,0.0003034662,-0.002372864,0.04238118
1358.2395277472165,8075.652,3.114028,-0.0006322743,6277,783.5385894523337,795.3271050442943,7426.306,2.7864249,1318.1064,0.947716,8075.652,3.114028,0,,,,,783.5385894523337,0.0002992908,795.3271050442943,0.00030361023,-0.0025469393,0.043670323
1358.260360791776,8076.983,3.1143825,-0.0006325549,6278,783.5372197969114,795.3258776335205,7426.9683,2.7867422,1319.1707,0.9474577,8076.983,3.1143825,0,,,,,783.5372197969114,0.00029951392,795.3258776335205,0.0003036651,-0.0027902555,0.042341337
1358.2811938363357,8075.884,3.1149392,-0.00063283544,6279,783.5375840497056,795.3267161952289,7426.142,2.78724,1324.1187,0.9487672,8075.884,3.1149392,0,,,,,783.5375840497056,0.00029947626,795.3267161952289,0.00030363692,-0.002329629,0.04402619
1358.3020268809541,8082.1494,3.113589,-0.00063311594,6280,783.5377109450616,795.3266531803071,7431.782,2.786032,1317.7646,0.94706595,8082.1494,3.113589,0,,,,,783.5377109450616,0.000299085,795.3266531803071,0.00030324332,-0.0029552241,0.043154098
1358.3228599255726,8076.633,3.113641,-0.00063339644,6281,783.5376043610984,795.3263702481606,7426.4463,2.7860785,1320.4675,0.947533,8076.633,3.113641,0,,,,,783.5376043610984,0.0002993678,795.3263702481606,0.00030363674,-0.0025548157,0.042806033
1358.3436929701902,8073.9316,3.1149533,-0.00063367694,6282,783.5383404295372,795.3268279129123,7424.4893,2.7872527,1320.2168,0.94805676,8073.9316,3.1149533,0,,,,,783.5383404295372,0.00029946226,795.3268279129123,0.00030379742,-0.0024061175,0.043659586
1358.3645260148662,8072.548,3.1126235,-0.0006339574,6283,783.5373362741282,795.3254866301199,7422.373,2.785168,1319.8757,0.947254,8072.548,3.1126235,0,,,,,783.5373362741282,0.00029940915,795.3254866301199,0.00030353758,-0.0026806635,0.042582765
1358.385359059601,8082.3687,3.1141288,-0.0006342378,6284,783.5376529703992,795.3259060067126,7431.5425,2.786515,1319.9196,0.947289,8082.3687,3.1141288,0,,,,,783.5376529703992,0.0002991468,795.3259060067126,0.00030339946,-0.0026023046,0.042967927
1358.4061921042776,8083.031,3.1139648,-0.0006345182,6285,783.5372319634515,795.3254506553802,7432.844,2.7863681,1317.3804,0.94703263,8083.031,3.1139648,0,,,,,783.5372319634515,0.00029914497,795.3254506553802,0.0003033848,-0.0033099176,0.04209419
1358.4270251490118,8082.7246,3.114414,-0.0006347986,6286,783.537704842926,795.3259956471824,7432.2305,2.78677,1319.74,0.9473829,8082.7246,3.114414,0,,,,,783.537704842926,0.00029905923,795.3259956471824,0.00030332935,-0.0024894061,0.04282729
1358.4478581938033,8075.845,3.113102,-0.00063507893,6287,783.5373138990266,795.3254608612281,7425.689,2.7855961,1318.9434,0.9474254,8075.845,3.113102,0,,,,,783.5373138990266,0.00029931514,795.3254608612281,0.000303495,-0.0028962537,0.042525705
1358.4686912385957,8076.0044,3.1139,-0.00063535926,6288,783.5373925959116,795.3252779403712,7425.618,2.7863104,1319.2191,0.94769394,8076.0044,3.1139,0,,,,,783.5373925959116,0.00029927885,795.3252779403712,0.0003036441,-0.0031586187,0.042529687
1358.4895242833888,8079.182,3.1145415,-0.0006356396,6289,783.537130791534,795.325775072288,7429.1787,2.7868843,1319.5175,0.9490831,8079.182,3.1145415,0,,,,,783.537130791534,0.0002991085,795.325775072288,0.00030339914,-0.0027349698,0.04306837
1358.5103573281817,8074.42,3.1132646,-0.0006359199,6290,783.5379663482657,795.3245234407414,7423.8804,2.7857418,1318.3082,0.94869673,8074.42,3.1132646,0,,,,,783.5379663482657,0.00029931072,795.3245234407414,0.0003036576,-0.0025303762,0.04097331
1358.5311903730324,8073.6484,3.1133838,-0.0006362002,6291,783.5376305147852,795.3259041770333,7423.7705,2.7858484,1320.0736,0.94773924,8073.6484,3.1133838,0,,,,,783.5376305147852,0.0002993557,795.3259041770333,0.00030364637,-0.002826346,0.0426585
1358.552023417883,8075.3403,3.1139102,-0.00063648046,6292,783.536872354352,795.3244978648638,7425.1367,2.7863195,1319.6742,0.94792205,8075.3403,3.1139102,0,,,,,783.536872354352,0.00029950927,795.3244978648638,0.00030364215,-0.0033232255,0.041146852
1358.5728564627343,8078.9873,3.1131968,-0.0006367607,6293,783.5380100637099,795.3264106242146,7427.832,2.785681,1318.0695,0.9467485,8078.9873,3.1131968,0,,,,,783.5380100637099,0.0002991576,795.3264106242146,0.00030343907,-0.002537196,0.04292152
1358.5936895076438,8074.777,3.1138237,-0.00063704094,6294,783.5367057382305,795.3237004134793,7424.8247,2.7862418,1321.2773,0.94782853,8074.777,3.1138237,0,,,,,783.5367057382305,0.00029930944,795.3237004134793,0.0003036471,-0.0038089738,0.040798087
1358.6145225524942,8075.333,3.112841,-0.0006373212,6295,783.5373660680707,795.3257192471523,7424.807,2.7853627,1318.8947,0.94723445,8075.333,3.112841,0,,,,,783.5373660680707,0.00029932355,795.3257192471523,0.0003036551,-0.0029737325,0.042312942
1358.6353555974613,8074.666,3.1130416,-0.00063760136,6296,783.5370564063336,795.3246208446301,7424.939,2.785542,1319.6788,0.9472709,8074.666,3.1130416,0,,,,,783.5370564063336,0.00029935493,795.3246208446301,0.0003035751,-0.003234466,0.040974464
1358.6561886423706,8076.395,3.1131008,-0.0006378816,6297,783.5375254180169,795.3262594479231,7424.685,2.7855952,1317.7975,0.94743425,8076.395,3.1131008,0,,,,,783.5375254180169,0.00029935155,795.3262594479231,0.00030368808,-0.0026403158,0.043020934
1358.67702168728,8073.053,3.1130795,-0.0006381618,6298,783.5370439725555,795.3237015330333,7422.1743,2.785576,1320.4434,0.9483467,8073.053,3.1130795,0,,,,,783.5370439725555,0.00029938619,795.3237015330333,0.00030385476,-0.0031068863,0.039976377
1358.6978547322472,8074.525,3.1124926,-0.00063844194,6299,783.5382271455859,795.3253471717775,7423.916,2.7850509,1319.3434,0.94717777,8074.525,3.1124926,0,,,,,783.5382271455859,0.00029930152,795.3253471717775,0.0003035687,-0.0023607127,0.041907363
1358.7186877772142,8076.882,3.1132693,-0.0006387221,6300,783.5374451505246,795.3234678410713,7424.0825,2.785746,1320.8644,0.9478305,8076.882,3.1132693,0,,,,,783.5374451505246,0.000299469,795.3234678410713,0.0003039347,-0.0024076377,0.040465668
1358.7395208221817,8076.0454,3.1132011,-0.00063900225,6301,783.5373149256582,795.3244321492363,7419.3267,2.785685,1320.7927,0.9486936,8076.0454,3.1132011,0,,,,,783.5373149256582,0.0002997613,795.3244321492363,0.00030416483,-0.0023575188,0.041355595
1358.7603538672076,8079.2256,3.1137855,-0.00063928234,6302,783.5371657677352,795.3254147972953,7426.4326,2.7862077,1319.6376,0.9476106,8079.2256,3.1137855,0,,,,,783.5371657677352,0.00029958005,795.3254147972953,0.000303764,-0.0026949306,0.04228631
1358.8228530022257,8078.711,3.1127512,-0.0006401227,6305,783.5372077085167,795.3262345104572,7421.9565,2.7852824,1319.6766,0.948216,8078.711,3.1127512,0,,,,,783.5372077085167,0.00029939707,795.3262345104572,0.00030399451,-0.0029145363,0.041482396
1358.8436860472516,8080.826,3.1137555,-0.0006404028,6306,783.5374574851421,795.3242583029484,7427.5728,2.786181,1320.4403,0.948383,8080.826,3.1137555,0,,,,,783.5374574851421,0.0002993811,795.3242583029484,0.00030395205,-0.0028908208,0.040080618
1358.8645190922775,8076.73,3.1130502,-0.0006406829,6307,783.5362488047507,795.3238116711517,7421.632,2.7855499,1321.4877,0.9485073,8076.73,3.1130502,0,,,,,783.5362488047507,0.00029940304,795.3238116711517,0.000304179,-0.0033929078,0.039009914
1358.8853521373026,8076.158,3.1127687,-0.000640963,6308,783.537168436673,795.3253881292072,7421.8906,2.7852979,1321.316,0.9479185,8076.158,3.1127687,0,,,,,783.537168436673,0.00029941302,795.3253881292072,0.00030398185,-0.002563909,0.04125609
1358.906185182386,8076.2515,3.1139464,-0.000641243,6309,783.5359563624701,795.3234115778338,7422.836,2.786352,1324.279,0.9491071,8076.2515,3.1139464,0,,,,,783.5359563624701,0.00029964984,795.3234115778338,0.0003039863,-0.00446827,0.040105335
1358.9270182274117,8084.637,3.1136382,-0.0006415231,6310,783.5351347173894,795.3230632542871,7429.6445,2.7860763,1319.5319,0.94721717,8084.637,3.1136382,0,,,,,783.5351347173894,0.00029932492,795.3230632542871,0.0003038826,-0.00469455,0.039288957
1358.9478512724959,8080.177,3.1141462,-0.00064180314,6311,783.5386337766661,795.3247264942947,7426.488,2.7865305,1322.9803,0.94838214,8080.177,3.1141462,0,,,,,783.5386337766661,0.00029944355,795.3247264942947,0.00030385586,-0.0016751989,0.04095579
1358.9686843175211,8081.237,3.113866,-0.00064208324,6312,783.5357285310095,795.3232559032981,7426.668,2.78628,1322.2106,0.9481362,8081.237,3.113866,0,,,,,783.5357285310095,0.00029951127,795.3232559032981,0.00030405782,-0.004562597,0.039119616
1358.9895173626046,8080.644,3.1150916,-0.0006423633,6313,783.5386281593976,795.3261132323196,7426.215,2.7873766,1323.1993,0.9503709,8080.644,3.1150916,0,,,,,783.5386281593976,0.00029951718,795.3261132323196,0.00030397487,-0.001775631,0.042363763
1359.0103504076887,8074.023,3.1125982,-0.0006426433,6314,783.5365775433808,795.3231032953682,7420.225,2.7851455,1322.1554,0.94780517,8074.023,3.1125982,0,,,,,783.5365775433808,0.0002994316,795.3231032953682,0.0003042012,-0.003775893,0.038720097
1359.0311834527727,8079.115,3.1141849,-0.00064292335,6315,783.5365809335682,795.3236539779922,7423.996,2.7865653,1323.0054,0.9491559,8079.115,3.1141849,0,,,,,783.5365809335682,0.00029959792,795.3236539779922,0.0003041232,-0.0034455757,0.039429188
1359.0520164978561,8076.2935,3.113129,-0.0006432034,6316,783.5364305894595,795.3224012472537,7421.494,2.7856205,1322.3743,0.9483247,8076.2935,3.113129,0,,,,,783.5364305894595,0.00029951963,795.3224012472537,0.00030412272,-0.0036103236,0.038344733
1359.0728495429394,8075.317,3.1132433,-0.0006434834,6317,783.5359644953539,795.3222559701875,7416.954,2.7857227,1322.3757,0.94887054,8075.317,3.1132433,0,,,,,783.5359644953539,0.00029974672,795.3222559701875,0.00030465162,-0.0037186237,0.03698745
1359.0936825879653,8080.1143,3.1155343,-0.0006437635,6318,783.5369164349503,795.3261535884749,7424.9546,2.7877727,1322.6218,0.9488023,8080.1143,3.1155343,0,,,,,783.5369164349503,0.00029999219,795.3261535884749,0.00030415546,-0.003724506,0.042075623
1359.1145156330495,8076.5215,3.1133122,-0.00064404355,6319,783.5365403232782,795.3223581910129,7420.516,2.7857842,1323.6698,0.94830155,8076.5215,3.1133122,0,,,,,783.5365403232782,0.00029977938,795.3223581910129,0.00030415948,-0.0033403006,0.037976854
1359.1561817232168,8077.7075,3.1156151,-0.0006446036,6321,783.536312592622,795.3227126120223,7428.252,2.787845,1325.0717,0.94913036,8077.7075,3.1156151,0,,,,,783.536312592622,0.00029942577,795.3227126120223,0.000303735,-0.0037365211,0.039755948
1359.1770147683003,8076.4375,3.115318,-0.00064488366,6322,783.5362187034749,795.3233389217373,7426.473,2.7875793,1324.1426,0.9488241,8076.4375,3.115318,0,,,,,783.5362187034749,0.0002994347,795.3233389217373,0.00030370732,-0.004079427,0.04005949
1359.1978478133844,8077.862,3.115318,-0.0006451637,6323,783.5363884290194,795.3236033524239,7429.2485,2.7875793,1325.2518,0.949274,8077.862,3.115318,0,,,,,783.5363884290194,0.0002994112,795.3236033524239,0.00030365854,-0.004248732,0.039730042
1359.2186808584684,8080.5806,3.114865,-0.00064544374,6324,783.5368184465623,795.3235205235718,7430.1016,2.7871737,1323.0209,0.9485813,8080.5806,3.114865,0,,,,,783.5368184465623,0.00029937894,795.3235205235718,0.00030351905,-0.004084227,0.039802965
1359.2395139035518,8078.1304,3.1160958,-0.0006457238,6325,783.5368574619158,795.3228700198657,7428.9697,2.7882752,1324.0942,0.9511982,8078.1304,3.1160958,0,,,,,783.5368574619158,0.00029929838,795.3228700198657,0.0003036558,-0.0040714173,0.03918761
1359.260346948577,8077.401,3.1150584,-0.0006460039,6326,783.536861968504,795.3232517433212,7428.123,2.7873468,1325.8533,0.94888663,8077.401,3.1150584,0,,,,,783.536861968504,0.00029934832,795.3232517433212,0.0003036139,-0.003837314,0.040041234
1359.2811799936612,8080.214,3.1151855,-0.0006462839,6327,783.5361129277223,795.3219565170118,7430.7617,2.7874606,1323.4863,0.94888335,8080.214,3.1151855,0,,,,,783.5361129277223,0.00029932422,795.3219565170118,0.00030361806,-0.004233007,0.038605157
1359.302013038687,8075.0693,3.1148899,-0.000646564,6328,783.5363672258526,795.323647610735,7426.033,2.787196,1324.3108,0.9488931,8075.0693,3.1148899,0,,,,,783.5363672258526,0.00029939946,795.323647610735,0.00030371122,-0.0036147754,0.03988079
1359.3228460837704,8076.0303,3.1154335,-0.00064684404,6329,783.5353211959399,795.3220107936135,7426.2344,2.7876825,1323.7318,0.9496297,8076.0303,3.1154335,0,,,,,783.5353211959399,0.00029966317,795.3220107936135,0.00030380653,-0.0047627147,0.038038444
1359.3436791287954,8079.491,3.1156533,-0.00064712414,6330,783.5367944465439,795.3236920529488,7430.1865,2.787879,1324.4812,0.9497709,8079.491,3.1156533,0,,,,,783.5367944465439,0.00029932507,795.3236920529488,0.00030360688,-0.004038743,0.039960425
1359.3645121738803,8079.046,3.1164033,-0.0006474042,6331,783.5368856191008,795.3223632681091,7429.9507,2.7885501,1324.1411,0.94935983,8079.046,3.1164033,0,,,,,783.5368856191008,0.00029936104,795.3223632681091,0.00030370353,-0.0038739047,0.0387969
1359.3853452189069,8078.5986,3.1161616,-0.00064768427,6332,783.5367404780317,795.3227968949968,7429.42,2.7883341,1325.2328,0.9495752,8078.5986,3.1161616,0,,,,,783.5367404780317,0.00029921468,795.3227968949968,0.0003037957,-0.0037982601,0.039042007
1359.4061782639321,8076.3896,3.1170459,-0.00064796436,6333,783.5364441594032,795.32285873761,7427.775,2.7891252,1326.6266,0.950722,8076.3896,3.1170459,0,,,,,783.5364441594032,0.00029945408,795.32285873761,0.00030394996,-0.00415205,0.03916916
1359.4270113089574,8086.5767,3.1157916,-0.00064824446,6334,783.5364345606041,795.3231590982037,7436.0503,2.788003,1323.2778,0.94889784,8086.5767,3.1157916,0,,,,,783.5364345606041,0.00029922102,795.3231590982037,0.00030337117,-0.004112125,0.039229095
1359.447844353925,8078.62,3.11501,-0.0006485246,6335,783.536443043037,795.3223157641528,7429.945,2.7873034,1324.8456,0.94853777,8078.62,3.11501,0,,,,,783.536443043037,0.00029935705,795.3223157641528,0.0003035849,-0.0036217498,0.038600706
1359.4686773989508,8079.189,3.116259,-0.0006488047,6336,783.5362827822867,795.3216302143184,7429.9395,2.7884214,1324.2943,0.9492897,8079.189,3.116259,0,,,,,783.5362827822867,0.00029957198,795.3216302143184,0.00030378604,-0.004110913,0.03850592
1359.4895104439179,8078.9272,3.1151056,-0.00064908486,6337,783.5358259952028,795.3218891457147,7429.398,2.787389,1324.6824,0.94911635,8078.9272,3.1151056,0,,,,,783.5358259952028,0.0002992756,795.3218891457147,0.00030364215,-0.0046906876,0.038820516
1359.510343488943,8080.1924,3.1159923,-0.00064936496,6338,783.5360528084742,795.321877682981,7430.704,2.7881825,1325.7211,0.94866145,8080.1924,3.1159923,0,,,,,783.5360528084742,0.00029948866,795.321877682981,0.00030371788,-0.0047897473,0.03827387
1359.5311765339106,8082.638,3.1158621,-0.0006496451,6339,783.5363420543055,795.3226395184683,7432.7153,2.7880661,1324.5052,0.94868153,8082.638,3.1158621,0,,,,,783.5363420543055,0.00029947737,795.3226395184683,0.0003036268,-0.0038852792,0.038865626
1359.5520095788784,8080.614,3.1169891,-0.00064992526,6340,783.5364381460687,795.3218626380599,7430.8335,2.7890744,1325.9628,0.9496541,8080.614,3.1169891,0,,,,,783.5364381460687,0.00029941628,795.3218626380599,0.000303909,-0.0043799677,0.038122196
1359.572842623788,8080.726,3.1160629,-0.0006502055,6341,783.5357922238352,795.3214308444162,7431.1567,2.7882454,1326.0658,0.949994,8080.726,3.1160629,0,,,,,783.5357922238352,0.00029924183,795.3214308444162,0.00030367894,-0.0047804546,0.03789744
1359.5936756687547,8082.9224,3.1162212,-0.0006504856,6342,783.5367886100295,795.3222609407502,7432.8345,2.788387,1326.902,0.94948953,8082.9224,3.1162212,0,,,,,783.5367886100295,0.00029932082,795.3222609407502,0.00030367204,-0.004031224,0.038841262
1359.6145087136636,8084.912,3.116367,-0.00065076584,6343,783.5359676675428,795.3216606673642,7434.917,2.788518,1325.2291,0.9497694,8084.912,3.116367,0,,,,,783.5359676675428,0.00029913418,795.3216606673642,0.00030356814,-0.004518669,0.037519924
1359.6353417585728,8087.8823,3.133535,-0.00065104605,6344,783.5367693925267,795.3216195850656,7437.76,2.8038795,1394.6434,0.9664729,8087.8823,3.133535,0,,,,,783.5367693925267,0.0003008798,795.3216195850656,0.00030534086,-0.004427664,0.03822355
1359.6561748034824,8084.134,3.1165235,-0.00065132626,6345,783.5359150434251,795.320884445874,7433.7163,2.788658,1327.1792,0.9499245,8084.134,3.1165235,0,,,,,783.5359150434251,0.00029935912,795.320884445874,0.00030368482,-0.0047188583,0.036761858
1359.6770078483912,8077.274,3.1165578,-0.0006516065,6346,783.5363736193119,795.3221148293063,7428.27,2.7886887,1327.5288,0.94997907,8077.274,3.1165578,0,,,,,783.5363736193119,0.0002993454,795.3221148293063,0.00030389268,-0.0047210013,0.03882944
1359.6978408932418,8085.35,3.1166928,-0.00065188674,6347,783.5363671722737,795.3211375720869,7435.233,2.7888093,1327.2944,0.94994754,8085.35,3.1166928,0,,,,,783.5363671722737,0.00029920886,795.3211375720869,0.00030363514,-0.004703416,0.03709789
1359.718673938093,8083.93,3.1183496,-0.000652167,6348,783.5363039965763,795.3221951437611,7433.838,2.7902918,1327.9365,0.9509047,8083.93,3.1183496,0,,,,,783.5363039965763,0.00029940403,795.3221951437611,0.00030399233,-0.0044510546,0.037721433
1359.7395069829442,8085.403,3.1167157,-0.0006524473,6349,783.5358383020264,795.3210649853628,7434.6733,2.7888298,1327.343,0.950682,8085.403,3.1167157,0,,,,,783.5358383020264,0.0002992036,795.3210649853628,0.00030354102,-0.00470561,0.037033748
1359.7603400277367,8085.4146,3.1168222,-0.0006527276,6350,783.5360408819384,795.3216731727184,7435.3145,2.7889252,1327.5454,0.9495989,8085.4146,3.1168222,0,,,,,783.5360408819384,0.00029933013,795.3216731727184,0.0003035775,-0.0045686415,0.03775218
1359.7811730725289,8086.383,3.117445,-0.00065300794,6351,783.5362859805342,795.3209226207082,7435.858,2.7894824,1328.7346,0.95057297,8086.383,3.117445,0,,,,,783.5362859805342,0.00029933066,795.3209226207082,0.00030365738,-0.0045214975,0.03745032
1359.8020061173227,8079.865,3.1161132,-0.00065328827,6352,783.536060625668,795.3211880302324,7429.718,2.7882905,1327.7278,0.9497525,8079.865,3.1161132,0,,,,,783.536060625668,0.00029948112,795.3211880302324,0.00030387664,-0.0045947125,0.0373096
1359.8228391621165,8085.151,3.1169248,-0.0006535686,6353,783.5358125127095,795.3209744748694,7434.618,2.789017,1328.4967,0.95014226,8085.151,3.1169248,0,,,,,783.5358125127095,0.00029924564,795.3209744748694,0.00030358593,-0.0046268324,0.037527032
1359.8436722068504,8085.043,3.1167507,-0.000653849,6354,783.5360301631047,795.3207345199655,7435.0254,2.788861,1329.3033,0.9496611,8085.043,3.1167507,0,,,,,783.5360301631047,0.00029925376,795.3207345199655,0.00030370246,-0.0051654065,0.036279317
1359.8645052515847,8080.9243,3.1164527,-0.00065412937,6355,783.5356884216973,795.3213379808939,7430.713,2.7885945,1330.3644,0.95022976,8080.9243,3.1164527,0,,,,,783.5356884216973,0.00029941244,795.3213379808939,0.0003037736,-0.004557712,0.037531495
1359.8853382962614,8075.4673,3.1167295,-0.0006544098,6356,783.5365868440285,795.3203364275562,7426.0176,2.7888422,1330.1615,0.95129365,8075.4673,3.1167295,0,,,,,783.5365868440285,0.00029958333,795.3203364275562,0.00030407438,-0.0047987024,0.03593252
1359.906171340996,8081.7046,3.1171472,-0.0006546902,6357,783.5361987174317,795.3218508327362,7431.187,2.789216,1330.0948,0.95006853,8081.7046,3.1171472,0,,,,,783.5361987174317,0.00029955868,795.3218508327362,0.0003039283,-0.0045115915,0.038232233
1359.9270043856727,8083.839,3.1172357,-0.00065497064,6358,783.5354870495149,795.3203230873975,7433.835,2.7892952,1330.0371,0.9505755,8083.839,3.1172357,0,,,,,783.5354870495149,0.00029938167,795.3203230873975,0.00030373636,-0.0050620507,0.03612352
1359.9478374302905,8078.1025,3.1170232,-0.00065525115,6359,783.5357693033133,795.3209223306527,7428.825,2.7891052,1331.6383,0.9509566,8078.1025,3.1170232,0,,,,,783.5357693033133,0.0002995896,795.3209223306527,0.0003039335,-0.0047159325,0.03700808
1359.9686704749083,8079.353,3.1174703,-0.00065553165,6360,783.5347313697275,795.3195316282673,7429.481,2.789505,1332.3522,0.95206904,8079.353,3.1174703,0,,,,,783.5347313697275,0.00029949698,795.3195316282673,0.00030392478,-0.0053527434,0.035941068
1359.9895035195268,8081.5103,3.1176782,-0.00065581215,6361,783.5357712852068,795.320735081901,7432.004,2.789691,1331.493,0.950919,8081.5103,3.1176782,0,,,,,783.5357712852068,0.00029946654,795.320735081901,0.00030385974,-0.0046376996,0.037371382
1360.0103365640869,8083.7163,3.1176076,-0.0006560927,6362,783.5352541382183,795.3199462471488,7433.2085,2.789628,1332.0524,0.95113033,8083.7163,3.1176076,0,,,,,783.5352541382183,0.00029942807,795.3199462471488,0.00030378022,-0.005394535,0.036568906
1360.0311696086465,8083.167,3.1182249,-0.0006563733,6363,783.5358860014535,795.3204499144987,7434.455,2.79018,1331.1091,0.95060885,8083.167,3.1182249,0,,,,,783.5358860014535,0.0002994054,795.3204499144987,0.00030393363,-0.0047448403,0.036576647
1360.0520026532058,8085.4126,3.1190763,-0.00065665384,6364,783.5359547356852,795.3200271805118,7435.7246,2.790942,1333.6615,0.9514677,8085.4126,3.1190763,0,,,,,783.5359547356852,0.0002993078,795.3200271805118,0.0003038985,-0.0049755597,0.036363848
1360.072835697708,8079.455,3.1167848,-0.00065693446,6365,783.535619765658,795.3204747855858,7428.9624,2.7888918,1332.342,0.95089734,8079.455,3.1167848,0,,,,,783.535619765658,0.00029953575,795.3204747855858,0.00030392825,-0.004820501,0.03653951
1360.09366874221,8086.107,3.118047,-0.0006572151,6366,783.5352825151513,795.3208107262658,7435.324,2.7900212,1333.9814,0.9510315,8086.107,3.118047,0,,,,,783.5352825151513,0.00029939142,795.3208107262658,0.0003037676,-0.005019821,0.036777154
1360.1145017866538,8084.1084,3.1179228,-0.00065749575,6367,783.5360773849173,795.3199449064091,7434.7344,2.7899098,1332.48,0.9509542,8084.1084,3.1179228,0,,,,,783.5360773849173,0.0002993438,795.3199449064091,0.0003038479,-0.004612278,0.035734545
1360.1353348310975,8079.3623,3.11699,-0.0006577764,6368,783.5355538752707,795.3205348331386,7430.358,2.7890754,1332.3121,0.9505871,8079.3623,3.11699,0,,,,,783.5355538752707,0.00029956456,795.3205348331386,0.00030384137,-0.0051253615,0.036845773
1360.156167875483,8084.4155,3.1181097,-0.00065805716,6369,783.5353838217626,795.3189780711142,7434.0684,2.7900772,1331.7812,0.95094204,8084.4155,3.1181097,0,,,,,783.5353838217626,0.00029937603,795.3189780711142,0.00030392554,-0.0056880354,0.03464859
1360.1770009198688,8081.0557,3.1177151,-0.0006583379,6370,783.5359249734425,795.3203392689495,7431.7896,2.7897239,1333.6101,0.95173514,8081.0557,3.1177151,0,,,,,783.5359249734425,0.00029940816,795.3203392689495,0.00030377842,-0.004649421,0.036644205
1360.1978339642537,8079.1885,3.1171193,-0.00065861864,6371,783.5348347369953,795.3188494162702,7429.521,2.7891908,1333.1447,0.95073706,8079.1885,3.1171193,0,,,,,783.5348347369953,0.00029949925,795.3188494162702,0.00030394492,-0.005667497,0.034656364
1360.2186670085803,8078.9683,3.117748,-0.00065889943,6372,783.536099427161,795.3202833595931,7430.1846,2.7897534,1334.3792,0.95169026,8078.9683,3.117748,0,,,,,783.536099427161,0.0002995711,795.3202833595931,0.00030394742,-0.0046765646,0.036363732
1360.2395000528495,8081.582,3.1188724,-0.0006591803,6373,783.5353582653272,795.3193116611354,7431.84,2.7907598,1333.9658,0.95172983,8081.582,3.1188724,0,,,,,783.5353582653272,0.00029987804,795.3193116611354,0.00030411282,-0.0052618547,0.034886144
1360.2603330971187,8083.0435,3.117977,-0.00065946113,6374,783.5354658255407,795.3207372089244,7433.475,2.7899582,1333.2635,0.95122075,8083.0435,3.117977,0,,,,,783.5354658255407,0.00029955772,795.3207372089244,0.00030386838,-0.004949374,0.036484823
1360.2811661413295,8084.123,3.118894,-0.00065974204,6375,783.5348969807823,795.3191645768295,7434.509,2.7907789,1334.3773,0.9522228,8084.123,3.118894,0,,,,,783.5348969807823,0.00029952082,795.3191645768295,0.000303982,-0.0057409424,0.035173707
1360.30199918554,8080.069,3.1179605,-0.00066002295,6376,783.5355599242072,795.3193656501056,7430.339,2.7899435,1334.8666,0.95169514,8080.069,3.1179605,0,,,,,783.5355599242072,0.00029965123,795.3193656501056,0.00030398052,-0.0048679616,0.03518353
1360.3228322297502,8085.363,3.118255,-0.00066030386,6377,783.535449938087,795.3199362408128,7433.907,2.7902071,1333.8782,0.951236,8085.363,3.118255,0,,,,,783.535449938087,0.00029931983,795.3199362408128,0.00030396113,-0.005650268,0.035915542
1360.3436652739038,8083.4175,3.1183128,-0.00066058483,6378,783.5355865085743,795.318947931163,7432.675,2.790259,1335.2418,0.95170015,8083.4175,3.1183128,0,,,,,783.5355865085743,0.00029953578,795.318947931163,0.00030400272,-0.005012606,0.03455508
1360.3644983179988,8084.4316,3.1184561,-0.00066086586,6379,783.5356350417254,795.3203746842717,7429.7314,2.790387,1336.2931,0.95290524,8084.4316,3.1184561,0,,,,,783.5356350417254,0.0002995907,795.3203746842717,0.00030427074,-0.0049947617,0.03577033
1360.3853313620928,8086.184,3.1184225,-0.0006611469,6380,783.5349348533895,795.3189056582063,7435.3276,2.7903569,1333.883,0.9521826,8086.184,3.1184225,0,,,,,783.5349348533895,0.0002993632,795.3189056582063,0.00030377947,-0.0057494426,0.035000622
1360.4061644061285,8084.161,3.1189961,-0.00066142797,6381,783.5350153978733,795.3195152129445,7432.243,2.7908702,1335.9988,0.952087,8084.161,3.1189961,0,,,,,783.5350153978733,0.000299487,795.3195152129445,0.00030421588,-0.0051990873,0.035215892
1360.4269974501065,8083.614,3.1193964,-0.0006617091,6382,783.5358268586274,795.3188660635369,7433.448,2.7912285,1334.888,0.9530926,8083.614,3.1193964,0,,,,,783.5358268586274,0.00029956384,795.3188660635369,0.00030406017,-0.005150282,0.034499973
1360.4478304940847,8083.8003,3.1185265,-0.00066199026,6383,783.5348161622248,795.319463512898,7433.818,2.7904503,1334.9369,0.9517213,8083.8003,3.1185265,0,,,,,783.5348161622248,0.0002995147,795.319463512898,0.0003039662,-0.005649181,0.03446018
1360.4686635380622,8081.208,3.1184554,-0.0006622714,6384,783.5356431128135,795.3194271551736,7431.731,2.7903864,1336.115,0.9526421,8081.208,3.1184554,0,,,,,783.5356431128135,0.000299564,795.3194271551736,0.00030399155,-0.0049356413,0.0344605
1360.4894965819813,8076.384,3.1182384,-0.0006625526,6385,783.5354190094947,795.3189609781055,7426.872,2.7901924,1336.6566,0.9519572,8076.384,3.1182384,0,,,,,783.5354190094947,0.00029968438,795.3189609781055,0.00030434434,-0.0052057253,0.03464536
1360.510329625843,8073.7207,3.1172924,-0.00066283386,6386,783.5352602807114,795.3191516532509,7424.03,2.789346,1335.9243,0.95233846,8073.7207,3.1172924,0,,,,,783.5352602807114,0.00029980997,795.3191516532509,0.00030420994,-0.005267679,0.035061743
1360.5311626696466,8082.343,3.118282,-0.0006631152,6387,783.5353495241139,795.3194023499947,7432.653,2.7902312,1335.3263,0.95186347,8082.343,3.118282,0,,,,,783.5353495241139,0.0002995625,795.3194023499947,0.00030402842,-0.0053834342,0.03487095
1360.5519957134502,8072.1885,3.1183875,-0.0006633965,6388,783.5349713108915,795.3177421982537,7422.4663,2.7903256,1338.8086,0.9528201,8072.1885,3.1183875,0,,,,,783.5349713108915,0.00029984434,795.3177421982537,0.00030448873,-0.00538173,0.033556618
1360.5728287572535,8080.132,3.1182592,-0.0006636778,6389,783.5356309909777,795.318822333433,7429.4194,2.790211,1337.1349,0.9527839,8080.132,3.1182592,0,,,,,783.5356309909777,0.00029962003,795.318822333433,0.00030415633,-0.0050856816,0.03483872
1360.5936618009407,8078.082,3.1186006,-0.00066395925,6390,783.5349252734328,795.3173305334625,7428.4224,2.7905164,1336.5975,0.9540956,8078.082,3.1186006,0,,,,,783.5349252734328,0.0002996959,795.3173305334625,0.0003041961,-0.0055521433,0.03303793
1360.6144948446276,8071.467,3.1171114,-0.0006642407,6391,783.5354800382145,795.3190232004356,7422.3584,2.7891839,1336.7811,0.95230925,8071.467,3.1171114,0,,,,,783.5354800382145,0.00029981,795.3190232004356,0.0003042997,-0.0048091817,0.034753755
1360.6353278883141,8074.4863,3.1172256,-0.0006645221,6392,783.535255490844,795.317574476113,7424.5337,2.7892861,1336.6891,0.9518986,8074.4863,3.1172256,0,,,,,783.535255490844,0.0002998635,795.317574476113,0.00030443489,-0.0059813294,0.032636087
1360.6561609318842,8081.059,3.118324,-0.00066480367,6393,783.535587347645,795.3192723719196,7429.9844,2.790269,1336.7285,0.9518503,8081.059,3.118324,0,,,,,783.535587347645,0.00029972885,795.3192723719196,0.00030420694,-0.004898023,0.034904208
1360.676993975455,8076.517,3.1175086,-0.0006650852,6394,783.5348762970473,795.3175320244094,7425.9766,2.7895393,1336.3577,0.9523773,8076.517,3.1175086,0,,,,,783.5348762970473,0.00029972472,795.3175320244094,0.0003043451,-0.0056719813,0.033052772
1360.6978270189675,8076.4463,3.1179843,-0.0006653668,6395,783.5352858145626,795.318805269308,7426.16,2.7899652,1336.4707,0.9520426,8076.4463,3.1179843,0,,,,,783.5352858145626,0.00029974463,795.318805269308,0.0003045096,-0.005365356,0.034087636
1360.7186600624805,8076.8315,3.1174011,-0.00066564843,6396,783.5351542796594,795.3170317867426,7426.1797,2.789443,1336.6521,0.9518925,8076.8315,3.1174011,0,,,,,783.5351542796594,0.00029973616,795.3170317867426,0.00030438084,-0.005342803,0.032737985
1360.7394931059348,8077.4834,3.1203983,-0.0006659301,6397,783.5355447620412,795.3179992854913,7425.9893,2.792125,1338.0222,0.9530398,8077.4834,3.1203983,0,,,,,783.5355447620412,0.00029986686,795.3179992854913,0.00030493288,-0.0047902893,0.03332553
1360.76032614933,8078.49,3.1178036,-0.0006662118,6398,783.5348520586956,795.3172371468453,7426.1475,2.7898033,1338.5264,0.95203924,8078.49,3.1178036,0,,,,,783.5348520586956,0.0002997285,795.3172371468453,0.00030449827,-0.0055170693,0.033088654
1360.781159192668,8078.474,3.1184077,-0.0006664936,6399,783.5348927458365,795.3188271615326,7425.426,2.790344,1339.4609,0.95303595,8078.474,3.1184077,0,,,,,783.5348927458365,0.00029980813,795.3188271615326,0.0003045052,-0.005329244,0.034317218
1360.8019922360058,8074.967,3.117636,-0.0006667754,6400,783.5351037596223,795.3166125272753,7423.0317,2.7896535,1338.0156,0.952229,8074.967,3.117636,0,,,,,783.5351037596223,0.0002998805,795.3166125272753,0.0003047193,-0.0054664803,0.03219702
1360.8228252792264,8077.992,3.1187787,-0.0006670573,6401,783.5359268787764,795.3174861478776,7426.3286,2.7906756,1338.4171,0.9541325,8077.992,3.1187787,0,,,,,783.5359268787764,0.00029983287,795.3174861478776,0.00030454138,-0.0045209574,0.032997612
1360.8436583225055,8077.405,3.1186707,-0.00066733913,6402,783.5353755389211,795.3179452480042,7425.639,2.7905793,1339.7449,0.95268,8077.405,3.1186707,0,,,,,783.5353755389211,0.00029986672,795.3179452480042,0.0003046723,-0.005160181,0.033076823
1360.8644913656688,8077.934,3.1181095,-0.0006676211,6403,783.5353291750279,795.3165901136181,7425.456,2.7900767,1340.0073,0.95233136,8077.934,3.1181095,0,,,,,783.5353291750279,0.00029989117,795.3165901136181,0.0003047082,-0.0047314363,0.031243706
1360.8853244087745,8078.7944,3.1181087,-0.0006679031,6404,783.5349498831594,795.3182160123728,7425.0493,2.7900763,1339.0125,0.9525627,8078.7944,3.1181087,0,,,,,783.5349498831594,0.00029973325,795.3182160123728,0.00030463608,-0.005349611,0.033730168
1360.9061574518796,8078.5825,3.11853,-0.0006681851,6405,783.5345484118569,795.3179346531194,7427.0176,2.7904534,1339.556,0.95301294,8078.5825,3.11853,0,,,,,783.5345484118569,0.00029984483,795.3179346531194,0.00030456955,-0.005363287,0.03302906
1360.9269904949256,8085.928,3.1195242,-0.0006684672,6406,783.5352052827978,795.3170634404526,7432.232,2.791343,1338.9082,0.95306593,8085.928,3.1195242,0,,,,,783.5352052827978,0.00029984527,795.3170634404526,0.00030461897,-0.005676634,0.03175677
1360.9478235379142,8077.019,3.118101,-0.00066874933,6407,783.5350139798747,795.3177627895429,7424.2964,2.790069,1340.9043,0.9527844,8077.019,3.118101,0,,,,,783.5350139798747,0.00029983956,795.3177627895429,0.0003046943,-0.005537688,0.033003334
1360.9686565808447,8077.4404,3.118357,-0.0006690315,6408,783.5358893198791,795.3181503000657,7424.276,2.7902985,1340.488,0.9538358,8077.4404,3.118357,0,,,,,783.5358893198791,0.00029988584,795.3181503000657,0.0003046951,-0.0050216652,0.032782122
1360.989489623716,8076.5664,3.118267,-0.00066931377,6409,783.5344987317342,795.3166996506886,7425.607,2.7902176,1340.2021,0.9529686,8076.5664,3.118267,0,,,,,783.5344987317342,0.0002998859,795.3166996506886,0.00030463503,-0.006266275,0.032060485
1361.0103226665876,8081.4976,3.1188807,-0.000669596,6410,783.5349363264481,795.316484349784,7427.478,2.790767,1341.1039,0.95270175,8081.4976,3.1188807,0,,,,,783.5349363264481,0.0002999722,795.316484349784,0.0003047774,-0.005193175,0.03090255
1361.0311557094024,8070.755,3.1181865,-0.0006698783,6411,783.5361370269471,795.318400713248,7420.47,2.7901459,1341.9795,0.95372,8070.755,3.1181865,0,,,,,783.5361370269471,0.00030000418,795.318400713248,0.00030473,-0.004453413,0.033439424
1361.0519887521004,8077.5044,3.1197815,-0.00067016075,6412,783.5342292570035,795.3170179263133,7423.7505,2.791573,1341.3518,0.9542248,8077.5044,3.1197815,0,,,,,783.5342292570035,0.0003003839,795.3170179263133,0.00030493314,-0.0064189327,0.032462172
1361.072821794798,8082.4297,3.119113,-0.0006704432,6413,783.5354243354124,795.3170802034901,7427.1934,2.7909749,1340.4437,0.9536154,8082.4297,3.119113,0,,,,,783.5354243354124,0.00030004163,795.3170802034901,0.00030473524,-0.004564212,0.032597285
1361.0936548374368,8081.6562,3.1192584,-0.00067072565,6414,783.5341926038743,795.3163027182424,7425.8467,2.7911053,1343.9261,0.95419323,8081.6562,3.1192584,0,,,,,783.5341926038743,0.00030001337,795.3163027182424,0.00030490465,-0.0061547454,0.03128528
1361.1144878800756,8080.586,3.1196604,-0.00067100814,6415,783.5356333112529,795.3172469655223,7425.14,2.7914646,1343.0376,0.9541911,8080.586,3.1196604,0,,,,,783.5356333112529,0.00030019225,795.3172469655223,0.00030492368,-0.0044969926,0.032824736
1361.1353209225983,8074.5,3.1184578,-0.00067129073,6416,783.5335593816288,795.3180984199953,7417.129,2.7903886,1343.8286,0.9539771,8074.5,3.1184578,0,,,,,783.5335593816288,0.00030040022,795.3180984199953,0.00030516656,-0.0069425562,0.03337876
1361.197820049876,8074.53,3.1192904,-0.0006721388,6419,783.5343876917008,795.3163617924433,7420.7676,2.7911336,1347.4609,0.9546818,8074.53,3.1192904,0,,,,,783.5343876917008,0.0003001871,795.3163617924433,0.00030505838,-0.0063000773,0.031490874
1361.2186530921663,8081.721,3.1204877,-0.00067242165,6420,783.5339302461904,795.316370226156,7428.867,2.7922049,1346.5139,0.95435554,8081.721,3.1204877,0,,,,,783.5339302461904,0.00030002397,795.316370226156,0.0003047864,-0.006587586,0.031768437
1361.2394861344565,8075.1626,3.1189904,-0.0006727045,6421,783.5346921161131,795.3157839584031,7422.307,2.790865,1345.7369,0.95413035,8075.1626,3.1189904,0,,,,,783.5346921161131,0.0003000929,795.3157839584031,0.0003049726,-0.005332744,0.030695183
1361.2603191766293,8078.668,3.1208851,-0.00067298743,6422,783.5345961419707,795.3152095701042,7426.038,2.7925606,1346.1831,0.9545604,8078.668,3.1208851,0,,,,,783.5345961419707,0.00030011628,795.3152095701042,0.00030492444,-0.0056388895,0.03084286
1361.2811522188024,8078.334,3.1211796,-0.0006732704,6423,783.5343998051529,795.3158007069096,7423.1494,2.7928243,1348.8022,0.9556181,8078.334,3.1211796,0,,,,,783.5343998051529,0.00030026006,795.3158007069096,0.00030540017,-0.005667093,0.030706441
1361.3019852608604,8076.7866,3.1199923,-0.00067355344,6424,783.5349915704863,795.3175754573563,7423.804,2.7917616,1349.3693,0.9544559,8076.7866,3.1199923,0,,,,,783.5349915704863,0.00030028453,795.3175754573563,0.00030504176,-0.0054948246,0.032852072
1361.3228183029184,8079.2065,3.1196122,-0.0006738365,6425,783.5346326157139,795.3157321441723,7423.8027,2.791422,1347.2245,0.95451015,8079.2065,3.1196122,0,,,,,783.5346326157139,0.00030019853,795.3157321441723,0.0003050894,-0.005991811,0.029690009
1361.3436513448587,8078.636,3.1199658,-0.0006741197,6426,783.5350206739794,795.3166764356935,7422.2627,2.791738,1348.0825,0.95469713,8078.636,3.1199658,0,,,,,783.5350206739794,0.00030046716,795.3166764356935,0.00030518303,-0.005172577,0.031671185
1361.3644843867405,8078.3193,3.1206014,-0.0006744029,6427,783.5343406533154,795.3157583647836,7422.3926,2.7923067,1348.377,0.95606494,8078.3193,3.1206014,0,,,,,783.5343406533154,0.00030036832,795.3157583647836,0.00030523946,-0.0057880073,0.03098678
1361.3853174286232,8076.043,3.1196823,-0.00067468616,6428,783.53373223276,795.3142974001687,7421.1904,2.791484,1348.3629,0.9547377,8076.043,3.1196823,0,,,,,783.53373223276,0.0003003868,795.3142974001687,0.00030515916,-0.0065854844,0.030098777
1361.4061504703895,8078.313,3.1199005,-0.0006749695,6429,783.5341593479317,795.3161575771181,7423.0034,2.7916794,1348.0487,0.95471793,8078.313,3.1199005,0,,,,,783.5341593479317,0.00030031192,795.3161575771181,0.00030516885,-0.0053129285,0.03120646
1361.426983512098,8082.829,3.12021,-0.00067525293,6430,783.5334303579831,795.3141794178817,7424.631,2.7919567,1348.0446,0.9548117,8082.829,3.12021,0,,,,,783.5334303579831,0.00030046393,795.3141794178817,0.00030536117,-0.006854079,0.029503519
1361.447816553748,8076.8545,3.1199965,-0.0006755364,6431,783.5348285832774,795.3165847349234,7421.1475,2.7917657,1349.4415,0.95507324,8076.8545,3.1199965,0,,,,,783.5348285832774,0.0003005616,795.3165847349234,0.00030519147,-0.0051302686,0.031687636
1361.4686495953972,8080.1206,3.1207328,-0.0006758199,6432,783.5339000362638,795.3147749543233,7424.6646,2.7924242,1348.9224,0.9550247,8080.1206,3.1207328,0,,,,,783.5339000362638,0.0003003683,795.3147749543233,0.00030523425,-0.0066664997,0.029996626
1361.4894826368723,8081.6914,3.1211708,-0.0006761035,6433,783.5339799476296,795.3148274033376,7424.64,2.7928162,1349.9663,0.95666325,8081.6914,3.1211708,0,,,,,783.5339799476296,0.00030032164,795.3148274033376,0.00030523236,-0.006279691,0.030327475
1361.5103156783475,8081.3496,3.1216571,-0.00067638716,6434,783.534102744537,795.3162872321241,7427.2715,2.7932515,1350.0332,0.95649445,8081.3496,3.1216571,0,,,,,783.534102744537,0.00030032598,795.3162872321241,0.00030485253,-0.0055669835,0.031776294
1361.531148719764,8082.4595,3.121903,-0.00067667087,6435,783.5346214369364,795.3143949928125,7424.561,2.7934716,1349.5814,0.95562476,8082.4595,3.121903,0,,,,,783.5346214369364,0.00030086932,795.3143949928125,0.00030554688,-0.004802039,0.029057188
1361.5519817611225,8077.669,3.120005,-0.00067695463,6436,783.5349599919022,795.3173957615538,7418.8643,2.791773,1351.1917,0.9555644,8077.669,3.120005,0,,,,,783.5349599919022,0.0003005932,795.3173957615538,0.00030572398,-0.005219382,0.032384224
1361.5728148023657,8081.5195,3.1206992,-0.0006772385,6437,783.5328830342637,795.3139709707893,7421.1055,2.7923942,1352.2312,0.9558464,8081.5195,3.1206992,0,,,,,783.5328830342637,0.00030061256,795.3139709707893,0.00030559447,-0.007893443,0.029451735
1361.59364784355,8079.9966,3.1211638,-0.00067752245,6438,783.5353442672429,795.3173069642081,7424.683,2.79281,1350.6957,0.9565058,8079.9966,3.1211638,0,,,,,783.5353442672429,0.00030053302,795.3173069642081,0.000305122,-0.0046187085,0.032438505
1361.6144808846752,8079.356,3.1206105,-0.00067780644,6439,783.5334900415138,795.3134106125977,7417.932,2.792315,1351.6775,0.9558425,8079.356,3.1206105,0,,,,,783.5334900415138,0.00030095907,795.3134106125977,0.00030592195,-0.0067545995,0.02841567
1361.6561469667517,8081.1123,3.122445,-0.0006783746,6441,783.5345089856924,795.3143914438018,7431.6963,2.7939565,1352.188,0.9557152,8081.1123,3.122445,0,,,,,783.5345089856924,0.0002999831,795.3143914438018,0.00030471804,-0.006894896,0.029554136
1361.6769800076456,8083.954,3.1231768,-0.00067865883,6442,783.5348351134297,795.3154296641319,7434.368,2.794611,1353.0974,0.9559476,8083.954,3.1231768,0,,,,,783.5348351134297,0.00030004574,795.3154296641319,0.0003045478,-0.006087479,0.030916516
1361.6978130485386,8084.8057,3.1228702,-0.00067894306,6443,783.5337069739496,795.3130282770534,7434.5996,2.7943368,1352.2948,0.9556927,8084.8057,3.1228702,0,,,,,783.5337069739496,0.00030004632,795.3130282770534,0.00030462013,-0.0068442156,0.028344328
1361.7186460893147,8085.13,3.1229508,-0.0006792274,6444,783.5351718299929,795.3157120744372,7436.075,2.794409,1351.8314,0.95612234,8085.13,3.1229508,0,,,,,783.5351718299929,0.00029982344,795.3157120744372,0.00030441055,-0.0059821424,0.03065556
1361.739479129975,8083.3867,3.1251624,-0.00067951187,6445,783.5342343990328,795.3144645238874,7434.285,2.796388,1353.6165,0.9579736,8083.3867,3.1251624,0,,,,,783.5342343990328,0.00030041384,795.3144645238874,0.00030473294,-0.0066047,0.029756965
1361.7603121706352,8090.1396,3.1246235,-0.0006797963,6446,783.5341811370761,795.3150277348356,7439.137,2.7959058,1355.6537,0.95662665,8090.1396,3.1246235,0,,,,,783.5341811370761,0.00029994643,795.3150277348356,0.0003044525,-0.0061860755,0.02998303
1361.7811452111791,8082.8535,3.1232073,-0.0006800809,6447,783.5341478575466,795.3143040241002,7433.3247,2.7946384,1354.3225,0.95704865,8082.8535,3.1232073,0,,,,,783.5341478575466,0.00029996576,795.3143040241002,0.00030459862,-0.0066788686,0.029044747
1361.8019782516649,8085.3955,3.1240847,-0.00068036554,6448,783.5350301978585,795.3145389205109,7435.186,2.7954235,1354.871,0.95802575,8085.3955,3.1240847,0,,,,,783.5350301978585,0.00030003313,795.3145389205109,0.00030461999,-0.006227686,0.029407809
1361.8228112920924,8083.369,3.1245873,-0.00068065024,6449,783.5342322066747,795.3138787777291,7433.517,2.7958734,1356.3276,0.9568171,8083.369,3.1245873,0,,,,,783.5342322066747,0.00030019073,795.3138787777291,0.00030492517,-0.00664606,0.02876836
1361.8436443324035,8090.7773,3.124679,-0.00068093505,6450,783.5348500935452,795.3154036666141,7440.227,2.7959554,1355.5837,0.95673233,8090.7773,3.124679,0,,,,,783.5348500935452,0.00029985336,795.3154036666141,0.00030449298,-0.006240453,0.030089218
1361.8644773726562,8086.536,3.124603,-0.0006812199,6451,783.5342569324662,795.3136581900947,7436.5684,2.7958875,1355.1542,0.9577605,8086.536,3.124603,0,,,,,783.5342569324662,0.00030003797,795.3136581900947,0.00030467453,-0.0067707454,0.028597385
1361.885310412851,8078.2773,3.1235032,-0.00068150484,6452,783.5344845675687,795.3146539054698,7428.9478,2.7949033,1356.3259,0.9582224,8078.2773,3.1235032,0,,,,,783.5344845675687,0.00030011643,795.3146539054698,0.0003049409,-0.0067241425,0.029459314
1361.906143452929,8086.983,3.1240718,-0.0006817899,6453,783.5340826203985,795.313139733632,7436.95,2.7954118,1356.7407,0.9577077,8086.983,3.1240718,0,,,,,783.5340826203985,0.00029980158,795.313139733632,0.0003044743,-0.0069451965,0.027963327
1361.926976492949,8084.1694,3.1238208,-0.000682075,6454,783.5346348210602,795.3147607863187,7434.0474,2.7951875,1357.2434,0.95693773,8084.1694,3.1238208,0,,,,,783.5346348210602,0.00030007682,795.3147607863187,0.00030460441,-0.0061839484,0.0298441
1361.9478095328527,8080.291,3.1234903,-0.0006823602,6455,783.5342862181192,795.3131747893012,7430.665,2.7948916,1358.503,0.9571227,8080.291,3.1234903,0,,,,,783.5342862181192,0.00030006518,795.3131747893012,0.00030475706,-0.006698835,0.028473532
1361.9686425727557,8079.7617,3.1234179,-0.0006826454,6456,783.5346571125679,795.3145670854966,7430.3145,2.794827,1357.8231,0.95722896,8079.7617,3.1234179,0,,,,,783.5346571125679,0.0003001665,795.3145670854966,0.00030475442,-0.006608003,0.029909858
1361.9894756124845,8083.731,3.124426,-0.0006829308,6457,783.5336498503665,795.3128839101593,7432.792,2.795729,1356.1396,0.9575593,8083.731,3.124426,0,,,,,783.5336498503665,0.00030031404,795.3128839101593,0.0003049385,-0.0071233944,0.027431857
1362.0103086522142,8081.814,3.1234183,-0.0006832162,6458,783.5341496692918,795.3140406406228,7431.8955,2.7948275,1357.5249,0.9571985,8081.814,3.1234183,0,,,,,783.5341496692918,0.0003000514,795.3140406406228,0.00030476702,-0.0068951524,0.028573899
1362.0311416917687,8076.5146,3.1232824,-0.00068350177,6459,783.5344155958136,795.3132066951221,7426.844,2.7947054,1358.1141,0.9579949,8076.5146,3.1232824,0,,,,,783.5344155958136,0.0003002425,795.3132066951221,0.00030487368,-0.006680831,0.02778859
1362.0519747313224,8084.82,3.1245303,-0.00068378734,6460,783.5346354643858,795.3149207045204,7433.914,2.7958224,1359.4136,0.9575731,8084.82,3.1245303,0,,,,,783.5346354643858,0.00030018608,795.3149207045204,0.00030469213,-0.006374187,0.029668374
1362.0728077707602,8077.919,3.1238163,-0.000684073,6461,783.5338381145075,795.3125333751987,7428.011,2.7951832,1360.685,0.9582731,8077.919,3.1238163,0,,,,,783.5338381145075,0.0003002824,795.3125333751987,0.00030491437,-0.007161981,0.027009033
1362.0936408100824,8078.922,3.124312,-0.0006843588,6462,783.5344937135079,795.3142764457284,7429.3184,2.7956269,1360.3572,0.95784014,8078.922,3.124312,0,,,,,783.5344937135079,0.000300222,795.3142764457284,0.00030487904,-0.006701016,0.029197682
1362.1144738493458,8077.037,3.1239016,-0.0006846447,6463,783.5346793979331,795.3125372669604,7427.3022,2.7952597,1361.1871,0.95810074,8077.037,3.1239016,0,,,,,783.5346793979331,0.0003002773,795.3125372669604,0.00030508605,-0.0063886987,0.027244946
1362.13530688855,8084.9243,3.1255586,-0.0006849306,6464,783.533750375279,795.313822533265,7434.6655,2.7967424,1361.3625,0.95848423,8084.9243,3.1255586,0,,,,,783.533750375279,0.00029999387,795.313822533265,0.00030484516,-0.0069038495,0.028553456
1362.1561399276382,8084.534,3.1258724,-0.0006852166,6465,783.5340127521565,795.3122632735922,7433.964,2.797023,1360.2803,0.95834124,8084.534,3.1258724,0,,,,,783.5340127521565,0.0003004596,795.3122632735922,0.00030495107,-0.0066652903,0.027352896
1362.1769729666112,8080.419,3.1242752,-0.0006855028,6466,783.5340911265508,795.3127235752344,7430.7197,2.795594,1361.1555,0.95834124,8080.419,3.1242752,0,,,,,783.5340911265508,0.0003002266,795.3127235752344,0.00030489964,-0.006574543,0.027952177
1362.1978060055258,8077.0474,3.124169,-0.000685789,6467,783.534321342999,795.3127270022917,7427.293,2.7954993,1362.2767,0.9584883,8077.0474,3.124169,0,,,,,783.534321342999,0.0003004077,795.3127270022917,0.00030508396,-0.006849089,0.027311236
1362.2186390443235,8080.307,3.1257036,-0.0006860753,6468,783.5346414347534,795.3135038553745,7430.2383,2.796872,1362.0918,0.95947325,8080.307,3.1257036,0,,,,,783.5346414347534,0.00030046023,795.3135038553745,0.0003049262,-0.0064273966,0.028513355
1362.2394720830623,8080.7197,3.1243176,-0.0006863617,6469,783.5333850339165,795.3125607181522,7431.4556,2.795632,1361.4814,0.9580432,8080.7197,3.1243176,0,,,,,783.5333850339165,0.0003001567,795.3125607181522,0.00030490194,-0.007105617,0.02651473
1362.2603051216854,8083.798,3.1251764,-0.0006866482,6470,783.5343427700655,795.3133983291635,7433.3003,2.7964005,1362.8538,0.9585618,8083.798,3.1251764,0,,,,,783.5343427700655,0.00030026693,795.3133983291635,0.0003048752,-0.006389377,0.027886791
1362.281138160251,8079.4233,3.125227,-0.00068693474,6471,783.5339324983142,795.3125020488758,7429.0747,2.7964458,1362.0004,0.95905614,8079.4233,3.125227,0,,,,,783.5339324983142,0.00030050383,795.3125020488758,0.0003051646,-0.007088234,0.026894726
1362.301971198641,8082.207,3.1250343,-0.0006872215,6472,783.5339060684896,795.3126258706807,7431.878,2.7962732,1362.459,0.95884776,8082.207,3.1250343,0,,,,,783.5339060684896,0.00030020074,795.3126258706807,0.00030480698,-0.006642189,0.028164325
1362.3228042370306,8079.2354,3.1252265,-0.0006875082,6473,783.5335783847763,795.3115626777881,7429.8394,2.7964451,1362.9414,0.95885175,8079.2354,3.1252265,0,,,,,783.5335783847763,0.00030039207,795.3115626777881,0.00030511437,-0.007216145,0.026268585
1362.3436372752453,8082.4746,3.124833,-0.0006877951,6474,783.5343858251255,795.3128186282423,7432.0513,2.7960932,1362.7668,0.9587958,8082.4746,3.124833,0,,,,,783.5343858251255,0.00030023893,795.3128186282423,0.00030500197,-0.0066275825,0.027450744
1362.3644703134034,8086.182,3.1261625,-0.0006880821,6475,783.5336737264042,795.3120775529749,7434.6284,2.7972827,1363.0265,0.9586119,8086.182,3.1261625,0,,,,,783.5336737264042,0.00030037411,795.3120775529749,0.00030506263,-0.0071113124,0.026133513
1362.3853033514451,8078.9985,3.1268153,-0.00068836915,6476,783.5339796783719,795.313120126658,7429.086,2.797867,1362.2551,0.95939523,8078.9985,3.1268153,0,,,,,783.5339796783719,0.00030072738,795.313120126658,0.0003052505,-0.0068279225,0.027935931
1362.4061363894273,8084.4443,3.125437,-0.0006886563,6477,783.5334598753923,795.3113591637663,7433.335,2.7966335,1361.8097,0.9585627,8084.4443,3.125437,0,,,,,783.5334598753923,0.00030022554,795.3113591637663,0.0003050672,-0.0070284274,0.026078196
1362.426969427293,8074.206,3.1238976,-0.00068894355,6478,783.5338446802706,795.3127492324128,7423.4624,2.7952561,1364.2161,0.9589094,8074.206,3.1238976,0,,,,,783.5338446802706,0.0003004722,795.3127492324128,0.00030519252,-0.007064577,0.027413173
1362.4478024650434,8077.8115,3.1260526,-0.0006892309,6479,783.5332386403536,795.3115873389263,7427.6978,2.7971845,1365.3873,0.9613222,8077.8115,3.1260526,0,,,,,783.5332386403536,0.00030041643,795.3115873389263,0.0003052918,-0.0073921382,0.025556305
1362.4686355026777,8079.3345,3.125316,-0.0006895184,6480,783.5341842087159,795.3126755775521,7428.2744,2.7965252,1365.5841,0.95931965,8079.3345,3.125316,0,,,,,783.5341842087159,0.00030045048,795.3126755775521,0.00030517837,-0.0066632056,0.026911316
1362.4894685401941,8081.2485,3.1255956,-0.000689806,6481,783.5336304523127,795.3114355101185,7429.77,2.7967753,1364.5581,0.9595746,8081.2485,3.1255956,0,,,,,783.5336304523127,0.00030036308,795.3114355101185,0.00030517616,-0.0072738747,0.02573606
1362.5103015776522,8080.799,3.125805,-0.0006900937,6482,783.5339195017305,795.3119772622422,7429.823,2.796963,1365.4375,0.96089005,8080.799,3.125805,0,,,,,783.5339195017305,0.00030031116,795.3119772622422,0.0003050965,-0.0067293025,0.026991718
1362.5311346149954,8085.5796,3.127624,-0.00069038145,6483,783.5332499968814,795.311654604684,7434.4663,2.7985904,1365.6648,0.9603105,8085.5796,3.127624,0,,,,,783.5332499968814,0.00030034373,795.311654604684,0.00030510811,-0.007584523,0.0256777
1362.5519676522222,8076.027,3.1249685,-0.00069066935,6484,783.5336027601704,795.3117297779052,7425.442,2.7962143,1367.7313,0.9599287,8076.027,3.1249685,0,,,,,783.5336027601704,0.0003004296,795.3117297779052,0.0003051948,-0.007094063,0.026354173
1362.5728006893319,8078.631,3.1252573,-0.00069095736,6485,783.5342791251336,795.3116578299546,7428.252,2.7964728,1365.7971,0.95968354,8078.631,3.1252573,0,,,,,783.5342791251336,0.00030036952,795.3116578299546,0.00030524813,-0.0069354614,0.02587505
1362.5936337263824,8077.29,3.1246555,-0.0006912454,6486,783.5335411264957,795.3117289736172,7426.0625,2.7959344,1365.1556,0.95920753,8077.29,3.1246555,0,,,,,783.5335411264957,0.00030062077,795.3117289736172,0.0003052447,-0.007221163,0.02549568
1362.6144667632593,8078.5664,3.125251,-0.00069153367,6487,783.5334123455308,795.3111758991074,7427.3794,2.796467,1366.2959,0.95952505,8078.5664,3.125251,0,,,,,783.5334123455308,0.0003004309,795.3111758991074,0.00030516664,-0.0071455445,0.025320187
1362.6352998000787,8078.2266,3.125378,-0.000691822,6488,783.5328137726984,795.3109126022496,7427.3813,2.7965806,1365.2826,0.96091366,8078.2266,3.125378,0,,,,,783.5328137726984,0.0003003841,795.3109126022496,0.0003051759,-0.00758193,0.025543025
1362.6561328367225,8081.2046,3.1256647,-0.00069211045,6489,783.5341154730356,795.3116888688654,7429.7285,2.7968376,1366.6951,0.9591922,8081.2046,3.1256647,0,,,,,783.5341154730356,0.00030039827,795.3116888688654,0.00030515832,-0.00683829,0.026025757
1362.6769658733076,8077.0615,3.1243122,-0.000692399,6490,783.5337703482504,795.3116982674956,7425.6245,2.795627,1365.2089,0.95891154,8077.0615,3.1243122,0,,,,,783.5337703482504,0.00030043084,795.3116982674956,0.00030520855,-0.0073796725,0.025333036
1362.697798909777,8079.2207,3.1252313,-0.00069268764,6491,783.5340407469075,795.3112598841301,7427.5654,2.7964494,1365.9476,0.9596402,8079.2207,3.1252313,0,,,,,783.5340407469075,0.00030049146,795.3112598841301,0.00030520099,-0.00743876,0.025070107
1362.7186319461307,8080.729,3.1291208,-0.0006929764,6492,783.5334292303081,795.3115765454351,7428.945,2.7999299,1367.4945,0.9617208,8080.729,3.1291208,0,,,,,783.5334292303081,0.00030069592,795.3115765454351,0.00030562663,-0.0075120283,0.025671095
1362.739464982367,8080.8228,3.125694,-0.0006932653,6493,783.5338238540065,795.311211101451,7429.4556,2.7968633,1364.1528,0.9596915,8080.8228,3.125694,0,,,,,783.5338238540065,0.0003003096,795.311211101451,0.00030518617,-0.0072238324,0.02505409
1362.7602980184865,8083.32,3.1258857,-0.0006935543,6494,783.5338634197263,795.3112381558996,7431.5522,2.7970352,1367.1294,0.9600361,8083.32,3.1258857,0,,,,,783.5338634197263,0.00030028867,795.3112381558996,0.0003050689,-0.006744741,0.025098618
1362.781131054432,8078.9688,3.126159,-0.00069384347,6495,783.5334053386317,795.3107171599884,7427.323,2.7972796,1369.4781,0.959925,8078.9688,3.126159,0,,,,,783.5334053386317,0.00030062,795.3107171599884,0.00030529124,-0.0075031193,0.025159122
1362.8019640903199,8076.557,3.1264963,-0.0006941327,6496,783.5337634820085,795.3101201011547,7425.153,2.7975817,1369.147,0.96094817,8076.557,3.1264963,0,,,,,783.5337634820085,0.00030062677,795.3101201011547,0.00030557395,-0.0069985543,0.024755359
1362.8227971260908,8079.5435,3.1268003,-0.00069442205,6497,783.533642907032,795.3111671899575,7428.6343,2.7978532,1369.9572,0.96063066,8079.5435,3.1268003,0,,,,,783.533642907032,0.00030069886,795.3111671899575,0.00030538975,-0.0072181555,0.025151981
1362.8436301617446,8078.006,3.1264799,-0.0006947115,6498,783.5339373478024,795.3111160051391,7426.365,2.797567,1368.954,0.96107656,8078.006,3.1264799,0,,,,,783.5339373478024,0.00030063442,795.3111160051391,0.00030549977,-0.007054364,0.025132611
1362.8644631972243,8076.6265,3.1262088,-0.00069500116,6499,783.5335033762098,795.3092099727235,7421.6387,2.7973242,1373.0586,0.9613255,8076.6265,3.1262088,0,,,,,783.5335033762098,0.00030081836,795.3092099727235,0.00030585926,-0.0076016695,0.023199111
1362.8852962326466,8077.9316,3.1268249,-0.00069529086,6500,783.5332715745262,795.3104585229368,7425.8984,2.7978756,1374.0411,0.96139723,8077.9316,3.1268249,0,,,,,783.5332715745262,0.00030065223,795.3104585229368,0.00030560707,-0.007659195,0.024580685
1362.9269623030243,8079.166,3.1268203,-0.0006958707,6502,783.5331175734501,795.3097789689011,7426.243,2.7978716,1372.8478,0.96237236,8079.166,3.1268203,0,,,,,783.5331175734501,0.00030053032,795.3097789689011,0.00030552247,-0.007486828,0.023792934
1362.9477953380383,8078.7554,3.126849,-0.00069616083,6503,783.5341532458211,795.31020048475,7425.826,2.7978969,1373.2924,0.9620245,8078.7554,3.126849,0,,,,,783.5341532458211,0.00030066964,795.31020048475,0.000305595,-0.0074188043,0.023833843
1362.968628372936,8079.957,3.126615,-0.00069645105,6504,783.5340494355611,795.310876398438,7427.947,2.7976875,1372.3268,0.96153516,8079.957,3.126615,0,,,,,783.5340494355611,0.00030058148,795.310876398438,0.00030534598,-0.0068711992,0.02488776
1362.9894614076593,8073.491,3.126635,-0.00069674145,6505,783.5330081253437,795.3102498990821,7422.799,2.797706,1372.39,0.9616927,8073.491,3.126635,0,,,,,783.5330081253437,0.0003007683,795.3102498990821,0.00030557858,-0.0076428005,0.024251558
1363.0102944423247,8075.18,3.1279652,-0.0006970319,6506,783.5335183108831,795.3092926253044,7423.356,2.7988958,1374.3092,0.9617252,8075.18,3.1279652,0,,,,,783.5335183108831,0.00030118536,795.3092926253044,0.00030585882,-0.007170463,0.023433901
1363.031127476815,8077.5195,3.1268284,-0.00069732254,6507,783.5333295231986,795.3100166625861,7425.196,2.7978785,1374.7505,0.9611542,8077.5195,3.1268284,0,,,,,783.5333295231986,0.00030076967,795.3100166625861,0.0003055926,-0.007753625,0.023666272
1363.0519605111301,8078.9043,3.127857,-0.00069761334,6508,783.5333420590869,795.3097394761239,7426.493,2.798799,1375.5094,0.9620269,8078.9043,3.127857,0,,,,,783.5333420590869,0.0003007614,795.3097394761239,0.00030568754,-0.0072549055,0.023729809
1363.0727935453876,8077.1743,3.1291468,-0.0006979042,6509,783.5329603330646,795.3092895870919,7425.21,2.7999532,1376.9161,0.9627194,8077.1743,3.1291468,0,,,,,783.5329603330646,0.0003008636,795.3092895870919,0.00030594037,-0.0075289165,0.023551594
1363.0936265794712,8076.703,3.127517,-0.00069819525,6510,783.5331533137955,795.3098442281276,7424.8276,2.7984948,1378.0983,0.96214336,8076.703,3.127517,0,,,,,783.5331533137955,0.00030076128,795.3098442281276,0.00030571342,-0.0072522056,0.02369329
1363.1144596134375,8074.0845,3.1273875,-0.0006984864,6511,783.5335773295419,795.3096734100213,7422.0757,2.798379,1378.1982,0.9624656,8074.0845,3.1273875,0,,,,,783.5335773295419,0.00030088285,795.3096734100213,0.00030572992,-0.0073662214,0.02360141
1363.1352926472287,8075.442,3.1283689,-0.00069877773,6512,783.5333825413898,795.3094208745274,7423.5977,2.7992573,1378.048,0.96252227,8075.442,3.1283689,0,,,,,783.5333825413898,0.0003010956,795.3094208745274,0.0003058441,-0.0073761335,0.022859383
1363.1561256809046,8078.827,3.1280017,-0.0006990692,6513,783.5333369771358,795.3097528568604,7426.5347,2.7989285,1377.6512,0.96269053,8078.827,3.1280017,0,,,,,783.5333369771358,0.0003008279,795.3097528568604,0.00030562893,-0.007265636,0.023882542
1363.1769587144643,8075.648,3.1275566,-0.00069936074,6514,783.5331284909288,795.3092945831633,7422.733,2.7985303,1377.5305,0.9625619,8075.648,3.1275566,0,,,,,783.5331284909288,0.00030090587,795.3092945831633,0.0003058193,-0.007628197,0.022802891
1363.197791747848,8081.5728,3.1283815,-0.0006996525,6515,783.5337008758003,795.3090654122086,7428.625,2.7992685,1379.4805,0.96279645,8081.5728,3.1283815,0,,,,,783.5337008758003,0.00030065211,795.3090654122086,0.00030557506,-0.0071914787,0.023195852
1363.218624781116,8076.211,3.128433,-0.0006999443,6516,783.5334373331052,795.3096407924545,7424.095,2.7993143,1377.2091,0.9622177,8076.211,3.128433,0,,,,,783.5334373331052,0.00030094592,795.3096407924545,0.0003059492,-0.0075607975,0.023215124
1363.2394578142098,8080.858,3.1282055,-0.00070023636,6517,783.5333202266158,795.3092847655212,7427.8696,2.799111,1377.4102,0.96262974,8080.858,3.1282055,0,,,,,783.5333202266158,0.00030080375,795.3092847655212,0.0003057128,-0.007623183,0.023075435
1363.2602908471285,8072.2866,3.1260636,-0.00070052856,6518,783.5327866181176,795.3092992438653,7419.6406,2.797194,1376.6243,0.9616105,8072.2866,3.1260636,0,,,,,783.5327866181176,0.0003008802,795.3092992438653,0.00030587026,-0.007521384,0.022464165
1363.2811238799884,8078.4785,3.1276927,-0.0007008208,6519,783.5338604538933,795.3088589143907,7425.8047,2.7986522,1376.0026,0.9632822,8078.4785,3.1276927,0,,,,,783.5338604538933,0.00030066044,795.3088589143907,0.0003056113,-0.0071356557,0.02238401
1363.3019569126159,8080.66,3.1271544,-0.0007011133,6520,783.533418693334,795.3079663807089,7426.5615,2.7981703,1374.9186,0.9616003,8080.66,3.1271544,0,,,,,783.533418693334,0.00030072345,795.3079663807089,0.0003057563,-0.0077066883,0.021249004
1363.3227899451279,8080.6377,3.1275425,-0.0007014059,6521,783.5336349658006,795.3098218996527,7428.388,2.7985175,1375.0192,0.9614634,8080.6377,3.1275425,0,,,,,783.5336349658006,0.0003007818,795.3098218996527,0.00030557672,-0.007200561,0.023386968
1363.3436229775227,8080.968,3.1280525,-0.00070169865,6522,783.5324510432023,795.3084343741174,7428.5815,2.798974,1374.1747,0.96281093,8080.968,3.1280525,0,,,,,783.5324510432023,0.00030064775,795.3084343741174,0.00030551397,-0.008433786,0.021961728
1363.3644560097437,8079.055,3.1272728,-0.00070199155,6523,783.5332938550735,795.3091771706031,7426.7207,2.7982764,1375.0244,0.9613945,8079.055,3.1272728,0,,,,,783.5332938550735,0.0003006135,795.3091771706031,0.00030555317,-0.0065783514,0.0230063
1363.3852890417893,8085.831,3.1281247,-0.0007022846,6524,783.5331824472814,795.3080720421297,7432.019,2.7990384,1371.7666,0.96171796,8085.831,3.1281247,0,,,,,783.5331824472814,0.0003007533,795.3080720421297,0.00030554607,-0.007955652,0.021425761
1363.4061220736594,8072.793,3.125948,-0.0007025779,6525,783.533483977116,795.3094447453001,7420.5635,2.7970908,1373.9442,0.96112174,8072.793,3.125948,0,,,,,783.533483977116,0.0003007993,795.3094447453001,0.00030572276,-0.0073062796,0.0232865
1363.4269551054147,8074.941,3.126505,-0.00070287124,6526,783.5329717662293,795.3075734470617,7421.618,2.7975893,1374.9565,0.96173525,8074.941,3.126505,0,,,,,783.5329717662293,0.00030083215,795.3075734470617,0.00030580614,-0.007622896,0.021399766
1363.4477881369953,8069.7285,3.125995,-0.0007031648,6527,783.5326009362261,795.3086547588384,7417.277,2.7971327,1375.3752,0.9622371,8069.7285,3.125995,0,,,,,783.5326009362261,0.00030096222,795.3086547588384,0.00030584203,-0.008280104,0.02246736
1363.4686211683997,8078.244,3.1291726,-0.0007034585,6528,783.5333671646333,795.308124562995,7424.3745,2.7999759,1374.611,0.96370274,8078.244,3.1291726,0,,,,,783.5333671646333,0.0003012465,795.308124562995,0.00030599948,-0.0075660334,0.021532519
1363.489454199688,8079.245,3.128877,-0.00070375233,6529,783.533200690985,795.3092402823589,7426.599,2.7997115,1376.4098,0.9632817,8079.245,3.128877,0,,,,,783.533200690985,0.0003010038,795.3092402823589,0.00030579817,-0.0072217193,0.022482079
1363.510287230803,8071.746,3.1262631,-0.00070404634,6530,783.5329752888289,795.3071966056401,7417.8105,2.7973728,1376.2705,0.96168876,8071.746,3.1262631,0,,,,,783.5329752888289,0.0003009712,795.3071966056401,0.00030612273,-0.00807898,0.020703154
1363.531120261685,8078.435,3.129705,-0.0007043406,6531,783.5341486449928,795.3084435978594,7424.798,2.8004525,1379.1786,0.96349484,8078.435,3.129705,0,,,,,783.5341486449928,0.0003011619,795.3084435978594,0.00030599805,-0.0070436024,0.021960374
1363.5519532924493,8078.48,3.1279464,-0.00070463493,6532,783.5333383651662,795.3084962387084,7423.9287,2.798879,1379.2906,0.9631131,8078.48,3.1279464,0,,,,,783.5333383651662,0.00030088215,795.3084962387084,0.00030589825,-0.0076635005,0.02172809
1363.572786323098,8079.835,3.1278093,-0.0007049294,6533,783.5326827028418,795.3076723339159,7426.8945,2.7987564,1378.4844,0.96234614,8079.835,3.1278093,0,,,,,783.5326827028418,0.0003008345,795.3076723339159,0.0003056862,-0.0074649574,0.021487368
1363.5936193535144,8075.193,3.128015,-0.0007052241,6534,783.5333763732705,795.3083075322199,7423.144,2.7989404,1380.0706,0.9636014,8075.193,3.128015,0,,,,,783.5333763732705,0.00030085165,795.3083075322199,0.00030592305,-0.0072125453,0.02206478
1363.6144523837556,8071.7866,3.1273458,-0.000705519,6535,783.5328553505504,795.3087733553905,7418.3145,2.7983415,1380.8488,0.9631071,8071.7866,3.1273458,0,,,,,783.5328553505504,0.00030106155,795.3087733553905,0.00030600978,-0.008386297,0.021975925
1363.635285413822,8078.695,3.129169,-0.00070581405,6536,783.5335895222061,795.3061176920678,7419.754,2.799973,1382.4006,0.96399885,8078.695,3.129169,0,,,,,783.5335895222061,0.00030144773,795.3061176920678,0.00030663554,-0.0064806016,0.019004708
1363.6769514734892,8074.865,3.1285036,-0.0007064046,6538,783.5326047743902,795.3111060471045,7416.2754,2.7993777,1382.555,0.96383494,8074.865,3.1285036,0,,,,,783.5326047743902,0.00030128236,795.3111060471045,0.0003068237,-0.007620405,0.024620755
1363.6977845030326,8081.151,3.1286576,-0.0007067002,6539,783.532682552483,795.3079737423991,7423.5156,2.7995155,1382.5688,0.9635255,8081.151,3.1286576,0,,,,,783.532682552483,0.00030097974,795.3079737423991,0.0003062617,-0.0076098237,0.021778828
1363.7186175324014,8075.0044,3.128535,-0.00070699595,6540,783.5331003280336,795.3069176760174,7420.284,2.7994058,1383.578,0.9641654,8075.0044,3.128535,0,,,,,783.5331003280336,0.0003012299,795.3069176760174,0.0003062691,-0.0077049253,0.020250367
1363.7394505615941,8073.3247,3.1280124,-0.0007072919,6541,783.5321386735937,795.306399415104,7416.587,2.798938,1384.8555,0.96413445,8073.3247,3.1280124,0,,,,,783.5321386735937,0.00030125078,795.306399415104,0.00030650516,-0.0082492065,0.019326612
1363.7602835906127,8076.3604,3.129353,-0.000707588,6542,783.5345916125418,795.3089889851683,7420.9355,2.8001378,1386.3407,0.9648666,8076.3604,3.129353,0,,,,,783.5345916125418,0.00030126353,795.3089889851683,0.00030625987,-0.005732105,0.022195505
1363.7811166194576,8077.726,3.1300461,-0.00070788426,6543,783.5321157510733,795.3061101641271,7421.4233,2.800758,1388.1354,0.96510863,8077.726,3.1300461,0,,,,,783.5321157510733,0.00030123387,795.3061101641271,0.00030655586,-0.008975382,0.01919523
1363.801949648069,8083.3853,3.1303558,-0.00070818077,6544,783.5331576002737,795.3069539010905,7426.4023,2.801035,1388.5673,0.9647022,8083.3853,3.1303558,0,,,,,783.5331576002737,0.00030109592,795.3069539010905,0.00030632474,-0.0071295956,0.019896984
1363.8227826765058,8077.7695,3.1315296,-0.00070847746,6545,783.5323968587253,795.3064492316512,7419.6465,2.8020852,1394.1985,0.96776295,8077.7695,3.1315296,0,,,,,783.5323968587253,0.00030159892,795.3064492316512,0.00030676107,-0.008265996,0.019386977
1363.8436157047677,8083.976,3.1326742,-0.0007087743,6546,783.5341953745935,795.3087206022172,7427.8877,2.8031094,1394.6356,0.96785563,8083.976,3.1326742,0,,,,,783.5341953745935,0.00030115366,795.3087206022172,0.00030634305,-0.0058641466,0.021790508
1363.8644487328552,8081.7017,3.1321259,-0.00070907135,6547,783.531898484712,795.3051466793256,7424.5938,2.8026187,1396.7347,0.96664816,8081.7017,3.1321259,0,,,,,783.531898484712,0.00030138137,795.3051466793256,0.00030664346,-0.008222322,0.018391572
1363.8852817607105,8082.391,3.1328952,-0.0007093686,6548,783.5327723659028,795.3067223841105,7425.9,2.803307,1398.0283,0.9674214,8082.391,3.1328952,0,,,,,783.5327723659028,0.0003014049,795.3067223841105,0.0003065615,-0.007120983,0.019613964
1363.9061147883904,8083.797,3.134767,-0.00070966606,6549,783.5324510038449,795.3065243623375,7426.144,2.8049822,1401.7051,0.9686075,8083.797,3.134767,0,,,,,783.5324510038449,0.00030181033,795.3065243623375,0.00030677803,-0.00809881,0.019524604
1363.9269478158951,8082.981,3.1343665,-0.0007099637,6550,783.5336032076427,795.3073739264797,7424.8296,2.8046236,1400.984,0.9686758,8082.981,3.1343665,0,,,,,783.5336032076427,0.00030168067,795.3073739264797,0.00030691217,-0.006739443,0.020437436
1363.9477808431684,8077.72,3.1329958,-0.0007102615,6551,783.5319820308432,795.3051559583658,7416.2383,2.8033974,1403.2252,0.96953046,8077.72,3.1329958,0,,,,,783.5319820308432,0.00030197273,795.3051559583658,0.00030737795,-0.0077718957,0.018146772
1363.968613870267,8084.033,3.134095,-0.00071055954,6552,783.5326910464532,795.3058271379152,7424.142,2.804381,1405.8845,0.96900505,8084.033,3.134095,0,,,,,783.5326910464532,0.00030180404,795.3058271379152,0.00030700507,-0.0073140054,0.01798235
1363.9894468971315,8083.236,3.1346486,-0.0007108578,6553,783.5330578427048,795.3050148800679,7424.021,2.8048759,1405.4221,0.9693466,8083.236,3.1346486,0,,,,,783.5330578427048,0.00030189555,795.3050148800679,0.00030702737,-0.007730118,0.01826575
1364.0102799237636,8087.2944,3.135513,-0.0007111563,6554,783.5327246980028,795.307049147595,7428.973,2.8056498,1407.8525,0.96971905,8087.2944,3.135513,0,,,,,783.5327246980028,0.00030156848,795.307049147595,0.00030683307,-0.007830794,0.020488426
1364.031112950222,8082.344,3.1356976,-0.00071145495,6555,783.5326251310324,795.3061756571644,7421.2754,2.8058147,1409.6848,0.9712086,8082.344,3.1356976,0,,,,,783.5326251310324,0.00030214316,795.3061756571644,0.00030734466,-0.007481254,0.019554352
1364.051945976505,8087.9424,3.1358771,-0.0007117538,6556,783.5334338354679,795.3059764135633,7425.9956,2.8059752,1410.9307,0.97071236,8087.9424,3.1358771,0,,,,,783.5334338354679,0.00030168705,795.3059764135633,0.00030729148,-0.0071318834,0.017916024
1364.0727790024969,8084.9883,3.1360977,-0.0007120529,6557,783.5330822709153,795.3062809269998,7424.9346,2.8061726,1413.0829,0.97098476,8084.9883,3.1360977,0,,,,,783.5330822709153,0.00030184825,795.3062809269998,0.00030729148,-0.0074900156,0.018952152
1364.0936120283143,8082.2188,3.1363854,-0.0007123522,6558,783.5317474863587,795.3059910082453,7420.8994,2.8064303,1413.725,0.9719664,8082.2188,3.1363854,0,,,,,783.5317474863587,0.00030219211,795.3059910082453,0.00030738395,-0.008988259,0.0186583
1364.1144450539578,8085.4497,3.1373897,-0.0007126517,6559,783.5320263308305,795.3048536124637,7425.331,2.8073287,1415.8805,0.9726799,8085.4497,3.1373897,0,,,,,783.5320263308305,0.00030201688,795.3048536124637,0.0003072226,-0.008442639,0.01784126
1364.156111104487,8078.901,3.1389642,-0.0007132514,6561,783.5328579398441,795.306433100848,7426.6323,2.8087375,1417.64,0.9734462,8078.901,3.1389642,0,,,,,783.5328579398441,0.00030207352,795.306433100848,0.0003068624,-0.008060711,0.019382082
1364.1769441294314,8085.785,3.1402469,-0.0007135516,6562,783.5335797491967,795.3063282927066,7433.005,2.8098855,1416.7241,0.9728021,8085.785,3.1402469,0,,,,,783.5335797491967,0.00030169368,795.3063282927066,0.00030687623,-0.0077695954,0.018328192
1364.1977771541428,8081.416,3.1386511,-0.000713852,6563,783.5331980058835,795.3064878488887,7428.6284,2.8084574,1419.8142,0.9731266,8081.416,3.1386511,0,,,,,783.5331980058835,0.00030187186,795.3064878488887,0.0003067424,-0.00815377,0.019331932
1364.2186101786215,8080.919,3.13982,-0.00071415264,6564,783.5328302510782,795.3060132227969,7428.273,2.8095033,1423.7971,0.9737408,8080.919,3.13982,0,,,,,783.5328302510782,0.0003019607,795.3060132227969,0.00030689043,-0.008346697,0.01815299
1364.239443202926,8083.5103,3.1396148,-0.00071445346,6565,783.5333551240258,795.306488095221,7430.3003,2.80932,1421.5875,0.97382253,8083.5103,3.1396148,0,,,,,783.5333551240258,0.00030182718,795.306488095221,0.00030681657,-0.0076467544,0.01940299
1364.260276226939,8084.3296,3.140927,-0.00071475457,6566,783.5329646856391,795.3044857965896,7430.2944,2.810494,1424.8572,0.9754616,8084.3296,3.140927,0,,,,,783.5329646856391,0.00030201866,795.3044857965896,0.00030690388,-0.008470953,0.017542597
1364.2811092507181,8078.3354,3.141114,-0.0007150559,6567,783.5335833088325,795.306212022564,7425.3535,2.8106613,1427.4404,0.97652346,8078.3354,3.141114,0,,,,,783.5335833088325,0.00030198853,795.306212022564,0.00030712096,-0.0075482163,0.019213317
1364.3019422742661,8080.4976,3.1413295,-0.0007153575,6568,783.533356069159,795.3052674009639,7427.479,2.8108542,1428.766,0.9753414,8080.4976,3.1413295,0,,,,,783.533356069159,0.00030213044,795.3052674009639,0.00030716762,-0.008391996,0.017616462
1364.3227752975813,8081.5024,3.1422083,-0.0007156593,6569,783.5328721601098,795.3050814163587,7428.384,2.8116405,1431.1517,0.9762074,8081.5024,3.1422083,0,,,,,783.5328721601098,0.00030220233,795.3050814163587,0.00030719995,-0.008738282,0.017525816
1364.343608320663,8074.2573,3.1430483,-0.00071596133,6570,783.5334698287011,795.3067119904032,7422.079,2.812392,1433.7954,0.97820544,8074.2573,3.1430483,0,,,,,783.5334698287011,0.00030237134,795.3067119904032,0.0003075164,-0.007822453,0.019445978
1364.3644413435118,8080.2153,3.1438708,-0.0007162636,6571,783.5329490790856,795.3048249008856,7426.9204,2.8131282,1435.6888,0.97727054,8080.2153,3.1438708,0,,,,,783.5329490790856,0.00030242346,795.3048249008856,0.00030767822,-0.008171302,0.016999386
1364.3852743660693,8080.038,3.1447244,-0.00071656617,6572,783.5327147499269,795.3055114744443,7426.7803,2.813892,1440.1857,0.9784756,8080.038,3.1447244,0,,,,,783.5327147499269,0.0003027538,795.3055114744443,0.00030762568,-0.008492895,0.018169332
1364.4061073884532,8077.004,3.1447117,-0.0007168689,6573,783.5331926363372,795.3032705364224,7422.145,2.8138804,1444.705,0.97988766,8077.004,3.1447117,0,,,,,783.5331926363372,0.0003027788,795.3032705364224,0.00030790333,-0.0076125674,0.015446704
1364.4269404105453,8082.1494,3.1472726,-0.00071717193,6574,783.5333869300382,795.3048504511164,7428.661,2.8161721,1449.876,0.9809682,8082.1494,3.1472726,0,,,,,783.5333869300382,0.000302925,795.3048504511164,0.0003077741,-0.007951561,0.017570227
1364.4477734323455,8078.2393,3.1484625,-0.00071747525,6575,783.5325271689117,795.3046910992879,7424.6543,2.8172367,1455.5962,0.9844739,8078.2393,3.1484625,0,,,,,783.5325271689117,0.00030289782,795.3046910992879,0.00030801047,-0.008212429,0.017279398
1364.4686064539144,8078.2646,3.1494133,-0.0007177788,6576,783.532350010861,795.3047566114926,7425.615,2.8180876,1462.139,0.9837996,8078.2646,3.1494133,0,,,,,783.532350010861,0.00030313866,795.3047566114926,0.0003080937,-0.00830045,0.017681401
1364.4894394752505,8072.468,3.15087,-0.0007180826,6577,783.5328750164639,795.3043186984069,7419.8784,2.819391,1470.8179,0.98673064,8072.468,3.15087,0,,,,,783.5328750164639,0.00030337257,795.3043186984069,0.00030854126,-0.008245152,0.017320713
1364.5102724962953,8077.187,3.1528337,-0.00071838667,6578,783.532963842411,795.3037631775161,7423.4736,2.821148,1475.6624,0.9874506,8077.187,3.1528337,0,,,,,783.532963842411,0.00030360682,795.3037631775161,0.00030867863,-0.0082989065,0.016598899
1364.5311055170487,8076.028,3.1561112,-0.00071869104,6579,783.532936032678,795.3046066660015,7422.702,2.8240807,1482.7076,0.9896539,8076.028,3.1561112,0,,,,,783.532936032678,0.00030406387,795.3046066660015,0.0003090704,-0.0083073955,0.017610084
1364.5519385375685,8083.2637,3.1573622,-0.00071899564,6580,783.5327236959783,795.3038154019182,7428.8047,2.8252003,1491.0853,0.9916022,8083.2637,3.1573622,0,,,,,783.5327236959783,0.00030382996,795.3038154019182,0.00030896912,-0.008258731,0.016289102
1364.5727715578569,8080.7563,3.1593287,-0.0007193005,6581,783.5327519586104,795.3040986110817,7427.1323,2.8269596,1499.596,0.99310476,8080.7563,3.1593287,0,,,,,783.5327519586104,0.0003041134,795.3040986110817,0.00030919447,-0.008644629,0.016617982
1364.5936045777958,8087.407,3.1613584,-0.00071960565,6582,783.5330266179691,795.3050623836302,7431.9116,2.828776,1505.4647,0.9949764,8087.407,3.1613584,0,,,,,783.5330266179691,0.00030417397,795.3050623836302,0.00030924234,-0.007519817,0.017335445
1364.6144375975014,8082.5596,3.163252,-0.00071991107,6583,783.5318885591952,795.3038223039567,7427.59,2.8304703,1515.2628,0.9976714,8082.5596,3.163252,0,,,,,783.5318885591952,0.0003046964,795.3038223039567,0.00030956263,-0.009119298,0.016020358
1364.635270616916,8084.5586,3.1652517,-0.0007202168,6584,783.5327018377278,795.3038361128599,7429.362,2.8322597,1524.5948,0.9989413,8084.5586,3.1652517,0,,,,,783.5327018377278,0.0003045837,795.3038361128599,0.00030966263,-0.008317345,0.016677612
1364.6561036360977,8080.59,3.1679285,-0.0007205227,6585,783.5328424940946,795.3035921512699,7425.585,2.8346548,1534.1212,1.002557,8080.59,3.1679285,0,,,,,783.5328424940946,0.00030501364,795.3035921512699,0.00031023796,-0.008644773,0.015371135
1364.6769366549306,8080.866,3.1694975,-0.000720829,6586,783.5329593165939,795.3048844507155,7425.1353,2.8360586,1545.3282,1.0043961,8080.866,3.1694975,0,,,,,783.5329593165939,0.0003052157,795.3048844507155,0.00031036462,-0.008105502,0.017336534
1364.697769673472,8081.833,3.1734514,-0.0007211356,6587,783.5329875482987,795.3038512384366,7425.9785,2.8395965,1559.1561,1.0077895,8081.833,3.1734514,0,,,,,783.5329875482987,0.00030560076,795.3038512384366,0.0003107698,-0.008172785,0.01633698
1364.7186026917807,8078.393,3.1773884,-0.0007214424,6588,783.5322142008142,795.3023732194742,7421.9067,2.8431199,1578.8777,1.0122805,8078.393,3.1773884,0,,,,,783.5322142008142,0.0003062243,795.3023732194742,0.000311378,-0.008713921,0.01515073
1364.7394357097405,8077.672,3.183877,-0.00072174956,6589,783.53298624717,795.3039434701348,7421.8633,2.8489256,1604.0131,1.0184652,8077.672,3.183877,0,,,,,783.53298624717,0.0003069176,795.3039434701348,0.00031197316,-0.008428099,0.016611118
1364.7602687274089,8076.7188,3.1930833,-0.000722057,6590,783.5326502794622,795.3030516700227,7420.5273,2.8571634,1643.1536,1.0282298,8076.7188,3.1930833,0,,,,,783.5326502794622,0.00030788366,795.3030516700227,0.000313092,-0.00838724,0.015087101
1364.7811017447862,8082.244,3.2054589,-0.00072236476,6591,783.5328629243727,795.3043619864771,7424.6235,2.8682368,1689.2533,1.0387963,8082.244,3.2054589,0,,,,,783.5328629243727,0.0003090466,795.3043619864771,0.000314397,-0.008274579,0.01684873
1364.8019347618724,8079.619,3.2196047,-0.0007226728,6592,783.5330131192403,795.3028382452983,7421.8735,2.8808947,1750.2417,1.0524225,8079.619,3.2196047,0,,,,,783.5330131192403,0.00031080077,795.3028382452983,0.00031597566,-0.008400726,0.014510875
1364.822767778668,8077.5806,3.2360973,-0.0007229811,6593,783.5327023585749,795.3039998537893,7419.581,2.8956523,1824.8309,1.0693139,8077.5806,3.2360973,0,,,,,783.5327023585749,0.00031248073,795.3039998537893,0.00031776458,-0.008549448,0.016234435
1364.8436007951148,8075.79,3.256416,-0.0007232898,6594,783.5325358258508,795.3028716676836,7417.8105,2.9138334,1907.9287,1.0871158,8075.79,3.256416,0,,,,,783.5325358258508,0.00031488747,795.3028716676836,0.0003201065,-0.008691829,0.015303548
1364.864433811269,8080.458,3.2790618,-0.00072359876,6595,783.5332928819312,795.3035485570746,7422.3843,2.9340966,2000.4165,1.1098083,8080.458,3.2790618,0,,,,,783.5332928819312,0.0003169811,795.3035485570746,0.00032229017,-0.008210587,0.01574444
1364.8852668270747,8079.7144,3.3006928,-0.0007239081,6596,783.5324666124181,795.3016005865007,7421.5605,2.953452,2095.6406,1.1291975,8079.7144,3.3006928,0,,,,,783.5324666124181,0.00031932775,795.3016005865007,0.0003247089,-0.009105864,0.0139590455
1364.9060998425898,8079.643,3.3222103,-0.0007242177,6597,783.5334664431947,795.3040876925667,7421.5054,2.972706,2189.7058,1.1483426,8079.643,3.3222103,0,,,,,783.5334664431947,0.00032163417,795.3040876925667,0.00032704722,-0.007898959,0.016203783
1364.926932857756,8080.3726,3.3426092,-0.00072452764,6598,783.5335338129452,795.3023989214643,7421.384,2.9909587,2279.6582,1.1662927,8080.3726,3.3426092,0,,,,,783.5335338129452,0.00032375168,795.3023989214643,0.0003293908,-0.008222356,0.014055804
1364.947765872631,8082.5703,3.3628316,-0.0007248379,6599,783.5336355786947,795.30318057995,7423.716,3.0090537,2368.1626,1.1840373,8082.5703,3.3628316,0,,,,,783.5336355786947,0.00032589294,795.30318057995,0.00033134004,-0.008702269,0.014609202
1364.9685988871552,8070.5674,3.3798273,-0.0007251485,6600,783.5337751503233,795.3029642360112,7412.6587,3.0242615,2447.3123,1.200426,8070.5674,3.3798273,0,,,,,783.5337751503233,0.00032811743,795.3029642360112,0.0003336559,-0.007915503,0.014668409
1364.989431901331,8077.1885,3.396216,-0.0007254594,6601,783.5343764809098,795.302852447149,7418.2773,3.0389261,2517.2205,1.2139436,8077.1885,3.396216,0,,,,,783.5343764809098,0.00032951392,795.302852447149,0.00033514012,-0.008553651,0.014328083
1368.6143713173806,8078.7954,3.1195407,-0.00078461284,6775,783.6121948590754,795.3519292752803,7421.003,2.7913575,1331.3569,0.9555989,8078.7954,3.1195407,0,,,,,783.6121948590754,0.0002990653,795.3519292752803,0.00030259733,0.08672982,0.07621987
1368.63520435311,8075.6265,3.1203213,-0.0007849022,6776,783.6118426596381,795.3512701278389,7424.15,2.792056,1330.9529,0.95368415,8075.6265,3.1203213,0,,,,,783.6118426596381,0.0002991937,795.3512701278389,0.00030275938,0.085935496,0.074237004
1368.6560373902953,8073.6265,3.119713,-0.0007851901,6777,783.6120873391064,795.3508096157417,7420.546,2.7915118,1329.5253,0.95332986,8073.6265,3.119713,0,,,,,783.6120873391064,0.00029909762,795.3508096157417,0.00030294017,0.08639188,0.074568525
1368.6768704288195,8076.2207,3.1180358,-0.00078547664,6778,783.6110536601582,795.3492005023476,7423.427,2.790011,1325.5217,0.95331967,8076.2207,3.1180358,0,,,,,783.6110536601582,0.00029887597,795.3492005023476,0.00030261718,0.08561113,0.071633585
1368.6977034687982,8077.738,3.1179001,-0.00078576175,6779,783.6107069520507,795.349896626405,7424.256,2.7898898,1327.0721,0.95280904,8077.738,3.1179001,0,,,,,783.6107069520507,0.00029884823,795.349896626405,0.00030247538,0.08510142,0.07300459
1368.7185365101157,8079.5776,3.1181996,-0.0007860455,6780,783.6096600785446,795.3476252195928,7425.331,2.7901576,1325.6752,0.9525995,8079.5776,3.1181996,0,,,,,783.6096600785446,0.00029889646,795.3476252195928,0.0003025938,0.083658956,0.07011791
1368.7393695527144,8078.5957,3.1178517,-0.000786328,6781,783.6099467252654,795.3479649247416,7425.651,2.7898462,1325.9463,0.9519484,8078.5957,3.1178517,0,,,,,783.6099467252654,0.00029874267,795.3479649247416,0.00030246272,0.083840236,0.07142567
1368.7602025966517,8077.7524,3.117839,-0.00078660913,6782,783.6084243549767,795.3452297833599,7424.2437,2.7898352,1324.5792,0.9515473,8077.7524,3.117839,0,,,,,783.6084243549767,0.00029886322,795.3452297833599,0.00030278563,0.081938505,0.067983165
1368.781035641869,8083.589,3.1181047,-0.000786889,6783,783.6075937216402,795.3464333870475,7429.404,2.7900727,1322.4121,0.95142215,8083.589,3.1181047,0,,,,,783.6075937216402,0.00029896188,795.3464333870475,0.0003024288,0.08151913,0.0687704
1368.8018686883092,8079.4355,3.117893,-0.00078716764,6784,783.6069488555156,795.3444409614232,7425.673,2.7898831,1321.8594,0.9515683,8079.4355,3.117893,0,,,,,783.6069488555156,0.00029875876,795.3444409614232,0.00030283217,0.08010412,0.06560135
1368.822701735972,8084.5454,3.117439,-0.00078744505,6785,783.6062691877287,795.3450543705438,7429.5986,2.789477,1321.4619,0.9505525,8084.5454,3.117439,0,,,,,783.6062691877287,0.000298644,795.3450543705438,0.00030241947,0.07951051,0.06634714
1368.8435347848565,8074.796,3.115574,-0.00078772125,6786,783.6043480411788,795.3420373916213,7420.821,2.7878082,1321.2528,0.9508094,8074.796,3.115574,0,,,,,783.6043480411788,0.0002987531,795.3420373916213,0.00030278796,0.07654157,0.06294717
1368.8643678348476,8079.293,3.1166785,-0.00078799634,6787,783.6041506119598,795.3426630059084,7425.2554,2.7887964,1322.4774,0.95142335,8079.293,3.1166785,0,,,,,783.6041506119598,0.000298726,795.3426630059084,0.0003026377,0.07587899,0.06342033
1368.8852008860026,8077.116,3.1164424,-0.00078827026,6788,783.6031537443722,795.3409605754932,7423.1587,2.7885854,1321.6877,0.9515439,8077.116,3.1164424,0,,,,,783.6031537443722,0.000298758,795.3409605754932,0.00030269398,0.07579636,0.06224442
1368.9060339383213,8081.017,3.11834,-0.000788543,6789,783.6015537952394,795.3405528206927,7426.865,2.7902832,1321.1667,0.95137155,8081.017,3.11834,0,,,,,783.6015537952394,0.00029886907,795.3405528206927,0.0003030025,0.0739671,0.061428685
1368.9268669916883,8082.018,3.1168237,-0.00078881474,6790,783.5999503782195,795.3394387721207,7427.1606,2.7889264,1319.8268,0.95020455,8082.018,3.1168237,0,,,,,783.5999503782195,0.0002987613,795.3394387721207,0.00030286753,0.07269047,0.06036174
1368.9477000461031,8080.7114,3.116214,-0.0007890854,6791,783.599616612556,795.338530219148,7426.6245,2.7883809,1321.5369,0.9506445,8080.7114,3.116214,0,,,,,783.599616612556,0.0002986993,795.338530219148,0.0003028035,0.07140329,0.05901164
1368.9685331016233,8080.3066,3.116121,-0.00078935496,6792,783.5982723319269,795.337644696056,7426.114,2.788298,1320.8776,0.9507428,8080.3066,3.116121,0,,,,,783.5982723319269,0.0002987895,795.337644696056,0.00030283275,0.07023717,0.058203723
1368.989366158133,8078.276,3.117398,-0.00078962353,6793,783.5974486450963,795.3363644833696,7424.524,2.7894402,1319.8634,0.95156157,8078.276,3.117398,0,,,,,783.5974486450963,0.00029902766,795.3363644833696,0.00030310583,0.068990536,0.05635795
1369.0101992156328,8079.499,3.116185,-0.0007898911,6794,783.595453716499,795.3359123020593,7425.1475,2.7883549,1320.5275,0.9504849,8079.499,3.116185,0,,,,,783.595453716499,0.00029881747,795.3359123020593,0.0003029177,0.067551285,0.05612967
1369.031032274122,8080.911,3.1167545,-0.0007901577,6795,783.5952721408602,795.333926130827,7426.187,2.7888644,1321.2031,0.95095074,8080.911,3.1167545,0,,,,,783.5952721408602,0.00029898755,795.333926130827,0.00030302274,0.06647647,0.053640727
1369.0518653336003,8083.097,3.116899,-0.0007904233,6796,783.5947984660404,795.3363119183066,7428.3096,2.7889938,1320.7909,0.95129544,8083.097,3.116899,0,,,,,783.5947984660404,0.00029881764,795.3363119183066,0.00030286974,0.06543433,0.055568688
1369.0726983939521,8083.1978,3.1162055,-0.00079068803,6797,783.5923831172532,795.3320270079064,7428.6284,2.7883732,1318.1761,0.95076144,8083.1978,3.1162055,0,,,,,783.5923831172532,0.00029869663,795.3320270079064,0.00030304733,0.063356176,0.051352285
1369.0935314552944,8083.1045,3.1158988,-0.0007909518,6798,783.5932385240483,795.3332376983633,7428.199,2.788099,1320.458,0.9503511,8083.1045,3.1158988,0,,,,,783.5932385240483,0.0002986943,795.3332376983633,0.00030295693,0.063423164,0.052496884
1369.1143645174502,8074.544,3.115355,-0.0007912147,6799,783.5914938957138,795.3317894797534,7420.029,2.7876122,1321.7562,0.95051116,8074.544,3.115355,0,,,,,783.5914938957138,0.00029906118,795.3317894797534,0.0003033448,0.061360586,0.04981499
1369.1351975805374,8080.322,3.116301,-0.0007914767,6800,783.5901465273482,795.3304119742986,7425.2266,2.7884586,1320.5344,0.95061725,8080.322,3.116301,0,,,,,783.5901465273482,0.00029906357,795.3304119742986,0.0003032692,0.060574282,0.04843304
1369.1560306444399,8083.209,3.116284,-0.00079173787,6801,783.5892736509543,795.3309623543912,7428.2197,2.7884433,1320.9255,0.9495994,8083.209,3.116284,0,,,,,783.5892736509543,0.0002991309,795.3309623543912,0.00030313784,0.059472244,0.048649125
1369.176863709215,8080.4883,3.1156807,-0.0007919982,6802,783.5888227797032,795.3292914865075,7426.0317,2.7879038,1319.5778,0.9499571,8080.4883,3.1156807,0,,,,,783.5888227797032,0.00029889564,795.3292914865075,0.00030319614,0.058366653,0.047006264
1369.1976967748055,8080.58,3.1154013,-0.00079225766,6803,783.586879234115,795.3287910010357,7425.681,2.7876534,1319.7915,0.9498433,8080.58,3.1154013,0,,,,,783.586879234115,0.0002987775,795.3287910010357,0.00030321575,0.057405952,0.046658278
1369.2185298412112,8081.79,3.1168182,-0.00079251634,6804,783.5862643053456,795.3275720289525,7426.7607,2.7889214,1319.9681,0.95175385,8081.79,3.1168182,0,,,,,783.5862643053456,0.00029884372,795.3275720289525,0.00030337638,0.056040403,0.045118034
1369.2393629083736,8085.461,3.116677,-0.00079277426,6805,783.5863055399955,795.3274575283012,7430.056,2.7887952,1322.04,0.9509183,8085.461,3.116677,0,,,,,783.5863055399955,0.00029884093,795.3274575283012,0.00030323406,0.055782042,0.04509538
1369.2601959763508,8083.9204,3.1164172,-0.00079303136,6806,783.5854939343646,795.3262539516379,7428.7856,2.7885625,1320.6556,0.94954485,8083.9204,3.1164172,0,,,,,783.5854939343646,0.00029893467,795.3262539516379,0.00030343115,0.05430632,0.043260124
1369.2810290450257,8086.2656,3.1177235,-0.00079328776,6807,783.584998322622,795.3257514115516,7430.238,2.7897315,1320.4822,0.95010066,8086.2656,3.1177235,0,,,,,783.584998322622,0.00029888004,795.3257514115516,0.00030354803,0.053790074,0.042957433
1369.3018621144581,8082.132,3.1163971,-0.0007935434,6808,783.5831919110034,795.3249457012878,7427.174,2.7885447,1319.4346,0.94932264,8082.132,3.1163971,0,,,,,783.5831919110034,0.00029899523,795.3249457012878,0.0003034773,0.051748075,0.04182695
1369.322695184589,8082.609,3.1157696,-0.00079379836,6809,783.5830527648803,795.3247891041225,7426.491,2.7879834,1320.2662,0.94967484,8082.609,3.1157696,0,,,,,783.5830527648803,0.00029899433,795.3247891041225,0.00030347754,0.05214867,0.041347396
1369.3435282554178,8078.229,3.114763,-0.0007940526,6810,783.5821449737944,795.3239097702651,7423.675,2.7870827,1319.9323,0.94868475,8078.229,3.114763,0,,,,,783.5821449737944,0.00029919785,795.3239097702651,0.00030355577,0.05081694,0.040318538
1369.3643613270037,8076.3613,3.1145477,-0.0007943061,6811,783.5814754840106,795.3233646857383,7420.63,2.7868898,1319.1582,0.9493701,8076.3613,3.1145477,0,,,,,783.5814754840106,0.00029913316,795.3233646857383,0.00030360842,0.05016534,0.04046627
1369.3851943992302,8078.788,3.1150312,-0.00079455896,6812,783.5805244287777,795.3227163976409,7423.617,2.7873228,1321.1083,0.9496507,8078.788,3.1150312,0,,,,,783.5805244287777,0.00029906692,795.3227163976409,0.00030357495,0.04905846,0.03903902
1369.4060274720969,8081.192,3.115254,-0.0007948112,6813,783.580190235085,795.3227257882158,7425.808,2.7875218,1321.9156,0.949591,8081.192,3.115254,0,,,,,783.580190235085,0.00029898534,795.3227257882158,0.00030346692,0.048264585,0.03887444
1369.426860545603,8081.552,3.1168692,-0.00079506275,6814,783.5799645669483,795.321884586597,7425.5015,2.7889671,1320.0839,0.94981116,8081.552,3.1168692,0,,,,,783.5799645669483,0.00029926814,795.321884586597,0.00030374154,0.048373964,0.037847094
1369.4476936197495,8078.3745,3.1154559,-0.0007953137,6815,783.578563188345,795.3209801109228,7422.998,2.7877026,1319.7417,0.94969624,8078.3745,3.1154559,0,,,,,783.578563188345,0.00029914815,795.3209801109228,0.00030383086,0.04676816,0.03638581
1369.4685266945378,8079.783,3.1148942,-0.000795564,6816,783.5781285608813,795.3217495426532,7423.9746,2.7872,1320.4452,0.9494591,8079.783,3.1148942,0,,,,,783.5781285608813,0.00029897757,795.3217495426532,0.00030365054,0.046269704,0.03745785
1369.4893597699656,8075.554,3.114216,-0.0007958136,6817,783.5768099311618,795.3201685642204,7419.591,2.7865932,1320.8378,0.94965845,8075.554,3.114216,0,,,,,783.5768099311618,0.0002991279,795.3201685642204,0.00030374658,0.04503059,0.035127345
1369.5101928459164,8079.33,3.1150086,-0.00079606276,6818,783.5775498157692,795.3210548051572,7422.8516,2.7873025,1320.983,0.94919634,8079.33,3.1150086,0,,,,,783.5775498157692,0.00029917547,795.3210548051572,0.00030380828,0.045622785,0.03636354
1369.5310259225084,8082.5615,3.116331,-0.00079631124,6819,783.5762238984086,795.3195100531581,7426.1167,2.7884855,1320.7687,0.95043993,8082.5615,3.116331,0,,,,,783.5762238984086,0.0002990312,795.3195100531581,0.00030393404,0.043871425,0.034395088
1369.551858999624,8077.571,3.114281,-0.0007965592,6820,783.5758433120207,795.3197830470783,7421.298,2.786651,1319.6737,0.9491296,8077.571,3.114281,0,,,,,783.5758433120207,0.00029919302,795.3197830470783,0.0003038721,0.043580353,0.035278715
1369.572692077322,8083.048,3.1165147,-0.0007968066,6821,783.575496653028,795.3184105562028,7426.116,2.7886498,1320.4285,0.94992626,8083.048,3.1165147,0,,,,,783.575496653028,0.00029936348,795.3184105562028,0.00030388322,0.04286916,0.03312413
1369.5935251555431,8078.9023,3.115829,-0.00079705345,6822,783.5749751174409,795.3177744644098,7421.6035,2.7880363,1319.5632,0.9493354,8078.9023,3.115829,0,,,,,783.5749751174409,0.0002991369,795.3177744644098,0.00030417572,0.042315718,0.033294696
1369.6143582343461,8083.4126,3.1156642,-0.0007972997,6823,783.5744429907944,795.3180802832202,7427.5967,2.7878888,1320.5225,0.9491208,8083.4126,3.1156642,0,,,,,783.5744429907944,0.00029905184,795.3180802832202,0.00030375455,0.041594315,0.03349974
1369.6351913136746,8078.501,3.113901,-0.0007975455,6824,783.5745012515339,795.3177074051458,7421.8,2.7863111,1320.0577,0.948715,8078.501,3.113901,0,,,,,783.5745012515339,0.0002990905,795.3177074051458,0.00030398206,0.04178076,0.031872638
1369.656024393468,8075.246,3.1137578,-0.00079779077,6825,783.5733488447767,795.3172474644593,7419.224,2.786183,1319.903,0.949384,8075.246,3.1137578,0,,,,,783.5733488447767,0.00029919308,795.3172474644593,0.00030396366,0.040819816,0.03218328
1369.6768574738426,8077.99,3.11451,-0.0007980355,6826,783.5728455746831,795.3163852919236,7421.6567,2.7868562,1321.3961,0.9494217,8077.99,3.11451,0,,,,,783.5728455746831,0.0002991134,795.3163852919236,0.00030400362,0.039726052,0.031025432
1369.6976905546837,8075.659,3.1135557,-0.0007982797,6827,783.5730170975089,795.3178206411532,7420.6616,2.7860024,1320.0533,0.94856197,8075.659,3.1135557,0,,,,,783.5730170975089,0.0002990913,795.3178206411532,0.00030381183,0.039993647,0.032980334
1369.7185236359906,8078.353,3.1143634,-0.0007985235,6828,783.5715937681256,795.3152231604662,7420.94,2.786725,1320.3125,0.94949937,8078.353,3.1143634,0,,,,,783.5715937681256,0.00029921156,795.3152231604662,0.0003041195,0.03878534,0.029548772
1369.739356717763,8082.6636,3.1149778,-0.0007987668,6829,783.5720540875678,795.3158953248535,7426.2256,2.7872746,1319.7711,0.94886506,8082.6636,3.1149778,0,,,,,783.5720540875678,0.0002989869,795.3158953248535,0.00030387548,0.03884958,0.030543922
1369.7601898000003,8075.611,3.1140175,-0.00079900963,6830,783.5716083845703,795.3149224334246,7419.836,2.7864156,1320.0316,0.94873476,8075.611,3.1140175,0,,,,,783.5716083845703,0.00029915638,795.3149224334246,0.00030409623,0.03818411,0.029453216
1369.7810228827616,8080.12,3.1145234,-0.00079925195,6831,783.5703989441532,795.3150529926132,7423.268,2.7868679,1320.9833,0.9488074,8080.12,3.1145234,0,,,,,783.5703989441532,0.00029922053,795.3150529926132,0.00030406972,0.037282348,0.02979113
1369.8018559659317,8075.826,3.1141346,-0.00079949386,6832,783.5706241892356,795.3150599155598,7420.76,2.7865202,1321.2292,0.94971514,8075.826,3.1141346,0,,,,,783.5706241892356,0.0002992607,795.3150599155598,0.00030401754,0.036776815,0.028919488
1369.8226890495084,8074.939,3.11407,-0.00079973537,6833,783.5704160015193,795.3134470879269,7419.047,2.7864623,1321.0709,0.94997096,8074.939,3.11407,0,,,,,783.5704160015193,0.00029916601,795.3134470879269,0.000304102,0.03673811,0.028113145
1369.8435221335503,8077.077,3.1145172,-0.0007999764,6834,783.5694994302793,795.3153278557879,7421.0654,2.7868626,1321.958,0.9490424,8077.077,3.1145172,0,,,,,783.5694994302793,0.0002992674,795.3153278557879,0.00030407438,0.03622284,0.030012967
1369.8643552180579,8081.5923,3.114414,-0.000800217,6835,783.5694028859122,795.3129565224798,7425.05,2.7867703,1320.2211,0.9490788,8081.5923,3.114414,0,,,,,783.5694028859122,0.00029913147,795.3129565224798,0.0003040404,0.03582331,0.026585279
1369.8851883029151,8079.091,3.1151881,-0.0008004572,6836,783.569345852064,795.3136239534011,7422.59,2.7874632,1319.8706,0.949708,8079.091,3.1151881,0,,,,,783.569345852064,0.00029915242,795.3136239534011,0.00030413998,0.035775647,0.027848799
1369.906021388239,8082.0522,3.1145024,-0.00080069696,6837,783.5680746238078,795.3130615161791,7424.083,2.7868495,1320.3391,0.9487615,8082.0522,3.1145024,0,,,,,783.5680746238078,0.00029913153,795.3130615161791,0.00030414437,0.034448575,0.027182957
1369.9268544739114,8076.659,3.1136591,-0.00080093637,6838,783.5684192006994,795.312437856431,7419.3286,2.786095,1320.9822,0.9489265,8076.659,3.1136591,0,,,,,783.5684192006994,0.0002992767,795.312437856431,0.00030427944,0.035132635,0.026224166
1369.9476875600487,8075.983,3.1126556,-0.0008011753,6839,783.5671895123936,795.3132138684866,7412.417,2.7851968,1321.393,0.9490049,8075.983,3.1126556,0,,,,,783.5671895123936,0.000299469,795.3132138684866,0.00030470724,0.0342876,0.026953656
1369.968520646536,8072.1245,3.1133568,-0.0008014139,6840,783.5675031443694,795.3128656300858,7413.275,2.785824,1321.5604,0.94902915,8072.1245,3.1133568,0,,,,,783.5675031443694,0.00029946255,795.3128656300858,0.00030469257,0.033825215,0.026244039
1369.9893537333724,8069.033,3.1133838,-0.00080165215,6841,783.5676060811743,795.3129356855709,7413.405,2.7858484,1321.9568,0.9496776,8069.033,3.1133838,0,,,,,783.5676060811743,0.00029934067,795.3129356855709,0.00030440325,0.03378458,0.02628461
1370.0101868206164,8071.2354,3.11379,-0.00080189,6842,783.5672364784225,795.3115793767727,7414.9185,2.786212,1321.7832,0.9498472,8071.2354,3.11379,0,,,,,783.5672364784225,0.00029939626,795.3115793767727,0.00030443614,0.033295467,0.025672963
1370.0310199082087,8073.1714,3.1142433,-0.00080212747,6843,783.5672527705277,795.3124189367143,7416.979,2.7866175,1321.384,0.95034117,8073.1714,3.1142433,0,,,,,783.5672527705277,0.00029937027,795.3124189367143,0.000304373,0.033068113,0.026296785
1370.0518529961505,8078.102,3.1137495,-0.0008023646,6844,783.566073857145,795.3107180096273,7420.5205,2.7861757,1320.9022,0.94917125,8078.102,3.1137495,0,,,,,783.566073857145,0.00029918246,795.3107180096273,0.00030423203,0.03212194,0.024236543
1370.0726860845011,8075.962,3.114173,-0.00080260134,6845,783.5667563880621,795.3111473228975,7418.607,2.7865546,1321.6572,0.94932103,8075.962,3.114173,0,,,,,783.5667563880621,0.00029937734,795.3111473228975,0.00030427586,0.03233593,0.0249496
1370.0935191731419,8072.958,3.1148589,-0.0008028378,6846,783.5659186601797,795.3111947129238,7416.701,2.7871683,1320.6857,0.94840693,8072.958,3.1148589,0,,,,,783.5659186601797,0.00029965778,795.3111947129238,0.00030469245,0.031663686,0.024514323
1370.1143522621321,8082.2344,3.1144485,-0.00080307387,6847,783.5652312688694,795.3111027181659,7423.702,2.786801,1320.0337,0.9500936,8082.2344,3.1144485,0,,,,,783.5652312688694,0.00029918447,795.3111027181659,0.00030424568,0.031495698,0.024132494
1370.1351853514716,8069.488,3.1128676,-0.0008033096,6848,783.565686219214,795.3104377266448,7412.51,2.7853866,1320.7084,0.94871205,8069.488,3.1128676,0,,,,,783.565686219214,0.00029954067,795.3104377266448,0.00030462653,0.031547498,0.023487348
1370.1560184411596,8073.5957,3.1142719,-0.000803545,6849,783.5652993283637,795.3099901355072,7415.5464,2.786643,1320.9976,0.9492659,8073.5957,3.1142719,0,,,,,783.5652993283637,0.00029945548,795.3099901355072,0.00030470965,0.031419188,0.023184909
1370.1768515311392,8074.491,3.1126626,-0.0008037801,6850,783.5644089662014,795.3098364415401,7414.657,2.785203,1319.4711,0.9484471,8074.491,3.1126626,0,,,,,783.5644089662014,0.00029949384,795.3098364415401,0.00030469688,0.03070362,0.023012286
1370.1976846214682,8068.5215,3.1129835,-0.00080401485,6851,783.5646944043677,795.3104553670555,7410.455,2.7854903,1322.4994,0.9488232,8068.5215,3.1129835,0,,,,,783.5646944043677,0.0002995714,795.3104553670555,0.00030483791,0.030923294,0.02414672
1370.2185177120882,8073.5635,3.1134737,-0.0008042493,6852,783.5649534561649,795.3095367223657,7414.746,2.7859287,1322.3798,0.9492028,8073.5635,3.1134737,0,,,,,783.5649534561649,0.00029941043,795.3095367223657,0.00030479673,0.031080827,0.022593599
1370.2393508030573,8078.212,3.1138582,-0.0008044834,6853,783.5637218155545,795.3098062118381,7418.804,2.786273,1321.1753,0.9488186,8078.212,3.1138582,0,,,,,783.5637218155545,0.0002993366,795.3098062118381,0.00030460712,0.029919725,0.022872927
1370.2601838942587,8080.138,3.1133342,-0.0008047173,6854,783.5640805740466,795.3086351225688,7419.773,2.785804,1320.2572,0.94848657,8080.138,3.1133342,0,,,,,783.5640805740466,0.00029929806,795.3086351225688,0.00030461146,0.02981826,0.02134357
1370.28101698581,8075.877,3.1139848,-0.00080495083,6855,783.5642612973294,795.310795779527,7416.454,2.7863865,1322.0118,0.9497293,8075.877,3.1139848,0,,,,,783.5642612973294,0.0002994439,795.310795779527,0.00030467525,0.029767804,0.023640947
1370.3018500776525,8075.8037,3.1131234,-0.00080518407,6856,783.5638661159101,795.3076685729336,7414.8184,2.7856154,1322.3531,0.94882274,8075.8037,3.1131234,0,,,,,783.5638661159101,0.00029943217,795.3076685729336,0.0003048807,0.029690558,0.020177167
1370.3226831697275,8076.867,3.112939,-0.0008054171,6857,783.5636141788024,795.3097563554384,7416.758,2.7854502,1319.9352,0.9486057,8076.867,3.112939,0,,,,,783.5636141788024,0.00029928333,795.3097563554384,0.00030469225,0.029177273,0.02253226
1370.343516262152,8066.1377,3.111693,-0.00080564973,6858,783.5631054789974,795.3078894834507,7407.1064,2.7843354,1321.3109,0.9488554,8066.1377,3.111693,0,,,,,783.5631054789974,0.00029964838,795.3078894834507,0.00030489027,0.02923471,0.021200005
1370.3643493548086,8082.185,3.1143682,-0.00080588215,6859,783.5623240607382,795.3088337783859,7420.758,2.7867293,1320.9623,0.9495249,8082.185,3.1143682,0,,,,,783.5623240607382,0.00029931322,795.3088337783859,0.00030474635,0.028115636,0.021506723
1370.385182447757,8075.578,3.1134663,-0.0008061143,6860,783.5631427943088,795.3085618617831,7414.6113,2.785922,1322.2637,0.95035076,8075.578,3.1134663,0,,,,,783.5631427943088,0.0002994459,795.3085618617831,0.00030464632,0.029328413,0.02201368
1370.4060155409968,8077.493,3.1132424,-0.0008063461,6861,783.5626592874082,795.3087255197853,7418.086,2.7857218,1321.6918,0.9487574,8077.493,3.1132424,0,,,,,783.5626592874082,0.0002993396,795.3087255197853,0.00030463844,0.027975785,0.021461312
1370.426848634469,8074.947,3.1135545,-0.00080657774,6862,783.5624204260396,795.3074205046356,7415.697,2.786001,1321.7799,0.94953215,8074.947,3.1135545,0,,,,,783.5624204260396,0.0002993648,795.3074205046356,0.00030476382,0.028350893,0.02090466
1370.4476817281738,8078.9585,3.1139634,-0.0008068091,6863,783.5621476786829,795.3082698465519,7418.5986,2.786367,1322.6549,0.94890875,8078.9585,3.1139634,0,,,,,783.5621476786829,0.0002992882,795.3082698465519,0.00030476105,0.027769033,0.020750038
1370.4685148221693,8077.82,3.1129115,-0.0008070402,6864,783.561161996193,795.3084808563666,7417.09,2.785426,1320.7479,0.9483049,8077.82,3.1129115,0,,,,,783.561161996193,0.00029927478,795.3084808563666,0.00030474277,0.02706389,0.021575663
1370.4893479164557,8078.5674,3.1130621,-0.000807271,6865,783.5621045674152,795.3080631722603,7417.993,2.7855606,1320.8735,0.9482865,8078.5674,3.1130621,0,,,,,783.5621045674152,0.0002993725,795.3080631722603,0.00030481216,0.027631806,0.020238562
1370.5101810109181,8082.7793,3.1144571,-0.0008075016,6866,783.561249544978,795.3095135842395,7421.248,2.786809,1320.721,0.94876546,8082.7793,3.1144571,0,,,,,783.561249544978,0.0002994599,795.3095135842395,0.00030472554,0.026735952,0.021877171
1370.5310141056707,8083.533,3.114092,-0.00080773194,6867,783.5613729584032,795.3084811811786,7422.213,2.786482,1321.5891,0.94866014,8083.533,3.114092,0,,,,,783.5613729584032,0.00029928208,795.3084811811786,0.0003047124,0.027050158,0.020985262
1370.5518472006563,8079.086,3.1137605,-0.00080796203,6868,783.5619942257586,795.3067363694514,7417.8257,2.7861855,1322.2339,0.9487897,8079.086,3.1137605,0,,,,,783.5619942257586,0.0002994569,795.3067363694514,0.0003048154,0.02715139,0.02007675
1370.5726802958748,8081.2373,3.1137793,-0.0008081919,6869,783.5609039927267,795.3080781117113,7418.649,2.7862022,1321.1229,0.94833577,8081.2373,3.1137793,0,,,,,783.5609039927267,0.00029928653,795.3080781117113,0.00030492587,0.027210603,0.020919451
1370.5935133913254,8077.6895,3.1137784,-0.0008084215,6870,783.5605320019312,795.3068791638764,7415.554,2.7862015,1324.5728,0.9498323,8077.6895,3.1137784,0,,,,,783.5605320019312,0.00029941383,795.3068791638764,0.00030490867,0.02570459,0.019103687
1370.6143464870092,8079.0923,3.113936,-0.0008086509,6871,783.5617322927276,795.3068535964715,7417.675,2.7863426,1322.1569,0.94902444,8079.0923,3.113936,0,,,,,783.5617322927276,0.000299419,795.3068535964715,0.00030488742,0.02732851,0.019906167
1370.6351795829262,8079.678,3.113637,-0.0008088801,6872,783.5593868440936,795.3060749468794,7418.4497,2.7860749,1321.9631,0.948957,8079.678,3.113637,0,,,,,783.5593868440936,0.00029942,795.3060749468794,0.00030485645,0.025075445,0.018968215
1370.7185119687465,8083.0957,3.11425,-0.0008097946,6876,783.5593608123582,795.3075227308199,7419.1763,2.7866235,1322.099,0.9505772,8083.0957,3.11425,0,,,,,783.5593608123582,0.0002994753,795.3075227308199,0.0003049386,0.025435535,0.020037588
1370.7393450657112,8084.9614,3.113368,-0.0008100227,6877,783.5592379110211,795.3058765941885,7418.5527,2.7858343,1322.1139,0.9488401,8084.9614,3.113368,0,,,,,783.5592379110211,0.00029940475,795.3058765941885,0.0003051476,0.02509118,0.018233176
1370.7601781629087,8083.888,3.1141846,-0.0008102506,6878,783.5595075070628,795.3081266979112,7419.224,2.786565,1324.8228,0.94931424,8083.888,3.1141846,0,,,,,783.5595075070628,0.0002994431,795.3081266979112,0.00030504505,0.024742853,0.020924
1370.7810112602815,8087.089,3.1139052,-0.0008104783,6879,783.55998718998,795.3070768381051,7422.183,2.7863147,1322.3604,0.9486146,8087.089,3.1139052,0,,,,,783.55998718998,0.0002992917,795.3070768381051,0.00030485264,0.025194122,0.019332932
1370.8018443578862,8085.5205,3.1140456,-0.00081070577,6880,783.5602942015341,795.3056271528229,7420.399,2.7864406,1323.176,0.9494491,8085.5205,3.1140456,0,,,,,783.5602942015341,0.00029925836,795.3056271528229,0.00030500427,0.025440192,0.018121544
1370.8226774556658,8087.478,3.1139028,-0.00081093307,6881,783.5584571717,795.3064012298,7422.3823,2.7863126,1322.5864,0.94867855,8087.478,3.1139028,0,,,,,783.5584571717,0.00029946634,795.3064012298,0.00030499755,0.024010696,0.018112045
1370.8435105536782,8084.0693,3.1134996,-0.00081116013,6882,783.5594952987657,795.3048629944868,7418.6533,2.785952,1322.0165,0.9492486,8084.0693,3.1134996,0,,,,,783.5594952987657,0.00029934538,795.3048629944868,0.00030508012,0.025264036,0.017466657
1370.8643436518646,8083.782,3.1134064,-0.000811387,6883,783.5591231795589,795.3070867054195,7418.4033,2.7858686,1322.7897,0.94872683,8083.782,3.1134064,0,,,,,783.5591231795589,0.0002994714,795.3070867054195,0.00030510238,0.025033047,0.019398171
1370.885176750226,8087.8633,3.114078,-0.00081161375,6884,783.5583088152151,795.3045651601514,7422.1094,2.7864697,1322.9048,0.9487278,8087.8633,3.114078,0,,,,,783.5583088152151,0.0002993546,795.3045651601514,0.00030501676,0.023498643,0.017009934
1370.9060098487623,8084.054,3.1135972,-0.0008118403,6885,783.5592091851519,795.3065252179113,7418.2217,2.7860394,1322.3153,0.94949555,8084.054,3.1135972,0,,,,,783.5592091851519,0.00029939166,795.3065252179113,0.00030521062,0.024522483,0.018252475
1370.9268429474732,8086.5493,3.114578,-0.00081206666,6886,783.5585528581372,795.3037038855032,7420.924,2.786917,1323.1068,0.94967765,8086.5493,3.114578,0,,,,,783.5585528581372,0.00029956733,795.3037038855032,0.0003051959,0.023195788,0.015120446
1370.9476760464177,8091.9526,3.1150844,-0.0008122928,6887,783.5587401191949,795.3063219430646,7424.707,2.7873702,1321.6128,0.94904745,8091.9526,3.1150844,0,,,,,783.5587401191949,0.00029966125,795.3063219430646,0.000305188,0.024340503,0.01927348
1370.9685091454776,8083.8096,3.1134756,-0.0008125188,6888,783.5580120459308,795.3052482584999,7417.0996,2.7859306,1322.5907,0.94920725,8083.8096,3.1134756,0,,,,,783.5580120459308,0.00029957003,795.3052482584999,0.00030524156,0.022913102,0.017664539
1370.98934224477,8079.412,3.1133327,-0.0008127446,6889,783.5592091541896,795.3052342937136,7411.9424,2.7858028,1322.1497,0.9491782,8079.412,3.1133327,0,,,,,783.5592091541896,0.0002998793,795.3052342937136,0.00030560387,0.024826087,0.01744981
1371.010175344179,8083.705,3.114081,-0.0008129703,6890,783.5587203288297,795.3063389296947,7416.036,2.786472,1323.056,0.9493811,8083.705,3.114081,0,,,,,783.5587203288297,0.0002997117,795.3063389296947,0.00030540407,0.023842858,0.018666442
1371.0310084438213,8081.9814,3.1139917,-0.0008131957,6891,783.556797641797,795.3024555371699,7414.274,2.7863925,1323.277,0.94990486,8081.9814,3.1139917,0,,,,,783.556797641797,0.00029985528,795.3024555371699,0.00030559133,0.022411019,0.014616406
1371.05184154358,8088.6694,3.112716,-0.00081342104,6892,783.5581117567799,795.3060755270211,7416.5083,2.7852507,1320.8372,0.94856006,8088.6694,3.112716,0,,,,,783.5581117567799,0.0002995664,795.3060755270211,0.00030560725,0.023129854,0.017778955
1371.072674643513,8081.096,3.1121562,-0.0008136462,6893,783.5558991286072,795.3033233373125,7410.2183,2.78475,1322.5681,0.94873565,8081.096,3.1121562,0,,,,,783.5558991286072,0.00029993514,795.3033233373125,0.0003057463,0.020571042,0.0150741385
1371.0935077436209,8082.4136,3.1132965,-0.00081387116,6894,783.5584553878303,795.3044866847758,7416.2334,2.7857704,1322.0637,0.9487835,8082.4136,3.1132965,0,,,,,783.5584553878303,0.00029976387,795.3044866847758,0.0003053248,0.024154743,0.016471537
1371.156007044875,8082.516,3.1150029,-0.00081454514,6897,783.557670134058,795.3041522124294,7426.565,2.7872972,1322.8257,0.94945675,8082.516,3.1150029,0,,,,,783.557670134058,0.00029913796,795.3041522124294,0.00030425808,0.021917837,0.01715252
1371.1768401456231,8078.0996,3.1139164,-0.0008147695,6898,783.5573706654216,795.3037389792074,7422.135,2.7863252,1320.4297,0.9487272,8078.0996,3.1139164,0,,,,,783.5573706654216,0.0002991437,795.3037389792074,0.00030431707,0.021549076,0.0163412
1371.1976732464877,8082.58,3.1150773,-0.0008149937,6899,783.5581699372871,795.3049063475149,7426.215,2.7873638,1321.418,0.9501654,8082.58,3.1150773,0,,,,,783.5581699372871,0.0002991568,795.3049063475149,0.00030430887,0.022297803,0.01726061
1371.2185063475276,8078.3228,3.1146183,-0.00081521773,6900,783.5567971089976,795.3031330195067,7422.7266,2.786953,1321.7233,0.94968265,8078.3228,3.1146183,0,,,,,783.5567971089976,0.00029926002,795.3031330195067,0.0003043914,0.021322764,0.015716605
1371.2393394487412,8082.592,3.1155245,-0.0008154416,6901,783.5579196583518,795.3050871713631,7426.47,2.7877638,1321.5753,0.949544,8082.592,3.1155245,0,,,,,783.5579196583518,0.0002991493,795.3050871713631,0.00030433488,0.021950776,0.01763567
1371.2601725500715,8078.258,3.115141,-0.00081566535,6902,783.5564868988308,795.3026608568358,7422.558,2.7874205,1320.6747,0.9487484,8078.258,3.115141,0,,,,,783.5564868988308,0.0002992804,795.3026608568358,0.00030458943,0.02116916,0.015150869
1371.2810056515189,8082.7456,3.1144977,-0.000815889,6903,783.5575670740131,795.3044521542303,7425.9253,2.786845,1320.9523,0.94869894,8082.7456,3.1144977,0,,,,,783.5575670740131,0.00029911537,795.3044521542303,0.0003042298,0.02129516,0.017163116
1371.3018387531392,8087.195,3.1147487,-0.00081611244,6904,783.5579598538766,795.3036546455511,7430.2446,2.7870698,1320.9985,0.9485108,8087.195,3.1147487,0,,,,,783.5579598538766,0.0002989071,795.3036546455511,0.00030411518,0.021577135,0.015821826
1371.3226718549345,8079.4355,3.1151512,-0.0008163357,6905,783.5580923549738,795.3036417863127,7423.1025,2.7874298,1322.0679,0.9489531,8079.4355,3.1151512,0,,,,,783.5580923549738,0.00029926896,795.3036417863127,0.00030460587,0.0216204,0.016641127
1371.3435049567886,8082.9644,3.114735,-0.00081655895,6906,783.5569921104508,795.3032022317632,7425.8887,2.7870574,1321.578,0.9485502,8082.9644,3.114735,0,,,,,783.5569921104508,0.0002992156,795.3032022317632,0.00030443148,0.020859929,0.015884371
1371.3643380588755,8080.5723,3.1136625,-0.00081678195,6907,783.5567104604027,795.304156842011,7423.855,2.786098,1321.1046,0.9483287,8080.5723,3.1136625,0,,,,,783.5567104604027,0.0002990931,795.304156842011,0.00030431416,0.021174317,0.016340641
1371.3851711610212,8076.135,3.1136694,-0.0008170049,6908,783.5576048589949,795.3035912242423,7420.249,2.786104,1321.4724,0.9485301,8076.135,3.1136694,0,,,,,783.5576048589949,0.00029925295,795.3035912242423,0.0003044055,0.021292876,0.015782926
1371.406004263341,8082.1743,3.114175,-0.00081722764,6909,783.5565065086847,795.3026930750257,7425.1885,2.7865565,1322.3535,0.94907033,8082.1743,3.114175,0,,,,,783.5565065086847,0.00029909844,795.3026930750257,0.00030423573,0.02042961,0.01525221
1371.4268373657187,8078.238,3.1137044,-0.00081745035,6910,783.5569024757528,795.3039991827893,7422.0405,2.7861352,1320.5409,0.94817567,8078.238,3.1137044,0,,,,,783.5569024757528,0.00029920114,795.3039991827893,0.0003043433,0.02088383,0.016397342
1371.4476704683302,8082.5034,3.1143732,-0.0008176728,6911,783.5560508515425,795.3018001655778,7425.604,2.7867339,1323.0231,0.94895893,8082.5034,3.1143732,0,,,,,783.5560508515425,0.00029898313,795.3018001655778,0.00030429082,0.020344343,0.014173289
1371.4685035709992,8075.926,3.1142316,-0.0008178952,6912,783.5571758734026,795.3046606948271,7419.979,2.7866068,1320.8191,0.94817424,8075.926,3.1142316,0,,,,,783.5571758734026,0.00029934247,795.3046606948271,0.00030461056,0.021018459,0.017365701
1371.489336673784,8075.6235,3.1155477,-0.0008181175,6913,783.5563490635058,795.3016908376494,7419.2046,2.7877848,1322.9375,0.9500193,8075.6235,3.1155477,0,,,,,783.5563490635058,0.0002993386,795.3016908376494,0.0003047876,0.020158568,0.0140502835
1371.5101697767432,8072.7554,3.1132,-0.00081833964,6914,783.5563551396036,795.302473133928,7416.8765,2.7856836,1322.1241,0.94850475,8072.7554,3.1132,0,,,,,783.5563551396036,0.00029941942,795.302473133928,0.0003046168,0.020563617,0.0148605015
1371.5310028798197,8077.926,3.1137729,-0.00081856165,6915,783.5571427571195,795.3033616028566,7421.062,2.7861965,1322.1603,0.94836646,8077.926,3.1137729,0,,,,,783.5571427571195,0.0002992568,795.3033616028566,0.00030444466,0.020719428,0.015715167
1371.5518359830132,8076.96,3.1140883,-0.00081878353,6916,783.5565304251327,795.3024315100986,7420.1143,2.7864788,1321.0212,0.94921905,8076.96,3.1140883,0,,,,,783.5565304251327,0.000299254,795.3024315100986,0.00030448294,0.02040652,0.014657928
1371.5726690862643,8078.0483,3.1153338,-0.00081900536,6917,783.5562542579224,795.3023929301593,7421.579,2.7875931,1321.9104,0.9490018,8078.0483,3.1153338,0,,,,,783.5562542579224,0.00029954853,795.3023929301593,0.0003045263,0.019994857,0.015094182
1371.5935021896898,8078.849,3.1134615,-0.000819227,6918,783.5563366435013,795.3023400417972,7421.8184,2.7859178,1320.5691,0.9482209,8078.849,3.1134615,0,,,,,783.5563366435013,0.00029919832,795.3023400417972,0.00030435377,0.019958584,0.014434575
1371.614335293232,8079.3267,3.114092,-0.00081944856,6919,783.5562197173606,795.3036279119325,7422.298,2.7864823,1321.3855,0.9484394,8079.3267,3.114092,0,,,,,783.5562197173606,0.00029931546,795.3036279119325,0.0003044548,0.020619186,0.01625543
1371.6351683968905,8079.598,3.1141896,-0.00081967,6920,783.5557441314648,795.3017755191089,7422.4907,2.7865696,1320.3851,0.9500709,8079.598,3.1141896,0,,,,,783.5557441314648,0.0002992627,795.3017755191089,0.00030445805,0.01929301,0.013887505
1371.656001500666,8079.8896,3.1143215,-0.0008198913,6921,783.5556619747116,795.3020783868641,7422.614,2.7866876,1321.1947,0.94919926,8079.8896,3.1143215,0,,,,,783.5556619747116,0.00029925,795.3020783868641,0.0003043962,0.020057939,0.015001096
1371.6768346044992,8074.529,3.1138961,-0.00082011253,6922,783.5557567243562,795.3015674018944,7418.7515,2.7863069,1321.0149,0.94853425,8074.529,3.1138961,0,,,,,783.5557567243562,0.000299293,795.3015674018944,0.0003046043,0.0196212,0.014270014
1371.697667708507,8076.4956,3.1141284,-0.0008203336,6923,783.5559495959208,795.3021145548047,7420.037,2.7865148,1322.0614,0.9484943,8076.4956,3.1141284,0,,,,,783.5559495959208,0.0002995759,795.3021145548047,0.00030455345,0.019776791,0.014827828
1371.7185008126312,8075.7393,3.1137533,-0.00082055456,6924,783.5557847150567,795.3023036968306,7419.054,2.7861793,1320.9333,0.9495925,8075.7393,3.1137533,0,,,,,783.5557847150567,0.00029933942,795.3023036968306,0.0003045379,0.019725641,0.014568652
1371.7393339168127,8077.9478,3.1135428,-0.00082077546,6925,783.5552736964083,795.3022568367854,7420.155,2.7859907,1321.0876,0.9493375,8077.9478,3.1135428,0,,,,,783.5552736964083,0.0002992742,795.3022568367854,0.0003044323,0.019405378,0.014846127
1371.7601670211116,8075.5386,3.1135533,-0.00082099624,6926,783.5553326181993,795.302140248601,7418.468,2.786,1322.4845,0.9493787,8075.5386,3.1135533,0,,,,,783.5553326181993,0.00029936654,795.302140248601,0.00030452697,0.019205071,0.014350914
1371.7810001255266,8079.8906,3.1138973,-0.0008212169,6927,783.5552797287121,795.3010127923932,7421.854,2.7863078,1321.7008,0.94885314,8079.8906,3.1138973,0,,,,,783.5552797287121,0.0002992151,795.3010127923932,0.00030448646,0.018546078,0.013255047
1371.8018332300583,8074.9824,3.1134636,-0.00082143745,6928,783.556265749742,795.3039589405774,7418.072,2.7859197,1322.1034,0.94943345,8074.9824,3.1134636,0,,,,,783.556265749742,0.0002993545,795.3039589405774,0.00030447356,0.020080652,0.016479963
1371.8226663346488,8084.428,3.1142583,-0.00082165794,6929,783.5555474501248,795.3009949543172,7426.1646,2.7866309,1320.8744,0.9489368,8084.428,3.1142583,0,,,,,783.5555474501248,0.00029907346,795.3009949543172,0.0003042718,0.018756863,0.011918171
1371.8434994393551,8085.3726,3.1144717,-0.0008218783,6930,783.5555058266397,795.3023225995763,7427.238,2.7868218,1320.7406,0.948424,8085.3726,3.1144717,0,,,,,783.5555058266397,0.0002991073,795.3023225995763,0.0003042616,0.019103587,0.015176493
1371.8643325441776,8079.5547,3.1136198,-0.0008220986,6931,783.5547968978492,795.3012109061295,7421.7437,2.7860596,1321.3265,0.9483495,8079.5547,3.1136198,0,,,,,783.5547968978492,0.00029927623,795.3012109061295,0.00030445016,0.018757293,0.012965502
1371.8851656491174,8079.8765,3.1142402,-0.0008223187,6932,783.5552396467342,795.3020632711724,7422.1597,2.7866144,1323.0131,0.9492197,8079.8765,3.1142402,0,,,,,783.5552396467342,0.0002993069,795.3020632711724,0.00030446978,0.019199625,0.014049846
1371.9059987541148,8079.973,3.1139588,-0.0008225388,6933,783.5551668525553,795.3012434032279,7422.233,2.7863631,1322.0771,0.948303,8079.973,3.1139588,0,,,,,783.5551668525553,0.00029920493,795.3012434032279,0.00030439332,0.018297013,0.013426077
1371.9268318592285,8077.3164,3.1147306,-0.00082275877,6934,783.5550046044262,795.3020548233994,7419.7915,2.7870536,1322.4703,0.9500956,8077.3164,3.1147306,0,,,,,783.5550046044262,0.00029955697,795.3020548233994,0.00030463398,0.019345865,0.014154009
1371.9476649644002,8080.1978,3.1147518,-0.0008229787,6935,783.5548642366209,795.3010567324476,7422.9453,2.7870724,1324.4036,0.9494073,8080.1978,3.1147518,0,,,,,783.5548642366209,0.00029929916,795.3010567324476,0.0003044733,0.018786697,0.01324854
1371.9684980697468,8082.6606,3.11446,-0.0008231984,6936,783.5549717477459,795.3018157362454,7424.998,2.7868114,1322.972,0.94874245,8082.6606,3.11446,0,,,,,783.5549717477459,0.0002992,795.3018157362454,0.00030427493,0.018519334,0.013439858
1371.9893311750934,8076.909,3.1139367,-0.00082341814,6937,783.5551356943747,795.301763160352,7419.961,2.786343,1323.7684,0.94905883,8076.909,3.1139367,0,,,,,783.5551356943747,0.00029931622,795.301763160352,0.0003044958,0.018650254,0.013894927
1372.010164280614,8077.791,3.1147003,-0.0008236377,6938,783.5540443553311,795.2999943724029,7419.484,2.7870264,1323.2864,0.9492347,8077.791,3.1147003,0,,,,,783.5540443553311,0.0002993615,795.2999943724029,0.00030470695,0.018013243,0.012538791
1372.0309973861931,8086.5874,3.1152642,-0.0008238572,6939,783.5553087689289,795.3030971898291,7427.7026,2.7875311,1321.9705,0.9493206,8086.5874,3.1152642,0,,,,,783.5553087689289,0.00029920536,795.3030971898291,0.00030438649,0.01936448,0.015203707
1372.0518304918307,8078.976,3.1144876,-0.00082407665,6940,783.5544223202508,795.3002830860044,7420.958,2.7868364,1324.4789,0.94927317,8078.976,3.1144876,0,,,,,783.5544223202508,0.00029932283,795.3002830860044,0.0003046062,0.01797965,0.011443859
1372.0726635975848,8082.675,3.116296,-0.000824296,6941,783.5549364470609,795.3013407246791,7424.15,2.7884543,1324.5754,0.9507687,8082.675,3.116296,0,,,,,783.5549364470609,0.00029927838,795.3013407246791,0.00030462982,0.01873728,0.013871576
1372.0934967033975,8083.402,3.1147866,-0.00082451524,6942,783.5546398971863,795.3007923882782,7424.9565,2.7871037,1322.9847,0.95000345,8083.402,3.1147866,0,,,,,783.5546398971863,0.0002991895,795.3007923882782,0.00030446707,0.018068388,0.012429437
1372.1143298093261,8075.607,3.11467,-0.0008247344,6943,783.5548811032689,795.3013152982676,7417.3164,2.7869992,1326.5488,0.95032233,8075.607,3.11467,0,,,,,783.5548811032689,0.00029954762,795.3013152982676,0.0003048056,0.018561216,0.013437645
1372.1351629153128,8075.7505,3.115178,-0.0008249535,6944,783.5543061104622,795.3002856461545,7418.097,2.7874541,1323.8464,0.94965255,8075.7505,3.115178,0,,,,,783.5543061104622,0.00029990711,795.3002856461545,0.00030481842,0.017584946,0.011822261
1372.1559960214167,8081.653,3.1147487,-0.00082517246,6945,783.5548425845727,795.301148520955,7423.0703,2.7870698,1324.1166,0.9493755,8081.653,3.1147487,0,,,,,783.5548425845727,0.00029937408,795.301148520955,0.00030453195,0.018679434,0.013100239
1372.1768291275782,8079.043,3.1160893,-0.0008253914,6946,783.5546394377186,795.3008449678814,7420.71,2.7882693,1327.4214,0.9503723,8079.043,3.1160893,0,,,,,783.5546394377186,0.00029973008,795.3008449678814,0.00030487988,0.018442292,0.013347167
1372.1976622338561,8079.764,3.1150444,-0.0008256102,6947,783.5548007672435,795.2992098726877,7420.394,2.7873342,1326.4366,0.9500275,8079.764,3.1150444,0,,,,,783.5548007672435,0.00029945566,795.2992098726877,0.00030490814,0.017898602,0.010890394
1372.218495340192,8082.7397,3.1154437,-0.00082582893,6948,783.5549731860582,795.3017118089298,7423.315,2.7876916,1327.3403,0.9499479,8082.7397,3.1154437,0,,,,,783.5549731860582,0.00029932367,795.3017118089298,0.00030454202,0.01851698,0.014127715
1372.2393284465863,8080.447,3.1153424,-0.0008260476,6949,783.5536295180854,795.2987888894176,7420.495,2.7876008,1328.4133,0.9503996,8080.447,3.1153424,0,,,,,783.5536295180854,0.00029947422,795.2987888894176,0.0003048769,0.017647704,0.010118942
1372.2601615530396,8081.0713,3.1157708,-0.00082626624,6950,783.5546031010026,795.3016448795561,7423.011,2.7879844,1327.5979,0.95041484,8081.0713,3.1157708,0,,,,,783.5546031010026,0.0002993517,795.3016448795561,0.00030468858,0.018562034,0.01369621
1372.2809946596085,8083.8926,3.1160061,-0.00082648476,6951,783.553717352157,795.2996649902692,7424.2207,2.7881947,1328.5562,0.9506037,8083.8926,3.1160061,0,,,,,783.553717352157,0.00029941654,795.2996649902692,0.00030485156,0.017618082,0.010611422
1372.3018277662936,8081.9277,3.1153994,-0.00082670315,6952,783.5544491648475,795.3013086682113,7422.3936,2.787652,1327.2865,0.95027035,8081.9277,3.1153994,0,,,,,783.5544491648475,0.00029939404,795.3013086682113,0.00030471562,0.018014438,0.012519737
1372.3226608729797,8080.221,3.1163917,-0.00082692155,6953,783.5538320625327,795.2994754259302,7420.23,2.7885396,1330.0596,0.950779,8080.221,3.1163917,0,,,,,783.5538320625327,0.00029976154,795.2994754259302,0.0003051318,0.01792437,0.010835044
1372.3434939797814,8080.465,3.1160235,-0.0008271398,6954,783.5538487489409,795.3002022235473,7420.8066,2.7882104,1330.7524,0.95104986,8080.465,3.1160235,0,,,,,783.5538487489409,0.00029947804,795.3002022235473,0.00030492898,0.017919742,0.0123451585
1372.3643270866414,8078.329,3.1150436,-0.00082735805,6955,783.5540167883636,795.3005922997047,7419.42,2.7873337,1328.8489,0.9504011,8078.329,3.1150436,0,,,,,783.5540167883636,0.00029941482,795.3005922997047,0.00030492892,0.01753541,0.012138143
1372.3851601935594,8079.3413,3.1162832,-0.0008275762,6956,783.5543273826282,795.2996111356604,7419.7925,2.7884429,1328.4523,0.9510375,8079.3413,3.1162832,0,,,,,783.5543273826282,0.00029946453,795.2996111356604,0.0003050821,0.01755597,0.0110714855
1372.4059933005933,8082.784,3.1160464,-0.00082779425,6957,783.5548783324958,795.3019399373137,7421.8843,2.788231,1329.5883,0.9517244,8082.784,3.1160464,0,,,,,783.5548783324958,0.0002995378,795.3019399373137,0.00030484205,0.0184836,0.013862463
1372.4268264076277,8081.9614,3.1149538,-0.0008280123,6958,783.5532664954657,795.2977014387632,7415.754,2.7872534,1330.164,0.9507036,8081.9614,3.1149538,0,,,,,783.5532664954657,0.00029978398,795.2977014387632,0.0003054494,0.017118102,0.008725157
1372.4476595147787,8078.66,3.1149805,-0.00082823023,6959,783.5543022038908,795.3018278267374,7418.16,2.7872772,1327.9299,0.95011395,8078.66,3.1149805,0,,,,,783.5543022038908,0.00029946183,795.3018278267374,0.0003049973,0.017646533,0.013905399
1372.468492621988,8089.29,3.1164496,-0.0008284481,6960,783.5536054842919,795.2987158200623,7424.349,2.7885916,1327.8671,0.9507383,8089.29,3.1164496,0,,,,,783.5536054842919,0.00029943854,795.2987158200623,0.00030519266,0.017679598,0.010044433
1372.4893257293134,8075.19,3.1138182,-0.00082866586,6961,783.5533508715944,795.3007589071888,7409.025,2.786237,1329.2034,0.9504794,8075.19,3.1138182,0,,,,,783.5533508715944,0.0002997418,795.3007589071888,0.00030548632,0.017520247,0.012350135
1372.510158836639,8083.4287,3.1154954,-0.0008288836,6962,783.553496586469,795.3001497497886,7422.8506,2.7877378,1328.0472,0.9499439,8083.4287,3.1154954,0,,,,,783.553496586469,0.00029941523,795.3001497497886,0.00030487042,0.017514758,0.0115059195
1372.5309919440817,8076.24,3.114445,-0.00082910125,6963,783.5537235520635,795.2989360621245,7416.4,2.786798,1327.9122,0.9499711,8076.24,3.114445,0,,,,,783.5537235520635,0.00029954422,795.2989360621245,0.00030502782,0.017375981,0.010211436
1372.5518250515238,8078.466,3.1140397,-0.0008293189,6964,783.5531254795662,795.3002796235534,7417.2573,2.7864351,1326.1794,0.9497466,8078.466,3.1140397,0,,,,,783.5531254795662,0.00029948397,795.3002796235534,0.00030509479,0.017133499,0.01123318
1372.572658159082,8077.0757,3.1146123,-0.0008295364,6965,783.5527050825987,795.2997390600692,7416.089,2.7869477,1326.5637,0.9499228,8077.0757,3.1146123,0,,,,,783.5527050825987,0.0002996091,795.2997390600692,0.00030506996,0.016529543,0.0113447765
1372.5934912666994,8078.89,3.1154594,-0.0008297539,6966,783.554181664194,795.3007837580997,7418.766,2.7877057,1327.6688,0.9505366,8078.89,3.1154594,0,,,,,783.554181664194,0.0002995745,795.3007837580997,0.000305061,0.018276082,0.011916054
1372.6143243743743,8083.006,3.115272,-0.0008299713,6967,783.5534280417495,795.2993360068153,7421.385,2.7875378,1326.2994,0.95019084,8083.006,3.115272,0,,,,,783.5534280417495,0.00029941768,795.2993360068153,0.00030484234,0.01700604,0.010549472
1372.6351574821074,8079.0728,3.115967,-0.0008301886,6968,783.5534128636801,795.3002964828574,7417.301,2.7881598,1328.4552,0.95204747,8079.0728,3.115967,0,,,,,783.5534128636801,0.00029977475,795.3002964828574,0.0003052714,0.017539838,0.010892598
1372.6559905898985,8075.933,3.1146696,-0.0008304059,6969,783.5535732422468,795.2996257844311,7415.6094,2.7869987,1326.7224,0.9506575,8075.933,3.1146696,0,,,,,783.5535732422468,0.0002995494,795.2996257844311,0.0003051653,0.016932312,0.011606367
1372.676823697748,8083.0156,3.115051,-0.00083062315,6970,783.5532360584103,795.2997233331384,7421.8315,2.7873404,1327.0674,0.9498771,8083.0156,3.115051,0,,,,,783.5532360584103,0.00029933458,795.2997233331384,0.00030494566,0.017376753,0.01096925
1372.6976568056564,8079.353,3.115306,-0.0008308403,6971,783.5536872781443,795.2987327056408,7417.2705,2.7875683,1328.6509,0.9519186,8079.353,3.115306,0,,,,,783.5536872781443,0.0002994839,795.2987327056408,0.00030523958,0.016945438,0.009544318
1372.7184899136223,8078.916,3.1147234,-0.00083105743,6972,783.5535408852187,795.2998200795738,7416.779,2.787047,1327.397,0.94995767,8078.916,3.1147234,0,,,,,783.5535408852187,0.0002996683,795.2998200795738,0.00030526172,0.01698227,0.01094142
1372.7393230216462,8084.0796,3.116866,-0.0008312745,6973,783.5528704395343,795.29969327439,7422.574,2.7889645,1327.4841,0.9515579,8084.0796,3.116866,0,,,,,783.5528704395343,0.0002995471,795.29969327439,0.0003050895,0.017008808,0.01179057
1372.7601561297292,8083.7324,3.115371,-0.0008314915,6974,783.5532102138661,795.2981627575656,7422.284,2.7876267,1326.8297,0.9500175,8083.7324,3.115371,0,,,,,783.5532102138661,0.0002994264,795.2981627575656,0.00030505774,0.016785529,0.009461366
1372.7809892378698,8077.9536,3.116059,-0.0008317084,6975,783.5535196029681,795.2998414056342,7416.8296,2.7882423,1326.9669,0.9523769,8077.9536,3.116059,0,,,,,783.5535196029681,0.000299813,795.2998414056342,0.00030524618,0.017355844,0.011019285
1372.8018223460685,8077.0796,3.114883,-0.0008319253,6976,783.5529350490208,795.2981960725772,7414.83,2.7871897,1327.6792,0.9517093,8077.0796,3.114883,0,,,,,783.5529350490208,0.00029962498,795.2981960725772,0.00030535104,0.017056506,0.009164552
1372.8226554543253,8080.4663,3.1157472,-0.00083214213,6977,783.5527978080124,795.3001749141916,7418.461,2.7879632,1326.5168,0.9506086,8080.4663,3.1157472,0,,,,,783.5527978080124,0.0002995342,795.3001749141916,0.00030519202,0.016400404,0.012092172
1372.8434885625823,8082.495,3.1147454,-0.00083235896,6978,783.5530034521832,795.2983859974728,7419.6724,2.7870667,1327.3617,0.9499936,8082.495,3.1147454,0,,,,,783.5530034521832,0.0002993925,795.2983859974728,0.00030516562,0.01679348,0.008834137
1372.864321670956,8077.489,3.1155002,-0.00083257566,6979,783.5523592603112,795.2980531589808,7416.5312,2.7877421,1328.3412,0.95088106,8077.489,3.1155002,0,,,,,783.5523592603112,0.0002997199,795.2980531589808,0.00030526074,0.016670756,0.009585074
1372.8851547793877,8079.208,3.116129,-0.0008327923,6980,783.5534544864768,795.3003215549109,7417.3037,2.7883048,1329.1891,0.9523803,8079.208,3.116129,0,,,,,783.5534544864768,0.00029958138,795.3003215549109,0.00030529784,0.017156404,0.011306098
1372.9059878878193,8075.381,3.1157632,-0.00083300896,6981,783.5528762830302,795.2983888264027,7413.384,2.7879775,1329.7213,0.95120054,8075.381,3.1157632,0,,,,,783.5528762830302,0.00029985412,795.2983888264027,0.00030558766,0.01626353,0.009225931
1372.9268209963088,8075.3096,3.115231,-0.00083322555,6982,783.5534683567596,795.2984950556796,7414.2646,2.7875013,1330.2494,0.952026,8075.3096,3.115231,0,,,,,783.5534683567596,0.00029964306,795.2984950556796,0.00030519534,0.016954172,0.010197184
1372.947654104915,8073.173,3.1149428,-0.000833442,6983,783.5526344126374,795.2987765185022,7411.3164,2.7872436,1332.6445,0.9511254,8073.173,3.1149428,0,,,,,783.5526344126374,0.00029986975,795.2987765185022,0.00030550058,0.015992504,0.010045486
1372.968487213522,8075.805,3.115082,-0.0008336585,6984,783.5525228770875,795.2997144582439,7414.452,2.7873678,1330.3732,0.9516196,8075.805,3.115082,0,,,,,783.5525228770875,0.00029960158,795.2997144582439,0.0003051222,0.016573958,0.010862182
1372.9893203221282,8073.85,3.1143606,-0.000833875,6985,783.5524043599319,795.298150305712,7411.6646,2.7867227,1330.0232,0.95098513,8073.85,3.1143606,0,,,,,783.5524043599319,0.00029962094,795.298150305712,0.00030548743,0.016527522,0.008904609
1373.0101534308506,8077.725,3.1160252,-0.00083409133,6986,783.5520870504192,795.2993815667766,7415.374,2.788212,1329.5646,0.95090914,8077.725,3.1160252,0,,,,,783.5520870504192,0.00030001637,795.2993815667766,0.00030552738,0.016126266,0.010988403
1373.030986539632,8076.26,3.1159499,-0.00083430763,6987,783.5527497853864,795.2974880956315,7414.7666,2.7881446,1328.3331,0.95067644,8076.26,3.1159499,0,,,,,783.5527497853864,0.00029998444,795.2974880956315,0.00030548274,0.01661528,0.0084348535
1373.051819648413,8069.998,3.1140425,-0.00083452393,6988,783.5527658639461,795.2979696307463,7407.134,2.7864377,1329.0752,0.9509834,8069.998,3.1140425,0,,,,,783.5527658639461,0.00030004221,795.2979696307463,0.00030571086,0.016328644,0.008817939
1373.072652757252,8075.957,3.1149118,-0.0008347402,6989,783.5527715129974,795.2980422640605,7415.0513,2.7872157,1328.0215,0.9504302,8075.957,3.1149118,0,,,,,783.5527715129974,0.0002996413,795.2980422640605,0.00030535518,0.016336069,0.00855581
1373.093485866149,8080.042,3.1148007,-0.00083495636,6990,783.5526491734917,795.29845326624,7417.0474,2.7871165,1326.8777,0.949706,8080.042,3.1148007,0,,,,,783.5526491734917,0.0002996509,795.29845326624,0.0003052125,0.016630031,0.010269672
1373.1143189750462,8077.2256,3.1147265,-0.00083517254,6991,783.5522621339229,795.2982012426518,7413.5674,2.7870498,1328.4202,0.9517513,8077.2256,3.1147265,0,,,,,783.5522621339229,0.00029972027,795.2982012426518,0.00030547264,0.01634608,0.0089054825
1373.1351520840606,8078.736,3.115865,-0.0008353886,6992,783.5516357833491,795.2978154246446,7414.7607,2.7880685,1327.2125,0.95193785,8078.736,3.115865,0,,,,,783.5516357833491,0.00029967597,795.2978154246446,0.00030565754,0.015828624,0.008855251
1373.1559851930742,8081.3125,3.11453,-0.0008356047,6993,783.5523547943344,795.2984898678251,7417.537,2.786874,1327.1971,0.95079744,8081.3125,3.11453,0,,,,,783.5523547943344,0.00029945464,795.2984898678251,0.00030538367,0.016554493,0.0089696385
1373.1976514112184,8071.404,3.11257,-0.0008360367,6995,783.5522085078456,795.2972241746411,7404.9,2.7851202,1327.4153,0.9501201,8071.404,3.11257,0,,,,,783.5522085078456,0.00029982624,795.2972241746411,0.0003059774,0.016905926,0.007889681
1373.2184845203483,8078.8867,3.1131654,-0.00083625264,6996,783.5523609434189,795.299005607197,7411.3477,2.7856529,1325.8966,0.94968134,8078.8867,3.1131654,0,,,,,783.5523609434189,0.00029963398,795.299005607197,0.00030573274,0.016529372,0.009977645
1373.2393176295366,8084.438,3.1146271,-0.00083646853,6997,783.5518122741717,795.2964185381642,7419.497,2.786961,1326.5144,0.9497471,8084.438,3.1146271,0,,,,,783.5518122741717,0.0002994456,795.2964185381642,0.00030523262,0.015890734,0.0066654244
1373.2601507387838,8079.6064,3.1143503,-0.00083668437,6998,783.5518442548147,795.2986369261348,7416.486,2.7867131,1327.0394,0.9503757,8079.6064,3.1143503,0,,,,,783.5518442548147,0.00029948345,795.2986369261348,0.00030519444,0.016330352,0.0097036455
1373.280983848031,8077.5786,3.1129735,-0.0008369002,6999,783.552910301079,795.295871676799,7408.6104,2.7854812,1325.5066,0.95019126,8077.5786,3.1129735,0,,,,,783.552910301079,0.00029978994,795.295871676799,0.0003061023,0.017914824,0.0054456764
1373.301816957336,8079.163,3.114133,-0.000837116,7000,783.5510140514945,795.2975026820712,7416.316,2.7865188,1327.2108,0.94991374,8079.163,3.114133,0,,,,,783.5510140514945,0.00029950103,795.2975026820712,0.00030541993,0.014613589,0.009010816
1373.322650066699,8073.7544,3.1137915,-0.0008373317,7001,783.5530880106583,795.2975107415956,7412.7026,2.7862132,1325.8728,0.9498104,8073.7544,3.1137915,0,,,,,783.5530880106583,0.00029961148,795.2975107415956,0.00030528544,0.016804816,0.00850553
1373.343483176062,8083.321,3.1151965,-0.0008375474,7002,783.5519179175789,795.2974500603179,7419.8735,2.7874703,1326.346,0.9509387,8083.321,3.1151965,0,,,,,783.5519179175789,0.0002994679,795.2974500603179,0.00030527308,0.015588051,0.007988747
1373.364316285483,8071.6743,3.1134362,-0.0008377631,7003,783.5516061641779,795.2968301311836,7407.532,2.7858953,1327.7394,0.9498986,8071.6743,3.1134362,0,,,,,783.5516061641779,0.00029995866,795.2968301311836,0.00030574942,0.015143193,0.007854274
1373.3851493949041,8075.166,3.1129334,-0.00083797873,7004,783.5510991416902,795.2975065208842,7408.238,2.7854455,1325.6094,0.9495828,8075.166,3.1129334,0,,,,,783.5510991416902,0.00029999204,795.2975065208842,0.00030566263,0.014532618,0.00792721
1373.405982504384,8079.3047,3.1146104,-0.00083819433,7005,783.5520517135659,795.296711819454,7417.3936,2.786946,1327.055,0.95022124,8079.3047,3.1146104,0,,,,,783.5520517135659,0.00029956485,795.296711819454,0.0003051643,0.015609866,0.00764422
1373.4268156139215,8079.8555,3.114747,-0.0008384099,7006,783.5514397749048,795.2976085821286,7414.6743,2.7870681,1326.2937,0.9501828,8079.8555,3.114747,0,,,,,783.5514397749048,0.00030000525,795.2976085821286,0.0003055299,0.014825332,0.008530044
1373.4476487234588,8080.73,3.1138082,-0.0008386254,7007,783.5512303867145,795.2953187807451,7417.6685,2.786228,1325.1505,0.9491703,8080.73,3.1138082,0,,,,,783.5512303867145,0.00029949986,795.2953187807451,0.00030529333,0.014958299,0.005804993
1373.4684818330552,8083.459,3.1137464,-0.0008388409,7008,783.5507608884449,795.2974050076169,7413.84,2.7861729,1325.271,0.9497386,8083.459,3.1137464,0,,,,,783.5507608884449,0.00029990025,795.2974050076169,0.00030580646,0.014439251,0.007869214
1373.489314942651,8078.0483,3.1148286,-0.0008390564,7009,783.5519254029722,795.2968374356386,7415.987,2.787141,1326.9888,0.95024025,8078.0483,3.1148286,0,,,,,783.5519254029722,0.00029967,795.2968374356386,0.0003053873,0.015847702,0.007866435
1373.5101480523049,8078.2603,3.1143458,-0.0008392718,7010,783.5515398659636,795.2967507402425,7414.434,2.7867093,1326.573,0.9503082,8078.2603,3.1143458,0,,,,,783.5515398659636,0.00029956613,795.2967507402425,0.000305512,0.015219358,0.008095628
1373.5309811619586,8085.4336,3.1151497,-0.00083948724,7011,783.5516380898694,795.296263062509,7422.3066,2.7874284,1324.7365,0.95124424,8085.4336,3.1151497,0,,,,,783.5516380898694,0.00029934547,795.296263062509,0.00030506786,0.015563604,0.007057996
1373.5518142716708,8080.0977,3.1157756,-0.0008397026,7012,783.5504467169397,795.2965821682441,7416.0513,2.7879887,1326.9595,0.951725,8080.0977,3.1157756,0,,,,,783.5504467169397,0.00029986858,795.2965821682441,0.0003055691,0.014545043,0.007524636
1373.5726473814418,8080.9956,3.1142654,-0.0008399179,7013,783.5522705095245,795.297379422326,7416.5747,2.7866373,1325.6965,0.9498257,8080.9956,3.1142654,0,,,,,783.5522705095245,0.00029966715,795.297379422326,0.00030535713,0.01638096,0.007533328
1373.5934804912122,8084.1704,3.114154,-0.00084013323,7014,783.5504232611424,795.2968316555734,7417.677,2.786538,1325.3354,0.94998646,8084.1704,3.114154,0,,,,,783.5504232611424,0.00029955068,795.2968316555734,0.00030546193,0.01366034,0.0075785685
1373.6559798206401,8076.107,3.115072,-0.00084077904,7017,783.5514595261112,795.2966441373138,7419.8267,2.787359,1324.9961,0.9507522,8076.107,3.115072,0,,,,,783.5514595261112,0.00029942003,795.2966441373138,0.00030471905,0.014975476,0.008143825
1373.6768129305274,8084.504,3.1153905,-0.00084099424,7018,783.5518855871303,795.2963542640236,7426.544,2.7876441,1324.2771,0.9493934,8084.504,3.1153905,0,,,,,783.5518855871303,0.0002992979,795.2963542640236,0.00030461187,0.014444722,0.007840121
1373.697646040473,8078.29,3.1153848,-0.0008412094,7019,783.5511434867643,795.2970021232034,7421.5986,2.787639,1325.4363,0.94964796,8078.29,3.1153848,0,,,,,783.5511434867643,0.0002994322,795.2970021232034,0.0003048,0.014232027,0.0080722105
1373.7184791503598,8083.821,3.115327,-0.00084142457,7020,783.5516140021319,795.2956959231942,7425.8164,2.7875872,1324.3987,0.9491816,8083.821,3.115327,0,,,,,783.5516140021319,0.00029928543,795.2956959231942,0.00030475896,0.0150847845,0.0071469345
1373.7393122603053,8077.1704,3.114259,-0.0008416397,7021,783.5515924740024,795.2970696042258,7420.8237,2.7866316,1324.3069,0.94937515,8077.1704,3.114259,0,,,,,783.5515924740024,0.00029927926,795.2970696042258,0.00030470866,0.014147086,0.00787425
1373.7601453703085,8080.0303,3.114971,-0.0008418548,7022,783.5514756293505,795.2970301131413,7422.9062,2.7872686,1325.4198,0.9496725,8080.0303,3.114971,0,,,,,783.5514756293505,0.00029931334,795.2970301131413,0.0003046309,0.0145979095,0.008176256
1373.7809784803117,8077.4517,3.1153488,-0.00084206986,7023,783.5513823766005,795.2956492164315,7421.1504,2.7876065,1325.7418,0.95041645,8077.4517,3.1153488,0,,,,,783.5513823766005,0.00029939594,795.2956492164315,0.00030476844,0.013947066,0.0068723084
1373.8018115903149,8078.2646,3.114755,-0.00084228494,7024,783.551897297649,795.2965388722073,7421.1,2.7870753,1325.7443,0.9495072,8078.2646,3.114755,0,,,,,783.551897297649,0.0002993208,795.2965388722073,0.0003046436,0.014460278,0.0087139
1373.8226447003763,8074.7876,3.1146915,-0.00084249995,7025,783.5515680940262,795.2951374070992,7417.577,2.7870185,1324.4509,0.9496982,8074.7876,3.1146915,0,,,,,783.5515680940262,0.00029958875,795.2951374070992,0.0003050675,0.014168418,0.005921866
1373.8434778104381,8075.805,3.1148014,-0.000842715,7026,783.5517599829792,795.2963213712774,7419.168,2.7871168,1325.3456,0.9501445,8075.805,3.1148014,0,,,,,783.5517599829792,0.00029960528,795.2963213712774,0.00030480963,0.015106394,0.0083709
1373.8643109205577,8079.1343,3.114651,-0.00084292993,7027,783.5507710384587,795.2954037858468,7421.659,2.7869823,1323.0922,0.9500152,8079.1343,3.114651,0,,,,,783.5507710384587,0.0002992761,795.2954037858468,0.00030470238,0.013919878,0.0065174275
1373.885144030677,8080.4517,3.1142669,-0.0008431449,7028,783.5514250093444,795.2959791048568,7423.109,2.7866385,1322.132,0.94909644,8080.4517,3.1142669,0,,,,,783.5514250093444,0.00029926756,795.2959791048568,0.00030454856,0.01451673,0.0072449525
1373.9059771407974,8081.0454,3.1143265,-0.00084335986,7029,783.5508780504179,795.2959068484248,7423.459,2.786692,1323.0209,0.9489266,8081.0454,3.1143265,0,,,,,783.5508780504179,0.00029929387,795.2959068484248,0.00030462965,0.013889473,0.0069450545
1373.9268102509752,8080.3247,3.115045,-0.00084357476,7030,783.5516955158729,795.2952446288178,7423.032,2.787335,1323.9347,0.94928294,8080.3247,3.115045,0,,,,,783.5516955158729,0.0002992427,795.2952446288178,0.00030486303,0.014159857,0.006656906
1373.947643361153,8075.529,3.1145003,-0.00084378966,7031,783.5511629820422,795.2961365824746,7418.9023,2.7868474,1326.0525,0.949679,8075.529,3.1145003,0,,,,,783.5511629820422,0.0002992658,795.2961365824746,0.000304803,0.014162005,0.007083107
1373.989309581568,8077.5127,3.1143107,-0.0008442194,7033,783.5516942266981,795.2962087502415,7421.095,2.7866776,1323.3973,0.949236,8077.5127,3.1143107,0,,,,,783.5516942266981,0.00029932073,795.2962087502415,0.00030459146,0.014462689,0.0076267733
1374.0101426917465,8075.09,3.1144226,-0.0008444343,7034,783.5506988270164,795.2951442990258,7418.5254,2.786778,1325.3789,0.9498622,8075.09,3.1144226,0,,,,,783.5506988270164,0.00029946616,795.2951442990258,0.00030496003,0.013503657,0.0057415864
1374.0309758020408,8081.0737,3.1147976,-0.0008446491,7035,783.5511502464275,795.2963525697826,7423.8447,2.7871137,1323.9403,0.94916415,8081.0737,3.1147976,0,,,,,783.5511502464275,0.0002993315,795.2963525697826,0.0003046317,0.014340345,0.0076158666
1374.0518089122766,8083.4287,3.116882,-0.00084486394,7036,783.551277198195,795.29480726565,7425.9395,2.7889786,1324.0104,0.9504053,8083.4287,3.116882,0,,,,,783.551277198195,0.0002991734,795.29480726565,0.0003049041,0.013774006,0.0064092316
1374.0726420225715,8078.938,3.1140218,-0.0008450787,7037,783.5504197201899,795.295289287444,7421.1226,2.7864194,1323.0955,0.9491824,8078.938,3.1140218,0,,,,,783.5504197201899,0.00029937306,795.295289287444,0.00030465578,0.013480838,0.0065262876
1374.0934751328657,8079.412,3.1147106,-0.0008452935,7038,783.5501296324113,795.2952944651462,7421.8296,2.7870357,1324.5306,0.94994754,8079.412,3.1147106,0,,,,,783.5501296324113,0.00029928438,795.2952944651462,0.0003046975,0.013455349,0.0062421253
1374.11430824316,8078.487,3.1148584,-0.0008455083,7039,783.5504487705242,795.2946482814199,7421.006,2.7871678,1323.4275,0.95066416,8078.487,3.1148584,0,,,,,783.5504487705242,0.0002993698,795.2946482814199,0.0003047908,0.013392257,0.005723181
1374.135141353454,8076.5854,3.1140065,-0.0008457231,7040,783.5509983465189,795.2953989898408,7419.661,2.7864056,1324.0557,0.94936436,8076.5854,3.1140065,0,,,,,783.5509983465189,0.00029924893,795.2953989898408,0.00030478268,0.013638944,0.0067234477
1374.1559744638064,8078.7993,3.1142232,-0.0008459378,7041,783.5507500222786,795.2945222403886,7422.223,2.7865994,1323.5798,0.94926065,8078.7993,3.1142232,0,,,,,783.5507500222786,0.00029923505,795.2945222403886,0.0003047864,0.013608591,0.005410306
1374.1768075741602,8077.4033,3.114409,-0.00084615254,7042,783.5509109381259,795.295678348887,7419.598,2.7867658,1323.6278,0.9496431,8077.4033,3.114409,0,,,,,783.5509109381259,0.00029939905,795.295678348887,0.00030483905,0.013722724,0.0065690386
1374.1976406845133,8076.3315,3.1143394,-0.0008463673,7043,783.5504309917585,795.2939668489867,7418.9624,2.7867036,1325.1046,0.94994605,8076.3315,3.1143394,0,,,,,783.5504309917585,0.00029934192,795.2939668489867,0.00030486507,0.013582784,0.005045001
1374.2184737948655,8076.1587,3.1141064,-0.000846582,7044,783.5507814072193,795.2966109103451,7418.4595,2.7864952,1323.8809,0.9492122,8076.1587,3.1141064,0,,,,,783.5507814072193,0.0002993722,795.2966109103451,0.0003048571,0.013650148,0.0077155954
1374.2393069052762,8080.2764,3.1152272,-0.00084679667,7045,783.5501161061622,795.2938022509953,7422.666,2.7874978,1321.7288,0.94893897,8080.2764,3.1152272,0,,,,,783.5501161061622,0.000299253,795.2938022509953,0.0003049584,0.01277766,0.004917972
1374.2601400156868,8079.6,3.1150172,-0.00084701134,7046,783.55099600616,795.2949838440187,7421.5986,2.78731,1323.4034,0.95012283,8079.6,3.1150172,0,,,,,783.55099600616,0.00029940394,795.2949838440187,0.00030486204,0.013869975,0.006099796
1374.2809731260397,8078.5024,3.1139672,-0.00084722607,7047,783.5505851353334,795.2950810442443,7421.084,2.7863703,1323.4598,0.9491475,8078.5024,3.1139672,0,,,,,783.5505851353334,0.0002992629,795.2950810442443,0.00030480753,0.013317492,0.005873302
1374.3018062365086,8078.143,3.1145842,-0.0008474407,7048,783.5503945453457,795.2953747396335,7419.8027,2.7869227,1323.6628,0.9503699,8078.143,3.1145842,0,,,,,783.5503945453457,0.0002993067,795.2953747396335,0.00030485485,0.013169735,0.006377747
1374.3226393469192,8075.4375,3.1140716,-0.00084765535,7049,783.5509668385577,795.2940781377292,7416.9956,2.7864637,1324.8588,0.95030516,8075.4375,3.1140716,0,,,,,783.5509668385577,0.00029936363,795.2940781377292,0.00030499318,0.014113725,0.005755937
1374.3434724573303,8076.6055,3.1160636,-0.00084787,7050,783.5499971670894,795.2946757572988,7419.2363,2.7882462,1325.6641,0.9504892,8076.6055,3.1160636,0,,,,,783.5499971670894,0.0002996348,795.2946757572988,0.00030492572,0.012576998,0.0055171144
1374.3643055677417,8082.833,3.1164575,-0.0008480847,7051,783.5504268544356,795.2954004938399,7425.31,2.7885988,1324.404,0.9497781,8082.833,3.1164575,0,,,,,783.5504268544356,0.00029920592,795.2954004938399,0.00030492528,0.013588852,0.0064422265
1374.3851386782112,8082.103,3.1151416,-0.0008482993,7052,783.5499814975424,795.2938192910964,7424.051,2.7874212,1324.8466,0.9496807,8082.103,3.1151416,0,,,,,783.5499814975424,0.00029927996,795.2938192910964,0.00030486422,0.0130859725,0.0047803745
1374.4059717886798,8078.956,3.115867,-0.0008485139,7053,783.5503537918387,795.2949373033198,7420.863,2.7880704,1325.9326,0.950115,8078.956,3.115867,0,,,,,783.5503537918387,0.00029968706,795.2949373033198,0.0003049608,0.013626123,0.006029222
1374.4268048991487,8085.387,3.1156943,-0.0008487285,7054,783.5500401975604,795.2937931046547,7425.987,2.787916,1325.3553,0.95040286,8085.387,3.1156943,0,,,,,783.5500401975604,0.00029934297,795.2937931046547,0.0003048564,0.013291793,0.0045404206
1374.44763800956,8081.462,3.1161234,-0.0008489432,7055,783.5502699553184,795.2955998763434,7421.981,2.7882998,1326.4778,0.9505096,8081.462,3.1161234,0,,,,,783.5502699553184,0.00029935612,795.2955998763434,0.00030506533,0.013211016,0.0056858915
1374.4684711200289,8080.432,3.1143594,-0.0008491578,7056,783.5499438133537,795.2936383806122,7420.8657,2.7867212,1323.6848,0.94927275,8080.432,3.1143594,0,,,,,783.5499438133537,0.00029937126,795.2936383806122,0.00030490445,0.012891914,0.004885043
1374.4893042304975,8077.5903,3.1152275,-0.0008493724,7057,783.5498180237959,795.2938384603146,7419.6494,2.7874982,1325.1729,0.950296,8077.5903,3.1152275,0,,,,,783.5498180237959,0.0002994794,795.2938384603146,0.00030492453,0.013340862,0.004958288
1374.5101373410253,8081.868,3.115155,-0.00084958697,7058,783.550628332721,795.2947742401391,7423.445,2.7874331,1326.6517,0.95015836,8081.868,3.115155,0,,,,,783.550628332721,0.00029933828,795.2947742401391,0.00030477092,0.013114341,0.005194347
1374.5309704514948,8083.2354,3.115046,-0.0008498016,7059,783.5502181454689,795.2945350711177,7424.1836,2.7873359,1326.2563,0.9496017,8083.2354,3.115046,0,,,,,783.5502181454689,0.00029925667,795.2945350711177,0.00030475412,0.01257314,0.005144709
1374.5518035619643,8084.0586,3.1155405,-0.0008500162,7060,783.5503412304104,795.2941559831132,7425.271,2.7877781,1324.9639,0.95069224,8084.0586,3.1155405,0,,,,,783.5503412304104,0.0002991655,795.2941559831132,0.00030487083,0.0128971,0.0045685545
1374.572636672433,8076.7627,3.1140327,-0.0008502308,7061,783.550111644536,795.293395546222,7418.1333,2.7864292,1325.2062,0.9493032,8076.7627,3.1140327,0,,,,,783.550111644536,0.00029939823,795.293395546222,0.00030513635,0.0133796735,0.0037636016
1374.5934697829018,8083.234,3.1156547,-0.0008504454,7062,783.5496232523592,795.2953464466764,7424.03,2.7878804,1323.3912,0.95059085,8083.234,3.1156547,0,,,,,783.5496232523592,0.000299404,795.2953464466764,0.0003048974,0.012889892,0.005983822
1374.6143028934296,8078.882,3.1150777,-0.00085065997,7063,783.5492439579053,795.2926047021002,7418.9,2.7873642,1325.7653,0.950116,8078.882,3.1150777,0,,,,,783.5492439579053,0.00029952038,795.2926047021002,0.00030512945,0.01255774,0.0031875751
1374.6351360038984,8083.7993,3.116158,-0.0008508746,7064,783.5503674123474,795.2936856798901,7424.3022,2.7883308,1325.1835,0.9502243,8083.7993,3.116158,0,,,,,783.5503674123474,0.0002995625,795.2936856798901,0.00030507194,0.013306767,0.0049356343
1374.655969114367,8082.015,3.1147501,-0.0008510892,7065,783.5500871749593,795.2933249442888,7420.8335,2.787071,1325.8767,0.94985116,8082.015,3.1147501,0,,,,,783.5500871749593,0.00029932646,795.2933249442888,0.00030512997,0.0123574,0.0039283857
1374.6768022248948,8076.1694,3.1145277,-0.00085130375,7066,783.5502024578957,795.294681206514,7417.3135,2.7868721,1325.9153,0.9500654,8076.1694,3.1145277,0,,,,,783.5502024578957,0.0002995148,795.294681206514,0.00030506292,0.012771054,0.005148779
1374.6976353353643,8077.63,3.1154518,-0.00085151836,7067,783.5497676859576,795.2941015891697,7418.825,2.787699,1324.705,0.95006216,8077.63,3.1154518,0,,,,,783.5497676859576,0.00029949358,795.2941015891697,0.00030517913,0.012476173,0.0046912897
1374.7184684458339,8071.116,3.1145196,-0.00085173297,7068,783.5491732903374,795.2929447702256,7412.0,2.7868648,1325.2117,0.95027107,8071.116,3.1145196,0,,,,,783.5491732903374,0.00029974425,795.2929447702256,0.0003054089,0.0124692395,0.0035652386
1374.7393015563025,8075.815,3.1150515,-0.0008519476,7069,783.5498091081126,795.2934541869961,7416.7417,2.7873409,1325.909,0.9504761,8075.815,3.1150515,0,,,,,783.5498091081126,0.00029981733,795.2934541869961,0.0003052535,0.013778181,0.003581601
1374.7601346667714,8082.7124,3.1151605,-0.0008521622,7070,783.5487645597108,795.2939907038912,7423.067,2.7874382,1324.6101,0.95024365,8082.7124,3.1151605,0,,,,,783.5487645597108,0.00029927224,795.2939907038912,0.00030498466,0.0119052315,0.004139876
1374.780967777241,8081.064,3.1155982,-0.0008523768,7071,783.5493290147266,795.2930584285608,7421.2246,2.7878296,1325.7675,0.9501344,8081.064,3.1155982,0,,,,,783.5493290147266,0.00029932527,795.2930584285608,0.00030528972,0.012461204,0.0036094894
1374.8018008877098,8079.9663,3.115306,-0.0008525914,7072,783.5498547013659,795.2923262916235,7420.3506,2.7875683,1326.1428,0.9502868,8079.9663,3.115306,0,,,,,783.5498547013659,0.0002995298,795.2923262916235,0.00030512092,0.012536359,0.0031714465
1374.822633998179,8083.03,3.1151888,-0.000852806,7073,783.5496676606801,795.2943518300302,7421.84,2.7874634,1325.9972,0.95041937,8083.03,3.1151888,0,,,,,783.5496676606801,0.00029929832,795.2943518300302,0.00030525707,0.012948451,0.0045744153
1374.8434671086486,8077.9204,3.1152148,-0.00085302064,7074,783.5496918469987,795.2923971112693,7417.3936,2.7874868,1327.3632,0.9503776,8077.9204,3.1152148,0,,,,,783.5496918469987,0.00029967487,795.2923971112693,0.00030527022,0.013150734,0.0028878113
1374.8643002191175,8079.5635,3.1152937,-0.00085323525,7075,783.5493774314001,795.2930627855092,7418.2856,2.7875574,1325.4325,0.9516649,8079.5635,3.1152937,0,,,,,783.5493774314001,0.00029954984,795.2930627855092,0.00030527843,0.012816452,0.003729729
1374.8851333295286,8079.9487,3.1148767,-0.0008534499,7076,783.5494657186305,795.2931446301328,7416.8433,2.7871842,1326.8759,0.95097435,8079.9487,3.1148767,0,,,,,783.5494657186305,0.00029952393,795.2931446301328,0.0003054493,0.012762196,0.0033764425
1374.9059664399974,8077.8086,3.114401,-0.00085366453,7077,783.5497137540615,795.2932920943665,7418.109,2.7867587,1326.9164,0.9500468,8077.8086,3.114401,0,,,,,783.5497137540615,0.00029949445,795.2932920943665,0.00030516018,0.012128667,0.0038368376
1374.926799550408,8075.696,3.1162543,-0.0008538792,7078,783.5500811239195,795.2941938277291,7417.074,2.788417,1329.3639,0.95106715,8075.696,3.1162543,0,,,,,783.5500811239195,0.0002995554,795.2941938277291,0.00030538495,0.012843812,0.004591704
1374.94763266082,8075.8867,3.1153915,-0.0008540939,7079,783.5491196820857,795.2905688068503,7416.0107,2.7876449,1329.7754,0.95086986,8075.8867,3.1153915,0,,,,,783.5491196820857,0.0002996092,795.2905688068503,0.00030546065,0.011997798,0.0010421639
1374.9684657712312,8070.7744,3.1138365,-0.00085430854,7080,783.5495987070252,795.2934718364754,7409.3057,2.7862535,1328.259,0.9508003,8070.7744,3.1138365,0,,,,,783.5495987070252,0.0002996482,795.2934718364754,0.0003056844,0.0126769105,0.0040518898
1374.9892988816418,8078.6484,3.1152964,-0.0008545232,7081,783.5486229690035,795.2925872322345,7419.5664,2.7875597,1327.4838,0.9509374,8078.6484,3.1152964,0,,,,,783.5486229690035,0.00029939425,795.2925872322345,0.00030509438,0.012060229,0.0037504546
1375.0101319920523,8079.873,3.1152906,-0.0008547379,7082,783.5496453257914,795.2934317300922,7419.1,2.7875545,1326.6241,0.9518552,8079.873,3.1152906,0,,,,,783.5496453257914,0.00029949407,795.2934317300922,0.000305158,0.012681136,0.003591843
1375.0309651024047,8080.566,3.1155448,-0.0008549526,7083,783.548991392764,795.2928567563279,7419.8975,2.7877822,1326.2136,0.9503554,8080.566,3.1155448,0,,,,,783.548991392764,0.00029945534,795.2928567563279,0.000305364,0.012053088,0.0031134244
1375.0517982127578,8081.903,3.1149502,-0.00085516734,7084,783.5493818729103,795.293207322693,7421.217,2.78725,1324.6207,0.94957757,8081.903,3.1149502,0,,,,,783.5493818729103,0.00029938298,795.293207322693,0.00030525442,0.012476139,0.0034499362
1375.0726313231692,8088.882,3.1160626,-0.000855382,7085,783.5493129243221,795.2916389834635,7428.1704,2.7882454,1323.3782,0.95083207,8088.882,3.1160626,0,,,,,783.5493129243221,0.0002991056,795.2916389834635,0.0003050302,0.0118937455,0.0016829191
1375.0934644334639,8083.1816,3.1145558,-0.0008555968,7086,783.5488522595264,795.2921775065595,7421.443,2.7868972,1325.2234,0.9494068,8083.1816,3.1145558,0,,,,,783.5488522595264,0.0002993864,795.2921775065595,0.00030511612,0.011869496,0.0022794914
1375.1142975438163,8073.5186,3.1137373,-0.0008558115,7087,783.5497692842328,795.2932406053179,7414.0044,2.7861648,1325.6523,0.95015717,8073.5186,3.1137373,0,,,,,783.5497692842328,0.00029956124,795.2932406053179,0.00030523213,0.012532821,0.0037722967
1375.1351306541105,8083.453,3.1169574,-0.0008560263,7088,783.5494729986725,795.2925942755112,7422.0513,2.7890463,1324.8983,0.95125973,8083.453,3.1169574,0,,,,,783.5494729986725,0.00029942993,795.2925942755112,0.00030546793,0.0121044675,0.0026588417
1375.1559637644636,8074.0156,3.1142735,-0.00085624104,7089,783.5494609491586,795.2936059381848,7415.0625,2.7866447,1325.7291,0.9500834,8074.0156,3.1142735,0,,,,,783.5494609491586,0.00029956148,795.2936059381848,0.00030518806,0.011969661,0.004370617
1375.1767968746994,8076.6855,3.1154776,-0.0008564559,7090,783.5487277766266,795.2903758748535,7416.176,2.7877219,1326.0441,0.95030874,8076.6855,3.1154776,0,,,,,783.5487277766266,0.0002996997,795.2903758748535,0.00030559837,0.01205884,0.0003100527
1375.1976299849944,8077.024,3.1143603,-0.00085667067,7091,783.5485464505524,795.2932086732512,7417.028,2.7867222,1325.5333,0.95002353,8077.024,3.1143603,0,,,,,783.5485464505524,0.0002994919,795.2932086732512,0.00030528827,0.011703865,0.0035992889
1375.2184630952318,8084.0615,3.1145124,-0.0008568855,7092,783.5484970030668,795.2915809752607,7422.7314,2.7868583,1323.903,0.9490846,8084.0615,3.1145124,0,,,,,783.5484970030668,0.00029932288,795.2915809752607,0.00030500581,0.011737972,0.0024265319
1375.2392962054678,8083.279,3.1154225,-0.00085710036,7093,783.5492756580419,795.2917597379593,7422.116,2.7876725,1324.3064,0.94968855,8083.279,3.1154225,0,,,,,783.5492756580419,0.00029936188,795.2917597379593,0.00030531615,0.012350159,0.0019812023
1375.2601293157036,8080.005,3.1143994,-0.0008573152,7094,783.5485222896348,795.292048419121,7417.681,2.786757,1325.1398,0.9497688,8080.005,3.1143994,0,,,,,783.5485222896348,0.00029942553,795.292048419121,0.0003054366,0.012370412,0.002457717
1375.2809624258814,8082.166,3.1143794,-0.0008575301,7095,783.5496141889085,795.2910728894173,7420.4834,2.7867393,1324.157,0.94915205,8082.166,3.1143794,0,,,,,783.5496141889085,0.00029932117,795.2910728894173,0.00030536883,0.012166096,0.0006554363
1375.301795536118,8078.0254,3.113262,-0.00085774495,7096,783.5485581453762,795.2929519393169,7416.8086,2.7857394,1322.8264,0.94901425,8078.0254,3.113262,0,,,,,783.5485581453762,0.00029942536,795.2929519393169,0.00030529208,0.01185172,0.0032358933
1375.322628646239,8077.4004,3.1132333,-0.0008579599,7097,783.5489482539994,795.290640683372,7416.734,2.785714,1322.5104,0.9493503,8077.4004,3.1132333,0,,,,,783.5489482539994,0.0002993552,795.290640683372,0.00030538163,0.011778115,0.0008309498
1375.3434617564167,8080.1987,3.1136231,-0.0008581748,7098,783.5496993133054,795.2915977412601,7418.4097,2.7860627,1322.4836,0.94892055,8080.1987,3.1136231,0,,,,,783.5496993133054,0.00029943167,795.2915977412601,0.00030521216,0.0124558145,0.0011615572
1375.3642948665363,8075.6343,3.1129851,-0.0008583898,7099,783.5483531030586,795.2914414956524,7414.317,2.7854917,1321.7352,0.94904023,8075.6343,3.1129851,0,,,,,783.5483531030586,0.00029942315,795.2914414956524,0.000305369,0.011789303,0.0015186996
1375.3851279765984,8077.344,3.1139798,-0.0008586048,7100,783.5486152524763,795.2909905410078,7416.0415,2.7863817,1323.3318,0.94974923,8077.344,3.1139798,0,,,,,783.5486152524763,0.00029949303,795.2909905410078,0.00030540858,0.011991856,0.0014091902
1375.4059610867184,8079.659,3.114611,-0.00085881975,7101,783.5487370929616,795.2917684059494,7419.1997,2.7869463,1321.601,0.9492968,8079.659,3.114611,0,,,,,783.5487370929616,0.00029953147,795.2917684059494,0.00030534784,0.011945089,0.0020162014
1375.4267941967805,8084.1133,3.114515,-0.0008590348,7102,783.547878012729,795.2917220219201,7423.0137,2.7868607,1321.4662,0.94899946,8084.1133,3.114515,0,,,,,783.547878012729,0.0002992752,795.2917220219201,0.00030523902,0.010907921,0.0015528491
1375.4476273067837,8076.3765,3.113398,-0.00085924985,7103,783.5488031399271,795.2925694279872,7414.3022,2.7858613,1322.8962,0.9500456,8076.3765,3.113398,0,,,,,783.5488031399271,0.00029945894,795.2925694279872,0.00030541394,0.01220723,0.0025337914
1375.468460416787,8082.7324,3.1142168,-0.0008594649,7104,783.5486406721433,795.2900554889246,7421.5728,2.786594,1322.1426,0.9495202,8082.7324,3.1142168,0,,,,,783.5486406721433,0.00029927207,795.2900554889246,0.0003052471,0.011456175,-0.00018244171
1375.4892935267906,8078.7197,3.1130888,-0.00085968,7105,783.5483894725209,795.2928879840579,7416.848,2.7855844,1322.473,0.9490677,8078.7197,3.1130888,0,,,,,783.5483894725209,0.00029941258,795.2928879840579,0.00030538425,0.011534631,0.0033290263
1375.5101266367362,8075.983,3.113717,-0.00085989514,7106,783.5490640511053,795.2898832271916,7414.696,2.7861464,1323.7328,0.95026696,8075.983,3.113717,0,,,,,783.5490640511053,0.0002993605,795.2898832271916,0.00030549229,0.012117055,-0.0002481522
1375.530959746682,8079.32,3.1150334,-0.0008601103,7107,783.5480853698757,795.292502350783,7419.6914,2.7873244,1322.1024,0.9505109,8079.32,3.1150334,0,,,,,783.5480853698757,0.00029931197,795.292502350783,0.00030537276,0.010991886,0.0028417674
1375.5517928565687,8081.669,3.114024,-0.00086032547,7108,783.5487764985445,795.2897923851934,7418.7134,2.786421,1322.1581,0.9499592,8081.669,3.114024,0,,,,,783.5487764985445,0.00029930336,795.2897923851934,0.00030543614,0.012098944,-0.0003055438
1375.5726259664552,8079.0938,3.1142159,-0.00086054066,7109,783.5483504079685,795.2916794790933,7418.4966,2.7865927,1322.6035,0.9497888,8079.0938,3.1142159,0,,,,,783.5483504079685,0.00029949067,795.2916794790933,0.0003052497,0.0111187855,0.0016511761
1375.5934590762845,8077.285,3.1136308,-0.0008607559,7110,783.5477175854805,795.2910277501434,7414.9116,2.7860692,1322.0072,0.9498186,8077.285,3.1136308,0,,,,,783.5477175854805,0.0002994702,795.2910277501434,0.00030555806,0.011464422,0.0011579767
1375.6142921861137,8073.776,3.1139195,-0.00086097117,7111,783.5479371635079,795.2906441993014,7412.265,2.7863278,1324.2362,0.9498567,8073.776,3.1139195,0,,,,,783.5479371635079,0.000299586,795.2906441993014,0.00030574453,0.010734401,0.00068546506
1375.6351252958848,8075.533,3.1135712,-0.0008611865,7112,783.5486849213363,795.2915779531514,7412.649,2.7860162,1322.5648,0.9494156,8075.533,3.1135712,0,,,,,783.5486849213363,0.00029960225,795.2915779531514,0.00030580675,0.011179184,0.0012504255
1375.6559584056556,8078.5537,3.1128752,-0.0008614018,7113,783.5476586498747,795.2903103147936,7416.7676,2.7853932,1321.7617,0.9485936,8078.5537,3.1128752,0,,,,,783.5476586498747,0.00029938293,795.2903103147936,0.0003053833,0.011132634,0.0005709374
1375.676791515426,8076.497,3.113146,-0.0008616171,7114,783.548348198686,795.2902312712052,7415.1226,2.7856357,1323.275,0.949164,8076.497,3.113146,0,,,,,783.548348198686,0.00029946686,795.2902312712052,0.000305429,0.01109068,-0.00010159747
1375.6976246250797,8079.2036,3.114673,-0.0008618325,7115,783.5486784005412,795.2909755433672,7417.9014,2.7870018,1322.277,0.94930756,8079.2036,3.114673,0,,,,,783.5486784005412,0.00029978371,795.2909755433672,0.00030543713,0.012311311,0.0011302098
1375.7184577347925,8073.3423,3.113216,-0.0008620479,7116,783.547028110329,795.2897409699474,7412.521,2.7856982,1323.4537,0.9498851,8073.3423,3.113216,0,,,,,783.547028110329,0.0002994696,795.2897409699474,0.0003054837,0.010227752,-0.00057826046
1375.739290844389,8074.454,3.1130636,-0.0008622634,7117,783.5483974188851,795.2911250994688,7414.5903,2.785562,1323.7518,0.9496404,8074.454,3.1130636,0,,,,,783.5483974188851,0.00029942562,795.2911250994688,0.00030537712,0.011694076,0.0012387277
1375.7601239539854,8075.8984,3.1133955,-0.00086247886,7118,783.5479809917034,795.2900357334529,7414.714,2.7858589,1323.514,0.9493779,8075.8984,3.1133955,0,,,,,783.5479809917034,0.00029958857,795.2900357334529,0.00030538504,0.010057928,7.926054e-05
1375.780957063581,8071.117,3.1124806,-0.00086269435,7119,783.5484082328182,795.2897018553012,7409.6064,2.7850404,1324.0782,0.949325,8071.117,3.1124806,0,,,,,783.5484082328182,0.00029971806,795.2897018553012,0.00030561324,0.01160096,0.00011725306
1375.8017901731191,8075.6855,3.1134937,-0.0008629099,7120,783.5476775053756,795.2901174148518,7416.46,2.7859468,1321.8442,0.94906336,8075.6855,3.1134937,0,,,,,783.5476775053756,0.00029950068,795.2901174148518,0.00030523425,0.010520441,0.00029835306
1375.8226232825998,8080.247,3.114563,-0.0008631255,7121,783.5476451518884,795.291071621151,7415.7393,2.7869039,1321.9355,0.9498675,8080.247,3.114563,0,,,,,783.5476451518884,0.000299994,795.291071621151,0.00030557346,0.010790874,0.001389918
1375.8434563920791,8077.1284,3.1146584,-0.0008633411,7122,783.547899278903,795.2902969018958,7415.7114,2.786989,1323.0635,0.9492489,8077.1284,3.1146584,0,,,,,783.547899278903,0.00029951258,795.2902969018958,0.00030570582,0.010505261,0.00028846337
1375.8851226108636,8072.272,3.1132874,-0.00086377247,7124,783.5483058601422,795.2889907029418,7410.026,2.7857623,1323.7089,0.9507371,8072.272,3.1132874,0,,,,,783.5483058601422,0.00029972236,795.2889907029418,0.00030579607,0.011119163,-0.0015274709
1375.9059557202272,8075.5254,3.112953,-0.0008639882,7125,783.5468422837638,795.2904887110749,7413.9697,2.785463,1323.3778,0.9492062,8075.5254,3.112953,0,,,,,783.5468422837638,0.00029957457,795.2904887110749,0.0003053135,0.010017241,0.0012198284
1375.9267888295326,8073.5684,3.1137922,-0.00086420396,7126,783.5480981914861,795.2895935750147,7409.7974,2.7862139,1325.2428,0.9503656,8073.5684,3.1137922,0,,,,,783.5480981914861,0.00029984541,795.2895935750147,0.00030597716,0.011034517,-0.0002454557
1375.9476219387789,8076.7627,3.1134276,-0.0008644198,7127,783.5477248885312,795.2892558383207,7414.343,2.7858875,1323.2186,0.9490179,8076.7627,3.1134276,0,,,,,783.5477248885312,0.00029953007,795.2892558383207,0.0003056539,0.011044635,-0.0005296939
1375.968455048026,8079.9233,3.1136928,-0.00086463563,7128,783.5469442669599,795.2886849576998,7414.6543,2.7861247,1323.5983,0.9503305,8079.9233,3.1136928,0,,,,,783.5469442669599,0.00029958514,795.2886849576998,0.00030583204,0.01028275,-0.001173838
1375.989288157215,8083.427,3.114146,-0.0008648515,7129,783.5479269699003,795.2882999514859,7420.803,2.7865305,1323.2083,0.94926316,8083.427,3.114146,0,,,,,783.5479269699003,0.00029948304,795.2882999514859,0.00030540477,0.010466068,-0.0013212505
1376.0101212663449,8080.399,3.1136472,-0.0008650675,7130,783.5478106858676,795.2910451634475,7415.164,2.7860842,1324.0728,0.9494974,8080.399,3.1136472,0,,,,,783.5478106858676,0.00029972132,795.2910451634475,0.00030562107,0.010653215,0.0015823597
1376.0309543754174,8078.498,3.1135478,-0.0008652835,7131,783.5472701460396,795.2889522921802,7414.6787,2.785995,1324.7717,0.94992745,8078.498,3.1135478,0,,,,,783.5472701460396,0.00029961148,795.2889522921802,0.00030560576,0.0108748535,-0.00087768084
1376.05178748449,8082.797,3.1149611,-0.0008654995,7132,783.5475274952582,795.2903045695933,7417.307,2.7872598,1324.8009,0.9494784,8082.797,3.1149611,0,,,,,783.5475274952582,0.0002998165,795.2903045695933,0.00030576796,0.011136183,0.0008869464
1376.0726205935043,8073.5527,3.113285,-0.00086571556,7133,783.5468851276678,795.2881514791468,7410.1206,2.7857604,1322.4847,0.9492871,8073.5527,3.113285,0,,,,,783.5468851276678,0.00029996675,795.2881514791468,0.0003058861,0.009324905,-0.0020348
1376.0934537024605,8079.774,3.1137595,-0.0008659317,7134,783.5461313642097,795.288635923713,7414.737,2.7861845,1324.0192,0.949427,8079.774,3.1137595,0,,,,,783.5461313642097,0.00029979745,795.288635923713,0.00030579712,0.009918303,-0.0015441474
1376.155953029037,8084.2046,3.1161995,-0.00086658035,7137,783.5479701601251,795.2907269942416,7428.5747,2.7883677,1323.1506,0.94993144,8084.2046,3.1161995,0,,,,,783.5479701601251,0.00029907792,795.2907269942416,0.00030479752,0.0103472425,0.0014295698
1376.1767861378175,8081.212,3.114991,-0.00086679665,7138,783.5481984830384,795.2879903700915,7424.7974,2.7872865,1325.0033,0.9493457,8081.212,3.114991,0,,,,,783.5481984830384,0.0002991879,795.2879903700915,0.00030480078,0.009835626,-0.0018811689
1376.1976192465409,8086.1875,3.1158988,-0.000867013,7139,783.5473400286149,795.289385353947,7429.576,2.7880988,1323.5782,0.9495798,8086.1875,3.1158988,0,,,,,783.5473400286149,0.0002991663,795.289385353947,0.00030468914,0.009407865,-0.00036227363
1376.218452355206,8084.1113,3.115515,-0.0008672294,7140,783.5473536620183,795.2882931729737,7427.5146,2.7877553,1324.6044,0.94930106,8084.1113,3.115515,0,,,,,783.5473536620183,0.0002991022,795.2882931729737,0.00030481516,0.009535401,-0.0012361286
1376.239285463871,8084.4214,3.115484,-0.00086744584,7141,783.5479717097821,795.2893352268487,7428.247,2.7877276,1323.3645,0.94935554,8084.4214,3.115484,0,,,,,783.5479717097821,0.0002990969,795.2893352268487,0.00030474074,0.009767805,-0.00068985124
1376.2601185724195,8080.651,3.115621,-0.00086766237,7142,783.5475846676076,795.2889241910701,7423.814,2.7878504,1324.5133,0.9503251,8080.651,3.115621,0,,,,,783.5475846676076,0.0002993629,795.2889241910701,0.00030490183,0.009525237,-0.0012174135
1376.2809516809675,8076.994,3.113939,-0.0008678789,7143,783.5474251442437,795.2892749666381,7421.0376,2.7863452,1324.3817,0.949096,8076.994,3.113939,0,,,,,783.5474251442437,0.00029923918,795.2892749666381,0.00030491102,0.009509557,-0.0007774779
1376.3017847893998,8084.0635,3.116079,-0.00086809555,7144,783.5473006804665,795.2886318987775,7427.2217,2.7882602,1323.9535,0.94966894,8084.0635,3.116079,0,,,,,783.5473006804665,0.0002994166,795.2886318987775,0.00030495913,0.009719047,-0.0008842304
1376.322617897832,8089.0845,3.115705,-0.0008683122,7145,783.5477089130633,795.2879282431935,7431.925,2.7879255,1323.6013,0.9492279,8089.0845,3.115705,0,,,,,783.5477089130633,0.00029906863,795.2879282431935,0.00030454836,0.009623644,-0.0020245353
1376.3434510062052,8086.9854,3.1160464,-0.0008685289,7146,783.5466217450311,795.2899711452275,7429.708,2.788231,1325.0845,0.9504799,8086.9854,3.1160464,0,,,,,783.5466217450311,0.00029907704,795.2899711452275,0.00030466547,0.00903552,8.990846e-05
1376.3642841144629,8079.5083,3.1149096,-0.00086874573,7147,783.5465098261972,795.2866552124545,7422.225,2.7872138,1324.6583,0.9499211,8079.5083,3.1149096,0,,,,,783.5465098261972,0.00029930682,795.2866552124545,0.0003050727,0.008847317,-0.003181455
1376.3851172227205,8081.104,3.116067,-0.00086896255,7148,783.547179134933,795.2896743394531,7424.6465,2.7882493,1326.9373,0.9506739,8081.104,3.116067,0,,,,,783.547179134933,0.00029923732,795.2896743394531,0.00030492689,0.009985811,0.00017736082
1376.40595033092,8086.9927,3.118389,-0.00086917944,7149,783.5464144217174,795.2873176640918,7429.5986,2.790327,1325.4132,0.950381,8086.9927,3.118389,0,,,,,783.5464144217174,0.00029927658,795.2873176640918,0.0003052638,0.008866099,-0.0028410007
1376.4267834390603,8087.1577,3.116166,-0.0008693964,7150,783.5469342477735,795.2898134703776,7429.6934,2.788338,1324.9053,0.9495666,8087.1577,3.116166,0,,,,,783.5469342477735,0.00029932105,795.2898134703776,0.00030472994,0.009674311,-0.00012346724
1376.447616547085,8081.116,3.1147726,-0.00086961343,7151,783.5466775166979,795.2876775859553,7423.9844,2.7870913,1324.697,0.9493344,8081.116,3.1147726,0,,,,,783.5466775166979,0.00029923316,795.2876775859553,0.0003049658,0.008676694,-0.0023173625
1376.4684496551104,8086.2495,3.1165004,-0.0008698305,7152,783.5463760135459,795.2886772899726,7429.373,2.788637,1324.7406,0.9497941,8086.2495,3.1165004,0,,,,,783.5463760135459,0.00029928557,795.2886772899726,0.00030486562,0.009062446,-0.0010537561
1376.4892827630763,8084.656,3.1156337,-0.0008700476,7153,783.5472698194126,795.2884874949294,7428.03,2.7878616,1324.9697,0.94978017,8084.656,3.1156337,0,,,,,783.5472698194126,0.00029905565,795.2884874949294,0.0003048475,0.00931407,-0.0017525118
1376.5101158709258,8082.666,3.1169667,-0.00087026483,7154,783.5467617758499,795.2876465394695,7425.3857,2.7890546,1325.2726,0.9508138,8082.666,3.1169667,0,,,,,783.5467617758499,0.0002992612,795.2876465394695,0.00030513774,0.008847132,-0.0023341326
1376.5309489787767,8086.4463,3.1165144,-0.00087048206,7155,783.5471094258064,795.2882323238615,7429.657,2.7886496,1325.0222,0.9508999,8086.4463,3.1165144,0,,,,,783.5471094258064,0.0002990961,795.2882323238615,0.000304878,0.009060717,-0.0016895384
1376.5517820865102,8085.226,3.1164527,-0.0008706994,7156,783.546525898496,795.2875131881589,7428.2217,2.7885945,1325.2305,0.95104367,8085.226,3.1164527,0,,,,,783.546525898496,0.00029916145,795.2875131881589,0.00030486027,0.00838673,-0.0023103224
1376.5726151941851,8083.1167,3.115818,-0.0008709168,7157,783.5465735207546,795.2881572771985,7426.2056,2.7880266,1324.9873,0.9496164,8083.1167,3.115818,0,,,,,783.5465735207546,0.00029918455,795.2881572771985,0.00030488972,0.009032361,-0.00092526595
1376.5934483018025,8083.9263,3.1158433,-0.0008711343,7158,783.5465813356858,795.2864641217442,7426.2915,2.7880492,1326.5402,0.9503343,8083.9263,3.1158433,0,,,,,783.5465813356858,0.00029923243,795.2864641217442,0.00030501655,0.008672796,-0.004117745
1376.6142814093616,8084.115,3.1157193,-0.0008713518,7159,783.5469283544356,795.2886826260999,7427.465,2.787938,1325.1086,0.9503052,8084.115,3.1157193,0,,,,,783.5469283544356,0.0002991499,795.2886826260999,0.0003048751,0.008828629,-0.001152916
1376.6351145168624,8080.286,3.1164873,-0.0008715694,7160,783.5464919740255,795.2867109109956,7423.508,2.7886255,1326.7028,0.9508491,8080.286,3.1164873,0,,,,,783.5464919740255,0.00029953144,795.2867109109956,0.00030520657,0.008448884,-0.003180921
1376.6559476243044,8081.6294,3.1161163,-0.000871787,7161,783.5471272371733,795.288437122237,7424.7383,2.7882936,1325.1211,0.95026624,8081.6294,3.1161163,0,,,,,783.5471272371733,0.00029924908,795.288437122237,0.00030504755,0.009101787,-0.001156007
1376.6767807316307,8077.3765,3.1156635,-0.0008720048,7162,783.5463627782,795.286678949814,7420.6445,2.7878885,1327.7162,0.9508953,8077.3765,3.1156635,0,,,,,783.5463627782,0.00029938773,795.286678949814,0.00030510378,0.008309206,-0.0033689516
1376.6976138389577,8080.22,3.1168284,-0.00087222253,7163,783.5468920624837,795.2872787880198,7423.305,2.7889307,1327.2502,0.9511613,8080.22,3.1168284,0,,,,,783.5468920624837,0.00029966034,795.2872787880198,0.00030522794,0.008664676,-0.003056289
1376.7184469461668,8082.2803,3.1159308,-0.0008724404,7164,783.5465117609833,795.2877371831469,7424.3477,2.7881274,1325.5034,0.95071244,8082.2803,3.1159308,0,,,,,783.5465117609833,0.00029918065,795.2877371831469,0.00030509612,0.00861173,-0.0024861242
1376.7392800532602,8079.483,3.1151724,-0.0008726584,7165,783.5463891833746,795.285355648844,7421.914,2.7874486,1326.6925,0.9506149,8079.483,3.1151724,0,,,,,783.5463891833746,0.00029927684,795.285355648844,0.00030514286,0.008378222,-0.00458488
1376.7601131603537,8088.181,3.1172748,-0.0008728764,7166,783.5461803880339,795.2892881533941,7429.664,2.78933,1327.0778,0.9512309,8088.181,3.1172748,0,,,,,783.5461803880339,0.00029925027,795.2892881533941,0.0003049209,0.008253509,-0.0006060862
1376.78094626733,8087.37,3.1162777,-0.0008730945,7167,783.5460610908973,795.2858027708463,7428.1294,2.7884378,1326.2472,0.9502539,8087.37,3.1162777,0,,,,,783.5460610908973,0.00029914032,795.2858027708463,0.00030514572,0.008448959,-0.004628197
1376.8017793742495,8078.694,3.1160183,-0.00087331265,7168,783.5462621488363,795.2869379572232,7420.9834,2.788206,1327.2842,0.95129424,8078.694,3.1160183,0,,,,,783.5462621488363,0.00029939643,795.2869379572232,0.00030518766,0.008491177,-0.0030921656
1376.8226124811101,8083.1445,3.116196,-0.00087353087,7169,783.5460807341567,795.2864328542493,7424.788,2.7883646,1327.157,0.95097107,8083.1445,3.116196,0,,,,,783.5460807341567,0.00029921182,795.2864328542493,0.000305024,0.007834845,-0.0033890978
1376.8434455878537,8081.8057,3.1158266,-0.0008737492,7170,783.5463512822795,795.2878966690787,7423.5156,2.7880342,1326.4349,0.95039445,8081.8057,3.1158266,0,,,,,783.5463512822795,0.00029935694,795.2878966690787,0.00030519054,0.008237618,-0.0029963206
1376.8642786945397,8082.789,3.1159594,-0.0008739676,7171,783.5466809824999,795.2863115530023,7424.5947,2.7881532,1327.8634,0.9508922,8082.789,3.1159594,0,,,,,783.5466809824999,0.00029928537,795.2863115530023,0.00030516635,0.008991994,-0.004183712
1376.8851118011091,8078.94,3.1157324,-0.0008741861,7172,783.5451508121728,795.2870220851928,7420.1274,2.78795,1328.0652,0.9515003,8078.94,3.1157324,0,,,,,783.5451508121728,0.0002994118,795.2870220851928,0.00030538993,0.007179497,-0.0039151097
1376.9059449076206,8077.559,3.1155665,-0.0008744047,7173,783.5464322320211,795.2861659962322,7419.64,2.7878015,1329.2983,0.9513181,8077.559,3.1155665,0,,,,,783.5464322320211,0.00029950263,795.2861659962322,0.00030529787,0.008619613,-0.003701468
1376.9267780140738,8076.894,3.1159787,-0.0008746233,7174,783.5459758041125,795.286057859571,7418.1133,2.78817,1328.3958,0.9524075,8076.894,3.1159787,0,,,,,783.5459758041125,0.00029949722,795.286057859571,0.00030544124,0.0076524965,-0.00498424
1376.9476111204685,8078.5415,3.1156876,-0.000874842,7175,783.5460063414324,795.2881738992622,7419.4473,2.78791,1330.4843,0.95085424,8078.5415,3.1156876,0,,,,,783.5460063414324,0.00029949532,795.2881738992622,0.00030535168,0.008242587,-0.0018883673
1376.968444226689,8075.2656,3.1148438,-0.00087506085,7176,783.5453857911881,795.2854260030156,7417.2354,2.787155,1328.4705,0.950794,8075.2656,3.1148438,0,,,,,783.5453857911881,0.00029952254,795.2854260030156,0.00030533783,0.007859397,-0.005110912
1376.9892773329086,8079.377,3.1173053,-0.0008752797,7177,783.5452813648461,795.2870819947626,7420.8735,2.7893572,1328.7325,0.952304,8079.377,3.1173053,0,,,,,783.5452813648461,0.0002995362,795.2870819947626,0.00030550626,0.008121868,-0.0030905814
1377.0101104390126,8077.4946,3.1154444,-0.0008754987,7178,783.5451089284626,795.2863542939682,7418.3896,2.787692,1330.4402,0.95104975,8077.4946,3.1154444,0,,,,,783.5451089284626,0.0002995026,795.2863542939682,0.00030546042,0.0073975464,-0.004603928
1377.030943545,8070.738,3.1167357,-0.0008757178,7179,783.5453247087368,795.2855749341954,7412.81,2.7888474,1330.8804,0.95290005,8070.738,3.1167357,0,,,,,783.5453247087368,0.00029972315,795.2855749341954,0.00030583053,0.0078535685,-0.004555176
1377.0726097568004,8079.5225,3.1162338,-0.00087615615,7181,783.5448413745712,795.2852623128359,7419.9375,2.7883985,1328.6846,0.9510181,8079.5225,3.1162338,0,,,,,783.5448413745712,0.00029953965,795.2852623128359,0.00030552837,0.007555097,-0.0050723013
1377.093442862555,8078.997,3.1156664,-0.0008763755,7182,783.5454365838762,795.2865901140027,7418.909,2.787891,1330.759,0.9513532,8078.997,3.1156664,0,,,,,783.5454365838762,0.0002995399,795.2865901140027,0.00030544194,0.008210831,-0.003763607
1377.1142759681925,8079.021,3.1155105,-0.0008765949,7183,783.5452568603923,795.2853038987018,7419.062,2.7877514,1330.7914,0.9509411,8079.021,3.1155105,0,,,,,783.5452568603923,0.00029942833,795.2853038987018,0.00030544706,0.007470398,-0.005276074
1377.1351090737733,8074.428,3.1147573,-0.0008768144,7184,783.5456217629528,795.2855962876655,7415.1704,2.7870772,1329.1697,0.95075136,8074.428,3.1147573,0,,,,,783.5456217629528,0.0002996078,795.2855962876655,0.00030572157,0.0078049945,-0.005092675
1377.155942179237,8077.762,3.1164331,-0.00087703404,7185,783.5462695898132,795.2860635767343,7417.7905,2.7885768,1330.9292,0.95327014,8077.762,3.1164331,0,,,,,783.5462695898132,0.00029961043,795.2860635767343,0.0003056197,0.008073205,-0.004521598
1377.1767752845835,8074.775,3.1156957,-0.00087725377,7186,783.5446196113085,795.284625812425,7414.2847,2.7879171,1330.1654,0.95222104,8074.775,3.1156957,0,,,,,783.5446196113085,0.00029978127,795.284625812425,0.00030582683,0.0070514553,-0.0061784284
1377.218441495045,8075.2974,3.116043,-0.00087769347,7188,783.5441445173565,795.2856914795948,7415.6973,2.7882278,1330.5461,0.95105624,8075.2974,3.116043,0,,,,,783.5441445173565,0.00029965336,795.2856914795948,0.00030582698,0.006925673,-0.004769425
1377.2392746001012,8078.0645,3.1158462,-0.0008779135,7189,783.5455704373268,795.2857887571703,7417.991,2.7880516,1330.4783,0.9506784,8078.0645,3.1158462,0,,,,,783.5455704373268,0.00029952204,795.2857887571703,0.00030570064,0.0076554543,-0.0053615193
1377.260107705099,8079.7866,3.1156402,-0.0008781336,7190,783.5449201681146,795.2848454042422,7418.917,2.7878675,1329.9761,0.9512857,8079.7866,3.1156402,0,,,,,783.5449201681146,0.00029949285,795.2848454042422,0.00030551493,0.00727767,-0.0064362576
1377.2809408099806,8070.7983,3.114343,-0.0008783538,7191,783.544854132402,795.2862450627304,7410.9287,2.7867064,1331.3933,0.9509824,8070.7983,3.114343,0,,,,,783.544854132402,0.00029965866,795.2862450627304,0.00030562546,0.0066399532,-0.0042507215
1377.3017739147458,8071.8223,3.1152499,-0.0008785741,7192,783.5463026155855,795.2853087399368,7412.4453,2.787518,1331.5931,0.95140195,8071.8223,3.1152499,0,,,,,783.5463026155855,0.0002997921,795.2853087399368,0.00030580445,0.008336629,-0.0052362364
1377.3226070194528,8073.7144,3.116247,-0.00087879447,7193,783.5451586997135,795.285608225027,7414.5513,2.7884102,1331.1503,0.9531395,8073.7144,3.116247,0,,,,,783.5451586997135,0.00029978182,795.285608225027,0.00030569208,0.007339647,-0.0048835995
1377.3434401239851,8082.2627,3.1162472,-0.000879015,7194,783.5444594286926,795.2861010904666,7421.0347,2.7884107,1330.2119,0.95102614,8082.2627,3.1162472,0,,,,,783.5444594286926,0.0002996363,795.2861010904666,0.00030548603,0.006658131,-0.0046721213
1377.364273228459,8081.219,3.1163585,-0.0008792356,7195,783.5449126348939,795.2833806144544,7419.6123,2.7885103,1332.5519,0.9515275,8081.219,3.1163585,0,,,,,783.5449126348939,0.00029959163,795.2833806144544,0.00030574668,0.0071289316,-0.007811152
1377.3851063328168,8076.38,3.1169038,-0.00087945635,7196,783.5449571089931,795.2861014734858,7415.2534,2.7889981,1333.6471,0.9521194,8076.38,3.1169038,0,,,,,783.5449571089931,0.00029997434,795.2861014734858,0.00030590539,0.0075598005,-0.0046502943
1377.4059394370581,8077.5054,3.116169,-0.0008796772,7197,783.5444669092075,795.284329424144,7416.658,2.7883408,1332.3961,0.9516125,8077.5054,3.116169,0,,,,,783.5444669092075,0.00029970406,795.284329424144,0.00030575093,0.0071991407,-0.0068129245
1377.4267725411828,8081.467,3.1168573,-0.00087989814,7198,783.544933396304,795.2858849297697,7420.4287,2.7889564,1333.0665,0.95226735,8081.467,3.1168573,0,,,,,783.544933396304,0.00029956616,795.2858849297697,0.0003056511,0.0076508853,-0.005154821
1377.4476056452495,8076.491,3.1166172,-0.00088011916,7199,783.5441178974872,795.2847589021014,7415.6587,2.7887416,1333.5553,0.95256793,8076.491,3.1166172,0,,,,,783.5441178974872,0.00029981867,795.2847589021014,0.0003057707,0.006871202,-0.006037042
1377.468438749141,8080.093,3.1176476,-0.00088034035,7200,783.5439390488583,795.2848111825509,7419.462,2.7896638,1334.7168,0.95207417,8080.093,3.1176476,0,,,,,783.5439390488583,0.00029959093,795.2848111825509,0.00030592573,0.0065287156,-0.0063771214
1377.4892718529165,8079.29,3.1171641,-0.00088056165,7201,783.5447075838001,795.2849094444883,7418.2725,2.789231,1335.8906,0.95265156,8079.29,3.1171641,0,,,,,783.5447075838001,0.00029978997,795.2849094444883,0.0003057074,0.0070813447,-0.0059258807
1377.5101049566347,8071.8784,3.1161695,-0.000880783,7202,783.5443413887471,795.2847239528028,7411.6357,2.788341,1336.4359,0.9529167,8071.8784,3.1161695,0,,,,,783.5443413887471,0.0002999137,795.2847239528028,0.00030609308,0.006552363,-0.0059033614
1377.5309380601766,8075.8994,3.1166294,-0.00088100455,7203,783.5450419518141,795.2851975362414,7415.7163,2.7887526,1336.9878,0.95269936,8075.8994,3.1166294,0,,,,,783.5450419518141,0.000299725,795.2851975362414,0.0003058051,0.0069895796,-0.0056943754
1377.551771163603,8077.9824,3.117187,-0.0008812262,7204,783.5441207932373,795.2833083180498,7415.313,2.7892516,1336.6849,0.95348054,8077.9824,3.117187,0,,,,,783.5441207932373,0.00029984288,795.2833083180498,0.00030603103,0.006885802,-0.007947582
1377.5726042669717,8076.506,3.1177032,-0.0008814479,7205,783.5447488582007,795.2857393976543,7416.1836,2.7897134,1336.6198,0.9531572,8076.506,3.1177032,0,,,,,783.5447488582007,0.00029985514,795.2857393976543,0.0003060006,0.0072230343,-0.0048660017
1377.5934373701652,8075.0356,3.1161058,-0.0008816698,7206,783.5441119637571,795.2840861019779,7415.643,2.788284,1335.4998,0.9520798,8075.0356,3.1161058,0,,,,,783.5441119637571,0.00029970455,795.2840861019779,0.0003058368,0.006080042,-0.006766345
1377.6142704732424,8071.333,3.1169004,-0.0008818918,7207,783.5449422801001,795.2836910861134,7410.4116,2.788995,1338.1183,0.9540107,8071.333,3.1169004,0,,,,,783.5449422801001,0.00030004996,795.2836910861134,0.00030619735,0.007107486,-0.007123088
1377.6351035762025,8074.3555,3.117359,-0.00088211393,7208,783.5449881227474,795.2844050749791,7412.903,2.7894053,1338.6499,0.9535203,8074.3555,3.117359,0,,,,,783.5449881227474,0.00029991224,795.2844050749791,0.00030611627,0.006708342,-0.0066583576
1377.6559366790466,8080.917,3.1190007,-0.0008823362,7209,783.5446809620579,795.2840964738849,7419.5176,2.7908745,1338.1095,0.9543548,8080.917,3.1190007,0,,,,,783.5446809620579,0.00030004818,795.2840964738849,0.0003058668,0.0066942954,-0.0073519787
1377.676769781717,8076.671,3.1175299,-0.0008825586,7210,783.5439557363289,795.2836402382787,7414.56,2.7895584,1337.3025,0.95402455,8076.671,3.1175299,0,,,,,783.5439557363289,0.00029996602,795.2836402382787,0.0003060799,0.006566751,-0.0071408497
1377.6976028843278,8076.5654,3.1189072,-0.00088278105,7211,783.5441328204192,795.2840827001804,7416.425,2.7907906,1338.9357,0.9536571,8076.5654,3.1189072,0,,,,,783.5441328204192,0.00029999742,795.2840827001804,0.00030615888,0.006382778,-0.007152424
1377.7184359867647,8075.525,3.1191208,-0.0008830037,7212,783.5442974612345,795.2857562909181,7413.855,2.7909818,1339.6594,0.95381045,8075.525,3.1191208,0,,,,,783.5442974612345,0.00030023302,795.2857562909181,0.00030633714,0.0065131146,-0.005466959
1377.7392690890852,8075.1987,3.1179843,-0.00088322646,7213,783.5436336864256,795.2831893647751,7413.6597,2.7899652,1341.4631,0.9548375,8075.1987,3.1179843,0,,,,,783.5436336864256,0.00029996014,795.2831893647751,0.00030615987,0.00571328,-0.008107821
1377.7601021912308,8076.5557,3.1184282,-0.0008834494,7214,783.5442457882732,795.2848401967291,7414.222,2.7903621,1342.7196,0.95405424,8076.5557,3.1184282,0,,,,,783.5442457882732,0.00029994434,795.2848401967291,0.0003062696,0.0066856015,-0.0062335934
1377.780935293319,8084.7715,3.118581,-0.0008836724,7215,783.5438206392216,795.2824777420429,7422.6094,2.7904987,1340.3234,0.9535272,8084.7715,3.118581,0,,,,,783.5438206392216,0.00029978904,795.2824777420429,0.0003060806,0.006231789,-0.009354312
1377.8017683951732,8081.8843,3.119244,-0.0008838956,7216,783.5444377103844,795.2845909951465,7420.8887,2.7910924,1343.8198,0.9546545,8081.8843,3.119244,0,,,,,783.5444377103844,0.00029984192,795.2845909951465,0.0003059894,0.006309576,-0.0066920426
1377.8226014969696,8078.7437,3.119026,-0.0008841189,7217,783.5446056209571,795.2826201112176,7415.635,2.790897,1346.0839,0.9548152,8078.7437,3.119026,0,,,,,783.5446056209571,0.0003000937,795.2826201112176,0.0003063282,0.0073501403,-0.008123655
1377.8434345985922,8076.725,3.1189528,-0.00088434236,7218,783.5434156200138,795.2840489166774,7415.061,2.7908313,1345.7327,0.9549319,8076.725,3.1189528,0,,,,,783.5434156200138,0.00030014708,795.2840489166774,0.0003063733,0.005355308,-0.0069818264
1377.8642677000978,8076.321,3.1194935,-0.00088456593,7219,783.5439680780771,795.283949188695,7415.2075,2.7913156,1348.0305,0.9551996,8076.321,3.1194935,0,,,,,783.5439680780771,0.000300025,795.283949188695,0.00030632268,0.0059603387,-0.0069822045
1377.8851008014287,8080.529,3.1194544,-0.0008847897,7220,783.5447878431581,795.2812100323861,7411.6353,2.7912805,1348.3197,0.9555736,8080.529,3.1194544,0,,,,,783.5447878431581,0.00030023663,795.2812100323861,0.000307164,0.0076899515,-0.012169085
1377.9267670036822,8083.088,3.120042,-0.0008852376,7222,783.5427184214642,795.2806836847801,7418.822,2.7918062,1348.2217,0.9556184,8083.088,3.120042,0,,,,,783.5427184214642,0.00030008634,795.2806836847801,0.00030633877,0.0051625106,-0.010878751
1377.9476001046064,8080.834,3.12223,-0.00088546175,7223,783.5427670694069,795.2843926024808,7417.646,2.793764,1348.0648,0.9572533,8080.834,3.12223,0,,,,,783.5427670694069,0.0003000768,795.2843926024808,0.00030673298,0.005208428,-0.0060361032
1377.9684332053553,8083.294,3.1203134,-0.0008856861,7224,783.5441365289279,795.2830184953905,7419.7847,2.7920492,1348.6077,0.9551741,8083.294,3.1203134,0,,,,,783.5441365289279,0.00030006896,795.2830184953905,0.00030634,0.006042837,-0.008468718
1377.9892663059877,8076.6665,3.1191468,-0.00088591053,7225,783.5432457369685,795.2818257866176,7409.266,2.7910054,1350.6964,0.95596004,8076.6665,3.1191468,0,,,,,783.5432457369685,0.00030071512,795.2818257866176,0.00030692958,0.005012577,-0.009716027
1378.0100994064453,8078.219,3.1208365,-0.00088613515,7226,783.5436553057682,795.2835084119589,7415.9893,2.792517,1352.0425,0.9574892,8078.219,3.1208365,0,,,,,783.5436553057682,0.0003002605,795.2835084119589,0.00030635745,0.0057080374,-0.0076200874
1378.051765606895,8083.5786,3.1212459,-0.00088658486,7228,783.5438649436201,795.2833827178215,7420.323,2.7928834,1352.7389,0.95685,8083.5786,3.1212459,0,,,,,783.5438649436201,0.00030014975,795.2833827178215,0.00030632556,0.00546939,-0.008006364
1378.0725987068872,8080.4463,3.1225774,-0.00088680995,7229,783.5433765850181,795.2817377770226,7416.2705,2.7940748,1352.9392,0.95728344,8080.4463,3.1225774,0,,,,,783.5433765850181,0.00030052522,795.2817377770226,0.00030673563,0.005523048,-0.008778171
1378.0934318067048,8069.119,3.1205635,-0.0008870352,7230,783.5428735795069,795.2820693068705,7405.064,2.7922728,1356.8267,0.95816255,8069.119,3.1205635,0,,,,,783.5428735795069,0.00030084958,795.2820693068705,0.00030705353,0.0047593853,-0.0091750175
1378.1142649063477,8079.1,3.1218233,-0.00088726066,7231,783.5436443831456,795.2825743724015,7416.6377,2.7934,1355.8232,0.9577024,8079.1,3.1218233,0,,,,,783.5436443831456,0.0003005168,795.2825743724015,0.00030647859,0.0060576736,-0.008603284
1378.1350980058742,8081.6226,3.1226275,-0.0008874862,7232,783.5438369291044,795.2824188149195,7420.5127,2.7941196,1354.6274,0.95740837,8081.6226,3.1226275,0,,,,,783.5438369291044,0.00030035156,795.2824188149195,0.00030646427,0.00580127,-0.008874868
1378.1559311051676,8079.082,3.1218307,-0.000887712,7233,783.5434237713955,795.2825174341108,7414.729,2.7934067,1355.2971,0.95736325,8079.082,3.1218307,0,,,,,783.5434237713955,0.00030066472,795.2825174341108,0.000306839,0.0058802213,-0.008656657
1378.1767642043449,8079.6445,3.1228337,-0.0008879379,7234,783.5431509448845,795.2811655536293,7416.955,2.7943041,1357.4631,0.9580015,8079.6445,3.1228337,0,,,,,783.5431509448845,0.00030046963,795.2811655536293,0.00030684154,0.004617478,-0.010060931
1378.1975973033475,8081.17,3.1229637,-0.000888164,7235,783.5431282932763,795.2821198743087,7419.072,2.7944207,1356.2517,0.95907027,8081.17,3.1229637,0,,,,,783.5431282932763,0.0003003318,795.2821198743087,0.00030645233,0.004636173,-0.009424224
1378.2184304021762,8075.924,3.1217103,-0.00088839023,7236,783.5446741968925,795.2827634132996,7413.183,2.7932987,1357.4542,0.9580113,8075.924,3.1217103,0,,,,,783.5446741968925,0.00030068203,795.2827634132996,0.00030675787,0.006803502,-0.00744993
1378.2392635007711,8073.7,3.1213467,-0.0008886167,7237,783.5425039965954,795.2817109907106,7414.3174,2.7929738,1356.9854,0.95771414,8073.7,3.1213467,0,,,,,783.5425039965954,0.0003004436,795.2817109907106,0.00030649727,0.0042819744,-0.009628648
1378.2600965992492,8079.393,3.1219072,-0.0008888433,7238,783.5433315659222,795.282329654323,7415.82,2.7934752,1356.9764,0.957408,8079.393,3.1219072,0,,,,,783.5433315659222,0.0003005661,795.282329654323,0.0003066785,0.005439349,-0.008319868
1378.280929697554,8082.7285,3.1223562,-0.0008890701,7239,783.542163365143,795.2810786295523,7421.716,2.7938766,1356.7361,0.9576775,8082.7285,3.1223562,0,,,,,783.542163365143,0.00030029702,795.2810786295523,0.0003064549,0.0036747113,-0.01087558
1378.3017627956833,8082.783,3.122638,-0.00088929705,7240,783.5427038510179,795.282017682845,7420.4287,2.7941291,1358.2811,0.9581376,8082.783,3.122638,0,,,,,783.5427038510179,0.00030030453,795.282017682845,0.0003064927,0.0047485656,-0.009063996
1378.32259589358,8080.8623,3.123212,-0.00088952424,7241,783.5432627175105,795.2801576519296,7418.3853,2.7946427,1360.3419,0.9586805,8080.8623,3.123212,0,,,,,783.5432627175105,0.00030059548,795.2801576519296,0.0003067031,0.0054105637,-0.010854316
1378.3434289913603,8080.831,3.1232018,-0.00088975154,7242,783.5435968798076,795.281668328808,7416.9893,2.7946336,1360.5997,0.95965385,8080.831,3.1232018,0,,,,,783.5435968798076,0.0003007656,795.281668328808,0.00030657492,0.0051904605,-0.00876402
1378.3642620889077,8078.114,3.1245286,-0.00088997907,7243,783.5437616097553,795.2831925312788,7415.5156,2.795821,1361.9371,0.95931023,8078.114,3.1245286,0,,,,,783.5437616097553,0.00030074368,795.2831925312788,0.00030700077,0.005610751,-0.008149419
1378.385095186281,8076.377,3.1228647,-0.0008902068,7244,783.5417321886243,795.2808293029108,7414.7617,2.794332,1363.2018,0.9588439,8076.377,3.1228647,0,,,,,783.5417321886243,0.0003006889,795.2808293029108,0.0003067467,0.0035878678,-0.009861856
1378.4059282834203,8078.911,3.1254282,-0.0008904347,7245,783.5414935108383,795.2786134696639,7417.3457,2.7966256,1365.3406,0.9605728,8078.911,3.1254282,0,,,,,783.5414935108383,0.00030087805,795.2786134696639,0.00030713688,0.0032982444,-0.013278531
1378.4267613804438,8080.76,3.1248555,-0.0008906628,7246,783.5440454493474,795.2820455456539,7421.7397,2.7961133,1366.2903,0.9599907,8080.76,3.1248555,0,,,,,783.5440454493474,0.0003005419,795.2820455456539,0.00030661424,0.0056262617,-0.009294617
1378.4892606701762,8087.9575,3.1264915,-0.0008913483,7249,783.5430353889998,795.2818170879694,7421.7124,2.7975774,1372.563,0.96195877,8087.9575,3.1264915,0,,,,,783.5430353889998,0.00030087764,795.2818170879694,0.00030703712,0.0047755297,-0.00993768
1378.510093766385,8081.211,3.127282,-0.00089157716,7250,783.5435879983536,795.2806489334008,7421.491,2.7982843,1374.17,0.9623011,8081.211,3.127282,0,,,,,783.5435879983536,0.0003008019,795.2806489334008,0.00030680033,0.0047202297,-0.010331301
1378.5309268623607,8082.995,3.1280966,-0.00089180627,7251,783.5418623106444,795.2798618344822,7420.305,2.7990134,1378.1488,0.9634407,8082.995,3.1280966,0,,,,,783.5418623106444,0.0003010568,795.2798618344822,0.00030718689,0.0038704972,-0.011249839
1378.6559254337922,8084.2627,3.1326952,-0.0008931853,7257,783.5423474702586,795.2799792797274,7428.726,2.803128,1387.9135,0.9660085,8084.2627,3.1326952,0,,,,,783.5423474702586,0.0003007689,795.2799792797274,0.0003069932,0.003641438,-0.011465899
1378.6767585282546,8080.556,3.1321187,-0.00089341594,7258,783.5434309867013,795.2805163469085,7424.4927,2.8026125,1391.9175,0.9666017,8080.556,3.1321187,0,,,,,783.5434309867013,0.0003011396,795.2805163469085,0.00030706413,0.0045354674,-0.010597393
1378.6975916225424,8081.4883,3.1329064,-0.00089364673,7259,783.5425610073991,795.2797144247081,7425.6504,2.803317,1394.3395,0.967181,8081.4883,3.1329064,0,,,,,783.5425610073991,0.0003010693,795.2797144247081,0.00030706482,0.0037597788,-0.011269859
1378.7184247165396,8085.803,3.1342146,-0.0008938778,7260,783.5425809644541,795.2807753126139,7428.9336,2.8044877,1396.0093,0.9676502,8085.803,3.1342146,0,,,,,783.5425809644541,0.00030128015,795.2807753126139,0.00030711814,0.0040064096,-0.010927744
1378.7392578103618,8086.3804,3.134902,-0.0008941091,7261,783.5421102048662,795.2806172473956,7430.429,2.8051028,1398.7252,0.9690037,8086.3804,3.134902,0,,,,,783.5421102048662,0.0003010781,795.2806172473956,0.0003071025,0.0035715983,-0.010552521
1378.760090903893,8082.2256,3.1352608,-0.0008943406,7262,783.5423689574978,795.2788232406144,7425.9404,2.8054242,1403.8761,0.96936876,8082.2256,3.1352608,0,,,,,783.5423689574978,0.00030144188,795.2788232406144,0.00030746212,0.003291781,-0.013329405
1378.7809239971912,8079.921,3.1377866,-0.0008945724,7263,783.5427150840651,795.2818886587562,7424.682,2.8076837,1410.0402,0.97228223,8079.921,3.1377866,0,,,,,783.5427150840651,0.00030189205,795.2818886587562,0.00030773843,0.0040999157,-0.00936904
1378.8017570903146,8076.697,3.1391032,-0.00089480437,7264,783.5423845228702,795.2793429959198,7421.7026,2.808862,1416.9414,0.9740514,8076.697,3.1391032,0,,,,,783.5423845228702,0.0003017447,795.2793429959198,0.00030801524,0.0033997486,-0.012527542
1378.8225901831472,8079.009,3.1403263,-0.0008950366,7265,783.5428296274566,795.280040513027,7422.932,2.8099566,1421.907,0.97448003,8079.009,3.1403263,0,,,,,783.5428296274566,0.0003019616,795.280040513027,0.0003080833,0.0036980521,-0.011500792
1378.843423275747,8076.273,3.1412802,-0.0008952691,7266,783.5427385203567,795.2792918913839,7420.8086,2.81081,1429.2609,0.9764422,8076.273,3.1412802,0,,,,,783.5427385203567,0.00030205087,795.2792918913839,0.0003082049,0.0034287141,-0.011720994
1378.8642563681137,8085.221,3.143889,-0.0008955018,7267,783.5422352924543,795.279436372516,7428.2812,2.8131444,1435.4834,0.97754174,8085.221,3.143889,0,,,,,783.5422352924543,0.00030218472,795.279436372516,0.0003082669,0.0035855968,-0.011756555
1378.8850894601903,8080.027,3.1447673,-0.0008957348,7268,783.5422249254992,795.2797258805341,7425.066,2.81393,1441.654,0.98009944,8080.027,3.1447673,0,,,,,783.5422249254992,0.00030240446,795.2797258805341,0.0003084744,0.0036810075,-0.011894872
1378.9059225520334,8079.218,3.1458087,-0.00089596806,7269,783.5421252597779,795.2784537869219,7422.4644,2.814862,1447.66,0.9810743,8079.218,3.1458087,0,,,,,783.5421252597779,0.0003025328,795.2784537869219,0.00030869126,0.0032892465,-0.013533423
1378.9267556436437,8084.541,3.1495676,-0.0008962015,7270,783.5422907489425,795.2800412335297,7427.9487,2.8182254,1455.1835,0.9839103,8084.541,3.1495676,0,,,,,783.5422907489425,0.00030277928,795.2800412335297,0.00030896027,0.0033597827,-0.011521246
1378.9475887349627,8081.4556,3.1508372,-0.0008964353,7271,783.5422933134031,795.2791227381244,7425.5757,2.8193614,1465.5735,0.9856177,8081.4556,3.1508372,0,,,,,783.5422933134031,0.00030298822,795.2791227381244,0.00030905745,0.0032782506,-0.012565065
1378.968421826049,8083.8896,3.1532393,-0.0008966693,7272,783.5417149602306,795.2795298710845,7428.0815,2.8215108,1473.3427,0.9878916,8083.8896,3.1532393,0,,,,,783.5417149602306,0.0003031697,795.2795298710845,0.00030934688,0.0031647864,-0.012051879
1378.989254916845,8074.974,3.155415,-0.00089690357,7273,783.5423526722118,795.2795657732943,7419.704,2.823458,1486.3427,0.99071336,8074.974,3.155415,0,,,,,783.5423526722118,0.00030364713,795.2795657732943,0.0003098163,0.0030839078,-0.012041953
1379.0100880073494,8079.1978,3.1587296,-0.00089713815,7274,783.542071241607,795.2788067602596,7423.1143,2.826424,1497.428,0.99398655,8079.1978,3.1587296,0,,,,,783.542071241607,0.0003039519,795.2788067602596,0.00031013455,0.0037881357,-0.012742423
1379.0309210976206,8080.7,3.1619222,-0.00089737296,7275,783.5417334967052,795.2792912984531,7424.8486,2.8292804,1510.1505,0.9964426,8080.7,3.1619222,0,,,,,783.5417334967052,0.00030434996,795.2792912984531,0.00031039087,0.003145346,-0.01205843
1379.051754187601,8085.919,3.1657305,-0.00089760806,7276,783.5415585094322,795.2776572410855,7428.4604,2.832688,1519.7692,0.9996991,8085.919,3.1657305,0,,,,,783.5415585094322,0.00030438925,795.2776572410855,0.00031077495,0.0024734833,-0.014250885
1379.0725872772905,8082.5435,3.1682181,-0.00089784345,7277,783.5423766508366,795.2804158821995,7426.161,2.8349142,1531.1362,1.0023048,8082.5435,3.1682181,0,,,,,783.5423766508366,0.00030473512,795.2804158821995,0.00031105423,0.0033128138,-0.011461119
1379.0934203667478,8075.1816,3.168816,-0.0008980791,7278,783.5414122856646,795.2779278311147,7419.0356,2.8354492,1543.2255,1.0046133,8075.1816,3.168816,0,,,,,783.5414122856646,0.00030519697,795.2779278311147,0.00031149943,0.0024030365,-0.014156173
1379.1142534558549,8080.9736,3.1728287,-0.00089831505,7279,783.542143807349,795.2783695231608,7423.3306,2.8390396,1554.0039,1.0088398,8080.9736,3.1728287,0,,,,,783.542143807349,0.00030534883,795.2783695231608,0.00031155688,0.0034942704,-0.013601062
1379.1350865447293,8080.3403,3.1751091,-0.00089855125,7280,783.5419780019283,795.2787820351235,7423.3745,2.8410802,1564.9031,1.0100372,8080.3403,3.1751091,0,,,,,783.5419780019283,0.0003056665,795.2787820351235,0.00031181055,0.0029872325,-0.013269659
1379.1559196332553,8077.5,3.1772847,-0.0008987878,7281,783.5417038259892,795.2774087273228,7420.1704,2.8430269,1572.4016,1.013281,8077.5,3.1772847,0,,,,,783.5417038259892,0.00030592506,795.2774087273228,0.00031217848,0.0032114459,-0.01432778
1379.1767527215477,8077.5,3.1789155,-0.0008990246,7282,783.541719717653,795.2785081580236,7419.5464,2.844486,1583.2089,1.0139124,8077.5,3.1789155,0,,,,,783.541719717653,0.0003062002,795.2785081580236,0.00031247755,0.0028640288,-0.013335529
1379.1975858094906,8075.779,3.1815279,-0.00089926174,7283,783.5409877550529,795.2771365012076,7418.0024,2.8468235,1595.0023,1.0168947,8075.779,3.1815279,0,,,,,783.5409877550529,0.0003065943,795.2771365012076,0.0003129292,0.0027139354,-0.014876295
1379.2184188971428,8075.1772,3.1868713,-0.00089949917,7284,783.5424163094867,795.2801518947973,7418.135,2.8516047,1617.5675,1.0224558,8075.1772,3.1868713,0,,,,,783.5424163094867,0.00030696183,795.2801518947973,0.00031331816,0.0035780694,-0.012239104
1379.2392519845039,8075.2764,3.1925774,-0.0008997369,7285,783.5411313481184,795.2769453935778,7416.396,2.8567107,1641.017,1.0273472,8075.2764,3.1925774,0,,,,,783.5411313481184,0.00030790287,795.2769453935778,0.00031432035,0.0021581564,-0.015513756
1379.2600850715164,8075.8213,3.2006743,-0.00089997496,7286,783.5416870236568,795.2788253563118,7416.788,2.8639557,1676.3405,1.0357789,8075.8213,3.2006743,0,,,,,783.5416870236568,0.00030879397,795.2788253563118,0.00031512472,0.0026918584,-0.013527983
1379.280918158237,8077.678,3.211306,-0.0009002133,7287,783.541987524477,795.2777179087684,7418.188,2.873469,1719.495,1.0454409,8077.678,3.211306,0,,,,,783.541987524477,0.0003097396,795.2777179087684,0.00031630383,0.0031456929,-0.014623352
1379.3017512446668,8075.902,3.225027,-0.00090045197,7288,783.5417503758239,795.2772311033174,7415.994,2.8857467,1776.6389,1.0588212,8075.902,3.225027,0,,,,,783.5417503758239,0.0003114012,795.2772311033174,0.00031785903,0.002482097,-0.015045603
1379.322584330748,8076.588,3.241428,-0.00090069097,7289,783.541744175373,795.2780663380375,7417.6113,2.9004219,1846.4098,1.0740237,8076.588,3.241428,0,,,,,783.541744175373,0.00031300128,795.2780663380375,0.00031957583,0.0025861037,-0.013807524
1379.3434174164793,8072.8506,3.260451,-0.0009009303,7290,783.5416098846208,795.2777665790405,7410.247,2.9174438,1929.7583,1.0926588,8072.8506,3.260451,0,,,,,783.5416098846208,0.00031546457,795.2777665790405,0.00032230341,0.0024635443,-0.014920697
1379.385083586952,8075.561,3.3049533,-0.00090141,7292,783.5418502090623,795.277129495152,7416.7046,2.9572642,2115.5103,1.1330242,8075.561,3.3049533,0,,,,,783.5418502090623,0.000319943,795.277129495152,0.00032648165,0.0034541425,-0.01496067
1379.405916671752,8072.3037,3.327603,-0.0009016503,7293,783.542672824401,795.2783719694866,7414.105,2.9775312,2217.146,1.1537837,8072.3037,3.327603,0,,,,,783.542672824401,0.0003223522,795.2783719694866,0.00032893897,0.0029442238,-0.013742694
1379.4267497561452,8072.8213,3.3493567,-0.000901891,7294,783.5425170290674,795.277756226239,7414.185,2.9969964,2313.9214,1.1733204,8072.8213,3.3493567,0,,,,,783.5425170290674,0.0003246357,795.277756226239,0.00033137988,0.00230522,-0.015389875
1379.4475828401883,8064.8955,3.3716424,-0.000902132,7295,783.542229961849,795.2777130303328,7407.277,3.0169377,2409.0662,1.1926712,8064.8955,3.3716424,0,,,,,783.542229961849,0.00032737787,795.2777130303328,0.00033403962,0.0020764836,-0.015453877
1379.4684159238823,8066.512,3.390893,-0.0009023734,7296,783.5427339310389,795.2775717130742,7408.5415,3.034163,2498.2761,1.2104255,8066.512,3.390893,0,,,,,783.5427339310389,0.00032928443,795.2775717130742,0.00033609328,0.0025522301,-0.015318168
