time,flux,flux_err,timecorr,cadenceno,centroid_col,centroid_row,sap_flux,sap_flux_err,sap_bkg,sap_bkg_err,pdcsap_flux,pdcsap_flux_err,quality,psf_centr1,psf_centr1_err,psf_centr2,psf_centr2_err,mom_centr1,mom_centr1_err,mom_centr2,mom_centr2_err,pos_corr1,pos_corr2
2174.238868245999,7961.3086,5.3348217,-0.0009418149,136336,1251.5731962322218,696.5343718520452,7132.867,4.6452765,1208.8611,1.4878083,7961.3086,5.3348217,0,,,,,1251.5731962322218,0.0005077498,696.5343718520452,0.0005054268,0.06765881,-0.123661384
2174.245812762741,7951.2026,5.333605,-0.00094173953,136337,1251.5744607002716,696.537883625245,7130.5273,4.644217,1210.3635,1.4890001,7951.2026,5.333605,0,,,,,1251.5744607002716,0.0005075441,696.537883625245,0.00050413684,0.06890121,-0.11810013
2174.252757279483,7951.659,5.3357472,-0.00094166416,136338,1251.572975842374,696.5381376547952,7132.4663,4.6460824,1212.4608,1.4893155,7951.659,5.3357472,0,,,,,1251.572975842374,0.0005078212,696.5381376547952,0.00050398824,0.06673263,-0.11869699
2174.259701796225,7964.7676,5.3358865,-0.0009415888,136339,1251.5722598848486,696.5369257955558,7123.891,4.6462035,1212.4514,1.4902122,7964.7676,5.3358865,0,,,,,1251.5722598848486,0.00050922215,696.5369257955558,0.00050754973,0.06568942,-0.12045734
2174.2666463130245,7959.61,5.336749,-0.00094151334,136340,1251.5702091962225,696.5386417175765,7139.892,4.646955,1210.4457,1.4874362,7959.61,5.336749,0,,,,,1251.5702091962225,0.0005070057,696.5386417175765,0.0005040401,0.06460539,-0.11841932
2174.273590829766,7954.3945,5.3367376,-0.00094143796,136341,1251.5721047982236,696.5409187876721,7137.5977,4.646945,1211.566,1.4895291,7954.3945,5.3367376,0,,,,,1251.5721047982236,0.0005069081,696.5409187876721,0.0005032589,0.06582686,-0.11505883
2174.280535346508,7954.8965,5.3409967,-0.0009413626,136342,1251.570468614094,696.5407419412361,7138.2324,4.6506534,1214.186,1.4920452,7954.8965,5.3409967,0,,,,,1251.570468614094,0.0005067629,696.5407419412361,0.00050382566,0.06425471,-0.114635445
2174.287479863307,7951.8857,5.338859,-0.00094128714,136343,1251.569737174898,696.541937992061,7134.8145,4.648792,1215.1766,1.4933654,7951.8857,5.338859,0,,,,,1251.569737174898,0.0005068347,696.541937992061,0.00050363847,0.06272772,-0.11383839
2174.29442438005,7959.065,5.338727,-0.00094121177,136344,1251.5678467531357,696.5422680119419,7143.6016,4.648677,1213.4897,1.489652,7959.065,5.338727,0,,,,,1251.5678467531357,0.0005064391,696.5422680119419,0.0005029741,0.06235949,-0.11296804
2174.3013688968504,7956.094,5.337787,-0.0009411363,136345,1251.569743989869,696.5441944250671,7138.749,4.6478586,1213.8158,1.4924319,7956.094,5.337787,0,,,,,1251.569743989869,0.00050655863,696.5441944250671,0.0005028565,0.062851846,-0.110186204
2174.3083134135913,7963.2964,5.3381915,-0.00094106095,136346,1251.5673275203885,696.5434837884623,7146.631,4.6482105,1211.8925,1.4887122,7963.2964,5.3381915,0,,,,,1251.5673275203885,0.00050618424,696.5434837884623,0.0005024509,0.061096273,-0.11142992
2174.3152579303905,7952.81,5.3358536,-0.0009409855,136347,1251.5672269215559,696.544090777346,7135.2036,4.646175,1211.7478,1.4898492,7952.81,5.3358536,0,,,,,1251.5672269215559,0.0005063792,696.544090777346,0.00050314714,0.059732772,-0.11029664
2174.322202447133,7953.3237,5.337552,-0.00094091013,136348,1251.5682771035426,696.5449269132281,7135.9673,4.647654,1213.103,1.4902041,7953.3237,5.337552,0,,,,,1251.5682771035426,0.00050676527,696.5449269132281,0.00050343823,0.060404327,-0.10948276
2174.3291469639335,7954.5283,5.338528,-0.0009408347,136349,1251.5655817856411,696.5452877829299,7137.9863,4.648504,1213.348,1.4937563,7954.5283,5.338528,0,,,,,1251.5655817856411,0.0005065136,696.5452877829299,0.0005028583,0.059535313,-0.1095063
2174.3360914806744,7956.612,5.335924,-0.0009407593,136350,1251.566286319911,696.5449894755271,7139.2,4.646236,1210.689,1.4889259,7956.612,5.335924,0,,,,,1251.566286319911,0.00050616486,696.5449894755271,0.00050271227,0.058390237,-0.10870947
2174.343035997474,7955.604,5.337106,-0.0009406839,136351,1251.5650759345906,696.5461607404686,7137.928,4.6472654,1212.9996,1.4905218,7955.604,5.337106,0,,,,,1251.5650759345906,0.00050639064,696.5461607404686,0.0005029771,0.057699557,-0.108350776
2174.349980514274,7955.1445,5.3381796,-0.00094060844,136352,1251.5653694113892,696.5472126061293,7137.8447,4.6482,1213.9618,1.4919211,7955.1445,5.3381796,0,,,,,1251.5653694113892,0.0005064424,696.5472126061293,0.00050268916,0.057444084,-0.10653528
2174.356925031016,7957.4995,5.3403187,-0.00094053306,136353,1251.5650016037214,696.5460193925514,7139.3433,4.650063,1211.469,1.4893785,7957.4995,5.3403187,0,,,,,1251.5650016037214,0.0005064866,696.5460193925514,0.0005034817,0.05677371,-0.10679057
2174.363869547816,7955.359,5.336525,-0.0009404576,136354,1251.564593800679,696.5480402395788,7139.1504,4.6467595,1213.2551,1.4894856,7955.359,5.336525,0,,,,,1251.564593800679,0.0005060481,696.5480402395788,0.00050255406,0.056365225,-0.10558089
2174.3708140646163,7958.4497,5.3371854,-0.0009403822,136355,1251.5633818761114,696.5485579374431,7141.8335,4.6473346,1209.9915,1.4890108,7958.4497,5.3371854,0,,,,,1251.5633818761114,0.00050594646,696.5485579374431,0.00050239085,0.054910537,-0.10444815
2174.377758581416,7950.2017,5.337966,-0.00094030675,136356,1251.5637875751356,696.5480129026366,7134.96,4.648014,1215.7474,1.4946144,7950.2017,5.337966,0,,,,,1251.5637875751356,0.0005059434,696.5480129026366,0.00050245953,0.054338053,-0.103904754
2174.3847030981574,7954.0425,5.3376546,-0.0009402314,136357,1251.5618973782466,696.5483948386809,7137.299,4.6477427,1212.7212,1.4904257,7954.0425,5.3376546,0,,,,,1251.5618973782466,0.0005064158,696.5483948386809,0.0005027802,0.05338967,-0.1039143
2174.3916476149575,7951.8867,5.33752,-0.00094015594,136358,1251.5636615912858,696.5504841351807,7134.264,4.6476264,1213.8925,1.4898612,7951.8867,5.33752,0,,,,,1251.5636615912858,0.0005064347,696.5504841351807,0.00050271663,0.05491697,-0.10156952
2174.3985921317576,7953.102,5.3388624,-0.0009400805,136359,1251.5613389217513,696.5494120590897,7136.7705,4.6487947,1213.4299,1.4931424,7953.102,5.3388624,0,,,,,1251.5613389217513,0.00050642586,696.5494120590897,0.00050269486,0.052411694,-0.1026031
2174.4055366485572,7952.2593,5.3351502,-0.00094000506,136360,1251.5613442748993,696.5504264440299,7134.8833,4.6455626,1214.0596,1.4891113,7952.2593,5.3351502,0,,,,,1251.5613442748993,0.0005061341,696.5504264440299,0.00050236523,0.05213895,-0.10220189
2174.4124811653564,7949.943,5.3359003,-0.0009399296,136361,1251.5610577857549,696.5523463755563,7131.894,4.6462154,1216.2876,1.490765,7949.943,5.3359003,0,,,,,1251.5610577857549,0.0005062967,696.5523463755563,0.00050270965,0.05202161,-0.10038978
2174.419425682157,7950.21,5.3355255,-0.0009398542,136362,1251.5606749285755,696.5521328117088,7133.129,4.6458893,1214.6747,1.489662,7950.21,5.3355255,0,,,,,1251.5606749285755,0.00050612894,696.5521328117088,0.0005024503,0.051027905,-0.09924384
2174.426370198958,7965.1523,5.3395877,-0.00093977875,136363,1251.5599182453177,696.5514276590619,7145.785,4.6494265,1214.3003,1.4907345,7965.1523,5.3395877,0,,,,,1251.5599182453177,0.00050543406,696.5514276590619,0.00050193985,0.050207913,-0.10025069
2174.433314715757,7960.5166,5.3420405,-0.0009397033,136364,1251.5593192919146,696.5535745079669,7141.7954,4.651562,1212.338,1.4932191,7960.5166,5.3420405,0,,,,,1251.5593192919146,0.0005055588,696.5535745079669,0.0005025661,0.049931962,-0.09915023
2174.4402592325564,7952.973,5.3382235,-0.0009396279,136365,1251.5590974737079,696.5532222285526,7136.0073,4.6482387,1213.5306,1.4911983,7952.973,5.3382235,0,,,,,1251.5590974737079,0.00050573936,696.5532222285526,0.0005022968,0.048997667,-0.09881213
2174.4472037493565,7959.958,5.33649,-0.00093955244,136366,1251.5589577947965,696.5537810612991,7140.641,4.6467295,1210.7042,1.488503,7959.958,5.33649,0,,,,,1251.5589577947965,0.00050547963,696.5537810612991,0.0005019638,0.049937762,-0.09779344
2174.4541482661566,7959.458,5.3411603,-0.000939477,136367,1251.5583654622108,696.553681230765,7140.465,4.6507955,1213.4498,1.4917693,7959.458,5.3411603,0,,,,,1251.5583654622108,0.00050542963,696.553681230765,0.0005024209,0.048062816,-0.096583776
2174.4610927829567,7959.0776,5.3380666,-0.00093940157,136368,1251.558779480782,696.5540174395175,7139.651,4.6481013,1211.4989,1.4895699,7959.0776,5.3380666,0,,,,,1251.558779480782,0.00050532096,696.5540174395175,0.0005019493,0.04790597,-0.09720473
2174.468037299756,7962.1875,5.3418117,-0.0009393261,136369,1251.5580360704384,696.5563550865279,7143.378,4.651363,1215.1903,1.4911017,7962.1875,5.3418117,0,,,,,1251.5580360704384,0.00050530577,696.5563550865279,0.00050233473,0.047455564,-0.09573935
2174.474981816556,7955.8975,5.3380613,-0.0009392507,136370,1251.5577229008256,696.5550509367039,7136.8228,4.6480975,1217.576,1.4908866,7955.8975,5.3380613,0,,,,,1251.5577229008256,0.0005052429,696.5550509367039,0.0005019961,0.046045013,-0.09615489
2174.481926333357,7952.391,5.3379517,-0.00093917525,136371,1251.5572483202677,696.5552145516477,7135.006,4.6480017,1210.0453,1.4922769,7952.391,5.3379517,0,,,,,1251.5572483202677,0.0005058629,696.5552145516477,0.00050202676,0.045488764,-0.095698096
2174.4888708501567,7955.4897,5.3358593,-0.0009390998,136372,1251.5562299843095,696.5575066184342,7136.864,4.64618,1211.7505,1.4883747,7955.4897,5.3358593,0,,,,,1251.5562299843095,0.00050553033,696.5575066184342,0.00050176034,0.04616924,-0.094276056
2174.4958153669563,7955.4,5.337406,-0.0009390244,136373,1251.5557433178847,696.5558795010669,7137.299,4.6475267,1214.3616,1.4913033,7955.4,5.337406,0,,,,,1251.5557433178847,0.0005053454,696.5558795010669,0.00050220103,0.044865098,-0.094952725
2174.5027598838146,7944.6475,5.333227,-0.0009389489,136374,1251.5548475291994,696.5563193688058,7127.2153,4.643888,1213.082,1.4898561,7944.6475,5.333227,0,,,,,1251.5548475291994,0.0005053689,696.5563193688058,0.00050232786,0.044767383,-0.094089694
2174.509704400614,7959.6606,5.34076,-0.00093887345,136375,1251.5548243309706,696.557905415006,7140.422,4.6504474,1212.0538,1.4928815,7959.6606,5.34076,0,,,,,1251.5548243309706,0.00050509383,696.557905415006,0.00050204236,0.04366381,-0.09277259
2174.516648917414,7957.4507,5.337338,-0.000938798,136376,1251.5548627401067,696.5577213848936,7138.6055,4.6474676,1210.8379,1.4890815,7957.4507,5.337338,0,,,,,1251.5548627401067,0.00050571456,696.5577213848936,0.0005018057,0.04408804,-0.093611464
2174.523593434214,7953.696,5.3366556,-0.0009387226,136377,1251.5544507045952,696.5579077557643,7134.903,4.646873,1212.4904,1.4894152,7953.696,5.3366556,0,,,,,1251.5544507045952,0.0005053851,696.5579077557643,0.0005019034,0.04273204,-0.09246553
2174.5305379510723,7954.984,5.3347144,-0.0009386471,136378,1251.5535871465709,696.5596138963989,7135.84,4.645183,1210.7728,1.4885585,7954.984,5.3347144,0,,,,,1251.5535871465709,0.000504999,696.5596138963989,0.00050137145,0.043077745,-0.09105425
2174.537482467872,7951.353,5.336487,-0.00093857164,136379,1251.5531440204306,696.5593693744917,7133.232,4.646726,1211.1443,1.4903892,7951.353,5.336487,0,,,,,1251.5531440204306,0.000505304,696.5593693744917,0.0005018614,0.04136259,-0.092046306
2174.5444269846716,7944.098,5.3345227,-0.0009384962,136380,1251.5529094886103,696.5599245732336,7127.6006,4.6450157,1215.5258,1.490954,7944.098,5.3345227,0,,,,,1251.5529094886103,0.0005053727,696.5599245732336,0.0005017965,0.041180193,-0.09128909
2174.5513715014727,7951.8203,5.339742,-0.00093842077,136381,1251.5529136494315,696.5605779091804,7132.3633,4.649561,1214.4478,1.4916509,7951.8203,5.339742,0,,,,,1251.5529136494315,0.00050559844,696.5605779091804,0.0005023549,0.041866045,-0.09002115
2174.5583160183305,7955.407,5.336373,-0.00093834527,136382,1251.5515182231195,696.5613645495797,7136.4507,4.646627,1213.1587,1.4908812,7955.407,5.336373,0,,,,,1251.5515182231195,0.00050504034,696.5613645495797,0.0005013992,0.04008982,-0.09009911
2174.5652605351297,7958.6987,5.3375363,-0.00093826983,136383,1251.5505272841688,696.5606773515157,7139.304,4.64764,1212.7766,1.4915001,7958.6987,5.3375363,0,,,,,1251.5505272841688,0.0005046007,696.5606773515157,0.0005013592,0.03966326,-0.089526854
2174.5722050519294,7949.848,5.3366976,-0.0009381944,136384,1251.5523758649838,696.5620128960944,7130.6567,4.64691,1213.5118,1.4907068,7949.848,5.3366976,0,,,,,1251.5523758649838,0.0005051229,696.5620128960944,0.000502069,0.040264737,-0.088349774
2174.5791495687886,7952.7827,5.3349767,-0.0009381189,136385,1251.5512319765448,696.5619959797119,7134.0396,4.6454115,1212.524,1.4892676,7952.7827,5.3349767,0,,,,,1251.5512319765448,0.0005052697,696.5619959797119,0.00050133833,0.03986215,-0.088561766
2174.5860940855882,7953.111,5.3355885,-0.00093804346,136386,1251.5505122265763,696.562807202477,7134.057,4.645944,1213.3099,1.4894398,7953.111,5.3355885,0,,,,,1251.5505122265763,0.0005050514,696.562807202477,0.0005015464,0.039134808,-0.08705173
2174.593038602446,7957.5327,5.335879,-0.00093796797,136387,1251.5509253171351,696.5632441229837,7138.01,4.646197,1210.3635,1.4897989,7957.5327,5.335879,0,,,,,1251.5509253171351,0.0005045234,696.5632441229837,0.00050120155,0.038111836,-0.087259226
2174.599983119246,7956.949,5.337554,-0.00093789253,136388,1251.5504632375394,696.5632914583343,7137.2686,4.6476555,1212.6599,1.4908192,7956.949,5.337554,0,,,,,1251.5504632375394,0.00050503947,696.5632914583343,0.0005016412,0.038045783,-0.08649952
2174.6069276360463,7962.7915,5.340677,-0.0009378171,136389,1251.5497036275074,696.5636409624631,7142.0796,4.650375,1214.2354,1.4911177,7962.7915,5.340677,0,,,,,1251.5497036275074,0.0005052168,696.5636409624631,0.0005013243,0.037980806,-0.08589999
2174.6138721529046,7960.691,5.3376727,-0.0009377416,136390,1251.549749904737,696.5648265785359,7137.7866,4.647759,1212.742,1.4903224,7960.691,5.3376727,0,,,,,1251.549749904737,0.00050500064,696.5648265785359,0.00050173927,0.03837295,-0.0844311
2174.6208166697047,7952.1924,5.3376975,-0.00093766616,136391,1251.548937450126,696.5640475240112,7132.3394,4.6477804,1212.0697,1.4902433,7952.1924,5.3376975,0,,,,,1251.548937450126,0.00050518673,696.5640475240112,0.00050203654,0.03715256,-0.08590672
2174.6277611865626,7962.677,5.336777,-0.00093759067,136392,1251.5494456866995,696.5651011122831,7141.091,4.6469793,1211.4641,1.4885716,7962.677,5.336777,0,,,,,1251.5494456866995,0.0005043719,696.5651011122831,0.00050113443,0.03582744,-0.083477736
2174.6347057033618,7961.1875,5.3413725,-0.00093751523,136393,1251.5496034960056,696.5652529743681,7140.4204,4.6509805,1214.4817,1.4949889,7961.1875,5.3413725,0,,,,,1251.5496034960056,0.00050447794,696.5652529743681,0.000501524,0.036386736,-0.08355235
2174.6416502202196,7954.008,5.3360558,-0.00093743973,136394,1251.5475214252415,696.5656611023204,7134.028,4.6463504,1213.039,1.490967,7954.008,5.3360558,0,,,,,1251.5475214252415,0.00050471694,696.5656611023204,0.0005014049,0.034729857,-0.08342034
2174.6485947370206,7954.2925,5.3368077,-0.0009373643,136395,1251.5488188982777,696.5654574732464,7134.3403,4.6470056,1212.7195,1.4906279,7954.2925,5.3368077,0,,,,,1251.5488188982777,0.0005046764,696.5654574732464,0.000501724,0.03622641,-0.08331462
2174.655539253879,7954.7764,5.3368344,-0.0009372888,136396,1251.5472262924152,696.5657669058951,7134.116,4.647029,1212.9248,1.4900193,7954.7764,5.3368344,0,,,,,1251.5472262924152,0.0005046386,696.5657669058951,0.0005015541,0.034401663,-0.08261673
2174.6624837707363,7957.06,5.3369894,-0.0009372133,136397,1251.546170236302,696.5669751999852,7136.7637,4.647164,1212.055,1.4911402,7957.06,5.3369894,0,,,,,1251.546170236302,0.0005043087,696.5669751999852,0.0005011662,0.03426005,-0.08154204
2174.6694282875364,7951.644,5.3366556,-0.00093713787,136398,1251.5463819254169,696.566933253232,7131.5337,4.646873,1215.5947,1.4919394,7951.644,5.3366556,0,,,,,1251.5463819254169,0.0005044611,696.566933253232,0.00050153595,0.032908395,-0.08067473
2174.6763728043948,7963.9614,5.341532,-0.0009370624,136399,1251.5462364339865,696.5674941251228,7142.9243,4.651119,1211.6991,1.4932563,7963.9614,5.341532,0,,,,,1251.5462364339865,0.0005050189,696.5674941251228,0.0005007663,0.032837506,-0.08040353
2174.683317321195,7952.431,5.3367677,-0.00093698694,136400,1251.5469517358242,696.567589589993,7131.3403,4.6469707,1214.2682,1.4921736,7952.431,5.3367677,0,,,,,1251.5469517358242,0.0005047612,696.567589589993,0.0005015464,0.033665292,-0.080146894
2174.6902618380523,7956.0625,5.340478,-0.00093691144,136401,1251.5456303255453,696.5684198000013,7135.4175,4.650202,1213.656,1.4926684,7956.0625,5.340478,0,,,,,1251.5456303255453,0.0005052475,696.5684198000013,0.00050137995,0.032016464,-0.07956468
2174.6972063549106,7954.8525,5.3363223,-0.00093683595,136402,1251.546198975229,696.5671672842536,7133.431,4.6465826,1211.0398,1.4922055,7954.8525,5.3363223,0,,,,,1251.546198975229,0.00050457846,696.5671672842536,0.0005009014,0.03215939,-0.0798319
2174.7041508717107,7957.24,5.339563,-0.0009367605,136403,1251.5448865488945,696.5682823341918,7136.305,4.649405,1214.1864,1.4911281,7957.24,5.339563,0,,,,,1251.5448865488945,0.00050514995,696.5682823341918,0.0005011249,0.032216065,-0.07910694
2174.711095388569,7955.1084,5.3372827,-0.000936685,136404,1251.5449686826091,696.5677980902441,7134.617,4.6474195,1212.1978,1.4916061,7955.1084,5.3372827,0,,,,,1251.5449686826091,0.0005045246,696.5677980902441,0.0005009906,0.0305415,-0.07863495
2174.718039905427,7955.852,5.336032,-0.0009366095,136405,1251.5438674926318,696.5690469854784,7135.6816,4.64633,1211.0426,1.4898752,7955.852,5.336032,0,,,,,1251.5438674926318,0.0005039732,696.5690469854784,0.00050098076,0.030471124,-0.07762545
2174.7249844222265,7965.454,5.3394165,-0.0009365341,136406,1251.5441757461506,696.5696903004721,7143.623,4.6492777,1211.895,1.4907091,7965.454,5.3394165,0,,,,,1251.5441757461506,0.00050396443,696.5696903004721,0.0005007221,0.029983653,-0.077953346
2174.7319289390857,7956.1665,5.33642,-0.0009364586,136407,1251.54379129197,696.5702335064929,7135.1987,4.646668,1211.4005,1.4898577,7956.1665,5.33642,0,,,,,1251.54379129197,0.00050400855,696.5702335064929,0.00050093874,0.029814068,-0.077029824
2174.7388734559436,7958.7715,5.3373957,-0.0009363831,136408,1251.54403976353,696.5709497348738,7136.7554,4.647517,1211.2452,1.4898546,7958.7715,5.3373957,0,,,,,1251.54403976353,0.0005042731,696.5709497348738,0.00050090894,0.029510051,-0.07643775
2174.745817972801,7962.588,5.3412957,-0.0009363076,136409,1251.54468768883,696.5708554626303,7140.6064,4.6509137,1211.3326,1.4920088,7962.588,5.3412957,0,,,,,1251.54468768883,0.00050417084,696.5708554626303,0.0005009553,0.028975707,-0.07594291
2174.7527624896006,7959.751,5.338933,-0.00093623216,136410,1251.5443285135234,696.5713517942088,7138.132,4.648856,1212.2081,1.4898963,7959.751,5.338933,0,,,,,1251.5443285135234,0.00050451007,696.5713517942088,0.00050100946,0.029416488,-0.075868666
2174.759707006459,7952.937,5.335443,-0.00093615666,136411,1251.5422445086904,696.5711984130244,7132.2666,4.6458173,1212.6776,1.4899199,7952.937,5.335443,0,,,,,1251.5422445086904,0.00050417497,696.5711984130244,0.00050076237,0.027639309,-0.07545331
2174.7666515233173,7951.15,5.3345785,-0.00093608117,136412,1251.5421629410785,696.5724552053143,7130.565,4.645065,1210.6143,1.490688,7951.15,5.3345785,0,,,,,1251.5421629410785,0.0005041334,696.5724552053143,0.00050089805,0.028112676,-0.07536279
2174.7735960401765,7954.9243,5.338533,-0.0009360057,136413,1251.5421665878578,696.5724426035513,7133.3066,4.648508,1211.8859,1.4919349,7954.9243,5.338533,0,,,,,1251.5421665878578,0.0005040195,696.5724426035513,0.0005015655,0.026752783,-0.074607335
2174.7805405570343,7953.876,5.337304,-0.0009359302,136414,1251.5417018325318,696.5722290008179,7132.725,4.6474376,1213.0266,1.4931197,7953.876,5.337304,0,,,,,1251.5417018325318,0.0005041033,696.5722290008179,0.0005007881,0.027023137,-0.074128985
2174.7874850738335,7949.293,5.33735,-0.00093585474,136415,1251.5414587570892,696.5732298833059,7128.6914,4.6474776,1212.6947,1.4919956,7949.293,5.33735,0,,,,,1251.5414587570892,0.00050463615,696.5732298833059,0.0005012805,0.027229842,-0.074183054
2174.7944295906914,7966.391,5.338912,-0.00093577924,136416,1251.5415546849883,696.5720348216149,7142.586,4.648838,1214.054,1.4899459,7966.391,5.338912,0,,,,,1251.5415546849883,0.00050393026,696.5720348216149,0.0005005964,0.027194133,-0.07388317
2174.8013741075506,7948.8784,5.3352537,-0.00093570375,136417,1251.5405283505615,696.573600843381,7127.909,4.6456523,1212.3573,1.4912485,7948.8784,5.3352537,0,,,,,1251.5405283505615,0.00050443277,696.573600843381,0.0005012975,0.02549232,-0.07281267
2174.8083186244085,7955.582,5.337064,-0.00093562825,136418,1251.5409204421699,696.5739983158287,7133.6284,4.6472287,1212.115,1.4911547,7955.582,5.337064,0,,,,,1251.5409204421699,0.00050429394,696.5739983158287,0.00050061295,0.025164237,-0.07245114
2174.815263141266,7945.8325,5.3342886,-0.00093555276,136419,1251.54127452259,696.5737137627557,7124.2227,4.6448126,1213.9854,1.4916053,7945.8325,5.3342886,0,,,,,1251.54127452259,0.00050460314,696.5737137627557,0.00050125446,0.02591879,-0.07193568
2174.8222076581233,7945.4033,5.33389,-0.00093547726,136420,1251.5393401326364,696.5748209097452,7124.3125,4.644465,1213.0088,1.4905385,7945.4033,5.33389,0,,,,,1251.5393401326364,0.00050416536,696.5748209097452,0.00050108356,0.024019878,-0.0719011
2174.829152174982,7959.3228,5.340498,-0.00093540177,136421,1251.5388359717024,696.5727015440814,7136.5127,4.6502194,1213.1781,1.4938583,7959.3228,5.340498,0,,,,,1251.5388359717024,0.000504746,696.5727015440814,0.00050076365,0.023650592,-0.073150545
2174.8360966918412,7962.251,5.3370304,-0.0009353263,136422,1251.540630642108,696.5742901766758,7139.006,4.647199,1210.0493,1.490732,7962.251,5.3370304,0,,,,,1251.540630642108,0.00050351955,696.5742901766758,0.00049995875,0.024378855,-0.07095024
2174.8430412086987,7950.952,5.33484,-0.0009352508,136423,1251.540303753669,696.5754360875691,7129.152,4.6452923,1211.7155,1.4903482,7950.952,5.33484,0,,,,,1251.540303753669,0.0005040472,696.5754360875691,0.0005008985,0.024118213,-0.07098963
2174.8499857254988,7947.0015,5.3332677,-0.00093517534,136424,1251.5387050254692,696.5755597291259,7125.6094,4.6439238,1212.1683,1.4895194,7947.0015,5.3332677,0,,,,,1251.5387050254692,0.00050407887,696.5755597291259,0.0005006743,0.0239702,-0.07050452
2174.856930242357,7950.27,5.3341436,-0.00093509984,136425,1251.5388417696688,696.5756086308934,7128.659,4.644686,1211.3456,1.48972,7950.27,5.3341436,0,,,,,1251.5388417696688,0.00050386466,696.5756086308934,0.0005007118,0.022923995,-0.07078704
2174.8638747592154,7949.197,5.336045,-0.00093502435,136426,1251.5386739771925,696.5758117166616,7127.1665,4.6463413,1213.5448,1.4921918,7949.197,5.336045,0,,,,,1251.5386739771925,0.00050436734,696.5758117166616,0.0005009357,0.023251345,-0.06976161
2174.870819276073,7961.565,5.3378506,-0.00093494885,136427,1251.5378317530578,696.5769451884673,7137.962,4.647914,1212.0308,1.4911274,7961.565,5.3378506,0,,,,,1251.5378317530578,0.0005037022,696.5769451884673,0.0005006153,0.022533175,-0.069366835
2174.877763792931,7947.2217,5.332873,-0.00093487336,136428,1251.538154533008,696.5762791196461,7125.5225,4.6435795,1210.9015,1.4894533,7947.2217,5.332873,0,,,,,1251.538154533008,0.00050405384,696.5762791196461,0.00050047354,0.022016332,-0.068773575
2174.88470830979,7949.3564,5.3366504,-0.00093479786,136429,1251.5381958976045,696.5761699813503,7127.6265,4.646869,1212.8154,1.4938298,7949.3564,5.3366504,0,,,,,1251.5381958976045,0.0005039846,696.5761699813503,0.0005012508,0.021841696,-0.06893363
2174.891652826648,7958.8545,5.336863,-0.00093472237,136430,1251.5376790257455,696.5775400999306,7136.2637,4.6470537,1209.9966,1.4895232,7958.8545,5.336863,0,,,,,1251.5376790257455,0.0005037253,696.5775400999306,0.00050066947,0.021441886,-0.06839051
2174.898597343564,7947.7573,5.335614,-0.0009346468,136431,1251.5378814612804,696.5755443935105,7123.3784,4.6459665,1215.4622,1.4938003,7947.7573,5.335614,0,,,,,1251.5378814612804,0.00050443684,696.5755443935105,0.0005013583,0.021742051,-0.069573335
2174.9055418604216,7947.9204,5.3381996,-0.0009345713,136432,1251.537129695175,696.5772195573941,7125.3467,4.6482177,1213.8175,1.4930707,7947.9204,5.3381996,0,,,,,1251.537129695175,0.000504147,696.5772195573941,0.00050163805,0.021010844,-0.06797572
2174.91248637728,7952.443,5.336799,-0.0009344958,136433,1251.5362422795274,696.5774989006517,7128.3213,4.646998,1215.119,1.4923205,7952.443,5.336799,0,,,,,1251.5362422795274,0.00050414575,696.5774989006517,0.0005014929,0.020064842,-0.06948745
2174.9194308941383,7959.098,5.33728,-0.0009344203,136434,1251.537068934423,696.5790932709778,7135.086,4.6474166,1211.4755,1.490301,7959.098,5.33728,0,,,,,1251.537068934423,0.0005038416,696.5790932709778,0.0005002969,0.020612236,-0.0672568
2174.9263754109966,7946.2144,5.3338714,-0.00093434483,136435,1251.5361625538721,696.5783470257467,7124.3076,4.644449,1213.2522,1.490171,7946.2144,5.3338714,0,,,,,1251.5361625538721,0.0005040496,696.5783470257467,0.00050104375,0.020062564,-0.066960655
2174.933319927855,7946.5635,5.3359046,-0.00093426934,136436,1251.5350521030089,696.5777563776521,7123.4087,4.6462193,1215.7386,1.4919418,7946.5635,5.3359046,0,,,,,1251.5350521030089,0.00050423434,696.5777563776521,0.0005013249,0.019525763,-0.06637539
2174.9402644447123,7944.128,5.333036,-0.00093419384,136437,1251.5362200212496,696.5798004222578,7122.7695,4.6437216,1211.119,1.4899735,7944.128,5.333036,0,,,,,1251.5362200212496,0.00050392235,696.5798004222578,0.000500932,0.01945986,-0.06697707
2174.9472089615706,7959.7534,5.340957,-0.00093411835,136438,1251.5358630273859,696.5787852794701,7136.0576,4.650619,1210.5812,1.4934103,7959.7534,5.340957,0,,,,,1251.5358630273859,0.0005038469,696.5787852794701,0.000500628,0.019607566,-0.06622986
2174.95415347843,7952.7114,5.3346047,-0.00093404285,136439,1251.5345221593168,696.5794216262904,7129.1313,4.6450872,1210.013,1.4906567,7952.7114,5.3346047,0,,,,,1251.5345221593168,0.00050391053,696.5794216262904,0.00050081714,0.0184584,-0.06636151
2174.961097995346,7950.4053,5.3372326,-0.0009339673,136440,1251.5366945067217,696.5786234737299,7126.8022,4.6473756,1213.8735,1.4927139,7950.4053,5.3372326,0,,,,,1251.5366945067217,0.00050431455,696.5786234737299,0.0005007354,0.019750666,-0.06664733
2174.9680425122033,7939.1304,5.3359857,-0.0009338918,136441,1251.533758300048,696.5796927778522,7117.6333,4.64629,1214.0686,1.4924418,7939.1304,5.3359857,0,,,,,1251.533758300048,0.00050448393,696.5796927778522,0.00050185266,0.01721658,-0.06558253
2174.974987029061,7945.7344,5.339328,-0.0009338163,136442,1251.5356823228324,696.5794871886914,7122.9243,4.6492,1216.2958,1.4940504,7945.7344,5.339328,0,,,,,1251.5356823228324,0.00050535623,696.5794871886914,0.00050128176,0.018082768,-0.06561017
2174.9819315459204,7944.4893,5.3346043,-0.0009337408,136443,1251.5344183006237,696.5800571128322,7122.56,4.645087,1214.5449,1.4912617,7944.4893,5.3346043,0,,,,,1251.5344183006237,0.00050417136,696.5800571128322,0.0005009959,0.01794845,-0.06476918
2174.9888760628364,7956.9385,5.337876,-0.00093366526,136444,1251.5342807664088,696.5804540608207,7132.722,4.6479354,1211.9558,1.4925793,7956.9385,5.337876,0,,,,,1251.5342807664088,0.00050357985,696.5804540608207,0.0005005355,0.016824188,-0.06460028
2174.995820579694,7960.734,5.3387294,-0.00093358976,136445,1251.5348399443958,696.5819418986495,7135.931,4.648679,1215.1754,1.49134,7960.734,5.3387294,0,,,,,1251.5348399443958,0.0005034765,696.5819418986495,0.0005001003,0.017594038,-0.06444478
2175.002765096552,7960.7,5.336324,-0.00093351427,136446,1251.5328086192092,696.5819669230955,7135.919,4.646585,1211.8031,1.4899073,7960.7,5.336324,0,,,,,1251.5328086192092,0.00050311215,696.5819669230955,0.000500318,0.016434455,-0.06461317
2175.009709613411,7947.587,5.3353276,-0.0009334388,136447,1251.5335593496527,696.5819022716045,7124.6616,4.6457167,1211.6881,1.491994,7947.587,5.3353276,0,,,,,1251.5335593496527,0.0005037609,696.5819022716045,0.000500482,0.016363088,-0.06350583
2175.0166541303274,7957.616,5.336617,-0.0009333632,136448,1251.5336136069893,696.5810920515385,7133.175,4.6468396,1211.1409,1.4919581,7957.616,5.336617,0,,,,,1251.5336136069893,0.00050330267,696.5810920515385,0.00050024345,0.016183678,-0.063895255
2175.023598647185,7954.7144,5.335676,-0.0009332877,136449,1251.5322237290518,696.5833168940787,7130.5,4.646021,1211.354,1.4904891,7954.7144,5.335676,0,,,,,1251.5322237290518,0.0005034186,696.5833168940787,0.00050065777,0.015472378,-0.06294492
2175.030543164043,7945.853,5.3363237,-0.0009332122,136450,1251.5326286868979,696.5823343824757,7122.9756,4.6465845,1213.8582,1.4929495,7945.853,5.3363237,0,,,,,1251.5326286868979,0.0005041124,696.5823343824757,0.00050096074,0.016111458,-0.063687004
2175.0374876809597,7955.002,5.335834,-0.0009331367,136451,1251.5330717855074,696.5830221689062,7130.8135,4.6461577,1212.2522,1.49107,7955.002,5.335834,0,,,,,1251.5330717855074,0.00050333823,696.5830221689062,0.0005002639,0.015885288,-0.06202543
2175.044432197818,7951.229,5.3351097,-0.0009330612,136452,1251.5323276318688,696.5830911805049,7127.595,4.645527,1212.2405,1.4926853,7951.229,5.3351097,0,,,,,1251.5323276318688,0.000503664,696.5830911805049,0.00050056336,0.015469386,-0.06321647
2175.0513767146763,7955.068,5.340481,-0.0009329857,136453,1251.5302259124333,696.5826532463026,7129.774,4.6502037,1213.3369,1.4924175,7955.068,5.340481,0,,,,,1251.5302259124333,0.00050405395,696.5826532463026,0.00050119474,0.013609443,-0.06190508
2175.0583212315923,7953.5186,5.3366637,-0.00093291013,136454,1251.5319398715333,696.5827379940944,7128.8613,4.64688,1215.1338,1.4916149,7953.5186,5.3366637,0,,,,,1251.5319398715333,0.0005035079,696.5827379940944,0.00050011935,0.015855178,-0.061471734
2175.06526574845,7960.0728,5.335752,-0.00093283464,136455,1251.5315286777318,696.5832022058642,7134.6606,4.6460867,1211.3644,1.4900905,7960.0728,5.335752,0,,,,,1251.5315286777318,0.00050288235,696.5832022058642,0.0005000635,0.013802979,-0.061695162
2175.0722102653667,7956.572,5.3362184,-0.0009327591,136456,1251.530599170656,696.5844771085992,7131.373,4.6464925,1213.5952,1.4909974,7956.572,5.3362184,0,,,,,1251.530599170656,0.0005034031,696.5844771085992,0.00050054846,0.013630479,-0.061084766
2175.079154782225,7956.3164,5.3361053,-0.0009326836,136457,1251.531562907552,696.5844944316092,7131.391,4.6463943,1214.4236,1.4913443,7956.3164,5.3361053,0,,,,,1251.531562907552,0.0005033336,696.5844944316092,0.00050038786,0.014427925,-0.061798055
2175.0860992991416,7965.261,5.3404765,-0.00093260803,136458,1251.5313894498647,696.5841874504828,7139.063,4.6502004,1210.8945,1.4909383,7965.261,5.3404765,0,,,,,1251.5313894498647,0.00050309376,696.5841874504828,0.0005003622,0.014001695,-0.061027918
2175.093043815999,7963.6973,5.3416095,-0.00093253254,136459,1251.5323215555463,696.583254058429,7137.5547,4.6511865,1212.1313,1.4935989,7963.6973,5.3416095,0,,,,,1251.5323215555463,0.0005032109,696.583254058429,0.0005005472,0.013843615,-0.060880248
2175.0999883328573,7965.3413,5.338606,-0.00093245704,136460,1251.5302790458854,696.5846451236391,7139.4995,4.6485715,1214.3253,1.4921232,7965.3413,5.338606,0,,,,,1251.5302790458854,0.000502771,696.5846451236391,0.00049984624,0.012216691,-0.060598746
2175.106932849774,7968.784,5.3435397,-0.0009323815,136461,1251.5300527761588,696.5845687944945,7142.5293,4.6528673,1211.8715,1.492592,7968.784,5.3435397,0,,,,,1251.5300527761588,0.0005029284,696.5845687944945,0.0005004687,0.0124123,-0.06069864
2175.1138773666903,7954.538,5.335179,-0.00093230593,136462,1251.5312250001768,696.5840316565155,7129.153,4.6455874,1212.6693,1.4912128,7954.538,5.335179,0,,,,,1251.5312250001768,0.00050314504,696.5840316565155,0.0005000616,0.013083803,-0.06035718
2175.1208218835477,7968.588,5.3403163,-0.00093223044,136463,1251.5293998261131,696.5852244418586,7141.654,4.6500607,1212.6133,1.4921298,7968.588,5.3403163,0,,,,,1251.5293998261131,0.0005032279,696.5852244418586,0.0004997895,0.012048285,-0.06008418
2175.127766400465,7957.3247,5.335893,-0.0009321549,136464,1251.530813524496,696.5846009985448,7131.7715,4.6462092,1211.6414,1.4904275,7957.3247,5.335893,0,,,,,1251.530813524496,0.0005029778,696.5846009985448,0.0005000715,0.012169517,-0.058915686
2175.134710917324,7957.332,5.3375354,-0.0009320794,136465,1251.5294015522159,696.5852332695187,7132.104,4.6476393,1213.5824,1.4914178,7957.332,5.3375354,0,,,,,1251.5294015522159,0.0005032276,696.5852332695187,0.00050022523,0.01150435,-0.059352282
2175.1416554342395,7956.573,5.340625,-0.00093200384,136466,1251.529992109521,696.5853203036344,7130.3755,4.6503296,1212.4484,1.4936811,7956.573,5.340625,0,,,,,1251.529992109521,0.00050434633,696.5853203036344,0.00050044653,0.011976485,-0.05931691
2175.148599951097,7958.608,5.338281,-0.00093192834,136467,1251.529091081001,696.5849040876242,7132.8374,4.6482887,1213.7432,1.4927024,7958.608,5.338281,0,,,,,1251.529091081001,0.0005032069,696.5849040876242,0.0004999416,0.012079589,-0.058663864
2175.155544468014,7948.5405,5.335163,-0.0009318528,136468,1251.5297797632866,696.5850781558191,7123.6045,4.6455736,1214.0823,1.492168,7948.5405,5.335163,0,,,,,1251.5297797632866,0.0005035286,696.5850781558191,0.0005005898,0.011534625,-0.058682516
2175.162488984931,7950.261,5.337233,-0.00093177723,136469,1251.529291282489,696.585655062489,7125.751,4.647376,1212.1964,1.4930017,7950.261,5.337233,0,,,,,1251.529291282489,0.00050330366,696.585655062489,0.0005004582,0.010812626,-0.05791847
2175.1694335017883,7956.4287,5.337165,-0.00093170174,136470,1251.5291272630668,696.586654609465,7130.1953,4.6473165,1212.198,1.4909939,7956.4287,5.337165,0,,,,,1251.5291272630668,0.0005035173,696.586654609465,0.00049998186,0.010597969,-0.0574301
2175.176378018704,7947.171,5.3359737,-0.0009316262,136471,1251.5286247730699,696.5860823951002,7122.6064,4.64628,1214.1233,1.4917005,7947.171,5.3359737,0,,,,,1251.5286247730699,0.00050390826,696.5860823951002,0.0005008019,0.0109454915,-0.058423642
2175.1833225356204,7949.1367,5.336074,-0.00093155063,136472,1251.528381983934,696.5886141429888,7124.0854,4.646367,1212.2188,1.4919025,7949.1367,5.336074,0,,,,,1251.528381983934,0.00050370913,696.5886141429888,0.00050057995,0.010250122,-0.056973558
2175.190267052479,7958.2446,5.3376827,-0.00093147514,136473,1251.527809107089,696.5870383472804,7132.728,4.6477675,1213.0046,1.4913939,7958.2446,5.3376827,0,,,,,1251.527809107089,0.000503012,696.5870383472804,0.0005002794,0.010170991,-0.057015818
2175.1972115693957,7951.5054,5.3352304,-0.0009313996,136474,1251.5281121644641,696.5870734611731,7126.109,4.6456323,1211.177,1.4917227,7951.5054,5.3352304,0,,,,,1251.5281121644641,0.0005034826,696.5870734611731,0.00050015625,0.009811211,-0.05694909
2175.204156086312,7951.657,5.3364697,-0.00093132403,136475,1251.5279465521908,696.5870510989668,7126.728,4.6467113,1214.4171,1.4923216,7951.657,5.3364697,0,,,,,1251.5279465521908,0.0005031067,696.5870510989668,0.00050034287,0.009505437,-0.05657577
2175.2111006032283,7954.5815,5.337659,-0.0009312485,136476,1251.528943172693,696.5868482259107,7129.2266,4.647747,1211.7047,1.496654,7954.5815,5.337659,0,,,,,1251.528943172693,0.00050302263,696.5868482259107,0.0004998382,0.010087325,-0.056580912
2175.218045120086,7954.071,5.337226,-0.000931173,136477,1251.5277973939274,696.5872899824359,7128.8745,4.64737,1213.8334,1.4951668,7954.071,5.337226,0,,,,,1251.5277973939274,0.0005029977,696.5872899824359,0.0004999285,0.009045802,-0.056310084
2175.2249896370026,7953.0723,5.3367615,-0.0009310974,136478,1251.527616627703,696.5877081493081,7127.3184,4.6469655,1214.2642,1.4927523,7953.0723,5.3367615,0,,,,,1251.527616627703,0.0005032511,696.5877081493081,0.00050029595,0.0094860615,-0.056453492
2175.231934153919,7957.3306,5.340873,-0.0009310219,136479,1251.527965055054,696.5878778552387,7129.865,4.650545,1212.9641,1.4927163,7957.3306,5.340873,0,,,,,1251.527965055054,0.0005037835,696.5878778552387,0.0005007541,0.009206866,-0.05535353
2175.2388786708357,7949.0786,5.3346,-0.0009309463,136480,1251.5274985987592,696.5882607596079,7123.6475,4.645083,1212.4893,1.4923356,7949.0786,5.3346,0,,,,,1251.5274985987592,0.00050323684,696.5882607596079,0.000499911,0.008445705,-0.05556317
2175.245823187752,7956.3525,5.3391676,-0.00093087077,136481,1251.5272099883944,696.5894449914118,7129.678,4.6490602,1212.3716,1.4933587,7956.3525,5.3391676,0,,,,,1251.5272099883944,0.0005030614,696.5894449914118,0.00050023105,0.007933764,-0.054838732
2175.2527677046105,7956.497,5.3356657,-0.0009307953,136482,1251.5274619834652,696.5878792750914,7129.913,4.646011,1212.0496,1.4908623,7956.497,5.3356657,0,,,,,1251.5274619834652,0.0005030019,696.5878792750914,0.00050002674,0.008521427,-0.055484965
2175.259712221527,7944.1987,5.3358364,-0.0009307197,136483,1251.5251903550509,696.5883779202508,7118.946,4.6461596,1211.9928,1.4916277,7944.1987,5.3358364,0,,,,,1251.5251903550509,0.0005035648,696.5883779202508,0.000501057,0.007565332,-0.05475251
2175.2666567384426,7945.622,5.331961,-0.00093064416,136484,1251.5258972669556,696.5887748967003,7119.1704,4.6427855,1211.7876,1.490631,7945.622,5.331961,0,,,,,1251.5258972669556,0.00050323317,696.5887748967003,0.00050030166,0.007026572,-0.05444692
2175.2736012553582,7962.194,5.3382792,-0.0009305686,136485,1251.5260064570673,696.5898355185967,7134.201,4.648287,1212.0188,1.4909123,7962.194,5.3382792,0,,,,,1251.5260064570673,0.0005034058,696.5898355185967,0.00049982587,0.0077136066,-0.05370177
2175.280545772275,7965.3984,5.3409925,-0.00093049306,136486,1251.5260504640949,696.5891953972564,7137.6685,4.650649,1211.598,1.4935559,7965.3984,5.3409925,0,,,,,1251.5260504640949,0.000502488,696.5891953972564,0.0005001053,0.007046031,-0.054189764
2175.287490289192,7952.3784,5.3339972,-0.0009304175,136487,1251.5257991456986,696.5901024639489,7126.4033,4.6445584,1212.6083,1.4905728,7952.3784,5.3339972,0,,,,,1251.5257991456986,0.00050290464,696.5901024639489,0.00049964705,0.006977985,-0.05365265
2175.294434806108,7956.588,5.335714,-0.00093034195,136488,1251.5260273250815,696.58978057148,7128.98,4.6460533,1213.0542,1.4911256,7956.588,5.335714,0,,,,,1251.5260273250815,0.0005029973,696.58978057148,0.0004998669,0.0073291278,-0.05339369
2175.3013793230234,7953.363,5.3352704,-0.0009302664,136489,1251.5254065010624,696.5892514401835,7126.5625,4.645667,1211.9891,1.4907775,7953.363,5.3352704,0,,,,,1251.5254065010624,0.0005033017,696.5892514401835,0.000500089,0.006489465,-0.05372941
2175.308323839941,7954.6055,5.3352613,-0.00093019084,136490,1251.5263447942878,696.5894036814585,7127.388,4.645659,1210.6329,1.4923877,7954.6055,5.3352613,0,,,,,1251.5263447942878,0.00050305366,696.5894036814585,0.00049978396,0.0075042294,-0.05319782
2175.315268356858,7952.3374,5.3385315,-0.0009301153,136491,1251.525966520543,696.5893530497397,7125.259,4.648506,1213.4153,1.4958079,7952.3374,5.3385315,0,,,,,1251.525966520543,0.0005032318,696.5893530497397,0.00050051196,0.006382775,-0.053753767
2175.3222128737734,7944.7627,5.3345895,-0.00093003974,136492,1251.5246854511079,696.5897571544607,7116.589,4.645074,1212.5398,1.493595,7944.7627,5.3345895,0,,,,,1251.5246854511079,0.0005037988,696.5897571544607,0.0005010517,0.0053693955,-0.053007275
2175.3291573906895,7956.985,5.336401,-0.0009299642,136493,1251.5260004078348,696.5911538471984,7128.7056,4.6466513,1213.1832,1.4918338,7956.985,5.336401,0,,,,,1251.5260004078348,0.00050308864,696.5911538471984,0.00050000806,0.006894351,-0.051662885
2175.336101907607,7955.019,5.33407,-0.0009298886,136494,1251.524968475826,696.5895518343017,7126.994,4.6446223,1211.2289,1.4909515,7955.019,5.33407,0,,,,,1251.524968475826,0.00050284277,696.5895518343017,0.0004999884,0.0053263237,-0.053000074
2175.343046424523,7952.2827,5.3350577,-0.0009298131,136495,1251.525104788941,696.5919536193504,7124.5654,4.6454816,1212.9631,1.4915935,7952.2827,5.3350577,0,,,,,1251.525104788941,0.000503265,696.5919536193504,0.0004999489,0.005874488,-0.051902562
2175.349990941497,7957.572,5.3381953,-0.00092973746,136496,1251.524585088344,696.5900880403407,7130.3853,4.648214,1211.8981,1.4920892,7957.572,5.3381953,0,,,,,1251.524585088344,0.00050257065,696.5900880403407,0.0005000811,0.0057193935,-0.052484836
2175.3569354584133,7946.5903,5.3373723,-0.0009296619,136497,1251.5250655040315,696.5915544652455,7119.8086,4.647497,1213.4518,1.4928573,7946.5903,5.3373723,0,,,,,1251.5250655040315,0.0005037851,696.5915544652455,0.00050062366,0.0048798546,-0.051897623
2175.3638799753303,7948.922,5.336403,-0.00092958636,136498,1251.5247391978983,696.591278705152,7122.8784,4.646653,1212.4072,1.4919875,7948.922,5.336403,0,,,,,1251.5247391978983,0.0005029221,696.591278705152,0.0005004596,0.005210087,-0.052202508
2175.370824492247,7962.8184,5.3355274,-0.0009295108,136499,1251.5248274996054,696.5916727834561,7133.788,4.6458907,1208.9022,1.4894439,7962.8184,5.3355274,0,,,,,1251.5248274996054,0.0005025783,696.5916727834561,0.0004997815,0.005084835,-0.051760666
2175.3777690091624,7955.0728,5.339077,-0.00092943525,136500,1251.5244270902126,696.5916241049604,7127.09,4.6489816,1212.9706,1.4938272,7955.0728,5.339077,0,,,,,1251.5244270902126,0.00050315197,696.5916241049604,0.00050015334,0.004626729,-0.050279535
2175.384713526079,7956.592,5.335278,-0.0009293597,136501,1251.5241574772363,696.5911618068476,7128.399,4.6456738,1210.4583,1.4920123,7956.592,5.335278,0,,,,,1251.5241574772363,0.0005025237,696.5911618068476,0.00050017575,0.0048472304,-0.051839966
2175.391658043053,7955.367,5.3351936,-0.0009292841,136502,1251.5234403265508,696.5911948297546,7127.813,4.6456,1212.0454,1.4911628,7955.367,5.3351936,0,,,,,1251.5234403265508,0.0005023137,696.5911948297546,0.0005000241,0.0029147153,-0.051624086
2175.3986025599693,7961.6836,5.3375883,-0.00092920853,136503,1251.5237202880671,696.5920723020362,7133.504,4.6476855,1212.3221,1.4910063,7961.6836,5.3375883,0,,,,,1251.5237202880671,0.00050265,696.5920723020362,0.00049933785,0.004187559,-0.050837748
2175.4055470768867,7950.9673,5.3354053,-0.000929133,136504,1251.5233322092258,696.5926743640605,7123.6133,4.6457844,1212.3252,1.4934473,7950.9673,5.3354053,0,,,,,1251.5233322092258,0.00050276594,696.5926743640605,0.0005004295,0.0037530728,-0.051140938
2175.412491593861,7952.6553,5.3385887,-0.00092905737,136505,1251.5241761205853,696.5917162978518,7125.4863,4.6485567,1216.1135,1.4935025,7952.6553,5.3385887,0,,,,,1251.5241761205853,0.00050294196,696.5917162978518,0.0005003884,0.0042656846,-0.05056735
2175.419436110777,7953.038,5.335255,-0.0009289818,136506,1251.5240800635597,696.5929152922653,7125.2163,4.6456537,1213.1381,1.4915493,7953.038,5.335255,0,,,,,1251.5240800635597,0.00050307077,696.5929152922653,0.0004998935,0.0032211863,-0.049416147
2175.4263806276936,7952.88,5.3353405,-0.00092890626,136507,1251.5241053471266,696.5919871606982,7125.2144,4.645728,1213.2305,1.4912367,7952.88,5.3353405,0,,,,,1251.5241053471266,0.0005029185,696.5919871606982,0.00049996196,0.003672551,-0.05050468
2175.4333251446683,7949.429,5.3338017,-0.00092883065,136508,1251.5227544329325,696.592481199479,7121.912,4.644388,1213.0071,1.4919375,7949.429,5.3338017,0,,,,,1251.5227544329325,0.00050276093,696.592481199479,0.0004998392,0.0033661458,-0.050000433
2175.440269661585,7954.434,5.334831,-0.0009287551,136509,1251.523719063489,696.5925092358723,7126.2363,4.6452847,1212.8556,1.4918468,7954.434,5.334831,0,,,,,1251.523719063489,0.00050270057,696.5925092358723,0.00049989374,0.0039526145,-0.04938489
2175.4472141785586,7959.914,5.336355,-0.0009286795,136510,1251.5222251646853,696.5918465061775,7132.3286,4.6466117,1211.3247,1.4916719,7959.914,5.336355,0,,,,,1251.5222251646853,0.0005021461,696.5918465061775,0.000499535,0.002321602,-0.04986077
2175.454158695475,7950.7075,5.333563,-0.0009286039,136511,1251.5232580101267,696.5924400648378,7123.183,4.64418,1210.9768,1.4901044,7950.7075,5.333563,0,,,,,1251.5232580101267,0.00050264114,696.5924400648378,0.00049978826,0.0023576836,-0.049379487
2175.4611032123917,7960.3716,5.3388286,-0.0009285284,136512,1251.522227463242,696.5924900615057,7132.05,4.648765,1211.2489,1.4927219,7960.3716,5.3388286,0,,,,,1251.522227463242,0.0005026648,696.5924900615057,0.00049989676,0.0028070412,-0.049363986
2175.4680477293664,7946.188,5.33488,-0.00092845276,136513,1251.5227747281874,696.593457991786,7119.58,4.645327,1211.6022,1.4955382,7946.188,5.33488,0,,,,,1251.5227747281874,0.00050288707,696.593457991786,0.0005000285,0.0023598566,-0.04872225
2175.474992246282,7960.653,5.3379045,-0.0009283772,136514,1251.5218443945519,696.5935505178629,7131.2886,4.6479607,1212.0239,1.4920337,7960.653,5.3379045,0,,,,,1251.5218443945519,0.0005031093,696.5935505178629,0.0004997921,0.001999289,-0.04827087
2175.4819367632576,7947.1514,5.334362,-0.0009283016,136515,1251.523135067834,696.5935475458119,7120.2456,4.644876,1212.4777,1.4923457,7947.1514,5.334362,0,,,,,1251.523135067834,0.00050320977,696.5935475458119,0.0004999951,0.0022359898,-0.04950005
2175.488881280233,7952.495,5.336069,-0.000928226,136516,1251.5223207123804,696.5937893054123,7124.312,4.6463623,1210.9873,1.495541,7952.495,5.336069,0,,,,,1251.5223207123804,0.00050303247,696.5937893054123,0.0005000887,0.0024789656,-0.048620682
2175.4958257971484,7954.897,5.3358135,-0.00092815043,136517,1251.5216970322508,696.5947521126454,7126.6016,4.64614,1214.1578,1.4924682,7954.897,5.3358135,0,,,,,1251.5216970322508,0.00050284696,696.5947521126454,0.00049990456,0.0016061661,-0.048012935
2175.5027703141222,7955.2725,5.3391347,-0.0009280748,136518,1251.5223517502764,696.593265472094,7126.705,4.649032,1212.3186,1.4937547,7955.2725,5.3391347,0,,,,,1251.5223517502764,0.0005027761,696.593265472094,0.00050074165,0.0018272263,-0.04871094
2175.509714831039,7958.4805,5.3358254,-0.00092799927,136519,1251.5228566157784,696.5932750437589,7127.895,4.64615,1212.875,1.492696,7958.4805,5.3358254,0,,,,,1251.5228566157784,0.0005027725,696.5932750437589,0.00049989444,0.0017795501,-0.048013926
2175.5166593480144,7957.569,5.338353,-0.00092792365,136520,1251.5228087135395,696.5945154764366,7129.201,4.648351,1212.2236,1.4935888,7957.569,5.338353,0,,,,,1251.5228087135395,0.0005026191,696.5945154764366,0.0004996617,0.0024806047,-0.04708123
2175.523603864988,7955.4326,5.3356895,-0.00092784804,136521,1251.5215126866835,696.5936457346321,7124.9893,4.646032,1212.7963,1.4931436,7955.4326,5.3356895,0,,,,,1251.5215126866835,0.00050290313,696.5936457346321,0.00050028943,0.00034967027,-0.04846569
2175.5305483819047,7952.688,5.3346963,-0.0009277725,136522,1251.5210627779759,696.5945997503258,7124.921,4.645167,1213.0153,1.4920751,7952.688,5.3346963,0,,,,,1251.5210627779759,0.00050284667,696.5945997503258,0.00049982336,0.0005203264,-0.047266774
2175.53749289888,7966.7183,5.3386855,-0.0009276969,136523,1251.5213022923103,696.5942234891045,7136.5615,4.648641,1214.9319,1.4924692,7966.7183,5.3386855,0,,,,,1251.5213022923103,0.00050214183,696.5942234891045,0.00049932505,0.0002067371,-0.046960834
2175.5444374158546,7954.765,5.336119,-0.00092762127,136524,1251.521239694444,696.5952182217536,7125.844,4.646406,1216.206,1.4926447,7954.765,5.336119,0,,,,,1251.521239694444,0.00050283014,696.5952182217536,0.0004999814,0.0012949576,-0.04690632
2175.5513819328285,7955.6562,5.336378,-0.00092754565,136525,1251.522754029434,696.5945009447126,7126.476,4.6466317,1214.4883,1.4921845,7955.6562,5.336378,0,,,,,1251.522754029434,0.00050254574,696.5945009447126,0.00049975683,-9.889314e-06,-0.046982307
2175.558326449745,7951.124,5.3357744,-0.0009274701,136526,1251.5209853147692,696.5947809982114,7121.8325,4.6461062,1212.7212,1.4925606,7951.124,5.3357744,0,,,,,1251.5209853147692,0.0005030536,696.5947809982114,0.000500157,9.528111e-05,-0.046566065
2175.5652709667193,7955.944,5.335839,-0.0009273945,136527,1251.5207393541557,696.594579547462,7127.3286,4.646162,1213.008,1.4916296,7955.944,5.335839,0,,,,,1251.5207393541557,0.0005026095,696.594579547462,0.0004999426,-0.00014792223,-0.046900824
2175.5722154836935,7948.442,5.3400235,-0.0009273189,136528,1251.5224296708966,696.5945036912714,7120.263,4.6498055,1213.8738,1.4948617,7948.442,5.3400235,0,,,,,1251.5224296708966,0.0005032868,696.5945036912714,0.0005008613,0.00016293222,-0.04633698
2175.5791600006683,7954.512,5.3377576,-0.00092724327,136529,1251.5206798478334,696.5956105562909,7125.1685,4.647833,1214.7471,1.4938091,7954.512,5.3377576,0,,,,,1251.5206798478334,0.00050263526,696.5956105562909,0.0004999403,-0.0013421938,-0.046024013
2175.586104517643,7954.646,5.3353696,-0.00092716765,136530,1251.5213211783378,696.5945775000637,7122.218,4.6457534,1215.1025,1.4934064,7954.646,5.3353696,0,,,,,1251.5213211783378,0.0005029054,696.5945775000637,0.0005002057,-0.0007927975,-0.04753715
2175.5930490346177,7953.7026,5.3366404,-0.00092709204,136531,1251.5215275181795,696.595176927863,7125.0786,4.6468596,1214.4408,1.4924273,7953.7026,5.3366404,0,,,,,1251.5215275181795,0.000502719,696.595176927863,0.0005002375,-0.0006981753,-0.046268582
2175.5999935515924,7943.976,5.3345985,-0.00092701643,136532,1251.5206378615244,696.595654964035,7116.672,4.645082,1217.0055,1.4932965,7943.976,5.3345985,0,,,,,1251.5206378615244,0.0005028923,696.595654964035,0.0005003102,-0.0006805455,-0.04560223
2175.606938068567,7962.556,5.3375382,-0.0009269408,136533,1251.5200777147954,696.595112202757,7133.2114,4.6476417,1213.5626,1.4928573,7962.556,5.3375382,0,,,,,1251.5200777147954,0.0005022902,696.595112202757,0.0004995593,-0.0010586896,-0.045732174
2175.613882585542,7957.8525,5.335527,-0.0009268652,136534,1251.5202637649961,696.5959360901071,7129.2046,4.64589,1213.4252,1.491515,7957.8525,5.335527,0,,,,,1251.5202637649961,0.00050221005,696.5959360901071,0.0004992747,-0.0012992546,-0.045562595
2175.6208271025157,7959.834,5.3374524,-0.0009267896,136535,1251.5208525572925,696.5957269572646,7130.8193,4.6475673,1213.9829,1.4925029,7959.834,5.3374524,0,,,,,1251.5208525572925,0.00050262053,696.5957269572646,0.0004999485,-0.001767,-0.04574517
2175.6277716194904,7949.027,5.3404055,-0.000926714,136536,1251.5204803923455,696.5960127235517,7120.5366,4.6501384,1212.8582,1.4936925,7949.027,5.3404055,0,,,,,1251.5204803923455,0.0005038989,696.5960127235517,0.00050071074,-0.000849319,-0.04495183
2175.634716136465,7956.645,5.3363314,-0.0009266384,136537,1251.5200621247263,696.5959260615642,7127.529,4.646591,1210.4753,1.4917839,7956.645,5.3363314,0,,,,,1251.5200621247263,0.00050266867,696.5959260615642,0.0004999076,-0.0011070126,-0.04592331
2175.64166065344,7952.7593,5.335722,-0.00092656276,136538,1251.520812901152,696.5951149721452,7123.3306,4.6460605,1213.6359,1.4918752,7952.7593,5.335722,0,,,,,1251.520812901152,0.00050261297,696.5951149721452,0.0004999597,-0.0025956482,-0.044582736
2175.6486051704137,7951.539,5.3355794,-0.00092648715,136539,1251.5208286988593,696.5962951136778,7119.8667,4.645936,1212.9087,1.4949487,7951.539,5.3355794,0,,,,,1251.5208286988593,0.0005033852,696.5962951136778,0.0005006783,-0.0016593119,-0.045656715
2175.6555496873884,7958.6187,5.3374014,-0.00092641154,136540,1251.5194992977813,696.5962009094663,7129.51,4.647523,1213.8245,1.492598,7958.6187,5.3374014,0,,,,,1251.5194992977813,0.00050234335,696.5962009094663,0.00049979496,-0.0023293314,-0.045457613
2175.662494204364,7946.6636,5.3339067,-0.0009263359,136541,1251.519597126248,696.5966559218266,7119.1533,4.6444793,1212.317,1.4924314,7946.6636,5.3339067,0,,,,,1251.519597126248,0.000502515,696.5966559218266,0.000499833,-0.0027691426,-0.044302884
2175.6694387213965,7954.5884,5.33642,-0.00092626025,136542,1251.5196004801203,696.596833690938,7125.64,4.646668,1211.9578,1.4955584,7954.5884,5.33642,0,,,,,1251.5196004801203,0.00050268316,696.596833690938,0.0004996168,-0.0014914528,-0.043981813
2175.6763832383704,7952.5693,5.3363028,-0.00092618464,136543,1251.519462036084,696.5967207951898,7123.8677,4.646566,1212.2388,1.4945003,7952.5693,5.3363028,0,,,,,1251.519462036084,0.00050242787,696.5967207951898,0.00049986446,-0.0017051321,-0.044369474
2175.6833277553455,7947.4824,5.3354764,-0.00092610903,136544,1251.5190988701875,696.5966543000277,7119.085,4.6458464,1216.1189,1.496037,7947.4824,5.3354764,0,,,,,1251.5190988701875,0.000502699,696.5966543000277,0.0005000641,-0.0029296265,-0.043948743
2175.6902722723207,7951.163,5.336786,-0.0009260334,136545,1251.5190966898713,696.5958813150555,7122.4927,4.6469865,1214.4808,1.4947978,7951.163,5.336786,0,,,,,1251.5190966898713,0.0005026043,696.5958813150555,0.0005001447,-0.0025324288,-0.045090176
2175.6972167893528,7951.9155,5.3337283,-0.00092595775,136546,1251.5190956805436,696.5968846759936,7123.0527,4.6443243,1211.9583,1.4913609,7951.9155,5.3337283,0,,,,,1251.5190956805436,0.00050258613,696.5968846759936,0.00049975317,-0.0027979482,-0.044284385
2175.7041613063266,7953.2334,5.334903,-0.00092588214,136547,1251.5207249624577,696.5966834913705,7123.1177,4.6453466,1211.6586,1.4945865,7953.2334,5.334903,0,,,,,1251.5207249624577,0.000502683,696.5966834913705,0.0004999188,-0.0014861313,-0.043540116
2175.7111058233018,7965.177,5.336823,-0.0009258065,136548,1251.5190278772334,696.5968731931198,7133.8374,4.647019,1211.1445,1.4906671,7965.177,5.336823,0,,,,,1251.5190278772334,0.0005019829,696.5968731931198,0.000499232,-0.0031356656,-0.04328765
2175.7180503403356,7956.0864,5.336311,-0.00092573086,136549,1251.518180226661,696.5974807747866,7126.825,4.646573,1211.7136,1.4936297,7956.0864,5.336311,0,,,,,1251.518180226661,0.0005021589,696.5974807747866,0.00049964094,-0.0037861257,-0.043286547
2175.7249948573094,7944.737,5.333764,-0.00092565524,136550,1251.5187217630203,696.5961569359687,7114.707,4.644356,1211.9332,1.4932151,7944.737,5.333764,0,,,,,1251.5187217630203,0.0005030859,696.5961569359687,0.00050083944,-0.002807925,-0.04450542
2175.7319393743414,7957.804,5.335913,-0.0009255796,136551,1251.5191899972078,696.5970269740405,7127.865,4.646227,1212.5645,1.4915552,7957.804,5.335913,0,,,,,1251.5191899972078,0.00050245336,696.5970269740405,0.00049933343,-0.0025772497,-0.04368417
2175.7388838913166,7950.9946,5.3356977,-0.00092550396,136552,1251.5185285700077,696.5975939194029,7121.9785,4.6460385,1214.054,1.4932281,7950.9946,5.3356977,0,,,,,1251.5185285700077,0.00050284615,696.5975939194029,0.0005000842,-0.0032696936,-0.043685816
2175.745828408292,7951.177,5.3341208,-0.00092542835,136553,1251.5181219789915,696.5982511374285,7122.6606,4.644666,1212.8245,1.4928981,7951.177,5.3341208,0,,,,,1251.5181219789915,0.0005025204,696.5982511374285,0.0004996847,-0.0036337466,-0.042416744
2175.752772925324,7948.8765,5.333045,-0.0009253527,136554,1251.5186541822989,696.5981485484979,7119.4917,4.643729,1211.4772,1.4931614,7948.8765,5.333045,0,,,,,1251.5186541822989,0.0005024612,696.5981485484979,0.00049988815,-0.003691291,-0.04256401
2175.7597174423568,7951.517,5.3370886,-0.000925277,136555,1251.5194105323808,696.5977519583794,7122.0566,4.64725,1212.7473,1.4958427,7951.517,5.3370886,0,,,,,1251.5194105323808,0.00050287455,696.5977519583794,0.0004998888,-0.0026874708,-0.04224419
2175.766661959332,7955.145,5.335611,-0.0009252014,136556,1251.5179081335948,696.5966858095505,7125.3486,4.645963,1208.9667,1.4914262,7955.145,5.335611,0,,,,,1251.5179081335948,0.00050239696,696.5966858095505,0.0004998387,-0.0047385357,-0.04395361
2175.773606476365,7959.6465,5.3365374,-0.0009251257,136557,1251.5178153894517,696.5974848984159,7128.821,4.6467705,1212.5525,1.491898,7959.6465,5.3365374,0,,,,,1251.5178153894517,0.0005021967,696.5974848984159,0.00049938937,-0.0036952195,-0.04259911
2175.7805509933387,7953.44,5.334682,-0.0009250501,136558,1251.517923081996,696.5982230801643,7123.5234,4.6451545,1209.8345,1.492386,7953.44,5.334682,0,,,,,1251.517923081996,0.0005026753,696.5982230801643,0.0004996011,-0.0030144318,-0.041721635
2175.787495510371,7953.0527,5.336283,-0.00092497445,136559,1251.5170562579435,696.5978428724524,7123.527,4.6465487,1209.4169,1.493043,7953.0527,5.336283,0,,,,,1251.5170562579435,0.0005024351,696.5978428724524,0.00049988565,-0.0057205325,-0.043603886
2175.794440027405,7949.8325,5.3337717,-0.0009248988,136560,1251.5178307966357,696.5983305817537,7120.8906,4.6443624,1210.6277,1.4916532,7949.8325,5.3337717,0,,,,,1251.5178307966357,0.0005024457,696.5983305817537,0.00049981714,-0.004657056,-0.042140864
2175.8013845443793,7958.9985,5.3387294,-0.00092482317,136561,1251.5180149909258,696.5983769557448,7129.129,4.648679,1211.1136,1.4921803,7958.9985,5.3387294,0,,,,,1251.5180149909258,0.0005023149,696.5983769557448,0.0004999404,-0.004023161,-0.041908927
2175.8083290614113,7952.98,5.334663,-0.0009247475,136562,1251.5172966766397,696.5983201373238,7123.3403,4.6451383,1211.654,1.4916892,7952.98,5.334663,0,,,,,1251.5172966766397,0.000502256,696.5983201373238,0.0004998472,-0.0040292535,-0.041509412
2175.815273578444,7946.608,5.3324065,-0.0009246718,136563,1251.518017330619,696.5986640650458,7117.9673,4.6431727,1211.6792,1.4916734,7946.608,5.3324065,0,,,,,1251.518017330619,0.0005027074,696.5986640650458,0.0004998733,-0.0042815325,-0.0420135
2175.8222180954767,7953.184,5.334245,-0.00092459616,136564,1251.5183076182343,696.5981774198328,7124.177,4.6447744,1212.7367,1.4912629,7953.184,5.334245,0,,,,,1251.5183076182343,0.0005025082,696.5981774198328,0.0004996523,-0.0046050926,-0.04220413
2175.8291626125097,7959.977,5.3370547,-0.0009245205,136565,1251.5180933490838,696.5976850568736,7129.519,4.647221,1212.4587,1.4937063,7959.977,5.3370547,0,,,,,1251.5180933490838,0.00050193904,696.5976850568736,0.0004991807,-0.004862481,-0.04147251
2175.8361071295435,7942.7866,5.3314295,-0.0009244448,136566,1251.5183933704338,696.598685346875,7114.1274,4.6423225,1212.8319,1.4927689,7942.7866,5.3314295,0,,,,,1251.5183933704338,0.00050261273,696.598685346875,0.0004999954,-0.0043832576,-0.04169
2175.843051646518,7952.304,5.3359437,-0.0009243692,136567,1251.5183223213735,696.5987118720315,7122.992,4.646253,1211.7064,1.4950787,7952.304,5.3359437,0,,,,,1251.5183223213735,0.00050253404,696.5987118720315,0.00049976935,-0.0048526577,-0.04123436
2175.84999616355,7952.1147,5.3342867,-0.00092429353,136568,1251.5178972753224,696.5988143388133,7122.895,4.64481,1211.4048,1.4922612,7952.1147,5.3342867,0,,,,,1251.5178972753224,0.0005022064,696.5988143388133,0.000499592,-0.005373334,-0.04100007
2175.8569406805823,7960.038,5.335249,-0.00092421786,136569,1251.5170360719885,696.5989581360373,7129.4473,4.6456485,1208.9371,1.4900928,7960.038,5.335249,0,,,,,1251.5170360719885,0.00050177256,696.5989581360373,0.00049935165,-0.0041874493,-0.04083234
2175.863885197616,7961.5,5.335252,-0.0009241422,136570,1251.517651544807,696.5987976467405,7130.4834,4.645651,1208.4652,1.4902513,7961.5,5.335252,0,,,,,1251.517651544807,0.00050204794,696.5987976467405,0.0004990872,-0.0053702956,-0.04145526
2175.8708297146486,7957.248,5.3341293,-0.0009240665,136571,1251.517652485302,696.5999023425564,7126.8604,4.644674,1209.0802,1.4908669,7957.248,5.3341293,0,,,,,1251.517652485302,0.0005022531,696.5999023425564,0.0004990399,-0.004801832,-0.04111668
2175.8777742316806,7956.0874,5.3358088,-0.00092399085,136572,1251.5174728736845,696.5986412301975,7125.834,4.646136,1209.8613,1.4927635,7956.0874,5.3358088,0,,,,,1251.5174728736845,0.0005026207,696.5986412301975,0.00049958023,-0.0048690727,-0.04122059
2175.884718748714,7955.673,5.3347006,-0.0009239152,136573,1251.5175025021563,696.5992405480712,7124.973,4.645171,1210.6368,1.4912682,7955.673,5.3347006,0,,,,,1251.5175025021563,0.0005024533,696.5992405480712,0.0004995733,-0.0052952995,-0.040504508
2175.891663265806,7951.214,5.3354616,-0.00092383946,136574,1251.51647618048,696.5994277190954,7122.0376,4.645834,1211.8425,1.4945438,7951.214,5.3354616,0,,,,,1251.51647618048,0.0005024475,696.5994277190954,0.00049990794,-0.006108695,-0.040403355
2175.898607782838,7956.4507,5.334,-0.0009237638,136575,1251.5178468876513,696.5989865054817,7126.21,4.644561,1210.3724,1.4908797,7956.4507,5.334,0,,,,,1251.5178468876513,0.00050213345,696.5989865054817,0.00049936835,-0.0046733427,-0.04068305
2175.90555229987,7960.0806,5.336763,-0.0009236881,136576,1251.5170206932871,696.5993030186849,7129.096,4.6469665,1212.035,1.493456,7960.0806,5.336763,0,,,,,1251.5170206932871,0.00050185825,696.5993030186849,0.00049948745,-0.006267182,-0.03975422
2175.9124968169035,7966.153,5.33702,-0.00092361245,136577,1251.5169355985101,696.5995900301974,7134.6216,4.6471906,1209.341,1.4926193,7966.153,5.33702,0,,,,,1251.5169355985101,0.0005019049,696.5995900301974,0.0004990345,-0.0059916805,-0.039657664
2175.919441333937,7965.2397,5.3405848,-0.0009235368,136578,1251.5156307878367,696.5987224723257,7134.1523,4.650295,1210.1842,1.4932802,7965.2397,5.3405848,0,,,,,1251.5156307878367,0.0005017722,696.5987224723257,0.00049982604,-0.0059505617,-0.040250268
2175.926385851027,7960.702,5.337011,-0.00092346105,136579,1251.5170454875606,696.600635136844,7129.1494,4.6471825,1211.1688,1.4917569,7960.702,5.337011,0,,,,,1251.5170454875606,0.00050195516,696.600635136844,0.00049940665,-0.0055222027,-0.039345033
2175.933330368059,7953.1685,5.3331122,-0.0009233854,136580,1251.5163943614111,696.5989273534242,7123.863,4.643788,1210.8943,1.4909666,7953.1685,5.3331122,0,,,,,1251.5163943614111,0.000502001,696.5989273534242,0.00049930357,-0.0068296385,-0.040397745
2175.940274885093,7954.0723,5.337046,-0.0009233097,136581,1251.5160363433708,696.5991798738537,7123.6416,4.647213,1211.011,1.4923586,7954.0723,5.337046,0,,,,,1251.5160363433708,0.0005022358,696.5991798738537,0.0004998997,-0.0065583396,-0.039655857
2175.9472194021846,7951.6987,5.3334703,-0.000923234,136582,1251.516946610724,696.5996386390533,7121.7217,4.6440997,1209.8772,1.4907167,7951.6987,5.3334703,0,,,,,1251.516946610724,0.00050216896,696.5996386390533,0.0004994605,-0.0066385353,-0.039329406
2175.9541639192166,7960.743,5.3340974,-0.0009231583,136583,1251.5170941579279,696.5999135354889,7129.95,4.6446457,1206.0712,1.4898666,7960.743,5.3340974,0,,,,,1251.5170941579279,0.000501676,696.5999135354889,0.0004991707,-0.005760436,-0.039623428
2175.961108436249,7960.848,5.335718,-0.00092308264,136584,1251.5173581866395,696.6001961225644,7129.293,4.6460567,1210.0167,1.4927299,7960.848,5.335718,0,,,,,1251.5173581866395,0.0005019042,696.6001961225644,0.000499234,-0.0056740306,-0.03929657
2175.968052953341,7954.7246,5.333124,-0.0009230069,136585,1251.516209309343,696.5998806454594,7122.8486,4.6437984,1210.4854,1.4912299,7954.7246,5.333124,0,,,,,1251.516209309343,0.000501935,696.5998806454594,0.0004994475,-0.007410819,-0.039633
2175.9749974703736,7966.238,5.3363223,-0.00092293124,136586,1251.51607093822,696.6000775518828,7135.0654,4.6465826,1209.7402,1.4907025,7966.238,5.3363223,0,,,,,1251.51607093822,0.0005014899,696.6000775518828,0.000499004,-0.006644068,-0.039896578
2175.981941987464,7959.135,5.336,-0.0009228555,136587,1251.516512515748,696.6010661138093,7127.958,4.646302,1208.362,1.4910054,7959.135,5.336,0,,,,,1251.516512515748,0.00050175644,696.6010661138093,0.0004995702,-0.006560351,-0.038613595
2175.9888865044963,7949.2363,5.3335285,-0.00092277984,136588,1251.5156961456266,696.6006051922074,7119.031,4.6441503,1212.8577,1.491863,7949.2363,5.3335285,0,,,,,1251.5156961456266,0.000502485,696.6006051922074,0.00049976516,-0.0075036776,-0.03912634
2175.9958310215884,7958.8296,5.333762,-0.0009227041,136589,1251.516662168966,696.6002781158948,7127.453,4.6443534,1206.7028,1.4909569,7958.8296,5.333762,0,,,,,1251.516662168966,0.00050184695,696.6002781158948,0.0004992339,-0.006501147,-0.03934698
2176.0027755386795,7947.326,5.3343797,-0.0009226284,136590,1251.5159575016364,696.6014818057052,7118.144,4.6448917,1212.106,1.4932433,7947.326,5.3343797,0,,,,,1251.5159575016364,0.0005024349,696.6014818057052,0.00049983297,-0.006640497,-0.038042497
2176.0097200557116,7957.156,5.3361616,-0.0009225527,136591,1251.5148588327602,696.6012618678899,7125.57,4.646443,1210.8956,1.4921337,7957.156,5.3361616,0,,,,,1251.5148588327602,0.0005021992,696.6012618678899,0.00049954385,-0.007859112,-0.039468594
2176.0166645728027,7956.2476,5.337923,-0.000922477,136592,1251.5166243957246,696.6007262228562,7126.051,4.647977,1210.691,1.4922959,7956.2476,5.337923,0,,,,,1251.5166243957246,0.00050252007,696.6007262228562,0.00049987546,-0.006141151,-0.03838069
2176.023609089894,7953.0693,5.3347692,-0.00092240126,136593,1251.516443009587,696.6010691476998,7123.1084,4.645231,1210.5281,1.493138,7953.0693,5.3347692,0,,,,,1251.516443009587,0.0005020389,696.6010691476998,0.00049967424,-0.0062654004,-0.038733214
2176.030553606927,7953.714,5.3351054,-0.0009223256,136594,1251.516111377039,696.6009224202754,7123.5186,4.6455235,1212.6366,1.4922205,7953.714,5.3351054,0,,,,,1251.516111377039,0.00050186674,696.6009224202754,0.0004994539,-0.008225903,-0.038194854
2176.037498124018,7957.1963,5.3356895,-0.00092224986,136595,1251.5162515893585,696.6005004847043,7126.2705,4.646032,1212.9337,1.4919049,7957.1963,5.3356895,0,,,,,1251.5162515893585,0.0005019306,696.6005004847043,0.00049928273,-0.007112621,-0.038682405
2176.0444426411086,7960.127,5.3355646,-0.00092217413,136596,1251.5160982802145,696.600403635498,7128.6997,4.645923,1208.1846,1.4926832,7960.127,5.3355646,0,,,,,1251.5160982802145,0.0005018759,696.600403635498,0.00049917836,-0.0071762786,-0.038323145
2176.0513871581993,7952.1934,5.3357663,-0.0009220984,136597,1251.5152338407677,696.6009443965278,7121.741,4.6460986,1212.419,1.492774,7952.1934,5.3357663,0,,,,,1251.5152338407677,0.00050262484,696.6009443965278,0.00049978984,-0.0074660038,-0.037915047
2176.0583316752904,7956.2886,5.3339767,-0.0009220227,136598,1251.5159898259792,696.6008483258624,7125.2114,4.644541,1210.8904,1.4915762,7956.2886,5.3339767,0,,,,,1251.5159898259792,0.00050180865,696.6008483258624,0.00049929746,-0.007388444,-0.037812665
2176.0652761923816,7959.8105,5.334062,-0.00092194695,136599,1251.5151623866147,696.6001750154966,7127.9917,4.644615,1208.3983,1.4899935,7959.8105,5.334062,0,,,,,1251.5151623866147,0.0005017453,696.6001750154966,0.00049934833,-0.008036062,-0.038617197
2176.0722207094727,7959.6396,5.334827,-0.0009218712,136600,1251.5161354417323,696.6009992618114,7127.739,4.645281,1208.9325,1.4913096,7959.6396,5.334827,0,,,,,1251.5161354417323,0.0005017056,696.6009992618114,0.00049904396,-0.0068572755,-0.037709262
2176.079165226564,7955.9126,5.333938,-0.0009217955,136601,1251.5151084277356,696.6014773792123,7124.886,4.6445074,1209.716,1.4910834,7955.9126,5.333938,0,,,,,1251.5151084277356,0.00050203357,696.6014773792123,0.00049928133,-0.00787131,-0.03753567
2176.0861097436546,7952.9634,5.334581,-0.00092171977,136602,1251.51521084128,696.6012858372446,7122.7095,4.6450667,1210.6647,1.4933478,7952.9634,5.334581,0,,,,,1251.51521084128,0.0005022798,696.6012858372446,0.000499484,-0.007663245,-0.0374463
2176.0930542607452,7950.43,5.337487,-0.00092164404,136603,1251.5164926773157,696.6005630572146,7120.2656,4.6475973,1209.5878,1.4920465,7950.43,5.337487,0,,,,,1251.5164926773157,0.00050263765,696.6005630572146,0.0005002123,-0.0069778063,-0.03743936
2176.0999987778364,7955.4795,5.3358965,-0.0009215683,136604,1251.514621015449,696.6005424754602,7123.912,4.646212,1212.4347,1.4935744,7955.4795,5.3358965,0,,,,,1251.514621015449,0.0005018805,696.6005424754602,0.0004996582,-0.008800132,-0.037912775
2176.1069432949275,7957.8584,5.334864,-0.0009214926,136605,1251.5153199783776,696.6020441666661,7126.773,4.6453133,1209.2573,1.4911264,7957.8584,5.334864,0,,,,,1251.5153199783776,0.00050186145,696.6020441666661,0.00049912557,-0.008485518,-0.037164763
2176.1138878120187,7960.4795,5.3355083,-0.00092141685,136606,1251.515088595722,696.6012063183105,7127.1826,4.6458745,1210.3218,1.4916248,7960.4795,5.3355083,0,,,,,1251.515088595722,0.00050200167,696.6012063183105,0.0004994992,-0.008419472,-0.03854537
2176.12083232911,7955.8364,5.333941,-0.0009213411,136607,1251.515206370202,696.6010374331786,7123.9204,4.6445093,1209.5183,1.4918815,7955.8364,5.333941,0,,,,,1251.515206370202,0.0005021049,696.6010374331786,0.00049952685,-0.007007088,-0.03727625
2176.1277768462005,7950.659,5.3335395,-0.0009212654,136608,1251.5152684544223,696.6018048561303,7119.695,4.64416,1210.194,1.4919338,7950.659,5.3335395,0,,,,,1251.5152684544223,0.00050243025,696.6018048561303,0.0004994484,-0.0077469144,-0.037357785
2176.1347213633494,7963.5044,5.3381815,-0.0009211896,136609,1251.5139310094212,696.6014493703079,7129.432,4.6482015,1209.2996,1.4914515,7963.5044,5.3381815,0,,,,,1251.5139310094212,0.00050196174,696.6014493703079,0.0005003627,-0.008651518,-0.03819607
2176.1416658804415,7962.771,5.3369646,-0.0009211139,136610,1251.5143751471433,696.6024366207378,7130.7866,4.6471424,1210.1973,1.4918143,7962.771,5.3369646,0,,,,,1251.5143751471433,0.000502183,696.6024366207378,0.00049917103,-0.00898986,-0.037321348
2176.148610397532,7955.557,5.3342066,-0.00092103815,136611,1251.5146012178025,696.6012987718399,7123.738,4.6447406,1210.346,1.4907494,7955.557,5.3342066,0,,,,,1251.5146012178025,0.0005022043,696.6012987718399,0.0004995102,-0.008770416,-0.037098426
2176.1555549146806,7956.518,5.3367825,-0.00092096237,136612,1251.5133000999917,696.6016769755387,7125.3877,4.6469836,1212.4056,1.4933887,7956.518,5.3367825,0,,,,,1251.5133000999917,0.00050230423,696.6016769755387,0.00049964606,-0.008456645,-0.037290707
2176.162499431772,7960.924,5.335406,-0.00092088664,136613,1251.5140432980932,696.6011056239172,7128.436,4.645785,1210.1807,1.4905992,7960.924,5.335406,0,,,,,1251.5140432980932,0.00050191465,696.6011056239172,0.0004992188,-0.009157064,-0.03652072
2176.169443948922,7955.7007,5.33292,-0.00092081085,136614,1251.5157911103267,696.6004963656455,7124.393,4.6436205,1207.4027,1.4906392,7955.7007,5.33292,0,,,,,1251.5157911103267,0.0005018644,696.6004963656455,0.00049912767,-0.007385515,-0.03771445
2176.1763884660127,7947.0586,5.3360915,-0.0009207351,136615,1251.5143708799817,696.6021083384518,7115.734,4.646382,1211.175,1.4933237,7947.0586,5.3360915,0,,,,,1251.5143708799817,0.0005028019,696.6021083384518,0.00050016696,-0.009247211,-0.035718035
2176.183332983161,7943.2197,5.3327537,-0.00092065934,136616,1251.515056505198,696.6019161100556,7112.2363,4.6434755,1213.5625,1.4935584,7943.2197,5.3327537,0,,,,,1251.515056505198,0.0005028217,696.6019161100556,0.00050006533,-0.00871426,-0.037673082
2176.1902775002527,7950.7334,5.3340025,-0.0009205836,136617,1251.514900444007,696.6019992412342,7120.143,4.644563,1212.8326,1.4927392,7950.7334,5.3340025,0,,,,,1251.514900444007,0.0005021869,696.6019992412342,0.00049931085,-0.008443047,-0.036724344
2176.1972220174025,7953.11,5.3335776,-0.0009205078,136618,1251.5146033993456,696.6027627813215,7121.359,4.644193,1210.3838,1.4927944,7953.11,5.3335776,0,,,,,1251.5146033993456,0.00050223636,696.6027627813215,0.00049940764,-0.008475265,-0.036588337
2176.2041665344927,7952.409,5.33399,-0.0009204321,136619,1251.512544755974,696.6016748549978,7121.2974,4.644552,1208.7465,1.4918708,7952.409,5.33399,0,,,,,1251.512544755974,0.00050216826,696.6016748549978,0.0004994427,-0.010240197,-0.037118714
2176.211111051641,7953.4023,5.332034,-0.0009203563,136620,1251.5144033551685,696.6023868740132,7121.193,4.6428494,1208.6237,1.4904201,7953.4023,5.332034,0,,,,,1251.5144033551685,0.0005018999,696.6023868740132,0.00049978134,-0.008659097,-0.036274392
2176.218055568791,7964.231,5.3351955,-0.0009202805,136621,1251.5141660380632,696.6022536081585,7131.256,4.645602,1209.2319,1.4905602,7964.231,5.3351955,0,,,,,1251.5141660380632,0.00050166587,696.6022536081585,0.0004988245,-0.008963002,-0.037028834
2176.2250000858826,7957.1904,5.334064,-0.0009202048,136622,1251.514936950678,696.6019051715471,7125.1865,4.6446166,1209.1748,1.4908463,7957.1904,5.334064,0,,,,,1251.514936950678,0.00050195033,696.6019051715471,0.00049940014,-0.009247373,-0.036487725
2176.231944603031,7950.707,5.3315983,-0.000920129,136623,1251.5131630345802,696.6031922345284,7117.7764,4.6424694,1208.1085,1.4898975,7950.707,5.3315983,0,,,,,1251.5131630345802,0.0005021627,696.6031922345284,0.0004996279,-0.010007985,-0.035435874
2176.2388891201813,7949.372,5.3347735,-0.0009200532,136624,1251.5146004847497,696.6023459753259,7117.43,4.6452346,1210.7052,1.4913714,7949.372,5.3347735,0,,,,,1251.5146004847497,0.00050310855,696.6023459753259,0.00049972435,-0.00799249,-0.036431935
2176.245833637331,7950.055,5.331993,-0.00091997744,136625,1251.514148096444,696.6015265570969,7118.484,4.642813,1208.3844,1.4915872,7950.055,5.331993,0,,,,,1251.514148096444,0.00050211244,696.6015265570969,0.00049958646,-0.009757956,-0.036273245
2176.2527781544795,7959.248,5.3328996,-0.00091990165,136626,1251.5146987368805,696.6019978021443,7126.068,4.6436024,1206.9146,1.4897652,7959.248,5.3328996,0,,,,,1251.5146987368805,0.0005020013,696.6019978021443,0.00049925083,-0.0092333285,-0.0367991
2176.259722671628,7951.7383,5.3348336,-0.00091982586,136627,1251.5132552448413,696.602653199508,7119.5503,4.645287,1209.2583,1.4927204,7951.7383,5.3348336,0,,,,,1251.5132552448413,0.0005024014,696.602653199508,0.0004996547,-0.010425405,-0.035566323
2176.266667188778,7957.924,5.333997,-0.0009197501,136628,1251.5136785109137,696.6023352877759,7125.714,4.644558,1206.8562,1.492013,7957.924,5.333997,0,,,,,1251.5136785109137,0.0005016732,696.6023352877759,0.0004989718,-0.009946266,-0.036257565
2176.2736117059276,7952.428,5.3336506,-0.0009196743,136629,1251.513996405424,696.6030170472624,7120.579,4.6442566,1206.7754,1.4906672,7952.428,5.3336506,0,,,,,1251.513996405424,0.0005021353,696.6030170472624,0.00049967115,-0.009695241,-0.0360645
2176.280556223076,7940.413,5.334044,-0.0009195985,136630,1251.5144081152196,696.6023052233564,7110.155,4.644599,1211.8411,1.4932709,7940.413,5.334044,0,,,,,1251.5144081152196,0.00050365215,696.6023052233564,0.00050010777,-0.009698427,-0.03549566
2176.2875007402245,7945.5312,5.3312364,-0.0009195227,136631,1251.513271507617,696.6021224615695,7115.2188,4.6421547,1207.9955,1.4920343,7945.5312,5.3312364,0,,,,,1251.513271507617,0.0005019108,696.6021224615695,0.00049960334,-0.010782508,-0.03641499
2176.2944452573743,7956.1904,5.3328185,-0.00091944693,136632,1251.5128291748586,696.6035229410668,7122.856,4.6435323,1208.2355,1.4908077,7956.1904,5.3328185,0,,,,,1251.5128291748586,0.0005017974,696.6035229410668,0.0004995039,-0.009992966,-0.03472777
2176.3013897745245,7942.328,5.3313746,-0.00091937114,136633,1251.513124621168,696.6026291792022,7112.6924,4.642275,1208.3782,1.4915599,7942.328,5.3313746,0,,,,,1251.513124621168,0.00050236675,696.6026291792022,0.00049986696,-0.010514375,-0.036564127
2176.308334291673,7955.4946,5.3348565,-0.00091929536,136634,1251.514054556097,696.6029951700673,7123.294,4.6453066,1206.701,1.4923872,7955.4946,5.3348565,0,,,,,1251.514054556097,0.0005016013,696.6029951700673,0.0004993687,-0.009672762,-0.03524984
2176.3152788088223,7944.9365,5.329614,-0.0009192196,136635,1251.5145448086332,696.6020895257072,7113.4023,4.640742,1205.555,1.4898437,7944.9365,5.329614,0,,,,,1251.5145448086332,0.00050209626,696.6020895257072,0.00049958506,-0.009368075,-0.03557903
2176.32222332603,7942.5283,5.3291636,-0.0009191437,136636,1251.5122130363447,696.6024764330584,7110.1694,4.6403494,1206.7034,1.4907863,7942.5283,5.3291636,0,,,,,1251.5122130363447,0.00050270715,696.6024764330584,0.00049997895,-0.01038754,-0.036385946
2176.329167843179,7951.1143,5.333811,-0.00091906794,136637,1251.513038579288,696.6029795259931,7119.053,4.6443963,1207.5465,1.4906723,7951.1143,5.333811,0,,,,,1251.513038579288,0.00050217455,696.6029795259931,0.0004997536,-0.010241826,-0.035610374
2176.3361123603277,7937.5405,5.328655,-0.00091899215,136638,1251.5133052453282,696.6030786142196,7107.959,4.6399064,1207.9503,1.4906019,7937.5405,5.328655,0,,,,,1251.5133052453282,0.0005024712,696.6030786142196,0.000500151,-0.010592991,-0.035131954
2176.343056877535,7953.845,5.3335342,-0.0009189163,136639,1251.5134082998034,696.6032992858669,7121.0117,4.6441555,1206.3701,1.4899893,7953.845,5.3335342,0,,,,,1251.5134082998034,0.0005018289,696.6032992858669,0.0004991562,-0.011083304,-0.034736264
2176.350001394685,7953.722,5.335289,-0.0009188405,136640,1251.5142760429305,696.6037017569034,7122.176,4.6456833,1207.3541,1.4905688,7953.722,5.335289,0,,,,,1251.5142760429305,0.0005020521,696.6037017569034,0.00049966533,-0.009456386,-0.03496844
2176.3569459118926,7960.4023,5.3336883,-0.0009187647,136641,1251.5126545292696,696.6035544325371,7126.5938,4.6442895,1205.5265,1.4906111,7960.4023,5.3336883,0,,,,,1251.5126545292696,0.0005017703,696.6035544325371,0.00049923244,-0.011037234,-0.036017377
2176.363890429041,7951.9634,5.331526,-0.0009186889,136642,1251.5129902841313,696.6027412147005,7120.0044,4.6424065,1206.7224,1.4893357,7951.9634,5.331526,0,,,,,1251.5129902841313,0.0005018782,696.6027412147005,0.00049946236,-0.010569032,-0.035454173
2176.370834946248,7956.5835,5.3330355,-0.00091861305,136643,1251.5139240509423,696.6028895029348,7123.9624,4.643721,1207.5792,1.4915749,7956.5835,5.3330355,0,,,,,1251.5139240509423,0.0005018533,696.6028895029348,0.00049923646,-0.009233592,-0.036116127
2176.3777794633984,7953.374,5.3316097,-0.00091853726,136644,1251.5136334882702,696.6026926197123,7121.03,4.64248,1206.2533,1.4892716,7953.374,5.3316097,0,,,,,1251.5136334882702,0.0005020714,696.6026926197123,0.00049930013,-0.0113167055,-0.03506326
2176.3847239806055,7952.9478,5.3323674,-0.0009184614,136645,1251.5129867862136,696.6033046810813,7120.7705,4.643139,1205.8285,1.4913305,7952.9478,5.3323674,0,,,,,1251.5129867862136,0.0005018945,696.6033046810813,0.0004991725,-0.010720557,-0.034865916
2176.3916684977544,7955.871,5.3336606,-0.00091838563,136646,1251.5115882353175,696.6039892951591,7124.1323,4.644265,1208.0254,1.4912951,7955.871,5.3336606,0,,,,,1251.5115882353175,0.0005016771,696.6039892951591,0.0004992752,-0.011788782,-0.034594968
2176.398613014962,7954.4175,5.3358283,-0.0009183098,136647,1251.512866037539,696.6033265623621,7122.333,4.646153,1208.7938,1.4949993,7954.4175,5.3358283,0,,,,,1251.512866037539,0.00050231453,696.6033265623621,0.00049921445,-0.0110129835,-0.03474184
2176.4055575321695,7953.4243,5.335393,-0.00091823394,136648,1251.5141190561985,696.6031216004169,7121.608,4.6457734,1210.7744,1.4938698,7953.4243,5.335393,0,,,,,1251.5141190561985,0.00050231034,696.6031216004169,0.0004995207,-0.009223858,-0.034660295
2176.412502049377,7955.905,5.332198,-0.0009181581,136649,1251.5130451822108,696.6048935547612,7122.0464,4.642992,1206.1267,1.4904342,7955.905,5.332198,0,,,,,1251.5130451822108,0.0005022313,696.6048935547612,0.0004990944,-0.009787627,-0.033661414
2176.4194465665264,7951.6724,5.33302,-0.0009180823,136650,1251.511917584022,696.6024883361221,7120.042,4.6437078,1206.4237,1.4898745,7951.6724,5.33302,0,,,,,1251.511917584022,0.0005020094,696.6024883361221,0.0004997874,-0.011414254,-0.035674024
2176.4263910837335,7949.782,5.3352327,-0.00091800647,136651,1251.513592177283,696.6025510601446,7118.229,4.6456337,1209.4312,1.4934199,7949.782,5.3352327,0,,,,,1251.513592177283,0.0005021115,696.6025510601446,0.0004999187,-0.011009334,-0.034495477
2176.4333356009406,7952.7515,5.3338294,-0.0009179306,136652,1251.5122018737388,696.6029457052597,7121.147,4.644412,1206.4993,1.4911752,7952.7515,5.3338294,0,,,,,1251.5122018737388,0.0005018171,696.6029457052597,0.00049960316,-0.011713921,-0.035453215
2176.440280118149,7959.8364,5.333696,-0.0009178548,136653,1251.513871824241,696.6038242905172,7126.083,4.644296,1207.4331,1.4900265,7959.8364,5.333696,0,,,,,1251.513871824241,0.00050168385,696.6038242905172,0.00049896963,-0.01095164,-0.035257537
2176.447224635356,7961.39,5.3333983,-0.00091777893,136654,1251.5122922530452,696.6036368035097,7126.4375,4.6440372,1206.353,1.4897903,7961.39,5.3333983,0,,,,,1251.5122922530452,0.00050184276,696.6036368035097,0.000499252,-0.011148794,-0.035062138
2176.454169152563,7954.3154,5.3333826,-0.0009177031,136655,1251.5130062729604,696.6029425559606,7122.094,4.6440234,1208.0557,1.491906,7954.3154,5.3333826,0,,,,,1251.5130062729604,0.0005019787,696.6029425559606,0.00049902324,-0.010766209,-0.03414105
2176.46111366977,7945.032,5.330306,-0.00091762724,136656,1251.5125233106396,696.6030390326184,7114.0312,4.6413445,1206.3448,1.4907076,7945.032,5.330306,0,,,,,1251.5125233106396,0.0005022389,696.6030390326184,0.0004996695,-0.011570872,-0.034728337
2176.4680581869784,7958.034,5.334077,-0.0009175514,136657,1251.513496894565,696.6045843057497,7124.4644,4.644628,1208.3035,1.4917816,7958.034,5.334077,0,,,,,1251.513496894565,0.00050207844,696.6045843057497,0.0004991833,-0.010017048,-0.033294432
2176.475002704186,7951.818,5.33525,-0.00091747555,136658,1251.512417014793,696.604216631861,7118.443,4.6456494,1207.305,1.4931377,7951.818,5.33525,0,,,,,1251.512417014793,0.00050307455,696.604216631861,0.0004997064,-0.011122327,-0.033473413
2176.481947221451,7952.746,5.334633,-0.00091739965,136659,1251.5127231756856,696.603975874735,7120.357,4.645112,1208.8634,1.4910811,7952.746,5.334633,0,,,,,1251.5127231756856,0.0005024714,696.603975874735,0.0004997048,-0.012004989,-0.03408879
2176.4888917386584,7961.5835,5.334182,-0.0009173238,136660,1251.5129783198474,696.6035758208525,7128.0977,4.6447196,1207.0887,1.4907128,7961.5835,5.334182,0,,,,,1251.5129783198474,0.0005012928,696.6035758208525,0.0004991477,-0.011453384,-0.0338753
2176.495836255866,7952.1934,5.3315144,-0.00091724796,136661,1251.5136733709353,696.6034139166738,7120.0137,4.6423965,1208.2771,1.489652,7952.1934,5.3315144,0,,,,,1251.5136733709353,0.0005017178,696.6034139166738,0.0004990638,-0.010716236,-0.03451474
2176.5027807730735,7962.538,5.3345084,-0.0009171721,136662,1251.512215724426,696.6038936669433,7126.6685,4.6450033,1208.4567,1.4924988,7962.538,5.3345084,0,,,,,1251.512215724426,0.0005016281,696.6038936669433,0.00049906544,-0.011235972,-0.033870373
2176.5097252903392,7953.076,5.335674,-0.0009170962,136663,1251.5122195557503,696.6027273095511,7120.668,4.646018,1208.066,1.493941,7953.076,5.335674,0,,,,,1251.5122195557503,0.00050167204,696.6027273095511,0.0004998274,-0.012874269,-0.034609746
2176.516669807547,7948.291,5.3299956,-0.00091702037,136664,1251.513829113335,696.6067296446226,7113.7085,4.641074,1210.2737,1.4902961,7948.291,5.3299956,0,,,,,1251.513829113335,0.0005021922,696.6067296446226,0.00049955666,-0.010393816,-0.031351347
2176.5236143248126,7961.273,5.3346367,-0.00091694447,136665,1251.5119030504268,696.6031932759859,7126.568,4.645115,1205.8927,1.489142,7961.273,5.3346367,0,,,,,1251.5119030504268,0.0005024627,696.6031932759859,0.0004990428,-0.012521982,-0.035869703
2176.530558842019,7950.3813,5.331196,-0.0009168686,136666,1251.5136237107363,696.6046153290054,7117.355,4.6421194,1207.9242,1.4905639,7950.3813,5.331196,0,,,,,1251.5136237107363,0.0005018161,696.6046153290054,0.00049949763,-0.010476295,-0.0331822
2176.537503359285,7949.765,5.3305635,-0.0009167927,136667,1251.510982462916,696.604298805751,7117.8154,4.6415687,1207.353,1.4892449,7949.765,5.3305635,0,,,,,1251.510982462916,0.00050192524,696.604298805751,0.000499546,-0.012752637,-0.03398064
2176.5444478764935,7956.371,5.3337936,-0.0009167169,136668,1251.5112726395037,696.6048452885003,7122.6616,4.644381,1206.3569,1.4900222,7956.371,5.3337936,0,,,,,1251.5112726395037,0.00050167006,696.6048452885003,0.0004994076,-0.012092134,-0.033391044
2176.5513923937588,7952.5474,5.333504,-0.000916641,136669,1251.5124851667424,696.6036923273563,7116.9165,4.6441293,1205.3025,1.4915099,7952.5474,5.333504,0,,,,,1251.5124851667424,0.0005030064,696.6036923273563,0.000500367,-0.011547918,-0.034232058
2176.5583369109654,7946.8247,5.330924,-0.0009165651,136670,1251.513406764088,696.6050387432624,7113.1455,4.6418824,1208.8862,1.4927838,7946.8247,5.330924,0,,,,,1251.513406764088,0.0005025332,696.6050387432624,0.0004993985,-0.011337192,-0.03265187
2176.5652814282307,7952.3755,5.3309445,-0.0009164892,136671,1251.5118029388748,696.6028134284235,7117.8286,4.6419005,1207.5576,1.4895995,7952.3755,5.3309445,0,,,,,1251.5118029388748,0.00050204515,696.6028134284235,0.00049971853,-0.012884978,-0.034789715
2176.5722259454974,7951.312,5.3320117,-0.0009164133,136672,1251.5126212601315,696.6044000266121,7118.076,4.64283,1208.2593,1.4903237,7951.312,5.3320117,0,,,,,1251.5126212601315,0.00050188694,696.6044000266121,0.00049938,-0.011154493,-0.033203613
2176.5791704627627,7950.619,5.337801,-0.0009163374,136673,1251.5118875098292,696.604177879165,7118.0107,4.6478705,1207.8629,1.4938561,7950.619,5.337801,0,,,,,1251.5118875098292,0.00050238,696.604177879165,0.0005002906,-0.012251672,-0.0331525
2176.58611497997,7954.1763,5.337043,-0.0009162616,136674,1251.5112983907222,696.6040309178685,7120.5117,4.6472106,1207.5546,1.492267,7954.1763,5.337043,0,,,,,1251.5112983907222,0.0005027484,696.6040309178685,0.0004998814,-0.012459165,-0.03340164
2176.593059497236,7963.3804,5.333748,-0.0009161857,136675,1251.51217643147,696.6033666002717,7127.1284,4.6443415,1207.5111,1.4898199,7963.3804,5.333748,0,,,,,1251.51217643147,0.0005018332,696.6033666002717,0.00049972977,-0.012932646,-0.03416256
2176.6000040145022,7951.1353,5.3313622,-0.00091610977,136676,1251.5122564694448,696.605902704569,7117.681,4.642264,1207.1038,1.4910951,7951.1353,5.3313622,0,,,,,1251.5122564694448,0.000502306,696.605902704569,0.0004994293,-0.011606131,-0.032540116
2176.606948531767,7952.0083,5.3312774,-0.00091603387,136677,1251.5110749906326,696.602382109061,7119.039,4.64219,1208.0723,1.4898475,7952.0083,5.3312774,0,,,,,1251.5110749906326,0.0005018299,696.602382109061,0.00049937173,-0.0135794645,-0.03513728
2176.613893049032,7956.288,5.3348584,-0.00091595796,136678,1251.5128208397691,696.605864376721,7123.195,4.645308,1206.0497,1.4896756,7956.288,5.3348584,0,,,,,1251.5128208397691,0.0005019662,696.605864376721,0.00049962115,-0.0110191265,-0.03267074
2176.620837566298,7957.5347,5.3319907,-0.00091588206,136679,1251.5103908506928,696.6044246916802,7123.236,4.6428113,1204.7194,1.4901875,7957.5347,5.3319907,0,,,,,1251.5103908506928,0.00050183525,696.6044246916802,0.00049888215,-0.0130297495,-0.033591162
2176.6277820835644,7953.8516,5.3337307,-0.00091580616,136680,1251.5119573219663,696.6043375981925,7121.2974,4.644326,1207.3641,1.4914901,7953.8516,5.3337307,0,,,,,1251.5119573219663,0.00050208083,696.6043375981925,0.0004993968,-0.011873769,-0.03305905
2176.6347266008293,7951.16,5.3326426,-0.00091573026,136681,1251.5109580099538,696.6044415702778,7117.892,4.643379,1207.5939,1.4922279,7951.16,5.3326426,0,,,,,1251.5109580099538,0.0005020581,696.6044415702778,0.0004994996,-0.012600114,-0.032658864
2176.641671118094,7957.3843,5.331796,-0.00091565435,136682,1251.5129142434978,696.6049793511212,7122.8604,4.6426415,1206.6378,1.4894465,7957.3843,5.331796,0,,,,,1251.5129142434978,0.0005014307,696.6049793511212,0.0004990549,-0.01252139,-0.032330334
2176.648615635419,7958.8174,5.333889,-0.0009155784,136683,1251.5113718602258,696.6048950264498,7124.6533,4.644464,1205.8341,1.4903718,7958.8174,5.333889,0,,,,,1251.5113718602258,0.00050189544,696.6048950264498,0.0004991668,-0.012063376,-0.033439957
2176.655560152685,7952.26,5.333923,-0.0009155025,136684,1251.5121321958175,696.6046257518643,7119.6245,4.644494,1206.6564,1.4929296,7952.26,5.333923,0,,,,,1251.5121321958175,0.0005022093,696.6046257518643,0.00049938465,-0.012659409,-0.0326515
2176.66250466995,7955.725,5.3371925,-0.0009154266,136685,1251.5129895443088,696.6046778127026,7122.2476,4.647341,1208.9458,1.4951063,7955.725,5.3371925,0,,,,,1251.5129895443088,0.0005017618,696.6046778127026,0.0004997091,-0.011962141,-0.032613292
2176.6694491872163,7946.2153,5.3319073,-0.0009153507,136686,1251.5119547997542,696.6045476495009,7114.711,4.642739,1208.6699,1.4908402,7946.2153,5.3319073,0,,,,,1251.5119547997542,0.0005026551,696.6045476495009,0.00049964304,-0.012516207,-0.033423316
2176.6763937045407,7944.4185,5.331409,-0.0009152747,136687,1251.5097166742314,696.6055676763375,7112.248,4.642305,1208.0651,1.4930888,7944.4185,5.331409,0,,,,,1251.5097166742314,0.0005023484,696.6055676763375,0.0004996393,-0.013085595,-0.032452136
2176.6833382218056,7951.2544,5.33216,-0.0009151988,136688,1251.5130834258748,696.6046471196746,7118.3984,4.6429586,1207.8663,1.4922705,7951.2544,5.33216,0,,,,,1251.5130834258748,0.00050228275,696.6046471196746,0.00049945223,-0.011957232,-0.032766484
2176.6902827391286,7964.464,5.3381386,-0.00091512286,136689,1251.5114368779427,696.6053381430684,7129.8384,4.6481643,1206.6831,1.4926759,7964.464,5.3381386,0,,,,,1251.5114368779427,0.00050169154,696.6053381430684,0.0004997133,-0.0125967385,-0.03279513
2176.697227256395,7955.1636,5.331409,-0.00091504696,136690,1251.5118383803854,696.6050735200673,7121.7256,4.642305,1204.4229,1.4905622,7955.1636,5.331409,0,,,,,1251.5118383803854,0.000501633,696.6050735200673,0.0004988669,-0.012373289,-0.032708958
2176.7041717737197,7950.5625,5.331367,-0.000914971,136691,1251.5120825589224,696.6048030051237,7117.157,4.642268,1207.8314,1.4910507,7950.5625,5.331367,0,,,,,1251.5120825589224,0.00050204614,696.6048030051237,0.0004993875,-0.012354105,-0.03296937
2176.7111162909846,7947.786,5.329532,-0.0009148951,136692,1251.5111988115088,696.6048300065352,7115.2017,4.6406703,1204.8228,1.4888873,7947.786,5.329532,0,,,,,1251.5111988115088,0.0005018901,696.6048300065352,0.00049914845,-0.012845365,-0.032622747
2176.7180608083086,7946.9927,5.3295236,-0.00091481913,136693,1251.5114939465643,696.6044324935002,7114.3887,4.640663,1206.1079,1.4890156,7946.9927,5.3295236,0,,,,,1251.5114939465643,0.00050211727,696.6044324935002,0.0004992548,-0.012103344,-0.032974526
2176.7250053256325,7956.7935,5.33221,-0.00091474317,136694,1251.5118448271871,696.6059044765569,7119.842,4.6430025,1205.1924,1.4892977,7956.7935,5.33221,0,,,,,1251.5118448271871,0.00050193607,696.6059044765569,0.00049977703,-0.012157803,-0.031182824
2176.7319498428983,7947.315,5.330606,-0.00091466727,136695,1251.5115664763698,696.6041452221349,7114.5903,4.6416054,1207.0242,1.4905416,7947.315,5.330606,0,,,,,1251.5115664763698,0.0005020938,696.6041452221349,0.00049948995,-0.0134686,-0.03257908
2176.7388943602214,7949.497,5.3323603,-0.0009145913,136696,1251.5114057991525,696.6044250152203,7116.912,4.6431327,1209.0835,1.4906166,7949.497,5.3323603,0,,,,,1251.5114057991525,0.0005018855,696.6044250152203,0.0004996872,-0.012542246,-0.03288033
2176.7458388775453,7950.8164,5.3326063,-0.00091451535,136697,1251.51130189765,696.6056532554796,7116.2944,4.6433473,1208.591,1.4906089,7950.8164,5.3326063,0,,,,,1251.51130189765,0.0005023249,696.6056532554796,0.00049958884,-0.013923948,-0.031957075
2176.7527833948693,7952.5596,5.3316207,-0.0009144394,136698,1251.511800937542,696.6053991871318,7119.063,4.642489,1207.5332,1.4898432,7952.5596,5.3316207,0,,,,,1251.511800937542,0.00050179975,696.6053991871318,0.0004992161,-0.012924822,-0.032216344
2176.7597279121933,7948.358,5.330611,-0.0009143634,136699,1251.5126547626492,696.605093484933,7113.9175,4.64161,1208.056,1.4910941,7948.358,5.330611,0,,,,,1251.5126547626492,0.0005022322,696.605093484933,0.0004995873,-0.012693077,-0.03209656
2176.766672429517,7942.691,5.330972,-0.00091428746,136700,1251.510501958473,696.6055004670261,7109.648,4.6419244,1206.7894,1.4951195,7942.691,5.330972,0,,,,,1251.510501958473,0.0005022533,696.6055004670261,0.0004995783,-0.01453905,-0.03167639
2176.7736169468412,7951.575,5.334813,-0.0009142115,136701,1251.5114899653418,696.606022772187,7119.019,4.645269,1205.4888,1.4898779,7951.575,5.334813,0,,,,,1251.5114899653418,0.00050171016,696.606022772187,0.0004998046,-0.012550398,-0.031726677
2176.7805614641657,7952.063,5.3327565,-0.00091413554,136702,1251.5098829940125,696.6052681074935,7118.9526,4.643478,1206.0137,1.490932,7952.063,5.3327565,0,,,,,1251.5098829940125,0.0005022077,696.6052681074935,0.0004993621,-0.014539342,-0.03280934
2176.7875059814887,7956.3096,5.3326054,-0.0009140596,136703,1251.5113288055654,696.6054282523776,7122.5,4.6433463,1205.7203,1.49057,7956.3096,5.3326054,0,,,,,1251.5113288055654,0.00050157664,696.6054282523776,0.00049905793,-0.012847576,-0.03165066
2176.7944504988122,7955.585,5.3324666,-0.0009139836,136704,1251.5111333646203,696.6057395166614,7121.6675,4.643225,1205.3378,1.4927438,7955.585,5.3324666,0,,,,,1251.5111333646203,0.00050172454,696.6057395166614,0.00049903605,-0.013785756,-0.03219377
2176.801395016137,7939.7617,5.3271565,-0.00091390766,136705,1251.511089527887,696.6048752146131,7107.6353,4.638602,1205.4985,1.4887038,7939.7617,5.3271565,0,,,,,1251.511089527887,0.00050229265,696.6048752146131,0.00050006795,-0.0125435935,-0.0328673
2176.8083395334606,7944.0596,5.330191,-0.0009138317,136706,1251.5113017842436,696.6050308105175,7111.6816,4.6412444,1207.9064,1.4916388,7944.0596,5.330191,0,,,,,1251.5113017842436,0.0005020267,696.6050308105175,0.0004994013,-0.01308564,-0.031645246
2176.815284050842,7950.8325,5.330326,-0.0009137557,136707,1251.510492316041,696.6047888947816,7118.3896,4.6413617,1205.3608,1.488692,7950.8325,5.330326,0,,,,,1251.510492316041,0.00050159654,696.6047888947816,0.00049919577,-0.014132169,-0.032410353
2176.822228568166,7957.1416,5.334183,-0.0009136797,136708,1251.5122830545731,696.6056466212209,7122.4805,4.6447206,1206.2598,1.4950658,7957.1416,5.334183,0,,,,,1251.5122830545731,0.0005018149,696.6056466212209,0.000499051,-0.01219353,-0.031733833
2176.8291730854903,7959.6245,5.3333573,-0.00091360376,136709,1251.51131746221,696.604580922035,7124.819,4.644001,1204.0507,1.4888717,7959.6245,5.3333573,0,,,,,1251.51131746221,0.000502008,696.604580922035,0.0004988928,-0.01356947,-0.03282599
2176.8361176028725,7945.218,5.334149,-0.00091352774,136710,1251.5120987649284,696.6061857487007,7113.15,4.6446905,1207.2169,1.4932282,7945.218,5.334149,0,,,,,1251.5120987649284,0.0005026042,696.6061857487007,0.00049983844,-0.013358429,-0.0314411
2176.8430621201956,7945.631,5.3305364,-0.0009134518,136711,1251.5110672910225,696.6059850978348,7113.066,4.641545,1206.0137,1.4927925,7945.631,5.3305364,0,,,,,1251.5110672910225,0.00050236145,696.6059850978348,0.0004993371,-0.012549458,-0.03146323
2176.8500066375777,7952.0566,5.3325706,-0.00091337576,136712,1251.51015399797,696.6050467453848,7118.7983,4.6433163,1205.2418,1.490791,7952.0566,5.3325706,0,,,,,1251.51015399797,0.0005013913,696.6050467453848,0.00049957866,-0.014731002,-0.03176223
2176.8569511549017,7950.4146,5.331641,-0.0009132998,136713,1251.5123051760586,696.6045617401955,7118.0894,4.642507,1205.5033,1.4900125,7950.4146,5.331641,0,,,,,1251.5123051760586,0.0005022992,696.6045617401955,0.00049923995,-0.0127824545,-0.03204943
2176.863895672284,7955.191,5.3315206,-0.0009132238,136714,1251.510539506011,696.6054514856494,7121.77,4.6424017,1205.2137,1.4894996,7955.191,5.3315206,0,,,,,1251.510539506011,0.00050158513,696.6054514856494,0.0004989524,-0.01451883,-0.03134618
2176.870840189666,7948.908,5.332566,-0.00091314776,136715,1251.511044069519,696.6064544635847,7115.9736,4.6433115,1206.1375,1.4895068,7948.908,5.332566,0,,,,,1251.511044069519,0.00050201046,696.6064544635847,0.0004997679,-0.013145576,-0.031117577
2176.87778470699,7942.3755,5.3295503,-0.0009130718,136716,1251.5097528560145,696.6062967537707,7108.8926,4.6406865,1205.4247,1.4887639,7942.3755,5.3295503,0,,,,,1251.5097528560145,0.00050280144,696.6062967537707,0.00049991655,-0.014149471,-0.031927347
2176.884729224372,7959.906,5.331974,-0.0009129958,136717,1251.510292537245,696.6064354841305,7124.903,4.642797,1204.0868,1.4882942,7959.906,5.331974,0,,,,,1251.510292537245,0.000501671,696.6064354841305,0.0004987774,-0.012973667,-0.031536106
2176.891673741754,7946.01,5.3289614,-0.00091291976,136718,1251.5108964927467,696.6056459424626,7113.3394,4.6401734,1204.7942,1.489365,7946.01,5.3289614,0,,,,,1251.5108964927467,0.0005018844,696.6056459424626,0.0004992793,-0.013724812,-0.03165624
2176.8986182591357,7949.5283,5.3309374,-0.00091284374,136719,1251.5103757699922,696.6060430464638,7115.9663,4.6418943,1205.1498,1.4915162,7949.5283,5.3309374,0,,,,,1251.5103757699922,0.00050168857,696.6060430464638,0.0004991029,-0.014280259,-0.031358212
2176.9055627765188,7946.2793,5.330716,-0.0009127677,136720,1251.5109763086296,696.6071925866183,7113.2417,4.6417017,1204.0885,1.488738,7946.2793,5.330716,0,,,,,1251.5109763086296,0.0005020431,696.6071925866183,0.0004997725,-0.013692464,-0.030962497
2176.9125072939005,7953.4434,5.3308334,-0.0009126917,136721,1251.5110566579615,696.6067373403266,7119.1353,4.6418037,1204.568,1.4891937,7953.4434,5.3308334,0,,,,,1251.5110566579615,0.000501701,696.6067373403266,0.0004991541,-0.013086775,-0.030644212
2176.9194518112818,7956.5215,5.3318567,-0.0009126157,136722,1251.5115125592065,696.6056054108742,7121.843,4.6426945,1203.31,1.4895649,7956.5215,5.3318567,0,,,,,1251.5115125592065,0.0005018361,696.6056054108742,0.000498967,-0.013673127,-0.031044018
2176.9263963286635,7945.9473,5.3328543,-0.00091253966,136723,1251.510276612512,696.6061834054959,7111.5723,4.6435633,1203.87,1.4935354,7945.9473,5.3328543,0,,,,,1251.510276612512,0.0005022423,696.6061834054959,0.00050003367,-0.013739844,-0.031521976
2176.9333408460466,7950.245,5.3301535,-0.00091246364,136724,1251.511196317383,696.6063353037354,7116.711,4.6412115,1202.6632,1.4883039,7950.245,5.3301535,0,,,,,1251.511196317383,0.0005021728,696.6063353037354,0.0004988932,-0.013806487,-0.030913156
2176.9402853634288,7951.4185,5.3307834,-0.0009123876,136725,1251.5107203154057,696.6044723464325,7117.7354,4.64176,1206.3446,1.4892153,7951.4185,5.3307834,0,,,,,1251.5107203154057,0.0005019967,696.6044723464325,0.0004993878,-0.01433149,-0.032203984
2176.947229880811,7949.961,5.3299026,-0.0009123116,136726,1251.511074814216,696.6048510611273,7112.872,4.640993,1203.721,1.4899012,7949.961,5.3299026,0,,,,,1251.511074814216,0.0005025902,696.6048510611273,0.0005000283,-0.013868781,-0.032332405
2176.9541743981927,7962.8286,5.333982,-0.0009122356,136727,1251.5113067256175,696.6060583738845,7127.3516,4.644545,1203.8512,1.4896346,7962.8286,5.333982,0,,,,,1251.5113067256175,0.0005016988,696.6060583738845,0.00049892935,-0.013411543,-0.030577948
2176.9611189155744,7947.6235,5.329457,-0.00091215956,136728,1251.5113991605115,696.6062358359159,7114.2944,4.6406045,1202.2909,1.4899806,7947.6235,5.329457,0,,,,,1251.5113991605115,0.0005019416,696.6062358359159,0.0004992308,-0.013779222,-0.030701127
2176.968063433015,7957.4204,5.3324385,-0.0009120835,136729,1251.5113458691865,696.6060936091981,7122.0435,4.6432014,1202.8638,1.4932679,7957.4204,5.3324385,0,,,,,1251.5113458691865,0.00050145,696.6060936091981,0.0004989797,-0.014171898,-0.030480314
2176.975007950397,7957.7285,5.330103,-0.00091200747,136730,1251.5095547401868,696.6061256133127,7123.1274,4.6411676,1202.8896,1.4872487,7957.7285,5.330103,0,,,,,1251.5095547401868,0.0005012359,696.6061256133127,0.0004987761,-0.014805072,-0.03248678
2176.981952467779,7953.6533,5.32995,-0.00091193145,136731,1251.510706704701,696.6062209192024,7116.385,4.641034,1205.558,1.4906465,7953.6533,5.32995,0,,,,,1251.510706704701,0.0005018505,696.6062209192024,0.0004997055,-0.013190051,-0.031517442
2176.9888969852195,7958.163,5.331653,-0.0009118554,136732,1251.5115659410474,696.6067723699017,7123.1953,4.6425176,1204.72,1.4891319,7958.163,5.331653,0,,,,,1251.5115659410474,0.0005015277,696.6067723699017,0.00049907045,-0.013145642,-0.02917365
2176.995841502601,7952.3457,5.333993,-0.00091177935,136733,1251.5092803536536,696.6040942226837,7118.985,4.6445546,1205.1853,1.4923681,7952.3457,5.333993,0,,,,,1251.5092803536536,0.00050158915,696.6040942226837,0.0004995919,-0.015643224,-0.03311405
2177.002786020041,7959.1753,5.3318563,-0.0009117033,136734,1251.5104069609388,696.6060825149169,7124.3276,4.642694,1203.8356,1.4882305,7959.1753,5.3318563,0,,,,,1251.5104069609388,0.00050133734,696.6060825149169,0.0004988844,-0.014248095,-0.03105171
2177.0097305374825,7957.2373,5.3358393,-0.0009116272,136735,1251.5101425252585,696.6053967439254,7121.9214,4.6461625,1204.9017,1.4920883,7957.2373,5.3358393,0,,,,,1251.5101425252585,0.00050222746,696.6053967439254,0.0004994503,-0.014099399,-0.03136762
2177.016675054864,7958.4375,5.332438,-0.0009115512,136736,1251.5101231810622,696.605331247935,7121.8457,4.643201,1203.869,1.490551,7958.4375,5.332438,0,,,,,1251.5101231810622,0.00050151505,696.605331247935,0.0004995575,-0.014792987,-0.032309804
2177.023619572304,7951.101,5.3302298,-0.0009114751,136737,1251.5115099245274,696.6065450362511,7117.446,4.6412783,1204.8387,1.4886612,7951.101,5.3302298,0,,,,,1251.5115099245274,0.00050171843,696.6065450362511,0.0004991606,-0.013847588,-0.029963486
2177.0305640897445,7947.202,5.331293,-0.000911399,136738,1251.5097103735247,696.6058271600425,7114.205,4.6422033,1205.0693,1.4894274,7947.202,5.331293,0,,,,,1251.5097103735247,0.0005022406,696.6058271600425,0.0004996978,-0.014797969,-0.031438902
2177.0375086071267,7956.8643,5.3310413,-0.000911323,136739,1251.5107598579987,696.6078614165713,7121.5205,4.6419845,1203.1969,1.4882705,7956.8643,5.3310413,0,,,,,1251.5107598579987,0.0005019296,696.6078614165713,0.00049905694,-0.012969608,-0.028870417
2177.0444531245666,7948.2886,5.3287654,-0.0009112469,136740,1251.5110199264705,696.6066010985313,7114.4614,4.6400027,1203.3339,1.4913676,7948.2886,5.3287654,0,,,,,1251.5110199264705,0.0005017697,696.6066010985313,0.0004995702,-0.013704111,-0.030989215
2177.051397642007,7953.113,5.3312664,-0.00091117085,136741,1251.5088898874765,696.6058318888024,7119.629,4.6421804,1203.6383,1.4893802,7953.113,5.3312664,0,,,,,1251.5088898874765,0.0005017153,696.6058318888024,0.0004990617,-0.014927313,-0.032164462
2177.0583421594474,7962.462,5.3340216,-0.0009110948,136742,1251.5103018214782,696.6081703499508,7126.181,4.6445794,1205.319,1.4905167,7962.462,5.3340216,0,,,,,1251.5103018214782,0.00050182,696.6081703499508,0.00049878325,-0.013953574,-0.028673325
2177.0652866768874,7953.7334,5.3314924,-0.0009110187,136743,1251.5093269509173,696.6041748888847,7120.167,4.6423774,1200.5559,1.4874071,7953.7334,5.3314924,0,,,,,1251.5093269509173,0.0005016054,696.6041748888847,0.00049965346,-0.015942557,-0.033988815
2177.0722311943287,7957.0024,5.333987,-0.0009109426,136744,1251.510304578444,696.6067984565556,7121.7744,4.64455,1204.8413,1.4894766,7957.0024,5.333987,0,,,,,1251.510304578444,0.0005017205,696.6067984565556,0.000499295,-0.014047742,-0.029641857
2177.0791757117686,7945.132,5.3307586,-0.00091086654,136745,1251.5095386073515,696.6059697601154,7112.177,4.6417384,1203.2275,1.4917734,7945.132,5.3307586,0,,,,,1251.5095386073515,0.00050215743,696.6059697601154,0.00049955695,-0.015191662,-0.03150377
2177.0861202292085,7954.4175,5.331077,-0.00091079046,136746,1251.5117707435143,696.6079500345091,7119.9893,4.642016,1206.0085,1.489588,7954.4175,5.331077,0,,,,,1251.5117707435143,0.00050184334,696.6079500345091,0.00049889146,-0.0127002215,-0.029308116
2177.093064746707,7964.9487,5.3334556,-0.0009107143,136747,1251.5112931636006,696.6058130290975,7128.2397,4.6440864,1203.0856,1.488323,7964.9487,5.3334556,0,,,,,1251.5112931636006,0.00050142617,696.6058130290975,0.00049876724,-0.0146500785,-0.030525167
2177.1000092641475,7956.0723,5.3350544,-0.00091063825,136748,1251.509822050171,696.6056222049681,7121.118,4.6454787,1204.0591,1.4901564,7956.0723,5.3350544,0,,,,,1251.509822050171,0.00050242734,696.6056222049681,0.0004994614,-0.014959233,-0.030881781
2177.1069537815874,7947.8027,5.3299203,-0.0009105622,136749,1251.509674710481,696.6061687788196,7114.273,4.6410084,1203.1643,1.4883546,7947.8027,5.3299203,0,,,,,1251.509674710481,0.0005024061,696.6061687788196,0.00049931987,-0.015041864,-0.030618284
2177.113898299086,7948.36,5.329967,-0.00091048604,136750,1251.509878911001,696.6065248559356,7114.196,4.641049,1205.0951,1.4907562,7948.36,5.329967,0,,,,,1251.509878911001,0.0005018311,696.6065248559356,0.0004992994,-0.014973442,-0.029886147
2177.1208428165264,7953.0825,5.3332424,-0.00091040996,136751,1251.5096146544804,696.6058264113013,7119.153,4.643901,1203.6213,1.4908271,7953.0825,5.3332424,0,,,,,1251.5096146544804,0.0005018597,696.6058264113013,0.00049952616,-0.014566216,-0.030223818
2177.1277873339664,7952.155,5.3301587,-0.0009103339,136752,1251.509891301457,696.6062573076631,7118.317,4.641216,1204.6294,1.488595,7952.155,5.3301587,0,,,,,1251.509891301457,0.0005016232,696.6062573076631,0.0004990779,-0.015608281,-0.031047715
2177.134731851465,7957.1836,5.33497,-0.00091025775,136753,1251.5106109832918,696.6066743123386,7122.446,4.6454053,1203.0918,1.4907982,7957.1836,5.33497,0,,,,,1251.5106109832918,0.0005016891,696.6066743123386,0.00049961306,-0.013551671,-0.029914878
2177.1416763689053,7956.9097,5.330601,-0.00091018167,136754,1251.5099421448563,696.6047642354388,7122.4673,4.6416016,1203.2025,1.4876759,7956.9097,5.330601,0,,,,,1251.5099421448563,0.0005013744,696.6047642354388,0.0004989066,-0.0148294885,-0.032086886
2177.148620886404,7951.743,5.3308907,-0.00091010553,136755,1251.510295676601,696.6068196652019,7116.749,4.641854,1202.9318,1.489253,7951.743,5.3308907,0,,,,,1251.510295676601,0.00050172757,696.6068196652019,0.0004995873,-0.014184547,-0.03014926
2177.1555654039025,7955.4546,5.330206,-0.0009100294,136756,1251.511032251071,696.6084924268446,7119.676,4.6412573,1202.734,1.4893152,7955.4546,5.330206,0,,,,,1251.511032251071,0.00050157105,696.6084924268446,0.0004990866,-0.012859246,-0.02855542
2177.162509921343,7947.498,5.329823,-0.0009099533,136757,1251.5082395033992,696.6066577404922,7114.8315,4.6409235,1203.8296,1.4904367,7947.498,5.329823,0,,,,,1251.5082395033992,0.00050165266,696.6066577404922,0.0004992201,-0.016610423,-0.03157098
2177.1694544388415,7955.875,5.333512,-0.0009098772,136758,1251.5093754953768,696.6071792210121,7120.875,4.644136,1202.3971,1.4893755,7955.875,5.333512,0,,,,,1251.5093754953768,0.0005018244,696.6071792210121,0.0004996197,-0.014318026,-0.030147387
2177.17639895634,7958.9,5.3325725,-0.00090980105,136759,1251.5098993406268,696.6070962148694,7123.953,4.6433177,1202.7163,1.4881777,7958.9,5.3325725,0,,,,,1251.5098993406268,0.00050213817,696.6070962148694,0.00049889786,-0.015304243,-0.030132411
2177.1833434738382,7949.853,5.331059,-0.0009097249,136760,1251.5093071976496,696.606506583737,7112.036,4.642,1205.2509,1.4897102,7949.853,5.331059,0,,,,,1251.5093071976496,0.0005027351,696.606506583737,0.000499696,-0.014647623,-0.030145649
2177.1902879913364,7950.725,5.3298965,-0.0009096488,136761,1251.510527579532,696.60815137899,7115.8447,4.640988,1203.9165,1.4898564,7950.725,5.3298965,0,,,,,1251.510527579532,0.00050199975,696.60815137899,0.0004990886,-0.013731359,-0.028084429
2177.197232508777,7958.2334,5.332478,-0.0009095727,136762,1251.5091055458652,696.6047794776599,7123.713,4.6432357,1203.7357,1.4902076,7958.2334,5.332478,0,,,,,1251.5091055458652,0.00050155475,696.6047794776599,0.0004988868,-0.0159286,-0.031610608
2177.2041770262754,7960.036,5.3336763,-0.00090949656,136763,1251.510075196861,696.6064903872456,7124.801,4.644279,1204.3025,1.4890192,7960.036,5.3336763,0,,,,,1251.510075196861,0.00050150196,696.6064903872456,0.0004992236,-0.015638052,-0.030902438
2177.2111215437735,7953.775,5.330739,-0.0009094204,136764,1251.5107640554907,696.6077680634363,7119.6553,4.6417217,1204.3856,1.4882476,7953.775,5.330739,0,,,,,1251.5107640554907,0.00050179934,696.6077680634363,0.00049890723,-0.013955708,-0.029359892
2177.21806606133,7952.1895,5.3288655,-0.00090934423,136765,1251.5100337925849,696.6064637155856,7115.4277,4.64009,1202.5123,1.4886975,7952.1895,5.3288655,0,,,,,1251.5100337925849,0.0005018149,696.6064637155856,0.00049954973,-0.014776874,-0.030009678
2177.2250105788294,7960.296,5.3349676,-0.0009092681,136766,1251.5105929183385,696.606657298039,7123.1694,4.6454034,1201.9604,1.4892818,7960.296,5.3349676,0,,,,,1251.5105929183385,0.00050189515,696.606657298039,0.00049954356,-0.0141849425,-0.029494315
2177.231955096328,7952.5547,5.3303685,-0.00090919196,136767,1251.5095454361303,696.6072807046528,7118.2812,4.641399,1205.6676,1.490477,7952.5547,5.3303685,0,,,,,1251.5095454361303,0.0005014429,696.6072807046528,0.00049908663,-0.01497416,-0.029643327
2177.2388996138266,7938.553,5.3264813,-0.0009091158,136768,1251.510159095091,696.6069023867864,7104.477,4.6380143,1203.1748,1.488991,7938.553,5.3264813,0,,,,,1251.510159095091,0.000502727,696.6069023867864,0.00049996044,-0.014723401,-0.029815825
2177.2458441313247,7947.6475,5.330286,-0.0009090397,136769,1251.5104382941597,696.6058409097227,7113.9155,4.641327,1207.1097,1.4898942,7947.6475,5.330286,0,,,,,1251.5104382941597,0.0005020591,696.6058409097227,0.00049919455,-0.015266793,-0.030877072
2177.252788648881,7952.999,5.3306074,-0.0009089635,136770,1251.5097741872705,696.6066089442661,7118.9404,4.641607,1202.8905,1.4890091,7952.999,5.3306074,0,,,,,1251.5097741872705,0.00050153484,696.6066089442661,0.0004987589,-0.01565259,-0.030064277
2177.2597331663796,7951.8677,5.3315744,-0.00090888736,136771,1251.5114294380794,696.6072477815712,7117.026,4.642449,1207.2656,1.490093,7951.8677,5.3315744,0,,,,,1251.5114294380794,0.00050176255,696.6072477815712,0.0004991388,-0.013857248,-0.029190792
2177.2666776839365,7956.901,5.3309884,-0.00090881117,136772,1251.5100386757306,696.6059004162964,7122.0576,4.641938,1203.6272,1.487865,7956.901,5.3309884,0,,,,,1251.5100386757306,0.00050141336,696.6059004162964,0.00049892557,-0.015897956,-0.030265657
2177.2736222014346,7966.022,5.3325253,-0.00090873503,136773,1251.509777512372,696.6065700138637,7127.272,4.6432767,1200.4802,1.4875385,7966.022,5.3325253,0,,,,,1251.509777512372,0.0005014297,696.6065700138637,0.00049899763,-0.015004275,-0.030292703
2177.280566718991,7949.0557,5.3309345,-0.00090865884,136774,1251.510522582305,696.6068474684599,7115.0093,4.6418915,1205.1404,1.4911753,7949.0557,5.3309345,0,,,,,1251.510522582305,0.0005021414,696.6068474684599,0.0004990627,-0.014890512,-0.029164955
2177.2875112364895,7956.744,5.330582,-0.0009085827,136775,1251.509138051567,696.6071112173067,7119.782,4.6415844,1203.4209,1.4890953,7956.744,5.330582,0,,,,,1251.509138051567,0.0005017764,696.6071112173067,0.0004990727,-0.015547165,-0.02905048
2177.2944557540463,7958.724,5.3310275,-0.0009085065,136776,1251.5112346305127,696.6070467061178,7122.114,4.641972,1201.6317,1.4881737,7958.724,5.3310275,0,,,,,1251.5112346305127,0.0005018478,696.6070467061178,0.0004986274,-0.014307566,-0.029738616
2177.301400271604,7965.175,5.3315663,-0.0009084303,136777,1251.5087415787275,696.6077205582882,7128.389,4.6424417,1202.8474,1.4877619,7965.175,5.3315663,0,,,,,1251.5087415787275,0.00050110754,696.6077205582882,0.00049855845,-0.015897015,-0.028492766
2177.308344789102,7954.9937,5.3308034,-0.0009083542,136778,1251.5084517160853,696.6056553694701,7119.998,4.6417775,1204.4325,1.4880594,7954.9937,5.3308034,0,,,,,1251.5084517160853,0.00050179183,696.6056553694701,0.00049898995,-0.016253814,-0.031146523
2177.3152893066585,7949.5693,5.3289776,-0.000908278,136779,1251.509336503587,696.6076275861975,7114.8696,4.6401873,1203.7441,1.4883679,7949.5693,5.3289776,0,,,,,1251.509336503587,0.00050174724,696.6076275861975,0.00049910706,-0.015342278,-0.029073177
2177.3222338242153,7949.3823,5.330906,-0.0009082018,136780,1251.5097131743046,696.6054651019302,7115.1357,4.641867,1204.937,1.4937644,7949.3823,5.330906,0,,,,,1251.5097131743046,0.00050160935,696.6054651019302,0.0004992551,-0.015701741,-0.031051382
2177.329178341772,7960.259,5.330846,-0.0009081256,136781,1251.5100738393671,696.6076491638863,7124.3496,4.6418147,1202.5037,1.4882727,7960.259,5.330846,0,,,,,1251.5100738393671,0.00050121464,696.6076491638863,0.0004986989,-0.0150433015,-0.029897464
2177.3361228593285,7959.43,5.333891,-0.0009080494,136782,1251.5101010416054,696.6083227342283,7123.638,4.644466,1203.6239,1.489375,7959.43,5.333891,0,,,,,1251.5101010416054,0.0005020693,696.6083227342283,0.00049878674,-0.0150360735,-0.028799614
2177.3430673768853,7952.142,5.3309174,-0.0009079732,136783,1251.50923823177,696.6073187582997,7118.3125,4.6418767,1203.7089,1.4888445,7952.142,5.3309174,0,,,,,1251.50923823177,0.00050157367,696.6073187582997,0.00049897184,-0.015480504,-0.029342277
2177.3500118944426,7955.4077,5.3294353,-0.000907897,136784,1251.5097408794857,696.606584476049,7117.7163,4.6405864,1203.0149,1.4887441,7955.4077,5.3294353,0,,,,,1251.5097408794857,0.00050206087,696.606584476049,0.00049939053,-0.014744813,-0.030463917
2177.3569564119994,7953.9653,5.3305936,-0.0009078208,136785,1251.5097871916123,696.6079902075867,7117.4893,4.641595,1205.0228,1.4902052,7953.9653,5.3305936,0,,,,,1251.5097871916123,0.0005018486,696.6079902075867,0.00049890403,-0.015485654,-0.028641434
2177.363900929556,7955.193,5.3304,-0.00090774463,136786,1251.5104461976175,696.6077104662534,7119.2075,4.641426,1204.4978,1.4889197,7955.193,5.3304,0,,,,,1251.5104461976175,0.0005014948,696.6077104662534,0.00049891,-0.014733884,-0.02968162
2177.3708454471707,7954.2573,5.3309097,-0.0009076684,136787,1251.509031399048,696.60662147939,7119.1035,4.64187,1203.9299,1.489682,7954.2573,5.3309097,0,,,,,1251.509031399048,0.0005017053,696.60662147939,0.0004991139,-0.01597233,-0.029828582
2177.377789964727,7961.1104,5.3316746,-0.0009075922,136788,1251.5105192554965,696.6061475424365,7125.346,4.6425357,1201.4016,1.4889971,7961.1104,5.3316746,0,,,,,1251.5105192554965,0.0005011441,696.6061475424365,0.0004986051,-0.014975933,-0.030212078
2177.384734482284,7966.3423,5.334007,-0.000907516,136789,1251.5103551760403,696.6061353168951,7127.8496,4.644567,1204.4634,1.4904078,7966.3423,5.334007,0,,,,,1251.5103551760403,0.0005010129,696.6061353168951,0.0004991555,-0.014403593,-0.02975018
2177.3916789998407,7964.3667,5.331584,-0.0009074398,136790,1251.5082143547274,696.6070792391938,7128.293,4.642457,1201.5409,1.4875963,7964.3667,5.331584,0,,,,,1251.5082143547274,0.0005009737,696.6070792391938,0.0004982852,-0.016696444,-0.029989282
2177.3986235174552,7946.5435,5.330906,-0.00090736354,136791,1251.5098094290818,696.608091653467,7111.6387,4.641867,1203.6233,1.4896784,7946.5435,5.330906,0,,,,,1251.5098094290818,0.0005023331,696.608091653467,0.00049975596,-0.014821977,-0.02898476
2177.405568035012,7958.177,5.3307247,-0.00090728735,136792,1251.507586157657,696.6074051053904,7122.311,4.641709,1203.66,1.4882755,7958.177,5.3307247,0,,,,,1251.507586157657,0.0005016226,696.6074051053904,0.0004987336,-0.016503384,-0.030000769
2177.412512552627,7953.82,5.334085,-0.0009072111,136793,1251.508479284582,696.6068508136359,7119.3594,4.6446347,1203.877,1.4902573,7953.82,5.334085,0,,,,,1251.508479284582,0.00050150347,696.6068508136359,0.0004997573,-0.015821503,-0.030195141
2177.4194570702416,7952.9614,5.3298225,-0.00090713485,136794,1251.5091419944556,696.6076867531825,7117.7266,4.640923,1203.7758,1.4901859,7952.9614,5.3298225,0,,,,,1251.5091419944556,0.0005015452,696.6076867531825,0.0004989536,-0.015748678,-0.028222362
2177.4264015877993,7959.424,5.3312883,-0.00090705865,136795,1251.5099687043205,696.6060729564354,7123.533,4.6422,1203.2709,1.4892889,7959.424,5.3312883,0,,,,,1251.5099687043205,0.0005014308,696.6060729564354,0.00049868994,-0.014652947,-0.029507536
2177.433346105414,7956.723,5.333349,-0.0009069824,136796,1251.510111382498,696.6071532159175,7117.132,4.643994,1203.0859,1.4907142,7956.723,5.333349,0,,,,,1251.510111382498,0.0005020176,696.6071532159175,0.0004999229,-0.013882323,-0.029645538
2177.4402906230284,7956.377,5.329807,-0.00090690615,136797,1251.5090408440244,696.6065533191553,7118.4585,4.640909,1201.6482,1.4886279,7956.377,5.329807,0,,,,,1251.5090408440244,0.00050187216,696.6065533191553,0.0004995388,-0.016679779,-0.030955836
2177.4472351405852,7954.3965,5.333417,-0.00090682996,136798,1251.5097527778623,696.6079977965828,7117.522,4.644053,1202.826,1.4937494,7954.3965,5.333417,0,,,,,1251.5097527778623,0.00050176395,696.6079977965828,0.000499386,-0.014662005,-0.028314393
2177.4541796582002,7943.1504,5.3339367,-0.0009067537,136799,1251.5094043068277,696.6078200944933,7107.582,4.6445055,1209.8318,1.4936093,7943.1504,5.3339367,0,,,,,1251.5094043068277,0.0005024968,696.6078200944933,0.0005006628,-0.015661579,-0.029022321
2177.4611241758153,7962.046,5.330705,-0.00090667745,136800,1251.5079354143566,696.6073892314893,7124.757,4.6416917,1202.628,1.487954,7962.046,5.330705,0,,,,,1251.5079354143566,0.00050127215,696.6073892314893,0.00049849006,-0.016470939,-0.02829535
2177.4680686934303,7962.5337,5.3328495,-0.0009066012,136801,1251.5098507372447,696.6065206634802,7126.1943,4.6435595,1202.5525,1.4885145,7962.5337,5.3328495,0,,,,,1251.5098507372447,0.0005012251,696.6065206634802,0.0004989967,-0.015490367,-0.030148184
2177.475013211045,7956.9194,5.332582,-0.00090652495,136802,1251.5088515521657,696.6059669708106,7121.381,4.6433263,1204.1539,1.4900335,7956.9194,5.332582,0,,,,,1251.5088515521657,0.0005014539,696.6059669708106,0.0004990812,-0.015261037,-0.030152787
2177.4819577286594,7954.8896,5.329421,-0.0009064487,136803,1251.5086911580206,696.6085612906819,7118.2393,4.6405735,1203.7799,1.4883035,7954.8896,5.329421,0,,,,,1251.5086911580206,0.00050180545,696.6085612906819,0.0004989094,-0.015657794,-0.028029753
2177.4889022462753,7963.613,5.3343353,-0.00090637244,136804,1251.50789032289,696.6067153885377,7124.4404,4.644853,1202.8636,1.4911731,7963.613,5.3343353,0,,,,,1251.50789032289,0.00050136243,696.6067153885377,0.00049974537,-0.01690859,-0.030238392
2177.49584676389,7953.587,5.33036,-0.0009062962,136805,1251.5096519162269,696.6074227965835,7116.626,4.6413913,1203.028,1.4914488,7953.587,5.33036,0,,,,,1251.5096519162269,0.0005018581,696.6074227965835,0.00049923494,-0.014863736,-0.029189149
2177.5027912815626,7956.7505,5.330232,-0.0009062199,136806,1251.5077153363245,696.6064620676675,7120.197,4.6412797,1204.0992,1.4878544,7956.7505,5.330232,0,,,,,1251.5077153363245,0.00050148333,696.6064620676675,0.0004989596,-0.016668653,-0.028804868
2177.5097357991776,7959.3574,5.330713,-0.0009061436,136807,1251.5069812810111,696.6068777580779,7122.5435,4.6416984,1202.0519,1.4884075,7959.3574,5.330713,0,,,,,1251.5069812810111,0.00050157984,696.6068777580779,0.00049898564,-0.016751176,-0.030631557
2177.5166803167926,7958.0303,5.333608,-0.0009060674,136808,1251.5099682286973,696.6077493570565,7121.156,4.6442194,1201.0983,1.4906023,7958.0303,5.333608,0,,,,,1251.5099682286973,0.0005013972,696.6077493570565,0.00049942837,-0.015033651,-0.028514232
2177.523624834466,7954.8735,5.332011,-0.00090599107,136809,1251.5094918521268,696.6072797121332,7119.3477,4.6428294,1204.4233,1.4924419,7954.8735,5.332011,0,,,,,1251.5094918521268,0.0005012819,696.6072797121332,0.0004990711,-0.0161863,-0.029874088
2177.530569352081,7957.1475,5.332488,-0.0009059148,136810,1251.5085020399335,696.6084440526932,7120.0825,4.6432443,1202.9308,1.4897335,7957.1475,5.332488,0,,,,,1251.5085020399335,0.00050152483,696.6084440526932,0.00049913925,-0.017013416,-0.02904874
2177.5375138697536,7957.9033,5.329714,-0.0009058385,136811,1251.510326125025,696.608626292975,7120.654,4.6408286,1202.1427,1.487414,7957.9033,5.329714,0,,,,,1251.510326125025,0.00050139095,696.608626292975,0.00049871026,-0.015173912,-0.027845124
2177.544458387368,7966.5713,5.332874,-0.00090576225,136812,1251.5100927124427,696.6062789985572,7129.39,4.6435804,1202.159,1.4890146,7966.5713,5.332874,0,,,,,1251.5100927124427,0.0005010115,696.6062789985572,0.00049882906,-0.0154544255,-0.030433325
2177.5514029050414,7953.6187,5.3319697,-0.00090568594,136813,1251.5097153727531,696.6066709096959,7118.036,4.6427927,1204.6937,1.4897491,7953.6187,5.3319697,0,,,,,1251.5097153727531,0.0005019347,696.6066709096959,0.00049953663,-0.015747583,-0.029966878
2177.5583474226564,7961.6597,5.335233,-0.0009056097,136814,1251.507808920752,696.6072921678654,7124.6387,4.645634,1202.4976,1.4933425,7961.6597,5.335233,0,,,,,1251.507808920752,0.00050211715,696.6072921678654,0.00049893535,-0.017540513,-0.02945049
2177.5652919403296,7948.5386,5.3308992,-0.0009055334,136815,1251.509991612502,696.6091309567203,7112.5273,4.641861,1204.0244,1.4897978,7948.5386,5.3308992,0,,,,,1251.509991612502,0.00050241913,696.6091309567203,0.0004993131,-0.015790612,-0.026855176
2177.572236458003,7959.5815,5.3311033,-0.00090545707,136816,1251.5091979185995,696.6072102629287,7123.5576,4.6420383,1202.1848,1.488545,7959.5815,5.3311033,0,,,,,1251.5091979185995,0.0005011118,696.6072102629287,0.0004988475,-0.016472522,-0.030418165
2177.579180975676,7957.5845,5.333383,-0.00090538076,136817,1251.509782172034,696.6076723038705,7120.7793,4.644024,1203.9957,1.489557,7957.5845,5.333383,0,,,,,1251.509782172034,0.0005016256,696.6076723038705,0.00049909874,-0.015979413,-0.028404996
2177.5861254933493,7954.5605,5.3313336,-0.00090530445,136818,1251.5088497560664,696.6084883533571,7117.5967,4.642239,1204.3247,1.4916219,7954.5605,5.3313336,0,,,,,1251.5088497560664,0.000501667,696.6084883533571,0.0004990675,-0.016161831,-0.02843941
2177.5930700109643,7955.6064,5.331671,-0.0009052282,136819,1251.5085105090218,696.6075880793715,7119.587,4.642533,1206.1235,1.4899579,7955.6064,5.331671,0,,,,,1251.5085105090218,0.0005015565,696.6075880793715,0.000498958,-0.016317584,-0.029538775
2177.600014528637,7954.25,5.3326945,-0.0009051519,136820,1251.507927908222,696.606293276658,7118.2295,4.643424,1205.7468,1.4903638,7954.25,5.3326945,0,,,,,1251.507927908222,0.0005018368,696.606293276658,0.00049937144,-0.016159106,-0.029704496
2177.60695904631,7951.113,5.328422,-0.0009050756,136821,1251.5088832215506,696.6072272281802,7115.9165,4.639704,1201.2113,1.4873488,7951.113,5.328422,0,,,,,1251.5088832215506,0.00050181145,696.6072272281802,0.00049874594,-0.015541538,-0.028371193
2177.613903564042,7955.4766,5.3333125,-0.0009049992,136822,1251.5085198529182,696.6080850749698,7119.314,4.643962,1202.4539,1.489447,7955.4766,5.3333125,0,,,,,1251.5085198529182,0.0005015641,696.6080850749698,0.0004996629,-0.01714967,-0.028685378
2177.620848081715,7957.9795,5.3317895,-0.0009049229,136823,1251.5099824539682,696.6068333987348,7121.7285,4.6426363,1204.0852,1.4893956,7957.9795,5.3317895,0,,,,,1251.5099824539682,0.00050183147,696.6068333987348,0.00049910095,-0.015002095,-0.029792454
2177.6277925993877,7958.07,5.3321486,-0.0009048466,136824,1251.5082999881372,696.6084804915819,7121.7036,4.6429486,1204.225,1.4885913,7958.07,5.3321486,0,,,,,1251.5082999881372,0.0005009877,696.6084804915819,0.00049902214,-0.017750882,-0.02814815
2177.634737117061,7959.075,5.331993,-0.0009047703,136825,1251.5094472216908,696.6079761953571,7121.5503,4.642813,1202.9512,1.4902644,7959.075,5.331993,0,,,,,1251.5094472216908,0.00050204893,696.6079761953571,0.0004990168,-0.01565846,-0.028698653
2177.641681634734,7958.645,5.3303657,-0.00090469397,136826,1251.5085887968544,696.6081725507263,7122.157,4.6413965,1200.318,1.4873879,7958.645,5.3303657,0,,,,,1251.5085887968544,0.0005013853,696.6081725507263,0.00049893983,-0.016091507,-0.02834341
2177.6486261524656,7950.96,5.330731,-0.0009046176,136827,1251.5095206833985,696.608184064413,7114.7607,4.6417146,1202.707,1.4900066,7950.96,5.330731,0,,,,,1251.5095206833985,0.0005018965,696.608184064413,0.00049932196,-0.01564652,-0.028359959
2177.655570670139,7951.309,5.3302026,-0.0009045413,136828,1251.5091106409805,696.6068060041495,7115.74,4.6412544,1202.6122,1.4882498,7951.309,5.3302026,0,,,,,1251.5091106409805,0.0005014873,696.6068060041495,0.00049958465,-0.016671864,-0.02854335
2177.66251518787,7955.0425,5.33384,-0.0009044649,136829,1251.5106539673989,696.6070348042455,7118.015,4.6444216,1203.9377,1.4924197,7955.0425,5.33384,0,,,,,1251.5106539673989,0.00050186453,696.6070348042455,0.00049963605,-0.014374874,-0.02822046
2177.6694597055434,7951.307,5.332281,-0.0009043886,136830,1251.5088299798442,696.6068064425704,7114.6465,4.643064,1204.3722,1.4895146,7951.307,5.332281,0,,,,,1251.5088299798442,0.0005020853,696.6068064425704,0.00049981195,-0.01581015,-0.029907735
2177.676404223274,7956.344,5.33221,-0.00090431224,136831,1251.5071706027868,696.6069374210342,7119.9062,4.6430025,1201.4031,1.4891504,7956.344,5.33221,0,,,,,1251.5071706027868,0.0005018426,696.6069374210342,0.0004992785,-0.018119752,-0.029669696
2177.683348740947,7953.476,5.3287644,-0.00090423593,136832,1251.5108401899204,696.6088350933038,7115.566,4.640002,1202.1445,1.4891598,7953.476,5.3287644,0,,,,,1251.5108401899204,0.0005019294,696.6088350933038,0.0004988827,-0.013822006,-0.027290257
2177.690293258679,7953.393,5.334893,-0.00090415956,136833,1251.5084202117941,696.6069411129254,7117.8047,4.645339,1201.5554,1.4908996,7953.393,5.334893,0,,,,,1251.5084202117941,0.00050244544,696.6069411129254,0.00049991795,-0.016974462,-0.029774211
2177.6972377764105,7955.468,5.3338394,-0.0009040832,136834,1251.5086219995603,696.6087593607579,7118.235,4.644421,1202.518,1.4920613,7955.468,5.3338394,0,,,,,1251.5086219995603,0.0005015775,696.6087593607579,0.0004993449,-0.016408544,-0.027144
2177.7041822941414,7960.1904,5.3313093,-0.0009040068,136835,1251.5095406560224,696.608001903084,7122.2153,4.6422176,1201.715,1.4894156,7960.1904,5.3313093,0,,,,,1251.5095406560224,0.00050142873,696.608001903084,0.0004989657,-0.015430583,-0.028178882
2177.7111268118147,7953.505,5.3285613,-0.0009039305,136836,1251.5077635528883,696.6069005145821,7116.01,4.6398253,1202.3821,1.4871404,7953.505,5.3285613,0,,,,,1251.5077635528883,0.0005014714,696.6069005145821,0.00049953494,-0.017552624,-0.030571744
2177.718071329546,7951.935,5.3282146,-0.00090385415,136837,1251.5090755495035,696.6084662825224,7115.034,4.639523,1203.022,1.4878298,7951.935,5.3282146,0,,,,,1251.5090755495035,0.0005015662,696.6084662825224,0.00049909047,-0.016375447,-0.02784855
2177.725015847277,7956.891,5.329026,-0.0009037778,136838,1251.5077899505816,696.6075093939331,7119.4673,4.64023,1199.747,1.4874563,7956.891,5.329026,0,,,,,1251.5077899505816,0.00050164986,696.6075093939331,0.0004989901,-0.01762379,-0.029732635
2177.731960365008,7958.2124,5.3321624,-0.0009037014,136839,1251.5090211759784,696.6095491842672,7119.608,4.6429605,1204.4054,1.491943,7958.2124,5.3321624,0,,,,,1251.5090211759784,0.0005017721,696.6095491842672,0.0004988583,-0.015879834,-0.02617604
2177.7389048827404,7954.0283,5.3317013,-0.00090362504,136840,1251.5074725292577,696.605756126239,7117.1196,4.6425595,1204.9459,1.4893469,7954.0283,5.3317013,0,,,,,1251.5074725292577,0.00050238054,696.605756126239,0.00049934187,-0.017704088,-0.030896299
2177.7458494004713,7956.4263,5.330738,-0.0009035487,136841,1251.5092096174396,696.608724373931,7118.554,4.641721,1203.2639,1.4904355,7956.4263,5.330738,0,,,,,1251.5092096174396,0.0005015746,696.608724373931,0.00049877504,-0.0149841225,-0.027555874
2177.7527939182605,7955.773,5.3305807,-0.00090347225,136842,1251.507780005101,696.6083866835714,7118.457,4.641584,1203.9935,1.4891537,7955.773,5.3305807,0,,,,,1251.507780005101,0.0005014162,696.6083866835714,0.00049897475,-0.016744113,-0.027238013
2177.759738435992,7954.832,5.3289447,-0.0009033959,136843,1251.5091399168584,696.6076187929909,7118.1357,4.6401587,1201.1222,1.4882733,7954.832,5.3289447,0,,,,,1251.5091399168584,0.0005012986,696.6076187929909,0.000498948,-0.01591396,-0.029903717
2177.7666829537234,7954.906,5.33084,-0.0009033195,136844,1251.509132662071,696.6081948952759,7118.099,4.6418095,1204.4354,1.4883393,7954.906,5.33084,0,,,,,1251.509132662071,0.0005018019,696.6081948952759,0.0004992102,-0.017010542,-0.028444607
2177.773627471455,7943.5073,5.326895,-0.00090324314,136845,1251.5081425286503,696.6090515655517,7108.0938,4.6383743,1204.6666,1.4880259,7943.5073,5.326895,0,,,,,1251.5081425286503,0.0005022225,696.6090515655517,0.00049953116,-0.016426891,-0.028308555
2177.7805719892444,7947.8374,5.328567,-0.0009031667,136846,1251.5090025465886,696.6077535918851,7111.878,4.63983,1203.0377,1.4881779,7947.8374,5.328567,0,,,,,1251.5090025465886,0.000501688,696.6077535918851,0.0004993718,-0.015696414,-0.028202238
2177.787516506976,7960.0493,5.3296165,-0.00090309035,136847,1251.5086794116264,696.6077951608668,7121.3193,4.6407437,1202.9056,1.4871256,7960.0493,5.3296165,0,,,,,1251.5086794116264,0.0005012138,696.6077951608668,0.0004988978,-0.016916564,-0.028113307
2177.7944610247655,7949.4653,5.3321657,-0.0009030139,136848,1251.5079854574894,696.6072447623699,7113.573,4.642964,1201.6361,1.4891449,7949.4653,5.3321657,0,,,,,1251.5079854574894,0.00050230575,696.6072447623699,0.0004998814,-0.01674357,-0.028610379
2177.801405542496,7961.323,5.331645,-0.00090293755,136849,1251.5090918652963,696.6068560606964,7123.945,4.6425104,1202.996,1.4904503,7961.323,5.331645,0,,,,,1251.5090918652963,0.0005013812,696.6068560606964,0.000498536,-0.015617127,-0.030073782
2177.8083500602856,7951.1816,5.330297,-0.0009028611,136850,1251.5080475544728,696.6104552045791,7114.6123,4.6413364,1202.1183,1.4898171,7951.1816,5.330297,0,,,,,1251.5080475544728,0.0005021531,696.6104552045791,0.00049898564,-0.016458906,-0.026313765
2177.815294578076,7954.241,5.3278403,-0.0009027847,136851,1251.509111462176,696.6074178262666,7118.211,4.6391973,1199.8583,1.4866306,7954.241,5.3278403,0,,,,,1251.509111462176,0.0005013,696.6074178262666,0.00049881556,-0.016208757,-0.029419793
2177.822239095807,7951.9346,5.328392,-0.0009027083,136852,1251.507670714599,696.6082081163573,7115.8394,4.639678,1201.6344,1.4879316,7951.9346,5.328392,0,,,,,1251.507670714599,0.0005017047,696.6082081163573,0.0004991116,-0.016693318,-0.02913645
2177.829183613596,7956.574,5.3321886,-0.0009026319,136853,1251.5089463876927,696.6083939373764,7118.857,4.6429834,1204.2563,1.492586,7956.574,5.3321886,0,,,,,1251.5089463876927,0.00050188537,696.6083939373764,0.000499072,-0.015793826,-0.027666645
2177.836128131386,7961.2974,5.3316817,-0.0009025555,136854,1251.5096684103996,696.6077041951459,7123.838,4.6425424,1203.2502,1.4893045,7961.2974,5.3316817,0,,,,,1251.5096684103996,0.00050138636,696.6077041951459,0.0004989011,-0.015101406,-0.02855369
2177.843072649176,7955.106,5.3323174,-0.00090247905,136855,1251.5084099713213,696.6095145518226,7118.759,4.643096,1202.6694,1.4892933,7955.106,5.3323174,0,,,,,1251.5084099713213,0.0005015086,696.6095145518226,0.0004993747,-0.016556045,-0.027831193
2177.850017166965,7959.135,5.330187,-0.0009024026,136856,1251.5073157112774,696.6077406722372,7121.7275,4.6412406,1201.976,1.4874101,7959.135,5.330187,0,,,,,1251.5073157112774,0.0005011087,696.6077406722372,0.00049899303,-0.018148867,-0.029549794
2177.856961684754,7962.232,5.331304,-0.0009023262,136857,1251.5084222405537,696.6079575718927,7124.141,4.642214,1201.2551,1.4898479,7962.232,5.331304,0,,,,,1251.5084222405537,0.0005008888,696.6079575718927,0.00049871946,-0.017823013,-0.02842569
2177.8639062025445,7949.1787,5.332224,-0.00090224977,136858,1251.508919716013,696.609309782656,7110.682,4.6430144,1203.2715,1.4926928,7949.1787,5.332224,0,,,,,1251.508919716013,0.0005023241,696.609309782656,0.00049970177,-0.017493332,-0.026835484
2177.870850720334,7962.7944,5.3330426,-0.00090217334,136859,1251.509220871715,696.6087651544129,7123.3477,4.6437273,1201.587,1.4881067,7962.7944,5.3330426,0,,,,,1251.509220871715,0.0005021613,696.6087651544129,0.0004989364,-0.016456883,-0.026068926
2177.877795238123,7949.892,5.3287363,-0.0009020969,136860,1251.5081361449184,696.6069837823637,7113.2783,4.639978,1202.6399,1.4902973,7949.892,5.3287363,0,,,,,1251.5081361449184,0.00050198776,696.6069837823637,0.0004992714,-0.016157432,-0.028544791
2177.884739755913,7957.413,5.3316846,-0.0009020205,136861,1251.5075053220494,696.6066212534845,7120.328,4.6425447,1201.9537,1.4897707,7957.413,5.3316846,0,,,,,1251.5075053220494,0.0005015016,696.6066212534845,0.0004991568,-0.01723706,-0.030521603
2177.8916842737613,7966.357,5.33123,-0.000901944,136862,1251.5090814281396,696.608003152583,7127.0605,4.642149,1202.5176,1.4874314,7966.357,5.33123,0,,,,,1251.5090814281396,0.0005008783,696.608003152583,0.0004986251,-0.016628616,-0.028413884
2177.89862879155,7945.9087,5.327483,-0.0009018676,136863,1251.5085290242534,696.6073720330998,7108.655,4.6388865,1203.3839,1.4886953,7945.9087,5.327483,0,,,,,1251.5085290242534,0.00050214486,696.6073720330998,0.00049967726,-0.017413734,-0.027471803
2177.9055733093387,7958.256,5.330228,-0.00090179115,136864,1251.5088848628168,696.6080930568797,7120.011,4.6412764,1203.9652,1.488846,7958.256,5.330228,0,,,,,1251.5088848628168,0.00050195324,696.6080930568797,0.0004989836,-0.015629178,-0.029041218
2177.912517827187,7951.4,5.335003,-0.00090171467,136865,1251.5088172843516,696.6072989100157,7114.5283,4.645434,1202.4546,1.4921939,7951.4,5.335003,0,,,,,1251.5088172843516,0.0005021859,696.6072989100157,0.0005000396,-0.015943315,-0.029019687
2177.919462344977,7972.0825,5.334225,-0.00090163824,136866,1251.5075189648712,696.6080683063941,7132.038,4.644757,1200.9548,1.4879084,7972.0825,5.334225,0,,,,,1251.5075189648712,0.000501523,696.6080683063941,0.0004987308,-0.017171433,-0.02850571
2177.926406862824,7945.8623,5.3289113,-0.00090156175,136867,1251.5073856705228,696.6090585382514,7109.9087,4.64013,1203.7192,1.491275,7945.8623,5.3289113,0,,,,,1251.5073856705228,0.00050172175,696.6090585382514,0.0004994343,-0.017647175,-0.027791878
2177.933351380673,7963.827,5.332872,-0.00090148527,136868,1251.5092511488908,696.6078951329328,7126.3223,4.6435785,1204.9988,1.4895687,7963.827,5.332872,0,,,,,1251.5092511488908,0.0005012117,696.6078951329328,0.00049849483,-0.016389014,-0.027972627
2177.940295898463,7958.7393,5.329768,-0.00090140884,136869,1251.508110968296,696.6081984208764,7121.6626,4.640876,1201.7584,1.4878228,7958.7393,5.329768,0,,,,,1251.508110968296,0.00050129916,696.6081984208764,0.00049877353,-0.01724784,-0.028860295
2177.94724041631,7956.23,5.3299975,-0.00090133236,136870,1251.5097256725269,696.6102475397975,7117.961,4.6410756,1202.7693,1.4889196,7956.23,5.3299975,0,,,,,1251.5097256725269,0.0005018354,696.6102475397975,0.0004991651,-0.015591505,-0.026884208
2177.9541849341567,7959.3096,5.3319044,-0.0009012559,136871,1251.5100923721036,696.6076277633734,7117.016,4.6427364,1202.535,1.490693,7959.3096,5.3319044,0,,,,,1251.5100923721036,0.0005022775,696.6076277633734,0.0004998819,-0.014767648,-0.02829891
2177.961129452005,7951.4883,5.3310237,-0.0009011794,136872,1251.5089693051225,696.6076836772887,7112.4497,4.641969,1203.6614,1.4898394,7951.4883,5.3310237,0,,,,,1251.5089693051225,0.00050209847,696.6076836772887,0.00049977197,-0.016044516,-0.02746627
2177.968073969795,7956.1294,5.3299146,-0.00090110296,136873,1251.5082973444353,696.6065721210322,7118.347,4.641003,1204.0088,1.4887434,7956.1294,5.3299146,0,,,,,1251.5082973444353,0.00050153036,696.6065721210322,0.00049955514,-0.01629258,-0.029809086
2177.975018487642,7957.1885,5.330367,-0.0009010265,136874,1251.5096233101049,696.6121518234094,7116.913,4.6413975,1203.4736,1.4907048,7957.1885,5.330367,0,,,,,1251.5096233101049,0.0005017237,696.6121518234094,0.00049885537,-0.015226804,-0.022840831
2177.9819630054903,7959.3433,5.332276,-0.00090095,136875,1251.5062137320704,696.6055504241989,7121.6797,4.6430593,1202.7688,1.4919329,7959.3433,5.332276,0,,,,,1251.5062137320704,0.00050148217,696.6055504241989,0.00049927493,-0.019282602,-0.03212547
2177.9889075233973,7959.002,5.330469,-0.00090087345,136876,1251.5091544535749,696.6083062005033,7118.877,4.641486,1200.925,1.4894605,7959.002,5.330469,0,,,,,1251.5091544535749,0.0005020858,696.6083062005033,0.0004989444,-0.016967038,-0.02808473
2177.9958520412442,7956.547,5.3308372,-0.00090079696,136877,1251.5089340109535,696.6089619796415,7116.38,4.641807,1203.6143,1.489439,7956.547,5.3308372,0,,,,,1251.5089340109535,0.00050231133,696.6089619796415,0.0004988006,-0.017173914,-0.02656089
2178.002796559092,7952.488,5.3348913,-0.0009007205,136878,1251.508438804669,696.6085532711368,7112.6353,4.645337,1203.3141,1.4913464,7952.488,5.3348913,0,,,,,1251.508438804669,0.0005026029,696.6085532711368,0.0005003911,-0.016112324,-0.02763127
2178.00974107694,7957.5195,5.335479,-0.000900644,136879,1251.5077627537646,696.6069152799575,7118.995,4.6458483,1202.6119,1.4895939,7957.5195,5.335479,0,,,,,1251.5077627537646,0.0005024499,696.6069152799575,0.00050011533,-0.017516661,-0.029674573
2178.0166855947878,7954.0967,5.3296933,-0.0009005675,136880,1251.5073516448056,696.608138562206,7116.991,4.6408105,1203.8075,1.488994,7954.0967,5.3296933,0,,,,,1251.5073516448056,0.00050157774,696.608138562206,0.0004991124,-0.017823802,-0.02824958
2178.023630112693,7950.0776,5.328635,-0.00090049097,136881,1251.508600453732,696.6084122229485,7111.0405,4.6398897,1202.5372,1.4879481,7950.0776,5.328635,0,,,,,1251.508600453732,0.0005020965,696.6084122229485,0.00049942435,-0.017480718,-0.02855221
2178.0305746305407,7946.2583,5.326561,-0.0009004145,136882,1251.5075718829837,696.6096590931883,7106.801,4.6380835,1202.3036,1.4894168,7946.2583,5.326561,0,,,,,1251.5075718829837,0.0005023755,696.6096590931883,0.00049982127,-0.016546784,-0.027683469
2178.0375191484472,7947.1743,5.3304415,-0.00090033794,136883,1251.5079095076744,696.6078146508431,7110.097,4.641463,1202.6407,1.4899008,7947.1743,5.3304415,0,,,,,1251.5079095076744,0.000502294,696.6078146508431,0.00049977907,-0.016829384,-0.029267969
2178.044463666295,7958.0576,5.33127,-0.00090026145,136884,1251.509004590385,696.6082794742163,7119.635,4.642184,1202.093,1.4888841,7958.0576,5.33127,0,,,,,1251.509004590385,0.0005020496,696.6082794742163,0.00049907085,-0.01597093,-0.027464043
2178.0514081842007,7952.7017,5.329602,-0.0009001849,136885,1251.5076661861053,696.608974307776,7113.805,4.640731,1203.7151,1.4887458,7952.7017,5.329602,0,,,,,1251.5076661861053,0.0005015547,696.608974307776,0.0004994891,-0.017741816,-0.02745693
2178.0583527020494,7950.627,5.332612,-0.0009001084,136886,1251.5080851173323,696.6075707248168,7112.627,4.643352,1203.248,1.4917982,7950.627,5.332612,0,,,,,1251.5080851173323,0.0005021585,696.6075707248168,0.0004997515,-0.016913436,-0.028777627
2178.065297219955,7948.355,5.327443,-0.0009000319,136887,1251.5087543740751,696.6082017891349,7110.2236,4.6388516,1203.2861,1.4879674,7948.355,5.327443,0,,,,,1251.5087543740751,0.00050221256,696.6082017891349,0.00049950625,-0.016578637,-0.027613882
2178.07224173786,7955.962,5.331096,-0.00089995534,136888,1251.507545723865,696.6093633757679,7117.5557,4.6420326,1203.4784,1.4896094,7955.962,5.331096,0,,,,,1251.507545723865,0.00050210475,696.6093633757679,0.00049912074,-0.017241342,-0.027157959
2178.0791862557076,7956.216,5.3298507,-0.00089987885,136889,1251.5071527500315,696.6086123307705,7118.786,4.640948,1202.4373,1.4891,7956.216,5.3298507,0,,,,,1251.5071527500315,0.0005014392,696.6086123307705,0.0004990823,-0.01816807,-0.028193248
2178.0861307736145,7949.912,5.328595,-0.0008998023,136890,1251.5090190122332,696.6087840150642,7112.857,4.6398544,1204.3138,1.4883771,7949.912,5.328595,0,,,,,1251.5090190122332,0.0005019178,696.6087840150642,0.00049896655,-0.016272016,-0.02830853
2178.09307529152,7954.2554,5.3302402,-0.00089972577,136891,1251.5080296095346,696.609730640355,7115.177,4.641287,1203.8374,1.492286,7954.2554,5.3302402,0,,,,,1251.5080296095346,0.0005016569,696.609730640355,0.0004991961,-0.016942602,-0.026705852
2178.100019809426,7949.639,5.3292174,-0.0008996492,136892,1251.5069582703704,696.6086320073547,7113.095,4.6403966,1204.8809,1.488896,7949.639,5.3292174,0,,,,,1251.5069582703704,0.000501486,696.6086320073547,0.00049949466,-0.01869363,-0.028076436
2178.106964327332,7952.65,5.3301487,-0.0008995727,136893,1251.5095552574721,696.6098650100333,7113.939,4.641207,1203.0271,1.4895992,7952.65,5.3301487,0,,,,,1251.5095552574721,0.00050256326,696.6098650100333,0.0004993456,-0.015135647,-0.026996125
2178.113908845238,7947.31,5.3277826,-0.00089949614,136894,1251.506412609238,696.607596968945,7109.1455,4.6391473,1201.9685,1.4887998,7947.31,5.3277826,0,,,,,1251.506412609238,0.0005022069,696.607596968945,0.0004995877,-0.019278025,-0.028365495
2178.120853363144,7954.783,5.329724,-0.0008994196,136895,1251.5083103302095,696.6092820352706,7115.7246,4.640837,1200.9432,1.4879876,7954.783,5.329724,0,,,,,1251.5083103302095,0.000501722,696.6092820352706,0.00049930916,-0.01592492,-0.027157227
2178.127797881108,7953.2812,5.3287454,-0.000899343,136896,1251.5064799397928,696.6071061837123,7116.9263,4.639985,1200.9092,1.4873506,7953.2812,5.3287454,0,,,,,1251.5064799397928,0.0005013078,696.6071061837123,0.00049923593,-0.018401382,-0.02988346
2178.134742399014,7952.5757,5.328188,-0.00089926645,136897,1251.506197563399,696.6092752458,7113.131,4.6395,1202.5448,1.4881458,7952.5757,5.328188,0,,,,,1251.506197563399,0.0005017157,696.6092752458,0.0004994633,-0.018395396,-0.026868705
2178.14168691692,7948.1763,5.3320303,-0.0008991899,136898,1251.5089214166837,696.6087657094965,7110.6396,4.6428456,1205.2242,1.4899145,7948.1763,5.3320303,0,,,,,1251.5089214166837,0.0005021924,696.6087657094965,0.0005000534,-0.015251176,-0.027200205
2178.1486314348845,7950.9663,5.3280945,-0.0008991133,136899,1251.5087459974884,696.6074742865281,7112.214,4.6394186,1202.3647,1.4876672,7950.9663,5.3280945,0,,,,,1251.5087459974884,0.0005019304,696.6074742865281,0.0004997458,-0.016539522,-0.029425526
2178.1555759527905,7949.646,5.3291597,-0.00089903676,136900,1251.5072420876984,696.6087622406844,7112.7227,4.640346,1205.0723,1.4886962,7949.646,5.3291597,0,,,,,1251.5072420876984,0.0005018777,696.6087622406844,0.0004994519,-0.018032515,-0.029400745
2178.1625204706966,7956.67,5.3293366,-0.0008989602,136901,1251.509638513604,696.609454972351,7117.9663,4.6405005,1199.6307,1.4876668,7956.67,5.3293366,0,,,,,1251.509638513604,0.00050164637,696.609454972351,0.00049894425,-0.016062167,-0.025704538
2178.1694649886604,7949.7285,5.32909,-0.0008988836,136902,1251.5077935030831,696.6087848318513,7111.2715,4.6402855,1201.8239,1.4881814,7949.7285,5.32909,0,,,,,1251.5077935030831,0.0005023196,696.6087848318513,0.0004995943,-0.017736785,-0.026434356
2178.176409506624,7957.5835,5.3296776,-0.000898807,136903,1251.508949351397,696.6093937166029,7115.8037,4.640797,1203.5972,1.4908358,7957.5835,5.3296776,0,,,,,1251.508949351397,0.0005019218,696.6093937166029,0.00049930834,-0.015988253,-0.026799671
2178.18335402453,7958.933,5.328826,-0.0008987305,136904,1251.509497023013,696.6081739042412,7117.705,4.6400557,1200.0579,1.4868633,7958.933,5.328826,0,,,,,1251.509497023013,0.0005021363,696.6081739042412,0.000499153,-0.014620008,-0.028519563
2178.1902985424945,7954.925,5.3301883,-0.0008986539,136905,1251.5083384522454,696.6080352334163,7116.273,4.6412416,1201.6426,1.4873829,7954.925,5.3301883,0,,,,,1251.5083384522454,0.0005015267,696.6080352334163,0.0004996457,-0.016877212,-0.028022906
2178.1972430604587,7954.0347,5.3306284,-0.0008985773,136906,1251.5075934279398,696.6073966753896,7117.146,4.641625,1200.9648,1.4877517,7954.0347,5.3306284,0,,,,,1251.5075934279398,0.00050158036,696.6073966753896,0.00049939187,-0.017899355,-0.028838018
2178.204187578423,7956.423,5.328357,-0.0008985007,136907,1251.5087463179254,696.6087102670556,7117.334,4.6396475,1199.0793,1.4869492,7956.423,5.328357,0,,,,,1251.5087463179254,0.00050156796,696.6087102670556,0.0004989512,-0.016713008,-0.027056323
2178.211132096329,7960.211,5.3304076,-0.0008984241,136908,1251.5090694467287,696.6097654339642,7121.361,4.641433,1202.7812,1.4876641,7960.211,5.3304076,0,,,,,1251.5090694467287,0.0005013789,696.6097654339642,0.00049892766,-0.016089037,-0.026216865
2178.218076614294,7942.8354,5.3273697,-0.0008983475,136909,1251.5074359422883,696.6088930678682,7105.4844,4.6387873,1203.3807,1.4903562,7942.8354,5.3273697,0,,,,,1251.5074359422883,0.00050214236,696.6088930678682,0.00049975823,-0.017302679,-0.028345667
2178.225021132258,7957.1733,5.331505,-0.0008982709,136910,1251.5092600927708,696.6101369362834,7116.477,4.642388,1201.5245,1.4888036,7957.1733,5.331505,0,,,,,1251.5092600927708,0.0005018515,696.6101369362834,0.0004997759,-0.014902092,-0.025492815
2178.2319656502214,7944.9233,5.3253455,-0.0008981943,136911,1251.508206380066,696.6074734450387,7104.968,4.6370254,1201.8785,1.4874452,7944.9233,5.3253455,0,,,,,1251.508206380066,0.000502373,696.6074734450387,0.00049983774,-0.017709132,-0.028741857
2178.2389101682434,7950.684,5.328662,-0.00089811767,136912,1251.5081682298937,696.6076606321193,7111.845,4.6399126,1203.0524,1.4897013,7950.684,5.328662,0,,,,,1251.5081682298937,0.00050196267,696.6076606321193,0.0004994024,-0.017632162,-0.028166335
2178.2458546862085,7957.3794,5.3297896,-0.00089804106,136913,1251.5094124681045,696.6088027359096,7117.917,4.640895,1202.4614,1.4877422,7957.3794,5.3297896,0,,,,,1251.5094124681045,0.0005017562,696.6088027359096,0.00049908116,-0.01587929,-0.026858157
2178.2527992041723,7960.562,5.3308716,-0.00089796446,136914,1251.5072778017827,696.6071778772524,7120.4316,4.6418366,1201.6101,1.488657,7960.562,5.3308716,0,,,,,1251.5072778017827,0.00050150504,696.6071778772524,0.00049913034,-0.018609554,-0.029742166
2178.259743722136,7940.744,5.325641,-0.00089788786,136915,1251.5088198414135,696.6101321486818,7102.3174,4.6372824,1204.762,1.4894183,7940.744,5.325641,0,,,,,1251.5088198414135,0.0005022193,696.6101321486818,0.00049989735,-0.016673502,-0.02613173
2178.2666882401595,7958.3687,5.3292003,-0.0008978112,136916,1251.5080495404236,696.6071424759692,7119.579,4.640382,1200.2175,1.4869666,7958.3687,5.3292003,0,,,,,1251.5080495404236,0.0005012205,696.6071424759692,0.00049927476,-0.017107194,-0.029271314
2178.2736327581238,7957.773,5.3303647,-0.0008977346,136917,1251.5074817891623,696.6081961428551,7119.955,4.6413956,1200.5522,1.4903342,7957.773,5.3303647,0,,,,,1251.5074817891623,0.00050120195,696.6081961428551,0.000498622,-0.018576257,-0.02804354
2178.280577276087,7955.615,5.328696,-0.000897658,136918,1251.5083712807223,696.6079017402815,7118.275,4.6399426,1200.6134,1.4866968,7955.615,5.328696,0,,,,,1251.5083712807223,0.0005013919,696.6079017402815,0.00049905636,-0.01676039,-0.028095905
2178.2875217941096,7952.3096,5.327394,-0.00089758134,136919,1251.5087977619994,696.6093887598513,7112.9956,4.6388087,1202.1823,1.4872922,7952.3096,5.327394,0,,,,,1251.5087977619994,0.0005018683,696.6093887598513,0.00049892144,-0.016360885,-0.02691418
2178.294466312074,7956.465,5.3282886,-0.00089750474,136920,1251.5068114239054,696.6089978531772,7116.576,4.6395874,1199.9679,1.4872578,7956.465,5.3282886,0,,,,,1251.5068114239054,0.00050153997,696.6089978531772,0.0004989578,-0.01862833,-0.027294436
2178.3014108300963,7944.682,5.329209,-0.0008974281,136921,1251.5085098464585,696.6078245830048,7107.126,4.640389,1203.7871,1.4931339,7944.682,5.329209,0,,,,,1251.5085098464585,0.00050262373,696.6078245830048,0.00049972517,-0.016814131,-0.028157178
2178.308355348118,7952.571,5.328938,-0.0008973514,136922,1251.507611593102,696.6081378851724,7113.745,4.640153,1203.75,1.4885569,7952.571,5.328938,0,,,,,1251.507611593102,0.0005021685,696.6081378851724,0.000499266,-0.017265873,-0.027037939
2178.3152998660826,7949.942,5.329736,-0.0008972748,136923,1251.5069801658055,696.6072190888585,7112.5796,4.640848,1202.3148,1.4896193,7949.942,5.329736,0,,,,,1251.5069801658055,0.0005018454,696.6072190888585,0.0004994135,-0.018389298,-0.02895496
2178.3222443841055,7953.053,5.3296165,-0.00089719816,136924,1251.5084783958164,696.6089306217898,7113.7197,4.6407437,1201.1301,1.4900943,7953.053,5.3296165,0,,,,,1251.5084783958164,0.0005021379,696.6089306217898,0.00049923995,-0.01685931,-0.027730787
2178.329188902127,7956.1504,5.3290634,-0.0008971215,136925,1251.508660118768,696.6089299034735,7116.3613,4.640262,1203.3438,1.4889795,7956.1504,5.3290634,0,,,,,1251.508660118768,0.0005016837,696.6089299034735,0.00049920555,-0.017223442,-0.026909223
2178.3361334201504,7949.829,5.328182,-0.00089704484,136926,1251.5080927526255,696.608715199343,7110.9165,4.639495,1201.736,1.4885125,7949.829,5.328182,0,,,,,1251.5080927526255,0.00050224154,696.608715199343,0.0004995747,-0.017780365,-0.02721174
2178.3430779381733,7960.811,5.3318515,-0.0008969682,136927,1251.5083571770485,696.6072093224194,7122.6606,4.64269,1204.1244,1.4888813,7960.811,5.3318515,0,,,,,1251.5083571770485,0.00050179724,696.6072093224194,0.0004988825,-0.017332911,-0.029821718
2178.350022456195,7947.856,5.3291664,-0.0008968915,136928,1251.507996327666,696.6087940245243,7107.5234,4.640352,1200.9601,1.4883329,7947.856,5.3291664,0,,,,,1251.507996327666,0.00050246203,696.6087940245243,0.0005002336,-0.017540423,-0.027147962
2178.3569669742164,7949.3896,5.327847,-0.00089681486,136929,1251.5088060976643,696.6080919638431,7110.7383,4.639203,1202.3342,1.4892977,7949.3896,5.327847,0,,,,,1251.5088060976643,0.00050173554,696.6080919638431,0.0004997196,-0.01634178,-0.026877228
2178.3639114922394,7952.207,5.3299637,-0.0008967382,136930,1251.5079668675173,696.608301110362,7113.68,4.6410465,1203.686,1.4901657,7952.207,5.3299637,0,,,,,1251.5079668675173,0.0005018138,696.608301110362,0.00049934443,-0.017150618,-0.028442705
2178.3708560102623,7960.3076,5.3295355,-0.00089666154,136931,1251.507913358195,696.6098509844365,7119.598,4.6406736,1202.9373,1.4877876,7960.3076,5.3295355,0,,,,,1251.507913358195,0.00050143263,696.6098509844365,0.0004987568,-0.017226435,-0.025212074
2178.377800528342,7960.6797,5.3295894,-0.0008965848,136932,1251.5088097854969,696.6070245525016,7121.2407,4.6407204,1200.8306,1.4867762,7960.6797,5.3295894,0,,,,,1251.5088097854969,0.0005013223,696.6070245525016,0.0004991601,-0.017086918,-0.029873313
2178.3847450463645,7955.485,5.3292093,-0.00089650817,136933,1251.5066927006183,696.6090347708296,7117.0376,4.6403894,1200.6458,1.4872196,7955.485,5.3292093,0,,,,,1251.5066927006183,0.00050173904,696.6090347708296,0.0004989415,-0.018205294,-0.028171282
2178.3916895643874,7949.765,5.330254,-0.0008964315,136934,1251.506154614504,696.609642177917,7111.992,4.6412992,1204.1598,1.4902246,7949.765,5.330254,0,,,,,1251.506154614504,0.00050161814,696.609642177917,0.000499757,-0.018955484,-0.027118748
2178.398634082468,7958.3027,5.3318734,-0.0008963548,136935,1251.5067206144442,696.6090739040667,7118.8096,4.6427093,1204.5856,1.4912763,7958.3027,5.3318734,0,,,,,1251.5067206144442,0.00050178985,696.6090739040667,0.000499182,-0.019717783,-0.027943728
2178.4055786004897,7960.324,5.329304,-0.0008962781,136936,1251.5086388325528,696.6097243937272,7120.4375,4.640472,1200.6869,1.4874021,7960.324,5.329304,0,,,,,1251.5086388325528,0.0005018363,696.6097243937272,0.00049871573,-0.015539298,-0.026601529
2178.412523118571,7954.0615,5.3313346,-0.0008962014,136937,1251.5091656789252,696.6080529485342,7114.3574,4.64224,1199.6185,1.4870728,7954.0615,5.3313346,0,,,,,1251.5091656789252,0.0005018515,696.6080529485342,0.0005002637,-0.017541358,-0.028158236
2178.4194676365937,7953.8926,5.3286123,-0.00089612475,136938,1251.5075282272633,696.6084547347053,7114.687,4.6398697,1201.6843,1.4876965,7953.8926,5.3286123,0,,,,,1251.5075282272633,0.00050178176,696.6084547347053,0.00049942103,-0.017599802,-0.027570363
2178.4264121546735,7952.2993,5.330801,-0.00089604803,136939,1251.5079374657037,696.6077900171706,7113.351,4.641775,1201.828,1.4946073,7952.2993,5.330801,0,,,,,1251.5079374657037,0.00050178904,696.6077900171706,0.00049947156,-0.017558077,-0.027996063
2178.433356672754,7948.211,5.328794,-0.0008959713,136940,1251.506154111034,696.607516712896,7109.9663,4.6400275,1204.8816,1.4900005,7948.211,5.328794,0,,,,,1251.506154111034,0.00050193537,696.607516712896,0.00049981754,-0.018730773,-0.029194517
2178.440301190835,7962.25,5.331219,-0.0008958946,136941,1251.5083391911965,696.6094993774509,7120.94,4.6421394,1201.9668,1.4908918,7962.25,5.331219,0,,,,,1251.5083391911965,0.0005015552,696.6094993774509,0.00049877516,-0.016403737,-0.026248094
2178.4472457088573,7954.459,5.3277864,-0.00089581794,136942,1251.5086004120712,696.6087281204677,7115.3447,4.6391506,1199.4017,1.487156,7954.459,5.3277864,0,,,,,1251.5086004120712,0.00050168944,696.6087281204677,0.0004988483,-0.017208932,-0.027696354
2178.454190226938,7950.759,5.328492,-0.0008957412,136943,1251.5086986733363,696.60822522223,7111.3433,4.639765,1200.4043,1.4880359,7950.759,5.328492,0,,,,,1251.5086986733363,0.00050246576,696.60822522223,0.00049948087,-0.016512444,-0.027912594
2178.4611347450186,7958.873,5.3322477,-0.0008956645,136944,1251.507833550798,696.6087970075675,7118.239,4.643035,1201.1394,1.4897559,7958.873,5.3322477,0,,,,,1251.507833550798,0.0005014569,696.6087970075675,0.00049950613,-0.017525598,-0.027410226
2178.4680792630993,7955.8896,5.328457,-0.0008955878,136945,1251.50814055588,696.6087503358642,7116.4116,4.6397343,1199.3053,1.4879817,7955.8896,5.328457,0,,,,,1251.50814055588,0.00050119124,696.6087503358642,0.0004992892,-0.017855352,-0.028046396
2178.4750237811795,7948.4194,5.3284793,-0.00089551107,136946,1251.5082587904235,696.6081332400933,7110.5664,4.6397533,1205.4408,1.4894834,7948.4194,5.3284793,0,,,,,1251.5082587904235,0.00050173956,696.6081332400933,0.00049915747,-0.017974462,-0.027443169
2178.4819682992597,7949.4907,5.331967,-0.00089543435,136947,1251.5081697169999,696.6086937422546,7111.815,4.642791,1204.8135,1.4895954,7949.4907,5.331967,0,,,,,1251.5081697169999,0.00050200615,696.6086937422546,0.0004997717,-0.016191259,-0.026786398
2178.4889128173995,7957.418,5.3292055,-0.0008953576,136948,1251.5064988987615,696.6082205338889,7116.9053,4.640386,1198.4165,1.4868655,7957.418,5.3292055,0,,,,,1251.5064988987615,0.00050184503,696.6082205338889,0.0004993873,-0.017976137,-0.02815041
2178.4958573354797,7953.0845,5.334138,-0.00089528086,136949,1251.5090703848982,696.6091377317099,7114.116,4.644681,1201.0552,1.490938,7953.0845,5.334138,0,,,,,1251.5090703848982,0.00050195644,696.6091377317099,0.00050004985,-0.016481945,-0.027637256
2178.5028018535604,7952.9707,5.3274283,-0.00089520414,136950,1251.5090335527975,696.6080482163449,7113.469,4.638839,1200.7313,1.4872681,7952.9707,5.3274283,0,,,,,1251.5090335527975,0.00050198974,696.6080482163449,0.0004992441,-0.016681002,-0.028781487
2178.509746371641,7948.7896,5.3272753,-0.0008951274,136951,1251.508495015123,696.6096611848682,7109.7173,4.6387053,1201.1633,1.4885899,7948.7896,5.3272753,0,,,,,1251.508495015123,0.0005020792,696.6096611848682,0.00049896893,-0.016776122,-0.026919838
2178.5166908897795,7953.1245,5.3279305,-0.00089505065,136952,1251.5080189416246,696.6095281626785,7113.7207,4.6392756,1200.5807,1.4877267,7953.1245,5.3279305,0,,,,,1251.5080189416246,0.0005017506,696.6095281626785,0.00049880566,-0.01750389,-0.026393656
2178.523635407861,7948.8994,5.3273478,-0.0008949739,136953,1251.509278238207,696.6088089296096,7109.382,4.6387687,1202.8806,1.4898368,7948.8994,5.3273478,0,,,,,1251.509278238207,0.0005023224,696.6088089296096,0.0004992978,-0.016232274,-0.027573554
2178.5305799259995,7951.417,5.330167,-0.00089489715,136954,1251.5071441043008,696.6081192040958,7112.571,4.6412234,1201.194,1.4880236,7951.417,5.330167,0,,,,,1251.5071441043008,0.0005018616,696.6081192040958,0.00049961754,-0.017966375,-0.027633095
2178.5375244440797,7947.7197,5.3323364,-0.00089482043,136955,1251.5073811589357,696.6085155224853,7108.4565,4.643112,1201.7231,1.4900981,7947.7197,5.3323364,0,,,,,1251.5073811589357,0.00050277816,696.6085155224853,0.0005002228,-0.01739856,-0.028504923
2178.5444689622186,7956.9336,5.329239,-0.00089474366,136956,1251.5069296753738,696.6089972958977,7118.1836,4.640415,1201.6658,1.4873856,7956.9336,5.329239,0,,,,,1251.5069296753738,0.0005015612,696.6089972958977,0.0004989964,-0.017272012,-0.027615407
2178.5514134803575,7957.3936,5.3309684,-0.0008946669,136957,1251.5079782039427,696.6082759336206,7117.037,4.641921,1201.6743,1.4891676,7957.3936,5.3309684,0,,,,,1251.5079782039427,0.000501569,696.6082759336206,0.0004992781,-0.017352832,-0.026999049
2178.5583579984377,7952.861,5.3265963,-0.00089459016,136958,1251.507162043632,696.6096470003829,7114.276,4.638114,1197.6924,1.4860744,7952.861,5.3265963,0,,,,,1251.507162043632,0.0005016648,696.6096470003829,0.0004990533,-0.017777493,-0.027853997
2178.5653025165766,7968.6934,5.331165,-0.0008945134,136959,1251.506936418458,696.6089544166672,7128.276,4.6420927,1199.07,1.4888101,7968.6934,5.331165,0,,,,,1251.506936418458,0.00050080975,696.6089544166672,0.0004984368,-0.017429996,-0.027819077
2178.572247034716,7952.5957,5.328407,-0.0008944366,136960,1251.5073447268708,696.609369013695,7112.8887,4.639691,1201.9126,1.4883932,7952.5957,5.328407,0,,,,,1251.5073447268708,0.00050195365,696.609369013695,0.000499227,-0.017167699,-0.026473245
2178.579191552855,7957.9097,5.332243,-0.00089435984,136961,1251.5083245500662,696.609174976209,7117.7715,4.6430306,1203.507,1.4917102,7957.9097,5.332243,0,,,,,1251.5083245500662,0.00050227495,696.609174976209,0.0004992626,-0.01676168,-0.027162919
2178.586136070993,7958.9487,5.329919,-0.00089428306,136962,1251.5055453914454,696.6079045539825,7118.9565,4.641007,1201.8059,1.4882569,7958.9487,5.329919,0,,,,,1251.5055453914454,0.0005013047,696.6079045539825,0.0004996835,-0.019269967,-0.028062036
2178.593080589132,7953.7314,5.3284197,-0.0008942063,136963,1251.5077609891018,696.6081153500093,7115.516,4.6397014,1202.0,1.4887841,7953.7314,5.3284197,0,,,,,1251.5077609891018,0.0005016214,696.6081153500093,0.00049905066,-0.017265197,-0.027800271
2178.6000251072714,7941.311,5.327362,-0.0008941295,136964,1251.5070647141918,696.6091290770031,7104.313,4.6387806,1203.6936,1.4896904,7941.311,5.327362,0,,,,,1251.5070647141918,0.0005024382,696.6091290770031,0.0004996407,-0.017889177,-0.02648955
2178.6069696254094,7949.5337,5.3283916,-0.00089405273,136965,1251.50796032246,696.610710896266,7111.5483,4.6396775,1203.3699,1.4889176,7949.5337,5.3283916,0,,,,,1251.50796032246,0.00050158316,696.610710896266,0.0004993103,-0.017848594,-0.026235295
2178.6139141436065,7941.129,5.324853,-0.0008939759,136966,1251.5072317320494,696.6091292157936,7102.1333,4.636596,1201.3995,1.4888499,7941.129,5.324853,0,,,,,1251.5072317320494,0.00050230353,696.6091292157936,0.0004997584,-0.018361298,-0.027467333
2178.620858661746,7956.238,5.3285146,-0.0008938991,136967,1251.5078848661426,696.6094118338949,7116.744,4.6397843,1201.7532,1.4880227,7956.238,5.3285146,0,,,,,1251.5078848661426,0.0005013168,696.6094118338949,0.00049868366,-0.017699955,-0.027394524
2178.6278031798847,7961.1387,5.330733,-0.00089382235,136968,1251.5085096391715,696.6070527665642,7120.588,4.641716,1201.2284,1.4876992,7961.1387,5.330733,0,,,,,1251.5085096391715,0.0005017831,696.6070527665642,0.00049907126,-0.017256912,-0.028002534
2178.634747698081,7949.657,5.326346,-0.0008937455,136969,1251.5066780209434,696.6092204804136,7111.0645,4.637896,1202.3793,1.4878203,7949.657,5.326346,0,,,,,1251.5066780209434,0.0005011116,696.6092204804136,0.0004990009,-0.019540368,-0.025883041
2178.6416922162202,7955.4087,5.327752,-0.00089366874,136970,1251.5056943518819,696.6084384350307,7114.4507,4.6391206,1200.5723,1.4861311,7955.4087,5.327752,0,,,,,1251.5056943518819,0.0005017568,696.6084384350307,0.0004993408,-0.01950315,-0.027657026
2178.6486367343596,7953.5786,5.329354,-0.00089359196,136971,1251.5085309771603,696.6085517294156,7112.486,4.6405153,1201.4225,1.4909735,7953.5786,5.329354,0,,,,,1251.5085309771603,0.0005022004,696.6085517294156,0.00049951905,-0.016877288,-0.027095603
2178.6555812525557,7956.595,5.3304844,-0.0008935151,136972,1251.5071725894388,696.6083776863294,7117.8164,4.6414995,1201.1127,1.4908209,7956.595,5.3304844,0,,,,,1251.5071725894388,0.00050132954,696.6083776863294,0.00049881765,-0.018515702,-0.027988115
2178.6625257707524,7959.0015,5.3281746,-0.0008934383,136973,1251.5067575635792,696.6093231478816,7117.6396,4.639488,1200.9965,1.4869375,7959.0015,5.3281746,0,,,,,1251.5067575635792,0.0005013939,696.6093231478816,0.0004985959,-0.01792769,-0.02595319
2178.669470288892,7954.4663,5.329108,-0.0008933615,136974,1251.5074315201462,696.6071554589233,7112.82,4.6403017,1203.146,1.4891165,7954.4663,5.329108,0,,,,,1251.5074315201462,0.00050225237,696.6071554589233,0.0004992127,-0.017568102,-0.028802585
2178.6764148070893,7953.15,5.327046,-0.0008932847,136975,1251.5089076487645,696.6087301666814,7112.088,4.6385055,1201.2709,1.4875841,7953.15,5.327046,0,,,,,1251.5089076487645,0.00050212385,696.6087301666814,0.0004988467,-0.016509213,-0.027089778
2178.6833593252854,7947.8105,5.3247867,-0.00089320785,136976,1251.50631071277,696.6089979879663,7106.055,4.636538,1201.2908,1.4867488,7947.8105,5.3247867,0,,,,,1251.50631071277,0.00050227274,696.6089979879663,0.00049925386,-0.01817857,-0.027076498
2178.690303843483,7962.6147,5.3311048,-0.000893131,136977,1251.5090575196068,696.6081244761283,7120.7197,4.6420403,1202.3075,1.4908419,7962.6147,5.3311048,0,,,,,1251.5090575196068,0.0005016437,696.6081244761283,0.00049903366,-0.016081344,-0.027603965
2178.6972483616805,7956.747,5.328135,-0.0008930542,136978,1251.5072050116078,696.6079817373807,7114.6313,4.639454,1201.9071,1.4870397,7956.747,5.328135,0,,,,,1251.5072050116078,0.00050236,696.6079817373807,0.0004991945,-0.017301217,-0.02801165
2178.7041928798767,7950.998,5.327463,-0.00089297735,136979,1251.5066643794585,696.6089683394981,7111.6763,4.6388693,1201.0767,1.4875618,7950.998,5.327463,0,,,,,1251.5066643794585,0.00050182134,696.6089683394981,0.0004994381,-0.018803244,-0.028976705
2178.711137398074,7963.7085,5.329278,-0.0008929005,136980,1251.5071895196224,696.6100261440637,7122.178,4.640449,1199.5266,1.4865848,7963.7085,5.329278,0,,,,,1251.5071895196224,0.0005016134,696.6100261440637,0.0004987086,-0.016849495,-0.025370292
2178.718081916271,7965.5176,5.3331356,-0.0008928237,136981,1251.50803956936,696.6093524704465,7122.246,4.6438084,1200.7601,1.4915909,7965.5176,5.3331356,0,,,,,1251.50803956936,0.0005025592,696.6093524704465,0.0004992096,-0.01655498,-0.027396426
2178.725026434468,7958.496,5.331601,-0.00089274684,136982,1251.5085732101275,696.6087632724091,7119.6475,4.6424723,1201.4106,1.488346,7958.496,5.331601,0,,,,,1251.5085732101275,0.00050258444,696.6087632724091,0.0004991569,-0.016729055,-0.028107384
2178.731970952665,7962.928,5.3303657,-0.00089267,136983,1251.508011350679,696.6099299162892,7121.8086,4.6413965,1201.8125,1.4892175,7962.928,5.3303657,0,,,,,1251.508011350679,0.00050155644,696.6099299162892,0.0004988295,-0.016647784,-0.026859034
2178.738915470862,7958.265,5.329649,-0.0008925932,136984,1251.508506345012,696.6078717126813,7116.249,4.6407723,1200.953,1.4903344,7958.265,5.329649,0,,,,,1251.508506345012,0.00050243526,696.6078717126813,0.0004991151,-0.016192554,-0.028253544
2178.7458599891174,7952.2495,5.32912,-0.0008925163,136985,1251.5060778979794,696.6090134945564,7110.6924,4.6403117,1204.0284,1.4921833,7952.2495,5.32912,0,,,,,1251.5060778979794,0.0005019785,696.6090134945564,0.00049953064,-0.018610291,-0.027212078
2178.752804507314,7959.637,5.3297005,-0.00089243945,136986,1251.508991503223,696.6092645965344,7118.191,4.6408167,1200.9362,1.4885175,7959.637,5.3297005,0,,,,,1251.508991503223,0.00050219166,696.6092645965344,0.0004988082,-0.015474228,-0.027219607
2178.7597490255107,7955.0283,5.3300977,-0.0008923626,136987,1251.5081909807748,696.6090651222897,7114.9004,4.6411624,1204.4464,1.488362,7955.0283,5.3300977,0,,,,,1251.5081909807748,0.0005020224,696.6090651222897,0.0004993132,-0.018429678,-0.02716961
2178.766693543767,7944.651,5.326878,-0.0008922857,136988,1251.507912179947,696.6082670361724,7105.315,4.6383595,1204.2485,1.4884146,7944.651,5.326878,0,,,,,1251.507912179947,0.00050273,696.6082670361724,0.00049944705,-0.017804349,-0.028399248
2178.7736380619635,7948.734,5.3279243,-0.0008922089,136989,1251.5063602039488,696.6096201765048,7109.5586,4.6392703,1201.8939,1.488865,7948.734,5.3279243,0,,,,,1251.5063602039488,0.0005023039,696.6096201765048,0.00049953524,-0.018526373,-0.02723482
2178.7805825802184,7955.2695,5.328038,-0.000892132,136990,1251.5089954864145,696.6099227964894,7114.1055,4.6393695,1201.2081,1.4880974,7955.2695,5.328038,0,,,,,1251.5089954864145,0.00050222356,696.6099227964894,0.00049920764,-0.015768329,-0.026965057
2178.7875270984737,7957.681,5.3309693,-0.0008920551,136991,1251.5093480503976,696.6079762989773,7118.248,4.641922,1201.1477,1.4876709,7957.681,5.3309693,0,,,,,1251.5093480503976,0.00050167233,696.6079762989773,0.0004993746,-0.017328368,-0.026605634
2178.7944716166708,7943.08,5.325701,-0.00089197827,136992,1251.5077987487025,696.6080568712702,7104.7925,4.6373343,1203.0533,1.4877807,7943.08,5.325701,0,,,,,1251.5077987487025,0.0005021895,696.6080568712702,0.00049947744,-0.01627853,-0.027973263
2178.801416134927,7944.8726,5.326567,-0.0008919014,136993,1251.5073398677628,696.6085669646349,7106.5015,4.6380887,1204.0724,1.4883028,7944.8726,5.326567,0,,,,,1251.5073398677628,0.0005020989,696.6085669646349,0.0004998648,-0.018287933,-0.027305149
2178.808360653182,7954.3687,5.330375,-0.0008918245,136994,1251.5085817014262,696.6083860768434,7114.163,4.6414046,1203.4368,1.4927816,7954.3687,5.330375,0,,,,,1251.5085817014262,0.0005020682,696.6083860768434,0.00049908616,-0.017085683,-0.028135136
2178.8153051714366,7956.6724,5.3299007,-0.0008917476,136995,1251.507827295686,696.6085201507342,7113.901,4.6409917,1201.3105,1.4882455,7956.6724,5.3299007,0,,,,,1251.507827295686,0.0005025866,696.6085201507342,0.000499718,-0.01706952,-0.02815814
2178.822249689692,7950.6787,5.3280354,-0.0008916707,136996,1251.50809967049,696.6094605465395,7110.5513,4.639367,1202.8556,1.4893138,7950.6787,5.3280354,0,,,,,1251.50809967049,0.0005019561,696.6094605465395,0.00049915776,-0.01733424,-0.027297588
2178.8291942079472,7963.4976,5.329607,-0.0008915938,136997,1251.508547417584,696.6090759294534,7121.408,4.6407356,1200.2395,1.4869534,7963.4976,5.329607,0,,,,,1251.508547417584,0.0005016307,696.6090759294534,0.00049886754,-0.017061822,-0.026321923
2178.836138726202,7954.9434,5.3292522,-0.0008915169,136998,1251.5063390941323,696.6085881869194,7115.2827,4.640427,1199.5632,1.4873935,7954.9434,5.3292522,0,,,,,1251.5063390941323,0.00050102425,696.6085881869194,0.0004993511,-0.019257566,-0.027904829
2178.843083244457,7951.467,5.3286624,-0.00089144,136999,1251.5082226941945,696.6094069501372,7112.2773,4.639913,1203.3643,1.4903488,7951.467,5.3286624,0,,,,,1251.5082226941945,0.00050165644,696.6094069501372,0.00049892266,-0.01651614,-0.026533991
2178.850027762713,7965.018,5.3294806,-0.00089136313,137000,1251.507004893413,696.6081159087239,7123.62,4.640625,1199.7494,1.4864328,7965.018,5.3294806,0,,,,,1251.507004893413,0.00050124305,696.6081159087239,0.0004987284,-0.018237343,-0.027040878
2178.8569722809684,7952.106,5.327602,-0.00089128624,137001,1251.5051878456054,696.6099131554007,7111.8423,4.63899,1202.4591,1.4885236,7952.106,5.327602,0,,,,,1251.5051878456054,0.000501867,696.6099131554007,0.00049914664,-0.019804064,-0.02621728
2178.863916799281,7957.326,5.328411,-0.0008912093,137002,1251.5080043653925,696.6087851017999,7116.3867,4.639694,1201.9069,1.4895241,7957.326,5.328411,0,,,,,1251.5080043653925,0.0005016898,696.6087851017999,0.0004988762,-0.017131336,-0.027095977
2178.8708613175368,7957.041,5.3286505,-0.0008911324,137003,1251.5073377317779,696.6085584410318,7113.4385,4.639903,1203.1621,1.4895306,7957.041,5.3286505,0,,,,,1251.5073377317779,0.000502436,696.6085584410318,0.00049909216,-0.017069867,-0.02804099
2178.8778058357925,7946.4653,5.3284245,-0.0008910555,137004,1251.5087524258104,696.6092876826162,7107.634,4.639706,1201.938,1.4886975,7946.4653,5.3284245,0,,,,,1251.5087524258104,0.00050219736,696.6092876826162,0.0004996645,-0.016464496,-0.027147543
2178.884750354105,7961.418,5.3325334,-0.00089097855,137005,1251.5081969794735,696.6095599036092,7119.9336,4.6432834,1201.304,1.4897839,7961.418,5.3325334,0,,,,,1251.5081969794735,0.00050170865,696.6095599036092,0.00049920264,-0.017463123,-0.027191795
2178.891694872361,7958.6904,5.3305116,-0.00089090166,137006,1251.5076803056234,696.6108300759095,7116.258,4.6415234,1202.4012,1.4878561,7958.6904,5.3305116,0,,,,,1251.5076803056234,0.00050170656,696.6108300759095,0.00049944525,-0.018045405,-0.024484027
2178.898639390675,7955.748,5.32752,-0.0008908247,137007,1251.508812891329,696.6078061963493,7112.065,4.6389184,1199.4498,1.4875965,7955.748,5.32752,0,,,,,1251.508812891329,0.00050272164,696.6078061963493,0.00049952953,-0.016184794,-0.028781189
2178.9055839089874,7959.088,5.333278,-0.00089074776,137008,1251.5078828727826,696.6085950916237,7117.636,4.6439323,1201.6943,1.4888632,7959.088,5.333278,0,,,,,1251.5078828727826,0.00050212233,696.6085950916237,0.0004995238,-0.016254399,-0.027912023
2178.9125284272423,7951.7646,5.327104,-0.00089067087,137009,1251.507452332678,696.6092641825562,7110.7144,4.6385565,1202.6694,1.4874452,7951.7646,5.327104,0,,,,,1251.507452332678,0.0005019511,696.6092641825562,0.0004995754,-0.018269125,-0.027076235
2178.919472945556,7952.216,5.3263373,-0.0008905939,137010,1251.5055708474526,696.6102731428631,7112.478,4.6378884,1199.7458,1.486428,7952.216,5.3263373,0,,,,,1251.5055708474526,0.0005018906,696.6102731428631,0.0004990241,-0.018855471,-0.026584964
2178.92641746387,7958.165,5.3326745,-0.00089051697,137011,1251.508721631067,696.6078971893796,7117.7246,4.643407,1199.6187,1.4890039,7958.165,5.3326745,0,,,,,1251.508721631067,0.00050183,696.6078971893796,0.00049926585,-0.016264707,-0.027674139
2178.9333619821828,7954.796,5.329464,-0.00089044,137012,1251.5064563196993,696.610042723182,7113.9517,4.640611,1201.5283,1.4882612,7954.796,5.329464,0,,,,,1251.5064563196993,0.0005019681,696.610042723182,0.00049908774,-0.018677976,-0.026099136
2178.940306500496,7950.965,5.3272204,-0.00089036307,137013,1251.5067272293604,696.6080567748934,7111.0796,4.6386576,1200.3574,1.4886394,7950.965,5.3272204,0,,,,,1251.5067272293604,0.00050186703,696.6080567748934,0.0004991083,-0.018951438,-0.02792472
2178.94725101881,7957.0684,5.328139,-0.0008902861,137014,1251.5082722592178,696.6083443121088,7115.086,4.639457,1199.9933,1.4876184,7957.0684,5.328139,0,,,,,1251.5082722592178,0.0005019793,696.6083443121088,0.00049889105,-0.016468344,-0.02723184
2178.9541955371233,7956.828,5.3271036,-0.00089020916,137015,1251.5086427056824,696.6074840884779,7113.394,4.6385555,1199.7108,1.486327,7956.828,5.3271036,0,,,,,1251.5086427056824,0.00050169334,696.6074840884779,0.0004993628,-0.016976787,-0.028933337
2178.9611400554368,7958.4927,5.3294024,-0.0008901322,137016,1251.5083050895043,696.6092183581563,7116.309,4.6405573,1199.8416,1.4875189,7958.4927,5.3294024,0,,,,,1251.5083050895043,0.000501885,696.6092183581563,0.00049915665,-0.017243525,-0.026858602
2178.9680845737507,7958.234,5.328755,-0.00089005526,137017,1251.5070136080396,696.6083382169699,7117.198,4.6399937,1202.1453,1.4872111,7958.234,5.328755,0,,,,,1251.5070136080396,0.0005017888,696.6083382169699,0.0004990683,-0.01773162,-0.02778145
2178.9750290920642,7958.8184,5.3276725,-0.0008899783,137018,1251.5086854997976,696.6093895114739,7117.575,4.639051,1199.3143,1.4867516,7958.8184,5.3276725,0,,,,,1251.5086854997976,0.0005015194,696.6093895114739,0.0004986594,-0.016235389,-0.026982196
2178.9819736103777,7953.59,5.328267,-0.00088990136,137019,1251.5056823410505,696.6094967186245,7112.8794,4.639569,1199.771,1.4884002,7953.59,5.328267,0,,,,,1251.5056823410505,0.00050201523,696.6094967186245,0.00049908605,-0.019649353,-0.026464647
2178.988918128749,7957.907,5.32933,-0.00088982435,137020,1251.5074130772587,696.6082831824805,7118.178,4.6404943,1199.5142,1.4894354,7957.907,5.32933,0,,,,,1251.5074130772587,0.00050136726,696.6082831824805,0.00049877964,-0.018445497,-0.027883211
2178.995862647062,7952.6494,5.3270907,-0.0008897474,137021,1251.5088467154126,696.6084898251759,7111.632,4.638545,1200.616,1.4887986,7952.6494,5.3270907,0,,,,,1251.5088467154126,0.00050177425,696.6084898251759,0.0004990255,-0.016740723,-0.027324403
2179.0028071653755,7955.3853,5.327116,-0.00088967045,137022,1251.5088097407154,696.6100097768959,7112.671,4.6385665,1201.5417,1.4869928,7955.3853,5.327116,0,,,,,1251.5088097407154,0.00050217926,696.6100097768959,0.0004994004,-0.016145688,-0.02669509
2179.0097516837473,7957.0093,5.332882,-0.00088959344,137023,1251.5057116922237,696.6088761567078,7116.2236,4.6435876,1200.2754,1.4890602,7957.0093,5.332882,0,,,,,1251.5057116922237,0.0005020065,696.6088761567078,0.00049982476,-0.019165989,-0.027436825
2179.0166962021185,7957.8843,5.32854,-0.00088951644,137024,1251.50757964144,696.6087861537219,7118.171,4.6398063,1201.0048,1.4870774,7957.8843,5.32854,0,,,,,1251.50757964144,0.0005011426,696.6087861537219,0.00049903133,-0.017381007,-0.028610522
2179.023640720432,7950.744,5.330961,-0.0008894395,137025,1251.506939899555,696.6102489909911,7109.765,4.641915,1203.8267,1.4905707,7950.744,5.330961,0,,,,,1251.506939899555,0.0005019886,696.6102489909911,0.0004999258,-0.018450566,-0.026337398
2179.030585238804,7954.5015,5.327658,-0.0008893625,137026,1251.5078351929892,696.6089094257734,7113.7573,4.6390386,1200.1543,1.4870683,7954.5015,5.327658,0,,,,,1251.5078351929892,0.0005015713,696.6089094257734,0.00049924693,-0.017247958,-0.026964342
2179.037529757176,7955.8047,5.327899,-0.00088928547,137027,1251.508089183076,696.6090744857556,7113.854,4.6392484,1200.7338,1.4897374,7955.8047,5.327899,0,,,,,1251.508089183076,0.00050176866,696.6090744857556,0.0004990987,-0.016671317,-0.026809623
2179.0444742754894,7959.8965,5.329336,-0.0008892085,137028,1251.5074381942966,696.6092574249955,7117.781,4.6405,1201.0817,1.4883513,7959.8965,5.329336,0,,,,,1251.5074381942966,0.00050137454,696.6092574249955,0.00049901713,-0.01826487,-0.026404684
2179.051418793861,7958.7056,5.3290462,-0.0008891315,137029,1251.5083646650216,696.60735360272,7116.142,4.640248,1201.4807,1.4888344,7958.7056,5.3290462,0,,,,,1251.5083646650216,0.0005020703,696.60735360272,0.0004994392,-0.016108891,-0.028622609
2179.058363312233,7960.0527,5.3291674,-0.0008890545,137030,1251.5050281019141,696.6094114280704,7118.3853,4.6403527,1201.6566,1.4884799,7960.0527,5.3291674,0,,,,,1251.5050281019141,0.0005015673,696.6094114280704,0.00049862993,-0.019759249,-0.027127666
2179.0653078306036,7951.567,5.3284554,-0.0008889775,137031,1251.5076334867745,696.6101425980589,7112.1675,4.639733,1202.9857,1.4889015,7951.567,5.3284554,0,,,,,1251.5076334867745,0.0005015681,696.6101425980589,0.000499322,-0.018029004,-0.027218416
2179.072252348976,7957.228,5.3278303,-0.0008889005,137032,1251.5091003263683,696.609468618913,7114.03,4.639189,1201.45,1.4891112,7957.228,5.3278303,0,,,,,1251.5091003263683,0.00050249166,696.609468618913,0.00049889856,-0.01603801,-0.025978087
2179.079196867348,7961.459,5.3321586,-0.0008888235,137033,1251.5081217708578,696.6080152822275,7120.398,4.6429577,1200.3165,1.4883657,7961.459,5.3321586,0,,,,,1251.5081217708578,0.0005012975,696.6080152822275,0.0004992876,-0.017664261,-0.02837344
2179.086141385719,7950.582,5.326826,-0.00088874646,137034,1251.5084179822043,696.6081671622431,7110.278,4.6383142,1199.0615,1.4881055,7950.582,5.326826,0,,,,,1251.5084179822043,0.0005022237,696.6081671622431,0.00049913063,-0.01726606,-0.027588753
2179.09308590409,7947.7603,5.3265195,-0.00088866946,137035,1251.5070715454547,696.6089281203607,7106.3374,4.638047,1199.5312,1.487888,7947.7603,5.3265195,0,,,,,1251.5070715454547,0.00050256186,696.6089281203607,0.0004999023,-0.017821996,-0.027423117
2179.1000304225204,7954.3657,5.3262796,-0.0008885924,137036,1251.50834700782,696.6082983368196,7112.6035,4.6378384,1200.7123,1.4868397,7954.3657,5.3262796,0,,,,,1251.50834700782,0.00050199975,696.6082983368196,0.00049907836,-0.016299358,-0.027806822
2179.1069749408925,7956.1104,5.326961,-0.0008885154,137037,1251.5063411826486,696.6112029578885,7114.802,4.6384315,1200.3362,1.4869694,7956.1104,5.326961,0,,,,,1251.5063411826486,0.00050143595,696.6112029578885,0.00049854943,-0.019011589,-0.024999006
2179.1139194592633,7956.65,5.331153,-0.0008884384,137038,1251.5066701466644,696.609447790573,7113.942,4.6420817,1199.8121,1.4902368,7956.65,5.331153,0,,,,,1251.5066701466644,0.0005020687,696.609447790573,0.0004995544,-0.017595388,-0.026978824
2179.1208639776937,7958.4077,5.3290553,-0.0008883613,137039,1251.5061679717887,696.6078588522439,7117.1934,4.6402555,1201.7634,1.4876827,7958.4077,5.3290553,0,,,,,1251.5061679717887,0.0005015779,696.6078588522439,0.00049910945,-0.01906918,-0.02838232
2179.127808496066,7959.4644,5.3302517,-0.0008882843,137040,1251.5073800707437,696.6098719342689,7115.8413,4.641297,1199.2731,1.488596,7959.4644,5.3302517,0,,,,,1251.5073800707437,0.00050183764,696.6098719342689,0.0004990785,-0.017469935,-0.026059177
2179.134753014495,7964.91,5.330293,-0.0008882072,137041,1251.5073243794354,696.6080619149392,7121.6396,4.641333,1199.8965,1.4872694,7964.91,5.330293,0,,,,,1251.5073243794354,0.0005019662,696.6080619149392,0.0004990462,-0.017826283,-0.02916525
2179.1416975328666,7957.372,5.3281946,-0.0008881302,137042,1251.50621603607,696.6091160872314,7115.8,4.639506,1201.771,1.4875551,7957.372,5.3281946,0,,,,,1251.50621603607,0.0005016208,696.6091160872314,0.00049898174,-0.018796476,-0.026525872
2179.148642051297,7968.7983,5.331339,-0.00088805315,137043,1251.5089977944378,696.6091481281634,7125.5713,4.6422434,1201.6559,1.4885218,7968.7983,5.331339,0,,,,,1251.5089977944378,0.000501464,696.6091481281634,0.00049846276,-0.016385196,-0.0276168
2179.155586569727,7951.3643,5.3275514,-0.0008879761,137044,1251.5064576972616,696.6080668913881,7110.708,4.6389456,1200.2615,1.4881215,7951.3643,5.3275514,0,,,,,1251.5064576972616,0.0005018585,696.6080668913881,0.00049921207,-0.019276265,-0.026571915
2179.1625310880986,7961.6504,5.328938,-0.0008878991,137045,1251.506392751593,696.6086223629225,7120.7217,4.640153,1200.1151,1.4863772,7961.6504,5.328938,0,,,,,1251.506392751593,0.0005012033,696.6086223629225,0.0004987151,-0.019033544,-0.027161542
2179.1694756065285,7967.535,5.331255,-0.000887822,137046,1251.5071232392359,696.609548534062,7123.243,4.6421704,1201.308,1.4874789,7967.535,5.331255,0,,,,,1251.5071232392359,0.00050201605,696.609548534062,0.00049903913,-0.018024981,-0.026903037
2179.1764201249584,7954.601,5.3266087,-0.00088774494,137047,1251.5068092312385,696.6087438619444,7112.388,4.638125,1199.412,1.4866347,7954.601,5.3266087,0,,,,,1251.5068092312385,0.0005021211,696.6087438619444,0.00049919495,-0.018007657,-0.02752299
2179.1833646433874,7951.5195,5.3271995,-0.0008876679,137048,1251.507246797481,696.6091545230511,7109.7397,4.638639,1201.734,1.4884206,7951.5195,5.3271995,0,,,,,1251.507246797481,0.0005019977,696.6091545230511,0.0004993132,-0.018994957,-0.025905738
2179.1903091618174,7962.896,5.3293853,-0.0008875908,137049,1251.5068678647149,696.6079821078519,7119.8276,4.6405425,1199.495,1.4895993,7962.896,5.3293853,0,,,,,1251.5068678647149,0.000501751,696.6079821078519,0.0004987033,-0.018851254,-0.027908802
2179.1972536802477,7964.8325,5.329296,-0.00088751374,137050,1251.5092091340246,696.6109386113814,7118.588,4.640465,1199.4366,1.4890021,7964.8325,5.329296,0,,,,,1251.5092091340246,0.00050196034,696.6109386113814,0.0004989453,-0.014903522,-0.025301501
2179.2041981986777,7964.5176,5.3296347,-0.0008874367,137051,1251.5073492099152,696.6070453163247,7121.83,4.64076,1198.9574,1.4884948,7964.5176,5.3296347,0,,,,,1251.5073492099152,0.00050158886,696.6070453163247,0.0004985219,-0.016571987,-0.029442355
2179.211142717107,7970.444,5.332537,-0.0008873596,137052,1251.5064669229903,696.6087534643725,7124.361,4.643287,1202.022,1.4912989,7970.444,5.332537,0,,,,,1251.5064669229903,0.00050133717,696.6087534643725,0.00049901876,-0.01948806,-0.026722522
2179.218087235537,7957.9,5.3282924,-0.00088728254,137053,1251.5072474466622,696.6085647726549,7115.167,4.639591,1200.2406,1.4876472,7957.9,5.3282924,0,,,,,1251.5072474466622,0.00050227455,696.6085647726549,0.0004990561,-0.017154729,-0.02826872
2179.225031754025,7956.575,5.3271527,-0.0008872054,137054,1251.5065546899154,696.6086235609546,7114.495,4.6385984,1201.1964,1.4873041,7956.575,5.3271527,0,,,,,1251.5065546899154,0.0005016941,696.6086235609546,0.0004988689,-0.018225621,-0.0262879
2179.231976272455,7969.893,5.3304915,-0.00088712835,137055,1251.5085222109128,696.608293046458,7126.556,4.6415057,1198.1476,1.4868641,7969.893,5.3304915,0,,,,,1251.5085222109128,0.00050133525,696.608293046458,0.00049861247,-0.016380358,-0.027981967
2179.238920790885,7963.1753,5.331182,-0.0008870513,137056,1251.507712336635,696.6097291227004,7121.2188,4.642107,1196.1185,1.4862559,7963.1753,5.331182,0,,,,,1251.507712336635,0.0005016971,696.6097291227004,0.0004990896,-0.017971216,-0.027268454
2179.245865309373,7951.079,5.3274136,-0.00088697416,137057,1251.506283645855,696.609559004487,7111.4976,4.6388254,1201.0337,1.4893275,7951.079,5.3274136,0,,,,,1251.506283645855,0.00050163263,696.609559004487,0.000499165,-0.018489009,-0.027636103
2179.2528098278035,7952.0923,5.3270774,-0.0008868971,137058,1251.5061590357088,696.6101551532487,7109.553,4.638533,1200.659,1.4880008,7952.0923,5.3270774,0,,,,,1251.5061590357088,0.0005019304,696.6101551532487,0.00049944746,-0.018673517,-0.026132008
2179.2597543462916,7967.0093,5.33327,-0.00088681997,137059,1251.506778867439,696.6091768473292,7123.6396,4.643925,1201.5529,1.48789,7967.0093,5.33327,0,,,,,1251.506778867439,0.00050173077,696.6091768473292,0.0004992756,-0.018443907,-0.027396632
2179.2666988647206,7958.5117,5.329549,-0.0008867429,137060,1251.5079233188592,696.6097312756777,7116.8203,4.6406846,1200.8778,1.490228,7958.5117,5.329549,0,,,,,1251.5079233188592,0.00050163275,696.6097312756777,0.0004989336,-0.017218497,-0.026806524
2179.273643383209,7956.598,5.329681,-0.0008866658,137061,1251.5074408354133,696.6088680880059,7115.9253,4.6408,1201.5613,1.4910749,7956.598,5.329681,0,,,,,1251.5074408354133,0.0005016922,696.6088680880059,0.00049909385,-0.018993607,-0.027691798
2179.280587901698,7960.4634,5.3295493,-0.00088658865,137062,1251.5086448074549,696.6096811217217,7115.5835,4.640685,1198.4243,1.4877585,7960.4634,5.3295493,0,,,,,1251.5086448074549,0.00050215656,696.6096811217217,0.0004993777,-0.015973935,-0.026660405
2179.287532420185,7963.268,5.328843,-0.0008865115,137063,1251.5074785218048,696.6100594129028,7118.5825,4.640071,1201.2377,1.4868526,7963.268,5.328843,0,,,,,1251.5074785218048,0.0005016338,696.6100594129028,0.0004989674,-0.018567681,-0.026856797
2179.294476938614,7959.8027,5.3282285,-0.00088643446,137064,1251.507560790628,696.6085362808508,7118.8765,4.639535,1198.8605,1.4855264,7959.8027,5.3282285,0,,,,,1251.507560790628,0.0005014469,696.6085362808508,0.00049898063,-0.017877577,-0.02709464
2179.3014214571026,7951.263,5.328214,-0.00088635733,137065,1251.5057726265043,696.6098119059415,7109.2554,4.6395226,1201.9524,1.490258,7951.263,5.328214,0,,,,,1251.5057726265043,0.0005022779,696.6098119059415,0.0004995698,-0.019122273,-0.026850583
2179.3083659755916,7954.6846,5.329634,-0.0008862802,137066,1251.5075023947193,696.6096952413832,7114.553,4.6407595,1202.0112,1.4878441,7954.6846,5.329634,0,,,,,1251.5075023947193,0.0005021513,696.6096952413832,0.0004991727,-0.016937528,-0.027096655
2179.315310494079,7955.3003,5.3257346,-0.0008862031,137067,1251.5079799666557,696.608336047325,7114.1187,4.637364,1198.5045,1.4851683,7955.3003,5.3257346,0,,,,,1251.5079799666557,0.00050167413,696.608336047325,0.0004989429,-0.018099885,-0.027696524
2179.3222550125674,7963.4795,5.333585,-0.00088612596,137068,1251.5071438218595,696.6097961759816,7121.576,4.6441994,1202.1135,1.4888602,7963.4795,5.333585,0,,,,,1251.5071438218595,0.0005016019,696.6097961759816,0.0004994796,-0.018089654,-0.026498104
2179.329199531056,7961.153,5.329328,-0.00088604883,137069,1251.5069447375104,696.6093572078063,7118.7456,4.6404924,1200.2496,1.48895,7961.153,5.329328,0,,,,,1251.5069447375104,0.0005015542,696.6093572078063,0.0004990907,-0.017404191,-0.026912654
2179.3361440495432,7961.536,5.330239,-0.0008859717,137070,1251.507869746647,696.6095501644407,7117.6294,4.641286,1200.611,1.4873385,7961.536,5.330239,0,,,,,1251.507869746647,0.00050236273,696.6095501644407,0.0004995712,-0.01767839,-0.026729265
2179.3430885680896,7953.254,5.328841,-0.0008858945,137071,1251.5070280332623,696.6086163459092,7111.271,4.640069,1202.0005,1.489936,7953.254,5.328841,0,,,,,1251.5070280332623,0.00050211244,696.6086163459092,0.0004996056,-0.018165417,-0.026816485
2179.3500330865777,7961.312,5.330996,-0.0008858174,137072,1251.5061754284993,696.608961626283,7119.9004,4.641945,1200.4591,1.4880841,7961.312,5.330996,0,,,,,1251.5061754284993,0.0005019091,696.608961626283,0.0004989688,-0.018160578,-0.027358731
2179.356977605066,7959.69,5.3269224,-0.0008857403,137073,1251.5061105848768,696.6102865922204,7115.491,4.638398,1198.2085,1.4870541,7959.69,5.3269224,0,,,,,1251.5061105848768,0.00050213624,696.6102865922204,0.00049906044,-0.01867986,-0.026271576
2179.363922123612,7953.102,5.328548,-0.0008856631,137074,1251.5085466052844,696.6101163152739,7111.766,4.6398134,1199.0972,1.488351,7953.102,5.328548,0,,,,,1251.5085466052844,0.0005022159,696.6101163152739,0.0004991996,-0.01685929,-0.027166342
2179.3708666421003,7960.4336,5.32976,-0.00088558596,137075,1251.5057977951528,696.6087745494816,7118.226,4.6408687,1201.4052,1.4910055,7960.4336,5.32976,0,,,,,1251.5057977951528,0.0005017131,696.6087745494816,0.00049860583,-0.019634925,-0.026712202
2179.3778111606466,7955.258,5.3271966,-0.0008855088,137076,1251.5083097278307,696.6085900921736,7111.734,4.638637,1202.5833,1.4874388,7955.258,5.3271966,0,,,,,1251.5083097278307,0.0005024918,696.6085900921736,0.0004992367,-0.015919888,-0.02767732
2179.3847556791347,7963.4937,5.330411,-0.00088543165,137077,1251.507189300215,696.6092123004192,7121.2617,4.6414356,1199.4175,1.4873694,7963.4937,5.330411,0,,,,,1251.507189300215,0.00050166744,696.6092123004192,0.0004985429,-0.018955356,-0.026136737
2179.391700197681,7953.8237,5.330936,-0.0008853545,137078,1251.5070129480778,696.6095037034411,7113.4194,4.6418924,1202.157,1.4889202,7953.8237,5.330936,0,,,,,1251.5070129480778,0.00050171866,696.6095037034411,0.0004999548,-0.018087951,-0.027022483
2179.3986447162274,7957.9414,5.332455,-0.0008852773,137079,1251.5076534808447,696.6098129659302,7115.7485,4.6432157,1201.3116,1.4896888,7957.9414,5.332455,0,,,,,1251.5076534808447,0.00050181267,696.6098129659302,0.00050029723,-0.018260697,-0.027261006
2179.405589234715,7957.506,5.3296256,-0.00088520016,137080,1251.506543040008,696.6097762715148,7115.8633,4.6407523,1200.0879,1.4891279,7957.506,5.3296256,0,,,,,1251.506543040008,0.0005020938,696.6097762715148,0.0004990311,-0.018767754,-0.026607359
2179.412533753261,7957.3765,5.329442,-0.000885123,137081,1251.5059650748174,696.6105258071708,7115.3154,4.6405916,1200.6493,1.4890347,7957.3765,5.329442,0,,,,,1251.5059650748174,0.0005018637,696.6105258071708,0.0004990364,-0.019956252,-0.026034884
2179.4194782718073,7956.273,5.3265977,-0.0008850458,137082,1251.507487652295,696.6094306548101,7114.747,4.6381154,1198.1228,1.4869721,7956.273,5.3265977,0,,,,,1251.507487652295,0.0005018418,696.6094306548101,0.0004989634,-0.017216314,-0.027470082
2179.4264227903536,7956.1826,5.3261724,-0.0008849686,137083,1251.5060296652982,696.6095339186327,7113.209,4.637745,1198.7867,1.4863411,7956.1826,5.3261724,0,,,,,1251.5060296652982,0.00050200726,696.6095339186327,0.00049899454,-0.018599072,-0.026654134
2179.433367308901,7959.136,5.328098,-0.00088489143,137084,1251.506333126632,696.610970560699,7116.466,4.6394215,1200.111,1.4887981,7959.136,5.328098,0,,,,,1251.506333126632,0.0005017844,696.610970560699,0.00049900805,-0.01800937,-0.026580203
2179.4403118274467,7961.06,5.3289776,-0.00088481425,137085,1251.505710333829,696.6085265430974,7120.334,4.6401873,1199.8456,1.4871581,7961.06,5.3289776,0,,,,,1251.505710333829,0.0005013361,696.6085265430974,0.0004988305,-0.01943389,-0.027487356
2179.4472563459926,7945.208,5.3257465,-0.00088473706,137086,1251.506584572351,696.6091295799603,7102.7163,4.637374,1200.1802,1.4868196,7945.208,5.3257465,0,,,,,1251.506584572351,0.0005034601,696.6091295799603,0.00049945904,-0.018077718,-0.027077066
2179.45420086454,7956.934,5.327171,-0.0008846599,137087,1251.5089384343178,696.6087092495161,7112.9224,4.638614,1200.6157,1.4872428,7956.934,5.327171,0,,,,,1251.5089384343178,0.00050257536,696.6087092495161,0.0004988963,-0.015703768,-0.02608316
2179.4611453830857,7944.779,5.323459,-0.0008845827,137088,1251.507735269952,696.6093918266479,7101.818,4.635382,1199.9838,1.4877589,7944.779,5.323459,0,,,,,1251.507735269952,0.0005028463,696.6093918266479,0.0004992953,-0.017450402,-0.027196571
2179.4958679759334,7953.012,5.327761,-0.00088419666,137093,1251.508709915978,696.6080666193619,7113.5703,4.6391287,1200.4329,1.4878416,7953.012,5.327761,0,,,,,1251.508709915978,0.0005012451,696.6080666193619,0.0004989588,-0.01683192,-0.027061284
2179.5028124944797,7958.848,5.3292675,-0.0008841195,137094,1251.5070613454404,696.6099149881051,7119.641,4.6404405,1199.2911,1.4872308,7958.848,5.3292675,0,,,,,1251.5070613454404,0.0005013632,696.6099149881051,0.00049878116,-0.018133448,-0.026743745
2179.5097570130843,7957.8354,5.33054,-0.00088404224,137095,1251.5074076038086,696.6088706906145,7119.805,4.6415486,1201.3254,1.4887125,7957.8354,5.33054,0,,,,,1251.5074076038086,0.000501234,696.6088706906145,0.00049864565,-0.018304765,-0.02654135
2179.5167015316306,7961.891,5.3278203,-0.00088396505,137096,1251.507101465948,696.6096105517652,7123.087,4.63918,1197.6584,1.4853873,7961.891,5.3278203,0,,,,,1251.507101465948,0.00050041906,696.6096105517652,0.00049837644,-0.018524984,-0.0265102
2179.523646050235,7965.278,5.3311996,-0.0008838878,137097,1251.5068846210165,696.6089929805655,7126.855,4.6421223,1199.7064,1.4886823,7965.278,5.3311996,0,,,,,1251.5068846210165,0.00050050206,696.6089929805655,0.00049817475,-0.018551216,-0.027246777
2179.5305905688397,7956.482,5.3276453,-0.0008838106,137098,1251.507725537414,696.6080888160178,7117.244,4.6390276,1197.5939,1.4855309,7956.482,5.3276453,0,,,,,1251.507725537414,0.0005012911,696.6080888160178,0.00049903814,-0.018281514,-0.026713695
2179.5375350874433,7959.25,5.3292875,-0.00088373333,137099,1251.5067581240921,696.6100864716001,7119.851,4.6404576,1199.5088,1.4881812,7959.25,5.3292875,0,,,,,1251.5067581240921,0.0005012725,696.6100864716001,0.00049866375,-0.018051233,-0.026117582
2179.5444796059896,7954.5254,5.3305106,-0.00088365615,137100,1251.506305327503,696.6088750936415,7116.8525,4.6415224,1199.897,1.4880934,7954.5254,5.3305106,0,,,,,1251.506305327503,0.0005013802,696.6088750936415,0.0004991017,-0.0189147,-0.027447734
2179.551424124595,7952.9683,5.3321023,-0.0008835789,137101,1251.507332293103,696.610085014859,7114.925,4.6429086,1199.0736,1.4890027,7952.9683,5.3321023,0,,,,,1251.507332293103,0.000502197,696.610085014859,0.0004996196,-0.017984401,-0.026014743
2179.558368643199,7959.7617,5.331684,-0.00088350166,137102,1251.5060537311356,696.6096374092991,7121.4956,4.6425443,1199.577,1.4892025,7959.7617,5.331684,0,,,,,1251.5060537311356,0.0005015694,696.6096374092991,0.00049882504,-0.018720943,-0.026626023
2179.5653131618033,7952.9565,5.327113,-0.0008834244,137103,1251.5077373374036,696.6096381980301,7114.749,4.638564,1200.4353,1.4873896,7952.9565,5.327113,0,,,,,1251.5077373374036,0.00050123263,696.6096381980301,0.0004989455,-0.018516662,-0.026316507
2179.572257680408,7955.475,5.330696,-0.0008833472,137104,1251.5076272425217,696.6097126586737,7117.368,4.641684,1198.4618,1.4877938,7955.475,5.330696,0,,,,,1251.5076272425217,0.00050129043,696.6097126586737,0.0004991673,-0.01819612,-0.026467144
2179.5792021990123,7951.95,5.3280635,-0.00088326994,137105,1251.5070150483537,696.6087788738852,7114.8887,4.6393914,1198.9568,1.488378,7951.95,5.3280635,0,,,,,1251.5070150483537,0.000501417,696.6087788738852,0.00049871585,-0.018328391,-0.026913794
2179.586146717675,7966.604,5.332731,-0.00088319264,137106,1251.5066333517452,696.6100642651612,7127.0166,4.643456,1200.005,1.488491,7966.604,5.332731,0,,,,,1251.5066333517452,0.000501114,696.6100642651612,0.0004987312,-0.019035503,-0.0253741
2179.5930912362796,7957.0,5.329024,-0.0008831154,137107,1251.5068714329232,696.6088126537201,7117.2153,4.6402273,1200.827,1.4894651,7957.0,5.329024,0,,,,,1251.5068714329232,0.0005016549,696.6088126537201,0.0004990059,-0.018308306,-0.027297148
2179.600035754884,7950.4204,5.327768,-0.00088303816,137108,1251.5071435448963,696.6092249395884,7113.22,4.6391344,1199.8346,1.4883955,7950.4204,5.327768,0,,,,,1251.5071435448963,0.0005014994,696.6092249395884,0.00049884286,-0.018144371,-0.02711061
2179.6069802734896,7958.0957,5.3299494,-0.0008829609,137109,1251.507641496181,696.6091952837386,7118.709,4.6410336,1197.3921,1.4874289,7958.0957,5.3299494,0,,,,,1251.507641496181,0.0005016656,696.6091952837386,0.0004987828,-0.0176477,-0.026193315
2179.613924792152,7954.4453,5.3284464,-0.0008828836,137110,1251.5065968098702,696.6093918714681,7116.195,4.639725,1200.7596,1.4867653,7954.4453,5.3284464,0,,,,,1251.5065968098702,0.000501496,696.6093918714681,0.00049898156,-0.01819198,-0.026958328
2179.6208693107556,7959.341,5.3279185,-0.0008828064,137111,1251.5064180498516,696.6118216932497,7120.4883,4.639265,1198.39,1.4858348,7959.341,5.3279185,0,,,,,1251.5064180498516,0.0005009876,696.6118216932497,0.0004986528,-0.01870954,-0.02518062
2179.6278138294188,7963.1665,5.3298173,-0.0008827291,137112,1251.5074389187523,696.6092403550268,7123.3384,4.640919,1201.1664,1.4872981,7963.1665,5.3298173,0,,,,,1251.5074389187523,0.0005007171,696.6092403550268,0.0004988833,-0.017993554,-0.026709257
2179.6347583480238,7943.379,5.3257594,-0.00088265183,137113,1251.507209165847,696.6096774129031,7106.6787,4.6373854,1199.1824,1.4870152,7943.379,5.3257594,0,,,,,1251.507209165847,0.00050192454,696.6096774129031,0.0004992232,-0.018609349,-0.025855836
2179.6417028666856,7955.9634,5.329118,-0.00088257453,137114,1251.5061643914062,696.6095816929749,7118.5596,4.64031,1201.9324,1.4879541,7955.9634,5.329118,0,,,,,1251.5061643914062,0.00050115475,696.6095816929749,0.00049881963,-0.018802894,-0.027033044
2179.648647385348,7952.304,5.3287253,-0.00088249723,137115,1251.5077678940688,696.6099868812803,7115.4966,4.6399674,1202.4208,1.488078,7952.304,5.3287253,0,,,,,1251.5077678940688,0.0005014766,696.6099868812803,0.00049885124,-0.017647387,-0.0267473
2179.6555919039533,7949.902,5.3261895,-0.00088242,137116,1251.5075360896876,696.6092835289738,7112.358,4.63776,1198.2646,1.48631,7949.902,5.3261895,0,,,,,1251.5075360896876,0.0005011795,696.6092835289738,0.0004991531,-0.017826581,-0.026687827
2179.662536422616,7953.541,5.32745,-0.0008823427,137117,1251.5075864804687,696.60965586912,7115.1206,4.6388574,1200.3873,1.4870284,7953.541,5.32745,0,,,,,1251.5075864804687,0.0005012716,696.60965586912,0.0004990158,-0.018491466,-0.026138576
2179.669480941279,7964.046,5.3298225,-0.0008822654,137118,1251.5067283592796,696.6085272510791,7125.154,4.640923,1199.5076,1.4869986,7964.046,5.3298225,0,,,,,1251.5067283592796,0.0005006199,696.6085272510791,0.0004983286,-0.019090991,-0.027286423
2179.6764254599416,7948.4507,5.3272476,-0.0008821881,137119,1251.5077993369468,696.6095432067717,7111.748,4.638681,1201.5033,1.4880741,7948.4507,5.3272476,0,,,,,1251.5077993369468,0.0005014627,696.6095432067717,0.00049892114,-0.017931968,-0.026819007
2179.6833699786043,7953.127,5.326684,-0.0008821108,137120,1251.5066894895867,696.6105530562269,7115.0776,4.6381903,1198.852,1.4864293,7953.127,5.326684,0,,,,,1251.5066894895867,0.00050149317,696.6105530562269,0.0004988109,-0.018261703,-0.026313914
2179.690314497267,7951.339,5.3284802,-0.0008820335,137121,1251.5077637087966,696.6098531482004,7113.0757,4.6397543,1201.0034,1.4912268,7951.339,5.3284802,0,,,,,1251.5077637087966,0.0005013584,696.6098531482004,0.0004988615,-0.018548626,-0.026624218
2179.6972590159294,7937.8184,5.3282905,-0.0008819562,137122,1251.5063919511867,696.6090654552157,7101.941,4.6395893,1201.503,1.4889822,7937.8184,5.3282905,0,,,,,1251.5063919511867,0.0005018871,696.6090654552157,0.0005001189,-0.019052096,-0.02602051
2179.7042035345917,7947.9365,5.327184,-0.0008818789,137123,1251.5061982621148,696.6088972425268,7111.5493,4.638626,1200.1779,1.4880017,7947.9365,5.327184,0,,,,,1251.5061982621148,0.0005011331,696.6088972425268,0.00049906137,-0.018680913,-0.02649074
2179.7111480532544,7957.102,5.3284135,-0.0008818016,137124,1251.5066165215185,696.6099417738637,7118.5737,4.639696,1199.5582,1.4868953,7957.102,5.3284135,0,,,,,1251.5066165215185,0.00050101656,696.6099417738637,0.00049860874,-0.018380927,-0.026127744
2179.718092571917,7949.238,5.329054,-0.0008817243,137125,1251.5059607800263,696.6096319376751,7111.758,4.6402545,1199.1163,1.4880949,7949.238,5.329054,0,,,,,1251.5059607800263,0.0005010464,696.6096319376751,0.00049945817,-0.019400556,-0.026252815
2179.725037090581,7954.572,5.3274064,-0.000881647,137126,1251.5080283136654,696.6084112986821,7116.959,4.638819,1198.5503,1.4867285,7954.572,5.3274064,0,,,,,1251.5080283136654,0.0005009937,696.6084112986821,0.0004986397,-0.01720815,-0.026497599
2179.7319816093013,7946.6235,5.3257694,-0.00088156963,137127,1251.5067622568338,696.6092918350284,7109.928,4.637394,1201.3549,1.4875113,7946.6235,5.3257694,0,,,,,1251.5067622568338,0.0005014127,696.6092918350284,0.0004989117,-0.01839503,-0.02686997
2179.7389261279636,7960.512,5.331522,-0.00088149233,137128,1251.5071526779502,696.6099849416673,7122.1934,4.642403,1200.7233,1.4879535,7960.512,5.331522,0,,,,,1251.5071526779502,0.00050129736,696.6099849416673,0.0004989387,-0.018299762,-0.026238028
2179.7458706466846,7950.9346,5.3268023,-0.000881415,137129,1251.5063664937584,696.6095813895472,7113.686,4.6382933,1199.0259,1.486409,7950.9346,5.3268023,0,,,,,1251.5063664937584,0.00050124776,696.6095813895472,0.00049893593,-0.01859496,-0.026435036
2179.7528151653473,7951.4854,5.3265452,-0.0008813377,137130,1251.5063600691244,696.6078330421649,7113.578,4.6380696,1200.141,1.4865013,7951.4854,5.3265452,0,,,,,1251.5063600691244,0.00050131406,696.6078330421649,0.0004988865,-0.018252123,-0.027057165
2179.7597596840683,7946.773,5.326128,-0.0008812603,137131,1251.5060155125796,696.6091879766498,7110.5547,4.6377063,1198.2639,1.4863855,7946.773,5.326128,0,,,,,1251.5060155125796,0.0005012556,696.6091879766498,0.0004991921,-0.0183993,-0.026549367
2179.766704202731,7952.9736,5.3281517,-0.000881183,137132,1251.5073200856543,696.6089678083002,7115.477,4.6394687,1198.3827,1.4862373,7952.9736,5.3281517,0,,,,,1251.5073200856543,0.00050147064,696.6089678083002,0.0004987313,-0.018584572,-0.02560195
2179.7736487214515,7952.3647,5.327419,-0.00088110566,137133,1251.507016719933,696.6085230234795,7111.383,4.63883,1199.8702,1.4885782,7952.3647,5.327419,0,,,,,1251.507016719933,0.00050181104,696.6085230234795,0.0004994475,-0.018555148,-0.026777703
2179.7805932401147,7950.1177,5.327087,-0.00088102836,137134,1251.5082619758905,696.6086517057332,7112.742,4.638541,1199.1787,1.4888273,7950.1177,5.327087,0,,,,,1251.5082619758905,0.0005010346,696.6086517057332,0.000498652,-0.018176239,-0.026896777
2179.787537758836,7955.1387,5.328909,-0.000880951,137135,1251.50686146247,696.6095907227809,7117.508,4.6401277,1201.4769,1.4874531,7955.1387,5.328909,0,,,,,1251.50686146247,0.0005013109,696.6095907227809,0.00049891026,-0.019279422,-0.026089743
2179.794482277556,7946.743,5.327169,-0.00088087365,137136,1251.5071991111395,696.6084964231841,7109.0015,4.6386127,1200.9586,1.4882506,7946.743,5.327169,0,,,,,1251.5071991111395,0.00050166406,696.6084964231841,0.0004994176,-0.018397817,-0.02707947
2179.8014267962776,7951.9517,5.32679,-0.0008807963,137137,1251.5071497707918,696.6088798863935,7114.1357,4.6382823,1199.4413,1.4870785,7951.9517,5.32679,0,,,,,1251.5071497707918,0.0005010746,696.6088798863935,0.00049870944,-0.01922314,-0.026508372
2179.808371314999,7957.7476,5.329817,-0.00088071893,137138,1251.5066641052013,696.6099200283907,7120.4717,4.6409187,1201.0968,1.4872476,7957.7476,5.329817,0,,,,,1251.5066641052013,0.0005010416,696.6099200283907,0.00049869757,-0.01849623,-0.026495589
2179.815315833719,7950.889,5.3306265,-0.0008806416,137139,1251.5074283089739,696.6091618534537,7114.3916,4.6416235,1201.5469,1.4880873,7950.889,5.3306265,0,,,,,1251.5074283089739,0.0005017182,696.6091618534537,0.00049925357,-0.018712511,-0.026442278
2179.8222603524396,7954.8213,5.328594,-0.0008805642,137140,1251.506090550565,696.610311556334,7116.7476,4.6398535,1198.5635,1.4859666,7954.8213,5.328594,0,,,,,1251.506090550565,0.00050122035,696.610311556334,0.0004991388,-0.01822795,-0.025444223
2179.8292048711614,7952.742,5.327592,-0.00088048686,137141,1251.5068224595468,696.6090298481997,7114.7466,4.6389813,1200.5858,1.4878088,7952.742,5.327592,0,,,,,1251.5068224595468,0.00050148397,696.6090298481997,0.00049877167,-0.018775491,-0.026585395
2179.8361493898824,7958.031,5.327914,-0.0008804095,137142,1251.5062668128646,696.6091795593148,7119.835,4.6392617,1197.9207,1.4859511,7958.031,5.327914,0,,,,,1251.5062668128646,0.0005009398,696.6091795593148,0.00049846387,-0.018826505,-0.025668846
2179.8430939086034,7951.2,5.330896,-0.00088033214,137143,1251.5064572378863,696.6096650923358,7113.6895,4.6418576,1200.8424,1.4873432,7951.2,5.330896,0,,,,,1251.5064572378863,0.00050147134,696.6096650923358,0.0004998023,-0.019263534,-0.026905976
2179.850038427324,7955.1943,5.327328,-0.0008802548,137144,1251.5082614252115,696.6093887728932,7117.461,4.6387515,1198.1162,1.4864553,7955.1943,5.327328,0,,,,,1251.5082614252115,0.000501214,696.6093887728932,0.00049872603,-0.017961267,-0.025896108
2179.8569829460444,7949.8545,5.3272653,-0.0008801774,137145,1251.5078656454746,696.6102583399778,7113.071,4.6386967,1199.1005,1.4870139,7949.8545,5.3272653,0,,,,,1251.5078656454746,0.00050136546,696.6102583399778,0.00049900386,-0.018567113,-0.02647521
2179.8639274648244,7956.7886,5.3269777,-0.0008801,137146,1251.5072010904078,696.6095315096171,7118.5376,4.6384463,1197.072,1.486256,7956.7886,5.3269777,0,,,,,1251.5072010904078,0.0005009486,696.6095315096171,0.00049866375,-0.01757501,-0.025867218
2179.870871983545,7956.8594,5.3296537,-0.00088002265,137147,1251.507361817185,696.6095962753703,7119.089,4.640776,1198.9594,1.4867417,7956.8594,5.3296537,0,,,,,1251.507361817185,0.00050114177,696.6095962753703,0.00049904664,-0.019709753,-0.026834175
2179.8778165023236,7960.4136,5.329566,-0.00087994523,137148,1251.5068199064624,696.609264423093,7122.325,4.6407003,1199.4124,1.4879607,7960.4136,5.329566,0,,,,,1251.5068199064624,0.00050098565,696.609264423093,0.00049846387,-0.019192707,-0.026158351
2179.8847610210455,7950.517,5.329931,-0.0008798679,137149,1251.5084243250758,696.6090578709691,7112.725,4.641018,1202.0087,1.4918814,7950.517,5.329931,0,,,,,1251.5084243250758,0.0005016325,696.6090578709691,0.00049927697,-0.017673902,-0.026500551
2179.8917055398247,7953.392,5.329827,-0.00087979046,137150,1251.506216102259,696.6098548702831,7115.7383,4.640927,1200.3737,1.4883586,7953.392,5.329827,0,,,,,1251.506216102259,0.000501367,696.6098548702831,0.0004991347,-0.018597534,-0.026415955
2179.8986500585447,7952.555,5.327598,-0.0008797131,137151,1251.5077251040982,696.6099709780024,7114.671,4.638986,1201.363,1.4869115,7952.555,5.327598,0,,,,,1251.5077251040982,0.0005009823,696.6099709780024,0.00049886614,-0.018104505,-0.0258974
2179.905594577324,7955.7646,5.3274245,-0.0008796357,137152,1251.5063536065568,696.6092830915478,7118.245,4.6388354,1198.3783,1.4867975,7955.7646,5.3274245,0,,,,,1251.5063536065568,0.0005011647,696.6092830915478,0.0004986585,-0.018970873,-0.026594752
2179.912539096103,7954.428,5.3271713,-0.00087955827,137153,1251.5073486414537,696.6104720368061,7117.316,4.6386147,1199.4814,1.4861648,7954.428,5.3271713,0,,,,,1251.5073486414537,0.00050120335,696.6104720368061,0.0004988866,-0.017873488,-0.026242247
2179.919483614824,7956.8247,5.3300123,-0.0008794809,137154,1251.5074882228619,696.6101587002015,7118.9375,4.6410885,1199.7911,1.487842,7956.8247,5.3300123,0,,,,,1251.5074882228619,0.000501246,696.6101587002015,0.000498785,-0.018682722,-0.026862763
2179.9264281336023,7948.158,5.3263197,-0.0008794035,137155,1251.5059516068595,696.6086823248972,7112.022,4.6378736,1199.4205,1.4868165,7948.158,5.3263197,0,,,,,1251.5059516068595,0.0005012152,696.6086823248972,0.00049903465,-0.019064277,-0.026768545
2179.933372652382,7963.1235,5.3308764,-0.0008793261,137156,1251.5064126999587,696.6098756941113,7124.6753,4.641841,1199.044,1.4899626,7963.1235,5.3308764,0,,,,,1251.5064126999587,0.00050118496,696.6098756941113,0.00049838296,-0.01797735,-0.026771342
2179.9403171711615,7950.03,5.3292,-0.00087924866,137157,1251.5059442216175,696.60977280326,7112.752,4.6403813,1200.0732,1.4878318,7950.03,5.3292,0,,,,,1251.5059442216175,0.0005023704,696.60977280326,0.00049920415,-0.018557053,-0.026374258
2179.94726168994,7961.7603,5.3294454,-0.00087917125,137158,1251.5066953997084,696.6089406548239,7123.552,4.640595,1199.6537,1.4868642,7961.7603,5.3294454,0,,,,,1251.5066953997084,0.00050082,696.6089406548239,0.00049842836,-0.019349558,-0.026420701
2179.95420620872,7954.27,5.3272576,-0.00087909383,137159,1251.5062214247992,696.6093510974772,7116.795,4.6386905,1198.1881,1.4867412,7954.27,5.3272576,0,,,,,1251.5062214247992,0.00050102844,696.6093510974772,0.0004987034,-0.019377884,-0.026228385
2179.9611507274994,7947.624,5.3263273,-0.0008790164,137160,1251.5061110930465,696.6098386105604,7110.598,4.6378803,1199.631,1.4872357,7947.624,5.3263273,0,,,,,1251.5061110930465,0.0005012398,696.6098386105604,0.00049914746,-0.019762872,-0.026743911
2179.9680952462777,7952.2964,5.3274946,-0.000878939,137161,1251.5069021002384,696.608408502504,7113.9404,4.6388965,1197.9026,1.48962,7952.2964,5.3274946,0,,,,,1251.5069021002384,0.00050160877,696.608408502504,0.00049907237,-0.018178485,-0.0262213
2179.9750397650564,7962.9688,5.328583,-0.0008788616,137162,1251.507148072028,696.6092819293551,7123.9644,4.639844,1198.1335,1.4859234,7962.9688,5.328583,0,,,,,1251.507148072028,0.0005010546,696.6092819293551,0.0004982335,-0.01865237,-0.02601205
2179.9819842838365,7946.1816,5.326616,-0.00087878417,137163,1251.5074570181673,696.6099040520172,7109.289,4.6381307,1199.5046,1.48878,7946.1816,5.326616,0,,,,,1251.5074570181673,0.0005013625,696.6099040520172,0.00049910153,-0.019069387,-0.02629188
2179.9889288026734,7944.9175,5.3264346,-0.0008787067,137164,1251.5068966648282,696.610427834823,7108.7915,4.637974,1199.7485,1.4884264,7944.9175,5.3264346,0,,,,,1251.5068966648282,0.0005017334,696.610427834823,0.00049897045,-0.018655427,-0.026170393
2179.9958733214526,7954.954,5.3302298,-0.0008786293,137165,1251.5065401201414,696.6097644790013,7117.294,4.6412783,1199.5419,1.4893359,7954.954,5.3302298,0,,,,,1251.5065401201414,0.00050191925,696.6097644790013,0.00049860915,-0.018977523,-0.02624758
2180.0028178402317,7964.5776,5.3334246,-0.00087855186,137166,1251.5069098939518,696.6100200858407,7125.7837,4.6440597,1199.0167,1.4875532,7964.5776,5.3334246,0,,,,,1251.5069098939518,0.00050104706,696.6100200858407,0.0004989183,-0.01887533,-0.026310984
2180.0097623590686,7951.872,5.3265004,-0.0008784744,137167,1251.5070867534255,696.6092966938248,7114.809,4.6380305,1197.4877,1.4862814,7951.872,5.3265004,0,,,,,1251.5070867534255,0.000501302,696.6092966938248,0.00049858686,-0.018386606,-0.026621459
2180.0167068778487,7948.281,5.326887,-0.00087839697,137168,1251.5065762841805,696.6098700754269,7110.807,4.638367,1196.8608,1.4858665,7948.281,5.326887,0,,,,,1251.5065762841805,0.00050140906,696.6098700754269,0.00049922627,-0.018865434,-0.026008116
2180.0236513966856,7953.229,5.3277545,-0.0008783195,137169,1251.5062274029654,696.6095020767548,7116.452,4.639123,1198.0894,1.4876677,7953.229,5.3277545,0,,,,,1251.5062274029654,0.00050109334,696.6095020767548,0.0004987111,-0.019096171,-0.026218865
2180.0305959154643,7957.198,5.330562,-0.0008782421,137170,1251.5073080528985,696.6095899271791,7117.8345,4.6415668,1198.832,1.487844,7957.198,5.330562,0,,,,,1251.5073080528985,0.00050144165,696.6095899271791,0.0004990778,-0.018624214,-0.026776936
2180.0375404343026,7958.0376,5.327604,-0.0008781646,137171,1251.5058838550906,696.6097519449961,7119.935,4.6389914,1196.9275,1.4856012,7958.0376,5.327604,0,,,,,1251.5058838550906,0.0005009791,696.6097519449961,0.00049870834,-0.019083176,-0.026735133
2180.0444849531395,7958.1245,5.328965,-0.0008780871,137172,1251.5072449342886,696.6100236421307,7119.414,4.640177,1200.1025,1.4885364,7958.1245,5.328965,0,,,,,1251.5072449342886,0.0005009373,696.6100236421307,0.00049864675,-0.01817472,-0.026226176
2180.051429471918,7952.9385,5.329358,-0.0008780097,137173,1251.5072226550153,696.6087677873159,7114.79,4.6405187,1198.2982,1.487895,7952.9385,5.329358,0,,,,,1251.5072226550153,0.00050201034,696.6087677873159,0.0004990133,-0.019166982,-0.0266216
2180.0583739907556,7955.34,5.3294396,-0.00087793224,137174,1251.506264000719,696.6094755061538,7116.379,4.64059,1199.1763,1.4913867,7955.34,5.3294396,0,,,,,1251.506264000719,0.00050131243,696.6094755061538,0.0004988526,-0.01897892,-0.02605391
2180.065318509594,7961.1777,5.3300695,-0.00087785476,137175,1251.5068113368268,696.6099532066759,7122.7153,4.6411386,1201.1189,1.4875114,7961.1777,5.3300695,0,,,,,1251.5068113368268,0.00050080655,696.6099532066759,0.00049842335,-0.01916151,-0.026187994
2180.0722630284304,7949.3125,5.327431,-0.0008777773,137176,1251.5058066401393,696.6092084242879,7111.3955,4.6388407,1199.182,1.4881778,7949.3125,5.327431,0,,,,,1251.5058066401393,0.00050136616,696.6092084242879,0.0004990825,-0.019668862,-0.026793705
2180.079207547268,7947.9487,5.3253884,-0.0008776998,137177,1251.5065591533792,696.6099253377417,7110.2173,4.637062,1198.2274,1.4861304,7947.9487,5.3253884,0,,,,,1251.5065591533792,0.0005016164,696.6099253377417,0.00049886544,-0.018591562,-0.025841441
2180.086152066106,7941.704,5.3262,-0.00087762234,137178,1251.506540501132,696.6096486814326,7105.6045,4.637769,1203.0277,1.489604,7941.704,5.3262,0,,,,,1251.506540501132,0.0005014893,696.6096486814326,0.00049936766,-0.019049706,-0.026391858
2180.0930965849425,7948.6597,5.328138,-0.00087754487,137179,1251.5063184326627,696.6093941861976,7111.2695,4.6394563,1199.9865,1.4867457,7948.6597,5.328138,0,,,,,1251.5063184326627,0.0005018946,696.6093941861976,0.000499256,-0.018499257,-0.026474886
2180.10004110378,7956.8745,5.32741,-0.0008774674,137180,1251.5077173294374,696.6092526812479,7118.557,4.638823,1198.4142,1.4861882,7956.8745,5.32741,0,,,,,1251.5077173294374,0.00050104916,696.6092526812479,0.0004983909,-0.018789496,-0.026001412
2180.1069856226172,7954.604,5.3291783,-0.0008773899,137181,1251.5073863352895,696.6082867673341,7115.4634,4.6403623,1199.7804,1.4878573,7954.604,5.3291783,0,,,,,1251.5073863352895,0.0005017635,696.6082867673341,0.0004991016,-0.017924787,-0.026533887
2180.1139301414546,7946.3853,5.325306,-0.00087731244,137182,1251.506291943058,696.6105476073313,7106.0303,4.636991,1198.8364,1.4863499,7946.3853,5.325306,0,,,,,1251.506291943058,0.00050227717,696.6105476073313,0.00049943995,-0.018801859,-0.025658764
2180.12087466035,7953.777,5.330825,-0.0008772349,137183,1251.5074637408748,696.6102440255124,7115.2183,4.641796,1201.605,1.4885674,7953.777,5.330825,0,,,,,1251.5074637408748,0.0005015694,696.6102440255124,0.0004993472,-0.018475598,-0.026420673
2180.1278191791876,7949.3623,5.3261943,-0.00087715744,137184,1251.5070908599748,696.6092469653522,7111.0947,4.637764,1198.4454,1.4874656,7949.3623,5.3261943,0,,,,,1251.5070908599748,0.000501565,696.6092469653522,0.0004988684,-0.018655624,-0.026271503
2180.134763698025,7949.9717,5.325731,-0.00087707996,137185,1251.5065559397615,696.6098157458896,7111.9785,4.6373606,1199.2303,1.4861664,7949.9717,5.325731,0,,,,,1251.5065559397615,0.00050129346,696.6098157458896,0.0004990511,-0.018608935,-0.026217517
2180.1417082169205,7951.8257,5.3271694,-0.0008770024,137186,1251.5075046468387,696.6090932516702,7114.233,4.638613,1199.3777,1.4876561,7951.8257,5.3271694,0,,,,,1251.5075046468387,0.00050132064,696.6090932516702,0.00049876585,-0.018373037,-0.026254267
2180.148652735758,7944.06,5.3253956,-0.00087692495,137187,1251.5063295965022,696.6098557259802,7107.527,4.6370683,1197.9697,1.4878179,7944.06,5.3253956,0,,,,,1251.5063295965022,0.0005015243,696.6098557259802,0.0004991004,-0.018745018,-0.026577216
2180.1555972546535,7946.871,5.3266435,-0.0008768474,137188,1251.5060789811887,696.6095894000399,7109.6997,4.638155,1197.2126,1.4868811,7946.871,5.3266435,0,,,,,1251.5060789811887,0.00050152664,696.6095894000399,0.00049952033,-0.019259123,-0.026096556
2180.162541773491,7952.037,5.3278327,-0.00087676995,137189,1251.5071884698025,696.6102299757174,7114.4272,4.6391907,1198.3782,1.4873335,7952.037,5.3278327,0,,,,,1251.5071884698025,0.0005015282,696.6102299757174,0.00049891806,-0.018715007,-0.026609855
2180.1694862923864,7943.409,5.324874,-0.0008766924,137190,1251.5068457845568,696.6095604105278,7106.852,4.6366143,1198.9873,1.4863855,7943.409,5.324874,0,,,,,1251.5068457845568,0.00050188164,696.6095604105278,0.0004988328,-0.019097945,-0.026091568
2180.1764308112233,7950.763,5.327447,-0.00087661494,137191,1251.5053111726832,696.609601844125,7113.8506,4.638855,1198.4316,1.486514,7950.763,5.327447,0,,,,,1251.5053111726832,0.0005018279,696.609601844125,0.0004988924,-0.01973528,-0.026269592
2180.1833753301194,7947.3545,5.327911,-0.0008765374,137192,1251.5057692952864,696.6095758620692,7110.15,4.6392584,1197.8646,1.4869546,7947.3545,5.327911,0,,,,,1251.5057692952864,0.00050157646,696.6095758620692,0.0004995293,-0.01959715,-0.02660427
2180.1903198490154,7956.741,5.3336015,-0.0008764599,137193,1251.5053032334029,696.6108877442001,7118.205,4.6442137,1199.9478,1.4892871,7956.741,5.3336015,0,,,,,1251.5053032334029,0.00050186575,696.6108877442001,0.00049983215,-0.019386834,-0.02556968
2180.19726436791,7945.8384,5.3248124,-0.00087638234,137194,1251.5070520143054,696.6094871594232,7109.2275,4.636561,1196.5911,1.4869171,7945.8384,5.3248124,0,,,,,1251.5070520143054,0.0005014168,696.6094871594232,0.0004989658,-0.018237565,-0.025997214
2180.204208886747,7962.827,5.3289113,-0.00087630487,137195,1251.5060508278953,696.6091400028639,7124.2656,4.64013,1196.367,1.4857205,7962.827,5.3289113,0,,,,,1251.5060508278953,0.0005007676,696.6091400028639,0.00049841806,-0.018657532,-0.026530158
2180.2111534056435,7953.2803,5.3259935,-0.00087622734,137196,1251.5066296296877,696.6096799593281,7115.792,4.6375895,1197.0342,1.4853907,7953.2803,5.3259935,0,,,,,1251.5066296296877,0.0005009424,696.6096799593281,0.00049904245,-0.019001732,-0.026226519
2180.2180979245386,7948.011,5.32676,-0.0008761498,137197,1251.5055417755673,696.6105277430468,7111.0522,4.6382565,1197.0907,1.4875727,7948.011,5.32676,0,,,,,1251.5055417755673,0.00050185615,696.6105277430468,0.00049910403,-0.019620933,-0.025658932
2180.225042443434,7957.553,5.33184,-0.00087607227,137198,1251.5057190340335,696.6090549945484,7118.992,4.64268,1198.1371,1.4878136,7957.553,5.33184,0,,,,,1251.5057190340335,0.00050152314,696.6090549945484,0.0004993122,-0.018596588,-0.026163314
2180.23198696233,7952.6504,5.326542,-0.00087599474,137199,1251.5065806258747,696.6096242291737,7114.7515,4.638067,1199.9081,1.4863535,7952.6504,5.326542,0,,,,,1251.5065806258747,0.00050104223,696.6096242291737,0.0004987261,-0.019341689,-0.02626937
2180.238931481226,7948.0073,5.3283014,-0.0008759172,137200,1251.5074597769044,696.6091243642759,7110.5596,4.639599,1201.0366,1.4877208,7948.0073,5.3283014,0,,,,,1251.5074597769044,0.00050198834,696.6091243642759,0.0004993722,-0.019304017,-0.026015757
2180.2458760001796,7959.669,5.3282213,-0.0008758396,137201,1251.506341911654,696.6099145041588,7121.2773,4.6395288,1197.0369,1.4868166,7959.669,5.3282213,0,,,,,1251.506341911654,0.0005007492,696.6099145041588,0.0004986106,-0.018720066,-0.026528504
2180.2528205190747,7953.9927,5.3272433,-0.0008757621,137202,1251.5060343333396,696.6113178483808,7116.404,4.6386776,1198.4572,1.4867303,7953.9927,5.3272433,0,,,,,1251.5060343333396,0.0005012293,696.6113178483808,0.00049882266,-0.01975289,-0.02544817
2180.25976503797,7941.305,5.3258944,-0.00087568455,137203,1251.5068981483691,696.6100692902143,7103.542,4.637503,1200.4568,1.4874488,7941.305,5.3258944,0,,,,,1251.5068981483691,0.0005025907,696.6100692902143,0.00049940706,-0.018795379,-0.025702737
2180.2667095568663,7950.7817,5.328013,-0.000875607,137204,1251.5062941964882,696.6099784300745,7113.384,4.639348,1201.0704,1.4876883,7950.7817,5.328013,0,,,,,1251.5062941964882,0.0005017861,696.6099784300745,0.0004990019,-0.019477079,-0.026393168
2180.2736540758196,7952.8203,5.32905,-0.0008755294,137205,1251.5067937382555,696.6092315334515,7114.2554,4.6402507,1200.295,1.4871984,7952.8203,5.32905,0,,,,,1251.5067937382555,0.00050204917,696.6092315334515,0.00049907324,-0.018818347,-0.026097486
2180.2805985947143,7935.0264,5.327383,-0.0008754519,137206,1251.5054644721272,696.6095278470702,7099.7373,4.638799,1201.323,1.4889199,7935.0264,5.327383,0,,,,,1251.5054644721272,0.00050208066,696.6095278470702,0.00050013856,-0.019601488,-0.025798762
2180.2875431136686,7954.251,5.330039,-0.0008753743,137207,1251.5066856279682,696.6086548469805,7115.973,4.641112,1200.4282,1.4880403,7954.251,5.330039,0,,,,,1251.5066856279682,0.0005017807,696.6086548469805,0.0004990517,-0.018714711,-0.026902787
2180.294487632565,7947.3325,5.325308,-0.00087529677,137208,1251.5062043737757,696.6110366533009,7109.6357,4.636992,1198.6874,1.4865818,7947.3325,5.325308,0,,,,,1251.5062043737757,0.000501664,696.6110366533009,0.000499024,-0.01964262,-0.02530054
2180.301432151518,7955.6846,5.328682,-0.0008752192,137209,1251.5053381704743,696.6100140223143,7116.8667,4.6399302,1199.3823,1.4865159,7955.6846,5.328682,0,,,,,1251.5053381704743,0.0005012928,696.6100140223143,0.0004989742,-0.019894807,-0.025616132
2180.308376670414,7951.888,5.328491,-0.00087514165,137210,1251.5076738024563,696.6094838271284,7113.8457,4.6397643,1201.4595,1.4881426,7951.888,5.328491,0,,,,,1251.5076738024563,0.00050158653,696.6094838271284,0.0004989191,-0.018331053,-0.026245074
2180.315321189368,7961.439,5.3313994,-0.00087506406,137211,1251.5061401298287,696.6090777373029,7120.9907,4.6422963,1198.4445,1.4869875,7961.439,5.3313994,0,,,,,1251.5061401298287,0.0005008636,696.6090777373029,0.0004994031,-0.019572206,-0.02653562
2180.322265708263,7950.7744,5.329498,-0.0008749865,137212,1251.5075800057707,696.609691019243,7113.045,4.6406407,1199.1783,1.4875685,7950.7744,5.329498,0,,,,,1251.5075800057707,0.0005013023,696.609691019243,0.0004994582,-0.018784704,-0.025593076
2180.3292102272167,7948.487,5.3281817,-0.00087490893,137213,1251.506658638729,696.609028482002,7110.5093,4.6394944,1200.3893,1.4878844,7948.487,5.3281817,0,,,,,1251.506658638729,0.000501511,696.609028482002,0.00049945334,-0.018540898,-0.02659481
2180.3361547461705,7959.1997,5.3319354,-0.00087483134,137214,1251.5055502529576,696.61018744778,7120.0845,4.642763,1196.6251,1.4897965,7959.1997,5.3319354,0,,,,,1251.5055502529576,0.0005008152,696.61018744778,0.00049932493,-0.020343581,-0.026350865
2180.3430992651242,7954.196,5.3329034,-0.00087475375,137215,1251.506614908522,696.609961177581,7115.6304,4.643606,1200.4358,1.4925958,7954.196,5.3329034,0,,,,,1251.506614908522,0.00050249364,696.609961177581,0.00049930013,-0.019245537,-0.026182385
2180.350043784078,7950.782,5.32714,-0.00087467616,137216,1251.505276420468,696.6086465879487,7113.2666,4.638587,1198.605,1.4882356,7950.782,5.32714,0,,,,,1251.505276420468,0.0005014499,696.6086465879487,0.0004989401,-0.019595098,-0.026037637
2180.3569883030327,7948.4253,5.3289313,-0.00087459857,137217,1251.5068755784853,696.6099931079827,7110.8203,4.640147,1200.7981,1.4924453,7948.4253,5.3289313,0,,,,,1251.5068755784853,0.0005018581,696.6099931079827,0.0004990888,-0.019113807,-0.026399339
2180.363932821986,7954.045,5.330931,-0.000874521,137218,1251.5064886461998,696.6096556133131,7116.479,4.6418886,1197.9066,1.489108,7954.045,5.330931,0,,,,,1251.5064886461998,0.00050124375,696.6096556133131,0.0004995595,-0.019233707,-0.025373824
2180.3708773409394,7947.493,5.328457,-0.0008744434,137219,1251.506069864734,696.6097868431493,7110.2744,4.6397343,1199.8114,1.4891204,7947.493,5.328457,0,,,,,1251.506069864734,0.00050138414,696.6097868431493,0.0004994786,-0.019600775,-0.025996093
2180.377821859893,7949.816,5.325568,-0.0008743658,137220,1251.5060819512769,696.6088567952063,7112.086,4.637219,1197.7194,1.4857187,7949.816,5.325568,0,,,,,1251.5060819512769,0.0005009743,696.6088567952063,0.00049885776,-0.019702112,-0.026337994
2180.384766378847,7959.054,5.329732,-0.0008742882,137221,1251.5061097249509,696.6092309844807,7120.273,4.6408443,1199.9207,1.4874882,7959.054,5.329732,0,,,,,1251.5061097249509,0.0005012229,696.6092309844807,0.0004990629,-0.019315707,-0.026665526
2180.3917108978007,7964.0063,5.329464,-0.0008742106,137222,1251.506982566065,696.6098000728202,7124.232,4.640611,1199.3005,1.486407,7964.0063,5.329464,0,,,,,1251.506982566065,0.00050089625,696.6098000728202,0.000498657,-0.019038115,-0.02565703
2180.3986554167545,7957.1074,5.3306375,-0.000874133,137223,1251.5055695341255,696.6095491184012,7118.561,4.6416326,1200.8513,1.488615,7957.1074,5.3306375,0,,,,,1251.5055695341255,0.0005013252,696.6095491184012,0.00049885805,-0.01960491,-0.026212087
2180.405599935708,7960.2734,5.3293157,-0.00087405543,137224,1251.5067304364568,696.610121995703,7119.96,4.640482,1201.9037,1.4875209,7960.2734,5.3293157,0,,,,,1251.5067304364568,0.00050122244,696.610121995703,0.0004987092,-0.019590007,-0.025509432
2180.4125444547203,7946.5044,5.3285336,-0.0008739778,137225,1251.5060538687744,696.6105117396356,7109.5156,4.639801,1201.0991,1.4875855,7946.5044,5.3285336,0,,,,,1251.5060538687744,0.0005017019,696.6105117396356,0.00049923,-0.019623565,-0.02631524
2180.4194889736746,7947.0273,5.326623,-0.0008739002,137226,1251.5067868058752,696.6099041227944,7109.356,4.638137,1200.1125,1.487609,7947.0273,5.326623,0,,,,,1251.5067868058752,0.0005014847,696.6099041227944,0.00049905997,-0.01881367,-0.026337653
2180.4264334926856,7952.7007,5.3302445,-0.00087382254,137227,1251.5068688131116,696.610828517139,7114.5654,4.6412907,1200.7871,1.4871603,7952.7007,5.3302445,0,,,,,1251.5068688131116,0.0005015582,696.610828517139,0.00049946114,-0.019490236,-0.025542807
2180.43337801164,7943.5713,5.326099,-0.00087374495,137228,1251.5068271346322,696.6102488448103,7106.5415,4.637681,1202.6301,1.48795,7943.5713,5.326099,0,,,,,1251.5068271346322,0.00050174317,696.6102488448103,0.00049928564,-0.018851828,-0.026233163
2180.440322530594,7948.877,5.3297167,-0.00087366736,137229,1251.5061942182876,696.6100518580487,7108.8447,4.640831,1199.3291,1.4890127,7948.877,5.3297167,0,,,,,1251.5061942182876,0.0005024641,696.6100518580487,0.00050019874,-0.01832864,-0.026520113
2180.447267049605,7951.017,5.3282433,-0.0008735897,137230,1251.5057518636818,696.6104812807167,7112.311,4.6395483,1202.4167,1.4890919,7951.017,5.3282433,0,,,,,1251.5057518636818,0.0005016342,696.6104812807167,0.00049942225,-0.019738773,-0.02550819
2180.454211568617,7950.985,5.32801,-0.00087351206,137231,1251.5075318698425,696.6105065667703,7112.5186,4.6393447,1202.3411,1.4883332,7950.985,5.32801,0,,,,,1251.5075318698425,0.00050130434,696.6105065667703,0.0004990541,-0.01855566,-0.025687326
2180.4611560875715,7944.7812,5.324959,-0.0008734345,137232,1251.5063495386412,696.6087551626048,7104.3164,4.636688,1202.1208,1.4871637,7944.7812,5.324959,0,,,,,1251.5063495386412,0.0005018011,696.6087551626048,0.00049999665,-0.01926937,-0.027660623
2180.4681006065834,7952.663,5.3299627,-0.0008733568,137233,1251.5065773792496,696.6092582927831,7114.1685,4.6410456,1197.5724,1.4887649,7952.663,5.3299627,0,,,,,1251.5065773792496,0.00050158094,696.6092582927831,0.0004995079,-0.018787345,-0.026076244
2180.4750451255954,7953.91,5.330718,-0.0008732792,137234,1251.506142767271,696.6107934167018,7114.587,4.641703,1199.7008,1.4901075,7953.91,5.330718,0,,,,,1251.506142767271,0.000501727,696.6107934167018,0.00049938366,-0.019826295,-0.025858773
2180.481989644549,7958.9424,5.3312273,-0.0008732016,137235,1251.5064896443632,696.6096497302159,7119.782,4.6421466,1201.1283,1.4909853,7958.9424,5.3312273,0,,,,,1251.5064896443632,0.0005014278,696.6096497302159,0.0004985286,-0.018705945,-0.026487658
2180.4889341635603,7948.412,5.328495,-0.00087312394,137236,1251.5069762285161,696.6098335679636,7111.152,4.639767,1202.2561,1.4881134,7948.412,5.328495,0,,,,,1251.5069762285161,0.0005019101,696.6098335679636,0.0004992287,-0.019326834,-0.025975985
2180.495878682573,7958.8384,5.333352,-0.0008730463,137237,1251.5059683817428,696.6092784812654,7119.9614,4.6439967,1200.3239,1.4889538,7958.8384,5.333352,0,,,,,1251.5059683817428,0.00050135324,696.6092784812654,0.0004993278,-0.019626018,-0.026799891
2180.5028232015848,7948.986,5.3298674,-0.00087296864,137238,1251.5056503329915,696.6096839325091,7110.699,4.640962,1200.2615,1.4881765,7948.986,5.3298674,0,,,,,1251.5056503329915,0.0005026699,696.6096839325091,0.0004994533,-0.019393045,-0.026753401
2180.5097677205963,7959.5825,5.3303843,-0.000872891,137239,1251.5066098492844,696.610385744241,7120.66,4.6414123,1199.5859,1.487384,7959.5825,5.3303843,0,,,,,1251.5066098492844,0.0005011279,696.610385744241,0.0004988602,-0.019197518,-0.02564315
2180.516712239609,7950.5337,5.3255615,-0.00087281334,137240,1251.5047895593787,696.6102441223126,7112.7134,4.6372128,1199.2235,1.4857442,7950.5337,5.3255615,0,,,,,1251.5047895593787,0.00050113664,696.6102441223126,0.00049884024,-0.020218067,-0.025444202
2180.523656758621,7952.25,5.3278446,-0.0008727357,137241,1251.5062699747443,696.6098739331429,7113.8174,4.639201,1200.9905,1.4875904,7952.25,5.3278446,0,,,,,1251.5062699747443,0.0005017188,696.6098739331429,0.00049880374,-0.018767487,-0.026084803
2180.5306012776323,7955.3755,5.327452,-0.00087265804,137242,1251.5053087990334,696.6103837611194,7115.3115,4.6388593,1200.7258,1.4869963,7955.3755,5.327452,0,,,,,1251.5053087990334,0.0005015508,696.6103837611194,0.0004988539,-0.018683806,-0.025417764
2180.5375457966447,7947.9077,5.3284006,-0.0008725804,137243,1251.506289978606,696.6101767830386,7110.34,4.639685,1202.6044,1.4911017,7947.9077,5.3284006,0,,,,,1251.506289978606,0.0005015009,696.6101767830386,0.00049941,-0.019609708,-0.026020234
2180.5444903157154,7966.3413,5.3310056,-0.0008725027,137244,1251.5065892108018,696.6100752522246,7124.7837,4.641954,1197.586,1.4887059,7966.3413,5.3310056,0,,,,,1251.5065892108018,0.0005006581,696.6100752522246,0.000499018,-0.019015279,-0.025784008
2180.5514348347265,7949.5107,5.326904,-0.00087242504,137245,1251.5068373291151,696.6095550466288,7110.8745,4.638382,1199.4017,1.4876827,7949.5107,5.326904,0,,,,,1251.5068373291151,0.00050163106,696.6095550466288,0.00049922196,-0.019673865,-0.025997095
2180.5583793537385,7954.437,5.330122,-0.0008723474,137246,1251.5061186667765,696.6104643449098,7114.9956,4.6411843,1199.0966,1.4878999,7954.437,5.330122,0,,,,,1251.5061186667765,0.00050127396,696.6104643449098,0.0004994994,-0.019414727,-0.02535355
2180.5653238727505,7956.5894,5.329095,-0.00087226974,137247,1251.5061997243897,696.6104236850193,7118.3945,4.64029,1201.3691,1.4880741,7956.5894,5.329095,0,,,,,1251.5061997243897,0.00050131814,696.6104236850193,0.000499074,-0.019382074,-0.02624194
2180.5722683918207,7952.4434,5.325468,-0.00087219203,137248,1251.505650990564,696.6096768860227,7109.1655,4.6371317,1198.935,1.4872289,7952.4434,5.325468,0,,,,,1251.505650990564,0.0005018236,696.6096768860227,0.0004996285,-0.019610332,-0.026136758
2180.5792129108327,7961.569,5.331482,-0.0008721144,137249,1251.5060544991757,696.6084104437035,7123.1606,4.6423683,1198.0845,1.4871774,7961.569,5.331482,0,,,,,1251.5060544991757,0.0005015406,696.6084104437035,0.0004987422,-0.019933831,-0.027079355
2180.586157429904,7952.838,5.32894,-0.0008720367,137250,1251.5071234118584,696.6100000414424,7111.67,4.6401544,1202.7635,1.4899052,7952.838,5.32894,0,,,,,1251.5071234118584,0.0005018687,696.6100000414424,0.00049960945,-0.018430538,-0.025602201
2180.5931019489153,7945.442,5.325519,-0.000871959,137251,1251.506623316728,696.6097049288148,7106.98,4.6371765,1201.4578,1.4872141,7945.442,5.325519,0,,,,,1251.506623316728,0.0005018938,696.6097049288148,0.00049928064,-0.019095078,-0.026740374
2180.600046467985,7967.679,5.3298373,-0.0008718813,137252,1251.5059815126788,696.610379830332,7127.461,4.6409364,1199.1191,1.4868318,7967.679,5.3298373,0,,,,,1251.5059815126788,0.00050088234,696.610379830332,0.00049821107,-0.020004597,-0.025479976
2180.606990986997,7956.847,5.33263,-0.00087180367,137253,1251.5063750781144,696.6094027842269,7117.501,4.6433682,1200.5107,1.4886626,7956.847,5.33263,0,,,,,1251.5063750781144,0.0005017931,696.6094027842269,0.00049950654,-0.019006832,-0.026031485
2180.6139355060673,7954.0176,5.327909,-0.00087172596,137254,1251.5058498970259,696.6103037343241,7115.1973,4.639257,1199.3638,1.4881644,7954.0176,5.327909,0,,,,,1251.5058498970259,0.0005012601,696.6103037343241,0.0004988289,-0.019862745,-0.025616795
2180.6208800251375,7964.686,5.33332,-0.00087164826,137255,1251.5064507289612,696.6101997961794,7124.334,4.6439686,1201.2568,1.4887189,7964.686,5.33332,0,,,,,1251.5064507289612,0.0005009522,696.6101997961794,0.000499348,-0.019306518,-0.026011014
2180.6278245441495,7953.079,5.328425,-0.0008715706,137256,1251.505543713853,696.6098439198478,7115.0435,4.6397066,1202.6934,1.4876586,7953.079,5.328425,0,,,,,1251.505543713853,0.00050124724,696.6098439198478,0.00049888407,-0.019987477,-0.026205938
2180.6347690632197,7963.2812,5.331198,-0.0008714929,137257,1251.5061605911046,696.609577304415,7123.585,4.6421213,1199.8447,1.4872905,7963.2812,5.331198,0,,,,,1251.5061605911046,0.00050071283,696.609577304415,0.0004988873,-0.02061094,-0.02626484
2180.641713582291,7953.14,5.3294163,-0.0008714152,137258,1251.5060052572167,696.6091419156303,7114.502,4.6405697,1199.1318,1.4886389,7953.14,5.3294163,0,,,,,1251.5060052572167,0.00050192996,696.6091419156303,0.0004991141,-0.01889119,-0.026054585
2180.6486581013605,7960.7974,5.3335886,-0.0008713375,137259,1251.5054517847223,696.6100929261017,7121.3105,4.6442027,1198.7047,1.4877238,7960.7974,5.3335886,0,,,,,1251.5054517847223,0.00050106214,696.6100929261017,0.00049957354,-0.019641558,-0.026405865
2180.65560262043,7959.9395,5.331267,-0.0008712598,137260,1251.5062392642383,696.6097071235922,7120.8423,4.642181,1199.68,1.4898182,7959.9395,5.331267,0,,,,,1251.5062392642383,0.00050142873,696.6097071235922,0.0004987753,-0.019361332,-0.025668668
2180.6625471395005,7946.022,5.3276887,-0.00087118207,137261,1251.506017378781,696.6097893065607,7108.449,4.6390653,1199.1605,1.4903431,7946.022,5.3276887,0,,,,,1251.506017378781,0.0005018921,696.6097893065607,0.0004992612,-0.019415217,-0.026198585
2180.669491658571,7955.814,5.330412,-0.00087110436,137262,1251.505804715475,696.6100535630161,7117.4546,4.6414366,1199.5503,1.4882566,7955.814,5.330412,0,,,,,1251.505804715475,0.0005012519,696.6100535630161,0.00049931696,-0.020382255,-0.026047265
2180.6764361776404,7952.4116,5.328489,-0.00087102666,137263,1251.506702230587,696.6094883473497,7113.6914,4.639762,1201.1703,1.4892507,7952.4116,5.328489,0,,,,,1251.506702230587,0.00050152506,696.6094883473497,0.00049904344,-0.01841751,-0.02614564
2180.6833806967106,7952.529,5.3274875,-0.00087094895,137264,1251.5061741507984,696.6100256070579,7114.3433,4.6388903,1200.6409,1.4872078,7952.529,5.3274875,0,,,,,1251.5061741507984,0.0005011876,696.6100256070579,0.00049881544,-0.019284595,-0.025504118
2180.6903252157813,7954.3604,5.3285747,-0.00087087124,137265,1251.5060296866804,696.6105388671999,7116.334,4.639837,1200.1973,1.488564,7954.3604,5.3285747,0,,,,,1251.5060296866804,0.000501126,696.6105388671999,0.00049878046,-0.019146482,-0.026130911
2180.6972697348515,7953.147,5.3287497,-0.00087079353,137266,1251.5058075338452,696.6103130036436,7115.3896,4.6399894,1197.8903,1.4863306,7953.147,5.3287497,0,,,,,1251.5058075338452,0.00050180074,696.6103130036436,0.0004992012,-0.019792274,-0.025848253
2180.70421425398,7957.7593,5.332111,-0.00087071577,137267,1251.5049127927512,696.6111375559475,7118.4507,4.642916,1198.9369,1.4887886,7957.7593,5.332111,0,,,,,1251.5049127927512,0.00050198653,696.6111375559475,0.0004991554,-0.020237476,-0.025486533
2180.71115877305,7955.0127,5.330281,-0.00087063806,137268,1251.5056690417578,696.6101399363741,7116.438,4.6413226,1201.6864,1.491644,7955.0127,5.330281,0,,,,,1251.5056690417578,0.0005016107,696.6101399363741,0.0004991354,-0.020137314,-0.025775127
2180.7181032921203,7957.029,5.330457,-0.00087056035,137269,1251.5063156163465,696.6098195505673,7117.839,4.641476,1200.6846,1.4890751,7957.029,5.330457,0,,,,,1251.5063156163465,0.00050110405,696.6098195505673,0.00049905747,-0.018782256,-0.02611683
2180.7250478111905,7953.724,5.3289433,-0.00087048265,137270,1251.5060621362968,696.610606328053,7115.068,4.6401577,1203.5527,1.4903269,7953.724,5.3289433,0,,,,,1251.5060621362968,0.00050121825,696.610606328053,0.0004987415,-0.01936413,-0.025797298
2180.7319923303185,7955.203,5.327286,-0.0008704049,137271,1251.5053569388108,696.6109168417282,7114.716,4.6387143,1199.6475,1.4879277,7955.203,5.327286,0,,,,,1251.5053569388108,0.00050150853,696.6109168417282,0.00049884117,-0.02017353,-0.025109366
2180.7389368493887,7953.0737,5.3274364,-0.0008703272,137272,1251.5066765923002,696.6109456489017,7114.1304,4.638846,1200.5356,1.488483,7953.0737,5.3274364,0,,,,,1251.5066765923002,0.0005015896,696.6109456489017,0.00049883185,-0.01868385,-0.024997829
2180.7458813685175,7966.974,5.330604,-0.0008702494,137273,1251.5063415260902,696.6095880393283,7126.019,4.641604,1199.2844,1.4870605,7966.974,5.330604,0,,,,,1251.5063415260902,0.00050098676,696.6095880393283,0.00049896474,-0.019756319,-0.026699143
2180.7528258875877,7950.9824,5.3297133,-0.0008701717,137274,1251.5059769163597,696.6101132692473,7113.386,4.640828,1200.354,1.4872851,7950.9824,5.3297133,0,,,,,1251.5059769163597,0.0005020326,696.6101132692473,0.0004993946,-0.019421866,-0.025935343
2180.7597704067152,7958.9297,5.329607,-0.00087009394,137275,1251.5059950262498,696.6104621858337,7119.011,4.6407356,1202.6931,1.4883523,7958.9297,5.329607,0,,,,,1251.5059950262498,0.00050113845,696.6104621858337,0.0004987888,-0.020363476,-0.025599021
2180.766714925844,7946.965,5.3261976,-0.00087001617,137276,1251.506904848218,696.6095132681086,7108.8657,4.637767,1202.4884,1.4877617,7946.965,5.3261976,0,,,,,1251.506904848218,0.00050152885,696.6095132681086,0.0004989297,-0.01917803,-0.025804
2180.7736594449148,7950.4624,5.3274584,-0.00086993846,137277,1251.506139810567,696.6101168265602,7112.0938,4.6388645,1201.0225,1.4880955,7950.4624,5.3274584,0,,,,,1251.506139810567,0.00050160044,696.6101168265602,0.00049930473,-0.019960636,-0.025491588
2180.7806039640423,7950.9575,5.326684,-0.0008698607,137278,1251.5058339472478,696.6103089022848,7112.4404,4.6381903,1200.4929,1.4868655,7950.9575,5.326684,0,,,,,1251.5058339472478,0.00050139363,696.6103089022848,0.00049902324,-0.0198186,-0.026044734
2180.787548483171,7954.1875,5.3280935,-0.00086978293,137279,1251.5056329052784,696.6099219919141,7115.8438,4.6394176,1201.3301,1.4874747,7954.1875,5.3280935,0,,,,,1251.5056329052784,0.0005013552,696.6099219919141,0.0004989016,-0.02006865,-0.025747754
2180.794493002242,7952.174,5.3278494,-0.0008697052,137280,1251.5054371343588,696.6102345159143,7113.0093,4.639205,1200.664,1.4888045,7952.174,5.3278494,0,,,,,1251.5054371343588,0.0005013166,696.6102345159143,0.000499034,-0.020392753,-0.026004251
2180.8014375213693,7959.093,5.332079,-0.00086962746,137281,1251.5053251669017,696.6093322006379,7120.6343,4.6428885,1200.8749,1.4882666,7959.093,5.332079,0,,,,,1251.5053251669017,0.00050088443,696.6093322006379,0.0004990772,-0.020239593,-0.025862256
2180.8083820404977,7961.776,5.3308597,-0.0008695497,137282,1251.5060627859261,696.6102666770824,7122.481,4.641826,1197.7357,1.4905028,7961.776,5.3308597,0,,,,,1251.5060627859261,0.00050108216,696.6102666770824,0.00049848465,-0.019606367,-0.025751755
2180.815326559627,7957.05,5.328664,-0.0008694719,137283,1251.5058763296408,696.610461338013,7117.571,4.6399145,1200.1869,1.4868995,7957.05,5.328664,0,,,,,1251.5058763296408,0.00050167006,696.610461338013,0.0004987415,-0.020266293,-0.024960047
2180.822271078755,7949.0576,5.327535,-0.00086939416,137284,1251.5060222111217,696.6102778976292,7111.666,4.6389318,1199.6694,1.4876398,7949.0576,5.327535,0,,,,,1251.5060222111217,0.000501728,696.6102778976292,0.0004992644,-0.019059999,-0.025753524
2180.829215597883,7952.7017,5.327852,-0.0008693164,137285,1251.5057212429301,696.610124007103,7113.761,4.6392074,1201.9308,1.4872758,7952.7017,5.327852,0,,,,,1251.5057212429301,0.0005016682,696.610124007103,0.0004990217,-0.019858394,-0.025924662
2180.8361601170113,7958.8535,5.3292828,-0.00086923863,137286,1251.5067405036689,696.6106893173948,7119.243,4.640453,1201.3207,1.4878145,7958.8535,5.3292828,0,,,,,1251.5067405036689,0.0005012767,696.6106893173948,0.0004989148,-0.01896625,-0.025678618
2180.8431046361397,7950.458,5.3258796,-0.00086916087,137287,1251.5056580330988,696.6102290602864,7112.357,4.63749,1198.85,1.4865178,7950.458,5.3258796,0,,,,,1251.5056580330988,0.00050158286,696.6102290602864,0.0004989961,-0.019204004,-0.025974182
2180.850049155268,7942.579,5.324287,-0.0008690831,137288,1251.505898230906,696.6094642881786,7105.6763,4.636103,1199.6288,1.4871161,7942.579,5.324287,0,,,,,1251.505898230906,0.00050137873,696.6094642881786,0.00049915834,-0.019009376,-0.026097937
2180.8569936743966,7958.847,5.3302984,-0.00086900534,137289,1251.504905503112,696.6101121358906,7119.1924,4.641338,1198.9965,1.4886578,7958.847,5.3302984,0,,,,,1251.504905503112,0.000500945,696.6101121358906,0.00049886014,-0.02004494,-0.025179198
2180.863938193583,7962.0796,5.3299026,-0.0008689275,137290,1251.5059983106473,696.6093239200892,7121.9062,4.640993,1199.6099,1.4872925,7962.0796,5.3299026,0,,,,,1251.5059983106473,0.00050108123,696.6093239200892,0.0004986178,-0.019389635,-0.025524521
2180.8708827127125,7952.831,5.332122,-0.00086884975,137291,1251.506692944391,696.609923573178,7114.0244,4.6429253,1200.3314,1.4888196,7952.831,5.332122,0,,,,,1251.506692944391,0.0005020346,696.609923573178,0.00049992144,-0.018681629,-0.026195038
2180.8778272318405,7963.4595,5.331291,-0.000868772,137292,1251.5056859890153,696.6095976019377,7123.4805,4.6422024,1200.6042,1.4866366,7963.4595,5.331291,0,,,,,1251.5056859890153,0.0005008704,696.6095976019377,0.00049879437,-0.020214826,-0.026071746
2180.884771750968,7960.7354,5.328523,-0.0008686942,137293,1251.5073672743595,696.6096918329426,7120.3545,4.639792,1198.8116,1.4860883,7960.7354,5.328523,0,,,,,1251.5073672743595,0.0005010644,696.6096918329426,0.0004987208,-0.01915019,-0.025893288
2180.891716270155,7962.6626,5.3315864,-0.0008686164,137294,1251.5056905360434,696.610809452044,7122.6514,4.6424594,1199.6353,1.4893156,7962.6626,5.3315864,0,,,,,1251.5056905360434,0.0005016984,696.610809452044,0.00049866125,-0.019713802,-0.024808597
2180.898660789284,7961.581,5.328332,-0.0008685386,137295,1251.5047957298116,696.611106039064,7122.3984,4.6396255,1198.8868,1.486754,7961.581,5.328332,0,,,,,1251.5047957298116,0.0005007728,696.611106039064,0.0004984068,-0.020227069,-0.025941389
2180.9056053084696,7958.051,5.3280025,-0.0008684608,137296,1251.504980967986,696.6099953436101,7117.121,4.639338,1199.7494,1.4893165,7958.051,5.3280025,0,,,,,1251.504980967986,0.0005012826,696.6099953436101,0.00049910054,-0.020744441,-0.026013961
2180.912549827598,7962.412,5.3287454,-0.00086838304,137297,1251.505832421325,696.6100591693003,7123.046,4.639985,1198.4423,1.4865278,7962.412,5.3287454,0,,,,,1251.505832421325,0.0005011334,696.6100591693003,0.0004985011,-0.01924031,-0.025957651
2180.919494346785,7953.9893,5.3274,-0.0008683052,137298,1251.505361048818,696.6094786172488,7114.702,4.638814,1198.6786,1.4863356,7953.9893,5.3274,0,,,,,1251.505361048818,0.0005009274,696.6094786172488,0.00049903686,-0.020218445,-0.02601187
2180.9264388659144,7953.266,5.329267,-0.00086822745,137299,1251.5057437238759,696.6093981074135,7113.7544,4.6404395,1200.0367,1.4868175,7953.266,5.329267,0,,,,,1251.5057437238759,0.0005018375,696.6093981074135,0.0004992888,-0.01916115,-0.025825284
2180.9333833851006,7958.792,5.329104,-0.0008681496,137300,1251.5060142814045,696.6099004005725,7119.389,4.6402974,1197.7688,1.4867543,7958.792,5.329104,0,,,,,1251.5060142814045,0.00050090294,696.6099004005725,0.00049893,-0.019822603,-0.025914535
2180.9403279042867,7956.314,5.3275332,-0.0008680718,137301,1251.5039372513531,696.6100371086872,7116.1436,4.63893,1199.1096,1.4866055,7956.314,5.3275332,0,,,,,1251.5039372513531,0.0005011158,696.6100371086872,0.00049893965,-0.020847987,-0.025757935
2180.947272423416,7961.2505,5.329542,-0.00086799404,137302,1251.5065201221832,696.610591448819,7120.287,4.6406794,1199.9108,1.4870472,7961.2505,5.329542,0,,,,,1251.5065201221832,0.0005015366,696.610591448819,0.00049886276,-0.019173091,-0.025553232
2180.954216942602,7958.9043,5.333053,-0.0008679162,137303,1251.505849136821,696.6109224730466,7119.352,4.6437364,1202.3889,1.4886943,7958.9043,5.333053,0,,,,,1251.505849136821,0.00050158094,696.6109224730466,0.0004994668,-0.019513065,-0.0254619
2180.961161461788,7950.9224,5.3263793,-0.0008678384,137304,1251.5067824903513,696.6091887572081,7111.3022,4.637925,1201.302,1.4869817,7950.9224,5.3263793,0,,,,,1251.5067824903513,0.0005013481,696.6091887572081,0.0004990874,-0.019424355,-0.025473522
2180.968105980975,7951.469,5.329276,-0.00086776057,137305,1251.5050250036297,696.6094791973128,7113.086,4.6404476,1198.306,1.488635,7951.469,5.329276,0,,,,,1251.5050250036297,0.0005014648,696.6094791973128,0.00049947645,-0.021176547,-0.026047384
2180.9750505001043,7960.3003,5.3277864,-0.0008676828,137306,1251.5059629913221,696.6108408079001,7120.097,4.6391506,1197.6761,1.4861407,7960.3003,5.3277864,0,,,,,1251.5059629913221,0.0005011153,696.6108408079001,0.00049873866,-0.019452251,-0.025168745
2180.98199501929,7957.6177,5.327705,-0.000867605,137307,1251.5056901515352,696.6098085698492,7117.4146,4.639079,1196.3079,1.4857874,7957.6177,5.327705,0,,,,,1251.5056901515352,0.0005014811,696.6098085698492,0.00049898785,-0.020276671,-0.02564892
2180.988939538477,7966.91,5.3325677,-0.00086752715,137308,1251.5062126024034,696.6097359598248,7126.0244,4.643314,1197.2992,1.4866425,7966.91,5.3325677,0,,,,,1251.5062126024034,0.0005007783,696.6097359598248,0.00049898494,-0.020430557,-0.025092972
2180.995884057664,7956.699,5.331595,-0.00086744933,137309,1251.505630733994,696.6098192547297,7118.2944,4.6424665,1199.136,1.4908826,7956.699,5.331595,0,,,,,1251.505630733994,0.0005008575,696.6098192547297,0.00049915013,-0.02003413,-0.026107643
2181.00282857685,7956.585,5.3306537,-0.0008673715,137310,1251.5060557566,696.6095211831786,7117.214,4.641647,1200.9912,1.490443,7956.585,5.3306537,0,,,,,1251.5060557566,0.0005014039,696.6095211831786,0.0004990051,-0.020824548,-0.025681978
2181.0097730960365,7951.198,5.3292913,-0.0008672937,137311,1251.5057319944412,696.6100260485659,7111.4497,4.640461,1201.6138,1.4914585,7951.198,5.3292913,0,,,,,1251.5057319944412,0.00050189643,696.6100260485659,0.0004993129,-0.019472439,-0.025426866
2181.016717615223,7956.528,5.325856,-0.00086721586,137312,1251.5063339959404,696.6102851649894,7116.5737,4.63747,1198.4594,1.4857022,7956.528,5.325856,0,,,,,1251.5063339959404,0.0005010285,696.6102851649894,0.0004987034,-0.019999735,-0.025152061
2181.0236621344097,7957.927,5.326973,-0.00086713803,137313,1251.5055410244165,696.610043947891,7118.1807,4.6384416,1198.922,1.4857643,7957.927,5.326973,0,,,,,1251.5055410244165,0.0005010101,696.610043947891,0.000498757,-0.019498147,-0.025624504
2181.0306066536546,7948.646,5.324437,-0.00086706015,137314,1251.5058523942898,696.6095140977584,7110.8843,4.6362343,1197.8564,1.4851366,7948.646,5.324437,0,,,,,1251.5058523942898,0.0005010261,696.6095140977584,0.0004990197,-0.01986551,-0.025962103
2181.037551172841,7944.6416,5.32557,-0.00086698233,137315,1251.5075023307686,696.6098043718317,7105.287,4.6372204,1201.5652,1.4876909,7944.6416,5.32557,0,,,,,1251.5075023307686,0.0005015524,696.6098043718317,0.00049962563,-0.019166123,-0.025175547
2181.044495692028,7954.7544,5.3264747,-0.0008669045,137316,1251.5048219935468,696.6095494443658,7115.453,4.6380086,1199.2142,1.4864354,7954.7544,5.3264747,0,,,,,1251.5048219935468,0.00050112803,696.6095494443658,0.0004988736,-0.020716535,-0.025652805
2181.0514402112144,7960.0195,5.3314714,-0.0008668267,137317,1251.5063156842832,696.6096744923235,7120.9653,4.6423593,1197.0399,1.486701,7960.0195,5.3314714,0,,,,,1251.5063156842832,0.00050128414,696.6096744923235,0.0004989494,-0.019888869,-0.026469491
2181.0583847304592,7957.64,5.32943,-0.0008667488,137318,1251.5062010890395,696.6104338892446,7117.8247,4.6405816,1198.3464,1.4883401,7957.64,5.32943,0,,,,,1251.5062010890395,0.0005011281,696.6104338892446,0.0004989324,-0.019019607,-0.024804858
2181.065329249646,7955.626,5.331871,-0.000866671,137319,1251.5059757274653,696.609487406736,7116.2383,4.642707,1198.4097,1.4892406,7955.626,5.331871,0,,,,,1251.5059757274653,0.0005015897,696.609487406736,0.0004995847,-0.02041785,-0.026357502
2181.0722737688325,7948.9575,5.329755,-0.00086659315,137320,1251.505841780548,696.6096074992565,7110.3174,4.640864,1200.5354,1.4893012,7948.9575,5.329755,0,,,,,1251.505841780548,0.00050201843,696.6096074992565,0.0004995671,-0.019824358,-0.02566176
2181.0792182880773,7955.4526,5.3286395,-0.0008665153,137321,1251.5075409116564,696.6100020100168,7117.777,4.639893,1198.9574,1.4893093,7955.4526,5.3286395,0,,,,,1251.5075409116564,0.00050096493,696.6100020100168,0.00049858843,-0.019254569,-0.025799269
2181.086162807263,7963.2466,5.3287416,-0.00086643745,137322,1251.505741492847,696.6102143783266,7122.848,4.6399817,1199.6409,1.4865688,7963.2466,5.3287416,0,,,,,1251.505741492847,0.00050083024,696.6102143783266,0.0004983907,-0.019889597,-0.025631132
2181.0931073265087,7956.8115,5.3257213,-0.00086635957,137323,1251.5061981432539,696.6107057151498,7117.376,4.637352,1195.6011,1.4848719,7956.8115,5.3257213,0,,,,,1251.5061981432539,0.00050095667,696.6107057151498,0.00049838144,-0.020529887,-0.025243104
2181.100051845696,7962.5796,5.3285413,-0.00086628174,137324,1251.5062792742797,696.6099220535258,7122.448,4.6398077,1196.9053,1.4857031,7962.5796,5.3285413,0,,,,,1251.5062792742797,0.00050065515,696.6099220535258,0.0004984338,-0.0197137,-0.025775965
2181.1069963649397,7958.994,5.3271146,-0.00086620386,137325,1251.5059268734626,696.6111645008214,7119.6157,4.6385655,1196.4698,1.4873228,7958.994,5.3271146,0,,,,,1251.5059268734626,0.00050055276,696.6111645008214,0.00049849215,-0.020225186,-0.02503868
2181.113940884184,7954.515,5.3287005,-0.000866126,137326,1251.5053545273597,696.6106644799593,7112.9937,4.6399465,1197.8698,1.4871976,7954.515,5.3287005,0,,,,,1251.5053545273597,0.00050181616,696.6106644799593,0.0004996012,-0.019086238,-0.025306324
2181.1208854033716,7956.2866,5.3256187,-0.00086604815,137327,1251.505834863686,696.6096706669138,7116.157,4.6372633,1195.4255,1.4861474,7956.2866,5.3256187,0,,,,,1251.505834863686,0.0005011292,696.6096706669138,0.0004989631,-0.020077815,-0.027297072
2181.1278299226165,7951.575,5.3265796,-0.0008659703,137328,1251.506650845379,696.6104815160758,7112.5493,4.6380997,1197.8555,1.4876921,7951.575,5.3265796,0,,,,,1251.506650845379,0.00050168333,696.6104815160758,0.00049897004,-0.020189019,-0.026013983
2181.1347744418613,7949.773,5.328445,-0.0008658924,137329,1251.5060796451678,696.6104267953409,7111.6797,4.6397243,1199.6902,1.4883561,7949.773,5.328445,0,,,,,1251.5060796451678,0.0005015495,696.6104267953409,0.0004989742,-0.020169595,-0.025451927
2181.141718961048,7958.2827,5.3285604,-0.00086581457,137330,1251.5060322531097,696.6103450844239,7117.4785,4.6398244,1196.8217,1.4859892,7958.2827,5.3285604,0,,,,,1251.5060322531097,0.00050193985,696.6103450844239,0.0004990798,-0.019555578,-0.02567132
2181.1486634802936,7954.517,5.328394,-0.0008657367,137331,1251.506865321082,696.6105709305963,7115.637,4.6396794,1197.0399,1.4876653,7954.517,5.328394,0,,,,,1251.506865321082,0.00050190487,696.6105709305963,0.0004988301,-0.01944524,-0.025490843
2181.155607999538,7948.077,5.323733,-0.0008656588,137332,1251.5052818011718,696.6104093763275,7105.841,4.6356206,1196.8618,1.4853886,7948.077,5.323733,0,,,,,1251.5052818011718,0.00050151895,696.6104093763275,0.0004998665,-0.019743523,-0.02512576
2181.162552518782,7955.0845,5.325968,-0.0008655809,137333,1251.506730003904,696.6103248999328,7116.2354,4.6375666,1196.4727,1.4853003,7955.0845,5.325968,0,,,,,1251.506730003904,0.00050117064,696.6103248999328,0.00049852795,-0.019460086,-0.025311574
2181.169497038027,7945.5864,5.3252454,-0.00086550304,137334,1251.5050783483673,696.6095160700972,7108.34,4.636938,1199.6041,1.4881874,7945.5864,5.3252454,0,,,,,1251.5050783483673,0.00050122285,696.6095160700972,0.0004991777,-0.020555798,-0.02569753
2181.1764415572725,7948.024,5.3256965,-0.00086542516,137335,1251.50688381172,696.6102610130866,7110.743,4.6373305,1198.7687,1.4860183,7948.024,5.3256965,0,,,,,1251.50688381172,0.00050150405,696.6102610130866,0.00049902743,-0.019212976,-0.025818642
2181.1833860765164,7952.8984,5.326235,-0.0008653473,137336,1251.5043756855537,696.6111285897922,7113.9814,4.6377997,1198.1217,1.4871961,7952.8984,5.326235,0,,,,,1251.5043756855537,0.0005014911,696.6111285897922,0.00049890904,-0.02044724,-0.024834175
2181.1903305957608,7949.1235,5.3237,-0.0008652694,137337,1251.5046261376824,696.6090904348897,7109.2734,4.6355925,1195.3445,1.4849167,7949.1235,5.3237,0,,,,,1251.5046261376824,0.0005013275,696.6090904348897,0.0004992012,-0.020639092,-0.02616342
2181.1972751150065,7948.961,5.3239655,-0.0008651915,137338,1251.5061925377763,696.6107607602472,7106.7607,4.6358237,1197.4509,1.4856132,7948.961,5.3239655,0,,,,,1251.5061925377763,0.00050159264,696.6107607602472,0.00049932994,-0.019550184,-0.024463572
2181.2042196342513,7959.923,5.32873,-0.00086511363,137339,1251.5060061502058,696.6097588992504,7119.9844,4.639972,1197.7931,1.4881997,7959.923,5.32873,0,,,,,1251.5060061502058,0.00050097075,696.6097588992504,0.00049849186,-0.020092042,-0.025206016
2181.211164153496,7955.541,5.327957,-0.00086503575,137340,1251.5056311177793,696.6098771490658,7116.048,4.6392994,1197.8092,1.4863445,7955.541,5.327957,0,,,,,1251.5056311177793,0.00050160586,696.6098771490658,0.000498929,-0.019738298,-0.02631609
2181.218108672741,7954.197,5.328867,-0.00086495787,137341,1251.5053494930723,696.6107362302884,7114.7544,4.6400914,1199.7448,1.4877061,7954.197,5.328867,0,,,,,1251.5053494930723,0.0005013802,696.6107362302884,0.00049921265,-0.020102471,-0.025014965
2181.225053191986,7957.393,5.327411,-0.00086488,137342,1251.506183492137,696.6105405028824,7117.6494,4.6388235,1199.3115,1.4872621,7957.393,5.327411,0,,,,,1251.506183492137,0.000501288,696.6105405028824,0.00049861526,-0.01959704,-0.025132637
2181.231997711289,7958.651,5.32736,-0.00086480204,137343,1251.5058647609742,696.609829291241,7118.2495,4.638779,1197.1125,1.4866161,7958.651,5.32736,0,,,,,1251.5058647609742,0.0005010486,696.609829291241,0.0004986088,-0.020271843,-0.026363922
2181.238942230533,7959.083,5.3268,-0.00086472416,137344,1251.5059173772106,696.6104242649506,7119.348,4.638292,1194.9209,1.4847312,7959.083,5.3268,0,,,,,1251.5059173772106,0.0005007752,696.6104242649506,0.0004985197,-0.020058967,-0.025072481
2181.2458867497776,7956.5273,5.324819,-0.0008646463,137345,1251.50564695325,696.6089320373351,7115.7725,4.6365666,1194.7166,1.4841408,7956.5273,5.324819,0,,,,,1251.50564695325,0.0005009095,696.6089320373351,0.0004990069,-0.020432137,-0.025842316
2181.2528312690233,7949.126,5.327876,-0.0008645684,137346,1251.504678006902,696.6102130237851,7110.7407,4.6392283,1197.3765,1.4870383,7949.126,5.327876,0,,,,,1251.504678006902,0.000501424,696.6102130237851,0.0004995346,-0.020442013,-0.025170166
2181.2597757883264,7964.741,5.330265,-0.00086449046,137347,1251.5072667221295,696.6106238637249,7124.1055,4.6413083,1196.736,1.486098,7964.741,5.330265,0,,,,,1251.5072667221295,0.0005009702,696.6106238637249,0.00049867906,-0.01906703,-0.024816817
2181.266720307571,7948.9717,5.3261647,-0.0008644126,137348,1251.505010541863,696.6097021104266,7110.6323,4.637738,1196.4526,1.4860079,7948.9717,5.3261647,0,,,,,1251.505010541863,0.0005012031,696.6097021104266,0.00049927214,-0.021407597,-0.026820475
2181.273664826874,7955.442,5.326997,-0.00086433464,137349,1251.5064223883512,696.6100739705341,7115.94,4.6384625,1199.4823,1.4864299,7955.442,5.326997,0,,,,,1251.5064223883512,0.00050137803,696.6100739705341,0.00049882743,-0.01945009,-0.0254305
2181.280609346119,7958.5015,5.3269544,-0.00086425676,137350,1251.5047920430113,696.6106133097876,7119.4795,4.638426,1195.9287,1.4858718,7958.5015,5.3269544,0,,,,,1251.5047920430113,0.00050055346,696.6106133097876,0.0004984045,-0.020506993,-0.026212782
2181.287553865422,7966.212,5.33058,-0.0008641788,137351,1251.5062275120727,696.6108559073186,7123.9497,4.6415834,1200.2128,1.4880319,7966.212,5.33058,0,,,,,1251.5062275120727,0.000501387,696.6108559073186,0.0004986858,-0.020087885,-0.025196558
2181.294498384667,7959.4536,5.326987,-0.00086410093,137352,1251.5062848763735,696.6106735612365,7117.4937,4.638454,1196.1508,1.4855229,7959.4536,5.326987,0,,,,,1251.5062848763735,0.00050150236,696.6106735612365,0.00049895805,-0.019569274,-0.024612889
2181.30144290397,7948.549,5.324806,-0.000864023,137353,1251.5051828452922,696.6095777498174,7107.2363,4.636555,1198.057,1.4866236,7948.549,5.324806,0,,,,,1251.5051828452922,0.0005016035,696.6095777498174,0.0004998934,-0.021101294,-0.02694095
2181.3083874232148,7961.133,5.3280168,-0.0008639451,137354,1251.5062015850533,696.6098976762903,7120.222,4.639351,1196.9176,1.4873086,7961.133,5.3280168,0,,,,,1251.5062015850533,0.0005004222,696.6098976762903,0.0004988234,-0.021026287,-0.024833405
2181.315331942518,7950.4736,5.331169,-0.0008638672,137355,1251.505273204945,696.6099873366243,7110.508,4.642096,1198.4075,1.4888294,7950.4736,5.331169,0,,,,,1251.505273204945,0.0005018881,696.6099873366243,0.0004999237,-0.019928947,-0.025169585
2181.322276461821,7963.789,5.3299036,-0.00086378923,137356,1251.5051466656735,696.6095353993585,7123.557,4.640994,1198.8987,1.4879477,7963.789,5.3299036,0,,,,,1251.5051466656735,0.0005009339,696.6095353993585,0.0004985417,-0.020574246,-0.025963891
2181.3292209810656,7955.0317,5.32978,-0.00086371135,137357,1251.5051745588682,696.6095953104494,7114.5103,4.6408863,1198.6451,1.4875689,7955.0317,5.32978,0,,,,,1251.5051745588682,0.00050112326,696.6095953104494,0.00049946713,-0.020669214,-0.025658006
2181.3361655003687,7958.333,5.327132,-0.0008636334,137358,1251.5060860991243,696.6102101218405,7118.239,4.6385803,1197.5391,1.4865274,7958.333,5.327132,0,,,,,1251.5060860991243,0.0005007538,696.6102101218405,0.0004984587,-0.019753398,-0.025712134
2181.3431100196717,7953.832,5.3258624,-0.00086355547,137359,1251.5061331668246,696.6101338111795,7113.771,4.6374755,1198.2567,1.4863786,7953.832,5.3258624,0,,,,,1251.5061331668246,0.00050109834,696.6101338111795,0.0004988697,-0.020200593,-0.02523093
2181.3500545389747,7959.508,5.327181,-0.00086347753,137360,1251.5064183223076,696.6107763843015,7118.791,4.638623,1196.1465,1.4870622,7959.508,5.327181,0,,,,,1251.5064183223076,0.0005009805,696.6107763843015,0.00049847434,-0.019375259,-0.024994893
2181.3569990582196,7959.6953,5.3286,-0.00086339965,137361,1251.5050720126105,696.6106262353261,7119.69,4.6398587,1197.8307,1.49046,7959.6953,5.3286,0,,,,,1251.5050720126105,0.0005008786,696.6106262353261,0.0004984868,-0.02060216,-0.025424296
2181.3639435775217,7959.658,5.327209,-0.0008633217,137362,1251.5053260094896,696.6098423849274,7119.4897,4.6386476,1197.2095,1.4858482,7959.658,5.327209,0,,,,,1251.5053260094896,0.0005009164,696.6098423849274,0.0004986881,-0.02002657,-0.025745722
2181.3708880968256,7961.9253,5.328474,-0.00086324377,137363,1251.5056739801564,696.6108756041116,7121.9565,4.639749,1198.437,1.4874914,7961.9253,5.328474,0,,,,,1251.5056739801564,0.0005006731,696.6108756041116,0.0004986444,-0.019996924,-0.025421243
2181.377832616129,7960.6836,5.33119,-0.0008631658,137364,1251.505938995999,696.609425237612,7121.489,4.642114,1196.5969,1.4877447,7960.6836,5.33119,0,,,,,1251.505938995999,0.0005005613,696.609425237612,0.0004991552,-0.02033226,-0.025573958
2181.3847771354312,7954.257,5.326679,-0.0008630879,137365,1251.5051404058108,696.6096072049987,7114.486,4.6381865,1196.1508,1.4852152,7954.257,5.326679,0,,,,,1251.5051404058108,0.00050184946,696.6096072049987,0.00049884897,-0.019802645,-0.025486853
2181.391721654734,7953.252,5.327969,-0.00086300995,137366,1251.5056064644991,696.610273255066,7113.355,4.6393094,1196.541,1.4867228,7953.252,5.327969,0,,,,,1251.5056064644991,0.0005013236,696.610273255066,0.00049953774,-0.019865423,-0.025471322
2181.3986661740378,7960.1636,5.327409,-0.000862932,137367,1251.506115532201,696.6113665611917,7119.544,4.638822,1196.9197,1.4869778,7960.1636,5.327409,0,,,,,1251.506115532201,0.0005007562,696.6113665611917,0.0004986878,-0.019829651,-0.023920212
2181.4056106933403,7954.2866,5.327932,-0.00086285407,137368,1251.5062410807593,696.6095301390533,7113.3306,4.639277,1197.6228,1.488724,7954.2866,5.327932,0,,,,,1251.5062410807593,0.000501392,696.6095301390533,0.0004991543,-0.020222047,-0.025302555
2181.412555212643,7955.064,5.3261495,-0.0008627761,137369,1251.506826223578,696.6108064897599,7112.255,4.637725,1197.9331,1.486587,7955.064,5.3261495,0,,,,,1251.506826223578,0.00050134194,696.6108064897599,0.00049954257,-0.019450177,-0.025928417
2181.419499731947,7959.574,5.3315463,-0.0008626982,137370,1251.5058679760732,696.610482310615,7119.206,4.6424246,1196.6111,1.4874506,7959.574,5.3315463,0,,,,,1251.5058679760732,0.00050163077,696.610482310615,0.0004990241,-0.020146918,-0.024378048
2181.4264442513086,7956.8164,5.327852,-0.0008626202,137371,1251.5050477175284,696.609411149159,7117.078,4.6392074,1198.0111,1.4878583,7956.8164,5.327852,0,,,,,1251.5050477175284,0.0005008626,696.609411149159,0.00049888046,-0.02137673,-0.026004946
2181.4333887706116,7954.6943,5.3261924,-0.00086254225,137372,1251.5064796993656,696.6098739794535,7115.021,4.6377625,1196.2554,1.485458,7954.6943,5.3261924,0,,,,,1251.5064796993656,0.00050127396,696.6098739794535,0.0004987822,-0.019422341,-0.02572575
2181.4403332899137,7954.638,5.3271985,-0.0008624643,137373,1251.5053623597141,696.6095227300291,7115.093,4.6386385,1199.6118,1.4867414,7954.638,5.3271985,0,,,,,1251.5053623597141,0.0005012031,696.6095227300291,0.00049882475,-0.020787476,-0.025944158
2181.447277809217,7950.7603,5.3255205,-0.00086238637,137374,1251.5052115358885,696.6100977752892,7110.039,4.6371775,1196.0822,1.4861883,7950.7603,5.3255205,0,,,,,1251.5052115358885,0.00050161686,696.6100977752892,0.00049931224,-0.02069602,-0.025621837
2181.4542223285207,7957.127,5.3273234,-0.0008623084,137375,1251.5055225656524,696.6102284539882,7117.552,4.638747,1197.0176,1.4857765,7957.127,5.3273234,0,,,,,1251.5055225656524,0.0005010816,696.6102284539882,0.0004990241,-0.020411659,-0.025241477
2181.461166847881,7947.3296,5.3269753,-0.00086223043,137376,1251.506750603283,696.6103112908665,7108.585,4.6384444,1200.1289,1.4900458,7947.3296,5.3269753,0,,,,,1251.506750603283,0.0005016627,696.6103112908665,0.0004993079,-0.01981574,-0.02591622
2181.4681113671836,7950.29,5.326651,-0.0008621525,137377,1251.5053263120026,696.6109205960603,7111.896,4.6381617,1197.085,1.4892293,7950.29,5.326651,0,,,,,1251.5053263120026,0.0005012686,696.6109205960603,0.00049857807,-0.021323517,-0.024947932
2181.4750558864876,7953.2085,5.3251996,-0.00086207455,137378,1251.5056727996357,696.609906371447,7114.126,4.636898,1197.4642,1.4853545,7953.2085,5.3251996,0,,,,,1251.5056727996357,0.00050094083,696.609906371447,0.0004984487,-0.020616563,-0.025414294
2181.482000405849,7955.025,5.329079,-0.00086199655,137379,1251.5062282314193,696.6112321648919,7114.316,4.640276,1197.4347,1.487519,7955.025,5.329079,0,,,,,1251.5062282314193,0.000501279,696.6112321648919,0.00049936416,-0.019281873,-0.024525717
2181.488944925152,7955.201,5.326285,-0.0008619186,137380,1251.5048159709963,696.6107418217808,7113.6416,4.6378427,1196.6173,1.4870218,7955.201,5.326285,0,,,,,1251.5048159709963,0.0005012119,696.6107418217808,0.0004995585,-0.020591848,-0.025885224
2181.495889444513,7955.346,5.325439,-0.0008618406,137381,1251.504994760336,696.6093953424057,7116.392,4.6371064,1196.5476,1.4848256,7955.346,5.325439,0,,,,,1251.504994760336,0.0005010862,696.6093953424057,0.0004987003,-0.020377873,-0.026420547
2181.502833963816,7952.378,5.3264728,-0.0008617627,137382,1251.5049714442832,696.6103143213758,7113.029,4.6380067,1198.7964,1.4878381,7952.378,5.3264728,0,,,,,1251.5049714442832,0.00050130463,696.6103143213758,0.00049889437,-0.020626869,-0.025363218
2181.5097784831773,7956.3022,5.3260484,-0.0008616847,137383,1251.5060816293953,696.6110988996317,7115.086,4.637637,1195.3284,1.4874506,7956.3022,5.3260484,0,,,,,1251.5060816293953,0.00050110696,696.6110988996317,0.0004986169,-0.020366818,-0.024479728
2181.51672300248,7946.8193,5.3231254,-0.00086160674,137384,1251.504033123639,696.610158530252,7107.9087,4.6350913,1196.5569,1.4846532,7946.8193,5.3231254,0,,,,,1251.504033123639,0.00050132204,696.610158530252,0.0004991471,-0.020765431,-0.025744408
2181.5236675218407,7953.147,5.3278313,-0.00086152874,137385,1251.505977681957,696.610186826693,7113.4644,4.6391892,1195.0652,1.4858543,7953.147,5.3278313,0,,,,,1251.505977681957,0.000501422,696.610186826693,0.0004991616,-0.019767875,-0.024892736
2181.5306120411446,7959.455,5.3264875,-0.0008614508,137386,1251.506781064967,696.6098617621183,7118.3813,4.6380196,1196.9072,1.4859104,7959.455,5.3264875,0,,,,,1251.506781064967,0.0005008818,696.6098617621183,0.00049862784,-0.019915625,-0.025154233
2181.537556560506,7963.6343,5.3282323,-0.0008613728,137387,1251.505957338662,696.611110066329,7121.366,4.639539,1198.5176,1.4870412,7963.6343,5.3282323,0,,,,,1251.505957338662,0.0005008236,696.611110066329,0.0004987661,-0.020524554,-0.025219236
2181.5445010798676,7953.407,5.327795,-0.0008612948,137388,1251.5054441986736,696.6106423093335,7113.349,4.639158,1200.2443,1.4867018,7953.407,5.327795,0,,,,,1251.5054441986736,0.0005013479,696.6106423093335,0.0004995029,-0.020005807,-0.0252479
2181.551445599171,7955.2373,5.326875,-0.00086121686,137389,1251.5054146210994,696.6095669938546,7115.7266,4.638357,1197.3867,1.4866222,7955.2373,5.326875,0,,,,,1251.5054146210994,0.0005010872,696.6095669938546,0.00049878977,-0.020192442,-0.02603601
2181.5583901185314,7945.308,5.3263307,-0.00086113886,137390,1251.506136574045,696.6109944913006,7107.541,4.6378827,1196.9689,1.4866325,7945.308,5.3263307,0,,,,,1251.506136574045,0.00050209125,696.6109944913006,0.00049955223,-0.020820944,-0.025069902
2181.5653346378926,7948.805,5.323547,-0.00086106086,137391,1251.506203945027,696.6104897688789,7109.8057,4.635459,1194.0262,1.4860226,7948.805,5.323547,0,,,,,1251.506203945027,0.0005013784,696.6104897688789,0.00049895793,-0.01988776,-0.025157042
2181.572279157254,7950.5903,5.324688,-0.00086098287,137392,1251.5060513796057,696.610441831125,7111.356,4.636452,1196.6385,1.4850918,7950.5903,5.324688,0,,,,,1251.5060513796057,0.00050124543,696.610441831125,0.00049889955,-0.019630373,-0.02550886
2181.579223676557,7955.786,5.325894,-0.0008609049,137393,1251.5057503097137,696.6114653411574,7115.358,4.6375027,1197.4126,1.4852586,7955.786,5.325894,0,,,,,1251.5057503097137,0.00050139916,696.6114653411574,0.0004987314,-0.019014914,-0.024668524
2181.586168195918,7946.6455,5.326035,-0.0008608269,137394,1251.505192531,696.6106941555446,7105.98,4.637625,1199.906,1.4870454,7946.6455,5.326035,0,,,,,1251.505192531,0.0005021294,696.6106941555446,0.00049940613,-0.020414598,-0.025103625
2181.593112715279,7956.9985,5.328475,-0.0008607489,137395,1251.5056342313103,696.6095662888982,7116.746,4.6397495,1199.0327,1.4905449,7956.9985,5.328475,0,,,,,1251.5056342313103,0.0005012871,696.6095662888982,0.00049895747,-0.020438807,-0.02634734
2181.60005723464,7961.512,5.3320374,-0.00086067093,137396,1251.5067375012993,696.6107697327209,7120.6045,4.642852,1197.3691,1.4869832,7961.512,5.3320374,0,,,,,1251.5067375012993,0.00050127564,696.6107697327209,0.00049943494,-0.019476581,-0.02452945
2181.607001754002,7948.439,5.3246117,-0.00086059293,137397,1251.504494781584,696.6095901757805,7108.1465,4.6363854,1198.8368,1.486458,7948.439,5.3246117,0,,,,,1251.504494781584,0.0005012719,696.6095901757805,0.0004990191,-0.021609532,-0.025623878
2181.613946273363,7956.8843,5.3273916,-0.00086051493,137398,1251.5059157918874,696.60929714681,7116.576,4.6388063,1196.3081,1.489418,7956.8843,5.3273916,0,,,,,1251.5059157918874,0.00050096953,696.60929714681,0.0004986726,-0.019448796,-0.02524317
2181.6208907927244,7958.5303,5.3279614,-0.00086043694,137399,1251.5058060158638,696.6105207390183,7117.5854,4.6393027,1196.8005,1.4882706,7958.5303,5.3279614,0,,,,,1251.5058060158638,0.0005010255,696.6105207390183,0.0004987857,-0.020053681,-0.025085034
2181.6278353120856,7955.748,5.3270936,-0.00086035894,137400,1251.5063201972353,696.610629702169,7114.591,4.638547,1199.1353,1.4872642,7955.748,5.3270936,0,,,,,1251.5063201972353,0.00050146086,696.610629702169,0.0004989956,-0.019669367,-0.024304414
2181.634779831447,7946.322,5.32397,-0.00086028094,137401,1251.5049069998317,696.6106138410062,7106.8643,4.635827,1197.514,1.4860284,7946.322,5.32397,0,,,,,1251.5049069998317,0.00050136447,696.6106138410062,0.0004991916,-0.02069937,-0.025267757
2181.641724350807,7957.722,5.3272395,-0.00086020294,137402,1251.5067004690177,696.6105346255238,7116.4136,4.638674,1196.9926,1.4886774,7957.722,5.3272395,0,,,,,1251.5067004690177,0.0005010348,696.6105346255238,0.0004985143,-0.01927873,-0.024599636
2181.648668870169,7958.6987,5.32803,-0.00086012494,137403,1251.5060756384387,696.610237574933,7117.6387,4.6393623,1199.579,1.4868758,7958.6987,5.32803,0,,,,,1251.5060756384387,0.00050126784,696.610237574933,0.0004989208,-0.020594671,-0.025653133
2181.6556133895306,7952.977,5.325073,-0.00086004694,137404,1251.5055544481713,696.6095732260206,7111.1255,4.6367874,1197.9583,1.4861416,7952.977,5.325073,0,,,,,1251.5055544481713,0.00050136744,696.6095732260206,0.0004994606,-0.020122927,-0.025832903
2181.662557908892,7949.1704,5.324981,-0.00085996895,137405,1251.5056857819234,696.6104212107963,7109.6035,4.636708,1198.1719,1.486284,7949.1704,5.324981,0,,,,,1251.5056857819234,0.00050115434,696.6104212107963,0.0004991166,-0.020457728,-0.024729347
2181.669502428253,7957.6587,5.3280354,-0.00085989095,137406,1251.5062794489445,696.6107494439773,7116.4062,4.639367,1195.2673,1.4857256,7957.6587,5.3280354,0,,,,,1251.5062794489445,0.0005013882,696.6107494439773,0.0004993194,-0.020025402,-0.025529861
2181.6764469476143,7954.4062,5.329257,-0.00085981295,137407,1251.5051086222302,696.6089778910989,7115.4487,4.640431,1197.7072,1.4893792,7954.4062,5.329257,0,,,,,1251.5051086222302,0.0005012839,696.6089778910989,0.00049913814,-0.020422203,-0.025791345
2181.6833914669755,7946.524,5.3248305,-0.00085973495,137408,1251.5051843612537,696.6088786195265,7099.728,4.636576,1197.6625,1.4863032,7946.524,5.3248305,0,,,,,1251.5051843612537,0.0005022877,696.6088786195265,0.00050091685,-0.020811815,-0.026541479
2181.690335986395,7952.187,5.3254085,-0.0008596569,137409,1251.505025522622,696.6103608441576,7115.3154,4.6370797,1196.8726,1.4854218,7952.187,5.3254085,0,,,,,1251.505025522622,0.0005009849,696.6103608441576,0.00049884076,-0.02050654,-0.02535587
2181.697280505756,7958.427,5.328295,-0.0008595789,137410,1251.5064587684722,696.6104217817862,7114.0835,4.6395936,1197.7242,1.4909041,7958.427,5.328295,0,,,,,1251.5064587684722,0.000501463,696.6104217817862,0.00049934426,-0.019962555,-0.023702744
2181.7042250251175,7957.332,5.3272824,-0.0008595009,137411,1251.505103963891,696.6099837410236,7115.787,4.6387115,1194.8391,1.4892001,7957.332,5.3272824,0,,,,,1251.505103963891,0.00050096825,696.6099837410236,0.0004989531,-0.02080381,-0.025654005
2181.7111695444787,7957.9336,5.3273444,-0.0008594229,137412,1251.5055279544129,696.6103802658594,7117.404,4.6387653,1196.1881,1.4856437,7957.9336,5.3273444,0,,,,,1251.5055279544129,0.0005011027,696.6103802658594,0.0004987576,-0.01990867,-0.026001772
2181.7181140638977,7946.026,5.325698,-0.00085934484,137413,1251.505849515974,696.6107084699677,7107.0674,4.637332,1198.6173,1.48845,7946.026,5.325698,0,,,,,1251.505849515974,0.0005017892,696.6107084699677,0.00049945887,-0.020617675,-0.025084935
2181.7250585832594,7950.8237,5.3272376,-0.00085926685,137414,1251.5062491163842,696.6101820641788,7110.756,4.638673,1196.57,1.4857986,7950.8237,5.3272376,0,,,,,1251.5062491163842,0.00050116656,696.6101820641788,0.00049933797,-0.019794269,-0.025219114
2181.732003102621,7956.272,5.3270245,-0.00085918885,137415,1251.505234040256,696.610072938997,7115.953,4.638487,1194.9841,1.4849468,7956.272,5.3270245,0,,,,,1251.505234040256,0.0005010495,696.610072938997,0.0004989765,-0.020725438,-0.02465225
2181.7389476220396,7961.1865,5.3290305,-0.0008591108,137416,1251.5055676091954,696.6096593763538,7120.6646,4.6402335,1196.737,1.486135,7961.1865,5.3290305,0,,,,,1251.5055676091954,0.00050113624,696.6096593763538,0.00049892504,-0.020011146,-0.025899371
2181.7458921414004,7959.0405,5.326938,-0.0008590328,137417,1251.5048190563773,696.6105326349073,7118.8354,4.638412,1194.9526,1.4862078,7959.0405,5.326938,0,,,,,1251.5048190563773,0.00050122046,696.6105326349073,0.00049855263,-0.02080253,-0.025140475
2181.752836660821,7959.093,5.329494,-0.00085895474,137418,1251.5062093962888,696.6103057319414,7118.409,4.640637,1197.0826,1.4885327,7959.093,5.329494,0,,,,,1251.5062093962888,0.00050170673,696.6103057319414,0.00049870065,-0.020128625,-0.025050329
2181.759781180182,7957.631,5.3278475,-0.00085887674,137419,1251.5054099558336,696.6106582074782,7116.877,4.6392035,1197.7836,1.4874414,7957.631,5.3278475,0,,,,,1251.5054099558336,0.0005011388,696.6106582074782,0.0004991739,-0.020755678,-0.024993153
2181.7667256995433,7959.5967,5.328457,-0.00085879874,137420,1251.505912151641,696.6098524647465,7116.242,4.6397343,1198.5645,1.4895885,7959.5967,5.328457,0,,,,,1251.505912151641,0.0005016541,696.6098524647465,0.0004991312,-0.020099206,-0.025970267
2181.7736702189627,7960.93,5.327227,-0.0008587207,137421,1251.5043213359531,696.6109268987203,7119.7563,4.6386633,1197.3494,1.4861195,7960.93,5.327227,0,,,,,1251.5043213359531,0.00050093164,696.6109268987203,0.00049879256,-0.021360176,-0.024754884
2181.780614738383,7957.324,5.3306336,-0.0008586426,137422,1251.5056509281462,696.6094266152656,7116.602,4.6416297,1197.2578,1.4886099,7957.324,5.3306336,0,,,,,1251.5056509281462,0.0005022135,696.6094266152656,0.00049919495,-0.019837592,-0.0255258
2181.787559257744,7965.323,5.3273315,-0.0008585646,137423,1251.5083081351502,696.610023733593,7119.6675,4.638754,1194.1047,1.4873759,7965.323,5.3273315,0,,,,,1251.5083081351502,0.0005009992,696.610023733593,0.0004986682,-0.01839572,-0.02469025
2181.7945037771624,7951.0635,5.323978,-0.0008584866,137424,1251.5046989110372,696.6097597315974,7112.042,4.635834,1195.7524,1.4845635,7951.0635,5.323978,0,,,,,1251.5046989110372,0.0005008296,696.6097597315974,0.00049916556,-0.021359073,-0.02630414
2181.801448296524,7949.3,5.324508,-0.0008584086,137425,1251.5055579111513,696.6093749377849,7109.2446,4.636296,1199.1993,1.4859972,7949.3,5.324508,0,,,,,1251.5055579111513,0.0005014578,696.6093749377849,0.00049894984,-0.019759584,-0.025760317
2181.808392815944,7950.197,5.328615,-0.0008583305,137426,1251.5056433113155,696.6111576223589,7110.1807,4.639872,1200.0889,1.488595,7950.197,5.328615,0,,,,,1251.5056433113155,0.0005019717,696.6111576223589,0.00049910514,-0.020417435,-0.024031231
2181.8153373353043,7960.2026,5.329636,-0.0008582525,137427,1251.5049214018293,696.6095105864574,7119.7715,4.640761,1196.6061,1.4904742,7960.2026,5.329636,0,,,,,1251.5049214018293,0.0005008254,696.6095105864574,0.00049878226,-0.020079076,-0.026350727
2181.822281854724,7953.7866,5.3257155,-0.00085817446,137428,1251.5046259780322,696.6101822252679,7114.157,4.637347,1197.8246,1.4856218,7953.7866,5.3257155,0,,,,,1251.5046259780322,0.0005010937,696.6101822252679,0.000498771,-0.02155525,-0.025456531
2181.8292263741446,7950.4814,5.327046,-0.0008580964,137429,1251.505953502036,696.6103967054728,7110.5864,4.6385055,1199.22,1.48995,7950.4814,5.327046,0,,,,,1251.505953502036,0.0005016251,696.6103967054728,0.00049904734,-0.020040028,-0.025042102
2181.836170893505,7959.4185,5.3300557,-0.0008580184,137430,1251.5059799703374,696.609619981795,7119.285,4.6411266,1197.118,1.4878423,7959.4185,5.3300557,0,,,,,1251.5059799703374,0.00050142425,696.609619981795,0.0004988781,-0.02066484,-0.025127158
2181.8431154129244,7960.0786,5.327382,-0.00085794035,137431,1251.5058437908049,696.6106959941981,7119.5576,4.638798,1197.8373,1.4858057,7960.0786,5.327382,0,,,,,1251.5058437908049,0.0005005679,696.6106959941981,0.00049858086,-0.02038836,-0.025154736
2181.850059932344,7951.691,5.32713,-0.0008578623,137432,1251.5046973372414,696.6098761945575,7109.9307,4.638579,1198.0874,1.4879339,7951.691,5.32713,0,,,,,1251.5046973372414,0.0005013973,696.6098761945575,0.00049986504,-0.020647287,-0.025826497
2181.857004451764,7948.292,5.3246017,-0.00085778424,137433,1251.5053509916684,696.610158155455,7109.3447,4.6363773,1198.2916,1.4858166,7948.292,5.3246017,0,,,,,1251.5053509916684,0.0005013878,696.610158155455,0.00049894763,-0.020469356,-0.025521977
2181.863948971125,7957.802,5.327327,-0.00085770624,137434,1251.5053925607394,696.6103527174663,7116.1875,4.63875,1197.278,1.488068,7957.802,5.327327,0,,,,,1251.5053925607394,0.0005011658,696.6103527174663,0.000498888,-0.020326948,-0.025245775
2181.8708934905435,7958.263,5.3276987,-0.0008576282,137435,1251.5057603376613,696.6104779262836,7116.5557,4.6390743,1199.0168,1.4861088,7958.263,5.3276987,0,,,,,1251.5057603376613,0.00050117244,696.6104779262836,0.0004987244,-0.020637548,-0.025341222
2181.8778380099634,7958.644,5.3308454,-0.0008575501,137436,1251.5039371942003,696.6107167109839,7114.772,4.641814,1197.19,1.4883502,7958.644,5.3308454,0,,,,,1251.5039371942003,0.0005019504,696.6107167109839,0.0004996866,-0.022215784,-0.024663595
2181.8847825293838,7949.2373,5.3276167,-0.00085747207,137437,1251.505402194215,696.6112570938899,7109.6396,4.6390023,1196.7998,1.487578,7949.2373,5.3276167,0,,,,,1251.505402194215,0.00050138653,696.6112570938899,0.0004995537,-0.01944291,-0.025055945
2181.8917270488023,7964.472,5.329314,-0.000857394,137438,1251.5043940281496,696.6121418531068,7122.519,4.640481,1196.6472,1.486807,7964.472,5.329314,0,,,,,1251.5043940281496,0.0005008875,696.6121418531068,0.0004987327,-0.020649849,-0.024542833
2181.898671568222,7955.7363,5.325738,-0.00085731596,137439,1251.5061411269462,696.6092150406574,7115.0,4.637367,1194.9773,1.485653,7955.7363,5.325738,0,,,,,1251.5061411269462,0.0005013707,696.6092150406574,0.0004988851,-0.01949857,-0.026024457
2181.905616087642,7950.6084,5.3238783,-0.0008572379,137440,1251.5043898564356,696.6110814576473,7109.675,4.6357474,1197.0035,1.4848174,7950.6084,5.3238783,0,,,,,1251.5043898564356,0.00050131144,696.6110814576473,0.00049912813,-0.02099642,-0.024766231
2181.9125606070024,7970.0537,5.3294163,-0.0008571599,137441,1251.5072407177252,696.6098105906445,7125.5327,4.6405697,1199.238,1.4865669,7970.0537,5.3294163,0,,,,,1251.5072407177252,0.00050111633,696.6098105906445,0.0004987017,-0.018824708,-0.025660101
2181.919505126422,7948.2456,5.32609,-0.00085708185,137442,1251.5051852544439,696.6107294797181,7107.268,4.637673,1196.3491,1.4877167,7948.2456,5.32609,0,,,,,1251.5051852544439,0.0005016646,696.6107294797181,0.00049950683,-0.020569019,-0.024336888
2181.9264496458413,7948.691,5.3265114,-0.0008570038,137443,1251.506141690415,696.6107830961616,7106.1235,4.63804,1196.9587,1.4885932,7948.691,5.3265114,0,,,,,1251.506141690415,0.00050229434,696.6107830961616,0.0004999114,-0.019736966,-0.024552237
2181.9333941652617,7956.73,5.3255086,-0.00085692573,137444,1251.5050401297856,696.6111073787872,7114.947,4.637167,1196.2311,1.4850088,7956.73,5.3255086,0,,,,,1251.5050401297856,0.00050110434,696.6111073787872,0.0004991267,-0.020335875,-0.025174176
2181.940338684681,7955.1494,5.326493,-0.0008568477,137445,1251.504047050818,696.6091122188377,7115.0005,4.638024,1196.7627,1.4877886,7955.1494,5.326493,0,,,,,1251.504047050818,0.00050118804,696.6091122188377,0.00049892144,-0.02152548,-0.025771692
2181.9472832040997,7960.2896,5.3274035,-0.0008567696,137446,1251.50620220823,696.6111112606054,7119.9585,4.6388173,1196.7219,1.4852724,7960.2896,5.3274035,0,,,,,1251.50620220823,0.0005012835,696.6111112606054,0.0004983073,-0.01952458,-0.025368886
2181.9542277235196,7958.702,5.3269277,-0.00085669156,137447,1251.5055523227804,696.6103845499434,7118.025,4.6384025,1195.5486,1.4878585,7958.702,5.3269277,0,,,,,1251.5055523227804,0.00050095853,696.6103845499434,0.000498224,-0.020373657,-0.025119703
2181.9611722429395,7962.666,5.3281903,-0.0008566135,137448,1251.5055984328417,696.6102594200639,7121.6665,4.639502,1199.2643,1.4866827,7962.666,5.3281903,0,,,,,1251.5055984328417,0.0005009082,696.6102594200639,0.00049839827,-0.020725818,-0.025510164
2181.968116762358,7952.5615,5.32639,-0.00085653545,137449,1251.5051834998394,696.6106832524197,7112.217,4.637934,1196.4724,1.4872122,7952.5615,5.32639,0,,,,,1251.5051834998394,0.00050115463,696.6106832524197,0.0004988479,-0.020422878,-0.024432005
2181.975061281836,7958.596,5.328886,-0.00085645734,137450,1251.506320753577,696.6109526672888,7116.753,4.6401076,1198.2471,1.4866618,7958.596,5.328886,0,,,,,1251.506320753577,0.0005017273,696.6109526672888,0.00049909303,-0.019165395,-0.023929168
2181.982005801256,7947.0776,5.324471,-0.0008563793,137451,1251.5049532496496,696.6104301367878,7104.428,4.636264,1196.6714,1.4896508,7947.0776,5.324471,0,,,,,1251.5049532496496,0.00050191575,696.6104301367878,0.0004995417,-0.021027302,-0.024917286
2181.9889503206746,7957.512,5.3331428,-0.0008563012,137452,1251.504977718024,696.6089328966195,7116.678,4.643814,1199.5842,1.4899507,7957.512,5.3331428,0,,,,,1251.504977718024,0.0005020358,696.6089328966195,0.0005001228,-0.021328757,-0.027160633
2181.995894840094,7948.812,5.324096,-0.00085622317,137453,1251.5040939219102,696.6113583269977,7108.104,4.635937,1196.534,1.4869269,7948.812,5.324096,0,,,,,1251.5040939219102,0.00050137454,696.6113583269977,0.000498937,-0.02146702,-0.024547802
2182.0028393595144,7961.359,5.3255863,-0.0008561451,137454,1251.505648142064,696.610528658209,7118.43,4.637234,1192.632,1.4843141,7961.359,5.3255863,0,,,,,1251.505648142064,0.0005009915,696.610528658209,0.0004985017,-0.019860413,-0.02472921
2182.0097838789334,7959.3047,5.328937,-0.00085606705,137455,1251.5050400472153,696.6108910208146,7117.197,4.640152,1197.0802,1.4861543,7959.3047,5.328937,0,,,,,1251.5050400472153,0.00050116284,696.6108910208146,0.0004993627,-0.020252818,-0.024670968
2182.0167283983524,7957.604,5.3283005,-0.000855989,137456,1251.505191330587,696.6097038217935,7117.0815,4.639598,1197.4177,1.4862579,7957.604,5.3283005,0,,,,,1251.505191330587,0.0005016588,696.6097038217935,0.00049918843,-0.020672671,-0.026259206
2182.02367291783,7962.0864,5.3278837,-0.0008559109,137457,1251.5064382439375,696.6103225894454,7120.8066,4.639235,1195.3815,1.4870365,7962.0864,5.3278837,0,,,,,1251.5064382439375,0.0005008123,696.6103225894454,0.0004985347,-0.01996836,-0.024574261
2182.03061743725,7955.702,5.3269987,-0.0008558328,137458,1251.5052971082785,696.6091783396056,7115.337,4.638465,1196.3126,1.485715,7955.702,5.3269987,0,,,,,1251.5052971082785,0.0005014089,696.6091783396056,0.0004986697,-0.020467421,-0.025131544
2182.03756195667,7950.688,5.326235,-0.00085575477,137459,1251.5040199114283,696.6107152222858,7110.128,4.6377997,1197.6816,1.4881738,7950.688,5.326235,0,,,,,1251.5040199114283,0.0005013821,696.6107152222858,0.0004989954,-0.021612663,-0.024636287
2182.0445064760884,7959.0674,5.3290596,-0.0008556767,137460,1251.505666805651,696.6089946791403,7116.483,4.640259,1196.9562,1.4904209,7959.0674,5.3290596,0,,,,,1251.505666805651,0.00050112675,696.6089946791403,0.0004994624,-0.021058043,-0.025742237
2182.051450995567,7954.2026,5.3263297,-0.0008555986,137461,1251.504110183852,696.6098113555466,7112.824,4.6378818,1198.1781,1.4877715,7954.2026,5.3263297,0,,,,,1251.504110183852,0.00050096225,696.6098113555466,0.0004990833,-0.021953031,-0.024901215
2182.058395514987,7948.3223,5.324541,-0.00085552054,137462,1251.5059707958942,696.6109144428808,7107.1597,4.6363244,1197.5093,1.4863657,7948.3223,5.324541,0,,,,,1251.5059707958942,0.000501808,696.6109144428808,0.0004994547,-0.0199657,-0.024987618
2182.0653400344054,7965.9004,5.331588,-0.0008554425,137463,1251.5059130046175,696.6098451229899,7124.345,4.6424603,1195.7069,1.4873701,7965.9004,5.331588,0,,,,,1251.5059130046175,0.00050106685,696.6098451229899,0.00049876724,-0.021079704,-0.024844214
2182.0722845538244,7952.281,5.3254213,-0.00085536443,137464,1251.5056198750958,696.6103913031999,7111.746,4.637091,1197.3223,1.4855148,7952.281,5.3254213,0,,,,,1251.5056198750958,0.00050095055,696.6103913031999,0.0004989889,-0.019901846,-0.024631755
2182.079229073303,7956.699,5.326713,-0.0008552863,137465,1251.5042296333659,696.6106249548193,7116.562,4.638216,1195.3491,1.4866679,7956.699,5.326713,0,,,,,1251.5042296333659,0.000501209,696.6106249548193,0.0004987061,-0.021148663,-0.026199315
2182.086173592722,7951.0283,5.3267565,-0.00085520826,137466,1251.505567576579,696.6092395361451,7111.1123,4.6382537,1197.8003,1.4879647,7951.0283,5.3267565,0,,,,,1251.505567576579,0.0005013993,696.6092395361451,0.00049931183,-0.020747399,-0.025306964
2182.093118112141,7956.924,5.3280525,-0.0008551302,137467,1251.5072505170526,696.6124223123728,7115.002,4.6393824,1198.4114,1.4857969,7956.924,5.3280525,0,,,,,1251.5072505170526,0.00050156773,696.6124223123728,0.00049927045,-0.018403025,-0.022738954
2182.1000626316186,7949.2437,5.3252435,-0.0008550521,137468,1251.5030596432532,696.609012226792,7110.046,4.6369357,1199.3259,1.4863821,7949.2437,5.3252435,0,,,,,1251.5030596432532,0.0005012004,696.609012226792,0.00049936905,-0.022496546,-0.027683336
2182.107007151039,7953.6367,5.325886,-0.00085497403,137469,1251.5063292133439,696.6104321408881,7112.865,4.6374955,1197.252,1.4871814,7953.6367,5.325886,0,,,,,1251.5063292133439,0.0005011328,696.6104321408881,0.0004990456,-0.020613484,-0.025476204
2182.113951670517,7955.319,5.3320026,-0.0008548959,137470,1251.5047319005394,696.6116730288445,7112.869,4.6428213,1196.0176,1.4870863,7955.319,5.3320026,0,,,,,1251.5047319005394,0.0005019229,696.6116730288445,0.0004999237,-0.02160212,-0.023609694
2182.1208961899356,7951.289,5.326661,-0.00085481786,137471,1251.5058569975804,696.6113990352331,7110.3467,4.6381702,1197.2954,1.4866802,7951.289,5.326661,0,,,,,1251.5058569975804,0.0005018822,696.6113990352331,0.0004993559,-0.020155545,-0.025032893
2182.1278407093555,7946.7026,5.3249264,-0.0008547398,137472,1251.5048583975713,696.6097030722633,7107.117,4.63666,1197.409,1.486128,7946.7026,5.3249264,0,,,,,1251.5048583975713,0.0005014038,696.6097030722633,0.0004993756,-0.021819284,-0.025361672
2182.1347852288336,7952.9736,5.326611,-0.0008546617,137473,1251.5049213137147,696.6110463116744,7112.5312,4.638127,1196.9661,1.4863522,7952.9736,5.326611,0,,,,,1251.5049213137147,0.0005018077,696.6110463116744,0.00049909414,-0.020284021,-0.024673231
2182.141729748252,7954.456,5.3298745,-0.00085458363,137474,1251.506012677006,696.6104147516367,7114.2583,4.6409683,1195.7615,1.4880275,7954.456,5.3298745,0,,,,,1251.506012677006,0.0005018373,696.6104147516367,0.0004994943,-0.020139316,-0.025043517
2182.1486742677293,7947.146,5.3253555,-0.0008545055,137475,1251.5045995856883,696.6116401577614,7108.0825,4.6370335,1199.1508,1.4874365,7947.146,5.3253555,0,,,,,1251.5045995856883,0.0005015199,696.6116401577614,0.00049931894,-0.02053975,-0.02469112
2182.1556187871497,7942.256,5.3221526,-0.00085442746,137476,1251.506235613578,696.6108288710834,7101.482,4.634245,1198.1324,1.4859786,7942.256,5.3221526,0,,,,,1251.506235613578,0.0005018734,696.6108288710834,0.0004995449,-0.02059817,-0.024626091
2182.1625633066274,7946.933,5.3239336,-0.00085434935,137477,1251.505664377775,696.6109389492024,7106.5337,4.6357956,1198.198,1.4862586,7946.933,5.3239336,0,,,,,1251.505664377775,0.00050142687,696.6109389492024,0.0004994936,-0.019624818,-0.02389368
2182.169507826047,7954.0,5.3249187,-0.0008542713,137478,1251.5036262508997,696.6090552368831,7114.5195,4.6366534,1196.3763,1.4849154,7954.0,5.3249187,0,,,,,1251.5036262508997,0.00050102815,696.6090552368831,0.00049888785,-0.021122038,-0.026922686
2182.1764523455245,7952.1455,5.3258653,-0.0008541932,137479,1251.5057746472391,696.610805569835,7109.4746,4.6374774,1198.8513,1.4878118,7952.1455,5.3258653,0,,,,,1251.5057746472391,0.00050153583,696.610805569835,0.00049949123,-0.019823397,-0.024670336
2182.183396864945,7956.0435,5.3269744,-0.0008541151,137480,1251.505533969052,696.6103671325063,7113.7437,4.6384435,1196.9391,1.4855745,7956.0435,5.3269744,0,,,,,1251.505533969052,0.00050129637,696.6103671325063,0.0004994873,-0.020156056,-0.024447257
2182.190341384422,7947.6724,5.324924,-0.000854037,137481,1251.5050215407805,696.6098902141767,7107.961,4.6366577,1198.7709,1.4864224,7947.6724,5.324924,0,,,,,1251.5050215407805,0.00050151657,696.6098902141767,0.00049955386,-0.020465052,-0.025927633
2182.1972859038406,7961.1523,5.327857,-0.00085395895,137482,1251.5055228902083,696.6103926877804,7118.8745,4.6392117,1197.0044,1.4865773,7961.1523,5.327857,0,,,,,1251.5055228902083,0.00050054764,696.6103926877804,0.0004990785,-0.021037597,-0.025114346
2182.2042304233187,7952.153,5.3241553,-0.00085388083,137483,1251.5053120727698,696.6111605135525,7109.601,4.6359887,1197.3685,1.4853989,7952.153,5.3241553,0,,,,,1251.5053120727698,0.0005015231,696.6111605135525,0.0004990849,-0.020438641,-0.025015503
2182.2111749427386,7948.862,5.325003,-0.0008538028,137484,1251.5051318881015,696.6113565739178,7108.3296,4.636727,1197.4624,1.4860867,7948.862,5.325003,0,,,,,1251.5051318881015,0.00050155685,696.6113565739178,0.0004991699,-0.02128749,-0.025030848
2182.2181194622153,7951.9297,5.3250604,-0.00085372466,137485,1251.5046298566335,696.6103595879567,7110.719,4.6367764,1196.7753,1.4856265,7951.9297,5.3250604,0,,,,,1251.5046298566335,0.0005015097,696.6103595879567,0.0004992054,-0.020378582,-0.02474794
2182.225063981635,7949.808,5.3264384,-0.0008536466,137486,1251.5041199285931,696.6104620312126,7108.36,4.6379766,1198.6198,1.4889172,7949.808,5.3264384,0,,,,,1251.5041199285931,0.00050144515,696.6104620312126,0.0004994721,-0.021501146,-0.024986744
2182.232008501113,7956.3833,5.3300867,-0.0008535685,137487,1251.5058361621932,696.6092696962858,7115.39,4.6411533,1196.6893,1.4889263,7956.3833,5.3300867,0,,,,,1251.5058361621932,0.00050101517,696.6092696962858,0.00049974915,-0.019947497,-0.026750086
2182.2389530205905,7958.5737,5.327687,-0.0008534904,137488,1251.5054644518004,696.6109199451346,7116.315,4.639064,1196.8058,1.4866375,7958.5737,5.327687,0,,,,,1251.5054644518004,0.0005015604,696.6109199451346,0.00049906893,-0.020177443,-0.025001958
2182.24589754001,7942.0938,5.3233213,-0.0008534123,137489,1251.5051715749294,696.6104945544179,7102.8706,4.6352625,1198.937,1.4872825,7942.0938,5.3233213,0,,,,,1251.5051715749294,0.00050145335,696.6104945544179,0.0004993476,-0.021092754,-0.024893977
2182.2528420594876,7952.84,5.3254313,-0.0008533342,137490,1251.504488339502,696.6101383655085,7110.561,4.6370997,1198.9242,1.4867868,7952.84,5.3254313,0,,,,,1251.504488339502,0.0005016671,696.6101383655085,0.00049941055,-0.020784836,-0.025293482
2182.259786578908,7952.796,5.3281493,-0.00085325615,137491,1251.5050798385496,696.6121244422009,7111.1055,4.6394663,1196.9688,1.487462,7952.796,5.3281493,0,,,,,1251.5050798385496,0.0005017488,696.6121244422009,0.00049952144,-0.021120494,-0.024479399
2182.266731098385,7948.8745,5.3248,-0.00085317803,137492,1251.506334071819,696.6104976966791,7106.936,4.63655,1198.8987,1.4870976,7948.8745,5.3248,0,,,,,1251.506334071819,0.0005020063,696.6104976966791,0.0004991396,-0.019261988,-0.02498436
2182.273675617862,7950.0337,5.3266115,-0.0008530999,137493,1251.5037608474654,696.6116742139346,7109.0005,4.6381273,1199.7412,1.4878626,7950.0337,5.3266115,0,,,,,1251.5037608474654,0.00050136616,696.6116742139346,0.00049959094,-0.02245025,-0.024988579
2182.280620137282,7959.719,5.327569,-0.00085302186,137494,1251.5046701693807,696.6099083902444,7117.897,4.6389613,1198.7578,1.4862657,7959.719,5.327569,0,,,,,1251.5046701693807,0.0005010002,696.6099083902444,0.00049865735,-0.021528736,-0.026033191
2182.2875646567604,7947.487,5.32348,-0.00085294375,137495,1251.5066944925418,696.6105639156908,7107.521,4.635401,1197.2231,1.4862489,7947.487,5.32348,0,,,,,1251.5066944925418,0.00050158816,696.6105639156908,0.00049913535,-0.019058779,-0.024769582
2182.294509176237,7951.0454,5.3250237,-0.00085286563,137496,1251.5041419695788,696.6109230414486,7109.656,4.636745,1198.2303,1.4858164,7951.0454,5.3250237,0,,,,,1251.5041419695788,0.0005014485,696.6109230414486,0.0004990538,-0.021799788,-0.02519146
2182.3014536956566,7951.767,5.3254385,-0.0008527876,137497,1251.5055150162218,696.6110317202304,7111.1587,4.637106,1198.0626,1.4861276,7951.767,5.3254385,0,,,,,1251.5055150162218,0.00050122297,696.6110317202304,0.0004991312,-0.02093237,-0.023890812
2182.3083982151343,7953.159,5.3247924,-0.00085270946,137498,1251.504648777205,696.6098858983217,7112.3203,4.6365433,1196.7084,1.4852202,7953.159,5.3247924,0,,,,,1251.504648777205,0.0005012317,696.6098858983217,0.0004989705,-0.02077329,-0.024893565
2182.315342734613,7959.13,5.3276634,-0.00085263135,137499,1251.5056397853316,696.6108529701668,7116.8745,4.6390433,1198.6482,1.4862609,7959.13,5.3276634,0,,,,,1251.5056397853316,0.0005015827,696.6108529701668,0.0004987537,-0.020374095,-0.025726816
2182.322287254032,7951.3296,5.3249907,-0.0008525533,137500,1251.505335266961,696.611358794162,7110.6025,4.636716,1197.434,1.4860151,7951.3296,5.3249907,0,,,,,1251.505335266961,0.0005011346,696.611358794162,0.0004990985,-0.021310445,-0.023960609
2182.329231773509,7946.975,5.325087,-0.0008524752,137501,1251.503866910659,696.6110733966783,7107.1885,4.6368003,1199.0146,1.486263,7946.975,5.325087,0,,,,,1251.503866910659,0.00050141686,696.6110733966783,0.00049952586,-0.02110801,-0.025500676
2182.3361762929876,7949.9346,5.325904,-0.00085239706,137502,1251.5038939642786,696.6095497087402,7109.6226,4.6375113,1198.7909,1.4894855,7949.9346,5.325904,0,,,,,1251.5038939642786,0.0005015842,696.6095497087402,0.0004992838,-0.02127037,-0.026408063
2182.3431208124653,7955.986,5.325802,-0.00085231895,137503,1251.5048629060177,696.6108428617277,7114.518,4.6374226,1196.8794,1.485714,7955.986,5.325802,0,,,,,1251.5048629060177,0.00050092506,696.6108428617277,0.000499083,-0.02027185,-0.024913158
2182.350065331884,7950.416,5.3255506,-0.0008522409,137504,1251.504945570345,696.6105723844977,7108.6694,4.6372037,1199.769,1.4865128,7950.416,5.3255506,0,,,,,1251.504945570345,0.000501597,696.6105723844977,0.0004992016,-0.020765234,-0.025306987
2182.357009851362,7958.4365,5.3277373,-0.0008521628,137505,1251.5038820408301,696.6112866699284,7115.0947,4.6391077,1197.1656,1.4872772,7958.4365,5.3277373,0,,,,,1251.5038820408301,0.00050169555,696.6112866699284,0.00049921375,-0.020949444,-0.024516532
2182.36395437084,7964.8647,5.3280087,-0.00085208466,137506,1251.5054563006993,696.6101968106232,7122.047,4.6393437,1195.9064,1.4857681,7964.8647,5.3280087,0,,,,,1251.5054563006993,0.00050083606,696.6101968106232,0.00049874396,-0.020981949,-0.025757758
2182.3708988902586,7958.887,5.3272653,-0.0008520066,137507,1251.5041510081503,696.6111476031706,7117.595,4.6386967,1198.9523,1.4856255,7958.887,5.3272653,0,,,,,1251.5041510081503,0.00050099875,696.6111476031706,0.00049884093,-0.021815082,-0.024569236
2182.377843409736,7959.014,5.331903,-0.0008519285,137508,1251.5036557029066,696.610932283041,7115.7466,4.6427345,1198.9161,1.490263,7959.014,5.331903,0,,,,,1251.5036557029066,0.000501404,696.610932283041,0.00049961044,-0.021744436,-0.023949154
2182.384787929214,7955.874,5.327546,-0.0008518504,137509,1251.5050328073623,696.6104021740908,7115.5493,4.6389413,1198.9873,1.4896822,7955.874,5.327546,0,,,,,1251.5050328073623,0.0005010326,696.6104021740908,0.0004987843,-0.021142721,-0.024922086
2182.3917324486924,7958.581,5.3276024,-0.00085177226,137510,1251.504583099644,696.6118876878442,7117.395,4.6389904,1200.2661,1.487295,7958.581,5.3276024,0,,,,,1251.504583099644,0.0005008133,696.6118876878442,0.00049892435,-0.021885723,-0.02445095
2182.398676968112,7941.467,5.323329,-0.0008516942,137511,1251.5051092017432,696.6101668015489,7102.6084,4.635269,1199.1284,1.4864112,7941.467,5.323329,0,,,,,1251.5051092017432,0.00050167745,696.6101668015489,0.0004995643,-0.02075027,-0.024944982
2182.4056214875895,7956.7456,5.3272824,-0.0008516161,137512,1251.5047807498527,696.6109856886159,7115.2905,4.6387115,1199.3783,1.4865553,7956.7456,5.3272824,0,,,,,1251.5047807498527,0.0005015383,696.6109856886159,0.00049895694,-0.021210346,-0.02455514
2182.412566007067,7956.5405,5.3278966,-0.000851538,137513,1251.5055558877987,696.6100655032935,7115.603,4.6392465,1200.5653,1.4873255,7956.5405,5.3278966,0,,,,,1251.5055558877987,0.0005011337,696.6100655032935,0.00049895636,-0.020124633,-0.025719237
2182.419510526545,7953.0493,5.3265934,-0.00085145986,137514,1251.5049454803768,696.6110918783611,7112.7593,4.638112,1198.41,1.4885371,7953.0493,5.3265934,0,,,,,1251.5049454803768,0.0005013413,696.6110918783611,0.0004990134,-0.020830913,-0.02452902
2182.4264550460216,7947.4067,5.3258986,-0.00085138174,137515,1251.5052743842125,696.6123880694228,7106.839,4.6375065,1201.9476,1.4870818,7947.4067,5.3258986,0,,,,,1251.5052743842125,0.0005021393,696.6123880694228,0.00049931754,-0.020068774,-0.0236379
2182.4333995654415,7955.5977,5.328392,-0.0008513037,137516,1251.5047942457038,696.6104550488195,7111.368,4.639678,1198.3909,1.4872644,7955.5977,5.328392,0,,,,,1251.5047942457038,0.00050208316,696.6104550488195,0.00049979024,-0.021601139,-0.025827533
2182.4403440849196,7956.124,5.328393,-0.0008512256,137517,1251.5042862999164,696.6120835522594,7113.754,4.6396785,1198.1162,1.488155,7956.124,5.328393,0,,,,,1251.5042862999164,0.0005013916,696.6120835522594,0.0004994885,-0.020798171,-0.024316953
2182.4472886043973,7950.82,5.328289,-0.00085114746,137518,1251.5050246668247,696.610647136509,7109.728,4.639588,1198.599,1.4873248,7950.82,5.328289,0,,,,,1251.5050246668247,0.00050171727,696.610647136509,0.0004998451,-0.020636067,-0.024886016
2182.454233123876,7959.6416,5.3273835,-0.00085106934,137519,1251.5042912624156,696.6105608848083,7116.5854,4.6387997,1198.216,1.4874922,7959.6416,5.3273835,0,,,,,1251.5042912624156,0.0005012685,696.6105608848083,0.0004990044,-0.021433763,-0.023964837
2182.461177643295,7953.9004,5.3327427,-0.0008509913,137520,1251.5066154815647,696.6107203932097,7112.288,4.6434665,1200.3755,1.4932799,7953.9004,5.3327427,0,,,,,1251.5066154815647,0.00050262996,696.6107203932097,0.000499813,-0.020265272,-0.024538686
2182.468122162772,7954.417,5.32914,-0.0008509132,137521,1251.5040643884834,696.6105860592679,7110.95,4.6403294,1200.1373,1.4898199,7954.417,5.32914,0,,,,,1251.5040643884834,0.00050183746,696.6105860592679,0.0004995012,-0.021670556,-0.023938574
2182.4750666822497,7944.677,5.3250284,-0.00085083506,137522,1251.5035430374671,696.6107789691705,7105.414,4.636749,1199.1235,1.4889075,7944.677,5.3250284,0,,,,,1251.5035430374671,0.0005013755,696.6107789691705,0.0004993791,-0.021361772,-0.024729578
2182.4820112017273,7954.542,5.3293242,-0.00085075694,137523,1251.5055469702345,696.6108873605177,7113.389,4.6404896,1199.698,1.4868882,7954.542,5.3293242,0,,,,,1251.5055469702345,0.0005014525,696.6108873605177,0.0004994728,-0.020586379,-0.024766969
2182.488955721205,7942.8984,5.327234,-0.0008506788,137524,1251.5039886704044,696.6112593470159,7101.4805,4.6386695,1200.9142,1.4893403,7942.8984,5.327234,0,,,,,1251.5039886704044,0.0005019899,696.6112593470159,0.00050026836,-0.02154141,-0.02404991
2182.4959002406245,7954.507,5.329387,-0.0008506008,137525,1251.506475167843,696.6108313286273,7112.1714,4.6405444,1201.0535,1.4905128,7954.507,5.329387,0,,,,,1251.506475167843,0.0005018298,696.6108313286273,0.0004996308,-0.019643676,-0.024965167
2182.502844760101,7953.8066,5.3266754,-0.00085052266,137526,1251.5037788694008,696.6095742582315,7113.205,4.6381826,1200.4359,1.4875896,7953.8066,5.3266754,0,,,,,1251.5037788694008,0.0005012719,696.6095742582315,0.0004991779,-0.021932025,-0.02596961
2182.5097892795798,7945.01,5.3249373,-0.00085044454,137527,1251.5043791382768,696.6109082472752,7104.967,4.636669,1200.4296,1.4874798,7945.01,5.3249373,0,,,,,1251.5043791382768,0.0005019777,696.6109082472752,0.00049951364,-0.021626199,-0.025365971
2182.516733799058,7952.138,5.3278937,-0.0008503664,137528,1251.5052831183207,696.6114458572283,7109.882,4.639244,1201.5314,1.4907323,7952.138,5.3278937,0,,,,,1251.5052831183207,0.0005019532,696.6114458572283,0.0004993394,-0.020546446,-0.023962721
2182.523678318535,7954.057,5.329488,-0.0008502883,137529,1251.5046181917485,696.6109954055471,7110.821,4.6406317,1199.7249,1.4903121,7954.057,5.329488,0,,,,,1251.5046181917485,0.0005019147,696.6109954055471,0.0004995504,-0.021695638,-0.025092782
2182.5306228379554,7953.8867,5.3284674,-0.00085021026,137530,1251.5050000176484,696.6114267058277,7113.359,4.639743,1203.8522,1.4881465,7953.8867,5.3284674,0,,,,,1251.5050000176484,0.0005015826,696.6114267058277,0.00049911736,-0.020962782,-0.024275606
2182.5375673574326,7951.6826,5.325284,-0.00085013214,137531,1251.5039921785838,696.6109412339404,7110.7856,4.6369715,1199.5276,1.4853266,7951.6826,5.325284,0,,,,,1251.5039921785838,0.00050138135,696.6109412339404,0.00049915846,-0.022013143,-0.02494273
2182.54451187691,7952.8477,5.327139,-0.000850054,137532,1251.5050655500422,696.6110500018476,7111.894,4.6385865,1201.8762,1.4872066,7952.8477,5.327139,0,,,,,1251.5050655500422,0.00050159317,696.6110500018476,0.00049916154,-0.021364635,-0.024076317
2182.5514563963875,7953.386,5.3269534,-0.0008499759,137533,1251.5048170972498,696.6103245060059,7111.2153,4.638425,1201.1962,1.4878459,7953.386,5.3269534,0,,,,,1251.5048170972498,0.00050188974,696.6103245060059,0.00049913756,-0.021610158,-0.024809642
2182.558400915807,7961.814,5.3285794,-0.00084989786,137534,1251.5055562113496,696.6100492040157,7119.1885,4.6398406,1199.2283,1.4872876,7961.814,5.3285794,0,,,,,1251.5055562113496,0.00050137436,696.6100492040157,0.00049912307,-0.020121247,-0.024671247
2182.5653454352855,7956.0933,5.327688,-0.00084981974,137535,1251.504358311915,696.6101410205623,7112.9336,4.639065,1200.1365,1.4884802,7956.0933,5.327688,0,,,,,1251.504358311915,0.00050158973,696.6101410205623,0.0004995831,-0.021408923,-0.025188148
2182.5722899547627,7952.6963,5.3313146,-0.0008497416,137536,1251.5054563659326,696.6096071900259,7111.322,4.6422224,1202.0059,1.4937704,7952.6963,5.3313146,0,,,,,1251.5054563659326,0.00050242414,696.6096071900259,0.0004995454,-0.020690579,-0.026238406
2182.57923447424,7953.1504,5.328028,-0.0008496635,137537,1251.5036917649857,696.611782143055,7112.269,4.639361,1200.6414,1.4881428,7953.1504,5.328028,0,,,,,1251.5036917649857,0.00050165976,696.611782143055,0.00049938745,-0.021781327,-0.0238297
2182.5861789937185,7958.1665,5.328772,-0.0008495854,137538,1251.5053835081735,696.6111818322281,7114.21,4.640009,1199.091,1.4872329,7958.1665,5.328772,0,,,,,1251.5053835081735,0.0005023343,696.6111818322281,0.0004995474,-0.020293584,-0.024891779
2182.5931235131375,7954.4043,5.3256273,-0.00084950734,137539,1251.5056996590372,696.6113006714987,7112.037,4.6372705,1198.8212,1.486079,7954.4043,5.3256273,0,,,,,1251.5056996590372,0.0005014403,696.6113006714987,0.0004990032,-0.020154886,-0.024407515
2182.6000680326147,7954.072,5.3271203,-0.0008494292,137540,1251.5030304166703,696.6108664727708,7112.622,4.6385703,1199.7908,1.4869641,7954.072,5.3271203,0,,,,,1251.5030304166703,0.0005013654,696.6108664727708,0.00049935706,-0.023299322,-0.025053747
2182.6070125520932,7953.0093,5.3274627,-0.0008493511,137541,1251.5036822291722,696.6097107584618,7111.996,4.638869,1203.4005,1.4886086,7953.0093,5.3274627,0,,,,,1251.5036822291722,0.0005013391,696.6097107584618,0.0004990998,-0.02163204,-0.025141476
2182.6139570715704,7952.5225,5.3307767,-0.000849273,137542,1251.504314697645,696.6108383825234,7111.5103,4.641754,1202.7498,1.4903387,7952.5225,5.3307767,0,,,,,1251.504314697645,0.00050151814,696.6108383825234,0.0004995975,-0.021404844,-0.024661135
2182.62090159099,7961.0347,5.329493,-0.00084919494,137543,1251.5052431928725,696.6108927232167,7118.4023,4.6406364,1201.0862,1.487315,7961.0347,5.329493,0,,,,,1251.5052431928725,0.0005011009,696.6108927232167,0.00049933494,-0.02016741,-0.024356246
2182.6278461104675,7952.967,5.3289146,-0.0008491168,137544,1251.5041117724074,696.6100521945308,7112.0264,4.640133,1201.7736,1.4906931,7952.967,5.3289146,0,,,,,1251.5041117724074,0.0005012975,696.6100521945308,0.0004991995,-0.021850001,-0.02629361
2182.6347906299457,7952.9077,5.32771,-0.0008490387,137545,1251.5037196563296,696.6123501766726,7110.9395,4.639084,1200.5825,1.4868513,7952.9077,5.32771,0,,,,,1251.5037196563296,0.00050136296,696.6123501766726,0.00049975404,-0.021677863,-0.023540856
2182.6417351494238,7946.5947,5.33097,-0.0008489606,137546,1251.5049720691436,696.6104066444422,7105.5522,4.6419225,1201.088,1.4920493,7946.5947,5.33097,0,,,,,1251.5049720691436,0.0005021419,696.6104066444422,0.0005003601,-0.021650773,-0.025199167
2182.6486796688423,7949.2217,5.3250794,-0.00084888254,137547,1251.5044347470814,696.6103153414693,7107.753,4.6367936,1199.5182,1.4869494,7949.2217,5.3250794,0,,,,,1251.5044347470814,0.0005017111,696.6103153414693,0.0004994075,-0.021197185,-0.024939949
2182.6556241883195,7958.357,5.327653,-0.0008488044,137548,1251.5051791231065,696.6115367041389,7115.7773,4.6390343,1201.3977,1.4873438,7958.357,5.327653,0,,,,,1251.5051791231065,0.0005012302,696.6115367041389,0.00049917464,-0.01985322,-0.024026962
2182.662568707798,7957.529,5.330524,-0.0008487263,137549,1251.504886166575,696.6095368522035,7115.2197,4.641534,1202.5736,1.4902662,7957.529,5.330524,0,,,,,1251.504886166575,0.0005018761,696.6095368522035,0.0004995957,-0.021394806,-0.026409185
2182.6695132272753,7960.378,5.327856,-0.0008486482,137550,1251.50398252103,696.6125618740067,7116.706,4.6392107,1200.3412,1.486233,7960.378,5.327856,0,,,,,1251.50398252103,0.00050148315,696.6125618740067,0.0004991687,-0.021251181,-0.023346147
2182.6764577466947,7960.954,5.3337207,-0.00084857014,137551,1251.503719363741,696.6089891767455,7118.643,4.6443176,1201.6715,1.4898422,7960.954,5.3337207,0,,,,,1251.503719363741,0.0005013669,696.6089891767455,0.00049996265,-0.022551043,-0.02649028
2182.683402266173,7944.0767,5.3257346,-0.000848492,137552,1251.5040958209536,696.6118792405459,7101.817,4.637364,1201.6029,1.4888431,7944.0767,5.3257346,0,,,,,1251.5040958209536,0.0005025536,696.6118792405459,0.000499756,-0.020890616,-0.024515582
2182.6903467856514,7951.2656,5.3271265,-0.0008484139,137553,1251.5053400442343,696.6118885329498,7107.236,4.638576,1201.4138,1.4878513,7951.2656,5.3271265,0,,,,,1251.5053400442343,0.00050187163,696.6118885329498,0.00049940083,-0.019823484,-0.023573913
2182.6972913050704,7965.732,5.3321204,-0.00084833585,137554,1251.503042079773,696.6093351121389,7122.645,4.6429243,1200.5865,1.4880494,7965.732,5.3321204,0,,,,,1251.503042079773,0.00050108973,696.6093351121389,0.0004991126,-0.022614589,-0.025660545
2182.704235824547,7955.3735,5.3285027,-0.00084825774,137555,1251.5049943158363,696.6101465228566,7114.6606,4.639774,1202.7153,1.4881716,7955.3735,5.3285027,0,,,,,1251.5049943158363,0.0005010516,696.6101465228566,0.0004994082,-0.021729471,-0.024912985
2182.7111803440253,7951.2686,5.326798,-0.0008481796,137556,1251.5060138428191,696.61080230986,7109.902,4.6382895,1200.9612,1.4886974,7951.2686,5.326798,0,,,,,1251.5060138428191,0.00050153077,696.61080230986,0.00049926015,-0.020417474,-0.024895864
2182.718124863445,7953.8276,5.327681,-0.00084810157,137557,1251.5041145149528,696.6108190999324,7112.068,4.6390586,1201.801,1.4884037,7953.8276,5.327681,0,,,,,1251.5041145149528,0.0005015969,696.6108190999324,0.0004992505,-0.021932317,-0.023775872
2182.725069382922,7949.2773,5.3255253,-0.00084802345,137558,1251.5044362249466,696.611034359008,7107.4844,4.6371813,1202.015,1.487115,7949.2773,5.3255253,0,,,,,1251.5044362249466,0.00050189265,696.611034359008,0.0004995385,-0.02136196,-0.02400103
2182.7320139024,7949.2393,5.3265405,-0.00084794534,137559,1251.5056865916454,696.6109344392439,7107.0283,4.638066,1203.2045,1.4890019,7949.2393,5.3265405,0,,,,,1251.5056865916454,0.00050208566,696.6109344392439,0.0004993835,-0.020434521,-0.024414388
2182.7389584218204,7961.435,5.3297586,-0.0008478673,137560,1251.503003618524,696.6111123694385,7119.4604,4.6408677,1201.8055,1.4880966,7961.435,5.3297586,0,,,,,1251.503003618524,0.00050088804,696.6111123694385,0.0004991544,-0.022917727,-0.024689805
2182.745902941298,7950.7227,5.3258066,-0.00084778917,137561,1251.5050292616424,696.6124640170531,7108.3604,4.6374264,1201.8009,1.4870934,7950.7227,5.3258066,0,,,,,1251.5050292616424,0.0005015621,696.6124640170531,0.0004993656,-0.020175789,-0.022770796
2182.7528474607752,7952.6763,5.328016,-0.00084771105,137562,1251.5031540004059,696.6099508768446,7111.4614,4.63935,1202.1161,1.4877002,7952.6763,5.328016,0,,,,,1251.5031540004059,0.0005014771,696.6099508768446,0.00049974286,-0.022530915,-0.02583348
2182.759791980194,7950.2114,5.328512,-0.000847633,137563,1251.5052053062925,696.6123035689315,7107.7437,4.639782,1205.3247,1.4907548,7950.2114,5.328512,0,,,,,1251.5052053062925,0.0005020259,696.6123035689315,0.0004994516,-0.020137953,-0.022349194
2182.766736499673,7955.6978,5.3284364,-0.0008475549,137564,1251.502276066802,696.6093570030614,7114.4707,4.639716,1202.7037,1.4892251,7955.6978,5.3284364,0,,,,,1251.502276066802,0.0005010889,696.6093570030614,0.00049951323,-0.024085676,-0.026737299
2182.77368101915,7959.449,5.3309793,-0.00084747677,137565,1251.5050052394174,696.6116595924933,7117.478,4.6419306,1202.9371,1.4925122,7959.449,5.3309793,0,,,,,1251.5050052394174,0.00050135487,696.6116595924933,0.00049903244,-0.02010676,-0.024811964
2182.7806255385685,7955.9453,5.3286824,-0.0008473987,137566,1251.5028442731737,696.6113363057217,7113.1016,4.6399307,1202.8823,1.4897205,7955.9453,5.3286824,0,,,,,1251.5028442731737,0.000501556,696.6113363057217,0.000499447,-0.02284943,-0.024373937
2182.7875700580466,7944.112,5.3273106,-0.0008473206,137567,1251.5049059811333,696.6095946871047,7103.129,4.6387362,1202.8022,1.4925551,7944.112,5.3273106,0,,,,,1251.5049059811333,0.00050221995,696.6095946871047,0.00049966347,-0.020400831,-0.025296712
2182.794514577467,7956.0728,5.3323355,-0.00084724254,137568,1251.5029797542106,696.6112377369435,7113.7793,4.643111,1202.6161,1.4898268,7956.0728,5.3323355,0,,,,,1251.5029797542106,0.0005016677,696.6112377369435,0.00049963343,-0.021950785,-0.024725707
2182.8014590969447,7959.0713,5.3307905,-0.0008471644,137569,1251.5057764489827,696.6099326917638,7117.1763,4.641766,1200.4099,1.4900969,7959.0713,5.3307905,0,,,,,1251.5057764489827,0.000501141,696.6099326917638,0.00049939635,-0.019894192,-0.024912355
2182.808403616364,7958.6304,5.329711,-0.00084708637,137570,1251.5044094308353,696.6107418792973,7116.337,4.640826,1201.6204,1.4906797,7958.6304,5.329711,0,,,,,1251.5044094308353,0.00050128344,696.6107418792973,0.0004990233,-0.022155583,-0.023685867
2182.8153481358418,7958.872,5.3299813,-0.00084700825,137571,1251.503978924638,696.6103013991827,7115.2476,4.6410613,1202.5864,1.4890659,7958.872,5.3299813,0,,,,,1251.503978924638,0.0005020915,696.6103013991827,0.00049987,-0.021346081,-0.026049199
2182.822292655261,7960.8896,5.330675,-0.0008469302,137572,1251.5044043072476,696.6114213092904,7118.0547,4.6416655,1204.4255,1.4894948,7960.8896,5.330675,0,,,,,1251.5044043072476,0.00050158007,696.6114213092904,0.0004989922,-0.021468045,-0.024079362
2182.8292371747384,7949.4585,5.332015,-0.0008468521,137573,1251.5052410443495,696.6110750183918,7108.855,4.6428323,1204.0299,1.4932778,7949.4585,5.332015,0,,,,,1251.5052410443495,0.0005017822,696.6110750183918,0.0004997679,-0.021085298,-0.023667276
2182.8361816942156,7957.2324,5.3293457,-0.00084677397,137574,1251.5034114172975,696.6108645294291,7114.84,4.640508,1204.1749,1.4884864,7957.2324,5.3293457,0,,,,,1251.5034114172975,0.00050101883,696.6108645294291,0.0004993487,-0.02293937,-0.024612686
2182.843126213636,7958.505,5.3282433,-0.0008466959,137575,1251.505071559573,696.6116327328562,7115.708,4.6395483,1202.3081,1.487559,7958.505,5.3282433,0,,,,,1251.505071559573,0.00050140196,696.6116327328562,0.00049921754,-0.020943139,-0.024027428
2182.8500707330554,7953.931,5.330848,-0.00084661786,137576,1251.5051605712854,696.61265295379,7111.628,4.641816,1204.9055,1.4921358,7953.931,5.330848,0,,,,,1251.5051605712854,0.00050170213,696.61265295379,0.0004996707,-0.020696241,-0.023293294
2182.857015252533,7952.5757,5.331109,-0.00084653974,137577,1251.5031966445063,696.6110734330571,7110.5894,4.6420436,1206.3423,1.4913343,7952.5757,5.331109,0,,,,,1251.5031966445063,0.00050226017,696.6110734330571,0.00049957086,-0.02248941,-0.024954062
2182.8639597719525,7956.939,5.3310122,-0.0008464617,137578,1251.5037633340694,696.6120065643572,7114.76,4.6419597,1206.0623,1.4897616,7956.939,5.3310122,0,,,,,1251.5037633340694,0.0005021872,696.6120065643572,0.0004988577,-0.02171387,-0.023968427
2182.87090429143,7942.9727,5.324783,-0.00084638357,137579,1251.5053654120047,696.6106973757765,7102.6836,4.636535,1204.2563,1.488105,7942.9727,5.324783,0,,,,,1251.5053654120047,0.0005020976,696.6106973757765,0.0004995641,-0.02096708,-0.025311813
2182.8778488108496,7955.58,5.331213,-0.0008463055,137580,1251.504658369711,696.6105793316316,7112.341,4.642134,1206.5576,1.4919156,7955.58,5.331213,0,,,,,1251.504658369711,0.0005021302,696.6105793316316,0.0004998735,-0.021648878,-0.025186446
2182.8847933303273,7950.049,5.3284264,-0.0008462274,137581,1251.5053643851256,696.6115439676546,7108.3247,4.6397076,1205.6907,1.489808,7950.049,5.3284264,0,,,,,1251.5053643851256,0.00050189707,696.6115439676546,0.00049951044,-0.020403158,-0.023640888
2182.8917378497467,7941.325,5.32733,-0.00084614934,137582,1251.5038106325926,696.6108505036051,7100.8013,4.638753,1207.0145,1.4899366,7941.325,5.32733,0,,,,,1251.5038106325926,0.0005024202,696.6108505036051,0.00050010293,-0.02182656,-0.025629187
2182.898682369166,7956.5005,5.329266,-0.0008460713,137583,1251.5040450690594,696.6099820468309,7114.878,4.6404386,1204.9354,1.4887289,7956.5005,5.329266,0,,,,,1251.5040450690594,0.0005013557,696.6099820468309,0.0004992943,-0.02186638,-0.025636502
2182.905626888644,7950.123,5.3272934,-0.00084599317,137584,1251.50490319962,696.6121668494553,7108.054,4.638721,1203.507,1.4889923,7950.123,5.3272934,0,,,,,1251.50490319962,0.0005018211,696.6121668494553,0.0004996565,-0.021187821,-0.02446769
2182.9125714080637,7961.9233,5.33178,-0.0008459151,137585,1251.5043714827261,696.6118470977059,7118.6567,4.6426277,1205.053,1.4924852,7961.9233,5.33178,0,,,,,1251.5043714827261,0.0005014404,696.6118470977059,0.0004991342,-0.021667857,-0.023968173
2182.9195159274836,7957.554,5.33032,-0.00084583706,137586,1251.5067442575105,696.6107404071271,7115.114,4.6413565,1205.5254,1.4903425,7957.554,5.33032,0,,,,,1251.5067442575105,0.00050181075,696.6107404071271,0.0004993827,-0.01974238,-0.024744935
2182.9264604469604,7945.6943,5.327254,-0.00084575894,137587,1251.5054496448217,696.6116599785538,7102.568,4.6386867,1206.0312,1.4909297,7945.6943,5.327254,0,,,,,1251.5054496448217,0.0005020721,696.6116599785538,0.0004997398,-0.021065418,-0.022669775
2182.93340496638,7949.3276,5.3277574,-0.0008456809,137588,1251.503606191638,696.6099278149034,7107.5127,4.639125,1206.2736,1.4895128,7949.3276,5.3277574,0,,,,,1251.503606191638,0.00050163217,696.6099278149034,0.0004996776,-0.022989608,-0.02538514
2182.9403494857993,7950.8613,5.3295426,-0.00084560283,137589,1251.5045596595983,696.611853874986,7108.7354,4.64068,1205.7983,1.4906166,7950.8613,5.3295426,0,,,,,1251.5045596595983,0.0005018819,696.611853874986,0.0004998063,-0.021445915,-0.02342538
2182.947294005277,7946.5996,5.32805,-0.0008455247,137590,1251.503745336922,696.6111828546759,7104.0073,4.63938,1206.5773,1.4912264,7946.5996,5.32805,0,,,,,1251.503745336922,0.00050248177,696.6111828546759,0.0005000428,-0.021622345,-0.025190348
2182.9542385246964,7956.4346,5.3296742,-0.00084544666,137591,1251.5036165496076,696.6106448923836,7114.7197,4.6407943,1206.2795,1.4893655,7956.4346,5.3296742,0,,,,,1251.5036165496076,0.0005012395,696.6106448923836,0.0004992641,-0.0217703,-0.025102787
2182.9611830441168,7948.8325,5.3294907,-0.0008453686,137592,1251.5044974857165,696.6110475344183,7106.6636,4.6406345,1207.5027,1.4940172,7948.8325,5.3294907,0,,,,,1251.5044974857165,0.00050198013,696.6110475344183,0.0004995922,-0.021574048,-0.02441084
2182.968127563536,7954.334,5.3327785,-0.00084529055,137593,1251.5060914656322,696.6119528794525,7109.231,4.643497,1207.6404,1.4952884,7954.334,5.3327785,0,,,,,1251.5060914656322,0.00050253235,696.6119528794525,0.0005001913,-0.019880146,-0.023464805
2182.9750720829556,7957.3887,5.3322263,-0.0008452125,137594,1251.5027538203635,696.6107360767431,7113.904,4.643017,1207.6711,1.4947579,7957.3887,5.3322263,0,,,,,1251.5027538203635,0.0005016577,696.6107360767431,0.00049951853,-0.023545586,-0.024935003
2182.9820166024324,7947.8096,5.3295846,-0.0008451344,137595,1251.5044826289884,696.6109981373927,7105.7817,4.640716,1208.2197,1.4939826,7947.8096,5.3295846,0,,,,,1251.5044826289884,0.00050213863,696.6109981373927,0.0004998399,-0.02184113,-0.024496717
2182.9889611218523,7950.7065,5.3290315,-0.0008450563,137596,1251.5047340298659,696.6115295180886,7109.2793,4.640234,1207.7992,1.4900323,7950.7065,5.3290315,0,,,,,1251.5047340298659,0.00050185056,696.6115295180886,0.0004993724,-0.021327157,-0.023706894
2182.995905641272,7948.017,5.329494,-0.00084497826,137597,1251.5050216209397,696.6114378429248,7105.6763,4.640637,1208.3284,1.4926416,7948.017,5.329494,0,,,,,1251.5050216209397,0.00050228066,696.6114378429248,0.00049972534,-0.021522619,-0.023215951
2183.0028501606907,7960.8267,5.333047,-0.0008449002,137598,1251.5035444690373,696.6115693940321,7118.037,4.643731,1206.8679,1.4905529,7960.8267,5.333047,0,,,,,1251.5035444690373,0.00050128694,696.6115693940321,0.00049956713,-0.022444695,-0.024402134
2183.00979468011,7952.672,5.3283896,-0.00084482215,137599,1251.504465894885,696.6095860202703,7109.867,4.6396756,1205.7218,1.4893514,7952.672,5.3283896,0,,,,,1251.504465894885,0.00050178205,696.6095860202703,0.00049984525,-0.021282192,-0.025352737
2183.01673919953,7946.469,5.3315654,-0.0008447441,137600,1251.5031931789727,696.6111153855358,7104.7266,4.642441,1207.1538,1.4924977,7946.469,5.3315654,0,,,,,1251.5031931789727,0.00050229614,696.6111153855358,0.00050042133,-0.022192208,-0.02434098
2183.02368371895,7949.926,5.330317,-0.00084466604,137601,1251.5054675802203,696.6118349704742,7107.9336,4.6413536,1209.9504,1.4905778,7949.926,5.330317,0,,,,,1251.5054675802203,0.00050241663,696.6118349704742,0.0004995575,-0.021041758,-0.023249988
2183.0306282383694,7948.8184,5.329934,-0.000844588,137602,1251.5052013747195,696.6105660066155,7105.7783,4.6410203,1210.3373,1.4932488,7948.8184,5.329934,0,,,,,1251.5052013747195,0.0005018765,696.6105660066155,0.0005000104,-0.021828901,-0.02509498
2183.037572757789,7950.955,5.329845,-0.0008445099,137603,1251.5034017292032,696.6133338718606,7107.0776,4.640943,1207.9583,1.4921359,7950.955,5.329845,0,,,,,1251.5034017292032,0.0005021237,696.6133338718606,0.0004999114,-0.022315636,-0.021551894
2183.0445172772083,7955.924,5.3299108,-0.00084443187,137604,1251.5054243375464,696.6115614875463,7113.3623,4.6410003,1207.8345,1.4896764,7955.924,5.3299108,0,,,,,1251.5054243375464,0.00050175365,696.6115614875463,0.0004998865,-0.020558573,-0.02494144
2183.051461796628,7957.038,5.3330407,-0.0008443538,137605,1251.504266868441,696.6086181017051,7115.088,4.643726,1205.2147,1.4934816,7957.038,5.3330407,0,,,,,1251.504266868441,0.000501806,696.6086181017051,0.0004996457,-0.022400955,-0.026212668
2183.0584063160463,7949.6475,5.329024,-0.00084427575,137606,1251.5037675883639,696.6114513601515,7106.173,4.6402273,1209.3691,1.4907928,7949.6475,5.329024,0,,,,,1251.5037675883639,0.00050229224,696.6114513601515,0.00050006213,-0.022087382,-0.024283927
2183.0653508354667,7955.32,5.3305244,-0.0008441977,137607,1251.5044567536893,696.610725814836,7112.264,4.641535,1208.8243,1.4911839,7955.32,5.3305244,0,,,,,1251.5044567536893,0.00050184556,696.610725814836,0.00049967127,-0.020691222,-0.024384582
2183.0722953548866,7951.778,5.328972,-0.00084411964,137608,1251.5044122234463,696.6104001263928,7108.4233,4.6401825,1207.6931,1.4915845,7951.778,5.328972,0,,,,,1251.5044122234463,0.00050199893,696.6104001263928,0.0004997116,-0.022337964,-0.025132954
2183.0792398743056,7946.387,5.3322115,-0.0008440416,137609,1251.5037514906755,696.6118408105706,7106.0605,4.6430035,1209.3752,1.493102,7946.387,5.3322115,0,,,,,1251.5037514906755,0.00050314656,696.6118408105706,0.0005000136,-0.022996124,-0.02469949
2183.0861843936677,7951.7,5.333013,-0.0008439636,137610,1251.5057883992715,696.6110760294129,7109.867,4.6437016,1208.933,1.4938176,7951.7,5.333013,0,,,,,1251.5057883992715,0.00050250243,696.6110760294129,0.0004997076,-0.021285864,-0.02429272
2183.0931289130867,7950.407,5.331401,-0.00084388553,137611,1251.5052837103665,696.6103705749645,7108.87,4.6422977,1210.7422,1.492152,7950.407,5.331401,0,,,,,1251.5052837103665,0.00050219544,696.6103705749645,0.00049989374,-0.021414492,-0.024918767
2183.1000734325057,7947.0083,5.331325,-0.0008438075,137612,1251.502962868933,696.6108413538756,7104.8257,4.6422315,1211.8235,1.4933814,7947.0083,5.331325,0,,,,,1251.502962868933,0.0005021654,696.6108413538756,0.00050005957,-0.023375839,-0.024087546
2183.107017951925,7948.694,5.3318796,-0.0008437294,137613,1251.5051425787983,696.6119821504667,7106.5205,4.6427145,1211.42,1.4930317,7948.694,5.3318796,0,,,,,1251.5051425787983,0.000502254,696.6119821504667,0.00050022977,-0.021075483,-0.023963924
2183.113962471345,7957.701,5.333641,-0.00084365136,137614,1251.5034165805114,696.6126058341575,7114.3096,4.6442485,1207.2278,1.4914964,7957.701,5.333641,0,,,,,1251.5034165805114,0.0005017785,696.6126058341575,0.00050010544,-0.021941613,-0.022744032
2183.1209069907068,7958.9062,5.334013,-0.00084357336,137615,1251.502940656687,696.6104157806187,7116.0796,4.644572,1210.2612,1.4945855,7958.9062,5.334013,0,,,,,1251.502940656687,0.0005015192,696.6104157806187,0.00049996976,-0.022160754,-0.025066605
2183.1278515101253,7947.3564,5.3305564,-0.0008434953,137616,1251.503584215171,696.6111919482792,7105.5293,4.6415625,1212.2808,1.4935298,7947.3564,5.3305564,0,,,,,1251.503584215171,0.00050206494,696.6111919482792,0.00050013117,-0.021610348,-0.02422826
2183.1347960295448,7947.5747,5.3315997,-0.00084341725,137617,1251.5057459120565,696.6118264343869,7105.5117,4.642471,1213.6628,1.4925234,7947.5747,5.3315997,0,,,,,1251.5057459120565,0.00050258206,696.6118264343869,0.0005000113,-0.019539837,-0.024035437
2183.141740548907,7953.7324,5.3330355,-0.00084333925,137618,1251.5038730608787,696.6115874180786,7110.4443,4.643721,1214.6805,1.4943137,7953.7324,5.3330355,0,,,,,1251.5038730608787,0.0005020338,696.6115874180786,0.00049958477,-0.022651615,-0.023526648
2183.148685068326,7956.882,5.333794,-0.0008432612,137619,1251.5048993570877,696.6116608015337,7112.825,4.6443815,1212.2169,1.4925232,7956.882,5.333794,0,,,,,1251.5048993570877,0.0005030306,696.6116608015337,0.0004993976,-0.021191224,-0.023757324
2183.1556295876867,7947.137,5.329323,-0.0008431832,137620,1251.5049003070867,696.6112490022149,7104.121,4.640488,1211.3315,1.4918587,7947.137,5.329323,0,,,,,1251.5049003070867,0.0005022253,696.6112490022149,0.00050022244,-0.022147922,-0.024036488
2183.162574107107,7952.175,5.331995,-0.00084310514,137621,1251.5042098041476,696.6105007872659,7110.3584,4.6428146,1212.2992,1.493899,7952.175,5.331995,0,,,,,1251.5042098041476,0.0005018045,696.6105007872659,0.00049995224,-0.021899778,-0.02518491
2183.1695186265265,7953.0693,5.3324456,-0.0008430271,137622,1251.504387742799,696.6120970717794,7110.041,4.6432076,1213.6456,1.4942946,7953.0693,5.3324456,0,,,,,1251.504387742799,0.0005021946,696.6120970717794,0.0005001306,-0.021482686,-0.023359781
2183.1764631458877,7949.2744,5.331731,-0.0008429491,137623,1251.5035965983113,696.610650986602,7105.532,4.642585,1212.9454,1.4929377,7949.2744,5.331731,0,,,,,1251.5035965983113,0.0005023155,696.610650986602,0.0005005545,-0.022804044,-0.024592575
2183.183407665248,7946.1904,5.3306513,-0.0008428711,137624,1251.5049034109204,696.6118310654772,7104.3794,4.641645,1212.5916,1.492747,7946.1904,5.3306513,0,,,,,1251.5049034109204,0.0005025504,696.6118310654772,0.0005002099,-0.02148647,-0.02306172
2183.1903521846684,7943.512,5.330189,-0.00084279303,137625,1251.5048154403423,696.6107539354377,7101.766,4.641243,1212.0272,1.492975,7943.512,5.330189,0,,,,,1251.5048154403423,0.00050237426,696.6107539354377,0.00050032494,-0.021135086,-0.024834488
2183.19729670403,7948.6465,5.3307395,-0.00084271503,137626,1251.5050056555656,696.6119023061549,7106.699,4.641722,1211.56,1.4928565,7948.6465,5.3307395,0,,,,,1251.5050056555656,0.00050247123,696.6119023061549,0.0004997636,-0.021040367,-0.023613228
2183.2042412234487,7950.361,5.3327613,-0.000842637,137627,1251.5035522525943,696.6124471815003,7108.115,4.643482,1214.91,1.4941311,7950.361,5.3327613,0,,,,,1251.5035522525943,0.00050234183,696.6124471815003,0.00050018274,-0.022432128,-0.022855071
2183.2111857428094,7952.216,5.3338213,-0.000842559,137628,1251.5048323383455,696.6084898179439,7110.0815,4.644405,1216.525,1.4937853,7952.216,5.3338213,0,,,,,1251.5048323383455,0.0005022284,696.6084898179439,0.0005005217,-0.021670355,-0.026997186
2183.2181302621716,7959.9976,5.3340883,-0.000842481,137629,1251.5048160502,696.6133357832255,7114.136,4.6446376,1216.321,1.4936516,7959.9976,5.3340883,0,,,,,1251.5048160502,0.0005020766,696.6133357832255,0.0004999866,-0.020629404,-0.021867005
2183.225074781591,7949.4355,5.333585,-0.0008424029,137630,1251.5041781684129,696.6100081679604,7106.3467,4.6441994,1214.3531,1.4965591,7949.4355,5.333585,0,,,,,1251.5041781684129,0.00050248153,696.6100081679604,0.00050072937,-0.021284342,-0.025803687
2183.2320193009523,7956.012,5.338355,-0.0008423249,137631,1251.502960805108,696.6115538201792,7112.339,4.648353,1215.2537,1.4965539,7956.012,5.338355,0,,,,,1251.502960805108,0.00050267053,696.6115538201792,0.00050085527,-0.022549285,-0.024351021
2183.2389638203135,7953.6143,5.333309,-0.0008422469,137632,1251.5045207244455,696.6112662912077,7110.2573,4.643959,1214.0367,1.4948533,7953.6143,5.333309,0,,,,,1251.5045207244455,0.0005023114,696.6112662912077,0.0004997521,-0.021797549,-0.02328303
2183.2459083396757,7955.0234,5.33149,-0.0008421689,137633,1251.505227313604,696.6109974319685,7109.069,4.6423755,1212.0841,1.4932778,7955.0234,5.33149,0,,,,,1251.505227313604,0.0005026617,696.6109974319685,0.00050034595,-0.019806158,-0.025437703
2183.2528528590365,7953.015,5.3351226,-0.0008420909,137634,1251.5026988354073,696.6104543228054,7110.765,4.6455383,1215.4752,1.497814,7953.015,5.3351226,0,,,,,1251.5026988354073,0.00050250103,696.6104543228054,0.00050035195,-0.023298303,-0.025375247
2183.2597973784555,7953.687,5.334216,-0.0008420129,137635,1251.503061554529,696.6112166747502,7109.893,4.644749,1215.7081,1.4964932,7953.687,5.334216,0,,,,,1251.503061554529,0.0005020682,696.6112166747502,0.00050021196,-0.023993665,-0.023133304
2183.2667418978176,7956.391,5.33729,-0.0008419349,137636,1251.5051308646723,696.611079599513,7112.5664,4.647425,1214.2927,1.4957966,7956.391,5.33729,0,,,,,1251.5051308646723,0.0005024808,696.611079599513,0.000500491,-0.021782558,-0.02493978
2183.2736864171784,7964.0474,5.3363953,-0.0008418569,137637,1251.5026682345285,696.6117175960569,7119.1924,4.6466465,1215.4644,1.4943328,7964.0474,5.3363953,0,,,,,1251.5026682345285,0.00050199975,696.6117175960569,0.0005000364,-0.022773683,-0.023468696
2183.280630936539,7958.6934,5.3376718,-0.0008417789,137638,1251.5049518819712,696.6106907031309,7115.4536,4.6477585,1215.216,1.4998151,7958.6934,5.3376718,0,,,,,1251.5049518819712,0.00050221157,696.6106907031309,0.00050034403,-0.02148631,-0.024952592
2183.2875754559004,7958.2725,5.33515,-0.0008417009,137639,1251.503543424456,696.6114915936766,7111.6777,4.645562,1216.286,1.4955865,7958.2725,5.33515,0,,,,,1251.503543424456,0.000502748,696.6114915936766,0.0004998092,-0.02274065,-0.023820108
2183.2945199752617,7961.5435,5.338107,-0.0008416229,137640,1251.5030723520638,696.61123308692,7115.62,4.648137,1216.4097,1.4950044,7961.5435,5.338107,0,,,,,1251.5030723520638,0.0005024603,696.61123308692,0.0005004498,-0.022438303,-0.023928296
2183.3014644945656,7955.2183,5.3340006,-0.00084154494,137641,1251.504350702095,696.6110686444322,7110.729,4.6445613,1215.8292,1.494196,7955.2183,5.3340006,0,,,,,1251.504350702095,0.0005024979,696.6110686444322,0.00050041074,-0.020968527,-0.025054943
2183.3084090139264,7945.4897,5.334155,-0.00084146694,137642,1251.5042368924844,696.611047247777,7101.7124,4.6446958,1218.6473,1.5002147,7945.4897,5.334155,0,,,,,1251.5042368924844,0.00050272886,696.611047247777,0.0005006293,-0.022092586,-0.023836693
2183.315353533288,7960.7383,5.338106,-0.00084138894,137643,1251.5032645852589,696.611097560331,7116.052,4.648136,1217.0128,1.4949534,7960.7383,5.338106,0,,,,,1251.5032645852589,0.0005024171,696.611097560331,0.0005007624,-0.022634564,-0.024186358
2183.32229805265,7954.3125,5.3344707,-0.00084131095,137644,1251.5056357257542,696.612184920331,7109.8726,4.6449704,1219.3622,1.4954314,7954.3125,5.3344707,0,,,,,1251.5056357257542,0.00050257903,696.612184920331,0.0005001154,-0.02045976,-0.023109194
2183.32924257201,7955.0327,5.3329806,-0.00084123295,137645,1251.5038478394245,696.6103258825156,7111.8267,4.6436734,1213.5452,1.4929897,7955.0327,5.3329806,0,,,,,1251.5038478394245,0.00050200726,696.6103258825156,0.0004998307,-0.022387791,-0.024704827
2183.336187091371,7958.5938,5.3372555,-0.00084115495,137646,1251.5031406775456,696.6120018571779,7113.4897,4.6473956,1219.473,1.4992933,7958.5938,5.3372555,0,,,,,1251.5031406775456,0.0005023137,696.6120018571779,0.00050010823,-0.022502333,-0.024298606
2183.343131610675,7944.652,5.332031,-0.000841077,137647,1251.5036798206977,696.6110419000179,7099.855,4.642846,1218.7909,1.4962151,7944.652,5.332031,0,,,,,1251.5036798206977,0.0005028803,696.6110419000179,0.0005010224,-0.021372044,-0.023733893
2183.3500761300365,7958.1973,5.335293,-0.000840999,137648,1251.5040937496697,696.6111670876182,7111.647,4.645686,1218.8718,1.4962828,7958.1973,5.335293,0,,,,,1251.5040937496697,0.00050235307,696.6111670876182,0.00050045556,-0.021944916,-0.024801856
2183.3570206493396,7955.6787,5.332734,-0.0008409211,137649,1251.5040504032152,696.6108072062812,7109.6807,4.643459,1216.85,1.4937437,7955.6787,5.332734,0,,,,,1251.5040504032152,0.00050220755,696.6108072062812,0.0005002341,-0.021947455,-0.025143672
2183.3639651687004,7959.6787,5.337829,-0.0008408431,137650,1251.505043016382,696.6112302345645,7114.612,4.647895,1218.6646,1.4967281,7959.6787,5.337829,0,,,,,1251.505043016382,0.00050247775,696.6112302345645,0.0005005139,-0.020700732,-0.023718713
2183.3709096880625,7958.299,5.3348365,-0.0008407651,137651,1251.5032174419284,696.6113226128987,7115.7676,4.645289,1216.8617,1.4940969,7958.299,5.3348365,0,,,,,1251.5032174419284,0.00050175894,696.6113226128987,0.0004997264,-0.022864686,-0.024642285
2183.377854207365,7957.467,5.3373294,-0.00084068713,137652,1251.5039142428009,696.6114141577176,7112.2886,4.64746,1220.7073,1.4963758,7957.467,5.3373294,0,,,,,1251.5039142428009,0.00050249835,696.6114141577176,0.0005004627,-0.020816786,-0.023663208
2183.3847987267254,7968.0728,5.337531,-0.00084060914,137653,1251.5034100447651,696.6110945250181,7121.7915,4.6476355,1216.1097,1.4939618,7968.0728,5.337531,0,,,,,1251.5034100447651,0.0005021686,696.6110945250181,0.000499598,-0.022857904,-0.02499389
2183.391743246029,7959.4375,5.339341,-0.0008405312,137654,1251.50312054389,696.6113004413066,7114.474,4.649212,1221.0544,1.5002472,7959.4375,5.339341,0,,,,,1251.50312054389,0.0005027626,696.6113004413066,0.0005002358,-0.022938097,-0.023914302
2183.3986877653324,7958.471,5.33686,-0.00084045326,137655,1251.5055814158986,696.6117966362197,7112.463,4.6470513,1218.8132,1.4986235,7958.471,5.33686,0,,,,,1251.5055814158986,0.00050273497,696.6117966362197,0.0004999321,-0.019955626,-0.02386774
2183.4056322846936,7958.0723,5.338617,-0.00084037526,137656,1251.502645685579,696.6115650425891,7113.6836,4.648581,1219.1383,1.4957328,7958.0723,5.338617,0,,,,,1251.502645685579,0.00050239894,696.6115650425891,0.00050074776,-0.02321112,-0.023926696
2183.4125768039967,7950.7036,5.3362346,-0.0008402973,137657,1251.5042408099678,696.610763848373,7104.204,4.6465063,1219.4006,1.4990468,7950.7036,5.3362346,0,,,,,1251.5042408099678,0.0005035562,696.610763848373,0.0005011471,-0.021358293,-0.025000097
2183.4195213232993,7953.9478,5.3359704,-0.0008402194,137658,1251.5038798409182,696.6119831395482,7108.797,4.6462765,1221.3967,1.4966052,7953.9478,5.3359704,0,,,,,1251.5038798409182,0.00050276524,696.6119831395482,0.0005007032,-0.02216929,-0.02333721
2183.426465842603,7958.856,5.334521,-0.00084014144,137659,1251.505240873765,696.6109859238646,7113.0215,4.6450143,1217.8977,1.4946786,7958.856,5.334521,0,,,,,1251.505240873765,0.00050224876,696.6109859238646,0.0005004059,-0.020822657,-0.024574364
2183.433410361964,7950.6255,5.333764,-0.00084006344,137660,1251.504020711255,696.6112111881869,7103.9106,4.644356,1219.9095,1.4974729,7950.6255,5.333764,0,,,,,1251.504020711255,0.0005028736,696.6112111881869,0.00050084665,-0.022643568,-0.02315546
2183.4403548812675,7959.1772,5.33633,-0.0008399855,137661,1251.5049145740447,696.6119651345188,7113.2837,4.6465893,1222.019,1.4966428,7959.1772,5.33633,0,,,,,1251.5049145740447,0.0005021684,696.6119651345188,0.0005005594,-0.021647291,-0.023939209
2183.447299400571,7968.535,5.3377748,-0.00083990756,137662,1251.5026397158053,696.6103633742539,7122.501,4.6478477,1217.9156,1.4952291,7968.535,5.3377748,0,,,,,1251.5026397158053,0.00050191727,696.6103633742539,0.0005000145,-0.022643557,-0.025292033
2183.454243919873,7957.7246,5.3398886,-0.0008398296,137663,1251.5038647657914,696.6111932814879,7113.0444,4.6496887,1220.9736,1.4984071,7957.7246,5.3398886,0,,,,,1251.5038647657914,0.00050290773,696.6111932814879,0.0005007773,-0.020969663,-0.024271881
2183.461188439176,7958.4824,5.337245,-0.0008397517,137664,1251.5050495101436,696.6108240434851,7113.286,4.6473866,1223.0125,1.4975784,7958.4824,5.337245,0,,,,,1251.5050495101436,0.0005024728,696.6108240434851,0.0004999577,-0.02110841,-0.023239529
2183.4681329584796,7961.191,5.338976,-0.00083967374,137665,1251.502952309271,696.6103359288853,7116.166,4.648894,1223.6027,1.4986995,7961.191,5.338976,0,,,,,1251.502952309271,0.0005026989,696.6103359288853,0.0005004306,-0.022747232,-0.026023341
2183.4750774777835,7955.278,5.3378744,-0.0008395958,137666,1251.50525568427,696.6116709141717,7110.989,4.6479344,1224.9418,1.4984733,7955.278,5.3378744,0,,,,,1251.50525568427,0.00050261995,696.6116709141717,0.00050050183,-0.021431131,-0.023766452
2183.482021997028,7951.21,5.337543,-0.0008395179,137667,1251.5039598222265,696.6118920975446,7107.525,4.647646,1224.9512,1.4992005,7951.21,5.337543,0,,,,,1251.5039598222265,0.0005027857,696.6118920975446,0.0005006251,-0.02222778,-0.023895318
2183.48896651633,7945.1196,5.3347874,-0.00083944,137668,1251.5041377138189,696.6102223352615,7100.464,4.6452465,1224.1444,1.4988961,7945.1196,5.3347874,0,,,,,1251.5041377138189,0.00050295936,696.6102223352615,0.0005011028,-0.023128962,-0.024784785
2183.4959110356335,7952.165,5.338411,-0.00083936204,137669,1251.5025726143933,696.6105787439141,7108.2554,4.6484017,1223.7716,1.4981161,7952.165,5.338411,0,,,,,1251.5025726143933,0.00050341187,696.6105787439141,0.00050111924,-0.023588758,-0.02535177
2183.502855554937,7948.5796,5.336021,-0.0008392841,137670,1251.5037235264654,696.6124699671818,7103.62,4.646321,1221.679,1.4999474,7948.5796,5.336021,0,,,,,1251.5037235264654,0.00050310226,696.6124699671818,0.00050083024,-0.022268545,-0.023290452
2183.509800074181,7951.7026,5.3417716,-0.0008392062,137671,1251.504725051435,696.6107393349569,7107.7905,4.651328,1223.6367,1.5005168,7951.7026,5.3417716,0,,,,,1251.504725051435,0.0005033586,696.6107393349569,0.00050155167,-0.021512598,-0.02503841
2183.5167445934844,7953.8794,5.3367324,-0.0008391283,137672,1251.504880294625,696.6121453820363,7106.7993,4.6469398,1223.4727,1.4999582,7953.8794,5.3367324,0,,,,,1251.504880294625,0.00050268136,696.6121453820363,0.00050106517,-0.021247268,-0.023591518
2183.5236891127884,7951.1304,5.3358507,-0.00083905034,137673,1251.504044431138,696.6115020895003,7103.831,4.6461725,1223.1981,1.4974626,7951.1304,5.3358507,0,,,,,1251.504044431138,0.0005036845,696.6115020895003,0.0005014584,-0.021523189,-0.024000242
2183.530633632033,7956.0645,5.337152,-0.00083897245,137674,1251.5046206803538,696.6124440068438,7108.9897,4.647305,1223.7693,1.4990001,7956.0645,5.337152,0,,,,,1251.5046206803538,0.00050260965,696.6124440068438,0.00050094974,-0.02181101,-0.022403818
2183.5375781513358,7950.849,5.3367405,-0.0008388945,137675,1251.50335935874,696.6083991906025,7106.549,4.646947,1225.3464,1.4982184,7950.849,5.3367405,0,,,,,1251.50335935874,0.00050336996,696.6083991906025,0.0005013037,-0.021923652,-0.027598528
2183.54452267058,7942.7905,5.3353877,-0.00083881663,137676,1251.5040167564744,696.6123997677377,7099.4062,4.645769,1227.033,1.4995763,7942.7905,5.3353877,0,,,,,1251.5040167564744,0.00050306495,696.6123997677377,0.00050120655,-0.022517031,-0.023581512
2183.551467189826,7948.202,5.340024,-0.00083873875,137677,1251.502976692023,696.6118756687612,7103.301,4.649806,1227.1228,1.5029643,7948.202,5.340024,0,,,,,1251.502976692023,0.00050354085,696.6118756687612,0.00050157256,-0.022194572,-0.024470352
2183.5584117091284,7947.0464,5.338424,-0.0008386608,137678,1251.5038142772971,696.6107069696693,7103.6255,4.6484127,1227.0636,1.503416,7947.0464,5.338424,0,,,,,1251.5038142772971,0.0005030351,696.6107069696693,0.0005013718,-0.022208117,-0.02491724
2183.565356228373,7955.507,5.339865,-0.0008385829,137679,1251.503914568509,696.612619111,7109.7524,4.6496677,1227.364,1.4998481,7955.507,5.339865,0,,,,,1251.503914568509,0.0005031432,696.612619111,0.0005009535,-0.022694305,-0.023384204
2183.5723007476186,7957.388,5.338448,-0.00083850505,137680,1251.5045554195042,696.6121540975589,7111.679,4.6484337,1224.5079,1.4993654,7957.388,5.338448,0,,,,,1251.5045554195042,0.00050273386,696.6121540975589,0.000500779,-0.021136021,-0.023389475
2183.5792452668634,7947.4375,5.3390527,-0.00083842716,137681,1251.5033281572878,696.6103886243372,7101.6636,4.6489606,1226.2827,1.4993732,7947.4375,5.3390527,0,,,,,1251.5033281572878,0.00050334557,696.6103886243372,0.0005022287,-0.022686528,-0.024850095
2183.5861897861664,7953.5576,5.3384414,-0.0008383492,137682,1251.5046587350719,696.6097619958928,7105.6343,4.6484284,1228.0184,1.500012,7953.5576,5.3384414,0,,,,,1251.5046587350719,0.00050305575,696.6097619958928,0.00050154247,-0.022365412,-0.025291253
2183.5931343054112,7958.762,5.341205,-0.00083827134,137683,1251.5035736405903,696.6111240495134,7114.123,4.6508346,1227.5599,1.4999852,7958.762,5.341205,0,,,,,1251.5035736405903,0.00050315156,696.6111240495134,0.000500476,-0.022549791,-0.024295729
2183.600078824656,7950.5425,5.3369207,-0.00083819346,137684,1251.502922462717,696.6105996961466,7102.5894,4.6471043,1229.0625,1.4998468,7950.5425,5.3369207,0,,,,,1251.502922462717,0.0005034779,696.6105996961466,0.00050147885,-0.022236213,-0.02538043
2183.607023343901,7965.777,5.341793,-0.0008381156,137685,1251.504414945161,696.6125008395934,7117.7637,4.651347,1226.1038,1.4995352,7965.777,5.341793,0,,,,,1251.504414945161,0.00050216337,696.6125008395934,0.0005009851,-0.021740995,-0.023015222
2183.613967863087,7952.254,5.3403134,-0.00083803775,137686,1251.503971204591,696.6114722488148,7107.3735,4.6500583,1228.1381,1.5003183,7952.254,5.3403134,0,,,,,1251.503971204591,0.0005037918,696.6114722488148,0.00050094083,-0.022450741,-0.02316338
2183.6209123823323,7954.234,5.338779,-0.0008379599,137687,1251.502941000075,696.6112892995741,7111.1494,4.648722,1226.7623,1.5003401,7954.234,5.338779,0,,,,,1251.502941000075,0.00050271477,696.6112892995741,0.00050068623,-0.023225214,-0.025343265
2183.6278569015776,7959.695,5.341988,-0.000837882,137688,1251.5038025708072,696.6117951938877,7114.2334,4.6515164,1228.8855,1.5007038,7959.695,5.341988,0,,,,,1251.5038025708072,0.0005030033,696.6117951938877,0.0005004937,-0.022473568,-0.02416879
2183.634801420822,7963.3335,5.340494,-0.0008378041,137689,1251.5038613293243,696.6120589159896,7116.593,4.6502156,1226.6962,1.500324,7963.3335,5.340494,0,,,,,1251.5038613293243,0.0005025332,696.6120589159896,0.0005004745,-0.023347357,-0.022917619
2183.641745940009,7959.6914,5.344093,-0.0008377263,137690,1251.5036821754845,696.6129486459015,7114.0474,4.653349,1230.421,1.5017172,7959.6914,5.344093,0,,,,,1251.5036821754845,0.0005033111,696.6129486459015,0.00050113635,-0.022837475,-0.022489106
2183.6486904592543,7946.2065,5.3374557,-0.0008376484,137691,1251.5050760864553,696.6102391382299,7098.574,4.6475697,1230.1903,1.5039098,7946.2065,5.3374557,0,,,,,1251.5050760864553,0.00050367706,696.6102391382299,0.0005021976,-0.020781817,-0.025326164
2183.655634978499,7953.3228,5.340237,-0.0008375705,137692,1251.5049295279784,696.6123244391129,7106.9854,4.6499915,1231.6674,1.5018909,7953.3228,5.340237,0,,,,,1251.5049295279784,0.00050309836,696.6123244391129,0.00050148723,-0.021728057,-0.023092393
2183.6625794976853,7959.881,5.3420587,-0.0008374927,137693,1251.5023980006788,696.6114512353029,7114.051,4.651578,1230.3177,1.5038741,7959.881,5.3420587,0,,,,,1251.5023980006788,0.0005028553,696.6114512353029,0.00050081237,-0.023359492,-0.024642775
2183.6695240169297,7958.4766,5.342082,-0.0008374148,137694,1251.5041690121946,696.6122231646777,7112.7427,4.651598,1230.3318,1.5021346,7958.4766,5.342082,0,,,,,1251.5041690121946,0.0005030729,696.6122231646777,0.0005010256,-0.021753045,-0.022843726
2183.676468536117,7942.506,5.3374867,-0.000837337,137695,1251.5037346027675,696.6108242756554,7097.3022,4.647597,1232.1317,1.501164,7942.506,5.3374867,0,,,,,1251.5037346027675,0.0005039215,696.6108242756554,0.00050167716,-0.022507856,-0.025250547
2183.6834130553034,7950.2075,5.3403087,-0.00083725917,137696,1251.503330943064,696.6121141762466,7104.5522,4.650054,1233.7346,1.5021013,7950.2075,5.3403087,0,,,,,1251.503330943064,0.00050347036,696.6121141762466,0.00050163764,-0.023724116,-0.024430333
2183.690357574548,7957.365,5.341346,-0.0008371813,137697,1251.505338679462,696.6109145606728,7111.979,4.650957,1232.9116,1.5030719,7957.365,5.341346,0,,,,,1251.505338679462,0.00050274486,696.6109145606728,0.0005011495,-0.021659506,-0.024722703
2183.6973020937353,7954.5967,5.3445683,-0.00083710346,137698,1251.50440175355,696.6116330510858,7108.391,4.6537633,1235.0084,1.5043017,7954.5967,5.3445683,0,,,,,1251.50440175355,0.0005038518,696.6116330510858,0.0005016618,-0.021521265,-0.023378426
2183.704246612922,7950.3096,5.340985,-0.00083702564,137699,1251.5039340129258,696.6106307742525,7108.107,4.6506424,1233.5043,1.5024202,7950.3096,5.340985,0,,,,,1251.5039340129258,0.0005030474,696.6106307742525,0.0005014028,-0.02208272,-0.025691228
2183.7111911321085,7943.4697,5.3417063,-0.0008369478,137700,1251.5024717895712,696.6113877221668,7099.9863,4.6512713,1232.6556,1.5044676,7943.4697,5.3417063,0,,,,,1251.5024717895712,0.0005034633,696.6113877221668,0.0005019453,-0.023946002,-0.023296982
2183.718135651295,7958.7476,5.343357,-0.00083687,137701,1251.5039234568553,696.6108768360322,7113.9414,4.6527085,1234.9781,1.5045855,7958.7476,5.343357,0,,,,,1251.5039234568553,0.00050306786,696.6108768360322,0.00050110655,-0.02253488,-0.022894546
2183.7250801704827,7946.343,5.339316,-0.00083679217,137702,1251.505912151555,696.6133599752216,7095.483,4.6491895,1236.8516,1.5046303,7946.343,5.339316,0,,,,,1251.505912151555,0.00050463376,696.6133599752216,0.0005019816,-0.019726003,-0.02158421
2183.732024689669,7952.28,5.3419166,-0.00083671435,137703,1251.502059366929,696.6090151361088,7108.966,4.6514544,1237.2505,1.5031415,7952.28,5.3419166,0,,,,,1251.502059366929,0.0005027827,696.6090151361088,0.00050157506,-0.024369687,-0.02605039
2183.7389692088545,7946.475,5.3414373,-0.0008366365,137704,1251.504430261419,696.6113630131125,7103.4556,4.6510367,1237.1954,1.5042666,7946.475,5.3414373,0,,,,,1251.504430261419,0.0005035493,696.6113630131125,0.00050160434,-0.021516003,-0.024454935
2183.7459137280416,7955.8433,5.3418965,-0.0008365587,137705,1251.503196853816,696.6110708187613,7109.5938,4.651437,1235.6407,1.5027668,7955.8433,5.3418965,0,,,,,1251.503196853816,0.00050329923,696.6110708187613,0.00050121435,-0.023039106,-0.024478361
2183.752858247171,7949.5786,5.3426037,-0.00083648093,137706,1251.504807877503,696.610338470179,7104.568,4.6520524,1238.7128,1.5054212,7949.5786,5.3426037,0,,,,,1251.504807877503,0.0005034892,696.610338470179,0.00050190574,-0.021122359,-0.02434201
2183.7598027663566,7944.3857,5.3422184,-0.0008364031,137707,1251.5045935285345,696.6112385886653,7096.076,4.6517167,1237.7437,1.5048819,7944.3857,5.3422184,0,,,,,1251.5045935285345,0.0005042553,696.6112385886653,0.0005029894,-0.021927224,-0.023436928
2183.7667472855433,7947.6167,5.3408737,-0.0008363253,137708,1251.5035480252711,696.6133582665983,7101.3936,4.650546,1237.9037,1.50469,7947.6167,5.3408737,0,,,,,1251.5035480252711,0.00050409936,696.6133582665983,0.0005015949,-0.022397852,-0.02178417
2183.7736918046717,7962.267,5.3491087,-0.0008362475,137709,1251.5028257744789,696.610605670595,7116.91,4.6577168,1239.4636,1.5094473,7962.267,5.3491087,0,,,,,1251.5028257744789,0.0005030971,696.610605670595,0.00050121295,-0.02341739,-0.025384707
2183.780636323859,7961.707,5.344403,-0.0008361697,137710,1251.5038647580584,696.6114656496813,7114.122,4.653619,1238.0333,1.5040323,7961.707,5.344403,0,,,,,1251.5038647580584,0.0005030188,696.6114656496813,0.0005015747,-0.023015464,-0.025346963
2183.787580842987,7957.2485,5.344053,-0.00083609193,137711,1251.5042469788748,696.6124984650698,7111.0938,4.653314,1239.3668,1.5044951,7957.2485,5.344053,0,,,,,1251.5042469788748,0.000503414,696.6124984650698,0.0005012597,-0.022271879,-0.023675913
2183.794525362115,7958.7266,5.348236,-0.00083601417,137712,1251.5047369659894,696.6109548020097,7113.5396,4.6569567,1241.9846,1.508899,7958.7266,5.348236,0,,,,,1251.5047369659894,0.0005037574,696.6109548020097,0.0005014417,-0.021217108,-0.025539327
2183.8014698813026,7954.342,5.343962,-0.00083593634,137713,1251.5039256168425,696.6117936092808,7109.433,4.6532354,1239.3888,1.5050763,7954.342,5.343962,0,,,,,1251.5039256168425,0.00050339865,696.6117936092808,0.00050141255,-0.022356546,-0.02543656
2183.808414400431,7955.355,5.345846,-0.0008358586,137714,1251.5034303440787,696.6125919494218,7108.0303,4.6548758,1240.1265,1.5064617,7955.355,5.345846,0,,,,,1251.5034303440787,0.00050419656,696.6125919494218,0.0005016842,-0.02241301,-0.023069356
2183.8153589195595,7952.3467,5.344928,-0.0008357808,137715,1251.5041580644843,696.6117247121495,7108.0684,4.654076,1239.9745,1.5068363,7952.3467,5.344928,0,,,,,1251.5041580644843,0.0005037065,696.6117247121495,0.0005015568,-0.02216132,-0.024671193
2183.822303438688,7951.5757,5.3438587,-0.00083570305,137716,1251.503318758018,696.6095207372882,7106.796,4.6531453,1242.2133,1.5053011,7951.5757,5.3438587,0,,,,,1251.503318758018,0.00050364283,696.6095207372882,0.00050180894,-0.023081813,-0.02550959
2183.8292479578163,7963.113,5.345853,-0.0008356253,137717,1251.50543440981,696.612965183496,7116.6226,4.6548815,1239.0283,1.5050547,7963.113,5.345853,0,,,,,1251.50543440981,0.00050296437,696.612965183496,0.0005008489,-0.020188661,-0.02252348
2183.8361924769447,7955.983,5.3448963,-0.0008355475,137718,1251.5030985262267,696.6113889199078,7110.442,4.654049,1241.6338,1.5054483,7955.983,5.3448963,0,,,,,1251.5030985262267,0.0005032841,696.6113889199078,0.0005016143,-0.02324067,-0.023704419
2183.8431369960726,7954.9336,5.345226,-0.00083546975,137719,1251.5046832665607,696.6102680755362,7111.065,4.6543355,1238.6433,1.5062884,7954.9336,5.345226,0,,,,,1251.5046832665607,0.0005034164,696.6102680755362,0.0005014572,-0.021506066,-0.025990525
2183.8500815152015,7958.561,5.344506,-0.000835392,137720,1251.504432477798,696.6115623834261,7111.3965,4.653709,1238.002,1.5040753,7958.561,5.344506,0,,,,,1251.504432477798,0.0005035329,696.6115623834261,0.00050170167,-0.023072986,-0.024123713
2183.8570260342726,7953.259,5.3469095,-0.0008353143,137721,1251.5048280904596,696.6115310660418,7107.395,4.655802,1241.7523,1.5071136,7953.259,5.3469095,0,,,,,1251.5048280904596,0.00050391856,696.6115310660418,0.00050164555,-0.021614727,-0.023676788
2183.8639705534,7955.589,5.3440275,-0.0008352365,137722,1251.5038409321394,696.6106972190423,7111.3276,4.6532927,1238.5695,1.5061963,7955.589,5.3440275,0,,,,,1251.5038409321394,0.0005032574,696.6106972190423,0.0005011801,-0.022528004,-0.025807463
2183.870915072529,7959.062,5.3441253,-0.00083515875,137723,1251.5022092723032,696.6126274167374,7113.038,4.6533775,1237.9177,1.5048827,7959.062,5.3441253,0,,,,,1251.5022092723032,0.000503001,696.6126274167374,0.0005007428,-0.02440543,-0.022975955
2183.8778595915996,7953.8726,5.3428655,-0.00083508104,137724,1251.506541635563,696.6123997145003,7106.71,4.6522803,1237.8301,1.50553,7953.8726,5.3428655,0,,,,,1251.506541635563,0.00050368975,696.6123997145003,0.0005014215,-0.019865105,-0.023947595
2183.884804110728,7965.5225,5.345227,-0.0008350033,137725,1251.5044211803288,696.6122630941126,7117.5137,4.6543365,1237.7484,1.5043464,7965.5225,5.345227,0,,,,,1251.5044211803288,0.00050293055,696.6122630941126,0.00050128135,-0.022067249,-0.023520093
2183.891748629798,7952.311,5.3415055,-0.00083492557,137726,1251.503014481492,696.6115363032062,7104.5654,4.6510963,1237.1735,1.5048754,7952.311,5.3415055,0,,,,,1251.503014481492,0.0005033775,696.6115363032062,0.00050170365,-0.02297586,-0.023107113
2183.8986931488676,7952.149,5.3417845,-0.00083484786,137727,1251.5032356514503,696.610324389964,7107.6177,4.651339,1237.3024,1.5027641,7952.149,5.3417845,0,,,,,1251.5032356514503,0.0005034115,696.610324389964,0.00050140405,-0.023485355,-0.02562089
2183.9056376679387,7949.123,5.3414183,-0.00083477015,137728,1251.502363477402,696.6106615963052,7105.542,4.65102,1236.2194,1.5031646,7949.123,5.3414183,0,,,,,1251.502363477402,0.0005032336,696.6106615963052,0.00050136156,-0.023544658,-0.024655597
2183.912582187067,7960.766,5.343705,-0.0008346924,137729,1251.5058204461236,696.611053664266,7115.4165,4.6530113,1236.722,1.50289,7960.766,5.343705,0,,,,,1251.5058204461236,0.00050330075,696.611053664266,0.00050046283,-0.020289445,-0.02318978
2183.9195267061373,7949.891,5.3440723,-0.0008346147,137730,1251.5028423542533,696.6113183468694,7104.925,4.6533313,1240.2107,1.5079981,7949.891,5.3440723,0,,,,,1251.5028423542533,0.00050383824,696.6113183468694,0.0005012979,-0.02426789,-0.023518726
2183.9264712252075,7958.7773,5.3460894,-0.000834537,137731,1251.5038888207996,696.612152173302,7112.6104,4.6550875,1240.7341,1.50623,7958.7773,5.3460894,0,,,,,1251.5038888207996,0.0005032787,696.612152173302,0.0005013388,-0.02260435,-0.02386512
2183.9334157442777,7950.122,5.346267,-0.00083445926,137732,1251.5033966553417,696.6103836445155,7106.0967,4.6552424,1243.0753,1.5081872,7950.122,5.346267,0,,,,,1251.5033966553417,0.0005042875,696.6103836445155,0.00050170365,-0.022620548,-0.025633782
2183.9403602632897,7950.403,5.342576,-0.0008343816,137733,1251.5038865531812,696.6122348214078,7104.2393,4.6520286,1242.0142,1.505004,7950.403,5.342576,0,,,,,1251.5038865531812,0.0005035098,696.6122348214078,0.0005015771,-0.02153137,-0.022570893
2183.94730478236,7962.573,5.3473372,-0.0008343039,137734,1251.5042844044585,696.6123621556076,7115.3467,4.656174,1243.0084,1.5071234,7962.573,5.3473372,0,,,,,1251.5042844044585,0.00050353305,696.6123621556076,0.0005015262,-0.022430051,-0.024005558
2183.95424930143,7944.4834,5.345213,-0.0008342262,137735,1251.5038177294336,696.6116899134254,7099.4478,4.654324,1247.6042,1.5087962,7944.4834,5.345213,0,,,,,1251.5038177294336,0.00050408085,696.6116899134254,0.000502379,-0.022957226,-0.024284968
2183.961193820442,7960.8755,5.347964,-0.00083414855,137736,1251.5040999902928,696.6110489070395,7113.035,4.656719,1246.0088,1.5086092,7960.8755,5.347964,0,,,,,1251.5040999902928,0.0005036772,696.6110489070395,0.00050198945,-0.022185836,-0.02440482
2183.9681383395123,7950.834,5.3493075,-0.00083407084,137737,1251.503741731442,696.6124093951082,7105.7065,4.65789,1248.2964,1.5094789,7950.834,5.3493075,0,,,,,1251.503741731442,0.0005040779,696.6124093951082,0.00050266436,-0.021829039,-0.023580866
2183.9750828585247,7954.5034,5.348351,-0.0008339932,137738,1251.5024835815793,696.6113997474072,7106.5615,4.657057,1250.0868,1.5121711,7954.5034,5.348351,0,,,,,1251.5024835815793,0.00050365226,696.6113997474072,0.0005027412,-0.024483591,-0.02412738
2183.9820273775954,7953.359,5.349999,-0.0008339155,137739,1251.5022892105483,696.6113345831255,7107.376,4.658492,1251.1351,1.5118796,7953.359,5.349999,0,,,,,1251.5022892105483,0.0005040939,696.6113345831255,0.00050242915,-0.024024451,-0.024547512
2183.9889718966065,7959.4214,5.34999,-0.00083383784,137740,1251.5036151395236,696.6122385099945,7113.0503,4.658484,1249.7379,1.5098743,7959.4214,5.34999,0,,,,,1251.5036151395236,0.0005040507,696.6122385099945,0.00050137326,-0.022149196,-0.022947572
2183.995916415619,7946.936,5.3467326,-0.0008337602,137741,1251.5036652055685,696.6118440451303,7102.555,4.6556478,1249.7217,1.509897,7946.936,5.3467326,0,,,,,1251.5036652055685,0.00050418946,696.6118440451303,0.0005022857,-0.022380566,-0.024131194
2184.0028609346314,7953.916,5.3493004,-0.00083368254,137742,1251.5036765091336,696.6109019643187,7108.545,4.6578836,1249.9636,1.5107298,7953.916,5.3493004,0,,,,,1251.5036765091336,0.0005037916,696.6109019643187,0.0005021245,-0.022864014,-0.02390936
2184.0098054536434,7959.615,5.3504424,-0.0008336049,137743,1251.5025170051447,696.6128857043376,7112.9355,4.6588783,1250.5182,1.5106426,7959.615,5.3504424,0,,,,,1251.5025170051447,0.0005036596,696.6128857043376,0.0005017134,-0.022682881,-0.02268417
2184.016749972655,7956.5767,5.3515463,-0.00083352724,137744,1251.5052004418176,696.6103760616354,7112.151,4.659839,1252.9926,1.5126773,7956.5767,5.3515463,0,,,,,1251.5052004418176,0.00050395366,696.6103760616354,0.00050177885,-0.02110145,-0.026340187
2184.023694491667,7960.8896,5.3489695,-0.0008334496,137745,1251.5039581474164,696.6115418379474,7112.305,4.657595,1248.6825,1.5098524,7960.8896,5.3489695,0,,,,,1251.5039581474164,0.00050374755,696.6115418379474,0.000501884,-0.02289621,-0.023404296
2184.0306390106794,7965.3086,5.351491,-0.00083337195,137746,1251.5031287531779,696.6124754053504,7115.756,4.659791,1249.5065,1.5099334,7965.3086,5.351491,0,,,,,1251.5031287531779,0.0005041953,696.6124754053504,0.00050197035,-0.023200441,-0.022698546
2184.0375835296913,7954.2827,5.3506474,-0.0008332943,137747,1251.5032223262065,696.6125292307172,7107.107,4.6590567,1251.2205,1.5108795,7954.2827,5.3506474,0,,,,,1251.5032223262065,0.00050484855,696.6125292307172,0.00050235906,-0.02292068,-0.022897871
2184.044528048645,7954.81,5.3509545,-0.0008332167,137748,1251.5028701729484,696.6120261809788,7107.7397,4.659324,1252.5698,1.5113057,7954.81,5.3509545,0,,,,,1251.5028701729484,0.0005044776,696.6120261809788,0.00050289964,-0.02290445,-0.024342546
2184.051472567657,7957.0938,5.3520756,-0.00083313906,137749,1251.502277651618,696.6134326064129,7110.27,4.6603003,1252.9889,1.5113437,7957.0938,5.3520756,0,,,,,1251.502277651618,0.0005047209,696.6134326064129,0.00050245575,-0.024200082,-0.02170455
2184.058417086611,7952.1353,5.350479,-0.00083306147,137750,1251.5043695554812,696.6118864286051,7104.6396,4.6589103,1254.6709,1.5107822,7952.1353,5.350479,0,,,,,1251.5043695554812,0.0005041735,696.6118864286051,0.0005026593,-0.022364333,-0.023562126
2184.0653616055647,7952.5127,5.3523192,-0.0008329839,137751,1251.5037428057135,696.6106334972122,7107.8257,4.6605124,1255.4274,1.5135182,7952.5127,5.3523192,0,,,,,1251.5037428057135,0.00050411286,696.6106334972122,0.0005022333,-0.022244707,-0.0249388
2184.0723061245767,7951.8965,5.3496346,-0.0008329062,137752,1251.5036224068356,696.6129599454042,7105.8784,4.658175,1253.4192,1.5123968,7951.8965,5.3496346,0,,,,,1251.5036224068356,0.0005043623,696.6129599454042,0.00050207175,-0.022384234,-0.021723721
2184.0792506435314,7955.8213,5.3540316,-0.00083282863,137753,1251.5037419756063,696.6104720023787,7110.403,4.6620035,1256.569,1.5133966,7955.8213,5.3540316,0,,,,,1251.5037419756063,0.0005041859,696.6104720023787,0.00050270406,-0.02262369,-0.025949834
2184.086195162485,7959.775,5.3532233,-0.00083275104,137754,1251.5024097689725,696.6114548157312,7113.5337,4.6612997,1253.7432,1.512585,7959.775,5.3532233,0,,,,,1251.5024097689725,0.0005044415,696.6114548157312,0.0005021864,-0.023028143,-0.02445755
2184.093139681438,7957.281,5.351368,-0.00083267345,137755,1251.5026348747745,696.6124471806228,7111.245,4.6596837,1254.2693,1.5117867,7957.281,5.351368,0,,,,,1251.5026348747745,0.0005042831,696.6124471806228,0.00050202233,-0.023074847,-0.022530422
2184.1000842003923,7950.8237,5.3485365,-0.00083259586,137756,1251.50565195363,696.6113698205023,7101.494,4.6572185,1255.7894,1.5128394,7950.8237,5.3485365,0,,,,,1251.50565195363,0.0005050423,696.6113698205023,0.00050263637,-0.020366658,-0.023427911
2184.1070287193465,7955.401,5.3526506,-0.0008325183,137757,1251.5033419579534,696.6097855398292,7112.1064,4.660801,1257.6909,1.5128398,7955.401,5.3526506,0,,,,,1251.5033419579534,0.00050384225,696.6097855398292,0.00050225545,-0.024701655,-0.025074057
2184.1139732383003,7958.631,5.353366,-0.0008324407,137758,1251.5033952070387,696.6122969741949,7110.123,4.661423,1256.9513,1.513923,7958.631,5.353366,0,,,,,1251.5033952070387,0.0005039593,696.6122969741949,0.0005028428,-0.022438182,-0.02272932
2184.1209177571955,7954.868,5.349475,-0.00083236315,137759,1251.503228240598,696.6110269582991,7106.579,4.6580358,1253.9504,1.5113833,7954.868,5.349475,0,,,,,1251.503228240598,0.00050449953,696.6110269582991,0.00050271617,-0.022286264,-0.026105506
2184.127862276149,7955.577,5.351962,-0.00083228556,137760,1251.502600787646,696.6117404606076,7106.7915,4.660201,1259.8308,1.5136687,7955.577,5.351962,0,,,,,1251.502600787646,0.00050473225,696.6117404606076,0.00050264766,-0.022705385,-0.022660911
2184.1348067950453,7954.928,5.350585,-0.000832208,137761,1251.5026239760648,696.6125231398994,7107.9365,4.659002,1256.3191,1.5118927,7954.928,5.350585,0,,,,,1251.5026239760648,0.0005044023,696.6125231398994,0.00050237746,-0.022795813,-0.022308014
2184.141751313999,7952.7505,5.3568163,-0.00083213043,137762,1251.5049966087643,696.6114753722154,7106.582,4.6644278,1259.1384,1.518306,7952.7505,5.3568163,0,,,,,1251.5049966087643,0.00050508947,696.6114753722154,0.0005029345,-0.020775182,-0.025008317
2184.148695832895,7949.43,5.348661,-0.0008320529,137763,1251.5027592845886,696.6135132513031,7102.4907,4.6573267,1255.9323,1.5118059,7949.43,5.348661,0,,,,,1251.5027592845886,0.00050453737,696.6135132513031,0.00050223543,-0.024097143,-0.021236358
2184.155640351791,7953.927,5.3507395,-0.00083197537,137764,1251.5039451626637,696.6108646352118,7107.8027,4.659137,1257.314,1.5120779,7953.927,5.3507395,0,,,,,1251.5039451626637,0.0005043021,696.6108646352118,0.0005024172,-0.022559457,-0.025629725
2184.162584870686,7966.34,5.35405,-0.00083189784,137765,1251.5011938237244,696.6127321018437,7118.7026,4.6620193,1259.4938,1.5131383,7966.34,5.35405,0,,,,,1251.5011938237244,0.00050367817,696.6127321018437,0.0005017234,-0.025031941,-0.021977827
2184.1695293895814,7950.5586,5.3515544,-0.0008318203,137766,1251.504188010163,696.6127282974868,7104.8486,4.6598463,1257.678,1.5137539,7950.5586,5.3515544,0,,,,,1251.504188010163,0.0005046977,696.6127282974868,0.00050261413,-0.022106238,-0.022308987
2184.176473908477,7963.724,5.354744,-0.0008317428,137767,1251.5036608596906,696.612740921,7115.1836,4.6626234,1260.658,1.5140053,7963.724,5.354744,0,,,,,1251.5036608596906,0.00050406443,696.612740921,0.0005025183,-0.022262873,-0.023230031
2184.1834184273735,7951.0176,5.3516264,-0.00083166524,137768,1251.5023755367974,696.6113632281234,7103.396,4.659909,1260.9886,1.5146445,7951.0176,5.3516264,0,,,,,1251.5023755367974,0.00050435954,696.6113632281234,0.00050318864,-0.024363058,-0.025263507
2184.1903629462104,7950.2017,5.3513107,-0.00083158776,137769,1251.5043490680955,696.6114855696578,7103.899,4.659634,1259.5532,1.5137645,7950.2017,5.3513107,0,,,,,1251.5043490680955,0.000504631,696.6114855696578,0.00050287036,-0.021885348,-0.024187017
2184.1973074651055,7959.3984,5.353574,-0.00083151023,137770,1251.50376190601,696.613586404085,7112.0513,4.661605,1259.8011,1.5154253,7959.3984,5.353574,0,,,,,1251.50376190601,0.00050380535,696.613586404085,0.00050258165,-0.022680726,-0.021911895
2184.2042519839433,7952.054,5.3527246,-0.00083143276,137771,1251.5027016105562,696.6128336946014,7102.5947,4.6608653,1258.8531,1.5142045,7952.054,5.3527246,0,,,,,1251.5027016105562,0.0005052392,696.6128336946014,0.0005030174,-0.024289932,-0.023125276
2184.2111965028394,7956.295,5.354909,-0.0008313552,137772,1251.5038059965334,696.6114454221714,7109.4263,4.6627674,1262.2161,1.51515,7956.295,5.354909,0,,,,,1251.5038059965334,0.00050409196,696.6114454221714,0.0005029199,-0.023349594,-0.024061551
2184.2181410216767,7949.9795,5.353104,-0.00083127775,137773,1251.5043391714605,696.6117711645389,7103.831,4.6611958,1262.9868,1.514355,7949.9795,5.353104,0,,,,,1251.5043391714605,0.0005047698,696.6117711645389,0.0005028118,-0.022310507,-0.023388937
2184.225085540514,7948.8716,5.3517494,-0.0008312003,137774,1251.5022168447388,696.610863256406,7102.426,4.660016,1263.2351,1.5145133,7948.8716,5.3517494,0,,,,,1251.5022168447388,0.0005047037,696.610863256406,0.00050320465,-0.023804607,-0.024591384
2184.2320300593515,7942.3525,5.3511534,-0.0008311228,137775,1251.503045737054,696.6116782759241,7097.318,4.6594973,1262.9141,1.5154794,7942.3525,5.3511534,0,,,,,1251.503045737054,0.00050502917,696.6116782759241,0.0005031759,-0.02356101,-0.023503814
2184.238974578189,7956.382,5.3570833,-0.0008310453,137776,1251.5033383838459,696.6111165632722,7109.452,4.6646605,1263.6179,1.5171765,7956.382,5.3570833,0,,,,,1251.5033383838459,0.0005043652,696.6111165632722,0.000502973,-0.023425296,-0.023631774
2184.2459190970258,7954.921,5.356302,-0.00083096785,137777,1251.5035038201613,696.6111829485085,7109.1113,4.6639805,1263.6022,1.5186579,7954.921,5.356302,0,,,,,1251.5035038201613,0.000504942,696.6111829485085,0.0005029912,-0.022463791,-0.024028515
2184.2528636158636,7949.2046,5.352022,-0.0008308904,137778,1251.5037175541754,696.6116170766833,7100.7935,4.6602535,1263.6536,1.5150487,7949.2046,5.352022,0,,,,,1251.5037175541754,0.0005050444,696.6116170766833,0.00050318113,-0.022198882,-0.023342108
2184.259808134702,7954.302,5.355207,-0.0008308129,137779,1251.50381813948,696.6119383085328,7107.0107,4.663027,1264.0206,1.5158877,7954.302,5.355207,0,,,,,1251.50381813948,0.00050445413,696.6119383085328,0.0005030805,-0.023392942,-0.023909757
2184.26675265348,7952.5474,5.3533735,-0.0008307355,137780,1251.5036345463552,696.6117390676587,7105.475,4.66143,1265.966,1.515753,7952.5474,5.3533735,0,,,,,1251.5036345463552,0.00050447416,696.6117390676587,0.0005030101,-0.022823278,-0.023526747
2184.273697172318,7954.044,5.357035,-0.000830658,137781,1251.5032114244464,696.610096173133,7105.5513,4.6646185,1266.7396,1.5169803,7954.044,5.357035,0,,,,,1251.5032114244464,0.00050493143,696.610096173133,0.00050369086,-0.023279838,-0.024843175
2184.2806416910976,7957.845,5.3551054,-0.0008305806,137782,1251.5041240562045,696.611035312716,7110.441,4.6629386,1265.6586,1.5157063,7957.845,5.3551054,0,,,,,1251.5041240562045,0.00050455757,696.611035312716,0.0005028658,-0.021576315,-0.024677427
2184.287586209935,7956.4517,5.355307,-0.0008305031,137783,1251.5020081679336,696.6133004514622,7109.807,4.663114,1266.32,1.5158622,7956.4517,5.355307,0,,,,,1251.5020081679336,0.0005043387,696.6133004514622,0.00050255354,-0.02449323,-0.022269165
2184.2945307287137,7958.816,5.354967,-0.0008304257,137784,1251.5015120782925,696.6118167905485,7111.2754,4.662818,1265.984,1.5160358,7958.816,5.354967,0,,,,,1251.5015120782925,0.0005044044,696.6118167905485,0.0005026273,-0.024903918,-0.024435023
2184.3014752474924,7955.4824,5.3547306,-0.0008303483,137785,1251.5039584761553,696.6126801105652,7107.4683,4.662612,1266.6564,1.5172215,7955.4824,5.3547306,0,,,,,1251.5039584761553,0.0005048094,696.6126801105652,0.00050268613,-0.02302719,-0.023684004
2184.3084197662724,7950.0723,5.355015,-0.0008302709,137786,1251.5043195095511,696.6118891485263,7104.1455,4.6628594,1264.7837,1.5213265,7950.0723,5.355015,0,,,,,1251.5043195095511,0.0005052018,696.6118891485263,0.00050277833,-0.021131165,-0.024759611
2184.3153642850516,7952.4556,5.353983,-0.00083019346,137787,1251.500049948794,696.6131712431621,7103.161,4.6619606,1267.0308,1.5165551,7952.4556,5.353983,0,,,,,1251.500049948794,0.00050499063,696.6131712431621,0.0005033392,-0.024518648,-0.022960601
2184.3223088037726,7948.27,5.3524637,-0.0008301161,137788,1251.503380254378,696.6119880180462,7101.4854,4.660638,1264.9116,1.5164963,7948.27,5.3524637,0,,,,,1251.503380254378,0.0005048685,696.6119880180462,0.00050310674,-0.023329966,-0.0233005
2184.3292533225517,7958.7524,5.359315,-0.0008300387,137789,1251.5034017947892,696.6118813371958,7111.299,4.6666036,1266.8462,1.5170954,7958.7524,5.359315,0,,,,,1251.5034017947892,0.0005045515,696.6118813371958,0.0005033482,-0.022660946,-0.022677178
2184.3361978412727,7946.4346,5.3570757,-0.0008299613,137790,1251.5029747851474,696.6126288886185,7101.479,4.664654,1270.4166,1.5202848,7946.4346,5.3570757,0,,,,,1251.5029747851474,0.00050549343,696.6126288886185,0.00050364557,-0.02420076,-0.023462083
2184.343142360052,7959.178,5.3570232,-0.0008298839,137791,1251.5032192358715,696.6107515918708,7111.637,4.664608,1265.0504,1.5163391,7959.178,5.3570232,0,,,,,1251.5032192358715,0.0005046002,696.6107515918708,0.0005029596,-0.02373138,-0.024845283
2184.350086878773,7952.0693,5.355851,-0.00082980655,137792,1251.5030727613123,696.6131412973192,7104.5337,4.663588,1269.2627,1.5195134,7952.0693,5.355851,0,,,,,1251.5030727613123,0.0005048897,696.6131412973192,0.0005032101,-0.022740535,-0.022258213
2184.3570313974947,7957.6587,5.357314,-0.0008297292,137793,1251.5023392943242,696.6116272841914,7109.723,4.6648617,1268.5107,1.5196522,7957.6587,5.357314,0,,,,,1251.5023392943242,0.0005047328,696.6116272841914,0.0005026597,-0.02447279,-0.022962352
2184.3639759162156,7950.1406,5.3551583,-0.00082965184,137794,1251.5028023634827,696.6123288827943,7104.586,4.6629844,1267.7737,1.5184101,7950.1406,5.3551583,0,,,,,1251.5028023634827,0.00050478487,696.6123288827943,0.0005029099,-0.022329515,-0.023523415
2184.3709204349357,7949.5034,5.356526,-0.0008295745,137795,1251.503805218359,696.6127348334121,7102.4272,4.664175,1270.8635,1.5213685,7949.5034,5.356526,0,,,,,1251.503805218359,0.000505142,696.6127348334121,0.0005033884,-0.022587564,-0.022049772
2184.377864953657,7953.5146,5.357064,-0.0008294971,137796,1251.5041422069633,696.611942605214,7106.7163,4.664644,1268.8198,1.5187548,7953.5146,5.357064,0,,,,,1251.5041422069633,0.0005052815,696.611942605214,0.0005027596,-0.021849457,-0.024038747
2184.3848094723785,7950.4956,5.356433,-0.00082941976,137797,1251.5013122074688,696.6123400971543,7104.334,4.6640944,1270.7687,1.5190501,7950.4956,5.356433,0,,,,,1251.5013122074688,0.00050489046,696.6123400971543,0.00050327054,-0.026031822,-0.023225592
2184.3917539910412,7949.958,5.3558006,-0.00082934246,137798,1251.5042077465364,696.6107030667955,7103.136,4.6635437,1269.565,1.5186738,7949.958,5.3558006,0,,,,,1251.5042077465364,0.0005053385,696.6107030667955,0.0005032087,-0.02177367,-0.025032802
2184.3986985097617,7947.1113,5.355811,-0.0008292651,137799,1251.5034397683244,696.6121112925932,7098.4277,4.6635528,1270.3027,1.5210724,7947.1113,5.355811,0,,,,,1251.5034397683244,0.00050564134,696.6121112925932,0.00050359167,-0.023013957,-0.022585033
2184.405643028424,7953.2974,5.356951,-0.0008291878,137800,1251.5037663773744,696.6100455330995,7106.7324,4.6645455,1271.9547,1.5202576,7953.2974,5.356951,0,,,,,1251.5037663773744,0.0005046993,696.6100455330995,0.000503171,-0.022614527,-0.025038226
2184.412587547146,7962.2456,5.3597827,-0.00082911045,137801,1251.5027462443097,696.6111492536859,7113.7295,4.6670113,1269.0405,1.5181983,7962.2456,5.3597827,0,,,,,1251.5027462443097,0.00050545787,696.6111492536859,0.0005028524,-0.022882193,-0.02386755
2184.4195320658087,7956.1147,5.3570037,-0.00082903315,137802,1251.5027722491384,696.6129634068812,7108.6235,4.6645913,1270.8218,1.518438,7956.1147,5.3570037,0,,,,,1251.5027722491384,0.0005045971,696.6129634068812,0.00050261436,-0.023445006,-0.023357043
2184.426476584472,7958.1387,5.357439,-0.00082895585,137803,1251.5029819394765,696.6121847293972,7110.1064,4.6649704,1270.5645,1.5178212,7958.1387,5.357439,0,,,,,1251.5029819394765,0.00050518644,696.6121847293972,0.00050270214,-0.023122301,-0.024007304
2184.433421103135,7959.2295,5.357891,-0.00082887855,137804,1251.5031853778978,696.6117635427512,7110.466,4.665364,1270.6105,1.520008,7959.2295,5.357891,0,,,,,1251.5031853778978,0.0005048386,696.6117635427512,0.0005026996,-0.023312377,-0.023649339
2184.4403656217387,7941.9404,5.3560667,-0.0008288013,137805,1251.5028519042971,696.6113760628149,7096.72,4.6637754,1272.0962,1.5194486,7941.9404,5.3560667,0,,,,,1251.5028519042971,0.0005063063,696.6113760628149,0.0005035418,-0.023685798,-0.02342831
2184.4473101404014,7949.6226,5.358486,-0.000828724,137806,1251.503351212671,696.6114949026099,7102.3354,4.6658816,1275.5814,1.5225166,7949.6226,5.358486,0,,,,,1251.503351212671,0.0005054114,696.6114949026099,0.00050372287,-0.023116114,-0.023824371
2184.454254659064,7959.8906,5.3584023,-0.0008286467,137807,1251.502314904541,696.6122805766236,7111.276,4.6658087,1271.5553,1.5194173,7959.8906,5.3584023,0,,,,,1251.502314904541,0.00050463906,696.6122805766236,0.0005027809,-0.02416346,-0.023651369
2184.4611991776696,7950.5356,5.357703,-0.00082856946,137808,1251.5022826405386,696.6132483400263,7101.5923,4.6652,1273.1229,1.5207878,7950.5356,5.357703,0,,,,,1251.5022826405386,0.00050570385,696.6132483400263,0.00050373835,-0.023473375,-0.023165008
2184.4681436962737,7954.211,5.355755,-0.0008284922,137809,1251.5026790791278,696.6116713416098,7105.7417,4.6635036,1270.112,1.5181944,7954.211,5.355755,0,,,,,1251.5026790791278,0.0005051432,696.6116713416098,0.0005031671,-0.023390617,-0.023703946
2184.475088214936,7958.2383,5.360075,-0.0008284149,137810,1251.5033930195764,696.6097658342409,7107.984,4.6672654,1272.9991,1.5196413,7958.2383,5.360075,0,,,,,1251.5033930195764,0.00050525577,696.6097658342409,0.00050398393,-0.023252854,-0.024907982
2184.482032733541,7948.926,5.3575416,-0.0008283377,137811,1251.5028366181127,696.6127373465832,7102.0405,4.66506,1276.9984,1.5206316,7948.926,5.3575416,0,,,,,1251.5028366181127,0.000505224,696.6127373465832,0.0005034104,-0.022880666,-0.022561815
2184.488977252088,7940.3257,5.3563867,-0.0008282605,137812,1251.5041616960957,696.6134117796742,7092.702,4.664054,1277.5538,1.5228034,7940.3257,5.3563867,0,,,,,1251.5041616960957,0.0005059595,696.6134117796742,0.00050397654,-0.022816788,-0.022977863
2184.4959217706923,7948.0728,5.356575,-0.00082818326,137813,1251.504398776664,696.6113331231284,7100.122,4.664218,1273.4799,1.5198302,7948.0728,5.356575,0,,,,,1251.504398776664,0.000505829,696.6113331231284,0.0005034683,-0.022058751,-0.023676291
2184.502866289297,7947.8184,5.3572907,-0.000828106,137814,1251.502275472382,696.6120537018786,7100.9004,4.6648417,1276.0183,1.5202594,7947.8184,5.3572907,0,,,,,1251.502275472382,0.0005051797,696.6120537018786,0.0005035312,-0.02523722,-0.02338791
2184.509810807843,7946.546,5.3559146,-0.00082802883,137815,1251.503148890786,696.6107463184169,7100.5034,4.663643,1274.681,1.519796,7946.546,5.3559146,0,,,,,1251.503148890786,0.0005054924,696.6107463184169,0.0005033254,-0.023047924,-0.024116704
2184.5167553264478,7958.24,5.3587584,-0.0008279516,137816,1251.5030065613096,696.6124341478732,7108.508,4.666119,1274.1826,1.521134,7958.24,5.3587584,0,,,,,1251.5030065613096,0.00050495216,696.6124341478732,0.00050319626,-0.023393514,-0.022762518
2184.5236998449936,7953.562,5.3586884,-0.0008278744,137817,1251.5050160115234,696.6121304747786,7104.172,4.666058,1275.7291,1.5211905,7953.562,5.3586884,0,,,,,1251.5050160115234,0.0005055572,696.6121304747786,0.00050330727,-0.02093699,-0.023351112
2184.5306443635404,7946.3657,5.3569646,-0.0008277972,137818,1251.5021909138602,696.6105901963041,7100.734,4.6645575,1276.8062,1.5208818,7946.3657,5.3569646,0,,,,,1251.5021909138602,0.00050517503,696.6105901963041,0.00050337095,-0.025048666,-0.025048342
2184.5375888820877,7943.324,5.355811,-0.00082772004,137819,1251.5032393018864,696.612098900252,7094.701,4.6635528,1277.4965,1.5214758,7943.324,5.355811,0,,,,,1251.5032393018864,0.0005060234,696.612098900252,0.00050399883,-0.023674026,-0.022242788
2184.544533400633,7953.622,5.360445,-0.00082764286,137820,1251.5035774344585,696.6119945113533,7106.1865,4.6675878,1274.3568,1.5210638,7953.622,5.360445,0,,,,,1251.5035774344585,0.0005058878,696.6119945113533,0.0005034247,-0.022900524,-0.022773769
2184.55147791918,7951.7896,5.361233,-0.0008275657,137821,1251.502620123129,696.6122745680028,7102.6357,4.668274,1277.752,1.5224302,7951.7896,5.361233,0,,,,,1251.502620123129,0.0005052232,696.6122745680028,0.0005046365,-0.023492118,-0.022998098
2184.5584224377267,7954.525,5.360906,-0.0008274885,137822,1251.5022138438842,696.6127497527543,7105.215,4.6679893,1278.6768,1.521824,7954.525,5.360906,0,,,,,1251.5022138438842,0.000505805,696.6127497527543,0.00050404907,-0.02385093,-0.022805884
2184.565366956215,7950.856,5.360184,-0.00082741136,137823,1251.5029870063354,696.611311854365,7104.541,4.6673603,1277.7795,1.5245103,7950.856,5.360184,0,,,,,1251.5029870063354,0.00050534634,696.611311854365,0.00050339795,-0.023834484,-0.024272658
2184.5723114747607,7958.979,5.359547,-0.0008273342,137824,1251.5047300797394,696.6115840520647,7107.801,4.6668057,1273.9591,1.5206748,7958.979,5.359547,0,,,,,1251.5047300797394,0.00050567836,696.6115840520647,0.0005036697,-0.021583246,-0.023703197
2184.5792559932493,7961.901,5.359583,-0.00082725706,137825,1251.503674299192,696.6123331876382,7111.2637,4.6668367,1276.6571,1.5203111,7961.901,5.359583,0,,,,,1251.503674299192,0.00050513155,696.6123331876382,0.00050287705,-0.022485396,-0.022969512
2184.5862005117383,7961.879,5.362925,-0.00082717993,137826,1251.5018819727593,696.6104687125348,7113.491,4.669747,1278.3345,1.522408,7961.879,5.362925,0,,,,,1251.5018819727593,0.0005047851,696.6104687125348,0.0005036367,-0.02535218,-0.025265276
2184.5931450302255,7946.3423,5.3581815,-0.0008271028,137827,1251.5024381933497,696.6116105157104,7097.8174,4.6656165,1279.9534,1.522858,7946.3423,5.3581815,0,,,,,1251.5024381933497,0.00050558726,696.6116105157104,0.0005036119,-0.023310315,-0.023231631
2184.6000895487136,7957.4224,5.3630447,-0.0008270257,137828,1251.5044464901125,696.6113186543291,7109.045,4.6698513,1274.5331,1.5251628,7957.4224,5.3630447,0,,,,,1251.5044464901125,0.0005056412,696.6113186543291,0.0005038162,-0.021133585,-0.025902892
2184.6070340671436,7954.197,5.358443,-0.0008269486,137829,1251.5016089039984,696.6127174120921,7101.996,4.6658444,1276.5338,1.5238283,7954.197,5.358443,0,,,,,1251.5016089039984,0.00050557754,696.6127174120921,0.0005039335,-0.024953283,-0.021294814
2184.6139785856326,7957.9834,5.36173,-0.0008268715,137830,1251.5021344157244,696.6125826525599,7108.1265,4.6687064,1279.9083,1.5238307,7957.9834,5.36173,0,,,,,1251.5021344157244,0.00050527917,696.6125826525599,0.00050382875,-0.02380215,-0.023816576
2184.620923104062,7953.6997,5.358404,-0.0008267944,137831,1251.504249574786,696.6123139289207,7102.6436,4.665811,1277.5734,1.5213915,7953.6997,5.358404,0,,,,,1251.504249574786,0.0005060161,696.6123139289207,0.00050378055,-0.0209622,-0.023537101
2184.6278676225497,7951.7437,5.3590317,-0.0008267173,137832,1251.5030053625196,696.6117230004,7101.0894,4.666357,1280.6372,1.5228593,7951.7437,5.3590317,0,,,,,1251.5030053625196,0.0005056362,696.6117230004,0.0005039047,-0.023175644,-0.02315095
2184.6348121409806,7950.48,5.3614326,-0.00082664023,137833,1251.503375166002,696.6102061099057,7103.211,4.6684475,1279.8274,1.5260154,7950.48,5.3614326,0,,,,,1251.503375166002,0.0005052153,696.6102061099057,0.00050420733,-0.023583531,-0.02547328
2184.6417566594105,7947.494,5.359776,-0.00082656316,137834,1251.5017892075307,696.6137664000977,7100.056,4.6670055,1281.4424,1.5232269,7947.494,5.359776,0,,,,,1251.5017892075307,0.00050565344,696.6137664000977,0.00050392636,-0.024905303,-0.021368667
2184.6487011778404,7957.3022,5.3617554,-0.0008264861,137835,1251.5030565589796,696.6119577369176,7108.775,4.6687293,1281.0406,1.5235546,7957.3022,5.3617554,0,,,,,1251.5030565589796,0.00050570874,696.6119577369176,0.0005032795,-0.02227866,-0.023750711
2184.655645696212,7951.345,5.3615603,-0.0008264091,137836,1251.503070754635,696.6111506749785,7102.4595,4.668559,1281.2075,1.5233166,7951.345,5.3615603,0,,,,,1251.503070754635,0.000505714,696.6111506749785,0.00050402596,-0.02312531,-0.02329596
2184.662590214642,7951.4077,5.359716,-0.000826332,137837,1251.5026412366162,696.6127502320162,7102.879,4.666953,1279.652,1.523689,7951.4077,5.359716,0,,,,,1251.5026412366162,0.00050556444,696.6127502320162,0.0005033596,-0.023227151,-0.023425778
2184.6695347330137,7953.0117,5.3611803,-0.000826255,137838,1251.502877732849,696.6106778819006,7104.873,4.6682277,1281.4401,1.5248388,7953.0117,5.3611803,0,,,,,1251.502877732849,0.0005056302,696.6106778819006,0.0005037544,-0.023308165,-0.023720432
2184.676479251443,7954.849,5.36047,-0.00082617794,137839,1251.5032127807863,696.6120010752187,7107.4487,4.667609,1279.0411,1.5227592,7954.849,5.36047,0,,,,,1251.5032127807863,0.00050518167,696.6120010752187,0.0005033904,-0.022164341,-0.0238606
2184.6834237698154,7956.7974,5.3643813,-0.00082610094,137840,1251.502879072769,696.6124128559428,7105.501,4.6710153,1281.0536,1.5255212,7956.7974,5.3643813,0,,,,,1251.502879072769,0.0005054325,696.6124128559428,0.000504721,-0.024220541,-0.022552896
2184.6903682881875,7961.029,5.3622284,-0.0008260239,137841,1251.502741302416,696.6120246273383,7109.385,4.669141,1278.9769,1.52286,7961.029,5.3622284,0,,,,,1251.502741302416,0.0005057536,696.6120246273383,0.0005037268,-0.023821812,-0.024685973
2184.6973128065583,7950.0483,5.36102,-0.0008259469,137842,1251.5007936149157,696.6114861109711,7102.4985,4.6680884,1282.6581,1.5246207,7950.0483,5.36102,0,,,,,1251.5007936149157,0.0005056089,696.6114861109711,0.00050395227,-0.024216305,-0.02385732
2184.7042573249305,7960.069,5.362088,-0.0008258699,137843,1251.5038468771431,696.6121285969175,7110.887,4.6690183,1280.5985,1.5226414,7960.069,5.362088,0,,,,,1251.5038468771431,0.00050543714,696.6121285969175,0.00050344644,-0.022518683,-0.024126453
2184.711201843245,7954.5835,5.36262,-0.00082579296,137844,1251.5028913965978,696.6126552154699,7105.395,4.6694813,1283.106,1.5246948,7954.5835,5.36262,0,,,,,1251.5028913965978,0.000506019,696.6126552154699,0.0005037744,-0.024426505,-0.0219415
2184.7181463616166,7947.6357,5.360788,-0.00082571595,137845,1251.5040097653596,696.6118543668931,7098.46,4.6678863,1279.1467,1.5241513,7947.6357,5.360788,0,,,,,1251.5040097653596,0.000506588,696.6118543668931,0.00050446246,-0.022724833,-0.024287367
2184.7250908799297,7963.606,5.3642755,-0.000825639,137846,1251.5021255050808,696.6133551218902,7114.538,4.670923,1283.4076,1.5239033,7963.606,5.3642755,0,,,,,1251.5021255050808,0.00050516427,696.6133551218902,0.0005033084,-0.024461655,-0.021591775
2184.7320353982427,7953.2246,5.3608427,-0.00082556205,137847,1251.5024864413947,696.6124501546938,7103.3813,4.667934,1280.6443,1.5236329,7953.2246,5.3608427,0,,,,,1251.5024864413947,0.0005056323,696.6124501546938,0.0005036488,-0.024354855,-0.022083815
2184.738979916557,7955.972,5.3597507,-0.0008254851,137848,1251.5031793712117,696.6111218413478,7104.5767,4.666983,1280.618,1.5223817,7955.972,5.3597507,0,,,,,1251.5031793712117,0.0005052558,696.6111218413478,0.0005039888,-0.023119943,-0.023488214
2184.74592443487,7954.327,5.3647046,-0.00082540815,137849,1251.503134881676,696.6110597525386,7107.196,4.671297,1281.7648,1.5246809,7954.327,5.3647046,0,,,,,1251.503134881676,0.0005062143,696.6110597525386,0.00050380896,-0.023963036,-0.024260342
2184.7528689531255,7955.586,5.364176,-0.00082533126,137850,1251.5021112951304,696.6121823366658,7107.2754,4.6708364,1285.0356,1.5247229,7955.586,5.364176,0,,,,,1251.5021112951304,0.0005054827,696.6121823366658,0.0005035376,-0.024938175,-0.023477465
2184.7598134714394,7957.9253,5.3648767,-0.0008252543,137851,1251.50263629479,696.6132606073631,7108.659,4.6714463,1281.9899,1.5246894,7957.9253,5.3648767,0,,,,,1251.50263629479,0.0005054919,696.6132606073631,0.00050438294,-0.023213338,-0.022932751
2184.7667579896947,7945.889,5.359809,-0.0008251774,137852,1251.50190260301,696.6119224931932,7097.8735,4.6670337,1283.2076,1.5240027,7945.889,5.359809,0,,,,,1251.50190260301,0.0005060262,696.6119224931932,0.00050427514,-0.023628306,-0.024026157
2184.7737025080082,7955.08,5.3598266,-0.00082510046,137853,1251.5040081153509,696.6128159062526,7105.7764,4.667049,1279.5786,1.5221628,7955.08,5.3598266,0,,,,,1251.5040081153509,0.00050570344,696.6128159062526,0.0005034331,-0.021705577,-0.023302823
2184.7806470262635,7961.073,5.362549,-0.00082502357,137854,1251.502889587124,696.6107706619896,7112.1465,4.66942,1281.3075,1.523009,7961.073,5.362549,0,,,,,1251.502889587124,0.0005052214,696.6107706619896,0.00050354115,-0.024039004,-0.024269864
2184.7875915444615,7956.143,5.3620086,-0.00082494674,137855,1251.5039342846076,696.6111602057787,7107.3076,4.668949,1283.6654,1.5234559,7956.143,5.3620086,0,,,,,1251.5039342846076,0.0005056495,696.6111602057787,0.00050369004,-0.022775965,-0.024608465
2184.7945360627164,7954.408,5.361051,-0.00082486984,137856,1251.5025346866137,696.6129818791611,7105.1333,4.6681156,1281.4934,1.523008,7954.408,5.361051,0,,,,,1251.5025346866137,0.0005057348,696.6129818791611,0.000503834,-0.024211297,-0.02165854
2184.801480580971,7960.746,5.362694,-0.00082479295,137857,1251.5027775689928,696.6127628261016,7111.4067,4.669546,1281.4825,1.5240812,7960.746,5.362694,0,,,,,1251.5027775689928,0.00050506694,696.6127628261016,0.00050349464,-0.023253335,-0.022610642
2184.808425099169,7956.1675,5.362974,-0.0008247161,137858,1251.5023931332712,696.6120156783338,7106.5215,4.6697903,1282.9448,1.524305,7956.1675,5.362974,0,,,,,1251.5023931332712,0.0005056122,696.6120156783338,0.00050397136,-0.024866005,-0.024405293
2184.8153696174245,7957.228,5.361968,-0.0008246392,137859,1251.5038729839798,696.6120737613421,7108.3804,4.668914,1281.4706,1.5233078,7957.228,5.361968,0,,,,,1251.5038729839798,0.0005055053,696.6120737613421,0.00050352025,-0.022628665,-0.023927147
2184.8223141356216,7944.541,5.3604846,-0.0008245624,137860,1251.5014424328592,696.614974336999,7095.6016,4.667622,1283.5084,1.5250953,7944.541,5.3604846,0,,,,,1251.5014424328592,0.0005058079,696.614974336999,0.00050449476,-0.026399426,-0.020899016
2184.8292586538187,7949.808,5.3604484,-0.00082448556,137861,1251.5043527712392,696.6104216160436,7099.581,4.6675906,1283.1833,1.5248219,7949.808,5.3604484,0,,,,,1251.5043527712392,0.0005058129,696.6104216160436,0.00050492573,-0.020840932,-0.02730091
2184.8362031719585,7948.3613,5.360332,-0.0008244088,137862,1251.5006810908951,696.6132463497447,7098.8916,4.6674895,1284.2283,1.524244,7948.3613,5.360332,0,,,,,1251.5006810908951,0.00050596,696.6132463497447,0.000504482,-0.025790667,-0.02224595
2184.843147690155,7946.97,5.360594,-0.00082433195,137863,1251.502407590868,696.6114372503354,7100.4883,4.6677175,1283.2249,1.5245986,7946.97,5.360594,0,,,,,1251.502407590868,0.00050579646,696.6114372503354,0.00050403544,-0.022539597,-0.025250554
2184.8500922083513,7952.1313,5.3643956,-0.0008242551,137864,1251.5038465236414,696.6113776370919,7103.4146,4.6710277,1285.087,1.5258802,7952.1313,5.3643956,0,,,,,1251.5038465236414,0.00050622254,696.6113776370919,0.00050416845,-0.022927234,-0.02338963
2184.8570367264906,7946.877,5.3609085,-0.00082417834,137865,1251.5024340687517,696.6120779877243,7099.557,4.667991,1286.0198,1.5251485,7946.877,5.3609085,0,,,,,1251.5024340687517,0.00050598115,696.6120779877243,0.00050381944,-0.024687381,-0.02317814
2184.86398124463,7959.826,5.36653,-0.00082410156,137866,1251.501560614659,696.6127069414222,7110.808,4.672886,1283.016,1.525257,7959.826,5.36653,0,,,,,1251.501560614659,0.00050653005,696.6127069414222,0.0005038086,-0.023386193,-0.023255168
2184.870925762769,7951.194,5.360406,-0.0008240248,137867,1251.5021246038314,696.6115684430117,7101.761,4.6675534,1283.367,1.5238149,7951.194,5.360406,0,,,,,1251.5021246038314,0.0005059084,696.6115684430117,0.0005038045,-0.024036054,-0.023253646
2184.8778702809077,7950.2964,5.360889,-0.000823948,137868,1251.504397292144,696.6121251461956,7099.7866,4.6679745,1284.4686,1.525414,7950.2964,5.360889,0,,,,,1251.504397292144,0.0005058541,696.6121251461956,0.0005043531,-0.021223586,-0.023319969
2184.884814799046,7957.7266,5.365882,-0.00082387123,137869,1251.5005101235774,696.6125293844594,7108.3706,4.672322,1284.8553,1.5257144,7957.7266,5.365882,0,,,,,1251.5005101235774,0.0005058301,696.6125293844594,0.00050420815,-0.025808766,-0.022734294
2184.8917593171277,7949.423,5.360222,-0.0008237945,137870,1251.503426535405,696.6102539593445,7101.5044,4.667393,1283.33,1.5234764,7949.423,5.360222,0,,,,,1251.503426535405,0.00050578197,696.6102539593445,0.0005043729,-0.022659378,-0.026475212
2184.898703835208,7946.2085,5.3628187,-0.0008237178,137871,1251.5022662124716,696.6139594566139,7096.0933,4.6696544,1285.7642,1.5276195,7946.2085,5.3628187,0,,,,,1251.5022662124716,0.00050694577,696.6139594566139,0.0005048179,-0.024960114,-0.022394339
2184.9056483533473,7950.181,5.360231,-0.000823641,137872,1251.5026658059269,696.6128858583747,7100.532,4.667401,1284.9285,1.5242122,7950.181,5.360231,0,,,,,1251.5026658059269,0.0005056021,696.6128858583747,0.00050412427,-0.024335166,-0.021361737
2184.9125928714284,7953.0625,5.363691,-0.0008235643,137873,1251.5032017291126,696.6121344627106,7105.1167,4.6704144,1284.7837,1.526444,7953.0625,5.363691,0,,,,,1251.5032017291126,0.00050581637,696.6121344627106,0.0005038842,-0.02221728,-0.023399673
2184.919537389451,7966.085,5.363483,-0.00082348764,137874,1251.503125208343,696.6119456579769,7115.987,4.670233,1282.4661,1.5232627,7966.085,5.363483,0,,,,,1251.503125208343,0.0005051379,696.6119456579769,0.0005030451,-0.023628537,-0.022503609
2184.9264819075315,7941.9517,5.358912,-0.0008234109,137875,1251.5027139867072,696.6118856735625,7095.4004,4.6662526,1284.1953,1.5244114,7941.9517,5.358912,0,,,,,1251.5027139867072,0.0005059418,696.6118856735625,0.0005044475,-0.023708636,-0.023470476
2184.9334264256117,7951.4663,5.3616714,-0.0008233342,137876,1251.5026677849846,696.6108548766108,7103.6646,4.668656,1285.483,1.5249736,7951.4663,5.3616714,0,,,,,1251.5026677849846,0.0005056992,696.6108548766108,0.0005038502,-0.024384439,-0.025150778
2184.940370943635,7959.5127,5.3661504,-0.00082325755,137877,1251.502918893383,696.6125081452177,7111.9287,4.6725554,1285.4412,1.5275227,7959.5127,5.3661504,0,,,,,1251.502918893383,0.0005050387,696.6125081452177,0.00050373987,-0.02391689,-0.02355584
2184.947315461657,7952.8345,5.3618336,-0.0008231809,137878,1251.5030707450821,696.6104580951227,7104.264,4.668797,1284.6682,1.525364,7952.8345,5.3618336,0,,,,,1251.5030707450821,0.0005056907,696.6104580951227,0.00050375966,-0.022620993,-0.025564881
2184.954259979679,7950.8184,5.363703,-0.00082310423,137879,1251.5018853573222,696.6128616248383,7102.981,4.6704245,1284.8977,1.5256066,7950.8184,5.363703,0,,,,,1251.5018853573222,0.00050580443,696.6128616248383,0.0005040195,-0.0250518,-0.021712933
2184.9612044977025,7944.095,5.363813,-0.00082302757,137880,1251.504530323366,696.6096351153296,7095.913,4.6705203,1285.559,1.528162,7944.095,5.363813,0,,,,,1251.504530323366,0.00050652336,696.6096351153296,0.00050497777,-0.022043843,-0.02580326
2184.9681490157245,7948.4575,5.359197,-0.0008229509,137881,1251.5025199996983,696.6122375248148,7097.23,4.666501,1282.9478,1.5244057,7948.4575,5.359197,0,,,,,1251.5025199996983,0.0005063111,696.6122375248148,0.0005047157,-0.023888167,-0.022759782
2184.9750935336883,7949.8604,5.3624387,-0.0008228743,137882,1251.5013945100889,696.6133505604894,7101.5303,4.669324,1284.136,1.5288017,7949.8604,5.3624387,0,,,,,1251.5013945100889,0.0005054831,696.6133505604894,0.0005040389,-0.025703466,-0.021294193
2184.9820380516535,7959.238,5.3644576,-0.0008227977,137883,1251.5027413373787,696.6134949902164,7109.7876,4.6710815,1286.5178,1.5270729,7959.238,5.3644576,0,,,,,1251.5027413373787,0.00050577265,696.6134949902164,0.00050344184,-0.022880645,-0.02155588
2184.9889825696187,7945.8687,5.3611345,-0.0008227211,137884,1251.5034414233799,696.6124361824229,7100.9375,4.668188,1285.7661,1.5247167,7945.8687,5.3611345,0,,,,,1251.5034414233799,0.00050551194,696.6124361824229,0.0005039094,-0.024156973,-0.02320397
2184.9959270875825,7954.449,5.366961,-0.0008226445,137885,1251.5023743258175,696.6116250084009,7108.1865,4.6732616,1282.9214,1.5252483,7954.449,5.366961,0,,,,,1251.5023743258175,0.0005068165,696.6116250084009,0.0005039585,-0.023818536,-0.024475591
2185.002871605546,7964.7354,5.364454,-0.0008225679,137886,1251.5023090644988,696.6112773466191,7117.242,4.6710787,1283.9586,1.5246288,7964.7354,5.364454,0,,,,,1251.5023090644988,0.00050471665,696.6112773466191,0.00050313515,-0.024189625,-0.02377428
2185.0098161235105,7951.965,5.3633723,-0.0008224913,137887,1251.5027890598153,696.6115078096883,7105.2246,4.670137,1287.0568,1.5266505,7951.965,5.3633723,0,,,,,1251.5027890598153,0.000505944,696.6115078096883,0.0005040454,-0.023428177,-0.02480433
2185.016760641417,7956.0894,5.3642654,-0.00082241476,137888,1251.5038105799858,696.6127384558068,7107.4946,4.670914,1281.5887,1.525292,7956.0894,5.3642654,0,,,,,1251.5038105799858,0.0005061583,696.6127384558068,0.0005038306,-0.023406353,-0.021638079
2185.0237051593226,7949.4116,5.3615932,-0.0008223382,137889,1251.5038343776662,696.6104881589889,7099.8843,4.668587,1285.9985,1.5258918,7949.4116,5.3615932,0,,,,,1251.5038343776662,0.0005061523,696.6104881589889,0.0005044361,-0.022584727,-0.025223978
2185.0306496772287,7964.176,5.3642426,-0.0008222617,137890,1251.5034275194591,696.6131742414575,7112.471,4.6708946,1283.6838,1.5247258,7964.176,5.3642426,0,,,,,1251.5034275194591,0.0005052368,696.6131742414575,0.0005036706,-0.023653194,-0.022308534
2185.0375941951356,7954.967,5.363716,-0.00082218513,137891,1251.5006930241855,696.6116751677276,7101.9272,4.670436,1287.3835,1.5271825,7954.967,5.363716,0,,,,,1251.5006930241855,0.00050616235,696.6116751677276,0.0005047263,-0.025506651,-0.023226455
2185.044538713042,7951.531,5.3645687,-0.0008221086,137892,1251.5020794756786,696.6126440830006,7101.288,4.671179,1284.536,1.5259769,7951.531,5.3645687,0,,,,,1251.5020794756786,0.0005058992,696.6126440830006,0.00050502253,-0.023363128,-0.02292241
2185.0514832309473,7962.9746,5.3668694,-0.00082203205,137893,1251.5005299304585,696.613068574427,7114.183,4.673182,1283.2378,1.5262688,7962.9746,5.3668694,0,,,,,1251.5005299304585,0.0005055991,696.613068574427,0.0005032287,-0.025118189,-0.022298556
2185.0584277487956,7958.5425,5.3650017,-0.00082195556,137894,1251.5013223950107,696.6116646829533,7109.9785,4.6715555,1285.5735,1.5268404,7958.5425,5.3650017,0,,,,,1251.5013223950107,0.00050592684,696.6116646829533,0.0005038139,-0.024642188,-0.022982411
2185.065372266644,7961.293,5.3643756,-0.0008218791,137895,1251.5017439759713,696.6124523163083,7112.6807,4.67101,1284.162,1.5246022,7961.293,5.3643756,0,,,,,1251.5017439759713,0.0005052052,696.6124523163083,0.0005034832,-0.024245922,-0.022437776
2185.0723167844912,7941.107,5.3597007,-0.0008218026,137896,1251.5019639081918,696.6119180303834,7093.9365,4.6669397,1286.3689,1.5252771,7941.107,5.3597007,0,,,,,1251.5019639081918,0.0005064623,696.6119180303834,0.0005045435,-0.023854231,-0.024086341
2185.079261302339,7951.3774,5.366464,-0.0008217261,137897,1251.503982578529,696.6116784245162,7103.7383,4.672829,1287.6321,1.5279284,7951.3774,5.366464,0,,,,,1251.503982578529,0.000505929,696.6116784245162,0.000504176,-0.021978013,-0.023561077
2185.0862058201287,7951.666,5.3625536,-0.0008216497,137898,1251.502348448448,696.610537987091,7101.7856,4.6694236,1286.0303,1.5254979,7951.666,5.3625536,0,,,,,1251.502348448448,0.0005058453,696.610537987091,0.00050465966,-0.024335431,-0.02479051
2185.093150337977,7949.873,5.3657117,-0.0008215732,137899,1251.5026336579772,696.6125500675996,7101.1436,4.6721735,1286.0645,1.5292989,7949.873,5.3657117,0,,,,,1251.5026336579772,0.00050598587,696.6125500675996,0.00050508516,-0.023749158,-0.022466598
2185.1000948557667,7957.841,5.3662567,-0.00082149677,137900,1251.5035063710222,696.6114132326755,7108.81,4.672648,1285.5309,1.5256877,7957.841,5.3662567,0,,,,,1251.5035063710222,0.0005061664,696.6114132326755,0.0005044782,-0.022851586,-0.024268981
2185.107039373556,7954.0205,5.364776,-0.00082142034,137901,1251.5033694068175,696.609025634086,7106.719,4.671359,1284.4657,1.5265634,7954.0205,5.364776,0,,,,,1251.5033694068175,0.0005052659,696.609025634086,0.0005044655,-0.022748863,-0.026950577
2185.1139838913464,7957.5327,5.3643947,-0.0008213439,137902,1251.501448927833,696.6125456130703,7108.5723,4.671027,1287.2687,1.52666,7957.5327,5.3643947,0,,,,,1251.501448927833,0.00050553464,696.6125456130703,0.0005038405,-0.025680138,-0.022274239
2185.1209284091356,7961.185,5.366052,-0.0008212675,137903,1251.5018761841031,696.6147269200211,7112.7324,4.6724706,1284.7728,1.5281028,7961.185,5.366052,0,,,,,1251.5018761841031,0.0005055927,696.6147269200211,0.000503081,-0.025624448,-0.019908797
2185.1278729268665,7956.1567,5.365632,-0.0008211911,137904,1251.5034520594827,696.6105961636271,7107.697,4.672104,1287.227,1.5261497,7956.1567,5.365632,0,,,,,1251.5034520594827,0.00050647336,696.6105961636271,0.00050435227,-0.022473145,-0.02556825
2185.134817444657,7942.3984,5.3660316,-0.0008211147,137905,1251.5032759170506,696.6122418757085,7092.9424,4.6724524,1288.0101,1.5273851,7942.3984,5.3660316,0,,,,,1251.5032759170506,0.0005068082,696.6122418757085,0.0005057941,-0.022592712,-0.022599485
2185.1417619623885,7947.23,5.364513,-0.0008210383,137906,1251.502149092399,696.6130783032505,7097.3804,4.6711297,1287.8646,1.5281292,7947.23,5.364513,0,,,,,1251.502149092399,0.0005063087,696.6130783032505,0.000504658,-0.025044583,-0.021449799
2185.14870648012,7962.959,5.364411,-0.00082096196,137907,1251.5029694914278,696.6097590365918,7113.3057,4.671041,1283.7599,1.5248867,7962.959,5.364411,0,,,,,1251.5029694914278,0.00050515577,696.6097590365918,0.00050402083,-0.023448149,-0.026917199
2185.155650997793,7953.9126,5.3628182,-0.00082088565,137908,1251.5021230145503,696.6125898304297,7103.003,4.669654,1287.3359,1.5259026,7953.9126,5.3628182,0,,,,,1251.5021230145503,0.0005058794,696.6125898304297,0.0005047884,-0.02380058,-0.022792699
2185.1625955155255,7941.698,5.3603225,-0.0008208093,137909,1251.5025184657736,696.6117634582324,7093.763,4.6674814,1286.68,1.5258942,7941.698,5.3603225,0,,,,,1251.5025184657736,0.00050615263,696.6117634582324,0.0005047057,-0.02450744,-0.02328996
2185.1695400331982,7959.64,5.362064,-0.00082073297,137910,1251.5034125058119,696.6118782315546,7109.689,4.6689973,1282.7307,1.5241941,7959.64,5.362064,0,,,,,1251.5034125058119,0.0005051857,696.6118782315546,0.0005038966,-0.02314927,-0.023093428
2185.176484550871,7957.0312,5.363055,-0.00082065666,137911,1251.5034060099458,696.610648596474,7104.824,4.669861,1286.8558,1.5257118,7957.0312,5.363055,0,,,,,1251.5034060099458,0.00050580024,696.610648596474,0.00050475285,-0.024125874,-0.024289152
2185.183429068545,7958.7764,5.362868,-0.00082058035,137912,1251.5018945270144,696.6130572993201,7107.233,4.6696978,1284.9607,1.5249618,7958.7764,5.362868,0,,,,,1251.5018945270144,0.0005055433,696.6130572993201,0.0005040548,-0.023764286,-0.021843882
2185.1903735862184,7951.9116,5.3656096,-0.00082050404,137913,1251.5031326938586,696.6120887549766,7104.1733,4.672085,1287.8434,1.5275073,7951.9116,5.3656096,0,,,,,1251.5031326938586,0.00050618494,696.6120887549766,0.00050425366,-0.022726256,-0.023889588
2185.1973181038916,7955.894,5.365257,-0.0008204277,137914,1251.502990045956,696.6129129710586,7104.7153,4.6717777,1288.0383,1.5292199,7955.894,5.365257,0,,,,,1251.502990045956,0.0005060891,696.6129129710586,0.0005044458,-0.023685958,-0.022874203
2185.2042626215057,7949.6377,5.363527,-0.0008203515,137915,1251.502419318035,696.6127763518908,7100.0254,4.6702714,1287.3508,1.5275029,7949.6377,5.363527,0,,,,,1251.502419318035,0.00050632324,696.6127763518908,0.00050408154,-0.02510199,-0.022473168
2185.2112071391216,7951.31,5.3619394,-0.0008202752,137916,1251.5027581475304,696.6119794838494,7102.824,4.668889,1285.3022,1.5251156,7951.31,5.3619394,0,,,,,1251.5027581475304,0.00050552643,696.6119794838494,0.0005038851,-0.023917502,-0.02293698
2185.2181516567953,7953.63,5.3623705,-0.0008201989,137917,1251.5027349017998,696.6116005672117,7102.7266,4.6692643,1286.1615,1.5271095,7953.63,5.3623705,0,,,,,1251.5027349017998,0.00050592,696.6116005672117,0.0005043506,-0.023414694,-0.024081824
2185.2250961743516,7956.483,5.362405,-0.0008201227,137918,1251.5033317409107,696.6115871871577,7106.3633,4.6692944,1284.7745,1.5242683,7956.483,5.362405,0,,,,,1251.5033317409107,0.00050528307,696.6115871871577,0.00050424645,-0.023445437,-0.023331223
2185.2320406919666,7956.246,5.362921,-0.00082004647,137919,1251.501580358458,696.6128463115382,7105.627,4.669744,1287.683,1.5258876,7956.246,5.362921,0,,,,,1251.501580358458,0.0005057662,696.6128463115382,0.00050401944,-0.025328904,-0.022275416
2185.238985209524,7950.6523,5.361547,-0.0008199703,137920,1251.5016014503738,696.6127986100074,7101.204,4.668547,1284.7926,1.5261183,7950.6523,5.361547,0,,,,,1251.5016014503738,0.00050572323,696.6127986100074,0.0005044036,-0.025751283,-0.023261279
2185.2459297271394,7957.6685,5.36708,-0.000819894,137921,1251.5029232855882,696.6124953722872,7107.926,4.673365,1285.4606,1.5274166,7957.6685,5.36708,0,,,,,1251.5029232855882,0.00050570467,696.6124953722872,0.0005049719,-0.022824166,-0.023762897
2185.2528742446952,7964.029,5.364816,-0.0008198178,137922,1251.5014292047613,696.6120444707151,7114.022,4.671394,1282.989,1.5242736,7964.029,5.364816,0,,,,,1251.5014292047613,0.00050551095,696.6120444707151,0.000503231,-0.02591033,-0.022756742
2185.259818762253,7955.5503,5.362701,-0.00081974163,137923,1251.5030486704259,696.613487818862,7103.8057,4.6695523,1283.9529,1.5246985,7955.5503,5.362701,0,,,,,1251.5030486704259,0.0005060958,696.613487818862,0.0005041756,-0.022846984,-0.02253313
2185.266763279752,7959.096,5.364823,-0.0008196655,137924,1251.5033141318052,696.612684389139,7107.4814,4.6713996,1286.372,1.5300108,7959.096,5.364823,0,,,,,1251.5033141318052,0.0005056108,696.612684389139,0.00050381746,-0.023730503,-0.023244759
2185.2737077973084,7959.2363,5.365412,-0.0008195893,137925,1251.5025878803638,696.6128613011118,7108.4395,4.671913,1286.418,1.5299822,7959.2363,5.365412,0,,,,,1251.5025878803638,0.00050558144,696.6128613011118,0.00050402986,-0.023670666,-0.022214165
2185.280652314807,7943.4644,5.3657618,-0.00081951317,137926,1251.502023741712,696.6095039780871,7096.3276,4.6722174,1287.7357,1.53032,7943.4644,5.3657618,0,,,,,1251.502023741712,0.00050612754,696.6095039780871,0.0005050864,-0.02465866,-0.026438793
2185.2875968323056,7950.626,5.3641453,-0.00081943703,137927,1251.4996474307218,696.6130158648263,7101.242,4.6708093,1288.4193,1.5270503,7950.626,5.3641453,0,,,,,1251.4996474307218,0.0005060549,696.6130158648263,0.00050439814,-0.026929315,-0.0219311
2185.294541349804,7956.689,5.36387,-0.0008193609,137928,1251.5059572187877,696.6115013342144,7103.524,4.6705704,1286.0461,1.5284977,7956.689,5.36387,0,,,,,1251.5059572187877,0.0005062125,696.6115013342144,0.0005045289,-0.019922715,-0.025006155
2185.3014858673027,7956.0054,5.363142,-0.00081928476,137929,1251.5029186231075,696.611386448239,7104.789,4.6699367,1286.2758,1.5263007,7956.0054,5.363142,0,,,,,1251.5029186231075,0.0005055946,696.611386448239,0.00050430564,-0.02428573,-0.023794765
2185.308430384743,7958.1143,5.36478,-0.0008192087,137930,1251.5030999197347,696.6121048518568,7106.0996,4.671363,1289.6711,1.528417,7958.1143,5.36478,0,,,,,1251.5030999197347,0.00050578703,696.6121048518568,0.0005043518,-0.023194192,-0.023134042
2185.315374902242,7957.9434,5.3664446,-0.00081913255,137931,1251.5024518938374,696.6112745188356,7107.2554,4.672812,1285.578,1.52614,7957.9434,5.3664446,0,,,,,1251.5024518938374,0.00050622906,696.6112745188356,0.0005044537,-0.02449918,-0.024384856
2185.322319419683,7967.0596,5.365392,-0.00081905647,137932,1251.503384617865,696.611349612575,7116.129,4.6718955,1283.8082,1.5256531,7967.0596,5.365392,0,,,,,1251.503384617865,0.0005052286,696.611349612575,0.00050302624,-0.022814132,-0.022913264
2185.3292639371234,7965.7446,5.3648105,-0.0008189804,137933,1251.5032056752386,696.6110868075974,7115.4565,4.671389,1285.0686,1.5245687,7965.7446,5.3648105,0,,,,,1251.5032056752386,0.00050507276,696.6110868075974,0.00050325633,-0.022526514,-0.024339193
2185.3362084545056,7948.276,5.365446,-0.0008189044,137934,1251.5016443873249,696.6122975896681,7097.915,4.671942,1286.9398,1.5273706,7948.276,5.365446,0,,,,,1251.5016443873249,0.0005065005,696.6122975896681,0.0005045477,-0.024497965,-0.022655593
2185.343152971946,7957.5215,5.3676257,-0.0008188283,137935,1251.5018139819904,696.612622953355,7105.464,4.6738405,1288.441,1.5287466,7957.5215,5.3676257,0,,,,,1251.5018139819904,0.0005066277,696.612622953355,0.000504351,-0.025605667,-0.022683665
2185.350097489328,7955.7495,5.3613257,-0.0008187523,137936,1251.5026828684477,696.6112559150314,7105.0503,4.6683545,1284.3442,1.5241234,7955.7495,5.3613257,0,,,,,1251.5026828684477,0.00050552475,696.6112559150314,0.0005039627,-0.024674587,-0.023784317
2185.3570420067103,7953.5103,5.3630843,-0.00081867626,137937,1251.5018460659478,696.612239316171,7102.0117,4.6698856,1287.034,1.5262964,7953.5103,5.3630843,0,,,,,1251.5018460659478,0.00050583243,696.612239316171,0.0005040085,-0.025255071,-0.02190984
2185.3639865240925,7953.5874,5.36327,-0.00081860024,137938,1251.5026032074657,696.6121431521738,7101.763,4.6700473,1289.2816,1.5278224,7953.5874,5.36327,0,,,,,1251.5026032074657,0.00050587417,696.6121431521738,0.0005044151,-0.0230361,-0.023894858
2185.3709310414747,7958.9736,5.3702965,-0.0008185242,137939,1251.5023576921938,696.6106215491648,7105.4854,4.676166,1286.4495,1.5327864,7958.9736,5.3702965,0,,,,,1251.5023576921938,0.00050597097,696.6106215491648,0.00050572405,-0.023421085,-0.026019605
2185.3778755587987,7957.937,5.36284,-0.00081844826,137940,1251.5028587210431,696.6130159360973,7105.0225,4.6696734,1286.0803,1.5249494,7957.937,5.36284,0,,,,,1251.5028587210431,0.0005057561,696.6130159360973,0.00050453533,-0.023741364,-0.022335084
2185.384820076181,7955.948,5.3643174,-0.00081837224,137941,1251.5025450198245,696.6117274426794,7105.4297,4.6709595,1289.3916,1.5268601,7955.948,5.3643174,0,,,,,1251.5025450198245,0.00050553447,696.6117274426794,0.00050409674,-0.02598352,-0.023930652
2185.3917645935053,7957.5396,5.363898,-0.0008182963,137942,1251.5020195870995,696.6125511330789,7104.7876,4.6705947,1287.8842,1.5267272,7957.5396,5.363898,0,,,,,1251.5020195870995,0.00050583924,696.6125511330789,0.00050384254,-0.024751382,-0.022950009
2185.3987091108297,7951.2495,5.3632913,-0.0008182203,137943,1251.5028444234476,696.6106899339151,7100.4565,4.670066,1288.288,1.527309,7951.2495,5.3632913,0,,,,,1251.5028444234476,0.0005064651,696.6106899339151,0.0005039654,-0.023575438,-0.023861144
2185.4056536281537,7964.508,5.3654914,-0.00081814436,137944,1251.5015822127175,696.6130904265028,7112.094,4.671982,1287.9539,1.5274396,7964.508,5.3654914,0,,,,,1251.5015822127175,0.00050516723,696.6130904265028,0.0005035202,-0.025475489,-0.022040794
2185.4125981454195,7955.13,5.3634567,-0.00081806845,137945,1251.5019567965546,696.6128782893268,7102.3223,4.6702104,1287.0737,1.5268134,7955.13,5.3634567,0,,,,,1251.5019567965546,0.0005056505,696.6128782893268,0.0005041765,-0.025088394,-0.022417149
2185.419542662685,7958.7383,5.364251,-0.00081799255,137946,1251.5026447664036,696.6115899135083,7107.0654,4.670902,1288.6561,1.5266637,7958.7383,5.364251,0,,,,,1251.5026447664036,0.0005057458,696.6115899135083,0.00050419586,-0.02398655,-0.024531027
2185.426487180009,7960.8086,5.367086,-0.0008179166,137947,1251.5024852166134,696.6125628777585,7107.0493,4.6733704,1287.7472,1.5273199,7960.8086,5.367086,0,,,,,1251.5024852166134,0.00050568546,696.6125628777585,0.0005050548,-0.024070162,-0.023520704
2185.433431697275,7954.0376,5.363599,-0.0008178407,137948,1251.5016236280333,696.6137385966985,7098.4834,4.6703343,1289.7748,1.5269343,7954.0376,5.363599,0,,,,,1251.5016236280333,0.0005061321,696.6137385966985,0.0005050338,-0.024986422,-0.021378921
2185.440376214483,7955.414,5.3647566,-0.00081776484,137949,1251.502195956722,696.6105449088957,7103.8057,4.671342,1293.1613,1.5279335,7955.414,5.3647566,0,,,,,1251.502195956722,0.00050556706,696.6105449088957,0.0005044294,-0.024560565,-0.025072252
2185.447320731749,7960.315,5.3672066,-0.00081768894,137950,1251.5030525373309,696.6130684831953,7106.687,4.6734753,1291.7407,1.5298806,7960.315,5.3672066,0,,,,,1251.5030525373309,0.00050561037,696.6130684831953,0.00050444156,-0.023828126,-0.021919789
2185.454265248956,7962.3696,5.371255,-0.0008176131,137951,1251.5021951600188,696.6111153204589,7107.5635,4.6770005,1299.6055,1.5316825,7962.3696,5.371255,0,,,,,1251.5021951600188,0.0005067116,696.6111153204589,0.0005049382,-0.023661012,-0.024114575
2185.461209766164,7959.187,5.373106,-0.00081753725,137952,1251.5033770964446,696.6116860061579,7106.991,4.678612,1304.5403,1.5340798,7959.187,5.373106,0,,,,,1251.5033770964446,0.00050674856,696.6116860061579,0.00050458976,-0.023816846,-0.024086993
2185.468154283372,7960.86,5.378226,-0.0008174614,137953,1251.5008998657163,696.6124805882263,7105.799,4.68307,1310.6154,1.5387682,7960.86,5.378226,0,,,,,1251.5008998657163,0.0005076295,696.6124805882263,0.0005056176,-0.024868164,-0.0225788
2185.4750988005794,7957.6475,5.382232,-0.00081738556,137954,1251.5031324844142,696.6100331263161,7104.414,4.6865587,1323.4807,1.5420414,7957.6475,5.382232,0,,,,,1251.5031324844142,0.0005074802,696.6100331263161,0.0005065633,-0.023405163,-0.025444463
2185.482043317787,7962.4224,5.385675,-0.0008173097,137955,1251.5020384308707,696.6124848413311,7107.022,4.6895566,1334.8944,1.5470771,7962.4224,5.385675,0,,,,,1251.5020384308707,0.00050832913,696.6124848413311,0.0005063178,-0.024222359,-0.022683444
2185.488987834937,7959.5596,5.394677,-0.00081723393,137956,1251.5034624955604,696.6117623290341,7105.11,4.6973953,1353.7952,1.5578736,7959.5596,5.394677,0,,,,,1251.5034624955604,0.0005090704,696.6117623290341,0.0005071018,-0.023023816,-0.02275531
2185.495932352145,7960.003,5.401762,-0.0008171581,137957,1251.5023203019105,696.6117590199844,7106.9614,4.703564,1371.4827,1.5625768,7960.003,5.401762,0,,,,,1251.5023203019105,0.00050962664,696.6117590199844,0.0005080021,-0.025661107,-0.023958033
2185.5028768692932,7954.478,5.409342,-0.0008170823,137958,1251.5002332318863,696.6128723586075,7098.3047,4.7101645,1393.7249,1.5733423,7954.478,5.409342,0,,,,,1251.5002332318863,0.0005111024,696.6128723586075,0.00050964975,-0.02595243,-0.022859043
2185.5098213863844,7957.0713,5.423981,-0.00081700657,137959,1251.5025128061786,696.612309215098,7104.2134,4.722912,1423.5503,1.5856711,7957.0713,5.423981,0,,,,,1251.5025128061786,0.0005124793,696.612309215098,0.0005101604,-0.023026377,-0.02313373
2185.5167659035337,7953.559,5.437955,-0.0008169308,137960,1251.5008682932578,696.6124914222048,7101.1963,4.7350793,1453.8398,1.6001422,7953.559,5.437955,0,,,,,1251.5008682932578,0.00051330734,696.6124914222048,0.0005121431,-0.025364358,-0.022732263
2185.523710420684,7952.5723,5.4520545,-0.000816855,137961,1251.50349461759,696.612195935251,7098.4507,4.7473564,1490.8289,1.6129723,7952.5723,5.4520545,0,,,,,1251.50349461759,0.0005157601,696.612195935251,0.00051371194,-0.023751447,-0.021821152
2185.5306549377747,7950.793,5.4710703,-0.00081677927,137962,1251.5002731432978,696.6118909582157,7098.3076,4.763914,1524.9734,1.6309344,7950.793,5.4710703,0,,,,,1251.5002731432978,0.00051709206,696.6118909582157,0.0005160033,-0.025611868,-0.024164658
2185.5375994548663,7958.691,5.488652,-0.00081670354,137963,1251.501955512676,696.6129544584538,7105.1855,4.779224,1561.6113,1.6449611,7958.691,5.488652,0,,,,,1251.501955512676,0.0005192155,696.6129544584538,0.0005168927,-0.024696276,-0.02336599
2185.5445439719583,7959.747,5.504908,-0.0008166278,137964,1251.5019046264415,696.612134661745,7105.007,4.7933784,1606.9933,1.6620647,7959.747,5.504908,0,,,,,1251.5019046264415,0.0005207546,696.612134661745,0.0005184848,-0.025653847,-0.022019517
2185.5514884890486,7955.701,5.5236735,-0.0008165521,137965,1251.5001284005048,696.6124728300185,7101.085,4.809718,1650.1731,1.6804957,7955.701,5.5236735,0,,,,,1251.5001284005048,0.0005227519,696.6124728300185,0.00052151043,-0.026125357,-0.024256084
2185.5584330060815,7945.6597,5.5416594,-0.0008164764,137966,1251.5040126258505,696.612795407467,7090.2915,4.8253794,1693.4191,1.6979519,7945.6597,5.5416594,0,,,,,1251.5040126258505,0.0005261318,696.612795407467,0.00052424497,-0.02356801,-0.021847865
2185.5653775231144,7943.044,5.559795,-0.00081640074,137967,1251.5022102257583,696.6115177633786,7090.043,4.841171,1739.7554,1.7155669,7943.044,5.559795,0,,,,,1251.5022102257583,0.000527595,696.6115177633786,0.0005261564,-0.024592511,-0.024887452
2185.5723220402065,7956.7656,5.5839334,-0.000816325,137968,1251.5008011904617,696.6123078243561,7102.302,4.8621893,1786.5214,1.7349248,7956.7656,5.5839334,0,,,,,1251.5008011904617,0.0005293272,696.6123078243561,0.00052761217,-0.025704185,-0.022909123
2185.579266557239,7945.4404,5.603047,-0.00081624935,137969,1251.5020135309985,696.6125905119801,7092.1167,4.8788323,1838.8599,1.7548792,7945.4404,5.603047,0,,,,,1251.5020135309985,0.0005320148,696.6125905119801,0.0005300399,-0.02556999,-0.021686528
2185.5862110742128,7954.751,5.6285615,-0.00081617374,137970,1251.502851549258,696.6112374585423,7099.3335,4.901049,1893.2598,1.7760378,7954.751,5.6285615,0,,,,,1251.502851549258,0.00053436076,696.6112374585423,0.0005322318,-0.023342658,-0.024275932
2185.593155591246,7948.796,5.6513133,-0.00081609807,137971,1251.5014427793647,696.611835177207,7091.202,4.9208603,1948.4855,1.7972704,7948.796,5.6513133,0,,,,,1251.5014427793647,0.0005380189,696.611835177207,0.0005354926,-0.02417344,-0.022775196
2185.60010010828,7947.8457,5.674599,-0.0008160224,137972,1251.5034183872353,696.6132230874612,7093.6543,4.9411364,2000.9537,1.8167491,7947.8457,5.674599,0,,,,,1251.5034183872353,0.00053950306,696.6132230874612,0.0005377705,-0.022408227,-0.020867342
2185.6070446252547,7955.4844,5.699574,-0.0008159468,137973,1251.5014871578815,696.6113005185682,7101.4937,4.962883,2056.4187,1.8382704,7955.4844,5.699574,0,,,,,1251.5014871578815,0.000541412,696.6113005185682,0.0005394582,-0.025305891,-0.02488197
2185.6139891422295,7946.6665,5.719163,-0.0008158712,137974,1251.5016783570727,696.6111380741927,7090.36,4.97994,2107.0623,1.8563745,7946.6665,5.719163,0,,,,,1251.5016783570727,0.0005450073,696.6111380741927,0.0005423484,-0.024419367,-0.023594383
2185.620933659205,7954.632,5.741272,-0.00081579556,137975,1251.5034308227837,696.6119133648261,7098.091,4.9991913,2157.9646,1.875006,7954.632,5.741272,0,,,,,1251.5034308227837,0.00054618885,696.6119133648261,0.0005446776,-0.023096265,-0.023613619
2185.6278781761794,7950.865,5.7623663,-0.00081571995,137976,1251.5013270440124,696.6125779556127,7094.4243,5.017559,2209.0625,1.8943541,7950.865,5.7623663,0,,,,,1251.5013270440124,0.00054892775,696.6125779556127,0.00054686214,-0.025680983,-0.023076592
2187.204285056546,7948.6987,5.6155734,-0.000797029,138203,1251.5219439268608,696.6304561387619,7095.097,4.88974,1873.8624,1.7660568,7948.6987,5.6155734,0,,,,,1251.5219439268608,0.00053469796,696.6304561387619,0.00052914006,-0.00053662894,0.0006899202
2187.211229596222,7938.99,5.5532136,-0.0007969307,138204,1251.5220295132171,696.6300775753929,7086.5195,4.83544,1734.8859,1.7109019,7938.99,5.5532136,0,,,,,1251.5220295132171,0.0005286861,696.6300775753929,0.0005232813,-0.0001531992,5.416459e-06
2187.218174136015,7948.905,5.5034986,-0.00079683226,138205,1251.5222078671768,696.6310672840145,7094.8887,4.792151,1609.238,1.6613456,7948.905,5.5034986,0,,,,,1251.5222078671768,0.00052291795,696.6310672840145,0.00051767164,-0.00016199287,0.00041150762
2187.225118675923,7952.991,5.453756,-0.0007967337,138206,1251.5222932429585,696.6298289268323,7098.962,4.748838,1497.2334,1.6161506,7952.991,5.453756,0,,,,,1251.5222932429585,0.00051730144,696.6298289268323,0.00051158573,0.0,0.0
2187.2320632158894,7952.09,5.4156294,-0.0007966351,138207,1251.52239589513,696.6308543734797,7097.472,4.7156396,1411.5848,1.5791563,7952.09,5.4156294,0,,,,,1251.52239589513,0.00051361957,696.6308543734797,0.0005078092,0.00066109217,0.0006473803
2187.2390077559153,7965.3716,5.3932076,-0.00079653645,138208,1251.5227835597807,696.6293569639845,7108.484,4.696116,1341.5093,1.5513886,7965.3716,5.3932076,0,,,,,1251.5227835597807,0.0005107699,696.6293569639845,0.0005049519,0.000478578,-0.0003736512
2187.245952296056,7958.046,5.362978,-0.0007964377,138209,1251.5237623788082,696.6310822855634,7103.7544,4.669793,1286.5369,1.526916,7958.046,5.362978,0,,,,,1251.5237623788082,0.00050734665,696.6310822855634,0.00050164544,0.0013699516,0.00085185526
2187.2528968362553,7961.4473,5.34772,-0.00079633883,138210,1251.523401725187,696.6300709187202,7106.0044,4.6565075,1247.719,1.5091974,7961.4473,5.34772,0,,,,,1251.523401725187,0.00050527405,696.6300709187202,0.000500144,0.000624733,0.00094857
2187.2598413765722,7960.631,5.3340325,-0.0007962399,138211,1251.5238748278032,696.6303282317331,7105.0923,4.644589,1220.269,1.4966687,7960.631,5.3340325,0,,,,,1251.5238748278032,0.0005044806,696.6303282317331,0.00049834815,0.0015090996,0.00038000126
2187.2667859169474,7957.722,5.3279953,-0.00079614087,138212,1251.5244279671203,696.6301156424089,7102.048,4.6393323,1207.6973,1.4907818,7957.722,5.3279953,0,,,,,1251.5244279671203,0.00050424726,696.6301156424089,0.00049848855,0.0013499069,0.0005722628
2187.2737304573793,7958.268,5.3248234,-0.0007960418,138213,1251.5243420072934,696.6309242338303,7103.4624,4.63657,1202.1998,1.4875447,7958.268,5.3248234,0,,,,,1251.5243420072934,0.0005035716,696.6309242338303,0.0004978643,0.002077341,-8.279085e-05
2187.2806749978704,7963.681,5.326836,-0.0007959427,138214,1251.5240341643396,696.6298344798112,7109.227,4.638323,1202.3816,1.4880284,7963.681,5.326836,0,,,,,1251.5240341643396,0.0005032441,696.6298344798112,0.00049785286,0.002056785,-0.00010869211
2187.287619538478,7947.3013,5.3236456,-0.0007958434,138215,1251.5245752990681,696.6304437229736,7093.805,4.635545,1200.5862,1.4870962,7947.3013,5.3236456,0,,,,,1251.5245752990681,0.0005042873,696.6304437229736,0.00049887324,0.0031583228,0.0007852506
2187.294564079142,7960.831,5.325685,-0.0007957441,138216,1251.523655647008,696.6304510801833,7107.2896,4.6373205,1198.7765,1.4906033,7960.831,5.325685,0,,,,,1251.523655647008,0.00050290936,696.6304510801833,0.0004976511,0.0011587562,-0.00029269615
2187.301508619865,7951.0063,5.3241053,-0.00079564477,138217,1251.5251895451208,696.6314660052947,7097.058,4.6359453,1199.8606,1.4867347,7951.0063,5.3241053,0,,,,,1251.5251895451208,0.0005035516,696.6314660052947,0.000498331,0.003583308,0.0014175199
2187.308453160648,7957.9727,5.325158,-0.00079554535,138218,1251.5238266582066,696.6287368889857,7103.979,4.636862,1202.0563,1.4872073,7957.9727,5.325158,0,,,,,1251.5238266582066,0.00050337147,696.6287368889857,0.00049803325,0.0014955102,-0.0009710061
2187.315397701488,7955.084,5.3283134,-0.00079544587,138219,1251.525308450123,696.6291033577688,7102.468,4.639609,1200.5251,1.4908394,7955.084,5.3283134,0,,,,,1251.525308450123,0.0005037946,696.6291033577688,0.0004982157,0.003473863,0.00018210003
2187.322342242386,7960.541,5.3262625,-0.00079534634,138220,1251.524414922164,696.6303623464496,7107.178,4.6378236,1197.6082,1.4868878,7960.541,5.3262625,0,,,,,1251.524414922164,0.0005036523,696.6303623464496,0.00049783953,0.003570594,0.00054232456
2187.329286783342,7956.3506,5.3263144,-0.00079524674,138221,1251.526216372714,696.6296770351614,7103.0234,4.637869,1201.4686,1.48718,7956.3506,5.3263144,0,,,,,1251.526216372714,0.00050370133,696.6296770351614,0.00049811444,0.0036543198,0.0009195908
2187.3362313243574,7959.9814,5.328679,-0.0007951471,138222,1251.5269943771782,696.6295317488189,7106.74,4.6399274,1198.5815,1.4880459,7959.9814,5.328679,0,,,,,1251.5269943771782,0.0005038926,696.6295317488189,0.00049823785,0.0047607785,0.0005304285
2187.3431758654883,7958.913,5.324709,-0.0007950473,138223,1251.525930630684,696.6296417598699,7105.827,4.636471,1200.853,1.4861594,7958.913,5.324709,0,,,,,1251.525930630684,0.0005033471,696.6296417598699,0.00049780664,0.0048169815,0.00027961034
2187.350120406619,7959.004,5.3246784,-0.00079494755,138224,1251.5250393245294,696.6294105602317,7106.5786,4.636444,1200.2737,1.4862369,7959.004,5.3246784,0,,,,,1251.5250393245294,0.00050294196,696.6294105602317,0.000497475,0.0023475701,-0.0005061601
2187.357064947809,7956.2056,5.325479,-0.0007948477,138225,1251.526319186732,696.6303421830937,7103.982,4.637141,1198.2776,1.4899195,7956.2056,5.325479,0,,,,,1251.526319186732,0.0005036154,696.6303421830937,0.00049820944,0.00539506,0.0006704972
2187.3640094890566,7952.3096,5.323787,-0.00079474784,138226,1251.5249361781516,696.6291912907287,7098.808,4.6356683,1198.8668,1.4882132,7952.3096,5.323787,0,,,,,1251.5249361781516,0.0005040817,696.6291912907287,0.00049853494,0.0038218813,-0.00077694445
2187.370954030361,7961.753,5.3233905,-0.0007946479,138227,1251.527097486489,696.6298703386494,7107.557,4.6353226,1197.1079,1.4857349,7961.753,5.3233905,0,,,,,1251.527097486489,0.0005031245,696.6298703386494,0.00049761304,0.004869442,0.00051174173
2187.377898571725,7956.753,5.325005,-0.0007945479,138228,1251.5263957655432,696.6296819571338,7104.721,4.6367283,1197.5667,1.4861262,7956.753,5.325005,0,,,,,1251.5263957655432,0.00050349865,696.6296819571338,0.00049788004,0.004887323,8.53396e-05
2187.384843113148,7955.7163,5.329741,-0.00079444784,138229,1251.5264788624152,696.63045313241,7103.7656,4.6408525,1198.6272,1.4881282,7955.7163,5.329741,0,,,,,1251.5264788624152,0.00050427933,696.63045313241,0.00049836526,0.0055328915,0.0007566408
2187.3917876545697,7949.227,5.322208,-0.0007943478,138230,1251.5267129535162,696.6298374594563,7098.534,4.634293,1200.8245,1.4865704,7949.227,5.322208,0,,,,,1251.5267129535162,0.00050360715,696.6298374594563,0.0004980339,0.004900358,0.00032605988
2187.398732196108,7948.7036,5.3222575,-0.0007942476,138231,1251.5278248639827,696.6295310394835,7098.6064,4.634336,1198.3895,1.4873178,7948.7036,5.3222575,0,,,,,1251.5278248639827,0.0005039284,696.6295310394835,0.0004980453,0.006502152,-5.0744155e-05
2187.4056767376464,7955.058,5.327224,-0.00079414743,138232,1251.5265969323668,696.6305900740794,7103.5737,4.6386604,1200.5684,1.488165,7955.058,5.327224,0,,,,,1251.5265969323668,0.000503627,696.6305900740794,0.0004983662,0.0052197785,-0.00013289356
2187.412621279243,7954.1343,5.3260508,-0.0007940472,138233,1251.5270104806764,696.6305328401735,7101.567,4.6376386,1198.8105,1.4868357,7954.1343,5.3260508,0,,,,,1251.5270104806764,0.00050407654,696.6305328401735,0.00049813115,0.005404804,0.00064839993
2187.4195658208405,7947.327,5.3249636,-0.00079394697,138234,1251.5282398526278,696.628871400412,7097.3022,4.6366925,1199.6958,1.487753,7947.327,5.3249636,0,,,,,1251.5282398526278,0.0005036965,696.628871400412,0.0004987011,0.0058677313,-0.0001988834
2187.4265103625535,7947.35,5.3211985,-0.0007938466,138235,1251.5263435656946,696.6297606111224,7097.7666,4.633414,1198.4033,1.4851613,7947.35,5.3211985,0,,,,,1251.5263435656946,0.00050377747,696.6297606111224,0.0004978421,0.0052292333,-0.00036535267
2187.4334549042665,7964.0903,5.325136,-0.00079374627,138236,1251.5281614872185,696.6291656125243,7111.5444,4.6368423,1196.7957,1.487464,7964.0903,5.325136,0,,,,,1251.5281614872185,0.0005031376,696.6291656125243,0.0004969294,0.0065860245,0.000980505
2187.4403994460376,7954.8223,5.326131,-0.00079364586,138237,1251.526645998772,696.6291373974545,7104.4253,4.6377087,1201.2307,1.4874825,7954.8223,5.326131,0,,,,,1251.526645998772,0.0005036426,696.6291373974545,0.0004979926,0.0059256023,-0.00085899245
2187.447343987809,7961.951,5.3245587,-0.00079354545,138238,1251.5267200664616,696.6293708251496,7110.84,4.6363397,1197.2637,1.4854422,7961.951,5.3245587,0,,,,,1251.5267200664616,0.0005033244,696.6293708251496,0.0004976238,0.0061925044,-0.0013025491
2187.4542885296964,7953.8716,5.3216,-0.0007934449,138239,1251.526767841319,696.6301451395483,7103.004,4.6337633,1195.9297,1.4849921,7953.8716,5.3216,0,,,,,1251.526767841319,0.00050388084,696.6301451395483,0.0004975209,0.006790348,9.121065e-05
2187.461233071526,7960.117,5.3264337,-0.00079334446,138240,1251.5272345657706,696.6292469974031,7107.9634,4.637973,1196.7137,1.4854203,7960.117,5.3264337,0,,,,,1251.5272345657706,0.0005036865,696.6292469974031,0.00049841823,0.006205975,-0.0015271778
2187.4681776134726,7959.136,5.32383,-0.0007932439,138241,1251.5266755230402,696.6288067871644,7108.2344,4.6357055,1196.5801,1.4854304,7959.136,5.32383,0,,,,,1251.5266755230402,0.0005032258,696.6288067871644,0.0004973854,0.0065925466,-0.0007026593
2187.475122155418,7953.121,5.324377,-0.0007931433,138242,1251.5271831165574,696.6295649128201,7103.378,4.636182,1199.2086,1.4874333,7953.121,5.324377,0,,,,,1251.5271831165574,0.000504051,696.6295649128201,0.0004977985,0.006810196,-0.0007172186
2187.482066697422,7943.204,5.321202,-0.00079304265,138243,1251.5282850588158,696.6284885983131,7094.423,4.6334167,1198.6481,1.4873927,7943.204,5.321202,0,,,,,1251.5282850588158,0.00050387834,696.6284885983131,0.00049822725,0.007118042,-0.0011065655
2187.4890112394264,7960.302,5.3245997,-0.000792942,138244,1251.5280284141354,696.6284437755227,7110.295,4.6363754,1195.8276,1.4852256,7960.302,5.3245997,0,,,,,1251.5280284141354,0.00050352514,696.6284437755227,0.0004968686,0.006861814,-0.00036722518
2187.4959557814896,7957.2695,5.3246613,-0.0007928413,138245,1251.5289265595125,696.629504081224,7106.618,4.6364293,1198.2876,1.4871683,7957.2695,5.3246613,0,,,,,1251.5289265595125,0.000503309,696.629504081224,0.0004975092,0.007829396,-0.0008700671
2187.5029003235513,7958.105,5.3255963,-0.0007927406,138246,1251.5281010458655,696.6277319137146,7107.3613,4.6372437,1195.9602,1.4853578,7958.105,5.3255963,0,,,,,1251.5281010458655,0.0005039363,696.6277319137146,0.0004978256,0.006523209,-0.0013319579
2187.5098448656713,7948.0728,5.3206463,-0.00079263985,138247,1251.5288539947996,696.6290017522033,7099.5977,4.632933,1196.0975,1.4856671,7948.0728,5.3206463,0,,,,,1251.5288539947996,0.00050382735,696.6290017522033,0.0004973369,0.008296861,-0.0005497384
2187.5167894077927,7962.9863,5.3245635,-0.0007925391,138248,1251.5281785103045,696.6300031027239,7111.4463,4.636344,1197.225,1.4850214,7962.9863,5.3245635,0,,,,,1251.5281785103045,0.00050301815,696.6300031027239,0.0004973397,0.0077010975,-0.00019995205
2187.523733949971,7965.861,5.3263626,-0.0007924383,138249,1251.5276945675707,696.6286179991994,7114.5664,4.6379104,1193.5864,1.4886075,7965.861,5.3263626,0,,,,,1251.5276945675707,0.00050297467,696.6286179991994,0.00049749017,0.0071214195,-0.0027416148
2187.5306784922072,7960.198,5.32377,-0.0007923374,138250,1251.527692494832,696.6281519186359,7110.5894,4.635653,1196.0883,1.4849869,7960.198,5.32377,0,,,,,1251.527692494832,0.0005032115,696.6281519186359,0.00049729616,0.0069665983,-0.0011927355
2187.537623034445,7940.6016,5.3213034,-0.00079223653,138251,1251.5278058339816,696.6291509527334,7093.6963,4.6335053,1197.1881,1.4891407,7940.6016,5.3213034,0,,,,,1251.5278058339816,0.000504025,696.6291509527334,0.00049811404,0.0077154725,-0.0011221699
2187.5445675766828,7952.7227,5.3226705,-0.00079213566,138252,1251.5290227233545,696.6287360494908,7104.215,4.634696,1198.1385,1.4852722,7952.7227,5.3226705,0,,,,,1251.5290227233545,0.0005035437,696.6287360494908,0.0004973758,0.008571464,-0.00067922927
2187.5515121189774,7958.66,5.323585,-0.0007920347,138253,1251.5293685300253,696.6284204848587,7109.082,4.6354923,1196.3566,1.4872553,7958.66,5.323585,0,,,,,1251.5293685300253,0.00050317205,696.6284204848587,0.0004970423,0.008329449,-0.0012991197
2187.558456661273,7954.328,5.3258157,-0.0007919338,138254,1251.5297596446626,696.6292560171987,7104.653,4.637434,1197.4772,1.4861397,7954.328,5.3258157,0,,,,,1251.5297596446626,0.00050353585,696.6292560171987,0.00049814384,0.008955583,-3.995112e-06
2187.5654012036266,7950.2993,5.321675,-0.0007918328,138255,1251.52771067626,696.6270398465235,7100.3516,4.6338286,1197.2015,1.484796,7950.2993,5.321675,0,,,,,1251.52771067626,0.0005037328,696.6270398465235,0.0004981761,0.0069468315,-0.004015716
2187.5723457459794,7960.4673,5.325196,-0.0007917318,138256,1251.5289833860693,696.6273030421833,7111.157,4.636894,1195.1533,1.485002,7960.4673,5.325196,0,,,,,1251.5289833860693,0.00050306576,696.6273030421833,0.0004975178,0.008432439,-0.0020854366
2187.5792902883327,7958.414,5.3238378,-0.0007916308,138257,1251.5297558757745,696.6287299703741,7108.5166,4.635712,1196.1752,1.4854194,7958.414,5.3238378,0,,,,,1251.5297558757745,0.00050371245,696.6287299703741,0.0004974675,0.008756013,-0.0013728691
2187.586234830744,7960.315,5.3238525,-0.0007915298,138258,1251.528826942115,696.6281824430048,7110.5054,4.635725,1193.9958,1.4836707,7960.315,5.3238525,0,,,,,1251.528826942115,0.00050368055,696.6281824430048,0.0004975229,0.007826044,-0.002442936
2187.5931793732143,7975.149,5.3291216,-0.00079142867,138259,1251.5294232279077,696.629620982769,7121.7437,4.640313,1194.2787,1.4865274,7975.149,5.3291216,0,,,,,1251.5294232279077,0.00050378335,696.629620982769,0.0004969858,0.009052462,-0.00052243145
2187.6001239156258,7966.3027,5.3277473,-0.0007913276,138260,1251.528793824292,696.627486201138,7116.4985,4.6391163,1193.2555,1.4880602,7966.3027,5.3277473,0,,,,,1251.528793824292,0.00050312094,696.627486201138,0.00049722096,0.0073542832,-0.0030587274
2187.607068458095,7953.4126,5.3226748,-0.0007912265,138261,1251.5300257174922,696.6283727993739,7105.058,4.6346993,1195.1273,1.4849645,7953.4126,5.3226748,0,,,,,1251.5300257174922,0.0005036121,696.6283727993739,0.000497557,0.009359775,-0.0021424934
2187.614013000624,7954.1587,5.321004,-0.00079112535,138262,1251.5292968044216,696.62776549254,7101.948,4.6332445,1194.2891,1.4834753,7954.1587,5.321004,0,,,,,1251.5292968044216,0.000503873,696.62776549254,0.0004978262,0.008557604,-0.0034287807
2187.6209575431517,7945.683,5.3192897,-0.0007910242,138263,1251.5281597273233,696.6282037132003,7097.5874,4.631752,1194.9324,1.4844218,7945.683,5.3192897,0,,,,,1251.5281597273233,0.0005037176,696.6282037132003,0.0004977088,0.008300376,-0.0020003757
2187.6279020856796,7959.433,5.3237133,-0.000790923,138264,1251.5297914554583,696.6290196107695,7109.5396,4.635604,1194.0708,1.4884402,7959.433,5.3237133,0,,,,,1251.5297914554583,0.0005032791,696.6290196107695,0.00049719826,0.009815021,-0.0014509804
2187.634846628208,7951.5703,5.3234115,-0.00079082185,138265,1251.5304068337132,696.6281925427098,7102.2495,4.6353407,1192.941,1.4853095,7951.5703,5.3234115,0,,,,,1251.5304068337132,0.0005035677,696.6281925427098,0.000498172,0.009036272,-0.0021721967
2187.6417911707945,7957.1714,5.3236,-0.00079072063,138266,1251.528579489902,696.6275221650224,7108.5425,4.635505,1193.3457,1.4851067,7957.1714,5.3236,0,,,,,1251.528579489902,0.00050352403,696.6275221650224,0.0004974337,0.008839948,-0.0025399642
2187.6487357133797,7958.393,5.322282,-0.0007906194,138267,1251.5298494746985,696.6273597659174,7108.6724,4.6343575,1193.6445,1.484652,7958.393,5.322282,0,,,,,1251.5298494746985,0.0005032334,696.6273597659174,0.0004973793,0.008004055,-0.0021178217
2187.6556802559658,7946.814,5.3233514,-0.0007905182,138268,1251.5299520885558,696.6278162164181,7099.292,4.6352882,1193.955,1.4849877,7946.814,5.3233514,0,,,,,1251.5299520885558,0.00050382374,696.6278162164181,0.00049829396,0.008957322,-0.0030613272
2187.662624798611,7956.8193,5.3242636,-0.0007904169,138269,1251.5293208176913,696.6272366150536,7107.978,4.636083,1193.2437,1.4844279,7956.8193,5.3242636,0,,,,,1251.5293208176913,0.0005033007,696.6272366150536,0.00049769867,0.009200833,-0.0024314916
2187.6695693412553,7951.377,5.321122,-0.0007903156,138270,1251.5303188635241,696.6271734058341,7102.272,4.633347,1194.7438,1.4839338,7951.377,5.321122,0,,,,,1251.5303188635241,0.00050353,696.6271734058341,0.0004977852,0.009204216,-0.0028666474
2187.6765138838996,7957.943,5.3251677,-0.00079021434,138271,1251.5309909418936,696.6269233785812,7109.538,4.63687,1194.9836,1.4859778,7957.943,5.3251677,0,,,,,1251.5309909418936,0.00050320174,696.6269233785812,0.0004975495,0.009813336,-0.0025778364
2187.683458426602,7952.4546,5.322682,-0.000790113,138272,1251.5303083551798,696.628439192781,7104.45,4.6347055,1194.3638,1.4876542,7952.4546,5.322682,0,,,,,1251.5303083551798,0.00050340325,696.628439192781,0.00049726147,0.009413185,-0.0022199121
2187.6904029692464,7950.5522,5.3245215,-0.0007900117,138273,1251.5296341251217,696.6267405246545,7102.323,4.6363077,1193.8313,1.485413,7950.5522,5.3245215,0,,,,,1251.5296341251217,0.0005035919,696.6267405246545,0.00049842923,0.0088380035,-0.004025023
2187.69734751195,7943.7817,5.319288,-0.0007899104,138274,1251.5302249472586,696.6265245683849,7096.4067,4.6317506,1193.5466,1.4841639,7943.7817,5.319288,0,,,,,1251.5302249472586,0.0005037578,696.6265245683849,0.0004978865,0.009394772,-0.002797679
2187.7042920547105,7954.138,5.3209567,-0.000789809,138275,1251.530146641711,696.6277995767508,7104.105,4.6332035,1192.8849,1.4835621,7954.138,5.3209567,0,,,,,1251.530146641711,0.00050348765,696.6277995767508,0.00049786165,0.009356386,-0.0029600272
2187.7112365974135,7947.3228,5.3214345,-0.00078970764,138276,1251.5308098461687,696.6273322460902,7100.0083,4.6336193,1195.1576,1.485952,7947.3228,5.3214345,0,,,,,1251.5308098461687,0.0005037616,696.6273322460902,0.00049773627,0.009635746,-0.0030416574
2187.7181811401747,7953.795,5.322908,-0.00078960625,138277,1251.530874741845,696.628800273614,7105.417,4.6349025,1194.3871,1.4848293,7953.795,5.322908,0,,,,,1251.530874741845,0.0005036865,696.628800273614,0.00049765385,0.00991491,-0.0020936208
2187.7251256829345,7954.4053,5.3213,-0.00078950485,138278,1251.5304799508829,696.62624943978,7104.7515,4.6335025,1193.3074,1.483527,7954.4053,5.3213,0,,,,,1251.5304799508829,0.000503302,696.62624943978,0.00049794884,0.009272687,-0.0043075043
2187.732070225695,7951.506,5.323086,-0.00078940345,138279,1251.5299118734204,696.6271673528823,7103.157,4.635057,1193.7051,1.4843951,7951.506,5.323086,0,,,,,1251.5299118734204,0.000503882,696.6271673528823,0.00049803144,0.00953634,-0.003708464
2187.739014768456,7946.042,5.3193517,-0.00078930205,138280,1251.5314306005648,696.6280376362995,7098.808,4.631806,1193.3779,1.4836957,7946.042,5.3193517,0,,,,,1251.5314306005648,0.00050368946,696.6280376362995,0.0004974852,0.010936363,-0.0024936951
2187.745959311276,7953.0957,5.3187103,-0.0007892006,138281,1251.5292016429446,696.6250100434844,7101.4287,4.6312475,1191.6575,1.4822301,7953.0957,5.3187103,0,,,,,1251.5292016429446,0.00050343154,696.6250100434844,0.00049803616,0.009314617,-0.004409557
2187.752903854036,7950.1313,5.321092,-0.0007890992,138282,1251.5309487722238,696.6266232709568,7102.0493,4.633322,1194.1439,1.4853585,7950.1313,5.321092,0,,,,,1251.5309487722238,0.0005036387,696.6266232709568,0.00049754156,0.009564079,-0.0048014987
2187.759848396855,7955.4785,5.3213573,-0.00078899774,138283,1251.5297297456125,696.6276407424136,7107.4956,4.633552,1192.3289,1.4835304,7955.4785,5.3213573,0,,,,,1251.5297297456125,0.00050312746,696.6276407424136,0.0004972724,0.009462219,-0.003633166
2187.7667929397326,7944.3213,5.318055,-0.0007888962,138284,1251.5307615406064,696.6264725834228,7097.1914,4.630677,1191.0668,1.4830521,7944.3213,5.318055,0,,,,,1251.5307615406064,0.00050368236,696.6264725834228,0.0004975995,0.009764123,-0.0033106897
2187.7737374825524,7946.347,5.3196573,-0.0007887948,138285,1251.5307379093035,696.6257339318489,7097.193,4.632072,1192.9172,1.4858667,7946.347,5.3196573,0,,,,,1251.5307379093035,0.00050377386,696.6257339318489,0.0004980213,0.01023944,-0.0047198897
2187.780682025371,7948.5654,5.319925,-0.0007886933,138286,1251.5304469493522,696.6272185864692,7101.0093,4.6323047,1192.6036,1.4833664,7948.5654,5.319925,0,,,,,1251.5304469493522,0.0005037968,696.6272185864692,0.0004972477,0.009996692,-0.003336628
2187.7876265682485,7951.429,5.320196,-0.0007885918,138287,1251.529921797389,696.6272750213246,7102.1416,4.632541,1191.2137,1.4855063,7951.429,5.320196,0,,,,,1251.529921797389,0.0005032531,696.6272750213246,0.000497448,0.010003007,-0.0035168428
2187.794571111126,7951.7866,5.3197436,-0.0007884903,138288,1251.530496048536,696.6275881061442,7103.788,4.632147,1188.0778,1.4847643,7951.7866,5.3197436,0,,,,,1251.530496048536,0.00050348253,696.6275881061442,0.000497098,0.010119768,-0.003825604
2187.8015156540027,7951.787,5.322925,-0.0007883888,138289,1251.5301032350087,696.6271294483373,7103.1567,4.6349177,1192.6244,1.4834876,7951.787,5.322925,0,,,,,1251.5301032350087,0.00050366134,696.6271294483373,0.0004979018,0.009894909,-0.0034628925
2187.80846019688,7951.698,5.3222036,-0.00078828726,138290,1251.530145739216,696.627656447862,7102.735,4.634289,1191.9722,1.4839891,7951.698,5.3222036,0,,,,,1251.530145739216,0.0005036507,696.627656447862,0.0004978074,0.009018015,-0.0032494718
2187.815404739757,7956.585,5.3216977,-0.00078818575,138291,1251.5312374752375,696.6251990043193,7108.2495,4.6338487,1190.082,1.483828,7956.585,5.3216977,0,,,,,1251.5312374752375,0.00050327723,696.6251990043193,0.00049735606,0.010367405,-0.005568108
2187.8223492826933,7952.1816,5.3192534,-0.0007880842,138292,1251.5290543417616,696.626615844871,7103.292,4.63172,1191.0684,1.4822736,7952.1816,5.3192534,0,,,,,1251.5290543417616,0.00050317805,696.626615844871,0.00049747544,0.008480554,-0.0040268563
2187.82929382557,7948.8706,5.320512,-0.00078798266,138293,1251.5308468186136,696.6271094497451,7100.73,4.632816,1193.367,1.485061,7948.8706,5.320512,0,,,,,1251.5308468186136,0.000503666,696.6271094497451,0.0004979119,0.010015554,-0.004461456
2187.8362383685057,7952.0903,5.3229413,-0.0007878811,138294,1251.529600332117,696.6264979031237,7101.562,4.6349316,1192.8861,1.4838876,7952.0903,5.3229413,0,,,,,1251.529600332117,0.0005040732,696.6264979031237,0.0004986523,0.009370945,-0.0039168685
2187.8431829114415,7957.9663,5.3224154,-0.0007877795,138295,1251.530316633226,696.6269058394588,7107.3247,4.6344733,1190.3699,1.4825808,7957.9663,5.3224154,0,,,,,1251.530316633226,0.00050407485,696.6269058394588,0.0004975383,0.011349612,-0.003292128
2187.8501274543764,7959.572,5.3220954,-0.00078767794,138296,1251.5297390346957,696.6236575453245,7109.154,4.634195,1191.9528,1.483502,7959.572,5.3220954,0,,,,,1251.5297390346957,0.00050314714,696.6236575453245,0.0004976113,0.008678355,-0.006408407
2187.857071997312,7951.8545,5.3207145,-0.00078757637,138297,1251.530153432864,696.6273710412131,7103.1484,4.6329927,1190.9775,1.484189,7951.8545,5.3207145,0,,,,,1251.530153432864,0.0005033303,696.6273710412131,0.00049779913,0.009700685,-0.002901004
2187.8640165402476,7954.7925,5.3212976,-0.0007874748,138298,1251.5310970140515,696.6258183763938,7106.313,4.6335,1190.9464,1.4828838,7954.7925,5.3212976,0,,,,,1251.5310970140515,0.00050372037,696.6258183763938,0.00049744727,0.010369974,-0.0056657875
2187.8709610831834,7954.3965,5.326119,-0.0007873732,138299,1251.5307133066913,696.6267689140292,7105.1025,4.637698,1188.574,1.4838074,7954.3965,5.326119,0,,,,,1251.5307133066913,0.0005040342,696.6267689140292,0.00049833267,0.009998268,-0.0037061798
2187.877905626177,7948.529,5.321303,-0.0007872716,138300,1251.5295340664354,696.6260767274084,7100.935,4.633505,1189.965,1.4834532,7948.529,5.321303,0,,,,,1251.5295340664354,0.00050365535,696.6260767274084,0.0004980666,0.008849567,-0.00553249
2187.8848501691123,7957.5283,5.320941,-0.00078717,138301,1251.5303479476722,696.6269072791623,7108.722,4.63319,1190.3075,1.4826157,7957.5283,5.320941,0,,,,,1251.5303479476722,0.0005032155,696.6269072791623,0.0004971562,0.010060896,-0.004315191
2187.891794712106,7961.825,5.3219886,-0.0007870684,138302,1251.530344858268,696.6264485243912,7111.6885,4.634102,1190.2654,1.4827325,7961.825,5.3219886,0,,,,,1251.530344858268,0.0005029888,696.6264485243912,0.00049719424,0.01031244,-0.0045904582
2187.898739255041,7954.857,5.319433,-0.0007869668,138303,1251.5317959763486,696.6264993184917,7105.2007,4.631877,1189.1991,1.48261,7954.857,5.319433,0,,,,,1251.5317959763486,0.0005031753,696.6264993184917,0.00049702707,0.011092973,-0.0029182658
2187.9056837980347,7957.9165,5.3249183,-0.0007868652,138304,1251.5298937158218,696.6252105030534,7108.6943,4.636653,1189.1388,1.4849211,7957.9165,5.3249183,0,,,,,1251.5298937158218,0.00050334795,696.6252105030534,0.00049781817,0.009671912,-0.0060813613
2187.9126283410287,7960.093,5.3220572,-0.00078676356,138305,1251.5305082864907,696.6259501324209,7110.6846,4.6341615,1189.9412,1.4842113,7960.093,5.3220572,0,,,,,1251.5305082864907,0.0005031359,696.6259501324209,0.0004969359,0.010191781,-0.0047567203
2187.9195728840227,7947.6763,5.3193555,-0.0007866619,138306,1251.5305863110016,696.6257275446904,7099.824,4.6318097,1190.9548,1.4844459,7947.6763,5.3193555,0,,,,,1251.5305863110016,0.00050364004,696.6257275446904,0.0004977343,0.010386678,-0.0049682925
2187.9265174270163,7943.9927,5.318444,-0.0007865603,138307,1251.5299743471496,696.6256296817033,7097.6426,4.6310153,1191.4102,1.4832162,7943.9927,5.318444,0,,,,,1251.5299743471496,0.0005035283,696.6256296817033,0.000497776,0.010091714,-0.0063458784
2187.93346197001,7955.8267,5.323145,-0.00078645867,138308,1251.5298876717827,696.625987659287,7106.812,4.6351085,1190.9841,1.4871635,7955.8267,5.323145,0,,,,,1251.5298876717827,0.0005037755,696.625987659287,0.0004972635,0.009463204,-0.0047405134
2187.940406513004,7944.2876,5.318495,-0.00078635704,138309,1251.5316636702953,696.6263088133587,7096.1714,4.6310596,1189.4233,1.4847869,7944.2876,5.318495,0,,,,,1251.5316636702953,0.00050362846,696.6263088133587,0.00049754116,0.01130542,-0.0046410775
2187.947351056056,7953.7266,5.319932,-0.00078625535,138310,1251.5298777510034,696.6257929754369,7103.983,4.6323113,1190.8718,1.4836729,7953.7266,5.319932,0,,,,,1251.5298777510034,0.00050348655,696.6257929754369,0.0004974933,0.009965757,-0.0054191467
2187.9542955990496,7950.6055,5.319264,-0.0007861537,138311,1251.5303434041298,696.6253687111573,7101.2695,4.6317296,1189.3733,1.4816101,7950.6055,5.319264,0,,,,,1251.5303434041298,0.0005033878,696.6253687111573,0.00049792,0.009822086,-0.0054697148
2187.9612401420427,7951.0884,5.3195295,-0.0007860521,138312,1251.531379373834,696.6261588152041,7101.2383,4.6319604,1189.5831,1.484679,7951.0884,5.3195295,0,,,,,1251.531379373834,0.00050363276,696.6261588152041,0.0004973465,0.01142527,-0.004446981
2187.968184685094,7948.0957,5.3240805,-0.0007859504,138313,1251.5307456046303,696.6238276606025,7101.5376,4.6359234,1188.3029,1.4866163,7948.0957,5.3240805,0,,,,,1251.5307456046303,0.0005040198,696.6238276606025,0.00049804006,0.008708802,-0.0073475624
2187.9751292280885,7952.887,5.319088,-0.00078584877,138314,1251.5318300902504,696.626310188607,7103.582,4.631576,1188.5105,1.4836273,7952.887,5.319088,0,,,,,1251.5318300902504,0.00050340453,696.626310188607,0.0004972398,0.011405122,-0.0053821653
2187.98207377114,7955.6846,5.31898,-0.0007857471,138315,1251.5292444481006,696.6259327490784,7106.93,4.631482,1186.8772,1.4810048,7955.6846,5.31898,0,,,,,1251.5292444481006,0.00050305173,696.6259327490784,0.0004973027,0.008867241,-0.0055277017
2187.9890183141924,7945.515,5.3168216,-0.0007856454,138316,1251.5306213387573,696.6248962345785,7097.9473,4.629603,1188.7979,1.4814115,7945.515,5.3168216,0,,,,,1251.5306213387573,0.0005035337,696.6248962345785,0.000497833,0.009881239,-0.006332661
2187.9959628571864,7950.6113,5.320523,-0.00078554376,138317,1251.5305250647532,696.6256006504256,7101.637,4.632826,1188.2262,1.4821067,7950.6113,5.320523,0,,,,,1251.5305250647532,0.0005036794,696.6256006504256,0.0004979173,0.010035151,-0.0057650157
2188.002907400238,7953.3896,5.3181376,-0.00078544207,138318,1251.530891838537,696.6261401283127,7104.3247,4.6307487,1186.7798,1.4808685,7953.3896,5.3181376,0,,,,,1251.530891838537,0.0005032967,696.6261401283127,0.0004973175,0.01051353,-0.0051945182
2188.0098519432895,7955.9355,5.320265,-0.0007853404,138319,1251.5300227222556,696.6257870785361,7106.6343,4.6326013,1187.8826,1.4834824,7955.9355,5.320265,0,,,,,1251.5300227222556,0.0005027365,696.6257870785361,0.00049750344,0.009484408,-0.0052026575
2188.0167964863417,7948.481,5.318081,-0.0007852387,138320,1251.5297615117565,696.6241901141478,7097.621,4.630699,1186.2471,1.4807789,7948.481,5.318081,0,,,,,1251.5297615117565,0.00050359586,696.6241901141478,0.00049844745,0.009791313,-0.0072644707
2188.023741029394,7953.982,5.319827,-0.000785137,138321,1251.5300181809748,696.6254921678393,7104.3096,4.63222,1189.6412,1.4833324,7953.982,5.319827,0,,,,,1251.5300181809748,0.0005031546,696.6254921678393,0.0004974786,0.00941227,-0.005395515
2188.0306855724452,7963.07,5.3213854,-0.0007850353,138322,1251.5305869955275,696.625589056985,7112.683,4.633577,1183.8822,1.4808239,7963.07,5.3213854,0,,,,,1251.5305869955275,0.00050260307,696.625589056985,0.000497163,0.010717725,-0.005159436
2188.037630115497,7955.698,5.318803,-0.0007849336,138323,1251.5297821913518,696.6246594334814,7108.0986,4.631328,1187.5126,1.480835,7955.698,5.318803,0,,,,,1251.5297821913518,0.0005030356,696.6246594334814,0.00049735705,0.0091513265,-0.0076450203
2188.0445746585497,7955.7207,5.3238125,-0.00078483194,138324,1251.5289553963914,696.6255128884417,7107.0,4.63569,1190.4855,1.4845241,7955.7207,5.3238125,0,,,,,1251.5289553963914,0.00050315354,696.6255128884417,0.0004976473,0.009003581,-0.005082673
2188.051519201602,7954.51,5.319129,-0.00078473025,138325,1251.531257494448,696.6258080857037,7105.358,4.6316123,1185.819,1.4837165,7954.51,5.319129,0,,,,,1251.531257494448,0.00050298136,696.6258080857037,0.000497375,0.010613667,-0.005338169
2188.0584637446527,7956.453,5.3190837,-0.00078462856,138326,1251.5309193824075,696.6246643212271,7105.0728,4.6315727,1188.5563,1.4820634,7956.453,5.3190837,0,,,,,1251.5309193824075,0.0005032246,696.6246643212271,0.0004976634,0.009625758,-0.006092283
2188.065408287705,7963.8926,5.320288,-0.00078452687,138327,1251.5309519756072,696.6245591101772,7114.01,4.6326213,1183.9843,1.4796977,7963.8926,5.320288,0,,,,,1251.5309519756072,0.00050275784,696.6245591101772,0.00049679575,0.009995873,-0.0069181123
2188.072352830757,7946.708,5.317282,-0.0007844252,138328,1251.5303998132176,696.6250936518533,7098.3325,4.6300035,1189.0219,1.4820896,7946.708,5.317282,0,,,,,1251.5303998132176,0.0005033898,696.6250936518533,0.00049762096,0.0100081805,-0.005038818
2188.0792973738085,7952.8853,5.3184047,-0.0007843235,138329,1251.5313443799625,696.6239212603897,7104.3735,4.6309814,1187.5565,1.4812242,7952.8853,5.3184047,0,,,,,1251.5313443799625,0.0005029802,696.6239212603897,0.0004971394,0.010649766,-0.006620279
2188.08624191686,7948.9414,5.319025,-0.0007842218,138330,1251.530036191528,696.6244040333154,7100.383,4.631521,1186.5944,1.4810699,7948.9414,5.319025,0,,,,,1251.530036191528,0.0005034232,696.6244040333154,0.000498305,0.009366843,-0.006547433
2188.093186459913,7950.8447,5.319045,-0.0007841201,138331,1251.5295267487754,696.6255852158752,7100.9062,4.631539,1187.2506,1.482877,7950.8447,5.319045,0,,,,,1251.5295267487754,0.0005037212,696.6255852158752,0.0004975661,0.009743968,-0.0057642967
2188.100131002965,7956.69,5.3196955,-0.0007840184,138332,1251.5308444899401,696.624496315462,7105.2334,4.632105,1185.4993,1.4818033,7956.69,5.3196955,0,,,,,1251.5308444899401,0.0005034203,696.624496315462,0.0004978433,0.011464239,-0.006689108
2188.1070755460746,7947.776,5.3167796,-0.0007839167,138333,1251.5313803907113,696.6249670609792,7097.419,4.6295667,1188.4675,1.4821254,7947.776,5.3167796,0,,,,,1251.5313803907113,0.0005035277,696.6249670609792,0.00049792643,0.01005182,-0.0062720124
2188.1140200891264,7953.6606,5.319287,-0.000783815,138334,1251.5294844786526,696.62476548793,7102.774,4.6317496,1188.166,1.4826661,7953.6606,5.319287,0,,,,,1251.5294844786526,0.00050337997,696.62476548793,0.00049804285,0.010055305,-0.0064389203
2188.1209646321786,7945.978,5.319087,-0.0007837133,138335,1251.530235645357,696.6240656065572,7097.367,4.631575,1187.1678,1.482846,7945.978,5.319087,0,,,,,1251.530235645357,0.00050411624,696.6240656065572,0.00049804745,0.010095478,-0.0068541183
2188.127909175231,7951.042,5.32034,-0.0007836116,138336,1251.5305115606182,696.6248331544065,7102.2256,4.6326666,1185.9181,1.4820484,7951.042,5.32034,0,,,,,1251.5305115606182,0.0005031266,696.6248331544065,0.000497953,0.009861152,-0.0058129216
2188.1348537183408,7944.734,5.315885,-0.00078350987,138337,1251.5302694334414,696.6233360323293,7096.6367,4.6287875,1185.8113,1.4819175,7944.734,5.315885,0,,,,,1251.5302694334414,0.00050324656,696.6233360323293,0.00049741194,0.009568709,-0.0077924132
2188.1417982613925,7956.2715,5.319267,-0.0007834082,138338,1251.529977067035,696.6245538659809,7107.4414,4.631732,1187.2001,1.482975,7956.2715,5.319267,0,,,,,1251.529977067035,0.0005031756,696.6245538659809,0.0004970512,0.009253243,-0.0069547826
2188.1487428044443,7955.5737,5.319504,-0.0007833065,138339,1251.5305365893403,696.6264626740654,7104.7705,4.631938,1186.4397,1.480913,7955.5737,5.319504,0,,,,,1251.5305365893403,0.0005032429,696.6264626740654,0.000497793,0.010233498,-0.004891677
2188.155687347496,7954.9067,5.3206463,-0.0007832048,138340,1251.5299716348288,696.6239715201235,7105.7744,4.632933,1188.3158,1.4843885,7954.9067,5.3206463,0,,,,,1251.5299716348288,0.0005032993,696.6239715201235,0.00049751747,0.009561109,-0.0079195555
2188.162631890606,7964.167,5.3202286,-0.00078310305,138341,1251.531010872146,696.6235721807901,7114.7197,4.6325693,1184.7233,1.4796733,7964.167,5.3202286,0,,,,,1251.531010872146,0.00050233456,696.6235721807901,0.00049678003,0.009689627,-0.007846931
2188.169576433658,7960.3857,5.3234415,-0.00078300136,138342,1251.5308897346301,696.6242163514916,7108.2637,4.6353674,1188.7023,1.4826082,7960.3857,5.3234415,0,,,,,1251.5308897346301,0.0005038429,696.6242163514916,0.0004980286,0.010664255,-0.0064978725
2188.1765209767104,7959.2686,5.3212333,-0.0007828997,138343,1251.53059802994,696.624979436798,7109.3325,4.6334443,1186.1912,1.4814116,7959.2686,5.3212333,0,,,,,1251.53059802994,0.00050314073,696.624979436798,0.0004968896,0.010621406,-0.006121502
2188.1834655198204,7952.5054,5.319399,-0.0007827979,138344,1251.5310235392103,696.6243527935633,7102.3994,4.631847,1186.5026,1.4825726,7952.5054,5.319399,0,,,,,1251.5310235392103,0.0005030734,696.6243527935633,0.0004977913,0.010531511,-0.0069704195
2188.190410062872,7958.8784,5.321664,-0.00078269624,138345,1251.5291545314694,696.6228970378035,7109.636,4.6338196,1185.5923,1.4808527,7958.8784,5.321664,0,,,,,1251.5291545314694,0.00050277356,696.6228970378035,0.00049761403,0.008602059,-0.008566695
2188.197354605925,7961.431,5.3228087,-0.00078259455,138346,1251.5304339016998,696.6235432322682,7112.1553,4.634816,1187.1364,1.4815269,7961.431,5.3228087,0,,,,,1251.5304339016998,0.00050280726,696.6235432322682,0.00049704156,0.009430477,-0.007658694
2188.2042991489766,7948.236,5.3189535,-0.00078249286,138347,1251.5299609533033,696.624304466837,7099.218,4.631459,1189.1272,1.483748,7948.236,5.3189535,0,,,,,1251.5299609533033,0.0005036225,696.624304466837,0.00049761805,0.009286182,-0.0070304684
2188.2112436920866,7958.14,5.319788,-0.0007823911,138348,1251.5305616062437,696.6235086994088,7107.2856,4.6321855,1182.9486,1.4813043,7958.14,5.319788,0,,,,,1251.5305616062437,0.00050319533,696.6235086994088,0.0004975367,0.010511598,-0.006971613
2188.2181882351383,7960.057,5.319569,-0.0007822894,138349,1251.5297930785716,696.6234394113477,7108.941,4.631995,1186.1766,1.481641,7960.057,5.319569,0,,,,,1251.5297930785716,0.0005027669,696.6234394113477,0.0004971983,0.009606495,-0.008089915
2188.225132778191,7952.798,5.3230376,-0.00078218774,138350,1251.531037236973,696.6236126289059,7104.369,4.6350155,1184.6382,1.4838324,7952.798,5.3230376,0,,,,,1251.531037236973,0.000503429,696.6236126289059,0.0004983633,0.009607376,-0.0078079463
2188.2320773212423,7955.746,5.321646,-0.00078208605,138351,1251.5312401025753,696.6250885245877,7104.7974,4.6338034,1187.3711,1.4824992,7955.746,5.321646,0,,,,,1251.5312401025753,0.0005031945,696.6250885245877,0.0004983635,0.010134102,-0.0061540017
2188.2390218643513,7966.0464,5.3220024,-0.0007819843,138352,1251.5290861501153,696.624001058666,7114.714,4.6341143,1185.3861,1.4844079,7966.0464,5.3220024,0,,,,,1251.5290861501153,0.0005024435,696.624001058666,0.00049687544,0.009551971,-0.007748365
2188.2459664074036,7953.212,5.3205185,-0.0007818826,138353,1251.530455094105,696.623517732867,7104.3125,4.6328216,1186.0823,1.4843961,7953.212,5.3205185,0,,,,,1251.530455094105,0.0005028493,696.623517732867,0.0004978416,0.009921514,-0.007759341
2188.2529109504558,7957.783,5.325809,-0.0007817809,138354,1251.530288420906,696.623281783091,7106.9536,4.6374288,1184.9724,1.4828278,7957.783,5.325809,0,,,,,1251.530288420906,0.00050393626,696.623281783091,0.00049831404,0.009520539,-0.007055058
2188.2598554935075,7958.752,5.3233147,-0.00078167923,138355,1251.5296335203589,696.623094614883,7109.9155,4.635257,1187.0078,1.4834422,7958.752,5.3233147,0,,,,,1251.5296335203589,0.0005028032,696.623094614883,0.0004978578,0.009281964,-0.008019635
2188.2668000365597,7956.096,5.3228736,-0.00078157755,138356,1251.5304206054498,696.6250373970016,7106.332,4.6348724,1185.1425,1.4846524,7956.096,5.3228736,0,,,,,1251.5304206054498,0.0005034766,696.6250373970016,0.00049769157,0.010619682,-0.0062007345
2188.2737445796706,7957.3965,5.3213325,-0.0007814758,138357,1251.531006886473,696.6245758951694,7107.398,4.6335306,1186.5958,1.4832953,7957.3965,5.3213325,0,,,,,1251.531006886473,0.00050335133,696.6245758951694,0.0004974891,0.010370937,-0.0075045577
2188.280689122722,7954.884,5.3189087,-0.0007813741,138358,1251.5310715497212,696.6243635090913,7106.594,4.63142,1185.2761,1.4810201,7954.884,5.3189087,0,,,,,1251.5310715497212,0.00050312246,696.6243635090913,0.00049731013,0.010374153,-0.008073457
2188.2876336657732,7959.5444,5.320809,-0.0007812724,138359,1251.5304376352565,696.6231222572941,7108.7017,4.6330748,1186.99,1.4829891,7959.5444,5.320809,0,,,,,1251.5304376352565,0.0005027246,696.6231222572941,0.0004976541,0.009626433,-0.0079659
2188.294578208826,7957.6,5.320537,-0.00078117073,138360,1251.530724092378,696.6242525621784,7107.757,4.6328382,1184.1898,1.4808985,7957.6,5.320537,0,,,,,1251.530724092378,0.0005031493,696.6242525621784,0.00049777987,0.010526829,-0.007917136
2188.3015227518777,7953.0986,5.316877,-0.00078106904,138361,1251.5304907070733,696.6229744837112,7102.027,4.6296506,1185.2084,1.4803385,7953.0986,5.316877,0,,,,,1251.5304907070733,0.00050327886,696.6229744837112,0.00049788196,0.009594091,-0.008513783
2188.3084672949294,7954.472,5.3177032,-0.00078096736,138362,1251.5293412361357,696.6221003575504,7106.424,4.6303706,1185.1882,1.4797931,7954.472,5.3177032,0,,,,,1251.5293412361357,0.00050271547,696.6221003575504,0.00049725076,0.008275745,-0.01026997
2188.315411837981,7967.1426,5.321077,-0.00078086567,138363,1251.5302411630103,696.6236647056245,7117.3467,4.6333084,1183.0779,1.4808887,7967.1426,5.321077,0,,,,,1251.5302411630103,0.0005024894,696.6236647056245,0.0004967292,0.009719014,-0.008485701
2188.322356381034,7955.398,5.320384,-0.000780764,138364,1251.529206515072,696.622566353908,7107.351,4.632705,1185.5382,1.4823943,7955.398,5.320384,0,,,,,1251.529206515072,0.00050305,696.622566353908,0.00049709936,0.008784203,-0.008187597
2188.329300924085,7954.149,5.3207817,-0.0007806623,138365,1251.5302066813163,696.6243424940541,7104.903,4.6330514,1185.8606,1.4822584,7954.149,5.3207817,0,,,,,1251.5302066813163,0.00050337013,696.6243424940541,0.00049773994,0.010058848,-0.007651522
2188.3362454671365,7955.74,5.318241,-0.0007805606,138366,1251.5299910656177,696.6231314831057,7105.9194,4.630839,1184.4042,1.4813486,7955.74,5.318241,0,,,,,1251.5299910656177,0.00050280633,696.6231314831057,0.000497294,0.009157139,-0.008307548
2188.343190010189,7966.6875,5.3240647,-0.0007804589,138367,1251.5304050558038,696.6229325095269,7116.6807,4.63591,1183.7766,1.4815938,7966.6875,5.3240647,0,,,,,1251.5304050558038,0.0005022362,696.6229325095269,0.0004973131,0.009766092,-0.008263845
2188.350134553241,7961.7207,5.318842,-0.0007803572,138368,1251.530508702804,696.6230469365745,7110.0693,4.631362,1183.3662,1.4800684,7961.7207,5.318842,0,,,,,1251.530508702804,0.0005028142,696.6230469365745,0.0004972964,0.009654831,-0.007817812
2188.3570790962926,7953.06,5.320512,-0.00078025553,138369,1251.5299625123553,696.6227038267899,7104.703,4.632816,1185.5619,1.4832226,7953.06,5.320512,0,,,,,1251.5299625123553,0.00050307886,696.6227038267899,0.00049771025,0.008799272,-0.009158437
2188.3640236393444,7952.353,5.319065,-0.00078015384,138370,1251.5296633228288,696.6223646456147,7105.0664,4.631556,1184.6576,1.4820935,7952.353,5.319065,0,,,,,1251.5296633228288,0.0005029718,696.6223646456147,0.000497453,0.008628699,-0.0088752005
2188.370968182397,7960.8555,5.320655,-0.00078005216,138371,1251.5301324036084,696.6237688924048,7111.3057,4.632941,1187.834,1.4819137,7960.8555,5.320655,0,,,,,1251.5301324036084,0.00050283293,696.6237688924048,0.00049700355,0.009891918,-0.008070182
2188.377912725449,7955.549,5.3225317,-0.00077995047,138372,1251.5291184308749,696.6227059589709,7107.4917,4.634575,1186.0511,1.4818321,7955.549,5.3225317,0,,,,,1251.5291184308749,0.0005029406,696.6227059589709,0.0004978973,0.009130012,-0.00903519
2188.3848572684424,7957.6587,5.3181777,-0.00077984884,138373,1251.5290616551877,696.623202195084,7108.927,4.6307836,1184.3333,1.479951,7957.6587,5.3181777,0,,,,,1251.5290616551877,0.00050287304,696.623202195084,0.0004970273,0.009424014,-0.008839038
2188.391801811494,7960.2563,5.3197823,-0.00077974715,138374,1251.5297545089932,696.623513649666,7111.404,4.6321807,1186.591,1.4803412,7960.2563,5.3197823,0,,,,,1251.5297545089932,0.00050275645,696.623513649666,0.000497081,0.009535892,-0.008098904
2188.398746354546,7963.213,5.3206263,-0.00077964546,138375,1251.5300592899823,696.6226710982364,7113.6763,4.6329155,1186.536,1.480993,7963.213,5.3206263,0,,,,,1251.5300592899823,0.0005029451,696.6226710982364,0.00049710745,0.009409181,-0.008864447
2188.4056908975986,7957.997,5.3189993,-0.00077954377,138376,1251.5308684965569,696.6219647953823,7109.8726,4.631499,1184.9304,1.4800291,7957.997,5.3189993,0,,,,,1251.5308684965569,0.00050259026,696.6219647953823,0.0004972036,0.009851836,-0.009593934
2188.4126354405917,7952.001,5.3200474,-0.00077944214,138377,1251.5297018090707,696.6236647262654,7104.1587,4.6324115,1187.4408,1.4838557,7952.001,5.3200474,0,,,,,1251.5297018090707,0.0005032292,696.6236647262654,0.00049738586,0.009205947,-0.009026318
2188.4195799836434,7956.781,5.3208055,-0.00077934045,138378,1251.5297744388893,696.6218720176489,7107.7837,4.633072,1186.7529,1.4834307,7956.781,5.3208055,0,,,,,1251.5297744388893,0.0005029527,696.6218720176489,0.00049735885,0.009031223,-0.009381135
2188.4265245266374,7956.9385,5.3185945,-0.0007792388,138379,1251.528677639228,696.6226072127622,7109.083,4.6311464,1184.5428,1.4795003,7956.9385,5.3185945,0,,,,,1251.528677639228,0.0005025216,696.6226072127622,0.0004971388,0.008704378,-0.009218674
2188.433469069689,7955.047,5.318134,-0.00077913713,138380,1251.5304380634984,696.6232754098877,7104.64,4.6307454,1186.5228,1.4807057,7955.047,5.318134,0,,,,,1251.5304380634984,0.0005030574,696.6232754098877,0.00049742096,0.009652205,-0.008318319
2188.440413612741,7966.044,5.321636,-0.00077903544,138381,1251.5302193687055,696.6225157837308,7116.5776,4.6337953,1186.4845,1.4804264,7966.044,5.321636,0,,,,,1251.5302193687055,0.0005024769,696.6225157837308,0.00049700995,0.008723125,-0.009483129
2188.4473581557345,7962.302,5.319269,-0.0007789338,138382,1251.5315866131841,696.6241946319659,7108.846,4.631734,1186.0516,1.4818902,7962.302,5.319269,0,,,,,1251.5315866131841,0.00050277193,696.6241946319659,0.0004973181,0.01107762,-0.006632767
2188.454302698787,7945.9727,5.316109,-0.0007788321,138383,1251.5296124106544,696.6213245260071,7099.3774,4.628982,1184.9381,1.480602,7945.9727,5.316109,0,,,,,1251.5296124106544,0.0005029853,696.6213245260071,0.00049746904,0.008222182,-0.010409229
2188.4612472417803,7956.3584,5.3194704,-0.0007787305,138384,1251.5294893209173,696.6222540866096,7107.457,4.6319094,1187.045,1.4812225,7956.3584,5.3194704,0,,,,,1251.5294893209173,0.00050263875,696.6222540866096,0.0004970442,0.008959821,-0.009259461
2188.4681917847743,7951.703,5.3187633,-0.00077862886,138385,1251.529451569764,696.6226750332258,7103.892,4.631294,1185.6077,1.4808147,7951.703,5.3187633,0,,,,,1251.529451569764,0.00050330686,696.6226750332258,0.0004974137,0.00906555,-0.009719131
2188.475136327827,7947.6577,5.3189025,-0.0007785272,138386,1251.5291872774417,696.6228724325964,7101.0723,4.631415,1187.6948,1.4813453,7947.6577,5.3189025,0,,,,,1251.5291872774417,0.0005032622,696.6228724325964,0.0004977668,0.009264121,-0.010047767
2188.4820808708205,7961.2515,5.318815,-0.00077842554,138387,1251.5286496068725,696.6233522018737,7109.334,4.631339,1183.5172,1.4797977,7961.2515,5.318815,0,,,,,1251.5286496068725,0.00050253834,696.6233522018737,0.0004974036,0.008458356,-0.008807107
2188.489025413872,7944.919,5.3179946,-0.00077832385,138388,1251.5305516504761,696.6212674012975,7097.9067,4.6306243,1184.3688,1.4851934,7944.919,5.3179946,0,,,,,1251.5305516504761,0.000503192,696.6212674012975,0.00049769966,0.009509001,-0.010021986
2188.495969956866,7957.441,5.3205314,-0.0007782222,138389,1251.5291692853323,696.6220283541514,7109.1797,4.632833,1185.3848,1.4838774,7957.441,5.3205314,0,,,,,1251.5291692853323,0.0005026888,696.6220283541514,0.0004971292,0.008676764,-0.0097953435
2188.50291449986,7957.3164,5.318962,-0.0007781206,138390,1251.5301140337892,696.6229601778875,7108.7573,4.631467,1185.247,1.4798323,7957.3164,5.318962,0,,,,,1251.5301140337892,0.00050275645,696.6229601778875,0.0004971709,0.009595659,-0.008769993
2188.509859042853,7949.1777,5.3191705,-0.00077801896,138391,1251.5293310989994,696.6212802315366,7101.53,4.631648,1187.264,1.482654,7949.1777,5.3191705,0,,,,,1251.5293310989994,0.00050358684,696.6212802315366,0.000497759,0.008668919,-0.010294999
2188.5168035858464,7952.3325,5.3181663,-0.00077791733,138392,1251.5296696904459,696.6223384156264,7105.16,4.6307735,1185.3986,1.4801129,7952.3325,5.3181663,0,,,,,1251.5296696904459,0.0005028542,696.6223384156264,0.00049747777,0.009073858,-0.010363771
2188.523748128898,7958.6274,5.320729,-0.00077781564,138393,1251.5289870281097,696.6214901473077,7109.93,4.633005,1181.0488,1.4794043,7958.6274,5.320729,0,,,,,1251.5289870281097,0.00050270255,696.6214901473077,0.0004978766,0.008779729,-0.010226088
2188.530692671892,7960.7046,5.3195696,-0.000777714,138394,1251.5307882163706,696.6225703273094,7111.6934,4.6319957,1186.0398,1.4802892,7960.7046,5.3195696,0,,,,,1251.5307882163706,0.000502723,696.6225703273094,0.00049680815,0.009038368,-0.009412997
2188.5376372148858,7963.0986,5.3239555,-0.0007776124,138395,1251.5297398922141,696.6216586188691,7113.629,4.635814,1185.3412,1.4816942,7963.0986,5.3239555,0,,,,,1251.5297398922141,0.0005029877,696.6216586188691,0.00049802114,0.009423603,-0.010073693
2188.5445817578798,7965.958,5.3214674,-0.00077751075,138396,1251.5291994438683,696.6219092419765,7116.477,4.633648,1183.1769,1.481545,7965.958,5.3214674,0,,,,,1251.5291994438683,0.0005024574,696.6219092419765,0.00049684674,0.008429499,-0.010402313
2188.551526300874,7961.2437,5.318658,-0.0007774091,138397,1251.5315690512812,696.6246961524852,7109.2007,4.6312017,1183.4031,1.4806443,7961.2437,5.318658,0,,,,,1251.5315690512812,0.0005028116,696.6246961524852,0.00049730664,0.010895093,-0.006921914
2188.558470843867,7950.869,5.3185563,-0.0007773075,138398,1251.5284640270497,696.6197765938863,7101.9375,4.6311135,1185.2523,1.4806365,7950.869,5.3185563,0,,,,,1251.5284640270497,0.00050283235,696.6197765938863,0.000498062,0.008130392,-0.012899181
2188.5654153868604,7958.0933,5.31842,-0.00077720586,138399,1251.5295902393175,696.6222306933705,7109.1914,4.630995,1183.6836,1.4805652,7958.0933,5.31842,0,,,,,1251.5295902393175,0.0005027192,696.6222306933705,0.00049731863,0.008727598,-0.009917603
2188.572359929796,7959.7617,5.3197446,-0.0007771043,138400,1251.5291251092133,696.6215293419737,7111.223,4.6321483,1182.7039,1.4825925,7959.7617,5.3197446,0,,,,,1251.5291251092133,0.00050266867,696.6215293419737,0.000497255,0.009311238,-0.010176077
2188.57930447279,7951.6235,5.317987,-0.00077700266,138401,1251.5287054069304,696.6223893487934,7101.7227,4.6306176,1183.811,1.482799,7951.6235,5.317987,0,,,,,1251.5287054069304,0.0005030064,696.6223893487934,0.0004979844,0.00896383,-0.010364802
2188.586249015784,7951.352,5.319033,-0.000776901,138402,1251.5281669581718,696.6203595435491,7104.735,4.6315284,1185.371,1.4811131,7951.352,5.319033,0,,,,,1251.5281669581718,0.00050307676,696.6203595435491,0.0004975067,0.007943382,-0.012106107
2188.5931935587773,7956.3467,5.3215847,-0.0007767994,138403,1251.5299839115096,696.6215130026683,7107.4434,4.6337504,1185.8645,1.481665,7956.3467,5.3215847,0,,,,,1251.5299839115096,0.00050278875,696.6215130026683,0.0004977547,0.009457309,-0.009752961
2188.600138101713,7954.9497,5.3174148,-0.0007766978,138404,1251.530624605247,696.6216700643425,7104.581,4.6301193,1184.8594,1.4797249,7954.9497,5.3174148,0,,,,,1251.530624605247,0.0005030961,696.6216700643425,0.0004975956,0.010064847,-0.01058602
2188.607082644707,7961.6284,5.3210874,-0.0007765962,138405,1251.5299774707041,696.6228274574943,7111.909,4.6333175,1184.8345,1.4802376,7961.6284,5.3210874,0,,,,,1251.5299774707041,0.0005023342,696.6228274574943,0.000497078,0.00896848,-0.009376277
2188.6140271877007,7950.854,5.3202605,-0.00077649456,138406,1251.5312047486022,696.6222377799882,7102.327,4.632597,1187.4834,1.4822478,7950.854,5.3202605,0,,,,,1251.5312047486022,0.0005030437,696.6222377799882,0.0004980569,0.009403144,-0.009023462
2188.620971730636,7957.8257,5.318515,-0.000776393,138407,1251.5310469773524,696.6216634219022,7108.709,4.631077,1183.8473,1.4803003,7957.8257,5.318515,0,,,,,1251.5310469773524,0.0005024583,696.6216634219022,0.0004970989,0.009920675,-0.01063361
2188.6279162736296,7958.9897,5.3219295,-0.00077629136,138408,1251.5303756848873,696.6215670094084,7109.8247,4.6340504,1185.2773,1.4837209,7958.9897,5.3219295,0,,,,,1251.5303756848873,0.0005027219,696.6215670094084,0.0004973533,0.008995524,-0.010457093
2188.634860816565,7950.718,5.319318,-0.0007761898,138409,1251.5285344501904,696.6197059541815,7102.9224,4.6317763,1186.4827,1.4846202,7950.718,5.319318,0,,,,,1251.5285344501904,0.0005028575,696.6197059541815,0.00049760676,0.007971524,-0.011945734
2188.6418053595585,7964.933,5.319626,-0.00077608816,138410,1251.529114614001,696.6216331553047,7115.7207,4.632045,1181.9647,1.4799173,7964.933,5.319626,0,,,,,1251.529114614001,0.00050231203,696.6216331553047,0.0004967616,0.008478576,-0.00978308
2188.6487499024943,7952.5073,5.3181844,-0.0007759866,138411,1251.5296371477389,696.6206500030601,7105.0913,4.6307893,1184.7131,1.4804702,7952.5073,5.3181844,0,,,,,1251.5296371477389,0.0005029814,696.6206500030601,0.0004975848,0.008572437,-0.01089023
2188.6556944454883,7958.4336,5.318445,-0.00077588495,138412,1251.5290014072343,696.6215593365386,7109.538,4.6310167,1183.8525,1.4793441,7958.4336,5.318445,0,,,,,1251.5290014072343,0.0005023691,696.6215593365386,0.0004973813,0.008966987,-0.010510141
2188.6626389884236,7955.733,5.3187547,-0.0007757834,138413,1251.5299337255497,696.6217496032071,7108.1606,4.631286,1182.5446,1.4808402,7955.733,5.3187547,0,,,,,1251.5299337255497,0.0005027618,696.6217496032071,0.00049708766,0.009063126,-0.01060534
2188.6695835313585,7951.739,5.319746,-0.0007756818,138414,1251.5309744692454,696.622021908329,7102.7866,4.632149,1183.4576,1.4812857,7951.739,5.319746,0,,,,,1251.5309744692454,0.00050316984,696.622021908329,0.00049812207,0.010059122,-0.010017122
2188.6765280742943,7957.732,5.3225193,-0.00077558024,138415,1251.5286033628786,696.620294056758,7109.54,4.6345644,1183.4039,1.4832116,7957.732,5.3225193,0,,,,,1251.5286033628786,0.00050275895,696.620294056758,0.00049789884,0.00832493,-0.011850157
2188.6834726172883,7956.066,5.3191795,-0.0007754786,138416,1251.5289028207653,696.6199501798924,7107.3706,4.6316557,1183.0687,1.479245,7956.066,5.3191795,0,,,,,1251.5289028207653,0.0005026605,696.6199501798924,0.00049777044,0.008172316,-0.011252275
2188.690417160223,7953.318,5.3196135,-0.00077537703,138417,1251.529642788181,696.6211969207735,7105.39,4.632034,1185.4342,1.4838264,7953.318,5.3196135,0,,,,,1251.529642788181,0.0005030173,696.6211969207735,0.0004976598,0.009112825,-0.010750363
2188.6973617031595,7953.575,5.320403,-0.00077527546,138418,1251.530013901057,696.6211761410513,7105.9385,4.6327214,1185.5286,1.4814084,7953.575,5.320403,0,,,,,1251.530013901057,0.000502958,696.6211761410513,0.0004976461,0.009244218,-0.011079327
2188.7043062460957,7962.5913,5.319073,-0.0007751739,138419,1251.5313502758963,696.6222865372351,7110.6055,4.6315637,1182.5905,1.4793638,7962.5913,5.319073,0,,,,,1251.5313502758963,0.00050281675,696.6222865372351,0.0004975555,0.011304521,-0.008810471
2188.7112507890306,7949.073,5.317958,-0.0007750723,138420,1251.5293965043506,696.618644424122,7101.5723,4.630592,1186.7639,1.4813877,7949.073,5.317958,0,,,,,1251.5293965043506,0.0005025883,696.618644424122,0.0004981834,0.007952659,-0.014609607
2188.7181953319655,7950.9033,5.3167195,-0.00077497074,138421,1251.5313135114325,696.6224427534286,7102.3125,4.629514,1185.7896,1.480611,7950.9033,5.3167195,0,,,,,1251.5313135114325,0.00050314626,696.6224427534286,0.0004973205,0.011253594,-0.009815166
2188.7251398749017,7945.7344,5.3172474,-0.0007748692,138422,1251.5302390582592,696.6199034451568,7099.1157,4.6299734,1186.1245,1.4810152,7945.7344,5.3172474,0,,,,,1251.5302390582592,0.00050310924,696.6199034451568,0.00049772725,0.0093126595,-0.012266004
2188.732084417837,7959.4243,5.31961,-0.0007747676,138423,1251.5295213702364,696.6206889915452,7110.0283,4.632031,1181.0315,1.4831084,7959.4243,5.31961,0,,,,,1251.5295213702364,0.0005028682,696.6206889915452,0.0004970865,0.009578767,-0.011051659
2188.7390289607724,7955.562,5.3230577,-0.000774666,138424,1251.529898795353,696.621168622722,7107.7305,4.6350327,1184.4866,1.481464,7955.562,5.3230577,0,,,,,1251.529898795353,0.0005039321,696.621168622722,0.0004977909,0.009585873,-0.011466547
2188.745973503708,7971.9336,5.3211036,-0.00077456445,138425,1251.5295114191492,696.6206044867647,7121.0044,4.6333313,1180.627,1.4784852,7971.9336,5.3211036,0,,,,,1251.5295114191492,0.0005021137,696.6206044867647,0.0004971029,0.0091395695,-0.011509032
2188.7529180465854,7952.67,5.3191485,-0.00077446294,138426,1251.5291428505059,696.6211086255839,7105.5776,4.631629,1184.3285,1.4798486,7952.67,5.3191485,0,,,,,1251.5291428505059,0.0005033661,696.6211086255839,0.00049738016,0.008590072,-0.011134705
2188.7598625895207,7958.943,5.318946,-0.00077436137,138427,1251.5299546865992,696.6211473615714,7110.6484,4.6314526,1183.0721,1.4795566,7958.943,5.318946,0,,,,,1251.5299546865992,0.00050258264,696.6211473615714,0.0004970966,0.00913382,-0.012145362
2188.7668071324556,7955.2725,5.320532,-0.0007742598,138428,1251.5292199720468,696.6205220650974,7107.8574,4.6328335,1183.891,1.4806309,7955.2725,5.320532,0,,,,,1251.5292199720468,0.0005027876,696.6205220650974,0.0004977681,0.009151494,-0.011948919
2188.7737516753336,7960.6294,5.3195806,-0.0007741583,138429,1251.5296647467392,696.6213585693278,7112.2524,4.632005,1182.1477,1.4811504,7960.6294,5.3195806,0,,,,,1251.5296647467392,0.0005024164,696.6213585693278,0.0004970975,0.009337663,-0.010785542
2188.780696218269,7949.53,5.317712,-0.0007740567,138430,1251.5296486329282,696.6189992659091,7101.5356,4.630378,1182.6145,1.4820044,7949.53,5.317712,0,,,,,1251.5296486329282,0.0005030565,696.6189992659091,0.0004983012,0.008644174,-0.012694067
2188.7876407612043,7953.8726,5.3224154,-0.00077395514,138431,1251.5277217353748,696.620394194905,7105.8804,4.6344733,1185.4624,1.4818041,7953.8726,5.3224154,0,,,,,1251.5277217353748,0.00050312513,696.620394194905,0.0004980882,0.0074448325,-0.012359503
2188.7945853040815,7957.2104,5.3200073,-0.0007738536,138432,1251.5285577259738,696.6215544286148,7109.7925,4.6323767,1182.0258,1.4796505,7957.2104,5.3200073,0,,,,,1251.5285577259738,0.00050283177,696.6215544286148,0.0004978234,0.008545831,-0.012805782
2188.801529847017,7945.8276,5.316467,-0.00077375205,138433,1251.5287914794544,696.6207755103865,7098.689,4.6292934,1184.2432,1.4803388,7945.8276,5.316467,0,,,,,1251.5287914794544,0.0005029544,696.6207755103865,0.0004979286,0.007705281,-0.011582916
2188.808474389895,7957.912,5.3210564,-0.00077365054,138434,1251.5303785812962,696.6213231020366,7109.3823,4.6332903,1181.7554,1.4814643,7957.912,5.3210564,0,,,,,1251.5303785812962,0.00050268654,696.6213231020366,0.0004978289,0.008716936,-0.010702272
2188.815418932772,7952.052,5.3171477,-0.000773549,138435,1251.528642693394,696.6195886997947,7104.317,4.6298866,1180.6315,1.4784086,7952.052,5.3171477,0,,,,,1251.528642693394,0.0005027769,696.6195886997947,0.0004976667,0.007966554,-0.012812037
2188.822363475708,7955.6196,5.318284,-0.00077344745,138436,1251.5283425524801,696.6204408914527,7108.5234,4.630876,1180.2946,1.4791353,7955.6196,5.318284,0,,,,,1251.5283425524801,0.0005022632,696.6204408914527,0.0004972412,0.007755003,-0.012265887
2188.8293080185854,7945.4053,5.3187695,-0.00077334594,138437,1251.5284056389476,696.6200501572722,7098.685,4.631299,1185.618,1.4813445,7945.4053,5.3187695,0,,,,,1251.5284056389476,0.0005031383,696.6200501572722,0.00049851317,0.007668889,-0.013006977
2188.8362525614625,7953.384,5.32189,-0.0007732444,138438,1251.5292553056725,696.6209683133719,7105.7427,4.634016,1182.7283,1.4812243,7953.384,5.32189,0,,,,,1251.5292553056725,0.0005029547,696.6209683133719,0.000498238,0.009460732,-0.011654505
2188.8431971043974,7958.1846,5.321199,-0.00077314285,138439,1251.5293577737264,696.6193221020523,7110.779,4.6334147,1182.426,1.482575,7958.1846,5.321199,0,,,,,1251.5293577737264,0.0005025964,696.6193221020523,0.0004976041,0.008857097,-0.013924141
2188.850141647275,7962.274,5.3214035,-0.00077304133,138440,1251.5296454358402,696.621288075195,7112.8916,4.633592,1181.152,1.4796745,7962.274,5.3214035,0,,,,,1251.5296454358402,0.00050342927,696.621288075195,0.00049716205,0.008210248,-0.01155146
2188.8570861901526,7957.034,5.321899,-0.0007729398,138441,1251.526869507214,696.6192556370822,7109.286,4.6340237,1182.6187,1.4810201,7957.034,5.321899,0,,,,,1251.526869507214,0.00050239626,696.6192556370822,0.00049825525,0.0057951636,-0.01376754
2188.8640307330293,7958.307,5.3188267,-0.0007728383,138442,1251.5285362776506,696.6200902046976,7110.208,4.6313486,1184.3496,1.4799912,7958.307,5.3188267,0,,,,,1251.5285362776506,0.00050225976,696.6200902046976,0.0004972587,0.007697052,-0.012193685
2188.8709752759064,7964.3354,5.3208327,-0.0007727368,138443,1251.5289149458988,696.6195516211478,7115.208,4.6330953,1182.0782,1.4818479,7964.3354,5.3208327,0,,,,,1251.5289149458988,0.0005023797,696.6195516211478,0.000497348,0.00788362,-0.014053785
2188.8779198187835,7952.1694,5.3172846,-0.0007726353,138444,1251.5287507708958,696.6204727374856,7104.795,4.6300063,1183.1134,1.4797238,7952.1694,5.3172846,0,,,,,1251.5287507708958,0.00050281186,696.6204727374856,0.00049737585,0.008327627,-0.012182187
2188.8848643616616,7959.986,5.3178253,-0.00077253376,138445,1251.5296055677052,696.6195139765331,7111.23,4.630477,1178.4462,1.479124,7959.986,5.3178253,0,,,,,1251.5296055677052,0.00050251576,696.6195139765331,0.00049726875,0.007906112,-0.013404838
2188.8918089045383,7952.5474,5.3174567,-0.00077243225,138446,1251.5280481755706,696.6195060102727,7105.197,4.6301556,1182.5096,1.4794892,7952.5474,5.3174567,0,,,,,1251.5280481755706,0.00050271436,696.6195060102727,0.0004973622,0.0076122433,-0.012606996
2188.898753447416,7949.048,5.31914,-0.00077233074,138447,1251.5284454267255,696.6190465914137,7102.956,4.6316214,1183.0374,1.4828792,7949.048,5.31914,0,,,,,1251.5284454267255,0.0005032896,696.6190465914137,0.00049779675,0.0077817505,-0.013893005
2188.9056979902934,7940.5767,5.3147063,-0.0007722292,138448,1251.5281550293603,696.6207405807537,7094.155,4.6277604,1183.1088,1.4799261,7940.5767,5.3147063,0,,,,,1251.5281550293603,0.00050325505,696.6207405807537,0.00049815536,0.0081534255,-0.012386372
2188.91264253317,7951.0386,5.319898,-0.0007721277,138449,1251.5291509993406,696.6193567350241,7104.9,4.632282,1180.4724,1.4802401,7951.0386,5.319898,0,,,,,1251.5291509993406,0.000503808,696.6193567350241,0.0004978555,0.008253948,-0.014431908
2188.919587075989,7957.4873,5.3224535,-0.00077202625,138450,1251.5289726734,696.6198588624043,7109.105,4.6345067,1182.4845,1.4823847,7957.4873,5.3224535,0,,,,,1251.5289726734,0.00050306896,696.6198588624043,0.0004980689,0.008071912,-0.013337315
2188.926531618867,7955.6006,5.3164096,-0.00077192474,138451,1251.529831849786,696.6211266558395,7106.142,4.6292443,1180.1984,1.4790984,7955.6006,5.3164096,0,,,,,1251.529831849786,0.00050262467,696.6211266558395,0.00049722637,0.0087773185,-0.01182438
2188.9334761617447,7960.796,5.3190503,-0.0007718232,138452,1251.5280653504972,696.6175135343523,7112.7666,4.6315436,1180.9781,1.4790139,7960.796,5.3190503,0,,,,,1251.5280653504972,0.00050220895,696.6175135343523,0.0004971749,0.007022171,-0.015134273
2188.940420704563,7954.436,5.3174233,-0.00077172177,138453,1251.529738396706,696.6189751335029,7107.6445,4.630127,1181.7151,1.4784869,7954.436,5.3174233,0,,,,,1251.529738396706,0.00050287286,696.6189751335029,0.00049750606,0.008729842,-0.0139333485
2188.9473652474403,7950.1436,5.317709,-0.00077162025,138454,1251.5278379754725,696.6190283538469,7103.293,4.6303754,1183.3453,1.4809076,7950.1436,5.317709,0,,,,,1251.5278379754725,0.00050287053,696.6190283538469,0.0004977497,0.0077429386,-0.013351467
2188.9543097902597,7946.8965,5.318035,-0.0007715188,138455,1251.5289691454254,696.6194250298785,7100.6514,4.6306596,1183.397,1.4804478,7946.8965,5.318035,0,,,,,1251.5289691454254,0.0005034953,696.6194250298785,0.00049793645,0.007595004,-0.014211089
2188.9612543331373,7954.984,5.3184304,-0.0007714173,138456,1251.5289134989637,696.6192943675226,7107.642,4.6310034,1179.5416,1.4792297,7954.984,5.3184304,0,,,,,1251.5289134989637,0.0005029432,696.6192943675226,0.00049767556,0.008131453,-0.013559177
2188.968198875956,7955.039,5.317998,-0.0007713158,138457,1251.5298532463391,696.6216091021143,7105.164,4.6306267,1183.8033,1.480094,7955.039,5.317998,0,,,,,1251.5298532463391,0.0005028204,696.6216091021143,0.0004976142,0.0092915185,-0.011082183
2188.975143418834,7956.378,5.3182707,-0.0007712143,138458,1251.5278885488137,696.6180245502381,7108.0137,4.6308646,1180.5978,1.4806516,7956.378,5.3182707,0,,,,,1251.5278885488137,0.0005026853,696.6180245502381,0.00049765117,0.0068401336,-0.015846372
2188.982087961653,7956.674,5.3175964,-0.00077111286,138459,1251.5276544300887,696.6187809452958,7109.6943,4.6302776,1180.3563,1.4786791,7956.674,5.3175964,0,,,,,1251.5276544300887,0.00050240284,696.6187809452958,0.00049754087,0.007388665,-0.01470558
2188.9890325045303,7954.6055,5.318984,-0.00077101134,138460,1251.5291991375752,696.6186804068413,7107.024,4.631486,1183.295,1.480743,7954.6055,5.318984,0,,,,,1251.5291991375752,0.0005027825,696.6186804068413,0.00049759017,0.008304665,-0.014510724
2188.9959770473483,7958.2515,5.3184714,-0.0007709099,138461,1251.5288677934807,696.6187506834711,7109.1953,4.6310396,1181.4503,1.4807633,7958.2515,5.3184714,0,,,,,1251.5288677934807,0.00050241686,696.6187506834711,0.00049764005,0.008087283,-0.014668346
2189.0029215901677,7947.2026,5.3200183,-0.00077080843,138462,1251.5276023319157,696.6169065815069,7101.856,4.6323867,1183.2406,1.4811269,7947.2026,5.3200183,0,,,,,1251.5276023319157,0.0005027133,696.6169065815069,0.000498617,0.0070019,-0.015453462
2189.009866132987,7953.569,5.3218336,-0.000770707,138463,1251.5280416042044,696.6185151697738,7106.367,4.633967,1184.2917,1.4824167,7953.569,5.3218336,0,,,,,1251.5280416042044,0.0005027395,696.6185151697738,0.0004982353,0.0071376283,-0.014458022
2189.0168106758642,7956.541,5.318976,-0.00077060546,138464,1251.528844388646,696.6184456309741,7108.6094,4.631479,1182.7512,1.4791745,7956.541,5.318976,0,,,,,1251.528844388646,0.0005022135,696.6184456309741,0.00049753353,0.007647871,-0.01356074
2189.0237552186827,7957.5483,5.3175936,-0.000770504,138465,1251.5287455528564,696.6204079436345,7106.3774,4.630275,1182.6138,1.479077,7957.5483,5.3175936,0,,,,,1251.5287455528564,0.0005029988,696.6204079436345,0.000497918,0.009177032,-0.012775501
2189.030699761502,7953.365,5.319397,-0.00077040255,138466,1251.5286175161825,696.6182878307924,7106.276,4.631845,1181.6472,1.483725,7953.365,5.319397,0,,,,,1251.5286175161825,0.00050292,696.6182878307924,0.00049756595,0.008114847,-0.014508663
2189.037644304322,7960.5864,5.3182383,-0.0007703011,138467,1251.52953575656,696.6197681211095,7111.3564,4.6308365,1182.4052,1.4785058,7960.5864,5.3182383,0,,,,,1251.52953575656,0.00050243543,696.6197681211095,0.0004970137,0.008570573,-0.013494145
2189.044588847141,7957.418,5.3177505,-0.00077019964,138468,1251.5267141908598,696.6183569538399,7110.1816,4.6304116,1179.754,1.4798872,7957.418,5.3177505,0,,,,,1251.5267141908598,0.0005022326,696.6183569538399,0.0004972494,0.0064456235,-0.015070192
2189.05153338996,7952.8486,5.317489,-0.0007700982,138469,1251.5293354841854,696.6178999462007,7104.3984,4.630184,1183.2064,1.4822222,7952.8486,5.317489,0,,,,,1251.5293354841854,0.0005028016,696.6178999462007,0.0004977165,0.008920827,-0.014439346
2189.0584779327796,7947.6523,5.3160796,-0.0007699967,138470,1251.5261467899134,696.6177770633755,7100.901,4.628957,1180.7397,1.4800125,7947.6523,5.3160796,0,,,,,1251.5261467899134,0.0005026112,696.6177770633755,0.00049812003,0.005750386,-0.015446455
2189.065422475598,7961.1226,5.3186398,-0.00076989527,138471,1251.526838289032,696.6179430969753,7112.1475,4.6311865,1180.5918,1.4799422,7961.1226,5.3186398,0,,,,,1251.526838289032,0.00050238037,696.6179430969753,0.0004973101,0.0069405264,-0.015592463
2189.0723670184166,7946.9033,5.3160377,-0.0007697938,138472,1251.5287297425787,696.6174833469228,7099.7954,4.62892,1182.4131,1.4795524,7946.9033,5.3160377,0,,,,,1251.5287297425787,0.00050274294,696.6174833469228,0.0004981145,0.0075661456,-0.01479202
2189.079311561178,7950.2446,5.321803,-0.0007696924,138473,1251.5301152673583,696.6206865837901,7102.372,4.6339407,1183.7261,1.4854434,7950.2446,5.321803,0,,,,,1251.5301152673583,0.00050292537,696.6206865837901,0.0004983225,0.0088721905,-0.012253484
2189.086256103998,7954.2886,5.3172355,-0.00076959096,138474,1251.5271060571447,696.617132663947,7107.6875,4.629963,1180.5201,1.4789828,7954.2886,5.3172355,0,,,,,1251.5271060571447,0.00050243334,696.617132663947,0.00049762125,0.007422101,-0.016016115
2189.0932006468165,7953.9927,5.3186774,-0.0007694895,138475,1251.5275461395565,696.6182929349974,7105.987,4.631219,1181.077,1.4797707,7953.9927,5.3186774,0,,,,,1251.5275461395565,0.0005023392,696.6182929349974,0.00049793127,0.007786146,-0.014335124
2189.100145189636,7944.809,5.314516,-0.00076938805,138476,1251.5275783920272,696.6169982034198,7099.1255,4.627595,1180.8705,1.4778528,7944.809,5.314516,0,,,,,1251.5275783920272,0.0005027773,696.6169982034198,0.0004979925,0.0069363313,-0.016513716
2189.107089732397,7957.205,5.318463,-0.00076928665,138477,1251.5283675822352,696.6181988592809,7109.2744,4.6310315,1179.4066,1.4786601,7957.205,5.318463,0,,,,,1251.5283675822352,0.00050263864,696.6181988592809,0.0004976409,0.007876176,-0.014732269
2189.1140342752155,7951.6084,5.318246,-0.0007691852,138478,1251.5276374946613,696.6183404903577,7104.958,4.630843,1181.7317,1.4801269,7951.6084,5.318246,0,,,,,1251.5276374946613,0.000502861,696.6183404903577,0.0004978252,0.0071336906,-0.014800577
2189.1209788179763,7949.446,5.316324,-0.0007690838,138479,1251.5279654725266,696.6177522818492,7102.6377,4.62917,1180.1185,1.4797696,7949.446,5.316324,0,,,,,1251.5279654725266,0.0005028815,696.6177522818492,0.00049801444,0.008125384,-0.0148806935
2189.127923360795,7950.6396,5.3163185,-0.00076898234,138480,1251.528275385583,696.6184143777324,7103.6665,4.6291647,1181.554,1.4788059,7950.6396,5.3163185,0,,,,,1251.528275385583,0.00050277513,696.6184143777324,0.0004976107,0.0069562593,-0.015134417
2189.1348679035564,7940.9927,5.316297,-0.00076888094,138481,1251.529556699294,696.6177771647124,7095.8813,4.629146,1183.0416,1.482383,7940.9927,5.316297,0,,,,,1251.529556699294,0.00050328276,696.6177771647124,0.0004980308,0.008444866,-0.015644927
2189.1418124463753,7955.7397,5.320098,-0.0007687795,138482,1251.527883694948,696.6176157258197,7109.033,4.632456,1180.1412,1.4805672,7955.7397,5.320098,0,,,,,1251.527883694948,0.0005029666,696.6176157258197,0.0004978391,0.006542708,-0.015957775
2189.1487569891356,7958.5283,5.3175716,-0.0007686781,138483,1251.5287626553186,696.6189147021088,7110.231,4.6302557,1181.1198,1.4785676,7958.5283,5.3175716,0,,,,,1251.5287626553186,0.000502452,696.6189147021088,0.0004974856,0.009085922,-0.013952081
2189.1557015319554,7955.6367,5.32111,-0.00076857663,138484,1251.5274508219338,696.6170694760357,7108.72,4.6333365,1182.2362,1.4810445,7955.6367,5.32111,0,,,,,1251.5274508219338,0.0005028311,696.6170694760357,0.0004981213,0.0064625535,-0.016624657
2189.162646074716,7947.1855,5.315998,-0.00076847523,138485,1251.5286846932972,696.6174798002991,7099.808,4.6288857,1181.3984,1.4795572,7947.1855,5.315998,0,,,,,1251.5286846932972,0.00050312927,696.6174798002991,0.00049806916,0.007455869,-0.015479967
2189.169590617477,7952.2363,5.3171496,-0.00076837384,138486,1251.5268542730255,696.6169636654586,7105.7197,4.6298885,1180.4097,1.4805642,7952.2363,5.3171496,0,,,,,1251.5268542730255,0.00050243066,696.6169636654586,0.0004975892,0.006559999,-0.016175732
2189.176535160296,7949.186,5.315573,-0.0007682724,138487,1251.529086650519,696.6193380960024,7102.0044,4.6285157,1181.4525,1.4789892,7949.186,5.315573,0,,,,,1251.529086650519,0.00050280994,696.6193380960024,0.0004975184,0.00843834,-0.013624937
2189.1834797030574,7964.4688,5.32298,-0.000768171,138488,1251.5281547107168,696.61693085953,7115.1875,4.634965,1181.845,1.480845,7964.4688,5.32298,0,,,,,1251.5281547107168,0.000502296,696.61693085953,0.00049820717,0.0071199895,-0.016560683
2189.190424245818,7958.1685,5.3178043,-0.0007680696,138489,1251.5291037930783,696.6172943395391,7109.9663,4.6304584,1180.031,1.4789493,7958.1685,5.3178043,0,,,,,1251.5291037930783,0.0005023159,696.6172943395391,0.00049761415,0.007974835,-0.016277067
2189.197368788579,7944.9194,5.3152328,-0.0007679682,138490,1251.5280189296375,696.6168431626076,7098.4297,4.628219,1180.8513,1.478879,7944.9194,5.3152328,0,,,,,1251.5280189296375,0.00050277903,696.6168431626076,0.00049812865,0.0071679894,-0.016670827
2189.20431333134,7946.2446,5.314847,-0.0007678668,138491,1251.5296935326403,696.6185486476205,7099.6357,4.6278834,1180.1562,1.4780805,7946.2446,5.314847,0,,,,,1251.5296935326403,0.0005029509,696.6185486476205,0.00049783493,0.0087255025,-0.015327608
2189.211257874101,7950.423,5.3154945,-0.0007677654,138492,1251.5278315190287,696.617004012118,7104.4766,4.6284475,1178.0692,1.479061,7950.423,5.3154945,0,,,,,1251.5278315190287,0.0005023912,696.617004012118,0.0004975547,0.007225677,-0.016935382
2189.21820241692,7943.5454,5.3173556,-0.00076766394,138493,1251.5279237736852,696.6179236292136,7097.843,4.630068,1181.5818,1.4796461,7943.5454,5.3173556,0,,,,,1251.5279237736852,0.00050305144,696.6179236292136,0.00049842516,0.0074647805,-0.016650002
2189.2251469596804,7943.423,5.315609,-0.00076756254,138494,1251.52870936369,696.6184541509766,7096.965,4.6285467,1181.5295,1.4813163,7943.423,5.315609,0,,,,,1251.52870936369,0.00050276367,696.6184541509766,0.0004977798,0.0075826906,-0.014994884
2189.2320915024416,7952.3604,5.3171964,-0.00076746114,138495,1251.5267213190618,696.6154348689696,7106.5474,4.629929,1179.3083,1.4790323,7952.3604,5.3171964,0,,,,,1251.5267213190618,0.0005024304,696.6154348689696,0.0004977952,0.005849983,-0.018691033
2189.2390360451445,7954.2925,5.316645,-0.0007673598,138496,1251.5283437735688,696.6167920646217,7105.919,4.6294494,1179.5208,1.4780031,7954.2925,5.316645,0,,,,,1251.5283437735688,0.0005028024,696.6167920646217,0.0004979828,0.007418655,-0.016531302
2189.2459805879053,7947.6743,5.316213,-0.0007672584,138497,1251.5264847420115,696.61733648519,7101.7173,4.6290727,1182.6715,1.4795417,7947.6743,5.316213,0,,,,,1251.5264847420115,0.00050245,696.61733648519,0.0004978011,0.006194976,-0.01572411
2189.2529251306664,7943.1304,5.3150144,-0.000767157,138498,1251.5298580513793,696.6187465112537,7096.315,4.6280293,1181.445,1.4787639,7943.1304,5.3150144,0,,,,,1251.5298580513793,0.00050281116,696.6187465112537,0.0004980891,0.009502245,-0.014014135
2189.259869673428,7940.0,5.314941,-0.0007670556,138499,1251.5265510015215,696.6153463097405,7094.8613,4.627965,1180.4386,1.4791268,7940.0,5.314941,0,,,,,1251.5265510015215,0.00050282915,696.6153463097405,0.0004985603,0.0054900544,-0.019213492
2189.2668142161883,7943.789,5.31516,-0.0007669542,138500,1251.5270764162285,696.6173405157832,7097.4893,4.6281557,1182.3407,1.479305,7943.789,5.31516,0,,,,,1251.5270764162285,0.0005029317,696.6173405157832,0.0004983406,0.007366309,-0.017594917
2189.273758758948,7960.13,5.31813,-0.0007668528,138501,1251.529154084773,696.616514565205,7113.103,4.630742,1179.2234,1.4787382,7960.13,5.31813,0,,,,,1251.529154084773,0.0005023533,696.616514565205,0.00049700565,0.008318106,-0.016809057
2189.280703301651,7952.862,5.3159246,-0.0007667515,138502,1251.5264763522357,696.6162766016016,7106.749,4.628822,1179.3088,1.4781342,7952.862,5.3159246,0,,,,,1251.5264763522357,0.0005020699,696.6162766016016,0.0004972897,0.0059957225,-0.017957695
2189.2876478444123,7948.8003,5.318533,-0.0007666501,138503,1251.5281979818847,696.6173561317153,7101.275,4.6310935,1180.8613,1.4825501,7948.8003,5.318533,0,,,,,1251.5281979818847,0.00050259574,696.6173561317153,0.0004980411,0.008033527,-0.01597005
2189.2945923871725,7949.92,5.3199916,-0.0007665487,138504,1251.5279601333818,696.6162526155559,7103.102,4.6323633,1182.4757,1.4822818,7949.92,5.3199916,0,,,,,1251.5279601333818,0.0005025579,696.6162526155559,0.00049816724,0.006984541,-0.017649597
2189.301536929875,7951.4116,5.3185434,-0.00076644734,138505,1251.5280766017106,696.6176614095053,7104.293,4.631102,1179.7925,1.4790276,7951.4116,5.3185434,0,,,,,1251.5280766017106,0.0005027311,696.6176614095053,0.0004982989,0.008265661,-0.015995272
2189.3084814726367,7950.042,5.317669,-0.00076634594,138506,1251.527762043515,696.6178033812096,7103.479,4.6303406,1179.0767,1.478728,7950.042,5.317669,0,,,,,1251.527762043515,0.0005035153,696.6178033812096,0.0004976801,0.007313311,-0.015749328
2189.3154260153397,7952.435,5.3197927,-0.0007662446,138507,1251.5283426349492,696.616363334351,7104.0215,4.63219,1183.0269,1.4818975,7952.435,5.3197927,0,,,,,1251.5283426349492,0.0005033417,696.616363334351,0.0004982352,0.007855148,-0.017888749
2189.3223705581,7952.465,5.3166485,-0.0007661432,138508,1251.5282339178918,696.6168135801578,7104.015,4.629452,1179.6547,1.4819465,7952.465,5.3166485,0,,,,,1251.5282339178918,0.0005025806,696.6168135801578,0.0004977671,0.007118086,-0.017180542
2189.3293151008033,7960.274,5.321342,-0.00076604186,138509,1251.5277471559054,696.6150192882699,7113.1074,4.6335387,1179.7366,1.4807186,7960.274,5.321342,0,,,,,1251.5277471559054,0.0005021446,696.6150192882699,0.0004980758,0.00661758,-0.020032935
2189.336259643564,7945.1133,5.318204,-0.00076594047,138510,1251.5281200131644,696.6167150984996,7099.88,4.630806,1182.4347,1.4810187,7945.1133,5.318204,0,,,,,1251.5281200131644,0.0005033279,696.6167150984996,0.00049816375,0.007890672,-0.01683989
2189.3432041862666,7950.6304,5.3161325,-0.0007658391,138511,1251.527845247163,696.6175597249324,7101.66,4.629003,1181.5448,1.4798577,7950.6304,5.3161325,0,,,,,1251.527845247163,0.00050282467,696.6175597249324,0.0004978339,0.007701286,-0.01625776
2189.3501487290273,7950.0405,5.3171754,-0.0007657377,138512,1251.5275863413606,696.6161091089298,7103.5894,4.6299105,1181.696,1.4805354,7950.0405,5.3171754,0,,,,,1251.5275863413606,0.0005025596,696.6161091089298,0.0004979533,0.00691468,-0.019156983
2189.3570932717303,7955.611,5.3175683,-0.0007656364,138513,1251.527270562608,696.6168272488637,7107.861,4.630253,1180.4796,1.4797131,7955.611,5.3175683,0,,,,,1251.527270562608,0.00050239614,696.6168272488637,0.00049775,0.00661608,-0.018522853
2189.3640378144332,7964.213,5.317691,-0.00076553505,138514,1251.5286855256809,696.6172081046216,7114.895,4.6303596,1178.6289,1.4778283,7964.213,5.317691,0,,,,,1251.5286855256809,0.0005021225,696.6172081046216,0.00049708335,0.008204568,-0.015908724
2189.370982357194,7953.4463,5.3169785,-0.00076543365,138515,1251.5286839385435,696.6147509080329,7106.5244,4.6297398,1180.8715,1.4783467,7953.4463,5.3169785,0,,,,,1251.5286839385435,0.0005023955,696.6147509080329,0.000498021,0.0075438977,-0.019841839
2189.377926899897,7949.2144,5.3146167,-0.0007653323,138516,1251.527882024264,696.6169578187577,7100.3804,4.627683,1179.1665,1.4776883,7949.2144,5.3146167,0,,,,,1251.527882024264,0.0005030261,696.6169578187577,0.00049795257,0.0073094065,-0.016655544
2189.3848714426,7949.635,5.315408,-0.000765231,138517,1251.5272760594137,696.6148675712016,7103.4077,4.6283727,1180.1221,1.4790851,7949.635,5.315408,0,,,,,1251.5272760594137,0.00050228136,696.6148675712016,0.00049786037,0.0054410836,-0.020165578
2189.3918159853024,7946.257,5.3155713,-0.00076512963,138518,1251.5284650892554,696.6157593893298,7099.6123,4.6285143,1182.1271,1.4799776,7946.257,5.3155713,0,,,,,1251.5284650892554,0.0005030314,696.6157593893298,0.0004981799,0.007699403,-0.017629746
2189.3987605280045,7949.451,5.317089,-0.0007650283,138519,1251.5290322867659,696.61747870932,7101.74,4.6298356,1180.0776,1.4785521,7949.451,5.317089,0,,,,,1251.5290322867659,0.00050273363,696.61747870932,0.0004981098,0.008340876,-0.01626624
2189.4057050707656,7948.938,5.315677,-0.0007649269,138520,1251.5258680324346,696.6149994254455,7102.615,4.6286063,1180.7544,1.4789418,7948.938,5.315677,0,,,,,1251.5258680324346,0.00050265004,696.6149994254455,0.0004981821,0.0050681345,-0.020687219
2189.412649613469,7950.679,5.31638,-0.00076482556,138521,1251.528857202569,696.6164610111045,7103.8765,4.629218,1178.7161,1.4792043,7950.679,5.31638,0,,,,,1251.528857202569,0.00050252565,696.6164610111045,0.0004977123,0.007150521,-0.017628063
2189.4195941561716,7952.7783,5.317284,-0.0007647242,138522,1251.5279974631176,696.6164130479981,7104.0664,4.630006,1180.4137,1.4786311,7952.7783,5.317284,0,,,,,1251.5279974631176,0.0005026255,696.6164130479981,0.0004982734,0.007496755,-0.017707394
2189.4265386988736,7949.686,5.31579,-0.0007646229,138523,1251.526864808185,696.6138478357526,7102.533,4.628705,1180.1074,1.4807949,7949.686,5.31579,0,,,,,1251.526864808185,0.0005027162,696.6138478357526,0.000497948,0.006274678,-0.020691236
2189.4334832415757,7948.6055,5.3158255,-0.00076452154,138524,1251.5272673710035,696.6150829070472,7102.0547,4.6287355,1180.185,1.4792219,7948.6055,5.3158255,0,,,,,1251.5272673710035,0.0005025834,696.6150829070472,0.0004982135,0.006617353,-0.020262063
2189.440427784279,7961.1396,5.3172517,-0.0007644202,138525,1251.5280136157207,696.6173198702373,7112.689,4.629977,1179.6063,1.4774084,7961.1396,5.3172517,0,,,,,1251.5280136157207,0.0005020481,696.6173198702373,0.00049741013,0.008276882,-0.017254954
2189.447372326981,7951.4087,5.315969,-0.00076431886,138526,1251.5270566720762,696.6145319583391,7103.6597,4.6288605,1178.907,1.4786351,7951.4087,5.315969,0,,,,,1251.5270566720762,0.0005023764,696.6145319583391,0.0004982164,0.0056787757,-0.020418268
2189.454316869626,7947.9854,5.3157854,-0.0007642176,138527,1251.5271645274393,696.6165493403287,7100.898,4.6287007,1180.3009,1.4799215,7947.9854,5.3157854,0,,,,,1251.5271645274393,0.000502532,696.6165493403287,0.0004980611,0.0066180276,-0.016827693
2189.461261412329,7957.7437,5.318719,-0.00076411624,138528,1251.5275280562053,696.6155219135594,7109.931,4.631255,1179.1906,1.4830106,7957.7437,5.318719,0,,,,,1251.5275280562053,0.00050209666,696.6155219135594,0.00049745146,0.006598164,-0.019513836
2189.4682059550314,7949.2847,5.3154182,-0.0007640149,138529,1251.5258711807169,696.6135226002029,7101.237,4.628381,1180.0122,1.4789668,7949.2847,5.3154182,0,,,,,1251.5258711807169,0.0005024475,696.6135226002029,0.0004983616,0.0051879296,-0.021919185
2189.475150497734,7947.921,5.3143096,-0.00076391356,138530,1251.529547144065,696.6159273052625,7100.074,4.627415,1178.3851,1.4784621,7947.921,5.3143096,0,,,,,1251.529547144065,0.0005024594,696.6159273052625,0.00049819733,0.0077733384,-0.019735688
2189.482095040437,7953.9907,5.317987,-0.0007638122,138531,1251.5267556336808,696.6174799590286,7107.2275,4.6306176,1179.7743,1.4787513,7953.9907,5.317987,0,,,,,1251.5267556336808,0.0005026234,696.6174799590286,0.0004979912,0.0063211685,-0.018325355
2189.4890395830816,7957.1875,5.3184094,-0.00076371094,138532,1251.5278362837148,696.615259206045,7110.0596,4.6309853,1177.9275,1.4806907,7957.1875,5.3184094,0,,,,,1251.5278362837148,0.0005023763,696.615259206045,0.00049754995,0.006690502,-0.019516604
2189.4959841257837,7945.8345,5.3161154,-0.0007636096,138533,1251.5266266220979,696.6157744232308,7098.9478,4.628988,1179.3632,1.4779692,7945.8345,5.3161154,0,,,,,1251.5266266220979,0.0005035077,696.6157744232308,0.0004985239,0.006768556,-0.020090066
2189.502928668486,7951.8677,5.3192673,-0.00076350826,138534,1251.5262302783717,696.6156101984002,7104.6597,4.6317325,1180.3925,1.4802904,7951.8677,5.3192673,0,,,,,1251.5262302783717,0.0005023174,696.6156101984002,0.0004984051,0.005471197,-0.019651351
2189.509873211189,7963.5786,5.320148,-0.0007634069,138535,1251.5298379567078,696.6168110382275,7113.4043,4.632499,1180.8768,1.4799421,7963.5786,5.320148,0,,,,,1251.5298379567078,0.00050238625,696.6168110382275,0.0004977007,0.009009539,-0.017284214
2189.516817753834,7967.3076,5.3214593,-0.00076330564,138536,1251.5271830167173,696.6129772739899,7117.8823,4.6336412,1179.6292,1.4798768,7967.3076,5.3214593,0,,,,,1251.5271830167173,0.00050234806,696.6129772739899,0.0004978,0.005768245,-0.021795506
2189.5237622965365,7952.374,5.315338,-0.0007632043,138537,1251.5272598958563,696.6159348347836,7105.5244,4.6283107,1176.521,1.4776059,7952.374,5.315338,0,,,,,1251.5272598958563,0.0005025479,696.6159348347836,0.0004976636,0.007147922,-0.01965396
2189.5307068391817,7954.0713,5.3159685,-0.000763103,138538,1251.528077713687,696.6164953532862,7106.3203,4.62886,1178.7632,1.4783216,7954.0713,5.3159685,0,,,,,1251.528077713687,0.00050243875,696.6164953532862,0.0004977672,0.0075680837,-0.016643971
2189.537651381884,7963.1475,5.317226,-0.0007630017,138539,1251.5271784632712,696.6159241507593,7114.3145,4.629955,1176.4872,1.4774472,7963.1475,5.317226,0,,,,,1251.5271784632712,0.0005019761,696.6159241507593,0.0004977165,0.0070037665,-0.020477815
2189.5445959245285,7946.062,5.314721,-0.0007629004,138540,1251.528627540397,696.6146290144276,7098.3296,4.627774,1181.5156,1.478884,7946.062,5.314721,0,,,,,1251.528627540397,0.00050294935,696.6146290144276,0.0004984995,0.0068147364,-0.020924794
2189.551540467231,7955.921,5.320087,-0.00076279906,138541,1251.5274501002812,696.6151429266118,7107.2534,4.6324463,1178.6667,1.48075,7955.921,5.320087,0,,,,,1251.5274501002812,0.0005024691,696.6151429266118,0.00049861195,0.006798629,-0.019503312
2189.5584850098753,7956.2637,5.3178644,-0.0007626978,138542,1251.5283863328557,696.6157699547434,7107.439,4.630511,1179.9108,1.4816314,7956.2637,5.3178644,0,,,,,1251.5283863328557,0.00050249696,696.6157699547434,0.0004976989,0.008142422,-0.018755222
2189.5654295525787,7944.5273,5.3140473,-0.00076259644,138543,1251.5270322214128,696.6135440242641,7097.432,4.6271873,1181.2316,1.4787989,7944.5273,5.3140473,0,,,,,1251.5270322214128,0.00050261716,696.6135440242641,0.00049834733,0.0062696217,-0.021765001
2189.5723740952226,7945.8438,5.313925,-0.00076249515,138544,1251.5258252251617,696.6134341413879,7099.516,4.6270804,1178.763,1.4790045,7945.8438,5.313925,0,,,,,1251.5258252251617,0.000502548,696.6134341413879,0.0004982665,0.004618018,-0.021451999
2189.579318637867,7948.08,5.315475,-0.0007623939,138545,1251.5290696630448,696.6146979513226,7100.7803,4.6284304,1180.0337,1.4791366,7948.08,5.315475,0,,,,,1251.5290696630448,0.00050317566,696.6146979513226,0.0004983712,0.00841735,-0.020019757
2189.58626318057,7950.61,5.315581,-0.00076229253,138546,1251.5270172291664,696.6140041887887,7104.2026,4.6285224,1179.3595,1.4782523,7950.61,5.315581,0,,,,,1251.5270172291664,0.00050240324,696.6140041887887,0.00049801415,0.0059778183,-0.021351632
2189.593207723215,7951.319,5.3161297,-0.00076219125,138547,1251.5272100289471,696.6163188711621,7104.7773,4.629,1177.9647,1.4794924,7951.319,5.3161297,0,,,,,1251.5272100289471,0.0005023554,696.6163188711621,0.000497924,0.0071051433,-0.019527838
2189.600152265859,7947.017,5.319896,-0.00076208997,138548,1251.5257376073864,696.6135711383241,7099.3657,4.6322803,1181.3729,1.480979,7947.017,5.319896,0,,,,,1251.5257376073864,0.0005027905,696.6135711383241,0.00049948524,0.005069868,-0.021252485
2189.607096808562,7959.3613,5.3177505,-0.00076198863,138549,1251.5267351165367,696.61415454533,7111.0566,4.6304116,1178.7405,1.4794112,7959.3613,5.3177505,0,,,,,1251.5267351165367,0.0005023915,696.61415454533,0.00049776945,0.006288881,-0.02118254
2189.6140413512067,7945.352,5.3143473,-0.00076188735,138550,1251.5295599044923,696.6152792748371,7097.596,4.6274486,1181.2112,1.4802389,7945.352,5.3143473,0,,,,,1251.5295599044923,0.0005028726,696.6152792748371,0.0004982259,0.008289198,-0.019182805
2189.62098589385,7951.357,5.314728,-0.00076178607,138551,1251.5269072756546,696.6143923424081,7104.7197,4.6277795,1178.0492,1.4775519,7951.357,5.314728,0,,,,,1251.5269072756546,0.0005023927,696.6143923424081,0.0004976355,0.0064679435,-0.019772738
2189.627930436494,7957.718,5.3167043,-0.0007616848,138552,1251.527472061845,696.6143317189689,7110.0786,4.629501,1178.3884,1.4780648,7957.718,5.3167043,0,,,,,1251.527472061845,0.0005022435,696.6143317189689,0.0004975316,0.006727521,-0.02082826
2189.634874979139,7949.0547,5.3181605,-0.0007615835,138553,1251.5276211474636,696.6132245748844,7102.985,4.630769,1180.5862,1.4797518,7949.0547,5.3181605,0,,,,,1251.5276211474636,0.00050240214,696.6132245748844,0.0004986586,0.0066896374,-0.021498492
2189.6418195218425,7952.0127,5.3161645,-0.00076148217,138554,1251.5285126450387,696.6157051979231,7104.5825,4.6290307,1177.2311,1.4787089,7952.0127,5.3161645,0,,,,,1251.5285126450387,0.0005023087,696.6157051979231,0.0004980974,0.007547373,-0.018770698
2189.6487640644864,7946.0977,5.3147187,-0.0007613809,138555,1251.527832244584,696.6141869272545,7098.5195,4.627772,1178.3397,1.478659,7946.0977,5.3147187,0,,,,,1251.527832244584,0.0005024609,696.6141869272545,0.0004987594,0.007521238,-0.020859314
2189.655708607131,7960.7964,5.317173,-0.0007612796,138556,1251.5255136591588,696.6121805306178,7110.6514,4.629909,1177.0349,1.4771433,7960.7964,5.317173,0,,,,,1251.5255136591588,0.00050222984,696.6121805306178,0.0004985218,0.004973587,-0.024935976
2189.662653149776,7949.64,5.3162165,-0.0007611783,138557,1251.5268742162145,696.6148908363895,7102.988,4.629076,1181.1162,1.4791491,7949.64,5.3162165,0,,,,,1251.5268742162145,0.00050250156,696.6148908363895,0.0004980005,0.005774947,-0.019666828
2189.6695976924198,7945.769,5.3148465,-0.00076107704,138558,1251.5279663796541,696.6123707079789,7100.3726,4.627883,1178.579,1.4796432,7945.769,5.3148465,0,,,,,1251.5279663796541,0.0005024777,696.6123707079789,0.0004980931,0.005875248,-0.023338264
2189.676542235064,7949.2617,5.31492,-0.00076097576,138559,1251.5284583589234,696.6144492424619,7099.552,4.627947,1177.7925,1.4803332,7949.2617,5.31492,0,,,,,1251.5284583589234,0.00050286204,696.6144492424619,0.00049847225,0.007309215,-0.020201912
2189.6834867777093,7955.532,5.3155737,-0.0007608745,138560,1251.5298128778693,696.6159330143082,7105.567,4.628516,1179.4729,1.4777489,7955.532,5.3155737,0,,,,,1251.5298128778693,0.00050243,696.6159330143082,0.0004978076,0.008372732,-0.018719928
2189.690431320354,7955.512,5.3207645,-0.0007607732,138561,1251.5252518857187,696.6134925710752,7108.8345,4.6330357,1180.2444,1.4797442,7955.512,5.3207645,0,,,,,1251.5252518857187,0.00050291955,696.6134925710752,0.00049832085,0.0047451286,-0.023246042
2189.697375862998,7958.752,5.3172245,-0.0007606719,138562,1251.5276532611515,696.6120348126645,7109.7993,4.629954,1180.1763,1.4781429,7958.752,5.3172245,0,,,,,1251.5276532611515,0.00050243316,696.6120348126645,0.00049798936,0.0072077494,-0.022559393
2189.704320405642,7955.874,5.31486,-0.00076057063,138563,1251.5271091616826,696.6146322070923,7106.915,4.627895,1178.0365,1.4772902,7955.874,5.31486,0,,,,,1251.5271091616826,0.0005025058,696.6146322070923,0.0004979299,0.0066579427,-0.021789193
2189.7112649482287,7962.078,5.319377,-0.0007604694,138564,1251.52604793541,696.6121223304617,7114.4824,4.6318274,1179.9816,1.4803864,7962.078,5.319377,0,,,,,1251.52604793541,0.0005021079,696.6121223304617,0.0004979342,0.005301818,-0.023187188
2189.7182094908735,7947.135,5.3159347,-0.00076036813,138565,1251.5265944597859,696.6141737493336,7101.138,4.6288304,1178.275,1.4781708,7947.135,5.3159347,0,,,,,1251.5265944597859,0.0005032806,696.6141737493336,0.000498174,0.0061012916,-0.020533092
2189.725154033518,7952.685,5.317895,-0.00076026685,138566,1251.5277657549668,696.6150881896668,7104.479,4.6305375,1178.5378,1.4784126,7952.685,5.317895,0,,,,,1251.5277657549668,0.0005026693,696.6150881896668,0.0004984733,0.0074879164,-0.02003155
2189.732098576162,7959.178,5.318041,-0.00076016557,138567,1251.527782992269,696.6124412638078,7111.7715,4.6306643,1175.5751,1.4789909,7959.178,5.318041,0,,,,,1251.527782992269,0.00050208805,696.6124412638078,0.00049800496,0.006211645,-0.023074564
2189.7390431188073,7955.772,5.3168764,-0.0007600643,138568,1251.526118555645,696.6134746013875,7107.299,4.62965,1177.525,1.4792179,7955.772,5.3168764,0,,,,,1251.526118555645,0.0005026068,696.6134746013875,0.00049782824,0.0060726493,-0.022333091
2189.7459876613934,7955.7036,5.3164263,-0.00075996306,138569,1251.5273900926347,696.6134874020543,7108.528,4.6292586,1177.9354,1.4785156,7955.7036,5.3164263,0,,,,,1251.5273900926347,0.0005025355,696.6134874020543,0.0004976058,0.0063522756,-0.022311775
2189.7529322040377,7958.1113,5.320031,-0.0007598618,138570,1251.5268535546807,696.6135174358199,7110.6514,4.6323977,1180.104,1.4786166,7958.1113,5.320031,0,,,,,1251.5268535546807,0.0005021239,696.6135174358199,0.0004983429,0.0055396985,-0.02191341
2189.759876746682,7949.9673,5.3150897,-0.0007597605,138571,1251.5266304087145,696.6138630413308,7104.9434,4.628095,1177.9342,1.4779959,7949.9673,5.3150897,0,,,,,1251.5266304087145,0.0005022238,696.6138630413308,0.0004977817,0.0057858983,-0.021836199
2189.7668212893273,7948.0645,5.3143225,-0.0007596592,138572,1251.5268123415717,696.6125867688696,7101.521,4.6274266,1177.9773,1.4771891,7948.0645,5.3143225,0,,,,,1251.5268123415717,0.0005026588,696.6125867688696,0.00049813633,0.0060081948,-0.021910068
2189.773765831913,7958.3706,5.3165536,-0.000759558,138573,1251.5272260034242,696.6128186655418,7110.9517,4.6293697,1176.4633,1.4788504,7958.3706,5.3165536,0,,,,,1251.5272260034242,0.00050197414,696.6128186655418,0.0004978116,0.0060302317,-0.022524549
2189.7807103745567,7955.91,5.3163767,-0.0007594567,138574,1251.526990661277,696.6134984456868,7109.5605,4.6292157,1176.9519,1.4777541,7955.91,5.3163767,0,,,,,1251.526990661277,0.00050220755,696.6134984456868,0.00049768575,0.005239124,-0.022219345
2189.787654917202,7970.1333,5.3217106,-0.00075935543,138575,1251.528250817416,696.6142881535917,7120.536,4.63386,1177.8676,1.4787709,7970.1333,5.3217106,0,,,,,1251.528250817416,0.00050188845,696.6142881535917,0.0004977799,0.00818858,-0.020669995
2189.7945994597885,7957.217,5.3174295,-0.0007592542,138576,1251.5281991072382,696.613483324792,7109.9707,4.630132,1177.0692,1.4781573,7957.217,5.3174295,0,,,,,1251.5281991072382,0.0005029302,696.613483324792,0.00049756747,0.0075643267,-0.02209972
2189.801544002433,7949.462,5.3151197,-0.0007591529,138577,1251.5266433041736,696.6123757089081,7103.3853,4.628121,1177.9017,1.4784853,7949.462,5.3151197,0,,,,,1251.5266433041736,0.00050228665,696.6123757089081,0.0004982032,0.0057968446,-0.023648439
2189.8084885450194,7956.867,5.318762,-0.0007590517,138578,1251.5262751078872,696.6114669841737,7109.7593,4.6312923,1178.9559,1.4819548,7956.867,5.318762,0,,,,,1251.5262751078872,0.0005019033,696.6114669841737,0.00049794273,0.0045619076,-0.023501376
2189.815433087664,7956.2153,5.3179536,-0.0007589504,138579,1251.5267672107045,696.6150897104028,7108.8877,4.6305885,1179.549,1.4819142,7956.2153,5.3179536,0,,,,,1251.5267672107045,0.00050257024,696.6150897104028,0.00049784954,0.0067900647,-0.021333262
2189.82237763025,7956.4653,5.31638,-0.0007588492,138580,1251.5262081220524,696.6124068569189,7110.5483,4.629218,1176.5233,1.4774734,7956.4653,5.31638,0,,,,,1251.5262081220524,0.00050173304,696.6124068569189,0.00049808307,0.004600875,-0.023758058
2189.829322172894,7961.2505,5.317636,-0.0007587479,138581,1251.5290085165634,696.6143183633258,7113.0405,4.630312,1178.6765,1.477541,7961.2505,5.317636,0,,,,,1251.5290085165634,0.0005021028,696.6143183633258,0.0004976562,0.007879892,-0.020631146
2189.83626671548,7954.644,5.3136015,-0.0007586467,138582,1251.5262480795873,696.6119278132447,7107.682,4.6267986,1174.8589,1.4752871,7954.644,5.3136015,0,,,,,1251.5262480795873,0.0005020017,696.6119278132447,0.0004980043,0.0055224723,-0.023207845
2189.8432112581245,7961.253,5.321096,-0.0007585454,138583,1251.5290551074145,696.6134402818776,7113.007,4.6333246,1179.894,1.4813097,7961.253,5.321096,0,,,,,1251.5290551074145,0.0005019746,696.6134402818776,0.0004979923,0.0079909535,-0.021305013
2189.8501558007106,7958.233,5.319115,-0.0007584442,138584,1251.5248833112598,696.6109911912482,7113.06,4.6316,1178.5941,1.4782532,7958.233,5.319115,0,,,,,1251.5248833112598,0.00050243444,696.6109911912482,0.00049787876,0.004712967,-0.025418365
2189.857100343355,7952.7627,5.3175564,-0.0007583429,138585,1251.525132200899,696.6120024536598,7107.9272,4.6302423,1179.0104,1.4788237,7952.7627,5.3175564,0,,,,,1251.525132200899,0.000502239,696.6120024536598,0.000498148,0.0051374105,-0.024126459
2189.864044885942,7949.1626,5.315773,-0.0007582417,138586,1251.5268332723342,696.6132057986039,7103.668,4.62869,1177.437,1.4796928,7949.1626,5.315773,0,,,,,1251.5268332723342,0.00050245115,696.6132057986039,0.00049782166,0.0056098844,-0.023779875
2189.870989428528,7958.945,5.321637,-0.00075814046,138587,1251.5274456632735,696.6131955672206,7112.2866,4.633796,1178.5378,1.4813412,7958.945,5.321637,0,,,,,1251.5274456632735,0.00050295173,696.6131955672206,0.0004977638,0.006829213,-0.022504859
2189.8779339711723,7963.4844,5.318181,-0.0007580392,138588,1251.5258752407285,696.6131087510295,7115.1377,4.6307864,1178.1699,1.4777489,7963.4844,5.318181,0,,,,,1251.5258752407285,0.00050186034,696.6131087510295,0.00049785315,0.00598367,-0.02210219
2189.884878513759,7959.462,5.319693,-0.00075793796,138589,1251.5265310933432,696.612108963228,7113.1973,4.6321034,1178.2981,1.4796338,7959.462,5.319693,0,,,,,1251.5265310933432,0.00050234626,696.612108963228,0.0004978924,0.006261054,-0.024036553
2189.8918230563454,7956.888,5.319949,-0.00075783674,138590,1251.5265623471767,696.6136930159677,7111.114,4.6323256,1178.2451,1.4791728,7956.888,5.319949,0,,,,,1251.5265623471767,0.0005022168,696.6136930159677,0.00049796375,0.006331786,-0.02269269
2189.8987675989897,7966.1416,5.3210745,-0.00075773546,138591,1251.5268138604265,696.6124533655124,7118.324,4.633306,1178.5193,1.4801452,7966.1416,5.3210745,0,,,,,1251.5268138604265,0.00050223473,696.6124533655124,0.00049739494,0.0064386055,-0.023407549
2189.905712141576,7959.7173,5.3153076,-0.00075763423,138592,1251.5261337586476,696.612611804532,7112.203,4.6282845,1172.5361,1.4783616,7959.7173,5.3153076,0,,,,,1251.5261337586476,0.0005018614,696.612611804532,0.000497727,0.006270076,-0.02291597
2189.9126566841624,7954.3447,5.3185225,-0.000757533,138593,1251.5254774302218,696.6119653708903,7108.9624,4.6310835,1178.707,1.480051,7954.3447,5.3185225,0,,,,,1251.5254774302218,0.0005023913,696.6119653708903,0.000497698,0.0053095007,-0.023457883
2189.919601226749,7954.603,5.3163157,-0.0007574318,138594,1251.5271235975117,696.613351963584,7108.524,4.6291623,1177.3458,1.4775469,7954.603,5.3163157,0,,,,,1251.5271235975117,0.00050196855,696.613351963584,0.0004976483,0.0058596064,-0.022505853
2189.926545769393,7948.0273,5.315193,-0.0007573305,138595,1251.5280532591087,696.6126103201306,7102.8647,4.628185,1180.1848,1.478945,7948.0273,5.315193,0,,,,,1251.5280532591087,0.00050244684,696.6126103201306,0.00049818715,0.006732404,-0.023618033
2189.9334903119793,7963.8086,5.3214097,-0.0007572293,138596,1251.526485419186,696.6113429377223,7117.084,4.633598,1176.4047,1.4787114,7963.8086,5.3214097,0,,,,,1251.526485419186,0.0005015729,696.6113429377223,0.0004980291,0.00572037,-0.024263294
2189.9404348545663,7960.237,5.318174,-0.00075712806,138597,1251.5255531744522,696.6112278879017,7113.3403,4.6307807,1176.6833,1.4778928,7960.237,5.318174,0,,,,,1251.5255531744522,0.00050217187,696.6112278879017,0.00049782934,0.0049997834,-0.025922393
2189.947379397152,7956.0103,5.3171268,-0.00075702684,138598,1251.5270433147402,696.612538534007,7109.8823,4.6298685,1178.9418,1.4777343,7956.0103,5.3171268,0,,,,,1251.5270433147402,0.00050226937,696.612538534007,0.00049808284,0.006754123,-0.024183119
2189.9543239397376,7947.5854,5.3147087,-0.0007569256,138599,1251.5266600106604,696.6132288675884,7103.484,4.6277633,1176.6985,1.478979,7947.5854,5.3147087,0,,,,,1251.5266600106604,0.0005027745,696.6132288675884,0.00049778825,0.0063128904,-0.022614127
2189.9612684823246,7956.44,5.3178167,-0.0007568244,138600,1251.5248210942723,696.6116071071723,7110.189,4.63047,1179.8923,1.4796629,7956.44,5.3178167,0,,,,,1251.5248210942723,0.00050185574,696.6116071071723,0.0004979661,0.00449716,-0.024372526
2189.96821302497,7958.4995,5.3159165,-0.0007567231,138601,1251.5260229745888,696.6122890180868,7111.996,4.6288147,1175.5775,1.4762015,7958.4995,5.3159165,0,,,,,1251.5260229745888,0.00050184375,696.6122890180868,0.00049776747,0.0046765395,-0.023825726
2189.9751575675555,7954.0415,5.3150005,-0.0007566219,138602,1251.5266190043935,696.6127320103715,7107.135,4.628017,1177.788,1.477215,7954.0415,5.3150005,0,,,,,1251.5266190043935,0.0005022809,696.6127320103715,0.0004975921,0.0064313994,-0.022936294
2189.982102110141,7952.2466,5.3156033,-0.00075652066,138603,1251.52674983272,696.6111603075744,7107.099,4.628542,1178.356,1.4768623,7952.2466,5.3156033,0,,,,,1251.52674983272,0.0005022745,696.6111603075744,0.00049794273,0.006351733,-0.024617521
2189.989046652728,7961.218,5.3186145,-0.00075641944,138604,1251.5274349082517,696.6106172625138,7113.815,4.6311636,1177.7662,1.4805957,7961.218,5.3186145,0,,,,,1251.5274349082517,0.0005017648,696.6106172625138,0.0004979821,0.0062424894,-0.025290906
2189.995991195314,7957.3687,5.317077,-0.0007563182,138605,1251.5262028319885,696.6136518032786,7110.376,4.6298256,1175.3556,1.4775174,7957.3687,5.317077,0,,,,,1251.5262028319885,0.00050205505,696.6136518032786,0.00049815816,0.005474344,-0.022955935
2190.0029357379003,7951.278,5.3148665,-0.000756217,138606,1251.5267323071353,696.6128478498528,7105.8853,4.6279,1175.4808,1.4790906,7951.278,5.3148665,0,,,,,1251.5267323071353,0.0005021336,696.6128478498528,0.0004976803,0.0056069703,-0.023736024
2190.009880280487,7951.3877,5.3164077,-0.00075611577,138607,1251.527485619313,696.6121438462284,7105.4873,4.6292424,1177.0667,1.4816059,7951.3877,5.3164077,0,,,,,1251.527485619313,0.0005021272,696.6121438462284,0.00049764814,0.006804874,-0.022478916
2190.0168248230734,7955.9976,5.3191104,-0.00075601455,138608,1251.5259644346265,696.609381567173,7111.1753,4.6315956,1177.2234,1.4785573,7955.9976,5.3191104,0,,,,,1251.5259644346265,0.00050182734,696.609381567173,0.0004983662,0.0045902133,-0.027374612
2190.0237693656595,7951.732,5.316213,-0.0007559133,138609,1251.5266149511376,696.6106216609461,7107.1826,4.6290727,1175.797,1.4773828,7951.732,5.316213,0,,,,,1251.5266149511376,0.0005024622,696.6106216609461,0.00049774867,0.0055260407,-0.024547698
2190.0307139082456,7954.3228,5.3166327,-0.0007558121,138610,1251.5271905012626,696.6139165294632,7108.6323,4.6294384,1178.818,1.4796649,7954.3228,5.3166327,0,,,,,1251.5271905012626,0.0005020516,696.6139165294632,0.00049771846,0.006529757,-0.023417188
2190.037658450832,7946.5664,5.3166075,-0.0007557109,138611,1251.5256073969138,696.6106583436548,7102.924,4.6294165,1177.1548,1.477399,7946.5664,5.3166075,0,,,,,1251.5256073969138,0.00050207897,696.6106583436548,0.0004984485,0.004448801,-0.025661934
2190.0446029934187,7961.483,5.317828,-0.00075560965,138612,1251.52745339237,696.6117058963774,7114.858,4.6304793,1175.522,1.4763845,7961.483,5.317828,0,,,,,1251.52745339237,0.0005022238,696.6117058963774,0.00049753615,0.006162384,-0.024390802
2190.051547536005,7956.586,5.3183684,-0.00075550843,138613,1251.5251984769427,696.6125723962716,7110.8325,4.6309495,1174.5829,1.477109,7956.586,5.3183684,0,,,,,1251.5251984769427,0.00050182873,696.6125723962716,0.00049810996,0.004516235,-0.02320344
2190.0584920785323,7953.0103,5.316563,-0.00075540727,138614,1251.5273249568024,696.6118970068754,7107.9453,4.629378,1174.4207,1.4774568,7953.0103,5.316563,0,,,,,1251.5273249568024,0.00050225185,696.6118970068754,0.0004978247,0.007055744,-0.023043895
2190.065436621119,7954.2173,5.3174596,-0.00075530604,138615,1251.526054870774,696.610340929772,7110.2773,4.6301584,1176.8217,1.4784255,7954.2173,5.3174596,0,,,,,1251.526054870774,0.00050177774,696.610340929772,0.00049807987,0.004939739,-0.026669716
2190.072381163706,7961.131,5.3175263,-0.0007552048,138616,1251.5276782806538,696.6118773005778,7113.9683,4.630216,1176.8425,1.4769262,7961.131,5.3175263,0,,,,,1251.5276782806538,0.00050180155,696.6118773005778,0.0004976541,0.0062939106,-0.024220068
2190.079325706292,7966.075,5.31703,-0.0007551036,138617,1251.525840609309,696.6111710131139,7118.7,4.629784,1173.0378,1.4759405,7966.075,5.31703,0,,,,,1251.525840609309,0.0005013229,696.6111710131139,0.0004971544,0.004596082,-0.02406103
2190.086270248878,7950.6763,5.315439,-0.0007550024,138618,1251.5261216997892,696.6088321534621,7105.862,4.6283994,1176.8713,1.476878,7950.6763,5.315439,0,,,,,1251.5261216997892,0.00050215086,696.6088321534621,0.00049828785,0.004765301,-0.02639903
2190.093214791465,7949.875,5.3156223,-0.00075490115,138619,1251.526764957916,696.6111009440222,7106.059,4.6285586,1177.1038,1.4768745,7949.875,5.3156223,0,,,,,1251.526764957916,0.00050239527,696.6111009440222,0.00049774075,0.005533081,-0.025167672
2190.1001593339925,7959.655,5.3175383,-0.0007548,138620,1251.5264972647622,696.6110343880498,7113.06,4.630227,1176.2385,1.4778733,7959.655,5.3175383,0,,,,,1251.5264972647622,0.0005018047,696.6110343880498,0.0004978603,0.005962724,-0.02475365
2190.1071038765776,7956.6704,5.318173,-0.00075469876,138621,1251.5255084477028,696.6098196823706,7112.152,4.6307793,1179.8849,1.479276,7956.6704,5.318173,0,,,,,1251.5255084477028,0.00050205673,696.6098196823706,0.0004981152,0.005005079,-0.02615313
2190.114048419164,7956.514,5.315387,-0.00075459754,138622,1251.5256368315759,696.6121218019618,7110.101,4.6283536,1176.6654,1.4763145,7956.514,5.315387,0,,,,,1251.5256368315759,0.00050203275,696.6121218019618,0.00049797894,0.005083535,-0.024540868
2190.1209929617507,7960.9355,5.3183618,-0.0007544963,138623,1251.5254834495518,696.6117995346893,7115.389,4.630944,1176.034,1.4775746,7960.9355,5.3183618,0,,,,,1251.5254834495518,0.0005021472,696.6117995346893,0.00049758167,0.0056557814,-0.025433216
2190.127937504337,7951.516,5.3197384,-0.0007543951,138624,1251.5258976032287,696.6119676643104,7107.4077,4.6321425,1177.3164,1.4782988,7951.516,5.3197384,0,,,,,1251.5258976032287,0.00050259096,696.6119676643104,0.00049845496,0.0057565966,-0.024882436
2190.1348820468647,7955.477,5.315792,-0.0007542939,138625,1251.5259976223717,696.6116548919082,7110.2793,4.6287065,1174.6063,1.4769181,7955.477,5.315792,0,,,,,1251.5259976223717,0.0005019639,696.6116548919082,0.00049751636,0.005099379,-0.024622822
2190.1418265894513,7956.924,5.318975,-0.0007541927,138626,1251.5251482364547,696.6107861134446,7110.8643,4.631478,1176.6984,1.4812914,7956.924,5.318975,0,,,,,1251.5251482364547,0.0005021659,696.6107861134446,0.00049783994,0.0052493736,-0.025710456
2190.148771132038,7955.345,5.317799,-0.0007540915,138627,1251.5277859030348,696.6097787740098,7109.602,4.6304536,1177.2721,1.4771689,7955.345,5.317799,0,,,,,1251.5277859030348,0.00050189823,696.6097787740098,0.0004984134,0.0056159315,-0.026278427
2190.1557156745653,7953.667,5.3176026,-0.0007539903,138628,1251.523870780678,696.6112631021745,7107.325,4.6302834,1178.6476,1.4788514,7953.667,5.3176026,0,,,,,1251.523870780678,0.0005025558,696.6112631021745,0.0004984507,0.0040879687,-0.025927572
2190.1626602171523,7961.5044,5.318244,-0.0007538891,138629,1251.5256251947226,696.6113124714702,7115.176,4.6308413,1176.2021,1.4799411,7961.5044,5.318244,0,,,,,1251.5256251947226,0.0005014714,696.6113124714702,0.0004976667,0.0059984643,-0.025722658
2190.1696047597384,7964.3115,5.3197927,-0.00075378787,138630,1251.5258858496477,696.6106729806459,7117.9136,4.63219,1174.0544,1.4780046,7964.3115,5.3197927,0,,,,,1251.5258858496477,0.0005016076,696.6106729806459,0.00049795996,0.0053218785,-0.025619473
2190.1765493022663,7955.6294,5.3164597,-0.0007536867,138631,1251.5249357496316,696.6091715992391,7109.822,4.6292872,1178.7545,1.4771788,7955.6294,5.3164597,0,,,,,1251.5249357496316,0.00050204096,696.6091715992391,0.0004982921,0.0044071493,-0.028521085
2190.1834938448524,7949.753,5.3134265,-0.0007535855,138632,1251.5280679155642,696.6109279740804,7105.1455,4.626646,1176.0364,1.4762458,7949.753,5.3134265,0,,,,,1251.5280679155642,0.0005021988,696.6109279740804,0.00049749116,0.0063515855,-0.025014414
2190.1904383874394,7955.912,5.318089,-0.00075348426,138633,1251.52581989321,696.6105459724607,7109.909,4.6307063,1176.2031,1.4774972,7955.912,5.318089,0,,,,,1251.52581989321,0.00050246017,696.6105459724607,0.00049829634,0.0052041025,-0.027021993
2190.1973829299673,7961.546,5.3163486,-0.0007533831,138634,1251.5260069282429,696.6106333676527,7113.6094,4.629191,1175.0029,1.476716,7961.546,5.3163486,0,,,,,1251.5260069282429,0.0005015808,696.6106333676527,0.00049770577,0.0049905116,-0.025910571
2190.2043274725534,7951.446,5.3148117,-0.00075328187,138635,1251.5254751587606,696.610812450452,7105.152,4.627853,1177.54,1.4778746,7951.446,5.3148117,0,,,,,1251.5254751587606,0.0005022574,696.610812450452,0.00049845886,0.0053046257,-0.025603447
2190.2112720150812,7961.177,5.3167324,-0.0007531807,138636,1251.5257233016673,696.6098157080258,7115.5435,4.629525,1174.8828,1.4756813,7961.177,5.3167324,0,,,,,1251.5257233016673,0.00050199986,696.6098157080258,0.0004978451,0.005171924,-0.02757999
2190.2182165576673,7955.6455,5.316034,-0.0007530795,138637,1251.5264052513155,696.6114308678225,7110.64,4.6289167,1175.807,1.476665,7955.6455,5.316034,0,,,,,1251.5264052513155,0.0005019532,696.6114308678225,0.00049764075,0.0050782966,-0.024131563
2190.2251611002544,7949.502,5.316145,-0.00075297826,138638,1251.5252759252357,696.6101154493131,7105.1426,4.6290135,1177.2593,1.4773724,7949.502,5.316145,0,,,,,1251.5252759252357,0.0005024193,696.6101154493131,0.0004982814,0.004668781,-0.026518522
2190.232105642782,7967.107,5.323065,-0.0007528771,138639,1251.5260963814505,696.6102269236447,7120.8315,4.635039,1174.1465,1.4773146,7967.107,5.323065,0,,,,,1251.5260963814505,0.0005015475,696.6102269236447,0.0004979969,0.004330079,-0.02604964
2190.2390501853683,7961.7925,5.3183246,-0.0007527759,138640,1251.526378528662,696.6100277440406,7116.266,4.6309114,1176.4495,1.4762361,7961.7925,5.3183246,0,,,,,1251.526378528662,0.000501829,696.6100277440406,0.00049783086,0.006329645,-0.025942294
2190.245994727897,7953.2217,5.315857,-0.0007526747,138641,1251.5264521721788,696.6107041681199,7109.9575,4.6287627,1175.0883,1.4779934,7953.2217,5.315857,0,,,,,1251.5264521721788,0.0005020364,696.6107041681199,0.0004981676,0.0057302765,-0.026924087
2190.2529392704832,7953.2876,5.3158684,-0.0007525735,138642,1251.52539365347,696.6092777865574,7109.2026,4.6287727,1176.104,1.4767721,7953.2876,5.3158684,0,,,,,1251.52539365347,0.0005018446,696.6092777865574,0.0004980232,0.0044661355,-0.02651552
2190.2598838130107,7955.7744,5.31568,-0.0007524723,138643,1251.5258761489936,696.611156073136,7110.621,4.6286087,1176.043,1.4761393,7955.7744,5.31568,0,,,,,1251.5258761489936,0.00050172856,696.611156073136,0.00049783604,0.004897191,-0.02522712
2190.266828355597,7962.689,5.321236,-0.0007523711,138644,1251.5241225051157,696.6089117989579,7117.9673,4.6334467,1173.5514,1.4774826,7962.689,5.321236,0,,,,,1251.5241225051157,0.00050145405,696.6089117989579,0.0004984537,0.0036973027,-0.027768778
2190.2737728981256,7949.4688,5.316541,-0.00075226993,138645,1251.5269542691358,696.6096572943446,7105.301,4.629359,1178.5934,1.4783812,7949.4688,5.316541,0,,,,,1251.5269542691358,0.00050251523,696.6096572943446,0.0004982792,0.0058433036,-0.02559644
2190.280717440711,7952.675,5.314645,-0.0007521687,138646,1251.5267540102927,696.6103441939229,7108.323,4.6277075,1176.292,1.4765569,7952.675,5.314645,0,,,,,1251.5267540102927,0.00050176465,696.6103441939229,0.00049787253,0.005499149,-0.027212905
2190.28766198324,7956.3696,5.3166842,-0.00075206754,138647,1251.526639936888,696.612006978318,7110.206,4.629483,1176.092,1.4762666,7956.3696,5.3166842,0,,,,,1251.526639936888,0.0005019787,696.612006978318,0.0004978931,0.0054416424,-0.023840308
2190.294606525827,7968.728,5.318437,-0.0007519663,138648,1251.5266253157781,696.6087603724551,7122.507,4.6310096,1175.232,1.4759145,7968.728,5.318437,0,,,,,1251.5266253157781,0.0005012941,696.6087603724551,0.0004976322,0.0053632446,-0.028464414
2190.3015510683545,7962.703,5.318427,-0.00075186515,138649,1251.5253072350663,696.6089511152173,7116.92,4.631001,1176.4357,1.4774404,7962.703,5.318427,0,,,,,1251.5253072350663,0.0005016291,696.6089511152173,0.0004978545,0.0042698863,-0.02758081
2190.30849561094,7964.722,5.320383,-0.00075176393,138650,1251.524957935596,696.6080251031624,7118.353,4.632704,1174.7517,1.4775167,7964.722,5.320383,0,,,,,1251.524957935596,0.00050161494,696.6080251031624,0.00049817446,0.0047933557,-0.027835116
2190.315440153469,7955.4375,5.3148537,-0.00075166277,138651,1251.5260329186142,696.6112931383755,7110.04,4.627889,1174.151,1.4756321,7955.4375,5.3148537,0,,,,,1251.5260329186142,0.00050200056,696.6112931383755,0.0004974885,0.005000632,-0.025349798
2190.322384696055,7952.658,5.315394,-0.00075156154,138652,1251.5260725980859,696.6084271263785,7109.418,4.62836,1176.1117,1.4761884,7952.658,5.315394,0,,,,,1251.5260725980859,0.0005019834,696.6084271263785,0.00049790763,0.005546334,-0.027785359
2190.329329238583,7959.4116,5.32112,-0.0007514604,138653,1251.524485247855,696.6093834256624,7115.5527,4.6333456,1176.358,1.4774972,7959.4116,5.32112,0,,,,,1251.524485247855,0.0005017538,696.6093834256624,0.0004985672,0.0037842377,-0.027992008
2190.336273781111,7961.7104,5.3184123,-0.0007513592,138654,1251.5266734132913,696.6117652240273,7115.399,4.630988,1175.2147,1.4766445,7961.7104,5.3184123,0,,,,,1251.5266734132913,0.00050182414,696.6117652240273,0.0004976342,0.0060903323,-0.024497623
2190.3432183236973,7959.638,5.321912,-0.000751258,138655,1251.5248385310572,696.6076720841298,7114.572,4.634035,1176.7368,1.4830917,7959.638,5.321912,0,,,,,1251.5248385310572,0.00050193566,696.6076720841298,0.00049826194,0.00445625,-0.028804762
2190.3501628662257,7965.433,5.317233,-0.0007511568,138656,1251.523826044031,696.6099003920964,7119.3306,4.6299615,1172.3824,1.4752731,7965.433,5.317233,0,,,,,1251.523826044031,0.0005013032,696.6099003920964,0.0004976679,0.0037655006,-0.027589489
2190.3571074088118,7955.2896,5.3166823,-0.0007510556,138657,1251.5253730995305,696.6089594245464,7110.515,4.629482,1176.2799,1.4782188,7955.2896,5.3166823,0,,,,,1251.5253730995305,0.000501949,696.6089594245464,0.0004979494,0.0036872255,-0.028509546
2190.36405195134,7955.8237,5.3162723,-0.00075095444,138658,1251.5270234429431,696.6104747573714,7111.2773,4.629124,1176.6998,1.477624,7955.8237,5.3162723,0,,,,,1251.5270234429431,0.0005017316,696.6104747573714,0.0004976647,0.0058653234,-0.025348702
2190.3709964938685,7965.2217,5.3194046,-0.0007508533,138659,1251.5252436940116,696.6079415085417,7120.331,4.6318517,1175.7633,1.4785678,7965.2217,5.3194046,0,,,,,1251.5252436940116,0.0005012683,696.6079415085417,0.0004973952,0.004325872,-0.029321395
2190.3779410364546,7963.6655,5.321483,-0.00075075205,138660,1251.5260587283808,696.609703573607,7117.684,4.6336617,1175.924,1.4795783,7963.6655,5.321483,0,,,,,1251.5260587283808,0.0005016967,696.609703573607,0.0004979284,0.0046455786,-0.026742782
2190.384885578982,7955.774,5.316715,-0.0007506509,138661,1251.5251564709758,696.6090200683594,7111.5835,4.62951,1175.5558,1.477402,7955.774,5.316715,0,,,,,1251.5251564709758,0.0005015359,696.6090200683594,0.0004978912,0.0041416767,-0.027531378
2190.3918301215103,7962.9365,5.3174143,-0.0007505497,138662,1251.5250103829835,696.6093837770184,7118.1055,4.630119,1173.6292,1.4767368,7962.9365,5.3174143,0,,,,,1251.5250103829835,0.0005013044,696.6093837770184,0.0004974684,0.0045691403,-0.027811028
2190.3987746640973,7957.053,5.3195415,-0.0007504485,138663,1251.526397725096,696.6088266660781,7112.453,4.6319714,1178.431,1.4779408,7957.053,5.3195415,0,,,,,1251.526397725096,0.00050190394,696.6088266660781,0.0004984289,0.0056042285,-0.027182115
2190.4057192066252,7959.008,5.3190336,-0.00075034733,138664,1251.5247550324464,696.6075631887178,7114.142,4.631529,1176.317,1.4785873,7959.008,5.3190336,0,,,,,1251.5247550324464,0.00050164945,696.6075631887178,0.00049814157,0.0040721004,-0.030242814
2190.4126637491527,7951.7793,5.3160276,-0.00075024617,138665,1251.5255917047846,696.6095823583082,7109.0415,4.6289115,1173.9641,1.4770209,7951.7793,5.3160276,0,,,,,1251.5255917047846,0.00050169195,696.6095823583082,0.00049781875,0.0035611412,-0.026227586
2190.419608291739,7960.4414,5.319516,-0.00075014494,138666,1251.5259277617035,696.6085247964991,7116.306,4.631949,1175.7119,1.4764944,7960.4414,5.319516,0,,,,,1251.5259277617035,0.0005017996,696.6085247964991,0.0004982216,0.0050635454,-0.028507765
2190.4265528342676,7959.2236,5.3182764,-0.0007500438,138667,1251.526033893896,696.6087925602994,7115.211,4.6308694,1177.3997,1.4780304,7959.2236,5.3182764,0,,,,,1251.526033893896,0.0005016474,696.6087925602994,0.00049783505,0.004976706,-0.027952561
2190.433497376795,7966.617,5.3177514,-0.0007499426,138668,1251.52426003413,696.6092005356734,7121.0776,4.630412,1174.7877,1.4757802,7966.617,5.3177514,0,,,,,1251.52426003413,0.0005010208,696.6092005356734,0.00049698097,0.003954366,-0.027860373
2190.440441919324,7959.9453,5.317664,-0.00074984145,138669,1251.5264278590557,696.6077347330172,7113.9365,4.6303368,1176.6321,1.4774158,7959.9453,5.317664,0,,,,,1251.5264278590557,0.00050176505,696.6077347330172,0.00049811293,0.004628568,-0.029383095
2190.44738646191,7964.2476,5.319792,-0.0007497402,138670,1251.5248160774106,696.6092272703488,7118.016,4.6321893,1175.836,1.4768977,7964.2476,5.319792,0,,,,,1251.5248160774106,0.0005017353,696.6092272703488,0.00049801945,0.0042402055,-0.028324245
2190.454331004438,7966.8584,5.319365,-0.00074963906,138671,1251.5244508893927,696.6081191905602,7121.535,4.6318173,1175.8616,1.4769104,7966.8584,5.319365,0,,,,,1251.5244508893927,0.00050151383,696.6081191905602,0.0004978107,0.0039348574,-0.02917975
2190.4612755469657,7959.653,5.321099,-0.0007495379,138672,1251.5264673566026,696.6086678253592,7115.0176,4.633327,1176.5933,1.4809307,7959.653,5.321099,0,,,,,1251.5264673566026,0.0005021512,696.6086678253592,0.0004981614,0.0058971187,-0.028798945
2190.4682200895527,7956.3184,5.316467,-0.0007494367,138673,1251.5240295827114,696.6098920962701,7111.708,4.6292934,1174.0197,1.4784793,7956.3184,5.316467,0,,,,,1251.5240295827114,0.00050187967,696.6098920962701,0.0004977696,0.0032858376,-0.027389122
2190.4751646320806,7958.134,5.3162527,-0.0007493355,138674,1251.525452523825,696.6080546018818,7113.593,4.629107,1175.333,1.4763354,7958.134,5.3162527,0,,,,,1251.525452523825,0.0005012521,696.6080546018818,0.0004978213,0.004085285,-0.02915226
2190.4821091746085,7953.3027,5.3172927,-0.00074923434,138675,1251.5260053517259,696.610026502637,7109.3057,4.6300135,1174.9663,1.4772964,7953.3027,5.3172927,0,,,,,1251.5260053517259,0.00050202967,696.610026502637,0.0004985094,0.005392677,-0.027505381
2190.4890537171364,7956.302,5.321444,-0.0007491332,138676,1251.5246605921595,696.6077786306124,7112.8047,4.633628,1176.6168,1.4784402,7956.302,5.321444,0,,,,,1251.5246605921595,0.00050241343,696.6077786306124,0.00049855077,0.0040417532,-0.030722613
2190.4959982597225,7942.101,5.314342,-0.00074903195,138677,1251.5253188138872,696.6081204502927,7099.4277,4.627444,1175.3696,1.4786558,7942.101,5.314342,0,,,,,1251.5253188138872,0.0005024352,696.6081204502927,0.00049839827,0.004376166,-0.028063921
2190.5029428022513,7958.6396,5.31809,-0.0007489308,138678,1251.5264085547499,696.608258518227,7113.805,4.630707,1174.7966,1.4791023,7958.6396,5.31809,0,,,,,1251.5264085547499,0.0005018675,696.608258518227,0.0004974856,0.004874328,-0.028359221
2190.509887344779,7954.347,5.317331,-0.0007488296,138679,1251.5242253663428,696.6078254849127,7111.6187,4.6300464,1174.3127,1.4772239,7954.347,5.317331,0,,,,,1251.5242253663428,0.0005017816,696.6078254849127,0.0004981249,0.003668066,-0.02985467
2190.5168318873075,7956.948,5.3216085,-0.00074872846,138680,1251.5252872208061,696.6090938183619,7113.508,4.633771,1173.8303,1.4803317,7956.948,5.3216085,0,,,,,1251.5252872208061,0.00050214725,696.6090938183619,0.00049838645,0.0046977797,-0.028189188
2190.523776429836,7950.576,5.3156657,-0.0007486273,138681,1251.525246276845,696.6079019685836,7107.837,4.6285963,1176.2606,1.4769597,7950.576,5.3156657,0,,,,,1251.525246276845,0.00050239894,696.6079019685836,0.0004982744,0.004453605,-0.030028436
2190.530720972422,7949.923,5.3147674,-0.0007485261,138682,1251.5253760591045,696.6094086638842,7106.734,4.627814,1175.3125,1.4766942,7949.923,5.3147674,0,,,,,1251.5253760591045,0.0005019842,696.6094086638842,0.00049796124,0.004595649,-0.028366499
2190.5376655149494,7950.072,5.3157597,-0.0007484249,138683,1251.5241492089433,696.6077090762503,7107.67,4.6286783,1176.8224,1.4772388,7950.072,5.3157597,0,,,,,1251.5241492089433,0.0005019224,696.6077090762503,0.0004978916,0.00392996,-0.029160362
2190.5446100574777,7954.7847,5.3193893,-0.00074832374,138684,1251.52442182039,696.609098500648,7111.448,4.631839,1177.9794,1.4793292,7954.7847,5.3193893,0,,,,,1251.52442182039,0.0005019862,696.609098500648,0.0004984289,0.004966907,-0.02853571
2190.551554600006,7957.6396,5.3190837,-0.0007482226,138685,1251.5243350039075,696.6076780737061,7114.493,4.6315727,1174.9175,1.481091,7957.6396,5.3190837,0,,,,,1251.5243350039075,0.00050172507,696.6076780737061,0.00049796054,0.0027254377,-0.029163845
2190.5584991425912,7954.647,5.3161473,-0.00074812135,138686,1251.5262652243678,696.6082988326443,7110.586,4.6290154,1175.0347,1.475973,7954.647,5.3161473,0,,,,,1251.5262652243678,0.0005016645,696.6082988326443,0.00049833924,0.005472476,-0.029658834
2190.5654436851196,7960.5,5.320039,-0.0007480202,138687,1251.5237568231203,696.6079715760147,7116.2407,4.6324043,1176.7573,1.4786078,7960.5,5.320039,0,,,,,1251.5237568231203,0.00050209963,696.6079715760147,0.00049781176,0.0028320104,-0.029454999
2190.5723882276484,7947.843,5.3143024,-0.000747919,138688,1251.5254287495386,696.6085638563916,7105.518,4.627409,1174.6967,1.4768766,7947.843,5.3143024,0,,,,,1251.5254287495386,0.00050242525,696.6085638563916,0.0004981001,0.004572565,-0.029172637
2190.5793327701763,7954.9556,5.316562,-0.00074781786,138689,1251.5262799843858,696.6088530302624,7111.426,4.629377,1175.7463,1.4775652,7954.9556,5.316562,0,,,,,1251.5262799843858,0.0005019447,696.6088530302624,0.0004976241,0.0049661044,-0.028365673
2190.5862773127037,7953.652,5.3149137,-0.0007477167,138690,1251.5253392309678,696.6069758355065,7109.794,4.6279416,1174.6348,1.4756764,7953.652,5.3149137,0,,,,,1251.5253392309678,0.000501884,696.6069758355065,0.00049792905,0.003753417,-0.030051665
2190.593221855232,7950.4097,5.315585,-0.00074761553,138691,1251.5240125753237,696.6065037152522,7107.638,4.628526,1175.229,1.4774929,7950.4097,5.315585,0,,,,,1251.5240125753237,0.0005018127,696.6065037152522,0.0004984576,0.0035044125,-0.032721262
2190.6001663978186,7953.8364,5.315027,-0.0007475143,138692,1251.5242490905096,696.6090782984256,7108.941,4.628041,1174.6647,1.4769427,7953.8364,5.315027,0,,,,,1251.5242490905096,0.00050200213,696.6090782984256,0.0004981686,0.003890913,-0.028348036
2190.607110940346,7947.906,5.3138022,-0.00074741314,138693,1251.5263697007576,696.6090132086773,7104.931,4.626974,1174.3324,1.4769783,7947.906,5.3138022,0,,,,,1251.5263697007576,0.0005020484,696.6090132086773,0.0004981162,0.0050536906,-0.028642694
2190.614055482874,7954.5596,5.315417,-0.000747312,138694,1251.5244646008232,696.6070989479606,7109.4927,4.62838,1175.2372,1.4765693,7954.5596,5.315417,0,,,,,1251.5244646008232,0.00050200464,696.6070989479606,0.00049858127,0.0029885743,-0.030437429
2190.6210000254027,7954.8115,5.318332,-0.0007472108,138695,1251.5256213715488,696.6080249767625,7111.3853,4.630918,1175.6027,1.4778086,7954.8115,5.318332,0,,,,,1251.5256213715488,0.0005023048,696.6080249767625,0.00049811316,0.0047460254,-0.029408304
2190.627944567931,7959.0967,5.31699,-0.00074710965,138696,1251.523716740029,696.6064239041543,7115.171,4.6297493,1175.589,1.4769166,7959.0967,5.31699,0,,,,,1251.523716740029,0.0005013063,696.6064239041543,0.0004977263,0.0019193038,-0.031199405
2190.6348891104585,7954.694,5.3151197,-0.0007470085,138697,1251.5261236736792,696.6090553229175,7110.576,4.628121,1175.3799,1.4756043,7954.694,5.3151197,0,,,,,1251.5261236736792,0.00050161715,696.6090553229175,0.00049760117,0.00554722,-0.02765633
2190.6418336530455,7960.256,5.319676,-0.00074690726,138698,1251.5254305821038,696.6070773537174,7116.34,4.632088,1173.8374,1.4782257,7960.256,5.319676,0,,,,,1251.5254305821038,0.0005013039,696.6070773537174,0.0004981187,0.004088567,-0.03057252
2190.6487781955734,7953.6934,5.317172,-0.0007468061,138699,1251.523608160959,696.6068875238143,7110.8096,4.629908,1174.5127,1.4764925,7953.6934,5.317172,0,,,,,1251.523608160959,0.0005018799,696.6068875238143,0.00049848994,0.003032992,-0.030724877
2190.6557227381013,7953.535,5.3172026,-0.0007467049,138700,1251.5255782353695,696.6076529016384,7109.0977,4.6299343,1177.8739,1.4801015,7953.535,5.3172026,0,,,,,1251.5255782353695,0.0005019221,696.6076529016384,0.0004981836,0.004652582,-0.02986091
2190.662667280629,7949.967,5.315153,-0.00074660376,138701,1251.5229836190326,696.6063656886745,7107.3574,4.62815,1177.4407,1.4774859,7949.967,5.315153,0,,,,,1251.5229836190326,0.00050176005,696.6063656886745,0.00049818866,0.0019144802,-0.03123438
2190.6696118231575,7949.415,5.3160896,-0.0007465026,138702,1251.5254842859733,696.6077758794784,7106.277,4.6289654,1177.8893,1.4787563,7949.415,5.3160896,0,,,,,1251.5254842859733,0.00050219044,696.6077758794784,0.00049826497,0.0045429342,-0.028632158
2190.676556365686,7954.212,5.316009,-0.00074640143,138703,1251.5239983210815,696.606694806886,7111.7583,4.6288953,1174.3616,1.4782962,7954.212,5.316009,0,,,,,1251.5239983210815,0.00050161406,696.606694806886,0.0004980071,0.0031649207,-0.031577952
2190.683500908214,7945.545,5.3157396,-0.00074630027,138704,1251.5252128401926,696.6077593337498,7103.376,4.6286607,1175.1566,1.4771082,7945.545,5.3157396,0,,,,,1251.5252128401926,0.00050287816,696.6077593337498,0.00049890496,0.003968449,-0.030382916
2190.6904454508,7943.784,5.31479,-0.00074619905,138705,1251.5253014763155,696.6071745262681,7102.247,4.6278334,1177.6595,1.4786856,7943.784,5.31479,0,,,,,1251.5253014763155,0.0005021053,696.6071745262681,0.0004984473,0.003916536,-0.030266756
2190.6973899933278,7964.0967,5.3227854,-0.0007460979,138706,1251.5246984389335,696.6085186504436,7119.0625,4.634796,1174.9167,1.4790317,7964.0967,5.3227854,0,,,,,1251.5246984389335,0.0005018263,696.6085186504436,0.00049831223,0.0036229442,-0.030378066
2190.7043345358566,7960.973,5.321404,-0.0007459967,138707,1251.5241987757556,696.6055919573,7117.212,4.6335926,1174.6827,1.478565,7960.973,5.321404,0,,,,,1251.5241987757556,0.00050125783,696.6055919573,0.0004985118,0.0032426785,-0.030646676
2190.711279078384,7958.33,5.319248,-0.00074589555,138708,1251.5252471158365,696.60750743457,7114.173,4.6317163,1174.6853,1.4769822,7958.33,5.319248,0,,,,,1251.5252471158365,0.00050183863,696.60750743457,0.00049841637,0.00423278,-0.030359073
2190.7182236209123,7955.6772,5.3157687,-0.0007457944,138709,1251.5251936851628,696.6080148046746,7111.343,4.628686,1175.6685,1.4759989,7955.6772,5.3157687,0,,,,,1251.5251936851628,0.0005016889,696.6080148046746,0.00049776275,0.0043413904,-0.030271567
2190.725168163441,7949.9507,5.3162274,-0.0007456932,138710,1251.525176429703,696.606592566808,7107.9355,4.6290855,1176.6605,1.4768114,7949.9507,5.3162274,0,,,,,1251.525176429703,0.0005020547,696.606592566808,0.0004984374,0.0034864317,-0.030776953
2190.732112705969,7952.8345,5.3157616,-0.00074559206,138711,1251.525800332609,696.6070306604225,7110.496,4.6286798,1174.37,1.4761419,7952.8345,5.3157616,0,,,,,1251.525800332609,0.0005019197,696.6070306604225,0.0004981547,0.005044883,-0.030669503
2190.7390572484965,7955.3613,5.318372,-0.0007454909,138712,1251.5258369188161,696.6072143083039,7111.7373,4.6309524,1176.461,1.4786395,7955.3613,5.318372,0,,,,,1251.5258369188161,0.00050211145,696.6072143083039,0.0004982068,0.004495352,-0.031086816
2190.746001791083,7947.1235,5.316339,-0.00074538967,138713,1251.525117609762,696.6077591137897,7103.867,4.629183,1177.3126,1.4813751,7947.1235,5.316339,0,,,,,1251.525117609762,0.00050204585,696.6077591137897,0.000498743,0.004124652,-0.029872157
2190.7529463336114,7945.232,5.3142867,-0.0007452885,138714,1251.5249565690203,696.6062406947635,7103.5107,4.6273956,1176.917,1.4771215,7945.232,5.3142867,0,,,,,1251.5249565690203,0.0005022341,696.6062406947635,0.0004984859,0.0033049148,-0.031623635
2190.759890876139,7953.981,5.3177514,-0.00074518734,138715,1251.525136852828,696.6074103331716,7109.7886,4.630412,1175.5833,1.4779558,7953.981,5.3177514,0,,,,,1251.525136852828,0.00050185085,696.6074103331716,0.0004984951,0.003397624,-0.029974168
2190.7668354186667,7955.728,5.315978,-0.0007450862,138716,1251.5241388484872,696.6069015369951,7113.371,4.628868,1174.6206,1.4765108,7955.728,5.315978,0,,,,,1251.5241388484872,0.00050121173,696.6069015369951,0.0004982382,0.0037615628,-0.032073494
2190.773779961195,7958.4673,5.3207307,-0.000744985,138717,1251.5251042292846,696.6077175991624,7114.3584,4.6330066,1175.6456,1.479846,7958.4673,5.3207307,0,,,,,1251.5251042292846,0.0005023076,696.6077175991624,0.00049831404,0.003741382,-0.029291017
2190.7807245037234,7948.8916,5.3146152,-0.00074488384,138718,1251.5239993949767,696.6049129135183,7107.434,4.6276813,1176.0465,1.4758646,7948.8916,5.3146152,0,,,,,1251.5239993949767,0.00050160376,696.6049129135183,0.00049830694,0.0033695672,-0.03342224
2190.7876690462513,7967.6934,5.319173,-0.0007447827,138719,1251.5246292277347,696.6066891060275,7123.0107,4.6316504,1175.2266,1.4778218,7967.6934,5.319173,0,,,,,1251.5246292277347,0.00050117297,696.6066891060275,0.00049748766,0.003452807,-0.03020271
2190.79461358878,7948.134,5.3133245,-0.0007446815,138720,1251.5244312767063,696.6062695104525,7106.2754,4.626558,1173.2429,1.4765736,7948.134,5.3133245,0,,,,,1251.5244312767063,0.0005018491,696.6062695104525,0.0004981466,0.004085057,-0.03175528
2190.801558131308,7961.7896,5.318641,-0.00074458035,138721,1251.5242840081855,696.6073147056213,7118.4463,4.631187,1176.3822,1.4768262,7961.7896,5.318641,0,,,,,1251.5242840081855,0.0005014344,696.6073147056213,0.00049817766,0.0028226036,-0.031478792
2190.808502673894,7950.416,5.315785,-0.0007444791,138722,1251.5227289775944,696.6072382249051,7107.669,4.6287003,1175.3605,1.4765981,7950.416,5.315785,0,,,,,1251.5227289775944,0.0005021041,696.6072382249051,0.00049851596,0.0033206728,-0.031138113
2190.815447216422,7947.4546,5.3150296,-0.00074437796,138723,1251.5245140565921,696.6069022864309,7105.5986,4.6280427,1175.0232,1.4765768,7947.4546,5.3150296,0,,,,,1251.5245140565921,0.0005021639,696.6069022864309,0.00049837073,0.0038497492,-0.031224338
2190.82239175895,7946.917,5.313514,-0.0007442768,138724,1251.5241533618544,696.6076359078285,7104.3438,4.626723,1175.0785,1.4757067,7946.917,5.313514,0,,,,,1251.5241533618544,0.00050213846,696.6076359078285,0.00049810816,0.003954648,-0.030708656
2190.8293363014786,7944.0767,5.313103,-0.00074417563,138725,1251.52558663326,696.6053969700139,7101.2925,4.626365,1176.062,1.478328,7944.0767,5.313103,0,,,,,1251.52558663326,0.00050219824,696.6053969700139,0.0004985922,0.004448828,-0.031667434
2190.8362808440065,7955.3374,5.318035,-0.00074407447,138726,1251.5235657555431,696.6056372120823,7111.594,4.6306596,1175.2968,1.4792184,7955.3374,5.318035,0,,,,,1251.5235657555431,0.00050166494,696.6056372120823,0.0004985437,0.002715973,-0.032535437
2190.843225386535,7951.945,5.316417,-0.0007439733,138727,1251.5248970301006,696.6061696084807,7108.402,4.629251,1174.8883,1.478246,7951.945,5.316417,0,,,,,1251.5248970301006,0.0005023882,696.6061696084807,0.00049836934,0.003863255,-0.03201643
2190.850169929063,7957.4243,5.3162704,-0.00074387214,138728,1251.5249008800552,696.6058749253639,7114.074,4.629123,1172.8583,1.475606,7957.4243,5.3162704,0,,,,,1251.5249008800552,0.00050214166,696.6058749253639,0.00049819436,0.0039258935,-0.03131904
2190.857114471591,7964.652,5.318782,-0.000743771,138729,1251.525527024045,696.6061216645941,7120.814,4.6313095,1172.9677,1.4776086,7964.652,5.318782,0,,,,,1251.525527024045,0.0005014052,696.6061216645941,0.00049775117,0.0038599872,-0.03208157
2190.8640590141767,7945.353,5.3193264,-0.00074366975,138730,1251.524578904112,696.6073090363773,7103.8013,4.631784,1175.6534,1.478375,7945.353,5.3193264,0,,,,,1251.524578904112,0.0005026673,696.6073090363773,0.000499023,0.0038812447,-0.030541968
2190.871003556705,7955.3,5.315909,-0.0007435686,138731,1251.524316417458,696.604997914317,7113.7383,4.628808,1174.4017,1.4773945,7955.3,5.315909,0,,,,,1251.524316417458,0.00050148345,696.604997914317,0.0004979735,0.0031439706,-0.033050165
2190.8779480992334,7950.94,5.3158455,-0.0007434674,138732,1251.5247035648733,696.6074742293522,7107.3223,4.628753,1175.1685,1.477329,7950.94,5.3158455,0,,,,,1251.5247035648733,0.00050222443,696.6074742293522,0.00049850484,0.0038247441,-0.030343734
2190.884892641761,7964.1997,5.3196855,-0.00074336625,138733,1251.524140279027,696.6052662454598,7119.598,4.632097,1175.0741,1.4765593,7964.1997,5.3196855,0,,,,,1251.524140279027,0.00050197344,696.6052662454598,0.0004980449,0.0038800098,-0.031941947
2190.8918371842888,7951.089,5.3148437,-0.0007432651,138734,1251.5235057611253,696.6054704458675,7107.5596,4.6278806,1173.4758,1.4761782,7951.089,5.3148437,0,,,,,1251.5235057611253,0.00050200627,696.6054704458675,0.0004986503,0.002740818,-0.033085946
2190.8987817268176,7948.0977,5.3162007,-0.0007431639,138735,1251.5244146301302,696.6048567973644,7104.2646,4.6290617,1176.1736,1.4771153,7948.0977,5.3162007,0,,,,,1251.5244146301302,0.0005020909,696.6048567973644,0.00049895485,0.00270883,-0.032133784
2190.905726269346,7947.3613,5.3174047,-0.00074306276,138736,1251.5240837026192,696.6053490761927,7106.208,4.6301107,1178.1083,1.4801518,7947.3613,5.3174047,0,,,,,1251.5240837026192,0.0005021819,696.6053490761927,0.00049866113,0.0027960038,-0.032656055
2190.9126708118733,7956.4014,5.3158193,-0.0007429616,138737,1251.5261029835085,696.6066318657446,7112.811,4.62873,1175.6122,1.4763278,7956.4014,5.3158193,0,,,,,1251.5261029835085,0.0005015031,696.6066318657446,0.000497631,0.0047221184,-0.030533072
2190.9196153544603,7956.049,5.3175883,-0.0007428604,138738,1251.525701811745,696.6042731921706,7113.3477,4.6302705,1177.1179,1.4775922,7956.049,5.3175883,0,,,,,1251.525701811745,0.0005019428,696.6042731921706,0.0004985684,0.0036924607,-0.033526514
2190.9265598969882,7954.659,5.3163023,-0.0007427592,138739,1251.5235779143998,696.6066056340628,7110.751,4.629151,1175.5878,1.4775466,7954.659,5.3163023,0,,,,,1251.5235779143998,0.0005014983,696.6066056340628,0.0004980857,0.0027523935,-0.03101502
2190.933504439516,7947.5293,5.3156385,-0.00074265804,138740,1251.5244825179257,696.604823177825,7105.3545,4.628573,1176.18,1.4787028,7947.5293,5.3156385,0,,,,,1251.5244825179257,0.00050186913,696.604823177825,0.0004986253,0.0033672743,-0.033895295
2190.940448982044,7951.379,5.3147635,-0.0007425569,138741,1251.5244106322084,696.606083052251,7107.921,4.627811,1174.1332,1.476012,7951.379,5.3147635,0,,,,,1251.5244106322084,0.0005017162,696.606083052251,0.0004983158,0.003544076,-0.03229779
2190.9473935245724,7958.976,5.3190055,-0.0007424557,138742,1251.5238516079296,696.6056481368714,7115.162,4.6315045,1172.4634,1.4777696,7958.976,5.3190055,0,,,,,1251.5238516079296,0.0005018441,696.6056481368714,0.0004985369,0.003456358,-0.032820575
2190.9543380671007,7958.0156,5.3199334,-0.00074235455,138743,1251.5251216101667,696.606462724605,7113.653,4.6323123,1177.7325,1.478296,7958.0156,5.3199334,0,,,,,1251.5251216101667,0.0005018935,696.606462724605,0.00049862405,0.0038350169,-0.032249488
2190.9612826096286,7956.9424,5.316109,-0.0007422534,138744,1251.5239990845737,696.6042063273208,7114.1143,4.628982,1173.4484,1.4772094,7956.9424,5.316109,0,,,,,1251.5239990845737,0.00050115853,696.6042063273208,0.00049823214,0.0029576505,-0.033985075
2190.9682271522147,7960.163,5.3168545,-0.00074215216,138745,1251.5252963188661,696.6054934712034,7116.167,4.6296315,1175.0933,1.4756463,7960.163,5.3168545,0,,,,,1251.5252963188661,0.0005012449,696.6054934712034,0.00049793685,0.004131955,-0.032169543
2190.9751716947426,7948.8584,5.3163133,-0.000742051,138746,1251.523484964328,696.6064581633289,7106.5664,4.62916,1176.4573,1.4765851,7948.8584,5.3163133,0,,,,,1251.523484964328,0.00050187006,696.6064581633289,0.0004986469,0.002419263,-0.03153057
2190.9821162372714,7942.5596,5.3122983,-0.0007419498,138747,1251.5229020790673,696.6053985737417,7100.66,4.6256638,1173.3259,1.475638,7942.5596,5.3122983,0,,,,,1251.5229020790673,0.00050216046,696.6053985737417,0.00049884635,0.0026039581,-0.03312077
2190.989060779799,7955.0776,5.3153944,-0.00074184866,138748,1251.5242480906716,696.6058810223541,7111.5103,4.6283603,1172.211,1.47882,7955.0776,5.3153944,0,,,,,1251.5242480906716,0.00050172943,696.6058810223541,0.0004979677,0.0035550029,-0.03355625
2190.996005322327,7947.5903,5.313947,-0.0007417475,138749,1251.5235767182828,696.6046321180127,7103.723,4.6271,1176.3403,1.477057,7947.5903,5.313947,0,,,,,1251.5235767182828,0.0005021649,696.6046321180127,0.000499021,0.003059957,-0.034273516
2191.002949864856,7946.7886,5.3182282,-0.00074164633,138750,1251.5243476158842,696.6043461512543,7105.415,4.630828,1176.4768,1.479668,7946.7886,5.3182282,0,,,,,1251.5243476158842,0.00050253375,696.6043461512543,0.00049903506,0.003484102,-0.033640947
2191.009894407384,7950.285,5.319505,-0.00074154517,138751,1251.5235566820013,696.6042704650821,7108.116,4.6319394,1173.9625,1.4776425,7950.285,5.319505,0,,,,,1251.5235566820013,0.00050163345,696.6042704650821,0.0004993485,0.002512701,-0.03379851
2191.0168389499695,7950.013,5.3137417,-0.00074144395,138752,1251.5242823591263,696.60544899218,7106.6455,4.626921,1173.7996,1.4758927,7950.013,5.3137417,0,,,,,1251.5242823591263,0.00050177623,696.60544899218,0.00049851177,0.002541667,-0.033189554
2191.023783492498,7959.645,5.3162537,-0.0007413428,138753,1251.5253373362054,696.6049150070119,7115.8506,4.629108,1173.6504,1.4770684,7959.645,5.3162537,0,,,,,1251.5253373362054,0.00050129864,696.6049150070119,0.0004977785,0.0045853355,-0.03431667
2191.030728035026,7953.129,5.3156977,-0.0007412416,138754,1251.5253732744898,696.6057439344204,7109.57,4.628624,1174.785,1.4781947,7953.129,5.3156977,0,,,,,1251.5253732744898,0.00050170854,696.6057439344204,0.00049828517,0.0035734987,-0.032185122
2191.0376725775536,7942.4575,5.3151402,-0.00074114045,138755,1251.5244288597028,696.6044439151548,7100.006,4.6281385,1174.7313,1.4775465,7942.4575,5.3151402,0,,,,,1251.5244288597028,0.000502084,696.6044439151548,0.0004994822,0.0027599894,-0.03421854
2191.0446171200815,7947.9087,5.316401,-0.0007410393,138756,1251.5234808595621,696.605192702228,7105.4067,4.6292367,1173.2247,1.4767255,7947.9087,5.316401,0,,,,,1251.5234808595621,0.0005027165,696.605192702228,0.0004988156,0.0022380874,-0.033448998
2191.0515616626103,7953.3877,5.315725,-0.0007409381,138757,1251.5253853899135,696.6048589060273,7111.6636,4.628648,1175.0354,1.4769691,7953.3877,5.315725,0,,,,,1251.5253853899135,0.00050160446,696.6048589060273,0.00049839524,0.004174277,-0.034160234
2191.0585062051387,7950.4795,5.31429,-0.00074083696,138758,1251.5222060247154,696.60434709911,7107.613,4.6273985,1174.8872,1.477151,7950.4795,5.31429,0,,,,,1251.5222060247154,0.000501748,696.60434709911,0.0004982433,0.001845377,-0.033723
2191.0654507477243,7946.809,5.3156843,-0.00074073573,138759,1251.5244684390518,696.6044962447193,7103.648,4.6286125,1174.7509,1.4778905,7946.809,5.3156843,0,,,,,1251.5244684390518,0.0005022525,696.6044962447193,0.0004988888,0.0030738232,-0.03424238
2191.072395290253,7948.116,5.317582,-0.00074063457,138760,1251.5251369663401,696.605144760481,7105.268,4.630265,1175.9856,1.4801418,7948.116,5.317582,0,,,,,1251.5251369663401,0.0005027498,696.605144760481,0.000498871,0.0046423026,-0.033096746
2191.079339832781,7951.3315,5.315076,-0.0007405334,138761,1251.522914629309,696.6052985585684,7108.3843,4.6280828,1176.8655,1.4764936,7951.3315,5.315076,0,,,,,1251.522914629309,0.00050165976,696.6052985585684,0.00049845595,0.002422714,-0.03355426
2191.086284375309,7952.935,5.317916,-0.00074043224,138762,1251.5243492771774,696.6041379708037,7109.751,4.630556,1176.3472,1.4783962,7952.935,5.317916,0,,,,,1251.5243492771774,0.00050170295,696.6041379708037,0.00049874955,0.003100693,-0.03413436
2191.0932289178368,7951.5073,5.3167048,-0.0007403311,138763,1251.5237978984362,696.6033647170042,7109.039,4.6295013,1175.1511,1.4789907,7951.5073,5.3167048,0,,,,,1251.5237978984362,0.00050178915,696.6033647170042,0.00049827446,0.0027853956,-0.034793038
2191.100173460423,7960.4233,5.3168373,-0.00074022985,138764,1251.5243217176514,696.6051418632248,7116.214,4.6296163,1172.2162,1.4791235,7960.4233,5.3168373,0,,,,,1251.5243217176514,0.00050124206,696.6051418632248,0.0004981147,0.0025122333,-0.035097595
2191.1071180029517,7956.2437,5.3170223,-0.0007401287,138765,1251.5239803242098,696.6041745446505,7111.8335,4.6297774,1175.0383,1.4762868,7956.2437,5.3170223,0,,,,,1251.5239803242098,0.00050168275,696.6041745446505,0.00049911544,0.0032546262,-0.034433547
2191.1140625454796,7950.0874,5.316348,-0.0007400275,138766,1251.5225498452198,696.6038495771904,7108.166,4.6291904,1172.9681,1.4759477,7950.0874,5.316348,0,,,,,1251.5225498452198,0.0005014785,696.6038495771904,0.0004992842,0.0019052939,-0.034806278
2191.1210070880074,7951.949,5.3143826,-0.00073992636,138767,1251.5229989467382,696.604502857536,7109.1797,4.627479,1172.7064,1.4752434,7951.949,5.3143826,0,,,,,1251.5229989467382,0.0005013718,696.604502857536,0.0004986018,0.002359942,-0.034370508
2191.1279516305353,7960.4683,5.3182187,-0.0007398252,138768,1251.5246969001273,696.6045198239957,7116.189,4.6308193,1169.5337,1.4783547,7960.4683,5.3182187,0,,,,,1251.5246969001273,0.0005022874,696.6045198239957,0.0004982787,0.004846935,-0.035423145
2191.1348961731223,7949.3516,5.314143,-0.00073972397,138769,1251.5230816205276,696.6048055870913,7105.7466,4.62727,1172.9966,1.4752887,7949.3516,5.314143,0,,,,,1251.5230816205276,0.0005020881,696.6048055870913,0.00049834757,0.001488687,-0.03348699
2191.14184071565,7950.103,5.313141,-0.0007396228,138770,1251.5251153657512,696.6039520999648,7107.343,4.6263976,1172.893,1.4755483,7950.103,5.313141,0,,,,,1251.5251153657512,0.00050169375,696.6039520999648,0.0004985332,0.003951351,-0.035204858
2191.148785258178,7959.9033,5.317064,-0.00073952164,138771,1251.523647525921,696.6052002399381,7115.106,4.6298137,1171.5208,1.4754019,7959.9033,5.317064,0,,,,,1251.523647525921,0.0005014388,696.6052002399381,0.0004985459,0.0013528974,-0.033562828
2191.1557298007065,7949.511,5.31479,-0.0007394205,138772,1251.524743732177,696.6033601040731,7107.3604,4.6278334,1175.5364,1.4758822,7949.511,5.31479,0,,,,,1251.524743732177,0.00050204113,696.6033601040731,0.00049852085,0.0036333168,-0.036234085
2191.1626743432926,7952.0107,5.3137326,-0.00073931925,138773,1251.5221717857607,696.6044446645303,7108.3716,4.626913,1173.9313,1.4752268,7952.0107,5.3137326,0,,,,,1251.5221717857607,0.0005016424,696.6044446645303,0.00049830467,0.00180895,-0.034797754
2191.1696188858205,7955.447,5.3147345,-0.0007392181,138774,1251.5246117030536,696.6040277085903,7112.1777,4.627785,1172.1484,1.4758004,7955.447,5.3147345,0,,,,,1251.5246117030536,0.00050153775,696.6040277085903,0.00049830053,0.0039665974,-0.034907162
2191.176563428349,7952.204,5.3149605,-0.0007391169,138775,1251.5239720781526,696.604012503686,7109.1294,4.627982,1171.8723,1.4767579,7952.204,5.3149605,0,,,,,1251.5239720781526,0.00050155853,696.604012503686,0.0004985869,0.0036402463,-0.034974035
2191.1835079709354,7949.6665,5.3154445,-0.0007390157,138776,1251.5220918888951,696.6036064761715,7107.182,4.6284037,1172.7977,1.478325,7949.6665,5.3154445,0,,,,,1251.5220918888951,0.0005019464,696.6036064761715,0.0004987573,0.00080447335,-0.0352218
2191.190452513463,7944.2163,5.315488,-0.00073891453,138777,1251.5226099136355,696.6040724569041,7102.917,4.628442,1174.567,1.4783814,7944.2163,5.315488,0,,,,,1251.5226099136355,0.0005017934,696.6040724569041,0.00049926003,0.001773633,-0.03473237
2191.1973970559916,7953.443,5.3165264,-0.00073881337,138778,1251.5234956144693,696.6042071100154,7110.3745,4.6293454,1173.9689,1.4756444,7953.443,5.3165264,0,,,,,1251.5234956144693,0.000501428,696.6042071100154,0.00049884256,0.002420258,-0.03408221
2191.2043415985195,7949.3433,5.3138094,-0.0007387122,138779,1251.5231816298535,696.6043775375256,7107.147,4.6269803,1175.179,1.4756255,7949.3433,5.3138094,0,,,,,1251.5231816298535,0.00050168013,696.6043775375256,0.0004984653,0.0012434422,-0.034750927
2191.2112861411056,7952.895,5.3178015,-0.000738611,138780,1251.5243605099076,696.6027095874404,7110.492,4.6304564,1172.4615,1.478171,7952.895,5.3178015,0,,,,,1251.5243605099076,0.00050180074,696.6027095874404,0.0004986404,0.003955864,-0.03632231
2191.2182306836335,7956.31,5.317929,-0.0007385098,138781,1251.5236759196066,696.6041997341482,7112.214,4.630567,1176.3903,1.4786859,7956.31,5.317929,0,,,,,1251.5236759196066,0.0005015094,696.6041997341482,0.00049856305,0.0018566054,-0.033390284
2191.2251752261627,7947.663,5.314432,-0.00073840865,138782,1251.5230536953395,696.6040078911475,7106.1636,4.627522,1174.0514,1.476518,7947.663,5.314432,0,,,,,1251.5230536953395,0.0005017108,696.6040078911475,0.0004986956,0.0020796265,-0.034333136
2191.2321197687493,7944.807,5.3162303,-0.0007383074,138783,1251.5247968802178,696.6043894694111,7103.086,4.629088,1172.9397,1.4787322,7944.807,5.3162303,0,,,,,1251.5247968802178,0.0005018731,696.6043894694111,0.0004992511,0.0034704749,-0.034341168
2191.239064311277,7953.29,5.3133426,-0.00073820626,138784,1251.5233515402776,696.6028042945438,7109.496,4.626573,1172.2333,1.47485,7953.29,5.3133426,0,,,,,1251.5233515402776,0.00050131365,696.6028042945438,0.00049834186,0.0010787759,-0.035744715
2191.2460088538046,7945.2637,5.3135557,-0.0007381051,138785,1251.5233671000115,696.6027626056753,7102.7744,4.626759,1174.4888,1.4762528,7945.2637,5.3135557,0,,,,,1251.5233671000115,0.0005017859,696.6027626056753,0.0004989466,0.0013213156,-0.035775602
2191.252953396391,7962.576,5.3152595,-0.0007380039,138786,1251.5227800330115,696.603720283817,7118.69,4.6282425,1170.0491,1.4747963,7962.576,5.3152595,0,,,,,1251.5227800330115,0.0005010927,696.603720283817,0.00049783656,0.0016038377,-0.035793714
2191.2598979389195,7955.629,5.316668,-0.0007379027,138787,1251.5227692639787,696.6036035481013,7112.6875,4.6294694,1176.3743,1.4779363,7955.629,5.316668,0,,,,,1251.5227692639787,0.00050128164,696.6036035481013,0.0004984575,0.0012025896,-0.035132814
2191.266842481447,7955.444,5.315382,-0.00073780154,138788,1251.5234719931345,696.6043082435233,7111.9214,4.6283493,1174.5997,1.4773321,7955.444,5.315382,0,,,,,1251.5234719931345,0.00050132896,696.6043082435233,0.0004983077,0.0023499804,-0.035475895
2191.273787024034,7959.878,5.317199,-0.0007377003,138789,1251.5244430325492,696.604707956361,7116.1436,4.629932,1172.4359,1.4759817,7959.878,5.317199,0,,,,,1251.5244430325492,0.0005018735,696.604707956361,0.000498213,0.0038953505,-0.034899626
2191.2807315665627,7956.613,5.316661,-0.00073759916,138790,1251.5233166147411,696.6023956415625,7112.5977,4.629463,1171.8302,1.4780961,7956.613,5.316661,0,,,,,1251.5233166147411,0.00050208456,696.6023956415625,0.00049864623,0.0014402694,-0.037681576
2191.28767610909,7954.772,5.314974,-0.000737498,138791,1251.523609256626,696.603523193339,7111.769,4.6279936,1172.155,1.4765183,7954.772,5.314974,0,,,,,1251.523609256626,0.0005014704,696.603523193339,0.0004984554,0.003155878,-0.036362287
2191.294620651676,7955.5312,5.3151326,-0.00073739677,138792,1251.5231044611712,696.6032076571918,7111.7773,4.628132,1172.4965,1.4766124,7955.5312,5.3151326,0,,,,,1251.5231044611712,0.00050163653,696.6032076571918,0.00049868744,0.0015044594,-0.035499584
2191.3015651942046,7964.7524,5.316947,-0.0007372956,138793,1251.5229440706748,696.6026059977399,7120.8604,4.6297126,1172.6111,1.4749868,7964.7524,5.316947,0,,,,,1251.5229440706748,0.00050089945,696.6026059977399,0.00049788714,0.0011744321,-0.03581497
2191.3085097367907,7951.455,5.314689,-0.0007371944,138794,1251.5235633844686,696.601645014812,7110.4897,4.627746,1172.1359,1.474391,7951.455,5.314689,0,,,,,1251.5235633844686,0.0005015333,696.601645014812,0.0004985887,0.0023547527,-0.037706725
2191.3154542793186,7955.2964,5.3144064,-0.0007370932,138795,1251.5231720011093,696.6038038298112,7111.028,4.6275,1172.8339,1.4750359,7955.2964,5.3144064,0,,,,,1251.5231720011093,0.00050179265,696.6038038298112,0.00049845554,0.0026496185,-0.035758156
2191.3223988218465,7946.2153,5.313218,-0.00073699205,138796,1251.5247307042537,696.6025761354255,7104.6284,4.6264653,1175.1157,1.4756131,7946.2153,5.313218,0,,,,,1251.5247307042537,0.0005016969,696.6025761354255,0.00049865583,0.0029630368,-0.03670787
2191.329343364433,7954.1265,5.3149853,-0.0007368908,138797,1251.5224468307242,696.6031330745451,7109.647,4.6280036,1174.455,1.475362,7954.1265,5.3149853,0,,,,,1251.5224468307242,0.00050156086,696.6031330745451,0.00049915595,0.0014042198,-0.035801306
2191.3362879069614,7951.6294,5.3137684,-0.00073678966,138798,1251.5255160615175,696.6033643032611,7107.208,4.626944,1171.1675,1.4761072,7951.6294,5.3137684,0,,,,,1251.5255160615175,0.000501554,696.6033643032611,0.00049875566,0.0046296534,-0.03556757
2191.3432324495475,7954.7812,5.316392,-0.00073668844,138799,1251.522189896538,696.6031577451809,7110.312,4.6292286,1174.209,1.4793329,7954.7812,5.316392,0,,,,,1251.522189896538,0.00050148193,696.6031577451809,0.000498744,0.001681104,-0.03583548
2191.350176992076,7956.295,5.317993,-0.0007365873,138800,1251.5224897717383,696.6019621629653,7114.0415,4.630623,1174.3223,1.478786,7956.295,5.317993,0,,,,,1251.5224897717383,0.0005017062,696.6019621629653,0.00049851066,0.0005935492,-0.038132012
2191.3571215346624,7954.86,5.3202133,-0.00073648605,138801,1251.5236571178352,696.6032449575534,7111.6196,4.632556,1175.2003,1.4818168,7954.86,5.3202133,0,,,,,1251.5236571178352,0.00050178485,696.6032449575534,0.0004989568,0.0023327477,-0.03552583
2191.3640660771903,7947.2134,5.312084,-0.0007363849,138802,1251.5218714236903,696.6034840859205,7105.34,4.625478,1172.699,1.4746536,7947.2134,5.312084,0,,,,,1251.5218714236903,0.00050157297,696.6034840859205,0.0004986727,0.00062245457,-0.035326205
2191.3710106197177,7956.133,5.3143487,-0.0007362837,138803,1251.5247962714207,696.6038855064421,7112.4434,4.627449,1171.1703,1.4741566,7956.133,5.3143487,0,,,,,1251.5247962714207,0.00050145364,696.6038855064421,0.00049836794,0.0027943344,-0.035201453
2191.3779551623043,7955.3584,5.317277,-0.0007361825,138804,1251.5222342224538,696.6032351093085,7111.6597,4.6299996,1170.5095,1.476208,7955.3584,5.317277,0,,,,,1251.5222342224538,0.00050217676,696.6032351093085,0.0004988825,0.00235579,-0.037143044
2191.384899704833,7956.2295,5.3156233,-0.00073608133,138805,1251.523534037021,696.6025202268792,7113.449,4.6285596,1171.871,1.4757235,7956.2295,5.3156233,0,,,,,1251.523534037021,0.0005014244,696.6025202268792,0.0004981992,0.0009289972,-0.036826823
2191.391844247419,7964.683,5.320095,-0.0007359801,138806,1251.5234923678056,696.6019602873228,7120.9126,4.6324534,1173.2871,1.4769526,7964.683,5.320095,0,,,,,1251.5234923678056,0.0005010878,696.6019602873228,0.0004988201,0.0026732376,-0.037871458
2191.3987887899466,7954.3203,5.322089,-0.00073587894,138807,1251.5231963502354,696.6032833317068,7110.2603,4.6341896,1172.7009,1.4797076,7954.3203,5.322089,0,,,,,1251.5231963502354,0.00050251256,696.6032833317068,0.0004997348,0.0017675741,-0.036715366
2191.405733332533,7958.166,5.3149333,-0.0007357777,138808,1251.521949279654,696.6027722313785,7115.2754,4.6279583,1172.5881,1.4749511,7958.166,5.3149333,0,,,,,1251.521949279654,0.0005008938,696.6027722313785,0.00049858063,0.0008939796,-0.036481127
2191.4126778750615,7949.0024,5.316027,-0.00073567656,138809,1251.523406849071,696.6024772999898,7107.619,4.628911,1173.2833,1.4768189,7949.0024,5.316027,0,,,,,1251.523406849071,0.00050222385,696.6024772999898,0.0004991905,0.0023959796,-0.03772071
2191.419622417647,7956.3564,5.317649,-0.00073557533,138810,1251.523920545734,696.602610999913,7112.3633,4.6303234,1172.5676,1.4755306,7956.3564,5.317649,0,,,,,1251.523920545734,0.00050172827,696.602610999913,0.0004991733,0.0029744934,-0.03749645
2191.426566960176,7945.0586,5.31254,-0.00073547417,138811,1251.5222473191623,696.6026615936187,7102.275,4.6258745,1174.7494,1.4760729,7945.0586,5.31254,0,,,,,1251.5222473191623,0.0005019944,696.6026615936187,0.0004987654,0.0007609089,-0.035868373
2191.4335115027625,7958.6543,5.3170238,-0.00073537295,138812,1251.5243508095425,696.6014998739876,7114.6807,4.6297784,1173.0128,1.4759848,7958.6543,5.3170238,0,,,,,1251.5243508095425,0.000501682,696.6014998739876,0.0004987271,0.0030784656,-0.03888393
2191.4404560453486,7955.954,5.3164444,-0.0007352717,138813,1251.5225180511734,696.6028675603895,7112.222,4.629274,1174.8071,1.4766874,7955.954,5.3164444,0,,,,,1251.5225180511734,0.00050143397,696.6028675603895,0.0004986679,0.0008100038,-0.03559525
2191.447400587876,7939.537,5.311928,-0.00073517056,138814,1251.5230076041428,696.6020265266278,7097.9067,4.6253414,1173.7571,1.476054,7939.537,5.311928,0,,,,,1251.5230076041428,0.000502072,696.6020265266278,0.0004992711,0.0010853828,-0.036990877
2191.454345130463,7953.0034,5.3154664,-0.00073506933,138815,1251.5229167847997,696.6022892983236,7110.67,4.6284227,1175.0452,1.4771651,7953.0034,5.3154664,0,,,,,1251.5229167847997,0.0005014747,696.6022892983236,0.00049872964,0.0014933723,-0.038057234
2191.461289672991,7948.3125,5.317872,-0.00073496817,138816,1251.5227890058602,696.6033023389625,7106.1426,4.6305175,1173.5204,1.4770418,7948.3125,5.317872,0,,,,,1251.5227890058602,0.0005024177,696.6033023389625,0.0004993139,0.0013641282,-0.036065836
2191.468234215577,7956.71,5.314174,-0.00073486695,138817,1251.5231434239333,696.6023125507166,7113.5464,4.627298,1172.3975,1.4751506,7956.71,5.314174,0,,,,,1251.5231434239333,0.0005012232,696.6023125507166,0.00049862114,0.002486566,-0.03813884
2191.4751787581054,7955.243,5.312284,-0.0007347658,138818,1251.521659876843,696.6013460801876,7112.29,4.625652,1169.2682,1.472783,7955.243,5.312284,0,,,,,1251.521659876843,0.0005014561,696.6013460801876,0.00049853045,0.0010258149,-0.03899591
2191.482123300692,7956.6826,5.3165216,-0.00073466456,138819,1251.5227321687064,696.6026193291912,7113.996,4.629342,1173.0323,1.4771024,7956.6826,5.3165216,0,,,,,1251.5227321687064,0.00050137815,696.6026193291912,0.00049836375,0.0011417394,-0.036779445
2191.489067843278,7948.9136,5.3158274,-0.00073456333,138820,1251.5220056482428,696.6017540163479,7106.5757,4.6287365,1171.3796,1.4761518,7948.9136,5.3158274,0,,,,,1251.5220056482428,0.00050149375,696.6017540163479,0.00049962726,0.0009193349,-0.03744674
2191.496012385806,7948.161,5.313417,-0.00073446217,138821,1251.5230368299603,696.600842434712,7106.543,4.6266384,1173.9866,1.4751248,7948.161,5.313417,0,,,,,1251.5230368299603,0.0005016734,696.600842434712,0.0004988469,0.0017876246,-0.039095152
2191.5029569283925,7955.235,5.315215,-0.00073436095,138822,1251.5234664859745,696.6018263266368,7112.8735,4.628204,1174.6118,1.4754821,7955.235,5.315215,0,,,,,1251.5234664859745,0.0005014308,696.6018263266368,0.00049834343,0.0014436974,-0.037556525
2191.509901470979,7950.605,5.313266,-0.0007342597,138823,1251.5226091836744,696.6012352852007,7108.6084,4.626507,1169.7639,1.477248,7950.605,5.313266,0,,,,,1251.5226091836744,0.0005011798,696.6012352852007,0.0004987483,0.00079378753,-0.039065063
2191.516846013507,7957.1577,5.3167872,-0.00073415856,138824,1251.5235434871045,696.602242141939,7114.657,4.6295733,1171.7438,1.480412,7957.1577,5.3167872,0,,,,,1251.5235434871045,0.0005014355,696.602242141939,0.0004984067,0.0028066994,-0.036879323
2191.5237905560925,7953.8296,5.3168955,-0.00073405734,138825,1251.521705293841,696.6016655980948,7110.928,4.6296673,1171.9714,1.4772091,7953.8296,5.3168955,0,,,,,1251.521705293841,0.0005014302,696.6016655980948,0.00049917464,-4.8275528e-05,-0.038242187
2191.530735098621,7950.097,5.3127756,-0.00073395617,138826,1251.523254189324,696.6019532386675,7106.488,4.6260796,1172.4019,1.4755573,7950.097,5.3127756,0,,,,,1251.523254189324,0.00050200423,696.6019532386675,0.00049889233,0.003349941,-0.037455063
2191.5376796412074,7945.755,5.3132615,-0.00073385495,138827,1251.5222666565319,696.6008510268722,7104.097,4.626503,1172.8357,1.4768351,7945.755,5.3132615,0,,,,,1251.5222666565319,0.00050172344,696.6008510268722,0.0004991503,-6.737278e-05,-0.03881398
2191.5446241837935,7953.762,5.3140745,-0.0007337537,138828,1251.521128795071,696.603735973394,7110.916,4.6272106,1170.3307,1.4756206,7953.762,5.3140745,0,,,,,1251.521128795071,0.0005011438,696.603735973394,0.00049840205,0.00023927052,-0.037145045
2191.55156872638,7957.7925,5.3144436,-0.0007336525,138829,1251.5221909288503,696.6016085532377,7115.264,4.627532,1170.4858,1.4745624,7957.7925,5.3144436,0,,,,,1251.5221909288503,0.0005009422,696.6016085532377,0.0004984485,0.0011685289,-0.038129162
2191.558513268909,7959.063,5.3163123,-0.00073355134,138830,1251.5209363185556,696.6018111422464,7116.793,4.629159,1172.732,1.4767348,7959.063,5.3163123,0,,,,,1251.5209363185556,0.0005011934,696.6018111422464,0.0004981933,0.0007857671,-0.03867985
2191.5654578114945,7953.939,5.314855,-0.0007334501,138831,1251.5232618389532,696.6022612113487,7110.592,4.6278906,1172.8901,1.4757767,7953.939,5.314855,0,,,,,1251.5232618389532,0.00050155015,696.6022612113487,0.0004985102,0.0009982161,-0.037469856
2191.57240235408,7941.881,5.314542,-0.0007333489,138832,1251.5228866543976,696.6012968821927,7100.2793,4.627618,1172.4204,1.4774189,7941.881,5.314542,0,,,,,1251.5228866543976,0.0005026143,696.6012968821927,0.00049937423,0.0014047306,-0.038527098
2191.579346896609,7951.1978,5.3167186,-0.0007332477,138833,1251.522605503906,696.6011670608746,7107.9956,4.629513,1174.1222,1.4759699,7951.1978,5.3167186,0,,,,,1251.522605503906,0.0005017157,696.6011670608746,0.0004994582,0.0016274626,-0.039171003
2191.586291439195,7947.743,5.3126106,-0.0007331465,138834,1251.522284471879,696.6020523774635,7105.403,4.625936,1171.8032,1.4764122,7947.743,5.3126106,0,,,,,1251.522284471879,0.00050171226,696.6020523774635,0.00049907103,0.00087578676,-0.037783653
2191.593235981781,7943.001,5.3114877,-0.0007330453,138835,1251.520562201394,696.6027950292383,7100.503,4.6249585,1171.7131,1.4750521,7943.001,5.3114877,0,,,,,1251.520562201394,0.00050171674,696.6027950292383,0.00049922767,-0.0011072116,-0.037114087
2191.6001805243673,7946.7188,5.313038,-0.00073294406,138836,1251.52228819051,696.6026017808981,7105.8794,4.626308,1173.9695,1.4753823,7946.7188,5.313038,0,,,,,1251.52228819051,0.00050179753,696.6026017808981,0.00049868523,0.00059594214,-0.037694294
2191.607125066896,7949.233,5.3127933,-0.0007328429,138837,1251.5222367918755,696.6007906681971,7108.239,4.6260953,1169.682,1.4743478,7949.233,5.3127933,0,,,,,1251.5222367918755,0.00050125166,696.6007906681971,0.00049891113,2.6477881e-05,-0.039976668
2191.614069609482,7951.3413,5.314926,-0.00073274167,138838,1251.5239623444224,696.6014672791737,7108.7954,4.627952,1173.2432,1.4775906,7951.3413,5.314926,0,,,,,1251.5239623444224,0.0005015549,696.6014672791737,0.00049881946,0.001673814,-0.03844929
2191.6210141520683,7942.416,5.313812,-0.00073264044,138839,1251.5231194355076,696.6004272851344,7100.8315,4.6269817,1172.9586,1.4766321,7942.416,5.313812,0,,,,,1251.5231194355076,0.000502294,696.6004272851344,0.00049944146,0.0012465416,-0.03952377
2191.627958694655,7953.497,5.3159637,-0.0007325392,138840,1251.521678658508,696.6008800271277,7110.2627,4.6288557,1170.2297,1.4755834,7953.497,5.3159637,0,,,,,1251.521678658508,0.0005017389,696.6008800271277,0.00049892545,0.00056172186,-0.03900668
2191.6349032372414,7955.7725,5.317887,-0.000732438,138841,1251.5218747484391,696.600527832241,7113.369,4.6305304,1174.4059,1.4785329,7955.7725,5.317887,0,,,,,1251.5218747484391,0.0005017919,696.600527832241,0.0004987677,-8.305179e-05,-0.039984446
2191.6418477798275,7955.609,5.3149576,-0.0007323368,138842,1251.5205675343577,696.6007691768968,7111.8,4.6279798,1172.5044,1.4750518,7955.609,5.3149576,0,,,,,1251.5205675343577,0.0005014039,696.6007691768968,0.00049847295,-0.00060833467,-0.038002655
2191.648792322355,7960.076,5.3140635,-0.0007322356,138843,1251.5219263835472,696.6014069464849,7116.4517,4.627201,1169.4418,1.4734957,7960.076,5.3140635,0,,,,,1251.5219263835472,0.0005010895,696.6014069464849,0.00049822236,0.00014780583,-0.03872773
2191.6557368649414,7951.333,5.3146358,-0.0007321344,138844,1251.5213524080798,696.6013655512951,7109.492,4.6276994,1172.9034,1.476856,7951.333,5.3146358,0,,,,,1251.5213524080798,0.0005014387,696.6013655512951,0.00049902353,6.202286e-05,-0.03966499
2191.6626814075285,7959.179,5.321243,-0.00073203316,138845,1251.5235462019334,696.599827177435,7115.631,4.6334524,1171.3381,1.4780415,7959.179,5.321243,0,,,,,1251.5235462019334,0.0005012837,696.599827177435,0.00049943535,0.0021591806,-0.039966993
2191.6696259501146,7959.6377,5.3172855,-0.00073193194,138846,1251.521090830247,696.6016709411368,7116.596,4.630007,1173.4932,1.4783587,7959.6377,5.3172855,0,,,,,1251.521090830247,0.0005013518,696.6016709411368,0.0004987141,0.00040049443,-0.038173944
2191.6765704927006,7954.054,5.316954,-0.0007318307,138847,1251.5236532496785,696.5998414030329,7110.0938,4.6297183,1170.7251,1.4755867,7954.054,5.316954,0,,,,,1251.5236532496785,0.00050147745,696.5998414030329,0.000499911,0.0022307474,-0.041096725
2191.6835150352877,7953.829,5.3142757,-0.0007317295,138848,1251.5218153856904,696.6016962284682,7109.798,4.627386,1173.0354,1.475512,7953.829,5.3142757,0,,,,,1251.5218153856904,0.00050157274,696.6016962284682,0.0004988731,0.00040119793,-0.03823696
2191.6904595778738,7957.2617,5.3160753,-0.0007316283,138849,1251.5223152588972,696.6000739183847,7113.933,4.628953,1171.3428,1.4763699,7957.2617,5.3160753,0,,,,,1251.5223152588972,0.0005014305,696.6000739183847,0.00049893686,0.001575879,-0.04082993
2191.69740412046,7945.439,5.3132772,-0.00073152705,138850,1251.5219622466457,696.6006702560356,7103.798,4.626517,1172.9648,1.4751157,7945.439,5.3132772,0,,,,,1251.5219622466457,0.0005016928,696.6006702560356,0.00049952004,-0.00033246703,-0.039549824
2191.7043486630464,7961.4023,5.3167534,-0.0007314258,138851,1251.5218336429934,696.6008283390405,7118.355,4.6295433,1172.2703,1.4755349,7961.4023,5.3167534,0,,,,,1251.5218336429934,0.0005012737,696.6008283390405,0.00049874064,0.00062312227,-0.03960611
2191.7112932055747,7960.462,5.31846,-0.00073132466,138852,1251.5217289858463,696.6004381807253,7116.943,4.6310296,1170.8785,1.4755055,7960.462,5.31846,0,,,,,1251.5217289858463,0.0005009871,696.6004381807253,0.0004993626,0.00056237343,-0.040231153
2191.718237748161,7954.3735,5.313937,-0.00073122344,138853,1251.523360789273,696.6000560018988,7110.5254,4.627091,1171.5737,1.4752525,7954.3735,5.313937,0,,,,,1251.523360789273,0.0005012832,696.6000560018988,0.00049865723,0.0011723727,-0.039222687
2191.725182290747,7948.4937,5.3159027,-0.0007311222,138854,1251.5219042984359,696.6012297443581,7106.6704,4.6288023,1172.1299,1.475961,7948.4937,5.3159027,0,,,,,1251.5219042984359,0.00050168164,696.6012297443581,0.00049928064,0.00010757822,-0.038705323
2191.7321268333335,7952.4375,5.3154187,-0.000731021,138855,1251.5230311242149,696.599392888012,7110.231,4.6283813,1171.8191,1.4794854,7952.4375,5.3154187,0,,,,,1251.5230311242149,0.0005016068,696.599392888012,0.00049899035,0.001887521,-0.041172978
2191.73907137592,7965.0747,5.3163304,-0.00073091977,138856,1251.5247512170222,696.6001848750296,7120.6797,4.6291757,1171.3702,1.4742209,7965.0747,5.3163304,0,,,,,1251.5247512170222,0.0005009289,696.6001848750296,0.00049805146,0.0016110335,-0.03965923
2191.746015918506,7953.88,5.3171167,-0.00073081854,138857,1251.520669893817,696.5988217888023,7109.9297,4.62986,1170.701,1.4772936,7953.88,5.3171167,0,,,,,1251.520669893817,0.0005023574,696.5988217888023,0.00049974583,-0.00089716737,-0.04168678
2191.7529604610922,7970.195,5.3205056,-0.0007307173,138858,1251.521128749339,696.6002139197128,7124.601,4.63281,1171.5027,1.4759102,7970.195,5.3205056,0,,,,,1251.521128749339,0.0005010544,696.6002139197128,0.00049870316,-0.00029864523,-0.0399973
2191.7599050036793,7954.6816,5.3188252,-0.0007306161,138859,1251.5224158477185,696.6005639244364,7111.1353,4.6313477,1172.5859,1.4766731,7954.6816,5.3188252,0,,,,,1251.5224158477185,0.0005016675,696.6005639244364,0.00049923686,0.00023975127,-0.03897385
2191.7668495462653,7963.688,5.3185368,-0.0007305149,138860,1251.5215474870602,696.5999676695815,7120.3965,4.6310964,1171.7059,1.4757191,7963.688,5.3185368,0,,,,,1251.5215474870602,0.0005009816,696.5999676695815,0.0004987195,6.553834e-05,-0.040237963
2191.7737940888514,7957.442,5.317746,-0.00073041365,138861,1251.5219430712825,696.6001068622666,7114.6533,4.630408,1171.7053,1.4755415,7957.442,5.317746,0,,,,,1251.5219430712825,0.0005010445,696.6001068622666,0.00049912825,0.0005294439,-0.040351696
2191.7807386314958,7960.521,5.3161693,-0.0007303124,138862,1251.5216969052583,696.5994417541592,7117.6997,4.6290345,1169.6576,1.4753937,7960.521,5.3161693,0,,,,,1251.5216969052583,0.0005008381,696.5994417541592,0.000498444,0.00034084538,-0.04032309
2191.7876831740828,7962.493,5.3171535,-0.00073021115,138863,1251.522910040114,696.6015963400449,7118.7964,4.6298923,1172.371,1.4777148,7962.493,5.3171535,0,,,,,1251.522910040114,0.000500628,696.6015963400449,0.0004986177,0.0006542013,-0.03860376
2191.7946277166684,7963.2456,5.316823,-0.0007301099,138864,1251.5217465445708,696.6012277981364,7117.73,4.629604,1173.8129,1.4773589,7963.2456,5.316823,0,,,,,1251.5217465445708,0.0005013742,696.6012277981364,0.0004987006,-0.00048584037,-0.038885903
2191.801572259254,7953.0957,5.315212,-0.0007300087,138865,1251.522679795418,696.599823755091,7109.963,4.628201,1172.4252,1.475929,7953.0957,5.315212,0,,,,,1251.522679795418,0.00050162,696.599823755091,0.00049936323,0.001246995,-0.04119146
2191.808516801841,7950.816,5.315935,-0.0007299075,138866,1251.5216943882265,696.6001266589002,7108.266,4.628831,1172.1774,1.4792612,7950.816,5.315935,0,,,,,1251.5216943882265,0.00050153653,696.6001266589002,0.0004995358,-0.00014372818,-0.040589817
2191.8154613444276,7953.854,5.3141665,-0.00072980626,138867,1251.5216397975275,696.6006034418143,7113.147,4.627291,1172.7631,1.4750328,7953.854,5.3141665,0,,,,,1251.5216397975275,0.00050113496,696.6006034418143,0.0004985961,0.00061535207,-0.04112184
2191.8224058870137,7959.2,5.317114,-0.00072970503,138868,1251.523010333518,696.5994762013181,7115.815,4.6298575,1172.4733,1.4756045,7959.2,5.317114,0,,,,,1251.523010333518,0.00050112384,696.5994762013181,0.00049895747,0.00132541,-0.041128997
2191.8293504296003,7959.912,5.317033,-0.0007296038,138869,1251.5218467563798,696.5999044297057,7117.414,4.629787,1172.0381,1.4749954,7959.912,5.317033,0,,,,,1251.5218467563798,0.000501317,696.5999044297057,0.00049892114,0.00065479806,-0.041379835
2191.836294972187,7955.7886,5.314285,-0.0007295026,138870,1251.5220767647468,696.6006885559336,7111.0684,4.6273937,1171.4032,1.4749185,7955.7886,5.314285,0,,,,,1251.5220767647468,0.0005014547,696.6006885559336,0.0004991348,0.0012957846,-0.040349133
2191.8432395148307,7953.489,5.3140798,-0.0007294013,138871,1251.5216748947687,696.598372237807,7111.1655,4.6272154,1170.4905,1.4752522,7953.489,5.3140798,0,,,,,1251.5216748947687,0.00050113664,696.598372237807,0.00049905037,0.0007066207,-0.04164885
2191.8501840574168,7952.394,5.3137503,-0.0007293001,138872,1251.5210384850366,696.5994989065689,7108.911,4.626929,1173.3121,1.4750977,7952.394,5.3137503,0,,,,,1251.5210384850366,0.0005010816,696.5994989065689,0.00049925665,-0.00094147,-0.040116888
2191.8571286000033,7952.39,5.315473,-0.00072919886,138873,1251.521850396497,696.59850123493,7109.74,4.6284285,1172.5276,1.478392,7952.39,5.315473,0,,,,,1251.521850396497,0.0005013612,696.59850123493,0.0004993245,0.0007477979,-0.042139165
2191.86407314259,7954.762,5.31526,-0.00072909764,138874,1251.522242695662,696.5988302813455,7112.6797,4.628243,1170.746,1.4766029,7954.762,5.31526,0,,,,,1251.522242695662,0.0005014944,696.5988302813455,0.00049861934,0.0006288817,-0.04118259
2191.871017685176,7960.478,5.317661,-0.0007289964,138875,1251.5221808263952,696.5988506773523,7117.134,4.6303334,1173.7683,1.4755286,7960.478,5.317661,0,,,,,1251.5221808263952,0.0005013213,696.5988506773523,0.0004992339,0.00063795404,-0.04229628
2191.8779622278203,7958.0713,5.319064,-0.00072889513,138876,1251.5219065580436,696.5982833765721,7116.5005,4.6315556,1172.5583,1.4756535,7958.0713,5.319064,0,,,,,1251.5219065580436,0.0005010239,696.5982833765721,0.0004996267,0.0004679494,-0.043025136
2191.884906770407,7956.8115,5.3155265,-0.0007287939,138877,1251.5223640381564,696.5991928714234,7112.824,4.628475,1171.7123,1.4745305,7956.8115,5.3155265,0,,,,,1251.5223640381564,0.0005013341,696.5991928714234,0.00049946015,0.0006423493,-0.040596575
2191.8918513129934,7955.868,5.3148856,-0.0007286927,138878,1251.5226557834214,696.5997643556991,7113.229,4.627917,1171.7561,1.4757242,7955.868,5.3148856,0,,,,,1251.5226557834214,0.0005011271,696.5997643556991,0.00049869105,0.00023053383,-0.040864706
2191.8987958555795,7949.726,5.3148704,-0.00072859146,138879,1251.5215929649526,696.5982570446512,7109.1646,4.627904,1171.6763,1.4755393,7949.726,5.3148704,0,,,,,1251.5215929649526,0.0005015994,696.5982570446512,0.0004992514,4.1018825e-06,-0.043643825
2191.9057403982238,7955.2935,5.314691,-0.0007284902,138880,1251.5205856845946,696.60078969191,7111.2266,4.6277475,1171.401,1.4761031,7955.2935,5.314691,0,,,,,1251.5205856845946,0.0005011795,696.60078969191,0.00049890054,-0.0006986652,-0.03941037
2191.912684940811,7957.1045,5.3179674,-0.00072838896,138881,1251.5213598061314,696.5982560961544,7115.3784,4.6306005,1171.4882,1.4779118,7957.1045,5.3179674,0,,,,,1251.5213598061314,0.0005014127,696.5982560961544,0.0004987414,2.272861e-06,-0.04164215
2191.9196294833964,7948.8765,5.313082,-0.00072828773,138882,1251.5217481207455,696.5982023639529,7108.539,4.6263466,1170.3021,1.4739329,7948.8765,5.313082,0,,,,,1251.5217481207455,0.0005012316,696.5982023639529,0.00049903506,0.0010771464,-0.04350721
2191.9265740260407,7954.4067,5.31515,-0.00072818645,138883,1251.5225955524709,696.5999619058977,7112.4707,4.6281476,1169.5792,1.4752601,7954.4067,5.31515,0,,,,,1251.5225955524709,0.00050146895,696.5999619058977,0.0004989166,0.00094527873,-0.04148617
2191.9335185686273,7953.5483,5.314708,-0.00072808523,138884,1251.522258551713,696.5980062901797,7112.345,4.627763,1172.1986,1.4743004,7953.5483,5.314708,0,,,,,1251.522258551713,0.00050137716,696.5980062901797,0.00049900514,0.0010910755,-0.043772683
2191.9404631112143,7948.2886,5.3129663,-0.000727984,138885,1251.5220420206263,696.6013610228695,7106.506,4.626246,1171.6659,1.4751055,7948.2886,5.3129663,0,,,,,1251.5220420206263,0.0005019181,696.6013610228695,0.0004990393,0.00053830724,-0.039712876
2191.947407653858,7965.057,5.316425,-0.0007278827,138886,1251.522321298042,696.5981597340345,7120.0674,4.629257,1172.5278,1.4746954,7965.057,5.316425,0,,,,,1251.522321298042,0.00050076464,696.5981597340345,0.0004991022,0.00018032198,-0.043419205
2191.954352196444,7961.641,5.3160586,-0.0007277815,138887,1251.5227938444536,696.5976579119315,7116.642,4.6289387,1171.9144,1.4752525,7961.641,5.3160586,0,,,,,1251.5227938444536,0.000500862,696.5976579119315,0.00049931067,0.0005578112,-0.043765828
2191.9612967390312,7960.1406,5.3173394,-0.0007276803,138888,1251.5215229455264,696.5992897398073,7115.636,4.630054,1172.2776,1.4775227,7960.1406,5.3173394,0,,,,,1251.5215229455264,0.00050126424,696.5992897398073,0.0004989232,-0.00019518773,-0.040716995
2191.968241281676,7957.2954,5.315263,-0.000727579,138889,1251.521862053987,696.5994439378101,7113.6455,4.6282454,1172.1705,1.4750749,7957.2954,5.315263,0,,,,,1251.521862053987,0.0005010925,696.5994439378101,0.00049886643,-0.00034119378,-0.04150075
2191.975185824262,7960.3535,5.3179426,-0.0007274778,138890,1251.5218138045054,696.5975587218425,7117.7983,4.630579,1168.4915,1.4755065,7960.3535,5.3179426,0,,,,,1251.5218138045054,0.00050076307,696.5975587218425,0.00049918727,0.001040587,-0.04360136
2191.982130366907,7954.1274,5.3174047,-0.0007273765,138891,1251.522065659581,696.5992393358563,7111.184,4.6301107,1173.3888,1.4751934,7954.1274,5.3174047,0,,,,,1251.522065659581,0.00050156814,696.5992393358563,0.0004998851,-0.00018151676,-0.041063715
2191.9890749094934,7967.3574,5.31685,-0.00072727527,138892,1251.5221370541092,696.5984279177311,7123.27,4.6296277,1168.6759,1.473864,7967.3574,5.31685,0,,,,,1251.5221370541092,0.0005008229,696.5984279177311,0.00049885025,0.0013480335,-0.04372124
2191.9960194521377,7961.3525,5.3175044,-0.000727174,138893,1251.5215423939505,696.5993739224235,7117.6377,4.6301975,1172.8344,1.4761899,7961.3525,5.3175044,0,,,,,1251.5215423939505,0.0005011631,696.5993739224235,0.00049887825,0.0006466296,-0.04096536
2192.002963994724,7946.507,5.315382,-0.00072707277,138894,1251.5202370896443,696.597537424214,7103.2705,4.6283493,1172.3452,1.4761629,7946.507,5.315382,0,,,,,1251.5202370896443,0.0005017039,696.597537424214,0.00050052704,-0.0009314452,-0.043337926
2192.009908537368,7955.1025,5.3148217,-0.0007269715,138895,1251.5206189689716,696.5981091371926,7112.4136,4.627861,1171.646,1.474618,7955.1025,5.3148217,0,,,,,1251.5206189689716,0.00050120434,696.5981091371926,0.00049927225,-8.275184e-05,-0.042336326
2192.016853079955,7956.0703,5.315825,-0.00072687026,138896,1251.5210619241022,696.5980284726674,7113.553,4.628735,1174.8787,1.4754105,7956.0703,5.315825,0,,,,,1251.5210619241022,0.0005012135,696.5980284726674,0.0004993598,-0.00023899565,-0.043525286
2192.023797622599,7966.7144,5.3195186,-0.000726769,138897,1251.5235792846895,696.5982466887576,7122.6973,4.6319513,1170.6748,1.474874,7966.7144,5.3195186,0,,,,,1251.5235792846895,0.00050089665,696.5982466887576,0.0004987825,0.0012403618,-0.042722236
2192.0307421651855,7958.185,5.3161163,-0.00072666776,138898,1251.5197626841564,696.5993720648812,7115.742,4.6289887,1171.7437,1.4747299,7958.185,5.3161163,0,,,,,1251.5197626841564,0.00050106813,696.5993720648812,0.000498935,-0.0014224313,-0.04098272
2192.0376867078307,7956.3384,5.316414,-0.0007265665,138899,1251.5221906197419,696.5970048152201,7114.518,4.6292477,1174.4575,1.4766421,7956.3384,5.316414,0,,,,,1251.5221906197419,0.00050131895,696.5970048152201,0.0004989168,0.001336793,-0.044430934
2192.044631250417,7955.991,5.315669,-0.00072646525,138900,1251.520882666362,696.59955118363,7112.941,4.628599,1172.132,1.4777067,7955.991,5.315669,0,,,,,1251.520882666362,0.0005009568,696.59955118363,0.0004990594,-0.0003174883,-0.04119784
2192.0515757930607,7957.6387,5.3173523,-0.000726364,138901,1251.5203972589802,696.5982207574417,7114.998,4.6300654,1172.9164,1.4762467,7957.6387,5.3173523,0,,,,,1251.5203972589802,0.00050132343,696.5982207574417,0.0004990887,-0.0020127106,-0.042091113
2192.0585203356472,7952.38,5.3171196,-0.00072626275,138902,1251.522095848573,696.5968557756919,7111.25,4.6298623,1169.9446,1.4771369,7952.38,5.3171196,0,,,,,1251.522095848573,0.00050135824,696.5968557756919,0.0004994429,0.0009771908,-0.043909557
2192.065464878292,7949.778,5.3138247,-0.00072616147,138903,1251.5209396750593,696.596693128068,7108.269,4.626993,1173.4675,1.474843,7949.778,5.3138247,0,,,,,1251.5209396750593,0.00050135667,696.596693128068,0.000499932,-7.5814976e-05,-0.045227528
2192.072409420936,7956.828,5.3192735,-0.0007260602,138904,1251.52054194651,696.5988951935756,7114.8477,4.6317377,1171.0065,1.4793955,7956.828,5.3192735,0,,,,,1251.52054194651,0.0005012091,696.5988951935756,0.00049959274,-0.0005156757,-0.042606246
2192.079353963522,7975.965,5.321498,-0.00072595896,138905,1251.5219738822689,696.5995563811405,7131.013,4.633675,1174.0092,1.4753524,7975.965,5.321498,0,,,,,1251.5219738822689,0.000500572,696.5995563811405,0.00049823686,0.00019296889,-0.042220216
2192.086298506167,7963.2524,5.3168793,-0.0007258577,138906,1251.5222240642522,696.596575724993,7120.497,4.6296535,1171.6404,1.4745806,7963.2524,5.3168793,0,,,,,1251.5222240642522,0.0005007652,696.596575724993,0.00049924216,0.0007198477,-0.0446898
2192.093243048812,7962.7236,5.315698,-0.0007257564,138907,1251.5211399141747,696.5975712513989,7118.501,4.628625,1169.0006,1.4740151,7962.7236,5.315698,0,,,,,1251.5211399141747,0.000500868,696.5975712513989,0.00049908663,-0.0003883531,-0.043315377
2192.1001875913976,7966.9185,5.317437,-0.0007256552,138908,1251.5216860416956,696.5968495990419,7123.284,4.630139,1168.5774,1.4739801,7966.9185,5.317437,0,,,,,1251.5216860416956,0.0005009657,696.5968495990419,0.0004990349,0.0011229551,-0.04497496
2192.107132134043,7960.556,5.3196006,-0.0007255539,138909,1251.5196977763956,696.5982626060671,7118.2944,4.632023,1171.6744,1.4770954,7960.556,5.3196006,0,,,,,1251.5196977763956,0.00050096377,696.5982626060671,0.0004991554,-0.0014658191,-0.04273526
2192.114076676687,7959.998,5.3154793,-0.0007254526,138910,1251.5205452405744,696.59778014825,7117.601,4.628434,1171.8988,1.4742472,7959.998,5.3154793,0,,,,,1251.5205452405744,0.0005011449,696.59778014825,0.000498812,-0.0012291839,-0.04411139
2192.121021219273,7955.8325,5.3155413,-0.0007253514,138911,1251.523158407229,696.5988154381114,7114.541,4.628488,1172.4889,1.4749765,7955.8325,5.3155413,0,,,,,1251.523158407229,0.00050107593,696.5988154381114,0.00049894676,0.00090715813,-0.04172084
2192.1279657619175,7953.664,5.314346,-0.0007252501,138912,1251.519977609568,696.597158178684,7111.2407,4.627447,1171.4005,1.4759169,7953.664,5.314346,0,,,,,1251.519977609568,0.00050115667,696.597158178684,0.00049930386,-0.0023741054,-0.0438373
2192.134910304562,7956.48,5.315082,-0.0007251488,138913,1251.5216414260062,696.5995108383577,7113.641,4.6280885,1172.6439,1.4757888,7956.48,5.315082,0,,,,,1251.5216414260062,0.00050117803,696.5995108383577,0.00049899763,0.00015790804,-0.041220386
2192.141854847149,7954.38,5.3174157,-0.0007250476,138914,1251.5219083866125,696.5960298453053,7113.3438,4.6301203,1172.4882,1.4789428,7954.38,5.3174157,0,,,,,1251.5219083866125,0.00050145015,696.5960298453053,0.00049901847,0.0007967125,-0.044974156
2192.148799389793,7957.2134,5.3156424,-0.0007249463,138915,1251.5212462182465,696.5981905796239,7115.477,4.628576,1171.9818,1.4762212,7957.2134,5.3156424,0,,,,,1251.5212462182465,0.00050111045,696.5981905796239,0.0004991118,-0.00019440333,-0.043525625
2192.1557439324374,7955.7485,5.3162894,-0.00072484504,138916,1251.5213371861623,696.5999059220376,7113.4985,4.6291394,1170.406,1.4786575,7955.7485,5.3162894,0,,,,,1251.5213371861623,0.00050126447,696.5999059220376,0.00049860455,-0.00014090083,-0.040638536
2192.1626884750817,7961.8696,5.318655,-0.00072474376,138917,1251.5193641829744,696.5957851404636,7121.3057,4.6311994,1172.1232,1.4757059,7961.8696,5.318655,0,,,,,1251.5193641829744,0.0005010894,696.5957851404636,0.0004991101,-0.0021626484,-0.04483732
2192.169633017727,7957.4478,5.316032,-0.0007246425,138918,1251.5214679371802,696.5985508192892,7116.2236,4.6289153,1170.1528,1.4762719,7957.4478,5.316032,0,,,,,1251.5214679371802,0.00050126004,696.5985508192892,0.00049888523,-0.00061413285,-0.041887175
2192.176577560313,7963.5405,5.31759,-0.00072454126,138919,1251.519817061024,696.5972434412432,7121.242,4.6302724,1173.9523,1.4754938,7963.5405,5.31759,0,,,,,1251.519817061024,0.0005009508,696.5972434412432,0.0004989617,-0.0016766677,-0.044520203
2192.1835221029582,7956.769,5.3157196,-0.00072444,138920,1251.5220531619052,696.5967533400336,7115.7812,4.628643,1172.1787,1.4752169,7956.769,5.3157196,0,,,,,1251.5220531619052,0.0005010641,696.5967533400336,0.0004988319,-0.00029577126,-0.043886684
2192.1904666456026,7972.9863,5.319059,-0.0007243387,138921,1251.520915493806,696.5998929239563,7129.0664,4.631551,1170.234,1.475171,7972.9863,5.319059,0,,,,,1251.520915493806,0.00050007406,696.5998929239563,0.00049820414,-0.001685588,-0.039882652
2192.197411188247,7959.3423,5.3165264,-0.0007242374,138922,1251.5219725297266,696.5962911327154,7118.6284,4.6293454,1171.5624,1.4746584,7959.3423,5.3165264,0,,,,,1251.5219725297266,0.000500718,696.5962911327154,0.0004988139,0.0004273855,-0.045249645
2192.204355730891,7960.738,5.316405,-0.00072413613,138923,1251.5206767086372,696.596861396597,7119.0767,4.6292396,1172.1871,1.4745843,7960.738,5.316405,0,,,,,1251.5206767086372,0.00050074054,696.596861396597,0.00049865403,-0.000759872,-0.043949295
2192.2113002735364,7970.953,5.320441,-0.00072403485,138924,1251.520738483476,696.5970375978408,7127.4565,4.6327543,1171.5585,1.4755973,7970.953,5.320441,0,,,,,1251.520738483476,0.0005010628,696.5970375978408,0.0004986985,-0.0015244563,-0.04422567
2192.2182448161807,7954.848,5.318106,-0.00072393357,138925,1251.521372214165,696.5974856816446,7112.301,4.6307216,1174.1608,1.4769733,7954.848,5.318106,0,,,,,1251.521372214165,0.00050179515,696.5974856816446,0.0004993457,-0.0007222759,-0.04304471
2192.225189358825,7957.696,5.316757,-0.0007238323,138926,1251.5207337674985,696.5979772852825,7116.19,4.629546,1172.126,1.476742,7957.696,5.316757,0,,,,,1251.5207337674985,0.0005010537,696.5979772852825,0.0004992436,-0.00033163629,-0.04418438
2192.2321339014693,7953.8564,5.316296,-0.000723731,138927,1251.520947493212,696.5965503267694,7113.6167,4.629145,1171.581,1.4749302,7953.8564,5.316296,0,,,,,1251.520947493212,0.00050129014,696.5965503267694,0.00049960526,0.00014644943,-0.04553414
2192.2390784441136,7965.19,5.317195,-0.0007236297,138928,1251.5205629837492,696.59685803886,7122.7065,4.6299276,1172.5975,1.4749597,7965.19,5.317195,0,,,,,1251.5205629837492,0.00050033734,696.59685803886,0.00049869524,-0.00043786038,-0.044864714
2192.246022986759,7960.809,5.3171153,-0.00072352844,138929,1251.5212436821905,696.5972246117402,7119.634,4.629858,1171.9716,1.4777155,7960.809,5.3171153,0,,,,,1251.5212436821905,0.0005006843,696.5972246117402,0.0004986707,-0.0015140382,-0.043664407
2192.252967529403,7956.3457,5.3157206,-0.00072342716,138930,1251.522044494159,696.5968984668905,7114.67,4.6286445,1173.1669,1.4757077,7956.3457,5.3157206,0,,,,,1251.522044494159,0.0005010799,696.5968984668905,0.00049912813,-0.00012493054,-0.044797953
2192.259912072048,7964.3896,5.317501,-0.0007233259,138931,1251.5204995206825,696.5951092841896,7122.1934,4.630194,1170.416,1.4757228,7964.3896,5.317501,0,,,,,1251.5204995206825,0.00050089427,696.5951092841896,0.000499005,-0.00047874494,-0.046456248
2192.2668566146926,7962.678,5.3217936,-0.0007232246,138932,1251.5208995851842,696.596980265916,7120.0107,4.633932,1171.287,1.4790345,7962.678,5.3217936,0,,,,,1251.5208995851842,0.0005012072,696.596980265916,0.0004992538,-0.0013249124,-0.043093514
2192.273801157337,7956.3774,5.315989,-0.0007231233,138933,1251.521789631031,696.5980155516685,7113.844,4.628878,1173.5552,1.475715,7956.3774,5.315989,0,,,,,1251.521789631031,0.00050122506,696.5980155516685,0.00049929484,0.00045662397,-0.043193854
2192.280745699981,7954.4116,5.3192863,-0.00072302204,138934,1251.5206012409556,696.5955897503763,7113.2124,4.6317487,1172.7395,1.4768668,7954.4116,5.3192863,0,,,,,1251.5206012409556,0.0005015065,696.5955897503763,0.00049993093,-0.0009793218,-0.04593962
2192.2876902426256,7952.813,5.3167505,-0.00072292075,138935,1251.5193494836628,696.5969846774427,7111.538,4.629541,1173.1122,1.4755446,7952.813,5.3167505,0,,,,,1251.5193494836628,0.0005020509,696.5969846774427,0.00050004537,-0.00090994115,-0.044713628
2192.2946347852703,7953.4165,5.316357,-0.0007228195,138936,1251.5208241263556,696.5967495346661,7112.802,4.6291986,1173.4247,1.4762126,7953.4165,5.316357,0,,,,,1251.5208241263556,0.00050153624,696.5967495346661,0.0004990726,-0.00036964534,-0.04454876
2192.301579327914,7960.8535,5.3181267,-0.0007227182,138937,1251.520589916108,696.5962787611704,7117.6553,4.630739,1173.8259,1.4756773,7960.8535,5.3181267,0,,,,,1251.520589916108,0.00050078885,696.5962787611704,0.00049967435,-0.0006413119,-0.046277322
2192.3085238705585,7948.948,5.3145328,-0.0007226169,138938,1251.5202648891845,696.5959447384171,7108.3843,4.62761,1174.5021,1.4752748,7948.948,5.3145328,0,,,,,1251.5202648891845,0.0005011873,696.5959447384171,0.00049933814,-0.0018578048,-0.045439936
2192.3154684132037,7960.46,5.3167677,-0.00072251563,138939,1251.5219179485307,696.5949512634822,7119.029,4.629556,1172.1508,1.4745537,7960.46,5.3167677,0,,,,,1251.5219179485307,0.00050081976,696.5949512634822,0.00049936457,2.984906e-05,-0.04742281
2192.3224129558484,7957.462,5.317627,-0.00072241435,138940,1251.5211844135376,696.596606939429,7115.3154,4.6303043,1172.8481,1.4771022,7957.462,5.317627,0,,,,,1251.5211844135376,0.00050157437,696.596606939429,0.00049947907,-0.0005506437,-0.04554369
2192.3293574984923,7964.788,5.317307,-0.00072231307,138941,1251.5217682520947,696.5956603003009,7123.389,4.6300254,1172.6201,1.4746972,7964.788,5.317307,0,,,,,1251.5217682520947,0.0005003093,696.5956603003009,0.00049920974,0.00046648766,-0.046810325
2192.3363020411957,7948.491,5.3160315,-0.0007222117,138942,1251.5210106723312,696.5963921287401,7109.4194,4.628915,1173.6617,1.4760019,7948.491,5.3160315,0,,,,,1251.5210106723312,0.0005018642,696.5963921287401,0.000499415,-0.0006692494,-0.046231467
2192.34324658384,7954.892,5.319092,-0.00072211045,138943,1251.5204100119984,696.5976814707502,7113.6304,4.6315794,1169.5131,1.4749776,7954.892,5.319092,0,,,,,1251.5204100119984,0.0005018683,696.5976814707502,0.00049948896,-0.0005274402,-0.043048374
2192.3501911264843,7963.8804,5.317144,-0.00072200916,138944,1251.5210954523714,696.5939769375133,7121.101,4.6298833,1171.9352,1.4751964,7963.8804,5.317144,0,,,,,1251.5210954523714,0.0005006291,696.5939769375133,0.0004992447,9.246671e-05,-0.048133675
2192.3571356691286,7954.0474,5.318684,-0.0007219079,138945,1251.5211600950317,696.5947646577375,7112.7144,4.6312246,1173.2625,1.4767371,7954.0474,5.318684,0,,,,,1251.5211600950317,0.0005011822,696.5947646577375,0.00049985474,-0.0007131073,-0.046310056
2192.364080211774,7948.841,5.313914,-0.0007218066,138946,1251.5200314666802,696.5963192408856,7108.7065,4.627071,1171.361,1.4755721,7948.841,5.313914,0,,,,,1251.5200314666802,0.00050118234,696.5963192408856,0.000499496,-0.00090687646,-0.0462197
2192.3710247544773,7966.1294,5.319938,-0.00072170526,138947,1251.5202744907158,696.595064492995,7123.9575,4.6323166,1170.8777,1.4749802,7966.1294,5.319938,0,,,,,1251.5202744907158,0.00050038367,696.595064492995,0.0004994719,-0.0023827183,-0.04720587
2192.3779692971216,7959.8706,5.3156786,-0.000721604,138948,1251.522592510306,696.5965359033173,7117.008,4.6286077,1171.4816,1.4746419,7959.8706,5.3156786,0,,,,,1251.522592510306,0.0005010202,696.5965359033173,0.0004992554,0.0008787102,-0.045840148
2192.384913839766,7951.108,5.313377,-0.0007215027,138949,1251.520049842404,696.5955684831173,7108.8833,4.6266036,1171.3555,1.47466,7951.108,5.313377,0,,,,,1251.520049842404,0.0005010428,696.5955684831173,0.00049982086,-0.0022719458,-0.04649016
2192.3918583824693,7954.0415,5.318074,-0.00072140136,138950,1251.5194705153656,696.595995831147,7112.386,4.6306934,1173.1705,1.4757537,7954.0415,5.318074,0,,,,,1251.5194705153656,0.0005014058,696.595995831147,0.00050008815,-0.0011055144,-0.045745015
2192.398802925113,7954.176,5.313452,-0.0007213001,138951,1251.5216748717264,696.5953268886494,7113.2314,4.626669,1170.0614,1.4738777,7954.176,5.313452,0,,,,,1251.5216748717264,0.0005008285,696.5953268886494,0.0004991558,-0.0011283543,-0.046288334
2192.405747467757,7951.4507,5.3154573,-0.0007211988,138952,1251.522340911373,696.5951170670722,7111.161,4.6284146,1172.8824,1.4765679,7951.4507,5.3154573,0,,,,,1251.522340911373,0.000501046,696.5951170670722,0.00049964886,-0.00010302513,-0.047589418
2192.4126920104604,7957.6074,5.316109,-0.00072109746,138953,1251.519686712658,696.5969757856776,7115.62,4.628982,1172.0752,1.4770321,7957.6074,5.316109,0,,,,,1251.519686712658,0.0005007922,696.5969757856776,0.0004991699,-0.0021974198,-0.04470536
2192.419636553105,7947.4414,5.31513,-0.0007209962,138954,1251.5199555293048,696.5956063540791,7106.1396,4.6281304,1171.9429,1.4757453,7947.4414,5.31513,0,,,,,1251.5199555293048,0.0005014072,696.5956063540791,0.00050050457,-0.00093639083,-0.047019154
2192.4265810957495,7955.8257,5.315585,-0.0007208949,138955,1251.5230642927602,696.5965852861542,7112.834,4.628526,1173.1101,1.4770865,7955.8257,5.315585,0,,,,,1251.5230642927602,0.00050127803,696.5965852861542,0.00049934984,0.0006312674,-0.044835147
2192.4335256384516,7959.7305,5.314216,-0.00072079356,138956,1251.520813145475,696.5940733989735,7116.5903,4.627334,1168.9576,1.4736861,7959.7305,5.314216,0,,,,,1251.520813145475,0.0005008873,696.5940733989735,0.00049939647,-0.0008561297,-0.049060408
2192.4404701810968,7967.9062,5.3203883,-0.0007206923,138957,1251.5209516183506,696.5952929640164,7124.311,4.6327085,1173.9259,1.4764049,7967.9062,5.3203883,0,,,,,1251.5209516183506,0.00050103967,696.5952929640164,0.0004991442,-0.0007688032,-0.04590521
2192.447414723741,7947.892,5.3150887,-0.000720591,138958,1251.5194132600407,696.5963942600966,7108.1875,4.628094,1172.534,1.4774109,7947.892,5.3150887,0,,,,,1251.5194132600407,0.000501207,696.5963942600966,0.0004996297,-0.0017971172,-0.04544675
2192.4543592664436,7956.0913,5.316486,-0.00072048965,138959,1251.5211602053178,696.59516584106,7115.2783,4.6293106,1169.5752,1.4769497,7956.0913,5.316486,0,,,,,1251.5211602053178,0.0005011388,696.59516584106,0.0004990998,-0.0015411872,-0.046891782
2192.4613038090883,7948.0903,5.312998,-0.0007203884,138960,1251.521635373956,696.5941991538942,7108.3486,4.626273,1171.1803,1.4739232,7948.0903,5.312998,0,,,,,1251.521635373956,0.0005012042,696.5941991538942,0.0004997062,0.00016139858,-0.04863165
2192.4682483517913,7961.001,5.3157578,-0.00072028703,138961,1251.5212194300727,696.5964322328329,7118.759,4.6286764,1170.9655,1.4740884,7961.001,5.3157578,0,,,,,1251.5212194300727,0.0005008459,696.5964322328329,0.00049915514,-0.0012158966,-0.046989802
2192.4751928944356,7957.333,5.3144865,-0.00072018575,138962,1251.5204472328926,696.5948495405344,7114.339,4.62757,1170.1216,1.4739656,7957.333,5.3144865,0,,,,,1251.5204472328926,0.0005008899,696.5948495405344,0.00049930316,-0.0014502096,-0.046125308
2192.482137437138,7954.0435,5.3154597,-0.0007200844,138963,1251.520117140506,696.595192357991,7110.989,4.628417,1172.3967,1.4767306,7954.0435,5.3154597,0,,,,,1251.520117140506,0.00050132285,696.595192357991,0.000499932,-0.0015302572,-0.046280988
2192.489081979783,7956.211,5.3201165,-0.00071998313,138964,1251.52037180993,696.5956288102133,7115.0225,4.6324716,1174.3848,1.477096,7956.211,5.3201165,0,,,,,1251.52037180993,0.0005019641,696.5956288102133,0.0005000762,-0.0006006857,-0.047801267
2192.496026522486,7956.76,5.3180094,-0.0007198818,138965,1251.5211374374062,696.5955334346925,7114.9844,4.630637,1172.4685,1.4798235,7956.76,5.3180094,0,,,,,1251.5211374374062,0.0005014902,696.5955334346925,0.0004992779,-0.00044016703,-0.04685066
2192.50297106513,7944.2246,5.313759,-0.0007197805,138966,1251.5199835753992,696.5959328423303,7104.007,4.626936,1172.5073,1.4768316,7944.2246,5.313759,0,,,,,1251.5199835753992,0.0005015034,696.5959328423303,0.0005000212,-0.0015966344,-0.046559792
2192.509915607832,7947.5815,5.3138404,-0.00071967917,138967,1251.5199525210219,696.595536554778,7107.052,4.627007,1173.3943,1.4771391,7947.5815,5.3138404,0,,,,,1251.5199525210219,0.0005013558,696.595536554778,0.00049983873,-0.0020377745,-0.046915226
2192.516860150535,7951.606,5.3158417,-0.00071957783,138968,1251.5204368255438,696.5953777458714,7110.5273,4.6287494,1171.713,1.4761038,7951.606,5.3158417,0,,,,,1251.5204368255438,0.0005012437,696.5953777458714,0.00050013757,-0.00086618046,-0.047377013
2192.5238046931804,7944.2524,5.315842,-0.00071947655,138969,1251.5197169929777,696.5947019423419,7103.238,4.62875,1171.7844,1.4768459,7944.2524,5.315842,0,,,,,1251.5197169929777,0.0005017357,696.5947019423419,0.00050099095,-0.001471899,-0.048512444
2192.530749235883,7962.429,5.3154907,-0.0007193752,138970,1251.5205630878397,696.5958704906014,7120.5635,4.6284437,1169.3369,1.473893,7962.429,5.3154907,0,,,,,1251.5205630878397,0.0005007673,696.5958704906014,0.0004989195,-0.0003347993,-0.046388112
2192.537693778528,7951.1816,5.3154116,-0.0007192739,138971,1251.5208977504558,696.5939490455253,7110.7856,4.628375,1173.2506,1.4753572,7951.1816,5.3154116,0,,,,,1251.5208977504558,0.00050119153,696.5939490455253,0.00050009345,-0.00039233,-0.04785098
2192.544638321231,7953.742,5.3150587,-0.0007191726,138972,1251.5189305796512,696.5958255500399,7112.4873,4.628068,1171.877,1.4749947,7953.742,5.3150587,0,,,,,1251.5189305796512,0.0005013037,696.5958255500399,0.0004993707,-0.0017191592,-0.047090158
2192.551582863933,7965.0913,5.3177805,-0.00071907125,138973,1251.5200876848946,696.5944220968557,7123.8955,4.630438,1171.6204,1.4750798,7965.0913,5.3177805,0,,,,,1251.5200876848946,0.000500277,696.5944220968557,0.0004990137,-0.002102139,-0.04640806
2192.5585274065775,7953.6973,5.31614,-0.00071896997,138974,1251.5199388877134,696.5948333957389,7113.941,4.6290097,1176.4133,1.4756008,7953.6973,5.31614,0,,,,,1251.5199388877134,0.0005008922,696.5948333957389,0.0004996155,-0.0017260681,-0.048177738
2192.5654719492804,7942.751,5.3144774,-0.0007188686,138975,1251.5199965105867,696.5939392063999,7104.0327,4.6275616,1173.8851,1.4767922,7942.751,5.3144774,0,,,,,1251.5199965105867,0.000501476,696.5939392063999,0.0005001183,-0.001964158,-0.048389282
2192.5724164919834,7953.7334,5.3145394,-0.0007187673,138976,1251.5204664390847,696.5944448605461,7112.284,4.6276155,1171.7716,1.4742936,7953.7334,5.3145394,0,,,,,1251.5204664390847,0.0005007323,696.5944448605461,0.0004996384,-0.00018882596,-0.047456063
2192.579361034686,7933.35,5.311544,-0.00071866595,138977,1251.5206661973946,696.5946669167434,7094.893,4.625007,1173.2748,1.4754543,7933.35,5.311544,0,,,,,1251.5206661973946,0.0005022699,696.5946669167434,0.00050051324,-0.0009892001,-0.04802004
2192.58630557733,7951.7974,5.316684,-0.00071856467,138978,1251.5205778898078,696.596269398051,7109.8506,4.6294827,1170.1222,1.477406,7951.7974,5.316684,0,,,,,1251.5205778898078,0.00050139514,696.596269398051,0.000500282,-0.0006989939,-0.04661682
2192.593250120033,7956.0527,5.3157306,-0.0007184633,138979,1251.520900847628,696.5933431907878,7115.3936,4.628653,1173.0085,1.4755131,7956.0527,5.3157306,0,,,,,1251.520900847628,0.0005006296,696.5933431907878,0.00049926876,-0.001653132,-0.049278185
2192.600194662736,7956.486,5.3168826,-0.000718362,138980,1251.5209308859,696.5959546939024,7114.587,4.629656,1170.1383,1.4743673,7956.486,5.3168826,0,,,,,1251.5209308859,0.0005010166,696.5959546939024,0.0004995711,-0.0010919389,-0.04641877
2192.6071392054387,7947.365,5.316233,-0.00071826065,138981,1251.5201518596411,696.5942314884705,7108.7764,4.6290903,1173.0979,1.4760922,7947.365,5.316233,0,,,,,1251.5201518596411,0.00050199084,696.5942314884705,0.00049983145,-0.0014194045,-0.0475637
2192.614083748083,7963.077,5.315505,-0.00071815937,138982,1251.5200108548252,696.594091562132,7119.8955,4.628456,1169.384,1.4747673,7963.077,5.315505,0,,,,,1251.5200108548252,0.0005005663,696.594091562132,0.0004993089,-0.0023568925,-0.047838967
2192.6210282907864,7953.3384,5.314838,-0.000718058,138983,1251.5209934265743,696.5931243642071,7113.42,4.627876,1171.9503,1.4744989,7953.3384,5.314838,0,,,,,1251.5209934265743,0.0005011368,696.5931243642071,0.00049983145,-0.00042252438,-0.049532555
2192.6279728334885,7943.9424,5.313514,-0.0007179567,138984,1251.5192411146973,696.5952577395235,7104.855,4.626723,1173.866,1.4767308,7943.9424,5.313514,0,,,,,1251.5192411146973,0.0005014411,696.5952577395235,0.0004999132,-0.0025816094,-0.04700218
2192.634917376191,7948.6636,5.315049,-0.00071785535,138985,1251.5200528424864,696.5946325024696,7105.548,4.6280594,1171.6416,1.4756484,7948.6636,5.315049,0,,,,,1251.5200528424864,0.00050173973,696.5946325024696,0.0005003864,-0.002064508,-0.04676749
2192.641861918894,7956.698,5.3151574,-0.000717754,138986,1251.5199083008804,696.5941308064669,7116.2104,4.628154,1169.7262,1.4746243,7956.698,5.3151574,0,,,,,1251.5199083008804,0.0005008539,696.5941308064669,0.0004988048,-0.0017475694,-0.048233733
2192.6488064615974,7945.8564,5.31217,-0.00071765267,138987,1251.5205302554168,696.5944831838424,7105.6885,4.625552,1170.1575,1.4742743,7945.8564,5.31217,0,,,,,1251.5205302554168,0.00050141517,696.5944831838424,0.0004997216,-0.0009287414,-0.04729741
2192.6557510042994,7950.953,5.3143153,-0.00071755133,138988,1251.5187917852857,696.5942058811207,7111.2163,4.6274204,1173.354,1.475114,7950.953,5.3143153,0,,,,,1251.5187917852857,0.0005011914,696.5942058811207,0.00049957173,-0.001980426,-0.048136316
2192.6626955470024,7957.4165,5.316343,-0.00071745,138989,1251.5199309008374,696.5932713425701,7115.93,4.629186,1170.8827,1.4753588,7957.4165,5.316343,0,,,,,1251.5199309008374,0.00050077116,696.5932713425701,0.0004996681,-0.0012922136,-0.049301993
2192.669640089647,7952.879,5.314705,-0.0007173487,138990,1251.5195383894584,696.594785700075,7113.037,4.62776,1172.6593,1.474385,7952.879,5.314705,0,,,,,1251.5195383894584,0.0005010236,696.594785700075,0.000499429,-0.0029130552,-0.047421925
2192.676584632349,7944.029,5.3125877,-0.00071724737,138991,1251.5200651590228,696.593527421598,7104.0747,4.625916,1171.6271,1.4753441,7944.029,5.3125877,0,,,,,1251.5200651590228,0.000501414,696.593527421598,0.0005001086,-0.0010354837,-0.049289245
2192.6835291750526,7954.522,5.3149505,-0.00071714603,138992,1251.5206130145143,696.594078093672,7115.4106,4.6279736,1171.237,1.4743441,7954.522,5.3149505,0,,,,,1251.5206130145143,0.00050086743,696.594078093672,0.0004994149,-0.0009765395,-0.049373716
2192.6904737177556,7962.336,5.3164215,-0.0007170447,138993,1251.5202171002647,696.5950595885852,7120.2114,4.629255,1170.9528,1.4755121,7962.336,5.3164215,0,,,,,1251.5202171002647,0.00050071196,696.5950595885852,0.0004991706,-0.0008008674,-0.04750641
2192.6974182604586,7951.068,5.3154583,-0.00071694335,138994,1251.5187363202322,696.5933013447618,7111.1333,4.6284156,1172.8059,1.4750488,7951.068,5.3154583,0,,,,,1251.5187363202322,0.0005013134,696.5933013447618,0.00050003215,-0.002657119,-0.049960256
2192.704362803161,7956.0996,5.3169894,-0.000716842,138995,1251.520812180861,696.5920308284144,7115.701,4.629749,1171.8284,1.4759969,7956.0996,5.3169894,0,,,,,1251.520812180861,0.000501317,696.5920308284144,0.0004996193,-0.0009904123,-0.049910165
2192.7113073458636,7947.5547,5.3137856,-0.0007167407,138996,1251.519581363487,696.5928615198553,7109.6396,4.626959,1170.4071,1.475268,7947.5547,5.3137856,0,,,,,1251.519581363487,0.0005010742,696.5928615198553,0.000499497,-0.0021815554,-0.050049063
2192.718251888566,7952.359,5.316181,-0.00071663933,138997,1251.5206012197427,696.5941215515214,7112.187,4.629045,1172.5513,1.4769967,7952.359,5.316181,0,,,,,1251.5206012197427,0.00050130795,696.5941215515214,0.0004995186,-0.001970529,-0.048961543
2192.7251964313277,7952.4883,5.3145776,-0.00071653794,138998,1251.520057335498,696.5944514414656,7111.513,4.6276493,1170.6979,1.4744456,7952.4883,5.3145776,0,,,,,1251.520057335498,0.0005010209,696.5944514414656,0.00049989927,-0.0020135099,-0.04810815
2192.73214097403,7950.7163,5.3142242,-0.0007164366,138999,1251.519618256378,696.5936485051295,7111.9243,4.6273413,1170.4602,1.4747745,7950.7163,5.3142242,0,,,,,1251.519618256378,0.0005010526,696.5936485051295,0.000499503,-0.0023225104,-0.047959853
2192.7390855167328,7962.5703,5.3192244,-0.00071633526,139000,1251.5205770089472,696.5957684374135,7119.281,4.631695,1171.3212,1.4756048,7962.5703,5.3192244,0,,,,,1251.5205770089472,0.0005007507,696.5957684374135,0.0004999011,-0.002130997,-0.046245333
2192.746030059436,7947.8213,5.314545,-0.0007162339,139001,1251.5203145462951,696.5926114918558,7108.022,4.6276207,1172.4978,1.4755338,7947.8213,5.314545,0,,,,,1251.5203145462951,0.0005012014,696.5926114918558,0.00049999135,-0.0012174638,-0.048961326
2192.7529746021387,7954.706,5.3159842,-0.0007161326,139002,1251.520151043787,696.5918356064178,7114.9297,4.628874,1172.3322,1.4747108,7954.706,5.3159842,0,,,,,1251.520151043787,0.00050140335,696.5918356064178,0.0004994324,-0.0026112471,-0.050446965
2192.7599191448408,7956.882,5.3150525,-0.00071603124,139003,1251.5204581575897,696.5946344786312,7116.3247,4.6280622,1169.8829,1.4745946,7956.882,5.3150525,0,,,,,1251.5204581575897,0.00050099293,696.5946344786312,0.0004993474,-0.0012155254,-0.047921985
2192.7668636875437,7951.975,5.31506,-0.0007159299,139004,1251.51886064642,696.5929325758088,7110.05,4.628069,1172.045,1.474884,7951.975,5.31506,0,,,,,1251.51886064642,0.00050117006,696.5929325758088,0.00050018704,-0.0022170504,-0.050728768
2192.7738082302467,7958.282,5.315868,-0.00071582856,139005,1251.519624988116,696.5955426587395,7117.8164,4.6287723,1170.4098,1.474253,7958.282,5.315868,0,,,,,1251.519624988116,0.0005006815,696.5955426587395,0.00049896946,-0.002625549,-0.047142606
2192.780752773007,7942.4873,5.3135157,-0.00071572716,139006,1251.5203616708623,696.5929173057615,7103.5522,4.6267242,1174.1176,1.4757452,7942.4873,5.3135157,0,,,,,1251.5203616708623,0.0005015498,696.5929173057615,0.00050000474,-0.0015530182,-0.050086226
2192.7876973157095,7947.7725,5.3148355,-0.0007156258,139007,1251.518773753795,696.5943941449856,7109.2446,4.6278734,1173.4844,1.4758767,7947.7725,5.3148355,0,,,,,1251.518773753795,0.00050135877,696.5943941449856,0.0004995205,-0.0019219297,-0.047536463
2192.794641858413,7949.594,5.315123,-0.0007155245,139008,1251.5205137200467,696.5940220978861,7108.7593,4.6281238,1174.6746,1.476714,7949.594,5.315123,0,,,,,1251.5205137200467,0.000501416,696.5940220978861,0.000499931,-0.0012463027,-0.048395578
2192.801586401116,7949.302,5.318538,-0.00071542314,139009,1251.5181218882394,696.5925756316075,7109.0176,4.6310973,1174.6055,1.4777771,7949.302,5.318538,0,,,,,1251.5181218882394,0.0005017284,696.5925756316075,0.0005002677,-0.0033258798,-0.050187882
2192.808530943876,7951.983,5.31721,-0.00071532174,139010,1251.5178323855114,696.5942597678646,7110.8516,4.629941,1174.3306,1.4788991,7951.983,5.31721,0,,,,,1251.5178323855114,0.00050163304,696.5942597678646,0.0004998214,-0.0036653387,-0.04814367
2192.8154754865795,7956.6157,5.318006,-0.0007152204,139011,1251.5199536899838,696.5927495774127,7116.0586,4.630634,1173.8573,1.4780864,7956.6157,5.318006,0,,,,,1251.5199536899838,0.000501254,696.5927495774127,0.00049995695,-0.0020951568,-0.050860293
2192.822420029282,7969.906,5.317407,-0.00071511907,139012,1251.5199459499638,696.5935092135013,7127.113,4.6301126,1170.0618,1.4740279,7969.906,5.317407,0,,,,,1251.5199459499638,0.00050050765,696.5935092135013,0.0004987139,-0.0021562378,-0.048174746
2192.8293645720437,7942.035,5.319167,-0.00071501767,139013,1251.5211089999775,696.5930952855704,7102.1416,4.631645,1175.7039,1.4792873,7942.035,5.319167,0,,,,,1251.5211089999775,0.0005018725,696.5930952855704,0.0005013333,-0.00090242573,-0.049286995
2192.8363091147457,7951.188,5.315021,-0.0007149163,139014,1251.5186168895905,696.5934507897991,7111.346,4.628035,1173.3475,1.475625,7951.188,5.315021,0,,,,,1251.5186168895905,0.00050115783,696.5934507897991,0.00049978815,-0.0027062185,-0.048173033
2192.8432536574487,7949.5723,5.313719,-0.000714815,139015,1251.5182999065546,696.592308914576,7109.699,4.626901,1173.9828,1.4747207,7949.5723,5.313719,0,,,,,1251.5182999065546,0.0005007199,696.592308914576,0.000499706,-0.0031467422,-0.051569004
2192.8501982002103,7945.2456,5.3143554,-0.0007147136,139016,1251.5194252689785,696.5935989672097,7106.3257,4.627455,1174.9504,1.4770176,7945.2456,5.3143554,0,,,,,1251.5194252689785,0.0005013886,696.5935989672097,0.0005001321,-0.0027460638,-0.04889957
2192.857142742913,7949.265,5.3151684,-0.00071461225,139017,1251.519048904077,696.593276848478,7109.109,4.6281633,1174.0535,1.476563,7949.265,5.3151684,0,,,,,1251.519048904077,0.0005012168,696.593276848478,0.00050001976,-0.0022588226,-0.049131975
2192.864087285615,7949.487,5.3150215,-0.0007145109,139018,1251.5180805180264,696.5927327634477,7110.4595,4.6280355,1174.0532,1.475488,7949.487,5.3150215,0,,,,,1251.5180805180264,0.0005012894,696.5927327634477,0.00049963885,-0.003720676,-0.04941858
2192.871031828376,7951.672,5.3167114,-0.0007144095,139019,1251.5184554803473,696.5943889197947,7110.9746,4.629507,1172.2944,1.4758166,7951.672,5.3167114,0,,,,,1251.5184554803473,0.000501568,696.5943889197947,0.00049991923,-0.0028390996,-0.048387703
2192.877976371079,7946.494,5.316074,-0.0007143082,139020,1251.5193955998582,696.5931020380748,7107.3315,4.6289515,1175.2859,1.4768636,7946.494,5.316074,0,,,,,1251.5193955998582,0.00050155557,696.5931020380748,0.0005002558,-0.0020935812,-0.04961344
2192.8849209138393,7950.3613,5.3158565,-0.0007142068,139021,1251.5192752169055,696.5926060568397,7111.565,4.6287622,1175.6025,1.4765301,7950.3613,5.3158565,0,,,,,1251.5192752169055,0.0005012452,696.5926060568397,0.0004996665,-0.0019886298,-0.04992789
2192.8918654565427,7948.7524,5.3139515,-0.00071410544,139022,1251.5195597175907,696.5935828023523,7107.9116,4.6271033,1172.6329,1.4756362,7948.7524,5.3139515,0,,,,,1251.5195597175907,0.00050104246,696.5935828023523,0.0005000249,-0.0025533407,-0.049129054
2192.8988099993035,7953.2476,5.3210306,-0.00071400404,139023,1251.5188237802129,696.5933933853554,7114.1865,4.6332674,1175.9373,1.4779617,7953.2476,5.3210306,0,,,,,1251.5188237802129,0.0005011628,696.5933933853554,0.000500179,-0.0025965183,-0.049738593
2192.905754542006,7956.0654,5.3179727,-0.0007139027,139024,1251.5186332115954,696.5936443318498,7116.1387,4.630605,1174.829,1.4791324,7956.0654,5.3179727,0,,,,,1251.5186332115954,0.000500894,696.5936443318498,0.00049953524,-0.0032651166,-0.05028219
2192.9126990847667,7960.0557,5.3180323,-0.0007138013,139025,1251.5197175440799,696.5916656290383,7120.4053,4.630657,1172.9579,1.4765381,7960.0557,5.3180323,0,,,,,1251.5197175440799,0.000500857,696.5916656290383,0.0004996008,-0.0012746892,-0.05207518
2192.91964362747,7949.7856,5.314912,-0.00071369996,139026,1251.5197642779451,696.5925749951225,7109.3413,4.6279397,1174.6586,1.4763243,7949.7856,5.314912,0,,,,,1251.5197642779451,0.0005014896,696.5925749951225,0.0005000091,-0.0027907891,-0.049736343
2192.926588170231,7954.898,5.3190036,-0.00071359857,139027,1251.521691513613,696.5921569890459,7115.1436,4.6315026,1174.9922,1.4770356,7954.898,5.3190036,0,,,,,1251.521691513613,0.00050099567,696.5921569890459,0.0004999947,-0.00066857506,-0.05067229
2192.9335327129334,7952.6,5.3168817,-0.0007134972,139028,1251.5188931062446,696.5935096155331,7111.9683,4.6296554,1174.3649,1.4782586,7952.6,5.3168817,0,,,,,1251.5188931062446,0.00050097425,696.5935096155331,0.00050004106,-0.0033553971,-0.049194247
2192.9404772556945,7947.763,5.3145604,-0.0007133958,139029,1251.5189554471795,696.5927713611462,7107.384,4.6276336,1174.8577,1.4763138,7947.763,5.3145604,0,,,,,1251.5189554471795,0.00050124933,696.5927713611462,0.00050037063,-0.0020219628,-0.05043147
2192.9474217983975,7955.8906,5.3197665,-0.0007132945,139030,1251.5181682465313,696.5910807692147,7116.636,4.6321673,1176.1704,1.4778142,7955.8906,5.3197665,0,,,,,1251.5181682465313,0.0005014434,696.5910807692147,0.0005001,-0.0027561584,-0.05231331
2192.954366341158,7945.155,5.313665,-0.0007131931,139031,1251.5189108147817,696.5926957802712,7106.7397,4.626854,1173.331,1.4754524,7945.155,5.313665,0,,,,,1251.5189108147817,0.0005009138,696.5926957802712,0.0004999711,-0.0024034155,-0.050234146
2192.9613108839194,7955.165,5.3183403,-0.0007130917,139032,1251.5184939192225,696.5926164267182,7115.7695,4.630925,1176.1084,1.4780442,7955.165,5.3183403,0,,,,,1251.5184939192225,0.00050091423,696.5926164267182,0.00049967226,-0.003365235,-0.05096215
2192.9682554266224,7940.4004,5.313947,-0.00071299035,139033,1251.5182629715875,696.5913065750866,7101.7573,4.6271,1175.3531,1.4771985,7940.4004,5.313947,0,,,,,1251.5182629715875,0.0005014411,696.5913065750866,0.00050127885,-0.0022872544,-0.05261623
2192.975199969384,7945.401,5.314621,-0.00071288896,139034,1251.519021468435,696.5935646252876,7105.635,4.6276865,1176.3427,1.4769328,7945.401,5.314621,0,,,,,1251.519021468435,0.00050136825,696.5935646252876,0.00050046446,-0.0022763968,-0.049634565
2192.9821445121443,7946.286,5.3150096,-0.00071278756,139035,1251.5192936273397,696.5933617298016,7106.6953,4.628025,1175.6992,1.4779583,7946.286,5.3150096,0,,,,,1251.5192936273397,0.00050139055,696.5933617298016,0.0005001265,-0.0028782533,-0.05001252
2192.9890890548463,7952.861,5.3176203,-0.0007126862,139036,1251.5187381162793,696.5914999781467,7113.868,4.630298,1173.511,1.477518,7952.861,5.3176203,0,,,,,1251.5187381162793,0.0005009665,696.5914999781467,0.0005001096,-0.0032839382,-0.05193384
2192.996033597608,7953.6294,5.3176417,-0.0007125848,139037,1251.5194242481598,696.5933291527551,7113.4126,4.630317,1177.5742,1.4772537,7953.6294,5.3176417,0,,,,,1251.5194242481598,0.00050159084,696.5933291527551,0.0004997399,-0.0019815252,-0.049354896
2193.0029781403687,7958.5703,5.321727,-0.0007124834,139038,1251.517051651024,696.590681317292,7116.6353,4.633874,1176.9552,1.4791747,7958.5703,5.321727,0,,,,,1251.517051651024,0.0005012676,696.590681317292,0.0005007518,-0.0040339977,-0.05113502
2193.0099226831294,7945.497,5.3179207,-0.000712382,139039,1251.5182854917557,696.5917911392847,7106.0757,4.63056,1176.4401,1.4786247,7945.497,5.3179207,0,,,,,1251.5182854917557,0.00050156843,696.5917911392847,0.0005010104,-0.0041920086,-0.050441686
2193.016867225833,7940.6636,5.3159947,-0.0007122807,139040,1251.5198337676234,696.5923749730853,7102.808,4.6288824,1179.0542,1.4795841,7940.6636,5.3159947,0,,,,,1251.5198337676234,0.0005015965,696.5923749730853,0.0005002246,-0.002505368,-0.0504118
2193.023811768594,7956.487,5.3162737,-0.0007121793,139041,1251.519523111878,696.5918169448316,7115.0786,4.6291256,1174.5127,1.4760603,7956.487,5.3162737,0,,,,,1251.519523111878,0.00050086284,696.5918169448316,0.0004998569,-0.0025498227,-0.051503852
2193.0307563113543,7942.7847,5.3157697,-0.0007120779,139042,1251.5185217024691,696.5931564929365,7103.1616,4.628687,1178.1681,1.480081,7942.7847,5.3157697,0,,,,,1251.5185217024691,0.0005016276,696.5931564929365,0.0005004002,-0.003414696,-0.050201464
2193.037700854115,7946.5312,5.318602,-0.0007119765,139043,1251.518525071653,696.5913405254147,7108.5845,4.631153,1176.1743,1.4792318,7946.5312,5.318602,0,,,,,1251.518525071653,0.0005016285,696.5913405254147,0.00050067063,-0.0033244735,-0.0518724
2193.044645396876,7943.297,5.316662,-0.0007118751,139044,1251.5176701167322,696.593733939055,7103.789,4.6294637,1180.0668,1.4798336,7943.297,5.316662,0,,,,,1251.5176701167322,0.00050155603,696.593733939055,0.00050075504,-0.004802719,-0.049409904
2193.051589939579,7952.7827,5.3181553,-0.00071177376,139045,1251.5194827897692,696.5922336902993,7112.788,4.6307645,1177.637,1.4790003,7952.7827,5.3181553,0,,,,,1251.5194827897692,0.0005012928,696.5922336902993,0.00050021877,-0.0019270419,-0.051891044
2193.05853448234,7954.8726,5.3182497,-0.00071167236,139046,1251.5185695269895,696.5906357096934,7114.5044,4.630846,1175.4749,1.479431,7954.8726,5.3182497,0,,,,,1251.5185695269895,0.00050129107,696.5906357096934,0.00050004775,-0.0029034559,-0.053290512
2193.0654790251,7950.0405,5.3165035,-0.00071157096,139047,1251.5197290462136,696.5904853133763,7108.7217,4.629326,1177.0381,1.4780638,7950.0405,5.3165035,0,,,,,1251.5197290462136,0.0005016589,696.5904853133763,0.0005007113,-0.0013077453,-0.05374378
2193.0724235678613,7945.126,5.316487,-0.00071146956,139048,1251.518871167039,696.5931793796598,7106.7393,4.629311,1174.9304,1.4764577,7945.126,5.316487,0,,,,,1251.518871167039,0.00050179753,696.5931793796598,0.00050026,-0.0029041686,-0.0499654
2193.079368110624,7951.6953,5.3182197,-0.00071136816,139049,1251.519696648154,696.5910089136335,7112.6045,4.63082,1175.1985,1.4779105,7951.6953,5.3182197,0,,,,,1251.519696648154,0.0005015704,696.5910089136335,0.00050036504,-0.0024315917,-0.052967105
2193.086312653384,7954.0674,5.319213,-0.00071126677,139050,1251.5184638217602,696.5908092793138,7112.869,4.6316853,1175.1536,1.4785577,7954.0674,5.319213,0,,,,,1251.5184638217602,0.00050083944,696.5908092793138,0.000500617,-0.003998082,-0.052395195
2193.0932571961453,7941.011,5.3144503,-0.00071116537,139051,1251.5192915370951,696.5925068717294,7101.992,4.627538,1178.1761,1.4778947,7941.011,5.3144503,0,,,,,1251.5192915370951,0.0005015954,696.5925068717294,0.0005003818,-0.0023485257,-0.05083793
2193.1002017389064,7947.0723,5.3172398,-0.00071106397,139052,1251.5174890061498,696.5918477275558,7106.134,4.629967,1176.0856,1.4780046,7947.0723,5.3172398,0,,,,,1251.5174890061498,0.0005021111,696.5918477275558,0.0005011322,-0.0032830082,-0.05218067
2193.1071462816667,7961.628,5.319481,-0.0007109626,139053,1251.5195334615685,696.589803661965,7121.1084,4.6319184,1174.7957,1.4808875,7961.628,5.319481,0,,,,,1251.5195334615685,0.00050071353,696.589803661965,0.00049983634,-0.0022335951,-0.052926764
2193.1140908244274,7961.3794,5.3198023,-0.0007108612,139054,1251.5181476550363,696.5927702870177,7120.835,4.632198,1175.1536,1.4779054,7961.3794,5.3198023,0,,,,,1251.5181476550363,0.0005006767,696.5927702870177,0.00049994566,-0.002678833,-0.051054392
2193.121035367189,7946.8315,5.3187613,-0.0007107598,139055,1251.5189846474111,696.5912516034972,7107.8115,4.631292,1177.4734,1.4774797,7946.8315,5.3187613,0,,,,,1251.5189846474111,0.0005014418,696.5912516034972,0.0005013503,-0.003016328,-0.052115057
2193.12797990995,7955.315,5.3169703,-0.0007106584,139056,1251.5196330594126,696.5913940010416,7116.4355,4.6297326,1175.3484,1.4758337,7955.315,5.3169703,0,,,,,1251.5196330594126,0.00050075876,696.5913940010416,0.0004993585,-0.0035906103,-0.051961843
2193.1349244527105,7941.266,5.3149104,-0.000710557,139057,1251.5190351110994,696.5928875779026,7102.333,4.6279387,1174.676,1.4769118,7941.266,5.3149104,0,,,,,1251.5190351110994,0.0005013414,696.5928875779026,0.00050084357,-0.0028453683,-0.050829686
2193.141868995471,7949.526,5.3174543,-0.0007104556,139058,1251.5180010118552,696.5911784138045,7110.6587,4.6301537,1172.9406,1.4775362,7949.526,5.3174543,0,,,,,1251.5180010118552,0.00050128927,696.5911784138045,0.0005001683,-0.004389132,-0.052229885
2193.1488135382324,7954.158,5.316441,-0.0007103542,139059,1251.5185868606711,696.5911314311163,7113.822,4.6292715,1174.4576,1.476008,7954.158,5.316441,0,,,,,1251.5185868606711,0.00050102733,696.5911314311163,0.0004998592,-0.0033716618,-0.05171831
2193.1557580809936,7959.2227,5.3183846,-0.0007102528,139060,1251.5182441751836,696.5915453622395,7117.378,4.630964,1171.4072,1.4761715,7959.2227,5.3183846,0,,,,,1251.5182441751836,0.0005009998,696.5915453622395,0.00050060893,-0.0035773278,-0.05194888
2193.1627026237543,7958.3,5.3200006,-0.0007101514,139061,1251.5175841398066,696.5910152168027,7117.699,4.6323705,1173.564,1.4768656,7958.3,5.3200006,0,,,,,1251.5175841398066,0.00050081057,696.5910152168027,0.0005005439,-0.0039260276,-0.052974958
2193.169647166515,7949.1504,5.31482,-0.00071005,139062,1251.5188948160064,696.5935697621228,7109.916,4.6278596,1171.8604,1.4753543,7949.1504,5.31482,0,,,,,1251.5188948160064,0.00050100003,696.5935697621228,0.0005000415,-0.0023077202,-0.04877362
2193.1765917092766,7951.3774,5.3154793,-0.0007099486,139063,1251.5188538880673,696.5889124844417,7112.9785,4.628434,1173.03,1.4751319,7951.3774,5.3154793,0,,,,,1251.5188538880673,0.0005008386,696.5889124844417,0.0005001384,-0.0033422858,-0.05396065
2193.1835362520956,7958.8057,5.3202553,-0.00070984714,139064,1251.5180302405051,696.5928461825815,7118.607,4.6325927,1172.789,1.4778719,7958.8057,5.3202553,0,,,,,1251.5180302405051,0.0005006239,696.5928461825815,0.0005001048,-0.004071431,-0.05025883
2193.1904807948563,7945.9507,5.3162723,-0.00070974574,139065,1251.519564065209,696.5894119245199,7106.757,4.629124,1175.5614,1.477413,7945.9507,5.3162723,0,,,,,1251.519564065209,0.0005016131,696.5894119245199,0.00050065777,-0.0028029773,-0.05407503
2193.197425337618,7949.724,5.3154154,-0.00070964434,139066,1251.5176108098542,696.5917116619909,7109.627,4.6283784,1173.0159,1.4782606,7949.724,5.3154154,0,,,,,1251.5176108098542,0.0005012631,696.5917116619909,0.0005004779,-0.0033942647,-0.052156758
2193.204369880379,7952.224,5.3172483,-0.00070954295,139067,1251.518620542509,696.5907177914855,7112.926,4.6299744,1172.5232,1.4763709,7952.224,5.3172483,0,,,,,1251.518620542509,0.00050093967,696.5907177914855,0.00050091586,-0.003323433,-0.05377682
2193.2113144231394,7951.2627,5.318213,-0.00070944155,139068,1251.5191335390552,696.5913702312524,7112.4854,4.6308146,1172.353,1.4760159,7951.2627,5.318213,0,,,,,1251.5191335390552,0.0005015736,696.5913702312524,0.00050034595,-0.0034944934,-0.05187905
2193.2182589659583,7962.8354,5.321071,-0.0007093401,139069,1251.516853071833,696.5911664410205,7122.7407,4.633303,1170.851,1.475456,7962.8354,5.321071,0,,,,,1251.516853071833,0.0005009439,696.5911664410205,0.00049992837,-0.0035055638,-0.05197213
2193.2252035087195,7949.004,5.3156695,-0.0007092387,139070,1251.5190013123997,696.591241851229,7112.0337,4.6285996,1173.9713,1.4755421,7949.004,5.3156695,0,,,,,1251.5190013123997,0.00050092087,696.591241851229,0.00049965025,-0.002651751,-0.052342065
2193.2321480514806,7950.9365,5.317322,-0.0007091373,139071,1251.5170070646802,696.5911062449835,7111.9,4.6300383,1173.8395,1.4769491,7950.9365,5.317322,0,,,,,1251.5170070646802,0.0005009031,696.5911062449835,0.00050019845,-0.0053297686,-0.05181972
2193.2390925942414,7958.875,5.316615,-0.0007090359,139072,1251.5181242644649,696.5909762012564,7118.761,4.629423,1171.2284,1.4760219,7958.875,5.316615,0,,,,,1251.5181242644649,0.00050070084,696.5909762012564,0.00049952103,-0.0034830195,-0.053090945
2193.246037137061,7958.6484,5.31813,-0.00070893444,139073,1251.5191147252651,696.5884583346204,7117.9507,4.630742,1172.3475,1.479724,7958.6484,5.31813,0,,,,,1251.5191147252651,0.000500987,696.5884583346204,0.0005004703,-0.0021608628,-0.055999663
2193.252981679822,7961.8916,5.317737,-0.00070883305,139074,1251.5162345548324,696.5938464995484,7119.7773,4.6304,1172.9855,1.4755358,7961.8916,5.317737,0,,,,,1251.5162345548324,0.0005005646,696.5938464995484,0.00049979467,-0.0049125217,-0.04948508
2193.2599262225826,7946.8223,5.3193607,-0.00070873165,139075,1251.5193259780947,696.5877314477209,7108.3516,4.6318135,1174.4153,1.479784,7946.8223,5.3193607,0,,,,,1251.5193259780947,0.00050157483,696.5877314477209,0.00050119334,-0.001727339,-0.05639544
2193.2668707654016,7957.352,5.320114,-0.0007086302,139076,1251.5181542238513,696.5903707559792,7116.7056,4.6324697,1172.3168,1.476393,7957.352,5.320114,0,,,,,1251.5181542238513,0.000501157,696.5903707559792,0.00050052453,-0.003516179,-0.052406568
2193.2738153081623,7954.385,5.3165,-0.0007085288,139077,1251.5176725382469,696.590784626761,7114.596,4.629323,1173.3336,1.4758705,7954.385,5.3165,0,,,,,1251.5176725382469,0.0005008929,696.590784626761,0.00049996475,-0.0031853858,-0.053075172
2193.280759850924,7950.6035,5.3145432,-0.0007084274,139078,1251.5170627101206,696.5907612667853,7111.984,4.627619,1171.4327,1.4748534,7950.6035,5.3145432,0,,,,,1251.5170627101206,0.00050098385,696.5907612667853,0.00049974676,-0.0039649657,-0.051828586
2193.287704393743,7948.5522,5.3147793,-0.00070832594,139079,1251.5189479799053,696.5888685707895,7109.606,4.6278243,1172.9216,1.4755243,7948.5522,5.3147793,0,,,,,1251.5189479799053,0.00050106726,696.5888685707895,0.00050049543,-0.003342338,-0.0547485
2193.294648936504,7953.6904,5.3166633,-0.00070822454,139080,1251.5161953289203,696.5915520832016,7114.197,4.6294646,1170.3004,1.4765793,7953.6904,5.3166633,0,,,,,1251.5161953289203,0.00050109485,696.5915520832016,0.00049992645,-0.0050294376,-0.05262482
2193.3015934793234,7951.6104,5.3144917,-0.0007081231,139081,1251.5196487956077,696.5898205917397,7112.3496,4.627574,1170.9476,1.4753269,7951.6104,5.3144917,0,,,,,1251.5196487956077,0.00050072564,696.5898205917397,0.00050010986,-0.0023518244,-0.053833045
2193.308538022084,7952.5264,5.315528,-0.0007080217,139082,1251.5174690111833,696.5910641558154,7113.661,4.6284766,1171.6055,1.4744849,7952.5264,5.315528,0,,,,,1251.5174690111833,0.0005008291,696.5910641558154,0.0005001339,-0.004849583,-0.05282436
2193.315482564903,7955.466,5.3188143,-0.00070792023,139083,1251.518048702141,696.5916199540981,7115.7446,4.631338,1172.4993,1.4773126,7955.466,5.3188143,0,,,,,1251.518048702141,0.0005008501,696.5916199540981,0.0005001252,-0.004348017,-0.052375987
2193.3224271076647,7966.2935,5.3188643,-0.00070781884,139084,1251.519655581584,696.5886235296705,7126.682,4.6313815,1173.117,1.4766011,7966.2935,5.3188643,0,,,,,1251.519655581584,0.0005004529,696.5886235296705,0.00049955683,-0.002510476,-0.056146592
2193.3293716504836,7946.88,5.3164496,-0.0007077174,139085,1251.5173693831873,696.5899907079512,7108.3945,4.629279,1173.3488,1.4765831,7946.88,5.3164496,0,,,,,1251.5173693831873,0.0005012073,696.5899907079512,0.0005012013,-0.004512258,-0.05450675
2193.3363161932443,7949.777,5.3139615,-0.000707616,139086,1251.5165290190048,696.5912777278908,7110.1763,4.627113,1172.398,1.4750772,7949.777,5.3139615,0,,,,,1251.5165290190048,0.0005010147,696.5912777278908,0.00050021824,-0.0047300053,-0.05234372
2193.3432607360633,7951.7617,5.31577,-0.0007075145,139087,1251.5178636527673,696.5891344765088,7114.1304,4.6286874,1173.3799,1.4752833,7951.7617,5.31577,0,,,,,1251.5178636527673,0.00050077995,696.5891344765088,0.00050001324,-0.0047098626,-0.053358436
2193.350205278825,7953.698,5.318006,-0.0007074131,139088,1251.5182587308439,696.5897463379638,7116.644,4.630634,1172.8553,1.4760727,7953.698,5.318006,0,,,,,1251.5182587308439,0.0005007569,696.5897463379638,0.00050004094,-0.0031561921,-0.05421441
2193.357149821644,7952.3306,5.31763,-0.0007073117,139089,1251.516311441087,696.5903642874547,7113.9053,4.6303067,1171.9146,1.4749542,7952.3306,5.31763,0,,,,,1251.516311441087,0.00050086575,696.5903642874547,0.00050046365,-0.004784944,-0.05233976
2193.3640943644045,7951.144,5.317905,-0.0007072103,139090,1251.5183842395347,696.5898281747855,7112.405,4.630546,1174.7554,1.4758328,7951.144,5.317905,0,,,,,1251.5183842395347,0.00050184946,696.5898281747855,0.0005000786,-0.0039280667,-0.053356167
2193.371038907224,7956.551,5.3202214,-0.0007071088,139091,1251.517871337558,696.5899068643574,7118.6206,4.632563,1172.7966,1.4783101,7956.551,5.3202214,0,,,,,1251.517871337558,0.0005008173,696.5899068643574,0.00050000654,-0.0040259305,-0.05360565
2193.3779834500433,7978.1055,5.3229475,-0.00070700736,139092,1251.5148459074633,696.5896765593236,7137.777,4.634937,1172.9784,1.4769121,7978.1055,5.3229475,0,,,,,1251.5148459074633,0.00050024624,696.5896765593236,0.00049909705,-0.0048374655,-0.054977585
2193.384927992804,7956.358,5.3158207,-0.00070690596,139093,1251.5177693587505,696.5890579405992,7117.034,4.6287313,1171.6542,1.4750191,7956.358,5.3158207,0,,,,,1251.5177693587505,0.000500363,696.5890579405992,0.00049988495,-0.005232752,-0.054034647
2193.391872535623,7949.0205,5.315027,-0.0007068045,139094,1251.516636388987,696.5907440196547,7110.74,4.628041,1174.0466,1.4754304,7949.0205,5.315027,0,,,,,1251.516636388987,0.000501047,696.5907440196547,0.0004998618,-0.0044611944,-0.052162997
2193.3988170784423,7946.131,5.313606,-0.00070670305,139095,1251.5179136208358,696.5893455403315,7109.991,4.6268024,1169.5752,1.4751234,7946.131,5.313606,0,,,,,1251.5179136208358,0.000500773,696.5893455403315,0.0004998227,-0.0037240037,-0.05566628
2193.4057616212035,7941.1826,5.3131304,-0.00070660166,139096,1251.5178741305037,696.5903868082243,7104.676,4.626389,1173.977,1.4758418,7941.1826,5.3131304,0,,,,,1251.5178741305037,0.00050142495,696.5903868082243,0.0004998823,-0.0039911624,-0.053151697
2193.4127061640224,7954.2095,5.3161993,-0.0007065002,139097,1251.5183100270297,696.59209693073,7114.4683,4.6290607,1172.1324,1.4753718,7954.2095,5.3161993,0,,,,,1251.5183100270297,0.00050074747,696.59209693073,0.0005002091,-0.0036415355,-0.051085718
2193.4196507068414,7963.2964,5.3188105,-0.00070639874,139098,1251.5174075896452,696.5899029335473,7125.4307,4.631335,1172.4626,1.4757457,7963.2964,5.3188105,0,,,,,1251.5174075896452,0.00050047686,696.5899029335473,0.0004994508,-0.0050371266,-0.054384697
2193.426595249603,7949.6855,5.3143435,-0.00070629735,139099,1251.5174140468903,696.5892463716659,7113.204,4.627445,1170.9353,1.4735715,7949.6855,5.3143435,0,,,,,1251.5174140468903,0.00050080573,696.5892463716659,0.0004997836,-0.004352418,-0.054844037
2193.433539792422,7958.796,5.3175926,-0.0007061959,139100,1251.516710500002,696.5896806211246,7119.9717,4.630274,1172.3184,1.4758158,7958.796,5.3175926,0,,,,,1251.516710500002,0.0005008078,696.5896806211246,0.0005000906,-0.0051127225,-0.054919895
2193.440484335241,7943.5264,5.314722,-0.00070609443,139101,1251.5182813050021,696.5890649904705,7106.536,4.6277742,1172.7263,1.4751484,7943.5264,5.314722,0,,,,,1251.5182813050021,0.0005011065,696.5890649904705,0.0005009971,-0.0034025465,-0.05611681
2193.4474288780607,7947.9785,5.31622,-0.000705993,139102,1251.5168413981987,696.5908477268272,7109.7495,4.629079,1173.8535,1.475841,7947.9785,5.31622,0,,,,,1251.5168413981987,0.0005012517,696.5908477268272,0.0005005753,-0.005095012,-0.052507482
2193.454373420822,7957.8823,5.3177395,-0.0007058916,139103,1251.5194410276854,696.5888258780304,7120.315,4.6304016,1171.031,1.4743901,7957.8823,5.3177395,0,,,,,1251.5194410276854,0.00050030317,696.5888258780304,0.0005002761,-0.0025732056,-0.056573756
2193.4613179636403,7953.956,5.3147783,-0.0007057901,139104,1251.5169200565058,696.5912652848262,7116.1353,4.627824,1170.9924,1.4734312,7953.956,5.3147783,0,,,,,1251.5169200565058,0.0005004744,696.5912652848262,0.000499884,-0.0044271383,-0.053354476
2193.4960406776772,7948.494,5.3177323,-0.0007052829,139109,1251.518205525015,696.5895445278287,7113.3984,4.630396,1168.7097,1.4755216,7948.494,5.3177323,0,,,,,1251.518205525015,0.00050078594,696.5895445278287,0.00049966143,-0.003156329,-0.054107916
2193.5029852204966,7950.4443,5.316071,-0.00070518145,139110,1251.5184809918103,696.58852657469,7115.477,4.6289496,1168.6805,1.4777087,7950.4443,5.316071,0,,,,,1251.5184809918103,0.0005006599,696.58852657469,0.0004992717,-0.0040901066,-0.055267263
2193.5099297633164,7955.216,5.3159757,-0.00070508,139111,1251.5170482327756,696.5871153105521,7118.331,4.628866,1172.19,1.4742057,7955.216,5.3159757,0,,,,,1251.5170482327756,0.00050065015,696.5871153105521,0.0004993768,-0.005644219,-0.05595727
2193.5168743061354,7958.168,5.3159165,-0.00070497853,139112,1251.5180782720854,696.5883419925557,7121.9023,4.6288147,1169.0093,1.4739085,7958.168,5.3159165,0,,,,,1251.5180782720854,0.000500125,696.5883419925557,0.00049910543,-0.004277804,-0.055093717
2193.523818848955,7953.048,5.316311,-0.0007048771,139113,1251.5173836822328,696.588809048976,7117.636,4.6291585,1171.5828,1.474318,7953.048,5.316311,0,,,,,1251.5173836822328,0.00050051085,696.588809048976,0.0004995462,-0.0045131985,-0.054949462
2193.5307633917746,7955.336,5.3170366,-0.0007047756,139114,1251.5183329893891,696.590599912177,7118.943,4.62979,1172.7188,1.474968,7955.336,5.3170366,0,,,,,1251.5183329893891,0.00050078204,696.590599912177,0.00049925095,-0.0043389983,-0.052574225
2193.537707934593,7970.067,5.3226905,-0.00070467417,139115,1251.5182280019435,696.5864868325332,7133.0967,4.634713,1170.3445,1.4753319,7970.067,5.3226905,0,,,,,1251.5182280019435,0.0004997166,696.5864868325332,0.000499348,-0.0042826775,-0.056010526
2193.544652477412,7953.174,5.3220673,-0.0007045727,139116,1251.5169714592175,696.5887755157934,7117.814,4.63417,1172.7258,1.4794989,7953.174,5.3220673,0,,,,,1251.5169714592175,0.00050094177,696.5887755157934,0.0005000179,-0.004220916,-0.05413145
2193.551597020232,7952.3027,5.3161774,-0.00070447125,139117,1251.518148699028,696.5898566728379,7117.4756,4.6290417,1171.6321,1.4757161,7952.3027,5.3161774,0,,,,,1251.518148699028,0.0005004958,696.5898566728379,0.0004989997,-0.003435501,-0.053325143
2193.558541563051,7958.056,5.3186145,-0.0007043698,139118,1251.5163105730828,696.5883308012283,7123.6143,4.6311636,1170.205,1.4740541,7958.056,5.3186145,0,,,,,1251.5163105730828,0.0005003925,696.5883308012283,0.00049927784,-0.0049378877,-0.056198172
2193.5654861058697,7948.9624,5.3167996,-0.00070426834,139119,1251.5178208284042,696.5892464384575,7115.319,4.629584,1173.808,1.4759256,7948.9624,5.3167996,0,,,,,1251.5178208284042,0.0005007757,696.5892464384575,0.000499328,-0.004471752,-0.054559585
2193.5724306486895,7955.4077,5.318699,-0.0007041669,139120,1251.518196669467,696.5888510190009,7119.9844,4.6312375,1171.7605,1.4779574,7955.4077,5.318699,0,,,,,1251.518196669467,0.0005005064,696.5888510190009,0.00049935916,-0.0037219618,-0.053577792
2193.5793751915085,7951.469,5.3194375,-0.00070406543,139121,1251.5165469930312,696.5881977415994,7118.2183,4.6318803,1171.7954,1.476839,7951.469,5.3194375,0,,,,,1251.5165469930312,0.0005005481,696.5881977415994,0.0004998492,-0.0049748938,-0.055925783
2193.5863197343274,7953.907,5.3201823,-0.000703964,139122,1251.5177596183903,696.5890425809705,7118.9287,4.6325293,1173.5635,1.4777658,7953.907,5.3201823,0,,,,,1251.5177596183903,0.0005011912,696.5890425809705,0.0004996659,-0.0041697603,-0.054325037
2193.5932642771463,7961.2666,5.3176365,-0.0007038625,139123,1251.5172649109672,696.5890778511584,7125.67,4.6303124,1170.6503,1.4739566,7961.2666,5.3176365,0,,,,,1251.5172649109672,0.00050051685,696.5890778511584,0.0004986779,-0.003989201,-0.055142377
2193.6002088199652,7955.918,5.3200784,-0.00070376106,139124,1251.5177650658409,696.5891453879761,7120.202,4.6324387,1171.9889,1.4755259,7955.918,5.3200784,0,,,,,1251.5177650658409,0.00050063455,696.5891453879761,0.00049963075,-0.004384251,-0.05433609
2193.6071533628433,7951.4966,5.3190074,-0.00070365955,139125,1251.516186970611,696.5875177772631,7117.9443,4.631506,1172.1993,1.4751801,7951.4966,5.3190074,0,,,,,1251.516186970611,0.00050060323,696.5875177772631,0.0004997322,-0.0053580888,-0.056899283
2193.614097905662,7953.7627,5.31692,-0.0007035581,139126,1251.5173113652359,696.5896079880573,7118.5728,4.6296883,1171.6838,1.4753463,7953.7627,5.31692,0,,,,,1251.5173113652359,0.0005005923,696.5896079880573,0.00049952394,-0.004656196,-0.054888315
2193.621042448481,7948.878,5.3180256,-0.00070345664,139127,1251.5177506388543,696.5879683810933,7114.033,4.630651,1174.6909,1.4764067,7948.878,5.3180256,0,,,,,1251.5177506388543,0.0005010911,696.5879683810933,0.00049993343,-0.0045011626,-0.05502728
2193.627986991301,7956.7793,5.318486,-0.0007033552,139128,1251.5173643681185,696.5880291826437,7120.8335,4.631052,1174.3683,1.4763892,7956.7793,5.318486,0,,,,,1251.5173643681185,0.00050059275,696.5880291826437,0.0004993722,-0.0045423433,-0.05565049
2193.6349315341204,7954.6997,5.3178053,-0.0007032537,139129,1251.5184268156383,696.5876716214151,7119.1445,4.6304593,1173.9368,1.4763143,7954.6997,5.3178053,0,,,,,1251.5184268156383,0.0005006839,696.5876716214151,0.00049947534,-0.004241361,-0.0553607
2193.641876076939,7951.6255,5.318591,-0.00070315227,139130,1251.5169843567803,696.5890354564958,7118.0815,4.6311436,1175.1276,1.4783272,7951.6255,5.318591,0,,,,,1251.5169843567803,0.00050086627,696.5890354564958,0.00049931917,-0.004779269,-0.054757252
2193.648820619817,7952.861,5.3202567,-0.00070305075,139131,1251.5178300858506,696.5877101571048,7118.145,4.632594,1173.4543,1.4768325,7952.861,5.3202567,0,,,,,1251.5178300858506,0.0005011638,696.5877101571048,0.00049992214,-0.0041389246,-0.055809237
2193.655765162636,7951.286,5.3199797,-0.0007029493,139132,1251.5174640235218,696.5888617357532,7117.7134,4.6323533,1174.3004,1.479075,7951.286,5.3199797,0,,,,,1251.5174640235218,0.000500844,696.5888617357532,0.00049972895,-0.0047864392,-0.05542849
2193.6627097054547,7951.1797,5.3211904,-0.00070284784,139133,1251.516464077033,696.5891456987732,7117.701,4.6334066,1172.8977,1.476599,7951.1797,5.3211904,0,,,,,1251.516464077033,0.00050102983,696.5891456987732,0.0005000277,-0.0054753353,-0.05502575
2193.6696542482737,7959.874,5.319494,-0.0007027464,139134,1251.5172045395236,696.588033537136,7124.644,4.63193,1175.1033,1.4762261,7959.874,5.319494,0,,,,,1251.5172045395236,0.0005006765,696.588033537136,0.0004989335,-0.004327754,-0.055529043
2193.6765987911517,7951.4414,5.3141384,-0.0007026449,139135,1251.5181066647638,696.5891289489218,7116.1064,4.6272664,1169.1423,1.4731325,7951.4414,5.3141384,0,,,,,1251.5181066647638,0.00050037506,696.5891289489218,0.0004990405,-0.0042047757,-0.054226723
2193.6835433339706,7954.9155,5.3183675,-0.0007025434,139136,1251.5153551989117,696.5869533536828,7121.074,4.630949,1173.7299,1.4771258,7954.9155,5.3183675,0,,,,,1251.5153551989117,0.0005004668,696.5869533536828,0.000499566,-0.005406133,-0.05723857
2193.6904878767896,7956.1123,5.3201737,-0.00070244196,139137,1251.5170486846162,696.5892129106282,7121.789,4.6325216,1173.7443,1.4777032,7956.1123,5.3201737,0,,,,,1251.5170486846162,0.0005005447,696.5892129106282,0.00049932656,-0.004632395,-0.05495058
2193.6974324196085,7954.3765,5.3163953,-0.0007023405,139138,1251.515688510989,696.5885584158311,7120.6113,4.6292315,1171.5763,1.4739498,7954.3765,5.3163953,0,,,,,1251.515688510989,0.00050044985,696.5885584158311,0.00049916015,-0.0053943424,-0.056339923
2193.7043769624856,7963.9385,5.3197107,-0.000702239,139139,1251.517476977421,696.5885836642616,7129.5044,4.632118,1171.6731,1.4755335,7963.9385,5.3197107,0,,,,,1251.517476977421,0.00050008425,696.5885836642616,0.00049846777,-0.004742183,-0.055585116
2193.7113215053055,7950.745,5.3174567,-0.00070213753,139140,1251.5159285608074,696.5882353533403,7116.0195,4.6301556,1172.2521,1.4759648,7950.745,5.3174567,0,,,,,1251.5159285608074,0.0005010716,696.5882353533403,0.0004996718,-0.0054811127,-0.055613782
2193.718266048125,7954.87,5.3185687,-0.0007020361,139141,1251.5177714383994,696.5884350444002,7121.114,4.631124,1173.247,1.4772094,7954.87,5.3185687,0,,,,,1251.5177714383994,0.0005004758,696.5884350444002,0.00049917353,-0.00425228,-0.055776995
2193.7252105910025,7957.943,5.3222446,-0.00070193456,139142,1251.5175313821164,696.5881892539314,7123.9023,4.634325,1171.5964,1.475529,7957.943,5.3222446,0,,,,,1251.5175313821164,0.0005006186,696.5881892539314,0.00049980724,-0.004454076,-0.05605866
2193.7321551338223,7949.7734,5.321084,-0.0007018331,139143,1251.5170256695963,696.5881417995619,7115.8706,4.633314,1173.1595,1.4771191,7949.7734,5.321084,0,,,,,1251.5170256695963,0.0005012831,696.5881417995619,0.0004999698,-0.00507629,-0.05622446
2193.739099676699,7948.6187,5.3159037,-0.0007017316,139144,1251.5180938546196,696.5880122070926,7115.0815,4.6288037,1173.3457,1.4757462,7948.6187,5.3159037,0,,,,,1251.5180938546196,0.0005002716,696.5880122070926,0.0004992661,-0.0049161296,-0.055584077
2193.7460442195174,7953.5522,5.319164,-0.00070163014,139145,1251.516914846555,696.5866456887718,7120.6313,4.6316423,1172.7565,1.4762145,7953.5522,5.319164,0,,,,,1251.516914846555,0.0005007447,696.5866456887718,0.000499346,-0.005412826,-0.05631201
2193.7529887623955,7946.9595,5.316094,-0.0007015286,139146,1251.516875064246,696.5877372629859,7114.541,4.6289687,1173.8898,1.4756497,7946.9595,5.316094,0,,,,,1251.516875064246,0.00050072133,696.5877372629859,0.0004993173,-0.0043928735,-0.055812676
2193.7599333052144,7959.273,5.320573,-0.00070142717,139147,1251.5158016105659,696.5864167712136,7125.0386,4.632869,1173.4255,1.4800417,7959.273,5.320573,0,,,,,1251.5158016105659,0.00050009496,696.5864167712136,0.0004992367,-0.0061066113,-0.05734327
2193.7668778480333,7954.656,5.319941,-0.0007013257,139148,1251.5171805058603,696.5879034026441,7121.1724,4.6323185,1171.7845,1.4793758,7954.656,5.319941,0,,,,,1251.5171805058603,0.0005003727,696.5879034026441,0.0004994138,-0.004627795,-0.056480408
2193.7738223909105,7954.253,5.3174047,-0.0007012242,139149,1251.517555467497,696.5889277461501,7119.4346,4.6301107,1171.209,1.4759084,7954.253,5.3174047,0,,,,,1251.517555467497,0.000500496,696.5889277461501,0.00049916154,-0.0044111423,-0.055474382
2193.7807669337303,7949.319,5.3184114,-0.00070112274,139150,1251.5173657977339,696.5874823789118,7114.7554,4.630987,1172.4408,1.475893,7949.319,5.3184114,0,,,,,1251.5173657977339,0.00050174457,696.5874823789118,0.0005000407,-0.0048548016,-0.056623433
2193.7877114766075,7963.6606,5.319588,-0.0007010212,139151,1251.5161244714623,696.5868229681535,7129.097,4.632012,1172.5851,1.4748816,7963.6606,5.319588,0,,,,,1251.5161244714623,0.0004996882,696.5868229681535,0.0004989519,-0.0050925687,-0.056823585
2193.7946560194264,7951.6147,5.320663,-0.0007009198,139152,1251.5160112272572,696.5881360948765,7117.486,4.632948,1174.0148,1.4765105,7951.6147,5.320663,0,,,,,1251.5160112272572,0.00050109316,696.5881360948765,0.00050002255,-0.0048289513,-0.05688336
2193.801600562304,7949.9346,5.3182526,-0.00070081826,139153,1251.5170091829325,696.5861933871981,7117.2983,4.630849,1171.9448,1.4746333,7949.9346,5.3182526,0,,,,,1251.5170091829325,0.0005004899,696.5861933871981,0.00049963105,-0.005057326,-0.056630258
2193.8085451051243,7950.925,5.3177433,-0.0007007168,139154,1251.5169900527549,696.5875794127961,7117.7227,4.6304054,1171.908,1.4789453,7950.925,5.3177433,0,,,,,1251.5169900527549,0.000500542,696.5875794127961,0.00049925206,-0.0058900453,-0.05603441
2193.815489648001,7956.607,5.316448,-0.0007006153,139155,1251.5170919375994,696.5874999444362,7122.588,4.6292777,1170.061,1.4748946,7956.607,5.316448,0,,,,,1251.5170919375994,0.0005003344,696.5874999444362,0.00049870915,-0.0046358737,-0.0568685
2193.822434190878,7940.4106,5.3135867,-0.0007005138,139156,1251.515597473443,696.5870985863027,7108.9385,4.6267858,1172.9169,1.4748777,7940.4106,5.3135867,0,,,,,1251.515597473443,0.0005005544,696.5870985863027,0.0004994953,-0.0060184514,-0.057355385
2193.8293787336975,7949.036,5.316939,-0.0007004123,139157,1251.5167422455993,696.5863575492915,7116.2983,4.629705,1170.764,1.4791619,7949.036,5.316939,0,,,,,1251.5167422455993,0.0005002708,696.5863575492915,0.0004993642,-0.005120399,-0.05741742
2193.8363232765755,7953.932,5.319818,-0.0007003108,139158,1251.5171812854862,696.5873170800113,7121.0605,4.6322117,1174.7872,1.4780197,7953.932,5.319818,0,,,,,1251.5171812854862,0.0005006587,696.5873170800113,0.00049929606,-0.004910719,-0.056483775
2193.843267819394,7963.0522,5.3205748,-0.00070020935,139159,1251.5157929705863,696.5872324300815,7128.2476,4.632871,1173.9426,1.4763671,7963.0522,5.3205748,0,,,,,1251.5157929705863,0.00050001097,696.5872324300815,0.00049936806,-0.005654398,-0.057710122
2193.8502123622716,7960.2427,5.3171067,-0.00070010783,139160,1251.5151298694354,696.5873881209194,7125.505,4.629851,1169.0,1.4741561,7960.2427,5.3171067,0,,,,,1251.5151298694354,0.000499927,696.5873881209194,0.000499145,-0.0056181196,-0.05710613
2193.857156905149,7956.0493,5.321259,-0.0007000063,139161,1251.517294786194,696.58718899052,7121.039,4.6334667,1174.9286,1.4786597,7956.0493,5.321259,0,,,,,1251.517294786194,0.0005007277,696.58718899052,0.0004998693,-0.004740842,-0.056453116
2193.8641014479676,7954.008,5.318101,-0.00069990486,139162,1251.5158655557289,696.5868992725607,7119.359,4.630717,1173.101,1.4754983,7954.008,5.318101,0,,,,,1251.5158655557289,0.0005006202,696.5868992725607,0.0004996351,-0.0056156013,-0.05784858
2193.871045990845,7955.5557,5.319618,-0.00069980335,139163,1251.5156317915853,696.5855297211062,7122.337,4.632038,1178.129,1.4770268,7955.5557,5.319618,0,,,,,1251.5156317915853,0.0005003847,696.5855297211062,0.00049907446,-0.0058918823,-0.058307566
2193.877990533723,7957.1953,5.320031,-0.00069970184,139164,1251.516081976616,696.5887741607924,7123.1953,4.6323977,1177.3937,1.4768125,7957.1953,5.320031,0,,,,,1251.516081976616,0.00050058775,696.5887741607924,0.00049948716,-0.005511544,-0.056337498
2193.884935076542,7949.865,5.318695,-0.0006996004,139165,1251.516328825009,696.5869809232469,7116.391,4.631234,1178.6085,1.4786202,7949.865,5.318695,0,,,,,1251.516328825009,0.0005008852,696.5869809232469,0.00049964816,-0.005339912,-0.057274666
2193.891879619419,7950.7524,5.3188334,-0.00069949887,139166,1251.5166679749368,696.5872985552165,7117.6724,4.6313543,1173.8414,1.4754933,7950.7524,5.3188334,0,,,,,1251.5166679749368,0.0005008448,696.5872985552165,0.0004996465,-0.005094002,-0.056629986
2193.898824162297,7963.0796,5.320281,-0.00069939735,139167,1251.5160698100915,696.5863271835461,7127.935,4.632615,1171.3446,1.4768416,7963.0796,5.320281,0,,,,,1251.5160698100915,0.00050001143,696.5863271835461,0.0004989992,-0.0057688537,-0.057471965
2193.905768705174,7955.7407,5.3191347,-0.00069929584,139168,1251.5160459061653,696.586609485037,7121.9614,4.631617,1175.613,1.4775162,7955.7407,5.3191347,0,,,,,1251.5160459061653,0.00050050253,696.586609485037,0.0004994317,-0.0058894646,-0.05788938
2193.912713247994,7953.9727,5.318518,-0.0006991944,139169,1251.5168456745243,696.5871972759322,7120.2935,4.63108,1173.189,1.476544,7953.9727,5.318518,0,,,,,1251.5168456745243,0.0005005216,696.5871972759322,0.00049945083,-0.004432138,-0.057620507
2193.9196577908706,7952.9146,5.3212924,-0.00069909287,139170,1251.5167216197988,696.5876591592324,7120.2563,4.633496,1174.044,1.4795053,7952.9146,5.3212924,0,,,,,1251.5167216197988,0.00050099666,696.5876591592324,0.0004995986,-0.005276032,-0.056548562
2193.926602333748,7955.2637,5.3167596,-0.00069899135,139171,1251.5155372194527,696.5865668581696,7122.201,4.629549,1170.6266,1.4743791,7955.2637,5.3167596,0,,,,,1251.5155372194527,0.0005004719,696.5865668581696,0.0004991975,-0.005831099,-0.057835966
2193.933546876626,7965.372,5.3222375,-0.00069888984,139172,1251.516666597768,696.5867962437583,7130.972,4.634319,1172.7012,1.475526,7965.372,5.3222375,0,,,,,1251.516666597768,0.00049999176,696.5867962437583,0.0004992149,-0.0052042054,-0.05760687
2193.940491419445,7958.8804,5.3171887,-0.0006987884,139173,1251.5161555995921,696.586350963582,7124.3228,4.6299224,1171.2844,1.4753319,7958.8804,5.3171887,0,,,,,1251.5161555995921,0.0004999002,696.586350963582,0.00049882074,-0.0063877283,-0.057149045
2193.947435962322,7958.482,5.321452,-0.00069868687,139174,1251.5161732439094,696.5864897280737,7123.548,4.633635,1172.8696,1.4771463,7958.482,5.321452,0,,,,,1251.5161732439094,0.00050037185,696.5864897280737,0.0005000391,-0.005963696,-0.057840127
2193.9543805051994,7958.614,5.320925,-0.00069858535,139175,1251.51696357437,696.5865125105901,7123.1064,4.6331763,1172.0676,1.4768943,7958.614,5.320925,0,,,,,1251.51696357437,0.0005013333,696.5865125105901,0.000499705,-0.005652133,-0.05888578
2193.961325048077,7952.2344,5.316815,-0.00069848384,139176,1251.5160518322004,696.5872335506104,7119.085,4.629597,1172.9451,1.4755199,7952.2344,5.316815,0,,,,,1251.5160518322004,0.00050033524,696.5872335506104,0.0004994715,-0.0052493615,-0.05699876
2193.9682695909537,7960.1353,5.3184547,-0.0006983823,139177,1251.51584947065,696.5861234394183,7125.314,4.6310244,1171.9803,1.4763607,7960.1353,5.3184547,0,,,,,1251.51584947065,0.00050010707,696.5861234394183,0.00049898465,-0.0062019452,-0.0583644
2193.975214133831,7956.1323,5.31916,-0.0006982808,139178,1251.5163673991613,696.5862930252005,7122.5967,4.631639,1171.9519,1.4785098,7956.1323,5.31916,0,,,,,1251.5163673991613,0.0005003483,696.5862930252005,0.00049911515,-0.0055407225,-0.05759438
2193.9821586767084,7959.0874,5.3214564,-0.0006981793,139179,1251.5153097553557,696.5864185106925,7125.091,4.6336384,1171.3102,1.4769497,7959.0874,5.3214564,0,,,,,1251.5153097553557,0.00050024746,696.5864185106925,0.00049971463,-0.0062022186,-0.058393158
2193.9891032195287,7953.7964,5.3180237,-0.00069807784,139180,1251.516307067144,696.5860027737206,7119.9927,4.6306496,1173.5664,1.4764336,7953.7964,5.3180237,0,,,,,1251.516307067144,0.00050035113,696.5860027737206,0.0004996393,-0.005606184,-0.057888802
2193.996047762406,7945.2793,5.3184004,-0.0006979763,139181,1251.5154465274186,696.5849822668201,7112.954,4.6309776,1173.4442,1.4767601,7945.2793,5.3184004,0,,,,,1251.5154465274186,0.0005013565,696.5849822668201,0.00050012156,-0.005502402,-0.05878617
2194.0029923052834,7962.882,5.3208337,-0.0006978748,139182,1251.5155177657414,696.587294611923,7129.4414,4.6330967,1173.3137,1.475867,7962.882,5.3208337,0,,,,,1251.5155177657414,0.0005000667,696.587294611923,0.0004988911,-0.0061043804,-0.05781441
2194.009936848161,7952.129,5.3195615,-0.0006977733,139183,1251.516073279425,696.5856344564559,7118.7764,4.631989,1174.6002,1.4763225,7952.129,5.3195615,0,,,,,1251.516073279425,0.00050063006,696.5856344564559,0.00049983134,-0.006153272,-0.058333326
2194.016881391038,7957.2783,5.3191214,-0.0006976718,139184,1251.5173711001648,696.5866827140334,7122.949,4.6316056,1169.9146,1.4766396,7957.2783,5.3191214,0,,,,,1251.5173711001648,0.00050011085,696.5866827140334,0.0004994122,-0.0046912762,-0.057430863
2194.023825933915,7957.736,5.3176203,-0.00069757027,139185,1251.5165858565942,696.5851225553107,7122.7065,4.630298,1169.1426,1.4737797,7957.736,5.3176203,0,,,,,1251.5165858565942,0.00050017884,696.5851225553107,0.00049974164,-0.005706612,-0.058272496
2194.0307704767924,7953.9385,5.317574,-0.00069746876,139186,1251.515480532663,696.5860033614179,7120.26,4.630258,1170.8649,1.4744418,7953.9385,5.317574,0,,,,,1251.515480532663,0.00050054904,696.5860033614179,0.0004998579,-0.0064903577,-0.059100006
2194.03771501967,7960.24,5.3175573,-0.00069736724,139187,1251.515330476686,696.584633957671,7125.006,4.630244,1170.2323,1.4745686,7960.24,5.3175573,0,,,,,1251.515330476686,0.00050000806,696.584633957671,0.0004992479,-0.006032126,-0.059422202
2194.044659562547,7966.4185,5.3236537,-0.0006972657,139188,1251.515511606228,696.5861411574951,7132.2324,4.635552,1170.0326,1.4776794,7966.4185,5.3236537,0,,,,,1251.515511606228,0.0004998883,696.5861411574951,0.0004993103,-0.0055533657,-0.058298875
2194.0516041054243,7955.021,5.318703,-0.0006971642,139189,1251.51628779817,696.5860778021165,7120.966,4.6312413,1171.0635,1.4748104,7955.021,5.318703,0,,,,,1251.51628779817,0.00050036376,696.5860778021165,0.0004999033,-0.006291689,-0.058979236
2194.058548648302,7948.1807,5.3164682,-0.0006970627,139190,1251.5158953879527,696.5843399723957,7116.88,4.6292953,1171.147,1.474857,7948.1807,5.3164682,0,,,,,1251.5158953879527,0.000500757,696.5843399723957,0.0004997369,-0.0063346825,-0.059601646
2194.0654931911795,7950.8022,5.315768,-0.0006969612,139191,1251.5142746125332,696.5854722362637,7117.5117,4.628685,1170.2783,1.4747847,7950.8022,5.315768,0,,,,,1251.5142746125332,0.00050001603,696.5854722362637,0.0004998179,-0.007046202,-0.059543617
2194.072437734056,7947.5605,5.31564,-0.0006968597,139192,1251.5147375840963,696.5854684682969,7115.6265,4.628574,1171.761,1.4743831,7947.5605,5.31564,0,,,,,1251.5147375840963,0.0005005331,696.5854684682969,0.0004997848,-0.007041437,-0.059931997
2194.0793822769347,7942.9116,5.3146152,-0.00069675816,139193,1251.5163372029979,696.5848672168275,7111.387,4.6276813,1171.5953,1.4767143,7942.9116,5.3146152,0,,,,,1251.5163372029979,0.00050049846,696.5848672168275,0.0004995689,-0.0060498463,-0.05896124
2194.0863268198123,7960.763,5.3189125,-0.00069665664,139194,1251.5153942659492,696.5855321714515,7127.3716,4.631423,1170.5061,1.4746311,7960.763,5.3189125,0,,,,,1251.5153942659492,0.0005001045,696.5855321714515,0.0004991471,-0.0064850976,-0.058932506
2194.0932713626894,7957.384,5.3175807,-0.00069655513,139195,1251.5167788472709,696.5855152454442,7123.1675,4.630264,1170.3245,1.475686,7957.384,5.3175807,0,,,,,1251.5167788472709,0.00050017715,696.5855152454442,0.00049939175,-0.005293116,-0.05870113
2194.1002159056247,7949.435,5.3189116,-0.00069645356,139196,1251.5156978910022,696.5855520210689,7117.0747,4.6314225,1170.3481,1.4759773,7949.435,5.3189116,0,,,,,1251.5156978910022,0.0005011701,696.5855520210689,0.00049969635,-0.0067252098,-0.058648862
2194.1071604485023,7955.429,5.315884,-0.00069635204,139197,1251.516144821026,696.5849206260993,7122.8345,4.6287866,1166.4755,1.47289,7955.429,5.315884,0,,,,,1251.516144821026,0.00050007785,696.5849206260993,0.0004993804,-0.0060298764,-0.059202533
2194.11410499138,7944.1035,5.314187,-0.0006962505,139198,1251.5158830351443,696.585615499983,7112.28,4.627309,1171.0127,1.4750627,7944.1035,5.314187,0,,,,,1251.5158830351443,0.0005006055,696.585615499983,0.00049941835,-0.005598348,-0.058509737
2194.121049534257,7958.416,5.3169994,-0.000696149,139199,1251.513553278107,696.5838986629545,7125.372,4.6297574,1167.2068,1.4729158,7958.416,5.3169994,0,,,,,1251.513553278107,0.0004996902,696.5838986629545,0.0004991491,-0.008087557,-0.06091016
2194.1279940771337,7960.1655,5.319344,-0.0006960475,139200,1251.5159805020241,696.5866944169611,7126.8657,4.631799,1168.9928,1.4770625,7960.1655,5.319344,0,,,,,1251.5159805020241,0.0005001269,696.5866944169611,0.0004987963,-0.005691617,-0.058154676
2194.1349386200113,7944.0234,5.3155117,-0.000695946,139201,1251.515229028773,696.5862696290561,7112.624,4.6284623,1170.571,1.4754294,7944.0234,5.3155117,0,,,,,1251.515229028773,0.0005007834,696.5862696290561,0.0004994745,-0.0063255224,-0.05891777
2194.141883162889,7954.3994,5.315946,-0.0006958445,139202,1251.5150178100312,696.5846980411609,7121.3516,4.6288404,1167.5775,1.4743224,7954.3994,5.315946,0,,,,,1251.5150178100312,0.0005000237,696.5846980411609,0.0004995087,-0.0064963275,-0.060866788
2194.1488277058243,7955.3735,5.319683,-0.0006957429,139203,1251.5148315877898,696.5864544202955,7121.759,4.6320944,1168.4696,1.4773655,7955.3735,5.319683,0,,,,,1251.5148315877898,0.00049988425,696.5864544202955,0.0004996241,-0.0067157596,-0.05882509
2194.155772248702,7962.1235,5.317161,-0.0006956414,139204,1251.5158305553477,696.5847575651436,7128.001,4.6298985,1167.7971,1.4743414,7962.1235,5.317161,0,,,,,1251.5158305553477,0.0004996757,696.5847575651436,0.0004987208,-0.0061073215,-0.059467558
2194.16271679158,7953.2017,5.314322,-0.0006955399,139205,1251.514680654749,696.5851862365116,7119.7104,4.627426,1166.2313,1.4726925,7953.2017,5.314322,0,,,,,1251.514680654749,0.0004999298,696.5851862365116,0.0004993863,-0.006743573,-0.059894387
2194.169661334457,7963.41,5.318728,-0.00069543836,139206,1251.5160785004643,696.5855118778277,7129.1836,4.631263,1166.1445,1.4762399,7963.41,5.318728,0,,,,,1251.5160785004643,0.00049983547,696.5855118778277,0.0004987118,-0.0066054827,-0.05934391
2194.176605877334,7954.545,5.3145676,-0.00069533684,139207,1251.5146944548173,696.5847486639582,7122.372,4.62764,1165.5396,1.4729148,7954.545,5.3145676,0,,,,,1251.5146944548173,0.0004997547,696.5847486639582,0.0004991139,-0.0069952775,-0.06071108
2194.18355042027,7958.003,5.3166685,-0.00069523527,139208,1251.5148769930463,696.5854074575857,7124.4233,4.62947,1166.7823,1.4731616,7958.003,5.3166685,0,,,,,1251.5148769930463,0.00049979106,696.5854074575857,0.00049921783,-0.006730594,-0.06031006
2194.1904949631476,7955.1523,5.3162417,-0.00069513376,139209,1251.5154772548242,696.5843764831754,7122.696,4.629098,1168.4296,1.4749227,7955.1523,5.3162417,0,,,,,1251.5154772548242,0.00049972313,696.5843764831754,0.0004989701,-0.006547761,-0.059902847
2194.1974395060247,7954.9307,5.3169465,-0.00069503224,139210,1251.5159979911268,696.5855540706021,7122.34,4.6297116,1166.9979,1.4748355,7954.9307,5.3169465,0,,,,,1251.5159979911268,0.0005002851,696.5855540706021,0.00049894676,-0.006084892,-0.058802772
2194.2043840489023,7959.3237,5.3146157,-0.0006949307,139211,1251.5151714470155,696.585817537163,7125.64,4.6276817,1164.0171,1.4706721,7959.3237,5.3146157,0,,,,,1251.5151714470155,0.00049978495,696.585817537163,0.0004988489,-0.005940398,-0.0588729
2194.211328591838,7956.8613,5.3174386,-0.00069482916,139212,1251.5157311467315,696.5847934819722,7123.347,4.6301403,1165.124,1.4730123,7956.8613,5.3174386,0,,,,,1251.5157311467315,0.0005005061,696.5847934819722,0.0004994123,-0.0063496465,-0.060173243
2194.218273134715,7953.3643,5.313886,-0.00069472764,139213,1251.5156198377433,696.5855714458683,7120.745,4.627047,1164.3691,1.4724252,7953.3643,5.313886,0,,,,,1251.5156198377433,0.0004998781,696.5855714458683,0.00049899856,-0.006559579,-0.059953228
2194.2252176775924,7956.9644,5.315669,-0.0006946261,139214,1251.5155295295071,696.5853699370964,7123.623,4.628599,1164.3932,1.473963,7956.9644,5.315669,0,,,,,1251.5155295295071,0.00049977313,696.5853699370964,0.0004988921,-0.006339363,-0.058819585
2194.2321622205277,7955.549,5.3151217,-0.00069452456,139215,1251.5157551608702,696.5840103201185,7123.4023,4.628123,1164.1404,1.4744506,7955.549,5.3151217,0,,,,,1251.5157551608702,0.0004996987,696.5840103201185,0.00049906084,-0.0063643167,-0.060907748
2194.2391067634057,7959.204,5.3171577,-0.00069442304,139216,1251.5147464730371,696.5857230328232,7125.826,4.6298957,1163.7749,1.4747484,7959.204,5.3171577,0,,,,,1251.5147464730371,0.0005001593,696.5857230328232,0.0004989868,-0.0064447154,-0.06013523
2194.246051306283,7956.4834,5.314355,-0.0006943215,139217,1251.5152188611305,696.5838021657521,7122.97,4.6274548,1164.7507,1.4719574,7956.4834,5.314355,0,,,,,1251.5152188611305,0.00049985404,696.5838021657521,0.00049917697,-0.0063064923,-0.060855895
2194.252995849218,7958.036,5.315824,-0.00069421995,139218,1251.514913113508,696.5855132570363,7124.6284,4.628734,1165.8337,1.4733621,7958.036,5.315824,0,,,,,1251.514913113508,0.0004996409,696.5855132570363,0.0004990577,-0.006392147,-0.059447937
2194.2599403920963,7949.6523,5.313055,-0.00069411844,139219,1251.515193341515,696.584287909855,7116.6777,4.626323,1164.9663,1.4722685,7949.6523,5.313055,0,,,,,1251.515193341515,0.0005004587,696.584287909855,0.000499326,-0.0067385803,-0.060409814
2194.266884934974,7957.2407,5.3159485,-0.0006940169,139220,1251.5142307370531,696.5839509362071,7123.458,4.6288424,1164.7936,1.4759539,7957.2407,5.3159485,0,,,,,1251.5142307370531,0.0004997214,696.5839509362071,0.00049915427,-0.008023311,-0.06111438
2194.2738294779087,7964.037,5.319435,-0.00069391535,139221,1251.515843851811,696.5841699882715,7128.9736,4.631879,1166.3872,1.4754207,7964.037,5.319435,0,,,,,1251.515843851811,0.0004995906,696.5841699882715,0.0004993244,-0.006194083,-0.060900897
2194.280774020787,7955.12,5.3150363,-0.00069381384,139222,1251.515953776927,696.5851418525299,7120.3003,4.6280484,1164.926,1.4718529,7955.12,5.3150363,0,,,,,1251.515953776927,0.0005007695,696.5851418525299,0.0004996686,-0.0057308995,-0.060134992
2194.287718563722,7959.0127,5.31548,-0.00069371227,139223,1251.515264691117,696.5853715706414,7125.87,4.628435,1164.3318,1.4718748,7959.0127,5.31548,0,,,,,1251.515264691117,0.00049974705,696.5853715706414,0.0004988378,-0.0065368093,-0.06062347
2194.2946631065993,7957.298,5.3127756,-0.00069361075,139224,1251.5146846927644,696.5843558332009,7124.43,4.6260796,1160.9883,1.4702302,7957.298,5.3127756,0,,,,,1251.5146846927644,0.0004995215,696.5843558332009,0.00049855764,-0.007129815,-0.060822126
2194.3016076494764,7957.109,5.3171554,-0.00069350924,139225,1251.51425079141,696.5847391248094,7124.984,4.6298933,1163.4478,1.4722712,7957.109,5.3171554,0,,,,,1251.51425079141,0.0004997297,696.5847391248094,0.0004993112,-0.007022541,-0.06064391
2194.3085521924118,7969.3574,5.3184004,-0.00069340767,139226,1251.513515842312,696.5830865359841,7134.696,4.6309776,1162.0532,1.4711211,7969.3574,5.3184004,0,,,,,1251.513515842312,0.0004999748,696.5830865359841,0.0004987799,-0.008460934,-0.062733635
2194.31549673529,7955.7793,5.3134284,-0.00069330615,139227,1251.5162120275766,696.5861178186996,7120.98,4.6266484,1163.3477,1.4712213,7955.7793,5.3134284,0,,,,,1251.5162120275766,0.0004997073,696.5861178186996,0.0004991522,-0.005910808,-0.059831817
2194.322441278226,7953.549,5.3144665,-0.0006932046,139228,1251.514768244679,696.5846777616043,7121.404,4.6275525,1163.1412,1.4714915,7953.549,5.3144665,0,,,,,1251.514768244679,0.00049986877,696.5846777616043,0.00049926847,-0.007325285,-0.060588807
2194.3293858211027,7950.058,5.312478,-0.00069310307,139229,1251.514972734635,696.5821888997057,7117.5938,4.6258206,1163.4657,1.4715692,7950.058,5.312478,0,,,,,1251.514972734635,0.0004997933,696.5821888997057,0.0004993528,-0.007256225,-0.063088395
2194.3363303640385,7962.812,5.317281,-0.0006930015,139230,1251.5158037309102,696.5849839340364,7127.1147,4.6300025,1162.9432,1.471825,7962.812,5.317281,0,,,,,1251.5158037309102,0.00049996277,696.5849839340364,0.0004991931,-0.0061695813,-0.060471695
2194.343274906916,7950.826,5.3132954,-0.0006929,139231,1251.5142425039476,696.5834294094298,7118.016,4.626532,1163.1334,1.4719338,7950.826,5.3132954,0,,,,,1251.5142425039476,0.0005000527,696.5834294094298,0.00049947866,-0.008327726,-0.06262792
2194.350219449851,7952.328,5.3153152,-0.0006927984,139232,1251.5158520555256,696.5843171567384,7118.4663,4.628291,1163.8468,1.4722754,7952.328,5.3153152,0,,,,,1251.5158520555256,0.0005000019,696.5843171567384,0.0004998296,-0.0057617375,-0.06087532
2194.357163992729,7942.9404,5.3109837,-0.0006926969,139233,1251.514565855261,696.5828423924053,7111.694,4.62452,1164.3248,1.4709057,7942.9404,5.3109837,0,,,,,1251.514565855261,0.00049996504,696.5828423924053,0.0005000181,-0.008255983,-0.06242358
2194.364108535665,7952.638,5.3145833,-0.0006925953,139234,1251.5159328879536,696.585612158291,7118.9756,4.6276536,1162.1377,1.4723678,7952.638,5.3145833,0,,,,,1251.5159328879536,0.00050087046,696.585612158291,0.00049937156,-0.005097998,-0.058586378
2194.371053078542,7959.529,5.314763,-0.0006924938,139235,1251.5133468249267,696.5829581111428,7125.6377,4.6278105,1164.3408,1.4708811,7959.529,5.314763,0,,,,,1251.5133468249267,0.0004995883,696.5829581111428,0.0004992756,-0.008065846,-0.06253332
2194.377997621477,7956.401,5.3125873,-0.00069239223,139236,1251.5146304373995,696.5853241969063,7123.762,4.6259155,1160.9641,1.4706994,7956.401,5.3125873,0,,,,,1251.5146304373995,0.0004992985,696.5853241969063,0.00049890846,-0.006286174,-0.06026135
2194.384942164355,7958.4404,5.315626,-0.0006922907,139237,1251.514199411394,696.5838133573774,7125.6797,4.628562,1164.0206,1.4711131,7958.4404,5.315626,0,,,,,1251.514199411394,0.0004997715,696.5838133573774,0.00049920456,-0.007658388,-0.06280851
2194.3918867072903,7947.9185,5.3110194,-0.00069218915,139238,1251.5147178811067,696.5826435756723,7116.338,4.6245503,1160.5735,1.4707406,7947.9185,5.3110194,0,,,,,1251.5147178811067,0.00049962796,696.5826435756723,0.0004994584,-0.007572984,-0.06338758
2194.3988312501683,7946.0522,5.3129983,-0.00069208763,139239,1251.5155636704408,696.5833313560051,7115.081,4.6262736,1162.1575,1.4723817,7946.0522,5.3129983,0,,,,,1251.5155636704408,0.00050030596,696.5833313560051,0.0004989941,-0.0072166817,-0.06230236
2194.405775793103,7947.5205,5.311379,-0.00069198606,139240,1251.5156448345801,696.5844872462811,7116.131,4.6248636,1160.7612,1.4710679,7947.5205,5.311379,0,,,,,1251.5156448345801,0.0004999186,696.5844872462811,0.00049930596,-0.007184707,-0.061073676
2194.412720336039,7947.8184,5.312238,-0.0006918845,139241,1251.5144500026522,696.5838950912374,7113.5693,4.6256113,1164.9166,1.471554,7947.8184,5.312238,0,,,,,1251.5144500026522,0.0005004683,696.5838950912374,0.0004999185,-0.007365366,-0.06182486
2194.419664878917,7952.9556,5.3150344,-0.000691783,139242,1251.5152979196696,696.5836667357037,7119.5127,4.6280465,1163.3906,1.4765881,7952.9556,5.3150344,0,,,,,1251.5152979196696,0.00050001655,696.5836667357037,0.00049925887,-0.0071783536,-0.061343227
2194.4266094218524,7960.3745,5.315633,-0.0006916814,139243,1251.5147228690175,696.5827376043521,7125.956,4.6285677,1162.9446,1.4729465,7960.3745,5.315633,0,,,,,1251.5147228690175,0.0004997981,696.5827376043521,0.0004991172,-0.0066508087,-0.062378474
2194.4335539647295,7967.381,5.3191147,-0.0006915799,139244,1251.5149014770034,696.5842008801268,7132.965,4.6315994,1163.6351,1.4736644,7967.381,5.3191147,0,,,,,1251.5149014770034,0.00049959274,696.5842008801268,0.00049895275,-0.006907355,-0.061641525
2194.440498507666,7956.31,5.316762,-0.0006914783,139245,1251.5149373164409,696.5825115434727,7123.696,4.629551,1162.8204,1.4734612,7956.31,5.316762,0,,,,,1251.5149373164409,0.0004995668,696.5825115434727,0.00049961865,-0.007489191,-0.06272009
2194.4474430506007,7959.23,5.3148117,-0.00069137674,139246,1251.5133277794237,696.5831261677845,7125.667,4.627853,1162.9364,1.4719328,7959.23,5.3148117,0,,,,,1251.5133277794237,0.00049973954,696.5831261677845,0.0004990741,-0.00827323,-0.061906155
2194.4543875934773,7962.685,5.314677,-0.0006912752,139247,1251.5154215440657,696.5825603261519,7129.4307,4.6277356,1161.8114,1.4705963,7962.685,5.314677,0,,,,,1251.5154215440657,0.00049931754,696.5825603261519,0.0004989986,-0.0073422897,-0.06311618
2194.4613321364136,7964.443,5.317653,-0.00069117366,139248,1251.513532908989,696.5834975727803,7131.1943,4.6303267,1160.7833,1.4727788,7964.443,5.317653,0,,,,,1251.513532908989,0.00049917586,696.5834975727803,0.0004988808,-0.0070205866,-0.06133558
2194.468276679349,7958.6763,5.3143296,-0.0006910721,139249,1251.5146783460032,696.5828076988092,7124.367,4.627433,1164.0001,1.4716057,7958.6763,5.3143296,0,,,,,1251.5146783460032,0.00049987494,696.5828076988092,0.00049902295,-0.0071294545,-0.06287126
2194.475221222227,7948.3906,5.313023,-0.00069097057,139250,1251.5150639013582,696.5826754603671,7116.528,4.626295,1162.8304,1.4715298,7948.3906,5.313023,0,,,,,1251.5150639013582,0.00050044124,696.5826754603671,0.0004995097,-0.007041837,-0.06255667
2194.4821657651632,7969.0596,5.318952,-0.000690869,139251,1251.5137646977,696.5828290163128,7134.996,4.631458,1161.5863,1.4720688,7969.0596,5.318952,0,,,,,1251.5137646977,0.00049913395,696.5828290163128,0.0004989606,-0.0075631742,-0.06314346
2194.4891103080986,7952.9746,5.3161616,-0.0006907674,139252,1251.5132838697202,696.5829604195168,7120.175,4.629028,1162.0319,1.4725963,7952.9746,5.3161616,0,,,,,1251.5132838697202,0.0004998633,696.5829604195168,0.0004998842,-0.007614651,-0.06305158
2194.4960548509757,7952.9565,5.3157005,-0.0006906659,139253,1251.514495865813,696.582067970681,7120.456,4.628627,1165.5387,1.4747705,7952.9565,5.3157005,0,,,,,1251.514495865813,0.0004999239,696.582067970681,0.0004994992,-0.006977652,-0.06308271
2194.502999393911,7947.233,5.3160906,-0.00069056434,139254,1251.5129155931138,696.5832046201164,7115.6343,4.6289663,1164.6241,1.4725913,7947.233,5.3160906,0,,,,,1251.5129155931138,0.0005003865,696.5832046201164,0.00050022843,-0.008431683,-0.062103428
2194.5099439368464,7946.9756,5.314371,-0.00069046277,139255,1251.5148033495109,696.5826371007774,7117.115,4.627469,1161.696,1.473845,7946.9756,5.314371,0,,,,,1251.5148033495109,0.0004997999,696.5826371007774,0.0004996036,-0.007375632,-0.06358462
2194.5168884797245,7950.9595,5.313156,-0.00069036125,139256,1251.5153960954678,696.5830874103915,7119.3003,4.626411,1162.1783,1.470662,7950.9595,5.313156,0,,,,,1251.5153960954678,0.0004999031,696.5830874103915,0.0004989979,-0.0070896656,-0.062329225
2194.5238330226593,7952.749,5.3120856,-0.0006902597,139257,1251.514301628879,696.5835632913753,7120.5728,4.6254787,1161.3173,1.4700474,7952.749,5.3120856,0,,,,,1251.514301628879,0.00049952534,696.5835632913753,0.00049892045,-0.0072460175,-0.062576614
2194.5307775655947,7948.2827,5.315181,-0.0006901581,139258,1251.5152760195383,696.583549946766,7117.015,4.6281743,1163.7216,1.4718324,7948.2827,5.315181,0,,,,,1251.5152760195383,0.00050026143,696.583549946766,0.00049978617,-0.006960785,-0.062119626
2194.5377221085305,7957.14,5.31561,-0.00069005653,139259,1251.5152677190863,696.5814581509333,7124.7495,4.6285477,1163.2537,1.4735014,7957.14,5.31561,0,,,,,1251.5152677190863,0.00049935706,696.5814581509333,0.000498899,-0.0079718735,-0.063984156
2194.5446666514085,7955.7085,5.313979,-0.000689955,139260,1251.5138470101767,696.5825358564147,7124.235,4.6271276,1162.6263,1.4705422,7955.7085,5.313979,0,,,,,1251.5138470101767,0.000499642,696.5825358564147,0.00049904716,-0.0076616453,-0.06322565
2194.551611194344,7956.7915,5.314242,-0.00068985345,139261,1251.51462551962,696.5822816049808,7124.0073,4.627356,1162.029,1.4703668,7956.7915,5.314242,0,,,,,1251.51462551962,0.00049956836,696.5822816049808,0.00049907865,-0.007638961,-0.06251871
2194.55855573728,7946.205,5.3127255,-0.0006897519,139262,1251.5143303117584,696.5830930513177,7114.1694,4.626036,1163.2308,1.4713275,7946.205,5.3127255,0,,,,,1251.5143303117584,0.00050007587,696.5830930513177,0.0004998295,-0.006958864,-0.062226523
2194.5655002802155,7959.361,5.316501,-0.0006896503,139263,1251.5145320135434,696.5810978168957,7125.49,4.629324,1164.1222,1.474617,7959.361,5.316501,0,,,,,1251.5145320135434,0.00049981807,696.5810978168957,0.00049919006,-0.007972506,-0.06407413
2194.5724448230926,7952.569,5.3142266,-0.0006895488,139264,1251.5152889226842,696.5835856059842,7118.4087,4.627343,1163.4192,1.4706808,7952.569,5.3142266,0,,,,,1251.5152889226842,0.00050020666,696.5835856059842,0.00049994607,-0.006945561,-0.061949316
2194.579389366028,7947.901,5.311941,-0.0006894472,139265,1251.5142252641933,696.5818975932795,7113.875,4.625353,1163.6862,1.4712965,7947.901,5.311941,0,,,,,1251.5142252641933,0.00050037506,696.5818975932795,0.00050032896,-0.0081717055,-0.06455613
2194.586333908964,7949.386,5.3118014,-0.00068934564,139266,1251.5142491797515,696.5817024553238,7117.4785,4.6252313,1160.9679,1.4705259,7949.386,5.3118014,0,,,,,1251.5142491797515,0.00049993844,696.5817024553238,0.00049943355,-0.007644084,-0.06318964
2194.5932784518996,7952.4736,5.315841,-0.0006892441,139267,1251.5154280671302,696.5820934452761,7118.9966,4.628749,1162.0833,1.4723724,7952.4736,5.315841,0,,,,,1251.5154280671302,0.00050001807,696.5820934452761,0.0005001191,-0.006632536,-0.062294368
2194.600222994835,7956.821,5.3160977,-0.0006891425,139268,1251.513753894934,696.5810619374807,7124.963,4.6289725,1161.3424,1.4706613,7956.821,5.3160977,0,,,,,1251.513753894934,0.0005001146,696.5810619374807,0.000499369,-0.008453076,-0.06511812
2194.607167537712,7951.1704,5.316889,-0.000689041,139269,1251.514760594636,696.5824522514922,7119.4277,4.629661,1162.4401,1.4741495,7951.1704,5.316889,0,,,,,1251.514760594636,0.00049991056,696.5824522514922,0.0005000994,-0.007052115,-0.063474
2194.6141120806474,7952.9897,5.313258,-0.0006889394,139270,1251.513879397921,696.581745068412,7120.1353,4.6265,1163.444,1.4709014,7952.9897,5.313258,0,,,,,1251.513879397921,0.00049988605,696.581745068412,0.00049922784,-0.007881282,-0.06350095
2194.6210566235836,7952.0933,5.3146806,-0.00068883784,139271,1251.51326192559,696.581327517243,7121.299,4.6277385,1162.9636,1.473874,7952.0933,5.3146806,0,,,,,1251.51326192559,0.0004997708,696.581327517243,0.0004992446,-0.008406354,-0.0642594
2194.628001166519,7943.3887,5.3113503,-0.00068873627,139272,1251.5140448663428,696.5819962764339,7112.543,4.624839,1162.6698,1.4722213,7943.3887,5.3113503,0,,,,,1251.5140448663428,0.0004998662,696.5819962764339,0.00049954135,-0.008090698,-0.063921325
2194.634945709455,7947.4834,5.312703,-0.0006886347,139273,1251.5139405593252,696.5813776590317,7115.59,4.626016,1164.6091,1.4739122,7947.4834,5.312703,0,,,,,1251.5139405593252,0.0005001507,696.5813776590317,0.0004997827,-0.007462484,-0.064466074
2194.6418902523915,7956.598,5.3125815,-0.0006885331,139274,1251.5122408816264,696.5819224418565,7124.0244,4.625911,1160.3811,1.469735,7956.598,5.3125815,0,,,,,1251.5122408816264,0.0004996171,696.5819224418565,0.0004992175,-0.008597689,-0.06404952
2194.6488347953264,7951.7417,5.3126154,-0.00068843155,139275,1251.51261238301,696.5807806554182,7120.052,4.6259403,1159.7252,1.47113,7951.7417,5.3126154,0,,,,,1251.51261238301,0.00049926474,696.5807806554182,0.0004994455,-0.009170148,-0.064249106
2194.655779338203,7948.587,5.3118935,-0.00068833004,139276,1251.5141788036842,696.5829754044757,7118.5425,4.6253114,1162.8046,1.4702966,7948.587,5.3118935,0,,,,,1251.5141788036842,0.00049982045,696.5829754044757,0.0004990202,-0.007377142,-0.06296523
2194.6627238811393,7955.216,5.3172784,-0.00068822847,139277,1251.5154045141078,696.5814675860058,7121.3906,4.6300006,1165.2847,1.4774759,7955.216,5.3172784,0,,,,,1251.5154045141078,0.00050010934,696.5814675860058,0.0004991806,-0.0074715465,-0.06393575
2194.6696684240746,7953.9565,5.315386,-0.0006881269,139278,1251.5131002157966,696.5832250703567,7121.9536,4.6283526,1162.6564,1.4716487,7953.9565,5.315386,0,,,,,1251.5131002157966,0.0005001337,696.5832250703567,0.00049964053,-0.008442997,-0.06350252
2194.67661296701,7952.392,5.3144374,-0.0006880253,139279,1251.514234376014,696.581952038716,7121.348,4.6275268,1162.7181,1.4714321,7952.392,5.3144374,0,,,,,1251.514234376014,0.0004996194,696.581952038716,0.00049921055,-0.0077981725,-0.06375406
2194.6835575099453,7957.7603,5.317823,-0.00068792375,139280,1251.5131630125647,696.5812326344376,7127.025,4.6304746,1163.3276,1.4722601,7957.7603,5.317823,0,,,,,1251.5131630125647,0.0004995586,696.5812326344376,0.00049950427,-0.008224388,-0.06448112
2194.690502052881,7952.2173,5.3141313,-0.0006878222,139281,1251.5141349800244,696.5816742355156,7121.1426,4.62726,1164.0905,1.4726274,7952.2173,5.3141313,0,,,,,1251.5141349800244,0.00049959135,696.5816742355156,0.0004992348,-0.008244542,-0.06394784
2194.697446595817,7952.2773,5.3141584,-0.0006877206,139282,1251.5131082946482,696.582149088357,7121.308,4.6272836,1164.1664,1.4729272,7952.2773,5.3141584,0,,,,,1251.5131082946482,0.00049931277,696.582149088357,0.0004994505,-0.008241418,-0.06429317
2194.704391138753,7947.625,5.3177867,-0.00068761903,139283,1251.512604167968,696.5820966742997,7117.6675,4.630443,1165.2611,1.473371,7947.625,5.3177867,0,,,,,1251.512604167968,0.00050054817,696.5820966742997,0.0005001458,-0.008311441,-0.06440009
2194.7113356816885,7960.266,5.3164644,-0.00068751746,139284,1251.513446306983,696.5811972684194,7128.391,4.6292915,1160.6771,1.4716254,7960.266,5.3164644,0,,,,,1251.513446306983,0.0004996083,696.5811972684194,0.0004988896,-0.007848206,-0.06477415
2194.718280224625,7949.2974,5.316256,-0.0006874159,139285,1251.5143150908286,696.5819795127287,7117.79,4.6291103,1162.4681,1.4748186,7949.2974,5.316256,0,,,,,1251.5143150908286,0.00049973466,696.5819795127287,0.0005001485,-0.008327356,-0.06333939
2194.7252247675015,7952.087,5.3124166,-0.0006873144,139286,1251.5136674948722,696.5793373635464,7119.4272,4.625767,1160.7999,1.4706074,7952.087,5.3124166,0,,,,,1251.5136674948722,0.0004996778,696.5793373635464,0.00049952534,-0.008592104,-0.06609181
2194.7321693104363,7951.0005,5.3123994,-0.0006872128,139287,1251.513336051356,696.5810395752577,7119.534,4.6257524,1161.3533,1.4709672,7951.0005,5.3123994,0,,,,,1251.513336051356,0.0004992081,696.5810395752577,0.0004993193,-0.008740582,-0.064221226
2194.7391138533726,7955.0806,5.316588,-0.0006871112,139288,1251.5150489489633,696.58239742949,7121.5645,4.6293993,1161.5734,1.4738562,7955.0806,5.316588,0,,,,,1251.5150489489633,0.0004998602,696.58239742949,0.00049964886,-0.0072350986,-0.06352953
2194.7460583963084,7955.6543,5.313563,-0.00068700965,139289,1251.5139085105316,696.5820294107883,7122.9946,4.6267653,1161.6145,1.4716854,7955.6543,5.313563,0,,,,,1251.5139085105316,0.0004995573,696.5820294107883,0.0004992079,-0.008168019,-0.0634915
2194.7530029392437,7960.2783,5.3165545,-0.0006869081,139290,1251.512944564019,696.5801546320604,7128.1304,4.62937,1160.3853,1.4704789,7960.2783,5.3165545,0,,,,,1251.512944564019,0.00049986434,696.5801546320604,0.0004992803,-0.009052413,-0.0663716
2194.7599474821795,7952.9976,5.3124523,-0.0006868065,139291,1251.5131808256342,696.5808282373071,7121.4854,4.6257977,1161.4052,1.4694178,7952.9976,5.3124523,0,,,,,1251.5131808256342,0.0004995549,696.5808282373071,0.00049934944,-0.008733626,-0.06496022
2194.766892025116,7956.76,5.3131285,-0.00068670494,139292,1251.5131229016636,696.5815116182763,7123.128,4.6263866,1162.5803,1.4702418,7956.76,5.3131285,0,,,,,1251.5131229016636,0.00049940735,696.5815116182763,0.0004994906,-0.008174605,-0.06482445
2194.773836568051,7956.3257,5.3137007,-0.00068660337,139293,1251.513961735147,696.5811413092811,7124.524,4.626885,1162.2993,1.4708982,7956.3257,5.3137007,0,,,,,1251.513961735147,0.0004996127,696.5811413092811,0.00049918075,-0.007998828,-0.064723015
2194.7807811109865,7955.8887,5.3137345,-0.0006865018,139294,1251.5135286848536,696.5799200974757,7123.8413,4.626915,1159.6182,1.469345,7955.8887,5.3137345,0,,,,,1251.5135286848536,0.0004994655,696.5799200974757,0.0004991143,-0.008919493,-0.06566671
2194.787725653922,7958.273,5.315089,-0.0006864002,139295,1251.5126452084369,696.5808288319731,7126.3438,4.6280947,1159.9679,1.4737717,7958.273,5.315089,0,,,,,1251.5126452084369,0.0004995,696.5808288319731,0.0004989889,-0.008831746,-0.06539062
2194.794670196858,7951.1147,5.3156962,-0.00068629865,139296,1251.5141100549504,696.5809870402662,7119.3745,4.6286225,1161.631,1.470468,7951.1147,5.3156962,0,,,,,1251.5141100549504,0.00049991434,696.5809870402662,0.00049977365,-0.008380047,-0.06492009
2194.8016147397934,7944.75,5.312048,-0.0006861971,139297,1251.5140452438297,696.5806536123783,7114.3975,4.625446,1163.9419,1.4711661,7944.75,5.312048,0,,,,,1251.5140452438297,0.0004999121,696.5806536123783,0.00049976347,-0.008738034,-0.065739065
2194.8085592827288,7958.5654,5.314629,-0.0006860955,139298,1251.5144025361803,696.5819177130439,7125.7324,4.6276937,1160.129,1.4719785,7958.5654,5.314629,0,,,,,1251.5144025361803,0.000499323,696.5819177130439,0.000499019,-0.008205276,-0.06389227
2194.815503825664,7950.563,5.313305,-0.00068599393,139299,1251.5134675181027,696.5803397228707,7118.9004,4.6265407,1159.6244,1.471919,7950.563,5.313305,0,,,,,1251.5134675181027,0.0004997714,696.5803397228707,0.00049947243,-0.00839912,-0.06569905
2194.8224483686004,7956.2544,5.312321,-0.00068589236,139300,1251.5134761616243,696.5812611127321,7123.9873,4.625684,1158.1152,1.4703276,7956.2544,5.312321,0,,,,,1251.5134761616243,0.00049918366,696.5812611127321,0.00049885985,-0.008704989,-0.065278076
2194.8293929115353,7959.7607,5.3132267,-0.0006857908,139301,1251.5132578906207,696.5805178057799,7127.5205,4.6264725,1160.9529,1.4691507,7959.7607,5.3132267,0,,,,,1251.5132578906207,0.0004991915,696.5805178057799,0.00049898674,-0.008734504,-0.06572505
2194.836337454471,7963.381,5.3158374,-0.0006856892,139302,1251.5129977816946,696.5821329683447,7129.6953,4.628746,1162.9414,1.4706169,7963.381,5.3158374,0,,,,,1251.5129977816946,0.0004992562,696.5821329683447,0.00049914955,-0.008967866,-0.06395522
2194.8432819974073,7964.95,5.314622,-0.00068558764,139303,1251.5126049763787,696.5811030858418,7132.1333,4.6276875,1157.6544,1.4682747,7964.95,5.314622,0,,,,,1251.5126049763787,0.000498959,696.5811030858418,0.00049873296,-0.0088403,-0.06549335
2194.8502265403426,7960.3525,5.316158,-0.00068548607,139304,1251.5140102194302,696.5821192917342,7126.5063,4.629025,1159.8175,1.4716909,7960.3525,5.316158,0,,,,,1251.5140102194302,0.00049977255,696.5821192917342,0.0004994434,-0.007702345,-0.064560406
2194.857171083278,7949.21,5.312773,-0.0006853845,139305,1251.5141371105406,696.5789924605676,7118.166,4.626078,1162.686,1.4713801,7949.21,5.312773,0,,,,,1251.5141371105406,0.00049961894,696.5789924605676,0.0004998126,-0.008617188,-0.067848854
2194.8641156262142,7952.375,5.31171,-0.0006852829,139306,1251.5145628565988,696.580084319089,7122.0566,4.6251516,1159.5798,1.4686363,7952.375,5.31171,0,,,,,1251.5145628565988,0.0004992894,696.580084319089,0.0004990616,-0.008443038,-0.0658742
2194.8710601691496,7954.8174,5.3115053,-0.00068518135,139307,1251.5128461405595,696.5803494674105,7122.921,4.624974,1158.4158,1.4689289,7954.8174,5.3115053,0,,,,,1251.5128461405595,0.0004995261,696.5803494674105,0.0004988061,-0.0093888845,-0.06552362
2194.878004712085,7962.136,5.3143697,-0.0006850798,139308,1251.5125914752477,696.5785979870167,7129.7627,4.6274676,1160.8871,1.4695629,7962.136,5.3143697,0,,,,,1251.5125914752477,0.00049907394,696.5785979870167,0.0004990425,-0.009424667,-0.067292705
2194.8849492550203,7950.4453,5.3117795,-0.0006849782,139309,1251.51402733653,696.582973012956,7118.368,4.6252127,1160.8031,1.4712601,7950.4453,5.3117795,0,,,,,1251.51402733653,0.0004997762,696.582973012956,0.00049935194,-0.007942934,-0.0632008
2194.8918937979556,7947.4927,5.3153358,-0.00068487664,139310,1251.5126419472829,696.5796421753544,7117.2866,4.6283092,1161.7747,1.4713687,7947.4927,5.3153358,0,,,,,1251.5126419472829,0.00049990776,696.5796421753544,0.0005002514,-0.009203576,-0.06673236
2194.898838340892,7949.8555,5.312864,-0.00068477506,139311,1251.5138511932425,696.5804219279147,7119.594,4.626157,1162.3658,1.4712307,7949.8555,5.312864,0,,,,,1251.5138511932425,0.00049939577,696.5804219279147,0.00049924594,-0.00832552,-0.06532594
2194.905782883886,7950.623,5.310575,-0.00068467343,139312,1251.513632487866,696.580317569215,7118.2964,4.6241636,1158.5701,1.468704,7950.623,5.310575,0,,,,,1251.513632487866,0.0004997571,696.580317569215,0.0004995766,-0.008998659,-0.066065185
2194.9127274268217,7957.484,5.315391,-0.00068457186,139313,1251.5139409456262,696.5800238547068,7126.041,4.628357,1162.1278,1.4726069,7957.484,5.315391,0,,,,,1251.5139409456262,0.00049935136,696.5800238547068,0.00049894594,-0.009434889,-0.06656196
2194.919671969758,7959.248,5.313576,-0.0006844703,139314,1251.513022061345,696.5813511829363,7126.655,4.626777,1161.2839,1.4697162,7959.248,5.313576,0,,,,,1251.513022061345,0.0004991488,696.5813511829363,0.0004991679,-0.008904448,-0.06551289
2194.926616512693,7953.805,5.311834,-0.0006843687,139315,1251.5136618296785,696.5802920150817,7121.6636,4.6252594,1160.0112,1.4697975,7953.805,5.311834,0,,,,,1251.5136618296785,0.00049951393,696.5802920150817,0.00049936044,-0.008356653,-0.065916814
2194.9335610556277,7955.8047,5.312797,-0.00068426714,139316,1251.5125323046966,696.5807909982162,7123.261,4.6260986,1160.9799,1.4696397,7955.8047,5.312797,0,,,,,1251.5125323046966,0.00049951853,696.5807909982162,0.00049948535,-0.0093013,-0.065577745
2194.940505598564,7961.7197,5.3150806,-0.00068416557,139317,1251.5134103960422,696.581595722454,7128.8716,4.6280866,1162.0945,1.4712443,7961.7197,5.3150806,0,,,,,1251.5134103960422,0.00049883063,696.581595722454,0.0004989391,-0.008945031,-0.06418421
2194.9474501414993,7956.929,5.3136954,-0.000684064,139318,1251.5121977634133,696.5787591847903,7124.693,4.626881,1161.1852,1.4711819,7956.929,5.3136954,0,,,,,1251.5121977634133,0.00049897295,696.5787591847903,0.00049934874,-0.010076256,-0.06791106
2194.9543946844346,7941.35,5.310859,-0.0006839624,139319,1251.5140273749964,696.5797438369622,7112.923,4.6244106,1160.9126,1.4718719,7941.35,5.310859,0,,,,,1251.5140273749964,0.0004999826,696.5797438369622,0.00049956475,-0.008688625,-0.06581298
2194.96133922737,7950.881,5.3133407,-0.00068386085,139320,1251.5126710750164,696.5805375063588,7120.3374,4.6265717,1162.2145,1.4706618,7950.881,5.3133407,0,,,,,1251.5126710750164,0.00049974094,696.5805375063588,0.0004994566,-0.009118034,-0.06644541
2194.9682837703062,7952.547,5.312836,-0.0006837593,139321,1251.5116521283219,696.5794405304001,7122.2153,4.6261325,1159.6722,1.4700391,7952.547,5.312836,0,,,,,1251.5116521283219,0.0004996923,696.5794405304001,0.0004991163,-0.010420226,-0.06676334
2194.9752283132416,7965.137,5.318298,-0.0006836577,139322,1251.5120358677323,696.579329281123,7131.597,4.6308885,1160.6357,1.4737952,7965.137,5.318298,0,,,,,1251.5120358677323,0.00049954915,696.579329281123,0.0004991808,-0.00998057,-0.066820964
2194.982172856178,7952.1655,5.3171587,-0.00068355614,139323,1251.512884996776,696.5800351008471,7121.6943,4.629896,1161.6733,1.4722999,7952.1655,5.3171587,0,,,,,1251.512884996776,0.0004999619,696.5800351008471,0.0004999666,-0.008250485,-0.06626363
2194.9891173991714,7951.769,5.3128366,-0.0006834545,139324,1251.5133325753416,696.5803422056418,7120.5835,4.626133,1161.0836,1.4709506,7951.769,5.3128366,0,,,,,1251.5133325753416,0.0004995553,696.5803422056418,0.0004993281,-0.009058593,-0.06620122
2194.9960619421076,7958.915,5.3180118,-0.00068335293,139325,1251.5122189307278,696.5802065113019,7126.961,4.630639,1161.1112,1.4722412,7958.915,5.3180118,0,,,,,1251.5122189307278,0.0004993918,696.5802065113019,0.0004997746,-0.009695789,-0.06677806
2195.0030064850425,7960.9844,5.3154216,-0.00068325136,139326,1251.5131167793454,696.5804908889488,7128.914,4.6283836,1160.4418,1.4709644,7960.9844,5.3154216,0,,,,,1251.5131167793454,0.0004992831,696.5804908889488,0.0004991422,-0.008422894,-0.06641152
2195.009951027978,7960.4893,5.3176837,-0.0006831498,139327,1251.5106564934529,696.5794578010263,7128.7383,4.6303535,1160.008,1.4712344,7960.4893,5.3176837,0,,,,,1251.5106564934529,0.0004993421,696.5794578010263,0.0004996184,-0.01128949,-0.06751278
2195.0168955709137,7957.0293,5.312651,-0.0006830482,139328,1251.5120430884374,696.5799099215635,7124.737,4.6259713,1158.0724,1.4686695,7957.0293,5.312651,0,,,,,1251.5120430884374,0.00049948203,696.5799099215635,0.0004993408,-0.00883155,-0.06655156
2195.02384011385,7950.04,5.311532,-0.00068294664,139329,1251.5133743435815,696.5791978994945,7118.977,4.624997,1159.6146,1.4696928,7950.04,5.311532,0,,,,,1251.5133743435815,0.00049915566,696.5791978994945,0.0004992748,-0.0094808275,-0.06626585
2195.030784656785,7961.881,5.3138094,-0.0006828451,139330,1251.51174965449,696.5791462596778,7128.8184,4.6269803,1160.7953,1.4693909,7961.881,5.3138094,0,,,,,1251.51174965449,0.0004992361,696.5791462596778,0.0004990561,-0.009370818,-0.06675125
2195.0377291997206,7954.8457,5.315393,-0.0006827435,139331,1251.5123163460858,696.5786186816324,7124.041,4.6283593,1159.5175,1.4706322,7954.8457,5.315393,0,,,,,1251.5123163460858,0.00049891055,696.5786186816324,0.00049987336,-0.010206359,-0.067715526
2195.044673742657,7948.285,5.310849,-0.0006826419,139332,1251.512985614337,696.5809121972227,7116.8203,4.6244025,1159.1643,1.4698522,7948.285,5.310849,0,,,,,1251.512985614337,0.00049984455,696.5809121972227,0.00049967086,-0.0081975935,-0.06669469
2195.051618285592,7961.822,5.3153543,-0.00068254035,139333,1251.5138128387289,696.5805305530953,7129.47,4.628325,1161.1038,1.4708066,7961.822,5.3153543,0,,,,,1251.5138128387289,0.0004988761,696.5805305530953,0.00049891166,-0.008363564,-0.06588022
2195.0585628285858,7945.2905,5.3119216,-0.0006824387,139334,1251.5103760158772,696.5775310272152,7115.792,4.625336,1160.7781,1.4702886,7945.2905,5.3119216,0,,,,,1251.5103760158772,0.00049978093,696.5775310272152,0.00050001,-0.011328519,-0.06852838
2195.0655073715216,7956.979,5.314409,-0.00068233715,139335,1251.5132097938313,696.5799306525828,7124.936,4.6275015,1160.964,1.4696769,7956.979,5.314409,0,,,,,1251.5132097938313,0.00049940986,696.5799306525828,0.00049944664,-0.009278822,-0.06721632
2195.0724519144574,7963.815,5.317883,-0.0006822356,139336,1251.513807991595,696.5799739888472,7131.315,4.630527,1158.249,1.4706354,7963.815,5.317883,0,,,,,1251.513807991595,0.00049891777,696.5799739888472,0.00049952604,-0.008701303,-0.06664779
2195.0793964573927,7958.602,5.313073,-0.000682134,139337,1251.5119367256902,696.5797640039515,7127.1055,4.626339,1158.6401,1.469551,7958.602,5.313073,0,,,,,1251.5119367256902,0.0004991262,696.5797640039515,0.00049919763,-0.009906749,-0.06647847
2195.086341000328,7951.332,5.311944,-0.00068203243,139338,1251.5118705077205,696.5786713232253,7120.7993,4.6253557,1157.5101,1.4695421,7951.332,5.311944,0,,,,,1251.5118705077205,0.0004997069,696.5786713232253,0.00049969024,-0.010108577,-0.068887845
2195.0932855432634,7953.512,5.3151417,-0.00068193086,139339,1251.5129646489352,696.577778299725,7122.114,4.6281404,1157.6617,1.4712027,7953.512,5.3151417,0,,,,,1251.5129646489352,0.00049938285,696.577778299725,0.0004999871,-0.010044932,-0.06932425
2195.1002300861996,7954.1177,5.31188,-0.0006818293,139340,1251.5128991388578,696.5780560486078,7122.7866,4.6252995,1160.485,1.4691025,7954.1177,5.31188,0,,,,,1251.5128991388578,0.00049929204,696.5780560486078,0.0004992429,-0.009430052,-0.068275325
2195.107174629135,7950.298,5.313614,-0.0006817277,139341,1251.5128106785116,696.579005920161,7118.834,4.6268096,1160.4319,1.4709194,7950.298,5.313614,0,,,,,1251.5128106785116,0.00050003355,696.579005920161,0.000499849,-0.009223503,-0.06705277
2195.1141191721294,7957.9897,5.317434,-0.0006816261,139342,1251.5111956750181,696.5787958937373,7125.618,4.6301355,1158.1931,1.4711039,7957.9897,5.317434,0,,,,,1251.5111956750181,0.00049963366,696.5787958937373,0.0004998443,-0.010450898,-0.067429915
2195.1210637150652,7950.362,5.3121166,-0.0006815245,139343,1251.5126873710367,696.5794799256761,7119.726,4.625506,1162.5731,1.4707203,7950.362,5.3121166,0,,,,,1251.5126873710367,0.00049957976,696.5794799256761,0.00049969007,-0.009526589,-0.06809801
2195.1280082580006,7954.5503,5.3128963,-0.00068142294,139344,1251.512746695262,696.5782714691319,7122.461,4.626185,1160.7958,1.4712689,7954.5503,5.3128963,0,,,,,1251.512746695262,0.0004996006,696.5782714691319,0.0004994387,-0.009106264,-0.06824167
2195.1349528009355,7954.4688,5.3127823,-0.00068132137,139345,1251.5122031800606,696.5795523477271,7123.3965,4.6260853,1159.7134,1.4704131,7954.4688,5.3127823,0,,,,,1251.5122031800606,0.0004993138,696.5795523477271,0.0004995097,-0.00984502,-0.06700239
2195.1418973438717,7965.3994,5.317045,-0.0006812198,139346,1251.5120275257611,696.5762323336351,7131.7554,4.6297975,1158.7706,1.4700589,7965.3994,5.317045,0,,,,,1251.5120275257611,0.0004988205,696.5762323336351,0.0004993784,-0.010588458,-0.06920833
2195.148841886807,7953.8403,5.3134665,-0.0006811182,139347,1251.5134074949494,696.5783764362271,7123.302,4.6266813,1159.7455,1.4703813,7953.8403,5.3134665,0,,,,,1251.5134074949494,0.00049956643,696.5783764362271,0.0004991703,-0.0084770555,-0.06660688
2195.1557864297424,7951.149,5.3127594,-0.00068101665,139348,1251.5124454936642,696.5778668959744,7120.035,4.6260657,1159.6116,1.4721955,7951.149,5.3127594,0,,,,,1251.5124454936642,0.0004992486,696.5778668959744,0.00049978,-0.010700636,-0.06970239
2195.1627309726778,7955.595,5.3137274,-0.0006809151,139349,1251.5120830197638,696.5790104288042,7124.622,4.626909,1157.9261,1.4692205,7955.595,5.3137274,0,,,,,1251.5120830197638,0.0004991124,696.5790104288042,0.0004993009,-0.009616343,-0.06710376
2195.169675515672,7957.862,5.3135805,-0.00068081345,139350,1251.5122917501944,696.5790580193968,7126.999,4.626781,1158.9956,1.4700782,7957.862,5.3135805,0,,,,,1251.5122917501944,0.0004993862,696.5790580193968,0.0004990645,-0.009766999,-0.06709127
2195.1766200586085,7947.8687,5.311773,-0.0006807119,139351,1251.5130860404365,696.5796591679785,7117.2617,4.6252065,1162.2429,1.4703902,7947.8687,5.311773,0,,,,,1251.5130860404365,0.0004996648,696.5796591679785,0.0004995272,-0.00884166,-0.06652541
2195.183564601544,7959.7427,5.3160315,-0.0006806103,139352,1251.5114621189473,696.5784344051353,7128.323,4.628915,1157.8018,1.4692488,7959.7427,5.3160315,0,,,,,1251.5114621189473,0.0004995255,696.5784344051353,0.0004996643,-0.010205097,-0.06790825
2195.190509144479,7947.3193,5.3110137,-0.00068050873,139353,1251.5131911749554,696.582054278952,7116.095,4.6245456,1159.1995,1.4694643,7947.3193,5.3110137,0,,,,,1251.5131911749554,0.0005000033,696.582054278952,0.0004998002,-0.008552689,-0.06582353
2195.1974536874154,7955.3247,5.3149858,-0.00068040716,139354,1251.5097461664247,696.5747727916633,7124.4375,4.628004,1158.2323,1.472364,7955.3247,5.3149858,0,,,,,1251.5097461664247,0.00049943774,696.5747727916633,0.0005000806,-0.012579724,-0.07257397
2195.2043982303503,7960.2456,5.3134394,-0.0006803056,139355,1251.5128802162158,696.5801851773199,7128.5635,4.6266575,1156.5609,1.4704317,7960.2456,5.3134394,0,,,,,1251.5128802162158,0.0004988105,696.5801851773199,0.0004991587,-0.009796952,-0.065772064
2195.211342773285,7952.9785,5.310716,-0.000680204,139356,1251.5117271415238,696.5776973494518,7121.868,4.6242867,1156.9979,1.4676586,7952.9785,5.310716,0,,,,,1251.5117271415238,0.00049923215,696.5776973494518,0.00049978954,-0.010756258,-0.06966441
2195.2182873162797,7947.798,5.310729,-0.0006801024,139357,1251.5114658545067,696.5785880993055,7117.27,4.6242976,1160.0481,1.4709694,7947.798,5.310729,0,,,,,1251.5114658545067,0.00049958564,696.5785880993055,0.0004996796,-0.01010996,-0.0683597
2195.2252318592155,7957.8384,5.312823,-0.0006800008,139358,1251.5131018731704,696.578622099994,7126.1357,4.6261206,1158.6967,1.4690925,7957.8384,5.312823,0,,,,,1251.5131018731704,0.0004991136,696.578622099994,0.0004992677,-0.009277092,-0.067970686
2195.2321764021513,7949.777,5.312755,-0.00067989924,139359,1251.5104203190608,696.5770998943597,7120.4634,4.626062,1160.1521,1.4712441,7949.777,5.312755,0,,,,,1251.5104203190608,0.00049932284,696.5770998943597,0.000499778,-0.011605714,-0.0699113
2195.2391209450866,7953.348,5.312862,-0.00067979767,139360,1251.5127712707035,696.5788665602453,7122.5386,4.6261544,1160.6085,1.4711342,7953.348,5.312862,0,,,,,1251.5127712707035,0.000499357,696.5788665602453,0.00049922784,-0.009809525,-0.06745342
2195.2460654880224,7963.287,5.3164716,-0.0006796961,139361,1251.5116133062108,696.5780691693853,7131.986,4.6292977,1158.5857,1.4695855,7963.287,5.3164716,0,,,,,1251.5116133062108,0.000498413,696.5780691693853,0.0004990934,-0.010618061,-0.068112865
2195.253010030958,7954.084,5.3140817,-0.0006795945,139362,1251.5119463049741,696.5807510137167,7120.8853,4.627217,1159.367,1.4703629,7954.084,5.3140817,0,,,,,1251.5119463049741,0.0004998829,696.5807510137167,0.00049974996,-0.009960369,-0.06583354
2195.2599545738935,7949.751,5.3136196,-0.00067949295,139363,1251.512479812624,696.5777368918375,7118.3955,4.626815,1160.3264,1.4710381,7949.751,5.3136196,0,,,,,1251.512479812624,0.00049993,696.5777368918375,0.0005001421,-0.009579581,-0.06972711
2195.266899116829,7954.848,5.3138156,-0.0006793914,139364,1251.5108492912748,696.5769832087018,7124.043,4.626985,1159.0665,1.4731363,7954.848,5.3138156,0,,,,,1251.5108492912748,0.00049918995,696.5769832087018,0.0004997438,-0.011528279,-0.0703397
2195.273843659765,7953.2314,5.313772,-0.0006792898,139365,1251.5107029700405,696.5767226502383,7123.769,4.6269474,1158.2866,1.4697635,7953.2314,5.313772,0,,,,,1251.5107029700405,0.0004989452,696.5767226502383,0.0004998116,-0.011160347,-0.06926084
2195.2807882027587,7954.1484,5.316051,-0.0006791882,139366,1251.511642020466,696.57789765513,7123.4487,4.628932,1161.0743,1.471378,7954.1484,5.316051,0,,,,,1251.511642020466,0.0004989186,696.57789765513,0.00049984234,-0.01059113,-0.067937694
2195.287732745694,7957.4263,5.315043,-0.0006790866,139367,1251.5110264815091,696.5772539197457,7127.0474,4.6280546,1161.0204,1.4723036,7957.4263,5.315043,0,,,,,1251.5110264815091,0.00049909094,696.5772539197457,0.00049977,-0.011426967,-0.07041013
2195.2946772886303,7951.4883,5.312506,-0.00067898503,139368,1251.511618187499,696.5785862864349,7121.803,4.6258454,1159.6016,1.4695796,7951.4883,5.312506,0,,,,,1251.511618187499,0.0004993113,696.5785862864349,0.0004994166,-0.009794066,-0.06799252
2195.301621831566,7946.177,5.311503,-0.00067888346,139369,1251.5111116113926,696.5780984475831,7116.996,4.6249714,1157.9786,1.4714683,7946.177,5.311503,0,,,,,1251.5111116113926,0.0004994173,696.5780984475831,0.0004994867,-0.01130582,-0.06812466
2195.308566374501,7954.4385,5.3126884,-0.0006787819,139370,1251.5122069516656,696.578356698477,7123.2246,4.626004,1160.4333,1.4694842,7954.4385,5.3126884,0,,,,,1251.5122069516656,0.0004993518,696.578356698477,0.0004992788,-0.010058408,-0.06819961
2195.3155109174363,7947.0806,5.311436,-0.0006786803,139371,1251.5107218170522,696.5765340368395,7116.9985,4.624913,1159.2191,1.4707377,7947.0806,5.311436,0,,,,,1251.5107218170522,0.000499356,696.5765340368395,0.0004997363,-0.011698394,-0.07030725
2195.322455460372,7959.3364,5.3144493,-0.00067857874,139372,1251.5128264007767,696.5779656887568,7128.362,4.6275373,1160.6082,1.4713454,7959.3364,5.3144493,0,,,,,1251.5128264007767,0.00049893174,696.5779656887568,0.0004990233,-0.010146782,-0.06852514
2195.329400003308,7956.8135,5.312772,-0.00067847717,139373,1251.510545814312,696.5771453947027,7126.518,4.626076,1158.1871,1.4682652,7956.8135,5.312772,0,,,,,1251.510545814312,0.0004989117,696.5771453947027,0.0004994656,-0.011091398,-0.07059832
2195.3363445462433,7955.317,5.315077,-0.0006783756,139374,1251.5106172775784,696.5779405034084,7124.7954,4.6280837,1157.5188,1.4699013,7955.317,5.315077,0,,,,,1251.5106172775784,0.0004988253,696.5779405034084,0.0005002314,-0.011978779,-0.070588835
2195.3432890891795,7949.537,5.3118033,-0.000678274,139375,1251.5108177026682,696.5772139474655,7118.7354,4.625233,1159.0717,1.4696007,7949.537,5.3118033,0,,,,,1251.5108177026682,0.0004993832,696.5772139474655,0.00049986335,-0.011013194,-0.06914387
2195.350233632173,7955.484,5.3136663,-0.0006781724,139376,1251.5133556062742,696.5798452217107,7123.027,4.6268554,1159.105,1.471357,7955.484,5.3136663,0,,,,,1251.5133556062742,0.00049975415,696.5798452217107,0.0004994113,-0.008977567,-0.06734488
2195.3571781751093,7956.482,5.312642,-0.0006780708,139377,1251.510915302539,696.5767812093513,7126.1235,4.6259637,1158.3771,1.4695643,7956.482,5.312642,0,,,,,1251.510915302539,0.000498891,696.5767812093513,0.0004994779,-0.011562072,-0.07137712
2195.364122718044,7945.184,5.3127913,-0.00067796925,139378,1251.5126133077547,696.5765755074842,7116.955,4.6260934,1158.5045,1.4718696,7945.184,5.3127913,0,,,,,1251.5126133077547,0.00049986085,696.5765755074842,0.00050011947,-0.010174398,-0.071144626
2195.37106726098,7943.797,5.3121634,-0.0006778677,139379,1251.5119355891109,696.578277385293,7114.0664,4.625547,1160.802,1.470372,7943.797,5.3121634,0,,,,,1251.5119355891109,0.00050004164,696.578277385293,0.00050033117,-0.010630269,-0.06912369
2195.378011803916,7960.4756,5.3137226,-0.0006777661,139380,1251.5109207843302,696.576114541246,7128.448,4.6269045,1159.9927,1.4695746,7960.4756,5.3137226,0,,,,,1251.5109207843302,0.00049899484,696.576114541246,0.0004994056,-0.011984235,-0.07035594
2195.3849563468507,7954.617,5.3153086,-0.00067766453,139381,1251.5116006089147,696.5766690615671,7124.378,4.6282854,1158.1671,1.4721395,7954.617,5.3153086,0,,,,,1251.5116006089147,0.0004991431,696.5766690615671,0.0004997374,-0.011484382,-0.07043136
2195.391900889787,7959.434,5.315682,-0.00067756296,139382,1251.5118362756853,696.5777204906303,7127.871,4.62861,1159.7936,1.4700483,7959.434,5.315682,0,,,,,1251.5118362756853,0.0004996116,696.5777204906303,0.00049948035,-0.010683517,-0.068370424
2195.398845432723,7949.152,5.3142138,-0.0006774614,139383,1251.5126108437598,696.578468395332,7118.8457,4.627332,1158.9985,1.4709353,7949.152,5.3142138,0,,,,,1251.5126108437598,0.0004995948,696.578468395332,0.0005003855,-0.009825995,-0.0700226
2195.405789975658,7946.755,5.3122554,-0.0006773598,139384,1251.5112965532098,696.5754140918101,7117.0225,4.625627,1162.2145,1.4713868,7946.755,5.3122554,0,,,,,1251.5112965532098,0.00049967703,696.5754140918101,0.0005004008,-0.011354442,-0.07221902
2195.412734518593,7955.1943,5.3122463,-0.00067725824,139385,1251.510940442411,696.577244912838,7122.978,4.6256185,1159.6829,1.4693949,7955.1943,5.3122463,0,,,,,1251.510940442411,0.0004993312,696.577244912838,0.0004997368,-0.011703554,-0.069152854
2195.4196790615297,7947.664,5.3139553,-0.00067715667,139386,1251.510916227263,696.5772423491657,7117.9717,4.627107,1159.2063,1.4707677,7947.664,5.3139553,0,,,,,1251.510916227263,0.0004993908,696.5772423491657,0.0005004481,-0.011251351,-0.069720075
2195.4266236044655,7944.4556,5.311738,-0.0006770551,139387,1251.5119745022773,696.5782095440688,7115.209,4.6251764,1160.7256,1.4724658,7944.4556,5.311738,0,,,,,1251.5119745022773,0.0004994315,696.5782095440688,0.0004999407,-0.009619337,-0.06936429
2195.433568147401,7951.48,5.313542,-0.0006769535,139388,1251.5104469157059,696.5768297883747,7120.8394,4.626747,1159.5438,1.4707998,7951.48,5.313542,0,,,,,1251.5104469157059,0.00049943133,696.5768297883747,0.0004999244,-0.012038051,-0.070112795
2195.4405126903357,7956.4004,5.3131857,-0.00067685195,139389,1251.5109017819236,696.5759776900418,7124.7607,4.626437,1160.8275,1.4698719,7956.4004,5.3131857,0,,,,,1251.5109017819236,0.0004988067,696.5759776900418,0.00049970456,-0.011914938,-0.071285866
2195.4474572332715,7958.765,5.314989,-0.0006767504,139390,1251.5125508795472,696.576766757278,7126.0376,4.628007,1161.1464,1.4700437,7958.765,5.314989,0,,,,,1251.5125508795472,0.0004993947,696.576766757278,0.00050003733,-0.010469457,-0.07046015
2195.4544017762078,7939.6396,5.315329,-0.0006766488,139391,1251.5109271921376,696.5762631001986,7111.0854,4.6283035,1160.1868,1.4751784,7939.6396,5.315329,0,,,,,1251.5109271921376,0.00050014636,696.5762631001986,0.0005011085,-0.01155064,-0.0721612
2195.461346319143,7949.085,5.3113365,-0.00067654724,139392,1251.511388878083,696.5760537335074,7120.075,4.6248264,1158.005,1.4692458,7949.085,5.3113365,0,,,,,1251.511388878083,0.00049918087,696.5760537335074,0.00049980683,-0.011625828,-0.070610285
2195.4682908620784,7956.182,5.3140597,-0.00067644566,139393,1251.5113273445454,696.5768986844654,7125.4316,4.627198,1161.0212,1.4698955,7956.182,5.3140597,0,,,,,1251.5113273445454,0.0004994936,696.5768986844654,0.00049959094,-0.011048069,-0.07011954
2195.4752354050147,7942.4453,5.309732,-0.0006763441,139394,1251.5108986136938,696.576112959709,7114.01,4.6234293,1157.3656,1.4710859,7942.4453,5.309732,0,,,,,1251.5108986136938,0.0004995203,696.576112959709,0.00049999665,-0.011969195,-0.07209184
2195.48217994795,7943.4243,5.310641,-0.0006762425,139395,1251.5112302544908,696.5762225400159,7114.5986,4.624221,1159.7701,1.4691793,7943.4243,5.310641,0,,,,,1251.5112302544908,0.0004996196,696.5762225400159,0.0005000943,-0.011251555,-0.07007517
2195.4891244908854,7950.197,5.313507,-0.00067614095,139396,1251.5111793604458,696.5759548252372,7120.4727,4.6267166,1158.472,1.4699019,7950.197,5.313507,0,,,,,1251.5111793604458,0.00049925136,696.5759548252372,0.00050013134,-0.011037076,-0.07035166
2195.4960690338216,7955.178,5.314001,-0.0006760394,139397,1251.51121075879,696.5766698155708,7124.0713,4.627147,1158.4159,1.4688178,7955.178,5.314001,0,,,,,1251.51121075879,0.0004996623,696.5766698155708,0.00049970846,-0.010456408,-0.06928311
2195.5030135767574,7943.5317,5.316194,-0.0006759378,139398,1251.5104496361973,696.5760263962835,7113.7554,4.6290565,1160.7615,1.4716343,7943.5317,5.316194,0,,,,,1251.5104496361973,0.0005004734,696.5760263962835,0.0005008274,-0.011239773,-0.070993446
2195.5099581196923,7946.6313,5.314423,-0.0006758362,139399,1251.511370772004,696.5769949121786,7117.635,4.6275144,1160.0277,1.4730741,7946.6313,5.314423,0,,,,,1251.511370772004,0.0004994937,696.5769949121786,0.00050016434,-0.010837715,-0.07096387
2195.5169026626277,7957.7095,5.3125973,-0.00067573466,139400,1251.510676379519,696.5767940276177,7126.5635,4.6259246,1158.2133,1.4693892,7957.7095,5.3125973,0,,,,,1251.510676379519,0.00049855595,696.5767940276177,0.00049952866,-0.011129694,-0.07055981
2195.5238472055635,7954.8584,5.311885,-0.0006756331,139401,1251.5109268015801,696.576633830757,7123.687,4.625304,1158.6157,1.4691658,7954.8584,5.311885,0,,,,,1251.5109268015801,0.0004989447,696.576633830757,0.00049972767,-0.011145022,-0.070397265
2195.5307917484993,7958.2407,5.3135486,-0.0006755315,139402,1251.5109925621637,696.5757135254538,7127.3936,4.626753,1158.6245,1.4714881,7958.2407,5.3135486,0,,,,,1251.5109925621637,0.0004986448,696.5757135254538,0.0004998085,-0.012048785,-0.071568914
2195.5377362914346,7950.694,5.312029,-0.00067542994,139403,1251.509817793538,696.5756436697867,7120.5386,4.6254296,1158.9961,1.4695556,7950.694,5.312029,0,,,,,1251.509817793538,0.0004991485,696.5756436697867,0.00049985293,-0.012813496,-0.07215376
2195.544680834371,7951.528,5.3113256,-0.00067532837,139404,1251.5110939762899,696.577179497699,7119.9165,4.6248174,1156.8203,1.4699153,7951.528,5.3113256,0,,,,,1251.5110939762899,0.0004992712,696.577179497699,0.0004998084,-0.010608471,-0.06988752
2195.551625377307,7937.0547,5.316084,-0.0006752268,139405,1251.5103821158616,696.575579698527,7110.0396,4.6289606,1170.6113,1.476199,7937.0547,5.316084,0,,,,,1251.5103821158616,0.00050053117,696.575579698527,0.00050088984,-0.012441226,-0.072099686
2195.5585699202425,7956.4214,5.312576,-0.0006751252,139406,1251.5114600049305,696.5756288973157,7126.1226,4.625906,1157.0289,1.4684312,7956.4214,5.312576,0,,,,,1251.5114600049305,0.00049913005,696.5756288973157,0.0004994163,-0.010761468,-0.071683794
2195.5655144631774,7948.6387,5.312549,-0.00067502365,139407,1251.5108146028438,696.576353607869,7119.508,4.6258826,1160.8821,1.4722065,7948.6387,5.312549,0,,,,,1251.5108146028438,0.0004992713,696.576353607869,0.00049982575,-0.011645497,-0.07143662
2195.572459006113,7944.9365,5.3103323,-0.0006749221,139408,1251.5112588750062,696.5771333086522,7115.336,4.6239524,1160.2256,1.4694035,7944.9365,5.3103323,0,,,,,1251.5112588750062,0.00049946696,696.5771333086522,0.0004999555,-0.011139446,-0.069198646
2195.579403549049,7947.719,5.312817,-0.0006748205,139409,1251.5097974751716,696.5754807640036,7118.555,4.626116,1159.0409,1.4739527,7947.719,5.312817,0,,,,,1251.5097974751716,0.00049932057,696.5754807640036,0.00049978786,-0.01224599,-0.07211371
2195.586348091984,7950.7856,5.312021,-0.00067471893,139410,1251.511622806925,696.5768979104578,7121.3784,4.6254225,1158.7251,1.4692774,7950.7856,5.312021,0,,,,,1251.511622806925,0.00049918465,696.5768979104578,0.0004997938,-0.01113746,-0.07110072
2195.593292634919,7956.0537,5.3131795,-0.00067461736,139411,1251.5105155062768,696.5758329922489,7126.122,4.6264315,1158.1329,1.4688829,7956.0537,5.3131795,0,,,,,1251.5105155062768,0.000499395,696.5758329922489,0.00049943966,-0.011822712,-0.07180501
2195.600237177855,7944.317,5.3110323,-0.0006745158,139412,1251.5116585867274,696.5758099153072,7115.8296,4.624562,1161.3033,1.4697541,7944.317,5.3110323,0,,,,,1251.5116585867274,0.0004995255,696.5758099153072,0.00050022494,-0.010662153,-0.07173101
2195.6071817207335,7947.3276,5.310318,-0.0006744143,139413,1251.5118771467303,696.5768466757282,7117.774,4.6239395,1158.0227,1.4695718,7947.3276,5.310318,0,,,,,1251.5118771467303,0.00049947464,696.5768466757282,0.00049966725,-0.010647131,-0.070549875
2195.614126263669,7953.668,5.3131847,-0.0006743127,139414,1251.5092278927298,696.5744985833204,7125.719,4.626436,1160.7405,1.4697944,7953.668,5.3131847,0,,,,,1251.5092278927298,0.0004988797,696.5744985833204,0.000499694,-0.012938899,-0.073367566
2195.6210708066046,7958.5254,5.3143983,-0.0006742111,139415,1251.5092103482875,696.5765506186452,7127.1104,4.627493,1158.8328,1.4695787,7958.5254,5.3143983,0,,,,,1251.5092103482875,0.0004993241,696.5765506186452,0.0004998135,-0.012913726,-0.07180138
2195.6280153495404,7949.509,5.312972,-0.00067410956,139416,1251.5114843939245,696.5768814604528,7118.472,4.626251,1157.9177,1.4706092,7949.509,5.312972,0,,,,,1251.5114843939245,0.00050001376,696.5768814604528,0.0004999511,-0.011421267,-0.06999702
2195.6349598924758,7953.4355,5.3127694,-0.000674008,139417,1251.5099449759539,696.5748162126214,7123.351,4.6260743,1159.5958,1.4696022,7953.4355,5.3127694,0,,,,,1251.5099449759539,0.00049882196,696.5748162126214,0.00049982517,-0.011781044,-0.073095
2195.6419044354107,7965.378,5.316711,-0.0006739064,139418,1251.5106657857953,696.5768251810994,7133.335,4.629506,1161.2743,1.4711585,7965.378,5.316711,0,,,,,1251.5106657857953,0.0004985513,696.5768251810994,0.0004993189,-0.011412312,-0.07046946
2195.6488489783465,7952.447,5.3129697,-0.00067380484,139419,1251.5109655159154,696.574489250946,7122.6987,4.6262484,1158.9081,1.4693756,7952.447,5.3129697,0,,,,,1251.5109655159154,0.0004991051,696.574489250946,0.00050001516,-0.011757718,-0.072704546
2195.655793521224,7956.876,5.315729,-0.0006737033,139420,1251.510274278329,696.5756386792352,7125.2407,4.6286516,1160.331,1.4706942,7956.876,5.315729,0,,,,,1251.510274278329,0.0004994659,696.5756386792352,0.0005000967,-0.012121299,-0.07123252
2195.6627380641594,7959.238,5.314319,-0.00067360175,139421,1251.5086674950085,696.5742626566933,7129.105,4.6274242,1159.5371,1.4707782,7959.238,5.314319,0,,,,,1251.5086674950085,0.000498604,696.5742626566933,0.0004995832,-0.012655415,-0.07305799
2195.669682607096,7947.717,5.3128405,-0.0006735002,139422,1251.5101971771596,696.5763129259993,7117.532,4.626137,1159.3512,1.4701499,7947.717,5.3128405,0,,,,,1251.5101971771596,0.0004997702,696.5763129259993,0.00050047634,-0.01241303,-0.07135105
2195.676627150032,7952.2534,5.312699,-0.0006733986,139423,1251.5115948947957,696.5766497496592,7121.7554,4.626013,1159.9879,1.4723481,7952.2534,5.312699,0,,,,,1251.5115948947957,0.0004991257,696.5766497496592,0.0005000081,-0.011199028,-0.07104084
2195.683571692967,7959.3975,5.313908,-0.00067329704,139424,1251.5088483656527,696.5753968636051,7130.351,4.627066,1158.9536,1.4683497,7959.3975,5.313908,0,,,,,1251.5088483656527,0.00049883313,696.5753968636051,0.0004996128,-0.013604174,-0.073232144
2195.690516235844,7942.1562,5.31354,-0.0006731955,139425,1251.5108483876702,696.5746207376709,7113.474,4.626745,1159.9725,1.4709294,7942.1562,5.31354,0,,,,,1251.5108483876702,0.0004997984,696.5746207376709,0.0005005513,-0.011072385,-0.07181975
2195.6974607787797,7963.7812,5.3148203,-0.00067309395,139426,1251.5097902214395,696.575360243303,7132.8726,4.62786,1159.3406,1.4695668,7963.7812,5.3148203,0,,,,,1251.5097902214395,0.00049887167,696.575360243303,0.0004989347,-0.012292031,-0.07206795
2195.7044053217155,7950.958,5.311517,-0.0006729924,139427,1251.511882799065,696.5748005900947,7121.55,4.624984,1160.3016,1.4689085,7950.958,5.311517,0,,,,,1251.511882799065,0.0004988851,696.5748005900947,0.00049950427,-0.0116677815,-0.0718814
2195.711349864651,7956.1035,5.313921,-0.0006728908,139428,1251.510291213612,696.5755038006788,7125.535,4.627077,1160.2307,1.4695241,7956.1035,5.313921,0,,,,,1251.510291213612,0.00049932126,696.5755038006788,0.00049973826,-0.012843522,-0.07269652
2195.718294407529,7957.804,5.314173,-0.0006727893,139429,1251.5103651832205,696.5751153663607,7127.99,4.6272964,1158.9297,1.4690237,7957.804,5.314173,0,,,,,1251.5103651832205,0.0004990182,696.5751153663607,0.0004996521,-0.011982984,-0.07128448
2195.7252389504642,7961.2593,5.3158145,-0.0006726877,139430,1251.5096300313414,696.5749350644114,7131.2866,4.628726,1161.2599,1.4707856,7961.2593,5.3158145,0,,,,,1251.5096300313414,0.0004987486,696.5749350644114,0.00049937895,-0.012582046,-0.07291072
2195.7321834934005,7952.1416,5.3126154,-0.00067258615,139431,1251.5107139932577,696.5735472047259,7121.607,4.6259403,1161.0847,1.4704423,7952.1416,5.3126154,0,,,,,1251.5107139932577,0.00049926003,696.5735472047259,0.00049984496,-0.013076725,-0.07416786
2195.7391280363354,7952.308,5.312805,-0.0006724846,139432,1251.5105544918445,696.575602034988,7122.1963,4.626106,1158.5208,1.4725498,7952.308,5.312805,0,,,,,1251.5105544918445,0.0004991718,696.575602034988,0.00049958343,-0.011465433,-0.07203185
2195.746072579213,7947.8003,5.3136706,-0.00067238306,139433,1251.5098335089035,696.5746041870665,7119.564,4.626859,1163.8883,1.4715593,7947.8003,5.3136706,0,,,,,1251.5098335089035,0.0004994192,696.5746041870665,0.00049989996,-0.012326317,-0.0723122
2195.753017122149,7955.707,5.3137326,-0.0006722815,139434,1251.5101331059077,696.574537444762,7126.5693,4.626913,1158.6578,1.4690871,7955.707,5.3137326,0,,,,,1251.5101331059077,0.00049889047,696.574537444762,0.00049969146,-0.012427219,-0.07377289
2195.7599616650837,7959.8184,5.3156176,-0.0006721799,139435,1251.5103158525399,696.5775968321708,7128.782,4.6285543,1159.1569,1.4714798,7959.8184,5.3156176,0,,,,,1251.5103158525399,0.0004991627,696.5775968321708,0.0004998313,-0.012123591,-0.07024486
2195.766906207961,7950.0117,5.3143706,-0.0006720784,139436,1251.509265403396,696.5729065965154,7120.685,4.6274686,1159.0883,1.4716133,7950.0117,5.3143706,0,,,,,1251.509265403396,0.00049932656,696.5729065965154,0.00050045166,-0.013390196,-0.07507584
2195.773850750897,7948.8027,5.311816,-0.0006719768,139437,1251.509442334097,696.5742183628267,7120.715,4.625244,1158.4725,1.4692675,7948.8027,5.311816,0,,,,,1251.509442334097,0.00049903215,696.5742183628267,0.0004998197,-0.013556801,-0.074105665
2195.7807952938333,7945.179,5.3111715,-0.00067187526,139438,1251.5109774087316,696.5755099873753,7116.933,4.624683,1160.4478,1.4691247,7945.179,5.3111715,0,,,,,1251.5109774087316,0.0004995154,696.5755099873753,0.00049997424,-0.011087356,-0.073056094
2195.7877398367104,7942.1406,5.312394,-0.00067177374,139439,1251.5102921265582,696.5751424809213,7113.9346,4.6257477,1159.6353,1.4707277,7942.1406,5.312394,0,,,,,1251.5102921265582,0.00049999537,696.5751424809213,0.00050015206,-0.012801298,-0.072799325
2195.794684379646,7955.3325,5.3157296,-0.00067167217,139440,1251.5099517031479,696.5737443418858,7125.201,4.628652,1158.4066,1.4712416,7955.3325,5.3157296,0,,,,,1251.5099517031479,0.00049985753,696.5737443418858,0.00050030346,-0.011936766,-0.07341453
2195.801628922581,7958.1465,5.3140497,-0.0006715706,139441,1251.5096881047932,696.5743901933366,7128.2056,4.627189,1159.3711,1.4695504,7958.1465,5.3140497,0,,,,,1251.5096881047932,0.00049887627,696.5743901933366,0.0004997466,-0.013470771,-0.073764466
2195.808573465459,7951.115,5.312585,-0.0006714691,139442,1251.5106176675401,696.5738373358046,7122.4067,4.6259136,1160.0338,1.4697993,7951.115,5.312585,0,,,,,1251.5106176675401,0.0004990979,696.5738373358046,0.0004997512,-0.012721625,-0.074083105
2195.815518008394,7947.6514,5.310692,-0.0006713675,139443,1251.509840418141,696.5739505921742,7118.146,4.624265,1159.2048,1.4694866,7947.6514,5.310692,0,,,,,1251.509840418141,0.00049920176,696.5739505921742,0.0005002495,-0.012507544,-0.074124485
2195.8224625512717,7952.257,5.312427,-0.000671266,139444,1251.5091844604292,696.5749636960537,7122.2593,4.6257763,1159.6191,1.4698987,7952.257,5.312427,0,,,,,1251.5091844604292,0.0004992759,696.5749636960537,0.0004999068,-0.011711655,-0.07217865
2195.829407094209,7953.8813,5.315494,-0.0006711644,139445,1251.510291915628,696.5741828116369,7122.954,4.628447,1160.535,1.4736862,7953.8813,5.315494,0,,,,,1251.510291915628,0.0004997915,696.5741828116369,0.0005000752,-0.0116875,-0.07384623
2195.8363516370855,7956.1455,5.313169,-0.0006710629,139446,1251.5105110203867,696.5747323345608,7127.097,4.6264224,1157.8962,1.4686323,7956.1455,5.313169,0,,,,,1251.5105110203867,0.00049883145,696.5747323345608,0.00049963227,-0.01221863,-0.073177114
2195.8432961800204,7949.4277,5.3148265,-0.00067096134,139447,1251.510568354892,696.57410445727,7120.7354,4.6278653,1158.5135,1.4719906,7949.4277,5.3148265,0,,,,,1251.510568354892,0.0004995595,696.57410445727,0.00050002383,-0.011761483,-0.07311543
2195.8502407228984,7951.2573,5.3158965,-0.0006708598,139448,1251.5086376175525,696.573738854189,7122.3115,4.6287975,1160.0251,1.4714739,7951.2573,5.3158965,0,,,,,1251.5086376175525,0.0004991817,696.573738854189,0.0005004226,-0.013716699,-0.07344191
2195.857185265834,7956.3057,5.3164496,-0.00067075825,139449,1251.5087675695224,696.5725992794868,7127.747,4.629279,1158.8209,1.4721184,7956.3057,5.3164496,0,,,,,1251.5087675695224,0.00049941853,696.5725992794868,0.00050013943,-0.014038479,-0.075521864
2195.864129808711,7950.2905,5.316528,-0.00067065674,139450,1251.510850853576,696.5746165170966,7121.124,4.629347,1159.3213,1.4731419,7950.2905,5.316528,0,,,,,1251.510850853576,0.00049939,696.5746165170966,0.00050046784,-0.011454778,-0.07229618
2195.8710743516463,7958.9956,5.3141913,-0.00067055516,139451,1251.5098475389843,696.5749118762594,7129.178,4.6273127,1157.76,1.4700463,7958.9956,5.3141913,0,,,,,1251.5098475389843,0.0004988338,696.5749118762594,0.00049943104,-0.013092467,-0.07311273
2195.8780188945243,7957.266,5.312717,-0.00067045365,139452,1251.5095752349196,696.573925887849,7126.7837,4.6260285,1157.614,1.4684459,7957.266,5.312717,0,,,,,1251.5095752349196,0.00049912377,696.573925887849,0.00049987936,-0.012934711,-0.07464786
2195.8849634374596,7962.523,5.314435,-0.0006703521,139453,1251.5094585670868,696.5741889309824,7131.9165,4.627525,1157.5698,1.4688365,7962.523,5.314435,0,,,,,1251.5094585670868,0.0004985993,696.5741889309824,0.00049955124,-0.012859829,-0.074557394
2195.8919079803377,7956.4985,5.3163095,-0.00067025056,139454,1251.5100320222361,696.5744548957302,7127.532,4.629157,1160.1667,1.4734185,7956.4985,5.3163095,0,,,,,1251.5100320222361,0.00049934466,696.5744548957302,0.0004997773,-0.012010474,-0.07403557
2195.898852523273,7957.499,5.314627,-0.000670149,139455,1251.5084132351947,696.5738702653438,7127.273,4.6276917,1161.5516,1.4701747,7957.499,5.314627,0,,,,,1251.5084132351947,0.0004991176,696.5738702653438,0.0005002074,-0.013960827,-0.07354097
2195.905797066151,7945.946,5.3120475,-0.0006700475,139456,1251.508863736756,696.5742049705617,7118.321,4.6254454,1160.8964,1.470134,7945.946,5.3120475,0,,,,,1251.508863736756,0.0004991816,696.5742049705617,0.00049979397,-0.0132214185,-0.07395703
2195.912741609086,7949.653,5.3121223,-0.0006699459,139457,1251.5081955063913,696.5745149016103,7121.4834,4.6255107,1156.302,1.4689802,7949.653,5.3121223,0,,,,,1251.5081955063913,0.0004991043,696.5745149016103,0.00050003343,-0.013789519,-0.07420764
2195.9196861519627,7952.481,5.314661,-0.0006698444,139458,1251.5101359459497,696.5735751933253,7123.517,4.6277213,1159.9366,1.4737005,7952.481,5.314661,0,,,,,1251.5101359459497,0.00049897464,696.5735751933253,0.00049998984,-0.013449478,-0.07464898
2195.9266306948407,7958.2744,5.3144956,-0.0006697429,139459,1251.5091703906562,696.5741323943898,7128.311,4.6275773,1158.6511,1.469443,7958.2744,5.3144956,0,,,,,1251.5091703906562,0.0004991249,696.5741323943898,0.0004999762,-0.012071205,-0.073551476
2195.933575237777,7945.884,5.3167863,-0.0006696413,139460,1251.5091396519783,696.5736602087405,7117.4893,4.629572,1163.4451,1.473612,7945.884,5.3167863,0,,,,,1251.5091396519783,0.00049973256,696.5736602087405,0.000501032,-0.012568646,-0.07422658
2195.940519780654,7949.3794,5.311905,-0.0006695398,139461,1251.5091857880618,696.5735103107771,7120.538,4.625322,1160.2687,1.4694711,7949.3794,5.311905,0,,,,,1251.5091857880618,0.0004991388,696.5735103107771,0.00049985485,-0.01344819,-0.07348823
2195.947464323532,7966.0083,5.316511,-0.0006694383,139462,1251.5083669052617,696.5727842227534,7135.31,4.629332,1160.1487,1.4700531,7966.0083,5.316511,0,,,,,1251.5083669052617,0.00049813394,696.5727842227534,0.0004995075,-0.014703879,-0.07536393
2195.9544088664675,7950.1533,5.316958,-0.0006693367,139463,1251.5096914559774,696.5743184146155,7121.657,4.6297216,1161.1016,1.4724302,7950.1533,5.316958,0,,,,,1251.5096914559774,0.0004997369,696.5743184146155,0.0005004823,-0.012783762,-0.07491799
2195.9613534093446,7952.7544,5.316951,-0.0006692352,139464,1251.5084953697265,696.5744649017925,7124.961,4.6297154,1162.0063,1.4712704,7952.7544,5.316951,0,,,,,1251.5084953697265,0.0004990753,696.5744649017925,0.0005003012,-0.013086537,-0.07389141
2195.9682979522217,7961.4883,5.315589,-0.0006691337,139465,1251.5092507921715,696.5746076981039,7132.01,4.628529,1161.4594,1.4699628,7961.4883,5.315589,0,,,,,1251.5092507921715,0.0004985267,696.5746076981039,0.00049976027,-0.012687017,-0.073880605
2195.975242495099,7960.738,5.3170776,-0.00066903216,139466,1251.5097586280297,696.5730542788518,7130.2856,4.629826,1160.2307,1.4730005,7960.738,5.3170776,0,,,,,1251.5097586280297,0.000498856,696.5730542788518,0.00050006976,-0.014064896,-0.074863054
2195.982187038035,7962.4683,5.314497,-0.0006689306,139467,1251.5086693870862,696.5731434645376,7131.996,4.6275787,1157.6604,1.4694858,7962.4683,5.314497,0,,,,,1251.5086693870862,0.0004985131,696.5731434645376,0.0004992454,-0.013988087,-0.07529301
2195.9891315809123,7959.292,5.315052,-0.0006688291,139468,1251.5099493804876,696.5734122908026,7129.6147,4.628062,1160.7975,1.4697851,7959.292,5.315052,0,,,,,1251.5099493804876,0.00049896777,696.5734122908026,0.00049953733,-0.012427969,-0.07414818
2195.9960761237894,7959.08,5.315195,-0.00066872756,139469,1251.50898682601,696.5743290666915,7128.565,4.6281867,1160.1611,1.4724534,7959.08,5.315195,0,,,,,1251.50898682601,0.00049869315,696.5743290666915,0.00049987115,-0.013998378,-0.07393448
2196.0030206666675,7948.8936,5.314057,-0.00066862605,139470,1251.508372807365,696.5734882686015,7120.7744,4.6271954,1160.7075,1.4713606,7948.8936,5.314057,0,,,,,1251.508372807365,0.0004992631,696.5734882686015,0.00050028035,-0.014400449,-0.07536944
2196.0099652096033,7955.3267,5.3139634,-0.0006685245,139471,1251.5101707063461,696.5749162223625,7126.3003,4.627114,1161.2213,1.4705087,7955.3267,5.3139634,0,,,,,1251.5101707063461,0.00049884734,696.5749162223625,0.00049970933,-0.012740933,-0.07310599
2196.01690975248,7958.454,5.320643,-0.00066842296,139472,1251.509018537493,696.5731783236388,7129.3403,4.6329308,1158.3348,1.4741838,7958.454,5.320643,0,,,,,1251.509018537493,0.0004990015,696.5731783236388,0.000500785,-0.013271465,-0.0751684
2196.023854295358,7957.9507,5.315792,-0.00066832145,139473,1251.5100333500654,696.5737669497342,7127.3364,4.6287065,1160.2805,1.4731658,7957.9507,5.315792,0,,,,,1251.5100333500654,0.00049893523,696.5737669497342,0.00050009723,-0.01262313,-0.07453502
2196.0307988382356,7951.6924,5.313279,-0.00066821993,139474,1251.5095045313246,696.5714537911177,7122.9746,4.6265182,1161.563,1.4707814,7951.6924,5.313279,0,,,,,1251.5095045313246,0.00049878645,696.5714537911177,0.00050013646,-0.013631804,-0.07643255
2196.0377433811127,7959.356,5.314298,-0.0006681184,139475,1251.5081372113711,696.5719005112978,7130.3853,4.6274056,1159.2936,1.4690952,7959.356,5.314298,0,,,,,1251.5081372113711,0.00049856375,696.5719005112978,0.0004998103,-0.0140996175,-0.07647671
2196.0446879239894,7952.732,5.312624,-0.0006680169,139476,1251.5089673568493,696.5742027400021,7123.503,4.6259475,1159.5261,1.469562,7952.732,5.312624,0,,,,,1251.5089673568493,0.0004989603,696.5742027400021,0.00050001475,-0.013964236,-0.073848255
2196.051632466868,7953.993,5.317926,-0.0006679154,139477,1251.5090685338664,696.5732853908422,7124.6055,4.630564,1159.6653,1.4722399,7953.993,5.317926,0,,,,,1251.5090685338664,0.0004995258,696.5732853908422,0.0005006668,-0.013431345,-0.07453775
2196.0585770097455,7958.1865,5.313874,-0.0006678139,139478,1251.5096181785404,696.5731961961694,7127.2876,4.627036,1160.4518,1.4696364,7958.1865,5.313874,0,,,,,1251.5096181785404,0.0004988792,696.5731961961694,0.0005000718,-0.012931394,-0.07533479
2196.0655215526226,7962.963,5.316573,-0.00066771236,139479,1251.509681097414,696.57263858809,7133.402,4.6293864,1161.6844,1.4722608,7962.963,5.316573,0,,,,,1251.509681097414,0.0004982478,696.57263858809,0.00049975404,-0.013809624,-0.07561215
2196.0724660954993,7964.5317,5.3171906,-0.00066761085,139480,1251.508908334244,696.5736607911655,7133.4995,4.629924,1159.252,1.470121,7964.5317,5.3171906,0,,,,,1251.508908334244,0.0004987996,696.5736607911655,0.0005000077,-0.013263376,-0.07507889
2196.079410638377,7953.3438,5.3157134,-0.00066750933,139481,1251.5076263722483,696.5729131679034,7124.7466,4.6286383,1160.7924,1.4703363,7953.3438,5.3157134,0,,,,,1251.5076263722483,0.0004988707,696.5729131679034,0.0005006185,-0.015388253,-0.0763635
2196.086355181255,7950.1865,5.3131537,-0.0006674078,139482,1251.509586953118,696.5726308699365,7122.577,4.626409,1161.3066,1.4710801,7950.1865,5.3131537,0,,,,,1251.509586953118,0.0004992659,696.5726308699365,0.00049999444,-0.0130312815,-0.07557945
2196.093299724132,7962.1294,5.3173456,-0.0006673063,139483,1251.5075096050934,696.5725753828367,7132.022,4.6300592,1161.6443,1.4713284,7962.1294,5.3173456,0,,,,,1251.5075096050934,0.00049879093,696.5725753828367,0.0004995789,-0.0149638085,-0.075448476
2196.100244267009,7950.9517,5.31989,-0.0006672048,139484,1251.508038467722,696.5735235122272,7122.7065,4.6322746,1161.5458,1.4742444,7950.9517,5.31989,0,,,,,1251.508038467722,0.0004997151,696.5735235122272,0.00050116703,-0.0141029535,-0.07568605
2196.1071888098872,7957.9834,5.3156004,-0.0006671033,139485,1251.5092233528615,696.573675196715,7128.252,4.6285396,1162.6848,1.4708979,7957.9834,5.3156004,0,,,,,1251.5092233528615,0.0004989281,696.573675196715,0.0004999875,-0.013359561,-0.07539689
2196.1141333527644,7958.78,5.315573,-0.00066700176,139486,1251.508787898789,696.5722345374309,7129.425,4.6285157,1161.8846,1.4705284,7958.78,5.315573,0,,,,,1251.508787898789,0.00049901276,696.5722345374309,0.00050020224,-0.013455866,-0.0764644
2196.1210778956415,7953.2344,5.314555,-0.00066690025,139487,1251.50742293181,696.5719615169369,7123.506,4.627629,1161.9027,1.4708625,7953.2344,5.314555,0,,,,,1251.50742293181,0.0004989965,696.5719615169369,0.0005004205,-0.0146558,-0.07644616
2196.128022438519,7960.619,5.3189173,-0.00066679873,139488,1251.5095073251214,696.5739523755185,7130.551,4.631428,1159.6925,1.4716293,7960.619,5.3189173,0,,,,,1251.5095073251214,0.0004989586,696.5739523755185,0.0005006123,-0.013105124,-0.07421592
2196.1349669813967,7955.6704,5.3150826,-0.0006666972,139489,1251.508600175629,696.5730917292273,7126.6665,4.628089,1161.9564,1.4701717,7955.6704,5.3150826,0,,,,,1251.508600175629,0.0004989382,696.5730917292273,0.00050007977,-0.013959183,-0.07535214
2196.141911524274,7949.885,5.3140993,-0.0006665957,139490,1251.5080245993206,696.5735041730537,7121.1665,4.6272326,1162.923,1.4716691,7949.885,5.3140993,0,,,,,1251.5080245993206,0.0004991759,696.5735041730537,0.000500663,-0.014621356,-0.076778226
2196.1488560670928,7957.4585,5.314259,-0.00066649425,139491,1251.5089619182932,696.5715810299939,7128.407,4.627372,1159.8546,1.4693503,7957.4585,5.314259,0,,,,,1251.5089619182932,0.0004987927,696.5715810299939,0.00049961556,-0.01418361,-0.076926604
2196.1558006099704,7956.4014,5.3163943,-0.00066639273,139492,1251.5087695106427,696.573576039896,7127.2954,4.629231,1162.4171,1.4735479,7956.4014,5.3163943,0,,,,,1251.5087695106427,0.0004989796,696.573576039896,0.00049977866,-0.013593308,-0.07513557
2196.162745152849,7956.6997,5.3173356,-0.0006662912,139493,1251.5094560237985,696.5715346987387,7128.2603,4.63005,1161.5813,1.4706868,7956.6997,5.3173356,0,,,,,1251.5094560237985,0.0004991426,696.5715346987387,0.0005007325,-0.013660363,-0.078012556
2196.1696896957255,7964.4194,5.3175573,-0.0006661897,139494,1251.507563025097,696.572125608125,7135.923,4.630244,1160.4692,1.4705483,7964.4194,5.3175573,0,,,,,1251.507563025097,0.00049893366,696.572125608125,0.0004998463,-0.014716511,-0.07716573
2196.176634238545,7948.437,5.31474,-0.00066608825,139495,1251.5089118139447,696.573745172996,7119.874,4.6277905,1164.4669,1.4731236,7948.437,5.31474,0,,,,,1251.5089118139447,0.00049915776,696.573745172996,0.00050029537,-0.014233852,-0.075367905
2196.1835787814225,7961.5845,5.317747,-0.00066598674,139496,1251.5078410679464,696.5710113682632,7131.721,4.6304083,1160.915,1.4710718,7961.5845,5.317747,0,,,,,1251.5078410679464,0.00049861503,696.5710113682632,0.0005004677,-0.015394018,-0.07816211
2196.190523324299,7954.608,5.314762,-0.0006658852,139497,1251.5081460373308,696.5732401196116,7126.198,4.6278095,1160.7046,1.4700619,7954.608,5.314762,0,,,,,1251.5081460373308,0.00049893244,696.5732401196116,0.00050017686,-0.014250837,-0.076196626
2196.1974678671763,7954.4644,5.315099,-0.0006657837,139498,1251.5091055537428,696.5706878273658,7126.4526,4.628103,1161.0542,1.4724063,7954.4644,5.315099,0,,,,,1251.5091055537428,0.00049891026,696.5706878273658,0.0005001464,-0.013259449,-0.07746019
2196.204412409996,7954.4536,5.316704,-0.00066568225,139499,1251.509311609675,696.5727106911595,7125.9644,4.6295004,1161.7511,1.4725996,7954.4536,5.316704,0,,,,,1251.509311609675,0.0004991237,696.5727106911595,0.00050034997,-0.013739248,-0.0755208
2196.211356952874,7956.8535,5.3153677,-0.00066558074,139500,1251.5091929271878,696.5727674443694,7127.1514,4.628337,1159.8196,1.4724896,7956.8535,5.3153677,0,,,,,1251.5091929271878,0.00049904094,696.5727674443694,0.00049997907,-0.013664792,-0.07507875
2196.218301495693,7961.724,5.3165846,-0.0006654793,139501,1251.5074518275371,696.5722963847022,7131.643,4.6293964,1161.2562,1.4715323,7961.724,5.3165846,0,,,,,1251.5074518275371,0.000498488,696.5722963847022,0.0004998436,-0.014624768,-0.07552132
2196.2252460385703,7952.713,5.315971,-0.00066537777,139502,1251.507484111245,696.570214275372,7125.488,4.628862,1161.1248,1.4713763,7952.713,5.315971,0,,,,,1251.507484111245,0.0004993798,696.570214275372,0.00050044694,-0.015026404,-0.078217655
2196.2321905814474,7959.481,5.3165765,-0.00066527625,139503,1251.5088918165147,696.573512652034,7130.0977,4.62939,1161.2859,1.4720064,7959.481,5.3165765,0,,,,,1251.5088918165147,0.0004989003,696.573512652034,0.0004999246,-0.01368299,-0.07467504
2196.2391351242672,7956.5093,5.3155994,-0.0006651748,139504,1251.5075859697292,696.5713093454002,7128.865,4.628539,1161.6569,1.470533,7956.5093,5.3155994,0,,,,,1251.5075859697292,0.00049891626,696.5713093454002,0.0005001292,-0.015242007,-0.077397525
2196.246079667144,7954.837,5.3156996,-0.0006650733,139505,1251.5094527894794,696.5720895725493,7126.4297,4.628626,1161.719,1.4725825,7954.837,5.3156996,0,,,,,1251.5094527894794,0.00049902475,696.5720895725493,0.0005001119,-0.013209042,-0.0763715
2196.2530242099633,7964.6934,5.317701,-0.0006649718,139506,1251.5082200242393,696.5704484925469,7135.3784,4.630368,1161.4901,1.4720136,7964.6934,5.317701,0,,,,,1251.5082200242393,0.0004980063,696.5704484925469,0.0004998533,-0.014753743,-0.077705406
2196.2599687528414,7952.044,5.3149257,-0.0006648703,139507,1251.5077334263435,696.5723561146872,7124.675,4.6279516,1160.9718,1.4712038,7952.044,5.3149257,0,,,,,1251.5077334263435,0.0004992871,696.5723561146872,0.0005002012,-0.014750509,-0.07656799
2196.2669132956603,7965.78,5.318065,-0.00066476886,139508,1251.508280694651,696.571389509343,7137.073,4.6306853,1162.714,1.4703089,7965.78,5.318065,0,,,,,1251.508280694651,0.0004985339,696.571389509343,0.000499793,-0.013972398,-0.07760038
2196.273857838479,7965.362,5.3164325,-0.0006646674,139509,1251.5079085062264,696.5718413429186,7134.736,4.629264,1160.5286,1.4695746,7965.362,5.3164325,0,,,,,1251.5079085062264,0.0004985657,696.5718413429186,0.000499584,-0.015390986,-0.076264516
2196.2808023813573,7957.227,5.315119,-0.0006645659,139510,1251.5091372874613,696.5699111488354,7127.3013,4.6281204,1162.1813,1.4715737,7957.227,5.315119,0,,,,,1251.5091372874613,0.00049910374,696.5699111488354,0.00050048344,-0.013954083,-0.07767114
2196.287746924176,7957.2524,5.3162103,-0.00066446443,139511,1251.5070268686327,696.5716975565462,7129.0044,4.6290708,1162.19,1.4711586,7957.2524,5.3162103,0,,,,,1251.5070268686327,0.00049895793,696.5716975565462,0.000500281,-0.0143286865,-0.07652589
2196.2946914670533,7954.963,5.320013,-0.0006643629,139512,1251.5075928469628,696.5719521913774,7127.2036,4.632382,1162.206,1.4733201,7954.963,5.320013,0,,,,,1251.5075928469628,0.00049956754,696.5719521913774,0.00050058117,-0.0140036,-0.07652937
2196.301636009873,7959.642,5.317163,-0.00066426146,139513,1251.5077125433058,696.5717788869455,7129.4785,4.6299,1159.9956,1.4708506,7959.642,5.317163,0,,,,,1251.5077125433058,0.0004998687,696.5717788869455,0.0005003321,-0.014915548,-0.07768845
2196.3085805526925,7953.9194,5.3153524,-0.00066416,139514,1251.5062203010252,696.5697855886445,7126.331,4.6283236,1162.1124,1.4730935,7953.9194,5.3153524,0,,,,,1251.5062203010252,0.000498945,696.5697855886445,0.00050052296,-0.015099133,-0.079144664
2196.315525095511,7959.6206,5.3166304,-0.00066405855,139515,1251.5086239676823,696.5722437413392,7130.83,4.629436,1161.6417,1.4716091,7959.6206,5.3166304,0,,,,,1251.5086239676823,0.0004988148,696.5722437413392,0.00050002255,-0.014544829,-0.07685127
2196.322469638389,7952.8325,5.314659,-0.00066395703,139516,1251.5082913491528,696.5725088347128,7124.47,4.62772,1162.707,1.4707881,7952.8325,5.314659,0,,,,,1251.5082913491528,0.00049910013,696.5725088347128,0.00050029054,-0.014484077,-0.07619776
2196.329414181208,7961.207,5.316349,-0.0006638556,139517,1251.5079710721734,696.5698657270881,7132.7046,4.6291914,1161.3428,1.4709994,7961.207,5.316349,0,,,,,1251.5079710721734,0.0004984317,696.5698657270881,0.00049986836,-0.014746448,-0.078119054
2196.336358724028,7952.9717,5.3138995,-0.0006637541,139518,1251.5072291853292,696.5714429511772,7125.644,4.627058,1159.4456,1.4696409,7952.9717,5.3138995,0,,,,,1251.5072291853292,0.0004986547,696.5714429511772,0.000500287,-0.014947431,-0.077902354
2196.3433032668463,7946.5107,5.3164062,-0.00066365267,139519,1251.5085883162428,696.5710951255774,7120.5205,4.629241,1163.0883,1.4738507,7946.5107,5.3164062,0,,,,,1251.5085883162428,0.00049921003,696.5710951255774,0.0005006416,-0.014282824,-0.07794263
2196.350247809665,7952.856,5.3180785,-0.0006635512,139520,1251.509186876504,696.5711251212839,7125.944,4.6306973,1162.248,1.4724847,7952.856,5.3180785,0,,,,,1251.509186876504,0.0004999655,696.5711251212839,0.00050046045,-0.013661652,-0.077377625
2196.357192352543,7974.455,5.3178163,-0.0006634497,139521,1251.5074335269287,696.5696844512686,7144.233,4.6304693,1158.937,1.4695754,7974.455,5.3178163,0,,,,,1251.5074335269287,0.0004977566,696.5696844512686,0.00049944053,-0.015242381,-0.07913611
2196.3641368953627,7957.3887,5.314713,-0.00066334824,139522,1251.5066884948242,696.5713690768924,7127.8057,4.6277666,1160.6189,1.4702277,7957.3887,5.314713,0,,,,,1251.5066884948242,0.0004986897,696.5713690768924,0.0005003403,-0.016041389,-0.0768667
2196.3710814381816,7956.6646,5.3140054,-0.0006632468,139523,1251.5089266956388,696.57125588853,7127.8584,4.6271505,1160.5343,1.4703547,7956.6646,5.3140054,0,,,,,1251.5089266956388,0.0004988306,696.57125588853,0.00050013536,-0.013453448,-0.07699562
2196.3780259810014,7961.6914,5.3153234,-0.0006631453,139524,1251.5082327917298,696.5714093628391,7133.579,4.628298,1159.7157,1.4703641,7961.6914,5.3153234,0,,,,,1251.5082327917298,0.00049856375,696.5714093628391,0.0004996757,-0.0146267535,-0.07810144
2196.3849705238204,7953.225,5.314811,-0.0006630439,139525,1251.5068844382672,696.5694648072847,7126.2524,4.6278524,1161.7765,1.4720438,7953.225,5.314811,0,,,,,1251.5068844382672,0.00049881404,696.5694648072847,0.0005002984,-0.015991447,-0.08072834
2196.3919150666393,7958.931,5.3174415,-0.0006629424,139526,1251.5077613323929,696.5709867457578,7131.1714,4.630142,1161.3031,1.4712794,7958.931,5.3174415,0,,,,,1251.5077613323929,0.0004987242,696.5709867457578,0.00050036045,-0.01461277,-0.07761526
2196.398859609458,7954.2886,5.3142424,-0.00066284096,139527,1251.5074751912696,696.5715696146647,7126.757,4.6273565,1161.8136,1.470083,7954.2886,5.3142424,0,,,,,1251.5074751912696,0.0004984122,696.5715696146647,0.000499925,-0.015049136,-0.07784581
2196.405804152277,7958.0024,5.31992,-0.0006627395,139528,1251.5061334169957,696.5703515299673,7131.503,4.6323013,1159.9113,1.4748284,7958.0024,5.31992,0,,,,,1251.5061334169957,0.00049887906,696.5703515299673,0.00050070626,-0.01634203,-0.078933954
2196.412748695097,7965.2056,5.3167396,-0.00066263805,139529,1251.5080654679812,696.5714899998485,7136.5024,4.6295314,1160.0377,1.4709377,7965.2056,5.3167396,0,,,,,1251.5080654679812,0.00049818057,696.5714899998485,0.000499586,-0.015621849,-0.07725426
2196.419693237917,7957.495,5.31484,-0.0006625366,139530,1251.5069791082212,696.5701339946378,7130.773,4.627877,1159.9764,1.4697864,7957.495,5.31484,0,,,,,1251.5069791082212,0.00049840903,696.5701339946378,0.0004998174,-0.015645057,-0.07859341
2196.426637780677,7948.4336,5.3178535,-0.0006624352,139531,1251.508500105434,696.5709791410596,7122.2334,4.6305013,1163.6182,1.4724039,7948.4336,5.3178535,0,,,,,1251.508500105434,0.0004991742,696.5709791410596,0.00050080323,-0.014458404,-0.0780436
2196.4335823234965,7952.992,5.3150544,-0.00066233374,139532,1251.5070244243577,696.5711284166791,7126.642,4.628064,1160.8041,1.4721398,7952.992,5.3150544,0,,,,,1251.5070244243577,0.0004990252,696.5711284166791,0.00050023256,-0.015861189,-0.079523504
2196.440526866316,7965.7524,5.3175945,-0.0006622323,139533,1251.506676278,696.570940478532,7136.512,4.6302757,1160.7941,1.4703251,7965.7524,5.3175945,0,,,,,1251.506676278,0.00049847446,696.570940478532,0.0004998423,-0.015348822,-0.078739695
2196.4474714091343,7952.3594,5.3145337,-0.0006621308,139534,1251.5070027715492,696.5696371484613,7124.458,4.6276107,1160.4368,1.4726927,7952.3594,5.3145337,0,,,,,1251.5070027715492,0.0004989532,696.5696371484613,0.0005007547,-0.015414556,-0.079561114
2196.454415951954,7959.665,5.317716,-0.0006620294,139535,1251.5065665892241,696.5702926137599,7131.3228,4.6303816,1159.7179,1.4710206,7959.665,5.317716,0,,,,,1251.5065665892241,0.00049907906,696.5702926137599,0.0004999787,-0.015944201,-0.07779704
2196.4613604947153,7962.0566,5.317116,-0.000661928,139536,1251.5078343553523,696.5713509838812,7133.6104,4.629859,1159.359,1.4706476,7962.0566,5.317116,0,,,,,1251.5078343553523,0.0004988019,696.5713509838812,0.00049967767,-0.015160197,-0.07848124
2196.4683050375347,7950.5054,5.3128877,-0.0006618265,139537,1251.50726813231,696.5712263937523,7122.716,4.626178,1159.0687,1.4690824,7950.5054,5.3128877,0,,,,,1251.50726813231,0.00049911294,696.5712263937523,0.0005005214,-0.014833505,-0.07737611
2196.4752495803536,7948.888,5.314263,-0.00066172506,139538,1251.5062932557212,696.5691464760931,7120.288,4.6273746,1164.5769,1.471317,7948.888,5.314263,0,,,,,1251.5062932557212,0.0004994266,696.5691464760931,0.00050095515,-0.015462956,-0.079929635
2196.482194123115,7964.6274,5.316516,-0.00066162366,139539,1251.5073501689528,696.5702010527045,7136.468,4.629337,1159.2029,1.4689487,7964.6274,5.316516,0,,,,,1251.5073501689528,0.0004986404,696.5702010527045,0.0004996808,-0.015537921,-0.08061564
2196.489138665934,7951.993,5.31781,-0.0006615222,139540,1251.5077441709982,696.5708884637221,7124.628,4.6304636,1158.7513,1.4737542,7951.993,5.31781,0,,,,,1251.5077441709982,0.0004987649,696.5708884637221,0.00050091604,-0.015726676,-0.07784784
2196.496083208695,7956.519,5.3145833,-0.0006614208,139541,1251.5062513057,696.5707824808036,7129.485,4.6276536,1160.5126,1.4695227,7956.519,5.3145833,0,,,,,1251.5062513057,0.0004986102,696.5707824808036,0.0005002611,-0.015255179,-0.07899282
2196.5030277515134,7945.891,5.313194,-0.00066131935,139542,1251.5067063117508,696.5702798880479,7120.3867,4.626444,1159.0941,1.4708267,7945.891,5.313194,0,,,,,1251.5067063117508,0.00049909094,696.5702798880479,0.0005004514,-0.016233413,-0.079021335
2196.5099722942746,7959.431,5.3153725,-0.00066121796,139543,1251.5057456236584,696.5680214165351,7129.0166,4.628341,1158.3593,1.4688659,7959.431,5.3153725,0,,,,,1251.5057456236584,0.0004986846,696.5680214165351,0.00050119247,-0.01637762,-0.08156258
2196.5169168370944,7956.564,5.3168344,-0.0006611165,139544,1251.5059853321202,696.5709232792931,7129.6064,4.6296144,1159.4926,1.4712198,7956.564,5.3168344,0,,,,,1251.5059853321202,0.0004991372,696.5709232792931,0.0005005417,-0.015513631,-0.07893649
2196.523861379855,7955.1167,5.3151765,-0.0006610151,139545,1251.5069853270415,696.56820591472,7129.2544,4.6281705,1157.3589,1.4724635,7955.1167,5.3151765,0,,,,,1251.5069853270415,0.00049870525,696.56820591472,0.00050044677,-0.016018797,-0.08065953
2196.530805922675,7959.215,5.314649,-0.00066091365,139546,1251.5097425128638,696.5712679017647,7131.4224,4.6277113,1159.9473,1.4696553,7959.215,5.314649,0,,,,,1251.5097425128638,0.000498548,696.5712679017647,0.0004998819,-0.013566065,-0.076885596
2196.537750465436,7965.513,5.319899,-0.00066081225,139547,1251.5045250682033,696.5682781367548,7137.3286,4.6322827,1158.7007,1.4728659,7965.513,5.319899,0,,,,,1251.5045250682033,0.0004981217,696.5682781367548,0.0005004274,-0.017377025,-0.08179844
2196.5446950082546,7956.5747,5.3153706,-0.0006607108,139548,1251.506798762915,696.5686002604428,7129.3276,4.6283393,1162.2812,1.4703106,7956.5747,5.3153706,0,,,,,1251.506798762915,0.0004986486,696.5686002604428,0.0004999262,-0.015683975,-0.07954922
2196.5516395510153,7954.4404,5.3180065,-0.0006606094,139549,1251.5070042448313,696.5699009141134,7127.9556,4.630635,1161.8998,1.4710484,7954.4404,5.3180065,0,,,,,1251.5070042448313,0.00049879187,696.5699009141134,0.00050051545,-0.015944256,-0.079208344
2196.5585840937765,7960.362,5.3157563,-0.000660508,139550,1251.506208211365,696.5698662574961,7132.627,4.628675,1160.6088,1.4714607,7960.362,5.3157563,0,,,,,1251.506208211365,0.00049852446,696.5698662574961,0.0004997723,-0.015914436,-0.08007625
2196.5655286365377,7950.0864,5.3149805,-0.0006604066,139551,1251.5075471619575,696.5705291140151,7123.872,4.6279993,1161.1573,1.4715401,7950.0864,5.3149805,0,,,,,1251.5075471619575,0.00049880805,696.5705291140151,0.0005002625,-0.015206988,-0.07859591
2196.5724731793566,7940.558,5.3110466,-0.00066030514,139552,1251.5069707603761,696.5689169089818,7115.457,4.624574,1161.8031,1.4702576,7940.558,5.3110466,0,,,,,1251.5069707603761,0.0004988183,696.5689169089818,0.000500798,-0.016397584,-0.08041613
2196.5794177221187,7945.8037,5.315614,-0.00066020375,139553,1251.5074133790654,696.5698810471783,7119.5806,4.628552,1161.0177,1.4721016,7945.8037,5.315614,0,,,,,1251.5074133790654,0.00049950444,696.5698810471783,0.00050115254,-0.015699532,-0.07952925
2196.58636226488,7960.0283,5.3145723,-0.00066010235,139554,1251.5060537259697,696.5681003222898,7132.209,4.6276445,1158.01,1.4683062,7960.0283,5.3145723,0,,,,,1251.5060537259697,0.00049852935,696.5681003222898,0.0005000894,-0.017040031,-0.08066997
2196.5933068076406,7956.4175,5.3138895,-0.00066000095,139555,1251.50682812625,696.5686174149986,7128.0527,4.62705,1159.3177,1.469336,7956.4175,5.3138895,0,,,,,1251.50682812625,0.00049852935,696.5686174149986,0.0005006094,-0.015881203,-0.08110493
2196.600251350401,7956.7095,5.313721,-0.00065989955,139556,1251.5062686252113,696.5689779765557,7130.2856,4.626903,1158.9045,1.4690579,7956.7095,5.313721,0,,,,,1251.5062686252113,0.0004984273,696.5689779765557,0.00049987936,-0.015631393,-0.08038489
2196.607195893162,7951.864,5.315932,-0.00065979816,139557,1251.507127912882,696.5693363072543,7124.108,4.628828,1158.7965,1.4708099,7951.864,5.315932,0,,,,,1251.507127912882,0.00049901183,696.5693363072543,0.00050080003,-0.015751688,-0.079991125
2196.614140435923,7947.756,5.3157997,-0.00065969676,139558,1251.5068183986605,696.5686566039057,7122.99,4.628713,1161.6097,1.4715314,7947.756,5.3157997,0,,,,,1251.5068183986605,0.0004997121,696.5686566039057,0.0005007081,-0.01624025,-0.08028688
2196.6210849786835,7950.804,5.3127837,-0.00065959536,139559,1251.5078116678346,696.569433415826,7124.5884,4.6260867,1157.6637,1.4705834,7950.804,5.3127837,0,,,,,1251.5078116678346,0.00049868465,696.569433415826,0.0005002567,-0.015138254,-0.08001281
2196.628029521445,7957.3237,5.314913,-0.00065949396,139560,1251.5060335258613,696.5688357896767,7130.8335,4.62794,1158.4054,1.4715141,7957.3237,5.314913,0,,,,,1251.5060335258613,0.00049841485,696.5688357896767,0.00049997715,-0.016144788,-0.0807996
2196.6349740642067,7944.9907,5.3108525,-0.00065939256,139561,1251.507282349148,696.5691016163461,7119.3223,4.6244054,1157.9895,1.4688025,7944.9907,5.3108525,0,,,,,1251.507282349148,0.0004987271,696.5691016163461,0.0005002943,-0.015559212,-0.07991268
2196.6419186069675,7956.0083,5.313328,-0.00065929117,139562,1251.5057741959283,696.5693010934285,7129.443,4.62656,1157.2587,1.4688636,7956.0083,5.313328,0,,,,,1251.5057741959283,0.00049835833,696.5693010934285,0.00049982575,-0.016907394,-0.08105069
2196.648863149728,7964.189,5.3160405,-0.00065918977,139563,1251.5059125007149,696.5698775018988,7135.855,4.6289225,1158.9639,1.4697894,7964.189,5.3160405,0,,,,,1251.5059125007149,0.0004978638,696.5698775018988,0.0005000707,-0.01693477,-0.0808396
2196.6558076924894,7953.2974,5.3125052,-0.0006590884,139564,1251.506547015714,696.5694412744541,7126.3545,4.625844,1158.168,1.468867,7953.2974,5.3125052,0,,,,,1251.506547015714,0.00049842906,696.5694412744541,0.0005001752,-0.016370496,-0.079802506
2196.6627522352505,7950.814,5.3145146,-0.000658987,139565,1251.507875567918,696.5688636096348,7125.2485,4.627594,1158.9194,1.4721322,7950.814,5.3145146,0,,,,,1251.507875567918,0.00049875636,696.5688636096348,0.00050043565,-0.014792019,-0.080630675
2196.669696777953,7947.8784,5.3133426,-0.00065888563,139566,1251.5061602726423,696.5695600262709,7121.527,4.626573,1161.1671,1.4703424,7947.8784,5.3133426,0,,,,,1251.5061602726423,0.0004989414,696.5695600262709,0.00050069945,-0.01667444,-0.080896236
2196.676641320714,7948.818,5.316624,-0.00065878424,139567,1251.506538129839,696.5687315582717,7122.129,4.629431,1159.1796,1.475006,7948.818,5.316624,0,,,,,1251.506538129839,0.0004992554,696.5687315582717,0.00050095463,-0.016686957,-0.08081118
2196.6835858634754,7950.837,5.3154283,-0.00065868284,139568,1251.5065439287064,696.5694926287952,7124.5146,4.62839,1157.9274,1.4703856,7950.837,5.3154283,0,,,,,1251.5065439287064,0.00049992907,696.5694926287952,0.0005003735,-0.01552526,-0.07986827
2196.690530406179,7945.1494,5.312099,-0.0006585815,139569,1251.504948545278,696.5689777457965,7119.716,4.62549,1160.6086,1.4701377,7945.1494,5.312099,0,,,,,1251.504948545278,0.0004987685,696.5689777457965,0.00050043594,-0.016991809,-0.080326654
2196.697474948939,7954.099,5.3151484,-0.0006584801,139570,1251.5064946830964,696.5690627310879,7128.0215,4.6281457,1159.4318,1.4728197,7954.099,5.3151484,0,,,,,1251.5064946830964,0.0004981113,696.5690627310879,0.0005003053,-0.016326783,-0.08049035
2196.704419491641,7956.3477,5.3148556,-0.00065837876,139571,1251.5060144362565,696.5674662722352,7129.859,4.627891,1159.5804,1.4702641,7956.3477,5.3148556,0,,,,,1251.5060144362565,0.0004986178,696.5674662722352,0.0005002113,-0.017022131,-0.08081329
2196.711364034403,7951.943,5.311749,-0.00065827736,139572,1251.507766344961,696.5676117177579,7124.952,4.6251855,1158.731,1.4686035,7951.943,5.311749,0,,,,,1251.507766344961,0.0004984984,696.5676117177579,0.00050021027,-0.014700102,-0.08056517
2196.7183085771635,7944.6875,5.313284,-0.00065817597,139573,1251.5060444439769,696.567764033481,7119.278,4.6265225,1159.9135,1.4735595,7944.6875,5.313284,0,,,,,1251.5060444439769,0.00049896765,696.567764033481,0.00050067547,-0.016354352,-0.08157984
2196.725253119867,7948.564,5.312718,-0.0006580746,139574,1251.5063930686474,696.5679670024882,7123.4824,4.6260295,1157.9005,1.4695895,7948.564,5.312718,0,,,,,1251.5063930686474,0.0004990572,696.5679670024882,0.00050038536,-0.016475908,-0.08139054
2196.73219766257,7959.9976,5.315475,-0.0006579733,139575,1251.5076728692752,696.5710899047265,7131.8594,4.6284304,1158.6582,1.4713762,7959.9976,5.315475,0,,,,,1251.5076728692752,0.0004982225,696.5710899047265,0.00050001696,-0.015129596,-0.078114666
2196.739142205331,7961.6777,5.3166327,-0.0006578719,139576,1251.5041842467751,696.565742408382,7135.235,4.6294384,1157.2368,1.470521,7961.6777,5.3166327,0,,,,,1251.5041842467751,0.0004983587,696.565742408382,0.0005006023,-0.018197034,-0.08515501
2196.7460867480336,7961.672,5.317187,-0.00065777055,139577,1251.5054236111127,696.5704528475283,7133.792,4.629921,1159.2606,1.469763,7961.672,5.317187,0,,,,,1251.5054236111127,0.0004985713,696.5704528475283,0.00050015055,-0.017102974,-0.07888943
2196.753031290736,7955.8413,5.3143325,-0.0006576692,139578,1251.5068712000943,696.5675612082317,7130.7207,4.627435,1156.3138,1.4692801,7955.8413,5.3143325,0,,,,,1251.5068712000943,0.00049842795,696.5675612082317,0.0004997667,-0.016081223,-0.08106179
2196.759975833497,7955.4546,5.317836,-0.0006575678,139579,1251.5070476701974,696.5688627129344,7129.6416,4.630486,1159.8652,1.4717523,7955.4546,5.317836,0,,,,,1251.5070476701974,0.0004986532,696.5688627129344,0.0005003574,-0.015928237,-0.08056273
2196.7669203762002,7953.275,5.315134,-0.0006574665,139580,1251.5048161545599,696.5678635955354,7127.631,4.628134,1157.4927,1.4695613,7953.275,5.315134,0,,,,,1251.5048161545599,0.0004990624,696.5678635955354,0.0005004696,-0.017521733,-0.08162153
2196.7738649189027,7952.672,5.312605,-0.00065736513,139581,1251.5062943732687,696.5679430252428,7126.3877,4.6259313,1159.0312,1.4689,7952.672,5.312605,0,,,,,1251.5062943732687,0.00049822446,696.5679430252428,0.0005000196,-0.016769756,-0.081497155
2196.7808094616053,7949.797,5.312104,-0.0006572638,139582,1251.5068348213308,696.5679492688411,7124.114,4.6254954,1157.1732,1.4690841,7949.797,5.312104,0,,,,,1251.5068348213308,0.00049848994,696.5679492688411,0.0004999881,-0.016969075,-0.080985755
2196.7877540043087,7955.5615,5.315703,-0.00065716245,139583,1251.5076926098643,696.5695522349049,7129.2925,4.6286287,1159.4281,1.4700896,7955.5615,5.315703,0,,,,,1251.5076926098643,0.00049850345,696.5695522349049,0.0005004564,-0.014949521,-0.07963723
2196.7946985470116,7955.7114,5.3139887,-0.0006570611,139584,1251.5041316971506,696.5666715396804,7128.7383,4.627136,1159.6625,1.4690464,7955.7114,5.3139887,0,,,,,1251.5041316971506,0.0004981689,696.5666715396804,0.00050038996,-0.0184654,-0.083444156
2196.8016430897137,7946.588,5.3145957,-0.0006569598,139585,1251.5086881916368,696.568805029817,7119.5137,4.6276646,1160.4983,1.4709883,7946.588,5.3145957,0,,,,,1251.5086881916368,0.0004991128,696.568805029817,0.00050083565,-0.013920371,-0.08023444
2196.808587632417,7952.9946,5.3162017,-0.00065685844,139586,1251.5046258237803,696.5658604609363,7127.025,4.629063,1158.3158,1.4726456,7952.9946,5.3162017,0,,,,,1251.5046258237803,0.00049856276,696.5658604609363,0.0005009661,-0.018776285,-0.08481253
2196.8155321751196,7959.1797,5.315435,-0.0006567571,139587,1251.5073095654095,696.5684096039228,7131.32,4.6283956,1157.2695,1.471103,7959.1797,5.315435,0,,,,,1251.5073095654095,0.0004988778,696.5684096039228,0.00049985904,-0.01593335,-0.08101775
2196.822476717823,7947.5786,5.3147163,-0.00065665576,139588,1251.5053652416232,696.5665873218744,7120.96,4.62777,1159.8799,1.4705483,7947.5786,5.3147163,0,,,,,1251.5053652416232,0.0004989558,696.5665873218744,0.0005014675,-0.017077431,-0.083803155
2196.829421260525,7951.5293,5.3129654,-0.0006565544,139589,1251.5052171387729,696.5687501396645,7125.104,4.626245,1159.2566,1.4700102,7951.5293,5.3129654,0,,,,,1251.5052171387729,0.00049838686,696.5687501396645,0.00050046435,-0.017754462,-0.08048378
2196.836365803228,7949.2344,5.3118644,-0.0006564531,139590,1251.507357950906,696.5689706033075,7121.7334,4.625286,1158.5835,1.469212,7949.2344,5.3118644,0,,,,,1251.507357950906,0.0004991334,696.5689706033075,0.0005005092,-0.015565077,-0.080573976
2196.8433103459315,7943.5317,5.3139486,-0.00065635174,139591,1251.5045674625308,696.5656118194728,7120.2383,4.6271014,1160.447,1.4710231,7943.5317,5.3139486,0,,,,,1251.5045674625308,0.0004987197,696.5656118194728,0.00050100003,-0.018770074,-0.08531008
2196.850254888634,7952.168,5.31353,-0.0006562504,139592,1251.506568883093,696.5685707799964,7126.6587,4.6267366,1160.3169,1.4700978,7952.168,5.31353,0,,,,,1251.506568883093,0.00049846445,696.5685707799964,0.0004999159,-0.01669977,-0.080794856
2196.8571994312783,7959.011,5.3158245,-0.0006561491,139593,1251.5066210736159,696.5667880692282,7132.5146,4.6287346,1158.3137,1.4697635,7959.011,5.3158245,0,,,,,1251.5066210736159,0.0004984224,696.5667880692282,0.0005000442,-0.016596852,-0.0823713
2196.8641439739818,7950.3057,5.3129196,-0.0006560478,139594,1251.5056456049917,696.566639630179,7125.2397,4.6262054,1159.1011,1.4692856,7950.3057,5.3129196,0,,,,,1251.5056456049917,0.0004984838,696.566639630179,0.0005001301,-0.017459014,-0.0817876
2196.8710885166843,7953.6353,5.314369,-0.00065594644,139595,1251.5062112544147,696.5675690173642,7127.9956,4.627467,1158.6417,1.4692703,7953.6353,5.314369,0,,,,,1251.5062112544147,0.0004983718,696.5675690173642,0.0005002604,-0.017907446,-0.083160646
2196.8780330593286,7950.614,5.314106,-0.00065584516,139596,1251.505319095747,696.5665316733696,7126.3096,4.6272383,1157.5103,1.4726304,7950.614,5.314106,0,,,,,1251.505319095747,0.0004982021,696.5665316733696,0.00050028274,-0.018048882,-0.08252965
2196.8849776020315,7948.7217,5.316427,-0.0006557438,139597,1251.5068032025752,696.5679169883507,7121.5615,4.629259,1159.0902,1.4729124,7948.7217,5.316427,0,,,,,1251.5068032025752,0.0004992118,696.5679169883507,0.0005012676,-0.016297918,-0.08142325
2196.8919221446763,7962.119,5.315156,-0.00065564254,139598,1251.5051994370815,696.5666919933951,7134.1387,4.6281524,1158.7051,1.4691945,7962.119,5.315156,0,,,,,1251.5051994370815,0.00049837545,696.5666919933951,0.0005000407,-0.017586716,-0.08191257
2196.898866687379,7952.8335,5.313047,-0.0006555412,139599,1251.5072773669417,696.5689387544805,7125.182,4.6263165,1158.1117,1.4688824,7952.8335,5.313047,0,,,,,1251.5072773669417,0.0004984112,696.5689387544805,0.00050055195,-0.015688954,-0.08026778
2196.905811230023,7941.405,5.311332,-0.0006554399,139600,1251.5044672790973,696.5644321209315,7116.372,4.6248226,1159.6261,1.4707394,7941.405,5.311332,0,,,,,1251.5044672790973,0.00049863575,696.5644321209315,0.0005013997,-0.018541805,-0.085524075
2196.912755772668,7946.958,5.313181,-0.00065533863,139601,1251.5055263426545,696.5676970490051,7121.5273,4.6264324,1160.7911,1.469747,7946.958,5.313181,0,,,,,1251.5055263426545,0.00049922295,696.5676970490051,0.00050105446,-0.017190704,-0.08223748
2196.9197003153718,7949.845,5.3148437,-0.0006552373,139602,1251.5059973241246,696.566330655577,7125.511,4.6278806,1160.0771,1.471799,7949.845,5.3148437,0,,,,,1251.5059973241246,0.00049835094,696.566330655577,0.00050081464,-0.016564727,-0.08391036
2196.9266448580156,7956.279,5.31488,-0.000655136,139603,1251.5049700262553,696.5677445662826,7128.61,4.627912,1159.986,1.4703735,7956.279,5.31488,0,,,,,1251.5049700262553,0.0004983111,696.5677445662826,0.00050036854,-0.017691357,-0.08298947
2196.9335894006604,7952.859,5.3139377,-0.00065503473,139604,1251.505576224852,696.5669399460406,7126.1865,4.6270914,1155.2734,1.4702682,7952.859,5.3139377,0,,,,,1251.505576224852,0.0004989449,696.5669399460406,0.000500699,-0.01729781,-0.08237168
2196.940533943305,7945.203,5.314493,-0.00065493345,139605,1251.5050624870864,696.5678312342353,7120.1216,4.6275754,1157.6606,1.4702563,7945.203,5.314493,0,,,,,1251.5050624870864,0.00049958524,696.5678312342353,0.00050106546,-0.017867872,-0.08259949
2196.9474784859494,7955.115,5.314921,-0.00065483217,139606,1251.5049655962794,696.5660783464882,7129.28,4.6279473,1160.0902,1.4713401,7955.115,5.314921,0,,,,,1251.5049655962794,0.0004983959,696.5660783464882,0.0005004441,-0.01776678,-0.084012724
2196.9544230286524,7942.362,5.3128805,-0.00065473083,139607,1251.506008195215,696.566756894211,7116.8657,4.6261716,1161.5864,1.472013,7942.362,5.3128805,0,,,,,1251.506008195215,0.0004992565,696.566756894211,0.0005013027,-0.017293494,-0.08418085
2196.9613675712976,7958.646,5.315949,-0.00065462955,139608,1251.5055068229271,696.5676058450243,7131.03,4.628843,1158.5752,1.4695848,7958.646,5.315949,0,,,,,1251.5055068229271,0.00049840636,696.5676058450243,0.0005007099,-0.017059974,-0.08343869
2196.968312113942,7952.006,5.314869,-0.00065452827,139609,1251.5047904075664,696.565215666089,7126.5625,4.6279025,1158.9386,1.4699675,7952.006,5.314869,0,,,,,1251.5047904075664,0.0004986768,696.565215666089,0.00050104666,-0.018771846,-0.08539872
2196.975256656586,7961.128,5.31587,-0.000654427,139610,1251.504969506152,696.5653378008409,7134.7373,4.628774,1157.6825,1.4714917,7961.128,5.31587,0,,,,,1251.504969506152,0.0004983398,696.5653378008409,0.00050007825,-0.016830873,-0.08469233
2196.9822011991723,7953.701,5.3143177,-0.00065432576,139611,1251.504444543076,696.5675145388718,7127.0894,4.6274223,1159.127,1.4697889,7953.701,5.3143177,0,,,,,1251.504444543076,0.00049834605,696.5675145388718,0.000500595,-0.018095179,-0.08221314
2196.9891457418166,7956.4326,5.313781,-0.0006542245,139612,1251.5047381741492,696.5661315398736,7130.266,4.626955,1158.467,1.4686834,7956.4326,5.313781,0,,,,,1251.5047381741492,0.00049812824,696.5661315398736,0.00050035265,-0.017863996,-0.08385154
2196.996090284462,7961.4106,5.3160677,-0.0006541232,139613,1251.5067178844097,696.5676445377851,7134.6216,4.6289463,1157.9204,1.4703983,7961.4106,5.3160677,0,,,,,1251.5067178844097,0.00049865607,696.5676445377851,0.00049975916,-0.016165942,-0.08154593
2197.0030348271066,7950.5347,5.3134847,-0.0006540219,139614,1251.5048346929516,696.5646571438007,7124.9663,4.6266975,1160.987,1.4698429,7950.5347,5.3134847,0,,,,,1251.5048346929516,0.0004984275,696.5646571438007,0.0005006932,-0.019015962,-0.08506343
2197.0099793697514,7945.135,5.31164,-0.00065392064,139615,1251.5060386233026,696.5661998056016,7120.263,4.625091,1159.208,1.4696931,7945.135,5.31164,0,,,,,1251.5060386233026,0.00049877784,696.5661998056016,0.00050115044,-0.016983867,-0.08418363
2197.0169239123384,7942.896,5.3142076,-0.0006538194,139616,1251.506217179941,696.5672744647969,7116.0234,4.627327,1159.6522,1.4708278,7942.896,5.3142076,0,,,,,1251.506217179941,0.0004993522,696.5672744647969,0.00050158345,-0.01700503,-0.08199707
2197.023868454982,7944.1934,5.3123856,-0.00065371813,139617,1251.5051018511556,696.565879167739,7120.054,4.62574,1160.4188,1.4710647,7944.1934,5.3123856,0,,,,,1251.5051018511556,0.00049903564,696.565879167739,0.00050075026,-0.01688011,-0.08443451
2197.030812997568,7954.8296,5.3150525,-0.0006536169,139618,1251.50363806702,696.566386258779,7128.737,4.6280622,1158.3243,1.4702406,7954.8296,5.3150525,0,,,,,1251.50363806702,0.0004985197,696.566386258779,0.0005003297,-0.018622985,-0.08318696
2197.037757540213,7953.977,5.316827,-0.0006535156,139619,1251.5041409174976,696.5669174591058,7128.575,4.6296077,1159.4127,1.4701018,7953.977,5.316827,0,,,,,1251.5041409174976,0.00049871847,696.5669174591058,0.000500926,-0.017581444,-0.083293
2197.044702082799,7950.6914,5.3122587,-0.0006534144,139620,1251.507329524628,696.5660173010444,7124.9463,4.6256294,1158.5905,1.4688444,7950.6914,5.3122587,0,,,,,1251.507329524628,0.00049873616,696.5660173010444,0.00050034514,-0.01691937,-0.08356667
2197.0516466254444,7956.606,5.3148274,-0.0006533131,139621,1251.5063670109694,696.5657801897972,7128.717,4.6278663,1159.0575,1.46916,7956.606,5.3148274,0,,,,,1251.5063670109694,0.0004987998,696.5657801897972,0.0005009341,-0.016229844,-0.08363813
2197.0585911680305,7947.8184,5.312856,-0.0006532119,139622,1251.504684457116,696.5676207559521,7122.7324,4.62615,1159.0536,1.4701375,7947.8184,5.312856,0,,,,,1251.504684457116,0.0004989803,696.5676207559521,0.0005006849,-0.017546069,-0.08261793
2197.0655357106752,7945.6025,5.311797,-0.0006531106,139623,1251.5047351391056,696.5665954549264,7120.5566,4.625228,1158.1611,1.4711742,7945.6025,5.311797,0,,,,,1251.5047351391056,0.00049853965,696.5665954549264,0.0005008454,-0.017939253,-0.08418223
2197.072480253262,7951.0845,5.316535,-0.0006530094,139624,1251.5034439877888,696.5673836189679,7125.9233,4.629353,1160.128,1.470738,7951.0845,5.316535,0,,,,,1251.5034439877888,0.0004990112,696.5673836189679,0.0005011029,-0.019285258,-0.08353743
2197.079424795848,7951.4253,5.314045,-0.0006529082,139625,1251.5055253927446,696.565497716953,7125.855,4.6271853,1159.3615,1.4695402,7951.4253,5.314045,0,,,,,1251.5055253927446,0.0004985545,696.565497716953,0.00050077116,-0.01753212,-0.0848475
2197.086369338434,7941.772,5.310744,-0.00065280695,139626,1251.5046053455808,696.5649095532123,7117.8076,4.6243105,1160.1564,1.4709775,7941.772,5.310744,0,,,,,1251.5046053455808,0.000498904,696.5649095532123,0.0005009785,-0.019913208,-0.085453145
2197.093313881021,7955.0728,5.315823,-0.0006527057,139627,1251.5066412893702,696.566494923478,7129.933,4.628733,1158.423,1.470055,7955.0728,5.315823,0,,,,,1251.5066412893702,0.0004984376,696.566494923478,0.0005007512,-0.01627718,-0.08412312
2197.100258423607,7947.8945,5.3117905,-0.0006526045,139628,1251.5043206082767,696.5656615516706,7122.37,4.625222,1157.9371,1.46937,7947.8945,5.3117905,0,,,,,1251.5043206082767,0.00049863756,696.5656615516706,0.00050069095,-0.018357435,-0.08463714
2197.107202966193,7948.3813,5.31272,-0.0006525033,139629,1251.503916403109,696.5654164988816,7124.0513,4.6260314,1158.8647,1.4707193,7948.3813,5.31272,0,,,,,1251.503916403109,0.0004984876,696.5654164988816,0.0005008312,-0.01859421,-0.084781505
2197.11414750878,7951.7393,5.3152575,-0.00065240206,139630,1251.5053748689706,696.5646214553777,7126.4883,4.628241,1158.642,1.4715297,7951.7393,5.3152575,0,,,,,1251.5053748689706,0.0004987031,696.5646214553777,0.0005006843,-0.017560165,-0.085446075
2197.1210920513668,7959.6064,5.3167186,-0.00065230083,139631,1251.505072947721,696.5656735796584,7131.7935,4.629513,1159.7294,1.4718425,7959.6064,5.3167186,0,,,,,1251.505072947721,0.00049912505,696.5656735796584,0.00050029147,-0.018251872,-0.0837649
2197.1280365939524,7947.2144,5.312172,-0.0006521996,139632,1251.5044244707547,696.5657344755858,7122.2905,4.625554,1158.4983,1.4696293,7947.2144,5.312172,0,,,,,1251.5044244707547,0.0004986579,696.5657344755858,0.0005006543,-0.019000944,-0.084107794
2197.1349811365385,7957.7725,5.3130884,-0.0006520984,139633,1251.5048616265972,696.564616014294,7131.9067,4.626352,1157.4514,1.4674745,7957.7725,5.3130884,0,,,,,1251.5048616265972,0.0004982426,696.564616014294,0.0005000589,-0.018810509,-0.08618094
2197.141925679125,7961.4653,5.3198876,-0.00065199716,139634,1251.505996665333,696.5658724160913,7135.0566,4.6322722,1157.7534,1.4707528,7961.4653,5.3198876,0,,,,,1251.505996665333,0.0004991957,696.5658724160913,0.0005006023,-0.016826773,-0.08433485
2197.1488702216543,7949.082,5.3147726,-0.000651896,139635,1251.5044563169065,696.5655415135262,7123.88,4.6278186,1159.9999,1.4694425,7949.082,5.3147726,0,,,,,1251.5044563169065,0.00049869774,696.5655415135262,0.00050102564,-0.018376645,-0.084156536
2197.15581476424,7951.6587,5.3138914,-0.0006517948,139636,1251.5047699731272,696.5651306849318,7126.6904,4.627051,1158.787,1.4707816,7951.6587,5.3138914,0,,,,,1251.5047699731272,0.0004984977,696.5651306849318,0.000500939,-0.017876783,-0.08469941
2197.1627593068265,7950.3516,5.312463,-0.00065169355,139637,1251.505358070351,696.5651320764588,7125.141,4.625808,1160.0131,1.4690464,7950.3516,5.312463,0,,,,,1251.505358070351,0.0004986437,696.5651320764588,0.0005004817,-0.017857198,-0.085239105
2197.1697038493553,7953.17,5.3119903,-0.0006515924,139638,1251.5036536733387,696.5646902542626,7126.4717,4.6253963,1158.432,1.4679928,7953.17,5.3119903,0,,,,,1251.5036536733387,0.0004984889,696.5646902542626,0.0005008153,-0.01974209,-0.086441696
2197.1766483919414,7956.952,5.3144145,-0.00065149117,139639,1251.503937541769,696.5647621201016,7131.9097,4.6275067,1157.7563,1.4692992,7956.952,5.3144145,0,,,,,1251.503937541769,0.00049804326,696.5647621201016,0.0005001076,-0.01896242,-0.08525677
2197.183592934469,7954.6987,5.3166475,-0.00065139,139640,1251.5050419519548,696.5668041783066,7127.418,4.6294513,1157.7246,1.4688528,7954.6987,5.3166475,0,,,,,1251.5050419519548,0.00049892295,696.5668041783066,0.0005014904,-0.017217351,-0.08444374
2197.190537476997,7951.6743,5.3117085,-0.00065128884,139641,1251.5055153767237,696.566994209976,7124.294,4.6251507,1157.487,1.468741,7951.6743,5.3117085,0,,,,,1251.5055153767237,0.00049854896,696.566994209976,0.0005009934,-0.01687314,-0.0833356
2197.197482019584,7956.532,5.3198314,-0.0006511876,139642,1251.5048665174454,696.5647356431067,7133.2856,4.6322236,1160.4962,1.4753835,7956.532,5.3198314,0,,,,,1251.5048665174454,0.0004982475,696.5647356431067,0.0005004163,-0.019080069,-0.08583595
2197.204426562112,7956.9233,5.3137045,-0.00065108645,139643,1251.5047445833854,696.56458995746,7131.8,4.6268883,1159.225,1.4692163,7956.9233,5.3137045,0,,,,,1251.5047445833854,0.00049794704,696.56458995746,0.0005003853,-0.018504104,-0.08561357
2197.211371104641,7957.262,5.3150525,-0.0006509853,139644,1251.5035020027779,696.564276444799,7132.5586,4.6280622,1158.7213,1.4689538,7957.262,5.3150525,0,,,,,1251.5035020027779,0.0004982135,696.564276444799,0.00050059945,-0.019420706,-0.086217426
2197.218315647169,7953.1313,5.3173513,-0.0006508841,139645,1251.5032603268853,696.5653146836958,7130.578,4.6300645,1158.7323,1.4715075,7953.1313,5.3173513,0,,,,,1251.5032603268853,0.00049853243,696.5653146836958,0.00050112355,-0.018394506,-0.08686161
2197.2252601896967,7949.5776,5.317278,-0.00065078295,139646,1251.5042361317294,696.5647744664819,7124.747,4.63,1160.0424,1.4733403,7949.5776,5.317278,0,,,,,1251.5042361317294,0.00049885304,696.5647744664819,0.00050139823,-0.01799632,-0.086298175
2197.2322047322255,7959.2095,5.317203,-0.0006506818,139647,1251.502840643336,696.5672351932006,7133.466,4.629935,1158.0513,1.4714198,7959.2095,5.317203,0,,,,,1251.502840643336,0.0004980162,696.5672351932006,0.0005004681,-0.020474408,-0.083720595
2197.2391492747533,7957.623,5.3155117,-0.0006505806,139648,1251.5053866026337,696.5635694297914,7133.4155,4.6284623,1157.2675,1.4697155,7957.623,5.3155117,0,,,,,1251.5053866026337,0.00049839943,696.5635694297914,0.00050028274,-0.017222676,-0.086897746
2197.246093817282,7957.834,5.3150096,-0.00065047946,139649,1251.504053803513,696.5645037675124,7134.073,4.628025,1158.3271,1.4695958,7957.834,5.3150096,0,,,,,1251.504053803513,0.00049796933,696.5645037675124,0.00050021254,-0.018512884,-0.08567745
2197.2530383598096,7954.0693,5.317376,-0.0006503783,139650,1251.5048766335558,696.5639820856542,7130.448,4.630086,1158.2329,1.4708446,7954.0693,5.317376,0,,,,,1251.5048766335558,0.00049830583,696.5639820856542,0.0005007818,-0.018762438,-0.08697604
2197.259982902337,7949.9517,5.3175683,-0.0006502771,139651,1251.5033858910374,696.5653081431905,7127.011,4.630253,1158.8202,1.4736983,7949.9517,5.3175683,0,,,,,1251.5033858910374,0.00049838546,696.5653081431905,0.0005012687,-0.019435069,-0.086191066
2197.266927444866,7963.256,5.314403,-0.00065017596,139652,1251.5040828625242,696.5646851613233,7138.193,4.627497,1154.7484,1.4671047,7963.256,5.314403,0,,,,,1251.5040828625242,0.00049754366,696.5646851613233,0.00049982173,-0.019308984,-0.086068064
2197.2738719873364,7952.9004,5.31464,-0.00065007486,139653,1251.5051959017649,696.5654128593982,7128.6733,4.627703,1156.651,1.4692374,7952.9004,5.31464,0,,,,,1251.5051959017649,0.0004985792,696.5654128593982,0.00050065765,-0.017588222,-0.08570196
2197.2808165298643,7950.3086,5.3126855,-0.0006499737,139654,1251.5042779243909,696.5624761558144,7127.4277,4.6260014,1156.3059,1.4677955,7950.3086,5.3126855,0,,,,,1251.5042779243909,0.000498006,696.5624761558144,0.0005004876,-0.019199397,-0.087789334
2197.287761072393,7959.9854,5.3147464,-0.0006498725,139655,1251.5033620997979,696.5663997968701,7135.0234,4.6277957,1155.782,1.4693449,7959.9854,5.3147464,0,,,,,1251.5033620997979,0.0004981837,696.5663997968701,0.00050014746,-0.018201487,-0.083941646
2197.294705614863,7959.792,5.3157196,-0.0006497714,139656,1251.503477220119,696.5634911669479,7134.5728,4.628643,1158.4132,1.4702238,7959.792,5.3157196,0,,,,,1251.503477220119,0.00049806206,696.5634911669479,0.0005008041,-0.019342704,-0.08864449
2197.3016501573907,7964.73,5.3159885,-0.00064967026,139657,1251.5034964562615,696.5643705575804,7139.126,4.6288776,1158.0505,1.4688596,7964.73,5.3159885,0,,,,,1251.5034964562615,0.0004977956,696.5643705575804,0.000500367,-0.01947322,-0.08698352
2197.3085946998604,7950.614,5.313925,-0.00064956915,139658,1251.5033961760569,696.5647343116327,7126.4424,4.6270804,1158.9576,1.4718368,7950.614,5.313925,0,,,,,1251.5033961760569,0.00049846264,696.5647343116327,0.00050072203,-0.020192886,-0.08653437
2197.31553924233,7945.6797,5.310771,-0.00064946804,139659,1251.503221331599,696.5653521748301,7123.0405,4.6243343,1154.9784,1.4677109,7945.6797,5.310771,0,,,,,1251.503221331599,0.000498453,696.5653521748301,0.00050033425,-0.02008365,-0.084749825
2197.3224837848006,7956.0396,5.317364,-0.00064936694,139660,1251.5026011062407,696.5636289249248,7132.0674,4.6300755,1157.6569,1.4696848,7956.0396,5.317364,0,,,,,1251.5026011062407,0.000498323,696.5636289249248,0.00050096906,-0.019976178,-0.08645275
2197.3294283273294,7962.586,5.315817,-0.00064926577,139661,1251.5034188139507,696.5645748257612,7137.657,4.628728,1156.6989,1.4693943,7962.586,5.315817,0,,,,,1251.5034188139507,0.0004980453,696.5645748257612,0.0005002443,-0.01957947,-0.086624466
2197.3363728697987,7967.971,5.318886,-0.00064916466,139662,1251.504689339785,696.5649270688177,7141.663,4.6314,1157.5952,1.4711823,7967.971,5.318886,0,,,,,1251.504689339785,0.00049784285,696.5649270688177,0.0004999454,-0.017837917,-0.085953325
2197.343317412269,7957.5977,5.31479,-0.00064906356,139663,1251.503395144587,696.5637469433456,7131.771,4.6278334,1159.5164,1.4700059,7957.5977,5.31479,0,,,,,1251.503395144587,0.0004983583,696.5637469433456,0.0005005969,-0.018874012,-0.086359374
2197.350261954739,7951.029,5.317543,-0.00064896245,139664,1251.5029372554902,696.562229798442,7127.113,4.6302314,1158.4193,1.4743716,7951.029,5.317543,0,,,,,1251.5029372554902,0.000498672,696.562229798442,0.00050161825,-0.020135986,-0.09067793
2197.357206497208,7949.9927,5.313388,-0.00064886134,139665,1251.504285578474,696.5641701530278,7127.097,4.6266127,1157.356,1.4700209,7949.9927,5.313388,0,,,,,1251.504285578474,0.00049841375,696.5641701530278,0.0005009338,-0.019114347,-0.08737942
2197.3641510396787,7947.3213,5.312216,-0.00064876024,139666,1251.5036792049664,696.563656544473,7123.9824,4.6255927,1159.1605,1.469181,7947.3213,5.312216,0,,,,,1251.5036792049664,0.0004984173,696.563656544473,0.0005008418,-0.019818129,-0.086857006
2197.3710955821484,7955.3154,5.3144608,-0.00064865913,139667,1251.5041095020342,696.5644388773262,7130.875,4.627547,1159.9117,1.4693971,7955.3154,5.3144608,0,,,,,1251.5041095020342,0.0004983471,696.5644388773262,0.00050009147,-0.018414883,-0.08617723
2197.378040124561,7960.6675,5.3176417,-0.0006485581,139668,1251.5028608177533,696.5639312963541,7135.4624,4.630317,1158.425,1.4709628,7960.6675,5.3176417,0,,,,,1251.5028608177533,0.0004980031,696.5639312963541,0.00050094706,-0.020153243,-0.08680853
2197.3849846670305,7955.1914,5.3137016,-0.000648457,139669,1251.504383921577,696.5633977823608,7129.232,4.6268864,1159.3231,1.4693049,7955.1914,5.3137016,0,,,,,1251.504383921577,0.00049806206,696.5633977823608,0.00050081086,-0.018657723,-0.08775429
2197.3919292095006,7951.384,5.3132977,-0.00064835587,139670,1251.5040567201747,696.5644539152944,7126.9746,4.626535,1158.8956,1.4692601,7951.384,5.3132977,0,,,,,1251.5040567201747,0.0004981203,696.5644539152944,0.00050058274,-0.0196065,-0.08637426
2197.3988737519126,7951.4673,5.3152556,-0.0006482548,139671,1251.502859926416,696.5618712782899,7127.053,4.628239,1159.5656,1.4732463,7951.4673,5.3152556,0,,,,,1251.502859926416,0.000498206,696.5618712782899,0.00050128426,-0.020585142,-0.08961638
2197.4058182943822,7955.5894,5.314559,-0.0006481537,139672,1251.502656063288,696.5643830435189,7130.8374,4.6276326,1159.677,1.4692485,7955.5894,5.314559,0,,,,,1251.502656063288,0.00049818016,696.5643830435189,0.00050086336,-0.020469435,-0.08708451
2197.4127628367937,7956.032,5.3152556,-0.00064805266,139673,1251.5036137992813,696.5642485374505,7131.218,4.628239,1157.4896,1.4715749,7956.032,5.3152556,0,,,,,1251.5036137992813,0.00049799937,696.5642485374505,0.0005004878,-0.020578204,-0.0863485
2197.419707379206,7947.2866,5.3143125,-0.0006479516,139674,1251.5033220853898,696.5640100097124,7122.88,4.627418,1159.7573,1.4699693,7947.2866,5.3143125,0,,,,,1251.5033220853898,0.00049894076,696.5640100097124,0.0005015112,-0.018846879,-0.08742791
2197.4266519216762,7948.351,5.3153434,-0.0006478505,139675,1251.5029876011504,696.5626856220257,7124.4443,4.6283154,1160.887,1.4727759,7948.351,5.3153434,0,,,,,1251.5029876011504,0.0004989498,696.5626856220257,0.00050132757,-0.019702699,-0.08827887
2197.4335964640877,7950.698,5.312073,-0.00064774946,139676,1251.5037239796159,696.5637974432875,7125.2363,4.6254683,1158.2238,1.4687079,7950.698,5.312073,0,,,,,1251.5037239796159,0.00049837347,696.5637974432875,0.0005014081,-0.019174108,-0.08835215
2197.4405410064996,7965.559,5.3160443,-0.0006476484,139677,1251.5025158393505,696.5635211404517,7139.1426,4.6289263,1156.908,1.4693798,7965.559,5.3160443,0,,,,,1251.5025158393505,0.00049769145,696.5635211404517,0.0005001325,-0.02035915,-0.087270275
2197.4474855489116,7945.82,5.3121204,-0.00064754736,139678,1251.5025601701539,696.5627558020135,7121.855,4.6255093,1157.3915,1.4688532,7945.82,5.3121204,0,,,,,1251.5025601701539,0.00049816136,696.5627558020135,0.0005013631,-0.021185793,-0.08882129
2197.4544300913226,7961.2974,5.316218,-0.0006474463,139679,1251.502347274244,696.563108320636,7135.032,4.6290774,1159.7881,1.4694644,7961.2974,5.316218,0,,,,,1251.502347274244,0.00049820397,696.563108320636,0.00050076714,-0.019780708,-0.08787486
2197.461374633735,7956.032,5.315092,-0.00064734527,139680,1251.5039606933012,696.5646937912815,7131.1094,4.6280966,1159.5985,1.4700032,7956.032,5.315092,0,,,,,1251.5039606933012,0.0004982536,696.5646937912815,0.00050041295,-0.018794231,-0.086756244
2197.4683191761465,7960.489,5.3161616,-0.0006472442,139681,1251.5029006606312,696.5632957101366,7134.7607,4.629028,1158.5516,1.4703872,7960.489,5.3161616,0,,,,,1251.5029006606312,0.0004979008,696.5632957101366,0.00050052983,-0.020344045,-0.08785584
2197.475263718559,7957.1914,5.3150215,-0.00064714317,139682,1251.5033408053,696.5625088848486,7132.998,4.6280355,1159.7964,1.470486,7957.1914,5.3150215,0,,,,,1251.5033408053,0.0004978747,696.5625088848486,0.00050070893,-0.019551514,-0.08971428
2197.4822082609703,7958.1167,5.3147936,-0.0006470421,139683,1251.5020786018042,696.5636301690139,7133.3735,4.6278367,1158.5973,1.4689971,7958.1167,5.3147936,0,,,,,1251.5020786018042,0.00049794314,696.5636301690139,0.00050081615,-0.021204023,-0.08812885
2197.489152803324,7957.0327,5.3172092,-0.00064694113,139684,1251.5040461470328,696.5636995118318,7132.2593,4.6299405,1158.7568,1.4717082,7957.0327,5.3172092,0,,,,,1251.5040461470328,0.0004983943,696.5636995118318,0.00050078804,-0.018987875,-0.08703324
2197.496097345736,7959.9146,5.3137984,-0.0006468401,139685,1251.5020904326238,696.5636813906108,7134.132,4.6269703,1156.6852,1.4676521,7959.9146,5.3137984,0,,,,,1251.5020904326238,0.00049762474,696.5636813906108,0.000500644,-0.021658147,-0.08711685
2197.5030418881474,7962.819,5.3164167,-0.00064673903,139686,1251.502839502388,696.5625091771625,7136.613,4.6292505,1158.7051,1.4690552,7962.819,5.3164167,0,,,,,1251.502839502388,0.0004976576,696.5625091771625,0.0005003424,-0.020342126,-0.08873151
2197.5099864305007,7948.285,5.311956,-0.00064663804,139687,1251.503447063622,696.5638044099834,7124.203,4.6253657,1157.472,1.4692487,7948.285,5.311956,0,,,,,1251.503447063622,0.00049832417,696.5638044099834,0.0005010058,-0.01956789,-0.088014245
2197.516930972855,7958.633,5.3166394,-0.00064653705,139688,1251.5038719388347,696.5622910299057,7133.7295,4.629444,1160.8224,1.4697685,7958.633,5.3166394,0,,,,,1251.5038719388347,0.00049812556,696.5622910299057,0.00050088344,-0.019255148,-0.08941307
2197.5238755152664,7959.88,5.3174686,-0.000646436,139689,1251.5031775175808,696.5626374317069,7134.97,4.630166,1159.5526,1.4695675,7959.88,5.3174686,0,,,,,1251.5031775175808,0.00049798645,696.5626374317069,0.0005008201,-0.019836051,-0.08883023
2197.5308200576196,7950.95,5.3137064,-0.000646335,139690,1251.5037691632294,696.5618896206508,7127.0117,4.62689,1159.6908,1.4700195,7950.95,5.3137064,0,,,,,1251.5037691632294,0.0004982472,696.5618896206508,0.0005012392,-0.018904582,-0.090503804
2197.537764599973,7965.52,5.316438,-0.000646234,139691,1251.5028326283066,696.5634305807397,7139.3555,4.629269,1157.7645,1.4700652,7965.52,5.316438,0,,,,,1251.5028326283066,0.00049761415,696.5634305807397,0.00050054584,-0.020029534,-0.087621704
2197.5447091423275,7964.8994,5.318742,-0.00064613303,139692,1251.5031339127484,696.5611087411776,7139.943,4.6312747,1159.1781,1.4691099,7964.8994,5.318742,0,,,,,1251.5031339127484,0.00049797946,696.5611087411776,0.0005005104,-0.020379886,-0.09134366
2197.5516536846812,7950.7554,5.3147955,-0.00064603204,139693,1251.502447973202,696.5643963030793,7126.3467,4.6278386,1162.5361,1.4710016,7950.7554,5.3147955,0,,,,,1251.502447973202,0.00049854274,696.5643963030793,0.0005010757,-0.020483585,-0.08707431
2197.5585982270345,7963.2617,5.3170457,-0.00064593105,139694,1251.5028168308384,696.5620650787766,7137.9644,4.629798,1158.4346,1.4696848,7963.2617,5.3170457,0,,,,,1251.5028168308384,0.00049767474,696.5620650787766,0.000500547,-0.020408986,-0.08945357
2197.565542769388,7964.859,5.316855,-0.00064583006,139695,1251.5031756468825,696.5630456918789,7138.634,4.629632,1158.3397,1.4702008,7964.859,5.316855,0,,,,,1251.5031756468825,0.000497683,696.5630456918789,0.00050031237,-0.020187343,-0.08812669
2197.572487311742,7957.9097,5.3150287,-0.0006457291,139696,1251.5024412593593,696.562179831058,7133.871,4.6280417,1156.6969,1.4687762,7957.9097,5.3150287,0,,,,,1251.5024412593593,0.0004980135,696.562179831058,0.0005007555,-0.02036456,-0.08893841
2197.5794318540948,7950.328,5.31616,-0.0006456281,139697,1251.5035660284561,696.5610057834562,7126.6265,4.629027,1160.1353,1.471713,7950.328,5.31616,0,,,,,1251.5035660284561,0.00049922446,696.5610057834562,0.000500987,-0.019382669,-0.09089816
2197.586376396448,7958.0522,5.318343,-0.0006455271,139698,1251.502438253773,696.5628749217215,7134.259,4.6309276,1159.6349,1.4702162,7958.0522,5.318343,0,,,,,1251.502438253773,0.0004990974,696.5628749217215,0.00050089584,-0.020868752,-0.089596525
2197.5933209387445,7959.7573,5.3162813,-0.00064542616,139699,1251.5027615325969,696.5631139696075,7134.6157,4.6291323,1158.897,1.471039,7959.7573,5.3162813,0,,,,,1251.5027615325969,0.0004977369,696.5631139696075,0.0005008619,-0.02006206,-0.08848427
2197.600265481098,7953.5166,5.31488,-0.00064532517,139700,1251.5031193433797,696.5624292167495,7128.837,4.627912,1160.1528,1.4710772,7953.5166,5.31488,0,,,,,1251.5031193433797,0.00049804454,696.5624292167495,0.00050122937,-0.01995989,-0.08917894
2197.607210023393,7966.1226,5.3177023,-0.00064522424,139701,1251.5036460869867,696.5617717948161,7139.639,4.63037,1157.4331,1.4715277,7966.1226,5.3177023,0,,,,,1251.5036460869867,0.0004978834,696.5617717948161,0.00050055643,-0.019772327,-0.090385035
2197.614154565746,7951.8926,5.3151336,-0.00064512325,139702,1251.5019634721366,696.5628673281386,7127.4336,4.628133,1160.1481,1.4706633,7951.8926,5.3151336,0,,,,,1251.5019634721366,0.00049842463,696.5628673281386,0.0005014337,-0.020602142,-0.08951226
2197.6210991080416,7957.1294,5.3169827,-0.0006450223,139703,1251.5031323739395,696.5630425983182,7130.57,4.629743,1160.1091,1.4693669,7957.1294,5.3169827,0,,,,,1251.5031323739395,0.00049829547,696.5630425983182,0.0005014772,-0.019408291,-0.08859752
2197.628043650338,7961.898,5.3230605,-0.0006449214,139704,1251.5023821296552,696.5605642802705,7136.0664,4.6350355,1160.427,1.4725773,7961.898,5.3230605,0,,,,,1251.5023821296552,0.0004979833,696.5605642802705,0.0005017852,-0.021624146,-0.09084669
2197.6349881926326,7946.2983,5.3156404,-0.00064482045,139705,1251.500923624018,696.5625976873619,7122.192,4.6285744,1160.9666,1.4715301,7946.2983,5.3156404,0,,,,,1251.500923624018,0.00049851346,696.5625976873619,0.0005018472,-0.022590281,-0.08918815
2197.641932734928,7954.126,5.317735,-0.0006447195,139706,1251.5027134377956,696.5625793370568,7130.332,4.6303983,1159.8901,1.4707503,7954.126,5.317735,0,,,,,1251.5027134377956,0.00049827003,696.5625793370568,0.0005014228,-0.021426316,-0.089961715
2197.648877277224,7944.111,5.311627,-0.0006446186,139707,1251.5028219966384,696.5623495430971,7120.8325,4.6250796,1159.1332,1.4689523,7944.111,5.311627,0,,,,,1251.5028219966384,0.00049859245,696.5623495430971,0.0005014346,-0.019722266,-0.0895734
2197.655821819519,7961.589,5.3150926,-0.00064451766,139708,1251.5041087817785,696.562700708576,7135.792,4.628097,1157.3314,1.4680775,7961.589,5.3150926,0,,,,,1251.5041087817785,0.0004978835,696.562700708576,0.00050041475,-0.018005483,-0.08979239
2197.6627663618137,7959.341,5.315779,-0.0006444167,139709,1251.5018423222882,696.5614529063082,7133.818,4.628695,1160.9807,1.4704038,7959.341,5.315779,0,,,,,1251.5018423222882,0.00049784634,696.5614529063082,0.00050138426,-0.021430394,-0.09085193
2197.6697109041093,7952.0825,5.315791,-0.0006443158,139710,1251.5023966090241,696.5615264534156,7126.6675,4.6287055,1157.8954,1.4703964,7952.0825,5.315791,0,,,,,1251.5023966090241,0.0004985923,696.5615264534156,0.0005016226,-0.020611072,-0.09080578
2197.676655446347,7951.2754,5.314867,-0.0006442149,139711,1251.5014600338197,696.5614530156437,7127.2905,4.6279006,1160.5394,1.4698077,7951.2754,5.314867,0,,,,,1251.5014600338197,0.00049799116,696.5614530156437,0.00050151977,-0.022386424,-0.089808606
2197.683599988642,7958.8804,5.3184085,-0.000644114,139712,1251.5031460815378,696.5625476162131,7133.379,4.6309843,1159.4237,1.470162,7958.8804,5.3184085,0,,,,,1251.5031460815378,0.0004988991,696.5625476162131,0.0005012228,-0.020452341,-0.08889295
2197.690544530937,7954.547,5.3149366,-0.00064401305,139713,1251.5026638542759,696.5617388510327,7129.475,4.6279616,1159.8345,1.4704133,7954.547,5.3149366,0,,,,,1251.5026638542759,0.0004980291,696.5617388510327,0.0005011736,-0.021333318,-0.09041845
2197.6974890731744,7951.5566,5.316542,-0.0006439122,139714,1251.5027485739565,696.5599133408629,7128.8916,4.6293592,1159.2911,1.4733951,7951.5566,5.316542,0,,,,,1251.5027485739565,0.0004982751,696.5599133408629,0.00050123286,-0.021174157,-0.09268364
2197.7044336154117,7957.3325,5.313629,-0.0006438113,139715,1251.5030486736357,696.561372630412,7132.6655,4.626823,1155.9877,1.4682444,7957.3325,5.313629,0,,,,,1251.5030486736357,0.0004976125,696.561372630412,0.00050086353,-0.019888783,-0.09108259
2197.7113781577077,7958.5635,5.31552,-0.0006437104,139716,1251.5026685479263,696.5614949402365,7134.936,4.6284695,1156.4895,1.4702533,7958.5635,5.31552,0,,,,,1251.5026685479263,0.00049800886,696.5614949402365,0.0005005762,-0.020484228,-0.090945676
2197.7183226999446,7963.0474,5.320678,-0.0006436095,139717,1251.5032999555663,696.5607214516328,7136.392,4.632961,1161.1731,1.4738244,7963.0474,5.320678,0,,,,,1251.5032999555663,0.0004982769,696.5607214516328,0.00050148903,-0.020001877,-0.09077132
2197.7252672421823,7948.773,5.3151293,-0.0006435086,139718,1251.5004522388729,696.5616030029084,7124.864,4.6281295,1158.6158,1.4714671,7948.773,5.3151293,0,,,,,1251.5004522388729,0.00049870234,696.5616030029084,0.0005015812,-0.023002606,-0.09042964
2197.7322117844187,7955.6006,5.316652,-0.00064340775,139719,1251.5021932516602,696.5618624055281,7131.5347,4.629455,1159.2341,1.4700613,7955.6006,5.316652,0,,,,,1251.5021932516602,0.0004980329,696.5618624055281,0.0005010494,-0.021448415,-0.08933156
2197.739156326655,7955.018,5.3162146,-0.0006433069,139720,1251.5020534035575,696.5611349394601,7132.05,4.629074,1156.9498,1.4715339,7955.018,5.3162146,0,,,,,1251.5020534035575,0.0004982331,696.5611349394601,0.00050099246,-0.02143228,-0.09135512
2197.746100868893,7958.796,5.316121,-0.000643206,139721,1251.5023901140626,696.5611071595418,7134.945,4.6289926,1159.1113,1.4709997,7958.796,5.316121,0,,,,,1251.5023901140626,0.00049771916,696.5611071595418,0.00050056947,-0.021313,-0.09040495
2197.7530454110724,7962.4243,5.3161016,-0.0006431052,139722,1251.501636152529,696.5603697330897,7138.342,4.6289754,1157.2853,1.4691324,7962.4243,5.3161016,0,,,,,1251.501636152529,0.0004978786,696.5603697330897,0.0005008452,-0.02102914,-0.092152745
2197.7599899533093,7944.8315,5.3128366,-0.0006430043,139723,1251.5017068785353,696.5613193469883,7120.9014,4.626133,1160.6056,1.4707007,7944.8315,5.3128366,0,,,,,1251.5017068785353,0.00049841154,696.5613193469883,0.00050147035,-0.020743134,-0.08964296
2197.766934495547,7952.1685,5.314123,-0.00064290344,139724,1251.5013039924895,696.5577456336224,7127.894,4.627253,1159.9064,1.4703667,7952.1685,5.314123,0,,,,,1251.5013039924895,0.0004977098,696.5577456336224,0.0005017232,-0.022118079,-0.094510496
2197.7738790377257,7957.547,5.31516,-0.0006428026,139725,1251.5020935895882,696.5611309205348,7133.5796,4.6281557,1158.034,1.4693398,7957.547,5.31516,0,,,,,1251.5020935895882,0.0004977626,696.5611309205348,0.00050094206,-0.022019763,-0.09064982
2197.7808235799625,7947.706,5.314471,-0.00064270175,139726,1251.5028124832422,696.5604259790202,7124.6377,4.627556,1161.2051,1.4714847,7947.706,5.314471,0,,,,,1251.5028124832422,0.0004985299,696.5604259790202,0.0005014337,-0.020490412,-0.09215629
2197.787768122141,7952.118,5.313722,-0.00064260093,139727,1251.5016245453887,696.5607222210615,7128.5186,4.626904,1158.8041,1.4692864,7952.118,5.313722,0,,,,,1251.5016245453887,0.00049795373,696.5607222210615,0.0005010073,-0.0217772,-0.09149297
2197.79471266432,7952.025,5.318358,-0.0006425001,139728,1251.503143963153,696.5623129112128,7127.009,4.630941,1159.6821,1.4728861,7952.025,5.318358,0,,,,,1251.503143963153,0.00049918954,696.5623129112128,0.0005019176,-0.020365978,-0.089727156
2197.8016572064994,7955.869,5.31386,-0.0006423993,139729,1251.5034500679553,696.5584507861844,7130.549,4.6270237,1157.7073,1.4694595,7955.869,5.31386,0,,,,,1251.5034500679553,0.00049800915,696.5584507861844,0.00050119846,-0.020328956,-0.09324884
2197.808601748737,7957.615,5.3157463,-0.00064229843,139730,1251.5013149773556,696.5585050930489,7132.7183,4.628667,1157.2339,1.4688171,7957.615,5.3157463,0,,,,,1251.5013149773556,0.000498261,696.5585050930489,0.0005014512,-0.021676019,-0.09459873
2197.8155462909153,7955.523,5.3146114,-0.0006421976,139731,1251.500792419978,696.5608587393111,7132.4263,4.6276784,1155.7925,1.4701339,7955.523,5.3146114,0,,,,,1251.500792419978,0.00049797527,696.5608587393111,0.0005011025,-0.021919195,-0.09237892
2197.822490833036,7952.3286,5.3129516,-0.00064209686,139732,1251.502394499224,696.5620880387559,7128.3843,4.626233,1158.1472,1.4692501,7952.3286,5.3129516,0,,,,,1251.502394499224,0.000497568,696.5620880387559,0.00050073495,-0.02154401,-0.09038811
2197.8294353752153,7963.9224,5.3164196,-0.00064199604,139733,1251.5017687118464,696.560201511985,7139.076,4.6292524,1156.7499,1.4688662,7963.9224,5.3164196,0,,,,,1251.5017687118464,0.0004974931,696.560201511985,0.0005005601,-0.022179084,-0.09112231
2197.8363799173935,7954.787,5.317058,-0.0006418952,139734,1251.5017738681095,696.5605410213784,7130.074,4.629809,1158.5284,1.4704309,7954.787,5.317058,0,,,,,1251.5017738681095,0.0004983795,696.5605410213784,0.0005017172,-0.021019105,-0.09229817
2197.8433244595735,7960.481,5.3157825,-0.0006417944,139735,1251.502518136218,696.561489087192,7135.6006,4.6286983,1155.8386,1.4686027,7960.481,5.3157825,0,,,,,1251.502518136218,0.0004975114,696.561489087192,0.0005007812,-0.022739952,-0.090871185
2197.8502690016944,7951.5225,5.3145247,-0.00064169365,139736,1251.5040849997713,696.5596111398514,7126.6562,4.627603,1158.578,1.4699606,7951.5225,5.3145247,0,,,,,1251.5040849997713,0.00049853534,696.5596111398514,0.00050174823,-0.019748513,-0.09316864
2197.857213543873,7956.5635,5.313997,-0.00064159284,139737,1251.4999000448172,696.5588343965555,7132.7324,4.627143,1157.0205,1.4679738,7956.5635,5.313997,0,,,,,1251.4999000448172,0.00049784273,696.5588343965555,0.0005013328,-0.023763523,-0.09348872
2197.8641580859935,7950.5903,5.314575,-0.0006414921,139738,1251.5007861916886,696.5602568137922,7128.0566,4.6276464,1158.3145,1.4711096,7950.5903,5.314575,0,,,,,1251.5007861916886,0.0004980229,696.5602568137922,0.0005016778,-0.022527682,-0.093102105
2197.8711026281144,7955.874,5.3153043,-0.0006413913,139739,1251.5023513720996,696.5595273760792,7132.9263,4.6282816,1159.051,1.4690263,7955.874,5.3153043,0,,,,,1251.5023513720996,0.00049772416,696.5595273760792,0.0005010804,-0.021596706,-0.09264373
2197.8780471702935,7953.723,5.3153353,-0.0006412905,139740,1251.5026117308805,696.5594560881698,7129.72,4.628309,1157.2769,1.4701878,7953.723,5.3153353,0,,,,,1251.5026117308805,0.0004979608,696.5594560881698,0.0005010591,-0.021070287,-0.09215814
2197.884991712414,7961.28,5.3204694,-0.00064118975,139741,1251.5014618656805,696.5617842320933,7136.1606,4.632779,1156.9729,1.4713804,7961.28,5.3204694,0,,,,,1251.5014618656805,0.0004983067,696.5617842320933,0.00050118467,-0.021111878,-0.08971116
2197.8919362545344,7951.497,5.323786,-0.000641089,139742,1251.5028463062345,696.5595238920275,7128.613,4.635667,1161.8346,1.4733045,7951.497,5.323786,0,,,,,1251.5028463062345,0.00049920386,696.5595238920275,0.00050259026,-0.02159835,-0.093554355
2197.8988807966557,7959.747,5.3183007,-0.00064098823,139743,1251.5012535545834,696.5587518651275,7135.2236,4.630891,1156.4344,1.4692591,7959.747,5.3183007,0,,,,,1251.5012535545834,0.00049831235,696.5587518651275,0.0005014601,-0.022729728,-0.09360575
2197.9058253387184,7953.012,5.316223,-0.00064088753,139744,1251.5008199699366,696.5601268136832,7129.807,4.6290817,1157.7852,1.4694693,7953.012,5.316223,0,,,,,1251.5008199699366,0.0004980246,696.5601268136832,0.00050116115,-0.023699962,-0.0917507
2197.912769880839,7948.9077,5.313787,-0.0006407868,139745,1251.5016408231277,696.558868658272,7126.019,4.6269608,1159.9517,1.4697924,7948.9077,5.313787,0,,,,,1251.5016408231277,0.0004983793,696.558868658272,0.0005016374,-0.021674756,-0.09350329
2197.9197144229597,7956.2407,5.315779,-0.000640686,139746,1251.5022548421316,696.5604851885184,7133.1143,4.628695,1158.1624,1.4691831,7956.2407,5.315779,0,,,,,1251.5022548421316,0.00049804716,696.5604851885184,0.0005009132,-0.021340527,-0.091385655
2197.926658965023,7957.6465,5.3148074,-0.0006405853,139747,1251.5019674474079,696.5627463825591,7132.1426,4.627849,1157.396,1.4693938,7957.6465,5.3148074,0,,,,,1251.5019674474079,0.00049800036,696.5627463825591,0.0005009004,-0.02091016,-0.09031892
2197.9336035071433,7947.495,5.3111954,-0.00064048456,139748,1251.4994353116433,696.558632164964,7125.615,4.6247044,1156.0885,1.4673268,7947.495,5.3111954,0,,,,,1251.4994353116433,0.000497768,696.558632164964,0.0005012783,-0.023648126,-0.09504018
2197.9405480492055,7956.2036,5.314418,-0.00064038386,139749,1251.5004348446555,696.5590883672342,7132.2246,4.62751,1156.1364,1.4683356,7956.2036,5.314418,0,,,,,1251.5004348446555,0.0004980809,696.5590883672342,0.00050143665,-0.023132943,-0.09320521
2197.9474925912677,7952.4365,5.3144917,-0.00064028316,139750,1251.5015089932149,696.5592386239425,7129.767,4.627574,1156.6898,1.4712751,7952.4365,5.3144917,0,,,,,1251.5015089932149,0.0004979105,696.5592386239425,0.0005015119,-0.021698287,-0.09470981
2197.954437133389,7952.6846,5.31286,-0.0006401824,139751,1251.5013926116567,696.5600776546768,7128.809,4.6261535,1155.4948,1.4675875,7952.6846,5.31286,0,,,,,1251.5013926116567,0.000497846,696.5600776546768,0.00050125254,-0.02205637,-0.092558414
2197.961381675452,7946.5327,5.3142266,-0.0006400817,139752,1251.5005899843375,696.5600004774772,7124.6494,4.627343,1158.9647,1.4729012,7946.5327,5.3142266,0,,,,,1251.5005899843375,0.0004982008,696.5600004774772,0.0005014261,-0.022615166,-0.09293793
2197.968326217514,7955.0234,5.314624,-0.000639981,139753,1251.5014512221453,696.5593643740244,7132.078,4.6276894,1157.6573,1.467986,7955.0234,5.314624,0,,,,,1251.5014512221453,0.0004979569,696.5593643740244,0.0005008429,-0.02327136,-0.09349209
2197.9752707595185,7951.4453,5.3184056,-0.00063988037,139754,1251.501482345736,696.558343380961,7128.6753,4.6309824,1159.9457,1.470857,7951.4453,5.3184056,0,,,,,1251.501482345736,0.00049854635,696.558343380961,0.0005018777,-0.021309756,-0.09434102
2197.982215301581,7953.125,5.313506,-0.00063977967,139755,1251.502406019367,696.5576865191596,7129.626,4.6267157,1157.1654,1.4692429,7953.125,5.313506,0,,,,,1251.502406019367,0.0004980694,696.5576865191596,0.00050129433,-0.020793261,-0.09497324
2197.989159843643,7959.6826,5.31831,-0.00063967897,139756,1251.5003976366922,696.5613624226496,7135.239,4.6308985,1157.4258,1.4708451,7959.6826,5.31831,0,,,,,1251.5003976366922,0.0004976883,696.5613624226496,0.0005015191,-0.023190781,-0.09120203
2197.996104385648,7947.45,5.312936,-0.0006395783,139757,1251.4983684850097,696.5585006766531,7125.5493,4.6262193,1157.8247,1.4714624,7947.45,5.312936,0,,,,,1251.4983684850097,0.0004979806,696.5585006766531,0.00050156185,-0.024730012,-0.09501623
2198.00304892771,7948.776,5.3130245,-0.0006394776,139758,1251.5022252548326,696.5586372833768,7126.0522,4.6262965,1158.1384,1.4686562,7948.776,5.3130245,0,,,,,1251.5022252548326,0.00049821724,696.5586372833768,0.0005015015,-0.021052754,-0.094171695
2198.009993469715,7950.673,5.317624,-0.000639377,139759,1251.501033665596,696.5598519336286,7128.2026,4.6303015,1158.273,1.471865,7950.673,5.317624,0,,,,,1251.501033665596,0.0004982563,696.5598519336286,0.00050203473,-0.022368018,-0.093408614
2198.0169380117773,7952.035,5.3190923,-0.0006392763,139760,1251.5017809121325,696.5604888007113,7129.468,4.63158,1160.9628,1.4726113,7952.035,5.3190923,0,,,,,1251.5017809121325,0.0004981245,696.5604888007113,0.00050198287,-0.022523718,-0.09326726
2198.0238825537817,7958.3784,5.314836,-0.00063917565,139761,1251.5008882670033,696.559192888398,7133.429,4.627874,1156.2806,1.4703084,7958.3784,5.314836,0,,,,,1251.5008882670033,0.0004977671,696.559192888398,0.0005013056,-0.022266436,-0.09395072
2198.030827095786,7952.4805,5.3189173,-0.000639075,139762,1251.5000257840861,696.5596517076418,7128.032,4.631428,1159.9946,1.4710702,7952.4805,5.3189173,0,,,,,1251.5000257840861,0.0004989412,696.5596517076418,0.0005018723,-0.023917817,-0.09347054
2198.0377716377902,7958.44,5.3192086,-0.00063897436,139763,1251.5014998454046,696.5585815608591,7135.169,4.6316814,1158.1238,1.46982,7958.44,5.3192086,0,,,,,1251.5014998454046,0.00049777114,696.5585815608591,0.0005013471,-0.023608731,-0.09343018
2198.044716179737,7954.807,5.3148108,-0.0006388738,139764,1251.5001890900091,696.5596566223435,7130.885,4.627852,1158.5723,1.468809,7954.807,5.3148108,0,,,,,1251.5001890900091,0.00049761205,696.5596566223435,0.0005013715,-0.023290792,-0.09311754
2198.0516607217414,7953.8193,5.314657,-0.00063877314,139765,1251.499594661003,696.557892526918,7131.83,4.6277184,1156.9209,1.470281,7953.8193,5.314657,0,,,,,1251.499594661003,0.00049787934,696.557892526918,0.00050133787,-0.024304688,-0.09484315
2198.058605263687,7955.8774,5.314314,-0.00063867256,139766,1251.5008880310222,696.5612736431766,7131.6577,4.6274195,1158.7872,1.46846,7955.8774,5.314314,0,,,,,1251.5008880310222,0.00049804075,696.5612736431766,0.0005007533,-0.023398539,-0.09006956
2198.065549805691,7957.9395,5.3139396,-0.0006385719,139767,1251.501462352506,696.559987312414,7135.058,4.6270933,1154.8679,1.4673462,7957.9395,5.3139396,0,,,,,1251.501462352506,0.00049765676,696.559987312414,0.0005007029,-0.021722944,-0.093467966
2198.0724943476375,7949.7563,5.314293,-0.00063847133,139768,1251.5004592306022,696.5566620053595,7128.935,4.627401,1159.1495,1.4707153,7949.7563,5.314293,0,,,,,1251.5004592306022,0.00049792544,696.5566620053595,0.0005013607,-0.023369763,-0.09637761
2198.079438889642,7957.7065,5.3158393,-0.0006383707,139769,1251.5012218266947,696.5594515980348,7134.461,4.6287475,1159.3026,1.469662,7957.7065,5.3158393,0,,,,,1251.5012218266947,0.00049793307,696.5594515980348,0.00050128385,-0.023263305,-0.09435806
2198.0863834315874,7957.216,5.315431,-0.0006382701,139770,1251.4988540350435,696.5575482646861,7134.5166,4.6283917,1157.6674,1.4692827,7957.216,5.315431,0,,,,,1251.4988540350435,0.00049757236,696.5575482646861,0.00050139683,-0.0237016,-0.09633669
2198.093327973534,7949.1924,5.3131,-0.0006381695,139771,1251.4995011832123,696.5591716798322,7126.5894,4.6263623,1158.3774,1.4685752,7949.1924,5.3131,0,,,,,1251.4995011832123,0.00049828197,696.5591716798322,0.00050144666,-0.023076547,-0.09320696
2198.10027251548,7951.4727,5.3137546,-0.00063806894,139772,1251.5002684661897,696.5587512059368,7129.1914,4.626932,1158.5023,1.4695222,7951.4727,5.3137546,0,,,,,1251.5002684661897,0.00049772154,696.5587512059368,0.0005012975,-0.023289258,-0.09413086
2198.1072170574266,7954.2,5.317062,-0.00063796836,139773,1251.5014072416477,696.5587516138647,7132.0405,4.6298122,1159.0499,1.4705513,7954.2,5.317062,0,,,,,1251.5014072416477,0.0004978219,696.5587516138647,0.0005016873,-0.022585195,-0.09540897
2198.114161599372,7958.701,5.316287,-0.0006378678,139774,1251.5007428044307,696.5597747869081,7134.4004,4.6291375,1158.425,1.4693066,7958.701,5.316287,0,,,,,1251.5007428044307,0.0004975808,696.5597747869081,0.0005011996,-0.022622095,-0.09270204
2198.1211061413183,7952.586,5.3140197,-0.0006377672,139775,1251.4996555864766,696.5568841627278,7128.6636,4.627163,1156.809,1.4696814,7952.586,5.3140197,0,,,,,1251.4996555864766,0.0004979353,696.5568841627278,0.0005019243,-0.02450229,-0.0964216
2198.1280506832077,7957.128,5.3140836,-0.0006376667,139776,1251.4999399781252,696.5578617972649,7133.807,4.6272187,1156.2906,1.4680519,7957.128,5.3140836,0,,,,,1251.4999399781252,0.00049763673,696.5578617972649,0.00050131924,-0.024578843,-0.09459456
2198.134995225153,7949.369,5.3148026,-0.0006375661,139777,1251.4992539735385,696.5577627942506,7126.816,4.627845,1158.4935,1.4711357,7949.369,5.3148026,0,,,,,1251.4992539735385,0.00049830927,696.5577627942506,0.0005013303,-0.025030458,-0.09400898
2198.14193976704,7957.975,5.315944,-0.00063746556,139778,1251.4999350815062,696.5610379201461,7134.454,4.628839,1158.5603,1.4697679,7957.975,5.315944,0,,,,,1251.4999350815062,0.0004978876,696.5610379201461,0.00050117966,-0.022562344,-0.09263106
2198.1488843089287,7958.7793,5.3161864,-0.00063736504,139779,1251.4991985524366,696.5578032339297,7136.3047,4.62905,1158.7058,1.4696789,7958.7793,5.3161864,0,,,,,1251.4991985524366,0.00049757765,696.5578032339297,0.00050108077,-0.023993889,-0.09562628
2198.1558288508745,7958.583,5.3159623,-0.00063726446,139780,1251.4994953595603,696.5572489614557,7136.3296,4.6288543,1158.5414,1.4690869,7958.583,5.3159623,0,,,,,1251.4994953595603,0.00049746566,696.5572489614557,0.0005011283,-0.023550784,-0.095684126
2198.162773392762,7964.6675,5.316839,-0.00063716393,139781,1251.500008469482,696.5600837882237,7139.665,4.629618,1156.9938,1.4695374,7964.6675,5.316839,0,,,,,1251.500008469482,0.0004974967,696.5600837882237,0.0005010916,-0.024045238,-0.093252264
2198.1697179346497,7950.7227,5.3138275,-0.0006370634,139782,1251.4998701317838,696.5575814702946,7128.949,4.6269956,1157.9452,1.4686313,7950.7227,5.3138275,0,,,,,1251.4998701317838,0.0004977702,696.5575814702946,0.00050115277,-0.024102008,-0.09529512
2198.17666247648,7952.321,5.3159275,-0.00063696294,139783,1251.4990258672165,696.5591385980873,7129.4253,4.628824,1158.5966,1.47146,7952.321,5.3159275,0,,,,,1251.4990258672165,0.0004982876,696.5591385980873,0.00050136435,-0.02504966,-0.09372462
2198.1836070183685,7960.1377,5.3159833,-0.0006368624,139784,1251.5001185957199,696.5561948529667,7136.276,4.628873,1157.8457,1.4693813,7960.1377,5.3159833,0,,,,,1251.5001185957199,0.00049767003,696.5561948529667,0.00050151185,-0.022024583,-0.097419456
2198.190551560256,7959.6924,5.317168,-0.0006367619,139785,1251.499269152409,696.5579332482348,7136.0474,4.6299043,1158.4868,1.4741104,7959.6924,5.317168,0,,,,,1251.499269152409,0.00049778016,696.5579332482348,0.00050114136,-0.02352571,-0.09578754
2198.1974961020856,7952.781,5.313942,-0.0006366614,139786,1251.499901363368,696.5601929241035,7130.5146,4.6270957,1155.9862,1.4682939,7952.781,5.313942,0,,,,,1251.499901363368,0.0004977121,696.5601929241035,0.0005010775,-0.02363314,-0.09352833
2198.204440643974,7956.306,5.3153,-0.0006365609,139787,1251.5001383660895,696.5587910500667,7131.996,4.628278,1158.4033,1.4689038,7956.306,5.3153,0,,,,,1251.5001383660895,0.0004977361,696.5587910500667,0.00050142506,-0.02409213,-0.093931094
2198.2113851858035,7957.0215,5.3160653,-0.00063646043,139788,1251.4990526192262,696.5567098149218,7134.487,4.6289444,1159.8881,1.469056,7957.0215,5.3160653,0,,,,,1251.4990526192262,0.00049724214,696.5567098149218,0.0005017076,-0.025118085,-0.0966159
2198.218329727633,7959.1987,5.3179116,-0.00063635997,139789,1251.500170144203,696.5581978617689,7137.0225,4.630552,1157.871,1.4699997,7959.1987,5.3179116,0,,,,,1251.500170144203,0.0004976207,696.5581978617689,0.0005010286,-0.02433475,-0.09563075
2198.225274269463,7946.1055,5.3111744,-0.0006362595,139790,1251.4995054304322,696.5587890143042,7123.2544,4.624686,1158.4631,1.4684247,7946.1055,5.3111744,0,,,,,1251.4995054304322,0.00049789506,696.5587890143042,0.00050168694,-0.02443779,-0.094434656
2198.232218811293,7956.06,5.3145695,-0.00063615903,139791,1251.49966388883,696.5582347434134,7132.992,4.6276417,1157.7253,1.4683641,7956.06,5.3145695,0,,,,,1251.49966388883,0.00049787713,696.5582347434134,0.00050127436,-0.024034351,-0.09515508
2198.239163353122,7953.218,5.3161554,-0.00063605857,139792,1251.500368957774,696.5567258836094,7130.966,4.629023,1158.4915,1.469258,7953.218,5.3161554,0,,,,,1251.500368957774,0.0004984435,696.5567258836094,0.0005017245,-0.02315203,-0.09732961
2198.246107894894,7951.0444,5.3147454,-0.00063595816,139793,1251.4986930381294,696.558053349239,7129.512,4.6277947,1158.5249,1.4700538,7951.0444,5.3147454,0,,,,,1251.4986930381294,0.0004982586,696.558053349239,0.0005014153,-0.024534017,-0.09569581
2198.2530524367235,7960.0513,5.314901,-0.0006358577,139794,1251.5001590783122,696.5563796811715,7138.059,4.62793,1156.0463,1.4685221,7960.0513,5.314901,0,,,,,1251.5001590783122,0.000497308,696.5563796811715,0.00050125783,-0.024085023,-0.09717864
2198.2599969784956,7956.914,5.318623,-0.0006357573,139795,1251.499260326045,696.5556096533244,7134.2197,4.631171,1160.2626,1.4717038,7956.914,5.318623,0,,,,,1251.499260326045,0.0004978312,696.5556096533244,0.00050168653,-0.025374575,-0.09676903
2198.2669415203245,7958.8384,5.315789,-0.0006356568,139796,1251.5000184139512,696.5575653720974,7135.4717,4.6287036,1156.6337,1.468286,7958.8384,5.315789,0,,,,,1251.5000184139512,0.0004977706,696.5575653720974,0.0005014682,-0.023573846,-0.09717201
2198.273886062096,7968.457,5.3167176,-0.0006355564,139797,1251.4994856291262,696.5566990500348,7144.8022,4.629512,1153.8628,1.4679663,7968.457,5.3167176,0,,,,,1251.4994856291262,0.0004969317,696.5566990500348,0.0005009557,-0.023985717,-0.096843526
2198.2808306038683,7948.621,5.3160486,-0.000635456,139798,1251.5002248313735,696.5574521130137,7128.0566,4.62893,1160.7969,1.4701858,7948.621,5.3160486,0,,,,,1251.5002248313735,0.0004986961,696.5574521130137,0.0005016258,-0.022770207,-0.09581915
2198.2877751456394,7949.2954,5.314143,-0.0006353556,139799,1251.4996049263973,696.5566185580574,7128.1006,4.62727,1159.1389,1.4710535,7949.2954,5.314143,0,,,,,1251.4996049263973,0.00049794535,696.5566185580574,0.0005013885,-0.024381958,-0.09703933
2198.2947196874106,7944.628,5.3170757,-0.0006352552,139800,1251.49889197051,696.5575770819689,7124.664,4.6298237,1160.6263,1.4710195,7944.628,5.3170757,0,,,,,1251.49889197051,0.0004984914,696.5575770819689,0.0005018638,-0.024840081,-0.095674604
2198.3016642291827,7956.2593,5.3162217,-0.0006351548,139801,1251.4992572930396,696.5563824536684,7133.856,4.6290803,1156.4293,1.4690992,7956.2593,5.3162217,0,,,,,1251.4992572930396,0.0004980699,696.5563824536684,0.00050146674,-0.02506659,-0.09650776
2198.3086087708957,7958.8164,5.3183236,-0.0006350544,139802,1251.4993716708489,696.5575877798361,7136.2026,4.6309104,1160.6338,1.4738046,7958.8164,5.3183236,0,,,,,1251.4993716708489,0.0004976696,696.5575877798361,0.00050125056,-0.024878087,-0.095475465
2198.315553312667,7956.5757,5.3147745,-0.000634954,139803,1251.499539791135,696.557150197839,7133.9575,4.62782,1158.685,1.468794,7956.5757,5.3147745,0,,,,,1251.499539791135,0.00049774884,696.557150197839,0.0005012476,-0.023175092,-0.09690757
2198.32249785438,7954.434,5.314589,-0.00063485367,139804,1251.4993077647416,696.5578499973926,7131.282,4.627659,1160.2775,1.4690814,7954.434,5.314589,0,,,,,1251.4993077647416,0.0004975972,696.5578499973926,0.000501452,-0.024223335,-0.095459774
2198.329442396094,7953.6006,5.3165116,-0.0006347533,139805,1251.4987651139638,696.5565838760823,7130.0635,4.6293325,1155.8698,1.4694966,7953.6006,5.3165116,0,,,,,1251.4987651139638,0.0004987103,696.5565838760823,0.000502028,-0.025185572,-0.09752908
2198.3363869378077,7960.0083,5.3171325,-0.00063465297,139806,1251.4994011214367,696.5555057467315,7136.401,4.6298738,1158.1567,1.4688843,7960.0083,5.3171325,0,,,,,1251.4994011214367,0.00049746514,696.5555057467315,0.00050162355,-0.024548572,-0.09776235
2198.3433314795207,7955.903,5.3155327,-0.0006345526,139807,1251.4993241529037,696.55558233012,7133.0527,4.6284804,1159.5272,1.4694543,7955.903,5.3155327,0,,,,,1251.4993241529037,0.0004980248,696.55558233012,0.00050170114,-0.025047716,-0.09783856
2198.3502760212336,7945.3213,5.313158,-0.00063445227,139808,1251.4985200198769,696.5570990369237,7123.9062,4.626413,1159.0065,1.4724721,7945.3213,5.313158,0,,,,,1251.4985200198769,0.00049784116,696.5570990369237,0.0005017324,-0.024712157,-0.09656659
2198.3572205629475,7952.8135,5.314059,-0.0006343519,139809,1251.4992012967105,696.556202312191,7129.858,4.627197,1160.0663,1.469867,7952.8135,5.314059,0,,,,,1251.4992012967105,0.0004977876,696.556202312191,0.00050176866,-0.024818277,-0.0987597
2198.3641651046605,7958.419,5.3156247,-0.00063425157,139810,1251.4988195557544,696.5559348955438,7135.25,4.6285605,1159.0847,1.4696431,7958.419,5.3156247,0,,,,,1251.4988195557544,0.0004975135,696.5559348955438,0.00050153007,-0.023290258,-0.09830086
2198.3711096463153,7959.826,5.3180656,-0.0006341513,139811,1251.4984126216045,696.5585553792577,7135.2847,4.630686,1160.9989,1.4719335,7959.826,5.3180656,0,,,,,1251.4984126216045,0.00049796945,696.5585553792577,0.0005018004,-0.024975637,-0.09556794
2198.3780541879705,7954.348,5.316068,-0.000634051,139812,1251.4994804599673,696.5566431829025,7132.723,4.628947,1158.0786,1.4706004,7954.348,5.316068,0,,,,,1251.4994804599673,0.0004975334,696.5566431829025,0.00050166214,-0.024487367,-0.09841913
2198.384998729684,7956.979,5.31567,-0.00063395064,139813,1251.499122852183,696.5556664374928,7134.412,4.6286,1161.1583,1.4692762,7956.979,5.31567,0,,,,,1251.499122852183,0.00049757014,696.5556664374928,0.00050174474,-0.025348425,-0.09891609
2198.3919432713387,7961.519,5.3162413,-0.00063385034,139814,1251.4988596319513,696.5577201564255,7138.272,4.6290975,1158.0543,1.4693719,7961.519,5.3162413,0,,,,,1251.4988596319513,0.0004971537,696.5577201564255,0.0005008762,-0.0252502,-0.09605685
2198.3988878129944,7958.9297,5.3192477,-0.00063375005,139815,1251.498600080265,696.5566891651937,7136.73,4.6317153,1158.3486,1.4709876,7958.9297,5.3192477,0,,,,,1251.498600080265,0.0004975592,696.5566891651937,0.0005016667,-0.025560193,-0.09660802
2198.405832354649,7958.2124,5.314955,-0.00063364976,139816,1251.498286193672,696.5565757001485,7135.1577,4.627978,1156.2216,1.4680269,7958.2124,5.314955,0,,,,,1251.498286193672,0.00049755926,696.5565757001485,0.0005014567,-0.024787256,-0.09768978
2198.4127768962467,7962.0796,5.315899,-0.0006335495,139817,1251.4996574193,696.5565152258921,7137.8813,4.6287994,1157.7168,1.4698857,7962.0796,5.315899,0,,,,,1251.4996574193,0.0004972421,696.5565152258921,0.0005017223,-0.024222814,-0.09774598
2198.419721437901,7960.245,5.3152375,-0.00063344924,139818,1251.4980631666735,696.5562620778545,7136.7305,4.6282234,1156.9165,1.468415,7960.245,5.3152375,0,,,,,1251.4980631666735,0.0004973266,696.5562620778545,0.0005012789,-0.024736961,-0.09718856
2198.426665979498,7958.402,5.3188906,-0.000633349,139819,1251.4983953387664,696.5560674392301,7134.741,4.631405,1157.7725,1.4723103,7958.402,5.3188906,0,,,,,1251.4983953387664,0.00049757503,696.5560674392301,0.0005020065,-0.026077427,-0.09768495
2198.4336105211532,7960.698,5.318674,-0.0006332487,139820,1251.4977977951223,696.5534498451933,7138.6797,4.6312156,1159.2367,1.4734895,7960.698,5.318674,0,,,,,1251.4977977951223,0.0004973308,696.5534498451933,0.0005012924,-0.025901098,-0.09918569
2198.44055506275,7951.4185,5.313997,-0.0006331485,139821,1251.4989390860455,696.5568312238241,7129.6343,4.627143,1158.4708,1.4697635,7951.4185,5.313997,0,,,,,1251.4989390860455,0.0004976286,696.5568312238241,0.0005015138,-0.025894633,-0.096067525
2198.447499604347,7968.038,5.3201942,-0.00063304824,139822,1251.496571385241,696.5568245639103,7143.0312,4.6325397,1155.1515,1.4711068,7968.038,5.3201942,0,,,,,1251.496571385241,0.0004974884,696.5568245639103,0.00050195865,-0.026905403,-0.09673393
2198.4544441459443,7947.7266,5.3135157,-0.000632948,139823,1251.4990809148026,696.5556289452035,7125.902,4.6267242,1158.928,1.4717155,7947.7266,5.3135157,0,,,,,1251.4990809148026,0.00049778726,696.5556289452035,0.0005018568,-0.02493239,-0.09759438
2198.461388687541,7954.855,5.314997,-0.0006328478,139824,1251.500301197519,696.5560047545805,7132.2407,4.6280146,1155.8124,1.468696,7954.855,5.314997,0,,,,,1251.500301197519,0.0004977286,696.5560047545805,0.0005014131,-0.025399003,-0.09651129
2198.4683332290792,7955.705,5.3150563,-0.0006327476,139825,1251.4980738563077,696.5563349017907,7133.2334,4.6280656,1157.8562,1.469461,7955.705,5.3150563,0,,,,,1251.4980738563077,0.00049755437,696.5563349017907,0.000501677,-0.026379848,-0.097375385
2198.4752777706763,7956.671,5.315706,-0.00063264737,139826,1251.4993405564758,696.5539219209105,7135.271,4.6286316,1157.2301,1.4682704,7956.671,5.315706,0,,,,,1251.4993405564758,0.0004977992,696.5539219209105,0.0005015302,-0.025319677,-0.099640645
2198.482222312216,7954.71,5.315907,-0.0006325472,139827,1251.4974464192153,696.5555468822308,7132.989,4.628806,1158.0687,1.4707856,7954.71,5.315907,0,,,,,1251.4974464192153,0.00049759896,696.5555468822308,0.000501682,-0.026836313,-0.09797663
2198.489166853754,7959.7324,5.3153453,-0.000632447,139828,1251.4978227167464,696.5543465356635,7137.1963,4.6283174,1158.2073,1.4689353,7959.7324,5.3153453,0,,,,,1251.4978227167464,0.0004971604,696.5543465356635,0.0005016804,-0.025980078,-0.099129625
2198.4961113953505,7947.83,5.3134284,-0.0006323468,139829,1251.4988288937386,696.5540727299651,7126.8486,4.6266484,1158.6891,1.4704636,7947.83,5.3134284,0,,,,,1251.4988288937386,0.0004975437,696.5540727299651,0.00050193764,-0.025146304,-0.09983741
2198.5030559368893,7960.0264,5.3192034,-0.0006322466,139830,1251.4983456122566,696.555889908503,7135.994,4.631677,1159.5978,1.4702355,7960.0264,5.3192034,0,,,,,1251.4983456122566,0.0004977625,696.555889908503,0.00050233415,-0.025361162,-0.098993674
2198.5100004783703,7951.3125,5.3141003,-0.0006321465,139831,1251.4982774314094,696.5561908720999,7130.5835,4.6272335,1159.5358,1.4687362,7951.3125,5.3141003,0,,,,,1251.4982774314094,0.00049754366,696.5561908720999,0.0005016427,-0.025380949,-0.09824385
2198.5169450199082,7956.776,5.315109,-0.0006320463,139832,1251.4980334082397,696.5561764781795,7133.4536,4.6281114,1157.8685,1.4717286,7956.776,5.315109,0,,,,,1251.4980334082397,0.0004973265,696.5561764781795,0.00050146854,-0.026551325,-0.097604096
2198.523889561446,7957.204,5.3165855,-0.00063194614,139833,1251.497439765893,696.5541958433122,7134.7607,4.6293974,1157.7144,1.4696519,7957.204,5.3165855,0,,,,,1251.497439765893,0.0004976887,696.5541958433122,0.00050214137,-0.026636573,-0.10120827
2198.5308341029277,7954.171,5.314989,-0.000631846,139834,1251.4965652215692,696.5573324630882,7132.58,4.628007,1159.6769,1.4692601,7954.171,5.314989,0,,,,,1251.4965652215692,0.00049766107,696.5573324630882,0.00050145946,-0.027308417,-0.09577042
2198.5377786444083,7954.0083,5.315097,-0.0006317459,139835,1251.4979656028327,696.5557009052353,7131.2847,4.6281013,1157.8284,1.4696387,7954.0083,5.315097,0,,,,,1251.4979656028327,0.00049772166,696.5557009052353,0.000502165,-0.025776478,-0.09886108
2198.5447231858884,7951.584,5.3152027,-0.0006316458,139836,1251.4983534008154,696.5549729391521,7129.693,4.6281934,1157.86,1.4687175,7951.584,5.3152027,0,,,,,1251.4983534008154,0.0004976383,696.5549729391521,0.0005019656,-0.02605692,-0.09791234
2198.551667727369,7959.988,5.321134,-0.00063154567,139837,1251.4986250120824,696.5547350848217,7138.036,4.633358,1156.4756,1.4695778,7959.988,5.321134,0,,,,,1251.4986250120824,0.0004973838,696.5547350848217,0.0005022138,-0.025390076,-0.09915269
2198.5586122688496,7955.8604,5.315586,-0.00063144555,139838,1251.497459026461,696.5553854871845,7134.3594,4.628527,1157.2616,1.4686832,7955.8604,5.315586,0,,,,,1251.497459026461,0.00049754063,696.5553854871845,0.00050160114,-0.02659371,-0.098391965
2198.5655568103307,7947.9204,5.314684,-0.00063134544,139839,1251.4977693166686,696.5541919416158,7127.198,4.6277413,1158.985,1.4710789,7947.9204,5.314684,0,,,,,1251.4977693166686,0.0004981115,696.5541919416158,0.00050190446,-0.026343616,-0.09935473
2198.5725013518104,7956.087,5.316078,-0.0006312453,139840,1251.4966351465173,696.5546154249425,7134.926,4.6289554,1158.0682,1.4710648,7956.087,5.316078,0,,,,,1251.4966351465173,0.00049742474,696.5546154249425,0.0005016839,-0.02733564,-0.099810414
2198.579445893233,7947.6797,5.314567,-0.00063114526,139841,1251.499541950755,696.5531518266656,7126.8247,4.6276393,1157.9762,1.4694216,7947.6797,5.314567,0,,,,,1251.499541950755,0.00049834186,696.5531518266656,0.0005021863,-0.025251575,-0.101148754
2198.586390434655,7956.263,5.314981,-0.0006310452,139842,1251.496045387377,696.5576016765087,7133.229,4.628,1160.3313,1.4699585,7956.263,5.314981,0,,,,,1251.496045387377,0.00049762364,696.5576016765087,0.0005016646,-0.027620818,-0.09687869
2198.5933349760767,7957.867,5.319589,-0.00063094514,139843,1251.4971538407992,696.5545414310052,7136.1,4.6320124,1158.7574,1.471906,7957.867,5.319589,0,,,,,1251.4971538407992,0.0004974037,696.5545414310052,0.0005019814,-0.02648805,-0.1000384
2198.6002795174995,7954.319,5.314442,-0.0006308451,139844,1251.497767154634,696.5533715339218,7133.2656,4.627531,1158.1842,1.4685292,7954.319,5.314442,0,,,,,1251.497767154634,0.00049718085,696.5533715339218,0.0005021239,-0.026108209,-0.10166845
2198.6072240589224,7964.268,5.320196,-0.000630745,139845,1251.4983729007345,696.5537293151947,7141.9683,4.632541,1159.3551,1.4716367,7964.268,5.320196,0,,,,,1251.4983729007345,0.0004976718,696.5537293151947,0.0005013431,-0.025216402,-0.09936759
2198.6141686003443,7949.3687,5.3141384,-0.00063064496,139846,1251.4971473150513,696.5515656841901,7128.466,4.6272664,1158.252,1.4691932,7949.3687,5.3141384,0,,,,,1251.4971473150513,0.00049770536,696.5515656841901,0.0005024284,-0.027947363,-0.10222529
2198.621113141708,7948.5737,5.3137116,-0.00063054496,139847,1251.4968107800532,696.5538786498846,7128.417,4.626895,1156.2467,1.4691192,7948.5737,5.3137116,0,,,,,1251.4968107800532,0.00049777055,696.5538786498846,0.00050188944,-0.026600635,-0.10055663
2198.6280576831305,7961.4585,5.3159294,-0.0006304449,139848,1251.498151848094,696.5546671574415,7138.798,4.628826,1156.4417,1.4686935,7961.4585,5.3159294,0,,,,,1251.498151848094,0.0004971684,696.5546671574415,0.0005016058,-0.026334569,-0.099088065
2198.6350022244956,7950.7944,5.312948,-0.0006303449,139849,1251.4988930695984,696.5540584996402,7129.642,4.6262302,1155.6783,1.467957,7950.7944,5.312948,0,,,,,1251.4988930695984,0.00049753685,696.5540584996402,0.0005020889,-0.026109794,-0.10102965
2198.641946765859,7952.3765,5.3132052,-0.0006302449,139850,1251.4971918241754,696.5559968115278,7129.2217,4.626454,1157.9897,1.4688793,7952.3765,5.3132052,0,,,,,1251.4971918241754,0.0004976754,696.5559968115278,0.0005020716,-0.025902946,-0.09887878
2198.648891307222,7957.1616,5.315386,-0.0006301449,139851,1251.4969917170292,696.5527613048282,7136.1235,4.6283526,1157.6405,1.4682723,7957.1616,5.315386,0,,,,,1251.4969917170292,0.00049713306,696.5527613048282,0.0005015964,-0.027194386,-0.10211428
2198.655835848587,7953.3345,5.3150415,-0.0006300449,139852,1251.495839885898,696.5550849392358,7130.7017,4.6280527,1156.8363,1.4707525,7953.3345,5.3150415,0,,,,,1251.495839885898,0.0004976356,696.5550849392358,0.00050223124,-0.028467907,-0.09965944
2198.6627803899514,7948.5366,5.3146677,-0.0006299449,139853,1251.4965353114208,696.5545763654229,7127.067,4.627727,1158.1803,1.468675,7948.5366,5.3146677,0,,,,,1251.4965353114208,0.00049846043,696.5545763654229,0.00050207315,-0.027328733,-0.09841485
2198.6697249312565,7961.771,5.317549,-0.00062984496,139854,1251.4968145721693,696.5542485463684,7138.841,4.630236,1158.2825,1.4709243,7961.771,5.317549,0,,,,,1251.4968145721693,0.00049723685,696.5542485463684,0.00050170615,-0.027156748,-0.100089625
2198.6766694725625,7957.2466,5.317705,-0.000629745,139855,1251.4975733501387,696.5534864138485,7135.464,4.630372,1158.5769,1.473379,7957.2466,5.317705,0,,,,,1251.4975733501387,0.0004974103,696.5534864138485,0.00050202024,-0.026199944,-0.1017413
2198.683614013927,7941.9478,5.3130727,-0.000629645,139856,1251.4965459113923,696.5561002519321,7122.444,4.6263385,1161.1667,1.4712421,7941.9478,5.3130727,0,,,,,1251.4965459113923,0.00049767725,696.5561002519321,0.00050184235,-0.027685005,-0.09843497
2198.6905585552327,7950.863,5.314827,-0.0006295451,139857,1251.49719332325,696.5533698260455,7130.526,4.627866,1158.942,1.4689041,7950.863,5.314827,0,,,,,1251.49719332325,0.0004976747,696.5533698260455,0.00050210155,-0.026818302,-0.10116025
2198.69750309648,7950.396,5.3166227,-0.0006294452,139858,1251.4967760962634,696.5529585943394,7131.155,4.62943,1159.031,1.4705487,7950.396,5.3166227,0,,,,,1251.4967760962634,0.000497809,696.5529585943394,0.00050192233,-0.027397826,-0.10072426
2198.7044476377855,7950.127,5.317669,-0.00062934525,139859,1251.4973403927477,696.5530733428599,7129.6,4.6303406,1159.0134,1.4704566,7950.127,5.317669,0,,,,,1251.4973403927477,0.00049782766,696.5530733428599,0.0005027086,-0.026897274,-0.10183899
2198.711392179092,7956.861,5.315769,-0.0006292453,139860,1251.4959828776373,696.5530091770019,7134.9956,4.6286864,1158.4215,1.4691288,7956.861,5.315769,0,,,,,1251.4959828776373,0.0004971768,696.5530091770019,0.0005017907,-0.02847184,-0.100405715
2198.71833672034,7952.271,5.3141813,-0.0006291454,139861,1251.4960837056014,696.5545376303244,7130.4614,4.6273036,1156.766,1.4693077,7952.271,5.3141813,0,,,,,1251.4960837056014,0.0004974969,696.5545376303244,0.000502333,-0.027922017,-0.10027711
2198.725281261587,7955.672,5.3162274,-0.00062904553,139862,1251.4979112580656,696.5530187049711,7134.9434,4.6290855,1157.184,1.4706525,7955.672,5.3162274,0,,,,,1251.4979112580656,0.00049733405,696.5530187049711,0.0005015638,-0.027007654,-0.10121286
2198.732225802835,7955.0063,5.3149815,-0.00062894565,139863,1251.4968359270265,696.5535191297081,7133.7417,4.6280003,1156.4337,1.4702173,7955.0063,5.3149815,0,,,,,1251.4968359270265,0.00049713434,696.5535191297081,0.000501755,-0.027521845,-0.100717336
2198.7391703440826,7949.0566,5.313321,-0.00062884577,139864,1251.4970220728605,696.5531133320918,7128.2417,4.626555,1156.8345,1.468413,7949.0566,5.313321,0,,,,,1251.4970220728605,0.00049768656,696.5531133320918,0.000502258,-0.026634827,-0.10094612
2198.7461148853295,7953.113,5.3137665,-0.0006287459,139865,1251.4965442856828,696.5525369345398,7132.3228,4.6269426,1155.4114,1.4675967,7953.113,5.3137665,0,,,,,1251.4965442856828,0.00049727206,696.5525369345398,0.00050202,-0.027706765,-0.102237955
2198.753059426578,7948.81,5.3145523,-0.000628646,139866,1251.49659356727,696.5519254731825,7127.47,4.627627,1158.6554,1.4691473,7948.81,5.3145523,0,,,,,1251.49659356727,0.0004972226,696.5519254731825,0.00050242717,-0.02820587,-0.10174982
2198.7600039677677,7953.724,5.313241,-0.0006285462,139867,1251.4953369767143,696.5549116531682,7131.907,4.626485,1156.5791,1.4677907,7953.724,5.313241,0,,,,,1251.4953369767143,0.0004972473,696.5549116531682,0.00050190475,-0.02804186,-0.099271566
2198.766948508957,7959.4277,5.3177447,-0.00062844635,139868,1251.4972413816356,696.5518294910751,7137.951,4.6304064,1156.3724,1.4705864,7959.4277,5.3177447,0,,,,,1251.4972413816356,0.0004977055,696.5518294910751,0.00050174084,-0.027075732,-0.102174036
2198.773893050146,7955.133,5.313977,-0.0006283465,139869,1251.4977722999756,696.5519575924535,7132.3247,4.6271257,1158.1509,1.4682635,7955.133,5.313977,0,,,,,1251.4977722999756,0.00049741735,696.5519575924535,0.00050231355,-0.026287965,-0.10264614
2198.7808375913355,7967.2393,5.319741,-0.0006282467,139870,1251.4956787643202,696.5536874613705,7144.4067,4.632145,1154.7515,1.4683539,7967.2393,5.319741,0,,,,,1251.4956787643202,0.00049775804,696.5536874613705,0.0005017238,-0.028295893,-0.10093265
2198.787782132526,7955.277,5.317525,-0.00062814687,139871,1251.4973904848573,696.5523896673739,7135.589,4.630215,1157.7156,1.471795,7955.277,5.317525,0,,,,,1251.4973904848573,0.0004973856,696.5523896673739,0.0005019313,-0.0280471,-0.102365725
2198.7947266737146,7952.942,5.315032,-0.00062804704,139872,1251.4971858570607,696.5528879222729,7131.696,4.628044,1159.3638,1.4695039,7952.942,5.315032,0,,,,,1251.4971858570607,0.0004974534,696.5528879222729,0.0005021713,-0.027725277,-0.10263201
2198.801671214845,7954.4766,5.3156843,-0.0006279473,139873,1251.4958078826871,696.5514400191431,7133.8335,4.6286125,1159.4266,1.4685078,7954.4766,5.3156843,0,,,,,1251.4958078826871,0.00049710344,696.5514400191431,0.000502073,-0.02774768,-0.10349051
2198.808615756035,7947.3545,5.31408,-0.00062784745,139874,1251.496191967536,696.5539631139318,7126.8076,4.627216,1158.6757,1.4702458,7947.3545,5.31408,0,,,,,1251.496191967536,0.0004974625,696.5539631139318,0.0005022946,-0.028371055,-0.10031104
2198.8155602971665,7956.5435,5.3183336,-0.0006277477,139875,1251.4972673730488,696.5524217647115,7136.0884,4.6309195,1157.711,1.4726957,7956.5435,5.3183336,0,,,,,1251.4972673730488,0.00049760705,696.5524217647115,0.00050150685,-0.027290184,-0.10220373
2198.822504838298,7944.0645,5.3115263,-0.0006276479,139876,1251.4950301770957,696.5546319780032,7121.9575,4.624992,1157.5216,1.4690353,7944.0645,5.3115263,0,,,,,1251.4950301770957,0.0004977005,696.5546319780032,0.000502478,-0.029443016,-0.09892751
2198.8294493793715,7950.1797,5.3136754,-0.0006275482,139877,1251.4961659228927,696.5526095330034,7130.077,4.6268635,1158.1862,1.468687,7950.1797,5.3136754,0,,,,,1251.4961659228927,0.0004972586,696.5526095330034,0.0005021272,-0.027984502,-0.10321925
2198.8363939205024,7942.1147,5.3139935,-0.00062744843,139878,1251.495328212076,696.5529921830926,7122.1494,4.6271405,1157.6261,1.4696673,7942.1147,5.3139935,0,,,,,1251.495328212076,0.0004976245,696.5529921830926,0.00050300785,-0.028434062,-0.10079185
2198.8433384616333,7947.1035,5.3171015,-0.00062734867,139879,1251.4961780977148,696.5524869375627,7126.283,4.6298466,1159.0052,1.4730374,7947.1035,5.3171015,0,,,,,1251.4961780977148,0.0004976054,696.5524869375627,0.00050294347,-0.028492706,-0.10298565
2198.850283002706,7950.667,5.3151135,-0.00062724896,139880,1251.4958480438636,696.5522319047495,7131.102,4.6281157,1158.072,1.4698918,7950.667,5.3151135,0,,,,,1251.4958480438636,0.0004974815,696.5522319047495,0.0005020646,-0.028182415,-0.10313669
2198.8572275437787,7948.761,5.3178177,-0.00062714925,139881,1251.4960124650775,696.5525271524767,7128.6553,4.6304703,1158.2706,1.4697542,7948.761,5.3178177,0,,,,,1251.4960124650775,0.0004977141,696.5525271524767,0.00050292275,-0.028013874,-0.102061525
2198.8641720848523,7956.895,5.3136373,-0.00062704954,139882,1251.4940637152922,696.5534849042076,7134.31,4.62683,1155.3633,1.4674461,7956.895,5.3136373,0,,,,,1251.4940637152922,0.00049711094,696.5534849042076,0.00050177146,-0.029630728,-0.10129849
2198.8711166259254,7952.0327,5.31413,-0.0006269498,139883,1251.4959784325954,696.5521829356522,7130.9663,4.627259,1156.8322,1.4679016,7952.0327,5.31413,0,,,,,1251.4959784325954,0.0004974238,696.5521829356522,0.00050239754,-0.027978597,-0.10292623
2198.87806116694,7962.085,5.321228,-0.0006268502,139884,1251.4943752137112,696.5545356934297,7139.709,4.6334395,1155.5624,1.4700809,7962.085,5.321228,0,,,,,1251.4943752137112,0.0004970566,696.5545356934297,0.00050250156,-0.029997105,-0.09982012
2198.885005708013,7954.7485,5.3152723,-0.00062675047,139885,1251.4943397488553,696.5524928575604,7134.613,4.628254,1158.6102,1.4687828,7954.7485,5.3152723,0,,,,,1251.4943397488553,0.00049713155,696.5524928575604,0.00050155073,-0.029586276,-0.10177315
2198.891950249028,7954.9683,5.316258,-0.0006266508,139886,1251.4951480827033,696.5524100799072,7134.7524,4.6291122,1159.7595,1.4692483,7954.9683,5.316258,0,,,,,1251.4951480827033,0.00049741997,696.5524100799072,0.0005019654,-0.02889989,-0.102781855
2198.898894790042,7952.5215,5.31552,-0.00062655116,139887,1251.4970330920908,696.5524774185026,7132.122,4.6284695,1158.898,1.4693485,7952.5215,5.31552,0,,,,,1251.4970330920908,0.0004975966,696.5524774185026,0.0005021882,-0.027863748,-0.102920555
2198.905839331058,7946.979,5.313637,-0.0006264515,139888,1251.4948123906656,696.5544513885741,7127.2324,4.6268296,1157.1683,1.4695253,7946.979,5.313637,0,,,,,1251.4948123906656,0.0004973984,696.5544513885741,0.0005025831,-0.029862419,-0.100396864
2198.912783872073,7953.8247,5.319024,-0.00062635186,139889,1251.4953849934318,696.5526254951546,7133.5376,4.6315207,1159.0371,1.4698794,7953.8247,5.319024,0,,,,,1251.4953849934318,0.0004981219,696.5526254951546,0.00050290086,-0.028107226,-0.102803774
2198.919728413029,7946.4346,5.316264,-0.00062625227,139890,1251.495850715057,696.5519919506542,7127.2427,4.6291175,1159.6443,1.4699107,7946.4346,5.316264,0,,,,,1251.495850715057,0.00049838907,696.5519919506542,0.00050269015,-0.029062366,-0.10330303
2198.9266729539854,7951.809,5.3152976,-0.0006261527,139891,1251.4962744589097,696.5505554084749,7131.6533,4.628276,1159.353,1.4716421,7951.809,5.3152976,0,,,,,1251.4962744589097,0.0004972152,696.5505554084749,0.000502393,-0.028220838,-0.10463611
2198.9336174950004,7943.547,5.3130155,-0.000626053,139892,1251.4934554149897,696.5532248639963,7125.0664,4.6262884,1157.8464,1.4686486,7943.547,5.3130155,0,,,,,1251.4934554149897,0.0004973914,696.5532248639963,0.00050191773,-0.030981803,-0.10175865
2198.940562035958,7951.069,5.314672,-0.0006259534,139893,1251.4940866065263,696.5517145182772,7132.4663,4.6277313,1159.1382,1.4685063,7951.069,5.314672,0,,,,,1251.4940866065263,0.00049717986,696.5517145182772,0.0005020875,-0.030337438,-0.10388644
2198.9475065768556,7945.2656,5.3128543,-0.0006258539,139894,1251.4958322814705,696.551033106052,7125.448,4.626148,1157.9548,1.4687847,7945.2656,5.3128543,0,,,,,1251.4958322814705,0.00049761514,696.551033106052,0.00050253904,-0.028986806,-0.103649
2198.9544511178124,7954.51,5.3162217,-0.0006257543,139895,1251.4941716976211,696.5530372638035,7133.3057,4.6290803,1158.4309,1.4699388,7954.51,5.3162217,0,,,,,1251.4941716976211,0.00049699313,696.5530372638035,0.00050208945,-0.030038496,-0.10172875
2198.961395658769,7954.9375,5.314587,-0.0006256547,139896,1251.4964098932248,696.5516055535866,7134.9795,4.627657,1156.5911,1.4681352,7954.9375,5.314587,0,,,,,1251.4964098932248,0.00049703085,696.5516055535866,0.0005019422,-0.028078847,-0.10326725
2198.9683401996667,7949.199,5.31544,-0.00062555517,139897,1251.4941338362441,696.5519749375006,7130.046,4.6284003,1157.1506,1.4696244,7949.199,5.31544,0,,,,,1251.4941338362441,0.000497374,696.5519749375006,0.00050235324,-0.03091326,-0.10327218
2198.9752847405657,7942.211,5.313987,-0.00062545564,139898,1251.4951929343943,696.5512461637022,7123.816,4.6271343,1155.5026,1.4698696,7942.211,5.313987,0,,,,,1251.4951929343943,0.00049742026,696.5512461637022,0.0005029469,-0.029159496,-0.10454234
2198.9822292814647,7949.2476,5.3152323,-0.0006253561,139899,1251.4945944253197,696.5513892691177,7130.04,4.6282187,1159.426,1.4701303,7949.2476,5.3152323,0,,,,,1251.4945944253197,0.00049764063,696.5513892691177,0.00050249306,-0.029462123,-0.10464751
2198.9891738223628,7946.9204,5.313504,-0.00062525657,139900,1251.495834697427,696.5502376450917,7128.0884,4.6267147,1157.4341,1.4687183,7946.9204,5.313504,0,,,,,1251.495834697427,0.0004974519,696.5502376450917,0.00050239504,-0.029829437,-0.10430376
2198.9961183632026,7958.178,5.318194,-0.0006251571,139901,1251.4949825157935,696.5508714883005,7137.7866,4.630798,1157.6278,1.4690783,7958.178,5.318194,0,,,,,1251.4949825157935,0.0004972505,696.5508714883005,0.0005025753,-0.029299676,-0.10510444
2199.0030629041007,7960.164,5.31685,-0.00062505755,139902,1251.4930542784675,696.5528932850839,7138.1953,4.6296277,1156.2653,1.4684259,7960.164,5.31685,0,,,,,1251.4930542784675,0.0004969069,696.5528932850839,0.0005023047,-0.031562395,-0.10173711
2199.0100074449415,7948.0737,5.3175545,-0.0006249581,139903,1251.4941539307272,696.5526957339848,7128.858,4.630241,1157.3629,1.4722266,7948.0737,5.3175545,0,,,,,1251.4941539307272,0.000497411,696.5526957339848,0.00050253485,-0.03021368,-0.10149247
2199.016951985782,7950.799,5.318327,-0.0006248586,139904,1251.49498537243,696.5509786382387,7132.681,4.6309137,1157.5789,1.4707828,7950.799,5.318327,0,,,,,1251.49498537243,0.00049794425,696.5509786382387,0.00050209,-0.029640017,-0.10364251
2199.0238965266212,7960.8364,5.316475,-0.0006247591,139905,1251.493704195211,696.5509731776683,7140.911,4.6293006,1157.2943,1.4682493,7960.8364,5.316475,0,,,,,1251.493704195211,0.00049673894,696.5509731776683,0.00050123513,-0.030983312,-0.10348307
2199.030841067404,7949.187,5.3141847,-0.0006246597,139906,1251.4948775228538,696.5506063680771,7130.5806,4.627307,1159.1301,1.4694389,7949.187,5.3141847,0,,,,,1251.4948775228538,0.0004974054,696.5506063680771,0.0005021992,-0.030254656,-0.10390048
2199.0377856082446,7952.9844,5.314389,-0.0006245602,139907,1251.4941462330053,696.5511800061817,7134.096,4.627485,1157.5201,1.4682448,7952.9844,5.314389,0,,,,,1251.4941462330053,0.0004969218,696.5511800061817,0.00050202967,-0.03037505,-0.10378548
2199.0447301490262,7948.2803,5.3142114,-0.0006244608,139908,1251.4940735841644,696.55107159644,7128.346,4.62733,1158.2649,1.468412,7948.2803,5.3142114,0,,,,,1251.4940735841644,0.0004972652,696.55107159644,0.0005029218,-0.030277137,-0.10454495
2199.051674689808,7958.6216,5.3185062,-0.0006243614,139909,1251.4950326824755,696.5519706552718,7139.493,4.6310697,1153.652,1.4699639,7958.6216,5.3185062,0,,,,,1251.4950326824755,0.00049751304,696.5519706552718,0.00050175283,-0.029682148,-0.10290334
2199.05861923059,7946.409,5.314634,-0.000624262,139910,1251.4949059882997,696.5485004336258,7128.3027,4.627698,1160.1019,1.469752,7946.409,5.314634,0,,,,,1251.4949059882997,0.00049766473,696.5485004336258,0.0005024663,-0.029609201,-0.10707178
2199.065563771314,7942.96,5.313579,-0.0006241626,139911,1251.493965595844,696.5524113817056,7124.728,4.626779,1158.3657,1.4707454,7942.96,5.313579,0,,,,,1251.493965595844,0.0004973029,696.5524113817056,0.00050258235,-0.030978456,-0.1021614
2199.0725083120956,7958.358,5.320371,-0.0006240632,139912,1251.493176082994,696.5499660025696,7139.213,4.632694,1156.3082,1.4700763,7958.358,5.320371,0,,,,,1251.493176082994,0.0004968964,696.5499660025696,0.0005022701,-0.031109506,-0.10466099
2199.0794528528195,7940.9785,5.313425,-0.00062396383,139913,1251.4945363503907,696.5490555650133,7123.293,4.6266456,1160.1155,1.470557,7940.9785,5.313425,0,,,,,1251.4945363503907,0.0004978339,696.5490555650133,0.00050302607,-0.029458873,-0.10620579
2199.0863973935434,7953.553,5.317465,-0.0006238645,139914,1251.4936618045367,696.5512137142589,7134.5015,4.6301627,1159.0167,1.4705744,7953.553,5.317465,0,,,,,1251.4936618045367,0.0004976378,696.5512137142589,0.0005022785,-0.030447109,-0.10420578
2199.0933419342678,7951.9624,5.317014,-0.0006237651,139915,1251.494230986131,696.5505303642142,7133.206,4.6297708,1158.1333,1.4706917,7951.9624,5.317014,0,,,,,1251.494230986131,0.0004969827,696.5505303642142,0.0005023532,-0.030702855,-0.10366705
2199.1002864749908,7953.843,5.314375,-0.00062366575,139916,1251.4938097344132,696.550121849331,7135.6035,4.6274724,1156.8478,1.4674052,7953.843,5.314375,0,,,,,1251.4938097344132,0.0004969097,696.550121849331,0.00050224015,-0.030720044,-0.10587645
2199.1072310156565,7944.465,5.312443,-0.00062356645,139917,1251.4930905979284,696.5506077656863,7125.0107,4.62579,1158.6296,1.4697409,7944.465,5.312443,0,,,,,1251.4930905979284,0.00049750943,696.5506077656863,0.0005024717,-0.03107303,-0.10416505
2199.1141755563804,7957.3276,5.317501,-0.0006234671,139918,1251.4934939295472,696.5515450410487,7138.8057,4.630194,1158.7561,1.4694343,7957.3276,5.317501,0,,,,,1251.4934939295472,0.0004968736,696.5515450410487,0.0005018621,-0.030902065,-0.103830285
2199.121120097045,7958.29,5.315183,-0.0006233678,139919,1251.49265319903,696.5489435001422,7138.458,4.628176,1155.2427,1.4675977,7958.29,5.315183,0,,,,,1251.49265319903,0.0004967646,696.5489435001422,0.00050232356,-0.032123163,-0.10556187
2199.1280646377113,7953.834,5.3158894,-0.0006232685,139920,1251.4941924369366,696.550440194233,7134.2114,4.6287913,1158.0444,1.4693596,7953.834,5.3158894,0,,,,,1251.4941924369366,0.0004974162,696.550440194233,0.0005021143,-0.030534666,-0.104908116
2199.135009178319,7944.7817,5.314123,-0.00062316924,139921,1251.4929593322715,696.5501800874816,7127.7354,4.627253,1156.8253,1.4705065,7944.7817,5.314123,0,,,,,1251.4929593322715,0.0004972764,696.5501800874816,0.00050246634,-0.031669308,-0.10432655
2199.1419537189845,7959.8247,5.3189754,-0.00062306994,139922,1251.4940527052713,696.5507842884277,7140.0884,4.6314783,1158.3707,1.4697746,7959.8247,5.3189754,0,,,,,1251.4940527052713,0.0004975396,696.5507842884277,0.0005021384,-0.030549193,-0.1042064
2199.1488982595915,7948.8457,5.3175626,-0.0006229707,139923,1251.4934020745645,696.5501730552319,7131.195,4.630248,1159.942,1.469791,7948.8457,5.3175626,0,,,,,1251.4934020745645,0.0004975615,696.5501730552319,0.00050295645,-0.031681098,-0.10488121
2199.1558428001986,7950.749,5.3158174,-0.00062287145,139924,1251.4935607216162,696.5528575674366,7132.3647,4.6287284,1156.5718,1.4686451,7950.749,5.3158174,0,,,,,1251.4935607216162,0.00049707835,696.5528575674366,0.00050249434,-0.032202322,-0.10298994
2199.1627873408065,7959.996,5.319222,-0.0006227722,139925,1251.4926902469203,696.5503322125844,7141.0005,4.631693,1156.4281,1.4711136,7959.996,5.319222,0,,,,,1251.4926902469203,0.0004970803,696.5503322125844,0.00050206704,-0.032358143,-0.10473721
2199.169731881414,7955.298,5.31499,-0.00062267296,139926,1251.4930273623163,696.5481484581596,7137.625,4.6280084,1154.9814,1.4687241,7955.298,5.31499,0,,,,,1251.4930273623163,0.0004967228,696.5481484581596,0.00050231424,-0.031598076,-0.10753717
2199.1766764219624,7949.742,5.314529,-0.0006225738,139927,1251.4930971022377,696.5499967003047,7131.7075,4.6276064,1158.7546,1.4688629,7949.742,5.314529,0,,,,,1251.4930971022377,0.000497049,696.5499967003047,0.00050240307,-0.030951604,-0.10552033
2199.1836209625703,7945.1934,5.314702,-0.00062247453,139928,1251.4929876340404,696.5501152540627,7127.3613,4.627757,1156.6599,1.4699595,7945.1934,5.314702,0,,,,,1251.4929876340404,0.0004973338,696.5501152540627,0.0005027439,-0.031902146,-0.10589231
2199.1905655031196,7948.144,5.317566,-0.00062237534,139929,1251.4932583653888,696.5492737053099,7130.756,4.630251,1155.5032,1.4713383,7948.144,5.317566,0,,,,,1251.4932583653888,0.00049729523,696.5492737053099,0.00050315744,-0.03082093,-0.10636083
2199.197510043669,7952.794,5.3151,-0.00062227616,139930,1251.4948003196423,696.550297598143,7134.014,4.6281037,1156.6392,1.4694805,7952.794,5.3151,0,,,,,1251.4948003196423,0.00049696316,696.550297598143,0.0005022815,-0.030591778,-0.10521066
2199.2044545841595,7950.1963,5.3163137,-0.00062217703,139931,1251.4927341156779,696.5494846724313,7132.018,4.6291604,1156.8757,1.469101,7950.1963,5.3163137,0,,,,,1251.4927341156779,0.0004972399,696.5494846724313,0.00050296675,-0.032123487,-0.106365606
2199.211399124709,7961.2246,5.316562,-0.00062207785,139932,1251.491829247157,696.5516172561054,7142.017,4.629377,1157.5769,1.4687219,7961.2246,5.316562,0,,,,,1251.491829247157,0.00049653446,696.5516172561054,0.0005016083,-0.033470146,-0.10454191
2199.2183436652,7952.927,5.3174467,-0.0006219787,139933,1251.4943288467514,696.5487448705438,7136.575,4.630147,1156.8105,1.4682878,7952.927,5.3174467,0,,,,,1251.4943288467514,0.0004969095,696.5487448705438,0.00050253404,-0.031441566,-0.10595624
2199.2252882056905,7957.5503,5.3152046,-0.0006218796,139934,1251.4924713367639,696.5494173083665,7138.8164,4.628195,1154.9437,1.4674526,7957.5503,5.3152046,0,,,,,1251.4924713367639,0.0004967948,696.5494173083665,0.00050223334,-0.0320587,-0.10658063
2199.232232746181,7954.2183,5.315536,-0.00062178046,139935,1251.4935963876242,696.5502769190224,7136.2354,4.6284833,1157.0736,1.4693103,7954.2183,5.315536,0,,,,,1251.4935963876242,0.0004969766,696.5502769190224,0.0005021651,-0.03186713,-0.10571858
2199.2391772866727,7952.932,5.3159356,-0.00062168133,139936,1251.4928270987605,696.5503519971958,7134.4077,4.6288314,1157.2222,1.4684498,7952.932,5.3159356,0,,,,,1251.4928270987605,0.0004974106,696.5503519971958,0.00050263305,-0.03221849,-0.105062164
2199.246121827106,7959.7974,5.318501,-0.00062158227,139937,1251.4930190541452,696.5489486712207,7142.0513,4.631065,1157.8737,1.4691813,7959.7974,5.318501,0,,,,,1251.4930190541452,0.00049651955,696.5489486712207,0.0005021723,-0.031116098,-0.10630714
2199.253066367538,7955.111,5.315272,-0.0006214832,139938,1251.492899408378,696.5502182355908,7137.2783,4.6282535,1158.7301,1.4682544,7955.111,5.315272,0,,,,,1251.492899408378,0.000496556,696.5502182355908,0.0005018263,-0.03257438,-0.10458308
2199.260010907971,7952.4683,5.319481,-0.0006213841,139939,1251.4919308936278,696.548138405457,7136.1562,4.6319184,1157.4381,1.4694585,7952.4683,5.319481,0,,,,,1251.4919308936278,0.00049766834,696.548138405457,0.0005029427,-0.032747317,-0.10765667
2199.266955448404,7963.194,5.318962,-0.00062128506,139940,1251.4918240996938,696.550279502002,7143.4307,4.631467,1157.0868,1.4694859,7963.194,5.318962,0,,,,,1251.4918240996938,0.0004962769,696.550279502002,0.0005024064,-0.03337204,-0.10504404
2199.2738999888365,7958.5503,5.3163795,-0.000621186,139941,1251.49163008428,696.5488878349072,7140.2075,4.6292176,1157.4698,1.4687161,7958.5503,5.3163795,0,,,,,1251.49163008428,0.0004965183,696.5488878349072,0.00050237053,-0.032897696,-0.10737462
2199.2808445292108,7955.2783,5.315977,-0.000621087,139942,1251.493168234587,696.5485153921439,7137.666,4.6288676,1156.6464,1.4681159,7955.2783,5.315977,0,,,,,1251.493168234587,0.00049706583,696.5485153921439,0.00050250615,-0.031147642,-0.10788366
2199.287789069585,7965.1895,5.3198304,-0.00062098796,139943,1251.4923511092168,696.5478186389986,7146.8823,4.6322227,1157.045,1.4710386,7965.1895,5.3198304,0,,,,,1251.4923511092168,0.00049662776,696.5478186389986,0.0005022887,-0.032143313,-0.10735957
2199.29473360996,7960.322,5.316982,-0.00062088895,139944,1251.4924344879253,696.5491304776758,7142.7427,4.629742,1157.2598,1.469383,7960.322,5.316982,0,,,,,1251.4924344879253,0.0004962887,696.5491304776758,0.00050187355,-0.0326222,-0.10634483
2199.301678150335,7949.1836,5.31508,-0.00062078994,139945,1251.4917745849577,696.5513479897396,7132.489,4.628086,1157.2756,1.4698339,7949.1836,5.31508,0,,,,,1251.4917745849577,0.0004970356,696.5513479897396,0.0005025871,-0.03357307,-0.10447418
2199.308622690651,7952.34,5.314373,-0.000620691,139946,1251.4913544760234,696.5489772273536,7134.1895,4.627471,1157.1841,1.4679977,7952.34,5.314373,0,,,,,1251.4913544760234,0.0004969441,696.5489772273536,0.0005028075,-0.033962686,-0.106529586
2199.3155672310263,7956.1074,5.3159437,-0.000620592,139947,1251.491611160839,696.5485702125434,7139.033,4.6288385,1155.516,1.4679607,7956.1074,5.3159437,0,,,,,1251.491611160839,0.0004963935,696.5485702125434,0.00050262245,-0.033559367,-0.10730309
2199.322511771342,7949.0024,5.3163176,-0.000620493,139948,1251.4917323048692,696.5507440168801,7132.267,4.629164,1159.1559,1.4701275,7949.0024,5.3163176,0,,,,,1251.4917323048692,0.0004970323,696.5507440168801,0.00050242554,-0.03348097,-0.10460233
2199.329456311599,7961.908,5.3197923,-0.00062039413,139949,1251.4933988682355,696.5465466673966,7145.142,4.6321898,1160.446,1.4705205,7961.908,5.3197923,0,,,,,1251.4933988682355,0.0004968267,696.5465466673966,0.00050226826,-0.031328134,-0.11000631
2199.3364008519166,7954.6426,5.3175216,-0.0006202952,139950,1251.4912433616394,696.5501216886497,7136.9995,4.6302123,1156.9331,1.4697645,7954.6426,5.3175216,0,,,,,1251.4912433616394,0.0004968914,696.5501216886497,0.00050208863,-0.03336334,-0.104194336
2199.343345392233,7948.583,5.31617,-0.0006201962,139951,1251.4912002179146,696.5467395394894,7133.627,4.629036,1159.0079,1.4709162,7948.583,5.31617,0,,,,,1251.4912002179146,0.0004967732,696.5467395394894,0.0005026107,-0.033344235,-0.108698934
2199.350289932491,7953.744,5.3158994,-0.00062009733,139952,1251.4908556890364,696.5499172696912,7136.679,4.6288,1158.1985,1.4686129,7953.744,5.3158994,0,,,,,1251.4908556890364,0.0004970059,696.5499172696912,0.0005023789,-0.03449987,-0.10606069
2199.3572344727486,7950.8003,5.3206224,-0.00061999843,139953,1251.4921358448123,696.5470240157755,7134.9663,4.6329126,1158.7479,1.4714165,7950.8003,5.3206224,0,,,,,1251.4921358448123,0.00049785303,696.5470240157755,0.00050291524,-0.033432275,-0.10874685
2199.364179013007,7954.9937,5.3174033,-0.00061989954,139954,1251.4916601207249,696.5486482721554,7137.9365,4.6301093,1160.0315,1.470163,7954.9937,5.3174033,0,,,,,1251.4916601207249,0.0004967911,696.5486482721554,0.0005024059,-0.03284409,-0.10691333
2199.371123553208,7951.7407,5.3148193,-0.0006198007,139955,1251.4908694709814,696.5495802710129,7135.5083,4.627859,1156.546,1.4685705,7951.7407,5.3148193,0,,,,,1251.4908694709814,0.00049653347,696.5495802710129,0.00050209416,-0.035040822,-0.105389416
2199.378068093407,7966.9595,5.322021,-0.00061970187,139956,1251.4905240300084,696.5483274358146,7148.7734,4.63413,1158.7308,1.4704946,7966.9595,5.322021,0,,,,,1251.4905240300084,0.00049713184,696.5483274358146,0.0005026032,-0.03368262,-0.108300835
2199.385012633607,7954.013,5.3160353,-0.00061960303,139957,1251.4908212004698,696.5524757884193,7137.525,4.628918,1158.7161,1.4692076,7954.013,5.3160353,0,,,,,1251.4908212004698,0.00049660046,696.5524757884193,0.00050200993,-0.03418279,-0.10223018
2199.391957173807,7949.7544,5.3155107,-0.0006195042,139958,1251.49010244571,696.5488707058116,7135.3843,4.6284614,1158.2655,1.4689025,7949.7544,5.3155107,0,,,,,1251.49010244571,0.0004967022,696.5488707058116,0.00050255546,-0.035273246,-0.10625956
2199.3989017140066,7945.0728,5.3171477,-0.00061940536,139959,1251.491020025773,696.5499731248519,7130.583,4.6298866,1157.7787,1.4704614,7945.0728,5.3171477,0,,,,,1251.491020025773,0.0004971892,696.5499731248519,0.00050302915,-0.034893304,-0.10556253
2199.4058462541484,7951.9487,5.3168283,-0.0006193066,139960,1251.4913428646455,696.5490644123415,7135.889,4.6296086,1157.9727,1.470117,7951.9487,5.3168283,0,,,,,1251.4913428646455,0.0004967793,696.5490644123415,0.0005026718,-0.034668557,-0.10671064
2199.412790794349,7968.186,5.3221846,-0.00061920774,139961,1251.4902845409554,696.5491229119638,7149.7627,4.6342726,1157.7637,1.469853,7968.186,5.3221846,0,,,,,1251.4902845409554,0.00049620226,696.5491229119638,0.00050273683,-0.034507856,-0.10709321
2199.4197353344903,7954.6963,5.316943,-0.00061910896,139962,1251.4905019633497,696.5485989102331,7139.362,4.629709,1155.7683,1.4677019,7954.6963,5.316943,0,,,,,1251.4905019633497,0.00049665116,696.5485989102331,0.00050254,-0.034906704,-0.10732744
2199.4266798745734,7962.1177,5.3175526,-0.00061901024,139963,1251.4901126338036,696.549524804044,7145.094,4.630239,1156.2999,1.4676685,7962.1177,5.3175526,0,,,,,1251.4901126338036,0.0004964198,696.549524804044,0.00050221506,-0.034267996,-0.10777042
2199.433624414715,7955.4536,5.3165593,-0.00061891146,139964,1251.4905810238765,696.5496184726144,7138.8926,4.6293745,1158.5958,1.4689289,7955.4536,5.3165593,0,,,,,1251.4905810238765,0.0004965175,696.5496184726144,0.0005023039,-0.034606308,-0.10561578
2199.440568954799,7956.9404,5.3188915,-0.00061881274,139965,1251.4898130044312,696.5471382125078,7141.1587,4.6314054,1158.616,1.4735506,7956.9404,5.3188915,0,,,,,1251.4898130044312,0.00049655105,696.5471382125078,0.00050246285,-0.035596706,-0.10825822
2199.4475134948825,7952.0913,5.319445,-0.000618714,139966,1251.4916631855021,696.5475205378981,7137.5083,4.631887,1158.022,1.4724418,7952.0913,5.319445,0,,,,,1251.4916631855021,0.00049663987,696.5475205378981,0.00050294556,-0.034176636,-0.10884244
2199.4544580349657,7958.0913,5.318765,-0.0006186153,139967,1251.491245243598,696.5477080407791,7142.1294,4.631295,1157.9603,1.4704452,7958.0913,5.318765,0,,,,,1251.491245243598,0.00049667223,696.5477080407791,0.00050221966,-0.033941016,-0.1083101
2199.4614025750493,7957.199,5.3177996,-0.0006185166,139968,1251.4913273793495,696.548258666244,7141.103,4.630454,1158.4696,1.4709549,7957.199,5.3177996,0,,,,,1251.4913273793495,0.0004963393,696.548258666244,0.0005023499,-0.034395173,-0.10762585
2199.468347115075,7954.692,5.3194923,-0.0006184179,139969,1251.4896594872885,696.5477813796707,7140.026,4.6319284,1157.7655,1.4694779,7954.692,5.3194923,0,,,,,1251.4896594872885,0.0004965286,696.5477813796707,0.00050268613,-0.035644412,-0.10714807
2199.4752916551,7952.717,5.3173914,-0.00061831926,139970,1251.4915402141492,696.5470296898262,7137.3965,4.6300993,1160.8447,1.4704711,7952.717,5.3173914,0,,,,,1251.4915402141492,0.0004964308,696.5470296898262,0.00050234236,-0.03407132,-0.10782996
2199.482236195125,7955.51,5.3179274,-0.0006182206,139971,1251.4910156092383,696.5480527988375,7140.811,4.6305656,1159.1858,1.4690228,7955.51,5.3179274,0,,,,,1251.4910156092383,0.0004963888,696.5480527988375,0.0005024031,-0.03459207,-0.10795266
2199.4891807351505,7950.7007,5.3166637,-0.00061812194,139972,1251.4892831644586,696.5463557809811,7136.426,4.629465,1160.2665,1.4702171,7950.7007,5.3166637,0,,,,,1251.4892831644586,0.00049654115,696.5463557809811,0.00050225615,-0.035692565,-0.109434396
2199.4961252751177,7956.149,5.3169823,-0.00061802333,139973,1251.4888393869835,696.5486823174681,7140.3555,4.6297426,1158.1443,1.4687715,7956.149,5.3169823,0,,,,,1251.4888393869835,0.0004964629,696.5486823174681,0.00050211645,-0.03634263,-0.10708071
2199.5030698151427,7954.415,5.3175483,-0.00061792467,139974,1251.4907024115714,696.545710702682,7139.9873,4.630235,1159.5222,1.4697957,7954.415,5.3175483,0,,,,,1251.4907024115714,0.00049645855,696.545710702682,0.000502266,-0.03477543,-0.11018371
2199.51001435511,7961.1973,5.317078,-0.00061782607,139975,1251.4883528803875,696.5478022260039,7142.969,4.6298265,1158.0723,1.4686011,7961.1973,5.317078,0,,,,,1251.4883528803875,0.0004963141,696.5478022260039,0.00050265604,-0.035853434,-0.10772078
2199.516958895019,7952.7974,5.317084,-0.0006177275,139976,1251.4895237681094,696.5482348478405,7136.7837,4.629831,1161.5244,1.4713855,7952.7974,5.317084,0,,,,,1251.4895237681094,0.00049666443,696.5482348478405,0.0005023744,-0.035692994,-0.10773414
2199.5239034349866,7955.958,5.3168387,-0.0006176289,139977,1251.4889131192474,696.5485027362494,7139.197,4.6296177,1158.9977,1.469292,7955.958,5.3168387,0,,,,,1251.4889131192474,0.0004965564,696.5485027362494,0.00050230836,-0.036376566,-0.10720079
2199.5308479748946,7955.9336,5.3167915,-0.0006175304,139978,1251.4912439960804,696.5470094613427,7139.9653,4.6295767,1157.9347,1.4683691,7955.9336,5.3167915,0,,,,,1251.4912439960804,0.0004964249,696.5470094613427,0.0005025322,-0.034476735,-0.10962791
2199.5377925148036,7953.642,5.315663,-0.0006174318,139979,1251.4875744319154,696.5487515379269,7136.677,4.628594,1159.1709,1.4684861,7953.642,5.315663,0,,,,,1251.4875744319154,0.00049636746,696.5487515379269,0.00050276844,-0.03813484,-0.10651292
2199.544737054713,7954.525,5.317902,-0.0006173333,139980,1251.4892294545705,696.5468066903451,7139.0083,4.6305437,1157.107,1.4696424,7954.525,5.317902,0,,,,,1251.4892294545705,0.0004965535,696.5468066903451,0.0005026958,-0.036425956,-0.11017232
2199.5516815946216,7952.8477,5.3191195,-0.00061723473,139981,1251.4885127037091,696.5498673526149,7136.2188,4.6316037,1158.3107,1.4700202,7952.8477,5.3191195,0,,,,,1251.4885127037091,0.0004967871,696.5498673526149,0.00050295924,-0.036916792,-0.104935996
2199.558626134472,7960.715,5.317753,-0.00061713625,139982,1251.4901153340074,696.5464867399668,7143.4395,4.6304135,1157.9294,1.4686419,7960.715,5.317753,0,,,,,1251.4901153340074,0.0004963382,696.5464867399668,0.0005023732,-0.035447884,-0.10903342
2199.565570674381,7961.9683,5.3177867,-0.0006170377,139983,1251.4900670699756,696.5462046526211,7145.5244,4.630443,1158.252,1.4683186,7961.9683,5.3177867,0,,,,,1251.4900670699756,0.00049626664,696.5462046526211,0.0005018903,-0.036039475,-0.10979637
2199.5725152141736,7960.2417,5.319647,-0.0006169393,139984,1251.4889956738346,696.5480793909696,7143.3506,4.632063,1158.6882,1.4696872,7960.2417,5.319647,0,,,,,1251.4889956738346,0.00049634767,696.5480793909696,0.0005023112,-0.03663783,-0.107285
2199.579459754025,7951.4414,5.318443,-0.0006168408,139985,1251.4884092866557,696.5477427024418,7136.6865,4.6310143,1158.301,1.4716368,7951.4414,5.318443,0,,,,,1251.4884092866557,0.00049663126,696.5477427024418,0.00050229067,-0.036863405,-0.1077419
2199.586404293875,7950.2397,5.3162174,-0.0006167423,139986,1251.4892617224662,696.5464411394572,7135.2188,4.629077,1159.8694,1.4690363,7950.2397,5.3162174,0,,,,,1251.4892617224662,0.00049653376,696.5464411394572,0.00050251477,-0.03775482,-0.108460784
2199.593348833668,7958.659,5.319227,-0.00061664387,139987,1251.4882562303594,696.5473833049177,7140.0303,4.6316977,1159.8468,1.4715035,7958.659,5.319227,0,,,,,1251.4882562303594,0.00049658597,696.5473833049177,0.00050272676,-0.037237853,-0.107820466
2199.60029337346,7956.306,5.3164964,-0.00061654544,139988,1251.489411219594,696.5479802972053,7140.099,4.6293197,1156.9958,1.4687359,7956.306,5.3164964,0,,,,,1251.489411219594,0.0004963468,696.5479802972053,0.0005023116,-0.036520064,-0.10851991
2199.6072379132515,7960.095,5.318158,-0.000616447,139989,1251.4888863395354,696.5470822622067,7141.734,4.6307664,1160.8691,1.4693846,7960.095,5.318158,0,,,,,1251.4888863395354,0.00049652206,696.5470822622067,0.00050247886,-0.03690689,-0.10882669
2199.6141824529873,7956.2407,5.317171,-0.00061634864,139990,1251.488906233651,696.5475332964977,7140.4233,4.629907,1159.5779,1.4686621,7956.2407,5.317171,0,,,,,1251.488906233651,0.00049627566,696.5475332964977,0.0005022013,-0.03731137,-0.10814123
2199.62112699278,7956.764,5.319225,-0.0006162502,139991,1251.4889236312995,696.5472981198693,7140.8267,4.6316953,1156.978,1.4690392,7956.764,5.319225,0,,,,,1251.4889236312995,0.000496877,696.5472981198693,0.0005025501,-0.036985148,-0.108822204
2199.6280715325133,7953.2153,5.318451,-0.00061615184,139992,1251.4874827672586,696.5463933378331,7136.8027,4.6310215,1159.1846,1.4705012,7953.2153,5.318451,0,,,,,1251.4874827672586,0.0004966333,696.5463933378331,0.00050266745,-0.037597418,-0.10933639
2199.635016072189,7957.1807,5.3197193,-0.0006160535,139993,1251.4880433994092,696.5462130641616,7141.471,4.632126,1159.5592,1.4735923,7957.1807,5.3197193,0,,,,,1251.4880433994092,0.00049606233,696.5462130641616,0.00050234224,-0.03720882,-0.109280005
2199.6419606119234,7958.662,5.3162947,-0.00061595516,139994,1251.4882242857825,696.547301672858,7140.398,4.629144,1157.3452,1.4684875,7958.662,5.3162947,0,,,,,1251.4882242857825,0.00049633475,696.547301672858,0.00050267676,-0.038695257,-0.109427154
2199.6489051516005,7961.0986,5.321613,-0.00061585684,139995,1251.4885801958492,696.5469059178595,7143.043,4.6337748,1158.3633,1.4707583,7961.0986,5.321613,0,,,,,1251.4885801958492,0.00049628003,696.5469059178595,0.00050285814,-0.0372525,-0.1083639
2199.655849691334,7956.1084,5.3173146,-0.0006157585,139996,1251.4878041537493,696.5470716989564,7138.5107,4.630032,1160.5789,1.4691963,7956.1084,5.3173146,0,,,,,1251.4878041537493,0.0004963236,696.5470716989564,0.00050272414,-0.0371625,-0.109261915
2199.662794230952,7946.618,5.316735,-0.0006156602,139997,1251.4876468524403,696.5470622199799,7130.2666,4.6295276,1160.2375,1.4710971,7946.618,5.316735,0,,,,,1251.4876468524403,0.0004970102,696.5470622199799,0.0005030569,-0.038155504,-0.1084885
2199.6697387706286,7964.936,5.319274,-0.0006155619,139998,1251.4883373468979,696.5448736680569,7146.751,4.631738,1156.1921,1.471043,7964.936,5.319274,0,,,,,1251.4883373468979,0.00049610465,696.5448736680569,0.000502157,-0.037478924,-0.110906035
2199.6766833103043,7961.0796,5.319283,-0.0006154636,139999,1251.4878596868055,696.546848013628,7142.8247,4.6317463,1160.5156,1.4721421,7961.0796,5.319283,0,,,,,1251.4878596868055,0.00049617654,696.546848013628,0.0005023304,-0.039078925,-0.10855036
2199.683627849922,7950.5,5.315607,-0.00061536534,140000,1251.4871481936875,696.5485160319604,7132.1323,4.6285458,1159.0955,1.4697239,7950.5,5.315607,0,,,,,1251.4871481936875,0.0004966639,696.5485160319604,0.0005028716,-0.03928341,-0.10775937
2199.69057238954,7963.738,5.321249,-0.0006152671,140001,1251.487429749523,696.5452580842954,7144.4863,4.6334577,1160.7435,1.4729304,7963.738,5.321249,0,,,,,1251.487429749523,0.0004961656,696.5452580842954,0.0005024776,-0.037466254,-0.1107887
2199.6975169291577,7958.5356,5.3194633,-0.0006151688,140002,1251.4873620947515,696.5475852668773,7138.2583,4.631903,1158.7762,1.4704723,7958.5356,5.3194633,0,,,,,1251.4873620947515,0.0004968383,696.5475852668773,0.00050318975,-0.038903967,-0.10833348
2199.704461468717,7955.755,5.3164444,-0.00061507063,140003,1251.487355991847,696.5470506123705,7137.69,4.629274,1157.232,1.4690216,7955.755,5.3164444,0,,,,,1251.487355991847,0.00049615634,696.5470506123705,0.0005026138,-0.038407195,-0.10871299
2199.7114060082763,7962.9365,5.321013,-0.00061497244,140004,1251.4863617003182,696.5460581822069,7144.275,4.6332526,1158.9232,1.4707513,7962.9365,5.321013,0,,,,,1251.4863617003182,0.0004970975,696.5460581822069,0.0005025797,-0.0394007,-0.10918241
2199.7183505478365,7965.5625,5.323408,-0.00061487424,140005,1251.486823887445,696.5463427720175,7146.9067,4.635338,1157.0759,1.472123,7965.5625,5.323408,0,,,,,1251.486823887445,0.00049672386,696.5463427720175,0.00050274376,-0.039817378,-0.1096834
2199.7252950873967,7951.6943,5.31711,-0.00061477604,140006,1251.4865795603193,696.5472093749154,7132.9233,4.629854,1160.7205,1.4706061,7951.6943,5.31711,0,,,,,1251.4865795603193,0.00049677753,696.5472093749154,0.00050311285,-0.04009491,-0.107768476
2199.732239626956,7961.929,5.3190055,-0.00061467785,140007,1251.4888566222999,696.5455190088018,7142.3657,4.6315045,1157.7332,1.4700936,7961.929,5.3190055,0,,,,,1251.4888566222999,0.0004962225,696.5455190088018,0.0005024621,-0.03731499,-0.11078504
2199.739184166457,7958.5503,5.318707,-0.0006145797,140008,1251.4872998758394,696.5470650852578,7139.2397,4.631244,1158.4305,1.4696028,7958.5503,5.318707,0,,,,,1251.4872998758394,0.00049681996,696.5470650852578,0.0005025352,-0.039104547,-0.1091453
2199.746128705959,7952.3057,5.316594,-0.00061448157,140009,1251.4867403718797,696.5469403267446,7134.1343,4.6294045,1159.6677,1.4712743,7952.3057,5.316594,0,,,,,1251.4867403718797,0.00049658585,696.5469403267446,0.0005028685,-0.039377112,-0.10915767
2199.75307324546,7957.511,5.317144,-0.00061438343,140010,1251.4866011721924,696.546240214238,7139.237,4.6298833,1159.4061,1.4690715,7957.511,5.317144,0,,,,,1251.4866011721924,0.00049623824,696.546240214238,0.00050258037,-0.03977413,-0.10977132
2199.7600177849613,7951.839,5.3169146,-0.0006142853,140011,1251.487040563059,696.5447098548925,7133.942,4.629684,1161.8826,1.4710737,7951.839,5.3169146,0,,,,,1251.487040563059,0.00049670786,696.5447098548925,0.0005027558,-0.03911257,-0.111709535
2199.7669623244046,7953.369,5.3215013,-0.0006141872,140012,1251.4852678034952,696.5464230900818,7134.532,4.6336775,1168.6217,1.4742495,7953.369,5.3215013,0,,,,,1251.4852678034952,0.00049689,696.5464230900818,0.0005032666,-0.041354615,-0.108842805
2199.773906863906,7972.2803,5.3280725,-0.0006140891,140013,1251.4867279094292,696.5448883118764,7150.32,4.6394,1173.555,1.4795562,7972.2803,5.3280725,0,,,,,1251.4867279094292,0.0004965921,696.5448883118764,0.0005029639,-0.03952021,-0.11120102
2199.780851403349,7956.523,5.3267083,-0.000613991,140014,1251.4858743600398,696.5471982758644,7135.624,4.6382117,1181.099,1.4824865,7956.523,5.3267083,0,,,,,1251.4858743600398,0.0004973598,696.5471982758644,0.0005035135,-0.0400066,-0.10843505
2199.7877959427346,7951.9634,5.332375,-0.000613893,140015,1251.486820016885,696.5447775668554,7131.8813,4.6431456,1192.6868,1.4858243,7951.9634,5.332375,0,,,,,1251.486820016885,0.0004989598,696.5447775668554,0.0005049318,-0.038548216,-0.111911565
2199.7947404821775,7961.8438,5.3364487,-0.0006137949,140016,1251.485546608504,696.5471490067955,7139.049,4.6466928,1202.3778,1.4892979,7961.8438,5.3364487,0,,,,,1251.485546608504,0.00049855554,696.5471490067955,0.00050471217,-0.041273847,-0.10811102
2199.801685021563,7960.6396,5.342909,-0.0006136969,140017,1251.486273966006,696.5470998439679,7140.5166,4.652318,1215.1722,1.4956869,7960.6396,5.342909,0,,,,,1251.486273966006,0.00049893593,696.5470998439679,0.0005048817,-0.040318098,-0.108246505
2199.8086295610055,7952.5703,5.3509536,-0.0006135988,140018,1251.4854169146226,696.5460686727655,7133.143,4.659323,1237.0549,1.5059752,7952.5703,5.3509536,0,,,,,1251.4854169146226,0.0005000508,696.5460686727655,0.00050641067,-0.041463226,-0.10984857
2199.8155741003325,7954.7754,5.362887,-0.00061350083,140019,1251.4859572557318,696.5445776171889,7135.1855,4.669714,1261.5741,1.5154876,7954.7754,5.362887,0,,,,,1251.4859572557318,0.0005018655,696.5445776171889,0.00050755584,-0.039416872,-0.11220457
2199.822518639718,7960.4805,5.375206,-0.0006134028,140020,1251.4859576397407,696.5468467455418,7138.7544,4.680441,1288.222,1.527633,7960.4805,5.375206,0,,,,,1251.4859576397407,0.00050235854,696.5468467455418,0.00050893537,-0.041146994,-0.10883377
2199.8294631791027,7954.9556,5.387524,-0.0006133048,140021,1251.486923217773,696.5456082679165,7135.4844,4.691167,1319.3649,1.5415385,7954.9556,5.387524,0,,,,,1251.486923217773,0.00050409965,696.5456082679165,0.00051005185,-0.039660495,-0.1110793
2199.836407718429,7958.635,5.4034705,-0.0006132068,140022,1251.4863008015936,696.5467601533683,7136.102,4.7050524,1352.6035,1.5562786,7958.635,5.4034705,0,,,,,1251.4863008015936,0.0005054139,696.5467601533683,0.0005115936,-0.040596373,-0.10902672
2199.8433522577566,7957.983,5.4181414,-0.00061310886,140023,1251.485141487682,696.546478063514,7137.9106,4.7178264,1384.1289,1.5705905,7957.983,5.4181414,0,,,,,1251.485141487682,0.000507011,696.546478063514,0.0005130659,-0.041131467,-0.110812366
2199.850296797083,7948.764,5.4362874,-0.0006130109,140024,1251.4852646933596,696.5455796320465,7128.9136,4.7336273,1425.7802,1.5892051,7948.764,5.4362874,0,,,,,1251.4852646933596,0.0005089759,696.5455796320465,0.0005158202,-0.041796893,-0.10961077
2199.857241336352,7960.0625,5.450465,-0.000612913,140025,1251.483813909014,696.5456727552669,7138.6367,4.7459726,1457.5164,1.6015347,7960.0625,5.450465,0,,,,,1251.483813909014,0.0005105504,696.5456727552669,0.00051634264,-0.04238841,-0.109202415
2199.8641858756787,7956.0845,5.4658103,-0.000612815,140026,1251.484692661965,696.5451938916985,7135.7104,4.759334,1494.5669,1.616859,7956.0845,5.4658103,0,,,,,1251.484692661965,0.0005119284,696.5451938916985,0.0005185552,-0.041494966,-0.11186112
2199.871130414948,7957.0654,5.48329,-0.0006127171,140027,1251.4851938457482,696.5456127629051,7136.854,4.7745547,1530.7727,1.6319656,7957.0654,5.48329,0,,,,,1251.4851938457482,0.0005140597,696.5456127629051,0.0005200122,-0.04057231,-0.11101905
2199.8780749542157,7949.5435,5.4963627,-0.0006126192,140028,1251.48506014628,696.5453962892417,7129.8154,4.785938,1565.5977,1.6467414,7949.5435,5.4963627,0,,,,,1251.48506014628,0.000515945,696.5453962892417,0.00052206405,-0.04140297,-0.110988036
2199.885019493484,7949.6494,5.513935,-0.0006125213,140029,1251.4835225002644,696.5459389348193,7129.3506,4.8012385,1602.3248,1.6629596,7949.6494,5.513935,0,,,,,1251.4835225002644,0.0005175275,696.5459389348193,0.0005237932,-0.04236318,-0.109833375
2199.8919640327535,7948.7744,5.5299134,-0.0006124234,140030,1251.4851054535566,696.5447450753015,7127.148,4.8151517,1639.2308,1.6770995,7948.7744,5.5299134,0,,,,,1251.4851054535566,0.000519374,696.5447450753015,0.0005258646,-0.04233957,-0.11115551
2199.898908571964,7946.9966,5.5452714,-0.00061232556,140031,1251.4847582440407,696.5434132377984,7126.8813,4.8285246,1678.686,1.6930947,7946.9966,5.5452714,0,,,,,1251.4847582440407,0.00052115414,696.5434132377984,0.0005273779,-0.042803973,-0.11227142
2199.9058531111737,7950.468,5.5611844,-0.0006122277,140032,1251.4838649273795,696.5457761986304,7129.6675,4.842381,1714.763,1.7073182,7950.468,5.5611844,0,,,,,1251.4838649273795,0.0005227062,696.5457761986304,0.00052860525,-0.041762736,-0.11051185
2199.9127976503837,7946.6685,5.579723,-0.00061212986,140033,1251.4858652204814,696.5437228666517,7126.16,4.8585234,1757.3832,1.7248617,7946.6685,5.579723,0,,,,,1251.4858652204814,0.00052475365,696.5437228666517,0.0005312258,-0.041364584,-0.11221507
2199.919742189594,7947.2637,5.596657,-0.000612032,140034,1251.4842669894954,696.5445488241793,7126.8013,4.873268,1798.4143,1.7403232,7947.2637,5.596657,0,,,,,1251.4842669894954,0.00052644266,696.5445488241793,0.00053253747,-0.042656083,-0.111262105
2199.9266867288056,7949.746,5.617246,-0.00061193417,140035,1251.4843288541508,696.5440080728528,7129.902,4.8911967,1843.2845,1.7588959,7949.746,5.617246,0,,,,,1251.4843288541508,0.00052843697,696.5440080728528,0.00053456164,-0.043318138,-0.11069574
2199.9336312679575,7956.882,5.640746,-0.0006118364,140036,1251.4846898529665,696.5441471594171,7138.496,4.9116592,1885.0366,1.7749537,7956.882,5.640746,0,,,,,1251.4846898529665,0.00053036655,696.5441471594171,0.0005364983,-0.041116517,-0.11098049
2199.940575807168,7948.058,5.654017,-0.00061173853,140037,1251.4826367017135,696.5439557013381,7127.587,4.9232144,1931.7042,1.7915288,7948.058,5.654017,0,,,,,1251.4826367017135,0.00053263345,696.5439557013381,0.000538674,-0.04381336,-0.11076187
2199.9475203463203,7941.3247,5.673967,-0.00061164075,140038,1251.4839044462735,696.5458171326945,7122.798,4.9405856,1979.5228,1.8107668,7941.3247,5.673967,0,,,,,1251.4839044462735,0.00053523836,696.5458171326945,0.00054063054,-0.04360383,-0.11008341
2199.954464885472,7951.1714,5.6970043,-0.00061154296,140039,1251.4838292629784,696.5456235860077,7129.93,4.9606457,2030.8805,1.8288791,7951.1714,5.6970043,0,,,,,1251.4838292629784,0.000537083,696.5456235860077,0.00054298237,-0.043006625,-0.11264825
2199.9614094245658,7951.5986,5.7196126,-0.0006114452,140040,1251.484753466646,696.5439250583916,7129.961,4.9803314,2082.4612,1.8488597,7951.5986,5.7196126,0,,,,,1251.484753466646,0.0005392804,696.5439250583916,0.0005452015,-0.042242143,-0.11215835
2199.9683539637185,7951.176,5.742305,-0.00061134744,140041,1251.4835654740168,696.54653049267,7127.927,5.0000906,2139.1794,1.8693933,7951.176,5.742305,0,,,,,1251.4835654740168,0.0005419714,696.54653049267,0.0005476685,-0.043094676,-0.11006953
2199.975298502812,7943.4297,5.765101,-0.0006112497,140042,1251.4827124067872,696.5456364446146,7118.3467,5.0199404,2198.4373,1.8902564,7943.4297,5.765101,0,,,,,1251.4827124067872,0.0005449499,696.5456364446146,0.00055082404,-0.044325985,-0.11087901
