time,flux,flux_err,timecorr,cadenceno,centroid_col,centroid_row,sap_flux,sap_flux_err,sap_bkg,sap_bkg_err,pdcsap_flux,pdcsap_flux_err,quality,psf_centr1,psf_centr1_err,psf_centr2,psf_centr2_err,mom_centr1,mom_centr1_err,mom_centr2,mom_centr2_err,pos_corr1,pos_corr2
1325.344271324039,8092.415,3.1825655,-6.8516274e-05,4698,329.3861191972335,1577.224313226404,7332.2046,2.8118796,1242.8905,0.98656726,8092.415,3.1825655,0,,,,,329.3861191972335,0.00029603267,1577.224313226404,0.0002936104,-0.070538744,0.053130753
1325.365104232012,8099.3555,3.1907508,-6.8933274e-05,4699,329.38563218580856,1577.2241718938244,7338.578,2.8191113,1276.2032,0.99336755,8099.3555,3.1907508,0,,,,,329.38563218580856,0.0002967076,1577.2241718938244,0.00029417255,-0.071315855,0.05296939
1325.3859371418837,8098.228,3.1985388,-6.9348374e-05,4700,329.3859467173985,1577.2242715828922,7337.3687,2.8259926,1312.9777,1.00075,8098.228,3.1985388,0,,,,,329.3859467173985,0.00029768576,1577.2242715828922,0.00029504663,-0.07134247,0.05302563
1325.4067700536039,8097.257,3.2070467,-6.976163e-05,4701,329.3850276597125,1577.2238817645302,7336.6465,2.8335094,1350.0775,1.0091834,8097.257,3.2070467,0,,,,,329.3850276597125,0.000298547,1577.2238817645302,0.00029598488,-0.07243575,0.052184377
1325.427602967136,8096.93,3.2159057,-7.017307e-05,4702,329.3851265338053,1577.2249169712663,7336.888,2.8413365,1385.392,1.0174099,8096.93,3.2159057,0,,,,,329.3851265338053,0.00029945147,1577.2249169712663,0.00029671774,-0.07242544,0.053256653
1325.4484358824366,8099.7446,3.2248106,-7.058274e-05,4703,329.3852402137666,1577.225167668225,7339.009,2.8492043,1419.6367,1.0258234,8099.7446,3.2248106,0,,,,,329.3852402137666,0.00030014,1577.225167668225,0.00029775,-0.072548,0.053454537
1325.4692687994543,8100.4565,3.23295,-7.0990696e-05,4704,329.3833715659211,1577.2245647739758,7340.48,2.8563957,1453.0616,1.0336691,8100.4565,3.23295,0,,,,,329.3833715659211,0.0003009049,1577.2245647739758,0.00029855449,-0.07447446,0.052693702
1325.4901017181517,8095.28,3.2420826,-7.139697e-05,4705,329.38368110101493,1577.2248684412898,7335.7646,2.8644648,1491.9027,1.0418938,8095.28,3.2420826,0,,,,,329.38368110101493,0.00030210003,1577.2248684412898,0.00029971963,-0.07431071,0.052825846
1325.5109346384866,8102.93,3.2533784,-7.180161e-05,4706,329.3831961615971,1577.225232610676,7343.0347,2.8744445,1535.4303,1.0518794,8102.93,3.2533784,0,,,,,329.3831961615971,0.00030296878,1577.225232610676,0.00030057682,-0.07472403,0.053313345
1325.5317675604151,8100.4097,3.2633214,-7.220465e-05,4707,329.38259555693475,1577.2252899802113,7340.935,2.8832295,1578.787,1.0610114,8100.4097,3.2633214,0,,,,,329.38259555693475,0.00030394702,1577.2252899802113,0.00030176094,-0.0753186,0.053501762
1325.552600483886,8093.6006,3.2730403,-7.2606155e-05,4708,329.38173260403676,1577.2244245131933,7335.196,2.8918166,1620.4319,1.0707294,8093.6006,3.2730403,0,,,,,329.38173260403676,0.0003051863,1577.2244245131933,0.00030299358,-0.07617946,0.052542318
1325.5734334088784,8101.806,3.2839642,-7.300614e-05,4709,329.3821547101201,1577.225465427236,7342.6016,2.9014678,1659.6875,1.0789205,8101.806,3.2839642,0,,,,,329.3821547101201,0.0003063453,1577.225465427236,0.0003037045,-0.07559254,0.053754997
1325.5942663353323,8103.1973,3.2912817,-7.3404655e-05,4710,329.38187180967657,1577.2261724693524,7344.0894,2.9079335,1689.5791,1.0854512,8103.1973,3.2912817,0,,,,,329.38187180967657,0.00030686904,1577.2261724693524,0.00030454414,-0.07605677,0.05396755
1325.6150992632197,8095.8145,3.2984252,-7.380174e-05,4711,329.3809808930223,1577.2241248204666,7337.2666,2.914245,1713.225,1.0919455,8095.8145,3.2984252,0,,,,,329.3809808930223,0.00030799108,1577.2241248204666,0.00030561892,-0.077187434,0.052196205
1325.6359321924897,8096.461,3.298156,-7.419744e-05,4712,329.3801173744028,1577.2258086211343,7337.5806,2.9140067,1723.466,1.0929441,8096.461,3.298156,0,,,,,329.3801173744028,0.00030765947,1577.2258086211343,0.0003057276,-0.07747637,0.053680725
1325.65676512312,8102.294,3.2989566,-7.4591786e-05,4713,329.38068547193586,1577.2263305291085,7343.5264,2.9147143,1728.8489,1.0931379,8102.294,3.2989566,0,,,,,329.38068547193586,0.00030746902,1577.2263305291085,0.00030539144,-0.07753977,0.054455817
1325.6775980550683,8102.6865,3.3013642,-7.498481e-05,4714,329.3790035955763,1577.2247871240143,7343.3423,2.9168413,1735.4235,1.0951359,8102.6865,3.3013642,0,,,,,329.3790035955763,0.00030782435,1577.2247871240143,0.00030559994,-0.079405904,0.05244974
1325.698430988289,8103.83,3.30337,-7.537656e-05,4715,329.38013559326646,1577.2261398704397,7344.116,2.9186134,1745.7568,1.0974549,8103.83,3.30337,0,,,,,329.38013559326646,0.00030796466,1577.2261398704397,0.0003057924,-0.07831207,0.05396058
1325.7192639227537,8100.733,3.3074496,-7.576707e-05,4716,329.3795332698054,1577.2259433315553,7341.4546,2.922218,1763.0122,1.1008927,8100.733,3.3074496,0,,,,,329.3795332698054,0.0003085358,1577.2259433315553,0.0003064166,-0.07933978,0.05352912
1325.7400968584266,8098.6797,3.3119023,-7.615637e-05,4717,329.37930698317103,1577.2254393071457,7339.9517,2.9261522,1784.4473,1.105468,8098.6797,3.3119023,0,,,,,329.37930698317103,0.00030890908,1577.2254393071457,0.00030686206,-0.07939254,0.05330159
1325.7609297952706,8090.3696,3.3185372,-7.65445e-05,4718,329.3797884731454,1577.2263968327163,7332.5044,2.9320142,1814.8759,1.1119518,8090.3696,3.3185372,0,,,,,329.3797884731454,0.00030990216,1577.2263968327163,0.00030800755,-0.07916082,0.054514118
1325.781762733257,8094.868,3.3249497,-7.693149e-05,4719,329.3779506383226,1577.2256622229427,7337.1,2.93768,1840.3662,1.1174121,8094.868,3.3249497,0,,,,,329.3779506383226,0.00031039584,1577.2256622229427,0.00030833043,-0.080560036,0.053171385
1325.8025956723568,8093.3936,3.3303661,-7.731736e-05,4720,329.3784889248094,1577.225445692379,7334.757,2.9424655,1864.5299,1.1218562,8093.3936,3.3303661,0,,,,,329.3784889248094,0.00031109416,1577.225445692379,0.0003091344,-0.079938084,0.053568162
1325.823428612534,8099.682,3.3344054,-7.7702156e-05,4721,329.3782283670948,1577.2263487007097,7340.153,2.9460342,1878.9569,1.1251487,8099.682,3.3344054,0,,,,,329.3782283670948,0.00031124157,1577.2263487007097,0.00030927424,-0.08027278,0.05460191
1325.8442615537583,8093.208,3.3361528,-7.8085905e-05,4722,329.37762058453893,1577.2261889275417,7334.657,2.9475782,1889.2035,1.1273525,8093.208,3.3361528,0,,,,,329.37762058453893,0.00031168925,1577.2261889275417,0.00030973952,-0.08094304,0.053447537
1325.8650944960011,8089.9746,3.335056,-7.8468634e-05,4723,329.37825160821006,1577.226337342307,7331.661,2.9466093,1883.7156,1.1263833,8089.9746,3.335056,0,,,,,329.37825160821006,0.00031166387,1577.226337342307,0.00030968187,-0.08095881,0.054637495
1325.8859274392335,8093.1025,3.3303254,-7.8850375e-05,4724,329.378106121371,1577.2270205315806,7334.7925,2.9424295,1864.9329,1.1220374,8093.1025,3.3303254,0,,,,,329.378106121371,0.0003111515,1577.2270205315806,0.00030893256,-0.08103416,0.05443851
1325.9067603834258,8094.4937,3.3284638,-7.9231155e-05,4725,329.3763806458838,1577.2254968814498,7335.927,2.9407847,1846.9552,1.1202292,8094.4937,3.3284638,0,,,,,329.3763806458838,0.00031069524,1577.2254968814498,0.00030896332,-0.08289056,0.053367686
1325.9275933285578,8096.9766,3.3249905,-7.9610996e-05,4726,329.37774048833273,1577.2272704771106,7337.7295,2.937716,1838.5454,1.1174511,8096.9766,3.3249905,0,,,,,329.37774048833273,0.00031030722,1577.2272704771106,0.00030835386,-0.08103579,0.05555333
1325.9484262745923,8088.36,3.3230746,-7.9989935e-05,4727,329.3766025909135,1577.2267547849722,7330.9785,2.936023,1834.7462,1.1166769,8088.36,3.3230746,0,,,,,329.3766025909135,0.00031039864,1577.2267547849722,0.0003084026,-0.08242083,0.05486847
1325.9692592215208,8090.731,3.322382,-8.036798e-05,4728,329.37967279426056,1577.2276932691889,7327.394,2.9354112,1832.235,1.1163455,8090.731,3.322382,0,,,,,329.37967279426056,0.00031087594,1577.2276932691889,0.00030856027,-0.07911137,0.055175122
1325.9900921693006,8092.4683,3.324294,-8.074517e-05,4729,329.3762938510185,1577.226696032299,7334.38,2.937101,1839.9618,1.1169531,8092.4683,3.324294,0,,,,,329.3762938510185,0.00031050082,1577.226696032299,0.00030841905,-0.08270965,0.054653432
1326.0109251179167,8087.4487,3.3288078,-8.112153e-05,4730,329.3760793358164,1577.2269807752332,7330.3135,2.9410887,1859.6165,1.1207094,8087.4487,3.3288078,0,,,,,329.3760793358164,0.00031096602,1577.2269807752332,0.00030919357,-0.08329911,0.054377824
1326.0317580673488,8092.2417,3.333343,-8.149707e-05,4731,329.3761666548087,1577.2267026377538,7334.1694,2.9450953,1878.7307,1.1251329,8092.2417,3.333343,0,,,,,329.3761666548087,0.0003113332,1577.2267026377538,0.0003093624,-0.083296865,0.054220952
1326.052591017567,8097.8906,3.3362405,-8.1871825e-05,4732,329.37691543790106,1577.2270073701056,7338.4673,2.9476554,1886.4353,1.1268378,8097.8906,3.3362405,0,,,,,329.37691543790106,0.0003115642,1577.2270073701056,0.00030949083,-0.082968734,0.054735977
1326.0734239685482,8098.4644,3.3392844,-8.224582e-05,4733,329.37618280990574,1577.226355476822,7339.467,2.950345,1893.4209,1.1302948,8098.4644,3.3392844,0,,,,,329.37618280990574,0.00031166332,1577.226355476822,0.00030970763,-0.08347491,0.054039855
1326.0942569202862,8095.4014,3.339086,-8.261905e-05,4734,329.3754024280686,1577.2268498715066,7336.7593,2.9501696,1900.5474,1.1294621,8095.4014,3.339086,0,,,,,329.3754024280686,0.00031194612,1577.2268498715066,0.00030989372,-0.083573245,0.055364635
1326.115089872744,8102.365,3.3431542,-8.2991566e-05,4735,329.3757341380828,1577.2272097972468,7342.4507,2.953764,1906.4005,1.1308765,8102.365,3.3431542,0,,,,,329.3757341380828,0.00031169355,1577.2272097972468,0.00031036118,-0.08411521,0.0546391
1326.135922825908,8091.9966,3.3409977,-8.3363375e-05,4736,329.37579942875163,1577.2267555968108,7333.05,2.9518585,1910.7609,1.1315573,8091.9966,3.3409977,0,,,,,329.37579942875163,0.00031220738,1577.2267555968108,0.00031033935,-0.0838199,0.054681458
1326.1567557797566,8094.6836,3.3426435,-8.37345e-05,4737,329.37514437862524,1577.227302575082,7335.973,2.9533129,1913.0688,1.1323386,8094.6836,3.3426435,0,,,,,329.37514437862524,0.00031213136,1577.227302575082,0.0003103415,-0.08508635,0.05461707
1326.1775887342749,8098.158,3.3426313,-8.4104955e-05,4738,329.3755085395763,1577.2275804707147,7338.363,2.9533021,1911.818,1.1329777,8098.158,3.3426313,0,,,,,329.3755085395763,0.00031245506,1577.2275804707147,0.00031003816,-0.08410589,0.055472605
1326.198421689447,8101.2373,3.3421228,-8.4474756e-05,4739,329.37468716903135,1577.2259736490005,7341.0894,2.9528527,1910.7725,1.1335294,8101.2373,3.3421228,0,,,,,329.37468716903135,0.00031178677,1577.2259736490005,0.00030992614,-0.08505624,0.053478267
1326.2192546452452,8088.57,3.3413947,-8.484393e-05,4740,329.37514381515285,1577.2275307039222,7329.5854,2.9522092,1913.5399,1.1325363,8088.57,3.3413947,0,,,,,329.37514381515285,0.00031242162,1577.2275307039222,0.00031036173,-0.08421642,0.056032427
1326.2400876016616,8089.6294,3.3415463,-8.521249e-05,4741,329.3743702980329,1577.2258692375738,7330.866,2.9523435,1910.5367,1.1327351,8089.6294,3.3415463,0,,,,,329.3743702980329,0.0003125529,1577.2258692375738,0.000310347,-0.08564529,0.053579167
1326.2609205586814,8094.0425,3.3425636,-8.558044e-05,4742,329.3751255893299,1577.2276516175796,7335.277,2.9532423,1913.3488,1.132592,8094.0425,3.3425636,0,,,,,329.3751255893299,0.00031223134,1577.2276516175796,0.00031031057,-0.084314846,0.05597057
1326.2817535162771,8091.1885,3.3412642,-8.594782e-05,4743,329.37480898424155,1577.2273215029359,7332.3267,2.952094,1910.9596,1.1314151,8091.1885,3.3412642,0,,,,,329.37480898424155,0.00031225337,1577.2273215029359,0.00031041895,-0.08467635,0.055469062
1326.3025864744404,8095.583,3.3407805,-8.631463e-05,4744,329.3741551924634,1577.2268029507054,7336.782,2.9516666,1911.3268,1.1313181,8095.583,3.3407805,0,,,,,329.3741551924634,0.00031192426,1577.2268029507054,0.0003101149,-0.08579147,0.054279
1326.3234194331562,8097.108,3.3429089,-8.6680884e-05,4745,329.37438450699887,1577.2276953595385,7337.7905,2.953547,1917.2222,1.1331689,8097.108,3.3429089,0,,,,,329.37438450699887,0.0003121626,1577.2276953595385,0.0003101744,-0.085479334,0.055456776
1326.3442523924102,8093.678,3.3462744,-8.70466e-05,4746,329.37487218028747,1577.2255927428037,7332.095,2.9565208,1927.4104,1.1364447,8093.678,3.3462744,0,,,,,329.37487218028747,0.00031307372,1577.2255927428037,0.00031090897,-0.08530492,0.052578714
1326.3859183124682,8098.8804,3.3504229,-8.777649e-05,4748,329.37474037992695,1577.2283949811253,7339.3833,2.960186,1950.3429,1.1396043,8098.8804,3.3504229,0,,,,,329.37474037992695,0.0003128437,1577.2283949811253,0.00031088057,-0.08503225,0.056270123
1326.4067512732436,8099.2466,3.3536496,-8.814069e-05,4749,329.3739854623102,1577.2272665858889,7339.488,2.963037,1961.4208,1.1420004,8099.2466,3.3536496,0,,,,,329.3739854623102,0.00031309543,1577.2272665858889,0.00031143075,-0.08652116,0.054280587
1326.427584234506,8102.2056,3.3559194,-8.85044e-05,4750,329.3742145786169,1577.2272851506325,7341.9507,2.9650424,1973.1644,1.1442829,8102.2056,3.3559194,0,,,,,329.3742145786169,0.00031332564,1577.2272851506325,0.00031136486,-0.08598523,0.055293582
1326.4484171962338,8103.3276,3.359226,-8.8867644e-05,4751,329.37381371347846,1577.2277644548753,7343.318,2.967964,1984.1063,1.146353,8103.3276,3.359226,0,,,,,329.37381371347846,0.00031360448,1577.2277644548753,0.00031165968,-0.08586904,0.055743456
1326.4692501584273,8102.6914,3.3608482,-8.923042e-05,4752,329.37353851863884,1577.227100578165,7342.611,2.969397,1992.812,1.1479406,8102.6914,3.3608482,0,,,,,329.37353851863884,0.00031360827,1577.227100578165,0.0003119591,-0.086628474,0.054661747
1326.4900831210575,8097.7285,3.3620312,-8.9592766e-05,4753,329.3738233466898,1577.228026921196,7338.575,2.9704423,2002.6346,1.1494353,8097.7285,3.3620312,0,,,,,329.3738233466898,0.00031397823,1577.228026921196,0.00031220127,-0.086000994,0.0555493
1326.5109160841243,8093.123,3.3646035,-8.995467e-05,4754,329.37333724108447,1577.2274673669015,7334.0186,2.972715,2015.1852,1.152532,8093.123,3.3646035,0,,,,,329.37333724108447,0.00031450432,1577.2274673669015,0.00031265494,-0.08644448,0.055229574
1326.531749047621,8089.149,3.3681192,-9.031615e-05,4755,329.37394412319725,1577.2277922954484,7330.591,2.975821,2032.2306,1.1561415,8089.149,3.3681192,0,,,,,329.37394412319725,0.00031499256,1577.2277922954484,0.00031308926,-0.08595207,0.055801675
1326.552582011517,8093.479,3.3728511,-9.0677226e-05,4756,329.3739184753675,1577.228141250772,7334.5576,2.9800017,2050.7712,1.1596842,8093.479,3.3728511,0,,,,,329.3739184753675,0.00031529574,1577.228141250772,0.00031352564,-0.08617623,0.056047104
1326.5734149758205,8093.3174,3.3763356,-9.1037895e-05,4757,329.37249486098784,1577.2265642565749,7334.046,2.9830806,2058.8184,1.1629795,8093.3174,3.3763356,0,,,,,329.37249486098784,0.00031569906,1577.2265642565749,0.00031389983,-0.087828964,0.05412489
1326.594247940517,8087.3237,3.3761728,-9.139817e-05,4758,329.37415442508455,1577.2282428123726,7328.822,2.9829366,2065.6047,1.1632733,8087.3237,3.3761728,0,,,,,329.37415442508455,0.000315871,1577.2282428123726,0.00031412064,-0.08632288,0.056070767
1326.6150809055846,8092.6733,3.3785832,-9.175808e-05,4759,329.37302976700227,1577.227555069338,7333.5703,2.9850664,2072.3438,1.1641152,8092.6733,3.3785832,0,,,,,329.37302976700227,0.00031592473,1577.227555069338,0.0003142561,-0.08673373,0.055552263
1326.6359138710313,8096.0474,3.3797832,-9.21176e-05,4760,329.37395812533725,1577.2279138077763,7336.8076,2.9861264,2074.1357,1.1652677,8096.0474,3.3797832,0,,,,,329.37395812533725,0.0003159414,1577.2279138077763,0.0003141567,-0.08702524,0.05513972
1326.656746836841,8092.534,3.379449,-9.247677e-05,4761,329.3725872879055,1577.2280796369905,7333.601,2.9858313,2072.5828,1.1648891,8092.534,3.379449,0,,,,,329.3725872879055,0.0003158741,1577.2280796369905,0.00031427701,-0.087165296,0.05553319
1326.6775798029926,8092.833,3.3756044,-9.283559e-05,4762,329.37355680492664,1577.2273367175287,7332.4346,2.9824345,2059.0142,1.1626426,8092.833,3.3756044,0,,,,,329.37355680492664,0.0003157708,1577.2273367175287,0.0003138765,-0.08720574,0.054835707
1326.6984127694936,8090.5337,3.3714905,-9.319406e-05,4763,329.37302838950404,1577.2285993246371,7331.0503,2.9787998,2045.0903,1.1594647,8090.5337,3.3714905,0,,,,,329.37302838950404,0.00031528057,1577.2285993246371,0.0003136494,-0.087467656,0.056005303
1326.7192457363292,8097.0586,3.3690143,-9.35522e-05,4764,329.37236650286576,1577.228276711277,7336.242,2.9766119,2031.1086,1.1567189,8097.0586,3.3690143,0,,,,,329.37236650286576,0.00031481555,1577.228276711277,0.00031313227,-0.08699618,0.05606881
1326.7400787034921,8088.6997,3.3660865,-9.391001e-05,4765,329.3730415074577,1577.2267200804101,7329.057,2.9740252,2020.1582,1.154294,8088.6997,3.3660865,0,,,,,329.3730415074577,0.00031475438,1577.2267200804101,0.00031319834,-0.087740496,0.053846423
1326.7609116709689,8091.915,3.3639657,-9.42675e-05,4766,329.37313916680927,1577.2276876983503,7332.4336,2.9721515,2011.2709,1.15191,8091.915,3.3639657,0,,,,,329.37313916680927,0.00031454448,1577.2276876983503,0.0003128008,-0.087339126,0.055627305
1326.7817446387585,8087.4233,3.3637424,-9.462469e-05,4767,329.37311748244304,1577.2280559799121,7328.071,2.971954,2008.8666,1.1525841,8087.4233,3.3637424,0,,,,,329.37311748244304,0.0003146851,1577.2280559799121,0.00031292837,-0.08734997,0.05493879
1326.8025776068448,8096.192,3.363877,-9.498157e-05,4768,329.3726083746183,1577.2275768366724,7337.1733,2.972073,2005.402,1.1512951,8096.192,3.363877,0,,,,,329.3726083746183,0.00031429622,1577.2275768366724,0.00031258233,-0.08741034,0.055308763
1326.8234105752301,8087.2817,3.3629353,-9.533816e-05,4769,329.3718549523758,1577.227988161379,7329.036,2.971241,2009.385,1.151701,8087.2817,3.3629353,0,,,,,329.3718549523758,0.0003144882,1577.227988161379,0.00031272892,-0.08774071,0.05581342
1326.8442435438992,8086.8174,3.3620408,-9.5694464e-05,4770,329.3726595648361,1577.2276496217835,7328.5127,2.9704506,2005.4237,1.1517184,8086.8174,3.3620408,0,,,,,329.3726595648361,0.00031445513,1577.2276496217835,0.00031258914,-0.087628216,0.05562404
1326.8650765128457,8097.1035,3.3609872,-9.605049e-05,4771,329.3720683716844,1577.2279491660474,7337.0996,2.9695199,1994.5144,1.1490653,8097.1035,3.3609872,0,,,,,329.3720683716844,0.0003140864,1577.2279491660474,0.0003122008,-0.08761955,0.05586377
1326.8859094820687,8090.6265,3.3563952,-9.640624e-05,4772,329.37235349420223,1577.2274805938328,7331.861,2.9654627,1972.977,1.145396,8090.6265,3.3563952,0,,,,,329.37235349420223,0.00031363463,1577.2274805938328,0.0003121358,-0.08790742,0.05490977
1326.9067424515526,8090.956,3.348166,-9.676173e-05,4773,329.37349204192066,1577.2284705559211,7330.9517,2.958192,1941.452,1.1388865,8090.956,3.348166,0,,,,,329.37349204192066,0.00031299694,1577.2284705559211,0.00031111317,-0.08685347,0.05637244
1326.9275754212986,8089.251,3.3428931,-9.711696e-05,4774,329.37212601269727,1577.2281223354903,7330.347,2.9535334,1910.3958,1.1321275,8089.251,3.3428931,0,,,,,329.37212601269727,0.00031233844,1577.2281223354903,0.00031082102,-0.08837374,0.055616684
1326.9484083912912,8092.9536,3.3341758,-9.747194e-05,4775,329.372319441982,1577.2264363645788,7334.15,2.9458313,1878.057,1.1252897,8092.9536,3.3341758,0,,,,,329.372319441982,0.0003114285,1577.2264363645788,0.00030956313,-0.0883389,0.054149672
1326.969241361532,8095.1997,3.3261812,-9.782667e-05,4776,329.3727281257352,1577.2280195554706,7336.126,2.9387677,1849.749,1.1183414,8095.1997,3.3261812,0,,,,,329.3727281257352,0.00031056834,1577.2280195554706,0.0003086164,-0.08743272,0.055999376
1326.9900743320136,8093.9746,3.32197,-9.818116e-05,4777,329.3719066374704,1577.228586060746,7334.65,2.9350471,1833.0118,1.1147459,8093.9746,3.32197,0,,,,,329.3719066374704,0.00031010495,1577.228586060746,0.00030844315,-0.088260934,0.05521947
1327.0109073027281,8092.8774,3.3204908,-9.853542e-05,4778,329.3721290939562,1577.2283977389789,7334.357,2.9337404,1822.7377,1.1137788,8092.8774,3.3204908,0,,,,,329.3721290939562,0.00030997026,1577.2283977389789,0.00030807094,-0.08747058,0.05634084
1327.0317402736746,8095.927,3.321534,-9.8889446e-05,4779,329.372515783302,1577.2278466759228,7336.983,2.9346619,1819.2662,1.1142237,8095.927,3.321534,0,,,,,329.372515783302,0.00030994852,1577.2278466759228,0.00030816675,-0.08753748,0.05611074
1327.0525732448396,8092.031,3.3193223,-9.9243254e-05,4780,329.3712804646739,1577.2271274577524,7332.1084,2.9327078,1820.2583,1.1126547,8092.031,3.3193223,0,,,,,329.3712804646739,0.0003101231,1577.2271274577524,0.00030818378,-0.08906613,0.054635167
1327.0734062162153,8091.827,3.3203769,-9.959685e-05,4781,329.37207953952696,1577.2280364579403,7333.07,2.9336398,1821.8096,1.1140821,8091.827,3.3203769,0,,,,,329.37207953952696,0.00030999782,1577.2280364579403,0.0003081342,-0.08812983,0.055398595
1327.0942391878093,8095.715,3.3212442,-9.995023e-05,4782,329.3718554069662,1577.227792627365,7336.1504,2.9344058,1825.8258,1.1139245,8095.715,3.3212442,0,,,,,329.3718554069662,0.00031013205,1577.227792627365,0.00030809402,-0.08829689,0.05519556
1327.115072159608,8091.973,3.3206906,-0.000100303405,4783,329.37146438389345,1577.2284933317796,7329.925,2.9339168,1829.4847,1.1149088,8091.973,3.3206906,0,,,,,329.37146438389345,0.0003102411,1577.2284933317796,0.00030852188,-0.08874179,0.05577168
1327.1359051316022,8091.57,3.320463,-0.00010065638,4784,329.3728928852919,1577.2298748950266,7330.072,2.9337153,1828.793,1.1140518,8091.57,3.320463,0,,,,,329.3728928852919,0.00031022896,1577.2298748950266,0.00030850078,-0.087031916,0.05720731
1327.1775710761801,8096.3013,3.3188448,-0.00010136175,4786,329.3711214266345,1577.2278296619554,7336.618,2.932286,1816.2605,1.1125293,8096.3013,3.3188448,0,,,,,329.3711214266345,0.00030972643,1577.2278296619554,0.00030787493,-0.088640444,0.054813687
1327.1984040487491,8091.4062,3.3152344,-0.000101714155,4787,329.3719033323538,1577.227933756162,7332.452,2.929096,1803.0566,1.1088886,8091.4062,3.3152344,0,,,,,329.3719033323538,0.00030953437,1577.227933756162,0.00030781823,-0.0884685,0.055243973
1327.219237021501,8090.2397,3.3119745,-0.00010206638,4788,329.3716696862748,1577.2277632313064,7330.6255,2.926216,1791.9215,1.106663,8090.2397,3.3119745,0,,,,,329.3716696862748,0.0003093878,1577.2277632313064,0.00030744282,-0.088002816,0.05583227
1327.2400699944199,8091.952,3.311087,-0.00010241843,4789,329.3714434108652,1577.2279795780603,7332.3286,2.9254317,1778.8094,1.1044165,8091.952,3.311087,0,,,,,329.3714434108652,0.00030931598,1577.2279795780603,0.00030736107,-0.08928828,0.05581176
1327.26090296752,8091.2256,3.3049257,-0.000102770304,4790,329.3710719232618,1577.226668095676,7331.2207,2.919988,1759.6917,1.099773,8091.2256,3.3049257,0,,,,,329.3710719232618,0.0003086649,1577.226668095676,0.00030686372,-0.088398546,0.054631185
1327.2817359407798,8093.904,3.301933,-0.000103122016,4791,329.3721615425913,1577.2281885164466,7334.8813,2.917344,1739.7618,1.0956149,8093.904,3.301933,0,,,,,329.3721615425913,0.00030800217,1577.2281885164466,0.00030642268,-0.087923475,0.056090213
1327.3025689142073,8095.5547,3.2985861,-0.00010347356,4792,329.3709857329027,1577.228599331269,7336.405,2.914387,1729.4714,1.0932252,8095.5547,3.2985861,0,,,,,329.3709857329027,0.0003079302,1577.228599331269,0.00030588615,-0.08826625,0.05661625
1327.3234018877952,8092.2607,3.2969534,-0.00010382495,4793,329.3722599294807,1577.2274533398684,7332.135,2.9129443,1723.1194,1.0924602,8092.2607,3.2969534,0,,,,,329.3722599294807,0.00030764448,1577.2274533398684,0.00030605972,-0.08765084,0.05491843
1327.3442348615363,8096.382,3.2946873,-0.00010417618,4794,329.37126938431663,1577.2280831325795,7337.143,2.9109423,1713.8436,1.0907309,8096.382,3.2946873,0,,,,,329.37126938431663,0.00030725033,1577.2280831325795,0.00030543617,-0.088939734,0.05526817
1327.365067835423,8088.7295,3.2931015,-0.000104527266,4795,329.37118547613153,1577.226930962907,7330.0146,2.9095411,1707.9604,1.0890688,8088.7295,3.2931015,0,,,,,329.37118547613153,0.000307468,1577.226930962907,0.0003056342,-0.08876142,0.054860584
1327.3859008094619,8089.1206,3.2955203,-0.0001048782,4796,329.3723719911941,1577.228703535591,7330.754,2.911678,1707.4569,1.0897354,8089.1206,3.2955203,0,,,,,329.3723719911941,0.0003077461,1577.228703535591,0.00030591802,-0.08774941,0.055965967
1327.406733783639,8094.758,3.2926712,-0.000105228995,4797,329.3711805942158,1577.226902718176,7335.911,2.9091609,1706.3652,1.0882142,8094.758,3.2926712,0,,,,,329.3711805942158,0.00030721485,1577.226902718176,0.00030527762,-0.08910268,0.054184727
1327.4275667579616,8090.1763,3.2925832,-0.000105579646,4798,329.3709236046086,1577.2276982263822,7331.7075,2.9090831,1706.0045,1.0884022,8090.1763,3.2925832,0,,,,,329.3709236046086,0.0003073228,1577.2276982263822,0.00030550497,-0.0888994,0.05508711
1327.448399732415,8093.305,3.2932937,-0.000105930165,4799,329.3715431012494,1577.2282497412518,7334.669,2.909711,1710.7751,1.0889184,8093.305,3.2932937,0,,,,,329.3715431012494,0.0003073037,1577.2282497412518,0.0003053121,-0.08809862,0.056513205
1327.4692327070002,8086.581,3.2944834,-0.00010628055,4800,329.3709591873975,1577.2268395171395,7328.9717,2.910762,1716.3766,1.0905421,8086.581,3.2944834,0,,,,,329.3709591873975,0.00030766887,1577.2268395171395,0.0003058029,-0.08860775,0.054304574
1327.4900656817165,8090.806,3.2965431,-0.00010663081,4801,329.3716240619316,1577.2283572206675,7333.115,2.912582,1723.7075,1.0923193,8090.806,3.2965431,0,,,,,329.3716240619316,0.0003076433,1577.2283572206675,0.00030567538,-0.087875456,0.05574892
1327.5108986565551,8095.061,3.3008933,-0.000106980944,4802,329.37053526458067,1577.2261178804033,7336.6675,2.9164252,1734.0504,1.094352,8095.061,3.3008933,0,,,,,329.37053526458067,0.00030782862,1577.2261178804033,0.00030617224,-0.08985574,0.053532157
1327.5317316315106,8096.1665,3.3049219,-0.00010733096,4803,329.37274636901736,1577.2287979637147,7337.7393,2.9199846,1746.8116,1.0987897,8096.1665,3.3049219,0,,,,,329.37274636901736,0.00030868137,1577.2287979637147,0.00030615198,-0.08722368,0.05630434
1327.5525646065898,8090.8677,3.3056226,-0.000107680855,4804,329.37106676780763,1577.2279901420811,7332.6377,2.9206038,1764.4468,1.1011082,8090.8677,3.3056226,0,,,,,329.37106676780763,0.00030856015,1577.2279901420811,0.00030675682,-0.08868923,0.055472326
1327.5733975817861,8093.3994,3.3093696,-0.00010803063,4805,329.37117851962915,1577.227277725238,7334.107,2.9239144,1774.598,1.1034899,8093.3994,3.3093696,0,,,,,329.37117851962915,0.0003089306,1577.227277725238,0.0003071963,-0.08835406,0.054900162
1327.5942305570918,8095.665,3.3123777,-0.0001083803,4806,329.37114125594815,1577.2279236825243,7336.374,2.926572,1784.1467,1.1054326,8095.665,3.3123777,0,,,,,329.37114125594815,0.00030923117,1577.2279236825243,0.0003073188,-0.08872274,0.055866774
1327.6150635325057,8095.475,3.31107,-0.00010872986,4807,329.37006960209993,1577.2259593225526,7335.1367,2.9254167,1781.4211,1.1048183,8095.475,3.31107,0,,,,,329.37006960209993,0.00030904822,1577.2259593225526,0.00030734407,-0.08939321,0.053048193
1327.635896508029,8094.5547,3.3090272,-0.00010907931,4808,329.37114491781387,1577.2280122304187,7335.403,2.9236116,1775.4025,1.1031948,8094.5547,3.3090272,0,,,,,329.37114491781387,0.00030884048,1577.2280122304187,0.0003068384,-0.088246174,0.056184113
1327.6567294836466,8096.5264,3.3077986,-0.00010942866,4809,329.37132164934314,1577.2272761499041,7337.522,2.9225264,1768.7825,1.101559,8096.5264,3.3077986,0,,,,,329.37132164934314,0.0003085746,1577.2272761499041,0.00030673045,-0.08842164,0.05482471
1327.6775624593733,8098.098,3.3063984,-0.00010977791,4810,329.370718820797,1577.2271315775834,7338.635,2.9212892,1761.0002,1.1003782,8098.098,3.3063984,0,,,,,329.370718820797,0.00030842106,1577.2271315775834,0.00030646173,-0.089370854,0.054334007
1327.6983954351956,8089.234,3.3054671,-0.00011012706,4811,329.3715493006102,1577.2276158623497,7330.8223,2.9204664,1756.0226,1.1002071,8089.234,3.3054671,0,,,,,329.3715493006102,0.00030855733,1577.2276158623497,0.00030686587,-0.08840699,0.05517123
1327.7192284111052,8099.2383,3.303997,-0.000110476125,4812,329.3713262358454,1577.2268105293267,7339.469,2.9191678,1751.7308,1.0979676,8099.2383,3.303997,0,,,,,329.3713262358454,0.00030818392,1577.2268105293267,0.0003062517,-0.088523425,0.054223042
1327.740061387115,8095.8013,3.3035665,-0.00011082509,4813,329.3708566604926,1577.227246915038,7336.807,2.9187872,1748.7377,1.0985749,8095.8013,3.3035665,0,,,,,329.3708566604926,0.00030825753,1577.227246915038,0.00030625123,-0.08879827,0.054483686
1327.7608943632056,8094.458,3.3018835,-0.00011117397,4814,329.3706662632674,1577.2271386957775,7335.2344,2.9173002,1744.7957,1.0968741,8094.458,3.3018835,0,,,,,329.3706662632674,0.00030814286,1577.2271386957775,0.00030621057,-0.089327775,0.054758783
1327.7817273393907,8097.8037,3.2998893,-0.00011152276,4815,329.3709877567318,1577.227178081209,7336.2163,2.9155385,1736.9618,1.0949107,8097.8037,3.2998893,0,,,,,329.3709877567318,0.00030791914,1577.227178081209,0.0003062489,-0.08862689,0.054425854
1327.8025603156561,8098.0513,3.3009894,-0.000111871464,4816,329.3709855763483,1577.2278238070646,7339.1924,2.9165106,1732.1758,1.094627,8098.0513,3.3009894,0,,,,,329.3709855763483,0.00030759384,1577.2278238070646,0.00030599697,-0.0881841,0.055466715
1327.823393292002,8097.2573,3.2973993,-0.00011222009,4817,329.3700216371947,1577.226497116781,7337.3477,2.9133382,1724.6465,1.0923105,8097.2573,3.2973993,0,,,,,329.3700216371947,0.0003076727,1577.226497116781,0.00030577296,-0.08971851,0.053249136
1327.8650592449262,8094.886,3.2934098,-0.000112917114,4819,329.37062259781254,1577.2268000251465,7337.2554,2.9098134,1705.8431,1.0884562,8094.886,3.2934098,0,,,,,329.37062259781254,0.00030719617,1577.2268000251465,0.00030519016,-0.08890057,0.05416773
1327.8858922215045,8098.3804,3.2902305,-0.00011326551,4820,329.37124093762094,1577.2268327507707,7340.4355,2.9070046,1691.6002,1.0858632,8098.3804,3.2902305,0,,,,,329.37124093762094,0.00030659637,1577.2268327507707,0.00030466518,-0.08878031,0.054629967
1327.906725198148,8096.1313,3.286122,-0.00011361384,4821,329.37072576823783,1577.2276948130059,7338.4653,2.9033747,1677.9309,1.0821801,8096.1313,3.286122,0,,,,,329.37072576823783,0.00030634043,1577.2276948130059,0.00030431515,-0.08862383,0.05502031
1327.9275581748652,8103.506,3.2839997,-0.000113962094,4822,329.3706255453389,1577.2264122799427,7345.1255,2.9014993,1656.0364,1.0790701,8103.506,3.2839997,0,,,,,329.3706255453389,0.00030598394,1577.2264122799427,0.0003038536,-0.08885748,0.054220982
1327.9483911516477,8096.4736,3.2782412,-0.000114310285,4823,329.37035521314226,1577.227304426648,7339.353,2.8964114,1643.1799,1.0746318,8096.4736,3.2782412,0,,,,,329.37035521314226,0.00030547238,1577.227304426648,0.00030348398,-0.08899124,0.05479033
1327.969224128495,8102.789,3.2750633,-0.00011465841,4824,329.37076632146113,1577.2274921799303,7344.321,2.8936038,1623.219,1.0715302,8102.789,3.2750633,0,,,,,329.37076632146113,0.00030494825,1577.2274921799303,0.00030296785,-0.088651754,0.054743316
1327.9900571054077,8097.339,3.2710395,-0.00011500647,4825,329.37020384161,1577.226898465817,7339.3315,2.8900485,1613.5878,1.0683599,8097.339,3.2710395,0,,,,,329.37020384161,0.0003046963,1577.226898465817,0.00030275236,-0.08904367,0.053885337
1328.0108900823789,8097.6987,3.2695048,-0.00011535447,4826,329.37117782122937,1577.227468405993,7340.193,2.8886926,1603.1824,1.0660272,8097.6987,3.2695048,0,,,,,329.37117782122937,0.000304565,1577.227468405993,0.00030255207,-0.08878175,0.05500309
1328.0317230594083,8101.877,3.2682037,-0.000115702416,4827,329.3695528900845,1577.226281800621,7343.2554,2.8875434,1595.9696,1.066362,8101.877,3.2682037,0,,,,,329.3695528900845,0.00030432147,1577.226281800621,0.000302266,-0.08947226,0.05328269
1328.0525560364956,8095.8726,3.2674236,-0.0001160503,4828,329.3711056510044,1577.227269605962,7338.6274,2.886854,1595.5215,1.0647433,8095.8726,3.2674236,0,,,,,329.3711056510044,0.00030445235,1577.227269605962,0.0003023351,-0.08851491,0.054769237
1328.0733890136419,8093.8994,3.2675738,-0.00011639813,4829,329.3704792473475,1577.2271385311349,7336.7495,2.886987,1601.1829,1.065425,8093.8994,3.2675738,0,,,,,329.3704792473475,0.00030449076,1577.2271385311349,0.00030244238,-0.08887536,0.054588914
1328.0942219908384,8096.779,3.2685046,-0.000116745905,4830,329.3698426124818,1577.2262100599755,7338.606,2.8878088,1601.6458,1.0668509,8096.779,3.2685046,0,,,,,329.3698426124818,0.00030452394,1577.2262100599755,0.00030253635,-0.08924348,0.05341716
1328.1150549680788,8101.344,3.2703085,-0.00011709364,4831,329.37094660304876,1577.226974192575,7343.3374,2.8894029,1601.6448,1.0659232,8101.344,3.2703085,0,,,,,329.37094660304876,0.00030444536,1577.226974192575,0.00030268656,-0.08867311,0.054452065
1328.1358879453774,8096.036,3.268471,-0.00011744131,4832,329.36991522956646,1577.226767997474,7338.3643,2.8877795,1600.7478,1.0660949,8096.036,3.268471,0,,,,,329.36991522956646,0.00030460622,1577.226767997474,0.00030250117,-0.08927387,0.05360959
1328.1567209227194,8103.088,3.268365,-0.00011778894,4833,329.3707890043452,1577.2271057471576,7344.523,2.8876855,1596.5533,1.0654062,8103.088,3.268365,0,,,,,329.3707890043452,0.00030440223,1577.2271057471576,0.00030226848,-0.08872637,0.05459759
1328.1775539001057,8102.203,3.2670496,-0.00011813653,4834,329.3699583235514,1577.2268139357423,7343.909,2.8865235,1593.6605,1.0640657,8102.203,3.2670496,0,,,,,329.3699583235514,0.00030415083,1577.2268139357423,0.00030220626,-0.089479536,0.05352102
1328.198386877536,8093.2134,3.2658005,-0.00011848407,4835,329.36979041403123,1577.2265722574637,7336.2754,2.8854198,1588.7769,1.0629909,8093.2134,3.2658005,0,,,,,329.36979041403123,0.00030421204,1577.2265722574637,0.00030250315,-0.08931133,0.05399821
1328.2192198550017,8096.202,3.2637272,-0.00011883158,4836,329.3708772315731,1577.227248320109,7338.615,2.883588,1582.2288,1.0619235,8096.202,3.2637272,0,,,,,329.3708772315731,0.00030405456,1577.227248320109,0.00030199383,-0.08883245,0.05444162
1328.2400528325184,8097.1865,3.2620945,-0.000119179036,4837,329.3694844918203,1577.2258827347569,7339.382,2.8821454,1574.444,1.0597423,8097.1865,3.2620945,0,,,,,329.3694844918203,0.0003038899,1577.2258827347569,0.0003018902,-0.09018409,0.053216785
1328.2608858100643,8099.1924,3.2611153,-0.00011952646,4838,329.3702393994847,1577.2269030014563,7341.452,2.8812804,1566.6432,1.0585643,8099.1924,3.2611153,0,,,,,329.3702393994847,0.00030373,1577.2269030014563,0.0003017059,-0.08878079,0.054175965
1328.2817187876544,8098.371,3.2585838,-0.00011987385,4839,329.37040224126844,1577.2255333289997,7340.0337,2.8790438,1559.4662,1.0569943,8098.371,3.2585838,0,,,,,329.37040224126844,0.00030350024,1577.2255333289997,0.0003012725,-0.08959818,0.052970745
1328.3025517652736,8097.148,3.2557762,-0.0001202212,4840,329.36956587897043,1577.2272966291484,7339.6353,2.8765633,1550.0142,1.0542084,8097.148,3.2557762,0,,,,,329.36956587897043,0.00030314745,1577.2272966291484,0.00030116778,-0.08954929,0.054446507
1328.3233847429287,8097.005,3.2544582,-0.00012056852,4841,329.370263959548,1577.226382326941,7339.065,2.8753986,1543.46,1.0533146,8097.005,3.2544582,0,,,,,329.370263959548,0.00030304232,1577.226382326941,0.00030111146,-0.08918375,0.053831667
1328.344217720613,8091.823,3.253392,-0.00012091581,4842,329.36997518625844,1577.2256834297664,7334.3574,2.874457,1539.2935,1.0520418,8091.823,3.253392,0,,,,,329.36997518625844,0.00030317027,1577.2256834297664,0.00030131827,-0.08926896,0.053014174
1328.365050698326,8099.1465,3.252146,-0.00012126307,4843,329.37082970559277,1577.2267028841306,7340.52,2.8733556,1534.1626,1.0507938,8099.1465,3.252146,0,,,,,329.37082970559277,0.00030280155,1577.2267028841306,0.00030073235,-0.088920474,0.05410265
1328.3858836760755,8097.457,3.2529337,-0.00012161029,4844,329.369817542663,1577.225503309801,7339.06,2.8740516,1536.2539,1.0520958,8097.457,3.2529337,0,,,,,329.369817542663,0.00030299136,1577.225503309801,0.00030079103,-0.08987208,0.052912485
1328.4067166538475,8098.0737,3.2520754,-0.00012195749,4845,329.3709176939828,1577.2269612618873,7339.788,2.8732934,1531.346,1.050015,8098.0737,3.2520754,0,,,,,329.3709176939828,0.00030291275,1577.2269612618873,0.000300707,-0.08848868,0.054043543
1328.4275496316416,8098.8564,3.2527633,-0.00012230467,4846,329.3695081305186,1577.226418795277,7340.6196,2.873901,1533.3752,1.0508693,8098.8564,3.2527633,0,,,,,329.3695081305186,0.00030280213,1577.226418795277,0.00030089114,-0.08983136,0.053441595
1328.4483826094634,8088.2437,3.254317,-0.00012265182,4847,329.36985181233865,1577.225811224631,7331.7974,2.8752742,1536.7256,1.0526965,8088.2437,3.254317,0,,,,,329.36985181233865,0.00030316177,1577.225811224631,0.0003014758,-0.089709945,0.053057723
1328.4692155873001,8095.5366,3.2530951,-0.00012299896,4848,329.3700884849873,1577.226493594153,7337.716,2.8741944,1538.8647,1.0520563,8095.5366,3.2530951,0,,,,,329.3700884849873,0.0003030849,1577.226493594153,0.0003008839,-0.088858455,0.05400972
1328.490048565166,8094.243,3.254221,-0.00012334606,4849,329.37106940605787,1577.226206239289,7333.181,2.875189,1544.3618,1.0541734,8094.243,3.254221,0,,,,,329.37106940605787,0.00030337117,1577.226206239289,0.0003013499,-0.08769273,0.05351682
1328.5108815430613,8093.045,3.2564902,-0.00012369314,4850,329.3706131636804,1577.2269232659771,7335.6636,2.8771942,1552.921,1.0558228,8093.045,3.2564902,0,,,,,329.3706131636804,0.0003035155,1577.2269232659771,0.0003014279,-0.08898785,0.05354094
1328.531714520957,8098.102,3.2592208,-0.00012404022,4851,329.3698806535858,1577.2252520654122,7340.479,2.8796065,1562.9246,1.0570573,8098.102,3.2592208,0,,,,,329.3698806535858,0.0003034736,1577.2252520654122,0.00030160305,-0.089530624,0.052167986
1328.5525474988817,8099.622,3.26225,-0.00012438727,4852,329.3703088416935,1577.2263138848602,7341.284,2.8822827,1573.2225,1.0595404,8099.622,3.26225,0,,,,,329.3703088416935,0.0003040627,1577.2263138848602,0.00030177488,-0.088760555,0.05410098
1328.5733804768206,8099.87,3.2635076,-0.0001247343,4853,329.36992528328824,1577.225600615599,7341.755,2.8833942,1580.0322,1.0604166,8099.87,3.2635076,0,,,,,329.36992528328824,0.00030393447,1577.225600615599,0.00030201502,-0.08964837,0.052899648
1328.5942134547593,8094.1255,3.264957,-0.00012508134,4854,329.37040558038245,1577.2255841296842,7336.543,2.8846745,1586.2913,1.0625498,8094.1255,3.264957,0,,,,,329.37040558038245,0.00030427746,1577.2255841296842,0.00030236455,-0.08917102,0.052862976
1328.615046432727,8093.1284,3.2661443,-0.00012542834,4855,329.3699027397827,1577.2261415348592,7335.766,2.8857236,1591.7534,1.0647528,8093.1284,3.2661443,0,,,,,329.3699027397827,0.00030438576,1577.2261415348592,0.00030245594,-0.08949709,0.053268455
1328.6358794107102,8095.7964,3.2649539,-0.00012577533,4856,329.36962479981577,1577.2251303130452,7338.3,2.884672,1588.9801,1.0629603,8095.7964,3.2649539,0,,,,,329.36962479981577,0.00030422225,1577.2251303130452,0.000302204,-0.08950491,0.05229853
1328.6567123886934,8094.4663,3.26375,-0.00012612232,4857,329.36987794657193,1577.2257114972008,7337.0137,2.8836083,1585.7693,1.0622799,8094.4663,3.26375,0,,,,,329.36987794657193,0.00030406006,1577.2257114972008,0.0003021297,-0.08912553,0.053179756
1328.6775453666903,8093.225,3.2648191,-0.0001264693,4858,329.36897204646283,1577.2248878403864,7335.9707,2.884553,1582.8594,1.0639597,8093.225,3.2648191,0,,,,,329.36897204646283,0.00030437528,1577.2248878403864,0.00030221674,-0.08976698,0.051815737
1328.6983783447017,8092.0806,3.2625568,-0.00012681626,4859,329.3702676563275,1577.2262486335926,7334.6,2.882554,1581.1581,1.0611321,8092.0806,3.2625568,0,,,,,329.3702676563275,0.00030411602,1577.2262486335926,0.00030215736,-0.08890373,0.053065855
1328.7192113226988,8090.8965,3.2627332,-0.00012716324,4860,329.3698499736258,1577.2256744398917,7333.854,2.88271,1580.4508,1.0620234,8090.8965,3.2627332,0,,,,,329.3698499736258,0.00030401704,1577.2256744398917,0.00030232206,-0.08973719,0.053014956
1328.7400443007248,8090.0674,3.2629654,-0.00012751018,4861,329.37000392344606,1577.224994640962,7332.5503,2.882915,1581.7521,1.0618219,8090.0674,3.2629654,0,,,,,329.37000392344606,0.00030427033,1577.224994640962,0.00030225873,-0.08897041,0.052555095
1328.760877278737,8089.8765,3.2632158,-0.00012785714,4862,329.3699281927501,1577.2254141608325,7332.317,2.8831363,1582.2618,1.0625821,8089.8765,3.2632158,0,,,,,329.3699281927501,0.00030435316,1577.2254141608325,0.00030230792,-0.089432225,0.052590955
1328.7817102567637,8089.253,3.2636995,-0.00012820409,4863,329.36893133946285,1577.2253140161083,7331.486,2.8835635,1582.2266,1.0618012,8089.253,3.2636995,0,,,,,329.36893133946285,0.00030437377,1577.2253140161083,0.0003025733,-0.09068513,0.0519725
1328.8025432347897,8088.2856,3.26298,-0.00012855104,4864,329.37105124468826,1577.2263739978023,7331.3115,2.882928,1581.8525,1.0621179,8088.2856,3.26298,0,,,,,329.37105124468826,0.0003043566,1577.2263739978023,0.00030229942,-0.08876341,0.053481825
1328.8233762128302,8092.6636,3.2618678,-0.00012889797,4865,329.3699888560605,1577.2259732998857,7334.1064,2.8819451,1578.6708,1.0607148,8092.6636,3.2618678,0,,,,,329.3699888560605,0.00030414693,1577.2259732998857,0.000302172,-0.08943711,0.053285185
1328.8442091908564,8087.6606,3.261267,-0.00012924492,4866,329.36976142494564,1577.224513791506,7330.649,2.8814147,1576.2377,1.0603862,8087.6606,3.261267,0,,,,,329.36976142494564,0.0003041782,1577.224513791506,0.00030219558,-0.089984074,0.051328577
1328.8650421688826,8088.416,3.25895,-0.00012959186,4867,329.3697163831457,1577.2253362602853,7331.4155,2.8793674,1565.9591,1.0581365,8088.416,3.25895,0,,,,,329.3697163831457,0.00030391,1577.2253362602853,0.0003018397,-0.08928924,0.052540347
1328.8858751469093,8090.445,3.258351,-0.00012993881,4868,329.36893761408913,1577.2248283527206,7332.183,2.8788383,1560.1855,1.0570829,8090.445,3.258351,0,,,,,329.36893761408913,0.00030391017,1577.2248283527206,0.00030191825,-0.09022185,0.05167635
1328.906708124936,8087.084,3.2561088,-0.00013028576,4869,329.37072890261874,1577.2253906684903,7329.9873,2.876857,1549.6597,1.0548784,8087.084,3.2561088,0,,,,,329.37072890261874,0.00030375927,1577.2253906684903,0.0003016937,-0.0885577,0.052642293
1328.9275411029475,8091.6035,3.2529838,-0.00013063272,4870,329.3698940364471,1577.2251143483413,7333.274,2.874096,1541.0126,1.0530648,8091.6035,3.2529838,0,,,,,329.3698940364471,0.00030321826,1577.2251143483413,0.00030126824,-0.08951288,0.052123852
1328.948374080959,8086.2134,3.250483,-0.00013097968,4871,329.3689645508125,1577.2250501940766,7328.6484,2.8718867,1530.4552,1.0504305,8086.2134,3.250483,0,,,,,329.3689645508125,0.00030314617,1577.2250501940766,0.0003013377,-0.09042845,0.05171807
1328.9692070589704,8098.8286,3.2488496,-0.00013132664,4872,329.3706863195716,1577.2259186974718,7339.646,2.8704436,1518.9846,1.048345,8098.8286,3.2488496,0,,,,,329.3706863195716,0.0003024787,1577.2259186974718,0.00030059175,-0.08843936,0.052890107
1328.9900400369681,8180.5273,3.2580419,-0.00013167362,4873,329.369113935271,1577.2236212933915,7412.5527,2.8785648,1511.8851,1.0458788,8180.5273,3.2580419,0,,,,,329.369113935271,0.00030033593,1577.2236212933915,0.00029843987,-0.09066664,0.050423045
1329.0108730149657,8138.722,3.250666,-0.00013202059,4874,329.3697403669354,1577.2249565910756,7374.7266,2.8720481,1505.5945,1.0450262,8138.722,3.250666,0,,,,,329.3697403669354,0.00030121434,1577.2249565910756,0.0002993893,-0.089707814,0.05203068
1329.031705992948,8109.699,3.246784,-0.00013236758,4875,329.3704383303158,1577.2246107802912,7350.0664,2.8686185,1501.7174,1.0444778,8109.699,3.246784,0,,,,,329.3704383303158,0.00030188746,1577.2246107802912,0.00029981538,-0.08902207,0.051747326
1329.052538970916,8096.014,3.2441018,-0.00013271459,4876,329.37031330390846,1577.2245405404428,7337.299,2.8662484,1502.7803,1.0435681,8096.014,3.2441018,0,,,,,329.37031330390846,0.00030213303,1577.2245405404428,0.00030013695,-0.08927382,0.051478118
1329.073371948884,8095.7217,3.2458088,-0.00013306159,4877,329.36925041233764,1577.2254222615875,7336.4863,2.8677566,1505.007,1.0445387,8095.7217,3.2458088,0,,,,,329.36925041233764,0.0003021699,1577.2254222615875,0.00030061937,-0.08995469,0.05270956
1329.0942049268226,8091.133,3.2447476,-0.00013340863,4878,329.3696434086716,1577.223841835163,7332.695,2.8668191,1506.3875,1.0451783,8091.133,3.2447476,0,,,,,329.3696434086716,0.00030232314,1577.223841835163,0.00030056905,-0.08970992,0.05048558
1329.115037904762,8092.8594,3.2464182,-0.00013375566,4879,329.36949475326077,1577.2244568288793,7334.638,2.8682952,1511.3093,1.0460975,8092.8594,3.2464182,0,,,,,329.36949475326077,0.00030255708,1577.2244568288793,0.00030039356,-0.0897739,0.051694617
1329.135870882687,8101.931,3.24906,-0.00013410271,4880,329.36886599730616,1577.2250707468957,7342.5576,2.8706293,1512.9069,1.0465841,8101.931,3.24906,0,,,,,329.36886599730616,0.00030244517,1577.2250707468957,0.0003006046,-0.090037405,0.05192955
1329.1567038605965,8088.1665,3.2464445,-0.00013444977,4881,329.37001781880673,1577.2237459221813,7330.018,2.8683183,1516.0195,1.0470568,8088.1665,3.2464445,0,,,,,329.37001781880673,0.0003025849,1577.2237459221813,0.00030076352,-0.08863563,0.050661884
1329.1775368384915,8093.102,3.2471356,-0.00013479685,4882,329.36930543434624,1577.224265163623,7333.572,2.8689291,1516.548,1.0470879,8093.102,3.2471356,0,,,,,329.36930543434624,0.00030259215,1577.224265163623,0.0003008451,-0.090078086,0.05051751
1329.1983698163722,8100.21,3.247941,-0.00013514394,4883,329.36968971350683,1577.2244108794425,7335.475,2.8696406,1516.8043,1.0480047,8100.21,3.247941,0,,,,,329.36968971350683,0.00030254395,1577.2244108794425,0.00030093495,-0.089486,0.05097439
1329.2192027942235,8090.715,3.2464774,-0.00013549106,4884,329.36887312592177,1577.2235269372807,7332.759,2.8683474,1513.8591,1.0467492,8090.715,3.2464774,0,,,,,329.36887312592177,0.00030261322,1577.2235269372807,0.00030066984,-0.09068436,0.050544586
1329.2400357720612,8091.7354,3.2456486,-0.0001358382,4885,329.3694530895563,1577.2252640659337,7329.666,2.867615,1512.1475,1.0459361,8091.7354,3.2456486,0,,,,,329.3694530895563,0.00030258618,1577.2252640659337,0.00030092397,-0.08961964,0.05219441
1329.2608687498841,8083.8623,3.2441566,-0.00013618535,4886,329.368992149752,1577.224360306837,7327.1855,2.866297,1505.1024,1.0447571,8083.8623,3.2441566,0,,,,,329.368992149752,0.00030245286,1577.224360306837,0.0003006822,-0.090132445,0.05115829
1329.281701727692,8087.3394,3.243348,-0.00013653252,4887,329.3696122095058,1577.2236340759894,7329.34,2.8655827,1501.284,1.0438042,8087.3394,3.243348,0,,,,,329.3696122095058,0.00030245094,1577.2236340759894,0.00030053902,-0.09008655,0.04982488
1329.3025347054706,8091.701,3.2410553,-0.00013687971,4888,329.369252660563,1577.224353493914,7332.813,2.8635569,1490.9255,1.0413728,8091.701,3.2410553,0,,,,,329.369252660563,0.0003020379,1577.224353493914,0.0003001233,-0.08958154,0.05152539
1329.3233676832347,8092.563,3.2408662,-0.00013722692,4889,329.36965164548894,1577.223837017348,7334.6274,2.86339,1483.5177,1.0403702,8092.563,3.2408662,0,,,,,329.36965164548894,0.0003019124,1577.223837017348,0.00030004463,-0.08968724,0.05042108
1329.3442006609703,8085.51,3.2382603,-0.00013757416,4890,329.3690726705703,1577.2239778072492,7327.685,2.8610876,1478.2532,1.0384988,8085.51,3.2382603,0,,,,,329.3690726705703,0.00030188618,1577.2239778072492,0.00030018468,-0.08949713,0.050674062
1329.365033638677,8092.862,3.2372856,-0.00013792142,4891,329.36890163850256,1577.2239844471794,7335.0596,2.8602262,1473.9166,1.0376596,8092.862,3.2372856,0,,,,,329.36890163850256,0.00030152441,1577.2239844471794,0.00029956258,-0.08983153,0.05099421
1329.3858666163683,8092.081,3.2373667,-0.0001382687,4892,329.36974264329444,1577.2237780842058,7332.6445,2.860298,1470.9884,1.0386457,8092.081,3.2373667,0,,,,,329.36974264329444,0.00030167578,1577.2237780842058,0.00029972996,-0.08953101,0.05060474
1329.4066995940307,8090.53,3.2370076,-0.00013861601,4893,329.36998015741517,1577.2241987586476,7332.8843,2.8599808,1470.4385,1.0369563,8090.53,3.2370076,0,,,,,329.36998015741517,0.00030161068,1577.2241987586476,0.00029971055,-0.089256,0.05112207
1329.4275325716783,8084.1016,3.2355537,-0.00013896334,4894,329.36887251992334,1577.2237249704306,7326.8013,2.8586962,1470.2274,1.0378078,8084.1016,3.2355537,0,,,,,329.36887251992334,0.00030174744,1577.2237249704306,0.00029975682,-0.09060518,0.049518295
1329.4483655492822,8088.04,3.2364988,-0.00013931071,4895,329.36974818869936,1577.2240700485747,7330.52,2.8595312,1471.6235,1.0371583,8088.04,3.2364988,0,,,,,329.36974818869936,0.00030154324,1577.2240700485747,0.0002997808,-0.08942858,0.051072564
1329.4691985268726,8085.726,3.234293,-0.00013965809,4896,329.3702330251359,1577.2236374772124,7320.138,2.8575823,1471.4685,1.0366988,8085.726,3.234293,0,,,,,329.3702330251359,0.00030222975,1577.2236374772124,0.00030029405,-0.08883815,0.049942717
1329.4900315044338,8088.596,3.2369134,-0.0001400055,4897,329.3692472210763,1577.2237345605072,7330.542,2.8598976,1476.2252,1.0379903,8088.596,3.2369134,0,,,,,329.3692472210763,0.00030167002,1577.2237345605072,0.00029972137,-0.08955475,0.051120166
1329.5108644819504,8087.02,3.2387059,-0.00014035296,4898,329.3699691374536,1577.2239255901072,7329.3955,2.861481,1480.0618,1.040131,8087.02,3.2387059,0,,,,,329.3699691374536,0.00030189438,1577.2239255901072,0.0003000404,-0.08905049,0.050119285
1329.5316974594525,8087.356,3.2400193,-0.00014070043,4899,329.3698458862438,1577.2243905308005,7328.197,2.8626418,1487.3816,1.0419238,8087.356,3.2400193,0,,,,,329.3698458862438,0.0003021059,1577.2243905308005,0.00030033302,-0.088950425,0.0507511
1329.5525304369257,8093.2715,3.2427714,-0.00014104793,4900,329.36922154431534,1577.2231239298371,7333.973,2.8650732,1495.4714,1.0421152,8093.2715,3.2427714,0,,,,,329.36922154431534,0.00030213583,1577.2231239298371,0.00030046943,-0.09005098,0.049593903
1329.5733634143703,8094.692,3.2439983,-0.00014139546,4901,329.36874276544705,1577.222271070389,7335.853,2.866157,1502.6003,1.0437421,8094.692,3.2439983,0,,,,,329.36874276544705,0.0003023013,1577.222271070389,0.0003002592,-0.089824155,0.04891005
1329.5941963917712,8088.6724,3.2464178,-0.00014174303,4902,329.36918756031923,1577.223142804032,7330.145,2.868295,1509.1304,1.0454699,8088.6724,3.2464178,0,,,,,329.36918756031923,0.00030274785,1577.223142804032,0.000300999,-0.089552134,0.050241306
1329.6150293691433,8100.0786,3.2479928,-0.00014209063,4903,329.36903038517136,1577.222739355596,7341.1533,2.8696864,1512.0923,1.047085,8100.0786,3.2479928,0,,,,,329.36903038517136,0.00030252163,1577.222739355596,0.0003003929,-0.090542875,0.0494187
1329.6358623464853,8091.615,3.24716,-0.00014243826,4904,329.3693075860207,1577.2231081630243,7332.898,2.8689506,1516.3154,1.0469505,8091.615,3.24716,0,,,,,329.3693075860207,0.00030264296,1577.2231081630243,0.00030086495,-0.089467406,0.049999334
1329.6566953237984,8096.329,3.2476714,-0.00014278592,4905,329.3700633033045,1577.2218567759833,7336.8843,2.8694022,1515.6149,1.0466933,8096.329,3.2476714,0,,,,,329.3700633033045,0.00030246124,1577.2218567759833,0.00030083748,-0.08904401,0.048412904
1329.6775283010677,8098.336,3.2468214,-0.00014313363,4906,329.36960494317236,1577.2233635975922,7337.9727,2.8686514,1514.4899,1.046321,8098.336,3.2468214,0,,,,,329.36960494317236,0.0003023452,1577.2233635975922,0.00030069824,-0.08934358,0.04963753
1329.6983612783088,8098.472,3.247675,-0.00014348136,4907,329.3692566787111,1577.2233696862359,7338.9795,2.8694053,1512.6724,1.0461792,8098.472,3.247675,0,,,,,329.3692566787111,0.00030232282,1577.2233696862359,0.00030071757,-0.08941856,0.04975982
1329.719194255506,8092.526,3.2462795,-0.00014382914,4908,329.3684257517031,1577.2215018900167,7332.817,2.8681724,1511.6167,1.0468103,8092.526,3.2462795,0,,,,,329.3684257517031,0.00030258423,1577.2215018900167,0.00030087784,-0.089854784,0.0479497
1329.7400272326734,8094.54,3.2463758,-0.00014417694,4909,329.3689875031072,1577.2238614726327,7334.7393,2.8682575,1511.5634,1.0457516,8094.54,3.2463758,0,,,,,329.3689875031072,0.00030256726,1577.2238614726327,0.000300757,-0.089964494,0.049891084
1329.760860209797,8090.4883,3.2455428,-0.00014452479,4910,329.3691224886454,1577.2223855568018,7331.8706,2.8675215,1512.0465,1.045624,8090.4883,3.2455428,0,,,,,329.3691224886454,0.00030250044,1577.2223855568018,0.0003007606,-0.08995741,0.04843189
1329.781693186892,8098.376,3.2463624,-0.00014487267,4911,329.3691767395266,1577.2234882160924,7337.9355,2.8682458,1509.5336,1.0454628,8098.376,3.2463624,0,,,,,329.3691767395266,0.00030241223,1577.2234882160924,0.00030068576,-0.08913062,0.04959845
1329.8025261639432,8095.636,3.2453413,-0.00014522059,4912,329.36908873823216,1577.2227929389728,7335.0093,2.8673437,1509.3071,1.0452389,8095.636,3.2453413,0,,,,,329.36908873823216,0.00030235876,1577.2227929389728,0.00030072255,-0.08941373,0.048721176
1329.8233591409657,8095.098,3.2449727,-0.00014556854,4913,329.37024092023825,1577.2237588591008,7334.729,2.8670182,1507.3048,1.0454117,8095.098,3.2449727,0,,,,,329.37024092023825,0.00030238178,1577.2237588591008,0.00030053742,-0.08868395,0.050066072
1329.84419211793,8088.8364,3.2434905,-0.00014591655,4914,329.36866132611226,1577.2216382186423,7328.3916,2.8657086,1503.4688,1.0438926,8088.8364,3.2434905,0,,,,,329.36866132611226,0.0003024073,1577.2216382186423,0.00030081635,-0.08982249,0.04793726
1329.865025094865,8094.062,3.2429335,-0.00014626459,4915,329.3695165843759,1577.2224299322706,7333.5205,2.8652165,1498.5645,1.0428531,8094.062,3.2429335,0,,,,,329.3695165843759,0.00030222718,1577.2224299322706,0.00030057615,-0.08978863,0.04821406
1329.8858580717558,8097.1274,3.2424376,-0.00014661267,4916,329.3692398124376,1577.222931281557,7336.7866,2.864778,1493.4845,1.0423882,8097.1274,3.2424376,0,,,,,329.3692398124376,0.00030188778,1577.222931281557,0.00030037054,-0.08993723,0.048877675
1329.906691048603,8096.4795,3.2405026,-0.0001469608,4917,329.3698590038163,1577.2225993522502,7335.321,2.8630686,1486.4238,1.0414147,8096.4795,3.2405026,0,,,,,329.3698590038163,0.00030172995,1577.2225993522502,0.0003001687,-0.08910349,0.048524123
1329.9275240254215,8093.4507,3.2376838,-0.00014730895,4918,329.36838316131764,1577.220513940905,7330.9463,2.8605783,1478.8722,1.0383549,8093.4507,3.2376838,0,,,,,329.36838316131764,0.00030173382,1577.220513940905,0.00030025045,-0.09000978,0.04630076
1329.948357002182,8092.5864,3.2367086,-0.00014765716,4919,329.3701022468848,1577.2233485909842,7331.9023,2.8597164,1472.5892,1.0372316,8092.5864,3.2367086,0,,,,,329.3701022468848,0.0003015657,1577.2233485909842,0.00030003942,-0.08875789,0.049370218
1329.9691899789,8090.983,3.234541,-0.00014800542,4920,329.36950299893357,1577.2220214244585,7329.3223,2.8578012,1463.0356,1.0354619,8090.983,3.234541,0,,,,,329.36950299893357,0.00030145186,1577.2220214244585,0.00029994833,-0.089468844,0.047859225
1330.0316889088017,8095.342,3.2312417,-0.00014905044,4923,329.36997466863477,1577.2232876020746,7332.8457,2.8548863,1451.2683,1.032142,8095.342,3.2312417,0,,,,,329.36997466863477,0.00030107496,1577.2232876020746,0.00029936532,-0.089173146,0.049052127
1330.052521885344,8097.1445,3.2319262,-0.00014939887,4924,329.36946475753035,1577.223210298834,7335.1416,2.8554912,1451.1285,1.0325755,8097.1445,3.2319262,0,,,,,329.36946475753035,0.00030094665,1577.223210298834,0.0002992952,-0.089257106,0.049598694
1330.0941878382828,8093.011,3.2317865,-0.00015009588,4926,329.37009693291503,1577.2217357288428,7331.526,2.8553677,1450.8263,1.0331485,8093.011,3.2317865,0,,,,,329.37009693291503,0.00030108512,1577.2217357288428,0.0002995113,-0.08927102,0.047472555
1330.1150208146792,8095.7964,3.2322562,-0.00015044445,4927,329.36931878192576,1577.2216940979756,7333.822,2.8557825,1454.4895,1.0330427,8095.7964,3.2322562,0,,,,,329.36931878192576,0.00030101524,1577.2216940979756,0.00029948112,-0.08937331,0.04806712
1330.1358537910316,8100.779,3.2333322,-0.00015079307,4928,329.3691879706305,1577.2212239508135,7339.624,2.8567336,1455.6733,1.0338091,8100.779,3.2333322,0,,,,,329.3691879706305,0.00030080814,1577.2212239508135,0.00029925394,-0.08945263,0.04759503
1330.1566867673405,8097.9365,3.2335265,-0.00015114174,4929,329.36971485924096,1577.2216787110074,7335.826,2.856905,1458.5919,1.034059,8097.9365,3.2335265,0,,,,,329.36971485924096,0.00030123923,1577.2216787110074,0.00029954783,-0.08931434,0.046673078
1330.1775197435918,8093.626,3.2336726,-0.00015149046,4930,329.36941284248076,1577.2241213046188,7331.4863,2.857034,1460.1318,1.0354958,8093.626,3.2336726,0,,,,,329.36941284248076,0.00030127645,1577.2241213046188,0.00029979015,-0.08979732,0.05062102
1330.1983527197851,8096.751,3.2348812,-0.00015183924,4931,329.36988972183525,1577.2196353768488,7335.0093,2.8581016,1462.0669,1.0349406,8096.751,3.2348812,0,,,,,329.36988972183525,0.0003012558,1577.2196353768488,0.0002997148,-0.0889391,0.04503648
1330.219185695934,8096.3403,3.236114,-0.00015218806,4932,329.3697293992063,1577.2218449311026,7334.0903,2.8591914,1462.4785,1.0351644,8096.3403,3.236114,0,,,,,329.3697293992063,0.00030140966,1577.2218449311026,0.00030006826,-0.088744834,0.047882654
1330.24001867204,8094.719,3.2339823,-0.00015253693,4933,329.36809645983647,1577.2204448963284,7331.69,2.8573077,1459.1233,1.0342093,8094.719,3.2339823,0,,,,,329.36809645983647,0.00030130512,1577.2204448963284,0.00030004105,-0.09100586,0.046484396
1330.2608516480868,8099.152,3.2332175,-0.00015288586,4934,329.36993839164376,1577.2209481818086,7335.8135,2.8566322,1455.8048,1.0338068,8099.152,3.2332175,0,,,,,329.36993839164376,0.00030109068,1577.2209481818086,0.0002995738,-0.08876126,0.04706126
1330.2816846240903,8095.4097,3.230309,-0.00015323483,4935,329.36925923046897,1577.2213893588266,7332.366,2.8540623,1447.2296,1.0310587,8095.4097,3.230309,0,,,,,329.36925923046897,0.00030090805,1577.2213893588266,0.0002994321,-0.08944919,0.0471408
1330.3025176000215,8101.8413,3.2312012,-0.00015358387,4936,329.36893079472406,1577.2212616819327,7340.087,2.8548505,1440.4655,1.0311923,8101.8413,3.2312012,0,,,,,329.36893079472406,0.00030084,1577.2212616819327,0.00029902032,-0.08974486,0.047070414
1330.3233505759235,8091.9976,3.228552,-0.00015393294,4937,329.3689366903936,1577.2204017071908,7329.137,2.8525102,1436.0607,1.0300809,8091.9976,3.228552,0,,,,,329.3689366903936,0.00030089676,1577.2204017071908,0.0002993482,-0.0892362,0.046595074
1330.3650165275376,8098.241,3.2259746,-0.00015463127,4939,329.3694153778996,1577.2215817584984,7340.4272,2.8502326,1423.709,1.0263963,8098.241,3.2259746,0,,,,,329.3694153778996,0.00030016573,1577.2215817584984,0.0002981487,-0.08937817,0.047499485
1330.3858495032498,8101.0005,3.2258492,-0.00015498053,4940,329.36917319108625,1577.2207943875503,7342.1743,2.850122,1420.4692,1.026021,8101.0005,3.2258492,0,,,,,329.36917319108625,0.00030007298,1577.2207943875503,0.00029811283,-0.0893981,0.046872962
1330.406682478933,8096.472,3.2249682,-0.00015532982,4941,329.3693883292679,1577.2221194101455,7338.494,2.8493435,1418.9811,1.0272446,8096.472,3.2249682,0,,,,,329.3693883292679,0.00029994675,1577.2221194101455,0.00029806886,-0.08917864,0.04786881
1330.427515454544,8095.9863,3.2238748,-0.00015567918,4942,329.3690548969869,1577.221059486121,7338.177,2.8483777,1418.4011,1.0247029,8095.9863,3.2238748,0,,,,,329.3690548969869,0.0002999732,1577.221059486121,0.0002980106,-0.08944895,0.046845704
1330.448348430097,8099.14,3.2248378,-0.0001560286,4943,329.36862089840656,1577.2207836616028,7340.736,2.8492284,1418.3077,1.0255742,8099.14,3.2248378,0,,,,,329.36862089840656,0.00030001588,1577.2207836616028,0.0002980701,-0.089911744,0.046557378
1330.490014381042,8097.2627,3.2272465,-0.0001567276,4945,329.3690952035267,1577.2213992439251,7339.022,2.8513565,1421.4392,1.0261544,8097.2627,3.2272465,0,,,,,329.3690952035267,0.00030010554,1577.2213992439251,0.00029861287,-0.08970446,0.047138285
1330.5108473564196,8097.5854,3.2274628,-0.0001570772,4946,329.3690262809974,1577.2203043023687,7339.3433,2.8515475,1427.6617,1.0273832,8097.5854,3.2274628,0,,,,,329.3690262809974,0.00030044894,1577.2203043023687,0.00029836438,-0.08956204,0.046488155
1330.5316803317396,8096.367,3.2280033,-0.00015742685,4947,329.3696264268373,1577.2218166056516,7338.249,2.852025,1432.5814,1.0283012,8096.367,3.2280033,0,,,,,329.3696264268373,0.00030039827,1577.2218166056516,0.00029853816,-0.089070015,0.047936648
1330.5525133070016,8100.6733,3.230765,-0.00015777657,4948,329.3686330494283,1577.2198306903247,7342.579,2.8544652,1440.5781,1.0301259,8100.6733,3.230765,0,,,,,329.3686330494283,0.00030045124,1577.2198306903247,0.0002987096,-0.08920383,0.045429304
1330.5733462822045,8094.0444,3.2312326,-0.00015812634,4949,329.3692473887627,1577.2209833870372,7336.2456,2.8548784,1448.1492,1.0321004,8094.0444,3.2312326,0,,,,,329.3692473887627,0.00030090293,1577.2209833870372,0.00029880914,-0.089366816,0.04704785
1330.5941792573494,8103.6743,3.2371402,-0.00015847616,4950,329.36865847291995,1577.2201909993298,7344.9707,2.860098,1454.7931,1.0356057,8103.6743,3.2371402,0,,,,,329.36865847291995,0.00030093497,1577.2201909993298,0.00029932125,-0.08938848,0.045686454
1330.615012232436,8094.409,3.2365165,-0.00015882605,4951,329.36865679615977,1577.221080740585,7336.9487,2.859547,1459.8738,1.0347296,8094.409,3.2365165,0,,,,,329.36865679615977,0.00030149522,1577.221080740585,0.00029965036,-0.089107044,0.046918128
1330.6358452074496,8094.844,3.235914,-0.00015917601,4952,329.36887190201304,1577.2203080641752,7336.7,2.8590145,1465.1443,1.0368673,8094.844,3.235914,0,,,,,329.36887190201304,0.0003011793,1577.2203080641752,0.00029943022,-0.08955737,0.045737296
1330.6566781824206,8099.0635,3.2374837,-0.00015952601,4953,329.3688592449484,1577.2210026687958,7340.837,2.8604014,1467.4016,1.0370765,8099.0635,3.2374837,0,,,,,329.3688592449484,0.00030143143,1577.2210026687958,0.00029924998,-0.088839136,0.04668923
1330.6775111573043,8095.0127,3.2389066,-0.0001598761,4954,329.36882109951614,1577.2200897284083,7337.5176,2.8616586,1466.5973,1.0372336,8095.0127,3.2389066,0,,,,,329.36882109951614,0.00030147584,1577.2200897284083,0.0002998163,-0.0899199,0.04577362
1330.698344132144,8085.792,3.2350297,-0.00016022623,4955,329.36948919163626,1577.220302870168,7329.16,2.8582332,1466.9097,1.0363864,8085.792,3.2350297,0,,,,,329.36948919163626,0.0003015415,1577.220302870168,0.00029957728,-0.08916509,0.046397198
1330.7191771069104,8095.84,3.2359524,-0.00016057644,4956,329.36858834883293,1577.2204516026611,7337.7026,2.8590486,1466.6843,1.036833,8095.84,3.2359524,0,,,,,329.36858834883293,0.00030121885,1577.2204516026611,0.00029939506,-0.08929503,0.045929115
1330.7400100816185,8091.588,3.2353792,-0.0001609267,4957,329.3690635994219,1577.220431815088,7334.513,2.8585417,1463.5613,1.0370498,8091.588,3.2353792,0,,,,,329.3690635994219,0.00030136085,1577.220431815088,0.00029941977,-0.08939417,0.04566709
1330.760843056254,8092.6865,3.2347426,-0.00016127704,4958,329.36947602591454,1577.2211783036485,7334.8457,2.8579795,1461.8956,1.0354092,8092.6865,3.2347426,0,,,,,329.36947602591454,0.00030120285,1577.2211783036485,0.00029944727,-0.08883046,0.046797004
1330.781676030832,8095.8696,3.2351322,-0.00016162744,4959,329.36923457086004,1577.218672923584,7337.5166,2.8583236,1460.9188,1.0347666,8095.8696,3.2351322,0,,,,,329.36923457086004,0.0003012511,1577.218672923584,0.0002993745,-0.089351386,0.04410106
1330.8025090053372,8097.7173,3.234904,-0.0001619779,4960,329.3695476242491,1577.2209513443277,7339.316,2.8581223,1461.8147,1.0352023,8097.7173,3.234904,0,,,,,329.3695476242491,0.0003010381,1577.2209513443277,0.0002991301,-0.0889033,0.046725154
1330.8233419797834,8092.7324,3.233349,-0.00016232843,4961,329.36921473476946,1577.2194409168103,7334.8154,2.856748,1459.7164,1.0344232,8092.7324,3.233349,0,,,,,329.36921473476946,0.00030117307,1577.2194409168103,0.00029927073,-0.089188755,0.045229536
1330.8441749541578,8096.2646,3.2340064,-0.00016267903,4962,329.3685623210373,1577.2199887553668,7337.5527,2.857329,1456.2344,1.0337709,8096.2646,3.2340064,0,,,,,329.3685623210373,0.0003010825,1577.2199887553668,0.00029933,-0.08951487,0.045881666
1330.8650079284585,8085.6255,3.2322981,-0.0001630297,4963,329.36943187496627,1577.2192400254946,7328.3643,2.85582,1456.6274,1.035033,8085.6255,3.2322981,0,,,,,329.36943187496627,0.00030114184,1577.2192400254946,0.00029933354,-0.08893827,0.04475896
1330.8858409027016,8088.397,3.2343469,-0.00016338043,4964,329.36895728555686,1577.2205240634767,7330.8994,2.8576298,1452.1517,1.0348303,8088.397,3.2343469,0,,,,,329.36895728555686,0.000301267,1577.2205240634767,0.00029956465,-0.08904665,0.04653798
1330.9066738768722,8089.325,3.2298605,-0.00016373124,4965,329.3684580118929,1577.2187466141168,7331.8105,2.8536663,1446.8088,1.0313748,8089.325,3.2298605,0,,,,,329.3684580118929,0.00030092226,1577.2187466141168,0.00029909416,-0.08967159,0.0444872
1330.9275068509837,8088.7134,3.2286434,-0.0001640821,4966,329.3688138084682,1577.2197990351656,7331.0425,2.8525906,1441.43,1.0305454,8088.7134,3.2286434,0,,,,,329.3688138084682,0.0003008283,1577.2197990351656,0.00029890865,-0.089016646,0.04538192
1330.9483398250081,8085.1987,3.2284844,-0.00016443305,4967,329.36915293709427,1577.219788666885,7327.996,2.8524501,1437.6898,1.029576,8085.1987,3.2284844,0,,,,,329.36915293709427,0.00030087872,1577.219788666885,0.00029908543,-0.08899048,0.045956768
1330.9691727989741,8086.355,3.2276943,-0.00016478405,4968,329.3683290149551,1577.2188099287087,7328.147,2.8517518,1431.4198,1.0297803,8086.355,3.2276943,0,,,,,329.3683290149551,0.00030071652,1577.2188099287087,0.00029905108,-0.08960602,0.04397996
1330.9900057728673,8093.1255,3.2265837,-0.00016513513,4969,329.36910088461065,1577.2201002003035,7335.1016,2.850771,1429.3466,1.0277528,8093.1255,3.2265837,0,,,,,329.36910088461065,0.0003004785,1577.2201002003035,0.00029844625,-0.08946635,0.045794625
1331.0108387466887,8091.7686,3.226581,-0.00016548629,4970,329.3687157903367,1577.2188725258984,7333.4546,2.8507686,1426.8022,1.0275761,8091.7686,3.226581,0,,,,,329.3687157903367,0.0003003872,1577.2188725258984,0.00029864602,-0.088988766,0.043827347
1331.0316717204523,8095.531,3.2258196,-0.0001658375,4971,329.36881130556964,1577.2201000625262,7336.9663,2.8500957,1425.7695,1.026885,8095.531,3.2258196,0,,,,,329.36881130556964,0.00030024734,1577.2201000625262,0.00029844875,-0.08875108,0.045708027
1331.0525046941275,8091.6206,3.2253034,-0.0001661888,4972,329.36879244674844,1577.2183498556308,7333.163,2.8496397,1424.1084,1.0266834,8091.6206,3.2253034,0,,,,,329.36879244674844,0.00030050584,1577.2183498556308,0.0002985061,-0.08892141,0.043589227
1331.0733376677297,8095.489,3.2257276,-0.00016654017,4973,329.3693508243729,1577.2197618446673,7336.868,2.8500144,1424.0887,1.0261915,8095.489,3.2257276,0,,,,,329.3693508243729,0.0003003329,1577.2197618446673,0.00029839305,-0.08937417,0.04529604
1331.094170641259,8093.5527,3.2257333,-0.00016689161,4974,329.3689446570785,1577.2186908587894,7334.5327,2.8500195,1425.0789,1.02651,8093.5527,3.2257333,0,,,,,329.3689446570785,0.0003002946,1577.2186908587894,0.0002985906,-0.089148305,0.044138134
1331.1150036147305,8093.092,3.2260053,-0.00016724311,4975,329.36880259675917,1577.2197279714908,7334.565,2.85026,1427.7881,1.0270612,8093.092,3.2260053,0,,,,,329.36880259675917,0.0003003543,1577.2197279714908,0.00029860926,-0.089348234,0.044769645
1331.1358365881151,8093.3564,3.228509,-0.0001675947,4976,329.36875568482793,1577.2183550048876,7334.2124,2.852472,1431.0824,1.0282182,8093.3564,3.228509,0,,,,,329.36875568482793,0.00030054565,1577.2183550048876,0.00029896141,-0.08917373,0.043820627
1331.1566695614272,8090.2188,3.2273054,-0.00016794636,4977,329.369201968317,1577.2192453681432,7331.1665,2.8514087,1431.942,1.0299678,8090.2188,3.2273054,0,,,,,329.369201968317,0.00030055732,1577.2192453681432,0.00029881194,-0.08913026,0.0447035
1331.1775025346662,8092.629,3.227582,-0.0001682981,4978,329.36869059888505,1577.218372071141,7333.9463,2.8516529,1433.5686,1.0287243,8092.629,3.227582,0,,,,,329.36869059888505,0.00030048552,1577.218372071141,0.0002988095,-0.08954386,0.043568995
1331.1983355078319,8091.2695,3.2276318,-0.0001686499,4979,329.36884907783644,1577.220102610277,7331.1885,2.851697,1436.1337,1.0289884,8091.2695,3.2276318,0,,,,,329.36884907783644,0.00030074365,1577.220102610277,0.0002990197,-0.08913892,0.04522175
1331.2191684809104,8093.808,3.230296,-0.0001690018,4980,329.36838369227013,1577.2179067705124,7334.19,2.8540506,1436.8251,1.0308123,8093.808,3.230296,0,,,,,329.36838369227013,0.0003008914,1577.2179067705124,0.00029916718,-0.089483745,0.043161403
1331.2400014539166,8092.6523,3.2269711,-0.00016935376,4981,329.3693496269689,1577.2192553935834,7334.119,2.8511133,1430.782,1.0287443,8092.6523,3.2269711,0,,,,,329.3693496269689,0.00030046667,1577.2192553935834,0.00029868068,-0.08879074,0.045034375
1331.2608344268504,8088.6694,3.22649,-0.0001697058,4982,329.3687424874087,1577.2191292965015,7330.04,2.850688,1429.9244,1.0275522,8088.6694,3.22649,0,,,,,329.3687424874087,0.00030073896,1577.2191292965015,0.00029883097,-0.089364246,0.04421244
1331.2816673997104,8092.169,3.225541,-0.00017005792,4983,329.36887590501476,1577.2180129416345,7333.042,2.8498497,1424.9741,1.0273018,8092.169,3.225541,0,,,,,329.36887590501476,0.00030044076,1577.2180129416345,0.00029862343,-0.08941428,0.043265194
1331.3025003724833,8088.916,3.2228045,-0.00017041012,4984,329.3690316023025,1577.2185457356609,7329.5425,2.847432,1419.2251,1.0247248,8088.916,3.2228045,0,,,,,329.3690316023025,0.0003003108,1577.2185457356609,0.0002984964,-0.08949509,0.043649934
1331.323333345184,8085.3867,3.222417,-0.00017076239,4985,329.36915363951516,1577.2179416633949,7326.859,2.8470898,1414.168,1.024802,8085.3867,3.222417,0,,,,,329.36915363951516,0.0003004113,1577.2179416633949,0.00029846487,-0.088863224,0.043440938
1331.3441663178114,8086.146,3.2196014,-0.00017111473,4986,329.36895310007355,1577.2184398347379,7327.8457,2.8446019,1405.9568,1.0220977,8086.146,3.2196014,0,,,,,329.36895310007355,0.00030005584,1577.2184398347379,0.00029821816,-0.08896749,0.043574262
1331.364999290352,8094.589,3.220024,-0.00017146717,4987,329.36899650504836,1577.2193757719374,7335.199,2.8449755,1400.9457,1.0205536,8094.589,3.220024,0,,,,,329.36899650504836,0.00029987932,1577.2193757719374,0.00029806775,-0.089065224,0.044487927
1331.3858322628198,8088.712,3.2185767,-0.00017181967,4988,329.3695069039059,1577.2184431696185,7330.27,2.8436964,1396.4138,1.0206709,8088.712,3.2185767,0,,,,,329.3695069039059,0.00029990566,1577.2184431696185,0.00029795826,-0.08881732,0.043410152
1331.4066652351999,8089.2935,3.2168849,-0.00017217227,4989,329.36848459259323,1577.218200382108,7330.9097,2.8422017,1392.52,1.0189136,8089.2935,3.2168849,0,,,,,329.36848459259323,0.00029970618,1577.218200382108,0.00029775282,-0.0900193,0.04274265
1331.427498207493,8086.51,3.2175262,-0.00017252495,4990,329.36951761336246,1577.2182739490274,7328.1313,2.8427684,1393.0903,1.0196928,8086.51,3.2175262,0,,,,,329.36951761336246,0.00029979285,1577.2182739490274,0.00029795125,-0.08826068,0.044022724
1331.448331179713,8084.895,3.2170484,-0.0001728777,4991,329.3682105343531,1577.2174736236784,7326.793,2.8423462,1392.9143,1.020757,8084.895,3.2170484,0,,,,,329.3682105343531,0.0002997659,1577.2174736236784,0.00029789712,-0.0900624,0.04241666
1331.4691641518455,8091.465,3.217381,-0.00017323054,4992,329.36961310692817,1577.2194388206847,7332.6445,2.84264,1390.7638,1.0195307,8091.465,3.217381,0,,,,,329.36961310692817,0.0002997089,1577.2194388206847,0.00029770864,-0.088031344,0.044725142
1331.489997123906,8096.4272,3.218641,-0.00017358345,4993,329.3681415704392,1577.2173216948343,7336.46,2.8437533,1392.2318,1.0194137,8096.4272,3.218641,0,,,,,329.3681415704392,0.00029960345,1577.2173216948343,0.00029779546,-0.09004494,0.041411392
1331.510830095879,8092.0273,3.2186599,-0.00017393645,4994,329.36936433236355,1577.218928689905,7332.415,2.84377,1396.6626,1.0205625,8092.0273,3.2186599,0,,,,,329.36936433236355,0.00029980752,1577.218928689905,0.00029794304,-0.08847128,0.04375362
1331.5316630677642,8093.1284,3.2213993,-0.00017428954,4995,329.3678910905223,1577.216994426536,7333.7344,2.8461902,1403.2498,1.0223207,8093.1284,3.2213993,0,,,,,329.3678910905223,0.00030002548,1577.216994426536,0.00029819165,-0.089693196,0.04197805
1331.552496039562,8095.587,3.2207806,-0.00017464272,4996,329.3695871313001,1577.2182796528627,7333.413,2.8456438,1408.3217,1.0221097,8095.587,3.2207806,0,,,,,329.3695871313001,0.0002998668,1577.2182796528627,0.0002983201,-0.08831663,0.043634564
1331.5733290112878,8088.09,3.2236042,-0.00017499596,4997,329.36880703884634,1577.2176178545176,7329.401,2.8481386,1416.6865,1.0248991,8088.09,3.2236042,0,,,,,329.36880703884634,0.00030046247,1577.2176178545176,0.00029859142,-0.08906576,0.04311715
1331.5941619829264,8088.7466,3.224214,-0.0001753493,4998,329.36858140340655,1577.2168579563183,7330.8184,2.8486772,1421.9326,1.0260601,8088.7466,3.224214,0,,,,,329.36858140340655,0.00030031858,1577.2168579563183,0.00029848397,-0.08879978,0.042379096
1331.6149949544774,8093.158,3.225957,-0.00017570272,4999,329.36818987777986,1577.217534898386,7333.2954,2.850217,1426.9056,1.027313,8093.158,3.225957,0,,,,,329.36818987777986,0.00030039667,1577.217534898386,0.00029879942,-0.089610405,0.04236217
1331.6358279259405,8090.068,3.2271152,-0.00017605623,5000,329.369126245919,1577.2178767918106,7331.2793,2.8512404,1432.9274,1.0291684,8090.068,3.2271152,0,,,,,329.369126245919,0.00030060913,1577.2178767918106,0.0002987893,-0.08828665,0.04325652
1331.6566608973162,8090.916,3.2282197,-0.00017640983,5001,329.3689958824897,1577.2173417797712,7331.0474,2.8522162,1437.3977,1.0297568,8090.916,3.2282197,0,,,,,329.3689958824897,0.00030060788,1577.2173417797712,0.00029902867,-0.08900801,0.04251069
1331.6774938686056,8089.8984,3.2285912,-0.00017676351,5002,329.36850469234673,1577.2169122228975,7329.34,2.8525445,1438.2734,1.0301356,8089.8984,3.2285912,0,,,,,329.36850469234673,0.00030074915,1577.2169122228975,0.0002993634,-0.08945332,0.041401904
1331.6983268398067,8090.9243,3.2284915,-0.00017711728,5003,329.3692530523494,1577.218101316359,7331.9414,2.8524563,1438.1414,1.0302068,8090.9243,3.2284915,0,,,,,329.3692530523494,0.0003006304,1577.218101316359,0.00029898103,-0.088928275,0.042796012
1331.7191598109214,8095.236,3.2295718,-0.00017747114,5004,329.36895682580524,1577.216558890135,7335.409,2.853411,1439.9803,1.0306756,8095.236,3.2295718,0,,,,,329.36895682580524,0.00030067877,1577.216558890135,0.0002989545,-0.08846441,0.04151969
1331.7399927819486,8091.572,3.2291522,-0.00017782509,5005,329.36876840676666,1577.2175636514085,7333.4478,2.8530402,1439.2115,1.0300817,8091.572,3.2291522,0,,,,,329.36876840676666,0.00030076734,1577.2175636514085,0.00029892873,-0.08876083,0.042677153
1331.7608257528877,8098.818,3.2286735,-0.00017817912,5006,329.369275498187,1577.2166160940421,7338.606,2.8526173,1435.1378,1.0290856,8098.818,3.2286735,0,,,,,329.369275498187,0.00030049702,1577.2166160940421,0.00029875807,-0.08847042,0.041258436
1331.7816587237405,8093.575,3.2277565,-0.00017853324,5007,329.3694712922277,1577.2174723876815,7333.6147,2.851807,1435.932,1.0289109,8093.575,3.2277565,0,,,,,329.3694712922277,0.00030069833,1577.2174723876815,0.0002989359,-0.088415265,0.042664647
1331.8024916944905,8090.5815,3.2272458,-0.00017888747,5008,329.36851091372586,1577.2163070991683,7330.516,2.851356,1435.4904,1.028766,8090.5815,3.2272458,0,,,,,329.36851091372586,0.000300686,1577.2163070991683,0.00029904916,-0.08898251,0.041104846
1331.8233246651535,8092.9736,3.2280178,-0.00017924178,5009,329.36891808490736,1577.2179267330757,7333.8203,2.852038,1435.5424,1.029142,8092.9736,3.2280178,0,,,,,329.36891808490736,0.00030073727,1577.2179267330757,0.0002988476,-0.0884285,0.043127794
1331.8441576357295,8095.231,3.2285058,-0.00017959617,5010,329.36809236512386,1577.214636039542,7334.3145,2.8524692,1436.1425,1.0303586,8095.231,3.2285058,0,,,,,329.36809236512386,0.00030063867,1577.214636039542,0.00029906453,-0.08919037,0.039598852
1331.8649906062183,8090.6157,3.2270098,-0.00017995066,5011,329.36932900865656,1577.2169982543485,7331.2793,2.8511474,1432.1713,1.0283267,8090.6157,3.2270098,0,,,,,329.36932900865656,0.0003005721,1577.2169982543485,0.00029892937,-0.087985866,0.041991536
1331.8858235766054,8085.193,3.2263582,-0.00018030524,5012,329.3691262541945,1577.2163947083945,7325.734,2.8505714,1430.5725,1.0292841,8085.193,3.2263582,0,,,,,329.3691262541945,0.0003008659,1577.2163947083945,0.00029900292,-0.08880893,0.04158653
1331.9066565469043,8093.153,3.2267568,-0.00018065992,5013,329.3699211334576,1577.2176505395075,7333.849,2.8509238,1428.859,1.0281518,8093.153,3.2267568,0,,,,,329.3699211334576,0.00030047967,1577.2176505395075,0.00029871878,-0.087393574,0.042793453
1331.927489517116,8091.4873,3.2269318,-0.00018101468,5014,329.36893575646326,1577.2163430845767,7329.463,2.8510783,1428.9194,1.0286366,8091.4873,3.2269318,0,,,,,329.36893575646326,0.00030055895,1577.2163430845767,0.00029931695,-0.08915568,0.040137842
1331.9483224872265,8094.18,3.2254107,-0.00018136954,5015,329.36921156650044,1577.2169800462275,7334.5596,2.8497343,1424.0117,1.026516,8094.18,3.2254107,0,,,,,329.36921156650044,0.00030029836,1577.2169800462275,0.0002986459,-0.08828442,0.04148034
1331.9691554572498,8098.017,3.2244875,-0.00018172449,5016,329.36892913608955,1577.2151387715753,7337.164,2.848919,1419.9298,1.025064,8098.017,3.2244875,0,,,,,329.36892913608955,0.00030016378,1577.2151387715753,0.00029856738,-0.08851705,0.0388963
1331.989988427171,8088.761,3.2231002,-0.00018207954,5017,329.3693451569323,1577.2178695220734,7328.676,2.847693,1418.0415,1.0251716,8088.761,3.2231002,0,,,,,329.3693451569323,0.00030021011,1577.2178695220734,0.00029876706,-0.08850932,0.042954326
1332.0108213970043,8094.46,3.2242317,-0.00018243468,5018,329.3683893809555,1577.2153007396812,7332.385,2.848693,1416.107,1.025616,8094.46,3.2242317,0,,,,,329.3683893809555,0.00030037176,1577.2153007396812,0.0002987448,-0.088913776,0.039596375
1332.031654366736,8092.3438,3.222747,-0.00018278993,5019,329.3691135591305,1577.2160270009424,7332.556,2.847381,1412.5665,1.0242903,8092.3438,3.222747,0,,,,,329.3691135591305,0.00030024277,1577.2160270009424,0.00029851543,-0.08815882,0.04093551
1332.0524873363654,8094.119,3.2233655,-0.00018314527,5020,329.36897726960996,1577.2157183473003,7333.9795,2.8479273,1413.4082,1.0242999,8094.119,3.2233655,0,,,,,329.36897726960996,0.00030010956,1577.2157183473003,0.00029862608,-0.088515535,0.03999967
1332.0733203059085,8097.3477,3.2226052,-0.0001835007,5021,329.3693762926907,1577.2166966029217,7337.533,2.8472557,1410.7117,1.0240115,8097.3477,3.2226052,0,,,,,329.3693762926907,0.0002999539,1577.2166966029217,0.00029821438,-0.08795848,0.041153874
1332.0941532753502,8101.08,3.223801,-0.00018385623,5022,329.36920257033665,1577.215852817683,7338.946,2.8483121,1411.9526,1.0236813,8101.08,3.223801,0,,,,,329.36920257033665,0.00029998602,1577.215852817683,0.00029844383,-0.087802865,0.04041766
1332.1149862446887,8098.641,3.2245593,-0.00018421187,5023,329.369000882943,1577.2155580292442,7338.79,2.848982,1413.8314,1.025123,8098.641,3.2245593,0,,,,,329.369000882943,0.00030013802,1577.2155580292442,0.000298277,-0.0880845,0.04044915
1332.13581921394,8100.487,3.2244103,-0.00018456759,5024,329.36901751681927,1577.2158042160727,7339.851,2.8488507,1414.285,1.0248247,8100.487,3.2244103,0,,,,,329.36901751681927,0.0002999283,1577.2158042160727,0.00029830143,-0.087745115,0.040593755
1332.1566521830896,8098.695,3.2240543,-0.00018492341,5025,329.3684291454837,1577.2157378326508,7338.988,2.848536,1415.631,1.0246412,8098.695,3.2240543,0,,,,,329.3684291454837,0.0003000465,1577.2157378326508,0.0002983364,-0.08834892,0.04048082
1332.177485152137,8099.9233,3.2254076,-0.00018527934,5026,329.3691436891486,1577.215660874977,7338.3726,2.8497317,1419.6808,1.0268605,8099.9233,3.2254076,0,,,,,329.3691436891486,0.0003001626,1577.215660874977,0.0002986453,-0.08823661,0.03957588
1332.198318121084,8098.28,3.2243185,-0.00018563536,5027,329.36973339999025,1577.2150986359077,7335.09,2.8487694,1420.5078,1.0255635,8098.28,3.2243185,0,,,,,329.36973339999025,0.0003001386,1577.2150986359077,0.000298803,-0.08758925,0.039626494
1332.2191510899283,8094.0503,3.2255569,-0.00018599149,5028,329.3691855526467,1577.2157553703632,7331.4126,2.8498638,1422.3997,1.0283738,8094.0503,3.2255569,0,,,,,329.3691855526467,0.00030049484,1577.2157553703632,0.00029885405,-0.08846434,0.040312506
1332.2399840586704,8093.994,3.225198,-0.00018634772,5029,329.36976434459257,1577.2149738912115,7333.083,2.8495464,1421.0247,1.026758,8093.994,3.225198,0,,,,,329.36976434459257,0.00030044673,1577.2149738912115,0.00029878767,-0.0873922,0.039667867
1332.2608170273106,8103.9927,3.22602,-0.00018670406,5030,329.36905428454685,1577.2150209849685,7342.1855,2.850273,1418.1572,1.0263051,8103.9927,3.22602,0,,,,,329.36905428454685,0.00029993142,1577.2150209849685,0.00029854832,-0.087996274,0.039885934
1332.2816499958487,8104.846,3.2266636,-0.00018706049,5031,329.3694641414891,1577.2149942040862,7342.817,2.8508415,1414.3331,1.0259258,8104.846,3.2266636,0,,,,,329.3694641414891,0.0003000827,1577.2149942040862,0.00029864514,-0.08797218,0.039491132
1332.3024829642864,8101.0176,3.222785,-0.00018741703,5032,329.36970147584884,1577.2161392003038,7337.9727,2.8474147,1410.2041,1.0237062,8101.0176,3.222785,0,,,,,329.36970147584884,0.00029988293,1577.2161392003038,0.00029848536,-0.08788011,0.040193938
1332.3233159326217,8098.175,3.2218394,-0.00018777366,5033,329.36913636304877,1577.2160250664135,7333.972,2.846579,1404.8177,1.0233673,8098.175,3.2218394,0,,,,,329.36913636304877,0.00029993203,1577.2160250664135,0.00029870265,-0.08818166,0.039628543
1332.3441489008542,8096.6816,3.2192068,-0.0001881304,5034,329.36928128049715,1577.2140786837647,7333.9956,2.8442533,1397.8333,1.0210384,8096.6816,3.2192068,0,,,,,329.36928128049715,0.00029972626,1577.2140786837647,0.00029823853,-0.08787719,0.038424578
1332.3649818689855,8097.118,3.2180588,-0.00018848725,5035,329.36957191067717,1577.2146787685508,7334.6084,2.8432388,1390.8737,1.0197473,8097.118,3.2180588,0,,,,,329.36957191067717,0.00029954957,1577.2146787685508,0.0002980998,-0.087494135,0.039063986
1332.385814837,8101.2197,3.2172651,-0.0001888442,5036,329.36888481979463,1577.2153361956105,7338.9673,2.8425376,1385.3601,1.0179775,8101.2197,3.2172651,0,,,,,329.36888481979463,0.0002992859,1577.2153361956105,0.0002976823,-0.08811338,0.039975405
1332.4274807727238,8091.2534,3.2140422,-0.00018955843,5038,329.3697122465336,1577.2156862394122,7327.2285,2.83969,1377.8876,1.0166134,8091.2534,3.2140422,0,,,,,329.3697122465336,0.00029947158,1577.2156862394122,0.0002980749,-0.088324085,0.03971828
1332.4483137404186,8097.587,3.2146652,-0.0001899157,5039,329.36941010239667,1577.2141411198224,7335.5024,2.8402407,1373.6085,1.0162611,8097.587,3.2146652,0,,,,,329.36941010239667,0.00029918307,1577.2141411198224,0.00029763073,-0.08762872,0.03864009
1332.4691467080115,8091.403,3.2147512,-0.00019027309,5040,329.37000873764106,1577.215288059289,7328.5576,2.8403163,1376.8074,1.0167603,8091.403,3.2147512,0,,,,,329.37000873764106,0.0002993615,1577.215288059289,0.00029814607,-0.08759867,0.039383568
1332.4899796755021,8096.1836,3.214083,-0.00019063057,5041,329.36891037366024,1577.21439547729,7333.771,2.8397262,1375.875,1.0159765,8096.1836,3.214083,0,,,,,329.36891037366024,0.00029913645,1577.21439547729,0.00029776676,-0.088154264,0.03847718
1332.5108126428763,8099.088,3.2156348,-0.00019098817,5042,329.3690461399042,1577.2148576739503,7337.1206,2.8410974,1380.2831,1.0168971,8099.088,3.2156348,0,,,,,329.3690461399042,0.00029915594,1577.2148576739503,0.0002976839,-0.0878847,0.039297484
1332.5316456101345,8096.6865,3.2161744,-0.00019134588,5043,329.36911202630466,1577.2143610385226,7335.0063,2.8415737,1385.9135,1.0176609,8096.6865,3.2161744,0,,,,,329.36911202630466,0.0002993158,1577.2143610385226,0.00029789517,-0.08759424,0.03850269
1332.552478577291,8092.4395,3.2183313,-0.0001917037,5044,329.3691425497307,1577.214338725627,7331.676,2.8434799,1393.3519,1.0200328,8092.4395,3.2183313,0,,,,,329.3691425497307,0.00029970575,1577.214338725627,0.00029814747,-0.08744377,0.038818575
1332.5733115443454,8099.293,3.2203467,-0.00019206162,5045,329.36913184731037,1577.213832563838,7337.2095,2.8452604,1400.6625,1.021897,8099.293,3.2203467,0,,,,,329.36913184731037,0.0002996566,1577.213832563838,0.00029820463,-0.08760277,0.037998654
1332.594144511283,8096.8184,3.2216663,-0.00019241965,5046,329.36936946030187,1577.2149016663323,7334.525,2.8464262,1408.1477,1.0230181,8096.8184,3.2216663,0,,,,,329.36936946030187,0.00029993663,1577.2149016663323,0.00029847433,-0.08736398,0.039395794
1332.6149774781043,8092.7295,3.22205,-0.0001927778,5047,329.36784574153745,1577.2135701888244,7331.875,2.8467653,1411.3025,1.0236048,8092.7295,3.22205,0,,,,,329.36784574153745,0.00030002824,1577.2135701888244,0.00029859392,-0.08910931,0.037308034
1332.6358104448095,8092.6367,3.222948,-0.00019313607,5048,329.36992967518944,1577.2143998833276,7331.7495,2.8475585,1412.1947,1.0253823,8092.6367,3.222948,0,,,,,329.36992967518944,0.00030016352,1577.2143998833276,0.0002986049,-0.08719644,0.03845522
1332.656643411413,8090.8896,3.2228985,-0.00019349444,5049,329.36954716506733,1577.2132818800487,7329.521,2.8475149,1415.8442,1.0249904,8090.8896,3.2228985,0,,,,,329.36954716506733,0.00030034548,1577.2132818800487,0.00029868996,-0.08755662,0.03821325
1332.6774763779,8094.4365,3.2233386,-0.00019385293,5050,329.3688981207292,1577.213628389333,7332.7324,2.8479037,1414.6621,1.0251443,8094.4365,3.2233386,0,,,,,329.3688981207292,0.00030016605,1577.213628389333,0.0002987065,-0.08787962,0.037849866
1332.6983093442707,8093.915,3.2228758,-0.00019421153,5051,329.3687335396516,1577.213756740872,7333.8726,2.8474948,1412.7191,1.0249326,8093.915,3.2228758,0,,,,,329.3687335396516,0.00030003095,1577.213756740872,0.0002984261,-0.088017814,0.038234137
1332.7191423105241,8097.3784,3.223093,-0.00019457025,5052,329.369796292072,1577.214617283395,7335.7036,2.8476868,1409.4634,1.0249714,8097.3784,3.223093,0,,,,,329.369796292072,0.00029998677,1577.214617283395,0.00029847588,-0.08704646,0.03856368
1332.7399752766614,8095.543,3.221663,-0.00019492909,5053,329.36904314435276,1577.2129192196694,7333.032,2.8464234,1408.0227,1.0240153,8095.543,3.221663,0,,,,,329.36904314435276,0.00030000813,1577.2129192196694,0.00029840638,-0.08791241,0.037444044
1332.760808242682,8099.707,3.2212985,-0.00019528804,5054,329.36968974113364,1577.2145455001798,7338.09,2.8461013,1403.594,1.022525,8099.707,3.2212985,0,,,,,329.36968974113364,0.0002997946,1577.2145455001798,0.0002981442,-0.087330766,0.038799588
1332.7816412085872,8099.086,3.2217422,-0.00019564711,5055,329.3680322046803,1577.2117994933285,7336.602,2.8464932,1402.1049,1.0230335,8099.086,3.2217422,0,,,,,329.3680322046803,0.00029984393,1577.2117994933285,0.00029837366,-0.08873312,0.036109835
1332.8024741743764,8098.503,3.2201052,-0.0001960063,5056,329.3696140414766,1577.2134515677317,7331.412,2.8450472,1399.3792,1.0217515,8098.503,3.2201052,0,,,,,329.3696140414766,0.00030001035,1577.2134515677317,0.00029867675,-0.08720215,0.036921702
1332.8233071400477,8092.8965,3.218191,-0.0001963656,5057,329.3695283048376,1577.212395058999,7331.264,2.843356,1396.2769,1.020159,8092.8965,3.218191,0,,,,,329.3695283048376,0.00029971803,1577.212395058999,0.00029830856,-0.08726831,0.03664933
1332.8649730710422,8096.1294,3.2181194,-0.00019708455,5059,329.3692229189476,1577.2132151417002,7337.1704,2.8432925,1391.5343,1.0194964,8096.1294,3.2181194,0,,,,,329.3692229189476,0.0002995207,1577.2132151417002,0.00029771528,-0.08782587,0.036960766
1332.88580603635,8094.918,3.2173176,-0.00019744421,5060,329.36959066092817,1577.2139411736598,7336.217,2.842584,1389.3376,1.0188774,8094.918,3.2173176,0,,,,,329.36959066092817,0.00029949594,1577.2139411736598,0.000297591,-0.08768633,0.038504176
1332.9066390015419,8097.725,3.2173991,-0.000197804,5061,329.36841952863324,1577.2125442357753,7338.515,2.842656,1387.5273,1.018745,8097.725,3.2173991,0,,,,,329.36841952863324,0.0002993445,1577.2125442357753,0.00029760884,-0.08787788,0.036644418
1332.9274719666173,8092.495,3.2185369,-0.00019816389,5062,329.36964128321057,1577.2135934797795,7333.498,2.843661,1386.0535,1.0202208,8092.495,3.2185369,0,,,,,329.36964128321057,0.00029992513,1577.2135934797795,0.00029775078,-0.08725388,0.038113374
1332.9483049315613,8093.9424,3.2159119,-0.00019852392,5063,329.3684349291246,1577.2122006155817,7335.0527,2.841342,1382.7174,1.0180675,8093.9424,3.2159119,0,,,,,329.3684349291246,0.00029934035,1577.2122006155817,0.0002974989,-0.08762734,0.03662338
1332.9691378963894,8093.7666,3.214749,-0.00019888407,5064,329.3687686273024,1577.2135693011217,7335.2686,2.8403146,1380.3892,1.0164028,8093.7666,3.214749,0,,,,,329.3687686273024,0.00029917198,1577.2135693011217,0.00029745637,-0.08799935,0.03811074
1332.9899708611006,8097.241,3.2152536,-0.00019924433,5065,329.3684781296025,1577.2128076992194,7337.8555,2.8407605,1377.2609,1.0164386,8097.241,3.2152536,0,,,,,329.3684781296025,0.00029901447,1577.2128076992194,0.00029743742,-0.08768401,0.036711626
1333.0108038256813,8093.567,3.213888,-0.00019960472,5066,329.3693357869029,1577.213422074676,7334.502,2.839554,1374.3844,1.0155358,8093.567,3.213888,0,,,,,329.3693357869029,0.000299232,1577.213422074676,0.00029732034,-0.08663511,0.037720643
1333.0316367901319,8098.2153,3.2143145,-0.00019996524,5067,329.3684935099493,1577.212151032502,7338.976,2.8399305,1372.1384,1.0155913,8098.2153,3.2143145,0,,,,,329.3684935099493,0.00029902055,1577.212151032502,0.00029727965,-0.087746285,0.036377825
1333.0524697544645,8094.8535,3.2153673,-0.00020032589,5068,329.3692645927935,1577.2129953735262,7335.9644,2.8408608,1372.3274,1.0157051,8094.8535,3.2153673,0,,,,,329.3692645927935,0.0002992645,1577.2129953735262,0.0002975364,-0.087221205,0.037899576
1333.0733027186661,8098.083,3.214383,-0.00020068666,5069,329.3686085187072,1577.2117282918532,7338.8047,2.839991,1372.3296,1.0155016,8098.083,3.214383,0,,,,,329.3686085187072,0.00029903994,1577.2117282918532,0.00029734694,-0.088086985,0.035939414
1333.0941356827523,8096.255,3.2142344,-0.00020104754,5070,329.36930540303166,1577.213446193455,7336.8765,2.8398597,1373.7938,1.0158736,8096.255,3.2142344,0,,,,,329.36930540303166,0.00029908138,1577.213446193455,0.00029737942,-0.08719556,0.03754373
1333.114968646692,8096.3877,3.2148936,-0.00020140858,5071,329.3688998546716,1577.2116265977868,7337.214,2.8404422,1374.3867,1.0160588,8096.3877,3.2148936,0,,,,,329.3688998546716,0.0002991014,1577.2116265977868,0.00029742392,-0.08776069,0.035565417
1333.135801610516,8091.7534,3.2149177,-0.00020176973,5072,329.3698307627816,1577.2132553039826,7333.027,2.8404634,1378.2625,1.0168732,8091.7534,3.2149177,0,,,,,329.3698307627816,0.0002993602,1577.2132553039826,0.0002974438,-0.08676074,0.03727976
1333.1566345742099,8096.1553,3.2149336,-0.000202131,5073,329.3689285698684,1577.2119164670185,7335.8833,2.8404777,1379.1946,1.0166284,8096.1553,3.2149336,0,,,,,329.3689285698684,0.0002992166,1577.2119164670185,0.00029753853,-0.08768669,0.03616135
1333.1774675377715,8094.4507,3.2167668,-0.00020249242,5074,329.36912533732925,1577.2129171524534,7335.881,2.8420975,1383.3368,1.0179597,8094.4507,3.2167668,0,,,,,329.36912533732925,0.0002994625,1577.2129171524534,0.00029764976,-0.08737202,0.03686072
1333.1983005012019,8089.347,3.2162898,-0.00020285396,5075,329.36906893412583,1577.2123850131939,7330.3926,2.8416758,1383.2412,1.0181832,8089.347,3.2162898,0,,,,,329.36906893412583,0.00029947681,1577.2123850131939,0.00029797913,-0.08736948,0.036033843
1333.2191334645013,8098.4243,3.2162485,-0.00020321563,5076,329.3690785226032,1577.2123675592331,7338.7446,2.8416395,1382.8693,1.0175911,8098.4243,3.2162485,0,,,,,329.3690785226032,0.0002992193,1577.2123675592331,0.00029739272,-0.08699177,0.0365501
1333.2399664276845,8093.3335,3.2176125,-0.00020357742,5077,329.36843130598527,1577.2114260403248,7334.144,2.8428447,1381.2439,1.0193101,8093.3335,3.2176125,0,,,,,329.36843130598527,0.00029991925,1577.2114260403248,0.0002976985,-0.08766314,0.03501805
1333.2607993907234,8096.134,3.2168024,-0.00020393936,5078,329.3689881099381,1577.2130957517613,7336.6465,2.8421288,1379.8881,1.0179994,8096.134,3.2168024,0,,,,,329.3689881099381,0.00029929623,1577.2130957517613,0.00029767965,-0.08701558,0.03736033
1333.2816323536163,8095.6455,3.2161129,-0.00020430144,5079,329.3687632703846,1577.2116384634212,7335.442,2.8415196,1377.9614,1.0185273,8095.6455,3.2161129,0,,,,,329.3687632703846,0.0002994034,1577.2116384634212,0.0002975199,-0.087173454,0.03538214
1333.3024653163918,8092.176,3.2144144,-0.00020466364,5080,329.36931374429713,1577.2130647171114,7333.5264,2.840019,1374.1943,1.0156504,8092.176,3.2144144,0,,,,,329.36931374429713,0.00029915615,1577.2130647171114,0.0002976332,-0.08741841,0.036623243
1333.3232982790228,8093.8223,3.212164,-0.00020502598,5081,329.36908610402776,1577.2116022927128,7334.9683,2.8380306,1365.9037,1.0144519,8093.8223,3.212164,0,,,,,329.36908610402776,0.00029887393,1577.2116022927128,0.00029729365,-0.08757243,0.035307966
1333.3441312415218,8090.175,3.2112052,-0.00020538845,5082,329.3694158963064,1577.21292454416,7331.173,2.8371835,1362.906,1.0133271,8090.175,3.2112052,0,,,,,329.3694158963064,0.000298945,1577.21292454416,0.0002974071,-0.08704703,0.036369193
1333.3649642038906,8094.304,3.209126,-0.00020575106,5083,329.3685821610881,1577.2107220339353,7334.934,2.8353465,1356.3007,1.0114803,8094.304,3.209126,0,,,,,329.3685821610881,0.00029858865,1577.2107220339353,0.0002969669,-0.08754272,0.034148857
1333.3857971661146,8096.227,3.2089577,-0.00020611381,5084,329.3689033098153,1577.212322492273,7336.9907,2.8351977,1349.4532,1.0100117,8096.227,3.2089577,0,,,,,329.3689033098153,0.00029857387,1577.212322492273,0.0002968976,-0.08748093,0.03623088
1333.4066301282064,8087.225,3.205357,-0.00020647669,5085,329.3689414786396,1577.2116715804032,7326.6226,2.8320167,1343.3671,1.0088282,8087.225,3.205357,0,,,,,329.3689414786396,0.00029862445,1577.2116715804032,0.00029702266,-0.08715241,0.03453295
1333.4274630901527,8090.451,3.2067683,-0.00020683972,5086,329.36942524960165,1577.2118560831261,7330.7476,2.8332634,1340.004,1.0088503,8090.451,3.2067683,0,,,,,329.36942524960165,0.00029858242,1577.2118560831261,0.00029699525,-0.08659842,0.035942223
1333.4482960519686,8085.501,3.2045105,-0.00020720287,5087,329.3683784859071,1577.2108849648664,7326.464,2.8312685,1337.4419,1.0071509,8085.501,3.2045105,0,,,,,329.3683784859071,0.00029852198,1577.2108849648664,0.00029697907,-0.08757089,0.034508456
1333.4691290136382,8093.159,3.205906,-0.00020756618,5088,329.36884489447993,1577.2127006211826,7333.4014,2.8325014,1336.6664,1.008408,8093.159,3.205906,0,,,,,329.36884489447993,0.0002985541,1577.2127006211826,0.00029678055,-0.08708918,0.03596445
1333.4899619751777,8093.8154,3.2061884,-0.00020792961,5089,329.36904363165627,1577.2106539078443,7333.3613,2.8327513,1337.3055,1.0090848,8093.8154,3.2061884,0,,,,,329.36904363165627,0.00029849375,1577.2106539078443,0.00029668838,-0.08718542,0.03420359
1333.5107949365577,8092.3076,3.20787,-0.0002082932,5090,329.369223514452,1577.211895623816,7332.1655,2.834237,1343.8315,1.0090604,8092.3076,3.20787,0,,,,,329.369223514452,0.00029866025,1577.211895623816,0.00029707485,-0.08710086,0.035756055
1333.5316278978053,8090.348,3.2072484,-0.00020865693,5091,329.36800821409645,1577.210086824436,7330.3057,2.8336878,1347.0209,1.0108101,8090.348,3.2072484,0,,,,,329.36800821409645,0.0002986011,1577.210086824436,0.0002969274,-0.08800949,0.033484012
1333.5524608589076,8097.176,3.2092214,-0.0002090208,5092,329.3695600470625,1577.2123235583167,7337.108,2.8354306,1352.0935,1.0113178,8097.176,3.2092214,0,,,,,329.3695600470625,0.00029861572,1577.2123235583167,0.0002967986,-0.0863168,0.035816498
1333.5732938198648,8091.207,3.2103481,-0.00020938482,5093,329.36836038355744,1577.2101851517714,7330.8853,2.8364265,1359.6304,1.0127393,8091.207,3.2103481,0,,,,,329.36836038355744,0.00029884136,1577.2101851517714,0.0002973889,-0.087789804,0.033478845
1333.594126780676,8096.796,3.212325,-0.00020974898,5094,329.3692281347897,1577.2117340872082,7336.648,2.838173,1360.5876,1.0142759,8096.796,3.212325,0,,,,,329.3692281347897,0.00029894302,1577.2117340872082,0.00029714705,-0.086866446,0.035663288
1333.6149597413423,8091.7935,3.2118497,-0.00021011328,5095,329.3683287739581,1577.2101518528996,7331.898,2.837753,1366.8765,1.0138032,8091.7935,3.2118497,0,,,,,329.3683287739581,0.00029902966,1577.2101518528996,0.00029747214,-0.087858625,0.03378134
1333.635792701864,8093.173,3.213331,-0.00021047774,5096,329.36943722121555,1577.2118099140005,7332.8306,2.8390617,1369.6656,1.0154569,8093.173,3.213331,0,,,,,329.36943722121555,0.00029932044,1577.2118099140005,0.00029742625,-0.086300716,0.035876855
1333.6566256622384,8092.7373,3.2141364,-0.00021084234,5097,329.36874391578766,1577.2102030281153,7333.041,2.8397732,1373.4291,1.017014,8092.7373,3.2141364,0,,,,,329.36874391578766,0.00029915042,1577.2102030281153,0.0002976507,-0.08788143,0.03322373
1333.6774586224674,8091.6978,3.2173872,-0.00021120708,5098,329.36960034564316,1577.2115920559752,7332.04,2.8426454,1372.0992,1.0170983,8091.6978,3.2173872,0,,,,,329.36960034564316,0.00029977257,1577.2115920559752,0.00029804884,-0.08655336,0.035068806
1333.6982915825372,8086.394,3.2131135,-0.00021157198,5099,329.36816929400004,1577.210362519674,7326.807,2.8388698,1372.9849,1.0163502,8086.394,3.2131135,0,,,,,329.36816929400004,0.00029934492,1577.210362519674,0.00029788783,-0.08773488,0.033042897
1333.7191245424613,8090.472,3.2127347,-0.00021193703,5100,329.36950588960804,1577.21051136005,7329.865,2.838535,1370.976,1.0153779,8090.472,3.2127347,0,,,,,329.36950588960804,0.000299241,1577.21051136005,0.0002976722,-0.086440906,0.034353185
1333.73995750224,8088.478,3.2122169,-0.00021230223,5101,329.36850473926256,1577.2101068032355,7328.0957,2.8380775,1369.5322,1.0151262,8088.478,3.2122169,0,,,,,329.36850473926256,0.00029929262,1577.2101068032355,0.0002976638,-0.087569125,0.033345446
1333.7607904618585,8092.552,3.2121396,-0.00021266758,5102,329.3694912845072,1577.210802469049,7332.2056,2.838009,1367.7482,1.0141886,8092.552,3.2121396,0,,,,,329.3694912845072,0.00029906162,1577.210802469049,0.00029745963,-0.08642529,0.034962535
1333.781623421331,8085.659,3.2132664,-0.00021303308,5103,329.36868825988086,1577.2085272710622,7325.5674,2.8390048,1368.6553,1.0150961,8085.659,3.2132664,0,,,,,329.36868825988086,0.00029924428,1577.2085272710622,0.00029807896,-0.08752614,0.032716937
1333.8024563806432,8087.359,3.212024,-0.00021339874,5104,329.3685965696753,1577.210228661705,7327.1113,2.837907,1365.2963,1.0143934,8087.359,3.212024,0,,,,,329.3685965696753,0.00029951698,1577.210228661705,0.0002976941,-0.086993046,0.033858776
1333.8232893398106,8088.708,3.211055,-0.00021376455,5105,329.3686162761813,1577.2099762230248,7328.3647,2.837051,1363.7333,1.0139786,8088.708,3.211055,0,,,,,329.3686162761813,0.0002992023,1577.2099762230248,0.00029748032,-0.08702756,0.033649012
1333.8441222988035,8092.523,3.2122474,-0.00021413053,5106,329.3695087187355,1577.2099511239176,7330.9673,2.8381045,1363.5696,1.0158433,8092.523,3.2122474,0,,,,,329.3695087187355,0.00029909945,1577.2099511239176,0.00029753117,-0.086566366,0.033722486
1333.8649552576508,8089.0054,3.2102115,-0.00021449666,5107,329.3687741224374,1577.2099316913998,7328.0625,2.8363056,1361.695,1.0135636,8089.0054,3.2102115,0,,,,,329.3687741224374,0.00029898284,1577.2099316913998,0.00029761018,-0.08744189,0.033022597
1333.8857882163525,8088.043,3.2101998,-0.00021486293,5108,329.3694669494643,1577.2111320433728,7329.051,2.8362954,1361.7018,1.0129815,8088.043,3.2101998,0,,,,,329.3694669494643,0.00029892303,1577.2111320433728,0.00029735419,-0.086261764,0.034298144
1333.906621174879,8088.449,3.2102797,-0.00021522937,5109,329.3685596942365,1577.2092202289134,7328.606,2.836366,1360.2809,1.0132586,8088.449,3.2102797,0,,,,,329.3685596942365,0.00029901273,1577.2092202289134,0.00029752305,-0.087348014,0.03205803
1333.9274541332456,8088.872,3.2095985,-0.00021559598,5110,329.36918149233054,1577.2103382783007,7329.1616,2.8357642,1358.002,1.0123143,8088.872,3.2095985,0,,,,,329.36918149233054,0.0002988591,1577.2103382783007,0.00029736388,-0.08665535,0.033601463
1333.9482870914671,8084.0493,3.209396,-0.00021596273,5111,329.3689052955771,1577.2091088673255,7324.468,2.8355849,1358.411,1.0122242,8084.0493,3.209396,0,,,,,329.3689052955771,0.0002990057,1577.2091088673255,0.00029765576,-0.08660527,0.032388866
1333.969120049514,8093.402,3.2098937,-0.00021632966,5112,329.3686685540187,1577.2093383777371,7332.1226,2.8360248,1356.5521,1.0122417,8093.402,3.2098937,0,,,,,329.3686685540187,0.00029894023,1577.2093383777371,0.00029734755,-0.08731686,0.03259709
1333.9899530074008,8089.8887,3.209433,-0.00021669675,5113,329.3703180736297,1577.2101253597232,7329.7495,2.8356178,1355.63,1.012898,8089.8887,3.209433,0,,,,,329.3703180736297,0.00029885524,1577.2101253597232,0.00029730046,-0.08584627,0.033365466
1334.0107859651278,8090.225,3.209668,-0.000217064,5114,329.368863062507,1577.2088375550188,7329.7495,2.8358254,1356.1272,1.0131127,8090.225,3.209668,0,,,,,329.368863062507,0.00029890265,1577.2088375550188,0.00029735372,-0.08707071,0.031850506
1334.0316189226937,8086.867,3.2094233,-0.0002174314,5115,329.368490979696,1577.209089941684,7326.3594,2.8356092,1356.4795,1.0125271,8086.867,3.2094233,0,,,,,329.368490979696,0.00029904768,1577.209089941684,0.00029749278,-0.08707919,0.032402296
1334.0524518800853,8087.8154,3.2092621,-0.00021779898,5116,329.3696691095891,1577.2097078822324,7328.136,2.8354669,1356.5242,1.0119202,8087.8154,3.2092621,0,,,,,329.3696691095891,0.0002989276,1577.2097078822324,0.00029738387,-0.08576365,0.032800652
1334.0732848373173,8092.93,3.2104547,-0.00021816672,5117,329.3692697933385,1577.2093045416052,7331.8145,2.8365204,1359.0288,1.0124439,8092.93,3.2104547,0,,,,,329.3692697933385,0.00029891793,1577.2093045416052,0.00029740622,-0.08665111,0.03229142
1334.0941177943746,8094.0376,3.211386,-0.00021853464,5118,329.368844485818,1577.208222602234,7332.0874,2.8373435,1361.4436,1.0139613,8094.0376,3.211386,0,,,,,329.368844485818,0.00029905897,1577.208222602234,0.00029746874,-0.086783014,0.031718146
1334.114950751272,8097.566,3.2122362,-0.00021890271,5119,329.3695790787174,1577.2087627691053,7335.4565,2.8380942,1363.2651,1.0143199,8097.566,3.2122362,0,,,,,329.3695790787174,0.00029886953,1577.2087627691053,0.00029741027,-0.086473964,0.032162916
1334.135783707995,8091.481,3.2135081,-0.00021927097,5120,329.36942040529607,1577.2086029885395,7329.9165,2.8392184,1369.958,1.0158483,8091.481,3.2135081,0,,,,,329.36942040529607,0.00029933266,1577.2086029885395,0.00029792762,-0.086483255,0.031560507
1334.1566166645423,8090.932,3.214207,-0.00021963939,5121,329.36855118848007,1577.2087627902683,7330.4805,2.8398356,1373.0016,1.0159714,8090.932,3.214207,0,,,,,329.36855118848007,0.00029923883,1577.2087627902683,0.00029795055,-0.086617514,0.032150056
1334.1774496209296,8095.8354,3.2155023,-0.00022000798,5122,329.36878458792137,1577.207639028506,7333.1084,2.84098,1376.5645,1.017385,8095.8354,3.2155023,0,,,,,329.36878458792137,0.00029948272,1577.207639028506,0.00029798067,-0.08719029,0.030319199
1334.1982825771438,8094.2397,3.2169528,-0.00022037674,5123,329.3701769813489,1577.2094442494276,7333.3677,2.8422618,1380.6155,1.0186796,8094.2397,3.2169528,0,,,,,329.3701769813489,0.00029969003,1577.2094442494276,0.0002977933,-0.0853601,0.03388228
1334.2191155331832,8092.251,3.2162766,-0.00022074567,5124,329.36954954086156,1577.2083626570593,7330.277,2.8416643,1383.518,1.0183634,8092.251,3.2162766,0,,,,,329.36954954086156,0.00029958002,1577.2083626570593,0.00029829572,-0.08623911,0.03106085
1334.239948489032,8093.2065,3.2177734,-0.0002211148,5125,329.3690211335761,1577.209485007305,7331.8096,2.8429868,1387.2683,1.0208142,8093.2065,3.2177734,0,,,,,329.3690211335761,0.00029956806,1577.209485007305,0.0002981513,-0.08628529,0.032723293
1334.260781444721,8101.1636,3.2185626,-0.00022148408,5126,329.3690972752278,1577.2076061889645,7338.494,2.843684,1385.7905,1.0202404,8101.1636,3.2185626,0,,,,,329.3690972752278,0.0002994052,1577.2076061889645,0.00029808408,-0.086348474,0.03074514
1334.2816144002359,8093.4126,3.2190924,-0.00022185354,5127,329.3687833200623,1577.2095120415454,7332.1646,2.8441522,1387.7897,1.0211122,8093.4126,3.2190924,0,,,,,329.3687833200623,0.0002997666,1577.2095120415454,0.00029827107,-0.08644584,0.032564532
1334.302447355561,8095.6313,3.2168298,-0.00022222319,5128,329.3688332625802,1577.2069575486846,7331.406,2.842153,1386.3569,1.0189081,8095.6313,3.2168298,0,,,,,329.3688332625802,0.00029972894,1577.2069575486846,0.0002982566,-0.08691132,0.0301147
1334.323280310712,8099.9395,3.2171552,-0.00022259301,5129,329.36965255286873,1577.2095209391364,7337.4824,2.8424406,1380.3566,1.0193298,8099.9395,3.2171552,0,,,,,329.36965255286873,0.00029926465,1577.2095209391364,0.00029785457,-0.085634194,0.03289942
1334.3441132656894,8092.039,3.2155185,-0.000222963,5130,329.3689537032291,1577.2069240530498,7328.8154,2.8409944,1381.3887,1.0178382,8092.039,3.2155185,0,,,,,329.3689537032291,0.00029957196,1577.2069240530498,0.00029825617,-0.086834885,0.029921707
1334.364946220476,8094.7676,3.217254,-0.00022333319,5131,329.36951631165556,1577.208523101979,7333.273,2.8425279,1375.2771,1.017459,8094.7676,3.217254,0,,,,,329.36951631165556,0.00029941337,1577.208523101979,0.000298257,-0.08555608,0.03193087
1334.3857791750734,8096.847,3.2158654,-0.00022370357,5132,329.3688659986654,1577.2073367485268,7334.185,2.841301,1372.4501,1.0173789,8096.847,3.2158654,0,,,,,329.3688659986654,0.00029970193,1577.2073367485268,0.00029786816,-0.08656399,0.030606536
1334.406612129497,8094.932,3.214648,-0.00022407412,5133,329.3700336163212,1577.209090610583,7333.367,2.8402255,1372.2235,1.0170114,8094.932,3.214648,0,,,,,329.3700336163212,0.00029946372,1577.209090610583,0.00029768553,-0.08582341,0.031758167
1334.4274450837452,8094.139,3.2129998,-0.00022444484,5134,329.36905744680325,1577.2069899115559,7332.482,2.8387692,1368.6111,1.0154426,8094.139,3.2129998,0,,,,,329.36905744680325,0.00029916348,1577.2069899115559,0.00029772514,-0.08606039,0.02977122
1334.4482780377903,8100.603,3.2138672,-0.00022481577,5135,329.3692859170961,1577.208179735936,7339.0684,2.8395355,1368.2957,1.0148163,8100.603,3.2138672,0,,,,,329.3692859170961,0.00029894002,1577.208179735936,0.00029758576,-0.08587569,0.031796798
1334.469110991647,8096.0796,3.214137,-0.00022518689,5136,329.3692805450159,1577.2069506643122,7334.0244,2.8397741,1372.9259,1.0159248,8096.0796,3.214137,0,,,,,329.3692805450159,0.00029911814,1577.2069506643122,0.0002978532,-0.0862545,0.029407803
1334.4899439453284,8096.6196,3.2144868,-0.00022555818,5137,329.3696880336377,1577.2079116904697,7334.9116,2.840083,1372.6449,1.0171258,8096.6196,3.2144868,0,,,,,329.3696880336377,0.00029910376,1577.2079116904697,0.00029768623,-0.0855667,0.031346556
1334.5107768988055,8100.664,3.2158232,-0.00022592967,5138,329.3691947163474,1577.2073454886176,7337.4307,2.8412638,1375.2869,1.0166903,8100.664,3.2158232,0,,,,,329.3691947163474,0.00029917056,1577.2073454886176,0.00029779118,-0.08606772,0.03039444
1334.531609852108,8096.509,3.2166562,-0.00022630134,5139,329.3691302938098,1577.2067902374222,7334.481,2.8419995,1380.9558,1.0179676,8096.509,3.2166562,0,,,,,329.3691302938098,0.00029953817,1577.2067902374222,0.00029794118,-0.08612214,0.0299178
1334.5524428052079,8096.552,3.2179642,-0.00022667322,5140,329.369686707862,1577.208388924313,7335.1377,2.8431554,1387.6981,1.0192145,8096.552,3.2179642,0,,,,,329.369686707862,0.00029945438,1577.208388924313,0.00029815923,-0.085469246,0.030524198
1334.573275758118,8095.169,3.2202916,-0.00022704528,5141,329.37016737576937,1577.207443782888,7333.745,2.8452117,1392.4537,1.0221226,8095.169,3.2202916,0,,,,,329.37016737576937,0.00029976224,1577.207443782888,0.00029837014,-0.085621014,0.030490618
1334.5941087108235,8099.372,3.2212873,-0.00022741755,5142,329.36892175790877,1577.2068393561137,7336.8643,2.8460913,1399.0674,1.02261,8099.372,3.2212873,0,,,,,329.36892175790877,0.0002997479,1577.2068393561137,0.00029832308,-0.08591846,0.03041987
1334.614941663341,8104.0938,3.2226596,-0.00022779,5143,329.36952291380635,1577.2070342711404,7341.289,2.8473039,1401.455,1.0231272,8104.0938,3.2226596,0,,,,,329.36952291380635,0.00029965045,1577.2070342711404,0.00029836895,-0.08580895,0.029640628
1334.6357746156536,8097.9224,3.2228007,-0.00022816267,5144,329.36971486071997,1577.2065461374355,7334.4854,2.8474286,1405.7694,1.0244555,8097.9224,3.2228007,0,,,,,329.36971486071997,0.00030005706,1577.2065461374355,0.00029859412,-0.08532479,0.029703032
1334.6566075677774,8098.7227,3.2240639,-0.00022853551,5145,329.3687436570482,1577.2068233587686,7337.3345,2.8485446,1408.4346,1.0245814,8098.7227,3.2240639,0,,,,,329.3687436570482,0.00030003962,1577.2068233587686,0.00029863,-0.08662572,0.029288119
1334.6774405196988,8100.293,3.2235472,-0.00022890857,5146,329.37087818272545,1577.2078114257529,7336.835,2.848088,1409.8422,1.0249466,8100.293,3.2235472,0,,,,,329.37087818272545,0.00029999396,1577.2078114257529,0.0002986096,-0.08445015,0.030392662
1334.6982734714163,8099.2334,3.2236354,-0.00022928182,5147,329.36909851169,1577.206285754019,7337.6655,2.8481662,1410.6625,1.0246629,8099.2334,3.2236354,0,,,,,329.36909851169,0.0002999858,1577.206285754019,0.00029858263,-0.08605725,0.02910685
1334.7191064229287,8098.793,3.224386,-0.00022965528,5148,329.3693764320773,1577.2070208091957,7335.9233,2.848829,1411.303,1.025485,8098.793,3.224386,0,,,,,329.3693764320773,0.000300161,1577.2070208091957,0.00029879867,-0.08563849,0.029357862
1334.7399393742376,8102.4707,3.2237928,-0.00023002895,5149,329.37029040314656,1577.2066261829993,7339.7876,2.848305,1407.2878,1.0246466,8102.4707,3.2237928,0,,,,,329.37029040314656,0.00030002973,1577.2066261829993,0.00029853272,-0.08509941,0.029105576
1334.7607723253432,8100.2314,3.222851,-0.00023040282,5150,329.36934466341114,1577.206802613824,7337.577,2.847473,1404.7582,1.0244838,8100.2314,3.222851,0,,,,,329.36934466341114,0.00029990406,1577.206802613824,0.00029848304,-0.085227184,0.029292384
1334.7816052762298,8097.6626,3.2220018,-0.0002307769,5151,329.3693297455593,1577.2064068021948,7335.9497,2.8467226,1400.2952,1.022382,8097.6626,3.2220018,0,,,,,329.3693297455593,0.0002999322,1577.2064068021948,0.0002986194,-0.08587841,0.029102417
1334.8024382269136,8091.8916,3.2207208,-0.00023115119,5152,329.36977592463717,1577.2069450113725,7329.9146,2.8455908,1399.2839,1.0232608,8091.8916,3.2207208,0,,,,,329.36977592463717,0.00030012053,1577.2069450113725,0.0002985091,-0.085128896,0.02956961
1334.8232711773942,8094.3833,3.220011,-0.00023152569,5153,329.36991739332944,1577.2056543349406,7332.5835,2.8449638,1395.1333,1.022139,8094.3833,3.220011,0,,,,,329.36991739332944,0.00029983305,1577.2056543349406,0.00029849057,-0.08516588,0.027730599
1334.844104127656,8098.886,3.2205358,-0.0002319004,5154,329.3705483746963,1577.2067932839748,7336.868,2.8454275,1390.1366,1.0214138,8098.886,3.2205358,0,,,,,329.3705483746963,0.0002995994,1577.2067932839748,0.00029830207,-0.08481982,0.029937133
1334.8649370777132,8096.467,3.2175622,-0.00023227531,5155,329.36891155771764,1577.204718070143,7334.065,2.8428001,1387.2164,1.0196761,8096.467,3.2175622,0,,,,,329.36891155771764,0.00029952833,1577.204718070143,0.00029811804,-0.08627038,0.02716197
1334.885770027552,8103.742,3.2177234,-0.00023265045,5156,329.37039793631914,1577.2078569691203,7340.571,2.8429427,1380.1747,1.0186533,8103.742,3.2177234,0,,,,,329.37039793631914,0.00029931005,1577.2078569691203,0.0002979719,-0.08502592,0.031108428
1334.9066029771743,8100.715,3.215733,-0.0002330258,5157,329.37030528365017,1577.2042048211338,7336.9854,2.8411841,1376.3718,1.0170883,8100.715,3.215733,0,,,,,329.37030528365017,0.00029915592,1577.2042048211338,0.00029793533,-0.084837265,0.026488267
1334.9274359265773,8096.345,3.2151232,-0.00023340137,5158,329.3697222295143,1577.2065931047232,7332.644,2.840645,1372.9503,1.0168735,8096.345,3.2151232,0,,,,,329.3697222295143,0.00029928325,1577.2065931047232,0.00029808475,-0.084601045,0.029445508
1334.9482688757616,8096.908,3.2145216,-0.00023377716,5159,329.3702899693012,1577.204789551895,7332.029,2.8401136,1365.6718,1.017278,8096.908,3.2145216,0,,,,,329.3702899693012,0.00029922102,1577.204789551895,0.00029811898,-0.084808506,0.026831863
1334.969101824728,8096.04,3.2116764,-0.00023415317,5160,329.36917025007483,1577.2055449319014,7327.9414,2.8376,1360.5388,1.0144358,8096.04,3.2116764,0,,,,,329.36917025007483,0.00029924474,1577.2055449319014,0.00029824045,-0.08541259,0.028176386
1335.0316006702737,8099.131,3.2070382,-0.00023528254,5163,329.3700765642358,1577.204362366812,7332.207,2.8335018,1344.4694,1.0092247,8099.131,3.2070382,0,,,,,329.3700765642358,0.0002985594,1577.204362366812,0.00029753638,-0.085208155,0.026094854
1335.052433618339,8098.9463,3.2091734,-0.00023565945,5164,329.3703497368516,1577.2055701857046,7333.132,2.8353884,1340.777,1.0132318,8098.9463,3.2091734,0,,,,,329.3703497368516,0.00029888496,1577.2055701857046,0.0002973967,-0.084683955,0.02736832
1335.0732665661697,8100.5283,3.2062528,-0.00023603659,5165,329.369791909878,1577.2047806261162,7333.477,2.8328078,1339.7483,1.0096707,8100.5283,3.2062528,0,,,,,329.369791909878,0.00029834636,1577.2047806261162,0.00029736705,-0.08496235,0.027059251
1335.0940995137676,8098.818,3.208658,-0.00023641397,5166,329.3699120587506,1577.2053479759709,7330.3037,2.834933,1336.1819,1.0085435,8098.818,3.208658,0,,,,,329.3699120587506,0.00029861124,1577.2053479759709,0.0002982236,-0.08453644,0.026505124
1335.114932461148,8094.5376,3.2052016,-0.00023679156,5167,329.3705449309333,1577.2058659355666,7327.1494,2.8318794,1337.8662,1.008181,8094.5376,3.2052016,0,,,,,329.3705449309333,0.00029860064,1577.2058659355666,0.0002976214,-0.08464553,0.028272526
1335.1357654082813,8096.909,3.2057717,-0.0002371694,5168,329.3709072793738,1577.203590308279,7327.5254,2.8323827,1336.7976,1.0080544,8096.909,3.2057717,0,,,,,329.3709072793738,0.00029853385,1577.203590308279,0.0002978606,-0.08367379,0.024904173
1335.1565983551814,8095.8022,3.205021,-0.00023754747,5169,329.36981636004026,1577.2057639425907,7328.101,2.8317196,1335.072,1.0076112,8095.8022,3.205021,0,,,,,329.36981636004026,0.00029852588,1577.2057639425907,0.00029754455,-0.08513935,0.027881758
1335.1774313018486,8102.0596,3.2048995,-0.00023792578,5170,329.36998439758094,1577.2045993595086,7333.861,2.8316123,1331.3616,1.0077362,8102.0596,3.2048995,0,,,,,329.36998439758094,0.00029832232,1577.2045993595086,0.00029723908,-0.08476851,0.026875978
1335.198264248283,8096.582,3.202371,-0.00023830432,5171,329.3699490158632,1577.2038777604776,7329.2417,2.8293781,1324.3643,1.0051697,8096.582,3.202371,0,,,,,329.3699490158632,0.000298122,1577.2038777604776,0.00029734953,-0.084882945,0.025493704
1335.2190971944558,8088.662,3.2000787,-0.00023868312,5172,329.36980429613925,1577.2049807880326,7321.785,2.827353,1320.0328,1.0049056,8088.662,3.2000787,0,,,,,329.36980429613925,0.00029809156,1577.2049807880326,0.00029734152,-0.08478815,0.027082916
1335.2399301403948,8086.962,3.1981106,-0.00023906215,5173,329.3701353485339,1577.2045177386312,7321.171,2.8256145,1312.8477,1.0037848,8086.962,3.1981106,0,,,,,329.3701353485339,0.00029798824,1577.2045177386312,0.00029704598,-0.08435719,0.026394213
1335.2607630861019,8089.119,3.1955638,-0.00023944142,5174,329.3704432344734,1577.2047609622564,7322.824,2.823364,1304.04,1.0001285,8089.119,3.1955638,0,,,,,329.3704432344734,0.00029763152,1577.2047609622564,0.0002967729,-0.084889546,0.026914168
1335.2815960315475,8088.427,3.1940434,-0.00023982095,5175,329.3707078210438,1577.2056931819504,7321.232,2.8220208,1296.577,0.9991629,8088.427,3.1940434,0,,,,,329.3707078210438,0.00029764892,1577.2056931819504,0.00029676512,-0.08404959,0.027742296
1335.3024289767445,8086.2334,3.1911502,-0.00024020072,5176,329.3694969905143,1577.2035419056576,7319.3345,2.8194644,1290.1007,0.9969116,8086.2334,3.1911502,0,,,,,329.3694969905143,0.00029732106,1577.2035419056576,0.00029644786,-0.08555375,0.025771264
1335.3232619217085,8090.143,3.1894393,-0.00024058073,5177,329.3707768725345,1577.2053479963347,7321.4653,2.8179526,1283.3605,0.99418426,8090.143,3.1894393,0,,,,,329.3707768725345,0.00029715596,1577.2053479963347,0.00029636305,-0.08383464,0.026798017
1335.3649278108524,8090.51,3.1888955,-0.00024134154,5179,329.3704652751633,1577.2048025118518,7331.0654,2.8174725,1273.7759,0.9930953,8090.51,3.1888955,0,,,,,329.3704652751633,0.00029684015,1577.2048025118518,0.00029507355,-0.084225304,0.02754979
1335.3857607550312,8086.84,3.186626,-0.00024172233,5180,329.36941228987996,1577.2034648485378,7327.4487,2.8154674,1266.4684,0.9902774,8086.84,3.186626,0,,,,,329.36941228987996,0.0002966623,1577.2034648485378,0.000295053,-0.084649235,0.025831513
1335.406593698963,8083.825,3.1850586,-0.00024210337,5181,329.3706832361268,1577.204853741707,7324.1777,2.8140824,1262.6046,0.9894558,8083.825,3.1850586,0,,,,,329.3706832361268,0.00029674883,1577.204853741707,0.00029501453,-0.08375768,0.027384676
1335.4274266426326,8092.8066,3.1848829,-0.00024248468,5182,329.3694585803662,1577.2029159904225,7332.3774,2.8139272,1258.0667,0.9887207,8092.8066,3.1848829,0,,,,,329.3694585803662,0.0002963312,1577.2029159904225,0.00029467858,-0.084947236,0.025610033
1335.4482595860404,8089.458,3.1858435,-0.00024286624,5183,329.3701279232083,1577.2048595438173,7330.022,2.8147757,1256.1233,0.98931706,8089.458,3.1858435,0,,,,,329.3701279232083,0.00029632085,1577.2048595438173,0.00029498214,-0.08404114,0.027629767
1335.4690925291854,8084.208,3.182395,-0.00024324807,5184,329.369457967688,1577.2023822812,7324.368,2.811729,1253.4458,0.9875062,8084.208,3.182395,0,,,,,329.369457967688,0.00029631134,1577.2023822812,0.00029492952,-0.084910676,0.02495351
1335.4899254720685,8088.8926,3.1829581,-0.00024363016,5185,329.3702569969637,1577.2043068153648,7329.058,2.8122263,1251.8817,0.9868569,8088.8926,3.1829581,0,,,,,329.3702569969637,0.0002962678,1577.2043068153648,0.0002946294,-0.083937995,0.02662841
1335.5107584146767,8087.6724,3.1819775,-0.00024401252,5186,329.37016918159816,1577.2039282438425,7327.7944,2.8113601,1249.0222,0.98614556,8087.6724,3.1819775,0,,,,,329.37016918159816,0.00029611314,1577.2039282438425,0.00029468405,-0.08441051,0.025503866
1335.5315913570084,8083.286,3.1809444,-0.00024439517,5187,329.37033466418814,1577.2041445748387,7324.2476,2.8104475,1249.2012,0.98599553,8083.286,3.1809444,0,,,,,329.37033466418814,0.00029617504,1577.2041445748387,0.00029457675,-0.084407054,0.02605177
1335.5524242990912,8087.312,3.181231,-0.00024477806,5188,329.3704242734521,1577.2034390442388,7327.3823,2.8107007,1247.7504,0.985898,8087.312,3.181231,0,,,,,329.3704242734521,0.00029608232,1577.2034390442388,0.0002945445,-0.0839369,0.02566166
1335.5732572408538,8090.585,3.183155,-0.00024516127,5189,329.37029957903883,1577.2030408604949,7330.6255,2.8124006,1247.0221,0.98746234,8090.585,3.183155,0,,,,,329.37029957903883,0.0002960696,1577.2030408604949,0.00029465908,-0.08444987,0.024888216
1335.5940901823842,8093.9414,3.1819103,-0.0002455447,5190,329.3699727479843,1577.2038393600594,7333.8545,2.8113008,1243.3986,0.9852344,8093.9414,3.1819103,0,,,,,329.3699727479843,0.00029604547,1577.2038393600594,0.00029432503,-0.08426969,0.026098495
1335.6149231236238,8091.5264,3.1806085,-0.00024592844,5191,329.3694468170029,1577.2025837585495,7330.947,2.8101504,1241.4811,0.98439014,8091.5264,3.1806085,0,,,,,329.3694468170029,0.00029598834,1577.2025837585495,0.00029434287,-0.08442933,0.025044138
1335.6357560645724,8086.4785,3.182016,-0.00024631247,5192,329.37026017627466,1577.2030900970265,7327.105,2.811394,1241.1328,0.9844979,8086.4785,3.182016,0,,,,,329.37026017627466,0.00029593142,1577.2030900970265,0.00029480143,-0.08349862,0.02601878
1335.6565890052298,8088.975,3.1800687,-0.00024669679,5193,329.36979585477104,1577.2018054052985,7328.9253,2.8096735,1240.0255,0.9839915,8088.975,3.1800687,0,,,,,329.36979585477104,0.00029581058,1577.2018054052985,0.00029439994,-0.084522784,0.024203215
1335.6774219456252,8089.711,3.1802518,-0.00024708136,5194,329.3697363542892,1577.2035833880166,7329.8477,2.8098357,1235.7198,0.98334986,8089.711,3.1802518,0,,,,,329.3697363542892,0.00029593546,1577.2035833880166,0.00029434302,-0.08402715,0.026213357
1335.6982548857,8092.6074,3.178253,-0.00024746626,5195,329.3701726698497,1577.202573540061,7331.7383,2.8080695,1234.1702,0.98244536,8092.6074,3.178253,0,,,,,329.3701726698497,0.0002956122,1577.202573540061,0.00029404394,-0.08413655,0.024128962
1335.7190878255126,8088.753,3.1771097,-0.00024785142,5196,329.37014384193657,1577.2027513176126,7329.0635,2.8070593,1228.6536,0.9814878,8088.753,3.1771097,0,,,,,329.37014384193657,0.0002956437,1577.2027513176126,0.0002939488,-0.08402874,0.025123715
1335.7399207650064,8090.0967,3.1765497,-0.0002482369,5197,329.37044940219795,1577.2020283364982,7329.709,2.8065646,1224.7521,0.9800373,8090.0967,3.1765497,0,,,,,329.37044940219795,0.0002955314,1577.2020283364982,0.00029407247,-0.0837923,0.023923168
1335.7607537042095,8092.8066,3.1762884,-0.00024862267,5198,329.37030003684555,1577.2033593729784,7332.426,2.8063335,1222.0657,0.97995764,8092.8066,3.1762884,0,,,,,329.37030003684555,0.00029540298,1577.2033593729784,0.0002938624,-0.084171735,0.025456697
1335.7815866431492,8095.7314,3.1749678,-0.0002490087,5199,329.3701118856544,1577.2024347601266,7334.854,2.8051667,1218.3508,0.97880405,8095.7314,3.1749678,0,,,,,329.3701118856544,0.00029512765,1577.2024347601266,0.00029359627,-0.08372418,0.023950625
1335.8024195817395,8093.6025,3.1741898,-0.0002493951,5200,329.37013640171295,1577.20240266267,7333.2534,2.8044796,1215.3218,0.97861516,8093.6025,3.1741898,0,,,,,329.37013640171295,0.00029516054,1577.20240266267,0.00029341705,-0.08407927,0.024436507
1335.8232525200394,8090.5347,3.1733623,-0.00024978176,5201,329.37023051584026,1577.2023048287892,7330.7563,2.8037484,1210.5209,0.97774124,8090.5347,3.1733623,0,,,,,329.37023051584026,0.00029515527,1577.2023048287892,0.0002936361,-0.083837084,0.024067106
1335.8440854580485,8094.5137,3.1731098,-0.00025016873,5202,329.3704376487594,1577.2019031851542,7333.928,2.8035252,1207.795,0.97610575,8094.5137,3.1731098,0,,,,,329.3704376487594,0.00029506974,1577.2019031851542,0.00029349732,-0.08362322,0.023907445
1335.8649183957373,8096.5923,3.17159,-0.000250556,5203,329.37054618055134,1577.202569160432,7335.307,2.8021827,1203.0321,0.97477424,8096.5923,3.17159,0,,,,,329.37054618055134,0.00029480676,1577.202569160432,0.00029323105,-0.083390966,0.024465363
1335.885751333135,8090.99,3.1709566,-0.0002509436,5204,329.37009192162105,1577.2010976552995,7330.9575,2.8016229,1201.4858,0.9749481,8090.99,3.1709566,0,,,,,329.37009192162105,0.00029494014,1577.2010976552995,0.00029337424,-0.0838416,0.02308516
1335.9065842701837,8087.7197,3.168605,-0.0002513315,5205,329.3712141509523,1577.2030773595234,7327.784,2.7995453,1198.2845,0.97319496,8087.7197,3.168605,0,,,,,329.3712141509523,0.00029486438,1577.2030773595234,0.0002931924,-0.083081044,0.025246657
1335.9274172069413,8096.698,3.1695533,-0.00025171973,5206,329.37030601539266,1577.2010101074022,7334.6577,2.800383,1194.7999,0.97292066,8096.698,3.1695533,0,,,,,329.37030601539266,0.00029467276,1577.2010101074022,0.00029308881,-0.08409817,0.02289743
1335.948250143378,8100.1255,3.1689675,-0.00025210826,5207,329.37057712727466,1577.2026115253614,7337.555,2.7998655,1194.811,0.9721024,8100.1255,3.1689675,0,,,,,329.37057712727466,0.00029444255,1577.2026115253614,0.0002928592,-0.08307682,0.025005108
1335.969083079466,8100.9883,3.1703646,-0.00025249715,5208,329.36969804545805,1577.2008140146188,7339.38,2.8011,1191.7017,0.9739978,8100.9883,3.1703646,0,,,,,329.36969804545805,0.00029442325,1577.2008140146188,0.00029300866,-0.083941944,0.02254417
1335.9899160152636,8096.2607,3.1695578,-0.00025288633,5209,329.3707095253591,1577.2019975150915,7335.5996,2.800387,1193.0283,0.97309107,8096.2607,3.1695578,0,,,,,329.3707095253591,0.00029454276,1577.2019975150915,0.00029293765,-0.083105005,0.02402214
1336.0107489507116,8089.4517,3.1671238,-0.00025327585,5210,329.36995386706724,1577.20084392263,7328.843,2.7982366,1189.3632,0.9718997,8089.4517,3.1671238,0,,,,,329.36995386706724,0.00029470114,1577.20084392263,0.00029303753,-0.08376375,0.022947116
1336.0315818858394,8098.1875,3.1689627,-0.0002536657,5211,329.37059405954153,1577.2014059890894,7337.0635,2.7998612,1188.5226,0.9721718,8098.1875,3.1689627,0,,,,,329.37059405954153,0.0002946892,1577.2014059890894,0.00029284885,-0.08365835,0.023245564
1336.052414820617,8099.1826,3.168248,-0.0002540559,5212,329.3706632012735,1577.2012393764326,7337.3613,2.7992296,1186.2598,0.9712088,8099.1826,3.168248,0,,,,,329.3706632012735,0.00029452893,1577.2012393764326,0.0002927716,-0.0831372,0.02340703
1336.0732477550746,8090.451,3.1665158,-0.0002544464,5213,329.37029838335025,1577.2007145362008,7330.1045,2.7976992,1186.7737,0.97091395,8090.451,3.1665158,0,,,,,329.37029838335025,0.00029440742,1577.2007145362008,0.00029298165,-0.08314584,0.022372028
1336.0940806891845,8094.6606,3.167455,-0.00025483727,5214,329.3704756239731,1577.2010709887572,7334.038,2.7985291,1184.1055,0.97225595,8094.6606,3.167455,0,,,,,329.3704756239731,0.00029435093,1577.2010709887572,0.00029287318,-0.083054125,0.023095604
1336.1149136229449,8093.8047,3.165735,-0.0002552285,5215,329.37043960947113,1577.200562822782,7333.022,2.7970092,1181.296,0.96967727,8093.8047,3.165735,0,,,,,329.37043960947113,0.0002942161,1577.200562822782,0.00029281634,-0.083648175,0.02253179
1336.1357465563547,8098.3193,3.1657312,-0.00025562005,5216,329.3702281774926,1577.2009577272263,7336.56,2.7970061,1179.8749,0.9697725,8098.3193,3.1657312,0,,,,,329.3702281774926,0.00029414782,1577.2009577272263,0.00029259137,-0.08318579,0.022556864
1336.1565794894154,8099.259,3.165991,-0.00025601196,5217,329.3703414942389,1577.20042620518,7337.791,2.797236,1177.4558,0.9686172,8099.259,3.165991,0,,,,,329.3703414942389,0.0002941991,1577.20042620518,0.00029265464,-0.08323756,0.02180482
1336.1774124221274,8095.979,3.1645608,-0.00025640422,5218,329.37159012944477,1577.2021327880302,7335.056,2.795972,1175.7227,0.9681862,8095.979,3.1645608,0,,,,,329.37159012944477,0.00029410562,1577.2021327880302,0.0002925505,-0.08221099,0.023600874
1336.1982453544904,8092.095,3.164246,-0.00025679683,5219,329.3694454350086,1577.1995391526134,7331.308,2.7956939,1176.3398,0.9684632,8092.095,3.164246,0,,,,,329.3694454350086,0.00029415233,1577.1995391526134,0.00029274254,-0.08455855,0.020902688
1336.2190782865039,8099.5684,3.1648958,-0.0002571898,5220,329.37106058812907,1577.2012694566724,7338.0884,2.796268,1176.0789,0.9688754,8099.5684,3.1648958,0,,,,,329.37106058812907,0.00029396566,1577.2012694566724,0.00029240685,-0.08269905,0.022916581
1336.2399112181392,8094.205,3.164799,-0.00025758313,5221,329.3708293030022,1577.1996307743304,7332.9004,2.7961826,1175.4636,0.96911454,8094.205,3.164799,0,,,,,329.3708293030022,0.0002942081,1577.1996307743304,0.0002926216,-0.082914315,0.02159491
1336.260744149396,8105.439,3.1645973,-0.00025797685,5222,329.3708076349689,1577.200245329472,7342.4907,2.7960043,1173.9567,0.96729857,8105.439,3.1645973,0,,,,,329.3708076349689,0.00029372927,1577.200245329472,0.00029234315,-0.0830864,0.021942545
1336.2815770803036,8102.492,3.164478,-0.0002583709,5223,329.37095917405713,1577.2001203509187,7340.0933,2.795899,1172.8563,0.96741843,8102.492,3.164478,0,,,,,329.37095917405713,0.00029391126,1577.2001203509187,0.0002924614,-0.08268212,0.021262351
1336.3024100108323,8099.436,3.1643395,-0.00025876536,5224,329.3714362779693,1577.20020415074,7337.0635,2.7957764,1174.8795,0.9673864,8099.436,3.1643395,0,,,,,329.3714362779693,0.0002940147,1577.20020415074,0.00029248698,-0.0829428,0.021925623
1336.3232429409832,8101.1284,3.165995,-0.00025916018,5225,329.3705264717775,1577.1998655792238,7338.713,2.797239,1175.5806,0.9698202,8101.1284,3.165995,0,,,,,329.3705264717775,0.0002942829,1577.1998655792238,0.00029250744,-0.08300539,0.021024505
1336.3440758707566,8101.5293,3.1636841,-0.00025955538,5226,329.37132593807814,1577.20004046961,7338.7886,2.7951975,1172.8236,0.96696967,8101.5293,3.1636841,0,,,,,329.37132593807814,0.0002938227,1577.20004046961,0.00029240086,-0.08238298,0.02165597
1336.3649088001507,8104.4663,3.1645079,-0.00025995096,5227,329.37136848430316,1577.2001289369118,7341.558,2.7959254,1173.0779,0.9677832,8104.4663,3.1645079,0,,,,,329.37136848430316,0.00029386388,1577.2001289369118,0.00029238724,-0.082454756,0.021493804
1336.3857417291374,8102.6895,3.1673486,-0.00026034695,5228,329.3696796431727,1577.1986825095237,7340.2188,2.7984352,1174.0112,0.96822506,8102.6895,3.1673486,0,,,,,329.3696796431727,0.0002940798,1577.1986825095237,0.0002929675,-0.08367439,0.020330312
1336.4065746577453,8099.357,3.1644557,-0.0002607433,5229,329.3717708010073,1577.2004477812686,7337.3584,2.7958791,1174.0433,0.96815383,8099.357,3.1644557,0,,,,,329.3717708010073,0.00029407186,1577.2004477812686,0.00029256873,-0.081710696,0.022008201
1336.4274075859748,8096.486,3.1639779,-0.00026114006,5230,329.37030394986994,1577.198780928006,7334.9243,2.795457,1173.3981,0.9677995,8096.486,3.1639779,0,,,,,329.37030394986994,0.00029399368,1577.198780928006,0.00029260924,-0.08317176,0.020548234
1336.448240513769,8099.9497,3.1648893,-0.00026153724,5231,329.37144111829883,1577.1996179192638,7338.374,2.7962623,1176.1509,0.96806425,8099.9497,3.1648893,0,,,,,329.37144111829883,0.00029409621,1577.1996179192638,0.00029249047,-0.08193041,0.021059977
1336.4690734411847,8097.6675,3.1640909,-0.0002619348,5232,329.37107037608735,1577.198838440838,7336.562,2.795557,1173.9652,0.96782106,8097.6675,3.1640909,0,,,,,329.37107037608735,0.0002939727,1577.198838440838,0.00029240944,-0.08243267,0.020228676
1336.489906368192,8096.898,3.165923,-0.00026233276,5233,329.37150657022505,1577.198840411682,7335.6255,2.7971756,1175.3546,0.97048306,8096.898,3.165923,0,,,,,329.37150657022505,0.0002940917,1577.198840411682,0.0002926919,-0.08176192,0.020593781
1336.5107392947914,8100.714,3.1650298,-0.00026273113,5234,329.37055494583205,1577.1991174847983,7339.2163,2.7963862,1174.976,0.9679055,8100.714,3.1650298,0,,,,,329.37055494583205,0.00029403728,1577.1991174847983,0.000292524,-0.08273304,0.020317726
1336.5315722209552,8100.048,3.1647024,-0.00026312994,5235,329.3715149381351,1577.1991427322266,7338.747,2.796097,1174.1582,0.9676334,8100.048,3.1647024,0,,,,,329.3715149381351,0.00029397666,1577.1991427322266,0.00029256602,-0.08238576,0.020126978
1336.5524051467114,8096.5483,3.1648116,-0.00026352916,5236,329.3711941869849,1577.1990867195777,7335.5767,2.7961936,1175.418,0.9693393,8096.5483,3.1648116,0,,,,,329.3711941869849,0.00029402372,1577.1990867195777,0.00029248168,-0.08194139,0.020127447
1336.573238072032,8096.562,3.1638358,-0.0002639288,5237,329.37088850917746,1577.1986918179746,7335.0693,2.7953315,1173.2716,0.9672199,8096.562,3.1638358,0,,,,,329.37088850917746,0.00029417363,1577.1986918179746,0.000292491,-0.082622334,0.019671427
1336.594070996944,8093.703,3.1653202,-0.00026432888,5238,329.37166209738956,1577.1989046854628,7333.299,2.796643,1177.5889,0.9691822,8093.703,3.1653202,0,,,,,329.37166209738956,0.00029427235,1577.1989046854628,0.00029278456,-0.08178559,0.020278389
1336.614903921419,8095.053,3.1646738,-0.00026472937,5239,329.37060748968725,1577.1967415582665,7332.1855,2.7960718,1175.8418,0.96881527,8095.053,3.1646738,0,,,,,329.37060748968725,0.00029433623,1577.1967415582665,0.00029276664,-0.08261631,0.018349877
1336.6357368454583,8094.8037,3.1640964,-0.0002651303,5240,329.37177023582007,1577.1985256887715,7332.22,2.7955618,1175.9111,0.96818376,8094.8037,3.1640964,0,,,,,329.37177023582007,0.00029411347,1577.1985256887715,0.00029283672,-0.0814835,0.020153875
1336.6565697690316,8099.198,3.164247,-0.0002655317,5241,329.37128986125066,1577.1979170116113,7335.26,2.795695,1175.0422,0.9677505,8099.198,3.164247,0,,,,,329.37128986125066,0.00029406263,1577.1979170116113,0.0002928866,-0.08219296,0.017966336
1336.6774026921976,8092.8906,3.1640577,-0.00026593352,5242,329.37167771967023,1577.1979488396637,7331.278,2.7955277,1176.4291,0.96838146,8092.8906,3.1640577,0,,,,,329.37167771967023,0.00029416961,1577.1979488396637,0.00029278625,-0.08167596,0.019364042
1336.7399014589018,8103.5674,3.1646829,-0.00026714173,5245,329.3713357227117,1577.196412033904,7340.342,2.7960799,1174.1979,0.9678052,8103.5674,3.1646829,0,,,,,329.3713357227117,0.00029373248,1577.196412033904,0.00029271,-0.08233473,0.01701664
1336.7607343802051,8095.963,3.1642926,-0.0002675454,5246,329.37156351774183,1577.1980367506237,7333.631,2.7957351,1174.0835,0.968677,8095.963,3.1642926,0,,,,,329.37156351774183,0.0002941728,1577.1980367506237,0.0002928407,-0.08181813,0.018765397
1336.7815673010714,8097.9097,3.1641953,-0.0002679495,5247,329.3719916743247,1577.1975341111438,7336.4683,2.7956493,1174.8171,0.9676134,8097.9097,3.1641953,0,,,,,329.3719916743247,0.00029398492,1577.1975341111438,0.00029270982,-0.08196432,0.018412076
1336.8024002214433,8099.1577,3.1646266,-0.0002683541,5248,329.37170429048587,1577.1977687880228,7337.482,2.7960303,1175.0026,0.9679579,8099.1577,3.1646266,0,,,,,329.37170429048587,0.00029397517,1577.1977687880228,0.00029261026,-0.08189382,0.018776001
1336.8232331413215,8097.669,3.1652496,-0.0002687592,5249,329.3713924751325,1577.1958772487528,7335.564,2.7965806,1173.6733,0.968226,8097.669,3.1652496,0,,,,,329.3713924751325,0.000294181,1577.1958772487528,0.0002930793,-0.0814291,0.016956024
1336.844066060733,8092.035,3.164603,-0.00026916477,5250,329.37065478912865,1577.1970305651078,7329.9536,2.7960093,1174.215,0.96833766,8092.035,3.164603,0,,,,,329.37065478912865,0.00029460146,1577.1970305651078,0.0002931115,-0.08231166,0.01786537
1336.8648989796498,8091.93,3.1639085,-0.00026957082,5251,329.3717528823925,1577.1977616681554,7330.1714,2.7953956,1174.8688,0.967815,8091.93,3.1639085,0,,,,,329.3717528823925,0.0002941258,1577.1977616681554,0.00029299658,-0.08131472,0.01853531
1336.8857318981004,8095.799,3.1645694,-0.00026997735,5252,329.37142726421837,1577.1966377408958,7333.96,2.7959795,1173.7441,0.9687048,8095.799,3.1645694,0,,,,,329.37142726421837,0.0002941167,1577.1966377408958,0.00029289108,-0.081539206,0.01726724
1336.9065648159979,8097.098,3.1636336,-0.00027038442,5253,329.37161158720784,1577.1962513026742,7334.491,2.7951527,1173.5665,0.9678162,8097.098,3.1636336,0,,,,,329.37161158720784,0.0002941063,1577.1962513026742,0.0002928032,-0.0813276,0.0168277
1336.927397733431,8094.8975,3.1640804,-0.00027079196,5254,329.371058177066,1577.1961441675257,7333.6616,2.7955475,1174.7997,0.96786696,8094.8975,3.1640804,0,,,,,329.371058177066,0.00029404403,1577.1961441675257,0.0002928195,-0.08198214,0.017079404
1336.9482306503405,8087.3486,3.1633775,-0.00027120003,5255,329.3719165957661,1577.1972387366093,7326.538,2.7949266,1175.4427,0.9681819,8087.3486,3.1633775,0,,,,,329.3719165957661,0.00029431636,1577.1972387366093,0.0002929724,-0.08130426,0.017553302
1336.9690635667253,8096.8525,3.1637971,-0.00027160862,5256,329.3717220767286,1577.196206169836,7334.235,2.7952971,1174.7502,0.9678944,8096.8525,3.1637971,0,,,,,329.3717220767286,0.0002940011,1577.196206169836,0.00029285383,-0.08135145,0.016841708
1336.9898964825857,8091.7573,3.1656473,-0.00027201773,5257,329.37131268362697,1577.1966209249365,7329.0566,2.796932,1175.6753,0.9701634,8091.7573,3.1656473,0,,,,,329.37131268362697,0.0002947841,1577.1966209249365,0.00029316,-0.08164566,0.016835697
1337.010729397951,8090.1797,3.1628456,-0.00027242734,5258,329.37196016595095,1577.1949284539364,7327.3286,2.7944565,1175.3142,0.96822,8090.1797,3.1628456,0,,,,,329.37196016595095,0.00029423783,1577.1949284539364,0.00029308457,-0.08119956,0.0154934665
1337.0315623127358,8094.1016,3.1638293,-0.00027283753,5259,329.37222612705006,1577.1951539333365,7332.095,2.7953258,1175.4377,0.9677289,8094.1016,3.1638293,0,,,,,329.37222612705006,0.0002941013,1577.1951539333365,0.00029293748,-0.0806918,0.015829215
1337.052395227026,8093.9375,3.1633823,-0.0002732482,5260,329.3722934184842,1577.1964558254406,7330.972,2.7949307,1173.6981,0.9675037,8093.9375,3.1633823,0,,,,,329.3722934184842,0.00029422645,1577.1964558254406,0.00029296262,-0.08046698,0.016603166
1337.0732281407331,8095.19,3.16366,-0.00027365948,5261,329.3715743958404,1577.1945244166595,7332.613,2.7951763,1174.5579,0.9676828,8095.19,3.16366,0,,,,,329.3715743958404,0.00029402316,1577.1945244166595,0.00029290994,-0.0815117,0.015453796
1337.094061053916,8096.355,3.1640422,-0.00027407127,5262,329.3726233892684,1577.1954260585246,7332.5835,2.7955139,1174.2697,0.9676642,8096.355,3.1640422,0,,,,,329.3726233892684,0.00029434907,1577.1954260585246,0.00029296862,-0.080950655,0.015590965
1337.1148939665165,8097.0137,3.163861,-0.00027448364,5263,329.3711320957296,1577.194114260012,7333.231,2.795354,1176.1483,0.9678832,8097.0137,3.163861,0,,,,,329.3711320957296,0.00029416723,1577.194114260012,0.0002928971,-0.081471674,0.014916121
1337.135726878565,8092.666,3.1631405,-0.00027489656,5264,329.37267007356826,1577.1948356572868,7328.8154,2.794717,1174.2893,0.96769273,8092.666,3.1631405,0,,,,,329.37267007356826,0.00029418938,1577.1948356572868,0.0002931502,-0.07963707,0.015410398
1337.156559790061,8092.64,3.1646338,-0.00027531004,5265,329.37181327013457,1577.1945233002505,7327.545,2.7960367,1176.9758,0.9688839,8092.64,3.1646338,0,,,,,329.37181327013457,0.0002944494,1577.1945233002505,0.0002934337,-0.08063277,0.015218966
1337.1773927009458,8097.1045,3.164992,-0.00027572413,5266,329.37188624653584,1577.1949851734432,7332.633,2.796353,1175.3353,0.9689271,8097.1045,3.164992,0,,,,,329.37188624653584,0.0002943347,1577.1949851734432,0.00029315997,-0.081237875,0.015195284
1337.1982256112765,8090.745,3.16397,-0.00027613877,5267,329.37179510733154,1577.1941056897078,7327.126,2.79545,1174.778,0.96831274,8090.745,3.16397,0,,,,,329.37179510733154,0.00029453242,1577.1941056897078,0.0002931811,-0.08080355,0.014688826
1337.219058520996,8089.942,3.164018,-0.00027655403,5268,329.37192144595815,1577.1955044397698,7327.2715,2.7954924,1175.1149,0.968291,8089.942,3.164018,0,,,,,329.37192144595815,0.00029457305,1577.1955044397698,0.00029324865,-0.08071873,0.016043035
1337.2398914301339,8093.31,3.163745,-0.00027696986,5269,329.37237767100726,1577.1934855511356,7328.9395,2.7952511,1175.3588,0.96802205,8093.31,3.163745,0,,,,,329.37237767100726,0.00029429552,1577.1934855511356,0.00029330325,-0.08009506,0.014041348
1337.2607243386606,8094.4585,3.1653414,-0.0002773863,5270,329.3721057748867,1577.1941565204313,7328.9023,2.7966616,1177.2041,0.96892214,8094.4585,3.1653414,0,,,,,329.3721057748867,0.00029466292,1577.1941565204313,0.00029338375,-0.08019168,0.01466966
1337.281557246577,8090.837,3.1628158,-0.00027780337,5271,329.37246601483076,1577.1939279926537,7325.89,2.7944303,1176.1814,0.9680211,8090.837,3.1628158,0,,,,,329.37246601483076,0.00029430757,1577.1939279926537,0.00029336236,-0.080405466,0.013877918
1337.302390153882,8092.1606,3.163173,-0.00027822104,5272,329.3723975181262,1577.1945620864474,7327.2812,2.794746,1175.876,0.96782494,8092.1606,3.163173,0,,,,,329.3723975181262,0.00029434764,1577.1945620864474,0.00029323655,-0.08009318,0.0145895425
1337.3232230605745,8095.416,3.1641464,-0.00027863932,5273,329.3728991217416,1577.193818218154,7329.6367,2.795606,1176.3567,0.96862066,8095.416,3.1641464,0,,,,,329.3728991217416,0.0002943395,1577.193818218154,0.00029330366,-0.080271035,0.01362674
1337.344055966627,8095.289,3.1637857,-0.00027905824,5274,329.3719937572557,1577.1925165879047,7327.4497,2.7952874,1176.4537,0.96903217,8095.289,3.1637857,0,,,,,329.3719937572557,0.0002944304,1577.1925165879047,0.00029360666,-0.080382414,0.012150853
1337.3648888720395,8090.5317,3.163177,-0.0002794778,5275,329.3728792270525,1577.1949646689611,7324.6357,2.7947497,1176.9116,0.96854854,8090.5317,3.163177,0,,,,,329.3728792270525,0.0002943367,1577.1949646689611,0.00029347767,-0.07955839,0.015370245
1337.385721776812,8095.9883,3.1633794,-0.000279898,5276,329.37268470369474,1577.1931602341558,7329.785,2.7949283,1175.5311,0.96791047,8095.9883,3.1633794,0,,,,,329.37268470369474,0.0002942198,1577.1931602341558,0.00029324996,-0.08025111,0.01276838
1337.4065546809447,8090.2812,3.162915,-0.00028031884,5277,329.37338200997925,1577.195189589338,7324.667,2.794518,1175.9059,0.96849066,8090.2812,3.162915,0,,,,,329.37338200997925,0.0002943781,1577.195189589338,0.0002933715,-0.07907505,0.01510958
1337.4273875843783,8084.1323,3.1635644,-0.00028074038,5278,329.3720645017113,1577.1915337112168,7319.3457,2.7950919,1178.5416,0.9692416,8084.1323,3.1635644,0,,,,,329.3720645017113,0.00029451487,1577.1915337112168,0.00029375262,-0.08008623,0.010752951
1337.448220487171,8090.378,3.1650722,-0.00028116256,5279,329.37324676560615,1577.1947869754606,7324.873,2.796424,1176.5377,0.9688075,8090.378,3.1650722,0,,,,,329.37324676560615,0.0002945662,1577.1947869754606,0.00029378815,-0.07986274,0.014731134
1337.4898862907496,8089.1353,3.1626713,-0.00028200893,5281,329.37285288532263,1577.1947441054585,7319.638,2.7943027,1175.9532,0.9682427,8089.1353,3.1626713,0,,,,,329.37285288532263,0.0002944712,1577.1947441054585,0.0002939176,-0.079857,0.014282309
1337.5107191915063,8086.361,3.163932,-0.00028243315,5282,329.3725304295619,1577.1921033190185,7321.7363,2.7954166,1176.5477,0.96962833,8086.361,3.163932,0,,,,,329.3725304295619,0.00029467655,1577.1921033190185,0.0002936294,-0.07979723,0.011883927
1337.5315520915356,8092.171,3.1623232,-0.0002828581,5283,329.3737642946538,1577.1945180553068,7326.741,2.7939951,1173.7941,0.96728617,8092.171,3.1623232,0,,,,,329.3737642946538,0.00029430623,1577.1945180553068,0.00029323963,-0.07866138,0.014611221
1337.5523849908939,8091.576,3.1636546,-0.0002832837,5284,329.3730218078412,1577.1914819802391,7326.2886,2.7951713,1175.9646,0.9682876,8091.576,3.1636546,0,,,,,329.3730218078412,0.000294286,1577.1914819802391,0.00029350718,-0.0798333,0.011069243
1337.5732178895246,8087.1123,3.1623003,-0.00028371005,5285,329.3729082939326,1577.192294012866,7320.7197,2.7939749,1176.8296,0.96838105,8087.1123,3.1623003,0,,,,,329.3729082939326,0.0002943794,1577.192294012866,0.00029369697,-0.079046346,0.011825252
1337.5940507874577,8089.85,3.1631541,-0.0002841371,5286,329.3730834700584,1577.191688563866,7323.466,2.794729,1177.4271,0.96809584,8089.85,3.1631541,0,,,,,329.3730834700584,0.00029445233,1577.191688563866,0.00029380628,-0.079602346,0.0108188465
1337.6148836846342,8093.5923,3.1633792,-0.00028456489,5287,329.37387571028927,1577.191382204875,7327.3486,2.7949278,1175.9395,0.9684458,8093.5923,3.1633792,0,,,,,329.37387571028927,0.00029432177,1577.191382204875,0.00029347133,-0.07883197,0.0110673355
1337.6357165810834,8098.1455,3.1662397,-0.0002849934,5288,329.3739246257602,1577.1913304244706,7330.331,2.7974555,1176.3876,0.97017956,8098.1455,3.1662397,0,,,,,329.3739246257602,0.0002942245,1577.1913304244706,0.00029387555,-0.078513496,0.010880283
1337.6565494768045,8095.13,3.1641164,-0.00028542266,5289,329.374132505893,1577.1911713498905,7328.6777,2.7955792,1176.7749,0.9689069,8095.13,3.1641164,0,,,,,329.374132505893,0.00029427122,1577.1911713498905,0.00029343518,-0.07820927,0.010676646
1337.677382371768,8094.929,3.1642203,-0.00028585267,5290,329.37388909035104,1577.1915086403267,7324.9985,2.7956712,1177.5961,0.9688245,8094.929,3.1642203,0,,,,,329.37388909035104,0.00029465492,1577.1915086403267,0.00029388216,-0.07816373,0.010515925
1337.6982152659468,8094.209,3.1647522,-0.00028628347,5291,329.3731166055462,1577.1892593893087,7328.3247,2.7961411,1176.9902,0.9684565,8094.209,3.1647522,0,,,,,329.3731166055462,0.00029441802,1577.1892593893087,0.000293664,-0.07839264,0.009274047
1337.719048159398,8094.3096,3.1638203,-0.000286715,5292,329.37367182672324,1577.1909828492512,7327.9985,2.7953176,1176.9762,0.96898985,8094.3096,3.1638203,0,,,,,329.37367182672324,0.00029437421,1577.1909828492512,0.00029343693,-0.07832139,0.010663061
1337.739881052063,8093.976,3.1634052,-0.0002871473,5293,329.3731635696821,1577.1899276982829,7325.531,2.794951,1177.1521,0.96884364,8093.976,3.1634052,0,,,,,329.3731635696821,0.00029438286,1577.1899276982829,0.00029366848,-0.07877388,0.008968313
1337.7607139439433,8092.7793,3.163306,-0.0002875804,5294,329.37408203132543,1577.1906670792885,7324.753,2.7948632,1176.882,0.96932316,8092.7793,3.163306,0,,,,,329.37408203132543,0.0002942882,1577.1906670792885,0.00029369807,-0.07740236,0.00991911
1337.7815468350077,8096.198,3.163245,-0.0002880143,5295,329.3729302939667,1577.1879745496003,7325.8135,2.7948093,1175.1844,0.9678491,8096.198,3.163245,0,,,,,329.3729302939667,0.00029460588,1577.1879745496003,0.0002938689,-0.079707466,0.0054075005
1337.8023797253147,8090.8047,3.1636717,-0.00028844897,5296,329.3747004373077,1577.1912318250722,7321.24,2.7951865,1176.8757,0.9688952,8090.8047,3.1636717,0,,,,,329.3747004373077,0.00029457096,1577.1912318250722,0.0002940993,-0.07729455,0.01041613
1337.8232126148077,8093.2974,3.1633224,-0.00028888445,5297,329.373471475324,1577.1883393540093,7325.7437,2.7948778,1177.9783,0.9682154,8093.2974,3.1633224,0,,,,,329.373471475324,0.00029432052,1577.1883393540093,0.00029375128,-0.07862052,0.007309069
1337.8648783913204,8094.696,3.1658556,-0.00028975788,5299,329.37423021437945,1577.1891961520998,7334.3555,2.797116,1176.6097,0.96951324,8094.696,3.1658556,0,,,,,329.37423021437945,0.00029443682,1577.1891961520998,0.000292934,-0.07751524,0.008680441
1337.88571127834,8098.8286,3.166719,-0.00029019584,5300,329.3742459242724,1577.1889257177834,7336.581,2.797879,1177.857,0.9702966,8098.8286,3.166719,0,,,,,329.3742459242724,0.00029450085,1577.1889257177834,0.00029294207,-0.07726829,0.008381433
1337.9065441645434,8091.028,3.1645515,-0.0002906346,5301,329.37418012463365,1577.1886686555408,7330.4756,2.7959638,1177.0854,0.969031,8091.028,3.1645515,0,,,,,329.37418012463365,0.00029431077,1577.1886686555408,0.00029302045,-0.077478684,0.008290811
1337.927377049874,8092.998,3.1641936,-0.00029107425,5302,329.3741752175089,1577.188359944732,7332.223,2.7956476,1177.9873,0.96848714,8092.998,3.1641936,0,,,,,329.3741752175089,0.0002941463,1577.188359944732,0.00029293651,-0.077295944,0.007851925
1337.94820993439,8091.786,3.1666293,-0.0002915147,5303,329.37469840218256,1577.1885982642445,7330.795,2.7977996,1176.0332,0.97105527,8091.786,3.1666293,0,,,,,329.37469840218256,0.00029444112,1577.1885982642445,0.00029331187,-0.07685995,0.0077630244
1337.969042818033,8089.535,3.1641128,-0.00029195604,5304,329.3740129298371,1577.1864800317803,7328.894,2.795576,1178.146,0.96891207,8089.535,3.1641128,0,,,,,329.3740129298371,0.0002942988,1577.1864800317803,0.0002929839,-0.07742895,0.0062677613
1337.9898757008036,8093.5537,3.1643858,-0.00029239824,5305,329.3749645660742,1577.1886815530725,7332.2637,2.7958176,1176.3177,0.968506,8093.5537,3.1643858,0,,,,,329.3749645660742,0.00029411726,1577.1886815530725,0.00029296707,-0.0760699,0.008513462
1338.0107085827303,8084.9644,3.1640327,-0.0002928413,5306,329.37399785008955,1577.1868150958633,7324.7397,2.7955053,1176.4518,0.96876365,8084.9644,3.1640327,0,,,,,329.37399785008955,0.00029442488,1577.1868150958633,0.00029330456,-0.07693721,0.0058230367
1338.031541463783,8088.4395,3.1643019,-0.0002932852,5307,329.37552654175187,1577.1883301431953,7327.812,2.7957432,1178.0072,0.96898425,8088.4395,3.1643019,0,,,,,329.37552654175187,0.00029437436,1577.1883301431953,0.00029320194,-0.075965166,0.007511408
1338.052374343933,8091.713,3.1645865,-0.00029373003,5308,329.3747280423086,1577.1860553856807,7329.932,2.7959948,1178.2837,0.9688117,8091.713,3.1645865,0,,,,,329.3747280423086,0.00029440146,1577.1860553856807,0.00029316777,-0.07644885,0.0051312963
1338.0732072232388,8093.6226,3.164573,-0.0002941757,5309,329.3755103665821,1577.1875987579608,7332.594,2.7959826,1178.1824,0.9686675,8093.6226,3.164573,0,,,,,329.3755103665821,0.0002943648,1577.1875987579608,0.00029293905,-0.07579666,0.0063758637
1338.094040101643,8095.4004,3.1667583,-0.00029462227,5310,329.3750869782068,1577.1855590800867,7333.3223,2.7979138,1179.2012,0.9700883,8095.4004,3.1667583,0,,,,,329.3750869782068,0.00029443947,1577.1855590800867,0.00029324065,-0.076351374,0.004729358
1338.1148729791457,8091.87,3.1644557,-0.00029506974,5311,329.37521712088557,1577.1867792876274,7329.915,2.7958791,1178.6826,0.9691567,8091.87,3.1644557,0,,,,,329.37521712088557,0.0002943386,1577.1867792876274,0.00029318844,-0.07561692,0.0051440606
1338.1357058557755,8097.118,3.1655593,-0.00029551808,5312,329.3753064934848,1577.1859913984845,7334.6694,2.7968543,1178.349,0.9697596,8097.118,3.1655593,0,,,,,329.3753064934848,0.00029424523,1577.1859913984845,0.00029299184,-0.075470254,0.004992646
1338.1565387314731,8090.254,3.16535,-0.00029596736,5313,329.37534091853774,1577.185347261122,7328.692,2.7966695,1178.7963,0.9695029,8090.254,3.16535,0,,,,,329.37534091853774,0.00029459855,1577.185347261122,0.00029322767,-0.07568092,0.0043598395
1338.1773716062971,8089.8423,3.1651952,-0.0002964175,5314,329.37591405074073,1577.186141607238,7328.401,2.7965324,1180.9286,0.96962875,8089.8423,3.1651952,0,,,,,329.37591405074073,0.00029434095,1577.186141607238,0.00029332022,-0.07510549,0.0052027595
1338.198204480219,8088.875,3.165266,-0.00029686856,5315,329.375255780557,1577.1848675079093,7327.2124,2.796595,1177.9138,0.97001535,8088.875,3.165266,0,,,,,329.375255780557,0.00029448138,1577.1848675079093,0.00029349164,-0.075368725,0.0035513043
1338.2190373532687,8094.6606,3.1663837,-0.00029732048,5316,329.376149077022,1577.1848052243142,7332.049,2.7975826,1179.7919,0.96952033,8094.6606,3.1663837,0,,,,,329.376149077022,0.00029443367,1577.1848052243142,0.00029332493,-0.07447796,0.0040622274
1338.2398702253872,8094.9,3.1669729,-0.00029777334,5317,329.3759153140076,1577.1847176080807,7332.1445,2.7981029,1178.7349,0.97012454,8094.9,3.1669729,0,,,,,329.3759153140076,0.00029443676,1577.1847176080807,0.00029345293,-0.07511808,0.0032798497
1338.2607030966028,8094.7847,3.1650202,-0.0002982271,5318,329.3765071295356,1577.1849301315872,7332.5127,2.7963777,1178.3829,0.9693342,8094.7847,3.1650202,0,,,,,329.3765071295356,0.00029448266,1577.1849301315872,0.000293067,-0.074097,0.003191664
1338.2815359669455,8095.496,3.1647153,-0.00029868173,5319,329.37625251761625,1577.1849495253655,7332.7334,2.7961085,1179.2164,0.96923065,8095.496,3.1647153,0,,,,,329.37625251761625,0.00029422686,1577.1849495253655,0.0002931093,-0.07418111,0.0033321774
1338.302368836386,8100.9033,3.1657243,-0.00029913726,5320,329.3765441724862,1577.1828441165,7337.6313,2.7970002,1179.0088,0.96966237,8100.9033,3.1657243,0,,,,,329.3765441724862,0.0002941298,1577.1828441165,0.00029304874,-0.07395896,0.0011223983
1338.3232017049525,8102.2456,3.1654024,-0.00029959367,5321,329.37742887766285,1577.1838718300098,7338.3916,2.7967155,1176.3297,0.9693595,8102.2456,3.1654024,0,,,,,329.37742887766285,0.00029426848,1577.1838718300098,0.0002929376,-0.07374878,0.0024686097
1338.3440345726467,8093.7793,3.16614,-0.00030005095,5322,329.3770199562284,1577.1835027766142,7331.084,2.7973673,1178.3705,0.9701214,8093.7793,3.16614,0,,,,,329.3770199562284,0.00029475207,1577.1835027766142,0.0002932769,-0.073705785,0.0017526526
1338.3648674394392,8097.176,3.1652045,-0.00030050913,5323,329.37717251559485,1577.183245703062,7333.9326,2.7965407,1179.7565,0.96982956,8097.176,3.1652045,0,,,,,329.37717251559485,0.0002941839,1577.183245703062,0.00029298908,-0.07301665,0.0015796546
1338.385700305387,8098.252,3.1648555,-0.00030096815,5324,329.3766586644686,1577.1818065666248,7334.274,2.7962325,1178.0253,0.96858376,8098.252,3.1648555,0,,,,,329.3766586644686,0.0002942005,1577.1818065666248,0.00029319138,-0.072921574,0.00021326348
1338.406533170491,8099.725,3.1679082,-0.00030142802,5325,329.37782762699254,1577.1840380025415,7336.39,2.7989297,1179.5142,0.969925,8099.725,3.1679082,0,,,,,329.37782762699254,0.00029448044,1577.1840380025415,0.00029345314,-0.072695404,0.0023552356
1338.4273660347508,8096.8203,3.1655476,-0.00030188874,5326,329.37755128321976,1577.1810864719137,7332.6626,2.796844,1180.5897,0.9705353,8096.8203,3.1655476,0,,,,,329.37755128321976,0.0002943779,1577.1810864719137,0.00029324842,-0.072382376,-0.0008553847
1338.4481988981665,8097.55,3.1665127,-0.0003023503,5327,329.3786653657578,1577.182721950797,7332.782,2.7976966,1180.7086,0.97044975,8097.55,3.1665127,0,,,,,329.3786653657578,0.00029463426,1577.182721950797,0.0002932021,-0.07084485,0.001395018
1338.4690317607974,8094.6934,3.1667395,-0.00030281264,5328,329.3781553854657,1577.1810358989096,7331.176,2.797897,1179.5104,0.9709244,8094.6934,3.1667395,0,,,,,329.3781553854657,0.00029475763,1577.1810358989096,0.00029336422,-0.072114415,-0.0009016057
1338.4898646226416,8102.5386,3.1661305,-0.00030327577,5329,329.3787073535717,1577.1816330866266,7336.1587,2.7973588,1180.0138,0.9701634,8102.5386,3.1661305,0,,,,,329.3787073535717,0.00029425588,1577.1816330866266,0.00029315474,-0.07098429,-0.00013012488
1338.5106974836995,8098.721,3.165892,-0.00030373968,5330,329.37859004475285,1577.1810005441025,7336.355,2.797148,1179.7883,0.9694948,8098.721,3.165892,0,,,,,329.37859004475285,0.00029426598,1577.1810005441025,0.00029313492,-0.07108702,-0.0009830625
1339.6773382001365,8093.893,3.164349,-0.00032922227,5386,329.4433764548994,1577.1826411704399,7322.0854,2.795785,1180.659,0.97040623,8093.893,3.164349,0,,,,,329.4433764548994,0.00029543153,1577.1826411704399,0.0002918413,0.009113235,0.0030714865
1339.6981711124383,8094.521,3.165414,-0.00032963496,5387,329.44363933150385,1577.182555788486,7319.723,2.7967257,1182.225,0.9707332,8094.521,3.165414,0,,,,,329.44363933150385,0.0002955509,1577.182555788486,0.00029213086,0.009051244,0.0033083102
1339.71900402672,8095.9077,3.1649058,-0.00033004567,5388,329.44265082106926,1577.1815800777292,7321.6064,2.7962768,1181.4893,0.9710697,8095.9077,3.1649058,0,,,,,329.44265082106926,0.00029548578,1577.1815800777292,0.0002919736,0.00854742,0.0019029808
1339.7398369429516,8091.237,3.1650534,-0.00033045444,5389,329.4430885957907,1577.1821608553485,7317.5005,2.7964075,1181.8531,0.97080374,8091.237,3.1650534,0,,,,,329.4430885957907,0.0002958237,1577.1821608553485,0.00029228543,0.008731504,0.0026442287
1339.7606698611035,8089.009,3.1641808,-0.00033086128,5390,329.44208319950746,1577.1798000052813,7315.445,2.795636,1182.1302,0.9706612,8089.009,3.1641808,0,,,,,329.44208319950746,0.00029560004,1577.1798000052813,0.0002922365,0.00770626,8.048972e-05
1339.7815027811184,8090.3667,3.1646864,-0.00033126626,5391,329.4422402501261,1577.1820042575955,7317.289,2.796083,1183.3918,0.97185284,8090.3667,3.1646864,0,,,,,329.4422402501261,0.00029556808,1577.1820042575955,0.00029213942,0.007581389,0.0020476296
1339.8023357030252,8091.0913,3.1648312,-0.00033166935,5392,329.44063199098457,1577.1802865674736,7317.977,2.796211,1182.78,0.97147155,8091.0913,3.1648312,0,,,,,329.44063199098457,0.00029568982,1577.1802865674736,0.00029228785,0.0059156306,2.6659201e-05
1339.8231686267359,8089.773,3.1647544,-0.00033207063,5393,329.44003270523444,1577.1805020695845,7317.2397,2.796143,1183.701,0.97157127,8089.773,3.1647544,0,,,,,329.44003270523444,0.00029559885,1577.1805020695845,0.00029221116,0.0059946086,0.0013504667
1339.8440015522508,8095.9062,3.1659036,-0.0003324701,5394,329.43852613072664,1577.180110836389,7322.683,2.7971582,1184.229,0.97147846,8095.9062,3.1659036,0,,,,,329.43852613072664,0.00029538365,1577.180110836389,0.00029239187,0.0035259614,-2.9191142e-05
1339.8648344795129,8094.7544,3.1664624,-0.00033286784,5395,329.438292407244,1577.1807883784202,7321.7534,2.7976522,1188.1182,0.97253716,8094.7544,3.1664624,0,,,,,329.438292407244,0.0002956446,1577.1807883784202,0.00029233,0.0026526595,0.0003300207
1339.8856674084911,8094.7188,3.1667547,-0.00033326386,5396,329.43669899503135,1577.1800812612012,7322.089,2.7979102,1191.8496,0.9731722,8094.7188,3.1667547,0,,,,,329.43669899503135,0.0002955763,1577.1800812612012,0.0002924299,0.0014020687,-0.00038291237
1339.906500339186,8096.1553,3.1683638,-0.00033365816,5397,329.43612549731984,1577.1807363555843,7323.548,2.7993321,1197.4069,0.974207,8096.1553,3.1683638,0,,,,,329.43612549731984,0.00029565775,1577.1807363555843,0.00029259417,0.0,0.0
1339.927333271541,8094.891,3.1713216,-0.0003340508,5398,329.4354244381361,1577.179806563449,7322.9897,2.8019454,1204.311,0.97807354,8094.891,3.1713216,0,,,,,329.4354244381361,0.00029607827,1577.179806563449,0.00029286376,-0.0012493826,-0.00081119186
1339.9481662054968,8098.318,3.1726868,-0.00033444184,5399,329.4328877490481,1577.1794273229855,7325.8145,2.8031516,1210.573,0.9774233,8098.318,3.1726868,0,,,,,329.4328877490481,0.00029611654,1577.1794273229855,0.00029312415,-0.0031501178,-0.0014218567
1339.9689991410528,8094.0596,3.1758308,-0.00033483127,5400,329.43235702033917,1577.1801990708302,7322.905,2.8059292,1226.8811,0.9811695,8094.0596,3.1758308,0,,,,,329.43235702033917,0.0002963688,1577.1801990708302,0.00029359816,-0.0044760434,-0.00019277533
1339.9898320781513,8093.4478,3.1819103,-0.00033521917,5401,329.43045660465054,1577.1785985680501,7322.5444,2.811301,1251.3446,0.98692214,8093.4478,3.1819103,0,,,,,329.43045660465054,0.0002972568,1577.1785985680501,0.00029431598,-0.0067837713,-0.0018716308
1340.0106650167927,8091.245,3.1883261,-0.00033560552,5402,329.4294534460735,1577.179704584309,7321.194,2.8169692,1276.4897,0.99298316,8091.245,3.1883261,0,,,,,329.4294534460735,0.0002977978,1577.179704584309,0.0002951692,-0.007463679,-0.00010752346
1340.0314979568893,8094.79,3.1931899,-0.00033599042,5403,329.42808443872195,1577.1786411918065,7324.1113,2.8212664,1299.3506,0.9978842,8094.79,3.1931899,0,,,,,329.42808443872195,0.0002981529,1577.1786411918065,0.00029552288,-0.009354834,-0.0017852896
1340.0523308984698,8089.6733,3.1985426,-0.00033637384,5404,329.42709203503017,1577.1791133509773,7320.413,2.8259957,1322.8522,1.0033355,8089.6733,3.1985426,0,,,,,329.42709203503017,0.00029881846,1577.1791133509773,0.00029624646,-0.010939081,-0.0012768927
1340.0731638414477,8091.7437,3.2054865,-0.00033675585,5405,329.4253010227702,1577.1783013709714,7322.166,2.832131,1346.476,1.0093311,8091.7437,3.2054865,0,,,,,329.4253010227702,0.0002994445,1577.1783013709714,0.00029701882,-0.013034357,-0.002424245
1340.0939967857935,8092.808,3.2099283,-0.0003371365,5406,329.424841578111,1577.1785467592651,7323.3945,2.8360553,1367.5297,1.0136734,8092.808,3.2099283,0,,,,,329.424841578111,0.0002998748,1577.1785467592651,0.00029751848,-0.013957552,-0.002275245
1340.1148297315067,8089.648,3.213715,-0.00033751578,5407,329.423128024167,1577.1785934901009,7321.486,2.839401,1383.7736,1.0180084,8089.648,3.213715,0,,,,,329.423128024167,0.00030035313,1577.1785934901009,0.00029799575,-0.015853684,-0.0022572915
1340.1356626785587,8091.0054,3.2175682,-0.00033789373,5408,329.4216940165442,1577.1788657629115,7322.3315,2.8428054,1400.6982,1.0210588,8091.0054,3.2175682,0,,,,,329.4216940165442,0.0003006464,1577.1788657629115,0.0002984596,-0.017332898,-0.0023451594
1340.1564956268626,8092.8843,3.222729,-0.00033827042,5409,329.42096725797865,1577.1785523949497,7324.393,2.847365,1418.7424,1.0256225,8092.8843,3.222729,0,,,,,329.42096725797865,0.00030109557,1577.1785523949497,0.0002988757,-0.018248534,-0.0023549637
1340.177328576447,8090.7134,3.2273688,-0.00033864583,5410,329.4194950906064,1577.177979554549,7323.268,2.8514645,1439.6547,1.0301656,8090.7134,3.2273688,0,,,,,329.4194950906064,0.0003016045,1577.177979554549,0.00029948418,-0.019775687,-0.0026894882
1340.1981615272243,8094.9585,3.2343762,-0.00033902004,5411,329.4188763483991,1577.1788672868238,7327.129,2.8576558,1462.237,1.0358936,8094.9585,3.2343762,0,,,,,329.4188763483991,0.000302305,1577.1788672868238,0.0003001852,-0.021218684,-0.00303817
1340.218994479224,8096.4863,3.2372615,-0.00033939304,5412,329.41688437614084,1577.1778348692173,7328.485,2.860205,1477.7654,1.03854,8096.4863,3.2372615,0,,,,,329.41688437614084,0.00030237244,1577.1778348692173,0.00030043762,-0.022974389,-0.0032501034
1340.2398274323875,8096.227,3.2421956,-0.00033976487,5413,329.4159511296893,1577.178416902771,7329.1504,2.8645644,1497.4382,1.0430074,8096.227,3.2421956,0,,,,,329.4159511296893,0.00030280568,1577.178416902771,0.00030102298,-0.024503648,-0.0029815375
1340.260660386657,8096.5645,3.2461877,-0.0003401356,5414,329.414583462861,1577.1770872640525,7329.261,2.8680916,1514.4883,1.0466332,8096.5645,3.2461877,0,,,,,329.414583462861,0.0003031717,1577.1770872640525,0.00030146088,-0.02557595,-0.004081063
1340.2814933420618,8098.3726,3.2505803,-0.00034050518,5415,329.4142704106131,1577.1788408426555,7331.0327,2.8719726,1530.8864,1.0500757,8098.3726,3.2505803,0,,,,,329.4142704106131,0.0003035855,1577.1788408426555,0.00030188923,-0.0268553,-0.0023109561
1340.302326298544,8095.5835,3.2556775,-0.0003408737,5416,329.4130203466475,1577.175932482599,7328.609,2.876476,1547.9117,1.0551717,8095.5835,3.2556775,0,,,,,329.4130203466475,0.00030416303,1577.175932482599,0.00030275126,-0.027802106,-0.0058324393
1340.323159256074,8097.4937,3.2571843,-0.00034124116,5417,329.41185046960584,1577.1785144740493,7330.99,2.8778074,1559.93,1.0568978,8097.4937,3.2571843,0,,,,,329.41185046960584,0.00030416236,1577.1785144740493,0.00030264462,-0.02932233,-0.002850681
1340.3439922146508,8091.3706,3.2613077,-0.00034160758,5418,329.41059946273947,1577.1774107410422,7324.979,2.8814507,1575.3961,1.0621073,8091.3706,3.2613077,0,,,,,329.41059946273947,0.00030490695,1577.1774107410422,0.0003034072,-0.030829558,-0.0046949815
1340.3648251741888,8088.214,3.2615564,-0.00034197303,5419,329.4112113340762,1577.1766938901335,7322.903,2.88167,1581.7662,1.0618696,8088.214,3.2615564,0,,,,,329.4112113340762,0.0003049401,1577.1766938901335,0.00030358357,-0.031129181,-0.004396822
1340.3856581347457,8096.436,3.2642717,-0.00034233747,5420,329.40956232551423,1577.1769616281317,7329.403,2.8840694,1588.9224,1.063725,8096.436,3.2642717,0,,,,,329.40956232551423,0.00030494094,1577.1769616281317,0.00030356026,-0.032565504,-0.004537018
1340.406491096233,8093.514,3.2676651,-0.00034270098,5421,329.4087064864457,1577.1775087299309,7327.651,2.8870673,1598.6042,1.0661248,8093.514,3.2676651,0,,,,,329.4087064864457,0.00030544106,1577.1775087299309,0.00030415456,-0.033791345,-0.005134962
1340.4273240586233,8095.5107,3.268927,-0.00034306358,5422,329.40782002502846,1577.1776385335688,7329.9663,2.8881826,1609.6248,1.0678891,8095.5107,3.268927,0,,,,,329.40782002502846,0.00030545794,1577.1776385335688,0.000304111,-0.03460312,-0.004136268
1340.448157021945,8093.962,3.271332,-0.00034342526,5423,329.40638400119235,1577.1762281898373,7329.605,2.8903072,1620.0746,1.0700777,8093.962,3.271332,0,,,,,329.40638400119235,0.00030562739,1577.1762281898373,0.00030436664,-0.03635891,-0.0063073486
1340.468989986168,8095.3306,3.2745965,-0.00034378603,5424,329.40644705656945,1577.177725405846,7328.5015,2.8931913,1632.9021,1.0735395,8095.3306,3.2745965,0,,,,,329.40644705656945,0.00030603717,1577.177725405846,0.00030488343,-0.036507647,-0.004394514
1340.489822951206,8092.3105,3.279128,-0.00034414598,5425,329.4050460292882,1577.1752450401536,7326.504,2.8971953,1645.3241,1.0771564,8092.3105,3.279128,0,,,,,329.4050460292882,0.0003064995,1577.1752450401536,0.00030563172,-0.037704535,-0.00712589
1340.510655917118,8093.3164,3.2807033,-0.00034450507,5426,329.4047126356865,1577.179132057559,7328.6997,2.898587,1659.9937,1.0783827,8093.3164,3.2807033,0,,,,,329.4047126356865,0.00030666724,1577.179132057559,0.00030551606,-0.038850557,-0.0028415231
1340.5314888838157,8097.5728,3.2849083,-0.00034486337,5427,329.40334230171635,1577.1759903093673,7332.246,2.9023023,1671.863,1.0813329,8097.5728,3.2849083,0,,,,,329.40334230171635,0.00030685728,1577.1759903093673,0.00030588437,-0.03948401,-0.0068008066
1340.5523218513274,8094.81,3.285509,-0.00034522085,5428,329.4031860819833,1577.1770318936046,7329.147,2.902833,1677.6272,1.0826735,8094.81,3.285509,0,,,,,329.4031860819833,0.00030718194,1577.1770318936046,0.00030612794,-0.040315717,-0.0049187923
1340.5731548196259,8091.226,3.286234,-0.00034557754,5429,329.4019466771825,1577.1756086464507,7327.368,2.9034731,1680.5094,1.0838851,8091.226,3.286234,0,,,,,329.4019466771825,0.00030705417,1577.1756086464507,0.00030622398,-0.041660912,-0.007046701
1340.5939877886808,8091.589,3.2854354,-0.00034593348,5430,329.40154569000987,1577.1764964229778,7325.247,2.902768,1677.6091,1.0832304,8091.589,3.2854354,0,,,,,329.40154569000987,0.0003073904,1577.1764964229778,0.00030638656,-0.042430528,-0.006193244
1340.6148207584629,8092.1255,3.2832565,-0.0003462887,5431,329.4013224221035,1577.1758016895817,7326.7,2.9008427,1671.9623,1.0814549,8092.1255,3.2832565,0,,,,,329.4013224221035,0.00030692483,1577.1758016895817,0.0003062464,-0.042547714,-0.0071946275
1340.635653728972,8095.763,3.2833006,-0.00034664318,5432,329.3999926037645,1577.1770427171266,7331.522,2.9008818,1665.6681,1.0805035,8095.763,3.2833006,0,,,,,329.3999926037645,0.00030668956,1577.1770427171266,0.0003057279,-0.043969058,-0.0051721544
1340.6564867001803,8094.709,3.281522,-0.00034699697,5433,329.3998226508862,1577.1763187160948,7330.9434,2.8993104,1659.2039,1.0789337,8094.709,3.281522,0,,,,,329.3998226508862,0.00030648027,1577.1763187160948,0.00030574485,-0.043807153,-0.005905475
1340.6773196720578,8096.709,3.281192,-0.00034735008,5434,329.3986997954261,1577.1759466540514,7331.9473,2.8990188,1654.2382,1.0790033,8096.709,3.281192,0,,,,,329.3986997954261,0.00030637262,1577.1759466540514,0.00030561496,-0.04543811,-0.0062876153
1340.6981526446336,8097.894,3.2795224,-0.0003477025,5435,329.39796888740193,1577.1756355667924,7333.732,2.8975437,1653.6516,1.0766244,8097.894,3.2795224,0,,,,,329.39796888740193,0.00030613513,1577.1756355667924,0.0003053534,-0.04586761,-0.0059736427
1340.7189856178506,8097.33,3.2793977,-0.00034805428,5436,329.3983084025053,1577.1747335691239,7333.0493,2.8974333,1652.0875,1.0767443,8097.33,3.2793977,0,,,,,329.3983084025053,0.00030624165,1577.1747335691239,0.0003054966,-0.04643615,-0.008177469
1340.7398185917077,8088.25,3.2801213,-0.00034840542,5437,329.39815151360756,1577.176782734733,7326.0986,2.898073,1660.0784,1.0780846,8088.25,3.2801213,0,,,,,329.39815151360756,0.00030662227,1577.176782734733,0.00030567136,-0.046518344,-0.0047427113
1340.7606515661755,8097.1436,3.284941,-0.00034875594,5438,329.39642742832604,1577.1751063922086,7332.4707,2.9023309,1668.476,1.0820973,8097.1436,3.284941,0,,,,,329.39642742832604,0.00030692245,1577.1751063922086,0.00030596278,-0.04794515,-0.0076412708
1340.7814845412834,8099.895,3.2865965,-0.00034910583,5439,329.39678935521687,1577.1769806851573,7336.0747,2.9037938,1679.3829,1.0824425,8099.895,3.2865965,0,,,,,329.39678935521687,0.00030696663,1577.1769806851573,0.00030594048,-0.04790397,-0.005319026
1340.802317516945,8095.597,3.289482,-0.00034945516,5440,329.39461345976406,1577.1744179099187,7331.5586,2.9063435,1695.262,1.0863767,8095.597,3.289482,0,,,,,329.39461345976406,0.00030730918,1577.1744179099187,0.0003066657,-0.049559128,-0.008956131
1340.8231504931887,8099.231,3.2944374,-0.00034980392,5441,329.39511599535143,1577.175943710854,7335.928,2.9107213,1702.4851,1.0889785,8099.231,3.2944374,0,,,,,329.39511599535143,0.00030785194,1577.175943710854,0.00030687058,-0.049734674,-0.006992122
1340.8439834700139,8095.6074,3.2922175,-0.00035015208,5442,329.3946545686779,1577.17578725516,7331.9863,2.90876,1702.4071,1.087431,8095.6074,3.2922175,0,,,,,329.3946545686779,0.00030768674,1577.17578725516,0.0003068453,-0.049837597,-0.0067436974
1340.8648164473925,8096.365,3.2901673,-0.0003504997,5443,329.39420838025694,1577.1748738584508,7333.249,2.9069486,1697.3784,1.0864048,8096.365,3.2901673,0,,,,,329.39420838025694,0.00030734157,1577.1748738584508,0.00030659867,-0.05088845,-0.008571106
1340.885649425295,8098.6167,3.2897823,-0.0003508468,5444,329.39437433261537,1577.1774423282452,7336.112,2.9066086,1692.6707,1.0864302,8098.6167,3.2897823,0,,,,,329.39437433261537,0.0003070529,1577.1774423282452,0.00030637177,-0.051091995,-0.004889288
1340.906482403721,8095.6133,3.2877307,-0.00035119336,5445,329.39252926654353,1577.1742974483543,7331.804,2.9047956,1688.0729,1.0843499,8095.6133,3.2877307,0,,,,,329.39252926654353,0.0003071314,1577.1742974483543,0.00030651808,-0.052714966,-0.008954059
1340.9273153826705,8092.498,3.2859547,-0.0003515394,5446,329.3930932125719,1577.1762801649525,7328.7695,2.9032266,1678.893,1.0829587,8092.498,3.2859547,0,,,,,329.3930932125719,0.00030732818,1577.1762801649525,0.00030641875,-0.051760882,-0.0068096584
1340.9481483621157,8098.3423,3.285039,-0.00035188496,5447,329.3928423847708,1577.1750107663256,7332.2656,2.9024177,1673.7773,1.082614,8098.3423,3.285039,0,,,,,329.3928423847708,0.00030665018,1577.1750107663256,0.00030630402,-0.052919958,-0.008195317
1340.9689813420264,8099.2437,3.2820454,-0.00035223004,5448,329.3920689007201,1577.1762238690596,7332.2607,2.8997726,1665.7025,1.0793248,8099.2437,3.2820454,0,,,,,329.3920689007201,0.00030650248,1577.1762238690596,0.0003059496,-0.05288237,-0.006729711
1340.9898143224605,8095.63,3.28084,-0.0003525746,5449,329.3916056996957,1577.1747851146288,7330.733,2.8987079,1660.7117,1.0787222,8095.63,3.28084,0,,,,,329.3916056996957,0.0003064513,1577.1747851146288,0.00030598455,-0.053849805,-0.008627806
1341.0106473033316,8100.947,3.282568,-0.00035291872,5450,329.39136523131725,1577.1752632788641,7337.2993,2.9002345,1663.9708,1.0791081,8100.947,3.282568,0,,,,,329.39136523131725,0.00030639695,1577.1752632788641,0.00030585256,-0.05411529,-0.007853624
1341.0314802846683,8097.4795,3.2858315,-0.00035326238,5451,329.391118335252,1577.1754312246194,7334.5376,2.9031177,1672.8895,1.0819106,8097.4795,3.2858315,0,,,,,329.391118335252,0.00030687053,1577.1754312246194,0.00030612192,-0.054593056,-0.0075349584
1341.0523132664412,8103.158,3.2871697,-0.0003536056,5452,329.3904970089701,1577.1752991960566,7338.1953,2.9043,1682.1149,1.0830894,8103.158,3.2871697,0,,,,,329.3904970089701,0.0003068434,1577.1752991960566,0.0003063115,-0.0550248,-0.0078113433
1341.0731462486506,8091.088,3.290335,-0.0003539484,5453,329.3907116501747,1577.1750257486096,7329.2646,2.9070969,1694.5912,1.0859275,8091.088,3.290335,0,,,,,329.3907116501747,0.00030728852,1577.1750257486096,0.00030709253,-0.05529648,-0.008360588
1341.093979231268,8089.3896,3.2918842,-0.00035429077,5454,329.38946166130205,1577.1756854287753,7327.6787,2.9084656,1700.3318,1.0885068,8089.3896,3.2918842,0,,,,,329.38946166130205,0.00030765252,1577.1756854287753,0.00030720118,-0.05621866,-0.007569677
1341.1148122143218,8096.488,3.2932358,-0.0003546327,5455,329.3904021329081,1577.1754242170418,7332.365,2.9096596,1701.75,1.0873797,8096.488,3.2932358,0,,,,,329.3904021329081,0.00030740714,1577.1754242170418,0.00030748462,-0.055282522,-0.007647136
1341.1356451977827,8095.958,3.2903612,-0.00035497424,5456,329.3887973686297,1577.173407011439,7330.4253,2.90712,1699.6068,1.0864327,8095.958,3.2903612,0,,,,,329.3887973686297,0.0003073976,1577.173407011439,0.00030719428,-0.057339974,-0.010497523
1341.1564781816223,8093.665,3.2887223,-0.0003553154,5457,329.39026861055027,1577.1759767163442,7329.7754,2.9056718,1690.7167,1.0850248,8093.665,3.2887223,0,,,,,329.39026861055027,0.00030738293,1577.1759767163442,0.00030669256,-0.05560092,-0.0069911927
1341.1773111658697,8094.545,3.2872117,-0.00035565614,5458,329.38904005413417,1577.1742997681806,7328.5586,2.9043374,1683.0922,1.0835764,8094.545,3.2872117,0,,,,,329.38904005413417,0.00030714233,1577.1742997681806,0.00030694352,-0.057641387,-0.009659731
1341.1981441504945,8094.934,3.2845693,-0.0003559965,5459,329.3892043515015,1577.1747233846286,7327.787,2.9020026,1677.3687,1.0819049,8094.934,3.2845693,0,,,,,329.3892043515015,0.00030693653,1577.1747233846286,0.00030675164,-0.056634657,-0.009043599
1341.2189771354986,8094.8813,3.2833085,-0.0003563365,5460,329.38754704501747,1577.1750117189054,7327.884,2.9008887,1672.8583,1.0812389,8094.8813,3.2833085,0,,,,,329.38754704501747,0.0003065669,1577.1750117189054,0.00030661456,-0.05880984,-0.0085512325
1341.2398101208228,8103.2266,3.282682,-0.00035667617,5461,329.3887691468563,1577.175279754464,7329.5034,2.900335,1667.1578,1.0805556,8103.2266,3.282682,0,,,,,329.3887691468563,0.00030666526,1577.175279754464,0.00030695312,-0.05759965,-0.008917179
1341.2606431065533,8093.3696,3.2810907,-0.00035701544,5462,329.3881944177385,1577.1734388816149,7322.7744,2.898929,1664.2396,1.0793412,8093.3696,3.2810907,0,,,,,329.3881944177385,0.0003066666,1577.1734388816149,0.0003070339,-0.05837259,-0.01125997
1341.2814760926044,8094.931,3.2805612,-0.00035735438,5463,329.3876079503843,1577.1747310552178,7324.1763,2.8984613,1661.08,1.0786877,8094.931,3.2805612,0,,,,,329.3876079503843,0.0003065769,1577.1747310552178,0.00030678257,-0.058757883,-0.009359239
1341.3023090789761,8094.917,3.2781653,-0.000357693,5464,329.38739945059734,1577.1760070828889,7323.2197,2.8963447,1654.5149,1.0773932,8094.917,3.2781653,0,,,,,329.38739945059734,0.00030630926,1577.1760070828889,0.00030667058,-0.05886584,-0.00865589
1341.3231420656973,8096.3735,3.2768745,-0.00035803128,5465,329.38802137434334,1577.1739541813824,7322.106,2.895204,1649.2726,1.0756352,8096.3735,3.2768745,0,,,,,329.38802137434334,0.0003062264,1577.1739541813824,0.0003068089,-0.058955837,-0.010997032
1341.3439750527377,8095.8403,3.2795513,-0.00035836923,5466,329.38690837549075,1577.175743734679,7322.868,2.897569,1649.1514,1.0760608,8095.8403,3.2795513,0,,,,,329.38690837549075,0.00030632425,1577.175743734679,0.00030723956,-0.059861,-0.009393718
1341.3648080400992,8102.163,3.2783198,-0.00035870686,5467,329.38671794458605,1577.1755260265488,7329.3813,2.8964813,1648.1796,1.0760818,8102.163,3.2783198,0,,,,,329.38671794458605,0.00030618944,1577.1755260265488,0.00030655193,-0.060565043,-0.00911521
1341.3856410277808,8090.4263,3.2794058,-0.00035904418,5468,329.3869262858648,1577.1742173906416,7317.3843,2.8974407,1657.4823,1.0792928,8090.4263,3.2794058,0,,,,,329.3869262858648,0.00030664165,1577.1742173906416,0.0003072385,-0.059801746,-0.010376542
1341.4064740157526,8094.179,3.2821226,-0.0003593812,5469,329.38599412915136,1577.1756357306297,7323.426,2.8998408,1669.5837,1.0803696,8094.179,3.2821226,0,,,,,329.38599412915136,0.0003067172,1577.1756357306297,0.00030706354,-0.060097154,-0.008556022
1341.4273070040153,8097.605,3.2838733,-0.00035971793,5470,329.38628999776745,1577.174414667941,7325.292,2.9013877,1677.7688,1.081843,8097.605,3.2838733,0,,,,,329.38628999776745,0.00030689442,1577.174414667941,0.0003071658,-0.060393777,-0.009753616
1341.44813999257,8096.0176,3.2866607,-0.00036005437,5471,329.385920982756,1577.174987172073,7325.962,2.9038503,1685.3375,1.0832851,8096.0176,3.2866607,0,,,,,329.385920982756,0.0003071075,1577.174987172073,0.00030735816,-0.06089356,-0.009262636
1341.4689729814158,8097.3413,3.2877724,-0.00036039052,5472,329.38505086235875,1577.1739542937419,7326.2944,2.9048326,1692.0011,1.0850308,8097.3413,3.2877724,0,,,,,329.38505086235875,0.0003073241,1577.1739542937419,0.0003074446,-0.06208602,-0.010746381
1341.4898059705517,8092.7075,3.2894018,-0.00036072638,5473,329.38542702914077,1577.1771226702335,7322.101,2.9062722,1702.9933,1.0874139,8092.7075,3.2894018,0,,,,,329.38542702914077,0.0003074344,1577.1771226702335,0.00030775272,-0.061222114,-0.0068712346
1341.5106389599214,8084.651,3.2922926,-0.000361062,5474,329.38424065936204,1577.1749157941076,7315.3228,2.9088264,1716.7712,1.0908242,8084.651,3.2922926,0,,,,,329.38424065936204,0.0003080792,1577.1749157941076,0.00030851256,-0.062397096,-0.009541693
1341.5314719495818,8100.0454,3.2964733,-0.00036139734,5475,329.3851151259811,1577.1754471532304,7328.6685,2.91252,1727.1453,1.0926069,8100.0454,3.2964733,0,,,,,329.3851151259811,0.00030804035,1577.1754471532304,0.00030835267,-0.061634377,-0.008947514
1341.5523049395035,8094.585,3.2995133,-0.0003617324,5476,329.38398426248574,1577.1747003236094,7326.7974,2.9152062,1736.5938,1.0950167,8094.585,3.2995133,0,,,,,329.38398426248574,0.00030827764,1577.1747003236094,0.00030874473,-0.06245684,-0.009378245
1341.5731379296872,8094.718,3.3011193,-0.00036206722,5477,329.3845998913766,1577.1754543768877,7324.565,2.9166248,1740.1259,1.0978798,8094.718,3.3011193,0,,,,,329.3845998913766,0.0003084184,1577.1754543768877,0.0003089786,-0.06265855,-0.008898233
1341.5939709201045,8100.122,3.2997315,-0.0003624018,5478,329.38456027239226,1577.175608280475,7329.7314,2.9153986,1741.0778,1.0951935,8100.122,3.2997315,0,,,,,329.38456027239226,0.0003082877,1577.175608280475,0.00030860692,-0.06259193,-0.008453821
1341.6148039107547,8092.254,3.2984526,-0.00036273614,5479,329.3841068283284,1577.1742289828217,7323.964,2.9142687,1738.0903,1.0950949,8092.254,3.2984526,0,,,,,329.3841068283284,0.0003084232,1577.1742289828217,0.00030854996,-0.06253039,-0.010412987
1341.635636901666,8092.0986,3.2962604,-0.00036307023,5480,329.38444328850267,1577.1755497517365,7323.504,2.9123323,1727.273,1.0930438,8092.0986,3.2962604,0,,,,,329.38444328850267,0.0003081983,1577.1755497517365,0.00030847103,-0.063300304,-0.008793423
1341.656469892811,8091.647,3.292199,-0.00036340408,5481,329.3843846176197,1577.1738281955336,7319.8174,2.9087439,1716.8617,1.0899682,8091.647,3.292199,0,,,,,329.3843846176197,0.00030798395,1577.1738281955336,0.00030828596,-0.062467244,-0.010837947
1341.6773028841594,8098.6587,3.2899761,-0.00036373772,5482,329.38469512128853,1577.1756898692936,7327.365,2.9067798,1701.8331,1.0872014,8098.6587,3.2899761,0,,,,,329.38469512128853,0.00030731474,1577.1756898692936,0.0003076969,-0.06267435,-0.008701615
1341.7189688675537,8093.869,3.2849088,-0.00036440432,5484,329.3838581323061,1577.1775167233357,7323.936,2.9023025,1681.2928,1.0831859,8093.869,3.2849088,0,,,,,329.3838581323061,0.0003070213,1577.1775167233357,0.0003071862,-0.063460246,-0.0059428434
1341.7398018595718,8093.43,3.28416,-0.0003647373,5485,329.38245721152236,1577.173915221933,7320.846,2.9016411,1674.1653,1.0834279,8093.43,3.28416,0,,,,,329.38245721152236,0.00030699983,1577.173915221933,0.0003074513,-0.064712584,-0.010360149
1341.7606348518225,8088.9424,3.2817767,-0.00036507004,5486,329.38314929928237,1577.176584588636,7320.6523,2.8995354,1668.6409,1.0799091,8088.9424,3.2817767,0,,,,,329.38314929928237,0.00030671622,1577.176584588636,0.00030699416,-0.06407134,-0.007883328
1341.7814678442473,8088.9873,3.2814336,-0.0003654026,5487,329.3831863528569,1577.1743360185226,7320.2124,2.8992321,1669.768,1.0799038,8088.9873,3.2814336,0,,,,,329.3831863528569,0.00030684113,1577.1743360185226,0.00030712,-0.06440439,-0.009698054
1341.8023008368764,8091.708,3.2827718,-0.00036573497,5488,329.3822339832012,1577.1754013391583,7322.0947,2.9004147,1669.9546,1.0814563,8091.708,3.2827718,0,,,,,329.3822339832012,0.00030698153,1577.1754013391583,0.00030712242,-0.06471008,-0.009062611
1341.8231338297383,8093.52,3.2820854,-0.0003660671,5489,329.3825942675487,1577.174137546038,7324.6357,2.899808,1670.9589,1.0800492,8093.52,3.2820854,0,,,,,329.3825942675487,0.00030676677,1577.174137546038,0.00030681383,-0.064843744,-0.009762644
1341.8439668227452,8095.162,3.2816117,-0.0003663991,5490,329.3830726298206,1577.174709818677,7325.2456,2.8993895,1669.1351,1.0795761,8095.162,3.2816117,0,,,,,329.3830726298206,0.00030664547,1577.174709818677,0.0003068957,-0.06436894,-0.009654161
1341.8647998159563,8091.2563,3.2795055,-0.00036673088,5491,329.382247734868,1577.174735890831,7322.537,2.8975286,1658.0105,1.0779245,8091.2563,3.2795055,0,,,,,329.382247734868,0.0003064681,1577.174735890831,0.0003067432,-0.064642586,-0.009406036
1341.8856328093711,8093.5796,3.2748508,-0.00036706246,5492,329.38298081544195,1577.1733226653487,7320.888,2.8934162,1639.5068,1.0743891,8093.5796,3.2748508,0,,,,,329.38298081544195,0.00030607881,1577.1733226653487,0.0003066313,-0.06474778,-0.011563395
1341.9064658029602,8093.3853,3.270826,-0.00036739386,5493,329.3825361532939,1577.1762430847912,7323.1904,2.8898602,1624.6204,1.0701783,8093.3853,3.270826,0,,,,,329.3825361532939,0.0003056592,1577.1762430847912,0.00030584112,-0.06502516,-0.008213163
1341.9272987966947,8096.0234,3.2679408,-0.00036772512,5494,329.38268554761936,1577.172615193216,7323.507,2.887311,1611.234,1.0681154,8096.0234,3.2679408,0,,,,,329.38268554761936,0.00030533504,1577.172615193216,0.00030578155,-0.06492148,-0.013055524
1341.9481317906334,8097.304,3.264216,-0.00036805618,5495,329.3824318960042,1577.1758298977993,7325.543,2.88402,1593.9565,1.0637108,8097.304,3.264216,0,,,,,329.3824318960042,0.00030480404,1577.1758298977993,0.00030531996,-0.065289184,-0.008893504
1341.9689647847467,8099.478,3.2608669,-0.00036838706,5496,329.3819328245481,1577.1743413540198,7326.2837,2.881061,1575.8157,1.0621936,8099.478,3.2608669,0,,,,,329.3819328245481,0.0003044492,1577.1743413540198,0.00030477898,-0.06562288,-0.0106008565
1341.9897977790051,8095.096,3.257099,-0.0003687178,5497,329.38262910671773,1577.1741985799435,7321.6216,2.877732,1565.4294,1.0583206,8095.096,3.257099,0,,,,,329.38262910671773,0.00030419277,1577.1741985799435,0.00030470913,-0.06510048,-0.010753818
1342.0106307734386,8091.4736,3.2552621,-0.00036904836,5498,329.38181331125213,1577.1736485355195,7319.7456,2.8761091,1557.0702,1.0550535,8091.4736,3.2552621,0,,,,,329.38181331125213,0.00030418375,1577.1736485355195,0.0003045795,-0.06533931,-0.010693469
1342.031463768047,8092.985,3.254772,-0.00036937874,5499,329.38146415471857,1577.1760239512391,7323.494,2.875676,1556.7806,1.0551581,8092.985,3.254772,0,,,,,329.38146415471857,0.00030395834,1577.1760239512391,0.0003041257,-0.06646412,-0.008109546
1342.0522967627708,8094.8477,3.256632,-0.000369709,5500,329.38256648374323,1577.1733650468138,7323.506,2.8773196,1563.0438,1.057281,8094.8477,3.256632,0,,,,,329.38256648374323,0.00030417473,1577.1733650468138,0.00030450014,-0.06510631,-0.010612817
1342.093962752714,8091.7573,3.258173,-0.00037036906,5502,329.38192901328085,1577.174345637988,7314.2676,2.878681,1573.7725,1.059624,8091.7573,3.258173,0,,,,,329.38192901328085,0.00030460098,1577.174345637988,0.00030572433,-0.0662514,-0.0110208625
1342.1147957479334,8096.0312,3.2607334,-0.00037069884,5503,329.3822824198952,1577.1721790714519,7323.781,2.880943,1581.6337,1.0603656,8096.0312,3.2607334,0,,,,,329.3822824198952,0.0003045635,1577.1721790714519,0.00030502485,-0.06509133,-0.01259524
1342.1356287432686,8097.476,3.2613304,-0.0003710285,5504,329.38158327222123,1577.1748822858017,7324.155,2.8814704,1579.526,1.060636,8097.476,3.2613304,0,,,,,329.38158327222123,0.00030475613,1577.1748822858017,0.00030514842,-0.06589683,-0.009670051
1342.1564617387498,8096.297,3.259769,-0.000371358,5505,329.3806953863303,1577.1744555320436,7320.6924,2.8800907,1577.6978,1.0599928,8096.297,3.259769,0,,,,,329.3806953863303,0.0003046937,1577.1744555320436,0.0003052578,-0.06712337,-0.0105119925
1342.2189607260088,8097.6113,3.259635,-0.00037234573,5508,329.38005822693907,1577.1736372436947,7336.2437,2.8799727,1562.7924,1.0576758,8097.6113,3.259635,0,,,,,329.38005822693907,0.00030382903,1577.1736372436947,0.00030363986,-0.06665111,-0.01031222
1342.239793722014,8092.1465,3.258567,-0.00037267472,5509,329.3808083774035,1577.1740744488643,7331.2676,2.879029,1554.9297,1.057384,8092.1465,3.258567,0,,,,,329.3808083774035,0.00030368342,1577.1740744488643,0.00030375354,-0.066768095,-0.0103142
1342.2606267181357,8091.264,3.253512,-0.0003730036,5510,329.37959475170624,1577.1730845310183,7330.2583,2.8745627,1544.166,1.053102,8091.264,3.253512,0,,,,,329.37959475170624,0.00030355394,1577.1730845310183,0.00030315237,-0.06774975,-0.010798514
1342.281459714402,8097.301,3.2499213,-0.00037333232,5511,329.38060009529227,1577.174023001116,7335.7744,2.8713903,1531.0645,1.0496156,8097.301,3.2499213,0,,,,,329.38060009529227,0.00030292425,1577.174023001116,0.00030239817,-0.06650304,-0.009615976
1342.3022927107857,8091.3604,3.2481961,-0.00037366094,5512,329.3790324952283,1577.1734854895046,7330.028,2.8698661,1525.2461,1.0487711,8091.3604,3.2481961,0,,,,,329.3790324952283,0.00030292512,1577.1734854895046,0.0003025434,-0.06816844,-0.011219494
1342.3231257072857,8094.29,3.246383,-0.00037398943,5513,329.380738612648,1577.1737222097001,7332.7134,2.8682642,1514.7461,1.047239,8094.29,3.246383,0,,,,,329.380738612648,0.0003026685,1577.1737222097001,0.00030218574,-0.06687145,-0.009996452
1342.3439587039013,8099.203,3.2446196,-0.0003743178,5514,329.38026586952634,1577.1736721561074,7336.42,2.8667061,1506.0631,1.0444773,8099.203,3.2446196,0,,,,,329.38026586952634,0.00030229936,1577.1736721561074,0.00030193594,-0.06708408,-0.010437351
1342.3647917006333,8090.4897,3.2453225,-0.00037464607,5515,329.3792312385763,1577.1738955471633,7329.2334,2.8673272,1505.0338,1.0452702,8090.4897,3.2453225,0,,,,,329.3792312385763,0.00030282646,1577.1738955471633,0.00030234555,-0.067988716,-0.010297016
1342.3856246974826,8085.9756,3.242517,-0.00037497422,5516,329.37943653447263,1577.1738342162446,7324.9517,2.8648484,1505.2399,1.0441979,8085.9756,3.242517,0,,,,,329.37943653447263,0.00030262224,1577.1738342162446,0.00030209398,-0.06752024,-0.010085618
1342.4064576944484,8091.989,3.2451959,-0.00037530225,5517,329.3793734994933,1577.1732063774905,7330.328,2.8672152,1507.4893,1.0450099,8091.989,3.2451959,0,,,,,329.3793734994933,0.0003025892,1577.1732063774905,0.00030238464,-0.06794616,-0.010940524
1342.4272906915005,8095.135,3.245695,-0.0003756302,5518,329.37950039342707,1577.1731015852251,7334.18,2.8676562,1512.3619,1.0455763,8095.135,3.245695,0,,,,,329.37950039342707,0.0003026466,1577.1731015852251,0.00030215664,-0.0677789,-0.010573213
1342.44812368867,8090.7617,3.2471733,-0.000375958,5519,329.3791937652539,1577.1731382240487,7329.3755,2.8689623,1520.1003,1.0479637,8090.7617,3.2471733,0,,,,,329.3791937652539,0.00030288985,1577.1731382240487,0.00030249674,-0.06791742,-0.010842549
1342.4689566859265,8096.298,3.2490087,-0.00037628575,5520,329.3797817122229,1577.174240935104,7334.9395,2.8705838,1525.7872,1.0494351,8096.298,3.2490087,0,,,,,329.3797817122229,0.00030286788,1577.174240935104,0.0003023296,-0.067653626,-0.009777355
1342.4897896832697,8093.374,3.25112,-0.0003766134,5521,329.3793533208177,1577.173188494066,7332.2007,2.8724494,1532.2119,1.0506634,8093.374,3.25112,0,,,,,329.3793533208177,0.0003031716,1577.173188494066,0.00030290333,-0.06768333,-0.01128525
1342.5106226807593,8092.972,3.2546823,-0.0003769409,5522,329.3790741608644,1577.1728023755497,7331.4976,2.8755968,1540.6351,1.0543491,8092.972,3.2546823,0,,,,,329.3790741608644,0.00030374256,1577.1728023755497,0.0003031811,-0.068147704,-0.011297153
1342.5314556783069,8097.5176,3.2551134,-0.00037726836,5523,329.37946764300204,1577.173505909682,7336.5806,2.8759775,1549.9297,1.0539296,8097.5176,3.2551134,0,,,,,329.37946764300204,0.00030347495,1577.173505909682,0.00030298517,-0.06792149,-0.010308149
1342.5522886759413,8096.187,3.2582593,-0.00037759572,5524,329.37845443046683,1577.1721549168549,7335.2397,2.878757,1557.2489,1.0562376,8096.187,3.2582593,0,,,,,329.37845443046683,0.0003037183,1577.1721549168549,0.00030354765,-0.06852183,-0.011953382
1342.573121673692,8097.285,3.258657,-0.00037792296,5525,329.37972213663164,1577.174883716383,7336.3076,2.8791084,1563.237,1.0569168,8097.285,3.258657,0,,,,,329.37972213663164,0.0003038056,1577.174883716383,0.00030342635,-0.067555964,-0.009626245
1342.5939546715308,8098.402,3.2595828,-0.00037825012,5526,329.3790647792445,1577.1728763188626,7337.196,2.8799264,1565.2369,1.0577936,8098.402,3.2595828,0,,,,,329.3790647792445,0.00030394061,1577.1728763188626,0.00030356218,-0.06871274,-0.011555219
1342.6147876694283,8097.0615,3.2623222,-0.0003785772,5527,329.3793753754011,1577.1734193364216,7336.1777,2.8823469,1566.6082,1.0591986,8097.0615,3.2623222,0,,,,,329.3793753754011,0.00030401262,1577.1734193364216,0.00030396358,-0.067798026,-0.010480396
1342.6356206674418,8091.123,3.2584722,-0.0003789042,5528,329.3790233651185,1577.1719240401771,7330.7275,2.878945,1569.4211,1.0578068,8091.123,3.2584722,0,,,,,329.3790233651185,0.00030402566,1577.1719240401771,0.00030361515,-0.06838078,-0.011909711
1342.6564536655133,8093.7856,3.258504,-0.00037923112,5529,329.3792817061218,1577.173779588384,7333.5264,2.8789732,1564.4806,1.0581365,8093.7856,3.258504,0,,,,,329.3792817061218,0.00030377912,1577.173779588384,0.0003035519,-0.06825889,-0.010842485
1342.6772866637011,8102.031,3.2578619,-0.00037955793,5530,329.378893806562,1577.1733595997282,7340.445,2.878406,1558.8501,1.0565766,8102.031,3.2578619,0,,,,,329.378893806562,0.00030343587,1577.1733595997282,0.00030319495,-0.06802571,-0.01070407
1342.6981196619467,8101.92,3.2574847,-0.00037988467,5531,329.3792062966132,1577.1730934414054,7340.0566,2.8780727,1553.6307,1.0552007,8101.92,3.2574847,0,,,,,329.3792062966132,0.00030341587,1577.1730934414054,0.00030323182,-0.06851646,-0.0110858865
1342.7189526602797,8102.521,3.2553248,-0.00038021134,5532,329.3787454739041,1577.1730382504425,7340.5044,2.8761642,1547.714,1.0537213,8102.521,3.2553248,0,,,,,329.3787454739041,0.00030334704,1577.1730382504425,0.00030297405,-0.06858507,-0.011447378
1342.7397856586713,8093.9824,3.2542415,-0.00038053794,5533,329.3787798187778,1577.1724785613671,7333.329,2.8752072,1544.9332,1.0537558,8093.9824,3.2542415,0,,,,,329.3787798187778,0.00030357175,1577.1724785613671,0.00030308357,-0.068727076,-0.011723338
1342.7606186571502,8101.0254,3.25445,-0.00038086445,5534,329.3788508961827,1577.1741680081345,7339.41,2.8753915,1540.686,1.0522678,8101.0254,3.25445,0,,,,,329.3788508961827,0.00030320234,1577.1741680081345,0.00030297783,-0.06800412,-0.009636318
1342.7814516556869,8100.4243,3.2529879,-0.0003811909,5535,329.37849961211657,1577.172079440778,7338.236,2.8740995,1538.2351,1.0523597,8100.4243,3.2529879,0,,,,,329.37849961211657,0.00030313412,1577.172079440778,0.00030282463,-0.069004506,-0.012564075
1342.8022846543113,8096.222,3.2510848,-0.00038151728,5536,329.3794871633974,1577.1734871150934,7335.3647,2.8724182,1535.1523,1.050404,8096.222,3.2510848,0,,,,,329.3794871633974,0.00030312463,1577.1734871150934,0.00030269448,-0.06820355,-0.010960063
1342.823117652994,8090.3096,3.2499022,-0.0003818436,5537,329.3790719053383,1577.1729296057422,7329.4746,2.8713732,1533.0415,1.0503358,8090.3096,3.2499022,0,,,,,329.3790719053383,0.00030314247,1577.1729296057422,0.0003028643,-0.06887321,-0.011646188
1342.8439506517634,8093.5776,3.251588,-0.00038216982,5538,329.37875250798584,1577.1731719633115,7332.782,2.872863,1531.5103,1.0517458,8093.5776,3.251588,0,,,,,329.37875250798584,0.00030301916,1577.1731719633115,0.00030290635,-0.06869851,-0.011224571
1342.864783650562,8093.259,3.2500367,-0.00038249601,5539,329.3787731551429,1577.1717543187478,7332.4854,2.8714924,1528.5675,1.0492274,8093.259,3.2500367,0,,,,,329.3787731551429,0.0003030041,1577.1717543187478,0.00030286284,-0.06893885,-0.012112313
1342.8856166494484,8094.478,3.2480376,-0.00038282212,5540,329.37897756225175,1577.1729436820435,7333.217,2.869726,1523.6195,1.0478364,8094.478,3.2480376,0,,,,,329.37897756225175,0.00030285324,1577.1729436820435,0.00030243245,-0.06861144,-0.011515104
1342.906449648422,8091.6978,3.2452729,-0.00038314814,5541,329.3787358031729,1577.173438988832,7331.0986,2.867283,1514.5653,1.0457118,8091.6978,3.2452729,0,,,,,329.3787358031729,0.0003027115,1577.173438988832,0.000302304,-0.06879889,-0.0111058
1342.927282647425,8091.9727,3.2446218,-0.00038347414,5542,329.3780355015918,1577.1715464439296,7330.7393,2.8667078,1503.458,1.0452701,8091.9727,3.2446218,0,,,,,329.3780355015918,0.00030262372,1577.1715464439296,0.0003021607,-0.069426715,-0.012724957
1342.9481156464867,8089.5854,3.2394385,-0.00038380007,5543,329.3788775661745,1577.1742796204303,7329.1245,2.8621285,1488.9357,1.0404456,8089.5854,3.2394385,0,,,,,329.3788775661745,0.0003022811,1577.1742796204303,0.0003017175,-0.06847591,-0.009953446
1342.9689486456061,8088.5728,3.2361286,-0.00038412595,5544,329.3780444138672,1577.1710505604708,7327.839,2.8592038,1475.5912,1.037408,8088.5728,3.2361286,0,,,,,329.3780444138672,0.0003018154,1577.1710505604708,0.0003015576,-0.06979267,-0.013486732
1342.989781644812,8092.3174,3.2342334,-0.00038445173,5545,329.3784766665096,1577.17380139068,7330.977,2.8575296,1465.4298,1.0351768,8092.3174,3.2342334,0,,,,,329.3784766665096,0.0003015426,1577.17380139068,0.00030113512,-0.06858244,-0.01056799
1343.010614644047,8088.548,3.2327929,-0.0003847775,5546,329.37807536074786,1577.1710531099845,7327.1016,2.856257,1457.1671,1.0332494,8088.548,3.2327929,0,,,,,329.37807536074786,0.00030143524,1577.1710531099845,0.00030136426,-0.06933061,-0.013732615
1343.031447643341,8088.764,3.2314646,-0.0003851032,5547,329.37833058957193,1577.1727410659082,7327.6636,2.8550832,1454.3627,1.0330409,8088.764,3.2314646,0,,,,,329.37833058957193,0.00030140736,1577.1727410659082,0.0003009616,-0.06862975,-0.01138628
1343.0522806426932,8087.9385,3.2312913,-0.00038542884,5548,329.37738574699557,1577.1726621591386,7327.4746,2.8549302,1454.7811,1.0329438,8087.9385,3.2312913,0,,,,,329.37738574699557,0.00030125966,1577.1726621591386,0.0003010493,-0.069600746,-0.012229988
1343.0731136420736,8097.395,3.2337139,-0.00038575445,5549,329.37814169935075,1577.1719183891146,7334.961,2.8570704,1457.1495,1.0340694,8097.395,3.2337139,0,,,,,329.37814169935075,0.00030125087,1577.1719183891146,0.00030111326,-0.06934624,-0.012673727
1343.0939466415132,8096.4556,3.23334,-0.00038608,5550,329.3781476154548,1577.1735053432992,7334.6255,2.8567405,1458.5559,1.034354,8096.4556,3.23334,0,,,,,329.3781476154548,0.00030122613,1577.1735053432992,0.00030095462,-0.06879933,-0.011516021
1343.114779641011,8093.219,3.2347207,-0.0003864055,5551,329.37767323246794,1577.1710590063547,7330.6377,2.85796,1465.0039,1.0345775,8093.219,3.2347207,0,,,,,329.37767323246794,0.00030167206,1577.1710590063547,0.00030140183,-0.06995619,-0.013519767
1343.135612640566,8093.4844,3.2349982,-0.00038673094,5552,329.37803098991805,1577.1720918980716,7331.633,2.8582056,1469.0624,1.0360391,8093.4844,3.2349982,0,,,,,329.37803098991805,0.0003015829,1577.1720918980716,0.00030126172,-0.06917474,-0.012035452
1343.156445640151,8093.194,3.2368662,-0.00038705635,5553,329.37826082264417,1577.172926784271,7330.2734,2.8598557,1472.0908,1.0385736,8093.194,3.2368662,0,,,,,329.37826082264417,0.00030190786,1577.172926784271,0.00030146056,-0.069321804,-0.011560681
1343.1772786397942,8091.725,3.2368162,-0.0003873817,5554,329.3781480396493,1577.1720759209736,7329.229,2.8598115,1476.3505,1.037447,8091.725,3.2368162,0,,,,,329.3781480396493,0.00030184363,1577.1720759209736,0.00030159345,-0.06916029,-0.012766003
1343.1981116394663,8094.108,3.235928,-0.00038770703,5555,329.37824177705136,1577.171905099038,7331.2295,2.859027,1472.8413,1.0369325,8094.108,3.235928,0,,,,,329.37824177705136,0.0003016349,1577.171905099038,0.0003015066,-0.06934259,-0.012729375
1343.2189446391967,8083.1196,3.2354667,-0.0003880323,5556,329.37774522518527,1577.1715517280259,7321.112,2.8586192,1470.6013,1.038174,8083.1196,3.2354667,0,,,,,329.37774522518527,0.00030207852,1577.1715517280259,0.00030181283,-0.069734216,-0.013271551
1343.2397776389564,8090.8794,3.2336695,-0.00038835753,5557,329.3773465799573,1577.172557491327,7328.8525,2.8570316,1464.211,1.0346467,8090.8794,3.2336695,0,,,,,329.3773465799573,0.00030153588,1577.172557491327,0.00030143483,-0.06942906,-0.0120434165
1343.2606106387452,8092.1914,3.23213,-0.00038868273,5558,329.37795729558314,1577.1707279556033,7328.894,2.8556712,1457.0443,1.0339451,8092.1914,3.23213,0,,,,,329.37795729558314,0.00030137197,1577.1707279556033,0.0003011302,-0.06903061,-0.013777288
1343.2814436385913,8093.419,3.2302556,-0.00038900788,5559,329.3778565302095,1577.172040379162,7330.0767,2.8540149,1449.4775,1.0320616,8093.419,3.2302556,0,,,,,329.3778565302095,0.00030102662,1577.172040379162,0.00030086032,-0.06923228,-0.012404438
1343.3022766384674,8087.5337,3.227932,-0.000389333,5560,329.37748988146825,1577.1712005926072,7325.551,2.851962,1440.9753,1.0297685,8087.5337,3.227932,0,,,,,329.37748988146825,0.00030099592,1577.1712005926072,0.00030093262,-0.069850236,-0.013453345
1343.3231096383724,8090.8574,3.227855,-0.0003896581,5561,329.37747148990485,1577.1715722676158,7327.51,2.8518941,1435.2015,1.029276,8090.8574,3.227855,0,,,,,329.37747148990485,0.00030115416,1577.1715722676158,0.0003007667,-0.069833025,-0.012961275
1343.343942638306,8092.7046,3.22607,-0.00038998315,5562,329.3773923989782,1577.1718319542274,7329.1816,2.850317,1427.758,1.0271105,8092.7046,3.22607,0,,,,,329.3773923989782,0.00030071658,1577.1718319542274,0.00030059664,-0.069878794,-0.012423481
1343.3647756382977,8083.719,3.2232594,-0.00039030815,5563,329.3779296410885,1577.17130152268,7321.2534,2.8478339,1428.4952,1.0263516,8083.719,3.2232594,0,,,,,329.3779296410885,0.00030070238,1577.17130152268,0.0003006623,-0.06932705,-0.013364561
1343.3856086383194,8093.56,3.2243383,-0.00039063313,5564,329.3775168516115,1577.1716955332577,7329.295,2.848787,1425.8433,1.0267828,8093.56,3.2243383,0,,,,,329.3775168516115,0.00030057508,1577.1716955332577,0.0003004124,-0.06964192,-0.013189363
1343.4064416383414,8090.024,3.2253416,-0.0003909581,5565,329.3776082774618,1577.1718341070907,7326.814,2.8496733,1429.3761,1.0280331,8090.024,3.2253416,0,,,,,329.3776082774618,0.00030059041,1577.1718341070907,0.00030062994,-0.069966875,-0.01283744
1343.4272746384213,8094.5513,3.2249644,-0.000391283,5566,329.37829499061985,1577.1714863604266,7330.153,2.8493402,1428.7898,1.026624,8094.5513,3.2249644,0,,,,,329.37829499061985,0.0003006988,1577.1714863604266,0.00030043148,-0.06888728,-0.013380251
1343.44810763853,8086.2095,3.226199,-0.0003916079,5567,329.37659466282383,1577.1704291779038,7320.028,2.8504307,1433.0358,1.029562,8086.2095,3.226199,0,,,,,329.37659466282383,0.00030133984,1577.1704291779038,0.00030117834,-0.07041006,-0.014149411
1343.4689406386678,8086.0957,3.2265553,-0.00039193276,5568,329.378021722423,1577.1727592432126,7321.969,2.850746,1438.0221,1.029302,8086.0957,3.2265553,0,,,,,329.378021722423,0.00030111233,1577.1727592432126,0.0003010769,-0.06898988,-0.0118863955
1343.4897736388343,8085.2476,3.2270153,-0.00039225759,5569,329.3775333376836,1577.171548522939,7320.164,2.8511524,1441.9916,1.0302945,8085.2476,3.2270153,0,,,,,329.3775333376836,0.00030127686,1577.171548522939,0.00030116327,-0.0700387,-0.013338645
1343.5106066390008,8094.7188,3.2296479,-0.0003925824,5570,329.37760587481415,1577.1709326414912,7323.618,2.8534782,1448.5002,1.0313193,8094.7188,3.2296479,0,,,,,329.37760587481415,0.00030129173,1577.1709326414912,0.00030196345,-0.06923452,-0.014376767
1343.531439639226,8095.527,3.232239,-0.00039290718,5571,329.37716496666405,1577.1716618126181,7329.2637,2.8557673,1455.9072,1.0342686,8095.527,3.232239,0,,,,,329.37716496666405,0.00030131493,1577.1716618126181,0.00030153315,-0.06997526,-0.01397814
1343.5731056397049,8091.4844,3.2349377,-0.0003935567,5573,329.3778983671645,1577.1726712723453,7321.7676,2.8581517,1470.9467,1.0379486,8091.4844,3.2349377,0,,,,,329.3778983671645,0.0003017885,1577.1726712723453,0.00030220702,-0.06963716,-0.012684937
1343.5939386399882,8100.8447,3.2367594,-0.0003938814,5574,329.3773061797398,1577.1716944292957,7329.838,2.8597615,1475.4435,1.0373545,8100.8447,3.2367594,0,,,,,329.3773061797398,0.0003018288,1577.1716944292957,0.00030230888,-0.070087984,-0.013562846
1343.6147716403016,8092.2925,3.237378,-0.0003942061,5575,329.3772110416848,1577.1717053898956,7325.8726,2.860308,1480.525,1.0391164,8092.2925,3.237378,0,,,,,329.3772110416848,0.00030191272,1577.1717053898956,0.0003022752,-0.069593005,-0.0139050195
1343.635604640614,8093.9907,3.2388225,-0.00039453077,5576,329.37748743212774,1577.171442904355,7327.216,2.861584,1483.7006,1.0402681,8093.9907,3.2388225,0,,,,,329.37748743212774,0.00030210026,1577.171442904355,0.00030229017,-0.07000851,-0.0138642285
1343.6564376409551,8094.9146,3.2381165,-0.00039485542,5577,329.3777719565886,1577.171562893519,7328.5825,2.8609605,1484.342,1.039551,8094.9146,3.2381165,0,,,,,329.3777719565886,0.00030189203,1577.171562893519,0.00030207093,-0.069811694,-0.013108234
1343.6772706413258,8097.416,3.238449,-0.00039518005,5578,329.37677144883855,1577.171877112976,7330.7837,2.8612542,1481.0022,1.0393828,8097.416,3.238449,0,,,,,329.37677144883855,0.00030185917,1577.171877112976,0.00030211607,-0.07055184,-0.013020664
1343.6981036416964,8088.1475,3.2362816,-0.00039550467,5579,329.37768885951584,1577.1714304256109,7321.771,2.8593392,1478.4958,1.0382575,8088.1475,3.2362816,0,,,,,329.37768885951584,0.00030200256,1577.1714304256109,0.0003025552,-0.0699627,-0.0138029875
1343.7189366420957,8089.921,3.2365532,-0.00039582927,5580,329.3776794323765,1577.171697023154,7322.431,2.8595793,1476.7155,1.0378994,8089.921,3.2365532,0,,,,,329.3776794323765,0.00030211481,1577.171697023154,0.0003023726,-0.069545895,-0.0133645255
1343.7397696425246,8096.9824,3.2366376,-0.00039615383,5581,329.37801002097547,1577.1702305494694,7329.8647,2.8596537,1472.1292,1.0383583,8096.9824,3.2366376,0,,,,,329.37801002097547,0.00030162692,1577.1702305494694,0.00030187308,-0.06919041,-0.014329027
1343.7606026429246,8094.8164,3.2352867,-0.00039647843,5582,329.37630258824476,1577.172391645522,7328.3125,2.8584602,1468.8566,1.0361464,8094.8164,3.2352867,0,,,,,329.37630258824476,0.00030166045,1577.172391645522,0.00030199235,-0.07071888,-0.012392195
1343.7814356433819,8093.768,3.2337074,-0.00039680296,5583,329.377182305411,1577.170800525437,7326.989,2.857065,1467.0548,1.0355859,8093.768,3.2337074,0,,,,,329.377182305411,0.0003015736,1577.170800525437,0.00030174758,-0.070087075,-0.013909218
1343.8022686438408,8097.7544,3.2355206,-0.0003971275,5584,329.3774094311207,1577.172127834384,7330.016,2.858667,1467.7391,1.0365491,8097.7544,3.2355206,0,,,,,329.3774094311207,0.00030151702,1577.172127834384,0.00030186368,-0.06970515,-0.01249578
1343.8231016442996,8094.1035,3.2347598,-0.00039745204,5585,329.37764107860414,1577.1704891115428,7327.063,2.8579946,1468.1699,1.0353487,8094.1035,3.2347598,0,,,,,329.37764107860414,0.0003016642,1577.1704891115428,0.00030209727,-0.07037063,-0.014677344
1343.843934644786,8096.3164,3.2339964,-0.00039777654,5586,329.3774273794019,1577.1712304348262,7327.0264,2.85732,1466.2848,1.036164,8096.3164,3.2339964,0,,,,,329.3774273794019,0.00030159167,1577.1712304348262,0.00030194456,-0.06947231,-0.013276202
1343.8647676452724,8093.6924,3.2349393,-0.00039810105,5587,329.3765852913625,1577.1707513979602,7327.2593,2.8581533,1467.7861,1.0362519,8093.6924,3.2349393,0,,,,,329.3765852913625,0.00030173833,1577.1707513979602,0.0003019157,-0.07029163,-0.014714929
1343.8856006457597,8093.6475,3.2344582,-0.00039842556,5588,329.376977837643,1577.172396065066,7326.913,2.857728,1466.5751,1.0368297,8093.6475,3.2344582,0,,,,,329.376977837643,0.00030162884,1577.172396065066,0.0003018387,-0.07003387,-0.012205424
1343.9064336462761,8097.6475,3.2342782,-0.00039875004,5589,329.3774947788343,1577.1710669401152,7329.7964,2.857569,1463.3107,1.0362685,8097.6475,3.2342782,0,,,,,329.3774947788343,0.000301401,1577.1710669401152,0.00030175605,-0.06955416,-0.014534771
1343.9272666467623,8101.0303,3.2345889,-0.00039907455,5590,329.37709955886146,1577.1710421145308,7332.759,2.8578439,1457.5758,1.0349425,8101.0303,3.2345889,0,,,,,329.37709955886146,0.0003013659,1577.1710421145308,0.00030169004,-0.070157915,-0.013968124
1343.9480996473078,8101.5034,3.2309642,-0.000399399,5591,329.37635041316156,1577.170849705483,7334.393,2.8546412,1448.3226,1.031562,8101.5034,3.2309642,0,,,,,329.37635041316156,0.00030103972,1577.170849705483,0.00030110124,-0.07069261,-0.014071209
1343.9689326478247,8096.552,3.2274172,-0.00039972347,5592,329.3776784418991,1577.170032635722,7323.988,2.8515074,1441.7767,1.0297812,8096.552,3.2274172,0,,,,,329.3776784418991,0.0003013819,1577.170032635722,0.00030132657,-0.069310345,-0.015288332
1343.9897656483702,8095.9443,3.2256494,-0.00040004792,5593,329.37761501137373,1577.1717145905575,7330.3823,2.8499455,1430.6504,1.0277724,8095.9443,3.2256494,0,,,,,329.37761501137373,0.00030058218,1577.1717145905575,0.00030064292,-0.07009744,-0.012896173
1344.0105986488857,8102.7153,3.2253313,-0.0004003724,5594,329.37613359887865,1577.1704409547567,7336.2705,2.8496642,1422.6316,1.0280128,8102.7153,3.2253313,0,,,,,329.37613359887865,0.00030024585,1577.1704409547567,0.00030024833,-0.07052541,-0.014828029
1344.0314316494312,8096.853,3.2225301,-0.00040069685,5595,329.3774104602781,1577.1705475818273,7329.351,2.8471894,1418.8625,1.025005,8096.853,3.2225301,0,,,,,329.3774104602781,0.00030033835,1577.1705475818273,0.00030037723,-0.06942411,-0.014642655
1344.0522646499767,8095.8774,3.2221532,-0.0004010213,5596,329.37658200369606,1577.1704098019006,7328.769,2.8468564,1416.1829,1.023559,8095.8774,3.2221532,0,,,,,329.37658200369606,0.00030028337,1577.1704098019006,0.0003005937,-0.0705985,-0.013978778
1344.0730976505213,8094.277,3.2225134,-0.00040134575,5597,329.3774739779767,1577.1694386713996,7325.6973,2.8471746,1417.5184,1.0247024,8094.277,3.2225134,0,,,,,329.3774739779767,0.00030027537,1577.1694386713996,0.00030084868,-0.06941515,-0.015696391
1344.093930651096,8096.2954,3.224106,-0.00040167017,5598,329.376594803554,1577.17184448975,7329.152,2.848582,1420.2438,1.0251986,8096.2954,3.224106,0,,,,,329.376594803554,0.0003006848,1577.17184448975,0.0003005911,-0.07018137,-0.012919526
1344.1147636516412,8093.086,3.2232351,-0.00040199462,5599,329.3761890451977,1577.169677904107,7325.4824,2.8478124,1423.0607,1.0256191,8093.086,3.2232351,0,,,,,329.3761890451977,0.00030048104,1577.169677904107,0.00030088937,-0.07082098,-0.015359117
1344.1355966521865,8094.327,3.224563,-0.00040231907,5600,329.3776687760134,1577.171462302617,7326.954,2.8489857,1425.4861,1.0272228,8094.327,3.224563,0,,,,,329.3776687760134,0.00030057403,1577.171462302617,0.00030073288,-0.06979345,-0.013566198
1344.156429652732,8095.1865,3.224023,-0.00040264352,5601,329.37700490371583,1577.1709655988714,7325.6104,2.8485086,1428.686,1.026794,8095.1865,3.224023,0,,,,,329.37700490371583,0.00030054554,1577.1709655988714,0.00030114176,-0.070101716,-0.0151407365
1344.1772626532775,8096.023,3.226083,-0.00040296797,5602,329.37669497934246,1577.1702544346815,7327.473,2.8503284,1429.1283,1.0275916,8096.023,3.226083,0,,,,,329.37669497934246,0.00030100174,1577.1702544346815,0.000300922,-0.07009065,-0.014875647
1344.1980956538227,8096.9873,3.224103,-0.00040329242,5603,329.37667958542835,1577.1698808526842,7327.4937,2.8485792,1427.4762,1.026448,8096.9873,3.224103,0,,,,,329.37667958542835,0.0003004859,1577.1698808526842,0.0003010265,-0.07037126,-0.016007952
1344.2189286543676,8092.7427,3.2234414,-0.00040361687,5604,329.37728939333255,1577.1700237914656,7325.064,2.8479946,1424.1915,1.0266669,8092.7427,3.2234414,0,,,,,329.37728939333255,0.00030045846,1577.1700237914656,0.0003009206,-0.06968424,-0.01475946
1344.2397616549129,8094.0854,3.2214575,-0.00040394132,5605,329.37680859158706,1577.1700791291098,7325.352,2.8462417,1417.6125,1.023966,8094.0854,3.2214575,0,,,,,329.37680859158706,0.00030035706,1577.1700791291098,0.00030073375,-0.06995131,-0.015266904
1344.30226065652,8089.231,3.2153869,-0.0004049147,5608,329.3776040939487,1577.1691286948367,7315.683,2.840878,1393.0109,1.0211574,8089.231,3.2153869,0,,,,,329.3776040939487,0.00030000173,1577.1691286948367,0.00030102005,-0.06926487,-0.017351702
1344.3230936570362,8087.529,3.2139294,-0.00040523917,5609,329.37691731043,1577.1704784964213,7318.462,2.8395903,1388.2513,1.0173367,8087.529,3.2139294,0,,,,,329.37691731043,0.00029991058,1577.1704784964213,0.00030035715,-0.070204124,-0.014749639
1344.3439266575524,8091.049,3.2125916,-0.00040556365,5610,329.3764480436914,1577.1696487753834,7321.2305,2.8384085,1380.955,1.0160171,8091.049,3.2125916,0,,,,,329.3764480436914,0.0002996778,1577.1696487753834,0.00029995173,-0.070145264,-0.0154701555
1344.3647596580681,8091.6646,3.2115154,-0.00040588813,5611,329.37644710967953,1577.17038676345,7322.5415,2.8374577,1379.1492,1.0153157,8091.6646,3.2115154,0,,,,,329.37644710967953,0.000299513,1577.17038676345,0.0002998715,-0.07033536,-0.014543764
1344.3855926585552,8090.6416,3.2124002,-0.00040621264,5612,329.37640654538876,1577.1696528382781,7318.758,2.8382392,1378.3281,1.0175278,8090.6416,3.2124002,0,,,,,329.37640654538876,0.00029963735,1577.1696528382781,0.00030035214,-0.07044001,-0.016536599
1344.4064256590423,8091.4175,3.2125766,-0.00040653715,5613,329.37752670126065,1577.1689420522396,7320.9355,2.8383954,1382.9062,1.0161972,8091.4175,3.2125766,0,,,,,329.37752670126065,0.00029957693,1577.1689420522396,0.00030022094,-0.06910735,-0.01646231
1344.4272586595296,8092.312,3.2140265,-0.00040686165,5614,329.3764580261242,1577.1693972841501,7322.192,2.8396761,1385.7495,1.0173198,8092.312,3.2140265,0,,,,,329.3764580261242,0.00029989303,1577.1693972841501,0.0003002389,-0.07012338,-0.01663529
1344.4480916599878,8097.784,3.2158804,-0.0004071862,5615,329.3778415539958,1577.1704035248677,7325.6826,2.8413143,1393.0793,1.0186874,8097.784,3.2158804,0,,,,,329.3778415539958,0.00029990185,1577.1704035248677,0.0003002487,-0.06882164,-0.014154739
1344.4689246604457,8093.2,3.2168078,-0.00040751073,5616,329.3766849240065,1577.167759597281,7324.589,2.8421335,1398.5121,1.0201129,8093.2,3.2168078,0,,,,,329.3766849240065,0.00029989527,1577.167759597281,0.00030029358,-0.07030063,-0.017956093
1344.4897576609037,8089.07,3.2195709,-0.00040783526,5617,329.3768843898932,1577.1708973877535,7320.0815,2.8445747,1405.2198,1.0220435,8089.07,3.2195709,0,,,,,329.3768843898932,0.00030021498,1577.1708973877535,0.00030107953,-0.07007369,-0.014738971
1344.5105906613321,8095.1514,3.220181,-0.00040815983,5618,329.37631844032063,1577.1683042039706,7325.9434,2.845114,1409.4823,1.0230974,8095.1514,3.220181,0,,,,,329.37631844032063,0.00030023028,1577.1683042039706,0.00030057068,-0.070085,-0.017007614
1344.55225666219,8096.1763,3.2250638,-0.00040880896,5620,329.37719547705944,1577.168714496797,7324.957,2.849428,1426.844,1.0269575,8096.1763,3.2250638,0,,,,,329.37719547705944,0.00030094586,1577.168714496797,0.00030129286,-0.06925858,-0.016909564
1344.573089662561,8093.347,3.2253838,-0.0004091336,5621,329.3759506055424,1577.1688985627788,7324.929,2.8497105,1433.3073,1.0282992,8093.347,3.2253838,0,,,,,329.3759506055424,0.00030074344,1577.1688985627788,0.00030130954,-0.07039444,-0.016711101
1344.5939226629614,8094.762,3.2271376,-0.00040945818,5622,329.3773011331404,1577.1707857518031,7325.178,2.8512602,1438.5415,1.0301888,8094.762,3.2271376,0,,,,,329.3773011331404,0.0003008641,1577.1707857518031,0.00030147727,-0.06948967,-0.014785111
1344.6147556633323,8094.7876,3.227518,-0.0004097828,5623,329.3767927722468,1577.1685865463937,7325.7476,2.8515964,1441.9269,1.0298439,8094.7876,3.227518,0,,,,,329.3767927722468,0.000301041,1577.1685865463937,0.00030152328,-0.06999577,-0.017928697
1344.6355886636732,8089.4907,3.2270591,-0.00041010746,5624,329.37674932412546,1577.1698344178726,7322.4263,2.851191,1442.4553,1.030004,8089.4907,3.2270591,0,,,,,329.37674932412546,0.00030113533,1577.1698344178726,0.0003013237,-0.07049988,-0.016072059
1344.656421664014,8089.3057,3.2280543,-0.0004104321,5625,329.3765564023193,1577.1695875722414,7318.7866,2.85207,1441.4227,1.030677,8089.3057,3.2280543,0,,,,,329.3765564023193,0.0003014808,1577.1695875722414,0.00030193402,-0.07003435,-0.016597755
1344.7189206648943,8092.4824,3.2263002,-0.00041140622,5628,329.37588933472483,1577.1686368169142,7333.221,2.8505204,1431.8008,1.0283467,8092.4824,3.2263002,0,,,,,329.37588933472483,0.0003005051,1577.1686368169142,0.0003003111,-0.070446976,-0.016388107
1344.739753665178,8092.5933,3.228111,-0.00041173093,5629,329.3763098154835,1577.1702414551603,7333.1284,2.8521204,1431.6272,1.028854,8092.5933,3.228111,0,,,,,329.3763098154835,0.00030078192,1577.1702414551603,0.0003004964,-0.06986282,-0.015159797
1344.760586665403,8090.196,3.2258298,-0.0004120557,5630,329.3759356594977,1577.1678424240301,7330.848,2.8501048,1429.2094,1.0277827,8090.196,3.2258298,0,,,,,329.3759356594977,0.00030061338,1577.1678424240301,0.00030050817,-0.070748925,-0.017798554
1344.7814196656277,8094.434,3.2265756,-0.00041238047,5631,329.3761992843121,1577.1694796488466,7334.566,2.8507636,1430.9769,1.0281185,8094.434,3.2265756,0,,,,,329.3761992843121,0.0003005261,1577.1694796488466,0.0003002519,-0.07011438,-0.015072805
1344.8022526658228,8090.26,3.225285,-0.00041270527,5632,329.376143474955,1577.167891380919,7330.704,2.8496234,1430.2504,1.027237,8090.26,3.225285,0,,,,,329.376143474955,0.00030053497,1577.167891380919,0.00030031573,-0.07052152,-0.016965007
1344.8230856660198,8090.35,3.2268128,-0.00041303007,5633,329.3760530714957,1577.1683475048555,7331.1777,2.8509734,1431.445,1.0278684,8090.35,3.2268128,0,,,,,329.3760530714957,0.0003007087,1577.1683475048555,0.00030056635,-0.070211746,-0.016122347
1344.8439186661585,8090.9106,3.2265403,-0.00041335492,5634,329.37641078810776,1577.1688134973963,7331.7837,2.8507323,1431.1499,1.0282097,8090.9106,3.2265403,0,,,,,329.37641078810776,0.0003005396,1577.1688134973963,0.0003002848,-0.07051617,-0.016415378
1344.8647516662957,8093.3887,3.2263253,-0.00041367978,5635,329.3757760668628,1577.167694336181,7333.6807,2.8505423,1428.2407,1.027645,8093.3887,3.2263253,0,,,,,329.3757760668628,0.0003005727,1577.167694336181,0.0003002849,-0.07081385,-0.01681947
1344.8855846664046,8087.741,3.224689,-0.00041400467,5636,329.37542590602607,1577.1681650874343,7328.523,2.8490968,1424.845,1.0261784,8087.741,3.224689,0,,,,,329.37542590602607,0.000300607,1577.1681650874343,0.0003003637,-0.07050986,-0.016575582
1344.9064176665133,8096.4785,3.2242942,-0.00041432955,5637,329.37573699924343,1577.1677638158385,7335.8804,2.848748,1420.7811,1.0247507,8096.4785,3.2242942,0,,,,,329.37573699924343,0.0003001693,1577.1677638158385,0.00030003258,-0.07062736,-0.017484771
1344.9272506665634,8092.079,3.2231898,-0.0004146545,5638,329.3761488164865,1577.1686298636655,7332.336,2.8477724,1416.3236,1.0245339,8092.079,3.2231898,0,,,,,329.3761488164865,0.00030025368,1577.1686298636655,0.00030004454,-0.06988777,-0.01639354
1344.948083666614,8094.7217,3.2211585,-0.00041497944,5639,329.3760224555241,1577.167513651787,7334.4116,2.8459775,1408.0446,1.0226989,8094.7217,3.2211585,0,,,,,329.3760224555241,0.00029996262,1577.167513651787,0.00029979067,-0.07115211,-0.017796423
1344.9689166666362,8092.902,3.2195184,-0.0004153044,5640,329.37642396454976,1577.1683396780354,7332.625,2.8445287,1403.8529,1.021729,8092.902,3.2195184,0,,,,,329.37642396454976,0.00029992097,1577.1683396780354,0.00029950784,-0.07004407,-0.016378742
1344.9897496666285,8090.6753,3.2193196,-0.00041562942,5641,329.3760654705393,1577.1669933915596,7330.6914,2.8443527,1398.8925,1.0209512,8090.6753,3.2193196,0,,,,,329.3760654705393,0.00030019006,1577.1669933915596,0.0002996349,-0.070591405,-0.01786353
1345.0105826665913,8091.79,3.217181,-0.00041595445,5642,329.37622262232986,1577.1687612021358,7331.531,2.8424633,1395.083,1.0191422,8091.79,3.217181,0,,,,,329.37622262232986,0.00029966075,1577.1687612021358,0.0002993807,-0.06993059,-0.016265811
1345.0314156665254,8091.9937,3.2163513,-0.0004162795,5643,329.376045297556,1577.1678904453122,7332.283,2.8417304,1390.1929,1.018601,8091.9937,3.2163513,0,,,,,329.376045297556,0.00029958255,1577.1678904453122,0.00029931488,-0.07050435,-0.017095838
1345.0522486664313,8099.0195,3.2172947,-0.0004166046,5644,329.37557987198494,1577.1677971421018,7338.0034,2.8425636,1390.4692,1.0181065,8099.0195,3.2172947,0,,,,,329.37557987198494,0.000299475,1577.1677971421018,0.00029921226,-0.07052412,-0.016912566
1345.0730816663072,8098.212,3.2181005,-0.00041692972,5645,329.3758666588252,1577.1685161056714,7337.6426,2.8432758,1395.9116,1.0196422,8098.212,3.2181005,0,,,,,329.3758666588252,0.00029947615,1577.1685161056714,0.00029924244,-0.070231825,-0.016710738
1345.0939146661535,8096.3687,3.2188382,-0.00041725487,5646,329.37589780938646,1577.1676566599147,7335.7324,2.8439276,1397.3883,1.0198629,8096.3687,3.2188382,0,,,,,329.37589780938646,0.00029966197,1577.1676566599147,0.00029947757,-0.07034447,-0.01796677
1345.1147476659712,8093.7915,3.219097,-0.00041758004,5647,329.37612853683316,1577.1689925740986,7333.1865,2.844156,1402.4927,1.0207053,8093.7915,3.219097,0,,,,,329.37612853683316,0.00029983406,1577.1689925740986,0.0002995445,-0.06994713,-0.016448325
1345.1355806657598,8096.3467,3.221316,-0.00041790525,5648,329.3757188747057,1577.1673342078163,7335.492,2.8461168,1404.9388,1.0224656,8096.3467,3.221316,0,,,,,329.3757188747057,0.00029981034,1577.1673342078163,0.00029985313,-0.07073173,-0.017983278
1345.1564136655188,8100.954,3.22195,-0.00041823048,5649,329.3761942279634,1577.1682230503802,7339.9595,2.8466768,1406.2534,1.0236387,8100.954,3.22195,0,,,,,329.3761942279634,0.00029973662,1577.1682230503802,0.00029954495,-0.07019193,-0.016827088
1345.17724666525,8100.5835,3.2219892,-0.00041855575,5650,329.37580477035306,1577.1666690006484,7339.6357,2.8467114,1408.4923,1.0229584,8100.5835,3.2219892,0,,,,,329.37580477035306,0.00029995668,1577.1666690006484,0.00029957987,-0.07036631,-0.01804027
1345.198079664952,8094.984,3.2214677,-0.00041888104,5651,329.3761442290741,1577.1681546177622,7334.5474,2.8462508,1410.0114,1.022614,8094.984,3.2214677,0,,,,,329.3761442290741,0.00030001055,1577.1681546177622,0.0002997407,-0.06971606,-0.0167288
1345.2189126646235,8095.7363,3.22088,-0.00041920636,5652,329.3757016225459,1577.167284459374,7334.6772,2.8457317,1408.5656,1.0222436,8095.7363,3.22088,0,,,,,329.3757016225459,0.00029994705,1577.167284459374,0.00029971046,-0.070287175,-0.017877536
1345.2397456642668,8096.0264,3.2201726,-0.00041953172,5653,329.3757781170901,1577.167497935461,7334.388,2.8451066,1403.655,1.0216838,8096.0264,3.2201726,0,,,,,329.3757781170901,0.0002998291,1577.167497935461,0.00029966098,-0.070969954,-0.01780079
1345.260578663881,8096.6255,3.2181463,-0.0004198571,5654,329.3759847803411,1577.166850941835,7334.9565,2.8433163,1396.3756,1.0203149,8096.6255,3.2181463,0,,,,,329.3759847803411,0.00029958473,1577.166850941835,0.00029945356,-0.07001067,-0.018240374
1345.2814116634368,8096.3613,3.2186089,-0.00042018254,5655,329.3753789459193,1577.166941857681,7335.161,2.843725,1389.9067,1.0197976,8096.3613,3.2186089,0,,,,,329.3753789459193,0.00029981387,1577.166941857681,0.00029948255,-0.07071022,-0.0179591
1345.3022446629634,8096.99,3.2155807,-0.000420508,5656,329.376383865911,1577.1673469805792,7335.9233,2.8410494,1384.5594,1.0179542,8096.99,3.2155807,0,,,,,329.376383865911,0.0002993117,1577.1673469805792,0.00029902192,-0.070213035,-0.01750643
1345.323077662461,8096.443,3.2136893,-0.0004208335,5657,329.37540711175365,1577.1668787744798,7334.714,2.8393784,1377.039,1.0154666,8096.443,3.2136893,0,,,,,329.37540711175365,0.00029919116,1577.1668787744798,0.0002990689,-0.07090977,-0.018637197
1345.3439106619296,8098.1743,3.213184,-0.00042115903,5658,329.37651805563826,1577.1670005321657,7336.539,2.838932,1373.2472,1.0142324,8098.1743,3.213184,0,,,,,329.37651805563826,0.00029925743,1577.1670005321657,0.00029889983,-0.069920495,-0.018662438
1345.3647436613683,8096.3687,3.2127125,-0.00042148458,5659,329.3752367759701,1577.1684534976412,7335.1304,2.8385153,1370.9084,1.0158656,8096.3687,3.2127125,0,,,,,329.3752367759701,0.00029899858,1577.1684534976412,0.0002988255,-0.07082922,-0.017320223
1345.3855766607503,8094.389,3.2121098,-0.0004218102,5660,329.37597655913174,1577.16707496512,7332.333,2.837983,1370.485,1.0140227,8094.389,3.2121098,0,,,,,329.37597655913174,0.00029910123,1577.16707496512,0.0002989497,-0.07025306,-0.018045755
1345.4064096601032,8095.966,3.2135136,-0.00042213584,5661,329.37595212670743,1577.1667266764262,7334.028,2.8392231,1372.2362,1.0156337,8095.966,3.2135136,0,,,,,329.37595212670743,0.00029914663,1577.1667266764262,0.00029904276,-0.07014027,-0.018686574
1345.4272426594255,8093.682,3.212886,-0.0004224615,5662,329.3755246422396,1577.166731058999,7332.2764,2.8386688,1375.3319,1.0155559,8093.682,3.212886,0,,,,,329.3755246422396,0.00029914555,1577.166731058999,0.00029905592,-0.07055488,-0.018799629
1345.4480756586895,8086.355,3.2131226,-0.00042278724,5663,329.3758049251725,1577.167910369699,7325.416,2.8388777,1381.3469,1.0163692,8086.355,3.2131226,0,,,,,329.3758049251725,0.00029952693,1577.167910369699,0.0002992328,-0.07034992,-0.017543605
1345.4689086579544,8093.612,3.214273,-0.00042311297,5664,329.3757062346793,1577.1661015047855,7331.4844,2.8398938,1383.9025,1.0169609,8093.612,3.214273,0,,,,,329.3757062346793,0.00029940635,1577.1661015047855,0.0002993398,-0.07052628,-0.019798089
1345.4897416571325,8094.652,3.2172463,-0.0004234388,5665,329.3758409832915,1577.1671892780978,7332.583,2.8425212,1391.3308,1.0196185,8094.652,3.2172463,0,,,,,329.3758409832915,0.00029969536,1577.1671892780978,0.00029946063,-0.07035407,-0.017951261
1345.5105746563102,8094.7803,3.218357,-0.0004237646,5666,329.3757237794092,1577.1660002346007,7332.535,2.8435025,1397.6505,1.0196391,8094.7803,3.218357,0,,,,,329.3757237794092,0.00029973805,1577.1660002346007,0.00029976544,-0.070473045,-0.019515704
1345.5314076554296,8094.3745,3.2191167,-0.00042409048,5667,329.3753492730437,1577.166638888181,7331.2607,2.8441737,1404.7363,1.0212891,8094.3745,3.2191167,0,,,,,329.3753492730437,0.00029985738,1577.166638888181,0.0002998825,-0.07031694,-0.019280966
1345.5522406545197,8094.7544,3.222425,-0.0004244164,5668,329.3760326307823,1577.1668792004114,7332.333,2.8470964,1411.4777,1.0244979,8094.7544,3.222425,0,,,,,329.3760326307823,0.00030004777,1577.1668792004114,0.00030009734,-0.0702716,-0.018269507
1345.573073653551,8099.0107,3.2242718,-0.00042474235,5669,329.37582574653874,1577.16560546009,7335.376,2.8487284,1418.7299,1.0249457,8099.0107,3.2242718,0,,,,,329.37582574653874,0.00030016282,1577.16560546009,0.0003003171,-0.070075005,-0.020414688
1345.5939066525539,8099.116,3.2251887,-0.00042506834,5670,329.37576947645744,1577.1678743981279,7337.068,2.8495383,1424.0608,1.0258769,8099.116,3.2251887,0,,,,,329.37576947645744,0.00030030185,1577.1678743981279,0.00030021035,-0.07038883,-0.017763404
1345.6147396514993,8096.334,3.225611,-0.0004253944,5671,329.3755390821609,1577.1656437554732,7332.025,2.8499117,1428.3246,1.026347,8096.334,3.225611,0,,,,,329.3755390821609,0.0003004311,1577.1656437554732,0.00030074807,-0.07053848,-0.020143686
1345.6355726504148,8096.9375,3.2263718,-0.00042572047,5672,329.3763431480187,1577.1665516869566,7333.7534,2.8505838,1429.1295,1.0277272,8096.9375,3.2263718,0,,,,,329.3763431480187,0.00030060267,1577.1665516869566,0.00030048814,-0.06981367,-0.018707221
1345.6564056493007,8093.2197,3.2256153,-0.00042604658,5673,329.37508855020354,1577.1658712709125,7329.6606,2.849915,1429.9146,1.0278927,8093.2197,3.2256153,0,,,,,329.37508855020354,0.0003005357,1577.1658712709125,0.0003007063,-0.070943825,-0.020238975
1345.6772386481289,8097.6074,3.2262943,-0.00042637275,5674,329.37569153574384,1577.1665649616798,7333.8066,2.8505154,1426.5657,1.0269209,8097.6074,3.2262943,0,,,,,329.37569153574384,0.0003005632,1577.1665649616798,0.00030057903,-0.069944136,-0.018410131
1345.6980716468997,8098.407,3.2259564,-0.00042669897,5675,329.37616907737953,1577.1658773123843,7333.4688,2.8502166,1422.1416,1.0262474,8098.407,3.2259564,0,,,,,329.37616907737953,0.00030075238,1577.1658773123843,0.0003005432,-0.069655865,-0.019704148
1345.7189046456406,8096.379,3.2252169,-0.00042702522,5676,329.37540867095356,1577.1658426944427,7331.565,2.8495631,1421.4506,1.0260676,8096.379,3.2252169,0,,,,,329.37540867095356,0.00030069586,1577.1658426944427,0.00030064175,-0.07055933,-0.019429091
1345.7397376443228,8100.262,3.2247689,-0.00042735154,5677,329.37569232795437,1577.1670157516578,7335.4644,2.8491673,1419.728,1.024989,8100.262,3.2247689,0,,,,,329.37569232795437,0.00030034946,1577.1670157516578,0.0003004509,-0.07015766,-0.018701157
1345.7605706429763,8099.1416,3.2246177,-0.00042767788,5678,329.37529800252884,1577.165687324116,7335.0996,2.849034,1419.7662,1.02579,8099.1416,3.2246177,0,,,,,329.37529800252884,0.00030026562,1577.165687324116,0.00030037237,-0.07046029,-0.019852038
1345.7814036415725,8098.894,3.2241497,-0.00042800428,5679,329.3759804298932,1577.166961394805,7333.7295,2.8486204,1420.5498,1.02562,8098.894,3.2241497,0,,,,,329.3759804298932,0.0003003125,1577.166961394805,0.00030032638,-0.069724254,-0.018589856
1345.8022366401387,8104.1113,3.2248087,-0.0004283307,5680,329.37558875885065,1577.1651163016752,7338.019,2.8492026,1420.939,1.0257978,8104.1113,3.2248087,0,,,,,329.37558875885065,0.0003001694,1577.1651163016752,0.00030036838,-0.07046425,-0.020865772
1345.8230696386468,8098.8286,3.2244647,-0.0004286572,5681,329.37635665995094,1577.1663299799452,7334.1416,2.848899,1422.9904,1.0256866,8098.8286,3.2244647,0,,,,,329.37635665995094,0.00030024376,1577.1663299799452,0.00030046,-0.0698908,-0.019454215
1345.8439026370966,8099.0854,3.2238455,-0.00042898374,5682,329.37542448564875,1577.1658049467724,7333.449,2.8483517,1421.3817,1.0251062,8099.0854,3.2238455,0,,,,,329.37542448564875,0.00030026623,1577.1658049467724,0.00030047607,-0.07031007,-0.020311978
1345.8647356354877,8094.3345,3.2234926,-0.00042931034,5683,329.37542282513476,1577.166487836203,7329.72,2.8480399,1418.8129,1.0249051,8094.3345,3.2234926,0,,,,,329.37542282513476,0.00030049478,1577.166487836203,0.00030054964,-0.07109519,-0.019126233
1345.885568633851,8101.9854,3.223538,-0.00042963697,5684,329.37624437195444,1577.1660141169916,7337.272,2.84808,1418.8636,1.0245245,8101.9854,3.223538,0,,,,,329.37624437195444,0.0003000828,1577.1660141169916,0.00030023776,-0.06903025,-0.02014779
1345.906401632156,8095.511,3.2215781,-0.00042996366,5685,329.37527352352805,1577.1648296039873,7330.442,2.846348,1411.9557,1.0231351,8095.511,3.2215781,0,,,,,329.37527352352805,0.00029995735,1577.1648296039873,0.00030041768,-0.07078699,-0.0212118
1345.9272346304306,8098.2183,3.2207985,-0.00043029038,5686,329.3769158227764,1577.168741095714,7332.681,2.8456595,1409.1233,1.0223095,8098.2183,3.2207985,0,,,,,329.3769158227764,0.00029998235,1577.168741095714,0.00030014207,-0.069010854,-0.016865563
1345.948067628647,8090.216,3.2193859,-0.00043061716,5687,329.3751962173738,1577.1654611241788,7326.057,2.8444116,1406.0922,1.0217197,8090.216,3.2193859,0,,,,,329.3751962173738,0.0003001031,1577.1654611241788,0.00030028407,-0.07106181,-0.020283714
1345.9689006268068,8092.9204,3.2186074,-0.000430944,5688,329.37624856341193,1577.165661021853,7327.098,2.8437238,1400.7698,1.0209253,8092.9204,3.2186074,0,,,,,329.37624856341193,0.00030002565,1577.165661021853,0.00030026204,-0.06968778,-0.020387817
1345.989733624908,8089.042,3.2163184,-0.0004312709,5689,329.37571343060597,1577.165130766309,7323.2725,2.841701,1397.1454,1.0198988,8089.042,3.2163184,0,,,,,329.37571343060597,0.00029986576,1577.165130766309,0.00030014597,-0.070241585,-0.021269409
1346.0105666229497,8092.655,3.2169378,-0.00043159784,5690,329.37536598426067,1577.1669426345986,7327.7075,2.8422482,1394.3625,1.0190881,8092.655,3.2169378,0,,,,,329.37536598426067,0.00029985982,1577.1669426345986,0.00030006366,-0.070608616,-0.019036459
1346.0313996209632,8089.1245,3.216218,-0.00043192483,5691,329.37520168691407,1577.1650204968591,7324.1084,2.8416126,1394.2839,1.0196391,8089.1245,3.216218,0,,,,,329.37520168691407,0.00029990572,1577.1650204968591,0.00030003497,-0.0697886,-0.02048116
1346.0522326188893,8089.2725,3.2163942,-0.0004322519,5692,329.3757296981919,1577.1645299649697,7324.3877,2.8417683,1393.7572,1.0196879,8089.2725,3.2163942,0,,,,,329.3757296981919,0.00029976686,1577.1645299649697,0.00030008476,-0.0699449,-0.021021666
1346.0730656167862,8093.2217,3.2169898,-0.000432579,5693,329.37530090065826,1577.1669588026082,7327.9326,2.8422945,1395.3597,1.0198587,8093.2217,3.2169898,0,,,,,329.37530090065826,0.0002997646,1577.1669588026082,0.00030008005,-0.07041285,-0.019432861
1346.0938986146248,8093.2354,3.21676,-0.00043290615,5694,329.375172310207,1577.165506452499,7326.355,2.8420913,1397.9108,1.019717,8093.2354,3.21676,0,,,,,329.375172310207,0.0002998902,1577.165506452499,0.000300209,-0.0702856,-0.021218397
1346.1147316124054,8092.4233,3.218238,-0.00043323336,5695,329.37605830704,1577.1668613669644,7326.933,2.8433974,1400.8828,1.0210016,8092.4233,3.218238,0,,,,,329.37605830704,0.0002999591,1577.1668613669644,0.0003002949,-0.06943184,-0.019068828
1346.135564610157,8095.4077,3.2197027,-0.0004335606,5696,329.3756175734294,1577.1637139105876,7329.618,2.8446915,1405.5492,1.0230438,8095.4077,3.2197027,0,,,,,329.3756175734294,0.0002998963,1577.1637139105876,0.00030026215,-0.070393875,-0.023042064
1346.156397607821,8097.9624,3.2207139,-0.00043388794,5697,329.37579763172187,1577.166260100349,7330.6235,2.8455846,1409.0406,1.0225325,8097.9624,3.2207139,0,,,,,329.37579763172187,0.0003001099,1577.166260100349,0.00030036367,-0.069717,-0.01907406
1346.1772306054277,8094.07,3.2212527,-0.00043421533,5698,329.3750537783912,1577.1657402033043,7328.062,2.8460605,1411.4232,1.0234792,8094.07,3.2212527,0,,,,,329.3750537783912,0.0003001433,1577.1657402033043,0.00030066146,-0.07046924,-0.020342775
1346.1980636030044,8092.3687,3.2234123,-0.00043454274,5699,329.37586476502935,1577.1651500261885,7324.986,2.8479688,1413.6254,1.0238264,8092.3687,3.2234123,0,,,,,329.37586476502935,0.00030042639,1577.1651500261885,0.00030114604,-0.06965301,-0.02076233
1346.2188966004933,8091.1846,3.2210228,-0.00043487025,5700,329.3755534962559,1577.1649844502679,7325.8076,2.8458579,1410.6411,1.0237173,8091.1846,3.2210228,0,,,,,329.3755534962559,0.00030015266,1577.1649844502679,0.0003007137,-0.07031295,-0.021347096
1346.2397295979245,8098.586,3.2200668,-0.0004351978,5701,329.3759177548743,1577.1650210754633,7331.7417,2.8450131,1403.7079,1.0225843,8098.586,3.2200668,0,,,,,329.3759177548743,0.00029993415,1577.1650210754633,0.0003001925,-0.06967693,-0.020835806
1346.2605625953274,8096.944,3.21886,-0.0004355254,5702,329.3751771931094,1577.1649412774304,7329.5034,2.8439467,1400.3335,1.0207905,8096.944,3.21886,0,,,,,329.3751771931094,0.00029985106,1577.1649412774304,0.00030038797,-0.070519514,-0.020991305
1346.2813955926422,8089.2363,3.2167702,-0.0004358531,5703,329.37600268002274,1577.164947383744,7323.524,2.8421004,1394.4385,1.019004,8089.2363,3.2167702,0,,,,,329.37600268002274,0.00029991526,1577.164947383744,0.0003003249,-0.06967797,-0.021096263
1346.3022285898983,8098.2856,3.2144878,-0.00043618082,5704,329.3756645636536,1577.164818072071,7331.4175,2.8400836,1385.8704,1.0170871,8098.2856,3.2144878,0,,,,,329.3756645636536,0.00029929934,1577.164818072071,0.00029983153,-0.06990207,-0.02159238
1346.3230615870973,8090.323,3.2124684,-0.00043650862,5705,329.3757105618963,1577.164337181261,7322.892,2.8382995,1379.9824,1.016613,8090.323,3.2124684,0,,,,,329.3757105618963,0.0002994046,1577.164337181261,0.00030008476,-0.07010232,-0.022200357
1346.3438945842381,8094.131,3.2116442,-0.00043683648,5706,329.3758790582092,1577.1644857398219,7327.736,2.8375714,1373.4181,1.0147808,8094.131,3.2116442,0,,,,,329.3758790582092,0.0002992878,1577.1644857398219,0.00029959486,-0.06991593,-0.0215869
1346.3647275813196,8102.0464,3.2119243,-0.0004371644,5707,329.37589683152856,1577.1645843438482,7333.347,2.837819,1369.8124,1.013629,8102.0464,3.2119243,0,,,,,329.37589683152856,0.0002990209,1577.1645843438482,0.00029946194,-0.07017218,-0.02183704
1346.3855605783426,8091.1187,3.2094865,-0.00043749236,5708,329.37552768519384,1577.1653239988937,7323.6846,2.835665,1368.1805,1.0128788,8091.1187,3.2094865,0,,,,,329.37552768519384,0.00029919704,1577.1653239988937,0.00029961905,-0.06981174,-0.019930376
1346.4063935753088,8094.9727,3.210081,-0.0004378204,5709,329.3758391827139,1577.1643570375643,7326.756,2.8361902,1366.5402,1.0133314,8094.9727,3.210081,0,,,,,329.3758391827139,0.00029917606,1577.1643570375643,0.0002996602,-0.069728,-0.022685738
1346.427226572188,8098.208,3.2099967,-0.0004381485,5710,329.37533623757884,1577.164394622218,7328.3076,2.836116,1367.4103,1.0132161,8098.208,3.2099967,0,,,,,329.37533623757884,0.00029916037,1577.164394622218,0.0002995488,-0.07007706,-0.022144986
1346.4480595690366,8091.623,3.20977,-0.00043847665,5711,329.37523673729896,1577.1640686130502,7323.2393,2.8359156,1370.1334,1.014035,8091.623,3.20977,0,,,,,329.37523673729896,0.0002991638,1577.1640686130502,0.00029975316,-0.06968201,-0.022341073
1346.4688925657983,8097.8726,3.2122781,-0.00043880488,5712,329.3760238414939,1577.1637234299558,7328.595,2.8381314,1373.1146,1.0155506,8097.8726,3.2122781,0,,,,,329.3760238414939,0.00029932192,1577.1637234299558,0.00029980787,-0.06912641,-0.023015095
1346.4897255625028,8094.2646,3.214321,-0.00043913317,5713,329.3756353318952,1577.1646389825823,7326.471,2.8399363,1377.8317,1.0167999,8094.2646,3.214321,0,,,,,329.3756353318952,0.00029968008,1577.1646389825823,0.00030003587,-0.07033226,-0.021766601
1346.510558559119,8097.7373,3.2154522,-0.00043946155,5714,329.3753319112822,1577.1636398309356,7329.4165,2.840936,1383.2991,1.0169034,8097.7373,3.2154522,0,,,,,329.3753319112822,0.00029953237,1577.1636398309356,0.00030024393,-0.06987395,-0.022935485
1346.5313915557063,8093.1045,3.2184026,-0.00043978996,5715,329.37672857930664,1577.166396107692,7325.45,2.8435426,1390.0988,1.0196316,8093.1045,3.2184026,0,,,,,329.37672857930664,0.00029989317,1577.166396107692,0.0003006008,-0.06943382,-0.019648908
1346.5522245522063,8093.109,3.21662,-0.00044011846,5716,329.37539826901894,1577.1624060477707,7324.5615,2.8419676,1397.8254,1.0201885,8093.109,3.21662,0,,,,,329.37539826901894,0.00029981034,1577.1624060477707,0.00030057176,-0.069849364,-0.025019702
1346.573057548619,8096.1694,3.2226822,-0.00044044704,5717,329.3758358311648,1577.1655500151269,7328.6587,2.847324,1405.4312,1.0232955,8096.1694,3.2226822,0,,,,,329.3758358311648,0.00030004812,1577.1655500151269,0.0003010659,-0.069796145,-0.020662986
1346.5938905450025,8096.35,3.2218733,-0.00044077565,5718,329.37545140879416,1577.1626161148392,7328.184,2.846609,1412.7788,1.0246155,8096.35,3.2218733,0,,,,,329.37545140879416,0.000300342,1577.1626161148392,0.0003006665,-0.06989905,-0.024017587
1346.6147235412986,8096.5796,3.2237654,-0.00044110435,5719,329.3753386214711,1577.16403737992,7329.0747,2.8482807,1419.0731,1.0261073,8096.5796,3.2237654,0,,,,,329.3753386214711,0.00030045467,1577.16403737992,0.00030085,-0.069600835,-0.02181821
1346.6355565375368,8095.635,3.2253637,-0.0004414331,5720,329.3751812340044,1577.1636749787237,7327.803,2.8496928,1418.8441,1.0266985,8095.635,3.2253637,0,,,,,329.3751812340044,0.00030060962,1577.1636749787237,0.0003012727,-0.0698393,-0.02269669
1346.6563895336876,8094.8926,3.2226129,-0.00044176195,5721,329.37546184953857,1577.1643856416804,7323.996,2.8472624,1420.2526,1.0255718,8094.8926,3.2226129,0,,,,,329.37546184953857,0.0003004591,1577.1643856416804,0.00030129548,-0.06955476,-0.022451798
1346.6772225297807,8091.2,3.2220466,-0.00044209085,5722,329.3748636357707,1577.1644567645317,7318.7964,2.846762,1418.7147,1.0255564,8091.2,3.2220466,0,,,,,329.3748636357707,0.00030061873,1577.1644567645317,0.0003016256,-0.07069967,-0.022535935
1346.698055525786,8093.504,3.2222674,-0.00044241984,5723,329.3761385689295,1577.1607903638212,7325.6343,2.8469574,1417.0862,1.0246184,8093.504,3.2222674,0,,,,,329.3761385689295,0.00030048372,1577.1607903638212,0.0003009775,-0.06911011,-0.025599996
1346.7188885217329,8098.4434,3.221839,-0.0004427489,5724,329.3756280328697,1577.16479574227,7324.402,2.8465788,1413.9855,1.0240271,8098.4434,3.221839,0,,,,,329.3756280328697,0.0003005803,1577.16479574227,0.00030145983,-0.06928016,-0.022455737
1346.7397215176215,8099.476,3.222087,-0.000443078,5725,329.37581679703413,1577.1622687867741,7329.823,2.846798,1409.8297,1.0229609,8099.476,3.222087,0,,,,,329.37581679703413,0.00030022333,1577.1622687867741,0.00030117037,-0.069735765,-0.024922723
1346.7605545134231,8094.3057,3.22221,-0.0004434072,5726,329.3759164206331,1577.1643385126004,7324.9272,2.8469067,1410.0476,1.0235541,8094.3057,3.22221,0,,,,,329.3759164206331,0.00030029842,1577.1643385126004,0.00030124158,-0.06982796,-0.022673808
1346.7813875091374,8092.3613,3.2200346,-0.00044373647,5727,329.3746684631535,1577.1623556307043,7326.3623,2.8449848,1410.2416,1.0227995,8092.3613,3.2200346,0,,,,,329.3746684631535,0.00030014451,1577.1623556307043,0.00030060418,-0.06996685,-0.023839325
1346.8022205047932,8098.1357,3.221377,-0.0004440658,5728,329.3755054694859,1577.163842265567,7329.783,2.8461707,1412.0388,1.0237206,8098.1357,3.221377,0,,,,,329.3755054694859,0.0003001745,1577.163842265567,0.0003006635,-0.06985979,-0.022190612
1346.8230535003918,8088.7993,3.2206292,-0.0004443952,5729,329.3751553118248,1577.1631687837987,7323.0586,2.84551,1412.8394,1.0229992,8088.7993,3.2206292,0,,,,,329.3751553118248,0.00030038864,1577.1631687837987,0.00030080334,-0.0695735,-0.022975707
1346.843886495902,8085.1987,3.221366,-0.0004447247,5730,329.3763509119935,1577.1627258440387,7315.1445,2.846161,1418.029,1.0262595,8085.1987,3.221366,0,,,,,329.3763509119935,0.0003007544,1577.1627258440387,0.00030144674,-0.06884796,-0.023797031
1346.8647194913246,8088.4033,3.2224352,-0.00044505426,5731,329.3749979751838,1577.1632867588414,7321.073,2.8471055,1417.8473,1.025895,8088.4033,3.2224352,0,,,,,329.3749979751838,0.00030051082,1577.1632867588414,0.00030127188,-0.06990238,-0.022622745
1346.8855524866603,8097.5576,3.2229857,-0.00044538392,5732,329.37554769890846,1577.1630827398749,7330.594,2.847592,1415.3007,1.024788,8097.5576,3.2229857,0,,,,,329.37554769890846,0.00030035133,1577.1630827398749,0.00030082578,-0.06948703,-0.024173262
1346.9063854819387,8089.8613,3.2201395,-0.00044571364,5733,329.3749118482969,1577.162441774098,7322.2666,2.8450773,1411.9122,1.0235904,8089.8613,3.2201395,0,,,,,329.3749118482969,0.00030038552,1577.162441774098,0.00030098684,-0.07022592,-0.024619749
1346.927218477158,8091.671,3.2203844,-0.0004460434,5734,329.3761184637959,1577.163336334828,7325.287,2.8452935,1410.7385,1.0230348,8091.671,3.2203844,0,,,,,329.3761184637959,0.00030037883,1577.163336334828,0.00030071154,-0.069180265,-0.023508253
1346.94805147229,8095.5645,3.2217665,-0.00044637328,5735,329.375639135745,1577.1621589812132,7328.3237,2.8465147,1407.034,1.0222021,8095.5645,3.2217665,0,,,,,329.375639135745,0.0003001653,1577.1621589812132,0.00030099184,-0.06957569,-0.024190497
1346.9688844673065,8091.8525,3.218867,-0.00044670326,5736,329.3753833921927,1577.1620709068768,7326.253,2.843953,1402.1461,1.0209554,8091.8525,3.218867,0,,,,,329.3753833921927,0.00030010525,1577.1620709068768,0.00030041646,-0.07004403,-0.024129491
1346.989717462293,8096.4326,3.2176929,-0.00044703326,5737,329.3755115587895,1577.1628366440736,7328.599,2.8429155,1399.2661,1.0202638,8096.4326,3.2176929,0,,,,,329.3755115587895,0.0002997545,1577.1628366440736,0.00030029693,-0.06967671,-0.023623051
1347.0105504571625,8094.735,3.217488,-0.0004473634,5738,329.37472055825407,1577.160906759634,7325.868,2.8427346,1396.4581,1.0207384,8094.735,3.217488,0,,,,,329.37472055825407,0.00029977105,1577.160906759634,0.0003006505,-0.0705778,-0.026226513
1347.0313834519743,8092.1562,3.2162647,-0.00044769357,5739,329.37675880511875,1577.1623595046474,7324.6885,2.8416538,1393.009,1.0196398,8092.1562,3.2162647,0,,,,,329.37675880511875,0.00029986163,1577.1623595046474,0.00030031905,-0.06810077,-0.024710445
1347.0522164466997,8094.8906,3.215477,-0.00044802384,5740,329.37417673950875,1577.1648810457048,7320.932,2.8409576,1391.125,1.0192664,8094.8906,3.215477,0,,,,,329.37417673950875,0.00030000138,1577.1648810457048,0.0003007608,-0.07038367,-0.02228124
1347.073049441337,8095.6904,3.215685,-0.0004483542,5741,329.37555774584246,1577.162850571178,7326.33,2.8411412,1391.4076,1.0189091,8095.6904,3.215685,0,,,,,329.37555774584246,0.0002997578,1577.162850571178,0.00030030985,-0.06964027,-0.024077741
1347.0938824358868,8091.969,3.2163565,-0.00044868464,5742,329.37541031742836,1577.1631452773524,7324.1426,2.8417346,1394.2336,1.0200831,8091.969,3.2163565,0,,,,,329.37541031742836,0.00029980857,1577.1631452773524,0.00030029612,-0.06982815,-0.02285581
1347.1147154303794,8100.969,3.2179677,-0.00044901515,5743,329.3747910556237,1577.162737384592,7333.1704,2.8431582,1393.6053,1.0194745,8100.969,3.2179677,0,,,,,329.3747910556237,0.0002996375,1577.162737384592,0.00030023552,-0.069849685,-0.024093674
1347.1355484247547,8093.7563,3.21728,-0.00044934577,5744,329.37492646350626,1577.1620347831956,7325.3906,2.8425505,1396.6389,1.0200107,8093.7563,3.21728,0,,,,,329.37492646350626,0.00030000167,1577.1620347831956,0.0003005017,-0.07000239,-0.025063084
1347.1563814190713,8095.134,3.2177656,-0.00044967644,5745,329.3756603124215,1577.160714749609,7325.1895,2.8429797,1398.2979,1.0207299,8095.134,3.2177656,0,,,,,329.3756603124215,0.0002999771,1577.160714749609,0.0003006855,-0.06970112,-0.025625646
1347.2188804014704,8090.3096,3.2177312,-0.00045066903,5748,329.37497703106544,1577.1621503382662,7330.6265,2.8429494,1395.7097,1.0201654,8090.3096,3.2177312,0,,,,,329.37497703106544,0.0002996925,1577.1621503382662,0.00029963593,-0.0699626,-0.023931565
1347.2397133954385,8093.0176,3.2169743,-0.00045100006,5749,329.3745279728011,1577.1627792338347,7332.587,2.8422809,1390.4397,1.0190116,8093.0176,3.2169743,0,,,,,329.3745279728011,0.000299639,1577.1627792338347,0.00029954078,-0.069935136,-0.024199335
1347.2605463893196,8096.2446,3.2150674,-0.00045133117,5750,329.37469331305186,1577.1621029455862,7335.3486,2.8405957,1382.8668,1.0174135,8096.2446,3.2150674,0,,,,,329.37469331305186,0.0002993255,1577.1621029455862,0.0002992751,-0.069829375,-0.02445947
1347.281379383113,8094.836,3.2131236,-0.00045166237,5751,329.37489956891335,1577.1610858310974,7334.0244,2.8388784,1376.0961,1.0149857,8094.836,3.2131236,0,,,,,329.37489956891335,0.0002992223,1577.1610858310974,0.00029904942,-0.07005715,-0.02427281
1347.3022123768192,8100.5073,3.211274,-0.00045199366,5752,329.3749851840759,1577.1611320704503,7338.3223,2.8372445,1367.1008,1.0130103,8100.5073,3.211274,0,,,,,329.3749851840759,0.00029878877,1577.1611320704503,0.00029877695,-0.06985353,-0.025424099
1347.3230453704093,8095.5605,3.2097056,-0.00045232507,5753,329.3755200050879,1577.160972262008,7331.594,2.8358586,1361.5304,1.0120072,8095.5605,3.2097056,0,,,,,329.3755200050879,0.00029870446,1577.160972262008,0.000299127,-0.06849951,-0.025507499
1347.3438783639408,8089.5425,3.2069838,-0.00045265653,5754,329.37437142362563,1577.1608704303333,7328.962,2.833454,1353.9329,1.0099369,8089.5425,3.2069838,0,,,,,329.37437142362563,0.00029873327,1577.1608704303333,0.00029868635,-0.0704015,-0.025293164
1347.4063773439527,8095.1816,3.206397,-0.0004536515,5757,329.37568099814774,1577.1628333251774,7330.3154,2.8329353,1344.1208,1.0088043,8095.1816,3.206397,0,,,,,329.37568099814774,0.00029875257,1577.1628333251774,0.00029879168,-0.06978379,-0.024336174
1347.4272103370768,8091.8135,3.2055697,-0.00045398338,5758,329.37573089950695,1577.1606659510537,7322.636,2.8322046,1345.6652,1.0094416,8091.8135,3.2055697,0,,,,,329.37573089950695,0.00029930574,1577.1606659510537,0.00029903985,-0.06928996,-0.025851937
1347.4480433301424,8093.239,3.2050912,-0.0004543153,5759,329.3751219466881,1577.1614758959142,7322.7266,2.8317816,1346.2554,1.0094578,8093.239,3.2050912,0,,,,,329.3751219466881,0.0002990284,1577.1614758959142,0.0002990904,-0.07045757,-0.025038088
1347.5313753014163,8095.8257,3.2082605,-0.000455644,5763,329.37431857135715,1577.1610603174224,7324.394,2.8345819,1358.7742,1.0117075,8095.8257,3.2082605,0,,,,,329.37431857135715,0.00029917146,1577.1610603174224,0.0002996413,-0.070786394,-0.025707442
1347.5730412864425,8095.5396,3.210946,-0.00045630898,5765,329.3742023373763,1577.1606516245279,7325.684,2.8369546,1370.2975,1.0144339,8095.5396,3.210946,0,,,,,329.3742023373763,0.00029945295,1577.1606516245279,0.00029968828,-0.07053801,-0.026169902
1347.593874278839,8097.0103,3.2109969,-0.00045664157,5766,329.3768813260609,1577.1623321806042,7315.5,2.8369994,1375.8916,1.0155835,8097.0103,3.2109969,0,,,,,329.3768813260609,0.0003002733,1577.1623321806042,0.00030080962,-0.06865055,-0.02496019
1347.6147072711187,8087.2417,3.212649,-0.0004569743,5767,329.3747560086233,1577.1602905074274,7319.5825,2.8384593,1380.2615,1.0179193,8087.2417,3.212649,0,,,,,329.3747560086233,0.00029980895,1577.1602905074274,0.00030014123,-0.070477106,-0.027048482
1347.635540263283,8102.683,3.214182,-0.00045730712,5768,329.3746098065478,1577.1591686161187,7330.021,2.8398135,1380.3789,1.01644,8102.683,3.214182,0,,,,,329.3746098065478,0.0002994781,1577.1591686161187,0.00030006145,-0.069199495,-0.027944317
1347.656373255359,8094.2803,3.2133026,-0.00045764004,5769,329.37624822065095,1577.1612062881218,7326.0444,2.8390367,1381.2684,1.0162787,8094.2803,3.2133026,0,,,,,329.37624822065095,0.00029983686,1577.1612062881218,0.0002998568,-0.06899717,-0.02485469
1347.6772062473183,8091.9937,3.2135856,-0.00045797307,5770,329.3738351402985,1577.158301084455,7321.1455,2.8392868,1381.378,1.016449,8091.9937,3.2135856,0,,,,,329.3738351402985,0.0002999888,1577.158301084455,0.00030035988,-0.07165176,-0.02880122
1347.6980392391906,8098.1914,3.214013,-0.0004583062,5771,329.37500743158,1577.1621922365582,7323.454,2.8396642,1379.3839,1.0170459,8098.1914,3.214013,0,,,,,329.37500743158,0.0003001971,1577.1621922365582,0.00030028404,-0.06971397,-0.024202218
1347.7188722309766,8097.659,3.2125943,-0.0004586394,5772,329.37600478184964,1577.1603786657345,7322.5903,2.838411,1377.534,1.0160639,8097.659,3.2125943,0,,,,,329.37600478184964,0.0002998151,1577.1603786657345,0.00030007848,-0.06868028,-0.026431011
1347.781371205634,8094.144,3.2146597,-0.00045963973,5775,329.3734523617146,1577.1589444236145,7323.163,2.8402355,1377.9221,1.0170786,8094.144,3.2146597,0,,,,,329.3734523617146,0.00029999064,1577.1589444236145,0.00030041643,-0.07133844,-0.027896097
1347.8230371882141,8099.7256,3.216129,-0.00046030714,5777,329.3756265311785,1577.1591046300437,7328.4272,2.841534,1384.5852,1.0197433,8099.7256,3.216129,0,,,,,329.3756265311785,0.00029991084,1577.1591046300437,0.0003000188,-0.06937039,-0.028025994
1347.8438701793305,8098.096,3.2147098,-0.00046064102,5778,329.3742910734632,1577.1593523421586,7321.0674,2.8402798,1387.362,1.019249,8098.096,3.2147098,0,,,,,329.3742910734632,0.0003001133,1577.1593523421586,0.00030070147,-0.07108768,-0.026791275
1347.8647031703595,8092.802,3.2140558,-0.000460975,5779,329.37541547238175,1577.1585876783677,7313.149,2.8397021,1390.2634,1.0191137,8092.802,3.2140558,0,,,,,329.37541547238175,0.00030019094,1577.1585876783677,0.00030116667,-0.0694709,-0.028927268
1347.8855361612418,8099.0776,3.2162712,-0.0004613091,5780,329.37507629367985,1577.1618797445472,7324.77,2.8416595,1391.5144,1.0191445,8099.0776,3.2162712,0,,,,,329.37507629367985,0.0003001512,1577.1618797445472,0.00030035328,-0.06983466,-0.024656974
1347.9063691520382,8095.405,3.2149398,-0.0004616433,5781,329.3741124410897,1577.1588283220146,7315.8438,2.8404832,1390.8914,1.0191814,8095.405,3.2149398,0,,,,,329.3741124410897,0.0003006699,1577.1588283220146,0.0003008657,-0.07064318,-0.029246464
1347.927202142718,8093.024,3.2135322,-0.00046197762,5782,329.3753731968544,1577.1617024011111,7298.308,2.8392394,1390.9015,1.0199955,8093.024,3.2135322,0,,,,,329.3753731968544,0.00030148594,1577.1617024011111,0.00030210262,-0.06999273,-0.026310569
1347.948035133309,8098.524,3.2146363,-0.00046231202,5783,329.3749222475806,1577.158457198,7323.219,2.840215,1385.7319,1.0186715,8098.524,3.2146363,0,,,,,329.3749222475806,0.0003001349,1577.158457198,0.00030062473,-0.069937766,-0.028959721
1347.9688681237562,8097.463,3.2134666,-0.00046264657,5784,329.3744614289467,1577.1597281492016,7314.8135,2.839182,1385.04,1.0181855,8097.463,3.2134666,0,,,,,329.3744614289467,0.00030059516,1577.1597281492016,0.0003011532,-0.07023419,-0.027983438
1347.989701114087,8095.1396,3.213068,-0.00046298123,5785,329.3744156797904,1577.1591937411865,7318.064,2.8388295,1381.8359,1.0170354,8095.1396,3.213068,0,,,,,329.3744156797904,0.00030032612,1577.1591937411865,0.00030051923,-0.070736796,-0.028705204
1348.1355320431965,8091.781,3.2101965,-0.0004653271,5792,329.37475812359565,1577.158876192508,7308.194,2.8362923,1373.658,1.0165958,8091.781,3.2101965,0,,,,,329.37475812359565,0.0003004786,1577.158876192508,0.0003010703,-0.07114389,-0.028357439
1348.1980310110139,8093.803,3.2114668,-0.00046633426,5795,329.3746012464499,1577.1576932984888,7310.614,2.8374147,1376.614,1.0167811,8093.803,3.2114668,0,,,,,329.3746012464499,0.00030043133,1577.1576932984888,0.00030131938,-0.070405,-0.030019302
1348.3230289432445,8096.991,3.2042506,-0.000468352,5801,329.3741625132875,1577.1579565308537,7308.136,2.8310387,1349.865,1.0101749,8096.991,3.2042506,0,,,,,329.3741625132875,0.00029962044,1577.1579565308537,0.00030088998,-0.07057268,-0.030196691
1348.3646949196268,8093.2246,3.2016468,-0.0004690256,5803,329.37512300634233,1577.1584386864536,7307.4243,2.8287385,1338.3185,1.0070465,8093.2246,3.2016468,0,,,,,329.37512300634233,0.00029932673,1577.1584386864536,0.00030068643,-0.06948105,-0.029740497
1348.3855279076286,8092.693,3.201421,-0.0004693626,5804,329.3741486206787,1577.1579280628855,7306.019,2.8285391,1337.298,1.0080204,8092.693,3.201421,0,,,,,329.3741486206787,0.00029951328,1577.1579280628855,0.00030055176,-0.07047985,-0.030806778
1348.4063608954852,8093.708,3.2011356,-0.00046969973,5805,329.37680130875384,1577.1595956808706,7312.195,2.828287,1335.9148,1.0063382,8093.708,3.2011356,0,,,,,329.37680130875384,0.000299032,1577.1595956808706,0.00030018121,-0.06888168,-0.028539782
1348.4896928455719,8092.1157,3.200992,-0.00047104963,5809,329.37477833753474,1577.1601565430785,7295.183,2.8281603,1346.5474,1.0090648,8092.1157,3.200992,0,,,,,329.37477833753474,0.00030001978,1577.1601565430785,0.0003011807,-0.07052057,-0.028400691
1348.51052583273,8094.8506,3.206397,-0.00047138747,5810,329.3738241932426,1577.1570432739888,7314.0957,2.8329356,1352.3784,1.0114295,8094.8506,3.206397,0,,,,,329.3738241932426,0.0002996818,1577.1570432739888,0.0003004253,-0.07106858,-0.030982863
1348.6146907664815,8097.2827,3.2135706,-0.0004730787,5815,329.3735377186793,1577.158857885048,7306.6504,2.8392732,1388.0212,1.0195857,8097.2827,3.2135706,0,,,,,329.3735377186793,0.00030070805,1577.158857885048,0.00030201368,-0.07043105,-0.029403346
1348.9271855453576,8097.437,3.227295,-0.00047817474,5830,329.3737522742755,1577.1569980604704,7304.9395,2.8513992,1443.7238,1.0318891,8097.437,3.227295,0,,,,,329.3737522742755,0.00030254506,1577.1569980604704,0.00030365944,-0.07119496,-0.03150778
1349.093849412614,8091.84,3.224244,-0.00048090745,5838,329.3749943314858,1577.1588854293234,7302.535,2.8487039,1431.0897,1.0289273,8091.84,3.224244,0,,,,,329.3749943314858,0.0003022054,1577.1588854293234,0.00030336954,-0.0688736,-0.029651752
1349.3230122116586,8094.444,3.220077,-0.00048468335,5849,329.3737597261236,1577.154383415878,7320.437,2.8450222,1404.6764,1.0229874,8094.444,3.220077,0,,,,,329.3737597261236,0.0003002759,1577.154383415878,0.00030159063,-0.069775745,-0.034124635
1349.3438451922684,8092.153,3.217254,-0.00048502773,5850,329.37358066495796,1577.1546141798144,7322.7666,2.8425276,1393.6442,1.0206305,8092.153,3.217254,0,,,,,329.37358066495796,0.0003000072,1577.1546141798144,0.00030084534,-0.069973655,-0.033133887
1349.3646781726748,8089.1787,3.2146683,-0.00048537232,5851,329.37406342539674,1577.1558593211396,7320.1865,2.8402433,1386.4668,1.018747,8089.1787,3.2146683,0,,,,,329.37406342539674,0.00029979646,1577.1558593211396,0.00030063136,-0.06968283,-0.03274854
1349.385511152905,8092.8564,3.2136657,-0.0004857171,5852,329.37335010198825,1577.1535819947735,7321.4653,2.8393576,1379.1561,1.0176765,8092.8564,3.2136657,0,,,,,329.37335010198825,0.00029971995,1577.1535819947735,0.00030074862,-0.070535235,-0.03505564
1349.4063441329329,8091.687,3.212683,-0.00048606205,5853,329.374697500369,1577.1554730311514,7322.516,2.8384893,1372.338,1.017129,8091.687,3.212683,0,,,,,329.374697500369,0.00029953642,1577.1554730311514,0.000300272,-0.068876736,-0.032426663
1349.427177112757,8089.087,3.2108252,-0.00048640723,5854,329.3717586514283,1577.154032200838,7318.3276,2.836848,1368.7758,1.0151044,8089.087,3.2108252,0,,,,,329.3717586514283,0.0002995941,1577.154032200838,0.00030045258,-0.07165978,-0.034352507
1349.4480100923768,8093.208,3.2100263,-0.0004867526,5855,329.37465777874127,1577.155121533262,7322.822,2.836142,1365.0875,1.0135808,8093.208,3.2100263,0,,,,,329.37465777874127,0.00029948872,1577.155121533262,0.00030006337,-0.069265604,-0.033230267
1349.510509030073,8097.8926,3.210024,-0.0004877899,5858,329.374221572607,1577.1544980299043,7326.9766,2.83614,1358.252,1.0124002,8097.8926,3.210024,0,,,,,329.374221572607,0.00029907314,1577.1544980299043,0.00030007111,-0.06914679,-0.033593923
1349.5313420088773,8084.042,3.2067032,-0.00048813608,5859,329.3720400373111,1577.1528952685771,7310.9414,2.833206,1359.0841,1.0122328,8084.042,3.2067032,0,,,,,329.3720400373111,0.00029954244,1577.1528952685771,0.0003006035,-0.07180531,-0.036144227
1349.5521749874792,8092.3975,3.2087035,-0.0004884825,5860,329.37373822853147,1577.155457769709,7319.732,2.8349733,1355.752,1.0122571,8092.3975,3.2087035,0,,,,,329.37373822853147,0.00029932783,1577.155457769709,0.00030036343,-0.07059745,-0.032668203
1349.573007965848,8090.4824,3.206856,-0.0004888291,5861,329.3748892512476,1577.1555612260274,7314.8315,2.8333411,1355.4705,1.011846,8090.4824,3.206856,0,,,,,329.3748892512476,0.00029947085,1577.1555612260274,0.0003004582,-0.06889218,-0.032913476
1349.5938409440419,8093.0645,3.206685,-0.0004891759,5862,329.37361733835803,1577.153612307409,7322.534,2.83319,1351.8395,1.0104393,8093.0645,3.206685,0,,,,,329.37361733835803,0.0002989468,1577.153612307409,0.00029979335,-0.069910884,-0.035222445
1349.6146739220026,8090.2573,3.2056446,-0.00048952294,5863,329.37294381707125,1577.153240335946,7320.302,2.8322704,1348.9408,1.009854,8090.2573,3.2056446,0,,,,,329.37294381707125,0.0002990726,1577.153240335946,0.00029970513,-0.0705237,-0.034927145
1349.6355068997314,8087.9097,3.204509,-0.0004898702,5864,329.37422971384916,1577.1563608001013,7317.3735,2.8312674,1346.2417,1.0090371,8087.9097,3.204509,0,,,,,329.37422971384916,0.00029915772,1577.1563608001013,0.00029975182,-0.069429874,-0.031293094
1349.6563398772853,8085.591,3.203306,-0.00049021764,5865,329.37289850387583,1577.1513834940426,7312.604,2.8302042,1342.745,1.0090979,8085.591,3.203306,0,,,,,329.37289850387583,0.00029918077,1577.1513834940426,0.0003001075,-0.0707954,-0.037662834
1349.7188388085492,8085.226,3.2004554,-0.00049126137,5868,329.37299464573186,1577.1538185381357,7323.7197,2.8276858,1329.5278,1.0047463,8085.226,3.2004554,0,,,,,329.37299464573186,0.0002982016,1577.1538185381357,0.00029852215,-0.0704477,-0.034058295
1349.7396717851711,8085.879,3.2005246,-0.00049160974,5869,329.3734697280448,1577.153601326027,7324.422,2.827747,1326.556,1.0049654,8085.879,3.2005246,0,,,,,329.3734697280448,0.00029827098,1577.153601326027,0.0002983975,-0.06960821,-0.03375415
1349.7605047616184,8087.516,3.202105,-0.0004919583,5870,329.37245797932684,1577.1522921408541,7325.799,2.8291433,1323.5486,1.0055141,8087.516,3.202105,0,,,,,329.37245797932684,0.00029812602,1577.1522921408541,0.00029873394,-0.070636146,-0.03521948
1349.7813377377756,8088.2266,3.199704,-0.0004923071,5871,329.37333979159666,1577.1546812904346,7327.097,2.827022,1321.6062,1.0033704,8088.2266,3.199704,0,,,,,329.37333979159666,0.00029799383,1577.1546812904346,0.00029829284,-0.069828145,-0.032761134
1349.8021707137,8091.017,3.201356,-0.0004926562,5872,329.37173943919953,1577.1520665626838,7328.478,2.8284814,1321.4749,1.0040053,8091.017,3.201356,0,,,,,329.37173943919953,0.00029825413,1577.1520665626838,0.00029850137,-0.07088586,-0.0358832
1349.8230036894481,8092.0293,3.2006233,-0.00049300544,5873,329.3730950911517,1577.1537317955947,7329.663,2.8278341,1320.5524,1.0045543,8092.0293,3.2006233,0,,,,,329.3730950911517,0.0002979212,1577.1537317955947,0.00029818228,-0.07006915,-0.03391685
1349.8438366649066,8089.5034,3.199758,-0.000493355,5874,329.3729174696596,1577.152462028849,7327.1753,2.8270698,1322.2183,1.0035263,8089.5034,3.199758,0,,,,,329.3729174696596,0.00029802858,1577.152462028849,0.00029839884,-0.07064187,-0.035095442
1349.8646696401324,8092.9785,3.2002347,-0.00049370475,5875,329.3730006060503,1577.152972093381,7330.1387,2.8274906,1320.6361,1.0027274,8092.9785,3.2002347,0,,,,,329.3730006060503,0.00029798842,1577.152972093381,0.00029829916,-0.069968104,-0.03475508
1349.8855026151246,8091.0864,3.200095,-0.00049405475,5876,329.3733915262769,1577.1535342623447,7328.6426,2.827367,1321.2574,1.0035181,8091.0864,3.200095,0,,,,,329.3733915262769,0.00029785014,1577.1535342623447,0.0002982434,-0.07039781,-0.0348183
1349.9063355898847,8089.7666,3.199436,-0.000494405,5877,329.3728100023641,1577.152953316397,7328.001,2.826785,1319.6356,1.0025231,8089.7666,3.199436,0,,,,,329.3728100023641,0.0002978647,1577.152953316397,0.00029830693,-0.07030227,-0.035067484
1349.927168564412,8085.6445,3.1972048,-0.00049475546,5878,329.3721566671558,1577.1528151012674,7324.3296,2.8248136,1315.8698,1.0012919,8085.6445,3.1972048,0,,,,,329.3721566671558,0.00029779747,1577.1528151012674,0.00029819025,-0.07045296,-0.03493397
1349.9480015386475,8087.045,3.1967328,-0.0004951062,5879,329.3731234866221,1577.1532308604467,7324.7305,2.8243968,1312.0154,1.0004451,8087.045,3.1967328,0,,,,,329.3731234866221,0.00029795375,1577.1532308604467,0.0002981951,-0.07044118,-0.03502637
1349.9688345126501,8087.976,3.1955001,-0.0004954572,5880,329.3726986927176,1577.1527793122511,7325.7627,2.8233075,1307.0754,0.9997172,8087.976,3.1955001,0,,,,,329.3726986927176,0.0002975344,1577.1527793122511,0.00029796033,-0.070206545,-0.03550992
1349.9896674864208,8089.8296,3.194925,-0.00049580843,5881,329.3721624631526,1577.1518094290032,7327.3364,2.8227994,1302.7507,0.99892294,8089.8296,3.194925,0,,,,,329.3721624631526,0.00029755326,1577.1518094290032,0.00029781467,-0.07096804,-0.03612256
1350.0105004599577,8084.261,3.1934714,-0.0004961599,5882,329.3737477193084,1577.1535512958835,7322.9175,2.821515,1298.7856,0.997742,8084.261,3.1934714,0,,,,,329.3737477193084,0.00029760087,1577.1535512958835,0.00029769712,-0.06922054,-0.034042336
1350.0313334332038,8086.351,3.1923323,-0.00049651164,5883,329.37272776146216,1577.1512268369997,7324.855,2.820509,1294.9752,0.99631006,8086.351,3.1923323,0,,,,,329.37272776146216,0.00029732578,1577.1512268369997,0.00029774377,-0.07064403,-0.036722362
1350.0521664061594,8091.698,3.1920545,-0.0004968637,5884,329.3731733277321,1577.1531714374019,7329.2915,2.8202634,1290.3832,0.9952397,8091.698,3.1920545,0,,,,,329.3731733277321,0.0002970916,1577.1531714374019,0.00029748763,-0.06999651,-0.035005532
1350.0729993788823,8091.264,3.192646,-0.00049721595,5885,329.3728593163962,1577.1520290701549,7328.951,2.820786,1289.2566,0.9969491,8091.264,3.192646,0,,,,,329.3728593163962,0.00029741405,1577.1520290701549,0.00029729636,-0.07060551,-0.03574223
1350.0938323513715,8088.1875,3.1896088,-0.00049756846,5886,329.37293900918354,1577.1529882937493,7324.8813,2.8181028,1283.7979,0.99466753,8088.1875,3.1896088,0,,,,,329.37293900918354,0.00029705092,1577.1529882937493,0.00029740017,-0.07025421,-0.035372578
1350.1146653235699,8087.735,3.1885643,-0.00049792125,5887,329.3723495180536,1577.1510387293372,7325.3325,2.8171797,1280.6241,0.9930639,8087.735,3.1885643,0,,,,,329.3723495180536,0.00029685907,1577.1510387293372,0.00029723163,-0.07038858,-0.036718212
1350.1354982954776,8091.236,3.188516,-0.00049827434,5888,329.37256665154854,1577.1518423868993,7328.524,2.817137,1277.7628,0.9923598,8091.236,3.188516,0,,,,,329.37256665154854,0.00029681638,1577.1518423868993,0.00029709027,-0.07045817,-0.035645097
1350.1563312670946,8091.8633,3.1877909,-0.0004986277,5889,329.37214263833806,1577.1518000992799,7328.597,2.8164964,1273.936,0.99136543,8091.8633,3.1877909,0,,,,,329.37214263833806,0.00029672598,1577.1518000992799,0.00029710727,-0.07039385,-0.036503393
1350.1771642384779,8095.633,3.1874197,-0.00049898133,5890,329.3726851434683,1577.1516287479105,7331.8,2.8161683,1271.3403,0.9906888,8095.633,3.1874197,0,,,,,329.3726851434683,0.00029651335,1577.1516287479105,0.00029692947,-0.07060546,-0.036622632
1350.197997209571,8094.54,3.1873343,-0.00049933523,5891,329.3724772424543,1577.152130506907,7331.8745,2.816093,1268.3698,0.99124974,8094.54,3.1873343,0,,,,,329.3724772424543,0.0002964657,1577.152130506907,0.00029683532,-0.06980382,-0.03624053
1350.2188301804313,8093.0156,3.1861024,-0.00049968937,5892,329.37277200354947,1577.1514194172441,7328.9478,2.8150046,1263.7762,0.9895064,8093.0156,3.1861024,0,,,,,329.37277200354947,0.0002966286,1577.1514194172441,0.00029705217,-0.070113026,-0.0377239
1350.2396631509414,8099.653,3.1859674,-0.00050004385,5893,329.37294381247233,1577.15298825828,7335.673,2.8148851,1259.254,0.98810625,8099.653,3.1859674,0,,,,,329.37294381247233,0.00029613505,1577.15298825828,0.000296612,-0.069996215,-0.034905244
1350.2604961211605,8096.695,3.1827865,-0.00050039863,5894,329.3728379164056,1577.1496627871932,7329.29,2.812075,1256.2838,0.98736763,8096.695,3.1827865,0,,,,,329.3728379164056,0.0002961621,1577.1496627871932,0.000296752,-0.07054001,-0.03904806
1350.281329091147,8099.6157,3.182995,-0.00050075364,5895,329.3733958830304,1577.152041762835,7336.2393,2.8122592,1251.9775,0.9861079,8099.6157,3.182995,0,,,,,329.3733958830304,0.00029583808,1577.152041762835,0.0002962139,-0.06971399,-0.036061753
1350.3021620608429,8104.9023,3.183008,-0.00050110894,5896,329.3724947938086,1577.1505750793706,7338.2773,2.8122704,1246.4923,0.9857684,8104.9023,3.183008,0,,,,,329.3724947938086,0.0002958447,1577.1505750793706,0.0002962778,-0.0704998,-0.03805262
1350.322995030189,8104.103,3.183818,-0.0005014646,5897,329.3729984703942,1577.151096929877,7338.2104,2.8129864,1246.3647,0.98694557,8104.103,3.183818,0,,,,,329.3729984703942,0.0002960994,1577.151096929877,0.00029622504,-0.06980551,-0.03757482
1350.3438279992447,8097.7407,3.180321,-0.0005018205,5898,329.37213130952125,1577.1511081730964,7332.336,2.8098967,1242.7158,0.9842025,8097.7407,3.180321,0,,,,,329.37213130952125,0.00029582795,1577.1511081730964,0.0002961916,-0.07073182,-0.03741453
1350.3646609680677,8103.046,3.1814818,-0.0005021767,5899,329.3729746620808,1577.1508322894126,7337.5977,2.8109221,1240.7322,0.98385024,8103.046,3.1814818,0,,,,,329.3729746620808,0.00029564206,1577.1508322894126,0.00029609393,-0.069707096,-0.03738169
1350.3854939365406,8103.718,3.1800852,-0.0005025332,5900,329.3726108142348,1577.150676436867,7337.171,2.809688,1240.69,0.9833172,8103.718,3.1800852,0,,,,,329.3726108142348,0.00029547926,1577.150676436867,0.0002960405,-0.07035097,-0.03791677
1350.4063269046644,8093.726,3.1787133,-0.0005028901,5901,329.37345899584506,1577.1507611725708,7329.765,2.808476,1238.7144,0.9828631,8093.726,3.1787133,0,,,,,329.37345899584506,0.0002956263,1577.1507611725708,0.00029612437,-0.069557354,-0.03787318
1350.4271598725559,8100.296,3.1792443,-0.0005032472,5902,329.3727843423789,1577.151215580802,7336.3257,2.8089452,1237.341,0.9820358,8100.296,3.1792443,0,,,,,329.3727843423789,0.00029552417,1577.151215580802,0.00029582722,-0.07051794,-0.036911882
1350.4479928400983,8102.161,3.177545,-0.00050360465,5903,329.37273868351406,1577.1497327495633,7337.5728,2.807444,1230.8899,0.98061985,8102.161,3.177545,0,,,,,329.37273868351406,0.0002952843,1577.1497327495633,0.00029565638,-0.070119575,-0.038529422
1350.4688258073488,8097.7603,3.1798248,-0.0005039624,5904,329.3731813007948,1577.1515754761922,7333.8516,2.8094583,1230.7667,0.9812046,8097.7603,3.1798248,0,,,,,329.3731813007948,0.0002954228,1577.1515754761922,0.0002962366,-0.069829464,-0.036752995
1350.489658774251,8102.9077,3.1779616,-0.0005043205,5905,329.37267304557366,1577.1498834455926,7338.478,2.807812,1226.908,0.9814273,8102.9077,3.1779616,0,,,,,329.37267304557366,0.00029533936,1577.1498834455926,0.00029552306,-0.07077377,-0.038404126
1350.510491740804,8094.0034,3.176316,-0.00050467893,5906,329.37311251255625,1577.1514404588518,7331.2803,2.8063583,1226.7964,0.97993016,8094.0034,3.176316,0,,,,,329.37311251255625,0.00029534183,1577.1514404588518,0.00029568854,-0.069690906,-0.036793727
1350.5313247070649,8097.582,3.175391,-0.00050503766,5907,329.372337969908,1577.1491364526573,7332.645,2.8055408,1224.3683,0.9794209,8097.582,3.175391,0,,,,,329.372337969908,0.00029532227,1577.1491364526573,0.0002956553,-0.070294395,-0.03957375
1350.5521576730348,8099.9146,3.1749697,-0.0005053967,5908,329.3730355118355,1577.1497899836143,7334.3384,2.8051684,1219.5896,0.97869974,8099.9146,3.1749697,0,,,,,329.3730355118355,0.00029522533,1577.1497899836143,0.0002956677,-0.06948912,-0.038879883
1350.5729906385982,8097.7764,3.1732752,-0.0005057561,5909,329.37269367622963,1577.150316357921,7330.4404,2.8036716,1218.5232,0.9776378,8097.7764,3.1732752,0,,,,,329.37269367622963,0.0002950828,1577.150316357921,0.0002957612,-0.07017301,-0.038356178
1350.5938236038705,8103.636,3.1788843,-0.00050611584,5910,329.3730238540637,1577.1486886882806,7336.5796,2.8086271,1216.4487,0.9799998,8103.636,3.1788843,0,,,,,329.3730238540637,0.00029538522,1577.1486886882806,0.00029616896,-0.069623634,-0.039961718
1350.6146565687927,8101.776,3.1735644,-0.0005064759,5911,329.3727845322091,1577.150367006824,7334.7285,2.803927,1214.5122,0.977316,8101.776,3.1735644,0,,,,,329.3727845322091,0.00029499026,1577.150367006824,0.00029547332,-0.070037805,-0.038270045
1350.6354895334248,8101.134,3.1726637,-0.0005068363,5912,329.3729464204997,1577.1495903371056,7333.508,2.803131,1211.6747,0.9764147,8101.134,3.1726637,0,,,,,329.3729464204997,0.00029499843,1577.1495903371056,0.00029568924,-0.07045197,-0.039612915
1350.6563224976492,8099.093,3.1726005,-0.00050719705,5913,329.37291235832413,1577.1500808137655,7331.344,2.8030753,1212.3125,0.97661036,8099.093,3.1726005,0,,,,,329.37291235832413,0.00029500487,1577.1500808137655,0.00029562606,-0.06987065,-0.038919657
1350.6771554615239,8104.819,3.1729336,-0.0005075582,5914,329.37175178524683,1577.1491305735012,7333.7534,2.8033695,1212.0413,0.9763091,8104.819,3.1729336,0,,,,,329.37175178524683,0.00029477442,1577.1491305735012,0.00029587533,-0.07080686,-0.03943297
1350.6979884250497,8103.088,3.1723907,-0.00050791964,5915,329.3732933112979,1577.150042407478,7333.702,2.8028898,1209.5544,0.97596043,8103.088,3.1723907,0,,,,,329.3732933112979,0.00029484928,1577.150042407478,0.00029569477,-0.06957582,-0.039117903
1350.7188213882264,8102.614,3.174265,-0.00050828146,5916,329.3727873981711,1577.1487313268203,7333.4526,2.8045456,1209.8525,0.9763135,8102.614,3.174265,0,,,,,329.3727873981711,0.00029513173,1577.1487313268203,0.00029592877,-0.07015407,-0.039998736
1350.7396543510533,8098.229,3.1713529,-0.0005086436,5917,329.3730954512678,1577.1507329981598,7328.0557,2.8019729,1208.8501,0.97547746,8098.229,3.1713529,0,,,,,329.3730954512678,0.00029504966,1577.1507329981598,0.00029603142,-0.0698318,-0.038477775
1350.760487313531,8104.341,3.1720827,-0.00050900615,5918,329.3728145463955,1577.1486571994876,7332.498,2.802618,1208.9069,0.97663605,8104.341,3.1720827,0,,,,,329.3728145463955,0.0002947655,1577.1486571994876,0.000295861,-0.069716804,-0.040218856
1350.7813202756017,8098.0674,3.1708684,-0.00050936907,5919,329.37273055765866,1577.150285573711,7328.5586,2.8015451,1206.8124,0.975937,8098.0674,3.1708684,0,,,,,329.37273055765866,0.0002948642,1577.150285573711,0.00029571654,-0.070277,-0.03858381
1350.8021532373232,8103.1655,3.1726978,-0.00050973234,5920,329.3733733777833,1577.149003922342,7331.252,2.8031614,1207.9619,0.97632676,8103.1655,3.1726978,0,,,,,329.3733733777833,0.00029490006,1577.149003922342,0.00029615543,-0.069281876,-0.040432848
1350.8229861986367,8101.3926,3.172114,-0.000510096,5921,329.37191618497576,1577.1505764628844,7330.4478,2.8026454,1209.2633,0.97666776,8101.3926,3.172114,0,,,,,329.37191618497576,0.00029500332,1577.1505764628844,0.00029595342,-0.0707081,-0.038242575
1350.8438191596015,8102.7373,3.1714163,-0.00051046006,5922,329.3734876930022,1577.1486593250572,7330.67,2.802029,1209.4299,0.9755452,8102.7373,3.1714163,0,,,,,329.3734876930022,0.00029493144,1577.1486593250572,0.00029587638,-0.06987708,-0.041137606
1350.864652120159,8099.8613,3.1713285,-0.0005108245,5923,329.3724193795631,1577.1492101999786,7328.075,2.8019516,1208.5193,0.97573584,8099.8613,3.1713285,0,,,,,329.3724193795631,0.00029507137,1577.1492101999786,0.0002960378,-0.06985004,-0.040490855
1350.8854850803082,8103.3223,3.1717372,-0.00051118934,5924,329.3726445442911,1577.1497845502702,7330.4463,2.8023124,1207.9244,0.97581977,8103.3223,3.1717372,0,,,,,329.3726445442911,0.0002949883,1577.1497845502702,0.00029600135,-0.07056001,-0.040001534
1350.9063180401083,8094.267,3.17089,-0.00051155454,5925,329.3727727700226,1577.1480359914908,7323.856,2.801564,1209.7828,0.9762224,8094.267,3.17089,0,,,,,329.3727727700226,0.0002951632,1577.1480359914908,0.0002960454,-0.07006598,-0.040940683
1350.9271509995015,8094.586,3.1711085,-0.00051192014,5926,329.3727278677207,1577.1485219955464,7322.653,2.801757,1211.1064,0.9769055,8094.586,3.1711085,0,,,,,329.3727278677207,0.00029501875,1577.1485219955464,0.0002962957,-0.070045725,-0.039784867
1350.9479839584874,8087.7944,3.1699872,-0.00051228615,5927,329.3718930047458,1577.148748788887,7316.1055,2.8007662,1210.1383,0.9758718,8087.7944,3.1699872,0,,,,,329.3718930047458,0.00029533135,1577.148748788887,0.00029658258,-0.07065457,-0.04055779
1350.968816917065,8088.8335,3.1690216,-0.00051265256,5928,329.3730686689423,1577.1495987380756,7311.1245,2.7999134,1211.4159,0.9764446,8088.8335,3.1690216,0,,,,,329.3730686689423,0.00029537812,1577.1495987380756,0.00029705508,-0.06991109,-0.040503547
1350.9896498751777,8099.234,3.1728857,-0.00051301945,5929,329.3722562640754,1577.1481975064241,7321.6567,2.8033273,1210.4978,0.9774571,8099.234,3.1728857,0,,,,,329.3722562640754,0.00029545664,1577.1481975064241,0.00029691515,-0.07030776,-0.04164171
1351.0104828329413,8093.858,3.1704288,-0.0005133867,5930,329.3729909950075,1577.1500458383991,7318.7627,2.8011565,1210.491,0.9760486,8093.858,3.1704288,0,,,,,329.3729909950075,0.00029539684,1577.1500458383991,0.00029658602,-0.069792174,-0.03965942
1351.0313157902383,8092.4697,3.1691954,-0.0005137544,5931,329.3725420343584,1577.1485065766988,7314.086,2.8000667,1208.505,0.976162,8092.4697,3.1691954,0,,,,,329.3725420343584,0.00029528758,1577.1485065766988,0.00029708713,-0.070668854,-0.04143084
1351.052148747186,8093.805,3.169005,-0.0005141224,5932,329.3727912331977,1577.1462972522213,7314.801,2.7998986,1208.4409,0.975396,8093.805,3.169005,0,,,,,329.3727912331977,0.00029524462,1577.1462972522213,0.00029708428,-0.07023594,-0.044380978
1351.0729817036108,8095.222,3.1691182,-0.000514491,5933,329.37310876726616,1577.1493676504226,7315.697,2.7999985,1208.1729,0.975665,8095.222,3.1691182,0,,,,,329.37310876726616,0.00029529975,1577.1493676504226,0.0002969962,-0.069322586,-0.040817168
1351.0938146596282,8090.4326,3.169958,-0.00051486,5934,329.3728670908799,1577.1485072197715,7313.0073,2.8007407,1211.709,0.9770997,8090.4326,3.169958,0,,,,,329.3728670908799,0.00029540755,1577.1485072197715,0.00029714993,-0.06974698,-0.041770082
1351.1146476152371,8095.5605,3.1708925,-0.00051522936,5935,329.3727724150174,1577.1471031445915,7317.4795,2.8015664,1211.1185,0.97647077,8095.5605,3.1708925,0,,,,,329.3727724150174,0.00029520612,1577.1471031445915,0.00029719458,-0.06987119,-0.04286912
1351.1354805703813,8089.148,3.1702178,-0.0005155992,5936,329.3729917979878,1577.148278996069,7316.8027,2.8009698,1208.5276,0.9763425,8089.148,3.1702178,0,,,,,329.3729917979878,0.00029535417,1577.148278996069,0.00029659786,-0.069646634,-0.041357797
1351.1563135250597,8096.6914,3.1702538,-0.0005159695,5937,329.37184256594924,1577.1484493767389,7322.1113,2.8010018,1209.5392,0.9761577,8096.6914,3.1702538,0,,,,,329.37184256594924,0.0002950959,1577.1484493767389,0.00029642813,-0.07068334,-0.04074327
1351.17714647933,8091.7207,3.1711655,-0.00051634025,5938,329.3724672207931,1577.1498862416981,7316.414,2.8018076,1209.412,0.97667795,8091.7207,3.1711655,0,,,,,329.3724672207931,0.0002951533,1577.1498862416981,0.00029714574,-0.070474155,-0.039670266
1351.1979794330764,8097.6636,3.1701293,-0.0005167115,5939,329.3726578930538,1577.1453539074218,7319.5947,2.8008919,1210.0186,0.97622496,8097.6636,3.1701293,0,,,,,329.3726578930538,0.00029516174,1577.1453539074218,0.000296849,-0.0698185,-0.04463721
1351.2188123864162,8092.8057,3.1706877,-0.00051708316,5940,329.3727115906612,1577.1495863504924,7316.5503,2.8013852,1210.0758,0.97606945,8092.8057,3.1706877,0,,,,,329.3727115906612,0.00029530746,1577.1495863504924,0.00029714554,-0.070199944,-0.040721122
1351.2396453392319,8092.3765,3.1707726,-0.00051745534,5941,329.37262678661216,1577.1465519089195,7314.282,2.8014605,1209.3624,0.9764758,8092.3765,3.1707726,0,,,,,329.37262678661216,0.00029539363,1577.1465519089195,0.00029724516,-0.06979584,-0.043277178
1351.2604782915814,8091.2773,3.168944,-0.000517828,5942,329.3722122220479,1577.1476474158565,7313.6855,2.7998447,1208.6991,0.9761999,8091.2773,3.168944,0,,,,,329.3722122220479,0.00029523514,1577.1476474158565,0.00029702697,-0.07075698,-0.042644415
1351.2813112434658,8085.138,3.1683025,-0.0005182011,5943,329.3734777408421,1577.1500099875348,7311.8184,2.799278,1208.3119,0.9753906,8085.138,3.1683025,0,,,,,329.3734777408421,0.0002954301,1577.1500099875348,0.00029665756,-0.069646075,-0.039872132
1351.3021441948263,8090.8403,3.169326,-0.0005185747,5944,329.3722838030297,1577.1454119747073,7315.3306,2.8001826,1209.2919,0.9761599,8090.8403,3.169326,0,,,,,329.3722838030297,0.00029524547,1577.1454119747073,0.00029690284,-0.07013122,-0.044710685
1351.3229771457206,8091.751,3.169296,-0.00051894883,5945,329.3733658793903,1577.1454978960453,7312.5205,2.8001559,1210.6616,0.976618,8091.751,3.169296,0,,,,,329.3733658793903,0.0002953005,1577.1454978960453,0.00029726865,-0.06921281,-0.0449498
1351.3438100961498,8085.9917,3.168401,-0.0005193234,5946,329.3733520292497,1577.1468695019644,7312.9624,2.799365,1208.411,0.9750129,8085.9917,3.168401,0,,,,,329.3733520292497,0.00029520964,1577.1468695019644,0.0002966173,-0.06969701,-0.04301303
1351.3646430459971,8091.889,3.1714952,-0.00051969854,5947,329.37298285238467,1577.146298344626,7312.3623,2.8020988,1211.4153,0.9788274,8091.889,3.1714952,0,,,,,329.37298285238467,0.000295535,1577.146298344626,0.0002976359,-0.07025714,-0.04436762
1351.406308944235,8086.2085,3.1702757,-0.0005204503,5949,329.3720681912308,1577.1438675701838,7314.372,2.801021,1210.9597,0.9761194,8086.2085,3.1702757,0,,,,,329.3720681912308,0.00029548357,1577.1438675701838,0.0002967813,-0.07035429,-0.046159625
1351.4271418925687,8084.377,3.1690075,-0.00052082696,5950,329.37325524480985,1577.1469427782845,7310.693,2.799901,1211.5315,0.975849,8084.377,3.1690075,0,,,,,329.37325524480985,0.00029533746,1577.1469427782845,0.0002970411,-0.06907325,-0.043260563
1351.4479748403212,8090.826,3.1702774,-0.0005212042,5951,329.3723382926391,1577.145282634849,7315.4775,2.8010228,1211.9788,0.97685,8090.826,3.1702774,0,,,,,329.3723382926391,0.00029531927,1577.145282634849,0.0002970021,-0.06979125,-0.045309983
1351.4688077876067,8087.1304,3.1706667,-0.0005215819,5952,329.372956970762,1577.1477479504154,7311.8496,2.8013668,1209.5654,0.97605824,8087.1304,3.1706667,0,,,,,329.372956970762,0.00029560213,1577.1477479504154,0.00029736685,-0.07001886,-0.043039538
1351.4896407343106,8085.988,3.169599,-0.0005219602,5953,329.3725266274841,1577.1441782867205,7311.7476,2.8004234,1211.8339,0.9759173,8085.988,3.169599,0,,,,,329.3725266274841,0.0002953744,1577.1441782867205,0.00029712732,-0.06919555,-0.046343803
1351.5104736804906,8089.977,3.169904,-0.000522339,5954,329.372949086611,1577.1454670132011,7314.5737,2.800693,1211.175,0.9758215,8089.977,3.169904,0,,,,,329.372949086611,0.00029536337,1577.1454670132011,0.00029709892,-0.069576025,-0.045363646
1351.531306626088,8088.5786,3.1703165,-0.0005227184,5955,329.3724313502039,1577.14574857703,7315.048,2.801057,1212.4775,0.9773335,8088.5786,3.1703165,0,,,,,329.3724313502039,0.00029534064,1577.14574857703,0.00029700124,-0.06985217,-0.044489346
1351.5521395711035,8091.1973,3.1695745,-0.0005230984,5956,329.3727157351134,1577.1443254654794,7316.938,2.800402,1210.4479,0.9755952,8091.1973,3.1695745,0,,,,,329.3727157351134,0.00029527745,1577.1443254654794,0.0002968517,-0.069224276,-0.046040535
1351.5729725155954,8088.59,3.1702373,-0.0005234789,5957,329.3724104090144,1577.1447888642256,7316.302,2.8009872,1212.3259,0.976292,8088.59,3.1702373,0,,,,,329.3724104090144,0.00029545385,1577.1447888642256,0.00029657045,-0.06997328,-0.04513018
1351.5938054594471,8092.979,3.1705081,-0.00052386004,5958,329.37328240189544,1577.1459474057922,7320.89,2.8012269,1212.0303,0.9760489,8092.979,3.1705081,0,,,,,329.37328240189544,0.00029545036,1577.1459474057922,0.00029648058,-0.06985377,-0.044465583
1351.6146384027745,8088.461,3.1698568,-0.0005242417,5959,329.37323065331293,1577.145110051847,7315.4326,2.8006513,1212.4308,0.97633576,8088.461,3.1698568,0,,,,,329.37323065331293,0.00029551954,1577.145110051847,0.00029671725,-0.06944813,-0.045012694
1351.635471345462,8087.8604,3.1727989,-0.000524624,5960,329.37311958083836,1577.1425947417893,7312.6123,2.8032506,1213.4995,0.9778082,8087.8604,3.1727989,0,,,,,329.37311958083836,0.0002959972,1577.1425947417893,0.0002975223,-0.06928373,-0.048351824
1351.6563042875678,8097.3174,3.1717672,-0.0005250069,5961,329.3722424265575,1577.1442441063302,7318.656,2.802339,1212.4529,0.9767902,8097.3174,3.1717672,0,,,,,329.3722424265575,0.0002958971,1577.1442441063302,0.000297156,-0.070389524,-0.046556637
1351.6771372290914,8096.5615,3.171908,-0.0005253904,5962,329.37227725888675,1577.1451951412723,7326.8804,2.8024635,1211.8677,0.97687316,8096.5615,3.171908,0,,,,,329.37227725888675,0.00029513426,1577.1451951412723,0.00029608744,-0.06996534,-0.04538687
1351.6979701699738,8091.2773,3.1701794,-0.0005257745,5963,329.37237023237134,1577.14322601361,7314.4473,2.8009362,1214.5962,0.9777491,8091.2773,3.1701794,0,,,,,329.37237023237134,0.00029529425,1577.14322601361,0.00029696943,-0.06902489,-0.048096225
1351.718803110275,8096.4683,3.1717799,-0.0005261592,5964,329.3733083494045,1577.1446787427153,7326.4287,2.8023503,1212.2318,0.9764925,8096.4683,3.1717799,0,,,,,329.3733083494045,0.0002950547,1577.1446787427153,0.00029614993,-0.06907047,-0.045604452
1351.7396360498776,8087.9624,3.170697,-0.0005265446,5965,329.3729352271754,1577.1422923957045,7316.8447,2.8013933,1214.8364,0.9766206,8087.9624,3.170697,0,,,,,329.3729352271754,0.00029530303,1577.1422923957045,0.00029674877,-0.06960751,-0.04852214
1351.7604689888976,8089.1274,3.1710188,-0.00052693055,5966,329.37283046742334,1577.1440901269123,7316.2446,2.801678,1213.7455,0.97811306,8089.1274,3.1710188,0,,,,,329.37283046742334,0.0002955618,1577.1440901269123,0.00029673014,-0.069618024,-0.04598036
1351.8021348649595,8093.9385,3.172244,-0.0005277045,5968,329.37366889933594,1577.142632298288,7322.73,2.8027604,1213.4185,0.9771881,8093.9385,3.172244,0,,,,,329.37366889933594,0.00029537216,1577.142632298288,0.0002964625,-0.06757952,-0.047772992
1351.8229678020004,8092.6577,3.1735544,-0.00052809244,5969,329.37299341763287,1577.142901670261,7319.534,2.8039184,1214.8207,0.9778772,8092.6577,3.1735544,0,,,,,329.37299341763287,0.00029555694,1577.142901670261,0.00029705575,-0.06979228,-0.04782549
1351.8438007384011,8086.8975,3.1707692,-0.00052848103,5970,329.37338093532594,1577.1421670685042,7316.1504,2.8014572,1214.4565,0.9770109,8086.8975,3.1707692,0,,,,,329.37338093532594,0.00029531412,1577.1421670685042,0.00029675572,-0.068703115,-0.048326522
1351.8646336741044,8097.5596,3.172034,-0.0005288703,5971,329.3731960594296,1577.1439291836568,7326.2197,2.8025749,1214.8981,0.97661704,8097.5596,3.172034,0,,,,,329.3731960594296,0.0002952816,1577.1439291836568,0.0002963009,-0.069022335,-0.046433322
1351.8854666091088,8093.509,3.1718698,-0.0005292603,5972,329.3731776313642,1577.1400369957723,7323.469,2.8024297,1214.7975,0.9772804,8093.509,3.1718698,0,,,,,329.3731776313642,0.00029530394,1577.1400369957723,0.00029636707,-0.069123164,-0.050728653
1351.9062995434138,8095.347,3.1736069,-0.000529651,5973,329.37350043926926,1577.1445936097114,7326.425,2.8039644,1215.227,0.9779856,8095.347,3.1736069,0,,,,,329.37350043926926,0.00029543618,1577.1445936097114,0.00029634018,-0.06853374,-0.045387197
1351.9271324770211,8098.5957,3.1726673,-0.0005300424,5974,329.3725340511094,1577.1403306179295,7327.1914,2.8031342,1215.5569,0.9773855,8098.5957,3.1726673,0,,,,,329.3725340511094,0.000295158,1577.1403306179295,0.00029648162,-0.06916245,-0.05041283
1351.9479654099298,8092.118,3.1714878,-0.0005304345,5975,329.37311404259094,1577.142881671159,7319.359,2.802092,1216.0286,0.9772012,8092.118,3.1714878,0,,,,,329.37311404259094,0.00029546506,1577.142881671159,0.00029669568,-0.06875679,-0.047299657
1351.9687983421395,8093.9263,3.1728857,-0.00053082727,5976,329.37361533489417,1577.1416949840095,7323.6436,2.8033273,1217.4095,0.9780533,8093.9263,3.1728857,0,,,,,329.37361533489417,0.00029541165,1577.1416949840095,0.00029640796,-0.0695021,-0.049111508
1351.9896312736512,8089.7715,3.1725252,-0.00053122075,5977,329.37322630382596,1577.1404732033584,7319.116,2.8030088,1219.2667,0.97815776,8089.7715,3.1725252,0,,,,,329.37322630382596,0.0002956124,1577.1404732033584,0.00029670793,-0.06865384,-0.049204256
1352.0312971343458,8100.1846,3.1741335,-0.00053201005,5979,329.37383208873996,1577.1412597378164,7329.9746,2.8044298,1217.7858,0.97780883,8100.1846,3.1741335,0,,,,,329.37383208873996,0.00029520018,1577.1412597378164,0.00029635127,-0.067844294,-0.049081963
1352.0521300635874,8095.9336,3.1737561,-0.0005324058,5980,329.37337687274373,1577.141017857125,7321.7437,2.8040965,1218.5106,0.97842216,8095.9336,3.1737561,0,,,,,329.37337687274373,0.0002955927,1577.141017857125,0.0002970436,-0.06853847,-0.04969951
1352.0729629920725,8102.3506,3.1749458,-0.0005328023,5981,329.37247528838213,1577.1396168526305,7331.4233,2.8051474,1219.3444,0.9783688,8102.3506,3.1749458,0,,,,,329.37247528838213,0.00029520458,1577.1396168526305,0.0002963662,-0.06912184,-0.05129956
1352.0937959198009,8102.46,3.1737986,-0.0005331996,5982,329.37307097064433,1577.1412641955023,7331.1694,2.804134,1217.3563,0.9786144,8102.46,3.1737986,0,,,,,329.37307097064433,0.0002951491,1577.1412641955023,0.00029617926,-0.068325385,-0.049843032
1352.1146288467135,8103.092,3.1743386,-0.00053359766,5983,329.3727981539809,1577.1408688884233,7332.502,2.804611,1218.1727,0.97798103,8103.092,3.1743386,0,,,,,329.3727981539809,0.00029516805,1577.1408688884233,0.0002961923,-0.06872481,-0.049543902
1352.1354617728703,8100.846,3.175377,-0.0005339965,5984,329.37393987743104,1577.1394337911818,7326.8125,2.8055284,1221.6969,0.9792748,8100.846,3.175377,0,,,,,329.37393987743104,0.00029550507,1577.1394337911818,0.00029687662,-0.06767131,-0.051439125
1352.1562946982701,8095.116,3.1732342,-0.0005343961,5985,329.3733351537743,1577.1415922148237,7322.721,2.8036354,1220.3278,0.97827065,8095.116,3.1732342,0,,,,,329.3733351537743,0.00029540985,1577.1415922148237,0.00029674615,-0.06887045,-0.049694862
1352.2187934695216,8097.011,3.175905,-0.00053559983,5988,329.37301152115816,1577.1392567893743,7332.5273,2.805995,1221.6417,0.9796058,8097.011,3.175905,0,,,,,329.37301152115816,0.00029533292,1577.1392567893743,0.00029592813,-0.06860389,-0.051119033
1352.239626391604,8099.4053,3.1760783,-0.00053600274,5989,329.37372138308615,1577.1404872622832,7334.937,2.806148,1223.0118,0.97915673,8099.4053,3.1760783,0,,,,,329.37372138308615,0.00029519902,1577.1404872622832,0.00029594055,-0.068051785,-0.049418513
1352.2604593128704,8095.9346,3.1753633,-0.0005364065,5990,329.3733095279418,1577.1378096475212,7330.8306,2.8055162,1222.4973,0.9782994,8095.9346,3.1753633,0,,,,,329.3733095279418,0.00029529756,1577.1378096475212,0.00029610706,-0.06794845,-0.05264053
1352.2812922333228,8102.8213,3.1758215,-0.000536811,5991,329.374185875037,1577.1396092396014,7337.7134,2.805921,1221.795,0.97857994,8102.8213,3.1758215,0,,,,,329.374185875037,0.00029513214,1577.1396092396014,0.00029573342,-0.06746486,-0.05086354
1352.3021251529026,8097.5127,3.1759896,-0.00053721643,5992,329.3731241427261,1577.1384305099746,7332.169,2.8060696,1225.2394,0.9795697,8097.5127,3.1759896,0,,,,,329.3731241427261,0.00029524142,1577.1384305099746,0.00029612504,-0.068307556,-0.052239936
1352.3229580716663,8097.2944,3.1750515,-0.00053762266,5993,329.3735545803665,1577.1382439891515,7332.0435,2.8052409,1222.845,0.97887725,8097.2944,3.1750515,0,,,,,329.3735545803665,0.0002953078,1577.1382439891515,0.0002959856,-0.06728408,-0.052041695
1352.343790989557,8099.8013,3.175525,-0.00053802977,5994,329.37332035049997,1577.1382286939072,7334.4243,2.805659,1224.2051,0.97925615,8099.8013,3.175525,0,,,,,329.37332035049997,0.00029511275,1577.1382286939072,0.00029595403,-0.06775206,-0.05209036
1352.364623906575,8102.465,3.1772432,-0.00053843774,5995,329.3736227431674,1577.137565054831,7335.911,2.8071773,1224.4061,0.98033667,8102.465,3.1772432,0,,,,,329.3736227431674,0.00029535132,1577.137565054831,0.00029605103,-0.06812175,-0.05327351
1352.3854568227198,8101.1025,3.1775515,-0.0005388466,5996,329.3739367547811,1577.1386485698413,7335.122,2.8074498,1224.3026,0.98188406,8101.1025,3.1775515,0,,,,,329.3739367547811,0.0002953018,1577.1386485698413,0.00029608386,-0.06665871,-0.051647797
1352.4062897379335,8097.884,3.1755807,-0.0005392564,5997,329.37327034361675,1577.1357524731777,7331.494,2.8057086,1226.0481,0.97978306,8097.884,3.1755807,0,,,,,329.37327034361675,0.00029522122,1577.1357524731777,0.00029612996,-0.06784805,-0.055209413
1352.4271226523324,8097.421,3.175977,-0.000539667,5998,329.3749071128573,1577.138524269563,7332.0176,2.8060586,1225.7875,0.9804543,8097.421,3.175977,0,,,,,329.3749071128573,0.00029522702,1577.138524269563,0.00029602955,-0.06632625,-0.05210303
1352.447955565858,8099.4907,3.1780121,-0.00054007844,5999,329.37371357801544,1577.1364540732511,7333.0493,2.8078568,1227.772,0.98060745,8099.4907,3.1780121,0,,,,,329.37371357801544,0.00029534908,1577.1364540732511,0.00029643057,-0.067382246,-0.054505304
1352.4687884784516,8101.632,3.1773906,-0.00054049084,6000,329.3744215445275,1577.1363156968614,7335.2896,2.8073075,1225.4403,0.98105145,8101.632,3.1773906,0,,,,,329.3744215445275,0.00029530464,1577.1363156968614,0.000296171,-0.066420466,-0.054369684
1352.4896213901138,8099.966,3.1769123,-0.0005409042,6001,329.3746316992074,1577.1381466270504,7333.6455,2.806885,1226.9012,0.9802079,8099.966,3.1769123,0,,,,,329.3746316992074,0.00029536922,1577.1381466270504,0.00029616902,-0.06664396,-0.05285335
1352.510454300962,8094.5835,3.1779375,-0.0005413183,6002,329.3744599186962,1577.1356231226277,7328.583,2.8077908,1229.9824,0.98244834,8094.5835,3.1779375,0,,,,,329.3744599186962,0.000295811,1577.1356231226277,0.00029641826,-0.06665818,-0.055444576
1352.5312872108204,8096.409,3.1771739,-0.00054173346,6003,329.37462264081086,1577.136315086181,7330.4688,2.8071158,1228.9503,0.98176956,8096.409,3.1771739,0,,,,,329.37462264081086,0.0002954422,1577.136315086181,0.00029636492,-0.06612473,-0.05479456
1352.552120119864,8097.3125,3.1765535,-0.0005421494,6004,329.37443024538067,1577.136060418012,7330.9673,2.806568,1228.4313,0.98025656,8097.3125,3.1765535,0,,,,,329.37443024538067,0.000295407,1577.136060418012,0.0002964081,-0.06656765,-0.05535827
1352.5729530279764,8097.9805,3.1773798,-0.0005425663,6005,329.3745699051643,1577.1348197540276,7330.979,2.807298,1231.798,0.9811564,8097.9805,3.1773798,0,,,,,329.3745699051643,0.00029552134,1577.1348197540276,0.00029635848,-0.06623302,-0.055755872
1352.5937859351575,8097.7314,3.1771903,-0.0005429841,6006,329.3747807338905,1577.1354264120935,7330.031,2.8071303,1231.0168,0.98143435,8097.7314,3.1771903,0,,,,,329.3747807338905,0.000295571,1577.1354264120935,0.000296443,-0.06608444,-0.05550707
1352.6146188414646,8098.48,3.1793065,-0.0005434028,6007,329.37505898858456,1577.1345257545697,7330.846,2.8090005,1231.5875,0.9816736,8098.48,3.1793065,0,,,,,329.37505898858456,0.00029568706,1577.1345257545697,0.00029683835,-0.06605557,-0.056718554
1352.6354517468994,8099.8623,3.177676,-0.00054382236,6008,329.37528312553275,1577.1352328312837,7332.1357,2.8075595,1232.4252,0.9810478,8099.8623,3.177676,0,,,,,329.37528312553275,0.00029564067,1577.1352328312837,0.0002963674,-0.06499476,-0.05632399
1352.6562846514034,8097.9863,3.1774378,-0.00054424285,6009,329.3747667658037,1577.1327560547786,7328.678,2.8073494,1233.7716,0.98179597,8097.9863,3.1774378,0,,,,,329.3747667658037,0.00029561773,1577.1327560547786,0.00029675692,-0.065254375,-0.058874015
1352.677117555033,8095.7275,3.177149,-0.0005446642,6010,329.3764047496562,1577.1352398270749,7327.6826,2.807094,1233.5446,0.9819822,8095.7275,3.177149,0,,,,,329.3764047496562,0.00029563517,1577.1352398270749,0.00029653023,-0.064236596,-0.056148153
1352.6979504577896,8097.4224,3.1777391,-0.00054508646,6011,329.37499135798305,1577.1336821491016,7324.1104,2.8076158,1232.78,0.9814227,8097.4224,3.1777391,0,,,,,329.37499135798305,0.000295814,1577.1336821491016,0.0002971586,-0.06526626,-0.058214996
1352.7187833597327,8095.0566,3.1777937,-0.0005455095,6012,329.3758289511982,1577.1338968271966,7326.309,2.8076637,1235.7552,0.98283666,8095.0566,3.1777937,0,,,,,329.3758289511982,0.0002956358,1577.1338968271966,0.0002967682,-0.06479769,-0.05789857
1352.7396162607436,8092.296,3.1785753,-0.0005459335,6013,329.3754139622773,1577.1326611576694,7323.523,2.8083544,1236.8867,0.983335,8092.296,3.1785753,0,,,,,329.3754139622773,0.00029575574,1577.1326611576694,0.00029708998,-0.06469381,-0.058902353
1352.760449160939,8092.224,3.1771748,-0.0005463583,6014,329.3761315830806,1577.133227885392,7323.593,2.807117,1237.2284,0.982339,8092.224,3.1771748,0,,,,,329.3761315830806,0.00029571677,1577.133227885392,0.00029683404,-0.06423723,-0.05889008
1352.78128206032,8097.617,3.178316,-0.0005467839,6015,329.3772476176702,1577.132076475205,7328.294,2.808125,1237.2048,0.9826404,8097.617,3.178316,0,,,,,329.3772476176702,0.00029575307,1577.132076475205,0.00029676568,-0.06316638,-0.05973466
1352.8021149588862,8096.653,3.1790378,-0.00054721034,6016,329.3766764110941,1577.1315646739747,7326.2007,2.8087628,1236.4811,0.98363096,8096.653,3.1790378,0,,,,,329.3766764110941,0.00029605365,1577.1315646739747,0.00029702226,-0.063729815,-0.06052302
1352.8229478566377,8098.3833,3.1785283,-0.0005476376,6017,329.37651567342743,1577.1327451605523,7329.1255,2.8083127,1236.752,0.9823156,8098.3833,3.1785283,0,,,,,329.37651567342743,0.0002957294,1577.1327451605523,0.0002967563,-0.06364202,-0.058127932
1352.8437807536316,8095.9956,3.1795018,-0.0005480656,6018,329.37666695391675,1577.1295730046766,7323.5415,2.8091726,1236.2483,0.9849921,8095.9956,3.1795018,0,,,,,329.37666695391675,0.0002961007,1577.1295730046766,0.0002973353,-0.0633668,-0.062897906
1352.8646136498696,8089.368,3.1787684,-0.00054849434,6019,329.37700241287604,1577.1324377437668,7319.831,2.8085248,1238.4308,0.98318654,8089.368,3.1787684,0,,,,,329.37700241287604,0.00029612883,1577.1324377437668,0.00029740456,-0.0630046,-0.058978096
1352.8854465454092,8091.6533,3.1770997,-0.0005489238,6020,329.3767849487109,1577.1300742680237,7320.1123,2.8070507,1239.6542,0.9828288,8091.6533,3.1770997,0,,,,,329.3767849487109,0.00029589908,1577.1300742680237,0.00029715803,-0.06317731,-0.061795402
1352.9062794402494,8092.4727,3.1776605,-0.00054935395,6021,329.37745663736735,1577.1301062168332,7320.525,2.807546,1241.2635,0.98324436,8092.4727,3.1776605,0,,,,,329.37745663736735,0.00029590147,1577.1301062168332,0.00029736006,-0.0621527,-0.062227707
1352.9271123343926,8095.3267,3.1794007,-0.0005497848,6022,329.3778716595977,1577.130542992303,7322.9497,2.8090835,1239.3217,0.9832159,8095.3267,3.1794007,0,,,,,329.3778716595977,0.0002959815,1577.130542992303,0.00029757444,-0.0621179,-0.062177703
1352.947945227953,8101.0205,3.179197,-0.00055021624,6023,329.3782025145487,1577.1304176330189,7327.4854,2.8089032,1239.2618,0.98361844,8101.0205,3.179197,0,,,,,329.3782025145487,0.0002958284,1577.1304176330189,0.00029722915,-0.06170354,-0.062344447
1352.9687781209304,8089.6123,3.1775665,-0.00055064826,6024,329.3779363322068,1577.1297407067646,7318.143,2.8074632,1241.81,0.9834403,8089.6123,3.1775665,0,,,,,329.3779363322068,0.0002960175,1577.1297407067646,0.00029734627,-0.061508436,-0.06244286
1352.989611013385,8094.218,3.1801958,-0.0005510808,6025,329.37774808736606,1577.1287956797537,7322.0586,2.8097858,1243.053,0.98599374,8094.218,3.1801958,0,,,,,329.37774808736606,0.0002961857,1577.1287956797537,0.00029736216,-0.06204305,-0.06357484
1353.0104439053157,8092.7925,3.1797283,-0.00055151386,6026,329.3799387880377,1577.1305724588647,7321.849,2.8093727,1244.979,0.98566854,8092.7925,3.1797283,0,,,,,329.3799387880377,0.00029613456,1577.1305724588647,0.00029733268,-0.059594978,-0.061556675
1353.031276796839,8096.7607,3.179212,-0.00055194733,6027,329.3784120589385,1577.1274064344411,7324.4556,2.8089168,1242.7158,0.98390716,8096.7607,3.179212,0,,,,,329.3784120589385,0.00029603887,1577.1274064344411,0.00029727007,-0.060797825,-0.06561447
1353.052109688012,8090.861,3.180429,-0.00055238116,6028,329.3796022253821,1577.1299687379906,7321.106,2.809992,1244.3596,0.9845504,8090.861,3.180429,0,,,,,329.3796022253821,0.00029616564,1577.1299687379906,0.00029735174,-0.059694618,-0.062031154
1353.0729425787783,8092.3135,3.1797137,-0.0005528154,6029,329.3788512499308,1577.127537557259,7319.95,2.80936,1245.5035,0.9855648,8092.3135,3.1797137,0,,,,,329.3788512499308,0.0002963705,1577.127537557259,0.0002974539,-0.059918646,-0.06483538
1353.0937754693127,8096.47,3.1794145,-0.00055324985,6030,329.3791622477649,1577.1273422279176,7324.0073,2.8090954,1243.775,0.98445153,8096.47,3.1794145,0,,,,,329.3791622477649,0.0002959985,1577.1273422279176,0.00029725285,-0.05958698,-0.06473922
1353.114608359671,8094.799,3.1803968,-0.0005536845,6031,329.38090440089445,1577.1270730615008,7321.3926,2.8099635,1245.6989,0.98574346,8094.799,3.1803968,0,,,,,329.38090440089445,0.00029640284,1577.1270730615008,0.00029754426,-0.058292516,-0.06576419
1353.1354412498547,8097.3247,3.1792295,-0.0005541193,6032,329.38001556492816,1577.1277392381573,7324.0283,2.8089323,1244.5295,0.9840488,8097.3247,3.1792295,0,,,,,329.38001556492816,0.0002959581,1577.1277392381573,0.00029741877,-0.05962606,-0.06531162
1353.1562741400398,8095.489,3.1797817,-0.0005545541,6033,329.38079897562693,1577.1265337914738,7324.285,2.8094199,1245.5457,0.9844832,8095.489,3.1797817,0,,,,,329.38079897562693,0.00029618412,1577.1265337914738,0.0002973242,-0.057971813,-0.06637127
