time,flux,flux_err,timecorr,cadenceno,centroid_col,centroid_row,sap_flux,sap_flux_err,sap_bkg,sap_bkg_err,pdcsap_flux,pdcsap_flux_err,quality,psf_centr1,psf_centr1_err,psf_centr2,psf_centr2_err,mom_centr1,mom_centr1_err,mom_centr2,mom_centr2_err,pos_corr1,pos_corr2
2361.782288752873,7927.1987,5.143316,0.00089558563,163342,1436.0643015897394,869.3376807999953,7200.923,4.55921,992.7744,1.3288195,7927.1987,5.143316,0,,,,,1436.0643015897394,0.0004521106,869.3376807999953,0.00046647264,-0.011714254,-0.11914559
2361.7892331312332,7929.441,5.144977,0.0008955227,163343,1436.0647004131224,869.3387390678198,7203.3394,4.5606823,989.94403,1.3282654,7929.441,5.144977,0,,,,,1436.0647004131224,0.00045204037,869.3387390678198,0.00046674587,-0.010324386,-0.11869696
2361.7961775095937,7924.106,5.1412272,0.0008954598,163344,1436.0644058085163,869.3401274933752,7200.0654,4.5573583,987.9728,1.3263456,7924.106,5.1412272,0,,,,,1436.0644058085163,0.0004518683,869.3401274933752,0.00046614115,-0.011300598,-0.117498904
2361.803121887954,7927.932,5.1436048,0.00089539686,163345,1436.064457592484,869.3389109859173,7204.2705,4.559466,990.39343,1.3269413,7927.932,5.1436048,0,,,,,1436.064457592484,0.00045174986,869.3389109859173,0.00046601964,-0.011702752,-0.11818264
2361.810066266315,7928.115,5.1441927,0.00089533394,163346,1436.0626706450482,869.3394533322477,7204.587,4.559987,990.5443,1.3292114,7928.115,5.1441927,0,,,,,1436.0626706450482,0.00045180437,869.3394533322477,0.00046597252,-0.012653941,-0.11655121
2361.8170106446755,7930.07,5.1455436,0.000895271,163347,1436.0635162827527,869.340346055383,7206.765,4.5611844,989.4321,1.3281834,7930.07,5.1455436,0,,,,,1436.0635162827527,0.00045174028,869.340346055383,0.0004662007,-0.012204254,-0.11637624
2361.8239550230355,7926.188,5.1419272,0.0008952081,163348,1436.0639757142114,869.3409973995434,7203.2324,4.557979,987.5799,1.3272706,7926.188,5.1419272,0,,,,,1436.0639757142114,0.00045155443,869.3409973995434,0.00046600783,-0.011934886,-0.11575969
2361.830899401338,7929.527,5.144078,0.0008951451,163349,1436.064151698643,869.3413289907802,7206.475,4.559885,989.8413,1.3280382,7929.527,5.144078,0,,,,,1436.064151698643,0.00045165495,869.3413289907802,0.00046584776,-0.012070176,-0.11494273
2361.837843779639,7922.804,5.1426735,0.00089508214,163350,1436.0632342987265,869.3404520325128,7199.901,4.5586405,990.63763,1.3282375,7922.804,5.1426735,0,,,,,1436.0632342987265,0.00045209745,869.3404520325128,0.00046619485,-0.013152883,-0.11544626
2361.8447881579996,7920.0728,5.1413984,0.0008950192,163351,1436.0643590705067,869.342582326488,7197.926,4.5575104,988.54193,1.3270549,7920.0728,5.1413984,0,,,,,1436.0643590705067,0.00045174846,869.342582326488,0.00046635134,-0.012254021,-0.11349162
2361.851732536302,7923.6406,5.141752,0.00089495623,163352,1436.0628153048472,869.3414884627691,7200.6426,4.557823,989.0696,1.3272184,7923.6406,5.141752,0,,,,,1436.0628153048472,0.00045167073,869.3414884627691,0.00046609686,-0.013009097,-0.11386086
2361.858676914605,7927.166,5.1436934,0.00089489325,163353,1436.0624387368125,869.3429334390761,7204.713,4.5595446,988.7448,1.3279132,7927.166,5.1436934,0,,,,,1436.0624387368125,0.00045152847,869.3429334390761,0.00046613,-0.014171818,-0.11334225
2361.865621292849,7927.2827,5.1420603,0.0008948302,163354,1436.0626628595537,869.3440020017745,7203.1333,4.558097,988.53796,1.3265913,7927.2827,5.1420603,0,,,,,1436.0626628595537,0.00045148042,869.3440020017745,0.0004659348,-0.013626631,-0.11160154
2361.8725656711513,7922.324,5.140808,0.00089476723,163355,1436.063720385836,869.3434838269606,7199.764,4.556987,987.0883,1.3259419,7922.324,5.140808,0,,,,,1436.063720385836,0.00045156534,869.3434838269606,0.00046609837,-0.012888923,-0.11187889
2361.8795100493953,7921.646,5.140998,0.0008947042,163356,1436.0631715333034,869.3434449824257,7199.327,4.557155,987.5767,1.32741,7921.646,5.140998,0,,,,,1436.0631715333034,0.00045165516,869.3434449824257,0.00046603283,-0.0134777175,-0.112284176
2361.8864544276394,7931.3413,5.143009,0.00089464115,163357,1436.061908028945,869.3434206837403,7208.5093,4.5589385,986.501,1.3267086,7931.3413,5.143009,0,,,,,1436.061908028945,0.00045128114,869.3434206837403,0.00046543663,-0.014318687,-0.11200398
2361.893398805825,7929.942,5.146105,0.00089457806,163358,1436.0622691271108,869.3447612412466,7207.263,4.5616817,988.61646,1.3281776,7929.942,5.146105,0,,,,,1436.0622691271108,0.00045206185,869.3447612412466,0.00046579118,-0.014267634,-0.10994291
2361.9003431840692,7931.265,5.1444154,0.000894515,163359,1436.0620083472847,869.3452891477702,7208.4976,4.5601845,986.79706,1.3259192,7931.265,5.1444154,0,,,,,1436.0620083472847,0.00045131467,869.3452891477702,0.00046578707,-0.0147227235,-0.11065129
2361.9072875622546,7924.539,5.142878,0.0008944519,163360,1436.0622567384075,869.345306766842,7202.368,4.558822,987.0732,1.3270329,7924.539,5.142878,0,,,,,1436.0622567384075,0.00045190266,869.345306766842,0.00046587305,-0.014359522,-0.11004625
2361.91423194044,7926.388,5.141276,0.0008943888,163361,1436.0623897729092,869.3459840861132,7204.3145,4.5574017,984.51746,1.3250455,7926.388,5.141276,0,,,,,1436.0623897729092,0.000451749,869.3459840861132,0.000465529,-0.014444949,-0.10939679
2361.9211763185676,7926.152,5.1428866,0.00089432567,163362,1436.0601990848832,869.3468877742454,7204.3364,4.5588293,987.2187,1.3258958,7926.152,5.1428866,0,,,,,1436.0601990848832,0.0004514547,869.3468877742454,0.0004658647,-0.015959727,-0.10915894
2361.928120696696,7916.7515,5.1390295,0.0008942625,163363,1436.0617628285872,869.345883182722,7195.513,4.5554104,985.50446,1.3250105,7916.7515,5.1390295,0,,,,,1436.0617628285872,0.00045186767,869.345883182722,0.0004661858,-0.016353238,-0.10930435
2361.9350650748233,7920.8174,5.1424885,0.00089419936,163364,1436.0606063533787,869.3479728758084,7199.172,4.5584764,986.96185,1.3278371,7920.8174,5.1424885,0,,,,,1436.0606063533787,0.00045197492,869.3479728758084,0.0004663205,-0.01542586,-0.10794881
2361.9420094529505,7926.232,5.1421895,0.0008941362,163365,1436.060877531177,869.3465457386149,7204.8706,4.5582113,985.482,1.3257653,7926.232,5.1421895,0,,,,,1436.060877531177,0.0004517047,869.3465457386149,0.0004657489,-0.015703795,-0.108677305
2361.948953831021,7924.328,5.1417055,0.000894073,163366,1436.0608609382427,869.3466202931677,7202.8604,4.557782,985.583,1.325438,7924.328,5.1417055,0,,,,,1436.0608609382427,0.00045152695,869.3466202931677,0.0004657264,-0.015610003,-0.10940559
2361.9558982090903,7929.7036,5.1439805,0.0008940098,163367,1436.0603250363085,869.3478385640041,7208.0527,4.5597987,983.6653,1.3268548,7929.7036,5.1439805,0,,,,,1436.0603250363085,0.00045141802,869.3478385640041,0.00046580553,-0.01626709,-0.10767924
2361.9628425871015,7924.5654,5.141146,0.0008939465,163368,1436.060254838427,869.3467090202736,7203.6836,4.5572867,984.55554,1.3249575,7924.5654,5.141146,0,,,,,1436.060254838427,0.0004513735,869.3467090202736,0.000465792,-0.016519394,-0.10809364
2361.9697869651127,7928.118,5.1412573,0.00089388323,163369,1436.061030657342,869.3483788294033,7206.4766,4.557385,984.0957,1.3243926,7928.118,5.1412573,0,,,,,1436.061030657342,0.00045105038,869.3483788294033,0.00046568055,-0.015614641,-0.10792459
2361.976731343124,7919.6055,5.142272,0.00089381996,163370,1436.0612492907662,869.3477535325939,7199.249,4.5582848,986.399,1.325538,7919.6055,5.142272,0,,,,,1436.0612492907662,0.00045191488,869.3477535325939,0.00046637026,-0.016700305,-0.10793949
2361.983675721077,7926.313,5.140917,0.00089375663,163371,1436.060332715564,869.3485947158786,7204.841,4.557083,984.01056,1.3258976,7926.313,5.140917,0,,,,,1436.060332715564,0.00045117008,869.3485947158786,0.00046582546,-0.015958365,-0.107115015
2361.9906200990295,7934.201,5.146799,0.0008936933,163372,1436.0607940138548,869.3467635931755,7212.0283,4.562298,986.37366,1.327643,7934.201,5.146799,0,,,,,1436.0607940138548,0.0004515226,869.3467635931755,0.0004656821,-0.016413761,-0.1085193
2361.997564476924,7923.347,5.140812,0.0008936299,163373,1436.061640450478,869.3479659882778,7202.2617,4.55699,984.8244,1.3251275,7923.347,5.140812,0,,,,,1436.061640450478,0.0004513419,869.3479659882778,0.00046574845,-0.015426026,-0.10727613
2362.0045088548186,7928.0034,5.141338,0.0008935665,163374,1436.0601704295107,869.3490364179016,7207.3916,4.5574565,983.2204,1.3242782,7928.0034,5.141338,0,,,,,1436.0601704295107,0.00045121764,869.3490364179016,0.00046545488,-0.017004289,-0.10681657
2362.0114532327134,7928.2817,5.1426077,0.00089350314,163375,1436.060708209815,869.3481450807051,7206.809,4.558582,984.18726,1.3252066,7928.2817,5.1426077,0,,,,,1436.060708209815,0.00045111866,869.3481450807051,0.00046586033,-0.016288564,-0.10712969
2362.018397610551,7940.303,5.144929,0.0008934397,163376,1436.0594644856208,869.3481664883677,7217.814,4.5606394,984.1045,1.3270862,7940.303,5.144929,0,,,,,1436.0594644856208,0.00045103746,869.3481664883677,0.00046536542,-0.017217204,-0.107623585
2362.025341988387,7924.308,5.14083,0.00089337624,163377,1436.0607451383094,869.3475620916342,7203.9604,4.557006,983.1757,1.3246845,7924.308,5.14083,0,,,,,1436.0607451383094,0.00045138816,869.3475620916342,0.00046553242,-0.017115625,-0.10765284
2362.032286366165,7930.0684,5.1420045,0.00089331274,163378,1436.0614525009605,869.3490696617789,7208.9946,4.5580473,984.47516,1.3246635,7930.0684,5.1420045,0,,,,,1436.0614525009605,0.00045129712,869.3490696617789,0.0004655285,-0.015401595,-0.10606876
2362.0392307439442,7924.7866,5.1444,0.00089324923,163379,1436.0593519646566,869.3485040263329,7204.272,4.5601707,984.6817,1.3267413,7924.7866,5.1444,0,,,,,1436.0593519646566,0.0004517826,869.3485040263329,0.00046601208,-0.016124994,-0.10669003
2362.046175121664,7927.8,5.1405144,0.0008931857,163380,1436.0606793464729,869.3480097973463,7206.537,4.5567265,982.7751,1.3234677,7927.8,5.1405144,0,,,,,1436.0606793464729,0.0004513016,869.3480097973463,0.0004659202,-0.01674406,-0.10718646
2362.053119499384,7927.589,5.1417985,0.0008931221,163381,1436.060222537104,869.3479890785875,7207.1973,4.5578647,984.7916,1.3248143,7927.589,5.1417985,0,,,,,1436.060222537104,0.00045141607,869.3479890785875,0.00046549927,-0.017289616,-0.10800414
2362.0600638770466,7935.511,5.146422,0.0008930585,163382,1436.0607173086466,869.3483850208466,7213.75,4.5619626,985.3068,1.3270887,7935.511,5.146422,0,,,,,1436.0607173086466,0.000451619,869.3483850208466,0.00046567162,-0.015185323,-0.10610521
2362.0670082547085,7932.372,5.141966,0.00089299487,163383,1436.062058736356,869.3486642731871,7211.039,4.558013,983.849,1.3238142,7932.372,5.141966,0,,,,,1436.062058736356,0.00045144896,869.3486642731871,0.0004654886,-0.015774658,-0.10659337
2362.0739526323696,7930.129,5.143446,0.00089293125,163384,1436.0604019521934,869.3481457944125,7208.839,4.559325,982.9976,1.3262757,7930.129,5.143446,0,,,,,1436.0604019521934,0.00045137142,869.3481457944125,0.0004656598,-0.015686153,-0.10723235
2362.0808970099733,7925.459,5.1405015,0.00089286757,163385,1436.0608059007106,869.348280630396,7204.906,4.556715,982.8795,1.3244153,7925.459,5.1405015,0,,,,,1436.0608059007106,0.00045126327,869.348280630396,0.00046568573,-0.015633933,-0.10758799
2362.087841387519,7936.461,5.1418686,0.00089280383,163386,1436.06085699003,869.3477003789275,7214.539,4.557927,981.7419,1.3228753,7936.461,5.1418686,0,,,,,1436.06085699003,0.00045117983,869.3477003789275,0.0004651503,-0.015858728,-0.10776151
2362.0947857650644,7921.7754,5.1400137,0.0008927401,163387,1436.0610967082966,869.3483609321034,7201.951,4.5562825,984.4615,1.3246123,7921.7754,5.1400137,0,,,,,1436.0610967082966,0.00045133274,869.3483609321034,0.00046579324,-0.015090772,-0.10674966
2362.101730142552,7923.822,5.13926,0.0008926763,163388,1436.0618161714697,869.3482617944007,7203.711,4.555614,980.8249,1.3229018,7923.822,5.13926,0,,,,,1436.0618161714697,0.00045130108,869.3482617944007,0.00046569906,-0.015688628,-0.10742216
2362.10867452004,7927.0225,5.141305,0.0008926125,163389,1436.061261897818,869.3475956848366,7206.4814,4.5574274,982.59485,1.324511,7927.0225,5.141305,0,,,,,1436.061261897818,0.0004513064,869.3475956848366,0.0004656243,-0.01584644,-0.10786496
2362.1156188974687,7934.051,5.141812,0.00089254865,163390,1436.0613206291926,869.3484276659029,7212.8423,4.557876,982.5222,1.3228887,7934.051,5.141812,0,,,,,1436.0613206291926,0.00045105355,869.3484276659029,0.00046515427,-0.015046717,-0.10685578
2362.1225632748974,7924.0967,5.1415343,0.0008924848,163391,1436.0609394797677,869.3474100434054,7203.825,4.5576305,983.2366,1.3244448,7924.0967,5.1415343,0,,,,,1436.0609394797677,0.00045156054,869.3474100434054,0.0004660467,-0.0161011,-0.10847165
2362.1295076522692,7927.015,5.1404243,0.0008924209,163392,1436.0622841008965,869.3481436096304,7206.2056,4.5566463,983.2463,1.3238789,7927.015,5.1404243,0,,,,,1436.0622841008965,0.00045111764,869.3481436096304,0.0004653189,-0.014649054,-0.10675894
2362.13645202964,7925.22,5.143205,0.00089235697,163393,1436.061367737946,869.348275829546,7205.0703,4.5591116,983.5605,1.3259919,7925.22,5.143205,0,,,,,1436.061367737946,0.00045170926,869.348275829546,0.00046594444,-0.015529088,-0.107633546
2362.1433964069524,7937.0225,5.143528,0.000892293,163394,1436.0630210661748,869.347362113444,7214.9487,4.559398,980.13324,1.323266,7937.0225,5.143528,0,,,,,1436.0630210661748,0.00045120684,869.347362113444,0.00046541906,-0.014280787,-0.107989855
2362.1503407842647,7930.623,5.142201,0.000892229,163395,1436.0608829491268,869.347136883108,7209.8374,4.558222,981.8586,1.3259381,7930.623,5.142201,0,,,,,1436.0608829491268,0.00045099304,869.347136883108,0.0004651815,-0.015483813,-0.108226754
2362.157285161519,7928.511,5.140186,0.000892165,163396,1436.0629290806335,869.3477193555859,7207.6836,4.556435,981.31104,1.3230675,7928.511,5.140186,0,,,,,1436.0629290806335,0.00045111956,869.3477193555859,0.00046514772,-0.013953365,-0.107770175
2362.1642295387155,7928.0825,5.1401496,0.0008921009,163397,1436.0616426599968,869.3469160501145,7207.6157,4.556403,979.8402,1.3223604,7928.0825,5.1401496,0,,,,,1436.0616426599968,0.00045122913,869.3469160501145,0.00046564185,-0.014802751,-0.108191945
2362.171173915912,7927.04,5.1420197,0.0008920368,163398,1436.06291643674,869.34709037848,7206.2886,4.5580606,980.6931,1.3232582,7927.04,5.1420197,0,,,,,1436.06291643674,0.00045111022,869.34709037848,0.0004658016,-0.012907182,-0.10792364
2362.178118293108,7923.5254,5.139387,0.00089197274,163399,1436.0618913261467,869.3469708993867,7203.399,4.5557275,981.764,1.3232979,7923.5254,5.139387,0,,,,,1436.0618913261467,0.00045128065,869.3469708993867,0.00046592648,-0.01356028,-0.108885534
2362.185062670246,7928.23,5.140489,0.0008919086,163400,1436.0628696819178,869.3465264686417,7207.5767,4.5567045,981.21747,1.3239543,7928.23,5.140489,0,,,,,1436.0628696819178,0.00045146234,869.3465264686417,0.0004652112,-0.013136097,-0.10895408
2362.192007047326,7925.5015,5.1402416,0.0008918444,163401,1436.0634446114082,869.3470234838036,7205.311,4.5564847,984.0489,1.3237767,7925.5015,5.1402416,0,,,,,1436.0634446114082,0.00045123565,869.3470234838036,0.00046538553,-0.012972253,-0.10853571
2362.198951424407,7911.348,5.137388,0.0008917802,163402,1436.0624343071927,869.3468791570302,7192.7363,4.553955,981.4595,1.3245245,7911.348,5.137388,0,,,,,1436.0624343071927,0.00045153694,869.3468791570302,0.00046596842,-0.013374437,-0.10898409
2362.2058958014286,7923.08,5.14131,0.0008917159,163403,1436.062090485747,869.3477317192986,7202.6763,4.5574317,981.3378,1.3243937,7923.08,5.14131,0,,,,,1436.062090485747,0.00045161115,869.3477317192986,0.00046565325,-0.013448775,-0.10877564
2362.212840178392,7920.0234,5.1379256,0.0008916516,163404,1436.0634948414997,869.3469748766745,7200.385,4.5544314,979.02405,1.3242276,7920.0234,5.1379256,0,,,,,1436.0634948414997,0.00045159494,869.3469748766745,0.00046551882,-0.012937184,-0.10875047
2362.2197845553546,7930.696,5.1407347,0.0008915873,163405,1436.062998480308,869.3461361501832,7209.6865,4.556922,979.4655,1.3222136,7930.696,5.1407347,0,,,,,1436.062998480308,0.00045085012,869.3461361501832,0.0004652772,-0.01311313,-0.110072605
2362.226728932318,7925.2593,5.1399183,0.00089152297,163406,1436.0633895731976,869.3457788662129,7204.826,4.5561986,978.81445,1.322608,7925.2593,5.1399183,0,,,,,1436.0633895731976,0.00045114942,869.3457788662129,0.0004660098,-0.012124688,-0.10884424
2362.233673309223,7919.0835,5.138444,0.0008914586,163407,1436.0635163048455,869.3455989187763,7199.4316,4.5548916,984.5959,1.3239504,7919.0835,5.138444,0,,,,,1436.0635163048455,0.0004513762,869.3455989187763,0.00046564476,-0.01246851,-0.109191395
2362.24061768607,7928.9995,5.139911,0.00089139416,163408,1436.0628226465233,869.3456981050687,7208.27,4.556192,980.0257,1.3227501,7928.9995,5.139911,0,,,,,1436.0628226465233,0.00045119895,869.3456981050687,0.00046521157,-0.011878866,-0.110030174
2362.2475620628593,7933.2,5.140189,0.00089132966,163409,1436.0645324208842,869.3460789477717,7211.8906,4.5564384,978.6743,1.3221469,7933.2,5.140189,0,,,,,1436.0645324208842,0.00045092727,869.3460789477717,0.0004652593,-0.01201784,-0.109229736
2362.254506439648,7932.303,5.141178,0.00089126517,163410,1436.064607727904,869.3454563371052,7210.827,4.557315,979.2469,1.3234576,7932.303,5.141178,0,,,,,1436.064607727904,0.00045109732,869.3454563371052,0.00046508835,-0.011339961,-0.11055032
2362.261450816437,7928.615,5.139709,0.0008912007,163411,1436.0640914631877,869.34512992791,7207.43,4.5560126,981.4013,1.3226855,7928.615,5.139709,0,,,,,1436.0640914631877,0.00045101743,869.34512992791,0.0004654984,-0.011761863,-0.110029414
2362.2683951931676,7930.485,5.139691,0.0008911361,163412,1436.0642891492444,869.3457704203972,7208.799,4.5559964,979.65625,1.3223834,7930.485,5.139691,0,,,,,1436.0642891492444,0.00045126636,869.3457704203972,0.00046513102,-0.011562816,-0.10984248
2362.27533956984,7935.4556,5.141003,0.0008910715,163413,1436.0646851102915,869.3448232411434,7213.714,4.5571594,978.9124,1.3230977,7935.4556,5.141003,0,,,,,1436.0646851102915,0.0004508562,869.3448232411434,0.00046512476,-0.010349547,-0.11024144
2362.2822839465125,7925.3794,5.1386166,0.0008910069,163414,1436.0646073683022,869.3445982541177,7204.505,4.5550447,979.10364,1.3228285,7925.3794,5.1386166,0,,,,,1436.0646073683022,0.0004512326,869.3445982541177,0.0004652787,-0.010984717,-0.110875614
2362.289228323127,7916.9897,5.1380615,0.00089094223,163415,1436.0649303419393,869.3443226099455,7197.269,4.554552,981.9863,1.3243071,7916.9897,5.1380615,0,,,,,1436.0649303419393,0.0004513658,869.3443226099455,0.00046589147,-0.010450055,-0.11060803
2362.296172699683,7933.7964,5.1421676,0.0008908775,163416,1436.064775429322,869.3458452051152,7212.0854,4.5581923,981.254,1.3230424,7933.7964,5.1421676,0,,,,,1436.064775429322,0.0004511993,869.3458452051152,0.00046533885,-0.010631747,-0.11025097
2362.3031170762383,7932.952,5.1415725,0.0008908128,163417,1436.066320361745,869.3450717801716,7211.42,4.557664,979.3862,1.3222427,7932.952,5.1415725,0,,,,,1436.066320361745,0.00045100777,869.3450717801716,0.00046529277,-0.009980819,-0.111350015
2362.3100614527357,7930.0903,5.1392136,0.000890748,163418,1436.0657967264092,869.3447718039695,7208.608,4.5555735,980.5332,1.3217411,7930.0903,5.1392136,0,,,,,1436.0657967264092,0.00045115926,869.3447718039695,0.000465098,-0.009513168,-0.11110138
2362.3170058292344,7920.7593,5.1387534,0.0008906832,163419,1436.0664185218013,869.3439349226643,7200.639,4.5551653,981.2761,1.3230195,7920.7593,5.1387534,0,,,,,1436.0664185218013,0.00045169075,869.3439349226643,0.00046561027,-0.010108063,-0.112102725
2362.3239502056736,7929.0137,5.13825,0.00089061836,163420,1436.0663688127102,869.3458567462776,7207.485,4.5547194,978.3521,1.3214387,7929.0137,5.13825,0,,,,,1436.0663688127102,0.0004509765,869.3458567462776,0.0004649417,-0.008843695,-0.11025583
2362.3308945820545,7924.0063,5.1377707,0.00089055346,163421,1436.066566687356,869.3452027290367,7203.396,4.5542946,980.2021,1.3216785,7924.0063,5.1377707,0,,,,,1436.066566687356,0.00045110437,869.3452027290367,0.0004654363,-0.009128993,-0.1113908
2362.337838958437,7927.883,5.140035,0.00089048856,163422,1436.0654434006296,869.3432078585674,7206.408,4.5563016,980.32306,1.3225595,7927.883,5.140035,0,,,,,1436.0654434006296,0.0004511141,869.3432078585674,0.00046534764,-0.0095892595,-0.11286847
2362.34478333476,7924.5503,5.1385884,0.0008904236,163423,1436.0674338751414,869.3446820197246,7203.5454,4.5550194,980.7865,1.322953,7924.5503,5.1385884,0,,,,,1436.0674338751414,0.00045140894,869.3446820197246,0.00046506958,-0.008557651,-0.1109503
2362.351727711025,7913.314,5.136171,0.0008903586,163424,1436.0665784556259,869.3433880072043,7193.4443,4.5528765,979.3023,1.32287,7913.314,5.136171,0,,,,,1436.0665784556259,0.00045195536,869.3433880072043,0.00046565736,-0.00861634,-0.112695575
2362.35867208729,7921.0166,5.13857,0.00089029357,163425,1436.067974010498,869.3427712058967,7200.2983,4.5550027,980.69727,1.323307,7921.0166,5.13857,0,,,,,1436.067974010498,0.0004513511,869.3427712058967,0.00046565355,-0.007821198,-0.11271064
2362.365616463555,7931.292,5.140429,0.00089022855,163426,1436.0672184684154,869.344303907207,7209.8975,4.556651,979.34906,1.3225026,7931.292,5.140429,0,,,,,1436.0672184684154,0.00045104284,869.344303907207,0.0004651995,-0.008413946,-0.11180561
2362.3725608397026,7923.945,5.1410384,0.0008901634,163427,1436.067534602014,869.342985942961,7202.833,4.557191,981.02893,1.3237172,7923.945,5.1410384,0,,,,,1436.067534602014,0.00045172212,869.342985942961,0.0004658302,-0.0077847806,-0.11251063
2362.379505215851,7926.4453,5.137518,0.0008900983,163428,1436.0668267856483,869.343585800938,7205.1343,4.5540705,976.2308,1.3205142,7926.4453,5.137518,0,,,,,1436.0668267856483,0.0004510768,869.343585800938,0.00046523375,-0.008227267,-0.11266868
2362.386449592,7922.7417,5.1376047,0.00089003314,163429,1436.0677396087267,869.3428667630698,7201.619,4.554147,979.3621,1.3216163,7922.7417,5.1376047,0,,,,,1436.0677396087267,0.0004512218,869.3428667630698,0.00046556973,-0.007465515,-0.11291094
2362.3933939680323,7926.479,5.138249,0.0008899679,163430,1436.0668565801946,869.3427756015215,7204.5337,4.554718,977.1893,1.3207523,7926.479,5.138249,0,,,,,1436.0668565801946,0.0004513543,869.3427756015215,0.00046539473,-0.00809215,-0.11340587
2362.4003383441222,7929.943,5.1388865,0.0008899027,163431,1436.0676188391171,869.3425691346592,7207.791,4.5552835,977.5398,1.3207945,7929.943,5.1388865,0,,,,,1436.0676188391171,0.00045096895,869.3425691346592,0.00046535773,-0.007737145,-0.11287765
2362.407282720097,7927.3887,5.138595,0.0008898374,163432,1436.0683318758634,869.3425813615657,7205.802,4.555025,979.24725,1.3221171,7927.3887,5.138595,0,,,,,1436.0683318758634,0.00045118638,869.3425813615657,0.0004651011,-0.0064997836,-0.11295184
2362.4142270960706,7922.589,5.137404,0.0008897721,163433,1436.0676595553427,869.3416297778443,7201.526,4.55397,980.72644,1.32201,7922.589,5.137404,0,,,,,1436.0676595553427,0.00045135818,869.3416297778443,0.0004655712,-0.0068796426,-0.11361918
2362.421171471986,7922.684,5.138349,0.0008897067,163434,1436.0673918224968,869.3423494556008,7201.6343,4.554807,979.8945,1.3225207,7922.684,5.138349,0,,,,,1436.0673918224968,0.0004509685,869.3423494556008,0.00046531777,-0.0070054797,-0.1128546
2362.4281158479025,7926.955,5.1370983,0.00088964135,163435,1436.0677726940728,869.341231446274,7205.107,4.5536985,975.98505,1.320627,7926.955,5.1370983,0,,,,,1436.0677726940728,0.00045090102,869.341231446274,0.00046524408,-0.0065034707,-0.11438463
2362.43506022376,7929.446,5.1391053,0.0008895759,163436,1436.0683359647744,869.3426392265033,7207.519,4.5554776,978.68243,1.3215889,7929.446,5.1391053,0,,,,,1436.0683359647744,0.00045098853,869.3426392265033,0.00046510363,-0.0057940995,-0.11336618
2362.4420045995594,7925.6567,5.138366,0.00088951044,163437,1436.068248618789,869.3425316506565,7204.385,4.5548224,978.17664,1.3215704,7925.6567,5.138366,0,,,,,1436.068248618789,0.00045109805,869.3425316506565,0.00046547854,-0.0069611925,-0.11381366
2362.4489489753582,7926.541,5.1380033,0.00088944496,163438,1436.0682114208614,869.3416088826882,7204.785,4.5545006,977.2904,1.3212901,7926.541,5.1380033,0,,,,,1436.0682114208614,0.0004512695,869.3416088826882,0.00046525907,-0.006368443,-0.11472445
2362.4558933510984,7920.8687,5.1364713,0.0008893794,163439,1436.0691234738845,869.3423005130601,7199.496,4.5531425,977.6782,1.3217278,7920.8687,5.1364713,0,,,,,1436.0691234738845,0.00045109788,869.3423005130601,0.00046580262,-0.004566956,-0.113825224
2362.462837726839,7925.422,5.137941,0.0008893139,163440,1436.068969542051,869.3414564131789,7204.1045,4.5544453,979.18896,1.3214382,7925.422,5.137941,0,,,,,1436.068969542051,0.0004510756,869.3414564131789,0.00046508558,-0.0065399534,-0.11510853
2362.4697821024647,7921.1333,5.1367583,0.0008892482,163441,1436.069617726618,869.3430441910178,7199.535,4.5533967,978.4083,1.3214382,7921.1333,5.1367583,0,,,,,1436.069617726618,0.00045144316,869.3430441910178,0.0004653705,-0.00504204,-0.11315241
2362.4767264781476,7932.175,5.1387167,0.0008891826,163442,1436.0684643477186,869.3418587860155,7209.6855,4.555133,976.3174,1.321032,7932.175,5.1387167,0,,,,,1436.0684643477186,0.00045059927,869.3418587860155,0.00046505444,-0.005269277,-0.11486205
2362.483670853714,7930.5347,5.138348,0.0008891169,163443,1436.069503712256,869.3421534537424,7208.663,4.554806,974.83936,1.3204731,7930.5347,5.138348,0,,,,,1436.069503712256,0.0004510757,869.3421534537424,0.00046479783,-0.0049324413,-0.114846945
2362.4906152292806,7929.071,5.139331,0.0008890512,163444,1436.0696169718456,869.340944493412,7206.648,4.5556774,975.7489,1.3205339,7929.071,5.139331,0,,,,,1436.0696169718456,0.0004514416,869.340944493412,0.00046523867,-0.0048652524,-0.11488001
2362.497559604848,7927.425,5.1395116,0.00088898547,163445,1436.070008345149,869.3419468819243,7205.8047,4.5558376,977.02435,1.3227746,7927.425,5.1395116,0,,,,,1436.070008345149,0.00045126627,869.3419468819243,0.00046559842,-0.003910607,-0.114917316
2362.5045039802976,7936.769,5.140559,0.00088891963,163446,1436.0710882761061,869.3406162453714,7213.4443,4.556766,977.3009,1.322975,7936.769,5.140559,0,,,,,1436.0710882761061,0.0004507544,869.3406162453714,0.00046487225,-0.0032573787,-0.11512795
2362.5114483557472,7928.41,5.1378875,0.0008888538,163447,1436.0697434464014,869.3416621377366,7206.22,4.554398,976.9457,1.3206149,7928.41,5.1378875,0,,,,,1436.0697434464014,0.00045110242,869.3416621377366,0.00046531277,-0.0045159925,-0.11590465
2362.518392731198,7931.738,5.1398745,0.00088878797,163448,1436.0699785993986,869.3416939439279,7209.6685,4.5561595,977.3618,1.3220966,7931.738,5.1398745,0,,,,,1436.0699785993986,0.00045101746,869.3416939439279,0.00046507147,-0.004660713,-0.114692874
2362.525337106531,7925.8433,5.136029,0.000888722,163449,1436.0696800413668,869.340640566079,7204.11,4.5527506,975.3203,1.3195697,7925.8433,5.136029,0,,,,,1436.0696800413668,0.00045108332,869.340640566079,0.00046504175,-0.004212215,-0.115543544
2362.532281481922,7924.2026,5.137489,0.0008886561,163450,1436.0703885514465,869.34101626972,7202.5327,4.5540447,978.6736,1.3223298,7924.2026,5.137489,0,,,,,1436.0703885514465,0.00045112998,869.34101626972,0.0004654753,-0.0037318452,-0.115836136
2362.5392258571983,7926.374,5.1381793,0.0008885901,163451,1436.0705048790742,869.3399403643076,7204.6924,4.5546565,977.60944,1.321616,7926.374,5.1381793,0,,,,,1436.0705048790742,0.00045107128,869.3399403643076,0.0004651946,-0.0036177787,-0.11592788
2362.5461702324733,7923.4653,5.1367207,0.0008885241,163452,1436.0709591948025,869.341591973795,7201.4824,4.553364,975.9773,1.3206874,7923.4653,5.1367207,0,,,,,1436.0709591948025,0.0004513762,869.341591973795,0.0004655736,-0.0026574177,-0.11536393
2362.55311460769,7925.5913,5.136982,0.00088845805,163453,1436.0706070200729,869.3403552818233,7203.683,4.553595,976.1702,1.3208154,7925.5913,5.136982,0,,,,,1436.0706070200729,0.00045104502,869.3403552818233,0.00046525948,-0.003441437,-0.116564244
2362.5600589829082,7928.5186,5.138168,0.000888392,163454,1436.070705572771,869.3412370018133,7206.3525,4.554647,977.74536,1.3216447,7928.5186,5.138168,0,,,,,1436.070705572771,0.00045090175,869.3412370018133,0.00046527162,-0.0026421156,-0.115974426
2362.5670033580673,7929.1763,5.1382203,0.00088832586,163455,1436.0713593422895,869.3404510737284,7206.744,4.554693,977.32776,1.3211596,7929.1763,5.1382203,0,,,,,1436.0713593422895,0.00045119104,869.3404510737284,0.000465152,-0.0023353903,-0.11622801
2362.573947733168,7938.7085,5.140801,0.0008882597,163456,1436.0697144896892,869.3406485646441,7215.369,4.5569806,977.89166,1.3217613,7938.7085,5.140801,0,,,,,1436.0697144896892,0.00045098108,869.3406485646441,0.00046488584,-0.0038512123,-0.11598395
2362.580892108269,7935.7456,5.1391816,0.0008881935,163457,1436.0711649253324,869.3401548941256,7212.584,4.5555453,976.1238,1.3208511,7935.7456,5.1391816,0,,,,,1436.0711649253324,0.0004507784,869.3401548941256,0.00046494877,-0.001605759,-0.11652693
2362.5878364833125,7922.172,5.1379333,0.00088812725,163458,1436.0717305188514,869.3398811038304,7200.679,4.5544386,978.0696,1.3213804,7922.172,5.1379333,0,,,,,1436.0717305188514,0.00045149034,869.3398811038304,0.00046587255,-0.0019961381,-0.11647518
2362.5947808582964,7937.144,5.142166,0.00088806095,163459,1436.0703218025371,869.3404626611926,7213.947,4.558191,977.1707,1.322729,7937.144,5.142166,0,,,,,1436.0703218025371,0.00045145943,869.3404626611926,0.00046530063,-0.0027659822,-0.11567897
2362.6017252332804,7932.24,5.1381297,0.00088799465,163460,1436.0727828501824,869.3397719202989,7209.0444,4.554612,975.85266,1.3202387,7932.24,5.1381297,0,,,,,1436.0727828501824,0.00045101304,869.3397719202989,0.0004651248,-0.0009420204,-0.11719151
2362.6086696082066,7929.7305,5.1363473,0.0008879283,163461,1436.0716851229963,869.3386664451102,7207.119,4.5530324,974.80676,1.3189386,7929.7305,5.1363473,0,,,,,1436.0716851229963,0.0004508621,869.3386664451102,0.00046509798,-0.0018867195,-0.116744146
2362.6156139830737,7928.8984,5.1379256,0.0008878619,163462,1436.072493667847,869.3388460244108,7206.4126,4.5544314,975.50275,1.3225477,7928.8984,5.1379256,0,,,,,1436.072493667847,0.0004509856,869.3388460244108,0.00046515904,-0.0014966376,-0.11701413
2362.6225583579417,7925.5176,5.1367784,0.00088779547,163463,1436.072210163385,869.3389411078635,7203.487,4.553415,973.8994,1.3203669,7925.5176,5.1367784,0,,,,,1436.072210163385,0.00045087928,869.3389411078635,0.0004654093,-0.0013888109,-0.11731962
2362.6295027328106,7923.346,5.1371536,0.00088772905,163464,1436.0721948987975,869.339678732599,7201.864,4.553747,979.0978,1.3213924,7923.346,5.1371536,0,,,,,1436.0721948987975,0.00045132413,869.339678732599,0.00046547854,-0.00090975594,-0.117186084
2362.6364471075617,7929.3965,5.138239,0.0008876625,163465,1436.0723585881458,869.3394556988561,7207.115,4.5547094,977.17865,1.3207222,7929.3965,5.138239,0,,,,,1436.0723585881458,0.00045113452,869.3394556988561,0.00046525558,-0.0014584552,-0.11700893
2362.643391482313,7932.9424,5.138593,0.000887596,163466,1436.072653220211,869.3394090915243,7209.4253,4.555023,974.0161,1.3205521,7932.9424,5.138593,0,,,,,1436.072653220211,0.00045096796,869.3394090915243,0.00046507406,-0.00057149684,-0.11749955
2362.650335857007,7928.3804,5.1375556,0.0008875294,163467,1436.0715283498146,869.339585023621,7205.961,4.554104,976.59656,1.3206856,7928.3804,5.1375556,0,,,,,1436.0715283498146,0.00045111406,869.339585023621,0.0004649648,-0.0017906134,-0.11749788
2362.6572802317,7934.173,5.1395087,0.0008874628,163468,1436.072293871233,869.3394664006595,7211.2173,4.555835,977.09216,1.3229359,7934.173,5.1395087,0,,,,,1436.072293871233,0.00045104852,869.3394664006595,0.00046495986,-0.00082167954,-0.11798886
2362.6642246063348,7928.8413,5.137119,0.00088739616,163469,1436.072386260176,869.3400802060341,7206.3867,4.5537167,975.85156,1.3208274,7928.8413,5.137119,0,,,,,1436.072386260176,0.00045105786,869.3400802060341,0.00046502467,-0.0003228002,-0.11721159
2362.671168980971,7930.558,5.1407013,0.0008873295,163470,1436.0726955528498,869.3398664927604,7207.9233,4.5568924,975.81964,1.3223157,7930.558,5.1407013,0,,,,,1436.0726955528498,0.00045151685,869.3398664927604,0.00046524353,-0.0007428356,-0.11785241
2362.6781133554905,7921.436,5.1360707,0.00088726275,163471,1436.0724808125785,869.3394283054323,7199.653,4.5527873,977.7971,1.3213681,7921.436,5.1360707,0,,,,,1436.0724808125785,0.0004515399,869.3394283054323,0.00046554566,-0.0009567539,-0.11791778
2362.6850577300083,7940.3066,5.1393447,0.000887196,163472,1436.072309411473,869.3399414721525,7216.4043,4.55569,975.5145,1.3198321,7940.3066,5.1393447,0,,,,,1436.072309411473,0.00045070756,869.3399414721525,0.00046453887,0.00026671402,-0.117043
2362.692002104526,7927.1836,5.1376553,0.0008871292,163473,1436.0731064241397,869.3387233784445,7204.726,4.554192,976.90784,1.3201873,7927.1836,5.1376553,0,,,,,1436.0731064241397,0.00045112256,869.3387233784445,0.0004651899,0.0006849119,-0.11832499
2362.6989464789867,7926.9897,5.136602,0.0008870624,163474,1436.0726825660356,869.3395459526124,7204.659,4.5532584,976.68414,1.3204628,7926.9897,5.136602,0,,,,,1436.0726825660356,0.000451288,869.3395459526124,0.00046529283,-1.2161283e-05,-0.117678806
2362.705890853389,7926.1265,5.1370115,0.0008869955,163475,1436.0739311221723,869.338416259395,7203.6606,4.5536213,975.93634,1.3214228,7926.1265,5.1370115,0,,,,,1436.0739311221723,0.00045128004,869.338416259395,0.00046510654,0.0013302423,-0.11792029
2362.7128352277914,7927.461,5.137969,0.00088692864,163476,1436.0735005790903,869.338083481808,7204.7085,4.5544705,975.1428,1.3200803,7927.461,5.137969,0,,,,,1436.0735005790903,0.000451099,869.338083481808,0.00046542485,0.00079647003,-0.11837585
2362.719779602136,7919.5195,5.1355367,0.0008868617,163477,1436.0723568072465,869.3391643305181,7197.9688,4.552314,977.29266,1.3209698,7919.5195,5.1355367,0,,,,,1436.0723568072465,0.00045111525,869.3391643305181,0.00046552246,-0.00039004206,-0.118201345
2362.726723976422,7935.227,5.138186,0.0008867947,163478,1436.0724185688794,869.3375856034096,7211.9487,4.5546627,974.7172,1.3204411,7935.227,5.138186,0,,,,,1436.0724185688794,0.0004506434,869.3375856034096,0.0004649416,0.00016330201,-0.119169444
2362.7336683507074,7924.57,5.136331,0.0008867277,163479,1436.0747314819903,869.3391256933935,7202.2104,4.553018,977.3763,1.3203188,7924.57,5.136331,0,,,,,1436.0747314819903,0.00045116764,869.3391256933935,0.0004650945,0.0019210278,-0.11817192
2362.740612724936,7930.966,5.136258,0.00088666065,163480,1436.073792867094,869.3387058953515,7207.83,4.5529532,975.48346,1.3195367,7930.966,5.136258,0,,,,,1436.073792867094,0.0004507856,869.3387058953515,0.00046498154,0.0007856835,-0.11847974
2362.747557099105,7925.6187,5.1359005,0.00088659354,163481,1436.0742661761121,869.3386139051545,7202.978,4.5526366,974.90295,1.3201783,7925.6187,5.1359005,0,,,,,1436.0742661761121,0.00045112468,869.3386139051545,0.00046522633,0.0016258609,-0.118306845
2362.754501473274,7919.606,5.1346164,0.0008865264,163482,1436.073567016137,869.3383619848346,7198.145,4.5514984,975.4631,1.3201777,7919.606,5.1346164,0,,,,,1436.073567016137,0.00045119555,869.3383619848346,0.00046550875,0.0011563814,-0.118756056
2362.7614458473854,7926.106,5.136865,0.00088645925,163483,1436.0737365915295,869.3377132795764,7203.769,4.553492,973.9794,1.319048,7926.106,5.136865,0,,,,,1436.0737365915295,0.00045128967,869.3377132795764,0.00046540608,0.0016307146,-0.11889465
2362.768390221496,7920.9453,5.1364956,0.0008863921,163484,1436.073903155828,869.3384787945886,7199.1763,4.553164,976.27313,1.3209966,7920.9453,5.1364956,0,,,,,1436.073903155828,0.0004513515,869.3384787945886,0.00046562828,0.001614334,-0.11911992
2362.775334595549,7922.6147,5.135383,0.00088632485,163485,1436.0742645304754,869.3378622778954,7200.591,4.5521774,975.468,1.3208705,7922.6147,5.135383,0,,,,,1436.0742645304754,0.0004513869,869.3378622778954,0.00046540974,0.0013165686,-0.119266726
2362.7822789695447,7920.4,5.1356797,0.00088625756,163486,1436.0732994067416,869.3392282123621,7198.414,4.552441,976.3322,1.3204428,7920.4,5.1356797,0,,,,,1436.0732994067416,0.0004511121,869.3392282123621,0.00046558154,0.0015871701,-0.118436396
2362.7892233435396,7929.1055,5.1359057,0.0008861903,163487,1436.0748629773764,869.3376992369363,7206.1567,4.5526414,974.0696,1.31893,7929.1055,5.1359057,0,,,,,1436.0748629773764,0.00045100335,869.3376992369363,0.0004650318,0.0024853314,-0.11901613
2362.7961677174762,7924.534,5.1353064,0.0008861229,163488,1436.0738294986468,869.3378685724184,7202.1235,4.5521097,974.88086,1.3189863,7924.534,5.1353064,0,,,,,1436.0738294986468,0.00045134983,869.3378685724184,0.00046550305,0.00088925235,-0.11900867
2362.803112091413,7922.8877,5.134416,0.0008860556,163489,1436.0754251106034,869.3370574390169,7200.9873,4.5513206,973.70874,1.3197681,7922.8877,5.134416,0,,,,,1436.0754251106034,0.0004508991,869.3370574390169,0.0004653084,0.002507347,-0.11990441
2362.810056465233,7918.0337,5.1347466,0.0008859881,163490,1436.0752481957268,869.3389769592403,7196.256,4.5516133,973.73157,1.3229132,7918.0337,5.1347466,0,,,,,1436.0752481957268,0.00045122262,869.3389769592403,0.00046533666,0.0031501723,-0.11857432
2362.8170008391116,7930.4736,5.1386037,0.0008859207,163491,1436.0749289141006,869.3376723855098,7207.0376,4.5550327,972.89496,1.3203384,7930.4736,5.1386037,0,,,,,1436.0749289141006,0.00045126464,869.3376723855098,0.000465545,0.002453646,-0.11874989
2362.8239452128737,7917.6924,5.1339364,0.0008858532,163492,1436.0745530886895,869.3372906999097,7196.0996,4.550895,974.9939,1.3199637,7917.6924,5.1339364,0,,,,,1436.0745530886895,0.00045124517,869.3372906999097,0.00046534886,0.0020445047,-0.11987614
2362.8308895866367,7918.796,5.1336555,0.0008857857,163493,1436.0749151255718,869.3377237342705,7197.029,4.550647,974.8692,1.3188055,7918.796,5.1336555,0,,,,,1436.0749151255718,0.0004512509,869.3377237342705,0.00046537517,0.0027920373,-0.119270034
2362.837833960398,7924.479,5.136739,0.00088571815,163494,1436.074779521572,869.3377388497812,7202.059,4.55338,975.95026,1.3216052,7924.479,5.136739,0,,,,,1436.074779521572,0.00045108845,869.3377388497812,0.00046530305,0.00258321,-0.118933275
2362.8447783340425,7910.7827,5.132637,0.0008856505,163495,1436.075198233003,869.3372412346047,7189.733,4.5497437,975.1248,1.3212996,7910.7827,5.132637,0,,,,,1436.075198233003,0.00045156913,869.3372412346047,0.00046616016,0.003305035,-0.11942413
2362.851722707688,7921.013,5.134459,0.0008855829,163496,1436.07570534459,869.3369953550866,7199.008,4.551359,973.98444,1.3191963,7921.013,5.134459,0,,,,,1436.07570534459,0.000451275,869.3369953550866,0.00046552674,0.003858244,-0.12021012
2362.858667081334,7918.424,5.136154,0.00088551524,163497,1436.075574751869,869.338512289573,7196.9087,4.5528617,975.64905,1.3242855,7918.424,5.136154,0,,,,,1436.075574751869,0.00045161071,869.338512289573,0.00046564374,0.0025862888,-0.11955527
2362.8656114549212,7921.5527,5.1350737,0.00088544755,163498,1436.0749348148383,869.3379367129874,7199.619,4.5519037,975.0036,1.3207928,7921.5527,5.1350737,0,,,,,1436.0749348148383,0.00045121822,869.3379367129874,0.00046532328,0.0031103678,-0.12006408
2362.8725558284514,7928.712,5.137126,0.0008853798,163499,1436.0754812527339,869.3361120438267,7205.364,4.553723,976.02814,1.321025,7928.712,5.137126,0,,,,,1436.0754812527339,0.0004513419,869.3361120438267,0.0004650517,0.00282491,-0.120140046
2362.87950020198,7931.6245,5.137778,0.00088531204,163500,1436.0757020698563,869.3376207200299,7208.132,4.5543003,972.9162,1.320036,7931.6245,5.137778,0,,,,,1436.0757020698563,0.0004512181,869.3376207200299,0.00046501926,0.00330362,-0.12001509
2362.8864445754507,7919.7036,5.135001,0.0008852442,163501,1436.074602263557,869.3385695796627,7197.975,4.55184,975.3279,1.321238,7919.7036,5.135001,0,,,,,1436.074602263557,0.00045132564,869.3385695796627,0.0004654732,0.0028042262,-0.119262934
2362.8933889488644,7922.0117,5.134856,0.00088517636,163502,1436.0751630421178,869.3379059348525,7199.9395,4.551711,974.4018,1.3193827,7922.0117,5.134856,0,,,,,1436.0751630421178,0.00045144634,869.3379059348525,0.000465571,0.0032998633,-0.12027602
2362.9003333222768,7920.181,5.136004,0.0008851085,163503,1436.0754814785628,869.3365370216162,7198.6226,4.5527287,977.0025,1.3206124,7920.181,5.136004,0,,,,,1436.0754814785628,0.00045146918,869.3365370216162,0.00046548503,0.0034898126,-0.12012297
2362.907277695631,7923.722,5.1358566,0.00088504056,163504,1436.0772585652485,869.3370950494976,7201.1064,4.552598,975.6974,1.3200933,7923.722,5.1358566,0,,,,,1436.0772585652485,0.0004514977,869.3370950494976,0.00046538713,0.0050126193,-0.120174296
2362.9142220689273,7920.419,5.1361156,0.0008849726,163505,1436.0759718255858,869.3379792520881,7198.116,4.552827,976.3724,1.3216023,7920.419,5.1361156,0,,,,,1436.0759718255858,0.00045148266,869.3379792520881,0.00046576816,0.00370422,-0.11939516
2362.9211664422237,7928.2197,5.1376786,0.0008849046,163506,1436.077085755444,869.3366776354735,7205.135,4.5542126,978.21014,1.3208654,7928.2197,5.1376786,0,,,,,1436.077085755444,0.00045139555,869.3366776354735,0.00046537767,0.004369728,-0.12124729
2362.92811081552,7921.2627,5.13732,0.0008848366,163507,1436.075695358073,869.3376868635906,7199.1646,4.5538945,977.784,1.3221312,7921.2627,5.13732,0,,,,,1436.075695358073,0.00045182402,869.3376868635906,0.00046564228,0.003681958,-0.11986642
2362.9350551887,7921.8677,5.1384764,0.0008847685,163508,1436.075983301225,869.3370216174652,7199.313,4.55492,979.55896,1.3258013,7921.8677,5.1384764,0,,,,,1436.075983301225,0.00045145839,869.3370216174652,0.0004656019,0.0043796655,-0.12026319
2362.94199956188,7922.725,5.1370153,0.0008847004,163509,1436.0748399529498,869.3367514624101,7200.025,4.553625,979.1583,1.3217307,7922.725,5.1370153,0,,,,,1436.0748399529498,0.00045137058,869.3367514624101,0.00046572747,0.0027588457,-0.12051645
2362.94894393506,7920.3813,5.1359787,0.0008846323,163510,1436.075762719911,869.3367153287917,7198.232,4.5527062,978.2068,1.3218254,7920.3813,5.1359787,0,,,,,1436.075762719911,0.00045151333,869.3367153287917,0.0004654489,0.0043057627,-0.12034177
2362.955888308182,7919.751,5.1406736,0.0008845641,163511,1436.0769323683992,869.3367801944232,7197.7314,4.5568676,981.0491,1.3242188,7919.751,5.1406736,0,,,,,1436.0769323683992,0.0004519544,869.3367801944232,0.00046634278,0.004727798,-0.12028141
2362.962832681246,7919.909,5.1359544,0.0008844959,163512,1436.076165575066,869.3363805051955,7197.526,4.5526843,979.7503,1.3210409,7919.909,5.1359544,0,,,,,1436.076165575066,0.00045148036,869.3363805051955,0.00046569973,0.0043909517,-0.121147655
2362.9697770543094,7921.842,5.1374683,0.0008844277,163513,1436.0771459823447,869.3367117807163,7199.3228,4.554026,980.82965,1.3230299,7921.842,5.1374683,0,,,,,1436.0771459823447,0.0004516532,869.3367117807163,0.00046551297,0.0050289314,-0.121224694
2362.9767214273143,7918.7827,5.1366053,0.0008843594,163514,1436.0762797666898,869.3374046307924,7196.8413,4.5532613,980.67847,1.3234612,7918.7827,5.1366053,0,,,,,1436.0762797666898,0.00045167477,869.3374046307924,0.000465677,0.0038006706,-0.120519474
2362.9836658002623,7917.1826,5.1373363,0.0008842911,163515,1436.0767110796087,869.3369980782795,7195.076,4.55391,980.7343,1.3247439,7917.1826,5.1373363,0,,,,,1436.0767110796087,0.00045179005,869.3369980782795,0.00046588114,0.0053068185,-0.12097593
2362.9906101732086,7925.1987,5.13993,0.00088422274,163516,1436.0761276614476,869.3368635741228,7202.489,4.556208,985.1445,1.3250636,7925.1987,5.13993,0,,,,,1436.0761276614476,0.00045140178,869.3368635741228,0.00046581827,0.0046229637,-0.120289154
2362.9975545460966,7910.8184,5.139883,0.00088415435,163517,1436.0769854993916,869.3371878510394,7189.6616,4.556167,982.07465,1.3252136,7910.8184,5.139883,0,,,,,1436.0769854993916,0.0004522691,869.3371878510394,0.0004668668,0.004805549,-0.12084792
2363.0044989189855,7928.7485,5.1398954,0.00088408595,163518,1436.0754668483535,869.3374933964375,7205.5776,4.5561776,982.7358,1.3241689,7928.7485,5.1398954,0,,,,,1436.0754668483535,0.00045134296,869.3374933964375,0.00046578704,0.004106376,-0.119744025
2363.0114432918162,7919.9185,5.14059,0.0008840175,163519,1436.0760121054097,869.3367512813377,7197.6675,4.556793,986.1996,1.3264179,7919.9185,5.14059,0,,,,,1436.0760121054097,0.0004520015,869.3367512813377,0.0004662405,0.005148304,-0.12072497
2363.0183876645888,7915.9316,5.139063,0.000883949,163520,1436.077221665649,869.3361712765235,7194.164,4.55544,989.51447,1.3256522,7915.9316,5.139063,0,,,,,1436.077221665649,0.0004518127,869.3361712765235,0.00046628175,0.0053732153,-0.121132106
2363.025332037362,7933.0977,5.142737,0.0008838805,163521,1436.0771757086513,869.3362306545715,7209.432,4.5586967,986.96313,1.3247237,7933.0977,5.142737,0,,,,,1436.0771757086513,0.00045169884,869.3362306545715,0.00046558917,0.0047286116,-0.12076712
2363.032276410076,7920.38,5.1415,0.0008838119,163522,1436.0776573636624,869.3356749419187,7197.9746,4.5576,988.89325,1.3266109,7920.38,5.1415,0,,,,,1436.0776573636624,0.00045212204,869.3356749419187,0.00046634054,0.005272895,-0.1212602
2363.03922078279,7930.099,5.144746,0.00088374334,163523,1436.0774234616733,869.3366076423894,7207.043,4.5604777,990.53955,1.3308984,7930.099,5.144746,0,,,,,1436.0774234616733,0.00045175708,869.3366076423894,0.00046589843,0.004629296,-0.12085865
2363.046165155447,7925.3813,5.143344,0.0008836747,163524,1436.077274304538,869.336665454754,7202.6743,4.5592346,991.00464,1.3295351,7925.3813,5.143344,0,,,,,1436.077274304538,0.00045206005,869.336665454754,0.00046617963,0.0053181606,-0.12092196
2363.0531095280453,7929.243,5.146075,0.00088360603,163525,1436.0784089792073,869.3345489518147,7205.4023,4.5616555,992.52985,1.3294156,7929.243,5.146075,0,,,,,1436.0784089792073,0.0004524299,869.3345489518147,0.00046606225,0.006171675,-0.12177482
2363.060053900643,7934.328,5.1462936,0.00088353734,163526,1436.0776378916153,869.3371225806841,7210.203,4.5618496,993.68414,1.3289576,7934.328,5.1462936,0,,,,,1436.0776378916153,0.00045180065,869.3371225806841,0.00046566696,0.006572088,-0.12098521
2363.066998273182,7925.2554,5.1442623,0.0008834686,163527,1436.078118853984,869.3365526911601,7202.51,4.560049,996.68713,1.3294451,7925.2554,5.1442623,0,,,,,1436.078118853984,0.00045208205,869.3365526911601,0.00046623073,0.006622892,-0.12127834
2363.073942645721,7930.019,5.149363,0.00088339986,163528,1436.0784167435822,869.3358521514288,7206.5396,4.56457,998.10376,1.331985,7930.019,5.149363,0,,,,,1436.0784167435822,0.0004523583,869.3358521514288,0.000466702,0.006659784,-0.121928
2363.0808870181445,7915.4795,5.1439486,0.000883331,163529,1436.0780866975736,869.3364618833767,7193.9985,4.5597706,1000.23505,1.3322016,7915.4795,5.1439486,0,,,,,1436.0780866975736,0.00045271366,869.3364618833767,0.00046658836,0.0068378123,-0.12098674
2363.087831390626,7916.821,5.145263,0.0008832622,163530,1436.0762113266135,869.3373616431622,7195.366,4.560936,1002.2082,1.332245,7916.821,5.145263,0,,,,,1436.0762113266135,0.00045286198,869.3373616431622,0.0004668839,0.004742419,-0.12126536
2363.0947757630493,7926.997,5.1504374,0.00088319334,163531,1436.077245779498,869.3361210975286,7204.4907,4.5655227,1003.20654,1.3336034,7926.997,5.1504374,0,,,,,1436.077245779498,0.0004527825,869.3361210975286,0.0004668256,0.005825416,-0.120441355
2363.1017201354143,7923.7314,5.1481915,0.0008831244,163532,1436.0783735616983,869.3355568604852,7201.0938,4.563532,1004.29535,1.3333694,7923.7314,5.1481915,0,,,,,1436.0783735616983,0.00045257644,869.3355568604852,0.00046684686,0.0067715026,-0.12126134
2363.108664507721,7920.7217,5.148065,0.00088305544,163533,1436.077491011378,869.336364523041,7198.568,4.56342,1005.7121,1.3340544,7920.7217,5.148065,0,,,,,1436.077491011378,0.00045250336,869.336364523041,0.00046692623,0.006376919,-0.12135282
2363.115608880029,7916.4697,5.1486683,0.00088298647,163534,1436.077168375303,869.3359429018138,7194.5205,4.563955,1008.83215,1.335987,7916.4697,5.1486683,0,,,,,1436.077168375303,0.00045301474,869.3359429018138,0.0004676152,0.005931628,-0.12153289
2363.1225532523354,7934.374,5.1520166,0.0008829175,163535,1436.0778020852406,869.3349135723473,7210.6567,4.5669227,1007.9396,1.3350033,7934.374,5.1520166,0,,,,,1436.0778020852406,0.00045234573,869.3349135723473,0.00046665716,0.006854596,-0.122007824
2363.1294976245836,7915.245,5.1487446,0.00088284846,163536,1436.0788274342035,869.3363260926125,7193.504,4.564022,1011.02167,1.3373829,7915.245,5.1487446,0,,,,,1436.0788274342035,0.00045310287,869.3363260926125,0.00046715175,0.006712312,-0.121517114
2363.136441996775,7920.9766,5.1517563,0.00088277936,163537,1436.0782943173012,869.3348682895285,7198.8896,4.5666914,1015.7878,1.3381462,7920.9766,5.1517563,0,,,,,1436.0782943173012,0.0004527574,869.3348682895285,0.00046749975,0.006785026,-0.12176677
2363.1433863689645,7927.0938,5.151765,0.0008827103,163538,1436.0775958076892,869.3371287950812,7203.7476,4.566699,1011.51013,1.336627,7927.0938,5.151765,0,,,,,1436.0775958076892,0.00045303215,869.3371287950812,0.00046711022,0.0057417285,-0.12056678
2363.150330741096,7934.0483,5.154513,0.0008826411,163539,1436.077090748958,869.3355582955337,7210.2695,4.5691357,1014.36835,1.3382833,7934.0483,5.154513,0,,,,,1436.077090748958,0.0004528818,869.3355582955337,0.00046689343,0.005805321,-0.12197295
2363.1572751131707,7925.7803,5.1550264,0.0008825719,163540,1436.0798464751601,869.3360838965449,7202.9355,4.56959,1016.58905,1.3395963,7925.7803,5.1550264,0,,,,,1436.0798464751601,0.00045334754,869.3360838965449,0.00046753243,0.008205521,-0.121535406
2363.1642194852443,7926.946,5.155298,0.0008825027,163541,1436.0766825488918,869.3365407404776,7203.8813,4.569831,1018.3877,1.3407019,7926.946,5.155298,0,,,,,1436.0766825488918,0.0004532876,869.3365407404776,0.0004678619,0.006208973,-0.12115086
2363.1711638572597,7932.4487,5.1561418,0.00088243344,163542,1436.0791199695414,869.3348528886477,7208.894,4.570579,1019.0947,1.3400548,7932.4487,5.1561418,0,,,,,1436.0791199695414,0.00045310627,869.3348528886477,0.0004672607,0.0079695145,-0.12241821
2363.1781082292764,7932.9683,5.1579366,0.00088236417,163543,1436.0775713197397,869.3353991173323,7209.0986,4.5721703,1022.6866,1.3418925,7932.9683,5.1579366,0,,,,,1436.0775713197397,0.0004532172,869.3353991173323,0.00046710495,0.0068875537,-0.12244423
2363.1850526012336,7932.513,5.163973,0.00088229484,163544,1436.0784468740794,869.3361309509676,7208.932,4.5775213,1023.42126,1.3458736,7932.513,5.163973,0,,,,,1436.0784468740794,0.0004539425,869.3361309509676,0.00046839978,0.007103539,-0.12154766
2363.1919969731325,7928.0405,5.1620708,0.00088222546,163545,1436.0791332682288,869.336618482419,7204.929,4.5758348,1027.3793,1.3472959,7928.0405,5.1620708,0,,,,,1436.0791332682288,0.00045429688,869.336618482419,0.00046798444,0.006951512,-0.12104935
2363.198941345033,7927.608,5.1592884,0.0008821561,163546,1436.0792059304874,869.335188942265,7204.1636,4.5733685,1026.5608,1.344089,7927.608,5.1592884,0,,,,,1436.0792059304874,0.0004535438,869.335188942265,0.00046798858,0.0082353735,-0.12215379
2363.2058857169322,7929.6343,5.1606693,0.0008820867,163547,1436.0790073252815,869.3348852949606,7206.15,4.5745926,1029.0537,1.3446231,7929.6343,5.1606693,0,,,,,1436.0790073252815,0.00045330782,869.3348852949606,0.00046805546,0.007560476,-0.121993095
2363.2128300887734,7920.4194,5.1597204,0.00088201725,163548,1436.0785519739607,869.3350939004464,7196.974,4.5737514,1029.8524,1.3470734,7920.4194,5.1597204,0,,,,,1436.0785519739607,0.00045372406,869.3350939004464,0.00046866146,0.007465365,-0.12181704
2363.219774460556,7923.3486,5.1619053,0.00088194775,163549,1436.0790193848277,869.3373712608757,7200.6265,4.5756884,1035.2871,1.349346,7923.3486,5.1619053,0,,,,,1436.0790193848277,0.0004543009,869.3373712608757,0.00046819865,0.0077259,-0.12074623
2363.2267188322803,7929.367,5.163787,0.0008818782,163550,1436.077915486334,869.3349309300613,7205.8784,4.5773563,1032.7354,1.3489573,7929.367,5.163787,0,,,,,1436.077915486334,0.0004539388,869.3349309300613,0.00046877156,0.0067914175,-0.122763716
2363.233663204005,7928.1157,5.1612515,0.00088180864,163551,1436.0795026920111,869.3361954277715,7204.883,4.5751085,1032.2113,1.3470827,7928.1157,5.1612515,0,,,,,1436.0795026920111,0.0004534865,869.3361954277715,0.0004683563,0.008423431,-0.121439435
2363.24060757573,7934.5273,5.1644125,0.0008817391,163552,1436.0787123721886,869.3357604130671,7210.636,4.5779104,1036.1764,1.3479518,7934.5273,5.1644125,0,,,,,1436.0787123721886,0.00045387543,869.3357604130671,0.00046812918,0.007627557,-0.12101683
2363.247551947397,7924.9565,5.1634493,0.00088166946,163553,1436.0773598989208,869.3341227816419,7202.22,4.577057,1035.1519,1.349682,7924.9565,5.1634493,0,,,,,1436.0773598989208,0.00045418442,869.3341227816419,0.0004687969,0.0065533663,-0.12283685
2363.2544963190053,7927.4443,5.1620793,0.0008815998,163554,1436.07906345007,869.3357920142216,7204.1567,4.575842,1035.746,1.3476318,7927.4443,5.1620793,0,,,,,1436.07906345007,0.00045403597,869.3357920142216,0.00046826908,0.008045004,-0.12175919
2363.261440690613,7925.927,5.1622753,0.0008815301,163555,1436.0799713923204,869.3351888963264,7202.9272,4.5760164,1037.8036,1.3484685,7925.927,5.1622753,0,,,,,1436.0799713923204,0.00045406856,869.3351888963264,0.00046853407,0.008746856,-0.12188399
2363.2683850621643,7924.7417,5.1647077,0.0008814604,163556,1436.079244487949,869.3364201725626,7202.018,4.578172,1040.9955,1.3500389,7924.7417,5.1647077,0,,,,,1436.079244487949,0.00045431702,869.3364201725626,0.0004689711,0.007784703,-0.12139878
2363.2753294336558,7929.7397,5.1638584,0.0008813906,163557,1436.0779715897738,869.3346581792429,7206.435,4.5774193,1040.2461,1.3493052,7929.7397,5.1638584,0,,,,,1436.0779715897738,0.00045407432,869.3346581792429,0.00046829687,0.0068550413,-0.123227544
2363.2822738051473,7936.089,5.1662054,0.0008813208,163558,1436.0801551637019,869.3360651408581,7211.9766,4.5794997,1040.3062,1.3501596,7936.089,5.1662054,0,,,,,1436.0801551637019,0.00045372103,869.3360651408581,0.00046822356,0.009010198,-0.121563874
2363.28921817664,7927.905,5.166141,0.000881251,163559,1436.0783451191362,869.3358317459034,7204.5566,4.5794425,1041.128,1.351596,7927.905,5.166141,0,,,,,1436.0783451191362,0.00045457194,869.3358317459034,0.00046882627,0.0073978924,-0.12195412
2363.2961625480157,7927.024,5.1675973,0.0008811811,163560,1436.0790161654907,869.3357105432174,7203.9106,4.580734,1045.1617,1.3524277,7927.024,5.1675973,0,,,,,1436.0790161654907,0.00045447366,869.3357105432174,0.0004690437,0.008336748,-0.12245102
2363.3031069194485,7930.725,5.165597,0.00088111125,163561,1436.079138589916,869.335133155401,7207.394,4.578961,1041.915,1.3507009,7930.725,5.165597,0,,,,,1436.079138589916,0.0004542768,869.335133155401,0.00046839195,0.00757287,-0.12209168
2363.310051290766,7928.476,5.1658254,0.0008810413,163562,1436.0797310808266,869.3367635538465,7205.103,4.579163,1044.0355,1.3515627,7928.476,5.1658254,0,,,,,1436.0797310808266,0.0004543464,869.3367635538465,0.0004686269,0.008734957,-0.12085553
2363.3169956620827,7932.3286,5.168008,0.0008809713,163563,1436.079061652567,869.3335264331029,7208.291,4.581098,1044.4349,1.3516314,7932.3286,5.168008,0,,,,,1436.079061652567,0.0004543488,869.3335264331029,0.0004689554,0.0071614357,-0.12400282
2363.3239400333996,7925.559,5.1654863,0.00088090135,163564,1436.0798214691818,869.3369814005779,7202.7417,4.5788627,1044.2461,1.3528208,7925.559,5.1654863,0,,,,,1436.0798214691818,0.000454365,869.3369814005779,0.00046890357,0.008461324,-0.12029751
2363.3308844046596,7925.375,5.165244,0.0008808313,163565,1436.0794452719151,869.334911568168,7202.299,4.5786476,1044.4849,1.3525591,7925.375,5.165244,0,,,,,1436.0794452719151,0.0004545649,869.334911568168,0.00046898448,0.0087176,-0.12280191
2363.33782877586,7927.0312,5.167311,0.00088076125,163566,1436.0798921555147,869.336656171097,7203.5513,4.5804806,1047.8794,1.353163,7927.0312,5.167311,0,,,,,1436.0798921555147,0.00045465337,869.336656171097,0.00046897595,0.0091386335,-0.120883875
2363.344773147061,7929.002,5.165941,0.00088069116,163567,1436.0802663586835,869.3355489150335,7205.1616,4.579266,1044.5239,1.3513795,7929.002,5.165941,0,,,,,1436.0802663586835,0.00045433306,869.3355489150335,0.00046898788,0.009318533,-0.12157327
2363.351717518204,7928.564,5.1677876,0.000880621,163568,1436.0782524694127,869.3362551248597,7204.8765,4.580902,1046.1532,1.3534756,7928.564,5.1677876,0,,,,,1436.0782524694127,0.0004545351,869.3362551248597,0.0004692099,0.0077948463,-0.12206347
2363.358661889347,7921.7485,5.166401,0.0008805509,163569,1436.0792756930064,869.3357532817668,7198.9897,4.5796733,1047.328,1.3547854,7921.7485,5.166401,0,,,,,1436.0792756930064,0.00045456836,869.3357532817668,0.0004691686,0.0075929016,-0.123010054
2363.3656062604314,7928.461,5.1674376,0.0008804807,163570,1436.079281496097,869.3361679975764,7204.9717,4.5805926,1047.128,1.353092,7928.461,5.1674376,0,,,,,1436.079281496097,0.0004545808,869.3361679975764,0.00046916888,0.00879248,-0.121476084
2363.372550631516,7933.759,5.1698785,0.0008804105,163571,1436.0794357553318,869.3352776652268,7209.8135,4.582756,1049.5883,1.3538266,7933.759,5.1698785,0,,,,,1436.0794357553318,0.00045406568,869.3352776652268,0.00046901617,0.008538741,-0.12249922
2363.3794950025413,7934.167,5.1730404,0.00088034023,163572,1436.0788837114856,869.3355066856408,7210.061,4.5855584,1054.1124,1.3568194,7934.167,5.1730404,0,,,,,1436.0788837114856,0.00045456033,869.3355066856408,0.00046899897,0.008232122,-0.122608505
2363.3864393735084,7931.734,5.1700144,0.0008802699,163573,1436.0797000960654,869.3367266455357,7207.7383,4.582876,1053.0653,1.3553847,7931.734,5.1700144,0,,,,,1436.0797000960654,0.00045466603,869.3367266455357,0.00046921207,0.008664597,-0.12081887
2363.3933837444774,7925.837,5.169324,0.0008801996,163574,1436.0792119289451,869.3353299841401,7202.6143,4.5822644,1051.9106,1.3559244,7925.837,5.169324,0,,,,,1436.0792119289451,0.0004546397,869.3353299841401,0.0004693716,0.008654474,-0.12316486
2363.4003281153873,7930.372,5.173086,0.0008801292,163575,1436.0805105327593,869.3357751506635,7206.6943,4.585599,1056.0077,1.3578176,7930.372,5.173086,0,,,,,1436.0805105327593,0.0004550803,869.3357751506635,0.0004691398,0.0100517925,-0.12232137
2363.407272486297,7926.931,5.170283,0.00088005885,163576,1436.0797509292513,869.3356597641801,7203.6616,4.5831146,1055.5553,1.3564194,7926.931,5.170283,0,,,,,1436.0797509292513,0.00045479753,869.3356597641801,0.0004694985,0.009220941,-0.12212412
2363.414216857149,7931.2324,5.1730084,0.0008799884,163577,1436.0809266196059,869.3355492766404,7207.384,4.5855303,1058.7258,1.3587961,7931.2324,5.1730084,0,,,,,1436.0809266196059,0.00045473818,869.3355492766404,0.0004693202,0.0091096945,-0.122382306
2363.4211612280005,7928.3374,5.1732326,0.000879918,163578,1436.0793690456915,869.3354079552408,7205.199,4.585729,1061.1478,1.3592541,7928.3374,5.1732326,0,,,,,1436.0793690456915,0.0004549482,869.3354079552408,0.00046975742,0.008413102,-0.12233321
2363.428105598794,7938.7144,5.177162,0.0008798475,163579,1436.0791179684495,869.3355779393211,7213.8813,4.5892124,1061.871,1.3613042,7938.7144,5.177162,0,,,,,1436.0791179684495,0.00045474304,869.3355779393211,0.00046949534,0.008900485,-0.12228582
2363.4350499695292,7924.497,5.173663,0.00087977696,163580,1436.0800618752012,869.3354181399029,7201.3335,4.5861106,1064.0464,1.3604835,7924.497,5.173663,0,,,,,1436.0800618752012,0.00045546368,869.3354181399029,0.00046997378,0.009107277,-0.122528926
2363.4419943402654,7930.3804,5.174731,0.0008797064,163581,1436.0798395471106,869.3363565940997,7206.914,4.587057,1062.8618,1.3603374,7930.3804,5.174731,0,,,,,1436.0798395471106,0.0004551948,869.3363565940997,0.0004699092,0.00897456,-0.12137822
2363.4489387110007,7922.4604,5.17444,0.00087963586,163582,1436.0802971062164,869.3348542213824,7199.572,4.586799,1066.67,1.3620013,7922.4604,5.17444,0,,,,,1436.0802971062164,0.00045583746,869.3348542213824,0.0004702037,0.008879415,-0.12182913
2363.4558830816186,7924.8213,5.1778646,0.0008795652,163583,1436.0798495895697,869.3355243600017,7201.7007,4.589835,1071.6881,1.3655639,7924.8213,5.1778646,0,,,,,1436.0798495895697,0.00045581887,869.3355243600017,0.00046992625,0.009969158,-0.12225186
2363.4628274522956,7933.888,5.1787996,0.0008794946,163584,1436.0794529331092,869.335068553386,7210.0073,4.590664,1070.6042,1.3643703,7933.888,5.1787996,0,,,,,1436.0794529331092,0.0004552532,869.335068553386,0.00046992677,0.00938444,-0.122561455
2363.469771822856,7933.7773,5.179027,0.00087942387,163585,1436.0803435064863,869.3356590820798,7209.5747,4.5908656,1071.7479,1.3634313,7933.7773,5.179027,0,,,,,1436.0803435064863,0.0004553318,869.3356590820798,0.00047007945,0.009684843,-0.12198351
2363.476716193416,7924.997,5.179791,0.00087935315,163586,1436.0812670236871,869.3350767486519,7201.787,4.5915427,1078.4396,1.3665453,7924.997,5.179791,0,,,,,1436.0812670236871,0.00045591505,869.3350767486519,0.0004705383,0.009486953,-0.1226617
2363.4836605639775,7925.8403,5.1806426,0.0008792824,163587,1436.0794598926784,869.3360173733396,7202.8784,4.5922976,1078.4688,1.3692216,7925.8403,5.1806426,0,,,,,1436.0794598926784,0.00045611316,869.3360173733396,0.00047035838,0.008887802,-0.12225304
2363.49060493448,7925.46,5.182292,0.00087921164,163588,1436.0802481294986,869.3354307199015,7202.0103,4.5937595,1081.947,1.3688546,7925.46,5.182292,0,,,,,1436.0802481294986,0.00045641005,869.3354307199015,0.00047100155,0.010613096,-0.122885235
2363.4975493049824,7924.7217,5.1819177,0.00087914086,163589,1436.0798209792958,869.3360283415141,7201.764,4.5934277,1082.9772,1.3685924,7924.7217,5.1819177,0,,,,,1436.0798209792958,0.00045603764,869.3360283415141,0.00047117006,0.010184865,-0.12200849
2363.5044936753684,7922.0127,5.183293,0.00087906996,163590,1436.079901265754,869.3351568686545,7199.4746,4.594647,1086.8723,1.3708609,7922.0127,5.183293,0,,,,,1436.079901265754,0.00045632257,869.3351568686545,0.00047126028,0.009481477,-0.12248558
2363.5114380458126,7926.1455,5.185335,0.0008789991,163591,1436.0792349256105,869.3367509310593,7203.1484,4.5964575,1089.9282,1.3729095,7926.1455,5.185335,0,,,,,1436.0792349256105,0.00045630618,869.3367509310593,0.00047086703,0.009336169,-0.1217632
2363.5183824161986,7924.663,5.186248,0.00087892823,163592,1436.0794516327996,869.335277654815,7202.019,4.597266,1092.0662,1.3745468,7924.663,5.186248,0,,,,,1436.0794516327996,0.0004569004,869.335277654815,0.00047111438,0.008831441,-0.12305166
2363.5253267865264,7927.7607,5.186674,0.0008788573,163593,1436.08009038475,869.335949338413,7203.922,4.5976443,1093.3627,1.3741962,7927.7607,5.186674,0,,,,,1436.08009038475,0.00045656456,869.335949338413,0.00047152443,0.010228861,-0.12179273
2363.5322711568533,7937.194,5.191998,0.0008787863,163594,1436.0796346094683,869.3346301709248,7212.906,4.6023636,1095.2974,1.3752983,7937.194,5.191998,0,,,,,1436.0796346094683,0.00045645857,869.3346301709248,0.00047144125,0.009168823,-0.122648865
2363.5392155271225,7929.0254,5.190334,0.0008787153,163595,1436.0809853925973,869.3352793479856,7205.536,4.6008883,1100.864,1.3771836,7929.0254,5.190334,0,,,,,1436.0809853925973,0.0004569631,869.3352793479856,0.0004713593,0.010052688,-0.122257695
2363.5461598973343,7925.7344,5.191284,0.00087864423,163596,1436.0799194025187,869.3348715443383,7202.518,4.601731,1104.5498,1.3793322,7925.7344,5.191284,0,,,,,1436.0799194025187,0.00045725465,869.3348715443383,0.0004716462,0.009432409,-0.12250592
2363.553104267604,7936.9097,5.1944475,0.0008785732,163597,1436.0808927167009,869.3359664190104,7212.239,4.604534,1106.0984,1.3803687,7936.9097,5.1944475,0,,,,,1436.0808927167009,0.00045679585,869.3359664190104,0.00047168043,0.010333082,-0.122106455
2363.560048637757,7939.169,5.1961265,0.0008785021,163598,1436.0801660822117,869.3345305993772,7214.8364,4.606023,1108.7887,1.3808744,7939.169,5.1961265,0,,,,,1436.0801660822117,0.00045698116,869.3345305993772,0.00047173846,0.008848456,-0.12289517
2363.5669930079102,7932.38,5.1979585,0.00087843096,163599,1436.081299604314,869.3350861720842,7208.162,4.6076465,1117.3901,1.3846539,7932.38,5.1979585,0,,,,,1436.081299604314,0.0004575531,869.3350861720842,0.0004720623,0.011474314,-0.122194566
2363.573937378005,7930.4526,5.2000065,0.0008783598,163600,1436.0801470630122,869.3357554556145,7206.8804,4.6094623,1116.345,1.3862295,7930.4526,5.2000065,0,,,,,1436.0801470630122,0.00045796848,869.3357554556145,0.0004726069,0.00915694,-0.122399196
2363.5808817481,7935.27,5.2025013,0.0008782886,163601,1436.0808901507044,869.3363035668314,7210.823,4.6116734,1122.02,1.3909395,7935.27,5.2025013,0,,,,,1436.0808901507044,0.0004574277,869.3363035668314,0.0004724143,0.010601374,-0.12165064
2363.5878261181956,7925.48,5.2004285,0.0008782174,163602,1436.0808742518047,869.3348312182002,7202.1274,4.6098366,1123.5542,1.3873463,7925.48,5.2004285,0,,,,,1436.0808742518047,0.00045794094,869.3348312182002,0.0004727698,0.009454769,-0.12291847
2363.5947704882324,7924.443,5.200607,0.00087814615,163603,1436.0802621664382,869.3353671867467,7201.192,4.6099944,1125.5077,1.3894708,7924.443,5.200607,0,,,,,1436.0802621664382,0.00045801522,869.3353671867467,0.0004731427,0.009857506,-0.121783346
2363.6017148582105,7922.8857,5.2015977,0.00087807485,163604,1436.0796541401037,869.3342205607865,7199.6997,4.610873,1127.9702,1.3928785,7922.8857,5.2015977,0,,,,,1436.0796541401037,0.00045812843,869.3342205607865,0.00047328818,0.0094736535,-0.12340933
2363.608659228189,7934.1636,5.204402,0.00087800354,163605,1436.0814612157717,869.3344033846098,7210.383,4.6133585,1131.9359,1.390303,7934.1636,5.204402,0,,,,,1436.0814612157717,0.0004579728,869.3344033846098,0.00047289836,0.010546159,-0.12198736
2363.6156035981085,7928.426,5.2038946,0.0008779322,163606,1436.0802860461986,869.3347214245144,7205.046,4.612909,1132.8525,1.3926368,7928.426,5.2038946,0,,,,,1436.0802860461986,0.00045841417,869.3347214245144,0.00047321554,0.010238586,-0.122067966
2363.6225479679706,7927.196,5.2052913,0.00087786076,163607,1436.0805555200093,869.3347132841612,7203.384,4.6141467,1133.0176,1.3924179,7927.196,5.2052913,0,,,,,1436.0805555200093,0.0004582744,869.3347132841612,0.00047344566,0.010486959,-0.12300188
2363.6294923378327,7926.727,5.2059083,0.00087778934,163608,1436.0812976604273,869.3355502160668,7203.457,4.614694,1139.8483,1.3942573,7926.727,5.2059083,0,,,,,1436.0812976604273,0.0004584989,869.3355502160668,0.0004736898,0.010425743,-0.12238682
2363.636436707695,7929.194,5.207297,0.0008777179,163609,1436.0808585614914,869.3356343421785,7205.8486,4.615925,1139.3943,1.3946843,7929.194,5.207297,0,,,,,1436.0808585614914,0.00045820358,869.3356343421785,0.0004732167,0.010064313,-0.122111745
2363.643381077499,7930.6143,5.2086487,0.00087764644,163610,1436.0805019456623,869.335928449348,7206.825,4.617123,1140.8068,1.3954574,7930.6143,5.2086487,0,,,,,1436.0805019456623,0.00045865332,869.335928449348,0.00047375463,0.010234223,-0.12174611
2363.6503254472455,7925.0933,5.20797,0.0008775749,163611,1436.0801970671153,869.3348203784675,7201.213,4.6165214,1142.4802,1.3958453,7925.0933,5.20797,0,,,,,1436.0801970671153,0.00045882785,869.3348203784675,0.00047416086,0.0106124915,-0.122913554
2363.6572698169907,7936.1997,5.2115026,0.00087750336,163612,1436.080267980523,869.3357176896983,7212.016,4.6196527,1142.4293,1.396003,7936.1997,5.2115026,0,,,,,1436.080267980523,0.0004585003,869.3357176896983,0.00047399485,0.00946751,-0.12164128
2363.664214186736,7933.535,5.210239,0.0008774318,163613,1436.0806477620627,869.3358517198695,7209.282,4.6185327,1143.6947,1.3968425,7933.535,5.210239,0,,,,,1436.0806477620627,0.00045856507,869.3358517198695,0.00047336414,0.010700069,-0.12279389
2363.6711585564244,7942.4233,5.2106895,0.00087736023,163614,1436.0808529400501,869.3350831973231,7217.172,4.6189322,1141.6339,1.3948848,7942.4233,5.2106895,0,,,,,1436.0808529400501,0.00045797598,869.3350831973231,0.00047312808,0.010543709,-0.12187721
2363.6781029260537,7923.8184,5.2105446,0.0008772886,163615,1436.0810589994358,869.3353446613004,7200.774,4.6188035,1146.0385,1.3987386,7923.8184,5.2105446,0,,,,,1436.0810589994358,0.00045929276,869.3353446613004,0.00047438664,0.010270404,-0.12229217
2363.685047295682,7923.967,5.208799,0.0008772169,163616,1436.0804450746587,869.3358907812587,7201.3447,4.617256,1145.7869,1.3981682,7923.967,5.208799,0,,,,,1436.0804450746587,0.00045857712,869.3358907812587,0.0004740144,0.010232946,-0.121865064
2363.691991665253,7934.0215,5.211455,0.0008771452,163617,1436.0804369464254,869.3357123274143,7209.673,4.619611,1144.1295,1.398762,7934.0215,5.211455,0,,,,,1436.0804369464254,0.000458946,869.3357123274143,0.0004736446,0.011135043,-0.1220106
2363.698936034824,7914.511,5.2069206,0.0008770735,163618,1436.0812221694969,869.3346386169226,7192.4907,4.615591,1145.9133,1.3995658,7914.511,5.2069206,0,,,,,1436.0812221694969,0.00045928336,869.3346386169226,0.00047430603,0.011455797,-0.122687496
2363.7058804043363,7927.9146,5.2096863,0.00087700173,163619,1436.0804735830595,869.334526817817,7204.411,4.618043,1146.2938,1.3981445,7927.9146,5.2096863,0,,,,,1436.0804735830595,0.0004588772,869.334526817817,0.0004737971,0.0098342905,-0.12320023
2363.71282477385,7924.7896,5.2078786,0.00087692996,163620,1436.0805583256965,869.3360241194057,7201.6553,4.6164403,1144.7617,1.3966699,7924.7896,5.2078786,0,,,,,1436.0805583256965,0.00045891464,869.3360241194057,0.00047405716,0.010862343,-0.12131562
2363.7197691433043,7923.972,5.211645,0.00087685813,163621,1436.08141540128,869.3343559570135,7200.902,4.619779,1150.7659,1.4017134,7923.972,5.211645,0,,,,,1436.08141540128,0.0004595288,869.3343559570135,0.0004743466,0.010671469,-0.1225335
2363.726713512701,7928.1846,5.2095723,0.00087678625,163622,1436.0815365092985,869.3355397879467,7204.794,4.617942,1146.5597,1.3979412,7928.1846,5.2095723,0,,,,,1436.0815365092985,0.00045907265,869.3355397879467,0.0004739424,0.010410882,-0.12183827
2363.733657882156,7925.0977,5.2104216,0.0008767144,163623,1436.081002073,869.3352586052979,7201.5977,4.618695,1148.8995,1.3989425,7925.0977,5.2104216,0,,,,,1436.081002073,0.00045918176,869.3352586052979,0.00047411566,0.011094694,-0.12237597
2363.7406022514942,7929.812,5.2101097,0.0008766425,163624,1436.0791206719748,869.3348833619449,7206.008,4.618418,1147.5964,1.3976321,7929.812,5.2101097,0,,,,,1436.0791206719748,0.00045889977,869.3348833619449,0.00047421444,0.009827378,-0.12307207
2363.7475466208325,7925.546,5.209599,0.0008765705,163625,1436.0804000716314,869.335572049815,7201.756,4.6179657,1149.498,1.3984646,7925.546,5.209599,0,,,,,1436.0804000716314,0.00045903714,869.335572049815,0.0004745614,0.01150652,-0.121802464
2363.754490990171,7928.49,5.211354,0.0008764986,163626,1436.0807901502767,869.3353702209896,7204.7754,4.6195207,1150.8386,1.3990874,7928.49,5.211354,0,,,,,1436.0807901502767,0.00045906458,869.3353702209896,0.00047408682,0.010405699,-0.12227114
2363.76143535945,7933.784,5.2138224,0.0008764266,163627,1436.0806083537325,869.3361727420885,7209.432,4.6217093,1149.7312,1.4012835,7933.784,5.2138224,0,,,,,1436.0806083537325,0.00045927314,869.3361727420885,0.00047372913,0.0110316845,-0.121606655
2363.768379728671,7924.942,5.2130694,0.0008763545,163628,1436.0809017797978,869.3350516591646,7201.8687,4.621042,1151.3174,1.401118,7924.942,5.2130694,0,,,,,1436.0809017797978,0.00045959538,869.3350516591646,0.00047428973,0.010393217,-0.12193896
2363.7753240978936,7932.9424,5.213423,0.00087628246,163629,1436.0826902377903,869.3346635849729,7208.929,4.621355,1151.669,1.4000368,7932.9424,5.213423,0,,,,,1436.0826902377903,0.00045899107,869.3346635849729,0.00047405116,0.011938146,-0.12306105
2363.7822684670573,7928.331,5.214237,0.00087621034,163630,1436.0806599477303,869.3353125097117,7204.557,4.622077,1152.8433,1.4027995,7928.331,5.214237,0,,,,,1436.0806599477303,0.00045938522,869.3353125097117,0.00047447102,0.009977318,-0.12230676
2363.789212836221,7938.9463,5.214902,0.0008761382,163631,1436.0816102845663,869.336072533592,7214.125,4.622666,1151.8689,1.3995678,7938.9463,5.214902,0,,,,,1436.0816102845663,0.0004591434,869.336072533592,0.00047393586,0.010450545,-0.12186183
2363.7961572053264,7919.1323,5.2110248,0.00087606604,163632,1436.0808094444587,869.3360543281719,7196.8423,4.6192293,1154.9714,1.4009931,7919.1323,5.2110248,0,,,,,1436.0808094444587,0.000459388,869.3360543281719,0.00047459308,0.010577232,-0.121744454
2363.803101574432,7934.868,5.2158213,0.00087599386,163633,1436.0809874678835,869.3354764290074,7210.206,4.6234813,1156.8728,1.4028497,7934.868,5.2158213,0,,,,,1436.0809874678835,0.00045915158,869.3354764290074,0.0004743934,0.010350311,-0.121620424
2363.8100459435373,7925.057,5.2123833,0.0008759217,163634,1436.0815515846753,869.3347916995629,7201.4746,4.620434,1156.0977,1.4020478,7925.057,5.2123833,0,,,,,1436.0815515846753,0.00045946895,869.3347916995629,0.00047465265,0.011558153,-0.12341555
2363.8169903125263,7923.0234,5.2136116,0.0008758494,163635,1436.0817213257399,869.3364816735029,7200.012,4.6215224,1158.3661,1.4021844,7923.0234,5.2136116,0,,,,,1436.0817213257399,0.00045980248,869.3364816735029,0.00047477914,0.012511618,-0.121215425
2363.8239346815735,7934.8936,5.2174497,0.00087577716,163636,1436.0806777388955,869.3343153572096,7210.824,4.6249247,1158.1017,1.4034326,7934.8936,5.2174497,0,,,,,1436.0806777388955,0.00045950236,869.3343153572096,0.00047439887,0.010612317,-0.1224063
2363.8308790505043,7926.304,5.213676,0.0008757048,163637,1436.0814945025156,869.3359467766959,7203.2773,4.6215796,1157.5873,1.4019672,7926.304,5.213676,0,,,,,1436.0814945025156,0.0004594861,869.3359467766959,0.0004743782,0.010933595,-0.12182275
2363.8378234194934,7932.5386,5.2169085,0.0008756325,163638,1436.0813755547501,869.3365212260944,7208.3486,4.624445,1159.6432,1.4045619,7932.5386,5.2169085,0,,,,,1436.0813755547501,0.0004597621,869.3365212260944,0.00047448956,0.011042886,-0.12206267
2363.844767788365,7940.9375,5.2208185,0.0008755601,163639,1436.0807600682915,869.3356450125036,7215.636,4.6279106,1159.4966,1.4051274,7940.9375,5.2208185,0,,,,,1436.0807600682915,0.0004593469,869.3356450125036,0.00047464384,0.010845834,-0.12158626
2363.8517121572377,7933.73,5.216536,0.0008754877,163640,1436.081871607681,869.3354748844617,7209.4565,4.624115,1158.0059,1.4030737,7933.73,5.216536,0,,,,,1436.081871607681,0.00045950557,869.3354748844617,0.00047418065,0.011799399,-0.121841915
2363.8586565261103,7924.991,5.215977,0.0008754153,163641,1436.0823377466168,869.3360778126522,7201.7124,4.623619,1160.0476,1.405724,7924.991,5.215977,0,,,,,1436.0823377466168,0.00045974262,869.3360778126522,0.00047494652,0.012155604,-0.1215274
2363.8656008949256,7933.1074,5.2171865,0.0008753428,163642,1436.0825605006926,869.336077891827,7209.0303,4.6246915,1157.7194,1.4039059,7933.1074,5.2171865,0,,,,,1436.0825605006926,0.0004592994,869.336077891827,0.0004745686,0.011764303,-0.12178987
2363.87254526374,7931.4897,5.2196264,0.00087527034,163643,1436.0811507074893,869.3355324010438,7207.3774,4.6268544,1159.9088,1.4052051,7931.4897,5.2196264,0,,,,,1436.0811507074893,0.00046011113,869.3355324010438,0.00047489346,0.011129066,-0.122179925
2363.879489632496,7922.0703,5.214783,0.0008751978,163644,1436.0822612552674,869.3360459635275,7199.4365,4.622561,1157.8503,1.4029008,7922.0703,5.214783,0,,,,,1436.0822612552674,0.00045950754,869.3360459635275,0.00047471403,0.012184102,-0.12183307
2363.886434001194,7930.493,5.2153587,0.00087512523,163645,1436.0811324018152,869.3358367531712,7206.66,4.6230707,1158.7655,1.4027051,7930.493,5.2153587,0,,,,,1436.0811324018152,0.00045925897,869.3358367531712,0.000474574,0.01080719,-0.12205423
2363.893378369892,7920.457,5.215909,0.00087505265,163646,1436.0815006428425,869.3347733421914,7197.351,4.6235585,1160.6025,1.4043,7920.457,5.215909,0,,,,,1436.0815006428425,0.00045983348,869.3347733421914,0.00047522757,0.011166864,-0.12229008
2363.90032273859,7924.6953,5.215997,0.00087498006,163647,1436.0816329290346,869.3364977479368,7201.78,4.623637,1159.9252,1.4044867,7924.6953,5.215997,0,,,,,1436.0816329290346,0.0004599145,869.3364977479368,0.0004750628,0.011213435,-0.12106173
2363.90726710723,7922.8486,5.2137847,0.0008749074,163648,1436.0814937006614,869.3357938320704,7199.556,4.621676,1159.0177,1.4038954,7922.8486,5.2137847,0,,,,,1436.0814937006614,0.00045950818,869.3357938320704,0.0004747383,0.0108342655,-0.12278794
2363.914211475869,7922.8047,5.213906,0.0008748348,163649,1436.0807865382346,869.3365906226585,7199.4043,4.621783,1159.115,1.4036179,7922.8047,5.213906,0,,,,,1436.0807865382346,0.00045978336,869.3365906226585,0.00047479648,0.01120568,-0.121012405
2363.92115584445,7923.449,5.212044,0.0008747621,163650,1436.0808076114465,869.3361938625128,7200.2803,4.620133,1155.6595,1.4010391,7923.449,5.212044,0,,,,,1436.0808076114465,0.00045933656,869.3361938625128,0.000474832,0.011134495,-0.121573605
2363.9281002129737,7929.0107,5.2163415,0.0008746893,163651,1436.0816731972636,869.3354196640869,7205.7075,4.6239424,1157.7222,1.4025056,7929.0107,5.2163415,0,,,,,1436.0816731972636,0.00045945018,869.3354196640869,0.0004747811,0.01185623,-0.12276689
2363.935044581497,7926.1255,5.2135744,0.00087461655,163652,1436.0816817430846,869.335666631621,7202.2734,4.621489,1158.3486,1.4020076,7926.1255,5.2135744,0,,,,,1436.0816817430846,0.00045928973,869.335666631621,0.0004748521,0.011748343,-0.121753454
2363.9419889499623,7922.9116,5.214373,0.00087454374,163653,1436.0802095192769,869.3359017379447,7200.163,4.6221976,1160.3209,1.403775,7922.9116,5.214373,0,,,,,1436.0802095192769,0.00045939302,869.3359017379447,0.00047507638,0.010412967,-0.12232381
2363.9489333184274,7935.289,5.2157793,0.0008744709,163654,1436.0817532949836,869.336421870487,7210.4937,4.623444,1158.8789,1.4022858,7935.289,5.2157793,0,,,,,1436.0817532949836,0.00045943446,869.336421870487,0.00047424305,0.011767779,-0.12126976
2363.9558776868926,7930.0884,5.2164454,0.0008743981,163655,1436.0834102464944,869.3364761991018,7206.2134,4.624035,1159.6292,1.4037323,7930.0884,5.2164454,0,,,,,1436.0834102464944,0.00045959526,869.3364761991018,0.00047450713,0.012502758,-0.12106973
2363.9628220552995,7919.9824,5.2141037,0.0008743252,163656,1436.0825586140684,869.3354282693655,7197.3315,4.6219587,1159.9692,1.404049,7919.9824,5.2141037,0,,,,,1436.0825586140684,0.00046006957,869.3354282693655,0.00047502568,0.011053639,-0.12228402
2363.9697664236487,7924.9253,5.2144866,0.0008742523,163657,1436.0823225119814,869.3358323641085,7201.8286,4.6222982,1158.9834,1.4047314,7924.9253,5.2144866,0,,,,,1436.0823225119814,0.0004594048,869.3358323641085,0.0004746492,0.012585365,-0.1207855
2363.9767107919974,7923.1553,5.2139506,0.00087417936,163658,1436.0817416950174,869.3356588221772,7200.0615,4.621823,1158.6737,1.4030439,7923.1553,5.2139506,0,,,,,1436.0817416950174,0.00045961796,869.3356588221772,0.00047451077,0.011675513,-0.122320734
2363.9836551603457,7922.663,5.2145634,0.0008741064,163659,1436.0818551922514,869.3358112354085,7199.4727,4.622366,1159.0662,1.4041796,7922.663,5.2145634,0,,,,,1436.0818551922514,0.0004594908,869.3358112354085,0.00047479064,0.0124483155,-0.12192968
2363.990599528579,7928.296,5.2157974,0.0008740334,163660,1436.080894655652,869.3363480691934,7204.964,4.62346,1158.435,1.4039845,7928.296,5.2157974,0,,,,,1436.080894655652,0.00045921057,869.3363480691934,0.00047462128,0.010722928,-0.121732265
2363.9975438968686,7934.249,5.2180605,0.0008739604,163661,1436.0819853106198,869.336976929358,7210.082,4.625466,1162.0735,1.4047275,7934.249,5.2180605,0,,,,,1436.0819853106198,0.00045908053,869.336976929358,0.00047439663,0.01176367,-0.12140982
2364.0044882651,7921.877,5.214573,0.00087388733,163662,1436.080990735154,869.3364766831273,7198.9077,4.6223745,1160.7548,1.4038955,7921.877,5.214573,0,,,,,1436.080990735154,0.00045979815,869.3364766831273,0.0004751004,0.01197053,-0.121815585
2364.011432633274,7921.234,5.215173,0.0008738142,163663,1436.082036514196,869.3369650973956,7198.388,4.622906,1162.0015,1.4044524,7921.234,5.215173,0,,,,,1436.082036514196,0.00045950938,869.3369650973956,0.00047505333,0.011572564,-0.12134805
2364.0183770014482,7930.6885,5.217743,0.0008737411,163664,1436.0815840519058,869.3353286585881,7205.858,4.6251845,1160.5114,1.404961,7930.6885,5.217743,0,,,,,1436.0815840519058,0.0004597663,869.3353286585881,0.00047513668,0.011568285,-0.12179888
2364.025321369564,7924.935,5.2170644,0.00087366794,163665,1436.0815444647449,869.3363145478064,7201.5093,4.624583,1163.7344,1.4057117,7924.935,5.2170644,0,,,,,1436.0815444647449,0.00045987545,869.3363145478064,0.00047500394,0.011241009,-0.12150903
2364.032265737681,7920.4604,5.2172055,0.0008735948,163666,1436.0814476158032,869.3367193126055,7197.625,4.624708,1164.5154,1.4070193,7920.4604,5.2172055,0,,,,,1436.0814476158032,0.0004596317,869.3367193126055,0.0004758521,0.011547161,-0.12108771
2364.0392101057964,7918.6885,5.216901,0.0008735216,163667,1436.0817297704716,869.3362750200424,7195.943,4.624438,1166.594,1.409043,7918.6885,5.216901,0,,,,,1436.0817297704716,0.0004603161,869.3362750200424,0.0004754034,0.012124944,-0.12109127
2364.0461544737955,7927.4746,5.2172723,0.0008734483,163668,1436.0816653618726,869.3354940431549,7204.1245,4.6247673,1164.4469,1.4050653,7927.4746,5.2172723,0,,,,,1436.0816653618726,0.00045956142,869.3354940431549,0.0004747621,0.011419136,-0.12196442
2364.053098841854,7925.0215,5.2175465,0.0008733751,163669,1436.0819784212522,869.3364319932776,7201.568,4.6250105,1166.1309,1.4066169,7925.0215,5.2175465,0,,,,,1436.0819784212522,0.00046013508,869.3364319932776,0.0004750976,0.012323067,-0.12167519
2364.060043209853,7914.3604,5.2153816,0.0008733018,163670,1436.0818830008523,869.3362921040366,7192.0547,4.6230917,1167.0468,1.4068987,7914.3604,5.2153816,0,,,,,1436.0818830008523,0.00046044396,869.3362921040366,0.00047547647,0.011390698,-0.12196086
2364.0669875777944,7924.796,5.2170734,0.0008732285,163671,1436.081101108063,869.3356733706729,7201.306,4.6245914,1164.9182,1.4053284,7924.796,5.2170734,0,,,,,1436.081101108063,0.00045986357,869.3356733706729,0.00047507937,0.01203444,-0.12153301
2364.0739319457357,7921.5913,5.2173576,0.00087315514,163672,1436.0826783547438,869.3368280899906,7198.687,4.624843,1168.4482,1.4076078,7921.5913,5.2173576,0,,,,,1436.0826783547438,0.00046023043,869.3368280899906,0.000475122,0.011327209,-0.12143186
2364.080876313618,7924.1123,5.2175136,0.00087308174,163673,1436.0822923285177,869.3354519204433,7200.27,4.6249814,1168.5918,1.4068654,7924.1123,5.2175136,0,,,,,1436.0822923285177,0.00046010705,869.3354519204433,0.00047538726,0.012225087,-0.122096375
2364.0878206815005,7925.534,5.2202163,0.00087300834,163674,1436.0817659419802,869.336036393296,7201.9033,4.6273766,1168.3224,1.4088168,7925.534,5.2202163,0,,,,,1436.0817659419802,0.00046040287,869.336036393296,0.00047548595,0.0116735995,-0.12172539
2364.0947650493845,7927.6094,5.218906,0.00087293494,163675,1436.0816835774792,869.336259429425,7203.269,4.6262155,1170.1556,1.4073043,7927.6094,5.218906,0,,,,,1436.0816835774792,0.0004602818,869.336259429425,0.00047506543,0.011700277,-0.12172186
2364.1017094171507,7929.316,5.220832,0.0008728614,163676,1436.0810501176472,869.3362855461962,7205.3486,4.6279225,1168.6272,1.4126505,7929.316,5.220832,0,,,,,1436.0810501176472,0.00045994567,869.3362855461962,0.0004750577,0.011393058,-0.12044406
2364.108653784975,7922.7583,5.218418,0.00087278796,163677,1436.082534868286,869.3361100549051,7199.429,4.625783,1169.7847,1.4084102,7922.7583,5.218418,0,,,,,1436.082534868286,0.00046012612,869.3361100549051,0.0004754173,0.012328105,-0.1215714
2364.1155981527427,7927.562,5.220996,0.00087271444,163678,1436.0818391370155,869.3355869887564,7203.838,4.6280684,1172.3083,1.4095889,7927.562,5.220996,0,,,,,1436.0818391370155,0.00046029326,869.3355869887564,0.000475142,0.011580772,-0.122073814
2364.122542520451,7922.263,5.2194347,0.00087264087,163679,1436.0822208535515,869.3367968998548,7198.608,4.626684,1173.6986,1.4092966,7922.263,5.2194347,0,,,,,1436.0822208535515,0.00046042382,869.3367968998548,0.00047539655,0.011838806,-0.1202627
2364.1294868881596,7924.9927,5.2200446,0.0008725673,163680,1436.0813713221532,869.3369754693811,7201.224,4.627225,1173.0115,1.41035,7924.9927,5.2200446,0,,,,,1436.0813713221532,0.0004602359,869.3369754693811,0.0004753951,0.011931319,-0.12084024
2364.1364312558094,7917.781,5.2198157,0.00087249366,163681,1436.0819968090827,869.3368274740862,7194.801,4.6270223,1176.5406,1.4107201,7917.781,5.2198157,0,,,,,1436.0819968090827,0.0004606339,869.3368274740862,0.0004759783,0.012436723,-0.121768735
2364.143375623459,7921.4023,5.2215824,0.00087242003,163682,1436.0825707920662,869.3360352210283,7197.84,4.6285877,1175.6578,1.4110764,7921.4023,5.2215824,0,,,,,1436.0825707920662,0.0004606752,869.3360352210283,0.00047577728,0.012230039,-0.12140668
2364.150319991051,7930.1387,5.2231846,0.00087234634,163683,1436.082871407703,869.3362950306845,7205.4644,4.630008,1175.9036,1.4116105,7930.1387,5.2231846,0,,,,,1436.082871407703,0.00046033334,869.3362950306845,0.00047539384,0.012702409,-0.121385165
2364.1572643586424,7928.525,5.2223463,0.00087227265,163684,1436.0822235881208,869.3358412099916,7204.4404,4.629265,1176.1456,1.4100659,7928.525,5.2223463,0,,,,,1436.0822235881208,0.00046020444,869.3358412099916,0.00047527163,0.011853926,-0.12132097
2364.1642087262344,7925.883,5.224352,0.00087219896,163685,1436.0816374805158,869.3367918372732,7202.23,4.631043,1180.3578,1.4154834,7925.883,5.224352,0,,,,,1436.0816374805158,0.00046033555,869.3367918372732,0.000475682,0.011781053,-0.12160171
2364.171153093769,7927.525,5.224847,0.0008721252,163686,1436.0820478392752,869.3367532635057,7203.682,4.6314816,1180.3964,1.4132905,7927.525,5.224847,0,,,,,1436.0820478392752,0.00046047065,869.3367532635057,0.000475857,0.011931553,-0.12104053
2364.1780974612443,7925.2607,5.224078,0.0008720514,163687,1436.0815820788823,869.3365602193951,7201.822,4.6308007,1179.964,1.4125727,7925.2607,5.224078,0,,,,,1436.0815820788823,0.00046048264,869.3365602193951,0.00047568305,0.012005444,-0.1214765
2364.1850418287195,7920.069,5.223557,0.0008719776,163688,1436.0818740148568,869.3364159106786,7197.0654,4.6303387,1180.2483,1.4127448,7920.069,5.223557,0,,,,,1436.0818740148568,0.00046112007,869.3364159106786,0.00047608287,0.010958488,-0.12170327
2364.191986196138,7919.9404,5.2239146,0.0008719037,163689,1436.0833173007027,869.3361087705733,7196.685,4.630656,1179.3634,1.4152464,7919.9404,5.2239146,0,,,,,1436.0833173007027,0.0004615001,869.3361087705733,0.00047604617,0.013024891,-0.121411964
2364.1989305635548,7920.121,5.222074,0.00087182986,163690,1436.0814432970008,869.3367242496753,7197.0513,4.629024,1179.5231,1.4120638,7920.121,5.222074,0,,,,,1436.0814432970008,0.0004607347,869.3367242496753,0.00047613282,0.012092933,-0.12075165
2364.2058749309717,7924.8496,5.22401,0.000871756,163691,1436.0821854200567,869.3365754232635,7201.3784,4.6307397,1181.3015,1.4132452,7924.8496,5.22401,0,,,,,1436.0821854200567,0.00046076535,869.3365754232635,0.00047579178,0.011686922,-0.12121935
2364.212819298332,7930.9927,5.2246366,0.0008716821,163692,1436.08294084917,869.3373289119246,7207.046,4.631295,1177.3812,1.4123615,7930.9927,5.2246366,0,,,,,1436.08294084917,0.00046028118,869.3373289119246,0.0004754593,0.012769953,-0.12031501
2364.219763665633,7929.0234,5.2248197,0.0008716081,163693,1436.0824045257018,869.3365587629276,7204.76,4.631458,1180.8444,1.413001,7929.0234,5.2248197,0,,,,,1436.0824045257018,0.0004605635,869.3365587629276,0.0004756648,0.0118711945,-0.12067049
2364.226708032933,7925.277,5.2221465,0.0008715341,163694,1436.081283814348,869.3368852589043,7201.8096,4.629088,1178.202,1.4107305,7925.277,5.2221465,0,,,,,1436.081283814348,0.0004601888,869.3368852589043,0.00047567996,0.012143623,-0.12039114
2364.233652400234,7927.472,5.22218,0.0008714601,163695,1436.0816710841493,869.3367773115963,7203.297,4.6291175,1178.5732,1.4110436,7927.472,5.22218,0,,,,,1436.0816710841493,0.0004606262,869.3367773115963,0.0004753769,0.0118730115,-0.12045824
2364.2405967674763,7931.031,5.2252784,0.0008713861,163696,1436.0810334685605,869.3355462636958,7206.8525,4.631864,1177.7944,1.4111757,7931.031,5.2252784,0,,,,,1436.0810334685605,0.0004605231,869.3355462636958,0.00047589032,0.010913786,-0.12144871
2364.2475411346604,7918.5547,5.221642,0.000871312,163697,1436.0819092992735,869.3359564528756,7196.1665,4.6286407,1181.9213,1.4125035,7918.5547,5.221642,0,,,,,1436.0819092992735,0.00046068008,869.3359564528756,0.00047581873,0.01160607,-0.121265635
2364.254485501846,7927.1216,5.222804,0.0008712379,163698,1436.0820287321148,869.3369401273549,7203.0723,4.6296706,1177.7788,1.411492,7927.1216,5.222804,0,,,,,1436.0820287321148,0.00046032955,869.3369401273549,0.00047544655,0.012381918,-0.11955946
2364.2614298690305,7918.9937,5.2208867,0.0008711638,163699,1436.0822224224628,869.3367364429438,7195.8833,4.627971,1176.6829,1.4108044,7918.9937,5.2208867,0,,,,,1436.0822224224628,0.0004606569,869.3367364429438,0.00047574707,0.012583167,-0.1211892
2364.268374236157,7922.2524,5.222017,0.00087108964,163700,1436.081470423952,869.3373168010588,7198.698,4.628973,1178.2358,1.4116135,7922.2524,5.222017,0,,,,,1436.081470423952,0.0004603009,869.3373168010588,0.00047579434,0.012125633,-0.12030579
2364.275318603225,7920.0347,5.2202883,0.0008710154,163701,1436.0812502464435,869.3360707477211,7196.8467,4.6274405,1175.8612,1.4110264,7920.0347,5.2202883,0,,,,,1436.0812502464435,0.00046035193,869.3360707477211,0.00047563363,0.011074029,-0.12133508
2364.2822629703514,7921.8203,5.219567,0.00087094127,163702,1436.08218503431,869.3372093668835,7198.4194,4.6268015,1173.0686,1.4088975,7921.8203,5.219567,0,,,,,1436.08218503431,0.0004604843,869.3372093668835,0.00047593736,0.012383157,-0.12044361
2364.2892073373614,7925.55,5.2207465,0.000870867,163703,1436.083112778641,869.3363470823731,7201.739,4.6278467,1173.9158,1.4100901,7925.55,5.2207465,0,,,,,1436.083112778641,0.00046018476,869.3363470823731,0.0004754862,0.012620009,-0.1209176
2364.2961517043714,7918.966,5.2177243,0.0008707927,163704,1436.083011239848,869.3366941993602,7195.7627,4.6251683,1169.8473,1.408344,7918.966,5.2177243,0,,,,,1436.083011239848,0.00046041756,869.3366941993602,0.0004755652,0.011930167,-0.120557405
2364.3030960713804,7934.649,5.22005,0.00087071845,163705,1436.0818609256628,869.3378686559915,7210.0254,4.627229,1166.6487,1.4069663,7934.649,5.22005,0,,,,,1436.0818609256628,0.00045955542,869.3378686559915,0.00047475935,0.012413626,-0.120211154
2364.3100404383317,7937.6885,5.220512,0.0008706441,163706,1436.0820701178122,869.3363597041267,7212.553,4.6276393,1165.0167,1.4080176,7937.6885,5.220512,0,,,,,1436.0820701178122,0.000459503,869.3363597041267,0.00047468263,0.011830174,-0.12102025
2364.316984805284,7929.397,5.2179675,0.0008705698,163707,1436.0813496875976,869.3371375598614,7205.2056,4.6253834,1166.0348,1.406049,7929.397,5.2179675,0,,,,,1436.0813496875976,0.0004599335,869.3371375598614,0.00047482,0.011155651,-0.12003656
2364.3239291721775,7924.3325,5.216304,0.0008704954,163708,1436.0821932096333,869.337357888773,7200.4214,4.623909,1164.0452,1.4054649,7924.3325,5.216304,0,,,,,1436.0821932096333,0.00045993607,869.337357888773,0.0004752433,0.012820669,-0.12018695
2364.330873539071,7931.306,5.217146,0.000870421,163709,1436.0824728296518,869.3353988069525,7206.5845,4.6246552,1162.3575,1.4041371,7931.306,5.217146,0,,,,,1436.0824728296518,0.00045963944,869.3353988069525,0.00047477012,0.012066374,-0.122149535
2364.3378179059064,7931.211,5.215136,0.00087034656,163710,1436.0824290220387,869.3371547784055,7206.6675,4.622874,1159.3854,1.4025116,7931.211,5.215136,0,,,,,1436.0824290220387,0.00045922972,869.3371547784055,0.00047460638,0.012220284,-0.120107986
2364.3447622727417,7927.791,5.2153025,0.0008702721,163711,1436.0824614525825,869.3377102475455,7203.6567,4.623021,1158.4374,1.4040889,7927.791,5.2153025,0,,,,,1436.0824614525825,0.00045960883,869.3377102475455,0.00047464957,0.012629442,-0.12006427
2364.351706639519,7929.135,5.2143855,0.0008701976,163712,1436.0816969245905,869.3358182998318,7204.6665,4.622208,1156.9741,1.4022074,7929.135,5.2143855,0,,,,,1436.0816969245905,0.00045946293,869.3358182998318,0.00047445562,0.012190503,-0.12178174
2364.3586510062964,7923.8647,5.2151046,0.0008701231,163713,1436.081809442084,869.3371497156315,7199.7134,4.622846,1157.2058,1.403182,7923.8647,5.2151046,0,,,,,1436.081809442084,0.0004600985,869.3371497156315,0.00047511177,0.012150106,-0.12100733
2364.3655953730154,7924.828,5.2129874,0.00087004853,163714,1436.0817136115913,869.3365159601897,7200.863,4.6209693,1156.1519,1.4025455,7924.828,5.2129874,0,,,,,1436.0817136115913,0.00045957402,869.3365159601897,0.00047462122,0.012436769,-0.12041844
2364.372539739734,7927.5747,5.212561,0.00086997397,163715,1436.0821096318334,869.3369821321533,7203.209,4.620591,1153.8821,1.4008908,7927.5747,5.212561,0,,,,,1436.0821096318334,0.00045940155,869.3369821321533,0.00047461278,0.0115526095,-0.11999961
2364.3794841063946,7931.8027,5.214401,0.00086989935,163716,1436.0825628187345,869.3378297450828,7206.645,4.622222,1154.6494,1.4020053,7931.8027,5.214401,0,,,,,1436.0825628187345,0.000459534,869.3378297450828,0.00047423432,0.012211616,-0.120247476
2364.3864284730544,7932.2007,5.2130375,0.0008698247,163717,1436.0822274336858,869.3375661137269,7207.69,4.621013,1151.4019,1.3997955,7932.2007,5.2130375,0,,,,,1436.0822274336858,0.00045873845,869.3375661137269,0.00047408973,0.012401704,-0.12075339
2364.393372839657,7927.8823,5.213291,0.00086975005,163718,1436.0826267337477,869.3369360392419,7204.0767,4.621238,1153.0605,1.4002323,7927.8823,5.213291,0,,,,,1436.0826267337477,0.00045907684,869.3369360392419,0.00047461566,0.011900693,-0.12022933
2364.4003172062594,7926.2866,5.211812,0.00086967536,163719,1436.080569290496,869.3367263691889,7202.241,4.6199274,1152.4624,1.4008301,7926.2866,5.211812,0,,,,,1436.080569290496,0.00045939532,869.3367263691889,0.00047453807,0.011076776,-0.1211367
2364.407261572862,7929.1294,5.2124276,0.0008696007,163720,1436.0826631165896,869.3374980456365,7204.8643,4.620473,1153.4132,1.3998924,7929.1294,5.2124276,0,,,,,1436.0826631165896,0.00045928103,869.3374980456365,0.000474418,0.013068648,-0.11974629
2364.414205939406,7922.9556,5.2136307,0.00086952595,163721,1436.0818952816994,869.3363356616272,7199.084,4.6215396,1156.6791,1.4027932,7922.9556,5.2136307,0,,,,,1436.0818952816994,0.00045968863,869.3363356616272,0.00047445163,0.012003174,-0.120306715
2364.421150305893,7922.745,5.2145743,0.00086945115,163722,1436.0830996763495,869.3375900090398,7198.933,4.622376,1156.8468,1.4067168,7922.745,5.2145743,0,,,,,1436.0830996763495,0.00045984413,869.3375900090398,0.00047456048,0.012350547,-0.119745746
2364.428094672379,7926.4385,5.2130466,0.00086937635,163723,1436.081826966577,869.336397459789,7202.48,4.6210217,1156.388,1.4018552,7926.4385,5.2130466,0,,,,,1436.081826966577,0.0004596463,869.336397459789,0.00047463417,0.012547201,-0.120854065
2364.4350390388645,7926.3716,5.211885,0.00086930156,163724,1436.0830890316058,869.3374570461524,7202.06,4.619992,1154.0629,1.4003787,7926.3716,5.211885,0,,,,,1436.0830890316058,0.0004594644,869.3374570461524,0.00047434264,0.012573677,-0.11973223
2364.4419834052933,7936.384,5.218883,0.0008692267,163725,1436.0821136732936,869.3363532562291,7210.8677,4.626195,1157.1189,1.4035316,7936.384,5.218883,0,,,,,1436.0821136732936,0.00045920612,869.3363532562291,0.00047477655,0.012321971,-0.12068151
2364.4489277716625,7923.284,5.215118,0.0008691518,163726,1436.08216686024,869.3358816670254,7199.6006,4.6228576,1160.8724,1.4040942,7923.284,5.215118,0,,,,,1436.08216686024,0.000459725,869.3358816670254,0.00047488385,0.0120879365,-0.121202976
2364.45587213809,7939.4272,5.2170014,0.00086907693,163727,1436.0813482224116,869.3378108858625,7213.6724,4.6245275,1160.1271,1.4033712,7939.4272,5.2170014,0,,,,,1436.0813482224116,0.0004592807,869.3378108858625,0.00047435294,0.011982913,-0.12079748
2364.4628165044014,7928.139,5.2182574,0.00086900196,163728,1436.0832523165386,869.3373157306888,7203.616,4.6256404,1160.6528,1.4053683,7928.139,5.2182574,0,,,,,1436.0832523165386,0.00045995638,869.3373157306888,0.0004752131,0.012617107,-0.119205974
2364.4697608707124,7921.1675,5.215704,0.000868927,163729,1436.0824204699124,869.3365376867412,7197.535,4.6233773,1166.0088,1.4048948,7921.1675,5.215704,0,,,,,1436.0824204699124,0.00046014163,869.3365376867412,0.00047518595,0.012793715,-0.12066823
2364.4767052370235,7924.4214,5.217324,0.000868852,163730,1436.082002217253,869.3360150505047,7200.549,4.624813,1166.3711,1.4068925,7924.4214,5.217324,0,,,,,1436.082002217253,0.00046006072,869.3360150505047,0.00047541485,0.01265844,-0.12127106
2364.4836496032776,7928.1323,5.2209034,0.000868777,163731,1436.0814293153867,869.3378779783787,7203.6763,4.627986,1171.468,1.4103006,7928.1323,5.2209034,0,,,,,1436.0814293153867,0.00045992128,869.3378779783787,0.00047499934,0.012622179,-0.120644234
2364.4905939695304,7930.307,5.218789,0.00086870196,163732,1436.0825419127732,869.3375496016816,7205.625,4.626112,1169.291,1.4070106,7930.307,5.218789,0,,,,,1436.0825419127732,0.00046004774,869.3375496016816,0.00047476988,0.012740383,-0.119452536
2364.4975383357255,7925.942,5.220534,0.00086862687,163733,1436.0826040308943,869.3374764131362,7201.938,4.6276584,1172.4525,1.4101282,7925.942,5.220534,0,,,,,1436.0826040308943,0.00046041788,869.3374764131362,0.0004755094,0.01206399,-0.12022328
2364.504482701921,7925.0117,5.22145,0.0008685518,163734,1436.0818488807129,869.336345878868,7200.7466,4.6284704,1176.0509,1.4105434,7925.0117,5.22145,0,,,,,1436.0818488807129,0.00046007347,869.336345878868,0.00047552522,0.01158536,-0.12088604
2364.511427068116,7935.174,5.228019,0.0008684767,163735,1436.0831533399814,869.3373588585257,7209.9043,4.6342936,1179.1273,1.4137182,7935.174,5.228019,0,,,,,1436.0831533399814,0.0004601689,869.3373588585257,0.0004758114,0.014010984,-0.11970455
2364.5183714341947,7932.7524,5.2255917,0.0008684015,163736,1436.0814705938387,869.3371145668198,7208.0015,4.632142,1181.231,1.4126868,7932.7524,5.2255917,0,,,,,1436.0814705938387,0.00046007408,869.3371145668198,0.00047561314,0.011749318,-0.11978616
2364.5253158003316,7930.5303,5.225928,0.00086832634,163737,1436.0831560851643,869.336576556487,7205.5347,4.63244,1185.2305,1.413917,7930.5303,5.225928,0,,,,,1436.0831560851643,0.00046080726,869.336576556487,0.00047584568,0.01336992,-0.12021967
2364.5322601664093,7926.395,5.225163,0.00086825114,163738,1436.0829913441657,869.3374543792733,7202.137,4.631762,1185.325,1.4152777,7926.395,5.225163,0,,,,,1436.0829913441657,0.00046092112,869.3374543792733,0.00047608025,0.012509585,-0.11998464
2364.539204532429,7914.8506,5.2257543,0.0008681759,163739,1436.0810177115304,869.3372930908118,7191.8584,4.6322856,1190.166,1.4175014,7914.8506,5.2257543,0,,,,,1436.0810177115304,0.00046149566,869.3372930908118,0.00047676548,0.012471562,-0.12062768
2364.5461488984492,7934.0913,5.230045,0.0008681006,163740,1436.0830326254995,869.3378006446385,7209.096,4.63609,1193.318,1.4176313,7934.0913,5.230045,0,,,,,1436.0830326254995,0.0004608087,869.3378006446385,0.00047577397,0.0131228985,-0.1193834
2364.5530932644697,7923.324,5.22813,0.00086802535,163741,1436.0829840718654,869.3383674011334,7199.1646,4.634392,1194.684,1.4183692,7923.324,5.22813,0,,,,,1436.0829840718654,0.0004612346,869.3383674011334,0.00047660567,0.013780053,-0.119538896
2364.560037630433,7932.553,5.2336802,0.00086795003,163742,1436.0823207750475,869.3374967396475,7207.4746,4.639312,1198.1451,1.4225036,7932.553,5.2336802,0,,,,,1436.0823207750475,0.00046136376,869.3374967396475,0.00047640884,0.012123662,-0.120295
2364.5669819963946,7933.1504,5.234115,0.0008678747,163743,1436.0823208244824,869.3371006871575,7208.193,4.6396976,1203.118,1.4219736,7933.1504,5.234115,0,,,,,1436.0823208244824,0.00046133282,869.3371006871575,0.00047665735,0.012414874,-0.11946027
2364.573926362298,7926.735,5.2351627,0.00086779933,163744,1436.0830123439416,869.3367330947499,7202.246,4.640626,1203.6611,1.4232552,7926.735,5.2351627,0,,,,,1436.0830123439416,0.00046208198,869.3367330947499,0.0004772688,0.012824515,-0.12024386
2364.580870728145,7928.152,5.2343664,0.0008677239,163745,1436.0830831651213,869.3375589090604,7203.423,4.6399198,1206.0532,1.4237084,7928.152,5.2343664,0,,,,,1436.0830831651213,0.00046181076,869.3375589090604,0.0004769732,0.013052256,-0.119869396
2364.5878150940484,7931.5176,5.236859,0.0008676485,163746,1436.0817408903222,869.3376248137009,7206.6973,4.6421294,1208.0431,1.424616,7931.5176,5.236859,0,,,,,1436.0817408903222,0.0004615312,869.3376248137009,0.0004770452,0.012927578,-0.12078207
2364.594759459836,7916.712,5.234368,0.000867573,163747,1436.083206661178,869.338432143407,7193.195,4.639921,1213.5107,1.4265269,7916.712,5.234368,0,,,,,1436.083206661178,0.00046237005,869.338432143407,0.0004774011,0.013086261,-0.119035184
2364.6017038256823,7928.8345,5.2390733,0.0008674976,163748,1436.0826875417213,869.3364883368176,7203.782,4.6440926,1214.5817,1.4278705,7928.8345,5.2390733,0,,,,,1436.0826875417213,0.00046181498,869.3364883368176,0.00047766988,0.013381788,-0.120431565
2364.608648191469,7921.5435,5.2373414,0.0008674221,163749,1436.0825754110958,869.3372207777124,7197.607,4.6425576,1216.682,1.4275877,7921.5435,5.2373414,0,,,,,1436.0825754110958,0.00046208588,869.3372207777124,0.000477636,0.012635656,-0.119862676
2364.6155925571975,7915.481,5.2366157,0.00086734653,163750,1436.082481831673,869.3380216783154,7191.558,4.641914,1218.0746,1.4291351,7915.481,5.2366157,0,,,,,1436.082481831673,0.00046276007,869.3380216783154,0.00047803752,0.013039168,-0.1191182
2364.622536922928,7931.141,5.242157,0.000867271,163751,1436.0820812378292,869.3372388593311,7205.8105,4.646826,1219.9656,1.4319085,7931.141,5.242157,0,,,,,1436.0820812378292,0.00046230928,869.3372388593311,0.00047787864,0.012459539,-0.11982787
2364.6294812885985,7920.0156,5.2385335,0.00086719537,163752,1436.0825749716062,869.3379156389155,7196.025,4.643614,1221.5825,1.4297134,7920.0156,5.2385335,0,,,,,1436.0825749716062,0.0004625288,869.3379156389155,0.00047828353,0.012921068,-0.120223
2364.6364256542693,7919.131,5.242876,0.00086711976,163753,1436.0827074842796,869.3386894424954,7195.2334,4.6474633,1225.5631,1.4334058,7919.131,5.242876,0,,,,,1436.0827074842796,0.00046324203,869.3386894424954,0.00047861517,0.01428694,-0.119500324
2364.6433700199414,7927.374,5.2424803,0.00086704415,163754,1436.0815373049268,869.3376059819626,7202.6133,4.6471124,1226.3789,1.4316624,7927.374,5.2424803,0,,,,,1436.0815373049268,0.00046248516,869.3376059819626,0.00047786502,0.012223511,-0.12000418
2364.6503143855543,7924.291,5.2418413,0.0008669685,163755,1436.0826165606716,869.3372417839171,7199.7266,4.6465464,1225.0032,1.4311465,7924.291,5.2418413,0,,,,,1436.0826165606716,0.00046243524,869.3372417839171,0.00047841368,0.012889588,-0.11972015
2364.657258751109,7921.3525,5.2410183,0.00086689275,163756,1436.0829487347787,869.3385940015162,7197.5703,4.645817,1224.4276,1.4317377,7921.3525,5.2410183,0,,,,,1436.0829487347787,0.00046260707,869.3385940015162,0.0004785417,0.012841308,-0.11919463
2364.664203116722,7929.637,5.242602,0.0008668171,163757,1436.0818486809435,869.3389526966964,7204.4263,4.6472206,1224.7249,1.4314233,7929.637,5.242602,0,,,,,1436.0818486809435,0.00046223076,869.3389526966964,0.00047797427,0.012618564,-0.11972238
2364.6711474822187,7924.177,5.2418904,0.0008667413,163758,1436.08215044802,869.3381579928757,7199.713,4.6465893,1227.9572,1.4323155,7924.177,5.2418904,0,,,,,1436.08215044802,0.00046275396,869.3381579928757,0.00047821677,0.012427887,-0.11897023
2364.678091847715,7925.339,5.242856,0.0008666655,163759,1436.0828137889157,869.3381285990703,7200.587,4.647446,1227.2255,1.4325691,7925.339,5.242856,0,,,,,1436.0828137889157,0.00046282375,869.3381285990703,0.00047816365,0.0131625235,-0.11940251
2364.685036213212,7918.33,5.242853,0.0008665897,163760,1436.0814687895963,869.3374069813018,7194.5933,4.647443,1226.3971,1.432721,7918.33,5.242853,0,,,,,1436.0814687895963,0.00046303973,869.3374069813018,0.00047872274,0.011373174,-0.12025906
2364.6919805786492,7921.415,5.2429357,0.0008665139,163761,1436.0831003280853,869.3378901311784,7197.1724,4.6475163,1227.0806,1.4335892,7921.415,5.2429357,0,,,,,1436.0831003280853,0.0004629528,869.3378901311784,0.0004782874,0.0130171245,-0.11944813
2364.698924944087,7917.24,5.2413545,0.00086643803,163762,1436.0825458139486,869.3381605047314,7193.2153,4.646115,1228.8922,1.4335953,7917.24,5.2413545,0,,,,,1436.0825458139486,0.00046302553,869.3381605047314,0.00047842116,0.013597571,-0.11862788
2364.705869309526,7934.764,5.2430124,0.0008663622,163763,1436.0814796809357,869.3366238267039,7209.4585,4.647584,1222.22,1.4308403,7934.764,5.2430124,0,,,,,1436.0814796809357,0.00046212802,869.3366238267039,0.0004778145,0.011762748,-0.12117453
2364.712813674906,7930.1743,5.242023,0.0008662863,163764,1436.082591079815,869.3385512186869,7204.944,4.646707,1222.8375,1.4311967,7930.1743,5.242023,0,,,,,1436.082591079815,0.00046249558,869.3385512186869,0.0004778385,0.012753509,-0.118681505
2364.719758040228,7931.684,5.2432175,0.0008662103,163765,1436.0816055922949,869.337290244119,7206.562,4.647766,1224.1674,1.4310942,7931.684,5.2432175,0,,,,,1436.0816055922949,0.00046228373,869.337290244119,0.000477905,0.011907387,-0.12001007
2364.72670240555,7932.4746,5.2427325,0.00086613436,163766,1436.0824922834297,869.3388326480622,7206.9746,4.647336,1221.1464,1.4310887,7932.4746,5.2427325,0,,,,,1436.0824922834297,0.0004621165,869.3388326480622,0.00047778807,0.013142388,-0.11900615
2364.733646770872,7923.2715,5.239572,0.0008660584,163767,1436.0825557748908,869.3382517071268,7199.2607,4.644535,1219.1993,1.4314841,7923.2715,5.239572,0,,,,,1436.0825557748908,0.00046264962,869.3382517071268,0.0004779401,0.012416186,-0.118743345
2364.7405911361357,7917.9844,5.2407594,0.0008659824,163768,1436.082259901492,869.3364440849906,7193.642,4.645587,1222.3079,1.4314007,7917.9844,5.2407594,0,,,,,1436.082259901492,0.00046270146,869.3364440849906,0.00047834267,0.01234976,-0.12070038
2364.747535501342,7922.716,5.2385798,0.0008659063,163769,1436.0821910377485,869.3391413761166,7197.909,4.643655,1220.6943,1.4289999,7922.716,5.2385798,0,,,,,1436.0821910377485,0.00046240204,869.3391413761166,0.00047815943,0.013414605,-0.11871216
2364.7544798666054,7930.333,5.2397866,0.0008658303,163770,1436.0833721302956,869.3390502159658,7205.053,4.6447244,1218.7496,1.4284433,7930.333,5.2397866,0,,,,,1436.0833721302956,0.00046213032,869.3390502159658,0.00047742587,0.013517337,-0.11826149
2364.7614242317522,7916.598,5.238648,0.00086575415,163771,1436.0836532978703,869.3380953703993,7192.4863,4.6437154,1219.3071,1.4294322,7916.598,5.238648,0,,,,,1436.0836532978703,0.0004629412,869.3380953703993,0.000478507,0.013295261,-0.11927475
2364.768368596957,7933.4287,5.2429824,0.00086567807,163772,1436.0818107164885,869.3374058076591,7208.0474,4.6475577,1219.6088,1.4304646,7933.4287,5.2429824,0,,,,,1436.0818107164885,0.0004622101,869.3374058076591,0.00047759467,0.01230398,-0.11940903
2364.7753129621033,7924.9824,5.2387476,0.00086560193,163773,1436.0813990840263,869.3371137207454,7200.5034,4.643804,1217.852,1.4287786,7924.9824,5.2387476,0,,,,,1436.0813990840263,0.00046229278,869.3371137207454,0.0004778472,0.011972323,-0.11920076
2364.7822573271933,7922.109,5.241763,0.00086552574,163774,1436.0826120975842,869.337059760738,7197.8516,4.6464763,1219.207,1.4307668,7922.109,5.241763,0,,,,,1436.0826120975842,0.00046274968,869.337059760738,0.00047840894,0.012786871,-0.12070239
2364.7892016922824,7927.8774,5.2396355,0.00086544955,163775,1436.0812613479843,869.3383518898928,7202.624,4.644591,1219.7411,1.4295233,7927.8774,5.2396355,0,,,,,1436.0812613479843,0.0004622749,869.3383518898928,0.0004777654,0.011504052,-0.11941345
2364.7961460573133,7918.182,5.236193,0.0008653733,163776,1436.0829163514234,869.3389556556315,7193.5195,4.6415396,1216.3752,1.4286155,7918.182,5.236193,0,,,,,1436.0829163514234,0.00046270838,869.3389556556315,0.00047784884,0.013046315,-0.11759598
2364.803090422344,7927.8003,5.2387953,0.00086529704,163777,1436.08218417731,869.3381467836165,7201.7847,4.643846,1216.4879,1.4284768,7927.8003,5.2387953,0,,,,,1436.08218417731,0.00046238926,869.3381467836165,0.00047783187,0.013005885,-0.119369045
2364.810034787375,7916.0576,5.238212,0.0008652208,163778,1436.0830534301203,869.3379296631125,7192.353,4.643329,1216.0371,1.4287518,7916.0576,5.238212,0,,,,,1436.0830534301203,0.00046311945,869.3379296631125,0.00047838048,0.013060987,-0.12044287
2364.816979152348,7924.996,5.240932,0.0008651445,163779,1436.0816982727158,869.3377705773903,7199.876,4.64574,1219.214,1.4301864,7924.996,5.240932,0,,,,,1436.0816982727158,0.00046287736,869.3377705773903,0.00047812687,0.011558842,-0.11859592
2364.8239235173205,7920.348,5.2386985,0.00086506817,163780,1436.082139881661,869.3363478508926,7196.1997,4.64376,1219.5684,1.4291073,7920.348,5.2386985,0,,,,,1436.082139881661,0.00046263725,869.3363478508926,0.00047799532,0.012173898,-0.121486574
2364.830867882235,7921.8223,5.241057,0.0008649918,163781,1436.0815901720466,869.3397673404598,7197.0454,4.6458507,1217.8191,1.4298104,7921.8223,5.241057,0,,,,,1436.0815901720466,0.00046310938,869.3397673404598,0.00047852515,0.012800814,-0.117824055
2364.8378122471495,7926.046,5.2427535,0.00086491543,163782,1436.081677713413,869.3383632781954,7200.779,4.6473546,1219.9702,1.430468,7926.046,5.2427535,0,,,,,1436.081677713413,0.0004627995,869.3383632781954,0.00047833155,0.012205618,-0.11840898
2364.8447566120058,7932.2207,5.2433977,0.000864839,163783,1436.0818695021815,869.3381239700911,7206.393,4.647926,1222.7177,1.4317949,7932.2207,5.2433977,0,,,,,1436.0818695021815,0.00046237104,869.3381239700911,0.00047791228,0.012979007,-0.119159624
2364.851700976861,7934.3574,5.2413874,0.0008647626,163784,1436.0820794251922,869.3384563585164,7207.9624,4.6461434,1219.3668,1.4294764,7934.3574,5.2413874,0,,,,,1436.0820794251922,0.00046230844,869.3384563585164,0.00047772552,0.01316284,-0.118894465
2364.858645341659,7939.429,5.2479887,0.0008646861,163785,1436.083929501236,869.3385861503463,7212.7656,4.651995,1220.1785,1.4315033,7939.429,5.2479887,0,,,,,1436.083929501236,0.00046277937,869.3385861503463,0.0004779263,0.0140554635,-0.11827281
2364.8655897064573,7939.7397,5.242842,0.0008646096,163786,1436.0842322482856,869.3381556115922,7213.677,4.6474338,1219.2042,1.4290926,7939.7397,5.242842,0,,,,,1436.0842322482856,0.00046195468,869.3381556115922,0.00047716833,0.014686727,-0.1200854
2364.8725340712554,7916.87,5.238853,0.0008645331,163787,1436.082493813185,869.3377663016882,7192.358,4.6438975,1222.3826,1.4307243,7916.87,5.238853,0,,,,,1436.082493813185,0.000463169,869.3377663016882,0.0004780878,0.012519972,-0.11918582
2364.879478435995,7921.878,5.2408085,0.0008644566,163788,1436.0822074023658,869.3393168789037,7197.5874,4.6456304,1223.4062,1.4311663,7921.878,5.2408085,0,,,,,1436.0822074023658,0.00046254628,869.3393168789037,0.00047793487,0.012242845,-0.11772584
2364.8864228007355,7933.141,5.2420845,0.00086438004,163789,1436.08233497753,869.3387330730367,7206.8076,4.6467614,1220.9276,1.430415,7933.141,5.2420845,0,,,,,1436.08233497753,0.00046221333,869.3387330730367,0.00047789176,0.013878907,-0.11891413
2364.893367165417,7923.0796,5.240576,0.00086430344,163790,1436.0828407113568,869.3386891189031,7198.607,4.6454244,1223.6307,1.4306283,7923.0796,5.240576,0,,,,,1436.0828407113568,0.00046245777,869.3386891189031,0.00047772095,0.012758188,-0.11848725
2364.90031153004,7918.301,5.2407465,0.0008642268,163791,1436.0826736011036,869.3381301810715,7193.5522,4.645576,1224.7891,1.4343249,7918.301,5.2407465,0,,,,,1436.0826736011036,0.00046308784,869.3381301810715,0.00047863397,0.0130945435,-0.118984886
2364.9072558947228,7921.4653,5.24077,0.0008641502,163792,1436.0821681758737,869.3385760633287,7196.965,4.6455965,1225.74,1.4319979,7921.4653,5.24077,0,,,,,1436.0821681758737,0.00046260332,869.3385760633287,0.00047828918,0.012360401,-0.11808753
2364.9142002593458,7916.922,5.240562,0.0008640735,163793,1436.0815687492704,869.3388844068506,7192.0034,4.645412,1225.926,1.4319723,7916.922,5.240562,0,,,,,1436.0815687492704,0.00046238583,869.3388844068506,0.00047880947,0.013338575,-0.11893085
2364.92114462391,7922.8306,5.2404103,0.0008639968,163794,1436.0829216123454,869.339413240139,7197.8657,4.6452775,1222.7782,1.4310153,7922.8306,5.2404103,0,,,,,1436.0829216123454,0.00046245786,869.339413240139,0.0004784468,0.012736067,-0.11792394
2364.928088988475,7924.5967,5.2409964,0.0008639201,163795,1436.0813811868084,869.3390556055612,7200.021,4.6457973,1223.0049,1.4318944,7924.5967,5.2409964,0,,,,,1436.0813811868084,0.00046269066,869.3390556055612,0.00047800297,0.011525082,-0.118566
2364.935033352982,7929.5503,5.243048,0.0008638433,163796,1436.083698340232,869.337153715302,7203.6587,4.647616,1223.1516,1.4330238,7929.5503,5.243048,0,,,,,1436.083698340232,0.00046274846,869.337153715302,0.00047789636,0.014253299,-0.119029514
2364.941977717489,7916.7373,5.240106,0.00086376653,163797,1436.0830728917892,869.338947355618,7192.726,4.645008,1226.8206,1.4321862,7916.7373,5.240106,0,,,,,1436.0830728917892,0.00046273597,869.338947355618,0.00047836945,0.013349804,-0.118116505
2364.948922081996,7920.2646,5.2439785,0.00086368975,163798,1436.0829601471119,869.3387753576397,7195.34,4.6484404,1225.1971,1.4364463,7920.2646,5.2439785,0,,,,,1436.0829601471119,0.00046319337,869.3387753576397,0.0004787952,0.013454275,-0.11832373
2364.955866446445,7928.626,5.2424526,0.0008636129,163799,1436.0825783269308,869.3387856760456,7202.948,4.647088,1226.7173,1.4317315,7928.626,5.2424526,0,,,,,1436.0825783269308,0.0004625177,869.3387856760456,0.00047803097,0.012826599,-0.118429646
2364.9628108108936,7926.779,5.242937,0.0008635361,163800,1436.0829352734129,869.3380867441093,7201.1357,4.647517,1226.658,1.4324222,7926.779,5.242937,0,,,,,1436.0829352734129,0.0004630293,869.3380867441093,0.0004781806,0.012564023,-0.118946254
2364.9697551752843,7927.265,5.2448907,0.0008634592,163801,1436.0818025617323,869.3385117882071,7201.7637,4.649249,1225.8862,1.4352584,7927.265,5.2448907,0,,,,,1436.0818025617323,0.00046281243,869.3385117882071,0.0004784974,0.012259155,-0.118128
2364.976699539675,7915.893,5.242643,0.0008633823,163802,1436.0834139597446,869.3385630681089,7191.409,4.647257,1228.9426,1.4338025,7915.893,5.242643,0,,,,,1436.0834139597446,0.00046323176,869.3385630681089,0.0004788951,0.013981982,-0.118528575
2364.983643904066,7924.1094,5.243548,0.0008633054,163803,1436.0834259313767,869.3385565905342,7199.239,4.648059,1226.9249,1.4347869,7924.1094,5.243548,0,,,,,1436.0834259313767,0.00046293644,869.3385565905342,0.00047831316,0.013271463,-0.11834331
2364.99058826834,7918.243,5.241208,0.0008632284,163804,1436.0818106841355,869.3381844795387,7193.6113,4.6459846,1228.7622,1.4327153,7918.243,5.241208,0,,,,,1436.0818106841355,0.0004629962,869.3381844795387,0.0004784086,0.012576791,-0.11892529
2364.9975326326717,7931.182,5.243862,0.00086315145,163805,1436.0828389254186,869.3389455885512,7205.1772,4.6483374,1226.9143,1.4329413,7931.182,5.243862,0,,,,,1436.0828389254186,0.0004626739,869.3389455885512,0.00047808758,0.012439372,-0.11793284
2365.0044769969454,7925.31,5.244471,0.00086307444,163806,1436.0834417727137,869.3382118597008,7199.104,4.648877,1229.3907,1.4349985,7925.31,5.244471,0,,,,,1436.0834417727137,0.00046292177,869.3382118597008,0.00047861773,0.01349017,-0.11957748
2365.0114213612196,7912.0767,5.24103,0.00086299743,163807,1436.0831424183639,869.3386137365944,7188.5073,4.6458273,1228.9109,1.4341421,7912.0767,5.24103,0,,,,,1436.0831424183639,0.00046349713,869.3386137365944,0.00047888642,0.013358503,-0.11845928
2365.0183657254356,7916.502,5.241781,0.00086292037,163808,1436.0818051723522,869.3393742282682,7192.1187,4.646493,1230.8728,1.4341406,7916.502,5.241781,0,,,,,1436.0818051723522,0.00046327675,869.3393742282682,0.0004786084,0.012612938,-0.11793901
2365.0253100896516,7928.7153,5.2468076,0.0008628433,163809,1436.0821608392855,869.3378485160933,7202.8413,4.650948,1234.3702,1.4362019,7928.7153,5.2468076,0,,,,,1436.0821608392855,0.0004636755,869.3378485160933,0.00047830946,0.011994029,-0.118818656
2365.0322544538094,7927.17,5.2459826,0.0008627662,163810,1436.0826572213327,869.3379883685637,7201.417,4.650217,1231.7537,1.4379573,7927.17,5.2459826,0,,,,,1436.0826572213327,0.00046283662,869.3379883685637,0.0004784919,0.013124821,-0.11845395
2365.039198817967,7919.0527,5.244209,0.00086268905,163811,1436.083151834633,869.3399067272613,7194.0903,4.648645,1232.7885,1.435563,7919.0527,5.244209,0,,,,,1436.083151834633,0.0004633845,869.3399067272613,0.00047892946,0.013468378,-0.116512276
2365.0461431820677,7928.088,5.247677,0.00086261187,163812,1436.0820450751573,869.3380133057706,7202.5234,4.651719,1233.5913,1.4359748,7928.088,5.247677,0,,,,,1436.0820450751573,0.00046299706,869.3380133057706,0.0004789585,0.012015286,-0.119623445
2365.053087546167,7927.5425,5.2457285,0.0008625347,163813,1436.0825842830177,869.339153222346,7201.209,4.649992,1233.9084,1.4352993,7927.5425,5.2457285,0,,,,,1436.0825842830177,0.00046329302,869.339153222346,0.00047863822,0.014456885,-0.11828956
2365.060031910266,7932.4985,5.247279,0.0008624575,163814,1436.0824677955784,869.3391322644601,7205.9927,4.651366,1233.1685,1.4357208,7932.4985,5.247279,0,,,,,1436.0824677955784,0.00046314206,869.3391322644601,0.000478573,0.012417003,-0.11751266
2365.066976274308,7923.9243,5.245668,0.00086238026,163815,1436.0824660557696,869.3386901026829,7198.227,4.649938,1237.2064,1.4365004,7923.9243,5.245668,0,,,,,1436.0824660557696,0.0004633843,869.3386901026829,0.00047858906,0.012949399,-0.117758475
2365.0739206383487,7929.1997,5.247676,0.000862303,163816,1436.0830790436319,869.3382951471007,7203.2554,4.6517177,1236.4481,1.4375517,7929.1997,5.247676,0,,,,,1436.0830790436319,0.0004632632,869.3382951471007,0.00047841822,0.012633146,-0.1184764
2365.080865002331,7924.2075,5.249234,0.0008622257,163817,1436.0831179467941,869.3391252800058,7198.2397,4.6530995,1241.002,1.4385026,7924.2075,5.249234,0,,,,,1436.0831179467941,0.00046358316,869.3391252800058,0.000479371,0.014207747,-0.117760465
2365.087809366314,7921.114,5.2482266,0.0008621484,163818,1436.0832239292602,869.33852994104,7195.5957,4.6522064,1240.718,1.4392248,7921.114,5.2482266,0,,,,,1436.0832239292602,0.0004638817,869.33852994104,0.00047904855,0.013051336,-0.118178055
2365.094753730239,7917.018,5.248745,0.00086207106,163819,1436.0829484623066,869.337889570371,7192.2935,4.6526656,1241.4377,1.4395847,7917.018,5.248745,0,,,,,1436.0829484623066,0.00046391174,869.337889570371,0.00047977726,0.01283677,-0.11938257
2365.101698094164,7922.519,5.248977,0.0008619937,163820,1436.082194612329,869.3401156490299,7197.2905,4.6528716,1242.4847,1.4412279,7922.519,5.248977,0,,,,,1436.082194612329,0.00046366255,869.3401156490299,0.00047922888,0.012605135,-0.11750362
2365.108642458089,7924.417,5.2505045,0.00086191634,163821,1436.0833326529641,869.3395696934531,7198.8633,4.6542253,1241.018,1.4398867,7924.417,5.2505045,0,,,,,1436.0833326529641,0.00046380877,869.3395696934531,0.00047947312,0.012662277,-0.11714201
2365.1155868219557,7929.719,5.251438,0.0008618389,163822,1436.081207931659,869.3396618808684,7204.199,4.655053,1242.4662,1.4400653,7929.719,5.251438,0,,,,,1436.081207931659,0.00046344948,869.3396618808684,0.0004791965,0.012720771,-0.11777543
2365.1225311857643,7919.929,5.2498937,0.00086176145,163823,1436.0827635992976,869.3393564516066,7194.8145,4.653684,1244.4392,1.4402876,7919.929,5.2498937,0,,,,,1436.0827635992976,0.0004635705,869.3393564516066,0.00047987138,0.012672944,-0.11760088
2365.129475549573,7928.8257,5.2497087,0.000861684,163824,1436.0825081851092,869.3383338923992,7202.79,4.65352,1242.8851,1.4387441,7928.8257,5.2497087,0,,,,,1436.0825081851092,0.0004634802,869.3383338923992,0.0004787933,0.012930448,-0.118156865
2365.1364199133814,7930.9453,5.2508154,0.0008616065,163825,1436.081720411617,869.3383575313102,7204.588,4.654501,1242.4548,1.4395688,7930.9453,5.2508154,0,,,,,1436.081720411617,0.00046372542,869.3383575313102,0.00047893645,0.011672496,-0.11846367
2365.1433642771326,7920.714,5.2493367,0.00086152897,163826,1436.0831384989674,869.3406114883812,7194.921,4.65319,1247.9308,1.4413038,7920.714,5.2493367,0,,,,,1436.0831384989674,0.00046423395,869.3406114883812,0.00047949646,0.0141584445,-0.116302505
2365.150308640882,7927.6235,5.2537556,0.00086145144,163827,1436.0832993462539,869.3381265836223,7201.4355,4.6571074,1248.4352,1.4435813,7927.6235,5.2537556,0,,,,,1436.0832993462539,0.00046416017,869.3381265836223,0.00047968508,0.014288748,-0.11894539
2365.1572530046315,7916.7188,5.250554,0.0008613739,163828,1436.081602804499,869.3375406817403,7192.2944,4.654269,1251.1403,1.4429199,7916.7188,5.250554,0,,,,,1436.081602804499,0.0004639733,869.3375406817403,0.00047998398,0.011307271,-0.11876939
2365.1641973683236,7932.6987,5.2530847,0.0008612963,163829,1436.082325648847,869.3398070251942,7205.7773,4.6565127,1249.5326,1.4415501,7932.6987,5.2530847,0,,,,,1436.082325648847,0.00046359948,869.3398070251942,0.00047915275,0.012887891,-0.11656929
2365.1711417319575,7928.6875,5.25394,0.00086121866,163830,1436.082283387718,869.340210172893,7202.786,4.6572714,1251.0408,1.4423954,7928.6875,5.25394,0,,,,,1436.082283387718,0.0004637143,869.340210172893,0.00047938267,0.012940382,-0.1172914
2365.1780860956496,7923.255,5.252061,0.0008611411,163831,1436.0826903852037,869.33878025617,7197.124,4.655605,1252.1766,1.4428273,7923.255,5.252061,0,,,,,1436.0826903852037,0.0004638997,869.33878025617,0.00047973447,0.013009314,-0.1179152
2365.1850304592263,7930.758,5.255804,0.00086106337,163832,1436.082218100463,869.3399710015286,7204.44,4.6589236,1251.5013,1.4445595,7930.758,5.255804,0,,,,,1436.082218100463,0.0004635687,869.3399710015286,0.0004797133,0.013037006,-0.1173694
2365.1919748228597,7922.412,5.2523794,0.0008609857,163833,1436.0829963516771,869.3402157564472,7197.2295,4.6558876,1251.2463,1.4438055,7922.412,5.2523794,0,,,,,1436.0829963516771,0.0004640721,869.3402157564472,0.00047946043,0.012644731,-0.11713006
2365.1989191863768,7926.3174,5.254166,0.00086090795,163834,1436.082982692148,869.3389619539041,7200.868,4.6574717,1250.9253,1.4449812,7926.3174,5.254166,0,,,,,1436.082982692148,0.0004641419,869.3389619539041,0.00047946407,0.012971348,-0.11711488
2365.2058635499534,7929.1255,5.2551746,0.00086083025,163835,1436.0823988163036,869.3385131158872,7202.878,4.6583652,1248.3773,1.4432206,7929.1255,5.2551746,0,,,,,1436.0823988163036,0.0004642656,869.3385131158872,0.0004799401,0.013030058,-0.11802295
2365.2128079134704,7929.2227,5.2541413,0.0008607525,163836,1436.0816772861644,869.3395050347684,7203.6494,4.6574492,1252.0642,1.4434532,7929.2227,5.2541413,0,,,,,1436.0816772861644,0.00046393243,869.3395050347684,0.00047951497,0.012550246,-0.11745324
2365.2197522769293,7920.8145,5.25078,0.00086067466,163837,1436.0824834710804,869.3389799288758,7196.0146,4.6544695,1249.0059,1.4414816,7920.8145,5.25078,0,,,,,1436.0824834710804,0.00046409608,869.3389799288758,0.00047988928,0.012668293,-0.11779806
2365.226696640388,7929.184,5.2561107,0.00086059683,163838,1436.082296694699,869.3392059074366,7203.107,4.6591954,1254.5502,1.4446213,7929.184,5.2561107,0,,,,,1436.082296694699,0.00046424923,869.3392059074366,0.00047954026,0.0124103045,-0.11703131
2365.233641003847,7928.6978,5.2559333,0.000860519,163839,1436.0830414718837,869.3390960927736,7202.757,4.6590376,1253.7479,1.4442266,7928.6978,5.2559333,0,,,,,1436.0830414718837,0.00046391378,869.3390960927736,0.00047959902,0.012683367,-0.117473684
2365.240585367248,7921.6606,5.2512436,0.0008604411,163840,1436.081246609282,869.3403187125958,7196.1367,4.6548805,1250.642,1.4426134,7921.6606,5.2512436,0,,,,,1436.081246609282,0.00046408953,869.3403187125958,0.00047982836,0.0126737775,-0.116716
2365.247529730649,7923.245,5.2523694,0.00086036325,163841,1436.0835253498572,869.339271451292,7197.8413,4.655879,1251.2395,1.443166,7923.245,5.2523694,0,,,,,1436.0835253498572,0.0004640468,869.339271451292,0.00047949216,0.013575917,-0.11752066
2365.2544740940502,7927.3823,5.2525687,0.00086028536,163842,1436.081498109511,869.3391288446252,7202.0303,4.6560555,1248.6917,1.4426681,7927.3823,5.2525687,0,,,,,1436.081498109511,0.0004634362,869.3391288446252,0.00047945153,0.012125771,-0.11823918
2365.261418457393,7931.5654,5.254872,0.0008602074,163843,1436.0822033734119,869.3403966930301,7205.058,4.658097,1252.2281,1.4432094,7931.5654,5.254872,0,,,,,1436.0822033734119,0.0004636636,869.3403966930301,0.0004795124,0.013969893,-0.11721526
2365.268362820678,7924.832,5.251983,0.0008601294,163844,1436.0822836522614,869.3387643972792,7199.0063,4.655536,1247.7937,1.4417042,7924.832,5.251983,0,,,,,1436.0822836522614,0.00046384262,869.3387643972792,0.00047953764,0.012969884,-0.11748678
2365.2753071839625,7930.315,5.2539525,0.0008600514,163845,1436.083375681339,869.3382385289686,7203.6616,4.657282,1245.2081,1.4422916,7930.315,5.2539525,0,,,,,1436.083375681339,0.0004637784,869.3382385289686,0.00047963008,0.013301396,-0.11835053
2365.282251547248,7926.856,5.251682,0.0008599734,163846,1436.0820019063826,869.3398332010506,7201.181,4.655269,1247.8656,1.4407145,7926.856,5.251682,0,,,,,1436.0820019063826,0.00046363063,869.3398332010506,0.0004792712,0.013253029,-0.11713576
2365.289195910474,7928.49,5.2516403,0.0008598954,163847,1436.082178299835,869.3413111471531,7202.7007,4.6552324,1245.9497,1.4413738,7928.49,5.2516403,0,,,,,1436.082178299835,0.00046317076,869.3413111471531,0.00047945324,0.012803082,-0.1161141
2365.2961402737,7930.6436,5.2532096,0.0008598173,163848,1436.0819453254644,869.3374198000092,7203.349,4.6566234,1244.1605,1.4408873,7930.6436,5.2532096,0,,,,,1436.0819453254644,0.00046383112,869.3374198000092,0.00047938386,0.012988539,-0.11915161
2365.3030846369265,7927.447,5.2515154,0.00085973926,163849,1436.083401189177,869.3393589316256,7201.3936,4.655122,1244.7238,1.4404783,7927.447,5.2515154,0,,,,,1436.083401189177,0.0004636665,869.3393589316256,0.00047918607,0.013445903,-0.11721515
2365.310029000094,7921.815,5.2476845,0.00085966114,163850,1436.0827417358687,869.3401986998288,7196.128,4.651726,1240.2351,1.4381622,7921.815,5.2476845,0,,,,,1436.0827417358687,0.00046375187,869.3401986998288,0.0004790333,0.012820708,-0.1167407
2365.316973363204,7922.797,5.247021,0.000859583,163851,1436.0828418878193,869.339916210332,7196.3945,4.651138,1240.0273,1.4378065,7922.797,5.247021,0,,,,,1436.0828418878193,0.00046346275,869.339916210332,0.00047900958,0.014769638,-0.11713475
2365.323917726314,7929.3564,5.246646,0.0008595048,163852,1436.0831613316218,869.3399569607411,7202.827,4.650805,1236.4813,1.43622,7929.3564,5.246646,0,,,,,1436.0831613316218,0.00046307972,869.3399569607411,0.00047844538,0.013338322,-0.11739183
2365.330862089424,7924.7056,5.2479086,0.0008594266,163853,1436.0833246957702,869.339551359559,7198.214,4.6519246,1239.8687,1.4390197,7924.7056,5.2479086,0,,,,,1436.0833246957702,0.0004638438,869.339551359559,0.00047888112,0.012523496,-0.11642929
2365.337806452476,7921.5815,5.2463374,0.0008593484,163854,1436.0822855762447,869.3397912586236,7195.8013,4.650532,1238.5841,1.4373609,7921.5815,5.2463374,0,,,,,1436.0822855762447,0.000463364,869.3397912586236,0.00047909943,0.012829185,-0.117759995
2365.3447508155277,7926.0596,5.247077,0.00085927016,163855,1436.08175596893,869.3394948429255,7198.2227,4.651187,1236.0541,1.4372222,7926.0596,5.247077,0,,,,,1436.08175596893,0.0004637866,869.3394948429255,0.00047910627,0.013092304,-0.11709084
2365.3516951785214,7922.572,5.244421,0.0008591919,163856,1436.082524674825,869.3395221987167,7196.4375,4.6488333,1235.0541,1.4357414,7922.572,5.244421,0,,,,,1436.082524674825,0.0004631155,869.3395221987167,0.00047858778,0.013122255,-0.11717603
2365.358639541515,7930.738,5.2443023,0.0008591136,163857,1436.0826304035782,869.3408926289209,7203.4497,4.648728,1229.1897,1.4336299,7930.738,5.2443023,0,,,,,1436.0826304035782,0.0004631173,869.3408926289209,0.00047830443,0.013285971,-0.116182536
2365.3655839045086,7921.916,5.2440767,0.0008590353,163858,1436.0831387419269,869.3395620061461,7195.836,4.648528,1231.6731,1.4344205,7921.916,5.2440767,0,,,,,1436.0831387419269,0.0004633843,869.3395620061461,0.00047890327,0.013592008,-0.1178273
2365.372528267444,7917.037,5.241826,0.00085895695,163859,1436.0831176822933,869.340839373444,7191.609,4.6465325,1230.0074,1.4340988,7917.037,5.241826,0,,,,,1436.0831176822933,0.0004635083,869.340839373444,0.00047868176,0.013357214,-0.116825044
2365.3794726303804,7918.167,5.2418404,0.0008588786,163860,1436.0831123302496,869.3385841694427,7193.134,4.6465454,1229.9707,1.4338924,7918.167,5.2418404,0,,,,,1436.0831123302496,0.0004626951,869.3385841694427,0.00047840617,0.01261909,-0.11780698
2365.3864169932567,7917.3384,5.24075,0.0008588002,163861,1436.083091801083,869.3405598807929,7191.6157,4.6455784,1227.769,1.4339185,7917.3384,5.24075,0,,,,,1436.083091801083,0.00046327835,869.3405598807929,0.00047866936,0.013010139,-0.11669707
2365.393361356133,7929.6914,5.242593,0.0008587218,163862,1436.0822713734703,869.3406516963656,7203.5493,4.647212,1225.8563,1.4315047,7929.6914,5.242593,0,,,,,1436.0822713734703,0.00046268222,869.3406516963656,0.0004781007,0.012886615,-0.11639095
2365.4003057190102,7917.6294,5.241764,0.0008586434,163863,1436.082469242661,869.3392729111872,7192.576,4.6464777,1231.2195,1.4342339,7917.6294,5.241764,0,,,,,1436.082469242661,0.00046314838,869.3392729111872,0.00047867763,0.013032323,-0.117189266
2365.4072500818293,7919.8525,5.2418427,0.0008585649,163864,1436.0821482928807,869.3399553544367,7194.459,4.6465473,1228.9476,1.4330592,7919.8525,5.2418427,0,,,,,1436.0821482928807,0.00046299642,869.3399553544367,0.0004786505,0.014063726,-0.11699067
2365.41419444459,7934.051,5.2441764,0.0008584864,163865,1436.0830008257622,869.3408985375062,7206.429,4.6486163,1228.2408,1.432384,7934.051,5.2441764,0,,,,,1436.0830008257622,0.00046284802,869.3408985375062,0.00047808612,0.013570544,-0.11629809
2365.4211388073513,7920.305,5.244362,0.0008584079,163866,1436.0833111798986,869.3385585733351,7194.7646,4.648781,1229.6184,1.4345038,7920.305,5.244362,0,,,,,1436.0833111798986,0.00046369986,869.3385585733351,0.0004791084,0.013990247,-0.11794747
2365.428083170112,7915.5757,5.246493,0.00085832935,163867,1436.082909921776,869.3410373880296,7190.3247,4.650669,1232.5411,1.4380232,7915.5757,5.246493,0,,,,,1436.082909921776,0.00046384608,869.3410373880296,0.00047953238,0.01271001,-0.1160268
2365.4350275328143,7930.1934,5.2473736,0.0008582508,163868,1436.0838579250553,869.3405996953976,7203.232,4.65145,1231.978,1.4359238,7930.1934,5.2473736,0,,,,,1436.0838579250553,0.0004629294,869.3405996953976,0.00047871988,0.014041302,-0.11637904
2365.441971895517,7927.788,5.2451844,0.0008581722,163869,1436.0824204482526,869.3400160786481,7201.6343,4.64951,1232.7429,1.4342377,7927.788,5.2451844,0,,,,,1436.0824204482526,0.0004628153,869.3400160786481,0.00047878415,0.013069046,-0.116605416
2365.4489162582195,7918.16,5.2463055,0.0008580936,163870,1436.0823705547,869.3392719252673,7193.1123,4.650503,1236.777,1.437107,7918.16,5.2463055,0,,,,,1436.0823705547,0.00046364308,869.3392719252673,0.00047936916,0.013329755,-0.11777927
2365.455860620864,7919.462,5.2455573,0.000858015,163871,1436.0816474903222,869.3405105569503,7193.4634,4.64984,1236.9724,1.4377432,7919.462,5.2455573,0,,,,,1436.0816474903222,0.00046376509,869.3405105569503,0.00047933919,0.011870888,-0.11541314
2365.4628049835073,7918.846,5.2457056,0.00085793633,163872,1436.083101780002,869.3402862003134,7193.151,4.6499715,1238.8707,1.4379367,7918.846,5.2457056,0,,,,,1436.083101780002,0.00046371948,869.3402862003134,0.00047922225,0.013749616,-0.11630463
2365.469749346093,7920.657,5.2460475,0.00085785764,163873,1436.082029076755,869.3394725395224,7194.941,4.6502748,1239.99,1.4375771,7920.657,5.2460475,0,,,,,1436.082029076755,0.00046367687,869.3394725395224,0.00047923243,0.011607424,-0.11707191
2365.4766937086797,7930.2593,5.2505136,0.00085777894,163874,1436.082601528047,869.3400269758718,7203.468,4.6542335,1242.2412,1.4397213,7930.2593,5.2505136,0,,,,,1436.082601528047,0.00046356372,869.3400269758718,0.00047896343,0.012342267,-0.11642483
2365.4836380712077,7926.9097,5.250565,0.0008577002,163875,1436.0825795657574,869.340757827548,7200.5986,4.6542797,1245.3195,1.4396478,7926.9097,5.250565,0,,,,,1436.0825795657574,0.00046351898,869.340757827548,0.00047941,0.013090314,-0.11643295
2365.4905824337357,7919.777,5.2505555,0.00085762143,163876,1436.081879126707,869.3409444469921,7194.4365,4.6542706,1248.1343,1.441315,7919.777,5.2505555,0,,,,,1436.081879126707,0.00046373776,869.3409444469921,0.00047975706,0.013075692,-0.11648998
2365.4975267962636,7916.287,5.2503414,0.0008575427,163877,1436.0824785406098,869.340576921645,7191.139,4.654081,1251.5403,1.4430445,7916.287,5.2503414,0,,,,,1436.0824785406098,0.00046404687,869.340576921645,0.00047953674,0.01305682,-0.11630897
2365.5044711587334,7926.1,5.25382,0.00085746386,163878,1436.0826884536461,869.3402894106705,7199.4565,4.657164,1251.6647,1.4432589,7926.1,5.25382,0,,,,,1436.0826884536461,0.00046407833,869.3402894106705,0.0004793438,0.013031446,-0.11670521
2365.511415521145,7931.778,5.25711,0.000857385,163879,1436.0822876814261,869.340235088864,7204.9556,4.660081,1256.7645,1.4459425,7931.778,5.25711,0,,,,,1436.0822876814261,0.00046366014,869.340235088864,0.00047935027,0.012547088,-0.11675549
2365.518359883615,7919.1387,5.2541766,0.0008573062,163880,1436.083215278348,869.3405519409575,7193.813,4.6574802,1258.9346,1.44584,7919.1387,5.2541766,0,,,,,1436.083215278348,0.00046453378,869.3405519409575,0.00047993934,0.01327856,-0.11575074
2365.5253042460267,7923.4316,5.2567825,0.0008572273,163881,1436.0813346355992,869.3393747663231,7197.7754,4.65979,1263.3545,1.4472076,7923.4316,5.2567825,0,,,,,1436.0813346355992,0.00046432836,869.3393747663231,0.0004801857,0.0129346065,-0.11697035
2365.5322486083796,7929.42,5.2585635,0.0008571484,163882,1436.0812709236675,869.3409612096164,7202.716,4.6613693,1261.5216,1.4475479,7929.42,5.2585635,0,,,,,1436.0812709236675,0.00046426262,869.3409612096164,0.0004800075,0.012250178,-0.11646007
2365.539192970732,7925.462,5.2587204,0.00085706945,163883,1436.0821791472622,869.3402680721148,7199.053,4.661508,1267.5096,1.449067,7925.462,5.2587204,0,,,,,1436.0821791472622,0.0004646729,869.3402680721148,0.00048009926,0.0131832715,-0.116522186
2365.5461373330845,7925.7197,5.260182,0.0008569905,163884,1436.082456380602,869.3407368115475,7199.259,4.6628036,1267.752,1.4504857,7925.7197,5.260182,0,,,,,1436.082456380602,0.00046495738,869.3407368115475,0.00048037845,0.012260935,-0.11603848
2365.5530816953806,7919.8994,5.2596884,0.00085691153,163885,1436.0831972725327,869.3406561697465,7193.821,4.6623664,1271.0507,1.4517924,7919.8994,5.2596884,0,,,,,1436.0831972725327,0.0004651611,869.3406561697465,0.00048079746,0.013353776,-0.11633702
2365.5600260576753,7922.98,5.2620544,0.00085683254,163886,1436.083404126654,869.3416870925387,7196.18,4.664464,1274.8969,1.4538991,7922.98,5.2620544,0,,,,,1436.083404126654,0.0004651848,869.3416870925387,0.00048065983,0.013237222,-0.114954725
2365.566970419912,7920.643,5.2639728,0.0008567535,163887,1436.0826120443112,869.3416384618333,7193.9004,4.6661644,1279.4628,1.4548184,7920.643,5.2639728,0,,,,,1436.0826120443112,0.00046531885,869.3416384618333,0.00048126985,0.013953904,-0.11524516
2365.5739147821496,7925.6465,5.2657285,0.00085667445,163888,1436.0814693366672,869.3397479221235,7199.0747,4.667721,1278.711,1.4557642,7925.6465,5.2657285,0,,,,,1436.0814693366672,0.0004653036,869.3397479221235,0.00048106108,0.011567611,-0.1168123
2365.5808591443865,7917.546,5.2639236,0.0008565954,163889,1436.0817359537402,869.3393695147684,7191.6294,4.6661205,1282.6357,1.4571233,7917.546,5.2639236,0,,,,,1436.0817359537402,0.00046545372,869.3393695147684,0.00048136144,0.012884103,-0.11660798
2365.5878035065653,7923.1807,5.2667036,0.0008565163,163890,1436.0827510501385,869.3409412979754,7196.8345,4.668585,1285.7751,1.4580503,7923.1807,5.2667036,0,,,,,1436.0827510501385,0.00046576414,869.3409412979754,0.0004811962,0.012871715,-0.11513521
2365.5947478686858,7920.2764,5.2681856,0.00085643714,163891,1436.0820917645083,869.3396904265509,7193.0005,4.669899,1287.5688,1.4592226,7920.2764,5.2681856,0,,,,,1436.0820917645083,0.0004663746,869.3396904265509,0.00048190323,0.01225342,-0.11588281
2365.6016922308645,7916.576,5.26676,0.00085635803,163892,1436.0828302694197,869.3408083417005,7190.0435,4.668635,1291.0768,1.4596468,7916.576,5.26676,0,,,,,1436.0828302694197,0.00046607404,869.3408083417005,0.0004818333,0.013786305,-0.115836665
2365.608636592985,7916.033,5.268659,0.0008562789,163893,1436.0825508091689,869.3398059802877,7190.647,4.670318,1293.45,1.4612352,7916.033,5.268659,0,,,,,1436.0825508091689,0.0004662311,869.3398059802877,0.00048196723,0.012845051,-0.11745995
2365.6155809550473,7924.9917,5.269336,0.00085619965,163894,1436.0835728147997,869.3417383578951,7197.926,4.6709185,1292.024,1.4596432,7924.9917,5.269336,0,,,,,1436.0835728147997,0.00046578434,869.3417383578951,0.00048160594,0.01370495,-0.11540717
2365.6225253171087,7927.932,5.270891,0.00085612043,163895,1436.082941434898,869.3407318555019,7200.258,4.672297,1293.5988,1.4607439,7927.932,5.270891,0,,,,,1436.082941434898,0.00046588338,869.3407318555019,0.00048182462,0.012400248,-0.11525107
2365.629469679171,7914.891,5.2691703,0.0008560412,163896,1436.0826220462543,869.3398826874057,7189.3726,4.670771,1297.9486,1.4621282,7914.891,5.2691703,0,,,,,1436.0826220462543,0.00046635373,869.3398826874057,0.0004822158,0.013470355,-0.11586103
2365.6364140411747,7924.0947,5.271754,0.00085596193,163897,1436.0827405491923,869.3404425338177,7197.1353,4.673062,1297.445,1.4635334,7924.0947,5.271754,0,,,,,1436.0827405491923,0.00046624962,869.3404425338177,0.00048176252,0.012742661,-0.116244406
2365.6433584031784,7927.6743,5.2734284,0.00085588265,163898,1436.0821608912654,869.3410252823198,7201.1265,4.674546,1299.9543,1.4635483,7927.6743,5.2734284,0,,,,,1436.0821608912654,0.0004660761,869.3410252823198,0.00048164834,0.013202092,-0.11501947
2365.650302765125,7914.882,5.27258,0.0008558033,163899,1436.0827290437664,869.3422494609928,7189.874,4.673794,1299.9266,1.465156,7914.882,5.27258,0,,,,,1436.0827290437664,0.00046680798,869.3422494609928,0.00048247864,0.01308062,-0.11503418
2365.6572471270706,7922.209,5.2730527,0.000855724,163900,1436.0813053139343,869.3408753103869,7196.5786,4.674213,1298.9943,1.4649017,7922.209,5.2730527,0,,,,,1436.0813053139343,0.00046637098,869.3408753103869,0.00048212917,0.012200368,-0.11533546
2365.6641914890165,7927.1924,5.2739825,0.00085564464,163901,1436.0835811881004,869.3413223546462,7199.6074,4.675037,1301.9023,1.4644811,7927.1924,5.2739825,0,,,,,1436.0835811881004,0.00046627634,869.3413223546462,0.0004819169,0.014422449,-0.11586499
2365.6711358509046,7920.2124,5.272093,0.00085556525,163902,1436.0811488511624,869.3402203536523,7193.897,4.6733623,1299.1064,1.4633168,7920.2124,5.272093,0,,,,,1436.0811488511624,0.00046653964,869.3402203536523,0.00048213956,0.011985702,-0.11555266
2365.6780802127923,7918.757,5.273013,0.00085548585,163903,1436.0840411127701,869.3410613396874,7192.7393,4.674178,1299.9889,1.4645808,7918.757,5.273013,0,,,,,1436.0840411127701,0.00046652037,869.3410613396874,0.00048253144,0.015109339,-0.11501323
2365.685024574622,7921.893,5.2731867,0.0008554064,163904,1436.082030000431,869.3412294226887,7195.924,4.6743317,1300.8173,1.4638864,7921.893,5.2731867,0,,,,,1436.082030000431,0.00046646403,869.3412294226887,0.00048221936,0.012486468,-0.11615811
2365.691968936451,7924.1787,5.272842,0.00085532694,163905,1436.0826744896003,869.3408957514778,7197.2876,4.674026,1299.2731,1.4653037,7924.1787,5.272842,0,,,,,1436.0826744896003,0.00046623722,869.3408957514778,0.0004816196,0.013239208,-0.115723155
2365.698913298221,7929.2754,5.2724776,0.00085524743,163906,1436.0818440134894,869.3417373101006,7202.0728,4.673703,1297.7239,1.4620843,7929.2754,5.2724776,0,,,,,1436.0818440134894,0.00046587913,869.3417373101006,0.0004816846,0.012451657,-0.11471064
2365.705857659992,7925.2026,5.27229,0.0008551679,163907,1436.0813306792124,869.3415564546729,7198.3267,4.673537,1296.5212,1.4613255,7925.2026,5.27229,0,,,,,1436.0813306792124,0.00046591705,869.3415564546729,0.00048204456,0.011611418,-0.115021944
2365.7128020217633,7926.6294,5.2733417,0.0008550884,163908,1436.0823775456356,869.3408113405063,7199.357,4.674469,1297.1577,1.4633185,7926.6294,5.2733417,0,,,,,1436.0823775456356,0.00046638265,869.3408113405063,0.0004819964,0.012302485,-0.115943
2365.7197463834764,7923.2827,5.270541,0.00085500884,163909,1436.0823692663841,869.3411942586163,7196.297,4.671987,1293.1533,1.4613489,7923.2827,5.270541,0,,,,,1436.0823692663841,0.00046604086,869.3411942586163,0.00048196662,0.01285117,-0.11562942
2365.7266907451904,7931.65,5.2716804,0.00085492927,163910,1436.0825231602914,869.3411375524315,7203.294,4.6729965,1294.5635,1.4612957,7931.65,5.2716804,0,,,,,1436.0825231602914,0.0004659735,869.3411375524315,0.00048158265,0.012635295,-0.11555179
2365.733635106903,7931.3257,5.2720075,0.0008548497,163911,1436.0833438721925,869.3412706467728,7203.874,4.673287,1293.2267,1.4608915,7931.3257,5.2720075,0,,,,,1436.0833438721925,0.00046587203,869.3412706467728,0.00048170544,0.014457091,-0.1155072
2365.7405794685574,7920.5415,5.2693906,0.00085477007,163912,1436.081648141496,869.3406348995119,7194.3813,4.6709666,1292.3947,1.461394,7920.5415,5.2693906,0,,,,,1436.081648141496,0.00046596228,869.3406348995119,0.000482001,0.0121439295,-0.117029466
2365.747523830155,7918.248,5.268018,0.0008546904,163913,1436.0824978414623,869.3419568201958,7191.9155,4.6697497,1293.2709,1.4606582,7918.248,5.268018,0,,,,,1436.0824978414623,0.00046579493,869.3419568201958,0.00048160713,0.013500724,-0.11436713
2365.7544681918093,7915.5054,5.2659464,0.00085461076,163914,1436.0819275713181,869.3399524489556,7189.121,4.667914,1290.0286,1.4589863,7915.5054,5.2659464,0,,,,,1436.0819275713181,0.00046613533,869.3399524489556,0.0004818545,0.012017735,-0.11573954
2365.761412553348,7916.3877,5.269585,0.000854531,163915,1436.0832997575733,869.3398991580116,7189.6455,4.6711392,1293.2129,1.4616749,7916.3877,5.269585,0,,,,,1436.0832997575733,0.0004666295,869.3398991580116,0.0004822511,0.01334668,-0.11679162
2365.7683569149444,7925.4873,5.2695475,0.0008544513,163916,1436.0822726747174,869.3421451844666,7197.995,4.671106,1289.8574,1.4599831,7925.4873,5.2695475,0,,,,,1436.0822726747174,0.0004657644,869.3421451844666,0.00048183074,0.013476035,-0.114226714
2365.775301276482,7926.6963,5.271629,0.0008543716,163917,1436.0826972584923,869.3421594290538,7199.5615,4.672951,1290.506,1.4603595,7926.6963,5.271629,0,,,,,1436.0826972584923,0.0004661558,869.3421594290538,0.0004816835,0.0121793,-0.11543209
2365.7822456379618,7921.8623,5.266448,0.0008542918,163918,1436.082040464939,869.3406638630939,7194.9844,4.668359,1287.6244,1.4579172,7921.8623,5.266448,0,,,,,1436.082040464939,0.00046596132,869.3406638630939,0.00048154223,0.012875219,-0.1157021
2365.789189999501,7925.9116,5.268148,0.00085421203,163919,1436.0836148123808,869.3415468564026,7198.8325,4.669865,1288.6912,1.4588238,7925.9116,5.268148,0,,,,,1436.0836148123808,0.00046540517,869.3415468564026,0.0004810632,0.014025979,-0.114640534
2365.7961343609227,7918.557,5.2669973,0.0008541322,163920,1436.0825860231084,869.3419788370171,7193.028,4.668845,1289.6195,1.4593519,7918.557,5.2669973,0,,,,,1436.0825860231084,0.00046572593,869.3419788370171,0.00048157983,0.013692425,-0.115781665
2365.8030787224025,7915.701,5.267037,0.00085405237,163921,1436.0825670588317,869.3417775335365,7189.393,4.6688805,1287.5415,1.4605637,7915.701,5.267037,0,,,,,1436.0825670588317,0.0004657147,869.3417775335365,0.0004818111,0.012792017,-0.11444032
2365.8100230838245,7923.703,5.268878,0.0008539725,163922,1436.08299696093,869.3409915061143,7196.792,4.670512,1288.4059,1.4600236,7923.703,5.268878,0,,,,,1436.08299696093,0.0004659062,869.3409915061143,0.0004815125,0.0128663005,-0.114882074
2365.8169674451883,7916.898,5.2674694,0.0008538926,163923,1436.0831580641084,869.3414642183559,7190.0024,4.669264,1288.5095,1.4592018,7916.898,5.2674694,0,,,,,1436.0831580641084,0.00046628818,869.3414642183559,0.00048195128,0.013866371,-0.11510538
2365.823911806553,7918.9785,5.2682467,0.0008538127,163924,1436.0828622306612,869.3418246010609,7191.1274,4.6699524,1291.0669,1.4609063,7918.9785,5.2682467,0,,,,,1436.0828622306612,0.00046621502,869.3418246010609,0.0004819807,0.014149475,-0.11453374
2365.8308561679164,7924.54,5.267881,0.00085373275,163925,1436.0814610197167,869.3414972648412,7196.3535,4.6696286,1289.5675,1.4593345,7924.54,5.267881,0,,,,,1436.0814610197167,0.00046605332,869.3414972648412,0.00048170376,0.011940372,-0.114791945
2365.8378005292216,7918.2705,5.268195,0.0008536528,163926,1436.0833336533822,869.3420265135144,7191.6035,4.669907,1292.0569,1.460859,7918.2705,5.268195,0,,,,,1436.0833336533822,0.00046633428,869.3420265135144,0.00048196645,0.013621942,-0.114874445
2365.844744890527,7926.2915,5.270067,0.0008535728,163927,1436.082367645682,869.3416665141531,7198.3545,4.6715665,1292.4226,1.4604765,7926.2915,5.270067,0,,,,,1436.082367645682,0.00046573114,869.3416665141531,0.00048189345,0.014377132,-0.11556307
2365.851689251832,7917.4272,5.26833,0.0008534928,163928,1436.081134587526,869.3418963812113,7190.872,4.670027,1294.4539,1.4609332,7917.4272,5.26833,0,,,,,1436.081134587526,0.00046629366,869.3418963812113,0.00048194718,0.012186556,-0.11493422
2365.8586336130793,7925.5635,5.2716956,0.0008534128,163929,1436.0819341612846,869.3415305915054,7198.513,4.6730103,1295.2982,1.4621439,7925.5635,5.2716956,0,,,,,1436.0819341612846,0.0004662906,869.3415305915054,0.0004819583,0.013055956,-0.115383156
2365.8655779742694,7925.567,5.2706313,0.0008533327,163930,1436.0824659452621,869.3420498067159,7197.793,4.6720667,1295.5901,1.4607347,7925.567,5.2706313,0,,,,,1436.0824659452621,0.00046610204,869.3420498067159,0.00048181278,0.0128772855,-0.11443158
2365.8725223355164,7919.9995,5.2712393,0.00085325266,163931,1436.0823658380168,869.3408645390086,7193.788,4.6726055,1296.9989,1.4634458,7919.9995,5.2712393,0,,,,,1436.0823658380168,0.00046638257,869.3408645390086,0.00048200323,0.012633661,-0.11577369
2365.879466696705,7924.9404,5.27359,0.00085317256,163932,1436.0822356986394,869.3435984244528,7197.304,4.6746893,1295.941,1.4624815,7924.9404,5.27359,0,,,,,1436.0822356986394,0.00046641228,869.3435984244528,0.0004824639,0.013717441,-0.11349391
2365.886411057836,7919.991,5.271044,0.0008530924,163933,1436.0809223545157,869.3414383976273,7192.8774,4.6724324,1297.835,1.463094,7919.991,5.271044,0,,,,,1436.0809223545157,0.00046647852,869.3414383976273,0.00048180224,0.011371692,-0.11486014
2365.893355418967,7925.988,5.2719502,0.00085301226,163934,1436.0828996268358,869.341436779831,7198.9463,4.673236,1297.7618,1.462068,7925.988,5.2719502,0,,,,,1436.0828996268358,0.0004660466,869.341436779831,0.0004820877,0.013813041,-0.115432955
2365.900299780098,7918.2046,5.270266,0.0008529321,163935,1436.081106252828,869.3425837400713,7190.882,4.671743,1298.3542,1.462943,7918.2046,5.270266,0,,,,,1436.081106252828,0.00046652448,869.3425837400713,0.00048214,0.012358112,-0.11397333
2365.907244141171,7925.3984,5.272988,0.0008528519,163936,1436.0830668188087,869.3414222765219,7197.3823,4.6741557,1295.5166,1.4645531,7925.3984,5.272988,0,,,,,1436.0830668188087,0.0004661401,869.3414222765219,0.0004819792,0.01315329,-0.11516215
2365.9141885022436,7925.9316,5.273445,0.0008527717,163937,1436.081269098416,869.3420815726133,7198.0967,4.674561,1299.1222,1.4642514,7925.9316,5.273445,0,,,,,1436.081269098416,0.00046618338,869.3420815726133,0.0004823042,0.011660767,-0.115155816
2365.921132863258,7932.375,5.274057,0.0008526914,163938,1436.0832506607758,869.3413547041785,7203.6836,4.675103,1300.4949,1.463376,7932.375,5.274057,0,,,,,1436.0832506607758,0.00046604988,869.3413547041785,0.0004815076,0.014010865,-0.115359485
2365.928077224272,7917.1216,5.2704096,0.00085261115,163939,1436.0824455595582,869.3421286563643,7190.4463,4.6718698,1299.7863,1.4636118,7917.1216,5.2704096,0,,,,,1436.0824455595582,0.0004664176,869.3421286563643,0.0004818684,0.012959825,-0.11424108
2365.9350215852864,7924.5996,5.272024,0.0008525309,163940,1436.0820659192425,869.3424963181537,7196.9478,4.673301,1298.7777,1.4631145,7924.5996,5.272024,0,,,,,1436.0820659192425,0.0004661915,869.3424963181537,0.00048180498,0.013273055,-0.11369722
2365.941965946243,7913.3438,5.270288,0.00085245055,163941,1436.0805838062445,869.3409627441505,7185.958,4.6717625,1299.5366,1.4637707,7913.3438,5.270288,0,,,,,1436.0805838062445,0.000467054,869.3409627441505,0.00048262428,0.010451422,-0.115547925
2365.948910307199,7922.7026,5.2720776,0.0008523702,163942,1436.0840924039285,869.3410461831361,7194.252,4.6733484,1297.6339,1.4659712,7922.7026,5.2720776,0,,,,,1436.0840924039285,0.00046663868,869.3410461831361,0.00048213135,0.014178576,-0.11434804
2365.9558546681556,7927.291,5.2714353,0.0008522899,163943,1436.0837443647827,869.342860605636,7198.431,4.672779,1295.8734,1.4627438,7927.291,5.2714353,0,,,,,1436.0837443647827,0.0004664421,869.342860605636,0.0004816711,0.013516137,-0.11400034
2365.9627990290537,7916.9956,5.26976,0.0008522095,163944,1436.0822839951563,869.3422602031701,7190.504,4.671294,1297.931,1.4629701,7916.9956,5.26976,0,,,,,1436.0822839951563,0.0004661629,869.3422602031701,0.00048189028,0.0135210175,-0.1138803
2365.9697433898937,7923.9917,5.2724614,0.0008521291,163945,1436.082259476831,869.341740858533,7196.4185,4.673689,1297.5594,1.4640247,7923.9917,5.2724614,0,,,,,1436.082259476831,0.00046613833,869.341740858533,0.0004818208,0.01306262,-0.11486638
2365.9766877507336,7921.004,5.269552,0.00085204863,163946,1436.084191972957,869.3421821664758,7194.064,4.6711106,1295.1711,1.4623473,7921.004,5.269552,0,,,,,1436.084191972957,0.00046631947,869.3421821664758,0.00048172346,0.014298274,-0.11388445
2365.9836321115736,7919.2383,5.269441,0.0008519682,163947,1436.0829137563567,869.3425397147706,7191.7803,4.6710114,1295.3802,1.4619479,7919.2383,5.269441,0,,,,,1436.0829137563567,0.00046655198,869.3425397147706,0.00048190917,0.011906675,-0.1144354
2365.9905764724135,7925.02,5.27128,0.00085188774,163948,1436.0824512580184,869.3419163779001,7197.064,4.6726413,1295.8835,1.4636998,7925.02,5.27128,0,,,,,1436.0824512580184,0.00046598376,869.3419163779001,0.0004816119,0.012764239,-0.11422469
2365.997520833195,7907.9595,5.2664742,0.00085180724,163949,1436.0814680482017,869.3426696145102,7181.788,4.6683817,1295.7778,1.4614394,7907.9595,5.2664742,0,,,,,1436.0814680482017,0.00046671872,869.3426696145102,0.00048215687,0.012316184,-0.11380273
2366.004465193918,7925.0283,5.269764,0.0008517267,163950,1436.0824313967505,869.3410868299148,7196.921,4.671298,1293.4406,1.4610275,7925.0283,5.269764,0,,,,,1436.0824313967505,0.00046629927,869.3410868299148,0.00048180248,0.013171008,-0.11523456
2366.0114095546996,7931.9585,5.2726393,0.0008516462,163951,1436.083167588308,869.341692538131,7203.281,4.6738462,1291.429,1.4620552,7931.9585,5.2726393,0,,,,,1436.083167588308,0.00046600704,869.341692538131,0.00048157747,0.013173951,-0.113973476
2366.018353915365,7917.37,5.2710834,0.00085156556,163952,1436.0814792957701,869.3410374044109,7189.3247,4.672467,1292.9812,1.4631144,7917.37,5.2710834,0,,,,,1436.0814792957701,0.00046655754,869.3410374044109,0.00048266584,0.010940692,-0.115236335
2366.0252982760885,7937.709,5.272696,0.000851485,163953,1436.0838033074172,869.342238569298,7208.7227,4.6738973,1291.9451,1.4599957,7937.709,5.272696,0,,,,,1436.0838033074172,0.00046548463,869.342238569298,0.00048094074,0.013287239,-0.113570936
2366.032242636754,7917.3438,5.2680416,0.0008514044,163954,1436.0824364887656,869.3430956878088,7190.515,4.669771,1290.5825,1.4599744,7917.3438,5.2680416,0,,,,,1436.0824364887656,0.0004660562,869.3430956878088,0.00048211456,0.013087838,-0.11353106
2366.0391869973605,7917.611,5.267266,0.0008513237,163955,1436.0816831552386,869.3419465796288,7190.1577,4.669083,1291.1887,1.4603739,7917.611,5.267266,0,,,,,1436.0816831552386,0.00046619156,869.3419465796288,0.00048172698,0.011876736,-0.11505878
2366.046131357967,7923.6694,5.267325,0.00085124304,163956,1436.082059242719,869.3416834579864,7196.089,4.6691356,1287.3193,1.457801,7923.6694,5.267325,0,,,,,1436.082059242719,0.00046574557,869.3416834579864,0.00048111822,0.013009613,-0.11422607
2366.053075718575,7926.7334,5.269255,0.00085116236,163957,1436.0833992432322,869.3418725137755,7197.7466,4.6708465,1290.702,1.4597714,7926.7334,5.269255,0,,,,,1436.0833992432322,0.0004660692,869.3418725137755,0.00048142808,0.013879352,-0.11376662
2366.060020079124,7926.6035,5.2683673,0.0008510816,163958,1436.0833473604148,869.3413196320554,7198.0493,4.6700597,1289.5931,1.4585906,7926.6035,5.2683673,0,,,,,1436.0833473604148,0.0004658561,869.3413196320554,0.00048128076,0.013680519,-0.11433173
2366.066964439673,7927.223,5.2683554,0.0008510009,163959,1436.082795143771,869.3425036537517,7198.6846,4.670049,1289.6454,1.4590319,7927.223,5.2683554,0,,,,,1436.082795143771,0.00046570328,869.3425036537517,0.00048140835,0.013300691,-0.11386408
2366.073908800222,7926.575,5.268269,0.00085092016,163960,1436.0817359514044,869.3415100859464,7198.298,4.6699724,1288.9277,1.458535,7926.575,5.268269,0,,,,,1436.0817359514044,0.00046588285,869.3415100859464,0.00048113312,0.012454685,-0.11493711
2366.0808531607117,7929.7715,5.268053,0.00085083937,163961,1436.0826177429628,869.3412957435751,7200.232,4.669781,1287.4258,1.4581561,7929.7715,5.268053,0,,,,,1436.0826177429628,0.00046557063,869.3412957435751,0.00048096015,0.013290826,-0.11474415
2366.0877975212015,7921.114,5.26623,0.0008507586,163962,1436.0810084381517,869.3430583851351,7193.097,4.668165,1287.0295,1.4578439,7921.114,5.26623,0,,,,,1436.0810084381517,0.00046603783,869.3430583851351,0.0004819027,0.011781174,-0.11368831
2366.094741881635,7931.6494,5.270111,0.0008506777,163963,1436.0812743221404,869.3426344057242,7202.159,4.671605,1287.1075,1.4584695,7931.6494,5.270111,0,,,,,1436.0812743221404,0.00046555683,869.3426344057242,0.00048150698,0.011655934,-0.11419506
2366.1016862420674,7920.888,5.266087,0.0008505969,163964,1436.0823370739997,869.3424868693413,7192.538,4.668039,1285.9407,1.4593242,7920.888,5.266087,0,,,,,1436.0823370739997,0.00046578297,869.3424868693413,0.0004812729,0.013278718,-0.11394632
2366.1086306025,7917.9473,5.264897,0.000850516,163965,1436.080251108304,869.343595466507,7190.3047,4.666983,1286.4585,1.457121,7917.9473,5.264897,0,,,,,1436.080251108304,0.00046604278,869.343595466507,0.00048149726,0.011001471,-0.11319517
2366.115574962874,7922.681,5.2684846,0.0008504351,163966,1436.0834296400817,869.3413297100068,7193.6562,4.670164,1282.5487,1.4601684,7922.681,5.2684846,0,,,,,1436.0834296400817,0.0004665072,869.3413297100068,0.00048184168,0.013127856,-0.114378326
2366.1225193232476,7921.1836,5.265717,0.0008503542,163967,1436.0820529632692,869.3432698262055,7193.8438,4.6677103,1285.7936,1.4578413,7921.1836,5.265717,0,,,,,1436.0820529632692,0.00046578192,869.3432698262055,0.00048131827,0.012118164,-0.11282272
2366.1294636835646,7928.5176,5.2671227,0.00085027324,163968,1436.0820449182336,869.3422748764721,7200.126,4.6689568,1283.4167,1.4580501,7928.5176,5.2671227,0,,,,,1436.0820449182336,0.00046568512,869.3422748764721,0.00048103963,0.011771855,-0.11405343
2366.1364080438802,7930.201,5.2667685,0.0008501923,163969,1436.0837018134555,869.3428488709724,7200.203,4.6686425,1284.7947,1.4567957,7930.201,5.2667685,0,,,,,1436.0837018134555,0.00046563128,869.3428488709724,0.00048097732,0.014436016,-0.11303704
2366.143352404196,7923.8447,5.2658787,0.0008501113,163970,1436.0817288207522,869.3426864654814,7196.7134,4.667854,1283.3773,1.4567697,7923.8447,5.2658787,0,,,,,1436.0817288207522,0.00046545235,869.3426864654814,0.0004807783,0.012501392,-0.11404329
2366.1502967644547,7928.2603,5.2657876,0.0008500303,163971,1436.0820781216041,869.3429580533152,7198.962,4.667773,1282.0999,1.4567001,7928.2603,5.2657876,0,,,,,1436.0820781216041,0.00046568023,869.3429580533152,0.0004808035,0.01307629,-0.11350026
2366.1572411247116,7927.3325,5.2659945,0.00084994925,163972,1436.0818218303414,869.3421716257383,7198.104,4.6679564,1283.7786,1.456715,7927.3325,5.2659945,0,,,,,1436.0818218303414,0.00046597578,869.3421716257383,0.00048111266,0.011922133,-0.11412829
2366.1641854849686,7923.207,5.266912,0.00084986823,163973,1436.0830029290944,869.3427819489411,7195.356,4.66877,1283.1918,1.4602896,7923.207,5.266912,0,,,,,1436.0830029290944,0.00046576269,869.3427819489411,0.00048122302,0.013776851,-0.11326396
2366.1711298451683,7926.4824,5.2684298,0.00084978715,163974,1436.080430877993,869.3425988447666,7198.416,4.6701155,1285.3523,1.458245,7926.4824,5.2684298,0,,,,,1436.080430877993,0.00046566795,869.3425988447666,0.00048133754,0.011067973,-0.114031956
2366.1780742053097,7926.0938,5.2659397,0.000849706,163975,1436.0836388196205,869.3426427274613,7197.6997,4.6679077,1284.4243,1.4564332,7926.0938,5.2659397,0,,,,,1436.0836388196205,0.00046547616,869.3426427274613,0.00048099796,0.015046524,-0.113714784
2366.1850185655094,7933.1675,5.2693787,0.0008496249,163976,1436.0821777112997,869.3433994086694,7203.7505,4.670956,1281.7439,1.4567603,7933.1675,5.2693787,0,,,,,1436.0821777112997,0.00046549458,869.3433994086694,0.00048110247,0.0124870455,-0.11302984
2366.1919629255926,7917.388,5.26434,0.0008495437,163977,1436.0822309644782,869.3427594507258,7189.5713,4.6664896,1284.8203,1.4562724,7917.388,5.26434,0,,,,,1436.0822309644782,0.0004658992,869.3427594507258,0.00048125215,0.012642684,-0.11381644
2366.198907285734,7924.68,5.266503,0.0008494626,163978,1436.0817619233776,869.3428004140891,7196.8687,4.668407,1283.5969,1.4578199,7924.68,5.266503,0,,,,,1436.0817619233776,0.00046561137,869.3428004140891,0.0004812646,0.0129204225,-0.11364826
2366.2058516458183,7922.42,5.2654805,0.0008493814,163979,1436.0818404930865,869.3425460689413,7194.827,4.6675005,1285.0487,1.4574689,7922.42,5.2654805,0,,,,,1436.0818404930865,0.00046556836,869.3425460689413,0.00048131528,0.012208566,-0.11350183
2366.212796005901,7924.3765,5.266297,0.0008493002,163980,1436.0827102090968,869.3433898918562,7195.8545,4.668224,1283.9669,1.4586661,7924.3765,5.266297,0,,,,,1436.0827102090968,0.00046590672,869.3433898918562,0.00048126682,0.013641433,-0.11352077
2366.2197403659256,7928.2783,5.2680902,0.0008492189,163981,1436.0827635184507,869.3430444870071,7198.417,4.669814,1283.6655,1.4585592,7928.2783,5.2680902,0,,,,,1436.0827635184507,0.0004661321,869.3430444870071,0.00048138897,0.012522043,-0.11336978
2366.2266847259516,7926.176,5.265076,0.00084913766,163982,1436.082630867062,869.3435015838587,7196.282,4.667142,1283.3159,1.4556228,7926.176,5.265076,0,,,,,1436.082630867062,0.000465919,869.3435015838587,0.000481088,0.013761928,-0.11331254
2366.2336290859175,7924.4795,5.268075,0.00084905635,163983,1436.0819597669922,869.3420071784029,7196.602,4.6698003,1286.0928,1.4580534,7924.4795,5.268075,0,,,,,1436.0819597669922,0.00046537965,869.3420071784029,0.00048174668,0.01263787,-0.11391522
2366.2405734458835,7927.5723,5.266728,0.00084897503,163984,1436.0835240481658,869.3443014039883,7198.3354,4.6686063,1283.2637,1.4565881,7927.5723,5.266728,0,,,,,1436.0835240481658,0.00046552415,869.3443014039883,0.0004811013,0.014090887,-0.11318353
2366.2475178058503,7925.199,5.269269,0.0008488937,163985,1436.0817479145976,869.3427217386119,7195.6924,4.670859,1285.1582,1.4593451,7925.199,5.269269,0,,,,,1436.0817479145976,0.00046642584,869.3427217386119,0.0004817125,0.012239207,-0.113574244
2366.254462165759,7920.1196,5.264195,0.00084881234,163986,1436.0827999397536,869.3427804723538,7190.9917,4.6663613,1284.4106,1.4561883,7920.1196,5.264195,0,,,,,1436.0827999397536,0.0004660044,869.3427804723538,0.00048153524,0.013109147,-0.11373802
2366.2614065256676,7928.132,5.2649393,0.00084873097,163987,1436.08277425569,869.3441030097351,7198.724,4.667021,1281.4232,1.4555768,7928.132,5.2649393,0,,,,,1436.08277425569,0.00046533995,869.3441030097351,0.00048109615,0.012649682,-0.11284527
2366.268350885576,7923.3696,5.2640805,0.0008486496,163988,1436.082406288359,869.3422230505055,7194.192,4.6662593,1281.1985,1.4556775,7923.3696,5.2640805,0,,,,,1436.082406288359,0.00046554362,869.3422230505055,0.00048110803,0.012898604,-0.11395445
2366.2752952454266,7925.924,5.2651987,0.00084856816,163989,1436.081687725942,869.3431483164582,7196.7256,4.667251,1282.1904,1.4559186,7925.924,5.2651987,0,,,,,1436.081687725942,0.00046545325,869.3431483164582,0.0004811815,0.013498537,-0.112985
2366.282239605219,7936.351,5.264946,0.00084848667,163990,1436.081277644619,869.3445029373189,7206.27,4.667027,1277.6154,1.4535172,7936.351,5.264946,0,,,,,1436.081277644619,0.00046473785,869.3445029373189,0.00048038544,0.012384146,-0.1121042
2366.2891839650692,7923.853,5.262037,0.00084840524,163991,1436.0825029320383,869.3448297288586,7194.936,4.664448,1277.0359,1.4540836,7923.853,5.262037,0,,,,,1436.0825029320383,0.0004652495,869.3448297288586,0.00048110206,0.012834667,-0.11262226
2366.2961283248615,7933.4414,5.26341,0.00084832375,163992,1436.081882760034,869.3435219136004,7203.6475,4.665665,1274.6038,1.4525987,7933.4414,5.26341,0,,,,,1436.081882760034,0.00046484522,869.3435219136004,0.0004803524,0.012746074,-0.11276815
2366.3030726845955,7926.4624,5.2616277,0.0008482422,163993,1436.0815283757802,869.3433905336447,7196.8994,4.6640854,1273.709,1.4527655,7926.4624,5.2616277,0,,,,,1436.0815283757802,0.00046542447,869.3433905336447,0.00048074403,0.0118079875,-0.11256668
2366.3100170443286,7923.2734,5.2611513,0.00084816065,163994,1436.0820554615125,869.3433551296215,7193.6353,4.6636634,1273.7188,1.4538163,7923.2734,5.2611513,0,,,,,1436.0820554615125,0.00046559284,869.3433551296215,0.00048075657,0.012627128,-0.11265398
2366.3169614040626,7930.844,5.2615705,0.0008480791,163995,1436.0825172455604,869.3430260265463,7202.0015,4.664035,1269.6991,1.4514011,7930.844,5.2615705,0,,,,,1436.0825172455604,0.00046487513,869.3430260265463,0.00048021457,0.0132155325,-0.11243898
2366.323905763738,7930.9316,5.260872,0.0008479975,163996,1436.0825308998108,869.3435741712041,7200.529,4.6634154,1268.322,1.4518418,7930.9316,5.260872,0,,,,,1436.0825308998108,0.00046532866,869.3435741712041,0.00047992397,0.013302832,-0.11247124
2366.3308501234133,7932.9907,5.2593465,0.0008479159,163997,1436.081564219815,869.3428608790505,7203.358,4.6620636,1263.2151,1.4492223,7932.9907,5.2593465,0,,,,,1436.081564219815,0.0004645666,869.3428608790505,0.0004798112,0.012321071,-0.11343969
2366.33779448309,7932.946,5.2585483,0.0008478343,163998,1436.0828280218216,869.343033817979,7202.9185,4.6613555,1262.4913,1.4482539,7932.946,5.2585483,0,,,,,1436.0828280218216,0.00046449507,869.343033817979,0.00047980234,0.012646493,-0.113555856
2366.3447388427076,7931.0884,5.2565317,0.0008477526,163999,1436.0816783373914,869.3439870741414,7201.772,4.6595683,1257.7576,1.4468303,7931.0884,5.2565317,0,,,,,1436.0816783373914,0.00046432728,869.3439870741414,0.0004795251,0.011808837,-0.112531655
2366.351683202325,7922.315,5.2540326,0.00084767095,164000,1436.0834582251587,869.342237319499,7192.7163,4.657353,1257.7064,1.4471812,7922.315,5.2540326,0,,,,,1436.0834582251587,0.00046448954,869.342237319499,0.00048031332,0.014503624,-0.11393463
2366.3586275618845,7924.772,5.2529936,0.0008475892,164001,1436.0824245103029,869.3430591202086,7196.0083,4.656432,1254.1454,1.4439807,7924.772,5.2529936,0,,,,,1436.0824245103029,0.00046459454,869.3430591202086,0.00047990904,0.012730823,-0.112863615
2366.365571921444,7925.747,5.252309,0.0008475075,164002,1436.0815671335783,869.3438946286205,7195.8994,4.655825,1250.5114,1.4439623,7925.747,5.252309,0,,,,,1436.0815671335783,0.00046434122,869.3438946286205,0.00047972938,0.012139718,-0.112352416
2366.3725162810033,7928.7617,5.252704,0.0008474258,164003,1436.0813632175898,869.3435723357361,7199.4517,4.656175,1247.9567,1.4413887,7928.7617,5.252704,0,,,,,1436.0813632175898,0.00046415135,869.3435723357361,0.00047975648,0.01294652,-0.11271991
2366.379460640504,7917.196,5.2486777,0.000847344,164004,1436.0817206887345,869.3429031487346,7188.4316,4.652606,1245.6176,1.44139,7917.196,5.2486777,0,,,,,1436.0817206887345,0.00046455307,869.3429031487346,0.00047988768,0.01157933,-0.11298367
2366.3864050000043,7926.8164,5.2532945,0.0008472622,164005,1436.081869165283,869.3426024548836,7197.488,4.656698,1245.5923,1.4454681,7926.8164,5.2532945,0,,,,,1436.081869165283,0.00046426483,869.3426024548836,0.00047953334,0.012316653,-0.11298356
2366.3933493595055,7926.3516,5.2487826,0.00084718043,164006,1436.081699240674,869.3432676334048,7197.504,4.652699,1243.3058,1.4395643,7926.3516,5.2487826,0,,,,,1436.081699240674,0.00046375536,869.3432676334048,0.00047915342,0.012978808,-0.112762526
2366.4002937189484,7929.4824,5.2497554,0.0008470986,164007,1436.0817865711276,869.3439090838398,7200.412,4.6535616,1240.6906,1.4407654,7929.4824,5.2497554,0,,,,,1436.0817865711276,0.00046368822,869.3439090838398,0.00047903703,0.011954064,-0.11232164
2366.4072380783327,7922.416,5.245639,0.0008470167,164008,1436.0815194382594,869.3429411105461,7192.5635,4.6499124,1238.9746,1.437989,7922.416,5.245639,0,,,,,1436.0815194382594,0.00046388802,869.3429411105461,0.00047923627,0.0123527255,-0.112977795
2366.4141824377766,7923.6504,5.246705,0.00084693485,164009,1436.0835476244367,869.343009357623,7193.39,4.6508574,1238.126,1.4387411,7923.6504,5.246705,0,,,,,1436.0835476244367,0.0004640236,869.343009357623,0.00047960138,0.014080715,-0.11310473
2366.4211267971027,7927.0903,5.245892,0.0008468529,164010,1436.0816293519447,869.3449557067817,7196.0703,4.650137,1235.8108,1.4365944,7927.0903,5.245892,0,,,,,1436.0816293519447,0.0004639994,869.3449557067817,0.00047942644,0.01157117,-0.11158289
2366.428071156487,7927.3394,5.246276,0.000846771,164011,1436.082601209663,869.3436620787076,7197.7676,4.650477,1236.416,1.4360466,7927.3394,5.246276,0,,,,,1436.082601209663,0.00046348493,869.3436620787076,0.0004789687,0.01372939,-0.11297192
2366.4350155158136,7923.838,5.2455072,0.00084668904,164012,1436.0824448564636,869.3448378425986,7195.7925,4.649796,1236.1283,1.4369895,7923.838,5.2455072,0,,,,,1436.0824448564636,0.00046316528,869.3448378425986,0.00047880807,0.013243041,-0.112058304
2366.44195987514,7933.4287,5.246808,0.0008466071,164013,1436.082475810385,869.3439162522116,7203.2646,4.650949,1234.3169,1.4355118,7933.4287,5.246808,0,,,,,1436.082475810385,0.00046357836,869.3439162522116,0.00047858676,0.0126802465,-0.11229472
2366.4489042344094,7924.386,5.244519,0.0008465251,164014,1436.0811883083104,869.3437993472523,7195.0493,4.64892,1232.0438,1.4362863,7924.386,5.244519,0,,,,,1436.0811883083104,0.00046345833,869.3437993472523,0.00047890499,0.012711284,-0.112560086
2366.4558485936773,7929.429,5.2454205,0.00084644306,164015,1436.082958519655,869.3443654018307,7200.3423,4.6497188,1231.2207,1.4353658,7929.429,5.2454205,0,,,,,1436.082958519655,0.00046317212,869.3443654018307,0.00047870973,0.01301315,-0.11202497
2366.4627929529447,7928.223,5.246722,0.00084636104,164016,1436.0818343306655,869.3447499706296,7199.452,4.6508727,1233.3073,1.4379412,7928.223,5.246722,0,,,,,1436.0818343306655,0.00046358476,869.3447499706296,0.00047864852,0.012747883,-0.112197965
2366.4697373121544,7939.2817,5.248826,0.00084627897,164017,1436.0827261655243,869.3426069677163,7208.3276,4.6527376,1232.0785,1.4350542,7939.2817,5.248826,0,,,,,1436.0827261655243,0.00046344535,869.3426069677163,0.00047826962,0.01240141,-0.11236166
2366.4766816713063,7926.041,5.2455955,0.00084619684,164018,1436.0835200486558,869.3457674923086,7197.124,4.649874,1234.9255,1.4373808,7926.041,5.2455955,0,,,,,1436.0835200486558,0.0004633528,869.3457674923086,0.00047865932,0.013164803,-0.11117172
2366.4836260305165,7934.9644,5.2479277,0.00084611477,164019,1436.0811991019095,869.3441955255536,7204.627,4.6519413,1235.6654,1.4366444,7934.9644,5.2479277,0,,,,,1436.0811991019095,0.00046343185,869.3441955255536,0.0004787368,0.01122977,-0.11234909
2366.4905703896684,7935.0015,5.2470536,0.00084603264,164020,1436.0823819264292,869.3433243834448,7205.55,4.6511664,1234.3353,1.4351258,7935.0015,5.2470536,0,,,,,1436.0823819264292,0.00046303245,869.3433243834448,0.00047859666,0.012462545,-0.11256759
2366.497514748762,7920.7964,5.2462406,0.00084595045,164021,1436.0813174975835,869.3460566343472,7192.6426,4.650446,1238.2755,1.4380026,7920.7964,5.2462406,0,,,,,1436.0813174975835,0.0004642899,869.3460566343472,0.00047905682,0.012069987,-0.11140991
2366.504459107914,7935.9253,5.249943,0.0008458683,164022,1436.0814258691748,869.3439071438764,7205.107,4.653727,1237.0931,1.4377301,7935.9253,5.249943,0,,,,,1436.0814258691748,0.00046353764,869.3439071438764,0.00047866054,0.011623371,-0.111008525
2366.5114034669496,7933.6943,5.2492776,0.00084578607,164023,1436.082167045839,869.3438820651102,7203.8955,4.653138,1238.4713,1.4375992,7933.6943,5.2492776,0,,,,,1436.082167045839,0.00046324162,869.3438820651102,0.0004788529,0.012881292,-0.11268019
2366.5183478260433,7929.808,5.248852,0.0008457039,164024,1436.0822377586637,869.3440212034026,7200.6206,4.6527605,1240.9795,1.4385473,7929.808,5.248852,0,,,,,1436.0822377586637,0.00046345143,869.3440212034026,0.00047917903,0.012973262,-0.111844815
2366.525292185079,7937.926,5.251608,0.00084562163,164025,1436.0810100542635,869.344148173659,7207.7026,4.6552033,1240.9559,1.438793,7937.926,5.251608,0,,,,,1436.0810100542635,0.00046356235,869.344148173659,0.00047875813,0.012080753,-0.11210372
2366.5322365441143,7933.965,5.2503166,0.0008455394,164026,1436.08251691912,869.3456467928424,7203.552,4.654059,1242.6082,1.440173,7933.965,5.2503166,0,,,,,1436.08251691912,0.00046361648,869.3456467928424,0.00047897047,0.012776854,-0.11108776
2366.5391809030907,7930.14,5.2501655,0.0008454571,164027,1436.082729962053,869.345155143176,7200.0654,4.653925,1243.1777,1.4402163,7930.14,5.2501655,0,,,,,1436.082729962053,0.00046422557,869.345155143176,0.00047938243,0.012068522,-0.110843815
2366.546125262068,7930.647,5.251569,0.0008453748,164028,1436.0819291734726,869.3437610247034,7200.256,4.655169,1249.204,1.4414043,7930.647,5.251569,0,,,,,1436.0819291734726,0.0004635709,869.3437610247034,0.00047931995,0.012867174,-0.112215556
2366.553069620987,7931.3022,5.2527657,0.0008452924,164029,1436.0821527883782,869.3434050495368,7201.435,4.65623,1249.902,1.4429557,7931.3022,5.2527657,0,,,,,1436.0821527883782,0.00046400697,869.3434050495368,0.00047959443,0.012159279,-0.11225529
2366.560013979906,7931.0103,5.2525043,0.00084521004,164030,1436.0835147917014,869.3427738515369,7200.295,4.655998,1248.9626,1.4428349,7931.0103,5.2525043,0,,,,,1436.0835147917014,0.00046431282,869.3427738515369,0.00047952615,0.014352459,-0.11232782
2366.566958338825,7924.158,5.2537684,0.0008451277,164031,1436.0816766313524,869.3448043119413,7194.957,4.6571193,1253.3835,1.4446061,7924.158,5.2537684,0,,,,,1436.0816766313524,0.0004643622,869.3448043119413,0.00047998654,0.011843984,-0.11136224
2366.5739026977435,7933.401,5.2553444,0.0008450453,164032,1436.0811179096045,869.3436766774187,7203.8447,4.6585155,1255.3003,1.443772,7933.401,5.2553444,0,,,,,1436.0811179096045,0.00046421922,869.3436766774187,0.00047930825,0.011149489,-0.11217583
2366.5808470566053,7933.477,5.2566843,0.0008449629,164033,1436.0821869812974,869.3435760618477,7203.131,4.6597033,1258.5547,1.4458429,7933.477,5.2566843,0,,,,,1436.0821869812974,0.0004641934,869.3435760618477,0.00047965127,0.013056022,-0.11222511
2366.587791415408,7922.3086,5.254786,0.0008448804,164034,1436.0811955414579,869.344712176198,7192.486,4.658021,1262.5605,1.4468489,7922.3086,5.254786,0,,,,,1436.0811955414579,0.00046482665,869.344712176198,0.00048026766,0.012126555,-0.11159795
2366.5947357742107,7933.9395,5.258163,0.00084479793,164035,1436.0821278431122,869.3445245685153,7203.3774,4.661014,1262.0936,1.4470458,7933.9395,5.258163,0,,,,,1436.0821278431122,0.0004644958,869.3445245685153,0.00047984094,0.01280299,-0.111109875
2366.6016801330134,7916.119,5.2555995,0.00084471545,164036,1436.0829063359101,869.3450583278088,7187.711,4.658742,1265.0464,1.4486169,7916.119,5.2555995,0,,,,,1436.0829063359101,0.00046527688,869.3450583278088,0.00048069202,0.01326386,-0.11093769
2366.608624491816,7922.629,5.2606826,0.000844633,164037,1436.081952740939,869.3440603083684,7193.6885,4.6632476,1267.628,1.4509665,7922.629,5.2606826,0,,,,,1436.081952740939,0.00046542316,869.3440603083684,0.0004810444,0.012092741,-0.11211039
2366.6155688505596,7932.9146,5.2601686,0.00084455044,164038,1436.0820055276245,869.3454808082879,7203.645,4.662792,1267.087,1.4496365,7932.9146,5.2601686,0,,,,,1436.0820055276245,0.00046455787,869.3454808082879,0.00048015628,0.012635308,-0.110137366
2366.622513209245,7931.256,5.2605762,0.00084446784,164039,1436.0819647247044,869.3435348763509,7200.414,4.6631536,1269.3704,1.4499346,7931.256,5.2605762,0,,,,,1436.0819647247044,0.00046497604,869.3435348763509,0.00048060354,0.012542933,-0.1126112
2366.6294575679312,7932.0723,5.2632523,0.00084438524,164040,1436.0835145359797,869.3441134986007,7202.0186,4.6655254,1271.826,1.4523369,7932.0723,5.2632523,0,,,,,1436.0835145359797,0.00046510345,869.3441134986007,0.00048056061,0.014433278,-0.11105018
2366.636401926618,7928.0425,5.2629557,0.00084430265,164041,1436.0809683505395,869.3441934710843,7199.254,4.6652627,1274.776,1.4533663,7928.0425,5.2629557,0,,,,,1436.0809683505395,0.0004651331,869.3441934710843,0.00048057525,0.011261896,-0.11096784
2366.6433462853042,7929.096,5.2643614,0.00084422005,164042,1436.0827564940912,869.3441965257159,7199.3164,4.6665087,1276.46,1.4539753,7929.096,5.2643614,0,,,,,1436.0827564940912,0.00046525613,869.3441965257159,0.0004812021,0.012002495,-0.111788005
2366.650290643932,7928.334,5.2647834,0.0008441374,164043,1436.0814751227604,869.345025314855,7199.486,4.6668825,1276.2246,1.4545032,7928.334,5.2647834,0,,,,,1436.0814751227604,0.00046554062,869.345025314855,0.00048091038,0.012862049,-0.111006536
2366.657235002561,7933.5205,5.2660775,0.00084405474,164044,1436.081269517526,869.344873921657,7203.731,4.66803,1280.7815,1.4548655,7933.5205,5.2660775,0,,,,,1436.081269517526,0.00046539816,869.344873921657,0.00048077133,0.011566255,-0.111382976
2366.66417936113,7931.02,5.2662973,0.000843972,164045,1436.0822722550517,869.3448486132224,7200.4355,4.668225,1279.6223,1.4554384,7931.02,5.2662973,0,,,,,1436.0822722550517,0.0004658789,869.3448486132224,0.00048109808,0.012931064,-0.111161076
2366.6711237196996,7931.8965,5.2666464,0.0008438893,164046,1436.0790965059164,869.345144928757,7200.8784,4.6685343,1280.3679,1.4568068,7931.8965,5.2666464,0,,,,,1436.0790965059164,0.0004659958,869.345144928757,0.00048111074,0.010216349,-0.11125003
2366.6780680782695,7933.764,5.2680335,0.0008438066,164047,1436.081416915103,869.3457744604246,7204.4375,4.669764,1281.66,1.4592181,7933.764,5.2680335,0,,,,,1436.081416915103,0.00046548975,869.3457744604246,0.00048116143,0.011135236,-0.11005923
2366.685012436781,7929.3066,5.2665253,0.0008437238,164048,1436.08174856229,869.3445143023006,7199.638,4.668427,1283.6154,1.4572909,7929.3066,5.2665253,0,,,,,1436.08174856229,0.00046567226,869.3445143023006,0.00048106062,0.011466156,-0.1116911
2366.6919567952928,7924.3125,5.26531,0.00084364106,164049,1436.0820256027328,869.3450617525648,7195.495,4.6673493,1282.3617,1.4568988,7924.3125,5.26531,0,,,,,1436.0820256027328,0.0004656789,869.3450617525648,0.00048133926,0.012628766,-0.11130127
2366.6989011537453,7916.5786,5.2647924,0.0008435582,164050,1436.0822162886675,869.3449357455838,7189.075,4.666891,1286.2059,1.4578316,7916.5786,5.2647924,0,,,,,1436.0822162886675,0.00046607296,869.3449357455838,0.00048151368,0.011932928,-0.11074683
2366.7058455121987,7930.3276,5.26708,0.0008434754,164051,1436.08160125963,869.3455108564237,7200.278,4.668918,1280.567,1.4560183,7930.3276,5.26708,0,,,,,1436.08160125963,0.000465752,869.3455108564237,0.0004813153,0.011466015,-0.110610574
2366.712789870652,7928.922,5.2648745,0.00084339257,164052,1436.082649397334,869.3453052908559,7198.893,4.666964,1281.9044,1.4560367,7928.922,5.2648745,0,,,,,1436.082649397334,0.000465585,869.3453052908559,0.00048093445,0.013632845,-0.11108032
2366.7197342290474,7930.162,5.268048,0.0008433097,164053,1436.0826755893524,869.34348636758,7200.569,4.669776,1282.9047,1.456582,7930.162,5.268048,0,,,,,1436.0826755893524,0.00046537427,869.34348636758,0.00048134613,0.012802825,-0.11201275
2366.7266785874426,7930.5054,5.268313,0.0008432268,164054,1436.0809783369623,869.3453787238925,7200.4893,4.6700115,1281.2588,1.4589695,7930.5054,5.268313,0,,,,,1436.0809783369623,0.0004656472,869.3453787238925,0.00048134485,0.011588673,-0.110887475
2366.7336229457796,7938.0703,5.266171,0.00084314385,164055,1436.0823365797044,869.3459104984465,7206.2456,4.6681128,1279.0118,1.4544452,7938.0703,5.266171,0,,,,,1436.0823365797044,0.00046524833,869.3459104984465,0.00048074793,0.012586462,-0.11106448
2366.740567304175,7933.2686,5.2656474,0.00084306096,164056,1436.0823855830815,869.3446049139683,7201.671,4.667649,1279.7316,1.4562014,7933.2686,5.2656474,0,,,,,1436.0823855830815,0.00046566676,869.3446049139683,0.00048068908,0.0128550995,-0.11190149
2366.7475116624537,7935.5073,5.2650056,0.00084297796,164057,1436.0820038050392,869.3462654247206,7204.0884,4.66708,1278.224,1.4542401,7935.5073,5.2650056,0,,,,,1436.0820038050392,0.00046507554,869.3462654247206,0.00048073,0.012119753,-0.11039041
2366.7544560207907,7927.1675,5.264825,0.000842895,164058,1436.0826581350557,869.3430212370968,7197.908,4.6669197,1280.655,1.4552159,7927.1675,5.264825,0,,,,,1436.0826581350557,0.00046548672,869.3430212370968,0.0004808688,0.01279231,-0.1119484
2366.7614003790695,7928.757,5.264936,0.000842812,164059,1436.0802199422226,869.345771321609,7198.423,4.667018,1277.8491,1.454905,7928.757,5.264936,0,,,,,1436.0802199422226,0.00046586763,869.345771321609,0.00048108379,0.009925933,-0.11009114
2366.76834473729,7923.532,5.2632136,0.00084272894,164060,1436.0828727356027,869.3454123384244,7193.0073,4.6654916,1276.6268,1.4546107,7923.532,5.2632136,0,,,,,1436.0828727356027,0.0004662462,869.3454123384244,0.00048119997,0.01404962,-0.11068451
2366.775289095568,7928.0723,5.2628865,0.00084264594,164061,1436.082431104078,869.3461513952407,7198.3354,4.665201,1277.0634,1.4529837,7928.0723,5.2628865,0,,,,,1436.082431104078,0.00046527988,869.3461513952407,0.00048086586,0.012332361,-0.10937751
2366.78223345373,7927.192,5.264004,0.0008425628,164062,1436.0823739108234,869.346464969723,7196.886,4.666192,1276.3964,1.4567046,7927.192,5.264004,0,,,,,1436.0823739108234,0.00046579313,869.346464969723,0.00048091533,0.013283349,-0.11020755
2366.7891778119506,7928.5117,5.2626514,0.00084247976,164063,1436.0814105956379,869.3450525627268,7198.759,4.664993,1275.6656,1.4532051,7928.5117,5.2626514,0,,,,,1436.0814105956379,0.0004651088,869.3450525627268,0.00048063823,0.012328526,-0.110557675
2366.7961221701125,7928.538,5.263232,0.00084239664,164064,1436.080826014805,869.3455635020074,7198.8525,4.665508,1277.5975,1.4541209,7928.538,5.263232,0,,,,,1436.080826014805,0.0004652527,869.3455635020074,0.00048076292,0.011841845,-0.110235214
2366.803066528276,7924.8096,5.2636194,0.0008423135,164065,1436.082569485731,869.3444343947192,7195.1865,4.665851,1276.282,1.4549267,7924.8096,5.2636194,0,,,,,1436.082569485731,0.00046548477,869.3444343947192,0.00048105002,0.013303019,-0.11172591
2366.8100108863796,7934.545,5.264691,0.00084223034,164066,1436.0817200964273,869.3439344545556,7203.255,4.6668005,1276.316,1.4545876,7934.545,5.264691,0,,,,,1436.0817200964273,0.0004653091,869.3439344545556,0.00048045872,0.011676478,-0.1114657
2366.8169552444833,7925.159,5.2651906,0.00084214716,164067,1436.0803660240679,869.3449954449459,7196.1836,4.667244,1276.6886,1.4553918,7925.159,5.2651906,0,,,,,1436.0803660240679,0.0004658124,869.3449954449459,0.00048125017,0.01037236,-0.11006497
2366.82389960253,7926.241,5.263253,0.0008420639,164068,1436.0819334263797,869.3454299562269,7196.173,4.6655264,1277.7988,1.4547393,7926.241,5.263253,0,,,,,1436.0819334263797,0.00046550648,869.3454299562269,0.00048081295,0.012611063,-0.109801024
2366.8308439606344,7929.492,5.26313,0.00084198074,164069,1436.0811544544413,869.3464792391228,7199.4424,4.665417,1276.5781,1.4532613,7929.492,5.26313,0,,,,,1436.0811544544413,0.00046524004,869.3464792391228,0.00048072307,0.011194557,-0.11041957
2366.837788318622,7930.038,5.264108,0.00084189745,164070,1436.083300141841,869.3439697572321,7199.7397,4.666284,1278.374,1.4542332,7930.038,5.264108,0,,,,,1436.083300141841,0.00046537005,869.3439697572321,0.00048085552,0.01297738,-0.11135068
2366.8447326766677,7933.0635,5.266536,0.0008418142,164071,1436.0814170162155,869.346071868649,7203.061,4.668436,1281.9691,1.456079,7933.0635,5.266536,0,,,,,1436.0814170162155,0.00046518512,869.346071868649,0.00048085398,0.011019679,-0.10943239
2366.8516770346546,7932.6475,5.2658324,0.0008417309,164072,1436.0816367883854,869.3436265733995,7201.9214,4.6678123,1281.053,1.4563847,7932.6475,5.2658324,0,,,,,1436.0816367883854,0.00046526626,869.3436265733995,0.00048057875,0.01211526,-0.11145025
2366.858621392642,7927.187,5.2660847,0.0008416476,164073,1436.0806387797118,869.3462652373373,7197.1543,4.668036,1283.2975,1.4565592,7927.187,5.2660847,0,,,,,1436.0806387797118,0.00046573894,869.3462652373373,0.0004811516,0.011612162,-0.10926599
2366.8655657505715,7920.4233,5.264695,0.00084156427,164074,1436.0809704797264,869.3457654409153,7189.853,4.666805,1284.9009,1.4573565,7920.4233,5.264695,0,,,,,1436.0809704797264,0.0004663407,869.3457654409153,0.00048185303,0.0113545265,-0.10991113
2366.872510108501,7929.722,5.266957,0.0008414809,164075,1436.0815929404434,869.3460542206535,7198.8774,4.6688094,1283.741,1.4578367,7929.722,5.266957,0,,,,,1436.0815929404434,0.0004659344,869.3460542206535,0.00048142736,0.0121722715,-0.110262595
2366.8794544663724,7922.367,5.26672,0.0008413975,164076,1436.0807194931947,869.3458778915865,7192.795,4.6685996,1285.5251,1.4573656,7922.367,5.26672,0,,,,,1436.0807194931947,0.0004659774,869.3458778915865,0.00048210227,0.010889707,-0.11015895
2366.8863988242438,7928.7295,5.2675266,0.0008413141,164077,1436.0822649356571,869.3455638703458,7198.2607,4.6693144,1286.3984,1.4580181,7928.7295,5.2675266,0,,,,,1436.0822649356571,0.0004657021,869.3455638703458,0.0004813108,0.013367992,-0.11059286
2366.893343182115,7926.9146,5.2683053,0.0008412307,164078,1436.0817029094026,869.346447078582,7196.7173,4.670005,1285.1471,1.4596227,7926.9146,5.2683053,0,,,,,1436.0817029094026,0.0004662185,869.346447078582,0.00048165309,0.0126807215,-0.110070124
2366.9002875399865,7928.457,5.2675977,0.00084114727,164079,1436.083014843592,869.3452079789413,7199.3667,4.6693773,1286.7311,1.457798,7928.457,5.2675977,0,,,,,1436.083014843592,0.00046583448,869.3452079789413,0.0004811542,0.01303829,-0.11018881
2366.9072318977996,7917.9814,5.268001,0.0008410638,164080,1436.0815787882857,869.3460766136329,7188.963,4.669735,1288.8488,1.4595602,7917.9814,5.268001,0,,,,,1436.0815787882857,0.0004666388,869.3460766136329,0.0004821479,0.011475496,-0.11088777
2366.9141762555546,7930.619,5.2691436,0.00084098027,164081,1436.0825440798505,869.3456698415756,7200.0435,4.6707478,1285.0007,1.4586757,7930.619,5.2691436,0,,,,,1436.0825440798505,0.00046564202,869.3456698415756,0.00048144543,0.013833241,-0.11009754
2366.9211206133095,7922.4224,5.265287,0.00084089674,164082,1436.081036871592,869.3442092114102,7192.874,4.6673293,1285.7224,1.4573734,7922.4224,5.265287,0,,,,,1436.081036871592,0.00046609037,869.3442092114102,0.00048146537,0.012205604,-0.11119799
2366.9280649710636,7928.2734,5.26779,0.0008408132,164083,1436.0819761296011,869.3470794405629,7198.291,4.6695476,1287.4689,1.4577615,7928.2734,5.26779,0,,,,,1436.0819761296011,0.0004657103,869.3470794405629,0.0004814617,0.011916107,-0.10945508
2366.935009328818,7933.898,5.2683296,0.0008407297,164084,1436.080064555724,869.3449683803433,7202.828,4.6700263,1286.2151,1.4577855,7933.898,5.2683296,0,,,,,1436.080064555724,0.00046575165,869.3449683803433,0.00048106656,0.009272208,-0.11044692
2366.9419536865144,7937.2417,5.270285,0.0008406461,164085,1436.0823508372193,869.3459842600357,7206.1157,4.6717596,1290.7147,1.4587606,7937.2417,5.270285,0,,,,,1436.0823508372193,0.0004652868,869.3459842600357,0.00048109368,0.012624454,-0.110066056
2366.948898044212,7926.6685,5.2667317,0.0008405625,164086,1436.0806623741958,869.3461991486265,7196.7915,4.66861,1286.231,1.4576005,7926.6685,5.2667317,0,,,,,1436.0806623741958,0.00046583783,869.3461991486265,0.0004815166,0.011787115,-0.10945685
2366.95584240185,7927.7515,5.269462,0.00084047887,164087,1436.0820796574847,869.3460263139882,7197.2344,4.67103,1286.5535,1.4602286,7927.7515,5.269462,0,,,,,1436.0820796574847,0.00046613286,869.3460263139882,0.00048185416,0.012450684,-0.10983962
2366.962786759488,7920.1543,5.2669764,0.0008403952,164088,1436.0825030160665,869.3440894193767,7190.724,4.6688266,1284.2019,1.45824,7920.1543,5.2669764,0,,,,,1436.0825030160665,0.0004664668,869.3440894193767,0.00048174942,0.013625145,-0.111808844
2366.9697311171276,7933.035,5.26595,0.0008403116,164089,1436.0813288907848,869.3451313217897,7201.4014,4.6679173,1281.4556,1.4553845,7933.035,5.26595,0,,,,,1436.0813288907848,0.00046559382,869.3451313217897,0.00048109985,0.010834746,-0.110183634
2366.976675474708,7918.0947,5.2626762,0.0008402279,164090,1436.082652559287,869.3468681447946,7188.4375,4.665015,1283.3159,1.4556466,7918.0947,5.2626762,0,,,,,1436.082652559287,0.00046612328,869.3468681447946,0.00048171353,0.013165017,-0.109704934
2366.9836198322882,7923.1206,5.2656684,0.0008401442,164091,1436.0819313117274,869.3465239120762,7192.89,4.6676674,1283.7262,1.4573307,7923.1206,5.2656684,0,,,,,1436.0819313117274,0.00046618178,869.3465239120762,0.0004814821,0.012477535,-0.11044995
2366.99056418981,7927.298,5.2650185,0.0008400604,164092,1436.0805345436545,869.3463129371114,7196.7793,4.6670914,1281.9452,1.4559988,7927.298,5.2650185,0,,,,,1436.0805345436545,0.00046556265,869.3463129371114,0.00048124394,0.01163287,-0.10945291
2366.9975085473316,7919.458,5.263106,0.00083997665,164093,1436.0812009189863,869.3462823477536,7189.2217,4.6653957,1280.611,1.4565222,7919.458,5.263106,0,,,,,1436.0812009189863,0.00046631816,869.3462823477536,0.00048169313,0.010811545,-0.10931544
2367.0044529048537,7937.071,5.266007,0.0008398929,164094,1436.0830140186104,869.3469238848672,7205.613,4.6679673,1277.4186,1.4546801,7937.071,5.266007,0,,,,,1436.0830140186104,0.00046508483,869.3469238848672,0.00048088198,0.013679679,-0.10930295
2367.0113972623167,7933.958,5.26504,0.0008398091,164095,1436.082275650773,869.3450165255954,7201.8823,4.6671104,1278.9962,1.454444,7933.958,5.26504,0,,,,,1436.082275650773,0.00046550826,869.3450165255954,0.00048104764,0.012771405,-0.11034433
2367.0183416197806,7929.4893,5.2631736,0.00083972525,164096,1436.0812493331794,869.3457258854522,7199.38,4.665456,1276.6067,1.4534262,7929.4893,5.2631736,0,,,,,1436.0812493331794,0.00046532866,869.3457258854522,0.0004808058,0.011355936,-0.10924572
2367.025285977245,7924.4893,5.2617636,0.00083964143,164097,1436.0812576515211,869.3452150366016,7195.1343,4.664206,1273.1536,1.4533652,7924.4893,5.2617636,0,,,,,1436.0812576515211,0.0004651527,869.3452150366016,0.00048096877,0.012336723,-0.11113958
2367.0322303346506,7923.836,5.262232,0.00083955756,164098,1436.083052010361,869.3469885535559,7193.7686,4.664621,1274.2521,1.4532188,7923.836,5.262232,0,,,,,1436.083052010361,0.00046538885,869.3469885535559,0.00048148204,0.014490087,-0.10915952
2367.039174692056,7925.4795,5.2614083,0.0008394737,164099,1436.082770360337,869.3452563962194,7194.992,4.663891,1275.6277,1.4528301,7925.4795,5.2614083,0,,,,,1436.082770360337,0.0004654539,869.3452563962194,0.0004809754,0.012718551,-0.110573016
2367.0461190494616,7917.3633,5.260073,0.0008393898,164100,1436.0808215628856,869.346331742977,7188.633,4.6627073,1274.6228,1.4538774,7917.3633,5.260073,0,,,,,1436.0808215628856,0.00046560264,869.346331742977,0.0004810926,0.010295385,-0.10770212
2367.053063406809,7924.4033,5.260721,0.00083930587,164101,1436.0816689270769,869.3459871585501,7194.6,4.6632824,1270.5465,1.4519495,7924.4033,5.260721,0,,,,,1436.0816689270769,0.0004652236,869.3459871585501,0.000480739,0.012673904,-0.1098177
2367.0600077640984,7931.4863,5.261952,0.0008392219,164102,1436.0812931206701,869.3475575122679,7201.709,4.664373,1270.6132,1.4513725,7931.4863,5.261952,0,,,,,1436.0812931206701,0.00046469766,869.3475575122679,0.00048101204,0.011748691,-0.109438725
2367.066952121446,7918.83,5.258212,0.00083913794,164103,1436.0815702787042,869.3464923441603,7188.574,4.6610575,1270.0406,1.4515221,7918.83,5.258212,0,,,,,1436.0815702787042,0.0004657677,869.3464923441603,0.00048079604,0.011787107,-0.10995715
2367.073896478735,7923.78,5.2590866,0.00083905394,164104,1436.0814053033714,869.3465334300581,7193.985,4.661833,1270.0111,1.451893,7923.78,5.2590866,0,,,,,1436.0814053033714,0.00046507313,869.3465334300581,0.00048094985,0.011207007,-0.10915288
2367.0808408359653,7919.536,5.2580504,0.0008389699,164105,1436.0820726891059,869.3465245151687,7189.8726,4.6609144,1268.8253,1.4513556,7919.536,5.2580504,0,,,,,1436.0820726891059,0.00046540986,869.3465245151687,0.00048071376,0.012986328,-0.10942685
2367.0877851931955,7924.834,5.2585783,0.00083888584,164106,1436.0816182751857,869.3458595640815,7195.014,4.661382,1268.7783,1.4499055,7924.834,5.2585783,0,,,,,1436.0816182751857,0.00046471105,869.3458595640815,0.00048050447,0.013014848,-0.11079325
2367.0947295504275,7916.827,5.2570105,0.0008388018,164107,1436.0796862219138,869.3469520049063,7187.42,4.6599927,1267.4369,1.4515021,7916.827,5.2570105,0,,,,,1436.0796862219138,0.000465669,869.3469520049063,0.00048105972,0.009402867,-0.10812302
2367.101673907658,7930.9043,5.2593,0.00083871774,164108,1436.0815821681638,869.3471479673611,7199.3066,4.6620226,1266.1002,1.4490013,7930.9043,5.2593,0,,,,,1436.0815821681638,0.00046514347,869.3471479673611,0.00048025124,0.011964916,-0.1095955
2367.1086182648305,7930.7344,5.260737,0.0008386336,164109,1436.0816978962175,869.3448105559992,7199.461,4.6632957,1267.8534,1.4500238,7930.7344,5.260737,0,,,,,1436.0816978962175,0.00046472184,869.3448105559992,0.00048089577,0.012631958,-0.11186316
2367.1155626220043,7921.8486,5.257813,0.0008385495,164110,1436.0812250709744,869.3468819669163,7191.3813,4.660704,1266.6681,1.4501101,7921.8486,5.257813,0,,,,,1436.0812250709744,0.00046538477,869.3468819669163,0.00048040002,0.011925823,-0.10940217
2367.122506979119,7928.6807,5.2578745,0.00083846535,164111,1436.0820696193548,869.3466498070409,7197.892,4.6607585,1264.2637,1.4489812,7928.6807,5.2578745,0,,,,,1436.0820696193548,0.00046466978,869.3466498070409,0.0004804065,0.012664226,-0.10886848
2367.1294513362336,7925.718,5.2575135,0.0008383812,164112,1436.0819748643296,869.3453396112668,7195.6396,4.6604385,1264.9106,1.4486604,7925.718,5.2575135,0,,,,,1436.0819748643296,0.00046500337,869.3453396112668,0.00048020788,0.012061164,-0.110134184
2367.1363956932896,7922.644,5.2588887,0.00083829695,164113,1436.0816049211496,869.3482985536642,7193.2407,4.661658,1267.7075,1.4497478,7922.644,5.2588887,0,,,,,1436.0816049211496,0.0004650164,869.3482985536642,0.00048057045,0.011820615,-0.107490085
2367.143340050404,7934.637,5.2593646,0.0008382128,164114,1436.0825964385901,869.3452815885631,7203.5073,4.6620793,1261.1556,1.447586,7934.637,5.2593646,0,,,,,1436.0825964385901,0.0004647456,869.3452815885631,0.00048013355,0.013582282,-0.110417545
2367.150284407461,7926.8696,5.2576895,0.00083812856,164115,1436.0809358724453,869.347675517015,7196.6963,4.6605945,1263.8043,1.4492534,7926.8696,5.2576895,0,,,,,1436.0809358724453,0.0004647854,869.347675517015,0.00048043323,0.011600255,-0.10756486
2367.1572287644585,7920.8354,5.257693,0.0008380443,164116,1436.0811140459434,869.3454435139931,7191.1606,4.6605973,1266.4839,1.4493532,7920.8354,5.257693,0,,,,,1436.0811140459434,0.00046514862,869.3454435139931,0.00048093687,0.011837529,-0.11077268
2367.164173121456,7926.34,5.2559304,0.00083796,164117,1436.0814150397778,869.3473594633623,7195.0166,4.659035,1260.8501,1.447599,7926.34,5.2559304,0,,,,,1436.0814150397778,0.0004650017,869.3473594633623,0.00048022546,0.011917766,-0.107847586
2367.1711174784546,7919.2476,5.258593,0.0008378757,164118,1436.0816628118646,869.3464730747161,7189.8906,4.6613955,1267.6448,1.4513348,7919.2476,5.258593,0,,,,,1436.0816628118646,0.0004654257,869.3464730747161,0.00048098908,0.011781466,-0.108951055
2367.1780618353946,7932.853,5.258731,0.00083779136,164119,1436.08104049112,869.3452147444982,7201.5107,4.661518,1264.1553,1.4491318,7932.853,5.258731,0,,,,,1436.08104049112,0.00046498218,869.3452147444982,0.00047998832,0.0109061515,-0.10947052
2367.185006192334,7934.165,5.2591424,0.000837707,164120,1436.0811152425501,869.3474461656804,7202.108,4.661883,1264.894,1.4482386,7934.165,5.2591424,0,,,,,1436.0811152425501,0.00046471506,869.3474461656804,0.0004807017,0.0117192725,-0.109396845
2367.191950549274,7928.27,5.257462,0.0008376227,164121,1436.0801911869873,869.3476870758242,7196.8984,4.6603928,1263.7954,1.4491414,7928.27,5.257462,0,,,,,1436.0801911869873,0.00046474684,869.3476870758242,0.00048059257,0.011433131,-0.10787621
2367.198894906156,7925.2036,5.257219,0.0008375383,164122,1436.0810968405617,869.346943812654,7194.454,4.6601777,1264.2925,1.4490275,7925.2036,5.257219,0,,,,,1436.0810968405617,0.00046501638,869.346943812654,0.00048041425,0.011032183,-0.108444944
2367.205839263038,7926.94,5.257632,0.0008374539,164123,1436.0814461883351,869.3463446577056,7195.193,4.6605434,1264.3948,1.4486097,7926.94,5.257632,0,,,,,1436.0814461883351,0.00046502607,869.3463446577056,0.00048079423,0.011200266,-0.10943414
2367.2127836198615,7925.732,5.257898,0.0008373694,164124,1436.0806196642304,869.3475202331625,7194.5024,4.660779,1267.5474,1.4496235,7925.732,5.257898,0,,,,,1436.0806196642304,0.00046543207,869.3475202331625,0.00048073617,0.010306986,-0.107090004
2367.219727976685,7925.5107,5.259366,0.00083728496,164125,1436.0825899270003,869.3462278796616,7193.533,4.6620803,1266.9962,1.453192,7925.5107,5.259366,0,,,,,1436.0825899270003,0.00046561635,869.3462278796616,0.000480727,0.013126111,-0.11027137
2367.2266723335088,7924.1333,5.2582994,0.0008372005,164126,1436.0820948457974,869.3469778028391,7193.751,4.661135,1266.6853,1.4509778,7924.1333,5.2582994,0,,,,,1436.0820948457974,0.00046523917,869.3469778028391,0.0004807284,0.011373702,-0.10809384
2367.2336166903315,7928.3716,5.259261,0.00083711604,164127,1436.0838059952669,869.3470615873314,7197.376,4.6619873,1267.2242,1.4496557,7928.3716,5.259261,0,,,,,1436.0838059952669,0.00046479696,869.3470615873314,0.00048052176,0.013966448,-0.10755288
2367.240561047097,7918.535,5.256508,0.0008370315,164128,1436.0819721849762,869.3464880341241,7187.9395,4.6595473,1267.827,1.4501584,7918.535,5.256508,0,,,,,1436.0819721849762,0.00046545608,869.3464880341241,0.0004808513,0.011801323,-0.10987952
2367.2475054038036,7920.9575,5.2587233,0.00083694694,164129,1436.0814393253006,869.346997417866,7190.473,4.661511,1268.7053,1.4515349,7920.9575,5.2587233,0,,,,,1436.0814393253006,0.0004653689,869.346997417866,0.00048080264,0.012021029,-0.10871736
2367.2544497605104,7916.961,5.258909,0.00083686237,164130,1436.0814844325384,869.3475077981799,7186.82,4.6616755,1270.319,1.4521564,7916.961,5.258909,0,,,,,1436.0814844325384,0.00046556292,869.3475077981799,0.00048144607,0.011928741,-0.10764213
2367.2613941172185,7920.4536,5.258101,0.0008367778,164131,1436.082014588577,869.3474180816015,7189.4175,4.6609592,1269.9358,1.4524997,7920.4536,5.258101,0,,,,,1436.082014588577,0.00046497755,869.3474180816015,0.0004810471,0.0127421925,-0.10873167
2367.2683384739257,7915.4707,5.258,0.0008366932,164132,1436.0822679696773,869.3471881777253,7184.7876,4.6608696,1270.2919,1.4504637,7915.4707,5.258,0,,,,,1436.0822679696773,0.0004653445,869.3471881777253,0.00048173658,0.01255222,-0.108640045
2367.2752828305747,7921.2065,5.2599783,0.0008366086,164133,1436.080861517863,869.3478274447272,7190.6265,4.6626234,1270.3387,1.4524264,7921.2065,5.2599783,0,,,,,1436.080861517863,0.00046559243,869.3478274447272,0.00048131985,0.012407409,-0.10839252
2367.2822271872233,7919.59,5.257529,0.00083652395,164134,1436.0800272730298,869.3477197297264,7190.329,4.660452,1268.0431,1.4501209,7919.59,5.257529,0,,,,,1436.0800272730298,0.00046514487,869.3477197297264,0.00048078533,0.009278063,-0.10742961
2367.2891715438136,7931.2393,5.259721,0.00083643926,164135,1436.0816865106888,869.3472865859904,7200.3643,4.6623955,1267.0767,1.4507581,7931.2393,5.259721,0,,,,,1436.0816865106888,0.0004648574,869.3472865859904,0.0004804393,0.011634108,-0.10834256
2367.2961159004053,7923.137,5.256674,0.00083635456,164136,1436.0811881592622,869.3463100018646,7193.077,4.659694,1263.0505,1.4487828,7923.137,5.256674,0,,,,,1436.0811881592622,0.00046519403,869.3463100018646,0.00048060992,0.011797258,-0.109084
2367.3030602569956,7929.4478,5.2583447,0.0008362699,164137,1436.079838563504,869.3473498595187,7197.815,4.6611753,1266.4365,1.4488147,7929.4478,5.2583447,0,,,,,1436.079838563504,0.00046492988,869.3473498595187,0.00048055677,0.01004065,-0.107571684
2367.3100046135273,7922.721,5.258938,0.0008361851,164138,1436.079697871395,869.3488269488206,7192.677,4.661701,1264.3663,1.4487921,7922.721,5.258938,0,,,,,1436.079697871395,0.00046539164,869.3488269488206,0.0004808616,0.0106214555,-0.10742623
2367.3169489700595,7930.913,5.2584257,0.0008361004,164139,1436.082451091363,869.3464008227604,7199.7646,4.6612473,1260.495,1.4481486,7930.913,5.2584257,0,,,,,1436.082451091363,0.00046466663,869.3464008227604,0.00048009068,0.013717907,-0.1083998
2367.323893326592,7922.346,5.2538533,0.0008360156,164140,1436.0807976515302,869.3474954661011,7190.1953,4.657194,1261.6412,1.4465882,7922.346,5.2538533,0,,,,,1436.0807976515302,0.00046506766,869.3474954661011,0.00048077665,0.010978029,-0.107126236
2367.3308376830664,7921.704,5.256509,0.0008359308,164141,1436.0810887985517,869.346947243086,7191.513,4.6595483,1258.2982,1.4462309,7921.704,5.256509,0,,,,,1436.0810887985517,0.00046539988,869.346947243086,0.0004812048,0.0125479,-0.10941383
2367.337782039541,7925.7793,5.252909,0.000835846,164142,1436.0809078867687,869.3471547218438,7193.907,4.6563573,1256.5707,1.4443809,7925.7793,5.252909,0,,,,,1436.0809078867687,0.00046470715,869.3471547218438,0.00048011565,0.011442679,-0.10748939
2367.344726395957,7929.2515,5.2541738,0.00083576114,164143,1436.082264871558,869.3458285946696,7196.903,4.6574783,1255.6329,1.4449188,7929.2515,5.2541738,0,,,,,1436.082264871558,0.00046427545,869.3458285946696,0.00048014594,0.013733019,-0.10998003
2367.351670752373,7919.602,5.251694,0.00083567627,164144,1436.0798332072882,869.3474922303578,7190.2866,4.6552796,1252.2292,1.4442126,7919.602,5.251694,0,,,,,1436.0798332072882,0.0004646352,869.3474922303578,0.00048009874,0.009928077,-0.107292704
2367.3586151087893,7928.18,5.2517486,0.0008355914,164145,1436.0809854345105,869.3488104947246,7197.5547,4.6553283,1249.6168,1.443238,7928.18,5.2517486,0,,,,,1436.0809854345105,0.00046402306,869.3488104947246,0.00047966914,0.011844611,-0.1071631
2367.3655594651473,7934.1104,5.252123,0.0008355065,164146,1436.0813750657103,869.3488521662267,7202.93,4.65566,1247.9487,1.4414132,7934.1104,5.252123,0,,,,,1436.0813750657103,0.00046385484,869.3488521662267,0.00047906977,0.011268507,-0.10711067
2367.3725038215052,7929.4043,5.2512465,0.00083542155,164147,1436.0814985479738,869.3473960825685,7198.759,4.6548834,1245.8768,1.4440036,7929.4043,5.2512465,0,,,,,1436.0814985479738,0.0004637936,869.3473960825685,0.00047927882,0.011160791,-0.10793565
2367.379448177863,7914.5156,5.249672,0.0008353366,164148,1436.0819581635667,869.3466280657404,7184.241,4.653487,1242.5012,1.4412171,7914.5156,5.249672,0,,,,,1436.0819581635667,0.0004653184,869.3466280657404,0.00048043314,0.012392546,-0.10916421
2367.386392534163,7921.7905,5.246278,0.00083525165,164149,1436.0820328052148,869.3474247452042,7192.168,4.650479,1239.2483,1.4395705,7921.7905,5.246278,0,,,,,1436.0820328052148,0.00046369087,869.3474247452042,0.00047914567,0.012210621,-0.108328395
2367.393336890462,7931.7524,5.2471943,0.00083516666,164150,1436.0799353109428,869.3480258693717,7201.2607,4.6512914,1237.4373,1.4364554,7931.7524,5.2471943,0,,,,,1436.0799353109428,0.00046328112,869.3480258693717,0.0004788709,0.010003502,-0.107647635
2367.4002812467024,7923.73,5.2440085,0.0008350816,164151,1436.0827415447031,869.3478028206648,7193.5117,4.648467,1235.0726,1.4366077,7923.73,5.2440085,0,,,,,1436.0827415447031,0.0004634339,869.3478028206648,0.00047914122,0.013506374,-0.10830877
2367.407225602944,7923.2993,5.24471,0.0008349966,164152,1436.0817737096368,869.3475912845417,7193.3257,4.649089,1236.0931,1.4371136,7923.2993,5.24471,0,,,,,1436.0817737096368,0.00046342885,869.3475912845417,0.00047925112,0.011418737,-0.1076724
2367.4141699591855,7928.225,5.243937,0.00083491154,164153,1436.0811010743066,869.3484733415631,7197.455,4.648404,1230.9282,1.4347585,7928.225,5.243937,0,,,,,1436.0811010743066,0.00046326595,869.3484733415631,0.00047911884,0.010079346,-0.10640491
2367.42111431537,7924.592,5.242442,0.00083482644,164154,1436.0819208524445,869.3484304689821,7192.857,4.6470785,1231.815,1.4349924,7924.592,5.242442,0,,,,,1436.0819208524445,0.00046366936,869.3484304689821,0.00047900405,0.0123923225,-0.10795945
2367.4280586715527,7925.17,5.242666,0.00083474134,164155,1436.081556344625,869.3479379794167,7194.929,4.647277,1230.8442,1.4343681,7925.17,5.242666,0,,,,,1436.081556344625,0.0004633426,869.3479379794167,0.0004785654,0.01163512,-0.107026085
2367.4350030277355,7922.7417,5.2403793,0.00083465624,164156,1436.0814464939099,869.3470083940027,7192.684,4.6452503,1225.8267,1.4325733,7922.7417,5.2403793,0,,,,,1436.0814464939099,0.0004638886,869.3470083940027,0.0004784502,0.0105424775,-0.10756104
2367.4419473838616,7919.714,5.2402534,0.0008345711,164157,1436.080996096561,869.3478481049988,7189.319,4.6451387,1228.4149,1.4327453,7919.714,5.2402534,0,,,,,1436.080996096561,0.0004635122,869.3478481049988,0.0004789031,0.01189253,-0.1082169
2367.4488917399863,7919.719,5.241717,0.0008344859,164158,1436.0813312146263,869.3475907911081,7187.727,4.6464357,1226.5273,1.4350299,7919.719,5.241717,0,,,,,1436.0813312146263,0.0004643131,869.3475907911081,0.00047910478,0.012070073,-0.10772908
2367.455836096111,7924.06,5.240996,0.00083440077,164159,1436.0808644232784,869.347200740027,7193.0146,4.645797,1226.5927,1.4328825,7924.06,5.240996,0,,,,,1436.0808644232784,0.00046343534,869.347200740027,0.00047893194,0.011306873,-0.10846262
2367.462780452178,7916.2163,5.2413993,0.00083431555,164160,1436.0804528405174,869.3475929209562,7185.2217,4.6461544,1226.0658,1.4327377,7916.2163,5.2413993,0,,,,,1436.0804528405174,0.00046434742,869.3475929209562,0.0004797438,0.011650081,-0.108444534
2367.4697248082443,7917.3706,5.2380495,0.00083423033,164161,1436.0813703659203,869.3489542453065,7187.344,4.6431847,1226.2524,1.4315645,7917.3706,5.2380495,0,,,,,1436.0813703659203,0.0004632622,869.3489542453065,0.00047839884,0.010738351,-0.10685078
2367.4766691642526,7919.7993,5.237581,0.00083414506,164162,1436.0810760521597,869.3491125135683,7188.6143,4.64277,1224.4664,1.4309807,7919.7993,5.237581,0,,,,,1436.0810760521597,0.0004634699,869.3491125135683,0.00047852547,0.010716559,-0.10543621
2367.4836135202613,7925.426,5.2410502,0.0008340598,164163,1436.082082200368,869.3465305084761,7194.723,4.645845,1226.7506,1.4316549,7925.426,5.2410502,0,,,,,1436.082082200368,0.00046315155,869.3465305084761,0.00047875094,0.012510021,-0.10820598
2367.49055787627,7920.775,5.2404556,0.0008339745,164164,1436.080451733569,869.3491577102536,7190.7114,4.6453176,1227.5035,1.4321795,7920.775,5.2404556,0,,,,,1436.080451733569,0.00046342722,869.3491577102536,0.00047892515,0.010128714,-0.106473416
2367.49750223222,7920.7637,5.240534,0.0008338892,164165,1436.0818946510008,869.3477695805053,7189.7236,4.645387,1228.2491,1.4338473,7920.7637,5.240534,0,,,,,1436.0818946510008,0.0004637886,869.3477695805053,0.00047894672,0.0106208315,-0.10741492
2367.50444658817,7918.4526,5.2405663,0.00083380385,164166,1436.0806339123942,869.349024199685,7188.27,4.6454163,1227.3102,1.4351001,7918.4526,5.2405663,0,,,,,1436.0806339123942,0.0004635631,869.349024199685,0.0004789369,0.010557105,-0.10624036
2367.5113909441216,7926.4365,5.2419133,0.0008337185,164167,1436.0809352265915,869.347297202326,7195.12,4.6466103,1228.8556,1.4334303,7926.4365,5.2419133,0,,,,,1436.0809352265915,0.00046310472,869.347297202326,0.00047853994,0.012918968,-0.10799452
2367.518335300014,7924.2466,5.241203,0.0008336331,164168,1436.0795834678838,869.3485092684211,7193.4033,4.6459804,1228.2656,1.4329737,7924.2466,5.241203,0,,,,,1436.0795834678838,0.0004632627,869.3485092684211,0.00047916142,0.009649484,-0.107077144
2367.525279655906,7918.439,5.2401624,0.00083354773,164169,1436.0802796227463,869.3490870302398,7189.0273,4.645058,1229.618,1.4333797,7918.439,5.2401624,0,,,,,1436.0802796227463,0.0004632313,869.3490870302398,0.00047882504,0.01057028,-0.10662593
2367.5322240117403,7934.1504,5.2458596,0.0008334623,164170,1436.0806595412762,869.3474806091508,7201.6924,4.6501083,1229.6273,1.4341768,7934.1504,5.2458596,0,,,,,1436.0806595412762,0.00046330455,869.3474806091508,0.00047869695,0.011159226,-0.108020775
2367.5391683675743,7925.8564,5.242973,0.00083337683,164171,1436.0813080404234,869.3490063568107,7194.08,4.647549,1232.0311,1.4343437,7925.8564,5.242973,0,,,,,1436.0813080404234,0.00046375967,869.3490063568107,0.0004792727,0.011898629,-0.10727035
2367.5461127234075,7921.3237,5.243732,0.0008332914,164172,1436.08079534912,869.3493043184734,7188.913,4.6482224,1231.085,1.437594,7921.3237,5.243732,0,,,,,1436.08079534912,0.0004643724,869.3493043184734,0.00047954812,0.010123111,-0.10603733
2367.5530570791825,7929.22,5.24517,0.0008332059,164173,1436.079606243899,869.3484062483718,7197.142,4.649497,1236.1178,1.4359142,7929.22,5.24517,0,,,,,1436.079606243899,0.0004635964,869.3484062483718,0.00047897617,0.010895354,-0.10811352
2367.5600014349584,7918.027,5.243596,0.0008331204,164174,1436.082542979472,869.3469124865055,7184.779,4.6481013,1238.657,1.4369045,7918.027,5.243596,0,,,,,1436.082542979472,0.00046438313,869.3469124865055,0.00047993055,0.013065571,-0.10767421
2367.566945790735,7913.723,5.2429395,0.00083303486,164175,1436.080510241248,869.3489376252528,7182.8726,4.6475196,1239.5472,1.4375235,7913.723,5.2429395,0,,,,,1436.080510241248,0.00046434085,869.3489376252528,0.00047985386,0.010174312,-0.10615649
2367.5738901464524,7919.9067,5.2481704,0.0008329493,164176,1436.081099716215,869.3486637900171,7185.907,4.652157,1242.5498,1.441209,7919.9067,5.2481704,0,,,,,1436.081099716215,0.00046490264,869.3486637900171,0.00048052095,0.010993411,-0.10705684
2367.5808345021696,7931.3496,5.2509856,0.00083286373,164177,1436.0812327164056,869.3475917566149,7197.879,4.654652,1247.8942,1.4420826,7931.3496,5.2509856,0,,,,,1436.0812327164056,0.00046414745,869.3475917566149,0.0004798379,0.011374999,-0.10757035
2367.5877788578873,7925.221,5.2484875,0.00083277817,164178,1436.0810868946642,869.3475006414418,7190.504,4.6524377,1246.8013,1.4418442,7925.221,5.2484875,0,,,,,1436.0810868946642,0.0004642469,869.3475006414418,0.00048025764,0.010661618,-0.10725163
2367.594723213547,7922.5386,5.2498317,0.00083269255,164179,1436.0824955948692,869.3484481674767,7191.2153,4.6536293,1248.5729,1.4419217,7922.5386,5.2498317,0,,,,,1436.0824955948692,0.00046463072,869.3484481674767,0.0004800262,0.011725778,-0.106305815
2367.6016675692063,7925.518,5.253179,0.0008326069,164180,1436.0825705738996,869.3475661677822,7194.8345,4.6565967,1250.6407,1.4442532,7925.518,5.253179,0,,,,,1436.0825705738996,0.0004648361,869.3475661677822,0.00047993637,0.012292318,-0.10740921
2367.6086119248075,7920.3345,5.2516665,0.00083252124,164181,1436.0811219397128,869.3490162393265,7189.303,4.655256,1254.5153,1.4446836,7920.3345,5.2516665,0,,,,,1436.0811219397128,0.00046510753,869.3490162393265,0.00048016038,0.010966732,-0.10653195
2367.615556280409,7929.118,5.2541575,0.00083243556,164182,1436.0802285874934,869.3485935960672,7197.355,4.657464,1254.0245,1.4451023,7929.118,5.2541575,0,,,,,1436.0802285874934,0.00046423392,869.3485935960672,0.00048023998,0.010259382,-0.1070818
2367.622500636009,7927.4404,5.254654,0.0008323499,164183,1436.0813654588487,869.3492636378601,7195.457,4.6579037,1258.3586,1.4458246,7927.4404,5.254654,0,,,,,1436.0813654588487,0.0004646655,869.3492636378601,0.0004803319,0.011341988,-0.10676003
2367.6294449915513,7924.9575,5.2538214,0.00083226414,164184,1436.0813300226691,869.3496546681579,7193.272,4.657166,1257.2211,1.4460926,7924.9575,5.2538214,0,,,,,1436.0813300226691,0.00046476265,869.3496546681579,0.00048036803,0.013056094,-0.10536901
2367.6363893470952,7927.4824,5.2583585,0.0008321784,164185,1436.0813307579524,869.3485148438388,7195.36,4.6611876,1264.6852,1.4499005,7927.4824,5.2583585,0,,,,,1436.0813307579524,0.0004653946,869.3485148438388,0.0004799919,0.011492675,-0.10687161
2367.643333702638,7925.4014,5.2594247,0.00083209266,164186,1436.0805627995423,869.3487057801253,7195.6343,4.6621323,1266.6488,1.4491603,7925.4014,5.2594247,0,,,,,1436.0805627995423,0.00046503256,869.3487057801253,0.00048082214,0.010879788,-0.10641797
2367.6502780581222,7931.6934,5.2574086,0.00083200686,164187,1436.0807259466512,869.3488927982036,7198.3804,4.6603456,1262.5375,1.4489005,7931.6934,5.2574086,0,,,,,1436.0807259466512,0.0004650208,869.3488927982036,0.00048057517,0.010711285,-0.106116034
2367.657222413608,7925.9575,5.2563996,0.00083192106,164188,1436.0812362330976,869.3497141142351,7193.393,4.659451,1265.927,1.4486291,7925.9575,5.2563996,0,,,,,1436.0812362330976,0.0004649735,869.3497141142351,0.00048070008,0.012994628,-0.10653792
2367.664166769093,7923.023,5.256645,0.00083183526,164189,1436.0804115360231,869.3490726144022,7190.152,4.659669,1267.7535,1.4499553,7923.023,5.256645,0,,,,,1436.0804115360231,0.00046533108,869.3490726144022,0.00048125288,0.011103293,-0.10663729
2367.6711111245195,7923.275,5.25806,0.0008317494,164190,1436.0807973929336,869.3506046576413,7189.828,4.660923,1268.747,1.4502021,7923.275,5.25806,0,,,,,1436.0807973929336,0.00046557462,869.3506046576413,0.00048119947,0.011558276,-0.105983905
2367.6780554799457,7919.5737,5.2566466,0.00083166355,164191,1436.0798990644923,869.3490665737938,7185.234,4.65967,1268.1958,1.4509095,7919.5737,5.2566466,0,,,,,1436.0798990644923,0.00046610823,869.3490665737938,0.00048160087,0.010461271,-0.10630507
2367.6849998353136,7921.9893,5.258921,0.00083157764,164192,1436.0806105520387,869.3497548091271,7188.476,4.6616864,1272.7191,1.4524071,7921.9893,5.258921,0,,,,,1436.0806105520387,0.00046540707,869.3497548091271,0.0004814305,0.012071164,-0.10550653
2367.691944190683,7924.053,5.258993,0.0008314917,164193,1436.0801596289632,869.3486050269208,7191.611,4.6617503,1270.7056,1.453143,7924.053,5.258993,0,,,,,1436.0801596289632,0.00046520753,869.3486050269208,0.00048133236,0.010979568,-0.107020296
2367.6988885460505,7931.3457,5.2600555,0.0008314058,164194,1436.0803728954745,869.348833838975,7197.83,4.662692,1269.4178,1.4504803,7931.3457,5.2600555,0,,,,,1436.0803728954745,0.00046507502,869.348833838975,0.00048072837,0.01085283,-0.10632431
2367.70583290136,7932.413,5.262166,0.00083131983,164195,1436.0828138545228,869.3497920976253,7200.091,4.6645627,1267.8975,1.4506519,7932.413,5.262166,0,,,,,1436.0828138545228,0.00046496477,869.3497920976253,0.00048061795,0.013567391,-0.10552413
2367.71277725667,7932.448,5.260588,0.00083123386,164196,1436.082088105738,869.3478173792147,7200.6113,4.663164,1270.1857,1.451216,7932.448,5.260588,0,,,,,1436.082088105738,0.0004645071,869.3478173792147,0.0004803723,0.013293825,-0.10758964
2367.7197216119803,7939.085,5.263435,0.0008311479,164197,1436.0803496085407,869.3500807003101,7206.139,4.6656876,1270.439,1.4518558,7939.085,5.263435,0,,,,,1436.0803496085407,0.00046497458,869.3500807003101,0.00048005677,0.010383572,-0.10509206
2367.7266659672323,7935.927,5.2615933,0.00083106186,164198,1436.0812216596264,869.348848290719,7203.0938,4.664055,1268.5768,1.4508735,7935.927,5.2615933,0,,,,,1436.0812216596264,0.00046484373,869.348848290719,0.00048054414,0.012065469,-0.106706746
2367.7336103224843,7933.0337,5.262225,0.0008309758,164199,1436.0817132999175,869.348796101337,7201.065,4.6646147,1271.9163,1.4525205,7933.0337,5.262225,0,,,,,1436.0817132999175,0.00046492225,869.348796101337,0.00048088314,0.011372711,-0.10580283
2367.740554677678,7933.742,5.263033,0.00083088974,164200,1436.0808095294447,869.349783755931,7201.7954,4.665331,1269.2007,1.4519633,7933.742,5.263033,0,,,,,1436.0808095294447,0.00046497458,869.349783755931,0.00048079967,0.010519473,-0.10474774
2367.7474990329297,7935.338,5.2618394,0.0008308037,164201,1436.0809188932963,869.3481861870723,7202.92,4.6642733,1269.4657,1.4514182,7935.338,5.2618394,0,,,,,1436.0809188932963,0.00046478692,869.3481861870723,0.00048059606,0.01070733,-0.10698855
2367.7544433880653,7930.7754,5.2598677,0.00083071756,164202,1436.0809567745218,869.3495794431991,7196.809,4.6625247,1270.8337,1.4512943,7930.7754,5.2598677,0,,,,,1436.0809567745218,0.0004649752,869.3495794431991,0.00048098536,0.010333703,-0.105098814
2367.7613877432595,7925.7007,5.261471,0.00083063147,164203,1436.0820074032833,869.3494072529035,7192.6904,4.6639466,1272.5657,1.4529339,7925.7007,5.261471,0,,,,,1436.0820074032833,0.0004657439,869.3494072529035,0.00048114877,0.012767186,-0.10573571
2367.768332098395,7924.85,5.2587485,0.0008305453,164204,1436.081714112486,869.3490469668509,7191.583,4.6615334,1269.7971,1.4505789,7924.85,5.2587485,0,,,,,1436.081714112486,0.00046564874,869.3490469668509,0.00048124313,0.012156469,-0.10624109
2367.7752764534716,7928.14,5.2619367,0.0008304591,164205,1436.0800923639652,869.3489772330142,7193.593,4.6643596,1272.3461,1.4522763,7928.14,5.2619367,0,,,,,1436.0800923639652,0.0004657894,869.3489772330142,0.00048159304,0.009670738,-0.10622132
2367.7822208086072,7924.491,5.2584515,0.00083037297,164206,1436.080604536632,869.350233258363,7191.6343,4.6612697,1269.0983,1.451754,7924.491,5.2584515,0,,,,,1436.080604536632,0.00046519013,869.350233258363,0.00048113172,0.010652822,-0.10416593
2367.789165163684,7927.4243,5.260112,0.00083028676,164207,1436.0825543081278,869.3471977791529,7192.5273,4.6627417,1274.1959,1.4519886,7927.4243,5.260112,0,,,,,1436.0825543081278,0.00046540718,869.3471977791529,0.00048173364,0.012872968,-0.10873535
2367.796109518703,7930.3853,5.261619,0.0008302005,164208,1436.0804395178995,869.3503118587228,7196.4023,4.6640773,1271.0613,1.4509697,7930.3853,5.261619,0,,,,,1436.0804395178995,0.00046534938,869.3503118587228,0.00048143193,0.009602917,-0.1039573
2367.8030538737803,7932.6797,5.259952,0.0008301143,164209,1436.0824596071395,869.3485382175656,7198.4224,4.6626005,1270.8308,1.4513738,7932.6797,5.259952,0,,,,,1436.0824596071395,0.0004650981,869.3485382175656,0.0004807922,0.0121577885,-0.10622898
2367.8099982287413,7935.704,5.260719,0.000830028,164210,1436.0819742223528,869.349345589448,7200.1147,4.6632795,1271.1111,1.4512715,7935.704,5.260719,0,,,,,1436.0819742223528,0.00046490307,869.349345589448,0.00048138763,0.012103741,-0.10563095
2367.8169425837614,7929.611,5.2602973,0.0008299417,164211,1436.0815096302513,869.3494375657757,7196.745,4.662906,1272.9338,1.4516469,7929.611,5.2602973,0,,,,,1436.0815096302513,0.0004650447,869.3494375657757,0.0004810022,0.0116873365,-0.1050314
2367.823886938722,7928.9326,5.261403,0.0008298554,164212,1436.0795365539993,869.3493739800892,7195.21,4.6638865,1274.3502,1.4531028,7928.9326,5.261403,0,,,,,1436.0795365539993,0.00046576658,869.3493739800892,0.0004811603,0.009472267,-0.10496931
2367.8308312936824,7931.2256,5.263348,0.00082976907,164213,1436.0810807165237,869.3495505786849,7199.814,4.665611,1275.4114,1.4539437,7931.2256,5.263348,0,,,,,1436.0810807165237,0.0004651774,869.3495505786849,0.00048124415,0.011598803,-0.10633471
2367.837775648585,7936.443,5.2653303,0.0008296827,164214,1436.080581487883,869.3494134635988,7202.812,4.6673675,1277.2755,1.4545816,7936.443,5.2653303,0,,,,,1436.080581487883,0.00046535255,869.3494134635988,0.00048110783,0.009892903,-0.105719276
2367.844720003488,7918.9443,5.2619624,0.0008295963,164215,1436.0825798006144,869.3502207768481,7186.965,4.664382,1280.9221,1.4557571,7918.9443,5.2619624,0,,,,,1436.0825798006144,0.00046592494,869.3502207768481,0.0004818688,0.01258975,-0.10476666
2367.8516643583907,7927.322,5.2676992,0.0008295099,164216,1436.0804682027988,869.3488706371835,7195.3525,4.6694674,1280.947,1.4583039,7927.322,5.2676992,0,,,,,1436.0804682027988,0.00046579025,869.3488706371835,0.0004820637,0.0102744745,-0.10659982
2367.8586087132344,7926.7095,5.265368,0.0008294235,164217,1436.0809263690467,869.3510358611404,7194.028,4.667401,1284.5745,1.4568893,7926.7095,5.265368,0,,,,,1436.0809263690467,0.00046617258,869.3510358611404,0.00048176193,0.011445395,-0.10396974
2367.865553068079,7930.0107,5.2665696,0.00082933705,164218,1436.0825363319307,869.3488583709867,7195.734,4.668466,1286.2743,1.4578295,7930.0107,5.2665696,0,,,,,1436.0825363319307,0.00046607826,869.3488583709867,0.00048153376,0.011655821,-0.106976986
2367.872497422923,7929.3477,5.266675,0.0008292506,164219,1436.0802797305732,869.3512207579946,7196.13,4.6685596,1286.2777,1.4571692,7929.3477,5.266675,0,,,,,1436.0802797305732,0.00046581964,869.3512207579946,0.00048168164,0.011059928,-0.10490389
2367.879441777709,7920.311,5.264193,0.0008291641,164220,1436.081420606239,869.3499846372843,7186.6567,4.666359,1287.5791,1.4576457,7920.311,5.264193,0,,,,,1436.081420606239,0.00046652372,869.3499846372843,0.00048230393,0.012109794,-0.10434278
2367.886386132496,7930.8184,5.2677865,0.0008290776,164221,1436.0808072128348,869.3496431188593,7193.928,4.669545,1288.4098,1.4623857,7930.8184,5.2677865,0,,,,,1436.0808072128348,0.00046643842,869.3496431188593,0.00048184648,0.0103909485,-0.10592634
2367.893330487282,7930.386,5.2663865,0.0008289911,164222,1436.0819030849877,869.3483664023192,7192.02,4.6683035,1288.8676,1.4583031,7930.386,5.2663865,0,,,,,1436.0819030849877,0.00046682957,869.3483664023192,0.00048253592,0.011676631,-0.105989516
2367.9002748420103,7923.6914,5.266173,0.00082890457,164223,1436.0792578975766,869.3509394727499,7187.5303,4.6681147,1291.7029,1.4601743,7923.6914,5.266173,0,,,,,1436.0792578975766,0.00046618105,869.3509394727499,0.0004829825,0.009759062,-0.10387425
2367.9072191967384,7926.391,5.268462,0.000828818,164224,1436.0794750846983,869.350809358205,7191.3774,4.670144,1289.6871,1.4598194,7926.391,5.268462,0,,,,,1436.0794750846983,0.00046640544,869.350809358205,0.00048273566,0.010635338,-0.10409152
2367.914163551408,7929.3833,5.269207,0.0008287314,164225,1436.0802731466194,869.3496669856349,7195.156,4.670804,1292.4116,1.4616079,7929.3833,5.269207,0,,,,,1436.0802731466194,0.0004661171,869.3496669856349,0.00048261974,0.01112073,-0.106134295
2367.9211079060788,7923.8296,5.268547,0.0008286448,164226,1436.0806391010644,869.3511460959533,7192.3115,4.670219,1292.261,1.4611614,7923.8296,5.268547,0,,,,,1436.0806391010644,0.00046615198,869.3511460959533,0.0004822108,0.011490037,-0.104049146
2367.928052260748,7937.538,5.275301,0.0008285582,164227,1436.0797493236416,869.3497498837346,7204.3335,4.676206,1291.439,1.462385,7937.538,5.275301,0,,,,,1436.0797493236416,0.00046622366,869.3497498837346,0.00048189663,0.0108722905,-0.105325244
2367.9349966153586,7928.3506,5.269498,0.0008284715,164228,1436.078703413815,869.3505793537896,7195.937,4.671062,1290.344,1.4588019,7928.3506,5.269498,0,,,,,1436.078703413815,0.00046590663,869.3505793537896,0.00048226787,0.00851929,-0.104785435
2367.9419409699703,7923.2026,5.268435,0.00082838483,164229,1436.0807149041298,869.3514150123107,7190.936,4.67012,1291.8822,1.4614944,7923.2026,5.268435,0,,,,,1436.0807149041298,0.00046650696,869.3514150123107,0.0004823005,0.011461265,-0.10346487
2367.948885324582,7925.19,5.268197,0.00082829816,164230,1436.0806153540625,869.3492275158145,7192.851,4.6699085,1291.801,1.4597291,7925.19,5.268197,0,,,,,1436.0806153540625,0.00046636414,869.3492275158145,0.0004819737,0.01070545,-0.10570675
2367.9558296791356,7918.291,5.2673655,0.0008282114,164231,1436.0799788792126,869.3503902416344,7186.631,4.6691713,1294.0992,1.4606827,7918.291,5.2673655,0,,,,,1436.0799788792126,0.00046670556,869.3503902416344,0.0004826201,0.009145623,-0.10404534
2367.962774033689,7933.671,5.268925,0.0008281247,164232,1436.082795528101,869.3491645858309,7198.6904,4.670554,1290.6083,1.45989,7933.671,5.268925,0,,,,,1436.082795528101,0.0004664298,869.3491645858309,0.00048202075,0.012825089,-0.10672316
2367.9697183882427,7918.976,5.264622,0.00082803797,164233,1436.0812611951046,869.3505482010382,7184.9404,4.66674,1288.1606,1.4584461,7918.976,5.264622,0,,,,,1436.0812611951046,0.00046676042,869.3505482010382,0.00048243118,0.011408889,-0.104286246
2367.976662742738,7926.064,5.2677727,0.0008279512,164234,1436.0805288215909,869.3493461280424,7191.1816,4.669533,1292.126,1.4610419,7926.064,5.2677727,0,,,,,1436.0805288215909,0.00046682308,869.3493461280424,0.00048236034,0.01111676,-0.10557258
2367.9836070972333,7925.827,5.266796,0.0008278644,164235,1436.0806155687642,869.3496984916031,7190.8477,4.668667,1288.3278,1.4585618,7925.827,5.266796,0,,,,,1436.0806155687642,0.00046621688,869.3496984916031,0.00048230425,0.011270162,-0.10443817
2367.9905514516704,7926.651,5.2669334,0.00082777755,164236,1436.0812139431987,869.3493509223399,7191.235,4.668789,1288.1201,1.4597071,7926.651,5.2669334,0,,,,,1436.0812139431987,0.0004664669,869.3493509223399,0.00048242736,0.012045955,-0.10572114
2367.9974958061075,7935.3604,5.266345,0.0008276907,164237,1436.080648795712,869.3489739943616,7197.914,4.6682673,1285.9459,1.4578211,7935.3604,5.266345,0,,,,,1436.080648795712,0.00046581472,869.3489739943616,0.00048228668,0.010920191,-0.105969295
2368.0044401605437,7924.313,5.2641745,0.00082760386,164238,1436.0806191699503,869.3505854442801,7189.3667,4.6663427,1282.104,1.4577777,7924.313,5.2641745,0,,,,,1436.0806191699503,0.00046632957,869.3505854442801,0.00048245213,0.011406363,-0.10373333
2368.0113845149226,7930.333,5.2662516,0.00082751695,164239,1436.078478343455,869.3517883048648,7195.508,4.668184,1281.1444,1.457656,7930.333,5.2662516,0,,,,,1436.078478343455,0.00046638097,869.3517883048648,0.0004818238,0.008779537,-0.10294142
2368.018328869301,7927.0596,5.2645683,0.00082743005,164240,1436.0821029234075,869.3503738193106,7194.3657,4.6666923,1279.6057,1.4562562,7927.0596,5.2645683,0,,,,,1436.0821029234075,0.00046537595,869.3503738193106,0.000481624,0.012667107,-0.10357725
2368.0252732236795,7927.145,5.263429,0.00082734314,164241,1436.0806321354835,869.3497806027477,7192.7173,4.6656823,1276.04,1.4545139,7927.145,5.263429,0,,,,,1436.0806321354835,0.00046611374,869.3497806027477,0.00048182666,0.01139252,-0.10494836
2368.032217578,7929.388,5.263284,0.0008272562,164242,1436.0799712592736,869.3486558480033,7196.4126,4.6655536,1276.2153,1.4532033,7929.388,5.263284,0,,,,,1436.0799712592736,0.00046537005,869.3486558480033,0.00048135812,0.010761637,-0.1057521
2368.039161932321,7927.285,5.261575,0.0008271692,164243,1436.0814826460023,869.3514811709861,7193.225,4.664039,1272.8668,1.4529583,7927.285,5.261575,0,,,,,1436.0814826460023,0.00046581076,869.3514811709861,0.00048148306,0.011516196,-0.103643514
2368.046106286642,7932.0757,5.2625384,0.00082708226,164244,1436.0802801646087,869.3510620913852,7198.644,4.6648927,1274.9209,1.453266,7932.0757,5.2625384,0,,,,,1436.0802801646087,0.00046510258,869.3510620913852,0.00048091233,0.010142454,-0.10389069
2368.0530506409045,7929.975,5.2585893,0.00082699524,164245,1436.0819863489567,869.3494559242428,7194.641,4.661392,1270.1444,1.4505045,7929.975,5.2585893,0,,,,,1436.0819863489567,0.0004652991,869.3494559242428,0.0004809305,0.012734118,-0.10625133
2368.0599949951666,7928.9824,5.2583027,0.0008269082,164246,1436.078266855862,869.3520741822186,7193.3003,4.6611376,1268.0712,1.450609,7928.9824,5.2583027,0,,,,,1436.078266855862,0.0004654208,869.3520741822186,0.00048123093,0.0100598885,-0.102798164
2368.066939349371,7931.8,5.259351,0.00082682114,164247,1436.080249446799,869.3492860912125,7196.44,4.662067,1267.8784,1.4511176,7931.8,5.259351,0,,,,,1436.080249446799,0.0004652929,869.3492860912125,0.00048120297,0.010478719,-0.10565667
2368.0738837036333,7927.5854,5.256884,0.0008267341,164248,1436.0790604764297,869.3517653778105,7189.676,4.6598806,1266.0197,1.4499339,7927.5854,5.256884,0,,,,,1436.0790604764297,0.00046550445,869.3517653778105,0.00048169066,0.009682734,-0.101163864
2368.0808280577794,7921.617,5.253811,0.000826647,164249,1436.08069901962,869.3503954809357,7185.7974,4.657156,1264.6016,1.4482836,7921.617,5.253811,0,,,,,1436.08069901962,0.00046524813,869.3503954809357,0.00048141045,0.011847643,-0.103766434
2368.0877724119828,7927.842,5.256949,0.0008265599,164250,1436.0820034271294,869.3497936086837,7190.01,4.6599383,1261.828,1.4493551,7927.842,5.256949,0,,,,,1436.0820034271294,0.00046528605,869.3497936086837,0.0004818975,0.01262307,-0.10459762
2368.0947167661284,7923.6353,5.255419,0.00082647277,164251,1436.0816545668515,869.3473711965939,7185.5947,4.6585817,1265.0044,1.4497783,7923.6353,5.255419,0,,,,,1436.0816545668515,0.00046522764,869.3473711965939,0.00048226202,0.012556927,-0.10846552
2368.1016611202745,7935.5903,5.2568016,0.0008263856,164252,1436.0808936880358,869.3521365456746,7197.1357,4.6598077,1259.3824,1.4491534,7935.5903,5.2568016,0,,,,,1436.0808936880358,0.00046479437,869.3521365456746,0.00048127893,0.01121298,-0.10279115
2368.108605474362,7928.644,5.2543797,0.00082629843,164253,1436.0797622406878,869.3521137954112,7193.211,4.6576605,1259.3633,1.4465528,7928.644,5.2543797,0,,,,,1436.0797622406878,0.00046474647,869.3521137954112,0.00048087354,0.010006468,-0.102595
2368.1155498284506,7921.6616,5.2539196,0.00082621124,164254,1436.0830002997584,869.3488966825106,7188.2515,4.657253,1262.3821,1.4475249,7921.6616,5.2539196,0,,,,,1436.0830002997584,0.00046489312,869.3488966825106,0.00048087197,0.0137110995,-0.10658928
2368.122494182538,7931.279,5.2564416,0.00082612404,164255,1436.080570588361,869.3509835969741,7197.0825,4.6594887,1260.565,1.4496262,7931.279,5.2564416,0,,,,,1436.080570588361,0.00046470677,869.3509835969741,0.00048048332,0.009832263,-0.10414154
2368.1294385365672,7938.1465,5.258031,0.0008260368,164256,1436.0796700934918,869.3515596063986,7203.7217,4.660897,1259.2322,1.4474071,7938.1465,5.258031,0,,,,,1436.0796700934918,0.0004644543,869.3515596063986,0.0004804811,0.009710158,-0.10330422
2368.136382890597,7933.0845,5.257052,0.00082594954,164257,1436.080759025686,869.3515340146905,7198.219,4.6600294,1262.3525,1.4476248,7933.0845,5.257052,0,,,,,1436.080759025686,0.00046432985,869.3515340146905,0.00048083186,0.0104146805,-0.10350173
2368.1433272445684,7929.9814,5.254803,0.0008258622,164258,1436.079790525779,869.3506386058522,7196.373,4.658036,1257.2391,1.446003,7929.9814,5.254803,0,,,,,1436.079790525779,0.00046451148,869.3506386058522,0.00048072153,0.010882283,-0.1044031
2368.1502715985407,7923.635,5.2566614,0.0008257749,164259,1436.0809357770306,869.3504637945455,7190.68,4.659683,1259.3529,1.446868,7923.635,5.2566614,0,,,,,1436.0809357770306,0.00046526286,869.3504637945455,0.00048113518,0.010449057,-0.10425716
2368.1572159525117,7930.2153,5.254535,0.0008256876,164260,1436.0800561547546,869.3509427278145,7195.78,4.6577983,1257.5673,1.4455897,7930.2153,5.254535,0,,,,,1436.0800561547546,0.00046454262,869.3509427278145,0.00048074053,0.010773418,-0.103106275
2368.1641603064822,7930.8096,5.255596,0.0008256003,164261,1436.0802744090993,869.3501965528225,7195.2314,4.658739,1260.2849,1.4469016,7930.8096,5.255596,0,,,,,1436.0802744090993,0.00046482682,869.3501965528225,0.00048084612,0.010387139,-0.103843346
2368.1711046603946,7931.118,5.2557883,0.0008255129,164262,1436.0799451071523,869.3510380936029,7193.328,4.658909,1261.5315,1.4490278,7931.118,5.2557883,0,,,,,1436.0799451071523,0.00046487636,869.3510380936029,0.00048144895,0.009607714,-0.103725016
2368.1780490143074,7928.421,5.2530866,0.00082542555,164263,1436.0804233479405,869.3505209695846,7189.2354,4.656514,1258.8883,1.4471618,7928.421,5.2530866,0,,,,,1436.0804233479405,0.00046502755,869.3505209695846,0.00048195204,0.010128751,-0.10485905
2368.1849933681633,7934.425,5.256032,0.0008253381,164264,1436.079405405181,869.3523173698887,7194.448,4.6591253,1259.6042,1.4477532,7934.425,5.256032,0,,,,,1436.079405405181,0.00046489874,869.3523173698887,0.00048187992,0.008809135,-0.10115634
2368.191937722018,7933.207,5.255898,0.0008252507,164265,1436.0805910976253,869.3494994115052,7193.2656,4.6590066,1260.445,1.4500307,7933.207,5.255898,0,,,,,1436.0805910976253,0.00046502534,869.3494994115052,0.00048150247,0.010007642,-0.10492097
2368.198882075873,7930.536,5.2561183,0.00082516327,164266,1436.0817700376972,869.3498615514828,7189.2666,4.659202,1263.37,1.4489422,7930.536,5.2561183,0,,,,,1436.0817700376972,0.00046540995,869.3498615514828,0.00048254264,0.012708823,-0.10398958
2368.2058264296697,7932.471,5.255926,0.0008250758,164267,1436.0808968570873,869.3499194423422,7192.094,4.659032,1263.5287,1.447685,7932.471,5.255926,0,,,,,1436.0808968570873,0.00046558672,869.3499194423422,0.0004818629,0.010601708,-0.10499875
2368.212770783466,7936.623,5.2566996,0.0008249883,164268,1436.0777906489952,869.3527134066048,7197.0884,4.659717,1262.7614,1.4471265,7936.623,5.2566996,0,,,,,1436.0777906489952,0.00046463226,869.3527134066048,0.00048200856,0.0071042664,-0.10070329
2368.219715137264,7937.8755,5.2604094,0.0008249008,164269,1436.081397854756,869.3527058928362,7199.934,4.663006,1260.8522,1.4521751,7937.8755,5.2604094,0,,,,,1436.081397854756,0.00046482004,869.3527058928362,0.00048121563,0.010888745,-0.10094991
2368.226659491002,7933.0664,5.2616262,0.00082481327,164270,1436.0812229286528,869.3494878504436,7196.843,4.664084,1266.5984,1.4516994,7933.0664,5.2616262,0,,,,,1436.0812229286528,0.00046556126,869.3494878504436,0.00048185943,0.012106861,-0.10563527
2368.23360384474,7922.843,5.258315,0.0008247257,164271,1436.0795691634119,869.3517331733409,7189.641,4.661149,1268.0929,1.4514012,7922.843,5.258315,0,,,,,1436.0795691634119,0.00046539787,869.3517331733409,0.00048144723,0.009926679,-0.10323828
2368.2405481984206,7930.7427,5.2603707,0.0008246381,164272,1436.0793424243664,869.3505925157214,7195.949,4.6629715,1266.4159,1.4506361,7930.7427,5.2603707,0,,,,,1436.0793424243664,0.00046531679,869.3505925157214,0.00048165102,0.009174859,-0.103874765
2368.2474925521583,7927.7085,5.259536,0.0008245506,164273,1436.080780078198,869.3517587943832,7192.878,4.662231,1267.1991,1.4500198,7927.7085,5.259536,0,,,,,1436.080780078198,0.00046559857,869.3517587943832,0.00048155876,0.011234079,-0.10284205
2368.2544369057805,7924.036,5.261278,0.0008244629,164274,1436.080476774733,869.3515713691039,7190.3384,4.663776,1270.1813,1.4521575,7924.036,5.261278,0,,,,,1436.080476774733,0.00046531958,869.3515713691039,0.00048181892,0.010130244,-0.102641374
2368.261381259461,7923.4243,5.2578807,0.0008243753,164275,1436.0790462837751,869.3520631692085,7187.732,4.660764,1269.8068,1.4528542,7923.4243,5.2578807,0,,,,,1436.0790462837751,0.0004652723,869.3520631692085,0.00048198973,0.009396753,-0.1020135
2368.268325613083,7926.2354,5.259838,0.00082428765,164276,1436.0805205513143,869.3500021565109,7189.1895,4.6624994,1272.367,1.4534807,7926.2354,5.259838,0,,,,,1436.0805205513143,0.00046554938,869.3500021565109,0.00048245545,0.01036501,-0.104420215
2368.2752699667053,7923.5283,5.258964,0.0008242,164277,1436.080061646196,869.3493635306451,7188.974,4.6617246,1272.9122,1.4523963,7923.5283,5.258964,0,,,,,1436.080061646196,0.000465264,869.3493635306451,0.00048213717,0.010169839,-0.10484716
2368.2822143202693,7931.976,5.265728,0.00082411227,164278,1436.0802899637526,869.3513117636901,7195.338,4.6677203,1274.4121,1.4539242,7931.976,5.265728,0,,,,,1436.0802899637526,0.00046553844,869.3513117636901,0.0004827274,0.010791502,-0.10291319
2368.2891586738333,7925.2505,5.2581906,0.00082402455,164279,1436.0797313245394,869.3493960480965,7186.724,4.6610384,1273.9039,1.4517969,7925.2505,5.2581906,0,,,,,1436.0797313245394,0.00046537715,869.3493960480965,0.00048297035,0.010882713,-0.1039235
2368.2961030273973,7924.498,5.259264,0.00082393683,164280,1436.0797675988924,869.350421650527,7187.4863,4.66199,1273.0148,1.4527478,7924.498,5.259264,0,,,,,1436.0797675988924,0.00046534213,869.350421650527,0.00048259663,0.010541591,-0.104067296
2368.330824794808,7926.094,5.259645,0.00082349783,164285,1436.0793597973761,869.3518149325309,7196.7783,4.6623282,1266.6918,1.4509878,7926.094,5.259645,0,,,,,1436.0793597973761,0.00046518486,869.3518149325309,0.00048054202,0.009335768,-0.103214286
2368.3377691481974,7923.6997,5.260038,0.00082340994,164286,1436.0796437940328,869.350909317137,7194.34,4.6626763,1265.4402,1.4497977,7923.6997,5.260038,0,,,,,1436.0796437940328,0.00046471428,869.350909317137,0.000481066,0.009387148,-0.102876715
2368.3447135016454,7924.8506,5.256831,0.0008233221,164287,1436.0787060369576,869.3515175863913,7196.1216,4.659834,1262.048,1.4473276,7924.8506,5.256831,0,,,,,1436.0787060369576,0.00046444847,869.3515175863913,0.00048036253,0.009189217,-0.103442155
2368.3516578549766,7934.8154,5.2598658,0.00082323415,164288,1436.0805122131446,869.3517033623867,7204.594,4.6625237,1262.2043,1.4479635,7934.8154,5.2598658,0,,,,,1436.0805122131446,0.00046423,869.3517033623867,0.00047980878,0.010254387,-0.102162406
2368.3586022083655,7925.792,5.2555714,0.00082314626,164289,1436.0808234512565,869.3514033497406,7196.123,4.6587167,1259.5765,1.4474578,7925.792,5.2555714,0,,,,,1436.0808234512565,0.00046428424,869.3514033497406,0.0004802129,0.011324432,-0.10212222
2368.3655465616966,7940.5557,5.2571263,0.0008230583,164290,1436.0784384722251,869.3510762365387,7210.001,4.660095,1255.4308,1.4446429,7940.5557,5.2571263,0,,,,,1436.0784384722251,0.00046319718,869.3510762365387,0.00047968276,0.00898075,-0.10434172
2368.372490915028,7928.4556,5.253934,0.00082297035,164291,1436.0796975523901,869.3538592045217,7198.8013,4.6572657,1256.1326,1.4452457,7928.4556,5.253934,0,,,,,1436.0796975523901,0.00046383243,869.3538592045217,0.0004796734,0.009551293,-0.10168032
2368.3794352683008,7923.277,5.252626,0.00082288234,164292,1436.0799233097796,869.3510288451306,7194.997,4.656106,1253.4673,1.4435968,7923.277,5.252626,0,,,,,1436.0799233097796,0.00046398654,869.3510288451306,0.0004796568,0.009728594,-0.103685565
2368.3863796215737,7920.193,5.2508965,0.00082279433,164293,1436.080608463807,869.3541821665754,7191.1587,4.654573,1251.2075,1.4440646,7920.193,5.2508965,0,,,,,1436.080608463807,0.00046405182,869.3541821665754,0.00048002036,0.010312969,-0.09980654
2368.3933239748458,7935.026,5.252578,0.0008227063,164294,1436.0814275272887,869.352902878138,7204.634,4.656063,1246.5746,1.4413735,7935.026,5.252578,0,,,,,1436.0814275272887,0.0004634344,869.352902878138,0.00047931634,0.011743814,-0.10129369
2368.40026832806,7922.9146,5.2496905,0.00082261825,164295,1436.079554529336,869.3506045553985,7193.839,4.653504,1245.5771,1.4417007,7922.9146,5.2496905,0,,,,,1436.079554529336,0.00046378517,869.3506045553985,0.0004797739,0.009280691,-0.10386019
2368.4072126812744,7921.399,5.250451,0.0008225302,164296,1436.0814549487245,869.3538186919727,7193.2275,4.654178,1244.5897,1.4421209,7921.399,5.250451,0,,,,,1436.0814549487245,0.00046423342,869.3538186919727,0.00047958098,0.011161359,-0.10077877
2368.41415703449,7929.742,5.250208,0.0008224421,164297,1436.0797282255921,869.3518459794553,7200.787,4.6539626,1243.0271,1.440595,7929.742,5.250208,0,,,,,1436.0797282255921,0.00046328956,869.3518459794553,0.00047925874,0.009718853,-0.10322503
2368.421101387646,7920.495,5.246484,0.000822354,164298,1436.0793215522183,869.3531571326436,7192.993,4.6506615,1241.548,1.4387714,7920.495,5.246484,0,,,,,1436.0793215522183,0.00046340434,869.3531571326436,0.00047923886,0.010343945,-0.10157465
2368.428045740802,7932.641,5.2484736,0.00082226587,164299,1436.0801228939388,869.3534773177795,7202.962,4.6524253,1239.9117,1.4377301,7932.641,5.2484736,0,,,,,1436.0801228939388,0.00046311467,869.3534773177795,0.000478822,0.010112053,-0.101297334
2368.4349900939005,7932.6064,5.2490582,0.0008221777,164300,1436.07958463028,869.3518372393934,7203.7915,4.6529436,1239.9241,1.4374193,7932.6064,5.2490582,0,,,,,1436.07958463028,0.00046283615,869.3518372393934,0.00047880333,0.009315222,-0.103196755
2368.441934447057,7931.477,5.248508,0.00082208955,164301,1436.0798426393012,869.3533175445045,7202.507,4.652456,1238.2898,1.4375557,7931.477,5.248508,0,,,,,1436.0798426393012,0.00046301182,869.3533175445045,0.0004789657,0.010568099,-0.101400964
2368.448878800098,7919.135,5.24384,0.0008220013,164302,1436.079920637676,869.3524392346168,7191.592,4.648318,1236.4768,1.4358191,7919.135,5.24384,0,,,,,1436.079920637676,0.00046337623,869.3524392346168,0.0004788763,0.010099163,-0.1017533
2368.455823153196,7920.73,5.245041,0.0008219131,164303,1436.0795669715365,869.3528694651587,7193.5415,4.649382,1236.2235,1.4365162,7920.73,5.245041,0,,,,,1436.0795669715365,0.00046314613,869.3528694651587,0.00047892012,0.009892306,-0.10206807
2368.4627675062357,7919.5034,5.2443056,0.0008218249,164304,1436.0795930116697,869.3516734515049,7192.618,4.6487303,1234.2234,1.4357251,7919.5034,5.2443056,0,,,,,1436.0795930116697,0.00046322294,869.3516734515049,0.0004791827,0.009708215,-0.10270978
2368.469711859275,7927.2563,5.245123,0.00082173664,164305,1436.0788942073825,869.3526482684159,7198.761,4.649455,1233.9706,1.4355558,7927.2563,5.245123,0,,,,,1436.0788942073825,0.0004630241,869.3526482684159,0.00047885242,0.00921021,-0.10278745
2368.476656212256,7931.5337,5.2465916,0.00082164834,164306,1436.0807022965473,869.3531763567462,7202.83,4.6507573,1234.1486,1.4357246,7931.5337,5.2465916,0,,,,,1436.0807022965473,0.00046277337,869.3531763567462,0.0004785514,0.010584124,-0.10117353
2368.4836005652387,7930.4404,5.2477508,0.00082156004,164307,1436.0783249165731,869.3523686205009,7202.0396,4.651785,1237.3218,1.4374448,7930.4404,5.2477508,0,,,,,1436.0783249165731,0.00046280143,869.3523686205009,0.0004785234,0.00901311,-0.101858884
2368.4905449182206,7926.5776,5.246902,0.00082147174,164308,1436.081137789232,869.3535924997294,7198.4365,4.651032,1234.6393,1.436965,7926.5776,5.246902,0,,,,,1436.081137789232,0.00046332483,869.3535924997294,0.00047910027,0.011152922,-0.10067921
2368.4974892711443,7930.745,5.246818,0.0008213834,164309,1436.0797663470782,869.3520735326952,7201.8154,4.6509576,1234.5667,1.4360803,7930.745,5.246818,0,,,,,1436.0797663470782,0.00046299578,869.3520735326952,0.0004786697,0.009554766,-0.10237218
2368.5044336240676,7928.8965,5.2462597,0.000821295,164310,1436.0805057788093,869.3540280857753,7200.6206,4.6504626,1235.6465,1.4361327,7928.8965,5.2462597,0,,,,,1436.0805057788093,0.00046276065,869.3540280857753,0.00047849247,0.009838285,-0.1012498
2368.511377976991,7923.769,5.2469726,0.00082120666,164311,1436.07995923077,869.3522808108908,7194.464,4.651095,1238.9562,1.4373134,7923.769,5.2469726,0,,,,,1436.07995923077,0.00046359847,869.3522808108908,0.00047916395,0.010074657,-0.10180887
2368.5183223298573,7932.175,5.2501173,0.00082111824,164312,1436.0789915104342,869.3520860102102,7203.446,4.6538825,1237.9106,1.43798,7932.175,5.2501173,0,,,,,1436.0789915104342,0.00046315446,869.3520860102102,0.00047908945,0.009949132,-0.10200981
2368.5252666827223,7925.9023,5.2466836,0.0008210298,164313,1436.0797216016501,869.3531688873992,7197.8735,4.650839,1238.9132,1.4372797,7925.9023,5.2466836,0,,,,,1436.0797216016501,0.00046314384,869.3531688873992,0.00047867876,0.009892326,-0.101794675
2368.5322110355874,7931.7837,5.250656,0.0008209414,164314,1436.0797138232303,869.3527921353556,7203.9116,4.6543603,1240.0776,1.4380851,7931.7837,5.250656,0,,,,,1436.0797138232303,0.00046309538,869.3527921353556,0.00047898732,0.009545689,-0.101061806
2368.5391553883946,7928.993,5.2511396,0.00082085293,164315,1436.0796181479384,869.3529616379557,7201.0337,4.6547885,1241.7394,1.4393569,7928.993,5.2511396,0,,,,,1436.0796181479384,0.00046349393,869.3529616379557,0.00047944175,0.009560377,-0.10206059
2368.5460997412015,7932.9,5.250841,0.00082076446,164316,1436.0793791604617,869.3539168830597,7204.391,4.654524,1245.0172,1.4398292,7932.9,5.250841,0,,,,,1436.0793791604617,0.00046313347,869.3539168830597,0.00047887498,0.0095806485,-0.10140341
2368.55304409395,7925.451,5.2535567,0.0008206759,164317,1436.0800980369604,869.3533107933786,7197.8887,4.656931,1250.5186,1.4430623,7925.451,5.2535567,0,,,,,1436.0800980369604,0.00046381835,869.3533107933786,0.00047989452,0.010350296,-0.10174294
2368.5599884467574,7931.595,5.2524586,0.00082058745,164318,1436.079770154673,869.3534359184491,7203.362,4.6559577,1249.0281,1.441904,7931.595,5.2524586,0,,,,,1436.079770154673,0.00046341517,869.3534359184491,0.00047900615,0.010420403,-0.10154862
2368.5669327994483,7926.632,5.2548194,0.00082049886,164319,1436.0799362579023,869.3526554467367,7199.0176,4.65805,1253.2675,1.4447469,7926.632,5.2548194,0,,,,,1436.0799362579023,0.00046392667,869.3526554467367,0.0004795456,0.009908473,-0.10133833
2368.573877152197,7934.1753,5.255977,0.0008204103,164320,1436.079156658242,869.3533869013685,7206.0093,4.6590767,1253.8318,1.4444084,7934.1753,5.255977,0,,,,,1436.079156658242,0.00046372696,869.3533869013685,0.00047930254,0.010328845,-0.10196489
2368.5808215048874,7927.5464,5.2569838,0.00082032173,164321,1436.0806908987743,869.3522862575253,7198.886,4.659969,1260.4996,1.447908,7927.5464,5.2569838,0,,,,,1436.0806908987743,0.00046413255,869.3522862575253,0.00047971637,0.010552906,-0.1010724
2368.587765857579,7936.031,5.2599554,0.00082023314,164322,1436.0800068839033,869.3527998186838,7206.782,4.662603,1262.2792,1.4475961,7936.031,5.2599554,0,,,,,1436.0800068839033,0.000463884,869.3527998186838,0.00047982114,0.00902036,-0.10235922
2368.594710210212,7930.1333,5.259247,0.0008201445,164323,1436.0800652500825,869.3539332102788,7201.922,4.6619754,1265.4901,1.4482678,7930.1333,5.259247,0,,,,,1436.0800652500825,0.00046392085,869.3539332102788,0.0004799902,0.010424672,-0.100582756
2368.6016545628445,7931.4067,5.2610345,0.00082005584,164324,1436.0796216316746,869.3534491059415,7203.296,4.6635594,1268.8759,1.4507002,7931.4067,5.2610345,0,,,,,1436.0796216316746,0.00046409076,869.3534491059415,0.0004800695,0.008948903,-0.10107038
2368.6085989154767,7929.085,5.2634077,0.0008199672,164325,1436.0793365590018,869.3536079021715,7201.4883,4.6656637,1272.2832,1.4527845,7929.085,5.2634077,0,,,,,1436.0793365590018,0.00046494527,869.3536079021715,0.000480352,0.009667265,-0.10195335
2368.6155432680507,7936.131,5.268159,0.0008198785,164326,1436.0791995179786,869.3529282668385,7207.451,4.669875,1273.141,1.4536517,7936.131,5.268159,0,,,,,1436.0791995179786,0.00046433177,869.3529282668385,0.00048077587,0.009472366,-0.10155734
2368.6224876206243,7932.08,5.264755,0.00081978977,164327,1436.0796860168673,869.3535168329345,7203.6387,4.6668572,1276.2375,1.4546984,7932.08,5.264755,0,,,,,1436.0796860168673,0.0004648074,869.3535168329345,0.00048082366,0.009085713,-0.1007315
2368.629431973198,7940.3843,5.2681313,0.00081970106,164328,1436.0801703086797,869.3540560072718,7211.6187,4.669851,1278.4983,1.4544169,7940.3843,5.2681313,0,,,,,1436.0801703086797,0.00046473212,869.3540560072718,0.00048031626,0.010317812,-0.10024006
2368.636376325715,7938.7715,5.270813,0.0008196123,164329,1436.0790564964311,869.3528934378237,7209.581,4.672228,1281.0981,1.4568491,7938.7715,5.270813,0,,,,,1436.0790564964311,0.0004648683,869.3528934378237,0.00048094278,0.009296456,-0.10159301
2368.6433206782312,7926.7075,5.2686324,0.0008195235,164330,1436.080255810396,869.3540581456052,7198.7183,4.670295,1287.1852,1.4589624,7926.7075,5.2686324,0,,,,,1436.080255810396,0.0004657078,869.3540581456052,0.00048136726,0.011122711,-0.10066526
2368.6502650306893,7930.543,5.2704773,0.0008194347,164331,1436.0796681507297,869.3539960988363,7203.0635,4.67193,1289.7303,1.4595186,7930.543,5.2704773,0,,,,,1436.0796681507297,0.0004651584,869.3539960988363,0.00048110425,0.00887057,-0.10074421
2368.657209383205,7927.5073,5.272508,0.00081934594,164332,1436.0809514324012,869.3539427726386,7200.063,4.67373,1292.7609,1.46153,7927.5073,5.272508,0,,,,,1436.0809514324012,0.0004658168,869.3539427726386,0.00048188728,0.010368913,-0.100650474
2368.6641537356045,7931.0815,5.271519,0.00081925705,164333,1436.0793719072883,869.3530863437405,7203.124,4.6728535,1293.6077,1.4606918,7931.0815,5.271519,0,,,,,1436.0793719072883,0.0004652803,869.3530863437405,0.00048115614,0.010052522,-0.10114414
2368.6710980880634,7925.481,5.2715282,0.0008191682,164334,1436.0788119124622,869.3524520951262,7198.216,4.672862,1294.0011,1.4621831,7925.481,5.2715282,0,,,,,1436.0788119124622,0.00046564417,869.3524520951262,0.0004817612,0.0089311795,-0.10187782
2368.678042440463,7936.154,5.274592,0.00081907935,164335,1436.079726512326,869.3527672239192,7207.224,4.6755776,1297.1007,1.4620636,7936.154,5.274592,0,,,,,1436.079726512326,0.0004656137,869.3527672239192,0.00048139787,0.009097392,-0.1009551
2368.6849867928627,7939.209,5.275762,0.00081899046,164336,1436.0796245657073,869.3536329865295,7209.8345,4.6766148,1297.7903,1.4630897,7939.209,5.275762,0,,,,,1436.0796245657073,0.0004655801,869.3536329865295,0.0004813152,0.009947389,-0.101069316
2368.6919311452043,7931.685,5.274183,0.0008189015,164337,1436.0799988930503,869.3547680906083,7203.422,4.675215,1295.496,1.4643433,7931.685,5.274183,0,,,,,1436.0799988930503,0.00046574872,869.3547680906083,0.00048187017,0.010281229,-0.099334
2368.698875497545,7928.9126,5.274372,0.0008188126,164338,1436.0792489084542,869.3534506465802,7201.264,4.675382,1297.3643,1.463619,7928.9126,5.274372,0,,,,,1436.0792489084542,0.0004659645,869.3534506465802,0.0004819919,0.009729345,-0.101557165
2368.705819849886,7936.238,5.276897,0.00081872364,164339,1436.0802847290738,869.3541255599108,7207.5977,4.677621,1296.8522,1.4637375,7936.238,5.276897,0,,,,,1436.0802847290738,0.00046580072,869.3541255599108,0.00048149607,0.010283905,-0.10028893
2368.7127642021696,7924.353,5.2746916,0.00081863464,164340,1436.0806680594071,869.353512281877,7197.473,4.675666,1296.6471,1.4645565,7924.353,5.2746916,0,,,,,1436.0806680594071,0.0004660731,869.353512281877,0.0004818176,0.009823262,-0.10139177
2368.719708554453,7945.1353,5.277982,0.00081854564,164341,1436.0799086482352,869.35424476792,7215.535,4.6785827,1294.7062,1.4636742,7945.1353,5.277982,0,,,,,1436.0799086482352,0.0004653951,869.35424476792,0.00048147782,0.010169503,-0.10025383
2368.726652906736,7929.69,5.270854,0.00081845664,164342,1436.0797382324301,869.3551588657764,7201.4287,4.6722636,1291.6233,1.4609427,7929.69,5.270854,0,,,,,1436.0797382324301,0.00046559915,869.3551588657764,0.00048152922,0.009924295,-0.0998058
2368.7335972589613,7920.1133,5.2694874,0.0008183676,164343,1436.078551551514,869.3540099904135,7193.0737,4.6710525,1295.2133,1.4613004,7920.1133,5.2694874,0,,,,,1436.078551551514,0.0004657308,869.3540099904135,0.00048202564,0.00920478,-0.10134231
2368.740541611187,7931.9536,5.2745442,0.0008182785,164344,1436.078934510892,869.3545226783992,7203.9033,4.6755347,1296.7606,1.4621133,7931.9536,5.2745442,0,,,,,1436.078934510892,0.0004654489,869.3545226783992,0.0004818717,0.00910721,-0.100328065
2368.747485963412,7927.1045,5.271953,0.00081818947,164345,1436.0795690366692,869.3530666529296,7199.657,4.6732383,1295.2639,1.4617764,7927.1045,5.271953,0,,,,,1436.0795690366692,0.00046566196,869.3530666529296,0.00048171074,0.009855456,-0.1012795
2368.754430315579,7925.6455,5.2724385,0.00081810035,164346,1436.077849673338,869.3527332002783,7198.607,4.673669,1292.5049,1.4614208,7925.6455,5.2724385,0,,,,,1436.077849673338,0.00046579418,869.3527332002783,0.00048177756,0.0079487255,-0.102116354
2368.7613746677457,7923.816,5.2706637,0.00081801123,164347,1436.080571772286,869.3549938436349,7196.1426,4.6720953,1293.0967,1.4620014,7923.816,5.2706637,0,,,,,1436.080571772286,0.00046576548,869.3549938436349,0.00048184802,0.010716514,-0.09887148
2368.7683190199123,7936.2207,5.275595,0.0008179221,164348,1436.0783365558048,869.3539433663134,7207.5605,4.676467,1293.5594,1.4622468,7936.2207,5.275595,0,,,,,1436.0783365558048,0.0004659526,869.3539433663134,0.00048167148,0.008189006,-0.10071307
2368.775263372022,7929.0244,5.271232,0.00081783294,164349,1436.0798247704192,869.3541574745038,7200.9756,4.672599,1294.3593,1.4610572,7929.0244,5.271232,0,,,,,1436.0798247704192,0.0004654311,869.3541574745038,0.00048142546,0.009910697,-0.10014941
2368.78220772413,7934.126,5.2731214,0.00081774377,164350,1436.0787824534427,869.3523488920068,7206.075,4.674274,1294.0701,1.4627503,7934.126,5.2731214,0,,,,,1436.0787824534427,0.0004651991,869.3523488920068,0.00048124354,0.008673782,-0.102026805
2368.7891520761796,7929.851,5.271376,0.00081765454,164351,1436.0806418608095,869.3548318109996,7202.1475,4.6727266,1292.3683,1.4609839,7929.851,5.271376,0,,,,,1436.0806418608095,0.0004653417,869.3548318109996,0.00048157986,0.010593994,-0.09954222
2368.79609642823,7927.774,5.270307,0.0008175653,164352,1436.0791513497027,869.3553088911732,7200.4766,4.671779,1290.3177,1.4594585,7927.774,5.270307,0,,,,,1436.0791513497027,0.00046559548,869.3553088911732,0.00048132645,0.009405789,-0.0991707
2368.8030407802808,7937.0557,5.2728863,0.0008174761,164353,1436.0791966405914,869.3546097127199,7208.053,4.6740656,1289.9036,1.4611797,7937.0557,5.2728863,0,,,,,1436.0791966405914,0.0004651825,869.3546097127199,0.00048119877,0.009502795,-0.09984493
2368.809985132273,7939.1343,5.273806,0.0008173868,164354,1436.0789367501493,869.3550882021775,7210.0806,4.6748805,1289.0369,1.4610012,7939.1343,5.273806,0,,,,,1436.0789367501493,0.00046505383,869.3550882021775,0.0004813099,0.0101011265,-0.09988718
2368.8169294843237,7940.7764,5.273173,0.00081729755,164355,1436.0787729937151,869.3537606640061,7212.1055,4.6743193,1288.8759,1.4595796,7940.7764,5.273173,0,,,,,1436.0787729937151,0.00046506707,869.3537606640061,0.00048132977,0.008396573,-0.10031748
2368.823873836258,7927.2227,5.2709565,0.0008172082,164356,1436.0791279241462,869.3540229033289,7199.6997,4.6723547,1292.0521,1.4613295,7927.2227,5.2709565,0,,,,,1436.0791279241462,0.00046549505,869.3540229033289,0.00048155632,0.009782777,-0.1002484
2368.8308181882503,7927.5405,5.271182,0.0008171189,164357,1436.0800493397999,869.3549757236474,7200.118,4.6725545,1289.2532,1.4612105,7927.5405,5.271182,0,,,,,1436.0800493397999,0.00046555643,869.3549757236474,0.00048163405,0.01077443,-0.09954222
2368.8377625401845,7930.1743,5.2707376,0.00081702956,164358,1436.0791627511105,869.3536918015454,7202.9604,4.672161,1291.3392,1.460318,7930.1743,5.2707376,0,,,,,1436.0791627511105,0.00046536984,869.3536918015454,0.00048142235,0.008614314,-0.10057543
2368.8447068920605,7928.353,5.2702727,0.00081694016,164359,1436.078493797904,869.3539945019855,7200.72,4.6717486,1292.9958,1.4601182,7928.353,5.2702727,0,,,,,1436.078493797904,0.0004652048,869.3539945019855,0.0004813787,0.0088962205,-0.09958872
2368.8516512439946,7918.8916,5.2691855,0.0008168508,164360,1436.080209654348,869.3544334021618,7192.512,4.6707854,1293.7745,1.4608487,7918.8916,5.2691855,0,,,,,1436.080209654348,0.0004663742,869.3544334021618,0.00048218717,0.009539061,-0.10011718
2368.8585955958697,7925.406,5.2712145,0.0008167614,164361,1436.0790155034565,869.3537503326888,7198.5454,4.6725836,1293.9984,1.4609966,7925.406,5.2712145,0,,,,,1436.0790155034565,0.000465761,869.3537503326888,0.0004818391,0.009386373,-0.099993005
2368.8655399476866,7922.176,5.273858,0.00081667193,164362,1436.0795689368217,869.3540168592976,7195.285,4.674927,1299.9424,1.4646053,7922.176,5.273858,0,,,,,1436.0795689368217,0.0004660947,869.3540168592976,0.0004820481,0.009537049,-0.10003998
2368.8724842995043,7928.7944,5.274148,0.00081658247,164363,1436.0799280549768,869.3541384786786,7201.386,4.6751842,1297.7255,1.4628636,7928.7944,5.274148,0,,,,,1436.0799280549768,0.0004659684,869.3541384786786,0.00048184922,0.00974256,-0.0998738
2368.8794286513225,7927.328,5.2740054,0.000816493,164364,1436.0812514060374,869.3555598326042,7199.666,4.675057,1300.3973,1.464993,7927.328,5.2740054,0,,,,,1436.0812514060374,0.0004656635,869.3555598326042,0.0004817794,0.010615549,-0.099336706
2368.8863730031403,7927.754,5.274136,0.00081640354,164365,1436.0795216720462,869.3558919018494,7199.9644,4.6751733,1300.6478,1.4641677,7927.754,5.274136,0,,,,,1436.0795216720462,0.00046575244,869.3558919018494,0.0004817318,0.010292577,-0.09911702
2368.8933173548994,7925.077,5.273516,0.000816314,164366,1436.0792593029464,869.3536016826571,7197.5166,4.6746235,1300.0164,1.4636873,7925.077,5.273516,0,,,,,1436.0792593029464,0.00046591164,869.3536016826571,0.00048190515,0.008844117,-0.10098849
2368.900261706659,7925.299,5.2746716,0.0008162245,164367,1436.0796220314305,869.3560691694518,7198.006,4.675648,1303.2264,1.4659383,7925.299,5.2746716,0,,,,,1436.0796220314305,0.0004660642,869.3560691694518,0.00048190213,0.0098373005,-0.09819858
2368.9072060584185,7925.074,5.2741914,0.00081613497,164368,1436.0802733471105,869.3550981909729,7197.4697,4.675222,1302.9075,1.4650743,7925.074,5.2741914,0,,,,,1436.0802733471105,0.00046602942,869.3550981909729,0.0004821481,0.010176572,-0.099632256
2368.9141504101194,7923.16,5.2737207,0.0008160454,164369,1436.0792463718828,869.3543125809517,7196.1704,4.6748047,1302.5481,1.4653361,7923.16,5.2737207,0,,,,,1436.0792463718828,0.00046639578,869.3543125809517,0.0004823746,0.008950352,-0.09975602
2368.921094761762,7925.0796,5.274838,0.00081595575,164370,1436.0800157422705,869.3542213526855,7197.97,4.6757956,1303.3706,1.4648086,7925.0796,5.274838,0,,,,,1436.0800157422705,0.0004661281,869.3542213526855,0.000482207,0.009874998,-0.09964192
2368.9280391134644,7927.6143,5.274927,0.00081586617,164371,1436.0791237434864,869.3532801223311,7200.1177,4.6758747,1302.4203,1.4650235,7927.6143,5.274927,0,,,,,1436.0791237434864,0.0004661896,869.3532801223311,0.00048198624,0.009091841,-0.10094948
2368.9349834651066,7924.465,5.2771616,0.0008157765,164372,1436.0793558808277,869.3549638849696,7197.6465,4.6778555,1302.6199,1.4680426,7924.465,5.2771616,0,,,,,1436.0793558808277,0.00046652684,869.3549638849696,0.0004823719,0.009219729,-0.09886925
2368.941927816749,7929.881,5.2753506,0.0008156869,164373,1436.0790409120282,869.3545417038788,7202.5444,4.67625,1300.9269,1.4648225,7929.881,5.2753506,0,,,,,1436.0790409120282,0.00046606397,869.3545417038788,0.00048180865,0.008500962,-0.10002421
2368.9488721683338,7921.0063,5.2745028,0.0008155972,164374,1436.0797029999715,869.3546553199944,7194.199,4.675498,1302.1439,1.4644079,7921.0063,5.2745028,0,,,,,1436.0797029999715,0.0004664585,869.3546553199944,0.000482409,0.010422242,-0.09866235
2368.9558165199187,7932.126,5.2748723,0.0008155075,164375,1436.0794577668667,869.3545002920379,7204.3765,4.675826,1299.5826,1.4632721,7932.126,5.2748723,0,,,,,1436.0794577668667,0.00046564415,869.3545002920379,0.00048155565,0.009055021,-0.09906567
2368.9627608715036,7930.5527,5.273939,0.0008154178,164376,1436.0788724160384,869.3534947792118,7202.999,4.6749988,1298.4075,1.4637222,7930.5527,5.273939,0,,,,,1436.0788724160384,0.00046544787,869.3534947792118,0.00048153577,0.009417068,-0.10028863
2368.9697052230304,7923.454,5.272422,0.00081532804,164377,1436.08027059103,869.3551488940975,7195.784,4.6736536,1298.716,1.4635215,7923.454,5.272422,0,,,,,1436.08027059103,0.00046582063,869.3551488940975,0.00048201525,0.010415928,-0.098573744
2368.976649574557,7925.867,5.273983,0.0008152383,164378,1436.079776217702,869.3556106363317,7198.344,4.675038,1297.1003,1.4625434,7925.867,5.273983,0,,,,,1436.079776217702,0.00046609726,869.3556106363317,0.0004820793,0.010122173,-0.09898351
2368.983593926084,7920.4697,5.2709312,0.0008151485,164379,1436.0784274895925,869.3548815256943,7193.5527,4.672333,1296.4153,1.4630768,7920.4697,5.2709312,0,,,,,1436.0784274895925,0.00046594685,869.3548815256943,0.00048189625,0.008869401,-0.09896968
2368.9905382775523,7925.655,5.2721715,0.0008150587,164380,1436.0798978120565,869.3536674572474,7198.6387,4.6734324,1293.5842,1.4619956,7925.655,5.2721715,0,,,,,1436.0798978120565,0.00046607252,869.3536674572474,0.00048195795,0.009437877,-0.100155376
2368.997482629021,7929.3936,5.2738757,0.0008149689,164381,1436.0797547348056,869.3554432642705,7201.6885,4.6749425,1294.0325,1.4621696,7929.3936,5.2738757,0,,,,,1436.0797547348056,0.00046615818,869.3554432642705,0.00048175466,0.009939021,-0.098276064
2369.0044269804894,7924.957,5.270248,0.0008148791,164382,1436.0791991637996,869.3553708416136,7197.6064,4.6717267,1292.0114,1.4612857,7924.957,5.270248,0,,,,,1436.0791991637996,0.00046550436,869.3553708416136,0.00048144674,0.009353337,-0.09956335
2369.0113713318988,7926.9277,5.2695613,0.0008147892,164383,1436.0791923930299,869.3557907139386,7199.638,4.6711183,1288.251,1.4624218,7926.9277,5.2695613,0,,,,,1436.0791923930299,0.00046526777,869.3557907139386,0.00048130887,0.009042841,-0.09910175
2369.018315683308,7919.86,5.266181,0.00081469934,164384,1436.0788987833437,869.3538690172336,7192.9976,4.668122,1285.839,1.457789,7919.86,5.266181,0,,,,,1436.0788987833437,0.0004652734,869.3538690172336,0.0004815677,0.009071227,-0.099594906
2369.0252600346603,7927.635,5.2676687,0.0008146094,164385,1436.080945937289,869.3556226268707,7199.896,4.6694407,1283.6552,1.4580662,7927.635,5.2676687,0,,,,,1436.080945937289,0.00046567843,869.3556226268707,0.00048083483,0.010001268,-0.0985188
2369.032204386013,7927.281,5.2648697,0.0008145195,164386,1436.080390576239,869.3547331429729,7199.8926,4.6669593,1278.9772,1.456367,7927.281,5.2648697,0,,,,,1436.080390576239,0.0004648495,869.3547331429729,0.00048083265,0.010066296,-0.09934738
2369.039148737365,7929.859,5.266185,0.00081442954,164387,1436.0805847871181,869.355697150033,7201.932,4.668125,1278.0352,1.4560155,7929.859,5.266185,0,,,,,1436.0805847871181,0.00046525022,869.355697150033,0.00048069796,0.010363244,-0.09854094
2369.0460930887166,7928.275,5.2629757,0.0008143396,164388,1436.0799390190036,869.3558335606716,7200.81,4.6652803,1274.4618,1.453877,7928.275,5.2629757,0,,,,,1436.0799390190036,0.0004646396,869.3558335606716,0.0004803419,0.009101271,-0.09812681
2369.0530374400105,7927.1274,5.261498,0.0008142496,164389,1436.0783955603927,869.3550257138879,7199.4434,4.6639705,1272.2363,1.4517857,7927.1274,5.261498,0,,,,,1436.0783955603927,0.00046458538,869.3550257138879,0.0004806041,0.008118303,-0.099305555
2369.0599817913044,7926.712,5.2629404,0.00081415963,164390,1436.0790095969053,869.3548967284739,7199.144,4.665249,1274.6506,1.4531543,7926.712,5.2629404,0,,,,,1436.0790095969053,0.00046473363,869.3548967284739,0.00048085148,0.009331457,-0.0992375
2369.06692614254,7930.7075,5.2622137,0.0008140696,164391,1436.0785029576264,869.3557981154677,7202.9014,4.664605,1268.6366,1.4518125,7930.7075,5.2622137,0,,,,,1436.0785029576264,0.00046427577,869.3557981154677,0.0004805309,0.008926198,-0.099108204
2369.0738704937758,7927.26,5.26214,0.00081397954,164392,1436.0785766103559,869.3557395483227,7199.6333,4.6645393,1268.94,1.4511542,7927.26,5.26214,0,,,,,1436.0785766103559,0.00046446323,869.3557395483227,0.00048064324,0.008721634,-0.09830428
2369.0808148450114,7925.1777,5.2606554,0.0008138895,164393,1436.07857875663,869.3551352107502,7197.9883,4.6632237,1266.2035,1.4505618,7925.1777,5.2606554,0,,,,,1436.07857875663,0.00046476192,869.3551352107502,0.0004807995,0.00851195,-0.09896491
2369.087759196188,7938.063,5.261763,0.0008137994,164394,1436.0787838396502,869.3546839636634,7209.3125,4.6642056,1266.0226,1.449999,7938.063,5.261763,0,,,,,1436.0787838396502,0.00046376116,869.3546839636634,0.00048010776,0.009377494,-0.0994938
2369.0947035473646,7925.3374,5.2586904,0.0008137093,164395,1436.0793556920482,869.3548767730904,7198.1973,4.661482,1266.3807,1.4490209,7925.3374,5.2586904,0,,,,,1436.0793556920482,0.00046464248,869.3548767730904,0.00048016175,0.009108925,-0.098476365
2369.101647898542,7925.136,5.2589993,0.0008136192,164396,1436.0786135455853,869.355151130858,7198.173,4.661755,1266.7874,1.449958,7925.136,5.2589993,0,,,,,1436.0786135455853,0.00046435103,869.355151130858,0.00048019824,0.008317852,-0.09885942
2369.1085922496613,7926.1064,5.2582407,0.000813529,164397,1436.078769891808,869.3561888198115,7198.709,4.661083,1264.6318,1.4486505,7926.1064,5.2582407,0,,,,,1436.078769891808,0.0004642819,869.3561888198115,0.00048012834,0.009453543,-0.0976988
2369.1155366007806,7928.4976,5.2586155,0.00081343885,164398,1436.0793014993922,869.356012606345,7201.129,4.661415,1263.2471,1.4499985,7928.4976,5.2586155,0,,,,,1436.0793014993922,0.0004640908,869.356012606345,0.0004798589,0.009335359,-0.09922723
2369.1224809519,7931.2104,5.2613983,0.0008133487,164399,1436.079738969553,869.3545474536689,7202.9165,4.6638823,1263.5835,1.4492613,7931.2104,5.2613983,0,,,,,1436.079738969553,0.0004645286,869.3545474536689,0.00048037517,0.009442458,-0.09874226
2369.129425302961,7932.9805,5.26054,0.00081325846,164400,1436.0785984777658,869.3558344036473,7204.5044,4.663121,1267.1396,1.4495149,7932.9805,5.26054,0,,,,,1436.0785984777658,0.0004641665,869.3558344036473,0.00047992112,0.008245484,-0.09790873
2369.136369654022,7926.173,5.25803,0.00081316824,164401,1436.0782893509954,869.3550801628807,7198.931,4.6608963,1264.3287,1.448933,7926.173,5.25803,0,,,,,1436.0782893509954,0.000464447,869.3550801628807,0.00048025578,0.008044252,-0.09924358
2369.143314005083,7932.6973,5.2596264,0.000813078,164402,1436.079200750952,869.3561087263754,7204.153,4.6623116,1262.8254,1.448388,7932.6973,5.2596264,0,,,,,1436.079200750952,0.0004643561,869.3561087263754,0.00048022938,0.009433097,-0.098318085
2369.150258356086,7934.3096,5.2602363,0.00081298774,164403,1436.0790686756045,869.3556529348945,7206.166,4.6628523,1263.5936,1.448185,7934.3096,5.2602363,0,,,,,1436.0790686756045,0.00046404402,869.3556529348945,0.00047984126,0.008617812,-0.09885077
2369.157202707089,7928.8345,5.2579713,0.00081289746,164404,1436.0797375705283,869.3560846376166,7200.96,4.6608443,1262.4585,1.4475057,7928.8345,5.2579713,0,,,,,1436.0797375705283,0.00046400624,869.3560846376166,0.00048007487,0.009085527,-0.09800569
2369.1641470580325,7920.5723,5.2587547,0.0008128071,164405,1436.0783945495018,869.3561330076136,7193.9956,4.6615386,1263.4454,1.4494419,7920.5723,5.2587547,0,,,,,1436.0783945495018,0.00046500488,869.3561330076136,0.00048072563,0.008272386,-0.097874895
2369.1710914089763,7924.091,5.2586102,0.0008127168,164406,1436.080019212621,869.356114335796,7197.1274,4.6614103,1267.0594,1.44964,7924.091,5.2586102,0,,,,,1436.080019212621,0.00046448826,869.356114335796,0.00048023992,0.0090157995,-0.09796541
2369.178035759921,7922.5586,5.258823,0.00081262644,164407,1436.0775172076887,869.3551369467525,7195.2573,4.661599,1267.7343,1.4502614,7922.5586,5.258823,0,,,,,1436.0775172076887,0.00046435403,869.3551369467525,0.00048045596,0.008521949,-0.09889213
2369.1849801108665,7921.168,5.2602553,0.0008125361,164408,1436.079064176959,869.3561777422814,7194.5234,4.662869,1267.522,1.4510442,7921.168,5.2602553,0,,,,,1436.079064176959,0.00046475127,869.3561777422814,0.00048070532,0.009382873,-0.09754397
2369.1919244617525,7932.6206,5.2615414,0.0008124457,164409,1436.0801507778226,869.3557825039097,7204.1216,4.6640086,1267.4015,1.4510639,7932.6206,5.2615414,0,,,,,1436.0801507778226,0.00046436832,869.3557825039097,0.00048014958,0.009541766,-0.098404676
2369.1988688126385,7924.9688,5.259616,0.0008123553,164410,1436.0795587656896,869.3564608055989,7197.91,4.662302,1268.5967,1.4507906,7924.9688,5.259616,0,,,,,1436.0795587656896,0.00046427778,869.3564608055989,0.00048019993,0.009128275,-0.09798711
2369.2058131634667,7935.5586,5.265149,0.00081226486,164411,1436.07940981541,869.3550314719423,7207.1504,4.667207,1266.5751,1.4519435,7935.5586,5.265149,0,,,,,1436.07940981541,0.00046453992,869.3550314719423,0.00048046233,0.009052132,-0.09923897
2369.212757514295,7919.6787,5.2589607,0.0008121744,164412,1436.0783690128048,869.356852567309,7192.8843,4.661721,1269.2444,1.4511303,7919.6787,5.2589607,0,,,,,1436.0783690128048,0.00046476163,869.356852567309,0.0004805474,0.008452319,-0.09814803
2369.2197018651227,7939.8125,5.2658386,0.00081208395,164413,1436.0788007966687,869.3562079441845,7210.67,4.667818,1270.1576,1.4516722,7939.8125,5.2658386,0,,,,,1436.0788007966687,0.000463755,869.3562079441845,0.00048029746,0.008945002,-0.09821717
2369.2266462158927,7927.6426,5.261753,0.00081199344,164414,1436.0795122312845,869.3557059399976,7199.67,4.6641965,1272.4022,1.4520793,7927.6426,5.261753,0,,,,,1436.0795122312845,0.00046454268,869.3557059399976,0.00048062066,0.008549266,-0.09793108
2369.233590566663,7927.438,5.261847,0.0008119029,164415,1436.0783564970372,869.3555748119733,7199.612,4.66428,1271.2407,1.4518921,7927.438,5.261847,0,,,,,1436.0783564970372,0.00046490485,869.3555748119733,0.0004802964,0.0073405,-0.09871503
2369.2405349174323,7926.0586,5.2615423,0.0008118124,164416,1436.0794701573075,869.356468761138,7198.384,4.6640096,1272.4655,1.4524572,7926.0586,5.2615423,0,,,,,1436.0794701573075,0.00046472106,869.356468761138,0.00048049583,0.009309197,-0.0969951
2369.2474792681433,7925.5024,5.261761,0.00081172184,164417,1436.0791825711526,869.3556099266224,7198.007,4.664204,1273.5093,1.452808,7925.5024,5.261761,0,,,,,1436.0791825711526,0.0004646312,869.3556099266224,0.00048071245,0.008426355,-0.097983755
2369.254423618855,7930.4634,5.2624598,0.00081163127,164418,1436.0790327259654,869.3559600833622,7202.391,4.664823,1270.1193,1.4519695,7930.4634,5.2624598,0,,,,,1436.0790327259654,0.00046447554,869.3559600833622,0.0004804682,0.009401679,-0.09795987
2369.261367969567,7917.2554,5.2612176,0.0008115407,164419,1436.0792681671428,869.3562188547785,7190.859,4.663722,1274.2914,1.4529305,7917.2554,5.2612176,0,,,,,1436.0792681671428,0.00046496073,869.3562188547785,0.00048135678,0.008980697,-0.09702864
2369.2683123202205,7925.4478,5.262064,0.00081145007,164420,1436.0776001015072,869.353971151477,7197.9253,4.664472,1273.5492,1.4529438,7925.4478,5.262064,0,,,,,1436.0776001015072,0.0004645707,869.353971151477,0.0004809003,0.008148614,-0.0990106
2369.275256670874,7930.539,5.2646775,0.00081135944,164421,1436.0799153714775,869.3573640916719,7202.269,4.6667886,1273.6011,1.453963,7930.539,5.2646775,0,,,,,1436.0799153714775,0.0004649224,869.3573640916719,0.00048075995,0.010105796,-0.09628025
2369.2822010215277,7927.868,5.266948,0.0008112688,164422,1436.0779123348025,869.3563490187579,7200.4443,4.668802,1276.6925,1.4554809,7927.868,5.266948,0,,,,,1436.0779123348025,0.00046526335,869.3563490187579,0.00048093428,0.008144103,-0.0976395
2369.289145372123,7916.247,5.2609925,0.0008111781,164423,1436.07880411676,869.3559473564472,7189.674,4.6635227,1276.9174,1.4548125,7916.247,5.2609925,0,,,,,1436.07880411676,0.00046511527,869.3559473564472,0.00048095768,0.00859412,-0.09763163
2369.2960897227185,7926.7974,5.2670574,0.00081108743,164424,1436.0789702215052,869.3566073278826,7198.9204,4.6688986,1277.3918,1.4565378,7926.7974,5.2670574,0,,,,,1436.0789702215052,0.00046520663,869.3566073278826,0.00048122354,0.008994513,-0.097343855
2369.3030340732557,7930.1567,5.2642083,0.0008109967,164425,1436.0795744543248,869.3565449024787,7201.891,4.666373,1274.7976,1.4543574,7930.1567,5.2642083,0,,,,,1436.0795744543248,0.00046461166,869.3565449024787,0.00048040785,0.008563743,-0.09726919
2369.309978423793,7925.984,5.262936,0.00081090594,164426,1436.078035752422,869.3556371575942,7198.653,4.665245,1275.4957,1.4538795,7925.984,5.262936,0,,,,,1436.078035752422,0.00046469402,869.3556371575942,0.00048059702,0.008561163,-0.09813369
2369.316922774329,7930.577,5.264872,0.0008108152,164427,1436.0781673543265,869.3575513252872,7202.8325,4.666961,1274.4191,1.4542919,7930.577,5.264872,0,,,,,1436.0781673543265,0.0004647395,869.3575513252872,0.00048075514,0.007713227,-0.09759483
2369.3238671248655,7919.7666,5.263871,0.00081072445,164428,1436.0789592587805,869.3561786594298,7192.6304,4.666074,1271.8711,1.4558659,7919.7666,5.263871,0,,,,,1436.0789592587805,0.00046508067,869.3561786594298,0.00048112412,0.009153962,-0.09764856
2369.3308114753445,7920.5664,5.259651,0.00081063365,164429,1436.0795758339675,869.355234069703,7193.5586,4.6623335,1270.5619,1.451809,7920.5664,5.259651,0,,,,,1436.0795758339675,0.00046486183,869.355234069703,0.00048074234,0.009003193,-0.098433614
2369.3377558258235,7925.487,5.2605114,0.00081054284,164430,1436.0785753095838,869.3572094545179,7198.131,4.6630955,1269.8501,1.4507473,7925.487,5.2605114,0,,,,,1436.0785753095838,0.00046439146,869.3572094545179,0.00048038663,0.009032563,-0.09673165
2369.3447001762443,7931.148,5.26359,0.000810452,164431,1436.078511834293,869.3577327351203,7203.304,4.665825,1267.1344,1.4513459,7931.148,5.26359,0,,,,,1436.078511834293,0.00046472793,869.3577327351203,0.0004805075,0.008372647,-0.09538252
2369.351644526665,7919.0415,5.2583566,0.0008103611,164432,1436.0778828123407,869.3558194283241,7192.275,4.6611857,1267.641,1.4513705,7919.0415,5.2583566,0,,,,,1436.0778828123407,0.00046445342,869.3558194283241,0.0004808826,0.008528895,-0.098444566
2369.358588877086,7923.646,5.256317,0.00081027026,164433,1436.079349780991,869.3560955182504,7196.6733,4.659378,1261.8068,1.4473097,7923.646,5.256317,0,,,,,1436.079349780991,0.00046417664,869.3560955182504,0.00047995453,0.008603054,-0.097806744
2369.3655332274484,7922.0254,5.257249,0.00081017934,164434,1436.0791822091994,869.3572641242218,7194.9746,4.660204,1262.7704,1.4485449,7922.0254,5.257249,0,,,,,1436.0791822091994,0.00046436826,869.3572641242218,0.00048031608,0.009035287,-0.096713655
2369.372477577811,7924.573,5.255186,0.0008100884,164435,1436.0788862050827,869.3576660578384,7197.3687,4.6583753,1258.6672,1.4454823,7924.573,5.255186,0,,,,,1436.0788862050827,0.00046416375,869.3576660578384,0.00048005863,0.008419482,-0.0967708
2369.3794219281735,7930.3496,5.2560225,0.0008099975,164436,1436.0776115480103,869.3564491341149,7202.22,4.6591167,1256.3524,1.4458675,7930.3496,5.2560225,0,,,,,1436.0776115480103,0.00046401407,869.3564491341149,0.00047971684,0.007767466,-0.0975184
2369.386366278478,7909.6104,5.251738,0.0008099065,164437,1436.0792409323374,869.3571550890053,7184.022,4.6553187,1255.2477,1.4468739,7909.6104,5.251738,0,,,,,1436.0792409323374,0.00046485782,869.3571550890053,0.00048039644,0.008758492,-0.09746777
2369.3933106287814,7919.4404,5.251418,0.00080981554,164438,1436.0787406068084,869.3566367368885,7192.3184,4.655035,1251.1443,1.4431225,7919.4404,5.251418,0,,,,,1436.0787406068084,0.00046400205,869.3566367368885,0.0004798733,0.008306481,-0.09703053
2369.400254979085,7928.818,5.2544956,0.00080972456,164439,1436.0790361818913,869.3567311466885,7200.644,4.6577635,1250.1731,1.4436636,7928.818,5.2544956,0,,,,,1436.0790361818913,0.00046402385,869.3567311466885,0.00047962472,0.009062134,-0.09754615
2369.407199329331,7916.7227,5.249109,0.0008096335,164440,1436.0778945730183,869.3565298765882,7190.291,4.6529884,1247.0403,1.441487,7916.7227,5.249109,0,,,,,1436.0778945730183,0.00046378982,869.3565298765882,0.0004796958,0.007521102,-0.09705273
2369.414143679577,7916.245,5.2501984,0.0008095425,164441,1436.078374849335,869.3579753711866,7189.996,4.6539545,1249.6111,1.4431028,7916.245,5.2501984,0,,,,,1436.078374849335,0.00046395088,869.3579753711866,0.0004797195,0.008201185,-0.09610758
2369.4210880298237,7929.7207,5.25159,0.00080945145,164442,1436.078854261773,869.35759358775,7201.7095,4.655187,1243.7897,1.4414346,7929.7207,5.25159,0,,,,,1436.078854261773,0.00046358496,869.35759358775,0.00047892853,0.008186243,-0.096625745
2369.4280323800117,7913.516,5.2484326,0.00080936035,164443,1436.0789661334568,869.3572988930785,7187.3516,4.652389,1248.1693,1.4419444,7913.516,5.2484326,0,,,,,1436.0789661334568,0.00046403494,869.3572988930785,0.0004796752,0.008529529,-0.09643115
2369.434976730199,7923.1665,5.2491217,0.00080926926,164444,1436.0786576836763,869.3569670971722,7196.247,4.653,1244.2325,1.4405254,7923.1665,5.2491217,0,,,,,1436.0786576836763,0.00046359785,869.3569670971722,0.00047922702,0.008749634,-0.09702679
2369.441921080329,7923.6104,5.251805,0.0008091781,164445,1436.0789336107746,869.3565278801783,7196.35,4.6553783,1245.1797,1.4414973,7923.6104,5.251805,0,,,,,1436.0789336107746,0.00046402906,869.3565278801783,0.0004796288,0.008427083,-0.09787969
2369.448865430517,7928.256,5.254039,0.000809087,164446,1436.0789765563854,869.3576927436229,7200.322,4.6573586,1244.3066,1.4452696,7928.256,5.254039,0,,,,,1436.0789765563854,0.00046370464,869.3576927436229,0.00047946244,0.008658329,-0.09500689
2369.455809780646,7926.2666,5.2485185,0.00080899586,164447,1436.0787808502378,869.3564753311415,7198.942,4.652465,1242.0607,1.4388436,7926.2666,5.2485185,0,,,,,1436.0787808502378,0.00046324852,869.3564753311415,0.000479216,0.007835077,-0.09742852
2369.4627541307173,7917.0425,5.247192,0.00080890465,164448,1436.0782043104282,869.3570874383321,7190.142,4.651289,1243.2579,1.439608,7917.0425,5.247192,0,,,,,1436.0782043104282,0.00046344657,869.3570874383321,0.00047947277,0.008031986,-0.09642736
2369.4696984807897,7918.215,5.248389,0.00080881343,164449,1436.0793280381952,869.356294699756,7191.56,4.6523504,1242.2096,1.4397924,7918.215,5.248389,0,,,,,1436.0793280381952,0.0004638061,869.356294699756,0.00047958383,0.00854885,-0.096578605
2369.4766428308603,7918.341,5.2480865,0.0008087222,164450,1436.0785455722705,869.3571678079298,7191.8384,4.652082,1244.2352,1.4413395,7918.341,5.2480865,0,,,,,1436.0785455722705,0.00046356817,869.3571678079298,0.00047963212,0.0077892523,-0.09704953
2369.4835871808727,7922.8247,5.2489657,0.00080863095,164451,1436.078720377251,869.3567950174369,7195.828,4.6528616,1244.028,1.4397972,7922.8247,5.2489657,0,,,,,1436.078720377251,0.00046333403,869.3567950174369,0.0004793109,0.008454892,-0.0967664
2369.4905315309443,7923.455,5.249742,0.00080853974,164452,1436.0785892608783,869.356821955721,7195.891,4.65355,1244.9277,1.4407496,7923.455,5.249742,0,,,,,1436.0785892608783,0.00046337402,869.356821955721,0.00047980086,0.008053975,-0.09662649
2369.4974758808994,7926.072,5.2518215,0.0008084484,164453,1436.0797672162473,869.3575052122345,7198.341,4.6553926,1246.3514,1.4437039,7926.072,5.2518215,0,,,,,1436.0797672162473,0.00046374023,869.3575052122345,0.0004791777,0.009185614,-0.0962186
2369.5044202309127,7924.544,5.251274,0.00080835714,164454,1436.0799527936767,869.3572144657561,7197.0645,4.6549077,1246.5369,1.441403,7924.544,5.251274,0,,,,,1436.0799527936767,0.00046364323,869.3572144657561,0.00047925286,0.009184498,-0.09594524
2369.511364580868,7923.143,5.2507625,0.0008082658,164455,1436.0799022444455,869.357303168424,7195.3496,4.654454,1247.101,1.4425744,7923.143,5.2507625,0,,,,,1436.0799022444455,0.00046374172,869.357303168424,0.00047925656,0.009158037,-0.095589705
2369.518308930823,7930.2393,5.2525396,0.0008081745,164456,1436.0792455606029,869.3563772656282,7202.5557,4.656029,1248.9442,1.4423392,7930.2393,5.2525396,0,,,,,1436.0792455606029,0.00046333793,869.3563772656282,0.00047912748,0.008874033,-0.09647753
2369.52525328072,7921.269,5.2511544,0.0008080831,164457,1436.0796782288523,869.3574310074224,7193.637,4.6548014,1250.427,1.442961,7921.269,5.2511544,0,,,,,1436.0796782288523,0.00046385033,869.3574310074224,0.0004796197,0.008679215,-0.09602546
2369.532197630617,7923.775,5.254924,0.0008079917,164458,1436.0782475882481,869.3571554100383,7196.332,4.658143,1251.5953,1.4436746,7923.775,5.254924,0,,,,,1436.0782475882481,0.00046379276,869.3571554100383,0.0004799981,0.0077219056,-0.0964513
2369.5391419805133,7932.0166,5.2545757,0.00080790033,164459,1436.0778722504904,869.3567691768023,7204.2007,4.657834,1252.2089,1.4440259,7932.0166,5.2545757,0,,,,,1436.0778722504904,0.0004633562,869.3567691768023,0.00047941468,0.007867337,-0.09712136
2369.5460863303515,7915.242,5.2513056,0.0008078089,164460,1436.0796144694339,869.3571711820758,7188.5137,4.6549354,1255.4232,1.4445704,7915.242,5.2513056,0,,,,,1436.0796144694339,0.00046433875,869.3571711820758,0.00047995482,0.009393757,-0.09591138
2369.55303068019,7924.8735,5.2559905,0.00080771744,164461,1436.077720910532,869.357802874646,7197.722,4.659088,1258.9369,1.4470457,7924.8735,5.2559905,0,,,,,1436.077720910532,0.00046394125,869.357802874646,0.00048015994,0.007972252,-0.09586954
2369.559975030028,7924.6777,5.2564974,0.000807626,164462,1436.0788693335066,869.3573561492269,7197.1064,4.6595373,1259.5953,1.4472313,7924.6777,5.2564974,0,,,,,1436.0788693335066,0.0004644525,869.3573561492269,0.00048026614,0.007791779,-0.09631753
2369.5669193798085,7928.69,5.258384,0.0008075345,164463,1436.0785072078265,869.3587097003804,7200.6196,4.66121,1261.2787,1.4494026,7928.69,5.258384,0,,,,,1436.0785072078265,0.00046390799,869.3587097003804,0.00048009184,0.008530861,-0.09581164
2369.573863729589,7925.1875,5.2589927,0.000807443,164464,1436.0783964634797,869.3573546408064,7197.808,4.66175,1264.5258,1.4493209,7925.1875,5.2589927,0,,,,,1436.0783964634797,0.00046426654,869.3573546408064,0.0004803471,0.008042791,-0.09604014
2369.5808080793113,7918.956,5.260561,0.00080735143,164465,1436.0779325714955,869.3587200481139,7191.97,4.66314,1269.0083,1.4519618,7918.956,5.260561,0,,,,,1436.0779325714955,0.00046475022,869.3587200481139,0.00048118987,0.0079778135,-0.09512642
2369.587752429092,7914.341,5.258939,0.00080725993,164466,1436.0789445611335,869.3576585955077,7187.859,4.6617017,1271.8672,1.4516715,7914.341,5.258939,0,,,,,1436.0789445611335,0.000464975,869.3576585955077,0.00048099348,0.009417996,-0.09590002
2369.594696778756,7928.7627,5.2632365,0.0008071683,164467,1436.079122597603,869.3569626309476,7200.864,4.665512,1272.783,1.4521803,7928.7627,5.2632365,0,,,,,1436.079122597603,0.0004644446,869.3569626309476,0.00048073148,0.008144118,-0.09680571
2369.601641128478,7928.7705,5.2638555,0.00080707675,164468,1436.0788481770383,869.3566921010652,7201.1187,4.66606,1277.0079,1.4539615,7928.7705,5.2638555,0,,,,,1436.0788481770383,0.0004648864,869.3566921010652,0.00048049435,0.008849922,-0.096208006
2369.608585478142,7926.1006,5.269193,0.00080698513,164469,1436.077615721568,869.3576660516088,7198.388,4.670792,1279.8384,1.4573646,7926.1006,5.269193,0,,,,,1436.077615721568,0.00046547657,869.3576660516088,0.00048156932,0.00798677,-0.096497394
2369.615529827806,7917.4985,5.2637806,0.0008068935,164470,1436.078297309512,869.3588242393438,7190.5117,4.6659937,1281.816,1.456573,7917.4985,5.2637806,0,,,,,1436.078297309512,0.00046542395,869.3588242393438,0.00048149342,0.008022219,-0.0953653
2369.62247417747,7926.1006,5.269582,0.0008068019,164471,1436.0784013714065,869.3572614282052,7198.381,4.671136,1285.0294,1.4599952,7926.1006,5.269582,0,,,,,1436.0784013714065,0.00046576632,869.3572614282052,0.0004815886,0.0077999057,-0.09611423
2369.629418527075,7926.309,5.268693,0.0008067102,164472,1436.0781770553594,869.3585357195443,7198.414,4.6703486,1287.4564,1.4603175,7926.309,5.268693,0,,,,,1436.0781770553594,0.00046539697,869.3585357195443,0.00048151397,0.008662619,-0.0957541
2369.6363628766803,7915.264,5.2671113,0.00080661854,164473,1436.0781646374428,869.357794963214,7188.9688,4.6689463,1289.9683,1.4601846,7915.264,5.2671113,0,,,,,1436.0781646374428,0.00046593734,869.357794963214,0.00048183938,0.00797821,-0.096369885
2369.643307226228,7926.9893,5.2703924,0.0008065268,164474,1436.0780025724878,869.356942906366,7199.499,4.671855,1290.8163,1.4610769,7926.9893,5.2703924,0,,,,,1436.0780025724878,0.00046575713,869.356942906366,0.00048158888,0.007190486,-0.09663915
2369.6502515757757,7921.5166,5.2690907,0.00080643507,164475,1436.0785640978436,869.3574108128864,7194.4604,4.670701,1292.1207,1.4607273,7921.5166,5.2690907,0,,,,,1436.0785640978436,0.0004656685,869.3574108128864,0.00048199279,0.008691667,-0.09646914
2369.657195925323,7918.2334,5.2713356,0.00080634333,164476,1436.0792049005536,869.3593591611461,7191.34,4.672691,1299.0984,1.4642447,7918.2334,5.2713356,0,,,,,1436.0792049005536,0.00046610503,869.3593591611461,0.00048225137,0.008932038,-0.09457233
2369.6641402748123,7926.5,5.2737947,0.00080625154,164477,1436.078619038115,869.3572549659514,7198.9175,4.6748705,1298.623,1.4636499,7926.5,5.2737947,0,,,,,1436.078619038115,0.0004659243,869.3572549659514,0.0004819379,0.008803232,-0.09613537
2369.6710846243022,7929.9053,5.2759867,0.00080615975,164478,1436.0786637971003,869.3579061646235,7201.6167,4.6768136,1299.3563,1.4643875,7929.9053,5.2759867,0,,,,,1436.0786637971003,0.0004663208,869.3579061646235,0.00048186796,0.0086234305,-0.095754474
2369.6780289737917,7930.6924,5.2766876,0.00080606795,164479,1436.0790071328872,869.357889258516,7202.505,4.677435,1304.7659,1.4660326,7930.6924,5.2766876,0,,,,,1436.0790071328872,0.0004659263,869.357889258516,0.00048218944,0.008827982,-0.09578766
2369.684973323223,7927.75,5.276988,0.0008059761,164480,1436.0773716889814,869.3581552182575,7200.106,4.6777015,1304.2158,1.4671514,7927.75,5.276988,0,,,,,1436.0773716889814,0.00046655166,869.3581552182575,0.00048201642,0.0076332428,-0.095789395
2369.6919176726537,7920.3027,5.2760963,0.00080588425,164481,1436.0789611655334,869.358447303674,7193.82,4.676911,1304.4084,1.4696845,7920.3027,5.2760963,0,,,,,1436.0789611655334,0.00046642817,869.358447303674,0.0004824265,0.008846053,-0.09506725
2369.6988620220845,7917.7124,5.2760057,0.0008057924,164482,1436.0776823372755,869.3583369379423,7190.8643,4.676831,1305.2593,1.466977,7917.7124,5.2760057,0,,,,,1436.0776823372755,0.00046685265,869.3583369379423,0.00048277553,0.0073799887,-0.09574219
2369.7058063714567,7914.874,5.2744303,0.0008057005,164483,1436.0776069995761,869.3581835936803,7188.924,4.6754336,1304.2963,1.4674815,7914.874,5.2744303,0,,,,,1436.0776069995761,0.00046671781,869.3581835936803,0.0004826635,0.007216132,-0.09517183
2369.712750720829,7921.096,5.2771063,0.0008056086,164484,1436.0781335730107,869.3575624737697,7193.8516,4.6778064,1304.7811,1.4687706,7921.096,5.2771063,0,,,,,1436.0781335730107,0.0004666395,869.3575624737697,0.00048283522,0.0077066016,-0.09593501
2369.7196950702028,7927.798,5.27419,0.00080551667,164485,1436.0778847356169,869.3581093886597,7199.3125,4.675221,1301.8417,1.4643307,7927.798,5.27419,0,,,,,1436.0778847356169,0.0004659671,869.3581093886597,0.00048227396,0.008082506,-0.09566635
2369.7266394195176,7928.1187,5.2751374,0.0008054247,164486,1436.078195882071,869.3582572780848,7200.388,4.676061,1300.8761,1.4639028,7928.1187,5.2751374,0,,,,,1436.078195882071,0.00046592214,869.3582572780848,0.0004822219,0.007782453,-0.09503012
2369.7335837688324,7923.182,5.276094,0.00080533273,164487,1436.0781562383972,869.3583061720796,7195.848,4.6769094,1300.3143,1.465666,7923.182,5.276094,0,,,,,1436.0781562383972,0.00046657154,869.3583061720796,0.00048250143,0.00823545,-0.09568731
2369.740528118147,7928.898,5.27601,0.00080524076,164488,1436.0780432858107,869.3578534347484,7200.6587,4.676834,1301.4133,1.4654689,7928.898,5.27601,0,,,,,1436.0780432858107,0.000466148,869.3578534347484,0.00048193426,0.008334776,-0.09568907
2369.747472467403,7923.0054,5.2739544,0.00080514874,164489,1436.0794029832634,869.3591378757503,7195.696,4.6750126,1300.3773,1.4644094,7923.0054,5.2739544,0,,,,,1436.0794029832634,0.00046649147,869.3591378757503,0.00048222594,0.008560015,-0.09505627
2369.7544168166605,7928.9365,5.274557,0.0008050567,164490,1436.0785319489826,869.3589789794147,7200.998,4.675546,1299.6292,1.4640206,7928.9365,5.274557,0,,,,,1436.0785319489826,0.00046602316,869.3589789794147,0.000481856,0.008479156,-0.094974294
2369.7613611659167,7923.9243,5.2728276,0.0008049647,164491,1436.078362156956,869.3576925850848,7196.372,4.6740136,1299.062,1.4643092,7923.9243,5.2728276,0,,,,,1436.078362156956,0.0004656196,869.3576925850848,0.000481922,0.008128453,-0.0950947
2369.768305515115,7925.1196,5.2746987,0.0008048726,164492,1436.0782838277173,869.3585927711758,7197.4976,4.675672,1300.0945,1.4647393,7925.1196,5.2746987,0,,,,,1436.0782838277173,0.000466111,869.3585927711758,0.0004820932,0.0078636035,-0.095052585
2369.7752498643135,7922.0405,5.272977,0.0008047805,164493,1436.078797986739,869.3578849679833,7194.9644,4.6741457,1295.7089,1.462926,7922.0405,5.272977,0,,,,,1436.078797986739,0.00046630378,869.3578849679833,0.00048212727,0.0071370895,-0.09534581
2369.782194213453,7933.2666,5.275412,0.0008046884,164494,1436.0784323233993,869.3582756538854,7204.726,4.676304,1297.0273,1.4639089,7933.2666,5.275412,0,,,,,1436.0784323233993,0.00046564292,869.3582756538854,0.0004818954,0.007482771,-0.09478822
2369.789138562592,7924.4917,5.2732472,0.00080459623,164495,1436.0787812300418,869.358680277898,7197.0522,4.6743855,1297.1531,1.4628298,7924.4917,5.2732472,0,,,,,1436.0787812300418,0.0004658806,869.358680277898,0.00048196953,0.008457465,-0.09539427
2369.796082911732,7928.623,5.2723494,0.0008045041,164496,1436.0792475990095,869.3589062388941,7200.6255,4.673589,1294.962,1.4619277,7928.623,5.2723494,0,,,,,1436.0792475990095,0.00046534667,869.3589062388941,0.00048176004,0.008294789,-0.09487655
2369.803027260873,7922.9893,5.2710147,0.00080441195,164497,1436.0784120759045,869.3593602218109,7195.1333,4.672406,1296.1456,1.462257,7922.9893,5.2710147,0,,,,,1436.0784120759045,0.00046600547,869.3593602218109,0.0004818634,0.008821365,-0.093864724
2369.8099716099546,7923.2017,5.2710247,0.00080431974,164498,1436.0774302760717,869.3588097029632,7195.5425,4.6724153,1295.7667,1.4620389,7923.2017,5.2710247,0,,,,,1436.0774302760717,0.0004658143,869.3588097029632,0.00048210117,0.008642202,-0.09503615
2369.8169159589784,7922.656,5.2731485,0.0008042275,164499,1436.0775230960471,869.3594531957677,7195.3813,4.6742983,1298.1903,1.4636046,7922.656,5.2731485,0,,,,,1436.0775230960471,0.00046622826,869.3594531957677,0.00048192128,0.0084328465,-0.094735935
2369.8238603080604,7926.266,5.271579,0.0008041353,164500,1436.0787670224518,869.3586944259554,7198.3223,4.6729064,1294.4878,1.4617853,7926.266,5.271579,0,,,,,1436.0787670224518,0.00046581993,869.3586944259554,0.00048182742,0.008781134,-0.09549401
2369.8308046570837,7924.88,5.2722063,0.000804043,164501,1436.0772256225528,869.3593207627328,7197.6113,4.673463,1294.9615,1.4635787,7924.88,5.2722063,0,,,,,1436.0772256225528,0.00046579028,869.3593207627328,0.00048173516,0.007090758,-0.09462711
2369.8377490061084,7920.932,5.274574,0.00080395077,164502,1436.078889569554,869.3588984849888,7193.9526,4.675562,1300.2208,1.4657794,7920.932,5.274574,0,,,,,1436.078889569554,0.00046628437,869.3588984849888,0.00048234753,0.0074337465,-0.094622135
2369.8446933550736,7922.2773,5.2711306,0.00080385845,164503,1436.07812984572,869.3585663903767,7194.0845,4.672509,1297.6019,1.4631375,7922.2773,5.2711306,0,,,,,1436.07812984572,0.00046576033,869.3585663903767,0.000482009,0.008613792,-0.094703704
2369.8516377040387,7919.1797,5.273583,0.00080376613,164504,1436.0772945013418,869.3580528370586,7192.4653,4.674683,1300.0946,1.4647276,7919.1797,5.273583,0,,,,,1436.0772945013418,0.0004659113,869.3580528370586,0.0004825001,0.0069205845,-0.095730536
2369.8585820530034,7922.4043,5.273346,0.0008036738,164505,1436.0782859641492,869.3585986632203,7194.7236,4.674473,1301.2863,1.4651735,7922.4043,5.273346,0,,,,,1436.0782859641492,0.0004661926,869.3585986632203,0.00048238336,0.008825727,-0.09429629
2369.8655264019103,7929.0034,5.275157,0.00080358144,164506,1436.0785958406088,869.3588254719493,7200.9526,4.6760783,1301.4011,1.4648793,7929.0034,5.275157,0,,,,,1436.0785958406088,0.00046581624,869.3588254719493,0.0004818113,0.007653911,-0.09435376
2369.8724707508177,7922.527,5.2739553,0.00080348906,164507,1436.0782832621305,869.3586452187806,7195.467,4.675013,1302.7107,1.4659585,7922.527,5.2739553,0,,,,,1436.0782832621305,0.00046625512,869.3586452187806,0.00048196557,0.007165541,-0.09512098
2369.8794150997246,7922.3257,5.2745533,0.0008033967,164508,1436.0777389405714,869.3602189081454,7194.493,4.6755433,1303.8491,1.4663033,7922.3257,5.2745533,0,,,,,1436.0777389405714,0.00046632977,869.3602189081454,0.00048230262,0.00829304,-0.09350127
2369.8863594485747,7926.8813,5.27752,0.00080330425,164509,1436.0789029109594,869.359485784534,7199.1045,4.678173,1307.2838,1.4670466,7926.8813,5.27752,0,,,,,1436.0789029109594,0.00046637256,869.359485784534,0.0004826102,0.008480599,-0.0945033
2369.8933037974234,7928.8647,5.277734,0.0008032118,164510,1436.0781546656071,869.3596545727157,7200.684,4.6783624,1308.0314,1.4671398,7928.8647,5.277734,0,,,,,1436.0781546656071,0.0004659805,869.3596545727157,0.0004823429,0.00795042,-0.09461945
2369.900248146272,7927.883,5.2777743,0.0008031194,164511,1436.0780104027876,869.3576591558669,7199.7886,4.678398,1309.2627,1.4681408,7927.883,5.2777743,0,,,,,1436.0780104027876,0.0004664672,869.3576591558669,0.00048246788,0.0076818005,-0.094931245
2369.907192495063,7927.9243,5.278806,0.0008030269,164512,1436.0799874625961,869.3600091463063,7199.6562,4.679313,1309.6156,1.4687923,7927.9243,5.278806,0,,,,,1436.0799874625961,0.00046632148,869.3600091463063,0.00048260207,0.008730789,-0.093154736
2369.914136843854,7920.0635,5.27757,0.0008029344,164513,1436.0771564973809,869.3579415150001,7193.0645,4.678217,1311.8202,1.4691608,7920.0635,5.27757,0,,,,,1436.0771564973809,0.00046677346,869.3579415150001,0.00048288156,0.0071210186,-0.095668264
2369.921081192587,7926.1904,5.278893,0.00080284185,164514,1436.0787035942044,869.3593031205752,7198.15,4.6793904,1310.7892,1.4702088,7926.1904,5.278893,0,,,,,1436.0787035942044,0.00046616475,869.3593031205752,0.00048283648,0.008698282,-0.09473854
2369.928025541378,7920.521,5.276251,0.00080274936,164515,1436.0787283985146,869.3590323000114,7192.475,4.677048,1310.642,1.4679729,7920.521,5.276251,0,,,,,1436.0787283985146,0.00046679148,869.3590323000114,0.00048264678,0.008913528,-0.09450579
2369.93496989011,7931.076,5.2791286,0.0008026568,164516,1436.0791357238436,869.3598929853284,7202.1396,4.679599,1310.2247,1.4686104,7931.076,5.2791286,0,,,,,1436.0791357238436,0.00046632666,869.3598929853284,0.00048234974,0.008735709,-0.093692005
2369.9419142387837,7924.061,5.2776656,0.0008025642,164517,1436.078763145786,869.3594443640751,7196.261,4.6783023,1310.3535,1.4695154,7924.061,5.2776656,0,,,,,1436.078763145786,0.0004661734,869.3594443640751,0.0004824478,0.008737284,-0.09394948
2369.948858587458,7918.591,5.2769394,0.0008024716,164518,1436.0777263957134,869.35756579327,7191.4194,4.6776586,1311.4512,1.4691664,7918.591,5.2769394,0,,,,,1436.0777263957134,0.00046686767,869.35756579327,0.00048276453,0.0075866706,-0.09539333
2369.9558029361324,7933.768,5.2787585,0.000802379,164519,1436.0791529904752,869.3594247064154,7205.0435,4.679271,1306.5132,1.4677551,7933.768,5.2787585,0,,,,,1436.0791529904752,0.00046614764,869.3594247064154,0.00048215996,0.0084351925,-0.093352124
2369.962747284807,7935.054,5.2792597,0.0008022864,164520,1436.0773964044606,869.3592601142798,7206.101,4.679715,1307.176,1.4676224,7935.054,5.2792597,0,,,,,1436.0773964044606,0.0004658638,869.3592601142798,0.0004823913,0.007091171,-0.094489336
2369.969691633424,7924.2964,5.278161,0.0008021937,164521,1436.0780052769007,869.3583623265878,7195.9004,4.6787415,1308.5328,1.4687095,7924.2964,5.278161,0,,,,,1436.0780052769007,0.00046655556,869.3583623265878,0.00048280985,0.007262022,-0.094599366
2369.97663598204,7930.2183,5.2797465,0.00080210104,164522,1436.0785204178287,869.360017797523,7201.2695,4.6801467,1309.2579,1.4685541,7930.2183,5.2797465,0,,,,,1436.0785204178287,0.00046616298,869.360017797523,0.00048266954,0.008005993,-0.09417699
2369.9835803305978,7927.103,5.2766514,0.0008020083,164523,1436.0784422208212,869.3595793364509,7199.2056,4.677403,1307.3715,1.4665046,7927.103,5.2766514,0,,,,,1436.0784422208212,0.00046613152,869.3595793364509,0.0004822534,0.007860362,-0.09413465
2369.990524679156,7927.087,5.2753215,0.0008019156,164524,1436.077855218452,869.3595592416121,7199.0664,4.6762238,1303.634,1.4657129,7927.087,5.2753215,0,,,,,1436.077855218452,0.00046619683,869.3595592416121,0.00048212474,0.0071654916,-0.09386482
2369.997469027714,7922.567,5.2746124,0.00080182287,164525,1436.0781141111895,869.3582937067539,7195.057,4.6755958,1302.6768,1.4667495,7922.567,5.2746124,0,,,,,1436.0781141111895,0.00046626144,869.3582937067539,0.00048215303,0.007228872,-0.094663106
2370.0044133762135,7932.2236,5.2755194,0.0008017301,164526,1436.0785969378949,869.3594279304876,7202.5254,4.6763997,1301.0259,1.4642586,7932.2236,5.2755194,0,,,,,1436.0785969378949,0.0004659213,869.3594279304876,0.00048170108,0.007461137,-0.09396356
2370.011357724713,7925.9834,5.273376,0.0008016373,164527,1436.0792543009377,869.3605331585189,7197.8525,4.674499,1299.8665,1.4641457,7925.9834,5.273376,0,,,,,1436.0792543009377,0.00046579377,869.3605331585189,0.00048183656,0.008914146,-0.09290776
2370.018302073213,7931.422,5.2751374,0.0008015445,164528,1436.0777588992717,869.3591647510137,7202.3057,4.676061,1296.7126,1.4637816,7931.422,5.2751374,0,,,,,1436.0777588992717,0.00046558084,869.3591647510137,0.0004817562,0.0077669956,-0.09467347
2370.025246421654,7926.175,5.271468,0.0008014517,164529,1436.0780562838374,869.3601548607893,7197.8394,4.672808,1295.7579,1.4619551,7926.175,5.271468,0,,,,,1436.0780562838374,0.00046624403,869.3601548607893,0.00048168428,0.00786829,-0.09277923
2370.0321907700954,7928.064,5.27038,0.00080135884,164530,1436.0776644862542,869.3595425929566,7199.166,4.671844,1291.5408,1.4606466,7928.064,5.27038,0,,,,,1436.0776644862542,0.00046524152,869.3595425929566,0.0004815956,0.0077520716,-0.09414936
2370.039135118537,7926.97,5.2705913,0.000801266,164531,1436.0781875283924,869.3594094673921,7198.8716,4.672031,1291.3574,1.4608063,7926.97,5.2705913,0,,,,,1436.0781875283924,0.00046563186,869.3594094673921,0.0004814911,0.008194844,-0.093704805
2370.0460794669207,7926.757,5.268227,0.0008011731,164532,1436.077870478416,869.3606840584874,7198.277,4.669935,1287.2281,1.4591042,7926.757,5.268227,0,,,,,1436.077870478416,0.00046514714,869.3606840584874,0.0004812435,0.0067719477,-0.093732916
2370.0530238153037,7929.607,5.2695875,0.0008010802,164533,1436.0775353401903,869.3593681847949,7201.0483,4.671141,1285.4116,1.4607221,7929.607,5.2695875,0,,,,,1436.0775353401903,0.00046559484,869.3593681847949,0.000481166,0.0075981948,-0.093361914
2370.0599681636872,7930.301,5.2681746,0.0008009873,164534,1436.0767074685928,869.3595494613597,7201.9673,4.6698885,1283.939,1.4573895,7930.301,5.2681746,0,,,,,1436.0767074685928,0.00046528922,869.3595494613597,0.000480838,0.006587335,-0.09371359
2370.066912512013,7924.27,5.266808,0.00080089434,164535,1436.0781535619892,869.3593644446236,7196.689,4.6686773,1283.0116,1.4593351,7924.27,5.266808,0,,,,,1436.0781535619892,0.00046528305,869.3593644446236,0.00048120436,0.008208092,-0.09395346
2370.0738568603383,7931.35,5.2673554,0.0008008014,164536,1436.078089980583,869.3605960022352,7202.6216,4.6691628,1280.0934,1.4565858,7931.35,5.2673554,0,,,,,1436.078089980583,0.0004654564,869.3605960022352,0.0004807528,0.007448173,-0.093160905
2370.0808012086636,7924.476,5.265199,0.0008007084,164537,1436.077871604414,869.3598113050859,7196.265,4.6672516,1276.7821,1.4552411,7924.476,5.265199,0,,,,,1436.077871604414,0.00046545218,869.3598113050859,0.00048092802,0.0072345417,-0.09336456
2370.08774555693,7931.524,5.2645516,0.0008006154,164538,1436.0784879465414,869.3598014678984,7202.994,4.666677,1276.4777,1.4538008,7931.524,5.2645516,0,,,,,1436.0784879465414,0.00046485974,869.3598014678984,0.00048036987,0.008016447,-0.09358991
2370.094689905196,7930.261,5.2656956,0.0008005224,164539,1436.0776462657095,869.3597028875483,7201.8354,4.667691,1276.8494,1.4550444,7930.261,5.2656956,0,,,,,1436.0776462657095,0.0004650256,869.3597028875483,0.00048046611,0.0069061522,-0.09367228
2370.1016342534626,7930.0903,5.265573,0.0008004294,164540,1436.07899531972,869.3606832775187,7201.2993,4.6675825,1275.4686,1.4537264,7930.0903,5.265573,0,,,,,1436.07899531972,0.00046533355,869.3606832775187,0.00048104266,0.0075437524,-0.09279823
2370.1085786016715,7934.374,5.265571,0.0008003363,164541,1436.077961063403,869.3594260999529,7205.111,4.6675816,1276.4673,1.4550743,7934.374,5.265571,0,,,,,1436.077961063403,0.00046432795,869.3594260999529,0.00048038183,0.0067924317,-0.09425227
2370.115522949881,7936.2236,5.2654443,0.00080024323,164542,1436.0767143248947,869.3590300166035,7207.1904,4.667469,1274.6318,1.4526682,7936.2236,5.2654443,0,,,,,1436.0767143248947,0.0004642845,869.3590300166035,0.0004807051,0.006090466,-0.09322671
2370.1224672980316,7919.9844,5.2612524,0.0008001501,164543,1436.0777576255955,869.3606163341469,7192.003,4.663753,1273.3412,1.4527986,7919.9844,5.2612524,0,,,,,1436.0777576255955,0.00046504574,869.3606163341469,0.00048097057,0.0077815372,-0.09240879
2370.1294116461822,7931.973,5.267071,0.00080005697,164544,1436.0778367074201,869.3600781716519,7203.2744,4.6689105,1272.4286,1.4569403,7931.973,5.267071,0,,,,,1436.0778367074201,0.00046493392,869.3600781716519,0.000481092,0.0071282326,-0.092786334
2370.1363559943325,7930.2124,5.268162,0.00079996383,164545,1436.0782395971548,869.3595674319449,7201.4375,4.6698775,1274.0317,1.4542732,7930.2124,5.268162,0,,,,,1436.0782395971548,0.0004649939,869.3595674319449,0.00048134496,0.0077363276,-0.093953826
2370.1433003424827,7931.059,5.2649083,0.0007998707,164546,1436.0784868045525,869.3607875447503,7202.0264,4.6669936,1272.126,1.4530067,7931.059,5.2649083,0,,,,,1436.0784868045525,0.00046503398,869.3607875447503,0.00048056888,0.007816373,-0.09243745
2370.150244690576,7934.9795,5.263487,0.0007997775,164547,1436.0775076478456,869.360389616667,7205.9385,4.6657333,1269.8314,1.4517066,7934.9795,5.263487,0,,,,,1436.0775076478456,0.00046430383,869.360389616667,0.00048015142,0.007093853,-0.093418494
2370.1571890386685,7940.3696,5.2656026,0.0007996843,164548,1436.077559708063,869.3599964149158,7210.73,4.667609,1269.8801,1.4525807,7940.3696,5.2656026,0,,,,,1436.077559708063,0.0004641969,869.3599964149158,0.00047977385,0.007418882,-0.09309611
2370.164133386703,7934.033,5.264057,0.0007995911,164549,1436.0782189182214,869.3607560201644,7204.96,4.666239,1271.1692,1.4524009,7934.033,5.264057,0,,,,,1436.0782189182214,0.000464436,869.3607560201644,0.00048033724,0.007908498,-0.09310969
2370.171077734736,7943.692,5.2652273,0.0007994978,164550,1436.0768600127808,869.3603430698305,7213.992,4.667277,1270.3848,1.4518441,7943.692,5.2652273,0,,,,,1436.0768600127808,0.00046375298,869.3603430698305,0.00047984524,0.0064775473,-0.09364041
2370.1780220827695,7937.1533,5.266566,0.0007994046,164551,1436.0773980878319,869.3614575889821,7207.8545,4.6684628,1271.3501,1.4529556,7937.1533,5.266566,0,,,,,1436.0773980878319,0.00046452772,869.3614575889821,0.00048057124,0.00737067,-0.09260282
2370.184966430745,7923.395,5.2612524,0.00079931127,164552,1436.077041436272,869.3605407871364,7195.7563,4.663753,1272.07,1.4520206,7923.395,5.2612524,0,,,,,1436.077041436272,0.00046464108,869.3605407871364,0.00048080317,0.0069561386,-0.09262335
2370.1919107787207,7935.6924,5.2634454,0.00079921796,164553,1436.0768760223543,869.3598429401642,7206.168,4.665697,1271.4775,1.4518919,7935.6924,5.2634454,0,,,,,1436.0768760223543,0.0004644209,869.3598429401642,0.0004802487,0.006370569,-0.093676955
2370.1988551266977,7929.325,5.2627997,0.00079912465,164554,1436.0784996619177,869.3607825980416,7199.841,4.665124,1273.3123,1.4529718,7929.325,5.2627997,0,,,,,1436.0784996619177,0.0004645598,869.3607825980416,0.0004806098,0.007947817,-0.09172013
2370.2057994746156,7929.192,5.263205,0.0007990313,164555,1436.0766887997117,869.3603947375126,7200.741,4.6654835,1272.6218,1.4525657,7929.192,5.263205,0,,,,,1436.0766887997117,0.0004646347,869.3603947375126,0.00048071556,0.0073431474,-0.09378409
2370.2127438225334,7932.703,5.265158,0.0007989379,164556,1436.0768170594515,869.3616013092984,7203.8784,4.667215,1274.0757,1.453053,7932.703,5.265158,0,,,,,1436.0768170594515,0.00046479335,869.3616013092984,0.0004806603,0.007047759,-0.092349164
2370.219688170451,7934.997,5.2648635,0.00079884456,164557,1436.0777595698169,869.3602884810077,7205.7124,4.6669536,1273.4263,1.452802,7934.997,5.2648635,0,,,,,1436.0777595698169,0.00046464396,869.3602884810077,0.00048050086,0.007141096,-0.09257289
2370.22663251831,7926.388,5.263408,0.00079875113,164558,1436.0784152322994,869.3601652993369,7197.9004,4.665664,1274.3854,1.4540178,7926.388,5.263408,0,,,,,1436.0784152322994,0.00046486218,869.3601652993369,0.00048046638,0.007031574,-0.09291964
2370.2335768661696,7925.1763,5.2630496,0.0007986577,164559,1436.0778430408998,869.3596158636053,7197.0913,4.665346,1276.3363,1.4535197,7925.1763,5.2630496,0,,,,,1436.0778430408998,0.00046480048,869.3596158636053,0.00048081274,0.0074126674,-0.0941749
2370.2405212140293,7938.095,5.268553,0.0007985643,164560,1436.0772102901374,869.3618425641707,7208.2065,4.670224,1278.0023,1.4551148,7938.095,5.268553,0,,,,,1436.0772102901374,0.00046483154,869.3618425641707,0.0004809743,0.006869946,-0.09103759
2370.2474655618303,7920.977,5.263493,0.0007984708,164561,1436.0781610089246,869.3608244715564,7193.683,4.665739,1277.6636,1.4557157,7920.977,5.263493,0,,,,,1436.0781610089246,0.00046513788,869.3608244715564,0.00048096754,0.008049034,-0.09215984
2370.254409909631,7930.8433,5.2684274,0.0007983773,164562,1436.0772361384827,869.3597192771146,7202.4546,4.6701126,1280.0436,1.4555141,7930.8433,5.2684274,0,,,,,1436.0772361384827,0.00046462097,869.3597192771146,0.00048127765,0.0065075266,-0.093721285
2370.2613542574322,7919.959,5.26401,0.00079828384,164563,1436.0787278570606,869.3601112193331,7192.758,4.6661973,1278.8878,1.4554834,7919.959,5.26401,0,,,,,1436.0787278570606,0.00046515366,869.3601112193331,0.00048103422,0.0076937107,-0.09275245
2370.2682986051755,7927.78,5.266566,0.0007981903,164564,1436.0778885950917,869.3601651851436,7199.3774,4.6684628,1279.8867,1.4571956,7927.78,5.266566,0,,,,,1436.0778885950917,0.00046505377,869.3601651851436,0.0004811815,0.0071325796,-0.092966996
2370.2752429529182,7924.4414,5.2666855,0.00079809676,164565,1436.07812797055,869.3616270571512,7196.2847,4.6685686,1281.7792,1.4569032,7924.4414,5.2666855,0,,,,,1436.07812797055,0.00046543145,869.3616270571512,0.00048119595,0.008056497,-0.09082425
2370.2821873006615,7926.2637,5.2669106,0.0007980032,164566,1436.0781527610557,869.3608242855317,7197.848,4.668769,1285.0146,1.456929,7926.2637,5.2669106,0,,,,,1436.0781527610557,0.00046510526,869.3608242855317,0.00048134086,0.0075104856,-0.09286195
2370.2891316483465,7927.2124,5.268905,0.0007979096,164567,1436.077636160024,869.3614063860165,7198.6064,4.6705365,1283.9629,1.4587773,7927.2124,5.268905,0,,,,,1436.077636160024,0.0004657367,869.3614063860165,0.00048130672,0.007439724,-0.092405945
2370.2960759960315,7929.1094,5.2681165,0.000797816,164568,1436.07615391025,869.3614760409208,7200.5347,4.6698375,1285.1279,1.4571875,7929.1094,5.2681165,0,,,,,1436.07615391025,0.00046531335,869.3614760409208,0.0004813505,0.006649045,-0.09195272
2370.3030203436583,7930.854,5.268975,0.0007977224,164569,1436.077064519772,869.3609934757023,7201.965,4.670598,1284.7637,1.4589604,7930.854,5.268975,0,,,,,1436.077064519772,0.00046500083,869.3609934757023,0.0004810324,0.0072602746,-0.09161272
2370.309964691285,7926.4937,5.2687397,0.0007976287,164570,1436.0769537575563,869.3597870010386,7198.085,4.6703897,1284.7124,1.4600415,7926.4937,5.2687397,0,,,,,1436.0769537575563,0.00046556536,869.3597870010386,0.00048136053,0.0062090917,-0.09398736
2370.316909038912,7924.5728,5.267824,0.00079753506,164571,1436.0765240668215,869.3609115795766,7196.293,4.6695786,1287.8291,1.4585748,7924.5728,5.267824,0,,,,,1436.0765240668215,0.00046514833,869.3609115795766,0.0004814614,0.0066383705,-0.09263391
2370.323853386538,7929.5645,5.267774,0.0007974414,164572,1436.0788976435053,869.3616671270328,7201.0503,4.669534,1284.8182,1.4578625,7929.5645,5.267774,0,,,,,1436.0788976435053,0.00046518454,869.3616671270328,0.0004809393,0.008103056,-0.09102464
2370.3307977341055,7922.6704,5.2681603,0.0007973477,164573,1436.0768950521567,869.3601298841685,7195.0073,4.6698756,1281.7831,1.4576892,7922.6704,5.2681603,0,,,,,1436.0768950521567,0.00046576926,869.3601298841685,0.0004818963,0.006371868,-0.093535885
2370.337742081674,7931.0796,5.266126,0.000797254,164574,1436.0763745230845,869.3621547271035,7201.878,4.668073,1279.885,1.4553026,7931.0796,5.266126,0,,,,,1436.0763745230845,0.00046488177,869.3621547271035,0.0004807748,0.0064575737,-0.09066748
2370.3446864291845,7931.9985,5.2670856,0.0007971602,164575,1436.0776173075958,869.3604067274971,7202.7515,4.6689234,1279.4498,1.4556103,7931.9985,5.2670856,0,,,,,1436.0776173075958,0.0004648693,869.3604067274971,0.00048111996,0.006803598,-0.09257848
2370.351630776695,7934.775,5.266835,0.00079706643,164576,1436.077858910054,869.3609308607676,7205.435,4.668701,1277.6698,1.454378,7934.775,5.266835,0,,,,,1436.077858910054,0.00046462525,869.3609308607676,0.0004804045,0.007488733,-0.092202775
2370.3585751242053,7932.829,5.2652364,0.00079697266,164577,1436.0771973718809,869.3609125690502,7203.7383,4.6672845,1275.8329,1.4547454,7932.829,5.2652364,0,,,,,1436.0771973718809,0.0004644537,869.3609125690502,0.00048084953,0.006672305,-0.09256486
2370.3655194716575,7921.4326,5.263321,0.0007968788,164578,1436.0774174782264,869.3608403023609,7193.3584,4.6655865,1277.0414,1.4550161,7921.4326,5.263321,0,,,,,1436.0774174782264,0.0004652436,869.3608403023609,0.0004813636,0.007379569,-0.09271194
2370.3724638191097,7928.928,5.2647886,0.000796785,164579,1436.076924168645,869.3607875870879,7200.3706,4.6668878,1275.2273,1.4544208,7928.928,5.2647886,0,,,,,1436.076924168645,0.00046507933,869.3607875870879,0.00048071964,0.0059938934,-0.09162575
2370.3794081665615,7922.5464,5.2616754,0.00079669117,164580,1436.0765096953933,869.3606099995383,7194.904,4.664128,1272.1002,1.453707,7922.5464,5.2616754,0,,,,,1436.0765096953933,0.00046477697,869.3606099995383,0.0004806768,0.0056394786,-0.09207968
2370.386352513955,7922.659,5.261629,0.0007965973,164581,1436.0776972698625,869.3605138941803,7194.0605,4.664087,1269.0508,1.4544353,7922.659,5.261629,0,,,,,1436.0776972698625,0.00046483456,869.3605138941803,0.00048086172,0.007740191,-0.09099688
2370.39329686135,7928.2207,5.2609105,0.0007965034,164582,1436.0772899239037,869.3621771124704,7199.824,4.66345,1269.7026,1.450885,7928.2207,5.2609105,0,,,,,1436.0772899239037,0.00046450022,869.3621771124704,0.0004803203,0.0067504183,-0.090729296
2370.400241208743,7936.042,5.26331,0.0007964095,164583,1436.076843726459,869.3613351044252,7206.345,4.6655765,1263.83,1.4499316,7936.042,5.26331,0,,,,,1436.076843726459,0.00046423436,869.3613351044252,0.00048019367,0.006971326,-0.090966396
2370.407185556078,7923.8726,5.2569165,0.00079631555,164584,1436.0765656516503,869.361725867751,7196.3037,4.6599092,1263.3885,1.4483713,7923.8726,5.2569165,0,,,,,1436.0765656516503,0.0004640034,869.361725867751,0.00048027208,0.0068346644,-0.09205146
2370.4141299034136,7930.0933,5.262164,0.0007962216,164585,1436.0779854141804,869.3619802891199,7201.539,4.664561,1265.7314,1.4529372,7930.0933,5.262164,0,,,,,1436.0779854141804,0.00046439006,869.3619802891199,0.0004801774,0.007556589,-0.09122603
2370.4210742507494,7934.6807,5.2577896,0.00079612766,164586,1436.0769380326296,869.3603365037436,7205.1104,4.6606836,1258.4814,1.4461828,7934.6807,5.2577896,0,,,,,1436.0769380326296,0.00046389457,869.3603365037436,0.0004797242,0.005627425,-0.09276556
2370.4280185980265,7925.5146,5.256692,0.00079603365,164587,1436.0772782648087,869.3622245983547,7197.3193,4.65971,1258.349,1.4467312,7925.5146,5.256692,0,,,,,1436.0772782648087,0.00046412367,869.3622245983547,0.00048007537,0.0063644736,-0.091048166
2370.4349629453036,7945.151,5.261312,0.00079593965,164588,1436.0775438439832,869.3619664570648,7214.476,4.6638055,1258.7162,1.448028,7945.151,5.261312,0,,,,,1436.0775438439832,0.00046327297,869.3619664570648,0.00047939084,0.0070627783,-0.091418356
2370.441907292582,7927.626,5.2577963,0.00079584564,164589,1436.0770161613295,869.361390768847,7199.0405,4.6606894,1261.3823,1.4476581,7927.626,5.2577963,0,,,,,1436.0770161613295,0.00046392545,869.361390768847,0.0004801399,0.0062526567,-0.0911315
2370.448851639801,7933.308,5.2568583,0.0007957516,164590,1436.0770678616577,869.3616765315004,7204.235,4.6598577,1254.867,1.4447863,7933.308,5.2568583,0,,,,,1436.0770678616577,0.00046377082,869.3616765315004,0.000479371,0.0061550513,-0.091776125
2370.4557959870203,7930.215,5.254847,0.0007956575,164591,1436.075930160384,869.3618547167333,7201.447,4.658075,1255.4448,1.4440422,7930.215,5.254847,0,,,,,1436.075930160384,0.00046383814,869.3618547167333,0.0004795795,0.005809527,-0.090821095
2370.4627403342397,7926.4062,5.2558374,0.00079556345,164592,1436.0782826228262,869.3615495724915,7198.1533,4.6589527,1255.6488,1.4477179,7926.4062,5.2558374,0,,,,,1436.0782826228262,0.00046407184,869.3615495724915,0.00047972036,0.0070489105,-0.09176218
2370.4696846814004,7931.548,5.257092,0.0007954693,164593,1436.0779593029986,869.3612077871903,7202.4854,4.660065,1255.2682,1.4465318,7931.548,5.257092,0,,,,,1436.0779593029986,0.0004641554,869.3612077871903,0.00047959285,0.0057758903,-0.09123547
2370.4766290285606,7934.2734,5.2554345,0.0007953752,164594,1436.077466160094,869.362786592618,7204.8125,4.6585956,1254.3748,1.4443635,7934.2734,5.2554345,0,,,,,1436.077466160094,0.00046341977,869.362786592618,0.00047944183,0.007539573,-0.090111375
2370.4835733756627,7927.667,5.257016,0.000795281,164595,1436.0768825823386,869.3613503363745,7198.874,4.659998,1254.8,1.4486725,7927.667,5.257016,0,,,,,1436.0768825823386,0.0004638002,869.3613503363745,0.0004801531,0.0062009906,-0.090973765
2370.4905177227665,7924.3706,5.254471,0.00079518685,164596,1436.077216946884,869.3619256489258,7196.1074,4.657741,1255.5176,1.4451907,7924.3706,5.254471,0,,,,,1436.077216946884,0.00046415091,869.3619256489258,0.00047988398,0.0065491023,-0.09118269
2370.497462069869,7929.6616,5.2564673,0.00079509267,164597,1436.077181180982,869.3623105291099,7200.877,4.659511,1256.7968,1.4463978,7929.6616,5.2564673,0,,,,,1436.077181180982,0.00046377792,869.3623105291099,0.0004796139,0.0064367238,-0.09109432
2370.504406416972,7926.818,5.254472,0.0007949985,164598,1436.0753618651684,869.3607162816068,7198.7983,4.6577425,1254.8693,1.4449692,7926.818,5.254472,0,,,,,1436.0753618651684,0.0004636956,869.3607162816068,0.00047986736,0.0051343525,-0.09212265
2370.5113507640167,7934.0586,5.257132,0.00079490425,164599,1436.0778311935082,869.3629932829805,7205.0137,4.6601005,1256.1158,1.4469479,7934.0586,5.257132,0,,,,,1436.0778311935082,0.00046354235,869.3629932829805,0.00047968724,0.0070892777,-0.089962415
2370.518295111061,7928.2036,5.25547,0.00079481,164600,1436.0762098826706,869.3618259736744,7199.6226,4.658627,1256.2942,1.4458873,7928.2036,5.25547,0,,,,,1436.0762098826706,0.00046375435,869.3618259736744,0.00047956573,0.005278134,-0.0910204
2370.5252394580475,7925.2295,5.254508,0.0007947157,164601,1436.077475745525,869.3625922572405,7196.734,4.657774,1255.9348,1.4453696,7925.2295,5.254508,0,,,,,1436.077475745525,0.00046408348,869.3625922572405,0.00048021853,0.0073635923,-0.09083458
2370.532183805034,7923.4976,5.2549744,0.0007946214,164602,1436.0765653406845,869.3625009802691,7195.561,4.658188,1258.2618,1.4458975,7923.4976,5.2549744,0,,,,,1436.0765653406845,0.0004641036,869.3625009802691,0.00048008468,0.00670203,-0.09067791
2370.5391281520206,7924.2144,5.256486,0.0007945271,164603,1436.0757663633112,869.3622468981231,7196.3296,4.659528,1259.489,1.4475049,7924.2144,5.256486,0,,,,,1436.0757663633112,0.00046392254,869.3622468981231,0.00047997828,0.005515157,-0.09108516
2370.546072498949,7922.638,5.25754,0.00079443277,164604,1436.0774062463938,869.3620138899638,7194.5,4.6604624,1261.7682,1.447908,7922.638,5.25754,0,,,,,1436.0774062463938,0.0004643731,869.3620138899638,0.00048046265,0.0069731423,-0.090691425
2370.5530168458763,7923.131,5.257105,0.0007943384,164605,1436.0768728132678,869.3619074548216,7195.15,4.660076,1262.479,1.4481529,7923.131,5.257105,0,,,,,1436.0768728132678,0.00046434888,869.3619074548216,0.00048041687,0.0057701604,-0.0909671
2370.559961192804,7934.157,5.261535,0.00079424406,164606,1436.0774478955511,869.3620697812386,7205.103,4.6640034,1262.6476,1.4497614,7934.157,5.261535,0,,,,,1436.0774478955511,0.00046425016,869.3620697812386,0.00048018547,0.005953085,-0.09119102
2370.566905539674,7928.7383,5.258751,0.00079414964,164607,1436.0773230477457,869.3628940608278,7200.0425,4.6615353,1264.8075,1.4497956,7928.7383,5.258751,0,,,,,1436.0773230477457,0.00046418625,869.3628940608278,0.00048022537,0.005969626,-0.0895876
2370.573849886544,7927.5664,5.2615337,0.00079405523,164608,1436.0774501645283,869.3617128454961,7198.974,4.664002,1267.9608,1.452237,7927.5664,5.2615337,0,,,,,1436.0774501645283,0.0004644249,869.3617128454961,0.00048049513,0.006245102,-0.09088461
2370.580794233414,7917.8696,5.257244,0.0007939608,164609,1436.0764465527193,869.3620000600218,7190.534,4.6601996,1267.7705,1.449932,7917.8696,5.257244,0,,,,,1436.0764465527193,0.00046456154,869.3620000600218,0.00048061623,0.0059363567,-0.09136501
2370.587738580226,7926.8335,5.2610855,0.00079386635,164610,1436.0769825197544,869.3629616210928,7198.1797,4.6636047,1271.3406,1.4518206,7926.8335,5.2610855,0,,,,,1436.0769825197544,0.00046463884,869.3629616210928,0.0004806273,0.0065611606,-0.09012575
2370.594682927038,7920.321,5.26168,0.0007937719,164611,1436.077448004232,869.3617637987061,7192.839,4.664132,1276.0253,1.4536358,7920.321,5.26168,0,,,,,1436.077448004232,0.00046474638,869.3617637987061,0.00048120503,0.0063603413,-0.0905431
2370.6016272738498,7925.7837,5.2629623,0.0007936774,164612,1436.0762465954895,869.3620880691477,7197.0757,4.6652684,1274.5079,1.4532416,7925.7837,5.2629623,0,,,,,1436.0762465954895,0.00046507575,869.3620880691477,0.00048104377,0.0060313335,-0.09027031
2370.6085716206035,7937.083,5.2668815,0.0007935829,164613,1436.0786321815942,869.3630858144659,7207.787,4.6687427,1276.5696,1.4546149,7937.083,5.2668815,0,,,,,1436.0786321815942,0.00046462935,869.3630858144659,0.00048038393,0.007428108,-0.0894911
2370.615515967357,7937.027,5.2680078,0.00079348835,164614,1436.0758781337522,869.3625205002803,7207.8203,4.6697407,1280.5671,1.4560053,7937.027,5.2680078,0,,,,,1436.0758781337522,0.00046458252,869.3625205002803,0.00048066056,0.005318802,-0.08995825
2370.6224603141104,7917.305,5.2669706,0.0007933938,164615,1436.0765012566621,869.3616272860634,7190.3096,4.668822,1285.8741,1.4596859,7917.305,5.2669706,0,,,,,1436.0765012566621,0.00046587375,869.3616272860634,0.0004817206,0.0059206137,-0.091178425
2370.629404660805,7926.9385,5.2702775,0.00079329923,164616,1436.0767763615652,869.3636246913013,7198.5474,4.6717525,1287.0529,1.459158,7926.9385,5.2702775,0,,,,,1436.0767763615652,0.00046526143,869.3636246913013,0.00048192797,0.0062439283,-0.08946653
2370.6363490075,7936.421,5.271731,0.00079320464,164617,1436.0759999054192,869.3624422116947,7206.401,4.6730413,1288.52,1.459912,7936.421,5.271731,0,,,,,1436.0759999054192,0.00046534985,869.3624422116947,0.00048132308,0.0067407694,-0.08973249
2370.6432933541955,7927.7983,5.271847,0.00079311006,164618,1436.0765469523485,869.3622829481657,7199.028,4.673144,1293.0474,1.461548,7927.7983,5.271847,0,,,,,1436.0765469523485,0.00046557753,869.3622829481657,0.00048185003,0.0056298794,-0.09054492
2370.650237700833,7926.195,5.271655,0.0007930154,164619,1436.0761605621065,869.3618426419378,7198.019,4.6729746,1293.4789,1.4615278,7926.195,5.271655,0,,,,,1436.0761605621065,0.00046576283,869.3618426419378,0.00048165905,0.005753185,-0.09063919
2370.65718204747,7924.998,5.273187,0.00079292076,164620,1436.0769430371083,869.3632594906553,7196.8213,4.674332,1296.9794,1.463498,7924.998,5.273187,0,,,,,1436.0769430371083,0.00046582407,869.3632594906553,0.00048212605,0.006353824,-0.08915543
2370.664126394049,7925.2446,5.2756357,0.00079282606,164621,1436.0777399286999,869.3625365326425,7197.216,4.6765027,1300.6903,1.4656017,7925.2446,5.2756357,0,,,,,1436.0777399286999,0.00046613545,869.3625365326425,0.00048225722,0.0069040107,-0.090726174
2370.671070740628,7924.606,5.2767673,0.00079273136,164622,1436.0756968940173,869.3615914136802,7196.564,4.677506,1299.9407,1.464994,7924.606,5.2767673,0,,,,,1436.0756968940173,0.0004663457,869.3615914136802,0.0004825755,0.0049819993,-0.091338255
2370.6780150872064,7923.8022,5.2755184,0.00079263665,164623,1436.0770538536558,869.3635841600201,7195.389,4.6763988,1304.7048,1.4664025,7923.8022,5.2755184,0,,,,,1436.0770538536558,0.0004664299,869.3635841600201,0.00048230527,0.006127821,-0.08910847
2370.6849594337864,7930.7993,5.2776313,0.00079254195,164624,1436.0760726121537,869.3615567784109,7201.5596,4.678272,1305.4911,1.46755,7930.7993,5.2776313,0,,,,,1436.0760726121537,0.00046615364,869.3615567784109,0.00048204808,0.0054992833,-0.09082584
2370.691903780307,7929.606,5.278413,0.0007924472,164625,1436.0760942799957,869.3629449794321,7200.893,4.678964,1307.0737,1.4681475,7929.606,5.278413,0,,,,,1436.0760942799957,0.00046625498,869.3629449794321,0.00048257233,0.0046895267,-0.08937464
2370.6988481268277,7926.802,5.276511,0.0007923524,164626,1436.0765122690173,869.3629510948097,7198.225,4.6772785,1307.1688,1.4668653,7926.802,5.276511,0,,,,,1436.0765122690173,0.00046633804,869.3629510948097,0.0004822906,0.006066239,-0.09043998
2370.70579247329,7923.491,5.2778554,0.0007922576,164627,1436.0760402395242,869.363682918771,7195.3467,4.67847,1311.5645,1.4688045,7923.491,5.2778554,0,,,,,1436.0760402395242,0.00046653824,869.363682918771,0.00048273132,0.0053514857,-0.08920186
2370.7127368197516,7927.3057,5.2795787,0.0007921628,164628,1436.0776112392225,869.3630858374352,7198.7354,4.6799974,1312.0138,1.4702328,7927.3057,5.2795787,0,,,,,1436.0776112392225,0.00046632445,869.3630858374352,0.00048261738,0.006982975,-0.09004847
2370.719681166214,7931.2173,5.2806625,0.00079206796,164629,1436.0764543770429,869.3623577192985,7202.14,4.6809587,1310.2012,1.4698194,7931.2173,5.2806625,0,,,,,1436.0764543770429,0.00046659433,869.3623577192985,0.00048254567,0.00507552,-0.08992425
2370.726625512618,7923.4746,5.2782054,0.0007919731,164630,1436.077834961466,869.3624777992162,7195.4546,4.6787806,1311.7792,1.4694445,7923.4746,5.2782054,0,,,,,1436.077834961466,0.00046676846,869.3624777992162,0.00048260542,0.0067853085,-0.09089992
2370.733569859023,7924.6143,5.27868,0.0007918782,164631,1436.0761878685264,869.3631263828305,7196.364,4.679201,1312.791,1.4696267,7924.6143,5.27868,0,,,,,1436.0761878685264,0.0004667586,869.3631263828305,0.0004828475,0.005030908,-0.08944759
2370.740514205427,7933.466,5.280749,0.0007917833,164632,1436.0764895403752,869.3633100157107,7204.444,4.6810355,1310.1606,1.4689887,7933.466,5.280749,0,,,,,1436.0764895403752,0.0004664513,869.3633100157107,0.0004825089,0.0061135488,-0.09002782
2370.7474585518316,7927.2925,5.2782316,0.00079168845,164633,1436.0755134207673,869.3628649756641,7198.5625,4.6788034,1310.0525,1.4687487,7927.2925,5.2782316,0,,,,,1436.0755134207673,0.00046633923,869.3628649756641,0.00048251584,0.005946352,-0.08919691
2370.754402898178,7924.458,5.2792416,0.0007915935,164634,1436.076337140374,869.3618147514253,7196.1797,4.679699,1309.2765,1.4704059,7924.458,5.2792416,0,,,,,1436.076337140374,0.00046670603,869.3618147514253,0.0004825866,0.0056957887,-0.09068935
2370.7613472444655,7929.34,5.2780466,0.0007914985,164635,1436.0764244958273,869.3626550653039,7200.799,4.6786394,1308.2544,1.4675401,7929.34,5.2780466,0,,,,,1436.0764244958273,0.00046642678,869.3626550653039,0.00048248822,0.005567525,-0.08914489
2370.7682915908117,7925.259,5.278116,0.0007914036,164636,1436.0765365427103,869.3636034715437,7196.887,4.678702,1307.944,1.4683539,7925.259,5.278116,0,,,,,1436.0765365427103,0.00046630198,869.3636034715437,0.00048257783,0.0056657824,-0.08855364
2370.7752359370998,7925.719,5.277578,0.0007913086,164637,1436.0774202463797,869.3642068964629,7197.3213,4.6782246,1306.0867,1.4674425,7925.719,5.277578,0,,,,,1436.0774202463797,0.00046632896,869.3642068964629,0.0004826845,0.0064467946,-0.08866909
2370.782180283329,7926.0654,5.2773848,0.00079121353,164638,1436.0765062345579,869.3616625357224,7198.238,4.678053,1308.2585,1.468247,7926.0654,5.2773848,0,,,,,1436.0765062345579,0.0004664736,869.3616625357224,0.00048242207,0.0059350645,-0.09037971
2370.7891246296163,7927.9717,5.276835,0.00079111854,164639,1436.076844269022,869.3634654929409,7199.274,4.677566,1305.8779,1.4665673,7927.9717,5.276835,0,,,,,1436.076844269022,0.00046609493,869.3634654929409,0.0004823167,0.0058015203,-0.08897277
2370.7960689757874,7927.605,5.2786264,0.0007910234,164640,1436.076336451189,869.3634078226299,7199.147,4.679154,1306.9996,1.4673765,7927.605,5.2786264,0,,,,,1436.076336451189,0.00046630556,869.3634078226299,0.0004828308,0.0053991154,-0.089100584
2370.8030133220173,7924.3315,5.2774706,0.0007909284,164641,1436.076542532698,869.3626526584727,7195.8804,4.6781287,1304.949,1.4665517,7924.3315,5.2774706,0,,,,,1436.076542532698,0.0004663388,869.3626526584727,0.00048260187,0.006071746,-0.089609705
2370.809957668189,7922.521,5.278023,0.00079083326,164642,1436.075563001795,869.3642438549572,7194.558,4.6786184,1308.0569,1.4682043,7922.521,5.278023,0,,,,,1436.075563001795,0.00046674095,869.3642438549572,0.00048268522,0.0052928417,-0.088925615
2370.8169020143605,7926.5825,5.2784805,0.00079073815,164643,1436.0771495931713,869.3630128390237,7198.0664,4.679024,1309.2958,1.4686992,7926.5825,5.2784805,0,,,,,1436.0771495931713,0.000466291,869.3630128390237,0.00048233112,0.0064917323,-0.08993202
2370.823846360532,7919.5234,5.27447,0.00079064304,164644,1436.075572242289,869.3634204327227,7191.3267,4.6754694,1305.1395,1.466481,7919.5234,5.27447,0,,,,,1436.075572242289,0.000466461,869.3634204327227,0.00048291814,0.0043983967,-0.08916405
2370.8307907066455,7918.9375,5.276216,0.00079054787,164645,1436.0774022004896,869.363241984239,7191.417,4.677017,1307.8739,1.46769,7918.9375,5.276216,0,,,,,1436.0774022004896,0.00046668324,869.363241984239,0.00048274588,0.0066296738,-0.08894563
2370.837735052759,7924.1523,5.276432,0.0007904527,164646,1436.0762448020623,869.3639722657437,7196.073,4.677209,1306.2847,1.4674343,7924.1523,5.276432,0,,,,,1436.0762448020623,0.0004663325,869.3639722657437,0.00048268275,0.005519122,-0.08873899
2370.844679398814,7928.839,5.277831,0.0007903575,164647,1436.07663552915,869.3615573603873,7200.3237,4.678449,1307.332,1.4676319,7928.839,5.277831,0,,,,,1436.07663552915,0.0004661674,869.3615573603873,0.00048243094,0.005557244,-0.089606985
2370.8516237449276,7913.329,5.276323,0.0007902623,164648,1436.0760971674588,869.3645961638947,7186.4326,4.6771116,1310.8988,1.4690418,7913.329,5.276323,0,,,,,1436.0760971674588,0.00046674485,869.3645961638947,0.00048326788,0.005636696,-0.087585784
2370.8585680909246,7925.1304,5.278706,0.000790167,164649,1436.0765120159851,869.3624093695007,7196.8433,4.6792245,1308.8655,1.4701324,7925.1304,5.278706,0,,,,,1436.0765120159851,0.00046668542,869.3624093695007,0.00048280854,0.0058597424,-0.089769416
2370.865512436979,7930.2812,5.2793136,0.0007900718,164650,1436.075216389903,869.3636094948387,7201.7373,4.679763,1310.2341,1.4696784,7930.2812,5.2793136,0,,,,,1436.075216389903,0.00046605655,869.3636094948387,0.0004824429,0.0050326814,-0.08966669
2370.872456782975,7925.869,5.2801127,0.0007899765,164651,1436.076270501421,869.3642267890522,7197.497,4.6804714,1312.6594,1.4696252,7925.869,5.2801127,0,,,,,1436.076270501421,0.0004665889,869.3642267890522,0.00048287652,0.0054998472,-0.08823355
2370.8794011289715,7919.8887,5.2773604,0.0007898812,164652,1436.0764251536762,869.3635237491172,7191.893,4.678032,1312.1669,1.4694211,7919.8887,5.2773604,0,,,,,1436.0764251536762,0.00046657256,869.3635237491172,0.0004828715,0.0054524536,-0.08954817
2370.88634547491,7916.8184,5.2780023,0.0007897859,164653,1436.0760192824134,869.3645442410082,7189.4966,4.678601,1315.0548,1.4705851,7916.8184,5.2780023,0,,,,,1436.0760192824134,0.0004669511,869.3645442410082,0.00048344588,0.0054363906,-0.08866924
2370.8932898208495,7917.054,5.2788525,0.00078969053,164654,1436.0757013158168,869.3636286245446,7189.0405,4.679354,1315.3956,1.4713101,7917.054,5.2788525,0,,,,,1436.0757013158168,0.00046727766,869.3636286245446,0.00048340287,0.004618256,-0.088564284
2370.9002341667883,7922.863,5.279079,0.0007895952,164655,1436.076787682201,869.3651697372521,7194.6465,4.679555,1315.2029,1.4699969,7922.863,5.279079,0,,,,,1436.076787682201,0.0004667016,869.3651697372521,0.00048263633,0.006797209,-0.0870039
2370.907178512727,7916.275,5.2785616,0.00078949984,164656,1436.0760094197442,869.3624413874159,7189.4424,4.679096,1318.4525,1.4714195,7916.275,5.2785616,0,,,,,1436.0760094197442,0.000466897,869.3624413874159,0.00048317286,0.0050201365,-0.089878544
2370.9141228586072,7913.1055,5.2795434,0.00078940444,164657,1436.0756830416492,869.3633023005664,7185.8223,4.6799664,1319.7065,1.4736204,7913.1055,5.2795434,0,,,,,1436.0756830416492,0.00046761785,869.3633023005664,0.00048350566,0.0052341083,-0.08870591
2370.921067204429,7923.233,5.2818847,0.000789309,164658,1436.0762705501377,869.3645244505124,7195.4697,4.682042,1320.44,1.4730597,7923.233,5.2818847,0,,,,,1436.0762705501377,0.00046701723,869.3645244505124,0.00048306098,0.0050302576,-0.08831272
2370.9280115503097,7917.003,5.2823267,0.0007892136,164659,1436.0765575040004,869.3633808980246,7190.0957,4.6824336,1320.732,1.4753948,7917.003,5.2823267,0,,,,,1436.0765575040004,0.00046738112,869.3633808980246,0.00048361172,0.005683202,-0.088770285
2370.934955896132,7926.955,5.2834272,0.0007891181,164660,1436.0752307744744,869.3657175585525,7198.087,4.683409,1321.4532,1.474665,7926.955,5.2834272,0,,,,,1436.0752307744744,0.0004668739,869.3657175585525,0.00048314594,0.004841752,-0.08829699
2370.941900241896,7926.3066,5.281517,0.0007890226,164661,1436.076792742946,869.3637231750436,7196.885,4.681716,1318.6157,1.4724684,7926.3066,5.281517,0,,,,,1436.076792742946,0.00046716628,869.3637231750436,0.00048306887,0.0068151387,-0.08875789
2370.9488445877178,7929.6514,5.286031,0.00078892714,164662,1436.0753271812016,869.3646903493878,7200.665,4.685717,1322.6107,1.4745595,7929.6514,5.286031,0,,,,,1436.0753271812016,0.0004672363,869.3646903493878,0.0004831374,0.0042285244,-0.08801914
2370.955788933482,7915.39,5.2807527,0.0007888316,164663,1436.0766654944305,869.3642892662062,7187.5425,4.6810384,1322.111,1.4750168,7915.39,5.2807527,0,,,,,1436.0766654944305,0.00046739215,869.3642892662062,0.00048392435,0.006372337,-0.08869737
2370.9627332791874,7917.926,5.284734,0.00078873604,164664,1436.0763786788038,869.3660979204941,7190.3613,4.6845675,1324.3365,1.4750072,7917.926,5.284734,0,,,,,1436.0763786788038,0.00046740466,869.3660979204941,0.00048413977,0.0064219204,-0.086949356
2370.969677624951,7919.7695,5.2815747,0.0007886405,164665,1436.0756743838924,869.3644509761335,7192.2446,4.681767,1320.4373,1.474856,7919.7695,5.2815747,0,,,,,1436.0756743838924,0.00046718388,869.3644509761335,0.00048334373,0.0051124636,-0.089202054
2370.976621970657,7921.544,5.280113,0.00078854494,164666,1436.0760436001792,869.3642121321508,7193.35,4.680472,1318.0105,1.4717686,7921.544,5.280113,0,,,,,1436.0760436001792,0.00046679875,869.3642121321508,0.00048308156,0.0057513504,-0.08778969
2370.983566316305,7923.824,5.284653,0.0007884493,164667,1436.0760401176497,869.363862913268,7195.239,4.684496,1319.9198,1.4743304,7923.824,5.284653,0,,,,,1436.0760401176497,0.00046756823,869.363862913268,0.00048372688,0.005312991,-0.08890863
2370.990510662011,7929.665,5.2836065,0.00078835373,164668,1436.0772684705921,869.3640801495418,7200.2793,4.683568,1316.5791,1.4715315,7929.665,5.2836065,0,,,,,1436.0772684705921,0.00046699683,869.3640801495418,0.0004830834,0.00629164,-0.08822065
2370.9974550076004,7921.68,5.279862,0.00078825804,164669,1436.075075344921,869.3635779337785,7193.5796,4.680249,1317.5367,1.4709438,7921.68,5.279862,0,,,,,1436.075075344921,0.00046697925,869.3635779337785,0.0004831122,0.0045029013,-0.08837409
2371.004399353248,7925.927,5.2809196,0.0007881624,164670,1436.0765923888225,869.3631672031236,7197.044,4.681186,1315.82,1.4715481,7925.927,5.2809196,0,,,,,1436.0765923888225,0.00046692882,869.3631672031236,0.00048268784,0.0058436384,-0.08798953
2371.0113436988377,7922.153,5.2818117,0.0007880667,164671,1436.0763160659385,869.3636460411745,7193.374,4.6819777,1314.007,1.4715264,7922.153,5.2818117,0,,,,,1436.0763160659385,0.00046760114,869.3636460411745,0.00048344076,0.005362886,-0.08812524
2371.0182880444263,7923.293,5.2782664,0.000787971,164672,1436.0759959647435,869.3668794801123,7194.9575,4.6788344,1313.303,1.4700487,7923.293,5.2782664,0,,,,,1436.0759959647435,0.00046670344,869.3668794801123,0.00048290848,0.0056421706,-0.08607168
2371.025232390015,7921.2485,5.2763906,0.0007878753,164673,1436.0758100413827,869.3640217238195,7192.8076,4.6771717,1310.6552,1.4681519,7921.2485,5.2763906,0,,,,,1436.0758100413827,0.00046660416,869.3640217238195,0.00048265982,0.005775519,-0.0883513
2371.0321767355463,7918.3804,5.274442,0.0007877796,164674,1436.0757274275072,869.3627384330528,7190.929,4.675445,1307.013,1.4665227,7918.3804,5.274442,0,,,,,1436.0757274275072,0.00046648242,869.3627384330528,0.00048277684,0.004786749,-0.0888495
2371.039121081077,7916.9136,5.2777843,0.0007876838,164675,1436.07721661083,869.364483989174,7189.3047,4.678407,1310.1102,1.4700065,7916.9136,5.2777843,0,,,,,1436.07721661083,0.0004668135,869.364483989174,0.00048305542,0.00606651,-0.08732144
2371.0460654265503,7921.033,5.2745504,0.000787588,164676,1436.0748413780248,869.3643666358137,7192.858,4.6755404,1302.8479,1.4665362,7921.033,5.2745504,0,,,,,1436.0748413780248,0.00046636353,869.3643666358137,0.00048278086,0.0045335866,-0.08775514
2371.053009772024,7922.364,5.272971,0.0007874922,164677,1436.0755734025934,869.3641233714135,7193.8496,4.6741405,1301.4406,1.4644687,7922.364,5.272971,0,,,,,1436.0755734025934,0.00046612072,869.3641233714135,0.00048239782,0.005029595,-0.0888061
2371.059954117497,7919.8066,5.272137,0.0007873964,164678,1436.0751542891053,869.3647196841266,7191.8223,4.6734014,1299.8247,1.4641268,7919.8066,5.272137,0,,,,,1436.0751542891053,0.00046617517,869.3647196841266,0.0004822625,0.004272326,-0.087372735
2371.066898462912,7920.2188,5.273099,0.0007873005,164679,1436.0759287314538,869.3648726975825,7192.271,4.674254,1301.495,1.4652686,7920.2188,5.273099,0,,,,,1436.0759287314538,0.0004663142,869.3648726975825,0.0004827076,0.00577347,-0.087230735
2371.0738428083846,7913.1816,5.2685475,0.0007872047,164680,1436.076322329385,869.36521468989,7185.3438,4.6702194,1295.7029,1.4639606,7913.1816,5.2685475,0,,,,,1436.076322329385,0.00046653443,869.36521468989,0.00048237236,0.006675425,-0.08717543
2371.080787153741,7917.3857,5.2696137,0.0007871088,164681,1436.0754631345392,869.3650181876629,7189.3477,4.6711645,1294.1919,1.462481,7917.3857,5.2696137,0,,,,,1436.0754631345392,0.00046638201,869.3650181876629,0.00048210856,0.004026349,-0.08758782
2371.087731499156,7913.6167,5.2699494,0.0007870129,164682,1436.0762567341333,869.3638827752128,7186.0996,4.6714625,1295.713,1.4624534,7913.6167,5.2699494,0,,,,,1436.0762567341333,0.0004661751,869.3638827752128,0.0004825935,0.0058681495,-0.088396475
2371.0946758445116,7919.72,5.2700844,0.000786917,164683,1436.0759730439963,869.3647741202471,7191.7827,4.6715817,1294.6914,1.4618734,7919.72,5.2700844,0,,,,,1436.0759730439963,0.00046586673,869.3647741202471,0.0004820664,0.005073242,-0.08715297
2371.10162018981,7923.0654,5.2699423,0.000786821,164684,1436.0757187257475,869.3650340684309,7194.535,4.671456,1288.8108,1.4610078,7923.0654,5.2699423,0,,,,,1436.0757187257475,0.0004659399,869.3650340684309,0.0004817304,0.0047585457,-0.08776148
2371.108564535167,7921.4395,5.2697973,0.0007867251,164685,1436.0757153510385,869.3659726543842,7193.148,4.671327,1290.5242,1.4611412,7921.4395,5.2697973,0,,,,,1436.0757153510385,0.0004658502,869.3659726543842,0.00048189444,0.004534526,-0.08617953
2371.1155088804653,7919.9087,5.266185,0.0007866291,164686,1436.0747333503232,869.364763164384,7191.7515,4.668125,1286.8988,1.4582497,7919.9087,5.266185,0,,,,,1436.0747333503232,0.00046566105,869.364763164384,0.00048163065,0.004409593,-0.08829296
2371.1224532257634,7919.094,5.2682934,0.0007865331,164687,1436.0758110481243,869.3643201279039,7190.2866,4.669994,1288.8334,1.4606906,7919.094,5.2682934,0,,,,,1436.0758110481243,0.0004662791,869.3643201279039,0.00048212786,0.0046171793,-0.088834114
2371.129397571003,7924.5176,5.2699714,0.0007864371,164688,1436.0765499744036,869.365025826011,7195.2964,4.671481,1286.9026,1.4599943,7924.5176,5.2699714,0,,,,,1436.0765499744036,0.00046597453,869.365025826011,0.0004815815,0.0058289366,-0.08692424
2371.1363419162435,7925.886,5.268322,0.000786341,164689,1436.07597511052,869.3641651915008,7196.589,4.6700196,1285.2732,1.4583602,7925.886,5.268322,0,,,,,1436.07597511052,0.0004657757,869.3641651915008,0.0004816683,0.00407702,-0.08812144
2371.1432862614256,7917.725,5.2657247,0.0007862449,164690,1436.0769193990104,869.3671113204462,7189.2837,4.6677175,1287.85,1.4587436,7917.725,5.2657247,0,,,,,1436.0769193990104,0.00046574225,869.3671113204462,0.0004816782,0.0059097046,-0.085050665
2371.150230606667,7925.6035,5.2675505,0.0007861489,164691,1436.0757702293927,869.3642396782698,7196.977,4.6693354,1285.1785,1.4578627,7925.6035,5.2675505,0,,,,,1436.0757702293927,0.00046525954,869.3642396782698,0.00048136027,0.00478766,-0.08838954
2371.1571749518484,7915.8184,5.265996,0.0007860528,164692,1436.0753666128478,869.3653134134548,7188.212,4.667958,1287.8828,1.4589126,7915.8184,5.265996,0,,,,,1436.0753666128478,0.0004660669,869.3653134134548,0.00048221296,0.0038937374,-0.086740784
2371.164119296972,7921.41,5.2660823,0.0007859566,164693,1436.0779232094376,869.3653274748933,7192.3853,4.6680346,1286.1854,1.4579631,7921.41,5.2660823,0,,,,,1436.0779232094376,0.00046554502,869.3653274748933,0.00048147445,0.0066335853,-0.08685475
2371.171063642153,7914.636,5.2647486,0.0007858605,164694,1436.0756158641248,869.3656659838872,7186.778,4.666852,1287.6415,1.4579853,7914.636,5.2647486,0,,,,,1436.0756158641248,0.00046605174,869.3656659838872,0.00048201022,0.0040143365,-0.086772904
2371.178007987218,7918.826,5.2661934,0.0007857643,164695,1436.0752051412792,869.3642266246376,7190.413,4.668133,1287.3347,1.4586091,7918.826,5.2661934,0,,,,,1436.0752051412792,0.0004656504,869.3642266246376,0.0004819752,0.004170158,-0.0875542
2371.1849523323417,7917.7163,5.266265,0.00078566815,164696,1436.074858111263,869.3649505575037,7189.424,4.6681957,1288.0513,1.4586116,7917.7163,5.266265,0,,,,,1436.074858111263,0.00046573093,869.3649505575037,0.0004820201,0.0038554552,-0.08803919
2371.1918966774074,7919.0425,5.2675543,0.00078557193,164697,1436.0753260971976,869.3661925561258,7190.3574,4.669339,1289.1163,1.4597615,7919.0425,5.2675543,0,,,,,1436.0753260971976,0.00046570326,869.3661925561258,0.00048214305,0.0056494507,-0.08701367
2371.198841022473,7920.553,5.2679796,0.0007854757,164698,1436.0758890569289,869.3646808945426,7191.788,4.669716,1291.6865,1.4601955,7920.553,5.2679796,0,,,,,1436.0758890569289,0.00046581752,869.3646808945426,0.0004821201,0.0053295735,-0.08706018
2371.2057853675387,7926.836,5.2700405,0.0007853795,164699,1436.075610616105,869.3666265259118,7197.7485,4.671543,1290.8184,1.4615104,7926.836,5.2700405,0,,,,,1436.075610616105,0.00046546938,869.3666265259118,0.0004816648,0.005323506,-0.08586324
2371.212729712546,7922.772,5.2699184,0.0007852832,164700,1436.0757958024042,869.3638641193553,7194.145,4.6714344,1294.423,1.4619355,7922.772,5.2699184,0,,,,,1436.0757958024042,0.0004658784,869.3638641193553,0.00048210114,0.0049567865,-0.08863861
2371.2196740575537,7917.6934,5.2681947,0.00078518694,164701,1436.0758559546184,869.3652781849936,7189.2417,4.6699066,1292.7253,1.460822,7917.6934,5.2681947,0,,,,,1436.0758559546184,0.00046625192,869.3652781849936,0.00048235458,0.0046178736,-0.08678978
2371.226618402503,7924.678,5.2711105,0.0007850906,164702,1436.0754363113822,869.3657618112053,7195.7866,4.6724916,1294.9178,1.4630064,7924.678,5.2711105,0,,,,,1436.0754363113822,0.00046602997,869.3657618112053,0.00048194887,0.003662236,-0.087186195
2371.2335627474517,7924.38,5.272928,0.0007849943,164703,1436.075410144576,869.3641709285473,7195.1797,4.674103,1295.1279,1.4625838,7924.38,5.272928,0,,,,,1436.075410144576,0.00046613367,869.3641709285473,0.00048257355,0.0044789473,-0.08825566
2371.240507092401,7915.3525,5.269736,0.00078489794,164704,1436.07622852041,869.3660871462863,7187.203,4.6712728,1296.7633,1.4633061,7915.3525,5.269736,0,,,,,1436.07622852041,0.00046632817,869.3660871462863,0.00048237084,0.0050635976,-0.085316315
2371.2474514372916,7917.786,5.2709565,0.00078480155,164705,1436.0769515408315,869.3638171356273,7189.187,4.6723547,1297.3695,1.4638326,7917.786,5.2709565,0,,,,,1436.0769515408315,0.00046637544,869.3638171356273,0.00048262122,0.005997586,-0.08789508
2371.2543957821817,7921.585,5.271192,0.00078470516,164706,1436.0748371713528,869.3666876070855,7192.912,4.6725636,1297.4458,1.4627293,7921.585,5.271192,0,,,,,1436.0748371713528,0.00046595762,869.3666876070855,0.00048234581,0.00422047,-0.085671715
2371.261340127073,7913.1924,5.269695,0.00078460877,164707,1436.0759408206807,869.3662255560114,7184.926,4.6712365,1298.1183,1.4639283,7913.1924,5.269695,0,,,,,1436.0759408206807,0.00046645748,869.3662255560114,0.00048248383,0.005073917,-0.086196594
2371.268284471964,7923.6597,5.2724805,0.0007845124,164708,1436.0760440812242,869.3646451671538,7194.0625,4.6737056,1299.9362,1.4639701,7923.6597,5.2724805,0,,,,,1436.0760440812242,0.00046620518,869.3646451671538,0.00048222145,0.004848215,-0.08626837
2371.2752288167967,7906.966,5.271296,0.0007844159,164709,1436.0733586778483,869.3647356320816,7179.743,4.6726556,1301.2886,1.4652706,7906.966,5.271296,0,,,,,1436.0733586778483,0.00046666883,869.3647356320816,0.00048350907,0.0029469198,-0.087767184
2371.282173161571,7925.501,5.273889,0.0007843194,164710,1436.0749691027672,869.366045707964,7196.8115,4.6749544,1301.2936,1.4644006,7925.501,5.273889,0,,,,,1436.0749691027672,0.0004660986,869.366045707964,0.0004820612,0.0040751467,-0.086898975
2371.2891175064033,7913.089,5.2707944,0.00078422297,164711,1436.0759262632662,869.3665474821693,7185.0283,4.6722107,1301.6298,1.4657788,7913.089,5.2707944,0,,,,,1436.0759262632662,0.0004662949,869.3665474821693,0.0004827465,0.0050755823,-0.085645765
2371.296061851178,7914.809,5.271701,0.00078412646,164712,1436.0761771391265,869.3660454985848,7186.636,4.673015,1299.0336,1.4655799,7914.809,5.271701,0,,,,,1436.0761771391265,0.00046662806,869.3660454985848,0.00048264308,0.0043590306,-0.085137986
2371.3030061958943,7923.667,5.273856,0.0007840299,164713,1436.0761934978175,869.3633048049313,7194.6123,4.6749253,1299.1332,1.4641788,7923.667,5.273856,0,,,,,1436.0761934978175,0.00046596563,869.3633048049313,0.00048217634,0.005849177,-0.08814906
2371.309950540669,7930.4478,5.274689,0.0007839334,164714,1436.0744315801464,869.3656114787434,7200.7974,4.6756635,1296.9867,1.4633633,7930.4478,5.274689,0,,,,,1436.0744315801464,0.00046577462,869.3656114787434,0.00048189607,0.0033321246,-0.0869465
2371.3168948853854,7919.182,5.2720222,0.0007838368,164715,1436.0762663025953,869.3669494584766,7190.4287,4.6733,1300.0583,1.4647214,7919.182,5.2720222,0,,,,,1436.0762663025953,0.0004661105,869.3669494584766,0.00048247413,0.005601554,-0.08544153
2371.323839230043,7922.393,5.2711177,0.0007837402,164716,1436.075762002402,869.3654401376149,7192.8354,4.672498,1295.6178,1.4638238,7922.393,5.2711177,0,,,,,1436.075762002402,0.00046625588,869.3654401376149,0.0004823856,0.0043177875,-0.08519405
2371.3307835747587,7924.0664,5.271311,0.0007836436,164717,1436.0745423192088,869.3652585047628,7194.657,4.6726694,1295.988,1.4623158,7924.0664,5.271311,0,,,,,1436.0745423192088,0.00046595148,869.3652585047628,0.000482046,0.0038802424,-0.08615545
2371.3377279193583,7920.221,5.271866,0.00078354694,164718,1436.074646425002,869.3645303073027,7191.949,4.673161,1294.8944,1.462051,7920.221,5.271866,0,,,,,1436.074646425002,0.00046580302,869.3645303073027,0.0004822408,0.0027964858,-0.087344244
2371.3446722640165,7927.795,5.270716,0.0007834503,164719,1436.0756628086483,869.3649062218385,7198.376,4.6721416,1289.4788,1.4601897,7927.795,5.270716,0,,,,,1436.0756628086483,0.00046555555,869.3649062218385,0.0004815532,0.0036430014,-0.08741921
2371.3516166086165,7924.3584,5.2705674,0.00078335364,164720,1436.076678968972,869.3665166121116,7193.888,4.67201,1290.7191,1.4605988,7924.3584,5.2705674,0,,,,,1436.076678968972,0.0004661007,869.3665166121116,0.00048222946,0.0049766293,-0.085290916
2371.3585609532165,7927.3237,5.266288,0.00078325695,164721,1436.0751576914208,869.3663244969359,7197.5146,4.668216,1284.0636,1.4565471,7927.3237,5.266288,0,,,,,1436.0751576914208,0.00046531978,869.3663244969359,0.000481181,0.004283888,-0.08647216
2371.3655052978165,7923.943,5.2659388,0.00078316027,164722,1436.0742183968052,869.3654305736136,7194.292,4.6679068,1282.4438,1.4569939,7923.943,5.2659388,0,,,,,1436.0742183968052,0.0004651676,869.3654305736136,0.00048143542,0.0033095356,-0.08721153
2371.372449642358,7939.075,5.2678094,0.00078306353,164723,1436.074900897887,869.3660207113575,7207.8394,4.669565,1278.8094,1.4549104,7939.075,5.2678094,0,,,,,1436.074900897887,0.00046478785,869.3660207113575,0.0004806093,0.0043774606,-0.086415075
2371.3793939868992,7916.658,5.261919,0.0007829668,164724,1436.076241895146,869.3680161158615,7187.2354,4.664344,1279.2666,1.4550369,7916.658,5.261919,0,,,,,1436.076241895146,0.0004654365,869.3680161158615,0.00048145812,0.0064156274,-0.08407293
2371.3863383313837,7924.519,5.2625456,0.00078287,164725,1436.0747894868887,869.3666131365417,7195.558,4.664899,1275.4756,1.4538223,7924.519,5.2625456,0,,,,,1436.0747894868887,0.00046471154,869.3666131365417,0.00048094563,0.003217901,-0.08549915
2371.3932826758673,7923.8657,5.2605667,0.0007827732,164726,1436.0745479829195,869.3659986287685,7194.9185,4.663145,1270.2241,1.4523747,7923.8657,5.2605667,0,,,,,1436.0745479829195,0.00046489737,869.3659986287685,0.00048091335,0.003063363,-0.086202234
2371.40022702035,7912.491,5.256908,0.0007826764,164727,1436.074957745985,869.3663117197292,7184.1143,4.659902,1266.3472,1.4521766,7912.491,5.256908,0,,,,,1436.074957745985,0.00046533337,869.3663117197292,0.00048130646,0.0047779237,-0.08577207
2371.4071713648327,7916.0044,5.257832,0.0007825796,164728,1436.0765713302665,869.3665393281195,7187.817,4.6607203,1263.4362,1.4510186,7916.0044,5.257832,0,,,,,1436.0765713302665,0.00046496044,869.3665393281195,0.00048085104,0.006276212,-0.086031154
2371.414115709258,7920.5225,5.2564974,0.00078248273,164729,1436.075165070014,869.3667790726769,7191.5996,4.6595373,1261.6997,1.448905,7920.5225,5.2564974,0,,,,,1436.075165070014,0.00046455674,869.3667790726769,0.00048055607,0.0036009534,-0.08576086
2371.421060053625,7931.4756,5.2567344,0.0007823858,164730,1436.0747146473475,869.3675727451921,7200.814,4.659748,1257.9742,1.4460051,7931.4756,5.2567344,0,,,,,1436.0747146473475,0.00046414696,869.3675727451921,0.00048013908,0.0037899916,-0.084483854
2371.42800439805,7916.992,5.251669,0.00078228896,164731,1436.0743723999126,869.3649759332939,7188.226,4.6552577,1255.5366,1.4455302,7916.992,5.251669,0,,,,,1436.0743723999126,0.00046421515,869.3649759332939,0.0004803593,0.0036278204,-0.08763712
2371.434948742418,7929.274,5.254541,0.00078219204,164732,1436.0751113613608,869.3660507799302,7198.9907,4.6578035,1253.7997,1.4440645,7929.274,5.254541,0,,,,,1436.0751113613608,0.0004640038,869.3660507799302,0.00047974262,0.004040315,-0.08593738
2371.441893086785,7930.6274,5.2546787,0.0007820951,164733,1436.0765974686667,869.3659887054188,7200.612,4.6579256,1251.8772,1.444312,7930.6274,5.2546787,0,,,,,1436.0765974686667,0.00046400435,869.3659887054188,0.00047973354,0.005828332,-0.085536815
2371.448837431094,7927.6543,5.2521815,0.00078199815,164734,1436.0752805446682,869.3669471654306,7198.168,4.6557117,1249.5496,1.44255,7927.6543,5.2521815,0,,,,,1436.0752805446682,0.0004635675,869.3669471654306,0.00047960627,0.0050571407,-0.08545905
2371.4557817754026,7930.6533,5.2543306,0.0007819012,164735,1436.0736090853009,869.3666370347737,7201.0415,4.657617,1248.3442,1.4457985,7930.6533,5.2543306,0,,,,,1436.0736090853009,0.00046341238,869.3666370347737,0.00047977516,0.003077623,-0.08586739
2371.462726119711,7930.4473,5.252743,0.0007818042,164736,1436.0752449932581,869.3665513124056,7199.781,4.656209,1247.2607,1.4433162,7930.4473,5.252743,0,,,,,1436.0752449932581,0.00046375577,869.3665513124056,0.00047942722,0.004928045,-0.08617894
2371.469670463962,7925.0176,5.251162,0.0007817072,164737,1436.0740952700326,869.3667645689097,7196.1646,4.6548085,1248.6548,1.4425843,7925.0176,5.251162,0,,,,,1436.0740952700326,0.00046340426,869.3667645689097,0.00047959256,0.002825844,-0.08680635
2371.4766148082126,7919.6055,5.249356,0.00078161014,164738,1436.0753891386794,869.3668380323122,7190.4893,4.6532073,1246.9836,1.441699,7919.6055,5.249356,0,,,,,1436.0753891386794,0.00046393185,869.3668380323122,0.00047985587,0.003617617,-0.08552995
2371.4835591524625,7921.6255,5.2503705,0.0007815131,164739,1436.0755488913621,869.3672819947407,7192.1885,4.654107,1247.7942,1.4421191,7921.6255,5.2503705,0,,,,,1436.0755488913621,0.00046367824,869.3672819947407,0.00047972822,0.004666277,-0.08503951
2371.490503496654,7921.2417,5.2510977,0.000781416,164740,1436.0752689534777,869.3651469936084,7192.1875,4.6547513,1247.3431,1.4424504,7921.2417,5.2510977,0,,,,,1436.0752689534777,0.00046389835,869.3651469936084,0.00048016047,0.0038226617,-0.08701958
2371.4974478408476,7916.33,5.248269,0.00078131893,164741,1436.0754717339105,869.3676541937014,7187.08,4.652244,1245.9589,1.4409714,7916.33,5.248269,0,,,,,1436.0754717339105,0.00046407513,869.3676541937014,0.00048003858,0.004263853,-0.083937615
2371.5043921849815,7917.54,5.2504425,0.0007812218,164742,1436.0745167989103,869.3675556641807,7188.529,4.6541705,1248.777,1.442542,7917.54,5.2504425,0,,,,,1436.0745167989103,0.00046411098,869.3675556641807,0.00048000587,0.0035031235,-0.08455079
2371.5113365291736,7925.5337,5.252883,0.0007811247,164743,1436.0755014140834,869.3681887462343,7195.6016,4.6563334,1246.5549,1.442838,7925.5337,5.252883,0,,,,,1436.0755014140834,0.00046366482,869.3681887462343,0.00047986486,0.0048376713,-0.084264144
2371.518280873308,7929.721,5.2514434,0.00078102754,164744,1436.0754728616337,869.3649970888978,7199.765,4.655058,1246.6582,1.4418011,7929.721,5.2514434,0,,,,,1436.0754728616337,0.00046349518,869.3649970888978,0.00047930202,0.0042705317,-0.08725448
2371.525225217384,7917.352,5.249024,0.00078093034,164745,1436.074322551393,869.3690495323763,7188.472,4.652913,1248.7383,1.4424782,7917.352,5.249024,0,,,,,1436.074322551393,0.0004639677,869.3690495323763,0.0004799969,0.0034720292,-0.084377415
2371.53216956146,7924.946,5.252044,0.0007808331,164746,1436.0746411567227,869.3663292112659,7195.386,4.6555905,1251.51,1.4428415,7924.946,5.252044,0,,,,,1436.0746411567227,0.00046382874,869.3663292112659,0.0004797066,0.0036536145,-0.08658023
2371.539113905536,7928.0483,5.251696,0.0007807359,164747,1436.0741979223278,869.3651445500217,7197.615,4.655282,1248.4425,1.442617,7928.0483,5.251696,0,,,,,1436.0741979223278,0.00046364355,869.3651445500217,0.00047955214,0.0036021322,-0.08720579
2371.546058249612,7929.989,5.2543283,0.0007806387,164748,1436.0744786993139,869.368460166566,7199.2144,4.6576147,1250.3383,1.4434102,7929.989,5.2543283,0,,,,,1436.0744786993139,0.00046372102,869.368460166566,0.000480031,0.0031959082,-0.08348039
2371.5530025936296,7927.212,5.253118,0.00078054145,164749,1436.0750884917577,869.3673986113793,7196.9434,4.6565423,1250.7354,1.4441402,7927.212,5.253118,0,,,,,1436.0750884917577,0.00046365627,869.3673986113793,0.00047979332,0.0045776847,-0.08492189
2371.5599469376475,7924.97,5.2533593,0.0007804442,164750,1436.0732792543638,869.3666668613226,7195.3936,4.656756,1253.4291,1.4445666,7924.97,5.2533593,0,,,,,1436.0732792543638,0.00046376316,869.3666668613226,0.00048001768,0.002000821,-0.08603502
2371.5668912816063,7917.8276,5.253507,0.00078034686,164751,1436.0745335462918,869.367769761304,7188.2173,4.656887,1257.178,1.4463195,7917.8276,5.253507,0,,,,,1436.0745335462918,0.00046446684,869.367769761304,0.00048024993,0.0038465243,-0.08435182
2371.573835625566,7925.021,5.257988,0.00078024954,164752,1436.0754848110203,869.3677793832576,7195.081,4.660859,1256.7593,1.4465029,7925.021,5.257988,0,,,,,1436.0754848110203,0.00046417594,869.3677793832576,0.00048091417,0.0046059545,-0.0841078
2371.5807799695253,7925.1616,5.2572627,0.0007801522,164753,1436.0749270056267,869.3676017272035,7194.276,4.660216,1262.0756,1.450089,7925.1616,5.2572627,0,,,,,1436.0749270056267,0.0004643991,869.3676017272035,0.00048036256,0.0040917424,-0.08434228
2371.587724313427,7928.656,5.258502,0.00078005483,164754,1436.075303063273,869.3671629134245,7198.7607,4.6613145,1263.1481,1.4487126,7928.656,5.258502,0,,,,,1436.075303063273,0.00046446896,869.3671629134245,0.00048016058,0.0035531018,-0.08515228
2371.5946686573866,7928.5205,5.26097,0.0007799575,164755,1436.0750056757727,869.3665718343398,7198.954,4.6635027,1264.9154,1.4507824,7928.5205,5.26097,0,,,,,1436.0750056757727,0.0004639265,869.3665718343398,0.00048070718,0.004341642,-0.0855796
2371.6016130012295,7922.1196,5.257476,0.0007798601,164756,1436.0756724507394,869.3667613802497,7192.2744,4.660405,1265.9448,1.4489833,7922.1196,5.257476,0,,,,,1436.0756724507394,0.00046458474,869.3667613802497,0.0004807878,0.0045223916,-0.08528249
2371.608557345131,7928.976,5.261743,0.0007797627,164757,1436.0742234437819,869.3681504539808,7197.9805,4.664188,1271.7316,1.4524316,7928.976,5.261743,0,,,,,1436.0742234437819,0.0004649092,869.3681504539808,0.00048088309,0.0026240335,-0.08426349
2371.6155016889743,7924.472,5.262014,0.00077966525,164758,1436.075670418015,869.3666689555779,7194.707,4.6644278,1274.3552,1.4528888,7924.472,5.262014,0,,,,,1436.075670418015,0.00046506975,869.3666689555779,0.00048090407,0.004551351,-0.0845057
2371.6224460327594,7927.753,5.2636385,0.00077956775,164759,1436.0747551425088,869.3683712667471,7197.148,4.665868,1275.0145,1.4545723,7927.753,5.2636385,0,,,,,1436.0747551425088,0.0004650309,869.3683712667471,0.00048135337,0.0031384283,-0.08356404
2371.6293903766027,7917.079,5.2638636,0.0007794703,164760,1436.0754249139939,869.365367864236,7187.9067,4.666067,1281.2046,1.456008,7917.079,5.2638636,0,,,,,1436.0754249139939,0.0004654685,869.365367864236,0.00048187832,0.0043920856,-0.086411975
2371.636334720387,7919.142,5.265429,0.0007793728,164761,1436.0740629514623,869.3684172838402,7189.818,4.667455,1285.6007,1.45819,7919.142,5.265429,0,,,,,1436.0740629514623,0.000465527,869.3684172838402,0.0004818326,0.0034114434,-0.084329106
2371.643279064113,7928.372,5.269934,0.00077927526,164762,1436.074783243342,869.3666975933218,7197.4653,4.6714487,1288.5134,1.4604138,7928.372,5.269934,0,,,,,1436.074783243342,0.00046569665,869.3666975933218,0.00048193205,0.003722346,-0.08454938
2371.650223407898,7927.835,5.2688947,0.00077917776,164763,1436.0748462408749,869.3684077604617,7197.6436,4.6705275,1289.9701,1.4596497,7927.835,5.2688947,0,,,,,1436.0748462408749,0.00046537386,869.3684077604617,0.0004817945,0.003651792,-0.0840587
2371.657167751625,7920.09,5.2690244,0.0007790802,164764,1436.0741327495468,869.3661152706949,7190.4717,4.670642,1293.3213,1.4619461,7920.09,5.2690244,0,,,,,1436.0741327495468,0.00046602174,869.3661152706949,0.00048226627,0.0029259217,-0.08626177
2371.6641120952936,7927.624,5.27274,0.0007789826,164765,1436.074243874749,869.3673556978564,7197.599,4.6739354,1299.0679,1.4635618,7927.624,5.27274,0,,,,,1436.074243874749,0.00046575366,869.3673556978564,0.00048209715,0.0027933419,-0.084160745
2371.671056438962,7934.4014,5.275795,0.000778885,164766,1436.0743484187074,869.3678395789,7203.0044,4.6766443,1301.4407,1.4649465,7934.4014,5.275795,0,,,,,1436.0743484187074,0.00046587453,869.3678395789,0.0004822421,0.003444857,-0.08436444
2371.67800078263,7921.3276,5.27406,0.00077878736,164767,1436.0746803247127,869.3663007074229,7191.4263,4.6751056,1303.9443,1.467678,7921.3276,5.27406,0,,,,,1436.0746803247127,0.00046639427,869.3663007074229,0.00048253706,0.0032133244,-0.08575159
2371.6849451262997,7935.949,5.2787356,0.00077868975,164768,1436.0757445241286,869.367645766076,7204.7056,4.6792507,1306.5044,1.4673333,7935.949,5.2787356,0,,,,,1436.0757445241286,0.00046603667,869.367645766076,0.0004822095,0.004156062,-0.08381681
2371.69188946991,7922.9375,5.275061,0.0007785921,164769,1436.0747936383907,869.3664590701997,7193.046,4.6759934,1306.2291,1.4681871,7922.9375,5.275061,0,,,,,1436.0747936383907,0.00046622747,869.3664590701997,0.00048272722,0.0035502128,-0.08476148
2371.6988338135207,7929.739,5.2784104,0.0007784944,164770,1436.0742196711424,869.3685339584194,7198.782,4.678962,1309.2129,1.4683613,7929.739,5.2784104,0,,,,,1436.0742196711424,0.00046637497,869.3685339584194,0.00048274704,0.0027120137,-0.08352424
2371.7057781570725,7932.1836,5.2794027,0.0007783967,164771,1436.0732453861804,869.3680847869401,7201.545,4.679842,1311.4606,1.4695041,7932.1836,5.2794027,0,,,,,1436.0732453861804,0.00046609435,869.3680847869401,0.00048276104,0.0019575267,-0.08409712
2371.712722500682,7924.194,5.2804203,0.000778299,164772,1436.074981001043,869.3672700029495,7193.99,4.6807437,1315.9673,1.472926,7924.194,5.2804203,0,,,,,1436.074981001043,0.00046664223,869.3672700029495,0.00048357225,0.004995544,-0.08468697
2371.719666844175,7928.145,5.28099,0.0007782012,164773,1436.0749050777235,869.3677881101706,7197.4556,4.681249,1316.2731,1.4720819,7928.145,5.28099,0,,,,,1436.0749050777235,0.00046662317,869.3677881101706,0.00048331456,0.0035325016,-0.08371175
2371.726611187727,7921.5293,5.2783465,0.0007781035,164774,1436.0752327980545,869.3683577630154,7191.697,4.678906,1315.2006,1.4699041,7921.5293,5.2783465,0,,,,,1436.0752327980545,0.00046700457,869.3683577630154,0.00048327405,0.003699924,-0.08419857
2371.733555531221,7926.6216,5.2819185,0.0007780057,164775,1436.0737990386906,869.3667646492182,7196.6445,4.682072,1317.5018,1.4736245,7926.6216,5.2819185,0,,,,,1436.0737990386906,0.00046690297,869.3667646492182,0.00048327586,0.002414343,-0.08501574
2371.740499874715,7929.3965,5.2813983,0.0007779079,164776,1436.074910718038,869.3667698564068,7198.311,4.6816106,1318.0156,1.4724231,7929.3965,5.2813983,0,,,,,1436.074910718038,0.00046659293,869.3667698564068,0.00048311538,0.004045871,-0.08501957
2371.747444218152,7923.643,5.2804246,0.00077781006,164777,1436.0745173995344,869.3680894819096,7193.3276,4.6807475,1318.6681,1.4722514,7923.643,5.2804246,0,,,,,1436.0745173995344,0.00046687282,869.3680894819096,0.00048332225,0.0033099477,-0.083898686
2371.7543885615873,7929.671,5.2822866,0.0007777122,164778,1436.0743603131664,869.3678744502196,7198.3906,4.6823983,1317.3688,1.4718657,7929.671,5.2822866,0,,,,,1436.0743603131664,0.00046710917,869.3678744502196,0.00048328956,0.00335402,-0.08435175
2371.7613329050228,7933.5024,5.28204,0.00077761436,164779,1436.073133636644,869.3678417074195,7202.713,4.6821795,1317.3376,1.4710329,7933.5024,5.28204,0,,,,,1436.073133636644,0.00046646054,869.3678417074195,0.00048297865,0.002081984,-0.08407756
2371.7682772484004,7946.137,5.284598,0.00077751646,164780,1436.0745394350547,869.3673141268774,7213.388,4.6844473,1317.5498,1.4710757,7946.137,5.284598,0,,,,,1436.0745394350547,0.00046615402,869.3673141268774,0.00048260967,0.00405867,-0.08389997
2371.775221591778,7932.6978,5.2816896,0.00077741855,164781,1436.0743576948355,869.3676480195174,7201.456,4.681869,1315.9886,1.4722508,7932.6978,5.2816896,0,,,,,1436.0743576948355,0.00046636513,869.3676480195174,0.00048261776,0.0029906784,-0.084096834
2371.7821659351553,7921.78,5.277918,0.00077732065,164782,1436.0732920768019,869.3682208538115,7191.5444,4.6785254,1314.9113,1.4705379,7921.78,5.277918,0,,,,,1436.0732920768019,0.00046675047,869.3682208538115,0.00048337333,0.0028499793,-0.08354325
2371.7891102784743,7924.9883,5.2780967,0.0007772227,164783,1436.0754590406075,869.3691536282721,7195.2783,4.678684,1312.5924,1.4696869,7924.9883,5.2780967,0,,,,,1436.0754590406075,0.00046635786,869.3691536282721,0.00048285743,0.0042362493,-0.08363433
2371.796054621793,7929.9688,5.281899,0.0007771247,164784,1436.0745539397458,869.3676407240853,7199.4053,4.6820545,1311.6627,1.4733305,7929.9688,5.281899,0,,,,,1436.0745539397458,0.00046680757,869.3676407240853,0.0004830027,0.0029771181,-0.08426195
2371.8029989651122,7936.6914,5.2799525,0.00077702675,164785,1436.0749220727512,869.3668134128332,7204.83,4.6803293,1310.71,1.4685792,7936.6914,5.2799525,0,,,,,1436.0749220727512,0.00046618877,869.3668134128332,0.00048271916,0.004130881,-0.08432367
2371.8099433083735,7937.7944,5.2814784,0.00077692873,164786,1436.0735546488218,869.3671508831221,7206.421,4.6816816,1312.9661,1.4693501,7937.7944,5.2814784,0,,,,,1436.0735546488218,0.00046609383,869.3671508831221,0.00048245507,0.002854045,-0.08464175
2371.8168876516347,7931.19,5.2801356,0.0007768307,164787,1436.0742262369997,869.3705328526397,7200.3394,4.6804914,1313.3699,1.4719294,7931.19,5.2801356,0,,,,,1436.0742262369997,0.0004662486,869.3705328526397,0.00048268973,0.002989021,-0.08200524
2371.823831994896,7930.627,5.2802844,0.0007767327,164788,1436.0741108047298,869.3681895466194,7199.371,4.680623,1314.2965,1.4694705,7930.627,5.2802844,0,,,,,1436.0741108047298,0.00046660024,869.3681895466194,0.0004834064,0.0023412702,-0.08294364
2371.8307763380985,7925.698,5.27901,0.0007766346,164789,1436.0737127955779,869.3669616207151,7195.9165,4.6794934,1313.5714,1.470146,7925.698,5.27901,0,,,,,1436.0737127955779,0.0004666616,869.3669616207151,0.0004831687,0.0033754134,-0.084064215
2371.8377206813016,7931.889,5.281187,0.00077653653,164790,1436.07361246181,869.3662390078529,7200.702,4.6814237,1315.0099,1.4737183,7931.889,5.281187,0,,,,,1436.07361246181,0.00046634144,869.3662390078529,0.0004830039,0.002127852,-0.08611098
2371.8446650245046,7930.435,5.2803097,0.00077643845,164791,1436.0762179494477,869.3691780996692,7199.9673,4.680646,1313.8345,1.471797,7930.435,5.2803097,0,,,,,1436.0762179494477,0.0004664407,869.3691780996692,0.0004827277,0.004770898,-0.08252958
2371.851609367649,7930.847,5.2809205,0.0007763403,164792,1436.0746058422808,869.3673972489928,7200.2173,4.681187,1315.2563,1.4706094,7930.847,5.2809205,0,,,,,1436.0746058422808,0.00046633618,869.3673972489928,0.00048269282,0.003096386,-0.08442997
2371.858553710794,7939.1235,5.2828617,0.0007762422,164793,1436.0739407094436,869.3698012173385,7206.663,4.682908,1315.4812,1.4717863,7939.1235,5.2828617,0,,,,,1436.0739407094436,0.00046606146,869.3698012173385,0.0004825016,0.0036185717,-0.08229384
2371.8654980538795,7935.4907,5.281706,0.000776144,164794,1436.0727795994028,869.3677554709175,7204.3447,4.6818833,1313.5143,1.4704685,7935.4907,5.281706,0,,,,,1436.0727795994028,0.00046624872,869.3677554709175,0.00048280542,0.0012534369,-0.084350064
2371.872442396966,7929.541,5.2819963,0.0007760458,164795,1436.074521196131,869.36941321625,7198.107,4.682141,1316.148,1.4720081,7929.541,5.2819963,0,,,,,1436.074521196131,0.0004671009,869.36941321625,0.00048324696,0.0036644184,-0.08217613
2371.8793867400523,7928.2036,5.2825904,0.0007759476,164796,1436.0752172144005,869.3697890620925,7196.914,4.6826677,1317.4406,1.4722995,7928.2036,5.2825904,0,,,,,1436.0752172144005,0.00046675457,869.3697890620925,0.0004836908,0.004709099,-0.08195547
2371.886331083139,7926.4873,5.2812843,0.0007758494,164797,1436.0752072872597,869.3684063150187,7196.0283,4.6815095,1319.5099,1.4722502,7926.4873,5.2812843,0,,,,,1436.0752072872597,0.0004668796,869.3684063150187,0.00048328808,0.0033678007,-0.08334538
2371.8932754261673,7925.257,5.283382,0.00077575113,164798,1436.0742046186456,869.3665095726482,7194.4697,4.683369,1319.3137,1.4742316,7925.257,5.283382,0,,,,,1436.0742046186456,0.00046742224,869.3665095726482,0.0004836847,0.0029090974,-0.08503251
2371.9002197691952,7929.2847,5.2813663,0.0007756529,164799,1436.0740264452322,869.3687067928731,7198.267,4.6815825,1316.0057,1.4713668,7929.2847,5.2813663,0,,,,,1436.0740264452322,0.00046686144,869.3687067928731,0.00048337344,0.0025300956,-0.08392321
2371.9071641121654,7929.3735,5.283272,0.00077555457,164800,1436.0747665565045,869.3693915155187,7197.3774,4.683272,1321.5381,1.4745457,7929.3735,5.283272,0,,,,,1436.0747665565045,0.00046704113,869.3693915155187,0.00048372272,0.0034773874,-0.08324056
2371.9141084551356,7933.1655,5.283282,0.00077545625,164801,1436.0738278021986,869.3686694447823,7201.3765,4.6832805,1319.8477,1.4737756,7933.1655,5.283282,0,,,,,1436.0738278021986,0.00046643574,869.3686694447823,0.00048325342,0.0032148561,-0.0831945
2371.9210527981054,7929.829,5.2823443,0.00077535794,164802,1436.0739870148052,869.3685644279799,7198.8984,4.6824493,1320.735,1.4731759,7929.829,5.2823443,0,,,,,1436.0739870148052,0.00046657925,869.3685644279799,0.00048340298,0.0020869486,-0.08358682
2371.927997141017,7927.648,5.2861395,0.00077525957,164803,1436.0743056391327,869.3690616533913,7196.7144,4.6858134,1321.7781,1.4754649,7927.648,5.2861395,0,,,,,1436.0743056391327,0.00046755443,869.3690616533913,0.00048376812,0.003357479,-0.08233058
2371.93494148393,7928.928,5.2835736,0.0007751612,164804,1436.0728429267283,869.3674964721503,7198.277,4.683539,1322.3601,1.4738654,7928.928,5.2835736,0,,,,,1436.0728429267283,0.00046717367,869.3674964721503,0.00048377123,0.0025937965,-0.084442444
2371.941885826841,7929.7505,5.286698,0.0007750628,164805,1436.0736142685741,869.3691759501437,7199.3022,4.6863084,1326.3243,1.4762627,7929.7505,5.286698,0,,,,,1436.0736142685741,0.00046724224,869.3691759501437,0.00048363462,0.0014529047,-0.08345402
2371.948830169694,7924.9263,5.2830653,0.0007749644,164806,1436.075342983967,869.3688386308089,7194.4907,4.683089,1324.777,1.4747314,7924.9263,5.2830653,0,,,,,1436.075342983967,0.000467282,869.3688386308089,0.0004834389,0.0034335318,-0.08349035
2371.9557745125476,7934.9155,5.2863173,0.00077486597,164807,1436.073516266482,869.3694426619023,7203.2476,4.6859717,1326.4269,1.4754841,7934.9155,5.2863173,0,,,,,1436.073516266482,0.00046677564,869.3694426619023,0.000483373,0.0019820125,-0.08298548
2371.9627188554014,7929.37,5.2855973,0.00077476754,164808,1436.0740177378848,869.3698544073561,7197.4893,4.685333,1326.5687,1.4753531,7929.37,5.2855973,0,,,,,1436.0740177378848,0.0004673887,869.3698544073561,0.00048392697,0.002536753,-0.081680484
2371.9696631981965,7929.0737,5.284925,0.00077466905,164809,1436.0722709212098,869.3687927933694,7197.8154,4.684737,1324.3651,1.4772022,7929.0737,5.284925,0,,,,,1436.0722709212098,0.0004668238,869.3687927933694,0.0004838257,0.0011795779,-0.082919545
2371.9766075409916,7933.501,5.287352,0.00077457057,164810,1436.0741620618458,869.367915883685,7201.359,4.6868887,1328.1458,1.4760997,7933.501,5.287352,0,,,,,1436.0741620618458,0.0004669572,869.367915883685,0.0004836638,0.003360692,-0.083635546
2371.983551883787,7919.727,5.2836137,0.0007744721,164811,1436.0731888403564,869.3682757372355,7189.6074,4.683574,1324.8071,1.4762682,7919.727,5.2836137,0,,,,,1436.0731888403564,0.0004678272,869.3682757372355,0.00048418014,0.0011662695,-0.08328203
2371.9904962265246,7932.7666,5.2848563,0.00077437353,164812,1436.0754215058655,869.3688859267143,7200.5513,4.684676,1325.9336,1.4745977,7932.7666,5.2848563,0,,,,,1436.0754215058655,0.00046704497,869.3688859267143,0.00048368453,0.003781034,-0.0830541
2371.997440569263,7923.9146,5.2827373,0.000774275,164813,1436.0739025609078,869.367789350749,7193.0234,4.6827974,1326.0645,1.4745156,7923.9146,5.2827373,0,,,,,1436.0739025609078,0.00046715734,869.367789350749,0.00048416766,0.0025225256,-0.08357384
2372.0043849119415,7923.678,5.2846317,0.0007741764,164814,1436.0735496086486,869.3697901487725,7193.7666,4.684477,1326.9594,1.4762657,7923.678,5.2846317,0,,,,,1436.0735496086486,0.0004671692,869.3697901487725,0.00048379827,0.002371708,-0.080957726
2372.0113292546203,7937.831,5.2879663,0.0007740778,164815,1436.0745391037171,869.3680921058913,7206.2925,4.687433,1326.6562,1.4762075,7937.831,5.2879663,0,,,,,1436.0745391037171,0.00046670274,869.3680921058913,0.0004832709,0.0027860857,-0.083282046
2372.0182735972985,7932.232,5.285259,0.0007739792,164816,1436.0743487578688,869.3695915117714,7200.9526,4.685033,1325.4446,1.4753691,7932.232,5.285259,0,,,,,1436.0743487578688,0.00046690032,869.3695915117714,0.00048359987,0.0023562657,-0.08111376
2372.0252179399768,7929.6665,5.2841935,0.0007738806,164817,1436.0745134898816,869.3690332056052,7198.9214,4.6840887,1325.4551,1.4748154,7929.6665,5.2841935,0,,,,,1436.0745134898816,0.00046688187,869.3690332056052,0.00048330615,0.0029237955,-0.08239191
2372.0321622825977,7930.724,5.284587,0.0007737819,164818,1436.072724870924,869.3690974650135,7199.55,4.684437,1324.5363,1.4743534,7930.724,5.284587,0,,,,,1436.072724870924,0.00046696822,869.3690974650135,0.00048344626,0.0019280874,-0.08312894
2372.0391066252187,7928.931,5.284281,0.00077368325,164819,1436.07353404402,869.3689796434858,7197.988,4.684166,1323.9409,1.4754308,7928.931,5.284281,0,,,,,1436.07353404402,0.00046685975,869.3689796434858,0.0004833889,0.0022290812,-0.08237179
2372.0460509677814,7930.2993,5.2870493,0.0007735845,164820,1436.0733807347492,869.3673115444132,7199.428,4.6866198,1322.1356,1.4764051,7930.2993,5.2870493,0,,,,,1436.0733807347492,0.0004677072,869.3673115444132,0.0004838199,0.0019296857,-0.08417222
2372.052995310344,7923.8447,5.280758,0.0007734858,164821,1436.0736143213471,869.3687666642506,7192.364,4.6810436,1320.9668,1.4727348,7923.8447,5.280758,0,,,,,1436.0736143213471,0.00046710498,869.3687666642506,0.00048373925,0.0021507875,-0.08267279
2372.0599396529065,7925.5107,5.280493,0.0007733871,164822,1436.074280298407,869.3682933662864,7193.977,4.680808,1319.5544,1.4721414,7925.5107,5.280493,0,,,,,1436.074280298407,0.00046692387,869.3682933662864,0.00048336908,0.0028662672,-0.0831612
2372.0668839954105,7937.009,5.2822995,0.0007732883,164823,1436.0738862522483,869.3693920129571,7204.191,4.68241,1317.3511,1.4712554,7937.009,5.2822995,0,,,,,1436.0738862522483,0.00046630506,869.3693920129571,0.00048338398,0.0024895864,-0.08243008
2372.073828337916,7929.319,5.280836,0.00077318953,164824,1436.0727742856086,869.3683607881397,7198.5723,4.6811123,1317.338,1.471288,7929.319,5.280836,0,,,,,1436.0727742856086,0.0004665134,869.3683607881397,0.00048309867,0.0015882743,-0.08256613
2372.08077268042,7931.3726,5.2806387,0.00077309075,164825,1436.072492787559,869.3704852570513,7199.7065,4.680938,1315.6996,1.4708374,7931.3726,5.2806387,0,,,,,1436.072492787559,0.00046661508,869.3704852570513,0.00048347982,0.00125024,-0.081017576
2372.0877170229246,7931.202,5.2810354,0.000772992,164826,1436.0726847900444,869.3683449559685,7199.429,4.681289,1315.3402,1.4713356,7931.202,5.2810354,0,,,,,1436.0726847900444,0.0004667506,869.3683449559685,0.00048286858,0.0016479334,-0.082904756
2372.0946613653705,7924.664,5.278794,0.00077289314,164827,1436.0736400413182,869.3691188628027,7194.0713,4.679302,1313.983,1.4702928,7924.664,5.278794,0,,,,,1436.0736400413182,0.00046676275,869.3691188628027,0.00048340444,0.002429099,-0.08183348
2372.1016057077577,7934.0977,5.2800016,0.00077279424,164828,1436.0729519377358,869.3691847173278,7202.3857,4.680373,1312.1973,1.4706452,7934.0977,5.2800016,0,,,,,1436.0729519377358,0.0004662128,869.3691847173278,0.0004828153,0.0024514198,-0.08259617
2372.1085500502036,7936.961,5.2806444,0.0007726954,164829,1436.0723565125202,869.3690231509585,7205.0703,4.680943,1311.552,1.4691558,7936.961,5.2806444,0,,,,,1436.0723565125202,0.00046615928,869.3690231509585,0.00048276797,-0.00060641044,-0.081846036
2372.1154943925912,7922.468,5.2776275,0.0007725965,164830,1436.073431144053,869.3686466542827,7191.599,4.678268,1314.2395,1.4697938,7922.468,5.2776275,0,,,,,1436.073431144053,0.0004668307,869.3686466542827,0.00048337737,0.002449389,-0.08370845
2372.122438734921,7926.2046,5.278725,0.00077249756,164831,1436.0738556310991,869.3706204134126,7195.5845,4.679241,1312.9369,1.4704871,7926.2046,5.278725,0,,,,,1436.0738556310991,0.00046678612,869.3706204134126,0.00048308008,0.0025529158,-0.08107521
2372.129383077251,7927.6655,5.2792945,0.0007723986,164832,1436.0745248330184,869.3701100499279,7196.7417,4.6797457,1313.9387,1.470612,7927.6655,5.2792945,0,,,,,1436.0745248330184,0.00046667655,869.3701100499279,0.00048315607,0.002780337,-0.080031656
2372.1363274195814,7924.942,5.280611,0.00077229965,164833,1436.0722107445686,869.368957661611,7194.1567,4.680913,1312.8837,1.4707944,7924.942,5.280611,0,,,,,1436.0722107445686,0.0004669338,869.368957661611,0.0004835944,0.00077896105,-0.082741566
2372.1432717619114,7927.508,5.279833,0.0007722007,164834,1436.0730277779248,869.3706085991391,7196.8984,4.680223,1314.965,1.4715608,7927.508,5.279833,0,,,,,1436.0730277779248,0.00046653778,869.3706085991391,0.00048314748,0.0019697307,-0.080453716
2372.1502161041826,7928.649,5.281017,0.0007721017,164835,1436.0725795906967,869.3681959432391,7197.5347,4.6812725,1315.8333,1.4734721,7928.649,5.281017,0,,,,,1436.0725795906967,0.00046670283,869.3681959432391,0.0004831493,0.00019608306,-0.08292263
2372.1571604464543,7935.5376,5.2845163,0.0007720027,164836,1436.0728182932387,869.3710020798773,7203.9565,4.684375,1316.7156,1.472509,7935.5376,5.2845163,0,,,,,1436.0728182932387,0.00046667596,869.3710020798773,0.000483385,0.0016752852,-0.08112332
2372.164104788726,7927.5503,5.281443,0.00077190367,164837,1436.074197034007,869.3706594499746,7195.779,4.68165,1316.7766,1.4709682,7927.5503,5.281443,0,,,,,1436.074197034007,0.00046677573,869.3706594499746,0.00048370176,0.0029223724,-0.08152874
2372.171049130939,7939.213,5.2856836,0.0007718046,164838,1436.0735194560511,869.3675743908702,7206.2983,4.6854095,1318.5365,1.4763261,7939.213,5.2856836,0,,,,,1436.0735194560511,0.0004665549,869.3675743908702,0.00048303718,0.0023688525,-0.08361465
2372.1779934731517,7930.4023,5.2829986,0.0007717055,164839,1436.0729124944942,869.3699719921345,7198.969,4.683029,1318.8193,1.4723611,7930.4023,5.2829986,0,,,,,1436.0729124944942,0.00046700775,869.3699719921345,0.00048383887,0.0021858807,-0.081304274
2372.1849378153065,7925.8706,5.2812514,0.0007716064,164840,1436.0729528694553,869.3702367757268,7194.866,4.681481,1319.2184,1.4723767,7925.8706,5.2812514,0,,,,,1436.0729528694553,0.00046686523,869.3702367757268,0.00048343537,0.00200356,-0.0823311
2372.191882157462,7934.828,5.284121,0.0007715073,164841,1436.0734141309545,869.3693045327152,7202.9907,4.6840243,1320.3564,1.4737802,7934.828,5.284121,0,,,,,1436.0734141309545,0.00046653708,869.3693045327152,0.0004832841,0.0021065236,-0.08152117
2372.1988264996166,7929.8193,5.2826533,0.00077140814,164842,1436.0728221406966,869.3708781702778,7198.2036,4.6827235,1322.0607,1.4729307,7929.8193,5.2826533,0,,,,,1436.0728221406966,0.00046669194,869.3708781702778,0.00048347627,0.0009531401,-0.08038515
2372.2057708417133,7934.92,5.2862034,0.00077130896,164843,1436.0738542266542,869.368585066368,7203.1973,4.68587,1325.6315,1.4748594,7934.92,5.2862034,0,,,,,1436.0738542266542,0.0004666477,869.368585066368,0.00048366934,0.0023378052,-0.08188227
2372.2127151838113,7921.8896,5.28352,0.0007712098,164844,1436.0720293936672,869.3686707211277,7191.7666,4.6834917,1328.6263,1.475646,7921.8896,5.28352,0,,,,,1436.0720293936672,0.00046729515,869.3686707211277,0.00048390354,0.00063451525,-0.083297096
2372.219659525908,7918.115,5.2841363,0.0007711106,164845,1436.074189427411,869.3722910082488,7187.249,4.6840377,1331.0604,1.4768921,7918.115,5.2841363,0,,,,,1436.074189427411,0.0004676267,869.3722910082488,0.0004844532,0.0026017313,-0.07918588
2372.2266038680045,7928.401,5.286027,0.0007710114,164846,1436.0723221695387,869.3678482291988,7196.4863,4.685714,1329.8975,1.478033,7928.401,5.286027,0,,,,,1436.0723221695387,0.00046730926,869.3678482291988,0.0004843351,0.0015221993,-0.08400252
2372.2335482100434,7924.2524,5.2859054,0.00077091216,164847,1436.0737085204098,869.3716830731297,7193.195,4.6856065,1330.8438,1.477177,7924.2524,5.2859054,0,,,,,1436.0737085204098,0.0004676231,869.3716830731297,0.0004838497,0.0017991789,-0.0795898
2372.240492552024,7928.5493,5.2883673,0.00077081285,164848,1436.0726918351381,869.3691614947924,7197.307,4.687789,1328.5226,1.4778951,7928.5493,5.2883673,0,,,,,1436.0726918351381,0.00046763956,869.3691614947924,0.00048422682,0.0010206397,-0.083179034
2372.247436894063,7917.7144,5.2861023,0.0007707136,164849,1436.0721026561664,869.3702861395697,7187.1587,4.6857805,1331.6617,1.4779685,7917.7144,5.2861023,0,,,,,1436.0721026561664,0.00046769148,869.3702861395697,0.00048504365,0.0013025511,-0.08161131
2372.2543812360427,7919.9536,5.286845,0.0007706143,164850,1436.0734719091809,869.3709715184298,7189.2456,4.686439,1332.2897,1.4798208,7919.9536,5.286845,0,,,,,1436.0734719091809,0.0004679393,869.3709715184298,0.00048443253,0.001615999,-0.07983762
2372.2613255779643,7935.52,5.2868867,0.00077051495,164851,1436.0725290772991,869.3682495023946,7203.0464,4.686476,1328.6433,1.4770826,7935.52,5.2868867,0,,,,,1436.0725290772991,0.00046686933,869.3682495023946,0.00048353063,0.0015920983,-0.08367726
2372.268269919945,7918.857,5.285136,0.00077041565,164852,1436.073261075006,869.3714309198576,7187.794,4.6849246,1329.4856,1.4780171,7918.857,5.285136,0,,,,,1436.073261075006,0.00046788357,869.3714309198576,0.0004846618,0.0013951763,-0.07899144
2372.2752142618674,7924.393,5.287084,0.0007703163,164853,1436.0729490609776,869.3689680141822,7192.7925,4.6866508,1331.9926,1.4779617,7924.393,5.287084,0,,,,,1436.0729490609776,0.00046767457,869.3689680141822,0.0004846825,0.0019896985,-0.08158216
2372.2821586037317,7914.727,5.2865047,0.00077021687,164854,1436.0713324492817,869.3703791089657,7184.326,4.686137,1333.1587,1.4792701,7914.727,5.2865047,0,,,,,1436.0713324492817,0.00046848625,869.3703791089657,0.0004849159,0.00034541773,-0.08043096
2372.289102945596,7930.6323,5.286435,0.00077011745,164855,1436.073553868705,869.3702446156066,7197.565,4.6860757,1329.3594,1.4782661,7930.6323,5.286435,0,,,,,1436.073553868705,0.0004672699,869.3702446156066,0.0004842039,0.0022688233,-0.081946634
2372.29604728746,7923.445,5.2859483,0.000770018,164856,1436.0724621954937,869.3715411645111,7192.0664,4.6856437,1331.5673,1.4778088,7923.445,5.2859483,0,,,,,1436.0724621954937,0.00046767353,869.3715411645111,0.00048431565,0.0012025521,-0.079124264
2372.3029916293244,7921.1763,5.2845106,0.0007699186,164857,1436.0735618655617,869.3696609151968,7190.872,4.6843696,1329.0676,1.4771578,7921.1763,5.2845106,0,,,,,1436.0735618655617,0.00046748683,869.3696609151968,0.00048437735,0.0018186471,-0.08208175
2372.30993597113,7932.888,5.2863026,0.00076981913,164858,1436.073276215607,869.3714698339587,7200.6562,4.6859584,1328.2025,1.4759235,7932.888,5.2863026,0,,,,,1436.073276215607,0.00046696875,869.3714698339587,0.00048365793,0.001160518,-0.07979794
2372.3168803129356,7924.2466,5.2850037,0.00076971966,164859,1436.073504914915,869.3695026618444,7193.3657,4.684807,1329.0546,1.4774977,7924.2466,5.2850037,0,,,,,1436.073504914915,0.00046744334,869.3695026618444,0.00048400322,0.001508689,-0.08294251
2372.3238246546834,7915.1875,5.282678,0.0007696201,164860,1436.0738118104798,869.3712543776033,7185.1787,4.682745,1326.9729,1.4771452,7915.1875,5.282678,0,,,,,1436.0738118104798,0.00046746773,869.3712543776033,0.00048430733,0.0024168314,-0.080449834
2372.3307689964886,7922.7803,5.283841,0.00076952064,164861,1436.0735552800722,869.3702620393591,7191.6987,4.6837764,1324.8192,1.4760065,7922.7803,5.283841,0,,,,,1436.0735552800722,0.0004673487,869.3702620393591,0.00048415852,0.0018089927,-0.08066577
2372.3377133381778,7923.559,5.2819376,0.00076942105,164862,1436.0720608764514,869.3694363592888,7192.473,4.682089,1323.7134,1.4741812,7923.559,5.2819376,0,,,,,1436.0720608764514,0.0004671563,869.3694363592888,0.0004835716,0.0005691666,-0.081725
2372.344657679925,7922.093,5.2813153,0.0007693215,164863,1436.0733728040846,869.3693826205086,7189.665,4.681537,1319.6067,1.474358,7922.093,5.2813153,0,,,,,1436.0733728040846,0.0004674451,869.3693826205086,0.00048412592,0.0018294252,-0.08198093
2372.3516020216157,7920.8003,5.2797403,0.0007692219,164864,1436.0708962939134,869.3712815073087,7189.8423,4.6801414,1317.0394,1.47167,7920.8003,5.2797403,0,,,,,1436.0708962939134,0.00046719302,869.3712815073087,0.00048394065,-0.0005147591,-0.07975448
2372.358546363305,7936.891,5.2814665,0.0007691223,164865,1436.0727520679745,869.3691985023598,7204.014,4.681671,1314.6038,1.470309,7936.891,5.2814665,0,,,,,1436.0727520679745,0.00046638932,869.3691985023598,0.00048299637,0.0008300117,-0.08280633
2372.365490704936,7932.4727,5.278272,0.0007690227,164866,1436.0724523813622,869.3700964739128,7199.998,4.6788397,1310.0074,1.4678572,7932.4727,5.278272,0,,,,,1436.0724523813622,0.0004661033,869.3700964739128,0.00048313278,0.00074263435,-0.08147654
2372.3724350465673,7932.6343,5.2774854,0.000768923,164867,1436.0728634900615,869.3696596742699,7199.984,4.678142,1308.4375,1.4681958,7932.6343,5.2774854,0,,,,,1436.0728634900615,0.0004661192,869.3696596742699,0.00048289666,0.0010805466,-0.08173951
2372.3793793881987,7923.813,5.2749367,0.0007688234,164868,1436.0734365131018,869.3713719005577,7192.406,4.675883,1303.5781,1.4658225,7923.813,5.2749367,0,,,,,1436.0734365131018,0.00046658376,869.3713719005577,0.00048329105,0.0017409084,-0.07985348
2372.386323729772,7927.616,5.275851,0.00076872366,164869,1436.0727152468407,869.3713873709589,7196.924,4.676693,1302.5443,1.46552,7927.616,5.275851,0,,,,,1436.0727152468407,0.00046622433,869.3713873709589,0.0004826826,0.00065478735,-0.08078666
2372.393268071345,7926.7256,5.2749615,0.00076862396,164870,1436.0717458940387,869.3714082603585,7195.3193,4.6759048,1303.7904,1.466126,7926.7256,5.2749615,0,,,,,1436.0717458940387,0.00046602296,869.3714082603585,0.00048280045,0.0002487021,-0.07938609
2372.400212412918,7930.1304,5.273823,0.00076852425,164871,1436.0730115887998,869.3697506999275,7198.6113,4.674896,1297.851,1.4644196,7930.1304,5.273823,0,,,,,1436.0730115887998,0.00046602657,869.3697506999275,0.0004826387,0.0018094842,-0.08188112
2372.407156754432,7934.4062,5.2729387,0.0007684245,164872,1436.0725235540888,869.3703566648798,7202.4365,4.674112,1295.5134,1.4623724,7934.4062,5.2729387,0,,,,,1436.0725235540888,0.00046534152,869.3703566648798,0.0004821378,0.0006685201,-0.080499806
2372.414101095946,7933.478,5.271782,0.0007683247,164873,1436.0724144602098,869.3719126777413,7200.0796,4.6730866,1293.6832,1.4613166,7933.478,5.271782,0,,,,,1436.0724144602098,0.0004655646,869.3719126777413,0.0004819774,0.001259842,-0.079385296
2372.4210454374606,7929.3184,5.270873,0.00076822494,164874,1436.0725139811025,869.371041611229,7198.4023,4.6722813,1291.5637,1.4613569,7929.3184,5.270873,0,,,,,1436.0725139811025,0.0004659588,869.371041611229,0.00048178108,0.0004898352,-0.08042812
2372.4279897789183,7925.01,5.2695713,0.0007681251,164875,1436.072227686582,869.369457276508,7194.017,4.671127,1287.8992,1.463177,7925.01,5.2695713,0,,,,,1436.072227686582,0.0004656946,869.369457276508,0.00048224573,0.00037598948,-0.081672624
2372.434934120375,7924.3467,5.268543,0.0007680253,164876,1436.0724668550545,869.371286161343,7193.9854,4.6702156,1286.7887,1.4593813,7924.3467,5.268543,0,,,,,1436.0724668550545,0.0004658182,869.371286161343,0.0004821666,0.000958418,-0.0794117
2372.441878461832,7925.719,5.2670493,0.00076792546,164877,1436.0724345875913,869.3703127415891,7194.441,4.6688914,1283.2584,1.457898,7925.719,5.2670493,0,,,,,1436.0724345875913,0.00046531163,869.3703127415891,0.00048154252,0.0012878196,-0.080688566
2372.44882280323,7918.432,5.26389,0.0007678256,164878,1436.0717722672932,869.3721766573984,7188.3213,4.6660905,1283.9952,1.4568533,7918.432,5.26389,0,,,,,1436.0717722672932,0.0004654945,869.3721766573984,0.0004820461,0.0004966198,-0.07858255
2372.455767144628,7926.1133,5.2655454,0.0007677257,164879,1436.0727181870113,869.369317889447,7194.5757,4.667558,1281.6847,1.457546,7926.1133,5.2655454,0,,,,,1436.0727181870113,0.00046529947,869.369317889447,0.0004815377,0.0007501594,-0.08254109
2372.462711486027,7932.5254,5.268917,0.0007676258,164880,1436.072253055607,869.3717654098505,7200.992,4.670547,1279.7941,1.4568938,7932.5254,5.268917,0,,,,,1436.072253055607,0.00046525738,869.3717654098505,0.00048167666,0.0010013235,-0.07942702
2372.469655827367,7922.8877,5.262715,0.00076752587,164881,1436.0728653639057,869.3704562161836,7191.943,4.665049,1276.8982,1.4560784,7922.8877,5.262715,0,,,,,1436.0728653639057,0.00046512432,869.3704562161836,0.00048129357,0.001437219,-0.080856055
2372.476600168707,7925.306,5.2646923,0.0007674259,164882,1436.0724265458366,869.3721146354047,7194.26,4.666802,1278.1232,1.4555684,7925.306,5.2646923,0,,,,,1436.0724265458366,0.0004650972,869.3721146354047,0.00048135468,0.00010479092,-0.07909476
2372.483544509989,7932.4097,5.2652516,0.0007673259,164883,1436.0730609017571,869.3718142715096,7200.299,4.667298,1274.6473,1.4546208,7932.4097,5.2652516,0,,,,,1436.0730609017571,0.00046489591,869.3718142715096,0.00048136944,0.0013978184,-0.079640724
2372.49048885127,7932.06,5.2636294,0.0007672259,164884,1436.0728687872609,869.3707508403847,7199.374,4.6658597,1274.5227,1.4544588,7932.06,5.2636294,0,,,,,1436.0728687872609,0.0004648237,869.3707508403847,0.00048106216,0.0007133625,-0.08011663
2372.4974331925523,7928.303,5.2623577,0.0007671259,164885,1436.0723552747907,869.3697653206784,7197.0747,4.6647325,1274.4601,1.4529177,7928.303,5.2623577,0,,,,,1436.0723552747907,0.00046444737,869.3697653206784,0.00048099982,4.0793435e-05,-0.08130909
2372.5043775337763,7920.501,5.2613206,0.00076702586,164886,1436.0728898035093,869.3723292261757,7189.1426,4.663813,1276.6963,1.4540561,7920.501,5.2613206,0,,,,,1436.0728898035093,0.00046476786,869.3723292261757,0.00048137593,0.0011057543,-0.07830376
2372.5113218750585,7925.515,5.2620683,0.00076692586,164887,1436.0731973580157,869.3711269167986,7193.3784,4.6644764,1274.3556,1.4538356,7925.515,5.2620683,0,,,,,1436.0731973580157,0.0004652426,869.3711269167986,0.0004811459,0.0017162858,-0.07955424
2372.518266216224,7931.27,5.2636695,0.00076682575,164888,1436.0710479424386,869.371258515824,7199.62,4.665895,1275.7231,1.4533845,7931.27,5.2636695,0,,,,,1436.0710479424386,0.0004648797,869.371258515824,0.0004809836,-0.00031900068,-0.08009897
2372.5252105574477,7922.467,5.2619867,0.0007667257,164889,1436.0718907938174,869.3711767908181,7191.386,4.664404,1276.7405,1.4543772,7922.467,5.2619867,0,,,,,1436.0718907938174,0.00046515735,869.3711767908181,0.00048153635,0.001064035,-0.08016187
2372.5321548986135,7926.4395,5.2621737,0.00076662557,164890,1436.0720749010302,869.3720745518702,7194.48,4.66457,1276.2863,1.4538193,7926.4395,5.2621737,0,,,,,1436.0720749010302,0.0004649526,869.3720745518702,0.00048126135,0.00046009812,-0.07912315
2372.5390992397793,7928.901,5.266945,0.00076652545,164891,1436.0710686622735,869.3714905804053,7196.891,4.668799,1278.1967,1.4570355,7928.901,5.266945,0,,,,,1436.0710686622735,0.00046523372,869.3714905804053,0.0004817804,-0.0003082794,-0.07998132
2372.5460435808864,7921.0786,5.2671804,0.0007664253,164892,1436.071816771868,869.3718467458892,7190.1904,4.669008,1279.3765,1.4574991,7921.0786,5.2671804,0,,,,,1436.071816771868,0.0004657913,869.3718467458892,0.00048227247,0.00012402817,-0.079819456
2372.552987921994,7920.853,5.2639236,0.0007663251,164893,1436.071743718206,869.3728886808999,7189.9805,4.6661205,1280.6978,1.4559554,7920.853,5.2639236,0,,,,,1436.071743718206,0.0004653559,869.3728886808999,0.00048174063,5.4447287e-06,-0.07825997
2372.5599322631006,7926.032,5.265435,0.0007662249,164894,1436.0705362371207,869.3715854543801,7194.577,4.6674604,1280.8237,1.4559233,7926.032,5.265435,0,,,,,1436.0705362371207,0.00046537395,869.3715854543801,0.00048161353,-0.00097475667,-0.0791704
2372.566876604149,7926.8594,5.2661543,0.0007661247,164895,1436.0735852210878,869.3711384148902,7195.129,4.6680984,1281.3954,1.4581608,7926.8594,5.2661543,0,,,,,1436.0735852210878,0.00046491777,869.3711384148902,0.0004814631,0.00160731,-0.0801019
2372.5738209451983,7928.5,5.2698274,0.00076602446,164896,1436.072004662154,869.3729415027967,7196.2607,4.671354,1282.7496,1.4577163,7928.5,5.2698274,0,,,,,1436.072004662154,0.00046562665,869.3729415027967,0.00048235347,0.0006666364,-0.07930772
2372.580765286248,7920.657,5.2671227,0.0007659242,164897,1436.0720433227777,869.3711899918469,7190.6514,4.6689568,1287.3442,1.459269,7920.657,5.2671227,0,,,,,1436.0720433227777,0.0004657629,869.3711899918469,0.00048194156,-0.00016540264,-0.07966997
2372.5877096272393,7937.808,5.2714877,0.00076582393,164898,1436.0722264040978,869.3729826371383,7204.3057,4.672826,1287.4943,1.4598786,7937.808,5.2714877,0,,,,,1436.0722264040978,0.0004650597,869.3729826371383,0.00048198202,0.0001332827,-0.07758984
2372.59465396823,7931.9346,5.2706647,0.00076572364,164899,1436.0725896295917,869.3700936212321,7199.209,4.6720963,1291.157,1.4612842,7931.9346,5.2706647,0,,,,,1436.0725896295917,0.00046530282,869.3700936212321,0.00048187733,0.001076345,-0.07998002
2372.601598309163,7918.6147,5.26862,0.0007656233,164900,1436.071303669886,869.3704286879135,7187.3013,4.670284,1293.1339,1.4614407,7918.6147,5.26862,0,,,,,1436.071303669886,0.00046628676,869.3704286879135,0.00048255525,-0.00034074223,-0.079933815
2372.608542650154,7925.604,5.2722616,0.000765523,164901,1436.071894473228,869.3715278370368,7194.004,4.673512,1294.7714,1.463278,7925.604,5.2722616,0,,,,,1436.071894473228,0.0004659977,869.3715278370368,0.00048237914,0.0001659129,-0.07904549
2372.6154869910865,7931.7485,5.2757025,0.00076542265,164902,1436.0727694667078,869.3715521599225,7199.7534,4.676562,1302.9852,1.4661251,7931.7485,5.2757025,0,,,,,1436.0727694667078,0.00046610087,869.3715521599225,0.00048236534,0.0009928826,-0.07994154
2372.622431331961,7924.9478,5.275386,0.00076532224,164903,1436.0716637421554,869.37082536347,7193.913,4.676281,1306.4834,1.4675345,7924.9478,5.275386,0,,,,,1436.0716637421554,0.00046664212,869.37082536347,0.00048264724,-0.0007957612,-0.08007271
2372.6293756728355,7929.8457,5.2775626,0.00076522183,164904,1436.0734289081977,869.374509990637,7196.9497,4.6782107,1308.5809,1.4681212,7929.8457,5.2775626,0,,,,,1436.0734289081977,0.00046627704,869.374509990637,0.00048301023,0.0031756267,-0.07694084
2372.63632001371,7927.6333,5.279371,0.0007651214,164905,1436.0719386188332,869.3710060532989,7196.005,4.6798134,1310.9279,1.4695756,7927.6333,5.279371,0,,,,,1436.0719386188332,0.00046666354,869.3710060532989,0.0004836116,-0.00011085324,-0.080696285
2372.6432643545836,7931.807,5.2825246,0.000765021,164906,1436.0726154926147,869.3704553762417,7199.4717,4.682609,1318.929,1.4731737,7931.807,5.2825246,0,,,,,1436.0726154926147,0.0004667959,869.3704553762417,0.00048348418,0.0010545967,-0.0808
2372.6502086953997,7929.866,5.284565,0.00076492055,164907,1436.0716926824343,869.3724474527077,7197.652,4.6844177,1325.0624,1.4744477,7929.866,5.284565,0,,,,,1436.0716926824343,0.00046694966,869.3724474527077,0.00048391815,-0.00045828178,-0.078416966
2372.657153036217,7927.328,5.2860813,0.0007648201,164908,1436.0724516704265,869.3730402557247,7195.6885,4.685762,1329.3293,1.4768412,7927.328,5.2860813,0,,,,,1436.0724516704265,0.00046749372,869.3730402557247,0.00048400226,-9.348402e-05,-0.07819651
2372.664097376975,7930.1245,5.2880707,0.00076471956,164909,1436.0730771236974,869.3716932383079,7197.6343,4.6875253,1335.1084,1.4784354,7930.1245,5.2880707,0,,,,,1436.0730771236974,0.00046784547,869.3716932383079,0.00048419717,0.000597731,-0.07915092
2372.671041717733,7923.562,5.288696,0.00076461904,164910,1436.070457547015,869.3715023331611,7192.2246,4.6880794,1338.905,1.4809228,7923.562,5.288696,0,,,,,1436.070457547015,0.00046777868,869.3715023331611,0.00048473832,-0.0022624952,-0.07941166
2372.677986058491,7921.39,5.2909064,0.0007645185,164911,1436.07296465663,869.3710049318488,7190.4336,4.690039,1344.4282,1.4838275,7921.39,5.2909064,0,,,,,1436.07296465663,0.00046811625,869.3710049318488,0.00048498102,0.0008085548,-0.08077287
2372.684930399191,7920.3315,5.2921314,0.0007644179,164912,1436.0719150803943,869.3723861467117,7188.9673,4.691125,1346.6042,1.4840498,7920.3315,5.2921314,0,,,,,1436.0719150803943,0.000468437,869.3723861467117,0.00048544814,0.001048773,-0.079532064
2372.6918747398913,7924.9443,5.2957497,0.00076431734,164913,1436.0717807826768,869.3722953504353,7192.2324,4.6943326,1353.626,1.4873213,7924.9443,5.2957497,0,,,,,1436.0717807826768,0.00046842612,869.3722953504353,0.00048544037,0.0007457139,-0.07865969
2372.6988190805914,7925.4155,5.295506,0.00076421676,164914,1436.0711857959623,869.3730551364451,7194.2095,4.6941166,1353.403,1.4870692,7925.4155,5.295506,0,,,,,1436.0711857959623,0.0004684066,869.3730551364451,0.0004852329,-0.0011523472,-0.07896965
2372.705763421291,7923.727,5.2972527,0.0007641162,164915,1436.0720347721397,869.3712051502935,7192.0244,4.695665,1360.5425,1.4897249,7923.727,5.2972527,0,,,,,1436.0720347721397,0.00046873977,869.3712051502935,0.00048583443,0.0007957536,-0.08013976
2372.712707761932,7930.9497,5.30138,0.00076401554,164916,1436.070908881627,869.3718510404601,7199.092,4.699323,1364.8833,1.4915767,7930.9497,5.30138,0,,,,,1436.070908881627,0.00046866338,869.3718510404601,0.00048558236,-0.0009937383,-0.079536535
2372.719652102515,7929.1943,5.3016343,0.00076391484,164917,1436.070389735749,869.3728048635795,7197.0493,4.6995487,1368.2637,1.4925568,7929.1943,5.3016343,0,,,,,1436.070389735749,0.00046917904,869.3728048635795,0.00048594005,-0.0007873145,-0.07775644
2372.7265964431563,7925.0317,5.3029017,0.0007638142,164918,1436.0719456806894,869.3714908969929,7193.1646,4.7006726,1370.1248,1.4946284,7925.0317,5.3029017,0,,,,,1436.0719456806894,0.00046948346,869.3714908969929,0.0004859931,-0.00042601503,-0.0793124
2372.733540783741,7931.8804,5.3046937,0.0007637135,164919,1436.0709141699556,869.3722145543628,7198.488,4.702261,1374.9366,1.49501,7931.8804,5.3046937,0,,,,,1436.0709141699556,0.0004694615,869.3722145543628,0.00048625353,0.00019925059,-0.07978525
2372.7404851242663,7930.7085,5.3063054,0.00076361274,164920,1436.0713391502702,869.3714199668773,7198.3223,4.703689,1375.8234,1.4962852,7930.7085,5.3063054,0,,,,,1436.0713391502702,0.00046937473,869.3714199668773,0.00048632125,-2.225496e-05,-0.078996986
2372.74742946485,7935.8604,5.3076653,0.00076351204,164921,1436.0730344821045,869.3711796183565,7202.9062,4.704895,1376.9607,1.4977589,7935.8604,5.3076653,0,,,,,1436.0730344821045,0.0004690939,869.3711796183565,0.00048614488,0.0011271004,-0.07990885
2372.754373805375,7938.698,5.309103,0.0007634113,164922,1436.0716747483323,869.3727593914031,7206.14,4.706169,1380.684,1.4977889,7938.698,5.309103,0,,,,,1436.0716747483323,0.00046902732,869.3727593914031,0.000485748,-0.00037389764,-0.07838976
2372.761318145842,7927.2646,5.3087635,0.00076331047,164923,1436.072442262215,869.3715259437575,7195.915,4.7058682,1382.0352,1.4987319,7927.2646,5.3087635,0,,,,,1436.072442262215,0.00046951402,869.3715259437575,0.00048687303,0.0003092866,-0.07955406
2372.768262486309,7924.2637,5.306838,0.00076320965,164924,1436.0702862479839,869.3714070953242,7193.7324,4.704161,1380.2935,1.4980302,7924.2637,5.306838,0,,,,,1436.0702862479839,0.00046987706,869.3714070953242,0.00048688392,-0.0016075881,-0.078882046
2372.7752068267764,7922.875,5.3073254,0.00076310884,164925,1436.0719110469831,869.3726087595301,7191.3257,4.7045937,1381.5496,1.4995635,7922.875,5.3073254,0,,,,,1436.0719110469831,0.0004699405,869.3726087595301,0.0004868008,0.0005449018,-0.0784139
2372.7821511672437,7914.9277,5.305327,0.000763008,164926,1436.0707589722908,869.3730619602521,7185.0586,4.702822,1382.9021,1.4991151,7914.9277,5.305327,0,,,,,1436.0707589722908,0.00046988763,869.3730619602521,0.0004869278,-0.0013612014,-0.077660635
2372.789095507652,7931.2915,5.3090434,0.00076290715,164927,1436.0707976736387,869.371950284303,7198.72,4.706116,1381.5808,1.4986889,7931.2915,5.3090434,0,,,,,1436.0707976736387,0.00046967578,869.371950284303,0.00048665467,-0.0019177772,-0.07926015
2372.79603984806,7920.1147,5.3065577,0.0007628063,164928,1436.0725847462054,869.3732708087002,7189.422,4.703913,1382.7737,1.4998133,7920.1147,5.3065577,0,,,,,1436.0725847462054,0.0004697674,869.3732708087002,0.00048689105,9.077743e-06,-0.07724087
2372.802984188469,7926.714,5.308873,0.0007627054,164929,1436.0713753060038,869.3707485597023,7194.262,4.7059655,1383.9266,1.499249,7926.714,5.308873,0,,,,,1436.0713753060038,0.00046960742,869.3707485597023,0.00048727507,-0.0001463481,-0.07982609
2372.8099285288195,7929.5024,5.3101163,0.00076260447,164930,1436.071522273687,869.3729315094978,7196.431,4.707067,1382.1028,1.4992675,7929.5024,5.3101163,0,,,,,1436.071522273687,0.000469483,869.3729315094978,0.00048729387,3.431475e-05,-0.078537256
2372.81687286917,7925.902,5.307153,0.00076250354,164931,1436.0712177991636,869.373863726975,7194.6,4.704441,1381.3344,1.4984459,7925.902,5.307153,0,,,,,1436.0712177991636,0.00046953128,869.373863726975,0.00048644745,-0.001522422,-0.07644065
2372.8238172094634,7920.211,5.306072,0.00076240255,164932,1436.0724389393333,869.3717417665923,7189.466,4.7034826,1381.9036,1.4995984,7920.211,5.306072,0,,,,,1436.0724389393333,0.0004696606,869.3717417665923,0.0004867393,0.0010576497,-0.07897686
2372.830761549756,7927.333,5.309856,0.00076230156,164933,1436.0699890784313,869.3735133762823,7195.618,4.706837,1381.0836,1.4992455,7927.333,5.309856,0,,,,,1436.0699890784313,0.00046986985,869.3735133762823,0.00048686494,-0.0010889246,-0.078188665
2372.8377058900487,7923.324,5.3072376,0.00076220057,164934,1436.070609414411,869.3726172185795,7191.23,4.7045155,1378.9879,1.4992723,7923.324,5.3072376,0,,,,,1436.070609414411,0.00046951108,869.3726172185795,0.00048696122,-0.00075642136,-0.0780216
2372.844650230341,7923.924,5.307343,0.0007620996,164935,1436.0697010999502,869.3720438287697,7192.874,4.704609,1382.2928,1.4996881,7923.924,5.307343,0,,,,,1436.0697010999502,0.00046954636,869.3720438287697,0.00048646086,-0.0019268593,-0.07909966
2372.851594570575,7923.3506,5.30604,0.0007619985,164936,1436.0714313680419,869.3737903513744,7191.06,4.703454,1378.8033,1.4975655,7923.3506,5.30604,0,,,,,1436.0714313680419,0.00047004927,869.3737903513744,0.00048701017,-0.00032179948,-0.077901095
2372.8585389108093,7925.5635,5.305461,0.0007618975,164937,1436.0707397927201,869.3723594727921,7194.306,4.7029405,1376.484,1.496723,7925.5635,5.305461,0,,,,,1436.0707397927201,0.00046943474,869.3723594727921,0.00048660111,-0.0017790362,-0.07905283
2372.8654832509856,7920.1143,5.3051047,0.0007617964,164938,1436.07162602093,869.373584779194,7188.9365,4.7026253,1377.8062,1.4974965,7920.1143,5.3051047,0,,,,,1436.07162602093,0.00046952936,869.373584779194,0.00048699934,-4.6826022e-05,-0.077534534
2372.872427591161,7929.191,5.3047786,0.00076169526,164939,1436.0718717938455,869.3728747825672,7197.7173,4.702336,1374.7502,1.4966075,7929.191,5.3047786,0,,,,,1436.0718717938455,0.00046876434,869.3728747825672,0.0004859752,-0.00014343135,-0.07801338
2372.879371931336,7932.568,5.308989,0.00076159416,164940,1436.0711992284498,869.3737361900176,7200.021,4.706068,1377.5199,1.4979709,7932.568,5.308989,0,,,,,1436.0711992284498,0.00046914953,869.3737361900176,0.00048638813,-0.0010200352,-0.078129515
2372.8863162714542,7919.5156,5.3028545,0.000761493,164941,1436.0719280589756,869.372958495643,7188.927,4.70063,1376.0991,1.496191,7919.5156,5.3028545,0,,,,,1436.0719280589756,0.00046960733,869.372958495643,0.00048637076,-9.011053e-05,-0.07866517
2372.8932606115723,7936.0625,5.3066545,0.0007613918,164942,1436.069707054499,869.3737440078222,7202.886,4.7039986,1374.6772,1.4953206,7936.0625,5.3066545,0,,,,,1436.069707054499,0.0004688122,869.3737440078222,0.00048617282,-0.0018777355,-0.077927195
2372.9002049516903,7933.248,5.3046093,0.00076129066,164943,1436.0708251876415,869.3728299585596,7200.091,4.7021856,1372.6173,1.4948891,7933.248,5.3046093,0,,,,,1436.0708251876415,0.00046885715,869.3728299585596,0.00048572212,-0.0012830977,-0.07870355
2372.90714929175,7924.93,5.305854,0.00076118944,164944,1436.0723102259165,869.3723272274358,7192.553,4.703289,1374.4105,1.4973397,7924.93,5.305854,0,,,,,1436.0723102259165,0.00046977418,869.3723272274358,0.00048656043,-0.000120831355,-0.07857462
2372.91409363181,7926.2686,5.3028765,0.0007610882,164945,1436.0704859587793,869.3740921146297,7193.564,4.7006497,1373.5371,1.4946865,7926.2686,5.3028765,0,,,,,1436.0704859587793,0.00046906585,869.3740921146297,0.0004864033,-0.00031929105,-0.07690095
2372.9210379718693,7928.5664,5.303345,0.000760987,164946,1436.070926919189,869.3728244038298,7195.956,4.7010655,1371.743,1.4951398,7928.5664,5.303345,0,,,,,1436.070926919189,0.00046911507,869.3728244038298,0.000486333,-0.000981629,-0.07785879
2372.927982311871,7920.5547,5.302884,0.0007608857,164947,1436.0716349473578,869.3736373831156,7187.9644,4.7006564,1374.0691,1.4958469,7920.5547,5.302884,0,,,,,1436.0716349473578,0.00046967628,869.3736373831156,0.00048683683,-0.0010525669,-0.07742772
2372.9349266518725,7933.7715,5.3050694,0.00076078443,164948,1436.0707041114056,869.3737502497518,7201.2163,4.702594,1372.2598,1.4953367,7933.7715,5.3050694,0,,,,,1436.0707041114056,0.0004690007,869.3737502497518,0.0004859211,-0.00149822,-0.077873625
2372.9418709918737,7930.833,5.3048615,0.00076068315,164949,1436.0703961030154,869.3727241950594,7197.425,4.7024093,1373.5201,1.4957416,7930.833,5.3048615,0,,,,,1436.0703961030154,0.00046906385,869.3727241950594,0.0004864311,-0.0012676292,-0.078591526
2372.948815331816,7915.9487,5.30284,0.0007605818,164950,1436.071231801639,869.3735656289672,7184.323,4.7006173,1378.5972,1.4966236,7915.9487,5.30284,0,,,,,1436.071231801639,0.0004695099,869.3735656289672,0.00048707405,-0.0007949934,-0.07710345
2372.9557596717586,7913.949,5.3017917,0.00076048047,164951,1436.0718250107582,869.3733440869295,7181.7837,4.699688,1376.0914,1.4965454,7913.949,5.3017917,0,,,,,1436.0718250107582,0.00046980404,869.3733440869295,0.00048726285,-8.418667e-05,-0.07702975
2372.962704011702,7926.141,5.3044243,0.00076037913,164952,1436.0713464350265,869.3715294821665,7192.094,4.7020216,1377.8682,1.4966887,7926.141,5.3044243,0,,,,,1436.0713464350265,0.00046928588,869.3715294821665,0.00048664486,-0.00055400265,-0.079450436
2372.9696483515872,7923.6685,5.3059015,0.00076027773,164953,1436.0702929352888,869.3733607481063,7191.696,4.7033315,1381.0204,1.4990786,7923.6685,5.3059015,0,,,,,1436.0702929352888,0.00046941248,869.3733607481063,0.00048679748,-0.0023371512,-0.07705106
2372.9765926914724,7927.317,5.306222,0.00076017634,164954,1436.070318305631,869.3725253701033,7193.565,4.703615,1380.5208,1.4976037,7927.317,5.306222,0,,,,,1436.070318305631,0.00046940404,869.3725253701033,0.00048692754,-0.0015797901,-0.0783362
2372.9835370313576,7923.1304,5.3066235,0.00076007494,164955,1436.0710858360862,869.3756069848379,7190.2017,4.7039714,1382.0962,1.4994304,7923.1304,5.3066235,0,,,,,1436.0710858360862,0.0004694984,869.3756069848379,0.00048737254,-0.0002567952,-0.07569349
2372.9904813711846,7927.4106,5.308753,0.0007599735,164956,1436.0705493829873,869.3741361305008,7195.2236,4.7058587,1382.4404,1.5014511,7927.4106,5.308753,0,,,,,1436.0705493829873,0.0004702052,869.3741361305008,0.00048658735,-0.0021787588,-0.0764522
2372.9974257110116,7917.864,5.3072433,0.000759872,164957,1436.0704002385098,869.3732201815769,7186.5024,4.7045207,1384.187,1.4999262,7917.864,5.3072433,0,,,,,1436.0704002385098,0.00047041924,869.3732201815769,0.00048734513,-0.0007749257,-0.07739629
2373.0043700507804,7915.7476,5.305977,0.0007597705,164958,1436.0717196662158,869.3742541475513,7184.583,4.7033978,1386.5074,1.4999602,7915.7476,5.305977,0,,,,,1436.0717196662158,0.00047011112,869.3742541475513,0.00048728517,-0.0002193727,-0.077393286
2373.011314390607,7928.306,5.31287,0.00075966906,164959,1436.0701828347642,869.3744038087789,7195.154,4.709508,1387.786,1.5037907,7928.306,5.31287,0,,,,,1436.0701828347642,0.00047022212,869.3744038087789,0.0004875683,-0.00081568083,-0.07679008
2373.0182587303752,7932.319,5.311197,0.00075956754,164960,1436.07057935039,869.3717500189006,7199.0093,4.708025,1387.8192,1.5024338,7932.319,5.311197,0,,,,,1436.07057935039,0.00046953908,869.3717500189006,0.00048704384,-0.0011443377,-0.078769974
2373.025203070085,7923.5366,5.3116574,0.00075946597,164961,1436.070253180482,869.3728990692288,7189.393,4.708433,1392.674,1.5034809,7923.5366,5.3116574,0,,,,,1436.070253180482,0.00047043766,869.3728990692288,0.0004881992,-0.0021841242,-0.07783982
2373.032147409795,7921.093,5.3091836,0.0007593644,164962,1436.0702378254955,869.3735105096453,7187.74,4.7062407,1390.0547,1.5025729,7921.093,5.3091836,0,,,,,1436.0702378254955,0.00047056755,869.3735105096453,0.00048799106,-0.0016046443,-0.07699807
2373.0390917495056,7920.4697,5.31094,0.0007592628,164963,1436.0713604750633,869.3746104654075,7188.5923,4.707797,1391.4017,1.5040368,7920.4697,5.31094,0,,,,,1436.0713604750633,0.00047023688,869.3746104654075,0.00048781018,-0.00038960227,-0.0774743
2373.0460360891575,7924.4946,5.3147755,0.0007591612,164964,1436.0706479228672,869.3748896581919,7193.131,4.7111974,1398.802,1.5062876,7924.4946,5.3147755,0,,,,,1436.0706479228672,0.0004705721,869.3748896581919,0.00048761343,-0.0019948876,-0.07663069
2373.05298042881,7923.5093,5.3122478,0.00075905956,164965,1436.0712044576717,869.3732222688365,7191.1597,4.7089567,1393.4344,1.5042917,7923.5093,5.3122478,0,,,,,1436.0712044576717,0.00047057358,869.3732222688365,0.00048769164,1.5695914e-05,-0.077630796
2373.059924768462,7919.4385,5.312191,0.00075895793,164966,1436.0710702092958,869.3745104648357,7188.3403,4.7089067,1398.5325,1.5055158,7919.4385,5.312191,0,,,,,1436.0710702092958,0.00047037148,869.3745104648357,0.00048790377,-0.001140501,-0.07631668
2373.066869108056,7920.6016,5.3123302,0.00075885624,164967,1436.0707638121085,869.3730967864055,7187.588,4.70903,1397.3182,1.5049452,7920.6016,5.3123302,0,,,,,1436.0707638121085,0.00047099462,869.3730967864055,0.00048780153,-0.001326506,-0.07704761
2373.073813447708,7923.6235,5.3152456,0.0007587546,164968,1436.0704276510253,869.3725677738317,7190.8857,4.711614,1400.6775,1.5067368,7923.6235,5.3152456,0,,,,,1436.0704276510253,0.00047063964,869.3725677738317,0.00048805366,-0.0021257754,-0.07765906
2373.0807577872447,7929.169,5.315447,0.00075865287,164969,1436.0692761218286,869.3745854884298,7197.119,4.711793,1396.3082,1.5058485,7929.169,5.315447,0,,,,,1436.0692761218286,0.00047064573,869.3745854884298,0.00048732583,-0.0029988652,-0.07670325
2373.087702126839,7929.038,5.3138113,0.0007585512,164970,1436.0702569515922,869.3721518681682,7195.3164,4.7103424,1397.4373,1.5049698,7929.038,5.3138113,0,,,,,1436.0702569515922,0.0004701949,869.3721518681682,0.0004881716,-0.0016972612,-0.07801064
2373.094646466375,7937.112,5.315687,0.00075844943,164971,1436.069985857064,869.375533106887,7201.862,4.712006,1395.7653,1.5052708,7937.112,5.315687,0,,,,,1436.069985857064,0.00047019141,869.375533106887,0.0004873907,-0.0031760314,-0.07389815
2373.10159080591,7926.5146,5.315297,0.0007583477,164972,1436.0709135636573,869.3737720194404,7194.113,4.71166,1397.3918,1.5059928,7926.5146,5.315297,0,,,,,1436.0709135636573,0.0004703468,869.3737720194404,0.00048812857,-0.0010445314,-0.07728056
2373.1085351453867,7935.2153,5.3162074,0.0007582459,164973,1436.0702090678071,869.3744595708514,7202.2485,4.7124667,1396.0225,1.5062017,7935.2153,5.3162074,0,,,,,1436.0702090678071,0.00047018458,869.3744595708514,0.00048713756,-0.002253593,-0.07512712
2373.115479484864,7926.552,5.314007,0.0007581441,164974,1436.071108063957,869.3731107552135,7194.6797,4.710516,1395.3103,1.5058969,7926.552,5.314007,0,,,,,1436.071108063957,0.00047041828,869.3731107552135,0.00048750135,-0.0010825011,-0.07822571
2373.1224238243412,7922.5015,5.3115005,0.00075804227,164975,1436.0695145419834,869.3741559484756,7190.7686,4.7082944,1394.0844,1.5034003,7922.5015,5.3115005,0,,,,,1436.0695145419834,0.0004702514,869.3741559484756,0.00048757647,-0.0023429554,-0.07715724
2373.129368163819,7921.651,5.3125687,0.00075794046,164976,1436.0703520824677,869.3747495078766,7187.537,4.7092414,1396.8478,1.5054137,7921.651,5.3125687,0,,,,,1436.0703520824677,0.00047059075,869.3747495078766,0.00048825258,-0.0021029543,-0.075969234
2373.1363125032385,7929.6045,5.317726,0.0007578386,164977,1436.0685156054,869.3747312006521,7195.884,4.713813,1394.5209,1.5086635,7929.6045,5.317726,0,,,,,1436.0685156054,0.0004710356,869.3747312006521,0.00048840814,-0.003280626,-0.07494665
2373.1432568426,7933.8193,5.316554,0.0007577367,164978,1436.070147419583,869.3724253384466,7199.0234,4.7127743,1399.4065,1.5062795,7933.8193,5.316554,0,,,,,1436.070147419583,0.00047027104,869.3724253384466,0.00048784257,-0.0022274668,-0.07785785
2373.1502011820194,7921.5225,5.3132787,0.0007576348,164979,1436.0693315881672,869.3739783812742,7186.787,4.709871,1400.271,1.5062048,7921.5225,5.3132787,0,,,,,1436.0693315881672,0.00047052043,869.3739783812742,0.0004886558,-0.0021360784,-0.07642552
2373.1571455213802,7917.553,5.3119946,0.0007575329,164980,1436.0718764186154,869.3742255951378,7183.9624,4.708732,1400.535,1.5056162,7917.553,5.3119946,0,,,,,1436.0718764186154,0.0004710185,869.3742255951378,0.0004885627,-0.0009398474,-0.07589376
2373.164089860741,7911.6167,5.313161,0.000757431,164981,1436.0697659999182,869.3733728501531,7179.6973,4.709766,1403.7784,1.5076,7911.6167,5.313161,0,,,,,1436.0697659999182,0.000471281,869.3733728501531,0.0004890811,-0.0020701594,-0.076649606
2373.171034200045,7921.0874,5.318189,0.000757329,164982,1436.0705384973394,869.3749007665284,7189.343,4.7142234,1406.4277,1.5090878,7921.0874,5.318189,0,,,,,1436.0705384973394,0.0004712492,869.3749007665284,0.0004887557,-0.0016006284,-0.07640344
2373.1779785393474,7922.49,5.317592,0.000757227,164983,1436.0700169363868,869.3738209597437,7190.3374,4.713694,1408.6188,1.5096364,7922.49,5.317592,0,,,,,1436.0700169363868,0.0004709854,869.3738209597437,0.0004885815,-0.002228745,-0.07695708
2373.1849228786496,7911.4556,5.316619,0.00075712503,164984,1436.0699669632436,869.3737762843626,7179.929,4.7128315,1411.2983,1.5106415,7911.4556,5.316619,0,,,,,1436.0699669632436,0.00047174437,869.3737762843626,0.0004893821,-0.0022787862,-0.07651431
2373.1918672178945,7925.899,5.3229213,0.000757023,164985,1436.0697454322662,869.3745829075714,7192.9546,4.718418,1414.7185,1.5151342,7925.899,5.3229213,0,,,,,1436.0697454322662,0.00047163488,869.3745829075714,0.0004887888,-0.0034150907,-0.07638798
2373.1988115571394,7923.1206,5.3233023,0.00075692096,164986,1436.0700501838937,869.3745278721865,7190.4854,4.7187557,1419.6274,1.5145885,7923.1206,5.3233023,0,,,,,1436.0700501838937,0.00047166046,869.3745278721865,0.0004894,-0.002635008,-0.07526751
2373.205755896384,7935.0356,5.3256097,0.0007568189,164987,1436.0698795189905,869.3737465008461,7200.1504,4.7208014,1422.0519,1.5150187,7935.0356,5.3256097,0,,,,,1436.0698795189905,0.0004710048,869.3737465008461,0.0004892767,-0.0011635051,-0.076477
2373.2127002356283,7926.2427,5.3268676,0.0007567169,164988,1436.0692669270836,869.3732198313336,7192.939,4.721916,1425.0194,1.5166374,7926.2427,5.3268676,0,,,,,1436.0692669270836,0.0004717965,869.3732198313336,0.0004896186,-0.0022666606,-0.07795044
2373.219644574815,7917.1816,5.3240767,0.0007566148,164989,1436.0700728391987,869.3743310443148,7185.612,4.7194424,1427.395,1.5173403,7917.1816,5.3240767,0,,,,,1436.0700728391987,0.00047195618,869.3743310443148,0.0004896363,-0.0023003516,-0.075884186
2373.2265889139435,7917.7827,5.326331,0.0007565126,164990,1436.0701319677055,869.3736150917521,7185.607,4.721441,1432.4148,1.5193027,7917.7827,5.326331,0,,,,,1436.0701319677055,0.00047224606,869.3736150917521,0.0004900377,-0.0027197422,-0.07740097
2373.23353325313,7932.1797,5.331185,0.00075641053,164991,1436.0705878406281,869.3756379545969,7198.1387,4.725744,1434.6592,1.5211513,7932.1797,5.331185,0,,,,,1436.0705878406281,0.00047198258,869.3756379545969,0.0004896114,-0.0015372545,-0.07529855
2373.2404775922587,7930.9263,5.331942,0.0007563084,164992,1436.0700759253039,869.3748818670699,7197.4907,4.7264147,1438.578,1.5217822,7930.9263,5.331942,0,,,,,1436.0700759253039,0.00047191876,869.3748818670699,0.0004897298,-0.002142948,-0.075245485
2373.2474219313285,7931.378,5.3327055,0.00075620617,164993,1436.0699642551592,869.3739424964383,7197.305,4.7270913,1440.3556,1.5224725,7931.378,5.3327055,0,,,,,1436.0699642551592,0.00047235203,869.3739424964383,0.0004896595,-0.0015582086,-0.07638456
2373.254366270456,7928.258,5.333997,0.000756104,164994,1436.0691427657468,869.3748553242414,7195.5596,4.7282357,1443.7466,1.5243337,7928.258,5.333997,0,,,,,1436.0691427657468,0.00047232682,869.3748553242414,0.0004901509,-0.002703194,-0.07563402
2373.261310609526,7922.149,5.3325424,0.0007560018,164995,1436.0693945699725,869.3754673452771,7187.9355,4.726947,1444.784,1.5255135,7922.149,5.3325424,0,,,,,1436.0693945699725,0.0004726953,869.3754673452771,0.00049112306,-0.0030680955,-0.07468849
2373.268254948596,7920.744,5.333095,0.0007558996,164996,1436.0705464906762,869.3733255581568,7187.4673,4.727437,1447.257,1.5249071,7920.744,5.333095,0,,,,,1436.0705464906762,0.00047278873,869.3733255581568,0.00049098046,-0.0012153886,-0.07702562
2373.2751992876083,7931.0996,5.3343725,0.0007557973,164997,1436.0706170481792,869.3743233884093,7195.196,4.7285686,1446.6608,1.5242727,7931.0996,5.3343725,0,,,,,1436.0706170481792,0.00047236352,869.3743233884093,0.00049057143,-0.001185466,-0.076651715
2373.2821436266204,7926.8643,5.3349614,0.00075569504,164998,1436.0689975004711,869.3742625721251,7193.3354,4.7290907,1449.2816,1.5261604,7926.8643,5.3349614,0,,,,,1436.0689975004711,0.00047271504,869.3742625721251,0.0004907167,-0.0034116064,-0.07669631
2373.2890879656325,7927.087,5.3353953,0.0007555928,164999,1436.0692729870023,869.3759445499625,7194.0977,4.7294755,1448.1237,1.526275,7927.087,5.3353953,0,,,,,1436.0692729870023,0.0004728098,869.3759445499625,0.00049041124,-0.0023152214,-0.074175574
2373.296032304586,7929.206,5.3370247,0.00075549044,165000,1436.069984587821,869.3735709788526,7195.2637,4.73092,1448.1606,1.5293715,7929.206,5.3370247,0,,,,,1436.069984587821,0.0004728921,869.3735709788526,0.0004904032,-0.0021751935,-0.0768163
2373.3029766435393,7926.2295,5.3345346,0.0007553881,165001,1436.0691958249245,869.3771560926745,7192.9253,4.7287126,1446.747,1.5255268,7926.2295,5.3345346,0,,,,,1436.0691958249245,0.0004727202,869.3771560926745,0.00049044605,-0.00308722,-0.07427159
2373.309920982493,7928.4893,5.3342876,0.0007552858,165002,1436.0686623494942,869.3717392509716,7194.541,4.7284937,1447.2853,1.5250629,7928.4893,5.3342876,0,,,,,1436.0686623494942,0.00047269685,869.3717392509716,0.00049032655,-0.002490823,-0.07783256
2373.316865321389,7931.3105,5.335655,0.0007551834,165003,1436.0699115310229,869.3750168437825,7197.7793,4.7297063,1448.2535,1.5250119,7931.3105,5.335655,0,,,,,1436.0699115310229,0.0004725278,869.3750168437825,0.00049031945,-0.0034576359,-0.07423868
2373.3238096602845,7929.4146,5.3381023,0.000755081,165004,1436.0681641472374,869.3739623517118,7195.5312,4.7318754,1446.2189,1.5263307,7929.4146,5.3381023,0,,,,,1436.0681641472374,0.0004726269,869.3739623517118,0.00049099105,-0.0035906145,-0.07724115
2373.3307539991793,7931.8135,5.335052,0.0007549786,165005,1436.0691473556979,869.3760683228429,7196.478,4.7291713,1443.5646,1.5251459,7931.8135,5.335052,0,,,,,1436.0691473556979,0.00047238678,869.3760683228429,0.000490498,-0.0026307753,-0.07413964
2373.337698338016,7925.247,5.3319077,0.0007548762,165006,1436.0692462511233,869.3744087600459,7191.485,4.726384,1440.748,1.5232993,7925.247,5.3319077,0,,,,,1436.0692462511233,0.00047260534,869.3744087600459,0.0004905417,-0.0037103035,-0.07537239
2373.3446426768533,7912.8447,5.328457,0.00075477373,165007,1436.0689140277589,869.3747597381241,7179.5947,4.7233253,1441.2914,1.5225495,7912.8447,5.328457,0,,,,,1436.0689140277589,0.00047296094,869.3747597381241,0.00049105997,-0.0036740329,-0.07610319
2373.3515870156903,7915.166,5.3314495,0.0007546713,165008,1436.070295953735,869.3745101730022,7183.721,4.725978,1439.3217,1.5232522,7915.166,5.3314495,0,,,,,1436.070295953735,0.0004728582,869.3745101730022,0.00049076945,-0.0019964736,-0.07666573
2373.358531354469,7929.8555,5.3311677,0.0007545688,165009,1436.0680987841147,869.3762559207054,7195.6396,4.725728,1434.5121,1.5203104,7929.8555,5.3311677,0,,,,,1436.0680987841147,0.000471905,869.3762559207054,0.0004900886,-0.0038867916,-0.07338242
2373.3654756933074,7923.821,5.328065,0.00075446634,165010,1436.0701635621729,869.3747813924974,7191.5234,4.722978,1432.6971,1.5203081,7923.821,5.328065,0,,,,,1436.0701635621729,0.00047198054,869.3747813924974,0.00048951735,-0.0022550784,-0.07593001
2373.372420032028,7928.1255,5.327022,0.0007543638,165011,1436.068447150855,869.3743585963987,7193.932,4.722053,1428.4993,1.5177115,7928.1255,5.327022,0,,,,,1436.068447150855,0.00047184443,869.3743585963987,0.0004898909,-0.004098453,-0.076731116
2373.3793643708073,7928.4604,5.3275814,0.0007542613,165012,1436.0701292414187,869.3746572402147,7194.5776,4.722549,1429.8656,1.5182732,7928.4604,5.3275814,0,,,,,1436.0701292414187,0.00047168141,869.3746572402147,0.0004895266,-0.0025209324,-0.074129954
2373.3863087095283,7921.6772,5.3254848,0.0007541587,165013,1436.0689233802175,869.3756919738422,7188.5674,4.7206907,1425.9445,1.5199778,7921.6772,5.3254848,0,,,,,1436.0689233802175,0.00047200217,869.3756919738422,0.00048978295,-0.003845119,-0.07375217
2373.393253048249,7933.5596,5.327296,0.00075405615,165014,1436.0694933526604,869.3749792867811,7199.2617,4.722296,1422.7567,1.5166501,7933.5596,5.327296,0,,,,,1436.0694933526604,0.00047149742,869.3749792867811,0.0004893873,-0.0028689953,-0.07509116
2373.4001973869117,7938.0786,5.3283334,0.0007539535,165015,1436.0693773811931,869.3759802194605,7203.527,4.723215,1421.8287,1.5165673,7938.0786,5.3283334,0,,,,,1436.0693773811931,0.00047123717,869.3759802194605,0.0004890045,-0.0031479285,-0.07433916
2373.4071417255736,7925.204,5.3225584,0.0007538509,165016,1436.0686316565243,869.3757583371541,7192.689,4.7180967,1419.7145,1.5137068,7925.204,5.3225584,0,,,,,1436.0686316565243,0.00047150144,869.3757583371541,0.0004889387,-0.0037968305,-0.07531488
2373.4140860642356,7924.4014,5.3223,0.0007537483,165017,1436.0694527281992,869.3755144288674,7192.462,4.7178674,1415.9574,1.5135015,7924.4014,5.3223,0,,,,,1436.0694527281992,0.00047139806,869.3755144288674,0.00048886304,-0.00403903,-0.07613741
2373.42103040284,7931.184,5.322892,0.0007536456,165018,1436.0682266809426,869.3747247208745,7196.3564,4.718393,1412.3846,1.5126837,7931.184,5.322892,0,,,,,1436.0682266809426,0.00047136514,869.3747247208745,0.00048879016,-0.0043052793,-0.07449896
2373.427974741445,7915.541,5.317199,0.00075354293,165019,1436.0689387854347,869.3740896974664,7184.0464,4.713346,1410.5471,1.5108495,7915.541,5.317199,0,,,,,1436.0689387854347,0.00047138106,869.3740896974664,0.0004889641,-0.0041046496,-0.076318674
2373.4349190800494,7920.69,5.317852,0.00075344025,165020,1436.0684681361818,869.3761988031159,7187.9785,4.7139244,1406.7421,1.5115302,7920.69,5.317852,0,,,,,1436.0684681361818,0.00047086782,869.3761988031159,0.0004886965,-0.0041106716,-0.07400154
2373.4418634186536,7926.3516,5.317838,0.0007533376,165021,1436.0681567904385,869.3743313109646,7191.363,4.713912,1405.0017,1.5080736,7926.3516,5.317838,0,,,,,1436.0681567904385,0.00047090877,869.3743313109646,0.0004891992,-0.0039668186,-0.07527214
2373.4488077571996,7931.6147,5.3186855,0.00075323484,165022,1436.069102262772,869.3768145449687,7196.126,4.7146635,1405.0039,1.5091705,7931.6147,5.3186855,0,,,,,1436.069102262772,0.00047063368,869.3768145449687,0.00048867345,-0.0029540271,-0.073098004
2373.455752095746,7931.6436,5.3180594,0.0007531321,165023,1436.06751338765,869.3757478403235,7198.347,4.7141085,1403.7552,1.5078684,7931.6436,5.3180594,0,,,,,1436.06751338765,0.00047058577,869.3757478403235,0.0004880106,-0.0060418863,-0.07451908
2373.462696434234,7923.114,5.3162403,0.0007530293,165024,1436.068890427904,869.3756640210015,7190.5757,4.712496,1404.8815,1.5082518,7923.114,5.3162403,0,,,,,1436.068890427904,0.0004706761,869.3756640210015,0.00048848434,-0.0041769994,-0.0744082
2373.4696407727224,7926.2407,5.316345,0.0007529265,165025,1436.0688307669889,869.3750552031661,7191.941,4.712589,1404.265,1.5070767,7926.2407,5.316345,0,,,,,1436.0688307669889,0.00047082864,869.3750552031661,0.0004885662,-0.004595577,-0.07453091
2373.4765851112106,7926.4126,5.315457,0.0007528237,165026,1436.0690051202496,869.3758133393357,7191.955,4.7118015,1403.8164,1.5069993,7926.4126,5.315457,0,,,,,1436.0690051202496,0.00047088176,869.3758133393357,0.0004885721,-0.0027146027,-0.07441959
2373.4835294496984,7922.876,5.3175817,0.0007527209,165027,1436.0686630339071,869.3750287583309,7189.4355,4.713685,1405.4457,1.5088701,7922.876,5.3175817,0,,,,,1436.0686630339071,0.00047110778,869.3750287583309,0.0004890783,-0.0042903274,-0.07503556
2373.4904737881275,7928.673,5.319698,0.00075261807,165028,1436.0687422392762,869.3752134040421,7194.8135,4.715561,1404.3024,1.5103204,7928.673,5.319698,0,,,,,1436.0687422392762,0.00047092672,869.3752134040421,0.0004886636,-0.003721387,-0.07552547
2373.497418126557,7935.9453,5.3208156,0.0007525152,165029,1436.0687389090722,869.3756350136667,7200.295,4.716552,1406.0382,1.5107274,7935.9453,5.3208156,0,,,,,1436.0687389090722,0.0004704746,869.3756350136667,0.0004888073,-0.0043784147,-0.07465778
2373.504362464929,7924.6196,5.316091,0.0007524123,165030,1436.0686410109097,869.3770615241897,7190.742,4.7123637,1405.4073,1.5080202,7924.6196,5.316091,0,,,,,1436.0686410109097,0.00047083205,869.3770615241897,0.00048856647,-0.0031435508,-0.07313247
2373.511306803359,7929.644,5.319544,0.00075230945,165031,1436.0678431987628,869.377290967627,7196.357,4.715424,1407.4984,1.5094094,7929.644,5.319544,0,,,,,1436.0678431987628,0.00047075946,869.377290967627,0.00048852194,-0.004370125,-0.07339587
2373.51825114173,7925.7544,5.3191648,0.00075220654,165032,1436.069861804812,869.3747885428178,7191.777,4.715088,1410.4296,1.511295,7925.7544,5.3191648,0,,,,,1436.069861804812,0.0004708804,869.3747885428178,0.0004887766,-0.0029794031,-0.07472114
2373.5251954800437,7928.054,5.321314,0.0007521036,165033,1436.067322030832,869.3781171515792,7194.065,4.7169933,1412.4789,1.5129217,7928.054,5.321314,0,,,,,1436.067322030832,0.00047105743,869.3781171515792,0.00048898906,-0.006036079,-0.07134919
2373.5321398183573,7929.5186,5.3206363,0.0007520006,165034,1436.0672618001577,869.3746625539302,7194.971,4.716393,1412.6329,1.5109506,7929.5186,5.3206363,0,,,,,1436.0672618001577,0.00047096392,869.3746625539302,0.00048903155,-0.005838261,-0.074983455
2373.5390841566705,7929.481,5.3210955,0.00075189763,165035,1436.0671463843091,869.3777808271133,7194.4185,4.7167993,1413.2557,1.511471,7929.481,5.3210955,0,,,,,1436.0671463843091,0.00047116523,869.3777808271133,0.000489076,-0.005985535,-0.0714631
2373.546028494984,7927.0244,5.321749,0.00075179467,165036,1436.0694327796962,869.3738856533512,7191.2637,4.7173796,1418.6183,1.513197,7927.0244,5.321749,0,,,,,1436.0694327796962,0.0004709964,869.3738856533512,0.00048975454,-0.0030175576,-0.07660988
2373.5529728332394,7920.756,5.321883,0.00075169164,165037,1436.0693282582454,869.3781469420552,7185.777,4.7174983,1419.4377,1.5149102,7920.756,5.321883,0,,,,,1436.0693282582454,0.0004717148,869.3781469420552,0.000489831,-0.0032679692,-0.070887364
2373.5599171714944,7918.612,5.322464,0.0007515886,165038,1436.068457808186,869.3759855080394,7186.4756,4.718013,1420.4486,1.5153265,7918.612,5.322464,0,,,,,1436.068457808186,0.00047197452,869.3759855080394,0.0004897368,-0.0043364554,-0.07568784
2373.566861509749,7922.141,5.322837,0.0007514856,165039,1436.0687803806895,869.3757804998854,7188.2056,4.7183433,1423.0109,1.5152236,7922.141,5.322837,0,,,,,1436.0687803806895,0.00047151756,869.3757804998854,0.00048973894,-0.0040983413,-0.07512533
2373.573805848004,7925.111,5.3259172,0.00075138255,165040,1436.0677752406386,869.3776418953167,7191.694,4.721074,1426.3125,1.5173495,7925.111,5.3259172,0,,,,,1436.0677752406386,0.00047191637,869.3776418953167,0.0004894752,-0.005005819,-0.0731989
2373.5807501862014,7924.4443,5.3265743,0.00075127947,165041,1436.0698201960568,869.3757258085516,7189.9956,4.721657,1427.187,1.5172921,7924.4443,5.3265743,0,,,,,1436.0698201960568,0.00047165505,869.3757258085516,0.0004903132,-0.0025382256,-0.07475817
2373.58769452434,7926.271,5.326609,0.0007511763,165042,1436.0665987062062,869.3761864401989,7193.376,4.721687,1428.3958,1.5176526,7926.271,5.326609,0,,,,,1436.0665987062062,0.00047166206,869.3761864401989,0.0004894265,-0.005732406,-0.073825255
2373.594638862537,7921.6074,5.3270135,0.00075107324,165043,1436.06768820808,869.3772578772827,7189.1377,4.7220454,1432.6279,1.5188485,7921.6074,5.3270135,0,,,,,1436.06768820808,0.00047203546,869.3772578772827,0.00048966124,-0.005785213,-0.07241991
2373.601583200676,7913.728,5.327425,0.0007509701,165044,1436.0687992457938,869.3760534379963,7180.073,4.72241,1438.1229,1.5219054,7913.728,5.327425,0,,,,,1436.0687992457938,0.00047297496,869.3760534379963,0.0004907526,-0.0030222503,-0.07442766
2373.6085275388145,7936.3706,5.3344812,0.00075086695,165045,1436.0692978540199,869.3775431797325,7201.4272,4.7286654,1441.5275,1.5239565,7936.3706,5.3344812,0,,,,,1436.0692978540199,0.00047201655,869.3775431797325,0.0004897522,-0.0035550867,-0.07226387
2373.615471876895,7930.4565,5.3343544,0.00075076375,165046,1436.0681235271172,869.3764356847857,7196.7124,4.728553,1446.12,1.5241987,7930.4565,5.3343544,0,,,,,1436.0681235271172,0.00047236343,869.3764356847857,0.0004903321,-0.004595537,-0.073710494
2373.622416215034,7920.028,5.336488,0.0007506606,165047,1436.0679488669218,869.3759029293765,7187.235,4.730444,1451.62,1.530775,7920.028,5.336488,0,,,,,1436.0679488669218,0.00047341242,869.3759029293765,0.000490903,-0.0052822866,-0.0741567
2373.6293605530564,7925.851,5.3383293,0.00075055734,165048,1436.0674073674993,869.3761732898467,7192.53,4.7320766,1455.8019,1.5296204,7925.851,5.3383293,0,,,,,1436.0674073674993,0.00047273375,869.3761732898467,0.0004909589,-0.004574799,-0.07429945
2373.636304891137,7922.6533,5.3387194,0.00075045414,165049,1436.0677757858823,869.3762998110092,7188.5884,4.732422,1458.8202,1.5322307,7922.6533,5.3387194,0,,,,,1436.0677757858823,0.0004730856,869.3762998110092,0.00049160776,-0.004900861,-0.07371552
2373.6432492291588,7922.1694,5.3405924,0.0007503509,165050,1436.0668145467384,869.3766142367878,7187.867,4.7340827,1464.5619,1.5321344,7922.1694,5.3405924,0,,,,,1436.0668145467384,0.0004733518,869.3766142367878,0.00049200474,-0.006315689,-0.07302713
2373.6501935671804,7920.6533,5.3449907,0.0007502476,165051,1436.0671699686154,869.3761347890568,7186.2856,4.7379813,1472.7158,1.5365762,7920.6533,5.3449907,0,,,,,1436.0671699686154,0.00047396976,869.3761347890568,0.00049283274,-0.006117232,-0.07279859
2373.657137905203,7935.564,5.3484645,0.00075014436,165052,1436.0683005021945,869.3758731288193,7197.9575,4.7410603,1476.1877,1.5384887,7935.564,5.3484645,0,,,,,1436.0683005021945,0.0004737433,869.3758731288193,0.0004927254,-0.004965891,-0.07299269
2373.664082243167,7925.178,5.349861,0.00075004104,165053,1436.0684767142914,869.3769937362467,7191.4785,4.7422986,1484.1431,1.5413486,7925.178,5.349861,0,,,,,1436.0684767142914,0.0004743023,869.3769937362467,0.0004922578,-0.004081615,-0.07308223
2373.6710265811307,7933.136,5.356208,0.0007499377,165054,1436.0672109632576,869.375781678337,7198.8423,4.747925,1492.9739,1.5462047,7933.136,5.356208,0,,,,,1436.0672109632576,0.00047419162,869.375781678337,0.0004928814,-0.0056100283,-0.07458487
2373.677970919096,7934.6543,5.3598146,0.0007498344,165055,1436.0676006853619,869.3782361062509,7199.315,4.7511215,1503.1821,1.5483286,7934.6543,5.3598146,0,,,,,1436.0676006853619,0.00047498217,869.3782361062509,0.00049311225,-0.0045426986,-0.071291454
2373.6849152570603,7934.676,5.362114,0.0007497311,165056,1436.0674468683555,869.3771014685598,7198.376,4.75316,1510.8774,1.5511274,7934.676,5.362114,0,,,,,1436.0674468683555,0.000474881,869.3771014685598,0.00049386115,-0.005230829,-0.07290527
2373.6918595949664,7924.497,5.366896,0.0007496277,165057,1436.0677084395008,869.3770582720067,7191.7603,4.757399,1523.0631,1.5566112,7924.497,5.366896,0,,,,,1436.0677084395008,0.00047573802,869.3770582720067,0.00049451884,-0.0050808904,-0.071686715
2373.698803932872,7917.509,5.3684826,0.00074952433,165058,1436.0668890353709,869.3756160322017,7182.455,4.7588053,1534.7695,1.5614148,7917.509,5.3684826,0,,,,,1436.0668890353709,0.0004769814,869.3756160322017,0.00049592427,-0.0059459656,-0.07396583
2373.7057482707196,7927.206,5.377989,0.0007494209,165059,1436.0661017393568,869.376101439775,7191.7583,4.767232,1544.08,1.5670824,7927.206,5.377989,0,,,,,1436.0661017393568,0.00047722863,869.376101439775,0.0004966395,-0.0059741694,-0.07338069
2373.7126926085675,7920.857,5.3802595,0.00074931746,165060,1436.068099093001,869.3779177721591,7187.5073,4.7692447,1556.1189,1.5696132,7920.857,5.3802595,0,,,,,1436.068099093001,0.0004778963,869.3779177721591,0.00049616164,-0.00468541,-0.071447015
2373.7196369464145,7923.6304,5.382566,0.000749214,165061,1436.067563747844,869.3770278010418,7191.3228,4.7712893,1563.4785,1.5720358,7923.6304,5.382566,0,,,,,1436.067563747844,0.00047748123,869.3770278010418,0.0004962704,-0.005606821,-0.07305552
2373.7265812842616,7928.483,5.388651,0.0007491106,165062,1436.068105889443,869.3782253057632,7194.763,4.7766833,1571.4691,1.5761588,7928.483,5.388651,0,,,,,1436.068105889443,0.00047829608,869.3782253057632,0.00049716706,-0.004562324,-0.072092004
2373.7335256220513,7926.6313,5.3893895,0.0007490071,165063,1436.0668776270713,869.379401892026,7193.4863,4.777338,1578.5187,1.5779963,7926.6313,5.3893895,0,,,,,1436.0668776270713,0.0004783564,869.379401892026,0.00049714954,-0.0063582533,-0.07042351
2373.740469959841,7926.2725,5.3951945,0.0007489036,165064,1436.0674572012063,869.3753754159969,7193.7324,4.7824836,1589.8202,1.5833261,7926.2725,5.3951945,0,,,,,1436.0674572012063,0.0004791296,869.3753754159969,0.00049769547,-0.005617272,-0.075414345
2373.7474142976307,7935.0605,5.3990245,0.0007488001,165065,1436.066678313274,869.3764173272599,7200.686,4.7858787,1596.6094,1.5849133,7935.0605,5.3990245,0,,,,,1436.066678313274,0.00047901468,869.3764173272599,0.00049772003,-0.0071639037,-0.07408814
2373.7543586353618,7920.171,5.3989577,0.00074869656,165066,1436.066670114501,869.3757099641936,7183.432,4.7858195,1607.1829,1.5902078,7920.171,5.3989577,0,,,,,1436.066670114501,0.00048009102,869.3757099641936,0.00049970835,-0.0062911995,-0.07470211
2373.761302973151,7924.321,5.401698,0.00074859307,165067,1436.068375239601,869.3784013016679,7188.0234,4.7882485,1610.521,1.5917,7924.321,5.401698,0,,,,,1436.068375239601,0.00048036213,869.3784013016679,0.000499544,-0.0039767334,-0.071833745
2373.7682473108825,7927.567,5.407674,0.0007484895,165068,1436.0681841832416,869.3784112721297,7193.306,4.7935457,1621.809,1.5946689,7927.567,5.407674,0,,,,,1436.0681841832416,0.00048037193,869.3784112721297,0.00049921556,-0.0050779497,-0.071568504
2373.775191648556,7916.5527,5.407339,0.0007483859,165069,1436.0667525176839,869.3760865082987,7182.9165,4.793249,1628.2861,1.5972042,7916.5527,5.407339,0,,,,,1436.0667525176839,0.00048116356,869.3760865082987,0.00050014106,-0.005447407,-0.073893525
2373.782135986229,7920.91,5.410496,0.0007482823,165070,1436.0654474549292,869.3789518283758,7188.993,4.7960477,1633.5333,1.5986696,7920.91,5.410496,0,,,,,1436.0654474549292,0.00048082095,869.3789518283758,0.00049966195,-0.007044087,-0.07100962
2373.7890803239025,7923.6533,5.4155407,0.0007481787,165071,1436.0679972717073,869.3773474499383,7189.773,4.800519,1638.6573,1.6016306,7923.6533,5.4155407,0,,,,,1436.0679972717073,0.0004813427,869.3773474499383,0.0005010685,-0.00435074,-0.07355324
2373.7960246615753,7926.213,5.4167156,0.0007480751,165072,1436.0674858182629,869.3781032041468,7193.219,4.801561,1643.7043,1.603994,7926.213,5.4167156,0,,,,,1436.0674858182629,0.00048164264,869.3781032041468,0.00050030166,-0.0063794334,-0.072968684
2373.8029689991895,7921.785,5.4212384,0.0007479714,165073,1436.0663678418073,869.3772639275008,7188.9106,4.80557,1652.882,1.6081567,7921.785,5.4212384,0,,,,,1436.0663678418073,0.00048200585,869.3772639275008,0.0005012061,-0.007334441,-0.07193745
2373.8099133368623,7930.186,5.421698,0.0007478678,165074,1436.0663992167852,869.3774629054225,7194.6484,4.805977,1655.2035,1.6088929,7930.186,5.421698,0,,,,,1436.0663992167852,0.0004817932,869.3774629054225,0.0005011867,-0.0061058737,-0.07231271
2373.816857674419,7925.6987,5.4199543,0.0007477641,165075,1436.0667494010822,869.3769314903889,7189.147,4.8044314,1656.4482,1.6083665,7925.6987,5.4199543,0,,,,,1436.0667494010822,0.000482105,869.3769314903889,0.00050181546,-0.0055871676,-0.07276671
2373.8238020120343,7923.633,5.42075,0.0007476604,165076,1436.0668493370322,869.3791008809363,7186.071,4.805137,1658.7665,1.6098086,7923.633,5.42075,0,,,,,1436.0668493370322,0.00048193,869.3791008809363,0.0005021509,-0.0059031625,-0.070435725
2373.830746349591,7920.6934,5.4237094,0.0007475567,165077,1436.0678732347421,869.3759235043011,7186.4683,4.8077602,1661.8927,1.6117605,7920.6934,5.4237094,0,,,,,1436.0678732347421,0.00048226447,869.3759235043011,0.00050222955,-0.0059692026,-0.07495995
2373.837690687148,7926.907,5.4241858,0.00074745296,165078,1436.0684022864073,869.3780793786291,7192.4834,4.8081822,1661.8306,1.6117101,7926.907,5.4241858,0,,,,,1436.0684022864073,0.0004822139,869.3780793786291,0.0005011192,-0.0062133595,-0.07087838
2373.8446350247045,7927.7095,5.4258957,0.00074734923,165079,1436.0664518907129,869.3773097145248,7195.0864,4.809698,1665.7289,1.6127633,7927.7095,5.4258957,0,,,,,1436.0664518907129,0.0004818689,869.3773097145248,0.00050102064,-0.0067266673,-0.07375947
2373.8515793622028,7928.0493,5.4238586,0.00074724545,165080,1436.0659536562257,869.3776670267196,7193.2827,4.807893,1662.4756,1.6105701,7928.0493,5.4238586,0,,,,,1436.0659536562257,0.00048218246,869.3776670267196,0.0005015317,-0.006938928,-0.07294537
2373.8585236997014,7928.147,5.4236197,0.00074714166,165081,1436.0661932067985,869.3800916395174,7192.8657,4.8076806,1662.3977,1.6100621,7928.147,5.4236197,0,,,,,1436.0661932067985,0.00048173196,869.3800916395174,0.000501779,-0.006332572,-0.07021402
2373.8654680372,7930.9995,5.423953,0.0007470379,165082,1436.0654528077227,869.3764628715185,7194.991,4.8079762,1662.1854,1.6101844,7930.9995,5.423953,0,,,,,1436.0654528077227,0.00048181167,869.3764628715185,0.00050158787,-0.0076511623,-0.07293092
2373.872412374698,7920.1333,5.4220386,0.0007469341,165083,1436.0679494672004,869.3780832707306,7184.822,4.806279,1658.4799,1.609671,7920.1333,5.4220386,0,,,,,1436.0679494672004,0.00048261453,869.3780832707306,0.00050263485,-0.005142309,-0.07135231
2373.8793567121375,7926.0054,5.4205384,0.00074683025,165084,1436.0641612724555,869.3802565763476,7192.7812,4.8049493,1653.5724,1.6074349,7926.0054,5.4205384,0,,,,,1436.0641612724555,0.00048183804,869.3802565763476,0.0005010269,-0.009442329,-0.06898228
2373.886301049578,7922.321,5.4197774,0.0007467264,165085,1436.06582066575,869.3781336558523,7187.511,4.804275,1656.0942,1.6082909,7922.321,5.4197774,0,,,,,1436.06582066575,0.0004818535,869.3781336558523,0.00050166977,-0.0074686655,-0.07151247
2373.8932453870184,7920.6724,5.41679,0.00074662257,165086,1436.0679855303963,869.3772175073833,7186.044,4.8016267,1649.997,1.6059599,7920.6724,5.41679,0,,,,,1436.0679855303963,0.00048172858,869.3772175073833,0.00050135195,-0.0051093563,-0.07295023
2373.9001897244,7923.07,5.417949,0.00074651866,165087,1436.0652457037163,869.3761659982483,7190.677,4.802654,1647.5918,1.6055719,7923.07,5.417949,0,,,,,1436.0652457037163,0.0004817778,869.3761659982483,0.0005005733,-0.0075105196,-0.07392033
2373.90713406184,7914.6353,5.41455,0.0007464148,165088,1436.06658920848,869.3773108309097,7180.061,4.7996407,1647.8638,1.605781,7914.6353,5.41455,0,,,,,1436.06658920848,0.00048216185,869.3773108309097,0.0005013366,-0.006287333,-0.072663136
2373.9140783992234,7930.852,5.415315,0.0007463109,165089,1436.0673011611163,869.3772381655141,7194.061,4.800319,1642.2976,1.6019346,7930.852,5.415315,0,,,,,1436.0673011611163,0.0004809234,869.3772381655141,0.0005007176,-0.006622368,-0.07278619
2373.9210227365475,7923.8374,5.413025,0.00074620696,165090,1436.0668146511337,869.3758753152526,7187.487,4.7982893,1639.7479,1.6020272,7923.8374,5.413025,0,,,,,1436.0668146511337,0.00048102398,869.3758753152526,0.0005013712,-0.006401361,-0.07379589
2373.9279670739297,7922.5176,5.414016,0.00074610306,165091,1436.0662425691464,869.3786076236954,7186.1084,4.799167,1639.4237,1.6025807,7922.5176,5.414016,0,,,,,1436.0662425691464,0.00048137168,869.3786076236954,0.00050131883,-0.0062424857,-0.0709019
2373.9349114112533,7926.448,5.412416,0.0007459991,165092,1436.0635403142219,869.3808874677869,7190.749,4.797749,1635.5842,1.6005819,7926.448,5.412416,0,,,,,1436.0635403142219,0.00048114415,869.3808874677869,0.00050072046,-0.0089608645,-0.06888925
2373.941855748577,7918.1704,5.4107947,0.00074589514,165093,1436.0652099962601,869.3784557630557,7184.4487,4.7963123,1634.2981,1.601422,7918.1704,5.4107947,0,,,,,1436.0652099962601,0.00048119665,869.3784557630557,0.00050067337,-0.0078391405,-0.07080139
2373.948800085842,7920.042,5.412645,0.0007457911,165094,1436.0657593378764,869.3765276163169,7186.235,4.797952,1637.2354,1.6012224,7920.042,5.412645,0,,,,,1436.0657593378764,0.00048129537,869.3765276163169,0.00050080067,-0.0077463225,-0.074155144
2373.955744423165,7926.37,5.4132853,0.00074568717,165095,1436.0658046605702,869.3789450172468,7191.6353,4.7985196,1636.5057,1.6021702,7926.37,5.4132853,0,,,,,1436.0658046605702,0.00048106164,869.3789450172468,0.0005005599,-0.007009566,-0.071170196
2373.962688760431,7926.3574,5.4138184,0.00074558315,165096,1436.0645726350317,869.3785526854276,7190.981,4.7989926,1638.127,1.6031507,7926.3574,5.4138184,0,,,,,1436.0645726350317,0.00048084915,869.3785526854276,0.0005006798,-0.008355708,-0.07090797
2373.9696330976967,7928.9487,5.4160137,0.00074547913,165097,1436.0659840980718,869.3781441562187,7192.1836,4.8009386,1640.1085,1.6028037,7928.9487,5.4160137,0,,,,,1436.0659840980718,0.00048117296,869.3781441562187,0.00050091057,-0.0074979872,-0.07168837
2373.9765774349044,7919.1523,5.413809,0.00074537506,165098,1436.0652850474755,869.3768327149991,7182.326,4.7989836,1639.7296,1.6022319,7919.1523,5.413809,0,,,,,1436.0652850474755,0.00048186182,869.3768327149991,0.0005021207,-0.007800378,-0.073185764
2373.983521772112,7929.4346,5.417767,0.000745271,165099,1436.066230227347,869.3777279595886,7192.2646,4.8024926,1645.0334,1.6071613,7929.4346,5.417767,0,,,,,1436.066230227347,0.00048125067,869.3777279595886,0.00050123484,-0.006344282,-0.07179437
2373.9904661093774,7927.4766,5.417824,0.00074516697,165100,1436.064592263208,869.3787479251077,7190.9355,4.802543,1646.7185,1.6075504,7927.4766,5.417824,0,,,,,1436.064592263208,0.0004816698,869.3787479251077,0.00050137326,-0.008748341,-0.07143838
2373.9974104465264,7923.2686,5.4194784,0.00074506283,165101,1436.0660033525862,869.3780826931389,7189.489,4.80401,1650.3903,1.6069093,7923.2686,5.4194784,0,,,,,1436.0660033525862,0.00048171513,869.3780826931389,0.00050124904,-0.007766776,-0.07201519
2374.004354783734,7913.9272,5.421927,0.00074495876,165102,1436.0636525674654,869.3782745577677,7181.0063,4.8061805,1659.0253,1.6104817,7913.9272,5.421927,0,,,,,1436.0636525674654,0.0004824865,869.3782745577677,0.00050289644,-0.009180052,-0.07178986
2374.0112991208835,7920.1616,5.424924,0.0007448546,165103,1436.0660828465107,869.3772632855142,7185.513,4.8088365,1662.5273,1.613725,7920.1616,5.424924,0,,,,,1436.0660828465107,0.00048256296,869.3772632855142,0.0005026027,-0.00736344,-0.07222204
2374.0182434580324,7921.6035,5.4251223,0.0007447505,165104,1436.0642220673844,869.3811896304653,7183.439,4.8090124,1669.2056,1.6132698,7921.6035,5.4251223,0,,,,,1436.0642220673844,0.00048255484,869.3811896304653,0.0005031047,-0.00988146,-0.06717649
2374.0251877951814,7935.129,5.4313154,0.00074464636,165105,1436.065256584682,869.375935174184,7192.1016,4.8145022,1677.578,1.6168541,7935.129,5.4313154,0,,,,,1436.065256584682,0.00048292457,869.375935174184,0.00050455926,-0.007900178,-0.072911814
2374.032132132331,7931.368,5.429464,0.0007445422,165106,1436.0660574905653,869.3788321884253,7186.5874,4.8128614,1680.1135,1.617081,7931.368,5.429464,0,,,,,1436.0660574905653,0.00048290793,869.3788321884253,0.0005049568,-0.007016238,-0.071380615
2374.0390764694216,7928.9785,5.4351406,0.00074443803,165107,1436.0666639944902,869.3804920382768,7191.847,4.8178935,1688.2831,1.6215857,7928.9785,5.4351406,0,,,,,1436.0666639944902,0.0004830489,869.3804920382768,0.0005035659,-0.00697167,-0.0692435
2374.0460208065124,7919.863,5.4387693,0.00074433384,165108,1436.0658247279812,869.377595385871,7186.8564,4.82111,1700.153,1.6269957,7919.863,5.4387693,0,,,,,1436.0658247279812,0.00048414106,869.377595385871,0.0005036757,-0.008536886,-0.072536655
2374.0529651436036,7935.9604,5.4435773,0.00074422965,165109,1436.0638652775135,869.379892046889,7200.049,4.8253717,1704.4012,1.6292889,7935.9604,5.4435773,0,,,,,1436.0638652775135,0.00048332143,869.379892046889,0.0005034484,-0.009394326,-0.06949767
2374.059909480695,7920.2114,5.4419127,0.00074412546,165110,1436.0675055317595,869.3787349656892,7185.763,4.823896,1712.4966,1.6288946,7920.2114,5.4419127,0,,,,,1436.0675055317595,0.0004843595,869.3787349656892,0.0005040446,-0.0063851126,-0.07113234
2374.0668538177274,7925.725,5.4476,0.0007440212,165111,1436.063310140998,869.3791512827478,7190.698,4.8289375,1720.758,1.6335267,7925.725,5.4476,0,,,,,1436.063310140998,0.0004844141,869.3791512827478,0.0005044533,-0.009503208,-0.07107221
2374.0737981547604,7920.2397,5.4469395,0.00074391696,165112,1436.0654273308387,869.3777881524165,7184.504,4.8283525,1723.8473,1.6349295,7920.2397,5.4469395,0,,,,,1436.0654273308387,0.00048503725,869.3777881524165,0.00050543516,-0.007867208,-0.07284386
2374.0807424917934,7909.252,5.4466453,0.0007438127,165113,1436.0639234444004,869.3794544261037,7173.5874,4.8280916,1728.3289,1.6360569,7909.252,5.4466453,0,,,,,1436.0639234444004,0.00048570317,869.3794544261037,0.0005065381,-0.009002606,-0.06995038
2374.087686828826,7920.7007,5.4506373,0.00074370846,165114,1436.0654523303801,869.3784409156829,7183.783,4.8316298,1730.0162,1.6370766,7920.7007,5.4506373,0,,,,,1436.0654523303801,0.00048519662,869.3784409156829,0.00050632184,-0.0074570775,-0.070795335
2374.094631165801,7932.4985,5.454176,0.00074360415,165115,1436.0639983600097,869.3777600448051,7195.0967,4.834767,1733.7472,1.6383991,7932.4985,5.454176,0,,,,,1436.0639983600097,0.0004847808,869.3777600448051,0.0005054422,-0.008328005,-0.07281569
2374.1015755027747,7914.0503,5.451451,0.00074349984,165116,1436.0642066257337,869.3791445789403,7179.163,4.832351,1738.5095,1.6401803,7914.0503,5.451451,0,,,,,1436.0642066257337,0.00048569488,869.3791445789403,0.00050576124,-0.009220017,-0.07009727
2374.1085198397486,7925.218,5.4537506,0.00074339553,165117,1436.0631695723187,869.3803700850824,7190.8633,4.8343897,1733.4437,1.6388209,7925.218,5.4537506,0,,,,,1436.0631695723187,0.00048524523,869.3803700850824,0.0005051517,-0.010706919,-0.068563126
2374.1154641767234,7934.6445,5.4562683,0.0007432912,165118,1436.0650011532316,869.3775336466359,7199.4824,4.8366218,1735.2902,1.6388983,7934.6445,5.4562683,0,,,,,1436.0650011532316,0.00048498702,869.3775336466359,0.00050494884,-0.008582861,-0.072505645
2374.1224085136982,7930.5444,5.4552536,0.0007431869,165119,1436.0647324144581,869.381258155503,7193.9604,4.835722,1735.4535,1.64086,7930.5444,5.4552536,0,,,,,1436.0647324144581,0.00048489164,869.381258155503,0.0005053565,-0.007711724,-0.06799863
2374.129352850615,7924.2744,5.452218,0.00074308255,165120,1436.0653608241712,869.3769339934759,7187.8735,4.833031,1734.948,1.6386635,7924.2744,5.452218,0,,,,,1436.0653608241712,0.0004853946,869.3769339934759,0.0005058171,-0.007251834,-0.0735535
2374.136297187531,7927.6973,5.455086,0.0007429782,165121,1436.0652112029154,869.37783922475,7190.0728,4.835574,1736.9626,1.6409867,7927.6973,5.455086,0,,,,,1436.0652112029154,0.00048512523,869.37783922475,0.00050628884,-0.008717461,-0.07271477
2374.143241524447,7928.5137,5.4527874,0.0007428738,165122,1436.064140830872,869.3792964488342,7189.5444,4.8335357,1734.7982,1.640082,7928.5137,5.4527874,0,,,,,1436.064140830872,0.0004849373,869.3792964488342,0.0005061258,-0.009178717,-0.069991775
2374.1501858613638,7939.042,5.4581704,0.00074276945,165123,1436.0643272085401,869.377971227991,7201.775,4.838308,1734.3009,1.6394999,7939.042,5.4581704,0,,,,,1436.0643272085401,0.00048500177,869.377971227991,0.0005054938,-0.008923068,-0.071958676
2374.157130198222,7931.3315,5.45655,0.000742665,165124,1436.0644754293123,869.3814996493053,7195.629,4.836871,1737.0428,1.6401426,7931.3315,5.45655,0,,,,,1436.0644754293123,0.00048491725,869.3814996493053,0.0005055666,-0.009369865,-0.06799142
2374.1640745351383,7938.022,5.456714,0.00074256066,165125,1436.0641038623553,869.3770614135436,7199.8887,4.8370166,1739.2634,1.6391075,7938.022,5.456714,0,,,,,1436.0641038623553,0.00048479912,869.3770614135436,0.00050565327,-0.009026098,-0.072816364
2374.1710188719967,7923.501,5.453741,0.00074245624,165126,1436.0655698509263,869.3789430103719,7187.404,4.834381,1740.734,1.6395094,7923.501,5.453741,0,,,,,1436.0655698509263,0.00048552963,869.3789430103719,0.00050590717,-0.009270914,-0.07113884
2374.177963208855,7933.4214,5.4571013,0.0007423518,165127,1436.064259834369,869.3801411391113,7194.0356,4.83736,1741.7307,1.6408914,7933.4214,5.4571013,0,,,,,1436.064259834369,0.0004851818,869.3801411391113,0.0005067054,-0.009363497,-0.06964638
2374.1849075456544,7924.6304,5.459867,0.0007422473,165128,1436.0642689905847,869.3781596067955,7187.2915,4.8398113,1749.0834,1.6445217,7924.6304,5.459867,0,,,,,1436.0642689905847,0.00048614148,869.3781596067955,0.0005072051,-0.009532909,-0.07183364
2374.1918518825123,7918.246,5.456521,0.0007421429,165129,1436.0645676327538,869.3771844783445,7178.7163,4.8368454,1751.5118,1.645873,7918.246,5.456521,0,,,,,1436.0645676327538,0.00048620527,869.3771844783445,0.00050806894,-0.00814101,-0.0725145
2374.1987962193125,7919.065,5.460643,0.0007420384,165130,1436.0616370117625,869.38152294381,7183.7134,4.8404994,1756.3293,1.6472815,7919.065,5.460643,0,,,,,1436.0616370117625,0.0004861537,869.38152294381,0.00050728855,-0.011894776,-0.06752708
2374.2057405561127,7919.241,5.4660587,0.00074193394,165131,1436.0651431868107,869.3812547218027,7184.706,4.8453,1763.9401,1.6520314,7919.241,5.4660587,0,,,,,1436.0651431868107,0.0004869453,869.3812547218027,0.000507427,-0.008948868,-0.06914766
2374.2126848929124,7921.324,5.4650064,0.00074182946,165132,1436.0652017926227,869.3796105806244,7185.8755,4.844367,1768.3641,1.6510526,7921.324,5.4650064,0,,,,,1436.0652017926227,0.0004870032,869.3796105806244,0.0005073899,-0.008565586,-0.06951128
2374.2196292297126,7915.429,5.46694,0.000741725,165133,1436.0622945282164,869.3797455567293,7181.5415,4.8460813,1776.0831,1.6533722,7915.429,5.46694,0,,,,,1436.0622945282164,0.00048735092,869.3797455567293,0.00050798454,-0.010788464,-0.07050056
2374.2265735664546,7922.6514,5.474013,0.00074162043,165134,1436.0644669315657,869.3792934525843,7186.1396,4.8523507,1784.2462,1.6599015,7922.6514,5.474013,0,,,,,1436.0644669315657,0.00048776087,869.3792934525843,0.00050832087,-0.009487282,-0.06996005
2374.2335179032543,7928.9556,5.4757085,0.00074151595,165135,1436.065179810143,869.3771390842543,7190.5146,4.8538537,1791.9075,1.6588875,7928.9556,5.4757085,0,,,,,1436.065179810143,0.00048752152,869.3771390842543,0.00050865003,-0.009307329,-0.070579596
2374.2404622399963,7934.042,5.478654,0.0007414114,165136,1436.062253082158,869.3802677753043,7194.83,4.856465,1795.455,1.6605322,7934.042,5.478654,0,,,,,1436.062253082158,0.0004873502,869.3802677753043,0.0005092205,-0.011581278,-0.06903343
2374.2474065767383,7922.496,5.48077,0.00074130687,165137,1436.0641372912298,869.378588565444,7185.6675,4.8583407,1805.853,1.6643829,7922.496,5.48077,0,,,,,1436.0641372912298,0.0004883592,869.378588565444,0.00050974265,-0.00915738,-0.07084251
2374.25435091348,7927.8877,5.4842877,0.0007412023,165138,1436.063764121119,869.3794448732848,7190.455,4.861459,1812.5234,1.6669066,7927.8877,5.4842877,0,,,,,1436.063764121119,0.0004883809,869.3794448732848,0.0005098201,-0.009827644,-0.06979033
2374.261295250221,7926.514,5.4886804,0.0007410978,165139,1436.0625477584776,869.380039126855,7191.5083,4.8653526,1822.5427,1.6710404,7926.514,5.4886804,0,,,,,1436.0625477584776,0.00048871053,869.380039126855,0.0005097689,-0.010615338,-0.069336034
2374.2682395869037,7930.0776,5.492712,0.0007409932,165140,1436.0626158728667,869.3780231681882,7192.701,4.8689265,1826.1788,1.6741377,7930.0776,5.492712,0,,,,,1436.0626158728667,0.0004894455,869.3780231681882,0.00051074725,-0.011765888,-0.07158606
2374.2751839235875,7915.8584,5.4939995,0.0007408886,165141,1436.0648498863281,869.3808890973714,7179.3774,4.8700676,1838.3754,1.6784722,7915.8584,5.4939995,0,,,,,1436.0648498863281,0.0004905899,869.3808890973714,0.0005113571,-0.008395557,-0.06860629
2374.2821282603295,7926.6216,5.4980183,0.00074078405,165142,1436.063025135795,869.3785285480493,7190.011,4.87363,1844.9801,1.6794679,7926.6216,5.4980183,0,,,,,1436.063025135795,0.00049003196,869.3785285480493,0.00051165884,-0.010608723,-0.070875555
2374.289072597013,7925.53,5.4992614,0.00074067945,165143,1436.063004839586,869.3800764107377,7187.0625,4.874732,1851.5547,1.6811438,7925.53,5.4992614,0,,,,,1436.063004839586,0.0004901972,869.3800764107377,0.00051228085,-0.010518262,-0.06981713
2374.2960169336966,7924.8975,5.5051336,0.00074057485,165144,1436.0639866385122,869.3786307002998,7187.5825,4.8799376,1860.0852,1.6880555,7924.8975,5.5051336,0,,,,,1436.0639866385122,0.0004908707,869.3786307002998,0.0005121307,-0.009074895,-0.07181183
2374.302961270322,7930.2036,5.507651,0.0007404702,165145,1436.0635873637452,869.3813586793467,7190.8184,4.882169,1866.0116,1.690278,7930.2036,5.507651,0,,,,,1436.0635873637452,0.0004908828,869.3813586793467,0.0005127505,-0.010255689,-0.066106305
2374.309905607006,7932.4634,5.5111403,0.0007403656,165146,1436.0617551361406,869.379674098072,7195.0547,4.8852615,1873.8798,1.6904722,7932.4634,5.5111403,0,,,,,1436.0617551361406,0.0004907135,869.379674098072,0.0005128057,-0.012074565,-0.06944106
2374.3168499436315,7911.8247,5.508863,0.00074026093,165147,1436.0640038830254,869.3814089537032,7176.6484,4.8832436,1876.3756,1.6924293,7911.8247,5.508863,0,,,,,1436.0640038830254,0.00049199804,869.3814089537032,0.00051369297,-0.009340722,-0.068235844
2374.3237942803153,7922.9214,5.5089097,0.00074015633,165148,1436.0620727069243,869.3799158681308,7186.565,4.8832846,1874.9154,1.6900989,7922.9214,5.5089097,0,,,,,1436.0620727069243,0.0004913314,869.3799158681308,0.0005130551,-0.011404065,-0.06871143
2374.330738616941,7929.097,5.5142636,0.0007400517,165149,1436.063298682334,869.3815143032657,7191.5195,4.888031,1878.2184,1.6936547,7929.097,5.5142636,0,,,,,1436.063298682334,0.0004915353,869.3815143032657,0.0005132854,-0.010107521,-0.06789479
2374.3376829535655,7918.4263,5.5066934,0.000739947,165150,1436.063216965067,869.3778307394795,7179.326,4.88132,1875.7128,1.690385,7918.4263,5.5066934,0,,,,,1436.063216965067,0.00049146905,869.3778307394795,0.0005140635,-0.010903281,-0.073125206
2374.34462729019,7929.507,5.5113673,0.00073984236,165151,1436.0634178182056,869.3814493988086,7190.191,4.885463,1873.6853,1.6905587,7929.507,5.5113673,0,,,,,1436.0634178182056,0.00049145287,869.3814493988086,0.0005137858,-0.010705405,-0.066979066
2374.3515716268157,7921.2964,5.505552,0.0007397377,165152,1436.0631688164715,869.3793423170874,7182.572,4.8803086,1869.4247,1.688374,7921.2964,5.505552,0,,,,,1436.0631688164715,0.0004915252,869.3793423170874,0.0005133979,-0.009962808,-0.06908771
2374.3585159633826,7922.3105,5.5045595,0.000739633,165153,1436.0625699195443,869.3812272683604,7184.2476,4.8794284,1862.3914,1.6865412,7922.3105,5.5045595,0,,,,,1436.0625699195443,0.0004914467,869.3812272683604,0.00051292917,-0.011505831,-0.06887532
2374.3654603000077,7920.3447,5.5001044,0.00073952833,165154,1436.0619389190858,869.3829209238813,7185.06,4.8754797,1853.3282,1.6826723,7920.3447,5.5001044,0,,,,,1436.0619389190858,0.000490599,869.3829209238813,0.0005118334,-0.012323661,-0.066733405
2374.372404636575,7930.8647,5.49739,0.0007394236,165155,1436.0627025610968,869.3802699669521,7194.5913,4.873073,1842.6946,1.677832,7930.8647,5.49739,0,,,,,1436.0627025610968,0.00048966537,869.3802699669521,0.00051063136,-0.0120333815,-0.06829169
2374.3793489732006,7928.8247,5.4940095,0.00073931896,165156,1436.0625904664248,869.3813153181381,7191.028,4.8700767,1837.0195,1.6760032,7928.8247,5.4940095,0,,,,,1436.0625904664248,0.0004893085,869.3813153181381,0.00051101344,-0.010812365,-0.06784041
2374.386293309768,7926.5747,5.489177,0.00073921424,165157,1436.0639922406026,869.375777666759,7184.6357,4.865793,1826.1129,1.6751171,7926.5747,5.489177,0,,,,,1436.0639922406026,0.0004892078,869.375777666759,0.000511614,-0.010365958,-0.07305615
2374.3932376463354,7927.3286,5.4869156,0.0007391095,165158,1436.0619162150467,869.3823092291622,7188.1714,4.863788,1817.9065,1.6699623,7927.3286,5.4869156,0,,,,,1436.0619162150467,0.00048878294,869.3823092291622,0.000510672,-0.01187964,-0.06584831
2374.4001819829023,7925.9253,5.4820247,0.0007390048,165159,1436.0622028506148,869.380298703512,7189.2915,4.8594527,1807.8792,1.6655881,7925.9253,5.4820247,0,,,,,1436.0622028506148,0.0004885406,869.380298703512,0.00050974335,-0.011854893,-0.06907701
2374.407126319469,7923.02,5.476525,0.0007389001,165160,1436.0622236201582,869.3783795137444,7184.3643,4.8545775,1798.0007,1.6624159,7923.02,5.476525,0,,,,,1436.0622236201582,0.00048799152,869.3783795137444,0.00050968595,-0.011939655,-0.070929505
2374.4140706560356,7928.1226,5.475589,0.0007387954,165161,1436.0625571571093,869.3804251248126,7191.537,4.853748,1790.4115,1.6589922,7928.1226,5.475589,0,,,,,1436.0625571571093,0.00048720092,869.3804251248126,0.00050870475,-0.011526181,-0.06910521
2374.4210149926025,7915.8906,5.4709473,0.00073869067,165162,1436.0611576806737,869.3807702400653,7177.6826,4.8496337,1784.1353,1.6575546,7915.8906,5.4709473,0,,,,,1436.0611576806737,0.0004883565,869.3807702400653,0.0005101608,-0.01447717,-0.06734963
2374.4279593291117,7926.974,5.4680514,0.0007385859,165163,1436.0625234934212,869.381155305964,7187.859,4.8470664,1775.8617,1.6531755,7926.974,5.4680514,0,,,,,1436.0625234934212,0.00048690446,869.381155305964,0.0005087612,-0.01254061,-0.06695074
2374.4349036656786,7927.1313,5.4683394,0.0007384812,165164,1436.061792204638,869.3805947873002,7189.296,4.8473215,1774.1106,1.6532148,7927.1313,5.4683394,0,,,,,1436.061792204638,0.00048657344,869.3805947873002,0.00050808437,-0.012612222,-0.06849562
2374.441848002246,7922.857,5.4654503,0.00073837646,165165,1436.0613799570287,869.380524313659,7187.298,4.8447604,1769.3169,1.6514776,7922.857,5.4654503,0,,,,,1436.0613799570287,0.0004866312,869.380524313659,0.0005078492,-0.012177234,-0.069414616
2374.448792338755,7931.486,5.467311,0.0007382717,165166,1436.0619109004663,869.3803569298401,7193.025,4.8464103,1768.6637,1.6505064,7931.486,5.467311,0,,,,,1436.0619109004663,0.0004863972,869.3803569298401,0.00050799194,-0.012036436,-0.06890449
2374.455736675322,7923.468,5.4631357,0.000738167,165167,1436.0618665970626,869.3803510144973,7184.841,4.842709,1762.3823,1.6484253,7923.468,5.4631357,0,,,,,1436.0618665970626,0.0004867512,869.3803510144973,0.00050823967,-0.011882479,-0.06858989
2374.4626810118307,7925.8247,5.4618216,0.0007380622,165168,1436.0600230697034,869.380140152293,7186.0215,4.8415437,1758.6,1.6477845,7925.8247,5.4618216,0,,,,,1436.0600230697034,0.00048671945,869.380140152293,0.000508392,-0.014226753,-0.069693066
2374.4696253483407,7926.326,5.4592447,0.0007379574,165169,1436.0631229950095,869.3815224017574,7185.8184,4.83926,1754.4963,1.6455326,7926.326,5.4592447,0,,,,,1436.0631229950095,0.00048615033,869.3815224017574,0.00050763687,-0.010581373,-0.06778497
2374.47656968485,7928.1187,5.458327,0.00073785265,165170,1436.0604401969442,869.3819773111271,7187.9375,4.8384466,1749.204,1.6440063,7928.1187,5.458327,0,,,,,1436.0604401969442,0.00048612963,869.3819773111271,0.0005079741,-0.01359688,-0.067590855
2374.4835140214172,7930.592,5.457139,0.00073774793,165171,1436.0604537024358,869.3789649214871,7188.804,4.8373933,1747.7026,1.6432723,7930.592,5.457139,0,,,,,1436.0604537024358,0.000485559,869.3789649214871,0.0005075521,-0.013165124,-0.07014447
2374.4904583579255,7934.7007,5.459125,0.00073764316,165172,1436.0606920110786,869.3811508288773,7193.8833,4.839154,1745.6824,1.6422393,7934.7007,5.459125,0,,,,,1436.0606920110786,0.00048587826,869.3811508288773,0.0005074631,-0.013668741,-0.06769137
2374.4974026944337,7919.473,5.454558,0.0007375384,165173,1436.0608771571747,869.38035552519,7183.276,4.8351054,1744.4519,1.6414325,7919.473,5.454558,0,,,,,1436.0608771571747,0.00048563007,869.38035552519,0.00050693576,-0.0136603555,-0.068839945
2374.5043470309424,7926.767,5.4545174,0.0007374336,165174,1436.0614012365993,869.378299025699,7186.027,4.8350697,1741.0933,1.6413878,7926.767,5.4545174,0,,,,,1436.0614012365993,0.00048564907,869.378299025699,0.00050722994,-0.012658367,-0.07091278
2374.511291367451,7920.1895,5.4505353,0.00073732884,165175,1436.0612123182061,869.3831799445855,7179.9004,4.83154,1735.1593,1.6391466,7920.1895,5.4505353,0,,,,,1436.0612123182061,0.00048542005,869.3831799445855,0.00050765026,-0.013222324,-0.06606596
2374.5182357040185,7929.644,5.4512634,0.0007372241,165176,1436.06266880459,869.3790579014374,7190.1133,4.8321853,1732.996,1.6367253,7929.644,5.4512634,0,,,,,1436.06266880459,0.00048491932,869.3790579014374,0.0005065469,-0.0118526975,-0.07014141
2374.5251800405276,7926.8413,5.447795,0.00073711935,165177,1436.0604944543345,869.380794779691,7185.592,4.8291106,1728.6808,1.635029,7926.8413,5.447795,0,,,,,1436.0604944543345,0.0004849979,869.380794779691,0.0005068124,-0.013497005,-0.06838358
2374.532124377037,7936.9946,5.4500303,0.0007370146,165178,1436.0598596309273,869.3821140174764,7196.666,4.831092,1727.1012,1.6340345,7936.9946,5.4500303,0,,,,,1436.0598596309273,0.00048454036,869.3821140174764,0.0005060034,-0.014628315,-0.067750245
2374.539068713546,7930.727,5.453102,0.0007369098,165179,1436.0615069738449,869.3799820481419,7189.1987,4.8338146,1731.628,1.6360705,7930.727,5.453102,0,,,,,1436.0615069738449,0.00048544776,869.3799820481419,0.0005069983,-0.012704755,-0.06985685
2374.5460130500546,7927.5386,5.451274,0.000736805,165180,1436.0604727770956,869.379858624628,7186.1074,4.8321943,1734.4885,1.6383872,7927.5386,5.451274,0,,,,,1436.0604727770956,0.00048524386,869.379858624628,0.0005072718,-0.014188859,-0.06942596
2374.5529573865633,7928.718,5.452199,0.00073670025,165181,1436.061199917737,869.3811607666325,7187.8423,4.8330145,1738.344,1.6379604,7928.718,5.452199,0,,,,,1436.061199917737,0.0004849495,869.3811607666325,0.00050726015,-0.013071165,-0.06760908
2374.5599017230725,7925.7275,5.453261,0.0007365955,165182,1436.05927442693,869.3814557673462,7186.37,4.833956,1739.6915,1.6397641,7925.7275,5.453261,0,,,,,1436.05927442693,0.00048580827,869.3814557673462,0.00050711737,-0.015492251,-0.06741252
2374.5668460595807,7929.2915,5.4560585,0.0007364907,165183,1436.0597223174204,869.383140227265,7190.7383,4.8364353,1741.9026,1.641443,7929.2915,5.4560585,0,,,,,1436.0597223174204,0.00048530882,869.383140227265,0.000506731,-0.01463396,-0.06583291
2374.573790396147,7917.041,5.454374,0.000736386,165184,1436.0608565689577,869.3807955168623,7179.808,4.834942,1743.6168,1.6422113,7917.041,5.454374,0,,,,,1436.0608565689577,0.00048614055,869.3807955168623,0.00050736486,-0.012709626,-0.06816068
2374.5807347326563,7935.7173,5.456868,0.0007362812,165185,1436.059818592654,869.3835172014321,7192.319,4.8371534,1744.6213,1.6408896,7935.7173,5.456868,0,,,,,1436.059818592654,0.00048524272,869.3835172014321,0.0005075168,-0.015030482,-0.065031394
2374.5876790691655,7926.903,5.4565287,0.00073617644,165186,1436.0613094858763,869.3785604736156,7184.5083,4.836852,1744.715,1.6425983,7926.903,5.4565287,0,,,,,1436.0613094858763,0.00048588275,869.3785604736156,0.00050793565,-0.014135539,-0.070844494
2374.594623405733,7933.9595,5.4561296,0.0007360717,165187,1436.0613141657032,869.3817631448566,7193.645,4.8364983,1743.9142,1.6404035,7933.9595,5.4561296,0,,,,,1436.0613141657032,0.00048509234,869.3817631448566,0.00050700165,-0.014258124,-0.06772741
2374.6015677422415,7931.623,5.4551506,0.00073596695,165188,1436.0614644766647,869.3799949984922,7185.901,4.835631,1746.9366,1.641459,7931.623,5.4551506,0,,,,,1436.0614644766647,0.00048544208,869.3799949984922,0.0005083881,-0.013051365,-0.0694805
2374.6085120788084,7922.7046,5.451375,0.00073586224,165189,1436.0589118320956,869.3817374526708,7183.391,4.832284,1736.5121,1.6385504,7922.7046,5.451375,0,,,,,1436.0589118320956,0.000485588,869.3817374526708,0.0005068052,-0.016613776,-0.06761736
2374.6154564153176,7925.978,5.4512663,0.00073575747,165190,1436.0605879130894,869.3813570999865,7184.7036,4.832187,1735.7372,1.6381587,7925.978,5.4512663,0,,,,,1436.0605879130894,0.0004853562,869.3813570999865,0.0005069133,-0.0137870805,-0.06714869
2374.622400751885,7925.5864,5.4472637,0.00073565275,165191,1436.0600032965165,869.3824392995224,7183.517,4.8286395,1726.6566,1.6345887,7925.5864,5.4472637,0,,,,,1436.0600032965165,0.00048508472,869.3824392995224,0.0005065405,-0.014152381,-0.066954054
2374.629345088453,7920.111,5.4461293,0.00073554803,165192,1436.0596265433687,869.3808849989537,7180.433,4.8276343,1720.8787,1.6330456,7920.111,5.4461293,0,,,,,1436.0596265433687,0.0004850752,869.3808849989537,0.0005066146,-0.014898908,-0.06844268
2374.63628942502,7932.9307,5.4426165,0.0007354433,165193,1436.0602986898598,869.3778814850588,7189.424,4.8245196,1711.8799,1.6291515,7932.9307,5.4426165,0,,,,,1436.0602986898598,0.00048436158,869.3778814850588,0.0005056729,-0.013761843,-0.071971476
2374.6432337615283,7924.4424,5.439899,0.00073533854,165194,1436.058374082517,869.3810605244316,7185.9556,4.822111,1705.915,1.6268206,7924.4424,5.439899,0,,,,,1436.058374082517,0.00048439685,869.3810605244316,0.00050500204,-0.017126422,-0.067985855
2374.650178098153,7936.3594,5.4399886,0.0007352339,165195,1436.060496984145,869.3810353370759,7198.649,4.8221903,1697.8604,1.6232015,7936.3594,5.4399886,0,,,,,1436.060496984145,0.00048325627,869.3810353370759,0.00050351763,-0.013646421,-0.06859298
2374.65712243472,7929.131,5.434084,0.0007351292,165196,1436.0585334478947,869.3806947868034,7188.8843,4.816956,1691.8916,1.6213747,7929.131,5.434084,0,,,,,1436.0585334478947,0.00048313153,869.3806947868034,0.0005047,-0.016083498,-0.0689292
2374.6640667712873,7928.7393,5.431944,0.00073502446,165197,1436.0594346545602,869.3839739661146,7187.0664,4.815059,1688.3605,1.6196871,7928.7393,5.431944,0,,,,,1436.0594346545602,0.00048278185,869.3839739661146,0.0005045772,-0.015500066,-0.064815424
2374.671011107913,7929.4604,5.429203,0.0007349198,165198,1436.0580556352133,869.3838517108152,7186.3857,4.8126297,1681.5503,1.6175095,7929.4604,5.429203,0,,,,,1436.0580556352133,0.00048287585,869.3838517108152,0.00050431094,-0.017580388,-0.06414496
2374.67795544448,7927.8643,5.428183,0.0007348151,165199,1436.0587236743527,869.3829365171985,7190.133,4.811726,1676.2119,1.6164052,7927.8643,5.428183,0,,,,,1436.0587236743527,0.00048253473,869.3829365171985,0.00050267123,-0.015828315,-0.06585658
2374.6848997811057,7928.357,5.425287,0.0007347104,165200,1436.057193812548,869.382048127275,7189.9746,4.8091583,1671.6132,1.6122923,7928.357,5.425287,0,,,,,1436.057193812548,0.00048240047,869.382048127275,0.0005025022,-0.018574916,-0.067060135
2374.691844117731,7937.375,5.4259257,0.00073460577,165201,1436.0591991648148,869.3849070180738,7200.3794,4.809725,1662.6228,1.6104578,7937.375,5.4259257,0,,,,,1436.0591991648148,0.00048153554,869.3849070180738,0.0005013538,-0.015966913,-0.06385205
2374.698788454356,7935.458,5.42446,0.0007345011,165202,1436.0576105985542,869.3804051610315,7198.235,4.8084254,1656.0546,1.6083434,7935.458,5.42446,0,,,,,1436.0576105985542,0.00048185835,869.3804051610315,0.0005015286,-0.017925877,-0.07043833
2374.7057327909815,7933.4277,5.417777,0.00073439645,165203,1436.061072310462,869.3830210209941,7197.118,4.802501,1649.6146,1.604003,7933.4277,5.417777,0,,,,,1436.061072310462,0.00048126475,869.3830210209941,0.00050029805,-0.015320428,-0.06554467
2374.7126771276653,7942.8374,5.4177313,0.00073429185,165204,1436.0583467222148,869.3827918746312,7206.29,4.8024607,1640.7595,1.6013258,7942.8374,5.4177313,0,,,,,1436.0583467222148,0.00048062982,869.3827918746312,0.00049951754,-0.016975584,-0.06596719
2374.719621464348,7934.687,5.41214,0.00073418726,165205,1436.0576371585607,869.3845522738619,7198.389,4.7975044,1634.0778,1.5989625,7934.687,5.41214,0,,,,,1436.0576371585607,0.00048036134,869.3845522738619,0.00049905194,-0.016610853,-0.0642734
2374.726565801031,7940.673,5.410725,0.00073408266,165206,1436.0591988911162,869.3817337149638,7203.6943,4.7962503,1627.1295,1.5966123,7940.673,5.410725,0,,,,,1436.0591988911162,0.00047990316,869.3817337149638,0.00049862236,-0.016019363,-0.06776824
2374.733510137715,7935.2905,5.4051557,0.00073397806,165207,1436.0587531645704,869.3807796310548,7200.5513,4.7913136,1612.9055,1.5912501,7935.2905,5.4051557,0,,,,,1436.0587531645704,0.0004796729,869.3807796310548,0.0004982941,-0.01733543,-0.06887388
2374.7404544743986,7934.936,5.4011464,0.00073387346,165208,1436.0576561619496,869.3836387571054,7200.0137,4.7877593,1603.2273,1.587336,7934.936,5.4011464,0,,,,,1436.0576561619496,0.00047907422,869.3836387571054,0.0004975861,-0.017916974,-0.065927014
2374.74739881114,7937.556,5.398332,0.0007337689,165209,1436.0574599883141,869.3814006908307,7200.4097,4.7852645,1598.1682,1.5843912,7937.556,5.398332,0,,,,,1436.0574599883141,0.0004789541,869.3814006908307,0.0004977361,-0.01735176,-0.0678586
2374.7543431478816,7933.967,5.3952246,0.0007336644,165210,1436.0576460927596,869.3832106800156,7197.0786,4.7825103,1593.8702,1.5829085,7933.967,5.3952246,0,,,,,1436.0576460927596,0.0004786359,869.3832106800156,0.0004976858,-0.01726711,-0.06578212
2374.7612874846236,7928.243,5.391458,0.00073355983,165211,1436.0579756210361,869.3846310888846,7192.7295,4.7791715,1587.3704,1.5806565,7928.243,5.391458,0,,,,,1436.0579756210361,0.00047876494,869.3846310888846,0.0004972555,-0.01726915,-0.06566202
2374.7682318213656,7930.9834,5.3919396,0.0007334553,165212,1436.0590252465552,869.3831417128761,7193.6523,4.779598,1578.7252,1.5792714,7930.9834,5.3919396,0,,,,,1436.0590252465552,0.00047852934,869.3831417128761,0.00049752236,-0.01576165,-0.065879956
2374.775176158166,7934.487,5.3866086,0.0007333508,165213,1436.0580437646722,869.3828081660319,7198.1177,4.774873,1572.4741,1.5741585,7934.487,5.3866086,0,,,,,1436.0580437646722,0.0004777063,869.3828081660319,0.0004961545,-0.01855146,-0.06689573
2374.782120494966,7938.4897,5.3845263,0.0007332463,165214,1436.0585955231115,869.3826963362543,7200.992,4.773027,1562.8351,1.5711541,7938.4897,5.3845263,0,,,,,1436.0585955231115,0.0004772366,869.3826963362543,0.0004957874,-0.017699877,-0.06627243
2374.7890648317657,7929.5864,5.3804145,0.00073314185,165215,1436.057160691985,869.3829285590155,7192.4775,4.769382,1555.2888,1.5692971,7929.5864,5.3804145,0,,,,,1436.057160691985,0.00047776283,869.3829285590155,0.00049599254,-0.017950742,-0.06552241
2374.796009168623,7933.7925,5.3746276,0.0007330374,165216,1436.0581540191997,869.3822608914936,7196.0996,4.764252,1545.0577,1.563582,7933.7925,5.3746276,0,,,,,1436.0581540191997,0.0004766786,869.3822608914936,0.0004949975,-0.017611438,-0.06762062
2374.8029535054225,7934.323,5.3723993,0.00073293294,165217,1436.057091756256,869.3840455047488,7196.553,4.762277,1532.196,1.5628299,7934.323,5.3723993,0,,,,,1436.057091756256,0.000476062,869.3840455047488,0.00049474236,-0.018188538,-0.06604683
2374.8098978423386,7933.669,5.36481,0.0007328286,165218,1436.0583726741518,869.3839808281067,7196.257,4.7555494,1517.4949,1.5521017,7933.669,5.36481,0,,,,,1436.0583726741518,0.00047554058,869.3839808281067,0.00049424777,-0.017467545,-0.066024266
2374.816842179198,7926.2695,5.359367,0.00073272415,165219,1436.055939994625,869.3840165621293,7187.0127,4.750725,1503.1654,1.5489345,7926.2695,5.359367,0,,,,,1436.055939994625,0.00047545604,869.3840165621293,0.00049389974,-0.019444944,-0.06550135
2374.8237865161145,7931.829,5.347235,0.0007326198,165220,1436.0578134516643,869.3838192175335,7190.881,4.7399707,1480.9612,1.5385884,7931.829,5.347235,0,,,,,1436.0578134516643,0.0004738891,869.3838192175335,0.00049214874,-0.017332729,-0.06621295
2374.8307308530893,7926.859,5.339175,0.0007325155,165221,1436.056965165768,869.3835194931283,7186.266,4.732826,1459.6941,1.5311642,7926.859,5.339175,0,,,,,1436.056965165768,0.00047372756,869.3835194931283,0.00049168663,-0.019793173,-0.06606381
2374.8376751900055,7936.7065,5.331398,0.0007324111,165222,1436.0569139267855,869.3835637873854,7198.4087,4.725932,1439.3237,1.5211354,7936.7065,5.331398,0,,,,,1436.0569139267855,0.00047192493,869.3835637873854,0.000489636,-0.019485,-0.06518169
2374.844619527038,7923.5034,5.317441,0.00073230686,165223,1436.0581141055632,869.3832965034754,7186.0586,4.71356,1412.409,1.510264,7923.5034,5.317441,0,,,,,1436.0581141055632,0.0004710532,869.3832965034754,0.00048864615,-0.017156942,-0.06698081
2374.851563864013,7917.922,5.304141,0.00073220255,165224,1436.055644212303,869.3831526957995,7180.567,4.701771,1385.3627,1.4992019,7917.922,5.304141,0,,,,,1436.055644212303,0.0004702497,869.3831526957995,0.00048787138,-0.019794349,-0.065570965
2375.8654379464115,7922.5615,5.1296782,0.0007178577,165370,1436.071125455184,869.4378546738978,7171.9287,4.5471206,970.01605,1.3201346,7922.5615,5.1296782,0,,,,,1436.071125455184,0.0004517842,869.4378546738978,0.00046770144,0.0007123805,5.5675446e-05
2375.8723822988695,7930.526,5.1287723,0.00071776885,165371,1436.0715941977073,869.4382216858199,7180.7183,4.546318,970.1766,1.3182253,7930.526,5.1287723,0,,,,,1436.0715941977073,0.0004508754,869.4382216858199,0.00046657346,0.0008258912,-0.00036292177
2375.8793266514435,7933.731,5.1302447,0.00071768014,165372,1436.0701355032822,869.4375378204766,7183.1157,4.547623,970.6085,1.3190624,7933.731,5.1302447,0,,,,,1436.0701355032822,0.00045071563,869.4375378204766,0.00046669377,4.3694894e-05,-0.0012623039
2375.8862710041335,7923.8784,5.1296315,0.00071759155,165373,1436.070847368126,869.4380433662718,7175.689,4.5470796,969.9173,1.3198975,7923.8784,5.1296315,0,,,,,1436.070847368126,0.00045116828,869.4380433662718,0.00046707012,0.00034200828,-0.00046366148
2375.8932153569403,7929.652,5.130828,0.0007175031,165374,1436.0708183088946,869.4364198294945,7181.9897,4.54814,971.85095,1.319128,7929.652,5.130828,0,,,,,1436.0708183088946,0.0004509557,869.4364198294945,0.0004665476,-0.00030693613,-0.0016377129
2375.900159709864,7932.1606,5.1308255,0.0007174147,165375,1436.0694739838602,869.4360200963517,7183.1973,4.548138,971.5457,1.3195374,7932.1606,5.1308255,0,,,,,1436.0694739838602,0.00045082317,869.4360200963517,0.00046659814,-0.0009667855,-0.0025677814
2375.907104062904,7928.4907,5.1300144,0.0007173265,165376,1436.0699574825628,869.436944419214,7181.092,4.547419,972.13947,1.3201742,7928.4907,5.1300144,0,,,,,1436.0699574825628,0.00045062142,869.436944419214,0.00046646892,-0.0008279793,-0.0010137833
2375.914048416002,7935.254,5.130038,0.0007172383,165377,1436.0709749291248,869.4383890062257,7186.853,4.5474396,969.22815,1.317956,7935.254,5.130038,0,,,,,1436.0709749291248,0.0004504099,869.4383890062257,0.00046619962,0.00018868038,-0.0006142655
2375.920992769217,7929.962,5.13002,0.0007171502,165378,1436.0698809876772,869.4374160748475,7182.3022,4.5474243,971.39325,1.3184748,7929.962,5.13002,0,,,,,1436.0698809876772,0.00045075038,869.4374160748475,0.00046657832,-0.00058634405,-0.00090522843
2375.927937122548,7931.075,5.1301203,0.00071706227,165379,1436.0701873609482,869.4382621724051,7183.595,4.547513,970.4874,1.3182294,7931.075,5.1301203,0,,,,,1436.0701873609482,0.000450687,869.4382621724051,0.00046641682,-0.0003731854,7.3730436e-05
2375.934881475937,7934.1562,5.1299167,0.0007169744,165380,1436.0709779540575,869.4376962654885,7186.475,4.5473323,969.93713,1.3179502,7934.1562,5.1299167,0,,,,,1436.0709779540575,0.00045060238,869.4376962654885,0.00046587377,-0.00049021293,-0.0018041113
2375.9418258294427,7925.047,5.128145,0.0007168866,165381,1436.0712440483192,869.4385384565026,7178.3574,4.5457616,970.31976,1.3178535,7925.047,5.128145,0,,,,,1436.0712440483192,0.0004510385,869.4385384565026,0.0004665893,0.00036012894,-0.000566214
2375.9487701830067,7931.6343,5.130452,0.0007167989,165382,1436.0702446970597,869.4381935189223,7184.1826,4.547807,970.8187,1.3180684,7931.6343,5.130452,0,,,,,1436.0702446970597,0.00045107078,869.4381935189223,0.00046652122,-0.0006380327,-0.00068252394
2375.955714536686,7927.5513,5.1293216,0.0007167113,165383,1436.0697098683283,869.4385745254363,7182.1064,4.546805,968.9622,1.3176876,7927.5513,5.1293216,0,,,,,1436.0697098683283,0.0004510001,869.4385745254363,0.00046618536,-0.0018915881,-0.00043730266
2375.962658890424,7938.057,5.1323776,0.00071662373,165384,1436.0706530168056,869.437174036141,7190.6685,4.549514,970.6443,1.3190088,7938.057,5.1323776,0,,,,,1436.0706530168056,0.000450523,869.437174036141,0.0004662631,8.7605586e-05,-0.0011447988
2375.9696032442785,7921.1187,5.1294127,0.0007165363,165385,1436.0702793681262,869.4392099818477,7175.042,4.5468855,974.4581,1.3215632,7921.1187,5.1294127,0,,,,,1436.0702793681262,0.0004510106,869.4392099818477,0.0004666964,-0.00021093938,0.00015629771
2375.9765475981917,7931.5107,5.130823,0.00071644894,165386,1436.070094988193,869.4388919743002,7185.3955,4.5481358,971.56256,1.3186911,7931.5107,5.130823,0,,,,,1436.070094988193,0.0004509708,869.4388919743002,0.0004658085,-0.0016520544,-0.00034388248
2375.9834919522214,7931.3696,5.131088,0.0007163617,165387,1436.0705516450637,869.4383616421628,7184.6245,4.548371,973.2652,1.3196859,7931.3696,5.131088,0,,,,,1436.0705516450637,0.0004506222,869.4383616421628,0.0004659574,-0.00014491461,-0.0001130544
2375.9904363062506,7935.1553,5.133469,0.00071627443,165388,1436.0698212502314,869.436445400511,7189.0093,4.5504813,972.33203,1.3204496,7935.1553,5.133469,0,,,,,1436.0698212502314,0.00045091673,869.436445400511,0.00046634022,-0.0015179596,-0.002875488
2375.9973806603966,7926.3735,5.128186,0.0007161873,165389,1436.072420646835,869.440441744794,7179.9146,4.5457983,970.54974,1.3181987,7926.3735,5.128186,0,,,,,1436.072420646835,0.00045104086,869.440441744794,0.00046613332,0.001528567,0.0018295252
2376.004325014659,7926.989,5.1282973,0.0007161003,165390,1436.0699760067016,869.4384576028164,7180.663,4.545897,969.9744,1.3177519,7926.989,5.1282973,0,,,,,1436.0699760067016,0.00045073294,869.4384576028164,0.0004665308,-0.0012732126,-0.00067587965
2376.011269368921,7927.9873,5.130993,0.00071601325,165391,1436.071436167864,869.4382304709453,7179.7124,4.5482864,971.89734,1.3198594,7927.9873,5.130993,0,,,,,1436.071436167864,0.0004514156,869.4382304709453,0.00046717693,-0.0008633486,0.0006902105
2376.0182137232996,7939.8125,5.1328983,0.00071592635,165392,1436.069910150955,869.436827328131,7193.525,4.549976,971.3034,1.319076,7939.8125,5.1328983,0,,,,,1436.069910150955,0.00045064284,869.436827328131,0.00046581728,-0.002478055,-0.0016652963
2376.0251580777367,7935.1743,5.1312127,0.0007158395,165393,1436.0718068016915,869.4391423901195,7189.56,4.548481,969.24384,1.3167759,7935.1743,5.1312127,0,,,,,1436.0718068016915,0.00045028247,869.4391423901195,0.00046614214,0.00037030267,0.0010183573
2376.0321024322316,7931.3125,5.1312184,0.0007157527,165394,1436.0711822234339,869.4399517115658,7185.242,4.548486,970.0679,1.318882,7931.3125,5.1312184,0,,,,,1436.0711822234339,0.0004509709,869.4399517115658,0.00046636048,-0.0002165366,0.0014523587
2376.039046786784,7927.936,5.130387,0.000715666,165395,1436.0709326539886,869.4374759641564,7182.5015,4.547749,970.47925,1.3184727,7927.936,5.130387,0,,,,,1436.0709326539886,0.0004512041,869.4374759641564,0.0004663363,-0.00067264226,-0.00075216475
2376.0459911413955,7926.7725,5.1297674,0.0007155793,165396,1436.0711585895594,869.4386835164303,7181.2485,4.5472,970.12366,1.319234,7926.7725,5.1297674,0,,,,,1436.0711585895594,0.00045078152,869.4386835164303,0.00046614424,-0.00039427218,-0.00036677485
2376.0529354960654,7914.379,5.1278725,0.0007154927,165397,1436.0705670753837,869.4375360919473,7171.3975,4.5455203,971.17645,1.3206774,7914.379,5.1278725,0,,,,,1436.0705670753837,0.000451405,869.4375360919473,0.0004665758,-0.00074128126,-0.0009646826
2376.0598798507353,7935.364,5.1312947,0.0007154061,165398,1436.0721654688723,869.4383673546662,7190.2466,4.548554,969.5313,1.3182625,7935.364,5.1312947,0,,,,,1436.0721654688723,0.00045030273,869.4383673546662,0.00046566967,0.00026689278,0.00050695066
2376.0668242055212,7930.6104,5.132693,0.0007153196,165399,1436.069625170631,869.4383923989811,7185.0815,4.5497932,970.2779,1.3192427,7930.6104,5.132693,0,,,,,1436.069625170631,0.00045117227,869.4383923989811,0.0004666439,-0.0012195648,0.00010426522
2376.073768560366,7925.1084,5.1299973,0.00071523315,165400,1436.069994328526,869.4387967146256,7180.1016,4.547404,970.7542,1.3188323,7925.1084,5.1299973,0,,,,,1436.069994328526,0.0004509037,869.4387967146256,0.00046670763,-0.0012493918,-0.00043194162
2376.0807129152104,7923.4644,5.1296587,0.0007151467,165401,1436.0700270796003,869.4379351418642,7177.468,4.547104,971.6841,1.320327,7923.4644,5.1296587,0,,,,,1436.0700270796003,0.00045120608,869.4379351418642,0.00046670032,-0.00091530406,-0.00068316347
2376.087657270171,7919.935,5.1292925,0.0007150604,165402,1436.070797683852,869.4376130243876,7175.5913,4.546779,972.6366,1.3201733,7919.935,5.1292925,0,,,,,1436.070797683852,0.00045114552,869.4376130243876,0.0004665111,-0.00090120814,-0.00032640298
2376.094601625132,7930.5786,5.130855,0.00071497407,165403,1436.070565593214,869.4381950273691,7185.0684,4.5481644,970.69977,1.3192539,7930.5786,5.130855,0,,,,,1436.070565593214,0.0004506784,869.4381950273691,0.000466374,-0.0004926072,8.829807e-05
2376.101545980151,7923.1914,5.1289206,0.0007148878,165404,1436.070329780957,869.4381518521137,7177.242,4.546449,970.15656,1.3204563,7923.1914,5.1289206,0,,,,,1436.070329780957,0.00045140926,869.4381518521137,0.00046653478,-0.0009173553,0.00022331827
2376.1084903351693,7923.856,5.1305933,0.00071480154,165405,1436.0703078070908,869.4390083178879,7179.629,4.547932,972.7155,1.3199834,7923.856,5.1305933,0,,,,,1436.0703078070908,0.00045095227,869.4390083178879,0.0004667077,0.0,0.0
2376.115434690304,7930.929,5.1322136,0.0007147154,165406,1436.0699179971573,869.4373299772459,7186.2554,4.5493684,971.0906,1.3187423,7930.929,5.1322136,0,,,,,1436.0699179971573,0.00045071784,869.4373299772459,0.0004664713,-0.0012285007,-0.002192503
2376.1223790454396,7929.9814,5.1302176,0.00071462925,165407,1436.0707260745248,869.4395352218913,7185.455,4.547599,969.4683,1.3178192,7929.9814,5.1302176,0,,,,,1436.0707260745248,0.00045063495,869.4395352218913,0.0004663079,-0.0002603213,0.0007610845
2376.1293234005752,7925.961,5.129799,0.0007145431,165408,1436.0710761388807,869.4382712619732,7181.555,4.547228,970.5234,1.3194176,7925.961,5.129799,0,,,,,1436.0710761388807,0.00045055692,869.4382712619732,0.00046645835,6.5905486e-05,-0.0009690127
2376.1362677557686,7918.657,5.1288304,0.000714457,165409,1436.0718020614365,869.4382830197878,7175.641,4.5463696,971.01886,1.3207409,7918.657,5.1288304,0,,,,,1436.0718020614365,0.0004511056,869.4382830197878,0.00046676965,0.0003461458,-0.00026538147
2376.14321211102,7922.2944,5.1277103,0.000714371,165410,1436.0705993287772,869.4379951293431,7177.097,4.5453763,969.41016,1.3176919,7922.2944,5.1277103,0,,,,,1436.0705993287772,0.00045111598,869.4379951293431,0.00046654258,-0.001016909,-0.00021205306
2376.150156466272,7925.47,5.132067,0.00071428495,165411,1436.069428255625,869.4356026587476,7181.6284,4.549238,970.91724,1.3199562,7925.47,5.132067,0,,,,,1436.069428255625,0.0004513719,869.4356026587476,0.00046657314,-0.0014934518,-0.0025979353
2376.1571008215824,7932.961,5.1333475,0.000714199,165412,1436.0719306226788,869.4390595048941,7187.689,4.5503736,971.23096,1.3203392,7932.961,5.1333475,0,,,,,1436.0719306226788,0.00045082025,869.4390595048941,0.00046618472,0.0018300371,0.0011382903
2376.164045176892,7918.8257,5.12882,0.000714113,165413,1436.0705338125822,869.4377461792792,7174.618,4.5463605,971.9049,1.3191997,7918.8257,5.12882,0,,,,,1436.0705338125822,0.00045158764,869.4377461792792,0.0004670404,-0.00027296197,-0.00055299286
2376.1709895322606,7930.3545,5.1309357,0.0007140271,165414,1436.070756769207,869.4370653502691,7182.4185,4.5482354,972.1539,1.3195225,7930.3545,5.1309357,0,,,,,1436.070756769207,0.00045116086,869.4370653502691,0.00046695847,-0.00018326174,-0.00092438486
2376.177933887629,7926.108,5.129936,0.0007139412,165415,1436.07166783215,869.4377623558948,7181.095,4.5473495,969.949,1.3186992,7926.108,5.129936,0,,,,,1436.07166783215,0.00045115093,869.4377623558948,0.00046647215,0.00036712023,0.000127366
2376.1848782429965,7921.2363,5.1295986,0.00071385526,165416,1436.0708166134257,869.4390697630784,7177.787,4.5470505,972.96344,1.3195645,7921.2363,5.1295986,0,,,,,1436.0708166134257,0.00045133274,869.4390697630784,0.00046661356,0.00027926537,-0.00055624987
2376.1918225984223,7931.3184,5.1319413,0.0007137694,165417,1436.0715937240998,869.4382397338721,7187.582,4.549127,970.94476,1.3185539,7931.3184,5.1319413,0,,,,,1436.0715937240998,0.0004505236,869.4382397338721,0.0004661783,0.0009031224,-7.565668e-05
2376.1987669538485,7924.644,5.1322994,0.00071368355,165418,1436.0702093321838,869.436732113805,7181.8027,4.549444,972.55707,1.3204972,7924.644,5.1322994,0,,,,,1436.0702093321838,0.00045100713,869.436732113805,0.00046658242,-0.0011545537,-0.002144097
2376.2057113093333,7927.611,5.128943,0.00071359775,165419,1436.0711065656076,869.4387647943618,7181.1367,4.546469,971.7709,1.3186588,7927.611,5.128943,0,,,,,1436.0711065656076,0.0004509758,869.4387647943618,0.00046664837,0.0002345598,0.00046456332
2376.212655664818,7932.7236,5.132746,0.00071351195,165420,1436.0700348855883,869.4384677953934,7187.96,4.5498405,968.46564,1.3193393,7932.7236,5.132746,0,,,,,1436.0700348855883,0.00045074153,869.4384677953934,0.0004663488,7.652866e-05,0.00028970046
2376.2196000203026,7924.0967,5.132049,0.00071342615,165421,1436.0695082520408,869.4354194300647,7181.16,4.5492225,970.9537,1.319822,7924.0967,5.132049,0,,,,,1436.0695082520408,0.00045119063,869.4354194300647,0.00046712172,-0.0014568062,-0.003539922
2376.2265443757874,7926.21,5.1290975,0.00071334036,165422,1436.0727871628662,869.4389487685568,7179.9565,4.5466065,970.1674,1.3181823,7926.21,5.1290975,0,,,,,1436.0727871628662,0.00045084124,869.4389487685568,0.0004666804,0.003265958,0.0014662744
2376.2334887312727,7918.4736,5.128657,0.00071325456,165423,1436.0724382434735,869.4387329184218,7174.5835,4.5462155,973.1551,1.3202399,7918.4736,5.128657,0,,,,,1436.0724382434735,0.00045142323,869.4387329184218,0.0004666944,0.0006058123,-0.0002839873
2376.2404330868158,7932.4297,5.1316676,0.0007131688,165424,1436.0709547550225,869.4372991833313,7188.0454,4.5488844,970.2772,1.3206891,7932.4297,5.1316676,0,,,,,1436.0709547550225,0.00045047962,869.4372991833313,0.00046621167,-0.00077506405,-0.0013181224
2376.247377442359,7920.8555,5.129172,0.0007130831,165425,1436.0712821260138,869.437633245924,7177.9175,4.5466723,972.4849,1.3183402,7920.8555,5.129172,0,,,,,1436.0712821260138,0.00045097416,869.437633245924,0.00046659025,0.0006717093,-0.0016225848
2376.2543217979014,7926.424,5.1288757,0.00071299734,165426,1436.071277133445,869.4370394919621,7183.3955,4.5464096,969.45435,1.3176061,7926.424,5.1288757,0,,,,,1436.071277133445,0.0004506911,869.4370394919621,0.00046599077,-0.0006472034,-0.0014576858
2376.261266153444,7925.965,5.1304464,0.0007129116,165427,1436.0702386508594,869.436721971073,7182.8027,4.547802,971.58466,1.3199519,7925.965,5.1304464,0,,,,,1436.0702386508594,0.00045058964,869.436721971073,0.00046661944,-0.0006339227,-0.0015483358
2376.268210508986,7928.973,5.13116,0.00071282586,165428,1436.072199225677,869.4378320443359,7183.652,4.5484343,971.6663,1.3189154,7928.973,5.13116,0,,,,,1436.072199225677,0.00045096182,869.4378320443359,0.0004663095,0.0019998683,0.0006234911
2376.275154864587,7919.7905,5.1294193,0.0007127402,165429,1436.0709541588462,869.4373103130766,7176.4263,4.5468917,972.81946,1.3196939,7919.7905,5.1294193,0,,,,,1436.0709541588462,0.00045117736,869.4373103130766,0.0004664434,0.000520127,-0.0012355419
2376.28209922013,7928.6714,5.1303315,0.00071265444,165430,1436.0712124470836,869.4375574889588,7185.9165,4.5477004,969.547,1.3190644,7928.6714,5.1303315,0,,,,,1436.0712124470836,0.00045052991,869.4375574889588,0.00046607023,0.000973538,-0.001376641
2376.289043575731,7918.601,5.128596,0.00071256876,165431,1436.0707848541485,869.4375777546978,7176.1455,4.5461617,971.19836,1.3201,7918.601,5.128596,0,,,,,1436.0707848541485,0.0004509609,869.4375777546978,0.00046656115,0.0007039252,-0.0018164492
2376.295987931274,7916.6963,5.1285744,0.000712483,165432,1436.0711872236998,869.4370066598887,7173.451,4.5461426,971.04254,1.3207247,7916.6963,5.1285744,0,,,,,1436.0711872236998,0.00045136694,869.4370066598887,0.00046683327,0.00087207806,-0.00088573317
2376.302932286875,7923.922,5.128736,0.00071239733,165433,1436.0708669137769,869.4380548445138,7180.1475,4.5462856,970.99207,1.3185283,7923.922,5.128736,0,,,,,1436.0708669137769,0.00045070358,869.4380548445138,0.00046653094,0.00047185403,-0.0014727216
2376.3098766424177,7931.309,5.130599,0.0007123116,165434,1436.0718578144072,869.4374226041017,7187.843,4.547937,971.1428,1.3183247,7931.309,5.130599,0,,,,,1436.0718578144072,0.00045033204,869.4374226041017,0.00046605445,0.0016135733,-0.001151621
2376.3168209980186,7925.7173,5.130784,0.0007122259,165435,1436.0723641890515,869.4379714619124,7182.0747,4.5481014,971.86743,1.3194047,7925.7173,5.130784,0,,,,,1436.0723641890515,0.0004509694,869.4379714619124,0.00046667975,0.0012289134,-0.0015831818
2376.3237653535616,7933.078,5.131201,0.0007121402,165436,1436.0706985188697,869.435851745447,7188.8286,4.548471,970.0914,1.3180732,7933.078,5.131201,0,,,,,1436.0706985188697,0.00045053405,869.435851745447,0.00046603256,0.00010663003,-0.0031871859
2376.330709709163,7915.9536,5.1287317,0.0007120545,165437,1436.0724486358636,869.4369867114522,7173.0776,4.5462823,971.6333,1.3203906,7915.9536,5.1287317,0,,,,,1436.0724486358636,0.00045135504,869.4369867114522,0.00046684383,0.0018949967,-0.0014694015
2376.337654064706,7927.18,5.130127,0.00071196875,165438,1436.0715672612655,869.4369748051126,7182.8276,4.5475187,970.9489,1.3191366,7927.18,5.130127,0,,,,,1436.0715672612655,0.00045122099,869.4369748051126,0.00046652014,0.0011274932,-0.0008156631
2376.344598420248,7926.614,5.131173,0.000711883,165439,1436.0728381879244,869.4367290783069,7182.96,4.548446,972.24414,1.3191913,7926.614,5.131173,0,,,,,1436.0728381879244,0.0004512052,869.4367290783069,0.00046657323,0.0016086885,-0.0017596052
2376.3515427758484,7915.9834,5.128569,0.00071179733,165440,1436.072004529786,869.4372419850043,7173.036,4.546138,972.76575,1.3190484,7915.9834,5.128569,0,,,,,1436.072004529786,0.00045124817,869.4372419850043,0.00046699884,0.0016302078,-0.0015233301
2376.3584871313915,7928.724,5.13158,0.0007117116,165441,1436.0717756129843,869.4374352182791,7184.291,4.5488067,972.0942,1.3196968,7928.724,5.13158,0,,,,,1436.0717756129843,0.00045097925,869.4374352182791,0.00046630824,0.0013639602,-0.0014839602
2376.365431486876,7921.7676,5.12923,0.0007116258,165442,1436.0728508406198,869.4377234332308,7179.081,4.5467234,971.8836,1.3186417,7921.7676,5.12923,0,,,,,1436.0728508406198,0.00045091956,869.4377234332308,0.00046654258,0.0015600922,-0.0021303697
2376.372375842419,7927.4478,5.1308923,0.00071154005,165443,1436.0728235203196,869.4377547615339,7184.3027,4.548197,971.70233,1.3202116,7927.4478,5.1308923,0,,,,,1436.0728235203196,0.00045070492,869.4377547615339,0.0004660819,0.0022888472,-0.0017773091
2376.379320197962,7920.4424,5.129028,0.0007114543,165444,1436.0724793572856,869.4379666625199,7177.9414,4.546544,971.9313,1.3194791,7920.4424,5.129028,0,,,,,1436.0724793572856,0.00045083216,869.4379666625199,0.0004665046,0.0022548083,-0.0014874483
2376.3862645534464,7937.529,5.1317945,0.0007113685,165445,1436.0717763770158,869.43708786636,7193.2334,4.548997,970.35004,1.3176135,7937.529,5.1317945,0,,,,,1436.0717763770158,0.00045033413,869.43708786636,0.00046570154,0.0008196947,-0.0017382272
2376.3932089089312,7924.61,5.1307473,0.0007112827,165446,1436.072058148726,869.43754924048,7182.0396,4.5480685,971.62866,1.3207856,7924.61,5.1307473,0,,,,,1436.072058148726,0.0004509156,869.43754924048,0.00046660815,0.0016127978,-0.001773577
2376.400153264416,7923.715,5.129053,0.0007111969,165447,1436.072077016161,869.4364489712508,7179.9385,4.546567,971.5599,1.3192779,7923.715,5.129053,0,,,,,1436.072077016161,0.0004509266,869.4364489712508,0.00046636784,0.00094028655,-0.002163318
2376.4070976199005,7921.975,5.129357,0.0007111111,165448,1436.0730296087197,869.4370881040323,7178.9517,4.546836,972.8779,1.319466,7921.975,5.129357,0,,,,,1436.0730296087197,0.00045092526,869.4370881040323,0.0004664396,0.003493092,-0.0020256916
2376.414041975385,7923.9,5.1297207,0.0007110253,165449,1436.0729377910968,869.436439682262,7180.7266,4.5471587,972.86584,1.3191754,7923.9,5.1297207,0,,,,,1436.0729377910968,0.00045088812,869.436439682262,0.00046651714,0.002345934,-0.0020995194
2376.4209863308106,7920.932,5.1311507,0.00071093946,165450,1436.0721783162699,869.4366331538814,7178.5205,4.548426,969.38434,1.320481,7920.932,5.1311507,0,,,,,1436.0721783162699,0.0004515536,869.4366331538814,0.00046655536,0.0020599694,-0.0022004868
2376.427930686237,7936.2964,5.134333,0.0007108536,165451,1436.0735082902024,869.4363150986504,7191.4463,4.551247,972.79486,1.3197798,7936.2964,5.134333,0,,,,,1436.0735082902024,0.0004510043,869.4363150986504,0.00046629307,0.0031327647,-0.0016458099
2376.4348750416634,7928.7593,5.132209,0.00071076775,165452,1436.0721010914858,869.4360232550698,7185.738,4.549364,971.3263,1.3219953,7928.7593,5.132209,0,,,,,1436.0721010914858,0.0004509907,869.4360232550698,0.00046617707,0.0011066695,-0.0023192281
2376.4418193970896,7927.655,5.130575,0.0007106819,165453,1436.0731816533555,869.4364013251668,7183.8506,4.547916,971.4579,1.3201623,7927.655,5.130575,0,,,,,1436.0731816533555,0.00045097136,869.4364013251668,0.00046596985,0.003096128,-0.002303932
2376.448763752458,7924.2007,5.131023,0.000710596,165454,1436.0721963282572,869.4351984604336,7181.0737,4.548313,974.36993,1.3202338,7924.2007,5.131023,0,,,,,1436.0721963282572,0.0004509982,869.4351984604336,0.0004666679,0.0015354503,-0.0032472466
2376.4557081078265,7923.6494,5.1304445,0.00071051007,165455,1436.071469643599,869.4368310477122,7180.5815,4.5478005,973.276,1.3203148,7923.6494,5.1304445,0,,,,,1436.071469643599,0.00045119083,869.4368310477122,0.0004663613,0.0014930367,-0.0013194309
2376.4626524631362,7924.7812,5.1312227,0.0007104241,165456,1436.0737355820493,869.4363926804158,7182.119,4.54849,972.294,1.3206636,7924.7812,5.1312227,0,,,,,1436.0737355820493,0.00045136825,869.4363926804158,0.0004664974,0.0034949705,-0.0028731672
2376.469596818504,7925.476,5.132334,0.0007103382,165457,1436.071349646343,869.4373567561152,7182.729,4.549475,972.932,1.3200328,7925.476,5.132334,0,,,,,1436.071349646343,0.00045086074,869.4373567561152,0.00046675888,0.0009671555,-0.002168332
2376.4765411738144,7920.8213,5.1290693,0.0007102522,165458,1436.073069905613,869.4380764959138,7177.875,4.5465813,972.1824,1.3190378,7920.8213,5.1290693,0,,,,,1436.073069905613,0.00045089045,869.4380764959138,0.00046648973,0.003562573,-0.0019703628
2376.4834855290665,7922.975,5.1301126,0.0007101662,165459,1436.0719904151038,869.4376334285785,7179.5425,4.547506,973.3013,1.3206744,7922.975,5.1301126,0,,,,,1436.0719904151038,0.00045116185,869.4376334285785,0.00046661688,0.0012896935,-0.0014475656
2376.4904298843767,7926.8516,5.129762,0.0007100802,165460,1436.0725655484757,869.4370659253316,7183.975,4.547196,969.8506,1.3178463,7926.8516,5.129762,0,,,,,1436.0725655484757,0.00045082672,869.4370659253316,0.00046627258,0.0026587164,-0.0019187354
2376.4973742395696,7929.2734,5.130635,0.0007099941,165461,1436.0727212095449,869.4372635001731,7185.1987,4.547969,972.1406,1.3186194,7929.2734,5.130635,0,,,,,1436.0727212095449,0.00045068105,869.4372635001731,0.00046639863,0.0025348074,-0.0019782425
2376.5043185948207,7921.4517,5.129314,0.0007099081,165462,1436.0729164774857,869.4348078430804,7179.7397,4.546798,972.8412,1.3193123,7921.4517,5.129314,0,,,,,1436.0729164774857,0.00045085777,869.4348078430804,0.0004662323,0.0027000136,-0.0040977704
2376.5112629500145,7937.954,5.136976,0.000709822,165463,1436.0733149050861,869.436602483988,7194.158,4.5535893,975.38855,1.322605,7937.954,5.136976,0,,,,,1436.0733149050861,0.00045124986,869.436602483988,0.0004662411,0.0030153538,-0.0024895922
2376.518207305208,7926.7603,5.1306543,0.0007097359,165464,1436.0720390914992,869.4375151181343,7183.919,4.5479865,971.85657,1.3200618,7926.7603,5.1306543,0,,,,,1436.0720390914992,0.00045077276,869.4375151181343,0.00046619237,0.0023165138,-0.0019811806
2376.5251516603435,7921.411,5.1338315,0.00070964976,165465,1436.0740537024635,869.4365069836279,7178.73,4.550802,974.4615,1.3228232,7921.411,5.1338315,0,,,,,1436.0740537024635,0.0004519368,869.4365069836279,0.00046702742,0.0031134307,-0.0027602422
2376.532096015479,7925.5405,5.132352,0.0007095636,165466,1436.073521295013,869.4359526535446,7182.998,4.5494905,973.88007,1.3203883,7925.5405,5.132352,0,,,,,1436.073521295013,0.00045077287,869.4359526535446,0.00046652489,0.0031573188,-0.0033014996
2376.539040370614,7927.1694,5.1322956,0.00070947746,165467,1436.0721014575875,869.438092869779,7183.6025,4.5494413,971.8925,1.320052,7927.1694,5.1322956,0,,,,,1436.0721014575875,0.00045102433,869.438092869779,0.000466574,0.0025555065,-0.000799285
2376.5459847256916,7924.6904,5.129633,0.00070939126,165468,1436.0740933942225,869.4355512054501,7180.8003,4.5470805,972.96704,1.3188908,7924.6904,5.129633,0,,,,,1436.0740933942225,0.00045097165,869.4355512054501,0.0004664152,0.003473591,-0.0026998208
2376.552929080769,7928.517,5.130262,0.00070930505,165469,1436.0740073910113,869.4358808731896,7185.2026,4.547638,972.4197,1.3182199,7928.517,5.130262,0,,,,,1436.0740073910113,0.00045076045,869.4358808731896,0.00046620762,0.0039726608,-0.003227136
2376.5598734357877,7926.87,5.130702,0.0007092188,165470,1436.0735202196915,869.4361239463504,7182.966,4.5480285,972.22217,1.320631,7926.87,5.130702,0,,,,,1436.0735202196915,0.00045079924,869.4361239463504,0.00046641854,0.0035977764,-0.0029225822
2376.5668177908065,7922.0034,5.130752,0.0007091325,165471,1436.0726946416462,869.4355578061466,7179.953,4.548073,973.2799,1.3207989,7922.0034,5.130752,0,,,,,1436.0726946416462,0.0004509349,869.4355578061466,0.00046641845,0.0029025835,-0.0029826025
2376.573762145825,7928.707,5.131272,0.00070904626,165472,1436.0736166126308,869.4367112404029,7185.32,4.5485334,972.6817,1.3217002,7928.707,5.131272,0,,,,,1436.0736166126308,0.00045065384,869.4367112404029,0.00046630716,0.0031155657,-0.002641246
2376.580706500785,7928.0312,5.130891,0.00070895994,165473,1436.072882978828,869.4363652826379,7184.5366,4.5481954,972.7662,1.3192507,7928.0312,5.130891,0,,,,,1436.072882978828,0.00045100853,869.4363652826379,0.00046643984,0.002842931,-0.0026818966
2376.5876508556876,7928.5586,5.1322494,0.00070887356,165474,1436.0734957614443,869.4357899828437,7184.665,4.5494003,971.8178,1.3213093,7928.5586,5.1322494,0,,,,,1436.0734957614443,0.0004508027,869.4357899828437,0.00046639473,0.0035162654,-0.0027094395
2376.59459521059,7921.4976,5.1300817,0.0007087872,165475,1436.0728912464842,869.4355965088982,7179.451,4.547478,973.5389,1.3196613,7921.4976,5.1300817,0,,,,,1436.0728912464842,0.00045091202,869.4355965088982,0.00046641563,0.0031526259,-0.003697749
2376.601539565492,7916.485,5.1282263,0.0007087008,165476,1436.0741714048304,869.4358258152048,7174.69,4.5458336,972.95154,1.3192266,7916.485,5.1282263,0,,,,,1436.0741714048304,0.00045122384,869.4358258152048,0.00046649756,0.0037893052,-0.0024753222
2376.6084839203368,7921.9995,5.129561,0.00070861436,165477,1436.0736948971485,869.4354734569093,7179.3516,4.547017,973.6938,1.3200816,7921.9995,5.129561,0,,,,,1436.0736948971485,0.00045105774,869.4354734569093,0.0004664901,0.0033819028,-0.003338335
2376.6154282751813,7928.1367,5.1307774,0.0007085279,165478,1436.0739349475307,869.4357601116662,7184.524,4.548095,973.461,1.3195313,7928.1367,5.1307774,0,,,,,1436.0739349475307,0.0004505895,869.4357601116662,0.00046631202,0.003760627,-0.0029152674
2376.6223726299677,7925.415,5.131717,0.0007084414,165479,1436.0736468113348,869.4344578935763,7182.644,4.5489287,972.0361,1.3199599,7925.415,5.131717,0,,,,,1436.0736468113348,0.0004514085,869.4344578935763,0.0004664983,0.0028051916,-0.0034745592
2376.629316984754,7923.4536,5.129225,0.0007083549,165480,1436.0735023515604,869.4367817138244,7180.0625,4.5467196,971.5548,1.3184495,7923.4536,5.129225,0,,,,,1436.0735023515604,0.00045114086,869.4367817138244,0.00046648085,0.00410021,-0.0032529933
2376.6362613394817,7917.9365,5.1310463,0.0007082684,165481,1436.0722143615742,869.4360464989923,7176.148,4.5483336,975.2003,1.3206824,7917.9365,5.1310463,0,,,,,1436.0722143615742,0.00045131438,869.4360464989923,0.00046687407,0.0032789975,-0.0031975736
2376.6432056942094,7923.9697,5.1307344,0.0007081818,165482,1436.0731995520782,869.4352163039321,7181.186,4.548057,971.93384,1.3207709,7923.9697,5.1307344,0,,,,,1436.0731995520782,0.0004512443,869.4352163039321,0.0004663679,0.0031826994,-0.0033517338
2376.6501500488785,7929.6616,5.130067,0.0007080952,165483,1436.0740201559734,869.4353574891318,7185.9307,4.5474653,970.9833,1.3182851,7929.6616,5.130067,0,,,,,1436.0740201559734,0.00045073032,869.4353574891318,0.00046613562,0.0037851743,-0.0034977358
2376.6570944034893,7925.6143,5.131492,0.00070800853,165484,1436.0748034894148,869.4350966604751,7182.93,4.548729,971.7941,1.322758,7925.6143,5.131492,0,,,,,1436.0748034894148,0.0004509126,869.4350966604751,0.0004663937,0.004706024,-0.003711538
2376.664038758159,7917.5244,5.127942,0.0007079219,165485,1436.0738330898948,869.4361894344046,7175.189,4.545582,972.6105,1.3189553,7917.5244,5.127942,0,,,,,1436.0738330898948,0.00045114398,869.4361894344046,0.00046683705,0.0036589252,-0.0029898507
2376.6709831127127,7916.1157,5.128631,0.0007078352,165486,1436.0734013716121,869.4352049358561,7174.1963,4.5461926,974.1328,1.3198287,7916.1157,5.128631,0,,,,,1436.0734013716121,0.0004512671,869.4352049358561,0.00046654465,0.003089209,-0.0031845449
2376.6779274673245,7922.454,5.129936,0.0007077485,165487,1436.0742184187689,869.4357304946584,7180.1284,4.5473495,972.5419,1.3195,7922.454,5.129936,0,,,,,1436.0742184187689,0.0004512332,869.4357304946584,0.00046661063,0.0043789726,-0.0031482188
2376.68487182182,7923.4126,5.131726,0.00070766173,165488,1436.074549370682,869.4359684644571,7181.3843,4.5489364,973.73706,1.3228409,7923.4126,5.131726,0,,,,,1436.074549370682,0.0004509794,869.4359684644571,0.00046643152,0.004681252,-0.0034443685
2376.6918161763147,7928.3315,5.130444,0.00070757495,165489,1436.074318159443,869.4346431961939,7185.3984,4.5478,971.321,1.3191931,7928.3315,5.130444,0,,,,,1436.074318159443,0.00045080538,869.4346431961939,0.0004662893,0.004655205,-0.0036718564
2376.6987605308095,7926.091,5.131163,0.00070748816,165490,1436.0740654715516,869.4366770242325,7182.7827,4.548437,972.875,1.3201693,7926.091,5.131163,0,,,,,1436.0740654715516,0.00045081266,869.4366770242325,0.0004662856,0.004170395,-0.0026763605
2376.7057048852466,7918.2393,5.1294293,0.0007074013,165491,1436.0743932117564,869.436235566068,7176.4717,4.5469003,973.8322,1.3203607,7918.2393,5.1294293,0,,,,,1436.0743932117564,0.00045125125,869.436235566068,0.0004663653,0.0040568793,-0.0029925818
2376.7126492396255,7926.772,5.1301327,0.0007073144,165492,1436.0739523936418,869.4356650180514,7183.9653,4.547524,971.5677,1.319113,7926.772,5.1301327,0,,,,,1436.0739523936418,0.00045062168,869.4356650180514,0.00046619095,0.0043152655,-0.0036558008
2376.719593594004,7925.1777,5.1300645,0.0007072275,165493,1436.0742775850451,869.4355049753282,7181.6455,4.5474634,973.5756,1.3194338,7925.1777,5.1300645,0,,,,,1436.0742775850451,0.00045096592,869.4355049753282,0.0004662317,0.0042615086,-0.0030443892
2376.7265379483824,7926.187,5.1326733,0.0007071406,165494,1436.0750994368486,869.4345703455209,7183.732,4.5497756,974.4115,1.3205496,7926.187,5.1326733,0,,,,,1436.0750994368486,0.00045096374,869.4345703455209,0.0004665906,0.004150953,-0.0043457844
2376.733482302702,7932.016,5.132517,0.00070705364,165495,1436.0739352066573,869.4362147118164,7188.031,4.5496373,973.02856,1.3201182,7932.016,5.132517,0,,,,,1436.0739352066573,0.0004508047,869.4362147118164,0.0004662647,0.0045104576,-0.0027790226
2376.7404266569647,7925.0293,5.131728,0.0007069666,165496,1436.0746762465285,869.4352258723353,7182.811,4.548938,974.91187,1.3215103,7925.0293,5.131728,0,,,,,1436.0746762465285,0.0004510631,869.4352258723353,0.0004664455,0.0048759133,-0.0038855833
2376.7473710112267,7912.9897,5.127257,0.0007068796,165497,1436.0734662542534,869.4360960691837,7171.473,4.544975,971.77167,1.3190084,7912.9897,5.127257,0,,,,,1436.0734662542534,0.00045139805,869.4360960691837,0.0004668348,0.004116427,-0.0027524275
2376.7543153654306,7922.2495,5.1314793,0.0007067925,165498,1436.0738716975684,869.437127132689,7179.6997,4.5487175,973.58575,1.3216615,7922.2495,5.1314793,0,,,,,1436.0738716975684,0.0004510541,869.437127132689,0.00046669823,0.0043185744,-0.0024231263
2376.7612597195766,7933.017,5.1317773,0.0007067054,165499,1436.073952463989,869.4352110868122,7189.5986,4.5489817,973.82056,1.3191271,7933.017,5.1317773,0,,,,,1436.073952463989,0.00045085806,869.4352110868122,0.0004659329,0.0043435595,-0.0038443469
2376.7682040737227,7930.4536,5.1312146,0.00070661824,165500,1436.0753905268898,869.4355634447345,7186.6753,4.5484834,972.09357,1.3190315,7930.4536,5.1312146,0,,,,,1436.0753905268898,0.0004509941,869.4355634447345,0.0004664192,0.004883662,-0.0037929034
2376.7751484278688,7924.1816,5.1307507,0.0007065311,165501,1436.0745816604965,869.4348781043847,7181.75,4.548072,975.9737,1.3204293,7924.1816,5.1307507,0,,,,,1436.0745816604965,0.00045087564,869.4348781043847,0.00046645608,0.0046746964,-0.004136429
2376.7820927819566,7927.6006,5.1315384,0.0007064439,165502,1436.0755585079974,869.4356764363968,7184.4385,4.54877,971.44354,1.3233849,7927.6006,5.1315384,0,,,,,1436.0755585079974,0.00045114278,869.4356764363968,0.0004664127,0.0058500604,-0.004150646
2376.789037135986,7915.857,5.130478,0.00070635666,165503,1436.0727817452535,869.4357248212564,7174.2837,4.54783,976.6486,1.3213841,7915.857,5.130478,0,,,,,1436.0727817452535,0.000451518,869.4357248212564,0.0004669653,0.0032086289,-0.0035839672
2376.795981490015,7927.205,5.1316524,0.0007062694,165504,1436.074069389335,869.4350034327771,7184.063,4.548871,974.4048,1.3197353,7927.205,5.1316524,0,,,,,1436.074069389335,0.0004509678,869.4350034327771,0.00046658734,0.0046523213,-0.0038143417
2376.8029258439856,7928.634,5.1346755,0.0007061821,165505,1436.0736601431352,869.4356764767879,7185.3955,4.551551,974.7557,1.3214287,7928.634,5.1346755,0,,,,,1436.0736601431352,0.0004511253,869.4356764767879,0.00046667998,0.0040228055,-0.004137891
2376.809870197956,7924.538,5.13068,0.0007060948,165506,1436.0747905155233,869.435733610228,7182.0244,4.548009,973.72705,1.3205522,7924.538,5.13068,0,,,,,1436.0747905155233,0.00045074153,869.435733610228,0.0004661679,0.004855513,-0.0036317278
2376.8168145518694,7921.1104,5.1327014,0.0007060074,165507,1436.074449013706,869.4361139596858,7179.028,4.549801,974.9573,1.32136,7921.1104,5.1327014,0,,,,,1436.074449013706,0.00045140996,869.4361139596858,0.0004668139,0.004824068,-0.0027234023
2376.8237589057244,7922.1743,5.1310444,0.00070592,165508,1436.0748687895343,869.4341706171747,7179.986,4.5483317,974.32715,1.3228351,7922.1743,5.1310444,0,,,,,1436.0748687895343,0.00045088527,869.4341706171747,0.00046655576,0.005100868,-0.0052593923
2376.8307032595794,7921.9443,5.13023,0.00070583256,165509,1436.073916755779,869.4365298185973,7179.714,4.54761,974.70624,1.3195051,7921.9443,5.13023,0,,,,,1436.073916755779,0.00045097896,869.4365298185973,0.00046656618,0.0046343133,-0.0033442527
2376.8376476134345,7932.9688,5.1330566,0.00070574513,165510,1436.0736943204772,869.4350070575199,7189.5356,4.550116,971.8548,1.3226222,7932.9688,5.1330566,0,,,,,1436.0736943204772,0.0004508489,869.4350070575199,0.00046613868,0.0041647116,-0.0044462876
2376.8445919671726,7927.124,5.1332984,0.0007056576,165511,1436.073840405296,869.4365977034946,7183.9736,4.55033,976.3936,1.3211045,7927.124,5.1332984,0,,,,,1436.073840405296,0.00045093623,869.4365977034946,0.00046673385,0.004346675,-0.0023930625
2376.851536320969,7921.9106,5.1311817,0.0007055701,165512,1436.0752217860029,869.4349985125639,7179.526,4.548454,975.3408,1.3238,7921.9106,5.1311817,0,,,,,1436.0752217860029,0.00045093553,869.4349985125639,0.00046648382,0.0052467063,-0.004455528
2376.8584806746494,7930.3335,5.131336,0.0007054825,165513,1436.074429360706,869.4346916725688,7187.212,4.5485907,974.0379,1.3196198,7930.3335,5.131336,0,,,,,1436.074429360706,0.00045078283,869.4346916725688,0.00046616895,0.004477619,-0.0039563375
2376.86542502833,7928.689,5.131352,0.0007053949,165514,1436.0746558284773,869.435060897039,7186.0596,4.5486045,973.3744,1.320483,7928.689,5.131352,0,,,,,1436.0746558284773,0.00045095052,869.435060897039,0.0004660515,0.005167625,-0.0041268687
2376.8723693819516,7936.637,5.133775,0.00070530723,165515,1436.07375935201,869.4352587440346,7193.7617,4.550753,972.56995,1.3197641,7936.637,5.133775,0,,,,,1436.07375935201,0.00045039417,869.4352587440346,0.00046598783,0.004414812,-0.0046879114
2376.8793137355733,7920.3145,5.132493,0.0007052196,165516,1436.0736932745665,869.4365979787324,7178.778,4.549616,975.43396,1.3226968,7920.3145,5.132493,0,,,,,1436.0736932745665,0.00045097928,869.4365979787324,0.0004668806,0.004440393,-0.0032190431
2376.8862580891364,7932.2295,5.1326556,0.00070513185,165517,1436.0739790399446,869.4352006776824,7188.7793,4.54976,974.9535,1.3200172,7932.2295,5.1326556,0,,,,,1436.0739790399446,0.00045064863,869.4352006776824,0.00046626313,0.0046568606,-0.003568755
2376.8932024427004,7926.5244,5.1333303,0.00070504413,165518,1436.0751933612344,869.435720859913,7183.4307,4.5503583,975.3177,1.3213089,7926.5244,5.1333303,0,,,,,1436.0751933612344,0.00045130064,869.435720859913,0.00046675839,0.0048216917,-0.0035291638
2376.9001467962057,7918.727,5.1297193,0.00070495636,165519,1436.0756510270546,869.4346644901697,7176.2856,4.5471573,973.9487,1.3207492,7918.727,5.1297193,0,,,,,1436.0756510270546,0.0004514131,869.4346644901697,0.00046673272,0.00596573,-0.0047408193
2376.907091149653,7936.5327,5.133756,0.0007048685,165520,1436.0749746075767,869.43612619809,7192.056,4.550736,972.96625,1.321658,7936.5327,5.133756,0,,,,,1436.0749746075767,0.00045052922,869.43612619809,0.00046608716,0.0048630284,-0.0034166465
2376.9140355031004,7922.516,5.1318913,0.0007047807,165521,1436.0748807883451,869.434892702234,7180.184,4.5490828,973.25916,1.3204874,7922.516,5.1318913,0,,,,,1436.0748807883451,0.0004507712,869.434892702234,0.00046695932,0.004774997,-0.0048128394
2376.92097985649,7928.7754,5.13506,0.0007046928,165522,1436.0740158075132,869.4349610469247,7186.2373,4.5518913,974.0275,1.3209548,7928.7754,5.13506,0,,,,,1436.0740158075132,0.0004508611,869.4349610469247,0.0004666367,0.0051898593,-0.00526248
2376.927924209879,7917.0405,5.1291566,0.0007046049,165523,1436.0751404784262,869.4362910768097,7173.905,4.546659,974.75183,1.3218148,7917.0405,5.1291566,0,,,,,1436.0751404784262,0.00045145728,869.4362910768097,0.0004669356,0.005849861,-0.0029856688
2376.9348685632103,7914.6133,5.1293216,0.00070451695,165524,1436.0748859763123,869.4354301605522,7172.99,4.546805,976.9377,1.3210548,7914.6133,5.1293216,0,,,,,1436.0748859763123,0.0004513402,869.4354301605522,0.00046672294,0.0046966085,-0.0030197327
2376.941812916483,7929.7476,5.1323886,0.00070442894,165525,1436.0756816850978,869.4345209781516,7186.5825,4.5495234,973.0431,1.3197255,7929.7476,5.1323886,0,,,,,1436.0756816850978,0.0004509866,869.4345209781516,0.0004664802,0.0060063647,-0.004556208
2376.9487572697553,7921.7915,5.130965,0.0007043409,165526,1436.0755361847855,869.4347925370656,7179.628,4.5482616,974.8986,1.3215283,7921.7915,5.130965,0,,,,,1436.0755361847855,0.000451099,869.4347925370656,0.00046642192,0.0051839263,-0.004536554
2376.95570162297,7925.933,5.131562,0.00070425286,165527,1436.0740466060772,869.4352312870333,7183.406,4.548791,975.4697,1.32106,7925.933,5.131562,0,,,,,1436.0740466060772,0.00045115847,869.4352312870333,0.00046651,0.00423447,-0.003999742
2376.962645976184,7925.499,5.1338243,0.0007041648,165528,1436.074589174203,869.4334988808878,7183.7793,4.550796,974.53577,1.3210874,7925.499,5.1338243,0,,,,,1436.074589174203,0.00045120856,869.4334988808878,0.00046700853,0.00521225,-0.0052958797
2376.9695903293396,7932.864,5.133102,0.00070407666,165529,1436.0753938574562,869.4351720019546,7189.628,4.550156,975.01135,1.3204582,7932.864,5.133102,0,,,,,1436.0753938574562,0.0004508122,869.4351720019546,0.0004661616,0.005938602,-0.0031343072
2376.976534682438,7925.4805,5.132551,0.0007039885,165530,1436.0749891147595,869.4362670144754,7182.1475,4.5496674,974.1799,1.3204916,7925.4805,5.132551,0,,,,,1436.0749891147595,0.00045111487,869.4362670144754,0.00046681444,0.005771554,-0.0031464207
2376.983479035536,7932.78,5.132505,0.0007039003,165531,1436.0754991668016,869.4335561984284,7189.4663,4.549627,974.3928,1.3203644,7932.78,5.132505,0,,,,,1436.0754991668016,0.0004507388,869.4335561984284,0.00046606443,0.00585725,-0.0056479406
2376.9904233885763,7922.8413,5.1313176,0.00070381205,165532,1436.074113893606,869.4350286936293,7179.9243,4.548574,976.26154,1.3212268,7922.8413,5.1313176,0,,,,,1436.074113893606,0.00045111528,869.4350286936293,0.00046680367,0.0053571137,-0.004084025
2376.997367741558,7930.289,5.1327853,0.00070372375,165533,1436.0754213285193,869.4356026265474,7187.1,4.5498753,973.3334,1.3199314,7930.289,5.1327853,0,,,,,1436.0754213285193,0.00045117765,869.4356026265474,0.00046625873,0.0063267252,-0.0037040527
2377.0043120945393,7924.7607,5.133786,0.00070363545,165534,1436.0747503234209,869.4352988235673,7182.4106,4.550762,976.07086,1.3217809,7924.7607,5.133786,0,,,,,1436.0747503234209,0.00045071176,869.4352988235673,0.00046687422,0.0051403195,-0.0042378
2377.011256447521,7931.3765,5.1325803,0.00070354715,165535,1436.0751116508116,869.4348142772585,7187.906,4.5496936,975.5544,1.3201284,7931.3765,5.1325803,0,,,,,1436.0751116508116,0.00045072855,869.4348142772585,0.00046624182,0.005598125,-0.0050251344
2377.0182008003867,7928.9185,5.132497,0.00070345873,165536,1436.0749386239077,869.4345955546755,7186.273,4.549619,976.0133,1.3219234,7928.9185,5.132497,0,,,,,1436.0749386239077,0.0004507068,869.4345955546755,0.00046645905,0.0056064986,-0.0041271364
2377.025145153252,7934.64,5.1343174,0.0007033703,165537,1436.075258371724,869.4348398947925,7191.0254,4.5512333,973.7356,1.3226106,7934.64,5.1343174,0,,,,,1436.075258371724,0.0004507992,869.4348398947925,0.00046622043,0.0057591805,-0.0036447626
2377.0320895061177,7922.7974,5.1316257,0.0007032819,165538,1436.0759682194284,869.4346167866818,7180.3315,4.5488477,975.00574,1.3231279,7922.7974,5.1316257,0,,,,,1436.0759682194284,0.0004512568,869.4346167866818,0.00046647573,0.006027137,-0.0047984733
2377.039033858924,7929.3115,5.131353,0.0007031934,165539,1436.0756626254654,869.4355672066226,7186.2935,4.5486054,973.19275,1.3194638,7929.3115,5.131353,0,,,,,1436.0756626254654,0.00045092255,869.4355672066226,0.0004661232,0.005426549,-0.003364071
2377.0459782116723,7931.9243,5.1324124,0.0007031049,165540,1436.0750327114706,869.4338541705386,7187.7427,4.549545,975.6439,1.3206269,7931.9243,5.1324124,0,,,,,1436.0750327114706,0.00045115736,869.4338541705386,0.00046623746,0.0053721094,-0.004500466
2377.052922564421,7927.7944,5.1319356,0.00070301635,165541,1436.0753652879437,869.4343998323974,7184.699,4.549122,974.4936,1.3213944,7927.7944,5.1319356,0,,,,,1436.0753652879437,0.00045143007,869.4343998323974,0.0004663483,0.0055653066,-0.0041024424
2377.0598669171113,7927.4155,5.1310687,0.00070292776,165542,1436.0756167804261,869.4342683336118,7185.408,4.5483537,973.44354,1.3196206,7927.4155,5.1310687,0,,,,,1436.0756167804261,0.0004509266,869.4342683336118,0.00046610137,0.005865718,-0.0045645204
2377.066811269744,7929.435,5.1330414,0.0007028391,165543,1436.0751581679838,869.435221286116,7186.2817,4.550102,974.9852,1.3218358,7929.435,5.1330414,0,,,,,1436.0751581679838,0.000450903,869.435221286116,0.0004662129,0.005728852,-0.004973811
2377.0737556223767,7930.6343,5.1321964,0.00070275046,165544,1436.0738947598013,869.4337915897346,7187.5796,4.5493536,975.85486,1.3203316,7930.6343,5.1321964,0,,,,,1436.0738947598013,0.00045072788,869.4337915897346,0.0004662966,0.004425522,-0.005443038
2377.080699974951,7938.166,5.1337624,0.00070266175,165545,1436.0767000806175,869.4339665423805,7194.0806,4.5507417,974.6089,1.3198191,7938.166,5.1337624,0,,,,,1436.0767000806175,0.00045073932,869.4339665423805,0.00046593192,0.0072449734,-0.004555886
2377.0876443275256,7926.687,5.1328497,0.00070257304,165546,1436.076154079424,869.433451747849,7183.686,4.549932,974.7388,1.3194873,7926.687,5.1328497,0,,,,,1436.076154079424,0.00045104517,869.433451747849,0.00046642832,0.0058395024,-0.004387
2377.0945886800414,7930.4033,5.135474,0.0007024843,165547,1436.0757596968522,869.4362040720745,7187.3457,4.552259,976.0821,1.3231238,7930.4033,5.135474,0,,,,,1436.0757596968522,0.0004510034,869.4362040720745,0.00046661595,0.006986422,-0.0030716993
2377.101533032499,7926.0024,5.1311927,0.00070239545,165548,1436.0751416281082,869.4331350442781,7183.389,4.548464,974.4045,1.3195598,7926.0024,5.1311927,0,,,,,1436.0751416281082,0.0004506668,869.4331350442781,0.00046662285,0.00556868,-0.005652731
2377.108477384957,7916.2744,5.129718,0.0007023066,165549,1436.075728583124,869.434668303043,7175.0864,4.5471563,975.3441,1.3210236,7916.2744,5.129718,0,,,,,1436.075728583124,0.00045119307,869.434668303043,0.00046666377,0.0060566613,-0.004008112
2377.115421737356,7927.565,5.1310196,0.00070221775,165550,1436.074994692068,869.4348045772114,7184.995,4.5483103,973.94965,1.3212194,7927.565,5.1310196,0,,,,,1436.074994692068,0.00045088393,869.4348045772114,0.00046606513,0.0049725403,-0.0042224396
2377.122366089755,7921.1006,5.130238,0.00070212886,165551,1436.075333680784,869.4330271946612,7179.857,4.5476174,973.34216,1.3207599,7921.1006,5.130238,0,,,,,1436.075333680784,0.0004510922,869.4330271946612,0.00046654558,0.005715495,-0.0063216565
2377.1293104420965,7925.2783,5.1319795,0.0007020399,165552,1436.0767037741455,869.4365501436906,7182.729,4.549161,973.9771,1.3207992,7925.2783,5.1319795,0,,,,,1436.0767037741455,0.00045110864,869.4365501436906,0.00046653213,0.007297328,-0.002599302
2377.13625479438,7920.45,5.129929,0.0007019509,165553,1436.0751752640858,869.4346254439466,7178.345,4.5473433,973.1667,1.3196942,7920.45,5.129929,0,,,,,1436.0751752640858,0.0004509648,869.4346254439466,0.0004667271,0.005966315,-0.004394278
2377.1431991466634,7926.2197,5.1320367,0.0007018619,165554,1436.0755447333136,869.4341327081559,7184.024,4.5492115,974.7623,1.3211721,7926.2197,5.1320367,0,,,,,1436.0755447333136,0.00045094496,869.4341327081559,0.0004665216,0.004908795,-0.0052063563
2377.150143498888,7925.2983,5.131292,0.00070177286,165555,1436.0753070339792,869.4353950495246,7182.4854,4.5485516,973.49274,1.3198926,7925.2983,5.131292,0,,,,,1436.0753070339792,0.00045117445,869.4353950495246,0.00046653545,0.0055137724,-0.0043972665
2377.1570878510547,7927.3223,5.1315107,0.00070168375,165556,1436.0758533161106,869.433043687808,7184.001,4.548745,975.33185,1.3202703,7927.3223,5.1315107,0,,,,,1436.0758533161106,0.00045096746,869.433043687808,0.00046660163,0.0057965172,-0.005962837
2377.1640322032217,7917.1553,5.1294117,0.00070159463,165557,1436.0757527570775,869.4351802420183,7174.3525,4.5468845,975.0753,1.3207304,7917.1553,5.1294117,0,,,,,1436.0757527570775,0.00045149875,869.4351802420183,0.00046681732,0.006556865,-0.0037381414
2377.1709765553887,7918.859,5.13021,0.0007015055,165558,1436.075762483372,869.4338033926155,7175.9697,4.547592,976.7017,1.3226465,7918.859,5.13021,0,,,,,1436.075762483372,0.0004515378,869.4338033926155,0.00046683443,0.0064171515,-0.005187999
2377.1779209074393,7930.7993,5.133097,0.0007014163,165559,1436.0754671678553,869.4340619691412,7187.9307,4.550152,974.7842,1.3215636,7930.7993,5.133097,0,,,,,1436.0754671678553,0.0004506559,869.4340619691412,0.00046632357,0.0055987462,-0.00467169
2377.18486525949,7934.304,5.133046,0.00070132705,165560,1436.075322236445,869.4361455087407,7190.0317,4.5501065,974.42053,1.3204184,7934.304,5.133046,0,,,,,1436.075322236445,0.00045049438,869.4361455087407,0.00046621443,0.0056244745,-0.0034140337
2377.1918096115396,7923.42,5.1310635,0.0007012378,165561,1436.0750019333302,869.4336616982714,7180.943,4.5483484,976.0117,1.3198402,7923.42,5.1310635,0,,,,,1436.0750019333302,0.00045121217,869.4336616982714,0.00046662588,0.005707794,-0.005385406
2377.198753963531,7927.131,5.132886,0.0007011485,165562,1436.0743516540617,869.4346306342476,7184.7446,4.5499644,976.26953,1.3231456,7927.131,5.132886,0,,,,,1436.0743516540617,0.00045097264,869.4346306342476,0.0004663998,0.005155606,-0.004400497
2377.205698315465,7918.1494,5.1294317,0.0007010592,165563,1436.075809304728,869.4362276231758,7176.758,4.546902,975.25183,1.319858,7918.1494,5.1294317,0,,,,,1436.075809304728,0.00045125926,869.4362276231758,0.00046670192,0.0066761207,-0.0041125393
2377.2126426673985,7922.9536,5.1330366,0.00070096983,165564,1436.0749839994453,869.4345728425989,7181.148,4.550098,975.6994,1.3233198,7922.9536,5.1330366,0,,,,,1436.0749839994453,0.0004510967,869.4345728425989,0.0004665151,0.0059625297,-0.005287396
2377.2195870192745,7921.927,5.1295185,0.0007008804,165565,1436.0749864203449,869.4334428487398,7179.61,4.5469794,973.8626,1.3196515,7921.927,5.1295185,0,,,,,1436.0749864203449,0.0004509902,869.4334428487398,0.00046671147,0.0052678804,-0.005629715
2377.2265313710914,7923.715,5.129534,0.00070079096,165566,1436.075490343685,869.435325900493,7180.5356,4.546993,972.7806,1.3194287,7923.715,5.129534,0,,,,,1436.075490343685,0.00045117995,869.435325900493,0.00046632136,0.006593672,-0.0038163003
2377.233475722909,7919.129,5.13064,0.0007007015,165567,1436.0753567735162,869.4352875292013,7176.7837,4.5479736,974.6408,1.3213345,7919.129,5.13064,0,,,,,1436.0753567735162,0.0004513389,869.4352875292013,0.0004666761,0.005964273,-0.003663136
2377.2404200746687,7924.6743,5.1321077,0.00070061197,165568,1436.0756411568168,869.4330610127506,7183.044,4.5492744,971.63324,1.32111,7924.6743,5.1321077,0,,,,,1436.0756411568168,0.0004512908,869.4330610127506,0.00046636636,0.0059659793,-0.005804699
2377.2473644264282,7932.4614,5.1314383,0.00070052245,165569,1436.076077842344,869.434806231061,7188.575,4.548681,973.58356,1.3191453,7932.4614,5.1314383,0,,,,,1436.076077842344,0.00045077354,869.434806231061,0.00046614543,0.007210534,-0.0032056887
2377.254308778129,7921.6147,5.130233,0.00070043287,165570,1436.0756861944653,869.435207052544,7179.074,4.5476127,973.53723,1.3193858,7921.6147,5.130233,0,,,,,1436.0756861944653,0.00045134345,869.435207052544,0.00046676432,0.006430058,-0.0038187688
2377.261253129772,7922.9146,5.13163,0.0007003432,165571,1436.075479285482,869.433397827404,7180.7754,4.548851,974.79877,1.321164,7922.9146,5.13163,0,,,,,1436.075479285482,0.00045100576,869.433397827404,0.00046663135,0.00610921,-0.005683532
2377.268197481414,7917.5796,5.1309814,0.0007002536,165572,1436.076342057165,869.4342970817136,7176.625,4.548276,977.1697,1.3217927,7917.5796,5.1309814,0,,,,,1436.076342057165,0.00045151566,869.4342970817136,0.0004663465,0.00556637,-0.0046068244
2377.2751418329985,7925.1753,5.1313953,0.0007001639,165573,1436.0753425276803,869.4342139876404,7182.4883,4.548643,975.5846,1.3203064,7925.1753,5.1313953,0,,,,,1436.0753425276803,0.0004509729,869.4342139876404,0.00046631263,0.00601485,-0.0048801457
2377.2820861845835,7926.6714,5.1310325,0.0007000742,165574,1436.075301981956,869.4347131371931,7183.5405,4.5483212,974.0043,1.3196636,7926.6714,5.1310325,0,,,,,1436.075301981956,0.00045108827,869.4347131371931,0.0004665268,0.005867606,-0.003968158
2377.2890305361097,7925.5493,5.130889,0.00069998443,165575,1436.076043533044,869.4350853080502,7182.632,4.5481944,973.7828,1.3202056,7925.5493,5.130889,0,,,,,1436.076043533044,0.00045090367,869.4350853080502,0.00046641295,0.0069283987,-0.0038095906
2377.2959748875783,7924.4927,5.1304555,0.0006998946,165576,1436.0760840779405,869.43358799254,7181.7134,4.54781,973.0805,1.3202455,7924.4927,5.1304555,0,,,,,1436.0760840779405,0.00045119398,869.43358799254,0.00046627095,0.006136027,-0.0054814583
2377.302919239047,7922.175,5.131987,0.0006998048,165577,1436.0751833482016,869.4341350122272,7180.015,4.5491676,975.01416,1.322539,7922.175,5.131987,0,,,,,1436.0751833482016,0.00045123658,869.4341350122272,0.00046690417,0.0057209,-0.0058500143
2377.3098635904566,7921.6216,5.1312895,0.00069971493,165578,1436.0766495916273,869.4363574960876,7178.9614,4.548549,974.6257,1.3218952,7921.6216,5.1312895,0,,,,,1436.0766495916273,0.00045126237,869.4363574960876,0.00046681022,0.0061124554,-0.0030779943
2377.3168079418665,7922.3955,5.1330566,0.00069962506,165579,1436.0765259918153,869.4339652232065,7179.905,4.550116,974.6864,1.3232282,7922.3955,5.1330566,0,,,,,1436.0765259918153,0.0004511666,869.4339652232065,0.00046678697,0.006912995,-0.0051629227
2377.3237522932186,7925.3,5.130608,0.0006995351,165580,1436.0749755232125,869.4324830356286,7183.421,4.5479455,975.39355,1.3197862,7925.3,5.130608,0,,,,,1436.0749755232125,0.0004510569,869.4324830356286,0.00046614074,0.0056360723,-0.005840405
2377.3306966445125,7930.6997,5.131168,0.00069944514,165581,1436.0753070035685,869.4352680144312,7187.189,4.5484414,971.85236,1.3194147,7930.6997,5.131168,0,,,,,1436.0753070035685,0.00045060628,869.4352680144312,0.0004660723,0.006048692,-0.0032270702
2377.3376409958064,7928.2207,5.1331096,0.00069935515,165582,1436.0768394287347,869.43355634367,7184.4595,4.550163,977.9254,1.3224145,7928.2207,5.1331096,0,,,,,1436.0768394287347,0.00045139596,869.43355634367,0.00046635923,0.0077141095,-0.0059886463
2377.344585347041,7918.7886,5.129259,0.0006992651,165583,1436.0751923106743,869.4348955685568,7175.8994,4.546749,974.47656,1.3207159,7918.7886,5.129259,0,,,,,1436.0751923106743,0.00045129465,869.4348955685568,0.00046675646,0.005368643,-0.0039665396
2377.351529698276,7920.0317,5.1305475,0.00069917506,165584,1436.0775716224878,869.4347838138515,7177.8306,4.547891,976.3946,1.3210896,7920.0317,5.1305475,0,,,,,1436.0775716224878,0.0004511972,869.4347838138515,0.0004664518,0.007203205,-0.0041721305
2377.3584740494534,7920.135,5.1321597,0.00069908495,165585,1436.0766203853912,869.4341760586642,7178.372,4.5493207,975.4881,1.3217696,7920.135,5.1321597,0,,,,,1436.0766203853912,0.0004512904,869.4341760586642,0.000466587,0.0061356714,-0.005783412
2377.3654184006305,7929.5303,5.1321816,0.00069899485,165586,1436.0764728516042,869.4361186553047,7185.785,4.5493402,974.16516,1.3209093,7929.5303,5.1321816,0,,,,,1436.0764728516042,0.00045103094,869.4361186553047,0.0004662037,0.0069136014,-0.003399062
2377.372362751691,7930.8403,5.1326265,0.0006989046,165587,1436.0753480875899,869.4339155590303,7188.1636,4.5497346,974.4868,1.320008,7930.8403,5.1326265,0,,,,,1436.0753480875899,0.00045067075,869.4339155590303,0.00046623976,0.006317701,-0.0058868197
2377.3793071028103,7926.083,5.1303897,0.00069881446,165588,1436.0742173926192,869.4349669140845,7182.453,4.5477514,974.7088,1.3195044,7926.083,5.1303897,0,,,,,1436.0742173926192,0.00045063646,869.4349669140845,0.00046644692,0.0053610653,-0.0041286307
2377.386251453813,7937.4893,5.132676,0.0006987242,165589,1436.0760170648343,869.4336585020176,7192.0835,4.5497785,973.026,1.3201137,7937.4893,5.132676,0,,,,,1436.0760170648343,0.00045079243,869.4336585020176,0.00046603064,0.007033989,-0.0053545716
2377.393195804816,7927.7866,5.132888,0.0006986339,165590,1436.0760822021423,869.434677416354,7184.0586,4.549966,974.25226,1.3205544,7927.7866,5.132888,0,,,,,1436.0760822021423,0.00045144683,869.434677416354,0.00046651627,0.0065661464,-0.004084128
2377.400140155819,7926.537,5.1310916,0.0006985436,165591,1436.0762479437296,869.4334098616544,7183.425,4.5483737,973.6632,1.3198164,7926.537,5.1310916,0,,,,,1436.0762479437296,0.00045137468,869.4334098616544,0.00046624412,0.0070595453,-0.0050984
2377.407084506763,7938.743,5.134558,0.0006984533,165592,1436.0759067735423,869.4337374963184,7194.0503,4.551447,973.37787,1.3207597,7938.743,5.134558,0,,,,,1436.0759067735423,0.0004505755,869.4337374963184,0.0004659549,0.006773925,-0.004883866
2377.414028857649,7916.94,5.1303434,0.0006983629,165593,1436.075711489367,869.4354904787843,7175.3833,4.5477104,976.34155,1.3209275,7916.94,5.1303434,0,,,,,1436.075711489367,0.00045130492,869.4354904787843,0.000466767,0.006067124,-0.004225133
2377.4209732085346,7922.556,5.132141,0.0006982725,165594,1436.0762347487007,869.4343732104213,7179.804,4.549304,975.98895,1.3215107,7922.556,5.132141,0,,,,,1436.0762347487007,0.00045116237,869.4343732104213,0.0004667092,0.007298849,-0.0048491964
2377.4279175593624,7925.947,5.131177,0.00069818203,165595,1436.074803410079,869.4330549770015,7183.534,4.548449,973.6197,1.3195399,7925.947,5.131177,0,,,,,1436.074803410079,0.0004511069,869.4330549770015,0.00046654796,0.005502389,-0.005633431
2377.4348619101324,7930.5713,5.132524,0.0006980915,165596,1436.0766822111964,869.4347664318352,7186.5806,4.549643,975.7176,1.320681,7930.5713,5.132524,0,,,,,1436.0766822111964,0.00045100463,869.4347664318352,0.00046629092,0.0077110133,-0.0046954444
2377.441806260902,7923.314,5.1336923,0.000698001,165597,1436.0762000443622,869.4342424043051,7178.941,4.550679,977.5032,1.3230652,7923.314,5.1336923,0,,,,,1436.0762000443622,0.00045126834,869.4342424043051,0.0004670015,0.0063197915,-0.0039723855
2377.448750611672,7938.674,5.1335297,0.0006979105,165598,1436.0760204387186,869.4335959851326,7193.849,4.550535,975.1755,1.3197566,7938.674,5.1335297,0,,,,,1436.0760204387186,0.00045045925,869.4335959851326,0.0004661136,0.006484502,-0.005450226
2377.4556949623257,7925.635,5.1301913,0.00069781987,165599,1436.0756775475468,869.4327340482002,7183.486,4.547576,972.1631,1.3191155,7925.635,5.1301913,0,,,,,1436.0756775475468,0.00045093245,869.4327340482002,0.0004662623,0.006371399,-0.0061479975
2377.462639313037,7924.512,5.1309724,0.0006977293,165600,1436.0763405730681,869.4353183578537,7181.289,4.548268,974.18524,1.3205353,7924.512,5.1309724,0,,,,,1436.0763405730681,0.0004508992,869.4353183578537,0.00046638714,0.007020832,-0.0039807507
2377.469583663632,7924.1665,5.132004,0.0006976386,165601,1436.0760449304894,869.4334870576843,7181.8477,4.5491824,976.6867,1.321647,7924.1665,5.132004,0,,,,,1436.0760449304894,0.0004512082,869.4334870576843,0.0004665676,0.0067871585,-0.005477822
2377.4765280142274,7919.5156,5.130599,0.0006975479,165602,1436.0768046210237,869.4345827216619,7177.632,4.547937,976.15454,1.3209594,7919.5156,5.130599,0,,,,,1436.0768046210237,0.00045127183,869.4345827216619,0.000466556,0.0072359093,-0.0050910916
2377.483472364823,7933.7793,5.134291,0.00069745723,165603,1436.0761205265817,869.4344476433772,7190.651,4.5512104,974.6314,1.31997,7933.7793,5.134291,0,,,,,1436.0761205265817,0.00045076958,869.4344476433772,0.0004664688,0.0066653304,-0.0051306384
2377.4904167153018,7925.987,5.131236,0.0006973664,165604,1436.0769254590061,869.43348032291,7182.822,4.5485015,975.08905,1.3206128,7925.987,5.131236,0,,,,,1436.0769254590061,0.00045093696,869.43348032291,0.00046634674,0.0071123424,-0.0051656133
2377.497361065838,7923.7646,5.131604,0.0006972757,165605,1436.0758263000998,869.4340747961849,7181.5312,4.5488286,976.17017,1.320581,7923.7646,5.131604,0,,,,,1436.0758263000998,0.00045112227,869.4340747961849,0.00046648056,0.00636597,-0.0055986103
2377.504305416258,7921.8545,5.1308265,0.0006971848,165606,1436.0760074284992,869.4346973384863,7179.194,4.548139,976.1431,1.3212489,7921.8545,5.1308265,0,,,,,1436.0760074284992,0.000451193,869.4346973384863,0.00046658117,0.0056841215,-0.004558885
2377.5112497666787,7935.101,5.134585,0.00069709396,165607,1436.0770394831443,869.4340056135632,7190.795,4.5514708,975.99976,1.3216178,7935.101,5.134585,0,,,,,1436.0770394831443,0.00045114788,869.4340056135632,0.00046642573,0.007833007,-0.0052275145
2377.518194117099,7924.9795,5.1320095,0.0006970031,165608,1436.0759120073403,869.4347874626292,7182.323,4.5491877,975.7992,1.3215934,7924.9795,5.1320095,0,,,,,1436.0759120073403,0.00045107276,869.4347874626292,0.00046652,0.0060736216,-0.0053434116
2377.525138467461,7929.7393,5.132149,0.0006969122,165609,1436.0757132145854,869.433205712446,7185.3335,4.549311,975.0058,1.3208864,7929.7393,5.132149,0,,,,,1436.0757132145854,0.00045119665,869.433205712446,0.0004665956,0.0058533973,-0.0049707443
2377.5320828177655,7920.9873,5.131675,0.0006968212,165610,1436.076700540328,869.4341782960877,7178.6055,4.5488906,977.91895,1.3217937,7920.9873,5.131675,0,,,,,1436.076700540328,0.00045115568,869.4341782960877,0.00046658193,0.007631364,-0.005205504
2377.53902716807,7924.3467,5.130991,0.0006967302,165611,1436.0756020138933,869.4341557358379,7181.1553,4.5482845,976.77936,1.3204671,7924.3467,5.130991,0,,,,,1436.0756020138933,0.0004511961,869.4341557358379,0.00046675545,0.0056556338,-0.004672852
2377.545971518316,7930.3174,5.135308,0.0006966392,165612,1436.0763232888203,869.4336087230654,7187.105,4.552111,977.4798,1.322392,7930.3174,5.135308,0,,,,,1436.0763232888203,0.00045134386,869.4336087230654,0.000466389,0.0064479494,-0.00554538
2377.552915868562,7928.779,5.132769,0.00069654814,165613,1436.0766754093033,869.4349113055471,7185.29,4.5498605,973.53326,1.3203208,7928.779,5.132769,0,,,,,1436.0766754093033,0.0004509224,869.4349113055471,0.0004663862,0.007915458,-0.004390399
2377.5598602187497,7927.682,5.13468,0.00069645705,165614,1436.0763578221884,869.4356617027031,7184.224,4.5515547,975.3825,1.3235807,7927.682,5.13468,0,,,,,1436.0763578221884,0.000450987,869.4356617027031,0.0004669043,0.006898359,-0.004611042
2377.5668045689367,7928.4155,5.1345973,0.00069636595,165615,1436.07668615866,869.433694972289,7185.292,4.5514817,975.8252,1.3213041,7928.4155,5.1345973,0,,,,,1436.07668615866,0.0004514103,869.433694972289,0.00046670117,0.0073636416,-0.005711735
2377.5737489190074,7914.645,5.130242,0.00069627474,165616,1436.07580521016,869.4334094036241,7172.7544,4.547621,978.4628,1.3226403,7914.645,5.130242,0,,,,,1436.07580521016,0.00045166857,869.4334094036241,0.0004670181,0.0066230306,-0.0057296455
2377.5806932691366,7929.362,5.1337934,0.0006961836,165617,1436.076361828987,869.4348924641952,7185.4736,4.550769,976.8108,1.322933,7929.362,5.1337934,0,,,,,1436.076361828987,0.00045124046,869.4348924641952,0.00046650303,0.0073932344,-0.00390955
2377.587637619208,7929.7305,5.1351347,0.0006960924,165618,1436.0759650005762,869.4338063459861,7187.022,4.5519576,977.18634,1.3217607,7929.7305,5.1351347,0,,,,,1436.0759650005762,0.0004507334,869.4338063459861,0.00046661802,0.006237443,-0.0064024623
2377.594581969221,7927.769,5.132465,0.0006960011,165619,1436.0769060711073,869.4344937939145,7184.296,4.549591,976.5484,1.3208425,7927.769,5.132465,0,,,,,1436.0769060711073,0.00045062488,869.4344937939145,0.0004663713,0.007192892,-0.0038118009
2377.6015263191757,7918.4907,5.131824,0.0006959098,165620,1436.077138332581,869.4339022002645,7175.7837,4.549023,979.7447,1.3228362,7918.4907,5.131824,0,,,,,1436.077138332581,0.00045151834,869.4339022002645,0.0004673482,0.007753997,-0.005824889
2377.608470669131,7924.3643,5.1347694,0.00069581845,165621,1436.0742566539714,869.433286387037,7181.433,4.5516343,981.528,1.3273165,7924.3643,5.1347694,0,,,,,1436.0742566539714,0.0004513455,869.433286387037,0.00046697116,0.004877141,-0.0060756863
2377.615415019086,7912.787,5.1329794,0.0006957271,165622,1436.0768107977106,869.435648068427,7169.5103,4.5500474,979.1145,1.3240561,7912.787,5.1329794,0,,,,,1436.0768107977106,0.00045203447,869.435648068427,0.00046793834,0.007785537,-0.0038280536
2377.6223593689824,7925.99,5.134502,0.00069563574,165623,1436.0763579599313,869.4339578157626,7183.097,4.551397,980.6023,1.3253123,7925.99,5.134502,0,,,,,1436.0763579599313,0.00045101048,869.4339578157626,0.00046697658,0.00725649,-0.0053853
2377.629303718821,7934.7925,5.1374035,0.0006955443,165624,1436.075593345931,869.4343672215816,7190.375,4.5539694,980.6133,1.3231119,7934.7925,5.1374035,0,,,,,1436.075593345931,0.0004511315,869.4343672215816,0.00046684284,0.0062451446,-0.0055321455
2377.63624806866,7923.4966,5.1356344,0.00069545285,165625,1436.0757307915203,869.4345950625942,7181.038,4.5524006,980.21545,1.3240063,7923.4966,5.1356344,0,,,,,1436.0757307915203,0.00045153894,869.4345950625942,0.00046724392,0.0066828555,-0.0042957123
2377.64319241844,7922.533,5.1326528,0.00069536135,165626,1436.0767880483984,869.4341258434886,7180.1475,4.549758,980.80475,1.3228058,7922.533,5.1326528,0,,,,,1436.0767880483984,0.00045116202,869.4341258434886,0.00046699203,0.00779671,-0.0046652895
2377.6501367682204,7924.1187,5.1364827,0.00069526985,165627,1436.0764792002815,869.4344565793552,7181.187,4.5531526,982.9927,1.3251241,7924.1187,5.1364827,0,,,,,1436.0764792002815,0.00045179788,869.4344565793552,0.0004674454,0.006463914,-0.0046475776
2377.6570811179417,7928.638,5.1378193,0.0006951783,165628,1436.0763432093947,869.4340487212032,7185.148,4.5543375,982.74506,1.3296312,7928.638,5.1378193,0,,,,,1436.0763432093947,0.00045152614,869.4340487212032,0.000466788,0.00733388,-0.0047949567
2377.664025467663,7920.759,5.1340017,0.0006950867,165629,1436.076170436135,869.4334468269284,7178.24,4.550954,982.83984,1.3239717,7920.759,5.1340017,0,,,,,1436.076170436135,0.00045166,869.4334468269284,0.00046739087,0.00609192,-0.0055734576
2377.670969817327,7922.5757,5.1358175,0.0006949951,165630,1436.0767349789267,869.4346063253455,7179.217,4.552563,982.8752,1.3243781,7922.5757,5.1358175,0,,,,,1436.0767349789267,0.00045180324,869.4346063253455,0.00046734538,0.008090294,-0.0044943504
2377.677914166933,7921.59,5.1349554,0.0006949034,165631,1436.0754589532498,869.4330149374046,7178.36,4.551799,986.13196,1.3257676,7921.59,5.1349554,0,,,,,1436.0754589532498,0.00045183793,869.4330149374046,0.00046752213,0.00699597,-0.0060255397
2377.684858516539,7921.553,5.1338105,0.00069481175,165632,1436.075934453337,869.4353601387778,7178.6396,4.5507836,985.111,1.3247232,7921.553,5.1338105,0,,,,,1436.075934453337,0.0004515269,869.4353601387778,0.00046712844,0.006839076,-0.0038425315
2377.691802866086,7925.1743,5.1353726,0.00069472,165633,1436.0762043512316,869.4342684061847,7181.755,4.552169,983.9202,1.3251424,7925.1743,5.1353726,0,,,,,1436.0762043512316,0.00045181846,869.4342684061847,0.0004668115,0.006308411,-0.004370218
2377.6987472156334,7925.6685,5.137466,0.0006946283,165634,1436.0757887298319,869.4331929250816,7182.27,4.554024,988.92773,1.3270054,7925.6685,5.137466,0,,,,,1436.0757887298319,0.00045170897,869.4331929250816,0.0004671601,0.0071454286,-0.006608353
2377.705691565123,7923.12,5.1341867,0.0006945365,165635,1436.0758594653114,869.43411689793,7180.033,4.551118,984.18146,1.3241749,7923.12,5.1341867,0,,,,,1436.0758594653114,0.00045161005,869.43411689793,0.00046729867,0.007440103,-0.0057210526
2377.7126359146123,7925.497,5.1356373,0.0006944447,165636,1436.075285048617,869.4328948443633,7182.689,4.552403,986.0791,1.325886,7925.497,5.1356373,0,,,,,1436.075285048617,0.0004515715,869.4328948443633,0.00046700164,0.005968785,-0.0066387095
2377.719580264043,7916.0693,5.135055,0.00069435284,165637,1436.0759424055223,869.435730191546,7174.1353,4.5518875,988.97455,1.3273667,7916.0693,5.135055,0,,,,,1436.0759424055223,0.0004522343,869.435730191546,0.00046752725,0.006701703,-0.0039766296
2377.7265246134743,7931.9023,5.1409044,0.000694261,165638,1436.0769098766916,869.4340604337876,7188.628,4.557072,989.0844,1.327674,7931.9023,5.1409044,0,,,,,1436.0769098766916,0.00045162716,869.4340604337876,0.00046709966,0.0071646455,-0.004319794
2377.733468962847,7927.318,5.1374655,0.0006941691,165639,1436.0755047531975,869.4337979284165,7183.5215,4.5540237,987.2189,1.32651,7927.318,5.1374655,0,,,,,1436.0755047531975,0.00045179034,869.4337979284165,0.00046719023,0.007527685,-0.0056727654
2377.740413312161,7929.9053,5.137619,0.0006940771,165640,1436.0762189599843,869.4339213696712,7186.4453,4.5541596,986.7417,1.3268,7929.9053,5.137619,0,,,,,1436.0762189599843,0.00045138958,869.4339213696712,0.00046713502,0.0076155467,-0.0050400663
2377.7473576614752,7925.0596,5.1372538,0.00069398514,165641,1436.0763578504832,869.4351359570188,7182.0024,4.553836,989.70984,1.3268825,7925.0596,5.1372538,0,,,,,1436.0763578504832,0.00045168592,869.4351359570188,0.00046715327,0.0070365807,-0.004533619
2377.7543020107314,7912.833,5.1361985,0.0006938931,165642,1436.0755380448068,869.4328843558383,7171.428,4.5529003,991.38983,1.3284185,7912.833,5.1361985,0,,,,,1436.0755380448068,0.00045215007,869.4328843558383,0.00046790586,0.007238684,-0.0060781953
2377.761246359988,7926.652,5.1371813,0.0006938011,165643,1436.076182827189,869.4345411754032,7183.6553,4.553772,989.6111,1.3264287,7926.652,5.1371813,0,,,,,1436.076182827189,0.00045134072,869.4345411754032,0.00046722963,0.007746747,-0.0052570784
2377.7681907091865,7916.293,5.137304,0.000693709,165644,1436.0752216507062,869.4331473754456,7174.3975,4.5538807,992.0075,1.3291745,7916.293,5.137304,0,,,,,1436.0752216507062,0.00045188927,869.4331473754456,0.00046793188,0.0056975693,-0.005792295
2377.7751350583844,7922.3125,5.1405296,0.0006936169,165645,1436.0767992677777,869.4348897720326,7179.667,4.5567403,993.8589,1.3319051,7922.3125,5.1405296,0,,,,,1436.0767992677777,0.00045203965,869.4348897720326,0.00046783497,0.00823422,-0.0044397507
2377.7820794075246,7936.5005,5.1447525,0.0006935248,165646,1436.0768531012745,869.434158192147,7191.6353,4.560483,994.34106,1.3312211,7936.5005,5.1447525,0,,,,,1436.0768531012745,0.0004517196,869.434158192147,0.0004674437,0.0071410807,-0.005683426
2377.7890237566066,7931.42,5.1411676,0.0006934326,165647,1436.0763067153691,869.4333656776699,7188.2163,4.5573053,993.003,1.3284366,7931.42,5.1411676,0,,,,,1436.0763067153691,0.00045160126,869.4333656776699,0.00046741703,0.007136208,-0.0057051354
2377.795968105688,7939.0645,5.143234,0.0006933404,165648,1436.0761209481032,869.4330968030844,7194.645,4.5591373,996.13995,1.3295882,7939.0645,5.143234,0,,,,,1436.0761209481032,0.00045173304,869.4330968030844,0.00046740085,0.006417215,-0.0056331423
2377.80291245477,7923.288,5.140381,0.0006932482,165649,1436.0761138392927,869.4345895460324,7180.5366,4.556608,997.66864,1.3307599,7923.288,5.140381,0,,,,,1436.0761138392927,0.00045228278,869.4345895460324,0.00046781142,0.0073005008,-0.005172276
2377.809856803793,7927.5674,5.143108,0.0006931559,165650,1436.077048545737,869.4345556657255,7184.391,4.559026,998.0869,1.3342029,7927.5674,5.143108,0,,,,,1436.077048545737,0.00045207082,869.4345556657255,0.00046779672,0.007860899,-0.004557197
2377.8168011527578,7924.662,5.1417694,0.0006930636,165651,1436.0766097368983,869.4351060630637,7181.7935,4.5578394,999.3806,1.3312908,7924.662,5.1417694,0,,,,,1436.0766097368983,0.000452417,869.4351060630637,0.00046780682,0.0071262023,-0.0047733937
2377.8237455017224,7921.9414,5.141935,0.0006929713,165652,1436.0755683358952,869.4331071818863,7179.7583,4.557986,1001.15625,1.3326613,7921.9414,5.141935,0,,,,,1436.0755683358952,0.00045256838,869.4331071818863,0.00046794026,0.00584318,-0.006826358
2377.83068985063,7931.2847,5.1448126,0.0006928789,165653,1436.076194064075,869.4353564839959,7187.2974,4.5605364,1001.9326,1.3330027,7931.2847,5.1448126,0,,,,,1436.076194064075,0.0004521367,869.4353564839959,0.00046791352,0.0074827485,-0.0036639718
2377.837634199537,7923.1357,5.1451554,0.00069278653,165654,1436.0765242627172,869.4331499340603,7180.299,4.56084,1005.7069,1.3350803,7923.1357,5.1451554,0,,,,,1436.0765242627172,0.00045283447,869.4331499340603,0.00046840814,0.0068922164,-0.0060384753
2377.8445785483864,7927.921,5.144844,0.0006926941,165655,1436.076866126435,869.4337367851755,7184.815,4.5605645,1005.3101,1.3343838,7927.921,5.144844,0,,,,,1436.076866126435,0.0004527572,869.4337367851755,0.00046800767,0.0068402844,-0.0054671224
2377.851522897235,7935.0,5.1508102,0.00069260166,165656,1436.0762948251433,869.434218712593,7190.346,4.565853,1007.91156,1.3381478,7935.0,5.1508102,0,,,,,1436.0762948251433,0.0004527617,869.434218712593,0.0004683716,0.007349337,-0.0044236
2377.8584672460256,7939.5166,5.1498537,0.0006925092,165657,1436.0757226838614,869.4334277931076,7195.16,4.5650053,1006.77655,1.3359101,7939.5166,5.1498537,0,,,,,1436.0757226838614,0.0004523186,869.4334277931076,0.00046823433,0.0065962616,-0.0056028403
2377.8654115948166,7932.8853,5.1507745,0.0006924167,165658,1436.0760465650756,869.4342286806458,7188.4194,4.565821,1013.0308,1.3394468,7932.8853,5.1507745,0,,,,,1436.0760465650756,0.00045299245,869.4342286806458,0.00046827015,0.007297469,-0.005091643
2377.8723559435493,7925.773,5.148268,0.00069232413,165659,1436.07663081983,869.4338564081002,7182.684,4.5635996,1013.08765,1.3380997,7925.773,5.148268,0,,,,,1436.07663081983,0.00045284675,869.4338564081002,0.00046832373,0.008098598,-0.0048241536
2377.879300292224,7929.3013,5.149145,0.0006922315,165660,1436.0760585555854,869.4339196942543,7185.746,4.564377,1013.85944,1.3382274,7929.3013,5.149145,0,,,,,1436.0760585555854,0.0004526961,869.4339196942543,0.00046850342,0.007305435,-0.005103225
2377.8862446408975,7929.1797,5.151317,0.0006921389,165661,1436.0761463387246,869.4335314430323,7185.569,4.566303,1014.6751,1.3421581,7929.1797,5.151317,0,,,,,1436.0761463387246,0.00045315086,869.4335314430323,0.00046869257,0.0069938432,-0.0059556663
2377.893188989571,7924.7754,5.149707,0.0006920463,165662,1436.0762708663083,869.4340136645889,7181.994,4.5648746,1016.27704,1.3412212,7924.7754,5.149707,0,,,,,1436.0762708663083,0.00045300287,869.4340136645889,0.00046867417,0.0069008144,-0.0058037154
2377.9001333381875,7927.692,5.151038,0.00069195364,165663,1436.0753715209867,869.4338539139711,7184.5176,4.5660553,1016.4473,1.3398979,7927.692,5.151038,0,,,,,1436.0753715209867,0.00045295112,869.4338539139711,0.0004689392,0.006746279,-0.005702625
2377.907077686745,7931.809,5.1533837,0.0006918609,165664,1436.0762593608704,869.4324017006375,7187.997,4.5681343,1019.3567,1.3416162,7931.809,5.1533837,0,,,,,1436.0762593608704,0.00045337452,869.4324017006375,0.0004688482,0.0064835656,-0.0063396054
2377.914022035303,7932.382,5.153439,0.0006917682,165665,1436.0768044843253,869.4342958247958,7188.487,4.5681834,1021.1503,1.3424286,7932.382,5.153439,0,,,,,1436.0768044843253,0.00045285595,869.4342958247958,0.0004690033,0.0078040888,-0.0052056345
2377.920966383803,7923.789,5.151345,0.0006916754,165666,1436.0756366543258,869.4328641745022,7180.927,4.5663266,1023.3054,1.3423892,7923.789,5.151345,0,,,,,1436.0756366543258,0.00045325796,869.4328641745022,0.00046922863,0.006193815,-0.005860792
2377.9279107323027,7934.458,5.155243,0.0006915826,165667,1436.0760486133813,869.4340991096522,7190.04,4.5697823,1024.8993,1.344085,7934.458,5.155243,0,,,,,1436.0760486133813,0.00045303395,869.4340991096522,0.00046894624,0.0077666263,-0.005135434
2377.9348550807445,7926.099,5.1540055,0.0006914898,165668,1436.0762726053688,869.4337289594285,7183.8057,4.5686855,1026.6997,1.3452632,7926.099,5.1540055,0,,,,,1436.0762726053688,0.00045349044,869.4337289594285,0.00046948946,0.006859615,-0.0050589098
2377.941799429186,7916.7305,5.1527057,0.00069139694,165669,1436.077099772816,869.4329620420519,7174.387,4.567533,1030.45,1.3455712,7916.7305,5.1527057,0,,,,,1436.077099772816,0.0004542381,869.4329620420519,0.0004697118,0.008070226,-0.0055863005
2377.9487437775692,7919.848,5.1533403,0.00069130404,165670,1436.0767254333139,869.4352336799465,7176.349,4.568096,1030.5173,1.345507,7919.848,5.1533403,0,,,,,1436.0767254333139,0.00045399583,869.4352336799465,0.00046969604,0.00786156,-0.004481535
2377.9556881259523,7924.193,5.1566925,0.00069121114,165671,1436.0764657437392,869.432922779365,7181.2793,4.5710673,1032.0747,1.3465534,7924.193,5.1566925,0,,,,,1436.0764657437392,0.00045396126,869.432922779365,0.00046968163,0.007047959,-0.0059892302
2377.9626324742767,7918.704,5.1534467,0.0006911182,165672,1436.0760528724752,869.4344227478116,7175.9917,4.56819,1029.739,1.3462048,7918.704,5.1534467,0,,,,,1436.0760528724752,0.00045430168,869.4344227478116,0.00047001467,0.0070903674,-0.005121287
2377.969576822601,7931.6597,5.1590776,0.0006910252,165673,1436.0768578588531,869.4334785899471,7187.9062,4.573182,1034.7808,1.3489866,7931.6597,5.1590776,0,,,,,1436.0768578588531,0.00045358756,869.4334785899471,0.00046941047,0.008121999,-0.0056009213
2377.976521170868,7941.645,5.162186,0.0006909322,165674,1436.0769432762534,869.4332212548608,7197.0303,4.5759373,1033.8425,1.3513999,7941.645,5.162186,0,,,,,1436.0769432762534,0.00045345444,869.4332212548608,0.00046885762,0.006824231,-0.0063241282
2377.983465519077,7927.3555,5.157553,0.00069083914,165675,1436.0766216576246,869.4337551553687,7183.3364,4.5718307,1035.2332,1.3483789,7927.3555,5.157553,0,,,,,1436.0766216576246,0.000453688,869.4337551553687,0.00047008117,0.0077402196,-0.004653104
2377.990409867286,7923.8936,5.158153,0.00069074606,165676,1436.0762792422233,869.4336136451462,7180.1694,4.572362,1038.051,1.3490428,7923.8936,5.158153,0,,,,,1436.0762792422233,0.0004540777,869.4336136451462,0.00047006665,0.0068748393,-0.0054444787
2377.997354215495,7923.253,5.16066,0.000690653,165677,1436.0768718437043,869.4344289521581,7179.067,4.574584,1039.5245,1.3544737,7923.253,5.16066,0,,,,,1436.0768718437043,0.00045451825,869.4344289521581,0.00047044357,0.006787195,-0.0045764926
2378.004298563645,7921.435,5.1592226,0.00069055986,165678,1436.0769205561917,869.4354126835434,7178.4194,4.5733104,1042.1721,1.3517147,7921.435,5.1592226,0,,,,,1436.0769205561917,0.00045464918,869.4354126835434,0.00047011697,0.008103358,-0.0047384473
2378.011242911737,7927.1953,5.160993,0.00069046667,165679,1436.075652707295,869.4332752595982,7184.138,4.574879,1039.4097,1.3528314,7927.1953,5.160993,0,,,,,1436.075652707295,0.00045408172,869.4332752595982,0.00046983108,0.0058385106,-0.005678048
2378.0181872598296,7914.9937,5.158354,0.0006903735,165680,1436.0771116186559,869.4342412793475,7173.2563,4.5725403,1043.3335,1.3515996,7914.9937,5.158354,0,,,,,1436.0771116186559,0.00045453172,869.4342412793475,0.00047033132,0.008163637,-0.004450789
2378.025131607922,7922.5195,5.1602035,0.0006902803,165681,1436.0769462920914,869.4325895177627,7178.663,4.5741796,1043.6016,1.3522133,7922.5195,5.1602035,0,,,,,1436.0769462920914,0.00045476577,869.4325895177627,0.0004701647,0.0078117657,-0.00635275
2378.0320759559563,7921.9253,5.1613307,0.00069018704,165682,1436.0770455365073,869.4336904396663,7179.987,4.575179,1045.5767,1.3531401,7921.9253,5.1613307,0,,,,,1436.0770455365073,0.00045444164,869.4336904396663,0.00047033333,0.007671802,-0.005866708
2378.0390203039306,7924.0366,5.1611195,0.00069009373,165683,1436.0760425219428,869.4346492142525,7181.5776,4.574991,1045.6914,1.35263,7924.0366,5.1611195,0,,,,,1436.0760425219428,0.00045435267,869.4346492142525,0.0004699418,0.0074000135,-0.00513805
2378.0459646519057,7927.6562,5.1641436,0.0006900004,165684,1436.076639502061,869.4331559814017,7184.0146,4.577672,1048.5071,1.356211,7927.6562,5.1641436,0,,,,,1436.076639502061,0.00045441603,869.4331559814017,0.0004703483,0.0070499326,-0.006239801
2378.0529089998236,7926.8257,5.1633515,0.00068990706,165685,1436.076410830672,869.4337257894007,7183.099,4.5769706,1048.1254,1.3545774,7926.8257,5.1633515,0,,,,,1436.076410830672,0.0004542234,869.4337257894007,0.0004706372,0.0074289343,-0.0064548845
2378.0598533477414,7939.5215,5.166528,0.0006898137,165686,1436.0770642992293,869.4350321558115,7193.877,4.5797863,1049.4851,1.3545059,7939.5215,5.166528,0,,,,,1436.0770642992293,0.0004541652,869.4350321558115,0.00047052154,0.0074678254,-0.003857277
2378.0667976956006,7929.8145,5.166487,0.00068972027,165687,1436.0756544558578,869.4336231995624,7186.698,4.57975,1052.8712,1.356589,7929.8145,5.166487,0,,,,,1436.0756544558578,0.00045461053,869.4336231995624,0.0004703383,0.006573536,-0.0056112297
2378.07374204346,7922.556,5.1682854,0.00068962685,165688,1436.0772063684592,869.433083037081,7178.9243,4.5813437,1057.5742,1.3595096,7922.556,5.1682854,0,,,,,1436.0772063684592,0.00045513347,869.433083037081,0.00047149556,0.0076389606,-0.006088032
2378.0806863913194,7926.6626,5.1670337,0.0006895334,165689,1436.0760631351886,869.4336395430599,7182.909,4.5802345,1055.009,1.3590672,7926.6626,5.1670337,0,,,,,1436.0760631351886,0.00045504828,869.4336395430599,0.00047069875,0.0068832454,-0.0050064074
2378.0876307390627,7934.404,5.1694775,0.0006894399,165690,1436.0765611239592,869.4343108877908,7190.2354,4.5824003,1055.048,1.3586911,7934.404,5.1694775,0,,,,,1436.0765611239592,0.00045483635,869.4343108877908,0.0004706499,0.0077387732,-0.005057217
2378.094575086864,7925.9805,5.1699953,0.0006893464,165691,1436.0752334118988,869.4344206608247,7182.025,4.582859,1060.0376,1.3599644,7925.9805,5.1699953,0,,,,,1436.0752334118988,0.00045519482,869.4344206608247,0.00047142766,0.006634303,-0.004006768
2378.101519434549,7922.0435,5.1678457,0.0006892528,165692,1436.0770144687885,869.4333376505406,7179.023,4.580954,1061.2428,1.360004,7922.0435,5.1678457,0,,,,,1436.0770144687885,0.00045513333,869.4333376505406,0.00047146162,0.008474792,-0.0056530135
2378.108463782292,7919.0366,5.1695337,0.00068915926,165693,1436.0770537136725,869.4344218452264,7176.2974,4.5824504,1062.521,1.3671321,7919.0366,5.1695337,0,,,,,1436.0770537136725,0.0004552212,869.4344218452264,0.00047135397,0.007929459,-0.005285782
2378.115408129918,7925.6675,5.1709037,0.0006890656,165694,1436.0757329045193,869.4332776150186,7182.894,4.583665,1062.0101,1.3623673,7925.6675,5.1709037,0,,,,,1436.0757329045193,0.00045536458,869.4332776150186,0.00047111034,0.0063550984,-0.006890871
2378.122352477602,7929.4243,5.1713676,0.000688972,165695,1436.077539623939,869.4340982705809,7185.0522,4.584076,1064.173,1.3638624,7929.4243,5.1713676,0,,,,,1436.077539623939,0.00045541368,869.4340982705809,0.000471328,0.008391703,-0.005522448
2378.12929682517,7928.424,5.171925,0.0006888783,165696,1436.075999085007,869.4337328052432,7185.232,4.58457,1066.6855,1.3634992,7928.424,5.171925,0,,,,,1436.075999085007,0.00045537882,869.4337328052432,0.00047126462,0.006559831,-0.006225748
2378.1362411727387,7929.6396,5.173409,0.0006887846,165697,1436.0758293915724,869.434401810225,7185.3027,4.5858855,1066.3683,1.3644652,7929.6396,5.173409,0,,,,,1436.0758293915724,0.00045536665,869.434401810225,0.0004714253,0.0071991393,-0.0052858843
2378.1431855203073,7932.242,5.1732426,0.00068869087,165698,1436.075243432114,869.4340121625598,7188.917,4.585738,1067.5521,1.3647647,7932.242,5.1732426,0,,,,,1436.075243432114,0.000455109,869.4340121625598,0.00047111887,0.006471713,-0.0060642036
2378.1501298678177,7924.673,5.171811,0.0006885971,165699,1436.0772647568317,869.4348826755694,7180.4194,4.584469,1070.1948,1.3641292,7924.673,5.171811,0,,,,,1436.0772647568317,0.00045588776,869.4348826755694,0.0004717395,0.0080717625,-0.003950575
2378.157074215328,7918.3325,5.171376,0.0006885033,165700,1436.0756347444787,869.4320551462419,7175.022,4.5840836,1071.2299,1.366435,7918.3325,5.171376,0,,,,,1436.0756347444787,0.00045588517,869.4320551462419,0.0004720383,0.0067577846,-0.007903711
2378.16401856278,7922.628,5.1724677,0.0006884095,165701,1436.076307719313,869.4343513382955,7179.853,4.585051,1072.6907,1.365877,7922.628,5.1724677,0,,,,,1436.076307719313,0.00045564884,869.4343513382955,0.00047171058,0.0069950516,-0.006036755
2378.1709629102315,7921.255,5.174453,0.00068831566,165702,1436.0774676061305,869.4360574968987,7178.3823,4.5868106,1074.7457,1.3661786,7921.255,5.174453,0,,,,,1436.0774676061305,0.0004563089,869.4360574968987,0.00047199306,0.008153087,-0.0031374656
2378.1779072576255,7927.9116,5.1746125,0.0006882218,165703,1436.0754279876144,869.4326038529791,7184.3896,4.586952,1071.9211,1.3648971,7927.9116,5.1746125,0,,,,,1436.0754279876144,0.00045548627,869.4326038529791,0.00047192318,0.0063496046,-0.0071258936
2378.1848516050195,7925.87,5.173909,0.0006881279,165704,1436.0751761729546,869.4332624721267,7182.81,4.5863285,1071.8418,1.3656186,7925.87,5.173909,0,,,,,1436.0751761729546,0.0004553638,869.4332624721267,0.0004714717,0.007095078,-0.0059992676
2378.1917959523544,7922.862,5.173765,0.00068803394,165705,1436.0770395295433,869.4347017851986,7179.327,4.586201,1073.3903,1.3667983,7922.862,5.173765,0,,,,,1436.0770395295433,0.00045590696,869.4347017851986,0.00047195298,0.008720943,-0.004211425
2378.198740299631,7931.194,5.175381,0.00068793993,165706,1436.0764882242963,869.4341571853862,7187.5776,4.5876336,1072.4751,1.3660226,7931.194,5.175381,0,,,,,1436.0764882242963,0.00045517902,869.4341571853862,0.00047145426,0.008322576,-0.0054623946
2378.205684646967,7931.6587,5.175009,0.000687846,165707,1436.0764962695764,869.4334970778373,7186.773,4.587303,1073.7637,1.3659487,7931.6587,5.175009,0,,,,,1436.0764962695764,0.00045561648,869.4334970778373,0.00047203584,0.0073864306,-0.00569747
2378.212628994186,7924.8613,5.17699,0.0006877519,165708,1436.0777936296881,869.4342878525168,7181.825,4.58906,1075.248,1.367508,7924.8613,5.17699,0,,,,,1436.0777936296881,0.00045601325,869.4342878525168,0.00047215834,0.007618679,-0.005004951
2378.219573341405,7917.288,5.1739655,0.00068765786,165709,1436.0768650674554,869.4330554698245,7173.493,4.586379,1074.8367,1.3687801,7917.288,5.1739655,0,,,,,1436.0768650674554,0.00045609134,869.4330554698245,0.0004726854,0.0072135846,-0.0065998845
2378.2265176886235,7928.86,5.17574,0.0006875638,165710,1436.0762446949232,869.4355895962324,7184.807,4.5879517,1075.3264,1.3668516,7928.86,5.17574,0,,,,,1436.0762446949232,0.00045549718,869.4355895962324,0.0004717671,0.0075300294,-0.0036127265
2378.2334620357847,7920.4077,5.1748295,0.00068746967,165711,1436.0768889779122,869.4339525893117,7175.9424,4.5871444,1077.32,1.3687758,7920.4077,5.1748295,0,,,,,1436.0768889779122,0.00045601718,869.4339525893117,0.00047248515,0.0074316557,-0.0055526313
2378.240406382946,7936.0107,5.177593,0.00068737555,165712,1436.0768765551975,869.4339781092737,7190.847,4.5895944,1073.9564,1.3677324,7936.0107,5.177593,0,,,,,1436.0768765551975,0.0004554464,869.4339781092737,0.0004717703,0.008274151,-0.005553059
2378.2473507300483,7927.2334,5.174656,0.00068728137,165713,1436.0763596251943,869.4327613212924,7183.154,4.586991,1073.9669,1.3666955,7927.2334,5.174656,0,,,,,1436.0763596251943,0.00045533455,869.4327613212924,0.00047171593,0.007179763,-0.0068761525
2378.2542950771513,7923.304,5.1740594,0.0006871872,165714,1436.076305289237,869.4337539337405,7179.4604,4.586462,1075.9963,1.367029,7923.304,5.1740594,0,,,,,1436.076305289237,0.000455798,869.4337539337405,0.0004720679,0.007167917,-0.00541983
2378.261239424196,7925.21,5.174258,0.00068709295,165715,1436.076265279594,869.4329507572165,7182.2256,4.5866385,1073.4207,1.3658519,7925.21,5.174258,0,,,,,1436.076265279594,0.0004555306,869.4329507572165,0.00047189373,0.007423982,-0.006098055
2378.2681837711816,7929.7925,5.174841,0.00068699865,165716,1436.076242237218,869.4340846761004,7184.9956,4.587155,1074.7855,1.3670877,7929.7925,5.174841,0,,,,,1436.076242237218,0.0004552566,869.4340846761004,0.00047169774,0.0074774376,-0.005239633
2378.2751281182254,7918.4907,5.172651,0.0006869044,165717,1436.0760837173143,869.4345015496058,7176.1494,4.585213,1076.6484,1.3666207,7918.4907,5.172651,0,,,,,1436.0760837173143,0.00045545842,869.4345015496058,0.0004722977,0.0074810637,-0.004721332
2378.2820724651533,7932.0024,5.1753993,0.00068681006,165718,1436.0766948364608,869.4333647491205,7187.6787,4.58765,1073.4573,1.3659015,7932.0024,5.1753993,0,,,,,1436.0766948364608,0.00045546773,869.4333647491205,0.00047158753,0.008495403,-0.0055848365
2378.28901681214,7925.347,5.173975,0.00068671576,165719,1436.0762657028063,869.4343408277887,7182.041,4.586387,1073.0651,1.3673141,7925.347,5.173975,0,,,,,1436.0762657028063,0.00045514625,869.4343408277887,0.00047155752,0.0074856365,-0.0057659037
2378.29596115901,7919.3413,5.171425,0.00068662135,165720,1436.0763210685377,869.4348105544037,7176.268,4.5841265,1073.1176,1.3649931,7919.3413,5.171425,0,,,,,1436.0763210685377,0.00045568793,869.4348105544037,0.00047200234,0.008064871,-0.0041692876
2378.3029055058796,7921.0244,5.1730003,0.00068652694,165721,1436.0779673307318,869.4320409901675,7177.5522,4.585523,1073.4404,1.3660635,7921.0244,5.1730003,0,,,,,1436.0779673307318,0.00045614887,869.4320409901675,0.00047192708,0.007886233,-0.0061384058
2378.3098498527497,7933.016,5.1775875,0.0006864325,165722,1436.0756292031404,869.4345493750261,7187.6226,4.5895896,1074.4191,1.3656752,7933.016,5.1775875,0,,,,,1436.0756292031404,0.00045536354,869.4345493750261,0.00047201465,0.0067308913,-0.004560378
2378.3167941995616,7924.3706,5.173717,0.00068633805,165723,1436.075684539731,869.4349156694574,7180.847,4.5861588,1071.7106,1.3665494,7924.3706,5.173717,0,,,,,1436.075684539731,0.0004554808,869.4349156694574,0.00047234082,0.007580622,-0.004260052
2378.323738546373,7927.967,5.174675,0.0006862436,165724,1436.0771719182374,869.43175753189,7183.619,4.587008,1074.7208,1.3666185,7927.967,5.174675,0,,,,,1436.0771719182374,0.00045573415,869.43175753189,0.0004717272,0.008045576,-0.008702392
2378.3306828931263,7927.92,5.175169,0.00068614905,165725,1436.0764454754678,869.4334090267043,7181.724,4.5874457,1071.64,1.3661762,7927.92,5.175169,0,,,,,1436.0764454754678,0.00045578092,869.4334090267043,0.00047218066,0.007954613,-0.0057590106
2378.33762723988,7914.0684,5.171305,0.0006860545,165726,1436.0761021876215,869.4324079718285,7172.2407,4.5840206,1074.2422,1.3653622,7914.0684,5.171305,0,,,,,1436.0761021876215,0.00045591182,869.4324079718285,0.00047201486,0.0068644523,-0.0070301807
2378.3445715865755,7921.185,5.1739326,0.00068595994,165727,1436.0767873096036,869.4345464156053,7177.921,4.5863495,1073.406,1.366244,7921.185,5.1739326,0,,,,,1436.0767873096036,0.00045601765,869.4345464156053,0.00047199847,0.0077715493,-0.00547452
2378.35151593327,7920.0903,5.1755476,0.00068586535,165728,1436.076576175733,869.4341616110601,7176.8247,4.587781,1076.996,1.367778,7920.0903,5.1755476,0,,,,,1436.076576175733,0.0004559628,869.4341616110601,0.00047213832,0.007315698,-0.005420906
2378.3584602799065,7923.358,5.172875,0.0006857707,165729,1436.0767360155733,869.435211827968,7179.02,4.585412,1074.341,1.3664144,7923.358,5.172875,0,,,,,1436.0767360155733,0.00045575033,869.435211827968,0.00047172816,0.007214502,-0.0032560122
2378.3654046265438,7929.8975,5.1752667,0.00068567606,165730,1436.075779109287,869.4325073746741,7185.1562,4.5875325,1075.6111,1.3666213,7929.8975,5.1752667,0,,,,,1436.075779109287,0.0004559877,869.4325073746741,0.00047187196,0.0062158876,-0.006701643
2378.372348973181,7926.769,5.1735344,0.0006855814,165731,1436.0786852055212,869.4342334637115,7182.025,4.5859966,1073.034,1.3653969,7926.769,5.1735344,0,,,,,1436.0786852055212,0.00045555818,869.4342334637115,0.00047175944,0.008886544,-0.004149678
2378.3792933197014,7925.864,5.174688,0.00068548665,165732,1436.0762626266107,869.4336812627154,7181.5767,4.587019,1075.3629,1.3673501,7925.864,5.174688,0,,,,,1436.0762626266107,0.00045633502,869.4336812627154,0.00047182562,0.007369681,-0.0056660115
2378.3862376662805,7923.2495,5.1751995,0.00068539195,165733,1436.0752178390478,869.4321804212348,7179.94,4.587473,1077.6663,1.3679005,7923.2495,5.1751995,0,,,,,1436.0752178390478,0.00045588874,869.4321804212348,0.0004720981,0.0063944473,-0.006716837
2378.3931820128014,7927.666,5.1746144,0.0006852972,165734,1436.076819597863,869.4356125412957,7183.784,4.5869536,1074.6506,1.3664898,7927.666,5.1746144,0,,,,,1436.076819597863,0.00045550865,869.4356125412957,0.00047192388,0.008096554,-0.0039312877
2378.400126359263,7917.1694,5.171071,0.00068520237,165735,1436.0763135572747,869.4332741275016,7174.1533,4.583813,1073.8699,1.3658317,7917.1694,5.171071,0,,,,,1436.0763135572747,0.00045595234,869.4332741275016,0.0004723175,0.007388068,-0.0061671673
2378.4070707057253,7914.4956,5.172716,0.00068510754,165736,1436.0771414784213,869.4335067159309,7171.9526,4.5852714,1078.8687,1.3677756,7914.4956,5.172716,0,,,,,1436.0771414784213,0.00045603712,869.4335067159309,0.00047234437,0.008763166,-0.0055164583
2378.41401505213,7922.291,5.1753554,0.00068501267,165737,1436.0761328608137,869.4336954550911,7178.736,4.5876107,1078.1097,1.3684523,7922.291,5.1753554,0,,,,,1436.0761328608137,0.0004562368,869.4336954550911,0.00047194335,0.0073661185,-0.0054135225
2378.4209593985343,7916.349,5.176011,0.0006849178,165738,1436.0772434349471,869.4343081538985,7173.3296,4.588192,1080.8837,1.369802,7916.349,5.176011,0,,,,,1436.0772434349471,0.00045628654,869.4343081538985,0.0004726749,0.007904364,-0.004594882
2378.427903744938,7929.332,5.179289,0.0006848229,165739,1436.0763285324106,869.433301790019,7186.109,4.5910974,1083.7052,1.3696282,7929.332,5.179289,0,,,,,1436.0763285324106,0.00045583295,869.433301790019,0.0004719144,0.007211187,-0.0062004155
2378.434848091283,7924.5835,5.178416,0.000684728,165740,1436.0767586999052,869.4339358038375,7181.2036,4.5903234,1083.3331,1.3721077,7924.5835,5.178416,0,,,,,1436.0767586999052,0.00045616817,869.4339358038375,0.00047222272,0.00752675,-0.005908409
2378.441792437571,7914.621,5.1749763,0.000684633,165741,1436.076700633958,869.4341313136148,7170.711,4.5872746,1085.1484,1.3708359,7914.621,5.1749763,0,,,,,1436.076700633958,0.00045708838,869.4341313136148,0.00047293844,0.0070426525,-0.00454214
2378.448736783859,7918.953,5.1805468,0.000684538,165742,1436.0764101661052,869.4336383128636,7175.5635,4.5922127,1088.8746,1.3748243,7918.953,5.1805468,0,,,,,1436.0764101661052,0.00045711192,869.4336383128636,0.00047326856,0.0069196415,-0.0060724756
2378.455681130147,7926.2812,5.1815596,0.000684443,165743,1436.077535713155,869.4336707942385,7181.993,4.59311,1090.2373,1.3737514,7926.2812,5.1815596,0,,,,,1436.077535713155,0.0004565856,869.4336707942385,0.0004728742,0.008533894,-0.0060288063
2378.462625476376,7929.4897,5.182805,0.00068434794,165744,1436.0765121741745,869.4336258770014,7185.2944,4.5942144,1092.0573,1.373721,7929.4897,5.182805,0,,,,,1436.0765121741745,0.0004563825,869.4336258770014,0.00047263002,0.0076434202,-0.0061113653
2378.469569822548,7928.8657,5.1828585,0.0006842528,165745,1436.076084008957,869.4333093083113,7184.4697,4.5942616,1093.7751,1.3743296,7928.8657,5.1828585,0,,,,,1436.076084008957,0.00045656032,869.4333093083113,0.00047268797,0.007896593,-0.0054935794
2378.4765141687776,7929.8237,5.1862235,0.00068415777,165746,1436.0773415708281,869.4334826337259,7185.5186,4.5972447,1097.234,1.3780736,7929.8237,5.1862235,0,,,,,1436.0773415708281,0.00045650676,869.4334826337259,0.00047296207,0.008673097,-0.0057353927
2378.483458514891,7925.6123,5.187323,0.0006840626,165747,1436.0765155961428,869.4325231162439,7182.625,4.598219,1100.061,1.3787465,7925.6123,5.187323,0,,,,,1436.0765155961428,0.0004569278,869.4325231162439,0.00047312392,0.0072038868,-0.0068349936
2378.4904028610044,7924.132,5.1877894,0.00068396743,165748,1436.0768572784916,869.4342265923376,7180.449,4.598633,1102.9503,1.3788538,7924.132,5.1877894,0,,,,,1436.0768572784916,0.00045695232,869.4342265923376,0.00047374103,0.008133495,-0.004658837
2378.4973472071174,7929.267,5.1874175,0.00068387226,165749,1436.0759868708544,869.4327019757878,7184.594,4.598303,1102.6467,1.3789369,7929.267,5.1874175,0,,,,,1436.0759868708544,0.00045698023,869.4327019757878,0.00047321123,0.00690216,-0.0060784915
2378.5042915531717,7929.831,5.188992,0.00068377703,165750,1436.0770719461332,869.4341400388506,7185.852,4.5996985,1106.7335,1.3819102,7929.831,5.188992,0,,,,,1436.0770719461332,0.00045712013,869.4341400388506,0.00047329682,0.008517737,-0.005898141
2378.511235899226,7931.3027,5.1926713,0.0006836818,165751,1436.0760642524842,869.4326826853347,7186.149,4.60296,1109.8953,1.3827664,7931.3027,5.1926713,0,,,,,1436.0760642524842,0.00045768192,869.4326826853347,0.00047401895,0.0073685534,-0.006393334
2378.5181802452225,7932.1187,5.1923327,0.0006835865,165752,1436.0768716967991,869.4350936639629,7187.0684,4.60266,1114.1167,1.3841512,7932.1187,5.1923327,0,,,,,1436.0768716967991,0.00045743914,869.4350936639629,0.00047369223,0.0075392984,-0.004219574
2378.5251245912195,7921.3765,5.1917477,0.00068349123,165753,1436.0770022330296,869.433330645801,7177.764,4.6021414,1114.7499,1.3867021,7921.3765,5.1917477,0,,,,,1436.0770022330296,0.00045785733,869.433330645801,0.00047445405,0.008578637,-0.0066660964
2378.5320689371583,7922.94,5.19346,0.0006833959,165754,1436.076084249926,869.432843204943,7179.1587,4.603659,1120.6317,1.3868953,7922.94,5.19346,0,,,,,1436.076084249926,0.0004577272,869.432843204943,0.00047453085,0.0077771856,-0.0066829175
2378.539013283097,7918.0957,5.1953907,0.00068330055,165755,1436.0758951700104,869.4347478239042,7175.364,4.6053705,1122.7211,1.3893157,7918.0957,5.1953907,0,,,,,1436.0758951700104,0.00045859374,869.4347478239042,0.00047476127,0.0074774544,-0.005287204
2378.545957629036,7930.718,5.1977587,0.0006832052,165756,1436.0773385433902,869.4340358486229,7185.4673,4.6074696,1126.6097,1.3901774,7930.718,5.1977587,0,,,,,1436.0773385433902,0.00045810497,869.4340358486229,0.00047440687,0.007245484,-0.0052844947
2378.552901974916,7934.237,5.1988206,0.0006831098,165757,1436.0767887267589,869.4355492551721,7188.8564,4.6084113,1126.8649,1.3902096,7934.237,5.1988206,0,,,,,1436.0767887267589,0.00045779717,869.4355492551721,0.00047412055,0.007815381,-0.0029531587
2378.5598463207375,7921.9604,5.1999288,0.00068301434,165758,1436.077036039335,869.4312816237027,7178.816,4.6093936,1131.7325,1.3912537,7921.9604,5.1999288,0,,,,,1436.077036039335,0.00045867523,869.4312816237027,0.00047562426,0.008356076,-0.008234311
2378.5667906665594,7917.5537,5.1993904,0.0006829189,165759,1436.0763619090094,869.4332124915377,7174.368,4.6089163,1136.0328,1.3953881,7917.5537,5.1993904,0,,,,,1436.0763619090094,0.00045902812,869.4332124915377,0.0004751398,0.007430046,-0.005978692
2378.573735012382,7933.242,5.2087464,0.0006828234,165760,1436.076736589257,869.4332186340263,7189.1333,4.61721,1137.1249,1.3998749,7933.242,5.2087464,0,,,,,1436.076736589257,0.0004587572,869.4332186340263,0.0004755073,0.008030548,-0.0066281985
2378.580679358145,7917.376,5.2009106,0.0006827279,165761,1436.0757094468017,869.4329648333286,7174.5967,4.610264,1138.578,1.3944912,7917.376,5.2009106,0,,,,,1436.0757094468017,0.00045875047,869.4329648333286,0.00047556113,0.007318197,-0.0056663346
2378.58762370385,7930.012,5.2037787,0.0006826323,165762,1436.0769175495652,869.4347195187622,7186.2095,4.6128063,1141.5146,1.395519,7930.012,5.2037787,0,,,,,1436.0769175495652,0.00045840052,869.4347195187622,0.00047504218,0.008702628,-0.0044067926
2378.594568049556,7933.0386,5.205794,0.00068253675,165763,1436.0760495261402,869.4322440659938,7188.379,4.614592,1141.9539,1.397076,7933.0386,5.205794,0,,,,,1436.0760495261402,0.00045896493,869.4322440659938,0.00047530857,0.0072099944,-0.0070090764
2378.601512395262,7927.258,5.2054677,0.00068244117,165764,1436.0769622849064,869.4350374339596,7182.052,4.614303,1147.5881,1.3991973,7927.258,5.2054677,0,,,,,1436.0769622849064,0.0004590518,869.4350374339596,0.0004756902,0.00797519,-0.0036438927
2378.60845674091,7926.6523,5.207117,0.00068234553,165765,1436.0768979365803,869.4317328733424,7182.462,4.6157656,1148.587,1.3995419,7926.6523,5.207117,0,,,,,1436.0768979365803,0.00045906627,869.4317328733424,0.00047596573,0.007366868,-0.007247146
2378.615401086557,7932.9736,5.208573,0.0006822499,165766,1436.0772547223837,869.4347254909532,7188.5264,4.617056,1151.0143,1.4002653,7932.9736,5.208573,0,,,,,1436.0772547223837,0.0004590321,869.4347254909532,0.00047555365,0.008268251,-0.0047341064
2378.622345432146,7926.9434,5.2073965,0.0006821542,165767,1436.07643928202,869.4333484793307,7182.826,4.6160135,1150.9093,1.4001644,7926.9434,5.2073965,0,,,,,1436.07643928202,0.00045892294,869.4333484793307,0.00047556713,0.0071533895,-0.006066028
2378.6292897777357,7929.7944,5.208674,0.0006820585,165768,1436.0768628037474,869.4339909352783,7185.568,4.6171455,1152.2985,1.401785,7929.7944,5.208674,0,,,,,1436.0768628037474,0.00045895926,869.4339909352783,0.00047565447,0.008058843,-0.0051255366
2378.6362341233253,7937.4194,5.2120337,0.0006819628,165769,1436.0756456813208,869.4329918081527,7191.3833,4.620124,1154.341,1.4025475,7937.4194,5.2120337,0,,,,,1436.0756456813208,0.0004589001,869.4329918081527,0.00047585223,0.0076496038,-0.006692884
2378.6431784687984,7927.5215,5.2100596,0.000681867,165770,1436.07641658608,869.4322102291618,7183.3496,4.6183734,1154.0662,1.4020048,7927.5215,5.2100596,0,,,,,1436.07641658608,0.00045928752,869.4322102291618,0.00047604865,0.0070623113,-0.006533084
2378.6501228143297,7926.981,5.208523,0.00068177126,165771,1436.0764591214229,869.4346215859007,7182.758,4.6170115,1155.7046,1.4020449,7926.981,5.208523,0,,,,,1436.0764591214229,0.000459325,869.4346215859007,0.00047601174,0.008231085,-0.0047633187
2378.657067159802,7940.471,5.2123175,0.00068167545,165772,1436.0764098764162,869.433483096097,7194.731,4.620375,1155.7567,1.4020748,7940.471,5.2123175,0,,,,,1436.0764098764162,0.00045881703,869.433483096097,0.00047549765,0.0077165077,-0.0060023433
2378.664011505216,7927.5894,5.2112064,0.0006815796,165773,1436.0754895296632,869.4342066489161,7183.769,4.6193905,1156.6677,1.4035302,7927.5894,5.2112064,0,,,,,1436.0754895296632,0.00045935446,869.4342066489161,0.0004758837,0.007092401,-0.005108934
2378.6709558506304,7932.243,5.211785,0.0006814837,165774,1436.0762264883947,869.4327327904978,7187.281,4.619903,1157.0867,1.4029694,7932.243,5.211785,0,,,,,1436.0762264883947,0.00045924113,869.4327327904978,0.0004762635,0.007181152,-0.0069791386
2378.677900196045,7932.2817,5.2108674,0.00068138784,165775,1436.0769136703484,869.4348446900159,7186.314,4.6190896,1157.4674,1.402857,7932.2817,5.2108674,0,,,,,1436.0769136703484,0.0004593188,869.4348446900159,0.00047630753,0.0068933344,-0.0044783815
2378.6848445414016,7926.803,5.212319,0.0006812919,165776,1436.0772376754398,869.4343941445321,7181.154,4.6203766,1160.0872,1.4050536,7926.803,5.212319,0,,,,,1436.0772376754398,0.0004597974,869.4343941445321,0.00047711408,0.008393527,-0.005014885
2378.6917888867583,7922.673,5.2100477,0.000681196,165777,1436.07597325261,869.4321022204559,7177.018,4.6183634,1159.9089,1.4041232,7922.673,5.2100477,0,,,,,1436.07597325261,0.0004597888,869.4321022204559,0.0004769759,0.0062359585,-0.0069114855
2378.698733232057,7930.8374,5.212258,0.0006811,165778,1436.0763427065358,869.4342753403463,7185.4707,4.620322,1160.1216,1.4052029,7930.8374,5.212258,0,,,,,1436.0763427065358,0.00045954806,869.4342753403463,0.00047630916,0.007568125,-0.0045453897
2378.7056775773553,7931.4355,5.2118077,0.000681004,165779,1436.0755457088721,869.4327683697593,7185.737,4.6199236,1160.1409,1.4053342,7931.4355,5.2118077,0,,,,,1436.0755457088721,0.00045932413,869.4327683697593,0.00047639493,0.0069225016,-0.0064460402
2378.712621922595,7919.014,5.209599,0.000680908,165780,1436.0774452997412,869.434710279984,7175.5337,4.6179657,1159.9103,1.4040402,7919.014,5.209599,0,,,,,1436.0774452997412,0.00045983872,869.434710279984,0.00047681064,0.00905338,-0.004619805
2378.7195662678346,7933.562,5.215262,0.00068081194,165781,1436.0768334969682,869.4339350871727,7188.12,4.622985,1160.009,1.405089,7933.562,5.215262,0,,,,,1436.0768334969682,0.00045977152,869.4339350871727,0.0004766693,0.0075520417,-0.0050573037
2378.726510613016,7939.2354,5.2147903,0.00068071584,165782,1436.0772333218824,869.4329191315697,7193.8774,4.6225677,1161.581,1.4055831,7939.2354,5.2147903,0,,,,,1436.0772333218824,0.0004590699,869.4329191315697,0.0004761425,0.008570729,-0.0065430095
2378.7334549581974,7930.2993,5.212901,0.00068061973,165783,1436.0769152629637,869.4323043332314,7185.179,4.6208925,1161.1638,1.4051454,7930.2993,5.212901,0,,,,,1436.0769152629637,0.00045978028,869.4323043332314,0.000476461,0.007453246,-0.0062614027
2378.740399303379,7929.008,5.2136703,0.00068052363,165784,1436.077304785561,869.434903802544,7184.4194,4.6215744,1161.8237,1.4066879,7929.008,5.2136703,0,,,,,1436.077304785561,0.00045970615,869.434903802544,0.00047648515,0.008427684,-0.0052068597
2378.747343648503,7930.6436,5.2140145,0.0006804275,165785,1436.0773301399736,869.4341706812204,7184.196,4.6218796,1162.5438,1.4057441,7930.6436,5.2140145,0,,,,,1436.0773301399736,0.0004596993,869.4341706812204,0.00047717773,0.008516982,-0.0050666877
2378.7542879936263,7920.032,5.2117467,0.0006803313,165786,1436.076713404077,869.4309025399367,7177.1,4.619869,1163.4033,1.4064978,7920.032,5.2117467,0,,,,,1436.076713404077,0.00046019105,869.4309025399367,0.00047645945,0.0076961154,-0.0077102655
2378.761232338692,7925.801,5.214614,0.0006802351,165787,1436.0764749157543,869.4352365173547,7180.691,4.6224113,1165.5111,1.4082781,7925.801,5.214614,0,,,,,1436.0764749157543,0.0004603188,869.4352365173547,0.00047715608,0.006964154,-0.0037240912
2378.7681766836995,7936.716,5.2152724,0.0006801388,165788,1436.0769895197855,869.4325489596963,7191.2036,4.6229944,1163.1888,1.4072285,7936.716,5.2152724,0,,,,,1436.0769895197855,0.00045930172,869.4325489596963,0.0004762828,0.0078877285,-0.006886495
2378.7751210287647,7927.3037,5.213147,0.0006800426,165789,1436.0768130974022,869.4341093152967,7182.1914,4.621111,1164.6172,1.4072334,7927.3037,5.213147,0,,,,,1436.0768130974022,0.0004598455,869.4341093152967,0.00047654854,0.007869522,-0.0052479804
2378.7820653737135,7928.458,5.2141795,0.0006799463,165790,1436.0775186862888,869.4343150933349,7183.078,4.622026,1166.5714,1.4070681,7928.458,5.2141795,0,,,,,1436.0775186862888,0.00045955073,869.4343150933349,0.00047684152,0.008038686,-0.006083452
2378.789009718721,7910.8267,5.2097354,0.00067985,165791,1436.0774573947197,869.4323949551149,7167.749,4.6180863,1166.6669,1.4066182,7910.8267,5.2097354,0,,,,,1436.0774573947197,0.000460318,869.4323949551149,0.0004771431,0.008285761,-0.0068147937
2378.7959540636703,7938.161,5.215749,0.00067975366,165792,1436.0764716655426,869.4353972454415,7191.9,4.6234174,1164.3513,1.4068499,7938.161,5.215749,0,,,,,1436.0764716655426,0.00045941444,869.4353972454415,0.00047624102,0.008367843,-0.0042871623
2378.8028984085613,7931.8755,5.2159643,0.00067965727,165793,1436.0767319397332,869.433725818107,7186.2065,4.6236076,1165.4825,1.4098376,7931.8755,5.2159643,0,,,,,1436.0767319397332,0.0004598162,869.433725818107,0.00047662205,0.007277461,-0.0051203854
2378.8098427534514,7925.7964,5.2158327,0.0006795609,165794,1436.07688242601,869.4337308865337,7179.5396,4.6234913,1168.8151,1.4128164,7925.7964,5.2158327,0,,,,,1436.07688242601,0.00045996174,869.4337308865337,0.0004770594,0.008249805,-0.006017313
2378.8167870983416,7926.7217,5.2176323,0.0006794645,165795,1436.0772400942458,869.4331684088664,7180.684,4.6250863,1166.9612,1.4093366,7926.7217,5.2176323,0,,,,,1436.0772400942458,0.00046032545,869.4331684088664,0.00047769625,0.009037343,-0.006483563
2378.8237314431744,7919.3076,5.2131586,0.00067936804,165796,1436.0764405612238,869.4347333791002,7174.993,4.6211205,1170.0712,1.4085871,7919.3076,5.2131586,0,,,,,1436.0764405612238,0.00046060854,869.4347333791002,0.00047715398,0.00654632,-0.0045538116
2378.8306757879486,7931.385,5.2161,0.0006792715,165797,1436.077334301704,869.4328942630798,7186.0615,4.6237288,1166.8859,1.4095783,7931.385,5.2161,0,,,,,1436.077334301704,0.00046026398,869.4328942630798,0.0004766505,0.008720925,-0.005787222
2378.8376201327815,7932.95,5.2168846,0.0006791751,165798,1436.0765216217342,869.4329110969447,7188.3394,4.6244235,1169.1204,1.409277,7932.95,5.2168846,0,,,,,1436.0765216217342,0.00045976625,869.4329110969447,0.00047637918,0.007630784,-0.005972974
2378.844564477498,7916.0005,5.2122054,0.0006790785,165799,1436.077060039409,869.4336207122607,7172.106,4.620276,1170.3457,1.4079496,7916.0005,5.2122054,0,,,,,1436.077060039409,0.00046030353,869.4336207122607,0.00047714362,0.008825232,-0.0056265723
2378.8515088222716,7925.627,5.21501,0.000678982,165800,1436.0769825882442,869.4337984425827,7180.7295,4.622762,1169.3121,1.4099425,7925.627,5.21501,0,,,,,1436.0769825882442,0.00046026925,869.4337984425827,0.0004770523,0.007874449,-0.005647563
2378.8584531669876,7928.891,5.2150664,0.00067888544,165801,1436.0770130384046,869.4342257856513,7182.2705,4.622812,1168.813,1.4086069,7928.891,5.2150664,0,,,,,1436.0770130384046,0.00046039376,869.4342257856513,0.0004767748,0.0076609454,-0.0054570436
2378.865397511646,7925.5312,5.214763,0.0006787888,165802,1436.0763459751297,869.4334325029429,7180.0283,4.6225433,1170.1364,1.409823,7925.5312,5.214763,0,,,,,1436.0763459751297,0.00045993613,869.4334325029429,0.000476983,0.008133663,-0.0058864234
2378.872341856304,7922.8184,5.2159557,0.0006786922,165803,1436.0772597001203,869.4320435957261,7178.4097,4.6236,1172.2932,1.4097141,7922.8184,5.2159557,0,,,,,1436.0772597001203,0.0004603728,869.4320435957261,0.00047716268,0.007673308,-0.0074198665
2378.879286200962,7926.2754,5.216348,0.00067859556,165804,1436.077248385742,869.434811324486,7182.1816,4.623948,1172.8195,1.4104707,7926.2754,5.216348,0,,,,,1436.077248385742,0.0004601055,869.434811324486,0.00047658806,0.008012362,-0.0037885043
2378.886230545561,7925.685,5.215291,0.0006784989,165805,1436.0766626533616,869.4342513646476,7180.9766,4.623011,1170.2202,1.409538,7925.685,5.215291,0,,,,,1436.0766626533616,0.00045972926,869.4342513646476,0.0004768716,0.008041558,-0.0043709693
2378.8931748901605,7926.8193,5.2172666,0.0006784022,165806,1436.0763882745457,869.4321630817232,7181.679,4.624762,1174.0352,1.4102108,7926.8193,5.2172666,0,,,,,1436.0763882745457,0.0004602541,869.4321630817232,0.00047759854,0.0076389858,-0.0070625166
2378.9001192347023,7924.306,5.218213,0.00067830546,165807,1436.077539417104,869.4336785009818,7178.1846,4.6256013,1172.9879,1.4125056,7924.306,5.218213,0,,,,,1436.077539417104,0.00046070016,869.4336785009818,0.00047784764,0.008774169,-0.0054755765
2378.9070635792436,7937.144,5.2179365,0.0006782087,165808,1436.0769810246168,869.4315749254838,7190.057,4.625356,1170.6127,1.4092598,7937.144,5.2179365,0,,,,,1436.0769810246168,0.00045987606,869.4315749254838,0.00047687851,0.008099207,-0.006688098
2378.914007923727,7922.881,5.217169,0.0006781119,165809,1436.0769331146369,869.4342153128189,7177.5083,4.6246758,1175.0276,1.4107949,7922.881,5.217169,0,,,,,1436.0769331146369,0.00046053636,869.4342153128189,0.0004776988,0.008256847,-0.0055084955
2378.9209522682104,7923.195,5.218226,0.0006780151,165810,1436.0758470777112,869.434918573577,7177.1895,4.6256127,1173.6068,1.4111218,7923.195,5.218226,0,,,,,1436.0758470777112,0.00046083695,869.434918573577,0.00047782,0.006403332,-0.0051076068
2378.927896612636,7930.096,5.2173448,0.00067791826,165811,1436.0763281672994,869.4324935051469,7183.8584,4.6248317,1172.0094,1.4104822,7930.096,5.2173448,0,,,,,1436.0763281672994,0.000460054,869.4324935051469,0.00047720005,0.0076475805,-0.0071111415
2378.9348409570607,7917.285,5.215356,0.0006778214,165812,1436.0768743713106,869.4334058607226,7173.285,4.623069,1174.3871,1.4120824,7917.285,5.215356,0,,,,,1436.0768743713106,0.00046054157,869.4334058607226,0.00047749843,0.00801892,-0.005728006
2378.941785301486,7929.83,5.21861,0.00067772454,165813,1436.0765123620508,869.4334164558236,7183.8564,4.6259527,1172.8511,1.4100084,7929.83,5.21861,0,,,,,1436.0765123620508,0.00046025848,869.4334164558236,0.00047750745,0.007464276,-0.006063703
2378.9487296458533,7929.946,5.216169,0.0006776276,165814,1436.0775916093357,869.4332059527125,7182.4224,4.6237893,1172.7096,1.4093902,7929.946,5.216169,0,,,,,1436.0775916093357,0.00046004856,869.4332059527125,0.00047776298,0.008671834,-0.0059469473
2378.95567399022,7925.638,5.2163935,0.0006775307,165815,1436.0761733541044,869.4323490111454,7180.1406,4.623988,1174.7732,1.4105122,7925.638,5.2163935,0,,,,,1436.0761733541044,0.00046009594,869.4323490111454,0.00047718757,0.0076207626,-0.007005873
2378.962618334528,7928.423,5.216629,0.00067743374,165816,1436.0776046292979,869.4327603890639,7182.477,4.624197,1173.3392,1.4099215,7928.423,5.216629,0,,,,,1436.0776046292979,0.00046016744,869.4327603890639,0.00047710107,0.008261466,-0.00736466
2378.969562678836,7922.447,5.214659,0.00067733676,165817,1436.0756901926313,869.4347021675079,7177.866,4.6224513,1171.859,1.4090189,7922.447,5.214659,0,,,,,1436.0756901926313,0.00046043965,869.4347021675079,0.00047697625,0.0063681006,-0.005150463
2378.976507023087,7927.355,5.217943,0.00067723973,165818,1436.0771554084195,869.43389149848,7182.997,4.6253624,1173.6058,1.410388,7927.355,5.217943,0,,,,,1436.0771554084195,0.00046039466,869.43389149848,0.0004771936,0.008118292,-0.005307893
2378.983451367337,7931.3745,5.216501,0.0006771427,165819,1436.0769618539582,869.4320992903827,7184.3564,4.6240835,1170.5331,1.4104524,7931.3745,5.216501,0,,,,,1436.0769618539582,0.0004601123,869.4320992903827,0.000477387,0.0074823555,-0.0062226295
2378.9903957115876,7918.904,5.2157326,0.00067704567,165820,1436.0768052583342,869.4354709930577,7170.2974,4.623402,1171.9741,1.4119819,7918.904,5.2157326,0,,,,,1436.0768052583342,0.0004609453,869.4354709930577,0.000478685,0.007687619,-0.0041523566
2378.99734005578,7931.2085,5.21636,0.0006769486,165821,1436.0782764457658,869.4319900556511,7184.086,4.6239586,1171.4005,1.409702,7931.2085,5.21636,0,,,,,1436.0782764457658,0.00046016765,869.4319900556511,0.00047700416,0.009010047,-0.007714963
2379.0042843999727,7934.032,5.2161202,0.0006768515,165822,1436.0763608378552,869.4339712338589,7186.9727,4.6237464,1170.163,1.4087327,7934.032,5.2161202,0,,,,,1436.0763608378552,0.0004596546,869.4339712338589,0.0004767719,0.0073723807,-0.005070505
2379.0112287441066,7926.157,5.2158475,0.00067675434,165823,1436.076732060656,869.4335707209179,7180.402,4.6235046,1172.9801,1.4097434,7926.157,5.2158475,0,,,,,1436.076732060656,0.00046000548,869.4335707209179,0.00047746574,0.008279003,-0.0059807925
2379.0181730882405,7939.245,5.219436,0.0006766572,165824,1436.0762613236473,869.4342969544743,7191.359,4.6266856,1171.9352,1.4095815,7939.245,5.219436,0,,,,,1436.0762613236473,0.00045981855,869.4342969544743,0.00047723332,0.0073960572,-0.0050385157
2379.0251174323166,7923.981,5.2158127,0.00067656,165825,1436.077951189353,869.4324216452286,7178.119,4.6234736,1172.1368,1.4116936,7923.981,5.2158127,0,,,,,1436.077951189353,0.0004605317,869.4324216452286,0.00047728914,0.008860272,-0.007195554
2379.0320617763928,7923.7344,5.2139683,0.0006764628,165826,1436.0759124994593,869.4346700857996,7172.8516,4.6218386,1171.354,1.4098053,7923.7344,5.2139683,0,,,,,1436.0759124994593,0.00046054187,869.4346700857996,0.00047872026,0.0071650203,-0.0042868336
2379.039006120469,7923.44,5.213667,0.00067636557,165827,1436.0771239850947,869.4343703603118,7175.7466,4.621571,1171.7817,1.4097016,7923.44,5.213667,0,,,,,1436.0771239850947,0.00046038724,869.4343703603118,0.0004776925,0.0077973246,-0.0038953936
2379.045950464486,7931.887,5.21713,0.0006762683,165828,1436.0759139629754,869.4340480855466,7185.7246,4.624641,1171.6371,1.4103961,7931.887,5.21713,0,,,,,1436.0759139629754,0.00045947687,869.4340480855466,0.00047706207,0.0072562443,-0.005696252
2379.0528948084448,7925.8755,5.2170286,0.000676171,165829,1436.0767883451456,869.4333305395381,7179.621,4.624552,1172.7756,1.4099895,7925.8755,5.2170286,0,,,,,1436.0767883451456,0.00046029137,869.4333305395381,0.0004776824,0.007836695,-0.005788617
2379.0598391524627,7921.9316,5.2140203,0.0006760737,165830,1436.076706131702,869.4324368755142,7175.6553,4.621885,1170.0635,1.4096875,7921.9316,5.2140203,0,,,,,1436.076706131702,0.0004602707,869.4324368755142,0.00047779913,0.008457052,-0.0065456945
2379.0667834963638,7930.196,5.218187,0.00067597633,165831,1436.0769609176657,869.4344714291454,7182.041,4.625578,1173.9017,1.4131476,7930.196,5.218187,0,,,,,1436.0769609176657,0.0004600741,869.4344714291454,0.00047783004,0.007849309,-0.0053025014
2379.073727840323,7927.7134,5.213729,0.000675879,165832,1436.0756363353478,869.4328889777696,7173.1636,4.6216264,1173.3275,1.4096253,7927.7134,5.213729,0,,,,,1436.0756363353478,0.00046036227,869.4328889777696,0.0004799489,0.0074757426,-0.0049616275
2379.0806721842246,7924.242,5.2143993,0.00067578163,165833,1436.0769481546758,869.4355817722376,7177.1187,4.6222205,1172.6582,1.4093589,7924.242,5.2143993,0,,,,,1436.0769481546758,0.0004601896,869.4355817722376,0.00047776697,0.008264723,-0.0037606042
2379.087616528068,7921.12,5.215163,0.0006756842,165834,1436.0767753723708,869.4333635550835,7175.963,4.6228976,1175.147,1.4103965,7921.12,5.215163,0,,,,,1436.0767753723708,0.0004601499,869.4333635550835,0.0004773972,0.00798533,-0.006156474
2379.094560871911,7923.6367,5.217918,0.00067558675,165835,1436.0775815021684,869.434841866448,7177.637,4.6253395,1179.307,1.4117754,7923.6367,5.217918,0,,,,,1436.0775815021684,0.00046052056,869.434841866448,0.0004775707,0.008430765,-0.0049039293
2379.1015052157545,7918.959,5.216952,0.0006754893,165836,1436.0767114326507,869.432654820879,7174.1313,4.624483,1175.4005,1.4111702,7918.959,5.216952,0,,,,,1436.0767114326507,0.00046033066,869.432654820879,0.00047808833,0.0076761055,-0.0064942385
2379.108449559539,7931.8936,5.2184696,0.0006753918,165837,1436.07666666,869.4332246096487,7183.967,4.6258283,1176.3337,1.4120007,7931.8936,5.2184696,0,,,,,1436.07666666,0.00046042367,869.4332246096487,0.0004775421,0.0085267825,-0.0061616506
2379.1153939033234,7918.6416,5.2162156,0.0006752943,165838,1436.0753969588784,869.4347034712556,7167.712,4.623831,1178.5184,1.4132397,7918.6416,5.2162156,0,,,,,1436.0753969588784,0.00046085127,869.4347034712556,0.0004794102,0.0071157273,-0.0039509796
2379.1223382470494,7921.788,5.2142067,0.00067519676,165839,1436.0766912419585,869.4314164736559,7170.2324,4.6220503,1175.8663,1.4111497,7921.788,5.2142067,0,,,,,1436.0766912419585,0.00046077935,869.4314164736559,0.0004788239,0.008286067,-0.007989808
2379.1292825907753,7930.8193,5.2186565,0.0006750992,165840,1436.0766589676077,869.4347506303648,7179.953,4.625994,1179.334,1.4128383,7930.8193,5.2186565,0,,,,,1436.0766589676077,0.00046059987,869.4347506303648,0.00047860766,0.0072098174,-0.0034409114
2379.136226934502,7941.391,5.221315,0.00067500165,165841,1436.077581223105,869.43253307104,7193.3994,4.6283507,1177.6677,1.412216,7941.391,5.221315,0,,,,,1436.077581223105,0.00045987885,869.43253307104,0.00047707336,0.009964458,-0.0065126466
2379.1431712781705,7921.9795,5.218438,0.00067490403,165842,1436.077175637716,869.4327653708228,7176.8906,4.6258006,1180.7544,1.4133922,7921.9795,5.218438,0,,,,,1436.077175637716,0.00046055848,869.4327653708228,0.0004776178,0.0075303623,-0.0064194305
2379.150115621839,7929.313,5.221644,0.0006748064,165843,1436.0771603358908,869.4328143286623,7181.619,4.6286426,1183.6669,1.4182992,7929.313,5.221644,0,,,,,1436.0771603358908,0.00046044632,869.4328143286623,0.0004780877,0.0071815117,-0.0064161723
2379.1570599654497,7930.06,5.219237,0.00067470875,165844,1436.076826482581,869.4332226517233,7181.0923,4.626509,1180.5204,1.4132624,7930.06,5.219237,0,,,,,1436.076826482581,0.0004605234,869.4332226517233,0.00047822078,0.008142264,-0.005453249
2379.16400430906,7926.833,5.2214828,0.0006746111,165845,1436.0766368089576,869.4323140624308,7179.784,4.6284995,1182.8992,1.4143443,7926.833,5.2214828,0,,,,,1436.0766368089576,0.00046056422,869.4323140624308,0.00047858607,0.0077190683,-0.0071977726
2379.170948652612,7931.545,5.219475,0.00067451334,165846,1436.0767362879897,869.434066971165,7181.4585,4.6267195,1181.8949,1.4130871,7931.545,5.219475,0,,,,,1436.0767362879897,0.0004608089,869.434066971165,0.0004782086,0.008437634,-0.004836001
2379.177892996164,7930.3047,5.2206664,0.0006744156,165847,1436.077423472863,869.4322366886038,7183.6533,4.627776,1182.4456,1.4139627,7930.3047,5.2206664,0,,,,,1436.077423472863,0.0004608052,869.4322366886038,0.0004778983,0.007917535,-0.0067778
2379.184837339716,7924.3066,5.2194076,0.0006743179,165848,1436.0780379110329,869.4332676454914,7175.962,4.62666,1182.4131,1.4146428,7924.3066,5.2194076,0,,,,,1436.0780379110329,0.00046065892,869.4332676454914,0.00047845527,0.008980302,-0.005556795
2379.19178168321,7927.114,5.2192326,0.0006742201,165849,1436.0762444208744,869.4341964697934,7179.0127,4.626505,1181.4121,1.4139941,7927.114,5.2192326,0,,,,,1436.0762444208744,0.0004608006,869.4341964697934,0.00047805847,0.007028951,-0.0045289737
2379.1987260267033,7942.133,5.223666,0.0006741223,165850,1436.0779176998315,869.4313701816264,7192.4844,4.630435,1182.3984,1.4148908,7942.133,5.223666,0,,,,,1436.0779176998315,0.0004602978,869.4313701816264,0.0004775795,0.0085371975,-0.007809993
2379.2056703701383,7931.8394,5.2195826,0.00067402446,165851,1436.0762328065182,869.4360748326538,7181.9077,4.6268153,1181.1628,1.4131329,7931.8394,5.2195826,0,,,,,1436.0762328065182,0.00046026008,869.4360748326538,0.00047892894,0.007923618,-0.002525424
2379.212614713574,7933.3716,5.2208023,0.0006739266,165852,1436.0767835573185,869.4318959217455,7183.888,4.627897,1181.2621,1.413931,7933.3716,5.2208023,0,,,,,1436.0767835573185,0.00046073986,869.4318959217455,0.00047848493,0.007499417,-0.0069407676
2379.21955905701,7928.5693,5.2191057,0.00067382876,165853,1436.07743980018,869.4329978372534,7178.247,4.626393,1182.6014,1.4138703,7928.5693,5.2191057,0,,,,,1436.07743980018,0.00046062784,869.4329978372534,0.0004786617,0.008970649,-0.0053851875
2379.226503400387,7918.9736,5.216417,0.00067373086,165854,1436.0775959653897,869.4318091212194,7172.136,4.624009,1179.6278,1.4127892,7918.9736,5.216417,0,,,,,1436.0775959653897,0.00046130802,869.4318091212194,0.0004781689,0.0078399675,-0.0068847183
2379.2334477437057,7927.2866,5.2193494,0.0006736329,165855,1436.0767389986286,869.4331485507988,7179.024,4.626609,1180.4045,1.4124734,7927.2866,5.2193494,0,,,,,1436.0767389986286,0.00046050551,869.4331485507988,0.00047836252,0.0074704755,-0.006379869
2379.2403920870834,7918.028,5.217978,0.000673535,165856,1436.0767127584766,869.4337587318621,7169.689,4.625393,1179.535,1.4132203,7918.028,5.217978,0,,,,,1436.0767127584766,0.00046105837,869.4337587318621,0.00047920903,0.0083504645,-0.0049871965
2379.2473364303446,7922.122,5.2163587,0.00067343697,165857,1436.0774723972422,869.4302383425148,7169.3135,4.6239576,1179.6809,1.4133962,7922.122,5.2163587,0,,,,,1436.0774723972422,0.00046076527,869.4302383425148,0.00047957682,0.008199744,-0.007553339
2379.2542807736636,7935.1924,5.218082,0.000673339,165858,1436.0774398990864,869.4326969638381,7182.8804,4.625485,1175.8792,1.4117161,7935.1924,5.218082,0,,,,,1436.0774398990864,0.00046026031,869.4326969638381,0.00047869264,0.008686194,-0.0064714984
2379.261225116925,7928.761,5.21624,0.000673241,165859,1436.0763417196817,869.4343452466912,7179.338,4.6238523,1175.3489,1.4105791,7928.761,5.21624,0,,,,,1436.0763417196817,0.00046025935,869.4343452466912,0.000477871,0.008463745,-0.0043359306
2379.268169460128,7921.3735,5.215364,0.0006731429,165860,1436.07546368707,869.4330551314341,7174.888,4.623076,1172.7417,1.410121,7921.3735,5.215364,0,,,,,1436.07546368707,0.00046053695,869.4330551314341,0.00047829107,0.00682919,-0.0063617053
2379.27511380333,7931.259,5.218623,0.0006730448,165861,1436.0773718736234,869.4324275597526,7182.8003,4.6259646,1172.546,1.410974,7931.259,5.218623,0,,,,,1436.0773718736234,0.00046062717,869.4324275597526,0.00047791726,0.007986642,-0.0066547776
2379.282058146532,7920.5396,5.213934,0.00067294674,165862,1436.0762503043452,869.4338622943587,7173.171,4.621808,1172.2078,1.411011,7920.5396,5.213934,0,,,,,1436.0762503043452,0.00046054262,869.4338622943587,0.00047774255,0.007336342,-0.0059829773
2379.2890024896765,7918.901,5.2120724,0.0006728486,165863,1436.0768821059398,869.4347451692894,7168.0,4.6201577,1170.4574,1.4100732,7918.901,5.2120724,0,,,,,1436.0768821059398,0.0004607538,869.4347451692894,0.00047890205,0.008012558,-0.0040761735
2379.2959468328213,7926.8276,5.212268,0.00067275047,165864,1436.077430778427,869.4317938531443,7175.6914,4.620331,1167.041,1.406914,7926.8276,5.212268,0,,,,,1436.077430778427,0.00046008162,869.4317938531443,0.00047847832,0.008656922,-0.006491258
2379.302891175966,7921.03,5.2100415,0.0006726523,165865,1436.0762806056268,869.4347382337494,7171.0605,4.6183577,1166.5801,1.406432,7921.03,5.2100415,0,,,,,1436.0762806056268,0.0004604124,869.4347382337494,0.00047775256,0.0077848076,-0.004703348
2379.3098355190523,7927.0093,5.212192,0.00067255413,165866,1436.0762148076092,869.4334397460882,7178.4077,4.620264,1162.8433,1.4058858,7927.0093,5.212192,0,,,,,1436.0762148076092,0.0004599425,869.4334397460882,0.00047757433,0.0074963286,-0.004860479
2379.316779862139,7924.3125,5.2140293,0.00067245594,165867,1436.076842821156,869.4323185943188,7175.9644,4.621893,1163.1965,1.4075716,7924.3125,5.2140293,0,,,,,1436.076842821156,0.00046064728,869.4323185943188,0.00047760791,0.008301936,-0.006716783
2379.3237242051673,7922.187,5.2095304,0.0006723577,165868,1436.0757566748732,869.43531672293,7172.515,4.6179047,1162.4358,1.4059625,7922.187,5.2095304,0,,,,,1436.0757566748732,0.00046004265,869.43531672293,0.00047790835,0.0065340754,-0.0035261803
2379.3306685481953,7924.1074,5.2093816,0.0006722594,165869,1436.0768381798844,869.4325209003936,7173.684,4.6177726,1161.9603,1.404963,7924.1074,5.2093816,0,,,,,1436.0768381798844,0.00046024483,869.4325209003936,0.00047805405,0.0076509886,-0.005634892
2379.337612891165,7924.388,5.2070236,0.0006721611,165870,1436.077527286175,869.4310046423911,7172.564,4.6156826,1157.6105,1.4027042,7924.388,5.2070236,0,,,,,1436.077527286175,0.00045967626,869.4310046423911,0.00047825635,0.0093814405,-0.007622577
2379.344557234135,7933.3833,5.2104635,0.0006720628,165871,1436.0746277806766,869.434670264687,7182.69,4.6187315,1159.5509,1.4036586,7933.3833,5.2104635,0,,,,,1436.0746277806766,0.00045914296,869.434670264687,0.00047738466,0.0062206853,-0.0044393665
2379.3515015771045,7922.3145,5.2091274,0.0006719645,165872,1436.0777347092833,869.4321114541472,7172.4326,4.6175475,1155.4788,1.4027998,7922.3145,5.2091274,0,,,,,1436.0777347092833,0.00045982833,869.4321114541472,0.00047789238,0.008839676,-0.0063767475
2379.3584459200156,7930.1333,5.2097125,0.0006718661,165873,1436.0758338055243,869.4340782886213,7179.999,4.618066,1154.2833,1.4028237,7930.1333,5.2097125,0,,,,,1436.0758338055243,0.00045934517,869.4340782886213,0.0004775543,0.0070858616,-0.004807178
2379.365390262927,7935.0884,5.208283,0.00067176775,165874,1436.0765704280786,869.4308293289575,7182.768,4.616799,1152.8514,1.4019696,7935.0884,5.208283,0,,,,,1436.0765704280786,0.00045947873,869.4308293289575,0.00047770413,0.0074953614,-0.0086822
2379.3723346057805,7924.269,5.203387,0.0006716693,165875,1436.0758161386657,869.4333411278836,7172.388,4.6124587,1150.6152,1.3995179,7924.269,5.203387,0,,,,,1436.0758161386657,0.00045941497,869.4333411278836,0.00047769214,0.0072953585,-0.005500593
2379.3792789486342,7920.3516,5.203663,0.0006715709,165876,1436.0775173003938,869.4334907100291,7165.8965,4.6127033,1151.7847,1.4017634,7920.3516,5.203663,0,,,,,1436.0775173003938,0.00046022673,869.4334907100291,0.00047902332,0.008671507,-0.0040569026
2379.386223291488,7926.066,5.2036567,0.00067147246,165877,1436.0762161704265,869.4316233413049,7171.597,4.612698,1148.8363,1.4002719,7926.066,5.2036567,0,,,,,1436.0762161704265,0.00045937693,869.4316233413049,0.0004783239,0.00779305,-0.0068907016
2379.3931676342836,7923.7046,5.2048845,0.000671374,165878,1436.0760334232486,869.4356750428288,7174.5103,4.613786,1150.682,1.4005386,7923.7046,5.2048845,0,,,,,1436.0760334232486,0.0004597387,869.4356750428288,0.00047699473,0.007859576,-0.0032650423
2379.400111977079,7927.9604,5.2051606,0.0006712755,165879,1436.0765909796517,869.4333772292845,7178.331,4.6140313,1149.9352,1.3996618,7927.9604,5.2051606,0,,,,,1436.0765909796517,0.00045899916,869.4333772292845,0.00047699732,0.007316935,-0.0059463535
2379.407056319816,7921.706,5.2023444,0.00067117694,165880,1436.0768282934566,869.4322404771441,7168.2344,4.611535,1147.4236,1.4007837,7921.706,5.2023444,0,,,,,1436.0768282934566,0.00046007195,869.4322404771441,0.00047792803,0.009226768,-0.00630808
2379.414000662553,7932.9634,5.206056,0.0006710784,165881,1436.0759883219955,869.4339440177997,7181.11,4.614825,1148.083,1.4000256,7932.9634,5.206056,0,,,,,1436.0759883219955,0.00045934814,869.4339440177997,0.00047712185,0.006420371,-0.004195802
2379.420945005232,7930.4307,5.206693,0.0006709798,165882,1436.076359367455,869.4332632414008,7178.0615,4.61539,1148.8575,1.3994554,7930.4307,5.206693,0,,,,,1436.076359367455,0.00045928278,869.4332632414008,0.00047766938,0.007958895,-0.0057018604
2379.4278893479104,7935.5376,5.206866,0.0006708812,165883,1436.0756396873219,869.434643520104,7180.7515,4.615543,1152.6086,1.4001098,7935.5376,5.206866,0,,,,,1436.0756396873219,0.00045910533,869.434643520104,0.00047802692,0.0066264905,-0.0030876086
2379.4348336905887,7929.7515,5.2063427,0.0006707826,165884,1436.0773752341195,869.4313563615615,7176.001,4.615079,1151.9626,1.4010831,7929.7515,5.2063427,0,,,,,1436.0773752341195,0.00045948045,869.4313563615615,0.00047842533,0.008081383,-0.007961143
2379.4417780332096,7923.5703,5.206495,0.0006706839,165885,1436.0774850895111,869.4342077068326,7172.092,4.6152134,1152.2502,1.4020517,7923.5703,5.206495,0,,,,,1436.0774850895111,0.0004598831,869.4342077068326,0.00047796973,0.00775076,-0.0038490917
2379.4487223758306,7929.6304,5.207882,0.00067058526,165886,1436.0770529835722,869.4322739809991,7177.0205,4.616443,1154.777,1.4032185,7929.6304,5.207882,0,,,,,1436.0770529835722,0.0004598412,869.4322739809991,0.0004776532,0.007455555,-0.0056427154
2379.4556667184515,7917.533,5.205573,0.0006704866,165887,1436.075883789003,869.4334137349005,7167.609,4.6143966,1157.5549,1.4031271,7917.533,5.205573,0,,,,,1436.075883789003,0.00045984887,869.4334137349005,0.00047809273,0.0071476833,-0.005959054
2379.462611061014,7922.57,5.2091002,0.0006703879,165888,1436.0767616273768,869.4342379381969,7174.83,4.617523,1156.6772,1.4029624,7922.57,5.2091002,0,,,,,1436.0767616273768,0.00045972565,869.4342379381969,0.00047745017,0.007797576,-0.0048787417
2379.4695554035757,7932.214,5.2085333,0.00067028916,165889,1436.0758269253442,869.4329014788055,7173.9907,4.6170206,1159.6078,1.4033717,7932.214,5.2085333,0,,,,,1436.0758269253442,0.00045976925,869.4329014788055,0.00047958104,0.006953404,-0.004659779
2379.4764997460798,7918.4644,5.208745,0.0006701904,165890,1436.0773753694193,869.4337491328539,7162.9023,4.6172085,1166.0293,1.4067764,7918.4644,5.208745,0,,,,,1436.0773753694193,0.0004606854,869.4337491328539,0.00047986727,0.009245798,-0.0037288768
2379.4834440885843,7920.745,5.2103734,0.0006700916,165891,1436.0771999456017,869.4320466312705,7170.2935,4.618652,1165.3386,1.4065987,7920.745,5.2103734,0,,,,,1436.0771999456017,0.00046011465,869.4320466312705,0.00047857268,0.008998424,-0.006733449
2379.4903884310306,7928.4697,5.2139535,0.00066999276,165892,1436.0757462226843,869.433790375732,7176.3384,4.6218257,1169.8097,1.4085084,7928.4697,5.2139535,0,,,,,1436.0757462226843,0.00046023575,869.433790375732,0.00047908208,0.0070793214,-0.0052592997
2379.497332773477,7931.562,5.215113,0.0006698939,165893,1436.0781482365567,869.4314932911652,7179.2056,4.6228533,1171.7161,1.409812,7931.562,5.215113,0,,,,,1436.0781482365567,0.0004605398,869.4314932911652,0.0004785455,0.008352456,-0.006984817
2379.5042771159224,7924.7417,5.2143645,0.0006697951,165894,1436.0758562552194,869.4341561794532,7171.5967,4.62219,1176.1589,1.4107412,7924.7417,5.2143645,0,,,,,1436.0758562552194,0.00046033732,869.4341561794532,0.00047946442,0.0069237906,-0.003435055
2379.5112214583096,7930.1484,5.2174253,0.0006696962,165895,1436.0771586663159,869.4329950315918,7174.9243,4.624903,1181.4833,1.4128454,7930.1484,5.2174253,0,,,,,1436.0771586663159,0.00046074993,869.4329950315918,0.00047996815,0.008147707,-0.00521287
2379.5181658006977,7923.4863,5.218354,0.0006695973,165896,1436.0764607603048,869.4333671075809,7169.1206,4.6257267,1183.177,1.4144763,7923.4863,5.218354,0,,,,,1436.0764607603048,0.0004613357,869.4333671075809,0.0004803682,0.008500032,-0.0052862735
2379.525110143027,7912.955,5.2202034,0.00066949835,165897,1436.0751903356438,869.4322470636004,7159.916,4.6273656,1188.4974,1.4207522,7912.955,5.2202034,0,,,,,1436.0751903356438,0.00046158722,869.4322470636004,0.00048091434,0.0063749,-0.005425839
2379.532054485415,7924.716,5.2204843,0.00066939945,165898,1436.0773092061754,869.4318816393524,7171.762,4.6276145,1189.2401,1.4167298,7924.716,5.2204843,0,,,,,1436.0773092061754,0.00046121885,869.4318816393524,0.00048021364,0.008395979,-0.006812746
2379.5389988276866,7922.374,5.2237473,0.00066930044,165899,1436.0761707801391,869.43325003797,7170.44,4.630507,1194.6123,1.4217615,7922.374,5.2237473,0,,,,,1436.0761707801391,0.00046152467,869.43325003797,0.0004803255,0.0078004706,-0.005444524
2379.5459431699583,7924.029,5.2235575,0.0006692014,165900,1436.0780682083662,869.4356620766564,7173.676,4.630339,1196.2137,1.4197944,7924.029,5.2235575,0,,,,,1436.0780682083662,0.0004614952,869.4356620766564,0.00047956724,0.008565907,-0.002638381
2379.55288751223,7929.4756,5.2255926,0.0006691024,165901,1436.0759624938935,869.4318829902576,7176.9307,4.632143,1198.4655,1.4208491,7929.4756,5.2255926,0,,,,,1436.0759624938935,0.00046137616,869.4318829902576,0.000480334,0.008051613,-0.007024896
2379.5598318545017,7922.6553,5.22735,0.0006690034,165902,1436.0765933457478,869.4323438895372,7169.52,4.633701,1206.5437,1.4246033,7922.6553,5.22735,0,,,,,1436.0765933457478,0.00046211248,869.4323438895372,0.0004812652,0.008300426,-0.0060039964
2379.5667761967147,7919.8257,5.228499,0.00066890434,165903,1436.0770231870822,869.4325977746786,7166.306,4.634719,1211.2013,1.4265924,7919.8257,5.228499,0,,,,,1436.0770231870822,0.00046228786,869.4325977746786,0.00048167846,0.0076386696,-0.006744018
2379.573720538869,7928.3823,5.2323174,0.0006688052,165904,1436.0750265877346,869.4352898376752,7177.971,4.6381035,1211.6555,1.4270464,7928.3823,5.2323174,0,,,,,1436.0750265877346,0.00046198574,869.4352898376752,0.00048070718,0.007320497,-0.0029210374
2379.5806648810817,7930.726,5.2329288,0.00066870614,165905,1436.0764911422261,869.4318846713761,7174.6665,4.6386456,1217.1295,1.4289742,7930.726,5.2329288,0,,,,,1436.0764911422261,0.0004622912,869.4318846713761,0.00048171516,0.008030568,-0.0074652415
2379.587609223236,7926.6885,5.2336507,0.000668607,165906,1436.0757811913052,869.4329343143772,7174.57,4.639286,1217.5735,1.4285215,7926.6885,5.2336507,0,,,,,1436.0757811913052,0.00046225628,869.4329343143772,0.00048129138,0.0069343415,-0.005311394
2379.5945535653327,7919.5186,5.2337685,0.0006685078,165907,1436.077477981481,869.4330919240998,7165.7754,4.63939,1223.4586,1.4334921,7919.5186,5.2337685,0,,,,,1436.077477981481,0.000463309,869.4330919240998,0.00048177864,0.007865951,-0.006181106
2379.60149790743,7929.315,5.2385015,0.00066840864,165908,1436.0767204628737,869.433900809348,7174.81,4.6435857,1222.1143,1.4344738,7929.315,5.2385015,0,,,,,1436.0767204628737,0.00046307873,869.433900809348,0.0004822368,0.0077153672,-0.0035200284
2379.608442249527,7925.0137,5.236715,0.00066830945,165909,1436.0759897989542,869.4340073523508,7170.1357,4.6420016,1226.7241,1.434604,7925.0137,5.236715,0,,,,,1436.0759897989542,0.00046311162,869.4340073523508,0.00048248685,0.007371552,-0.0042191437
2379.6153865915658,7920.878,5.2395267,0.0006682102,165910,1436.0777521044247,869.4330049893263,7170.3164,4.6444945,1230.1487,1.436826,7920.878,5.2395267,0,,,,,1436.0777521044247,0.00046343653,869.4330049893263,0.00048182788,0.00813163,-0.0065725893
2379.6223309336046,7925.3823,5.241653,0.00066811097,165911,1436.0757859320843,869.4347118868264,7176.309,4.6463795,1231.2709,1.4361938,7925.3823,5.241653,0,,,,,1436.0757859320843,0.0004631624,869.4347118868264,0.0004814032,0.0076999273,-0.004112465
2379.629275275585,7928.008,5.239897,0.00066801166,165912,1436.0763667184365,869.4349859348922,7176.1196,4.6448226,1233.7134,1.4357033,7928.008,5.239897,0,,,,,1436.0763667184365,0.00046278135,869.4349859348922,0.0004818677,0.0076637124,-0.0037377703
2379.6362196176233,7928.6953,5.241731,0.0006679124,165913,1436.075025170598,869.4359200829368,7175.0757,4.646448,1234.254,1.4374197,7928.6953,5.241731,0,,,,,1436.075025170598,0.00046307687,869.4359200829368,0.0004828211,0.005607639,-0.0021398934
2379.6431639595457,7931.793,5.240403,0.00066781306,165914,1436.0765012314969,869.4350556113815,7177.765,4.6452713,1233.9774,1.4363872,7931.793,5.240403,0,,,,,1436.0765012314969,0.00046311636,869.4350556113815,0.00048262128,0.008131233,-0.0033812076
2379.6501083015264,7924.6245,5.2428136,0.00066771376,165915,1436.076912884877,869.4320648336907,7175.052,4.647408,1238.4115,1.4381427,7924.6245,5.2428136,0,,,,,1436.076912884877,0.0004635817,869.4320648336907,0.000481619,0.008731979,-0.007632512
2379.6570526433898,7923.2837,5.241728,0.00066761434,165916,1436.076595152071,869.433609546203,7171.0674,4.6464458,1239.9467,1.4391023,7923.2837,5.241728,0,,,,,1436.076595152071,0.00046360996,869.433609546203,0.00048212477,0.008133633,-0.0046784934
2379.6639969853113,7922.8774,5.242338,0.000667515,165917,1436.0752591563496,869.434977292958,7171.1777,4.6469865,1241.6932,1.438952,7922.8774,5.242338,0,,,,,1436.0752591563496,0.000463598,869.434977292958,0.0004826879,0.00639816,-0.0040751006
2379.6709413271756,7931.5273,5.2446795,0.00066741556,165918,1436.076300811467,869.4332757717298,7179.624,4.649062,1242.8944,1.4398028,7931.5273,5.2446795,0,,,,,1436.076300811467,0.00046333123,869.4332757717298,0.00048188152,0.00833381,-0.0059220796
2379.67788566904,7922.1147,5.243566,0.00066731614,165919,1436.0769484240896,869.4335096554003,7167.7017,4.648075,1242.6136,1.4428233,7922.1147,5.243566,0,,,,,1436.0769484240896,0.00046479484,869.4335096554003,0.00048275085,0.008084828,-0.0051106606
2379.6848300108454,7920.465,5.2432213,0.00066721666,165920,1436.0764901031996,869.4352665811538,7166.1353,4.6477695,1243.4924,1.4408462,7920.465,5.2432213,0,,,,,1436.0764901031996,0.00046393802,869.4352665811538,0.00048374216,0.0068754465,-0.0021406885
2379.6917743526506,7921.809,5.244935,0.0006671172,165921,1436.0767777962353,869.4309091541154,7169.268,4.649288,1246.8165,1.441821,7921.809,5.244935,0,,,,,1436.0767777962353,0.00046417257,869.4309091541154,0.00048299984,0.008201021,-0.007759288
2379.6987186944566,7919.9873,5.243533,0.0006670177,165922,1436.0770959328595,869.4354960618168,7168.4707,4.648046,1248.3033,1.4415234,7919.9873,5.243533,0,,,,,1436.0770959328595,0.00046395397,869.4354960618168,0.00048290816,0.008401173,-0.0031768694
2379.7056630362044,7922.543,5.2456355,0.0006669182,165923,1436.0772480989117,869.4316658744447,7173.206,4.6499095,1247.4226,1.4421606,7922.543,5.2456355,0,,,,,1436.0772480989117,0.00046399602,869.4316658744447,0.00048212727,0.009183076,-0.007555926
2379.712607377952,7924.1465,5.2463617,0.00066681864,165924,1436.0771693639258,869.433589421273,7172.26,4.650553,1245.7772,1.4422461,7924.1465,5.2463617,0,,,,,1436.0771693639258,0.00046428145,869.433589421273,0.00048242137,0.008121411,-0.0044324733
2379.7195517196415,7919.0244,5.245595,0.00066671905,165925,1436.0762533107222,869.4345739916772,7166.065,4.6498733,1248.642,1.4438218,7919.0244,5.245595,0,,,,,1436.0762533107222,0.00046482938,869.4345739916772,0.00048334067,0.0071031833,-0.0040490385
2379.726496061331,7927.516,5.24747,0.00066661945,165926,1436.0756931304718,869.4326977665085,7172.999,4.6515355,1247.6754,1.4428716,7927.516,5.24747,0,,,,,1436.0756931304718,0.0004646899,869.4326977665085,0.00048358663,0.007203202,-0.006895888
2379.7334404030203,7925.191,5.2476697,0.00066651986,165927,1436.0771560429982,869.432720804944,7173.0015,4.651713,1249.147,1.4447846,7925.191,5.2476697,0,,,,,1436.0771560429982,0.00046418814,869.432720804944,0.0004829763,0.008858433,-0.0058042346
2379.740384744651,7928.496,5.2470703,0.0006664202,165928,1436.0772723639484,869.4345192500963,7171.536,4.651181,1251.2559,1.4442258,7928.496,5.2470703,0,,,,,1436.0772723639484,0.000464057,869.4345192500963,0.00048372155,0.008711194,-0.0045126863
2379.7473290862818,7928.057,5.2479405,0.00066632056,165929,1436.0756679129595,869.4334236126331,7174.7065,4.6519527,1249.6172,1.4435263,7928.057,5.2479405,0,,,,,1436.0756679129595,0.0004642075,869.4334236126331,0.00048307228,0.0068741706,-0.0055242595
2379.754273427855,7917.777,5.245698,0.00066622085,165930,1436.076489497475,869.4310439650889,7169.2144,4.649965,1247.5056,1.443463,7917.777,5.245698,0,,,,,1436.076489497475,0.00046428814,869.4310439650889,0.0004825719,0.0080219805,-0.008000895
2379.7612177694277,7917.801,5.247163,0.00066612114,165931,1436.075395442332,869.4336977848361,7167.7427,4.651263,1253.4552,1.4445974,7917.801,5.247163,0,,,,,1436.075395442332,0.0004643107,869.4336977848361,0.0004829278,0.0072485306,-0.005446776
2379.7681621110005,7921.0796,5.247505,0.0006660214,165932,1436.0759351337506,869.4355825491086,7169.198,4.651567,1250.8838,1.4447656,7921.0796,5.247505,0,,,,,1436.0759351337506,0.00046427367,869.4355825491086,0.000483217,0.006722744,-0.0021658854
2379.7751064525155,7932.426,5.2484202,0.00066592166,165933,1436.0759706949411,869.4332766652618,7180.0596,4.652378,1251.8641,1.443252,7932.426,5.2484202,0,,,,,1436.0759706949411,0.0004637224,869.4332766652618,0.00048273744,0.0071432022,-0.005189906
2379.7820507940305,7929.326,5.2482843,0.0006658219,165934,1436.0765414967482,869.4345976396926,7171.9097,4.6522574,1252.9417,1.4440438,7929.326,5.2482843,0,,,,,1436.0765414967482,0.00046412242,869.4345976396926,0.00048377653,0.008592952,-0.0034716553
2379.788995135487,7924.742,5.2478566,0.00066572207,165935,1436.0767242054021,869.4328559041693,7168.9346,4.6518784,1251.2745,1.4448165,7924.742,5.2478566,0,,,,,1436.0767242054021,0.00046453183,869.4328559041693,0.00048435325,0.008255252,-0.0047635906
2379.7959394769427,7922.8833,5.246726,0.00066562224,165936,1436.076424839796,869.4315505270386,7169.868,4.650876,1250.8876,1.4436804,7922.8833,5.246726,0,,,,,1436.076424839796,0.00046445185,869.4315505270386,0.0004833641,0.0074019637,-0.008010974
2379.8028838183996,7927.063,5.24793,0.0006655224,165937,1436.0764277598414,869.4327641838989,7174.155,4.651943,1253.373,1.4445497,7927.063,5.24793,0,,,,,1436.0764277598414,0.00046440074,869.4327641838989,0.00048298578,0.0072478917,-0.0057428703
2379.809828159798,7916.2446,5.247057,0.0006654225,165938,1436.0767123956805,869.4348148708642,7165.2866,4.6511693,1254.9375,1.4456519,7916.2446,5.247057,0,,,,,1436.0767123956805,0.0004646787,869.4348148708642,0.00048317775,0.008342741,-0.0040336805
2379.816772501196,7928.9434,5.249286,0.00066532264,165939,1436.0761618452075,869.4332675344026,7173.4653,4.6531453,1254.6649,1.4464493,7928.9434,5.249286,0,,,,,1436.0761618452075,0.0004643936,869.4332675344026,0.0004835097,0.008275135,-0.0058292532
2379.8237168425935,7930.052,5.247083,0.00066522276,165940,1436.077570758126,869.4295095056134,7171.1885,4.651192,1253.3429,1.443767,7930.052,5.247083,0,,,,,1436.077570758126,0.00046425304,869.4295095056134,0.00048463608,0.008534346,-0.008517416
2379.8306611839334,7925.6274,5.2479954,0.0006651228,165941,1436.0761753265938,869.4347579409814,7174.9727,4.6520014,1252.9844,1.444157,7925.6274,5.2479954,0,,,,,1436.0761753265938,0.0004637218,869.4347579409814,0.00048286768,0.0074193794,-0.0027008269
2379.837605525274,7920.9077,5.2479734,0.0006650229,165942,1436.077256665399,869.4329729432887,7171.32,4.651982,1253.6025,1.4447153,7920.9077,5.2479734,0,,,,,1436.077256665399,0.00046440412,869.4329729432887,0.00048306858,0.008723963,-0.006067301
2379.844549866556,7913.393,5.246053,0.0006649229,165943,1436.0769383315767,869.4328414303944,7164.4175,4.65028,1253.4766,1.4453558,7913.393,5.246053,0,,,,,1436.0769383315767,0.00046454702,869.4328414303944,0.00048318188,0.008208422,-0.0063943784
2379.851494207838,7919.1074,5.246958,0.0006648229,165944,1436.0759482815754,869.4341139347353,7162.49,4.6510816,1255.5294,1.4459107,7919.1074,5.246958,0,,,,,1436.0759482815754,0.00046492656,869.4341139347353,0.0004845944,0.0070596505,-0.003783998
2379.8584385491204,7922.199,5.2499495,0.0006647229,165945,1436.0768188488753,869.43418018065,7166.774,4.6537333,1257.543,1.4467636,7922.199,5.2499495,0,,,,,1436.0768188488753,0.0004644717,869.43418018065,0.00048447005,0.008471662,-0.0037579644
2379.865382890344,7919.4688,5.245068,0.0006646228,165946,1436.076557234615,869.4332242979193,7161.0913,4.6494064,1255.3466,1.4453629,7919.4688,5.245068,0,,,,,1436.076557234615,0.0004647989,869.4332242979193,0.00048525145,0.008059694,-0.004360252
2379.8723272315674,7919.8354,5.2478533,0.00066452275,165947,1436.0765424762312,869.4331653662651,7166.6196,4.651875,1258.0498,1.4463623,7919.8354,5.2478533,0,,,,,1436.0765424762312,0.000464123,869.4331653662651,0.0004841885,0.008469247,-0.005087219
2379.879271572733,7910.6655,5.246076,0.00066442264,165948,1436.0761216462706,869.4303450408036,7163.473,4.6503,1256.4523,1.4454967,7910.6655,5.246076,0,,,,,1436.0761216462706,0.00046430924,869.4303450408036,0.00048311628,0.006869401,-0.008564874
2379.886215913898,7912.53,5.2461185,0.0006643225,165949,1436.076177740556,869.4359602589578,7161.779,4.6503377,1255.7417,1.4465438,7912.53,5.2461185,0,,,,,1436.076177740556,0.00046495238,869.4359602589578,0.00048334216,0.0073932456,-0.002745977
2379.893160255063,7927.4243,5.248135,0.0006642224,165950,1436.076612950253,869.4337483663068,7173.7305,4.6521254,1253.7217,1.4453096,7927.4243,5.248135,0,,,,,1436.076612950253,0.00046401963,869.4337483663068,0.0004833123,0.007910945,-0.003909439
2379.9001045961695,7921.7793,5.247599,0.0006641222,165951,1436.076304082221,869.430457635652,7161.268,4.65165,1259.8462,1.447544,7921.7793,5.247599,0,,,,,1436.076304082221,0.0004651556,869.430457635652,0.0004859819,0.008033371,-0.007600431
2379.907048937277,7925.285,5.250396,0.00066402205,165952,1436.075095035494,869.4341151036782,7171.391,4.654129,1257.6777,1.4467801,7925.285,5.250396,0,,,,,1436.075095035494,0.00046413834,869.4341151036782,0.00048379818,0.0070815375,-0.0039761355
2379.9139932783846,7924.3193,5.2503743,0.0006639219,165953,1436.076393856718,869.4322451816066,7171.9727,4.65411,1259.0977,1.4478072,7924.3193,5.2503743,0,,,,,1436.076393856718,0.00046431212,869.4322451816066,0.000483666,0.00807908,-0.0056064115
2379.920937619434,7913.898,5.247093,0.00066382164,165954,1436.0758823980352,869.4334693391507,7163.9985,4.6512017,1258.0701,1.4466064,7913.898,5.247093,0,,,,,1436.0758823980352,0.0004645952,869.4334693391507,0.00048342734,0.0068789907,-0.004841277
2379.927881960483,7921.0635,5.2479773,0.0006637214,165955,1436.0765176601114,869.4341691729518,7166.0806,4.6519856,1259.2799,1.4466393,7921.0635,5.2479773,0,,,,,1436.0765176601114,0.0004643749,869.4341691729518,0.00048441047,0.008796663,-0.0037074676
2379.9348263014735,7915.573,5.2480426,0.0006636211,165956,1436.0757025197388,869.4348586097395,7166.8438,4.652043,1258.5356,1.4458702,7915.573,5.2480426,0,,,,,1436.0757025197388,0.0004645771,869.4348586097395,0.000483206,0.0063671255,-0.0040439586
2379.9417706424647,7925.0566,5.25196,0.0006635208,165957,1436.0771180562986,869.4319840696903,7173.9956,4.655515,1260.0276,1.4477177,7925.0566,5.25196,0,,,,,1436.0771180562986,0.00046417213,869.4319840696903,0.00048356148,0.008201199,-0.0063075693
2379.948714983456,7915.4404,5.2464333,0.00066342053,165958,1436.0761369106026,869.4326955764485,7156.1533,4.650616,1257.8679,1.449716,7915.4404,5.2464333,0,,,,,1436.0761369106026,0.00046475232,869.4326955764485,0.0004861223,0.007705527,-0.0054506883
2379.9556593243888,7926.121,5.250877,0.0006633202,165959,1436.0764427132435,869.4360659011687,7170.1904,4.654556,1259.4764,1.4481903,7926.121,5.250877,0,,,,,1436.0764427132435,0.00046435656,869.4360659011687,0.00048440232,0.008139961,-0.0014833845
2379.9626036653217,7922.9253,5.2490654,0.00066321983,165960,1436.0762325623643,869.4346333977007,7170.888,4.65295,1256.9596,1.4464868,7922.9253,5.2490654,0,,,,,1436.0762325623643,0.00046435065,869.4346333977007,0.0004834738,0.0066888332,-0.004702223
2379.9695480062537,7922.9526,5.2484207,0.0006631195,165961,1436.075501123717,869.4336821960146,7170.707,4.6523786,1257.3918,1.4455241,7922.9526,5.2484207,0,,,,,1436.075501123717,0.0004642731,869.4336821960146,0.00048325863,0.007859816,-0.004865375
2379.9764923471275,7920.901,5.247989,0.0006630191,165962,1436.0757826598226,869.4360225601577,7172.9106,4.6519957,1253.7394,1.4445666,7920.901,5.247989,0,,,,,1436.0757826598226,0.00046396753,869.4360225601577,0.00048278563,0.007183213,-0.003147773
2379.983436688002,7925.8584,5.2487254,0.00066291867,165963,1436.076487269165,869.4312812130405,7171.5376,4.6526484,1256.0908,1.4464045,7925.8584,5.2487254,0,,,,,1436.076487269165,0.00046411168,869.4312812130405,0.0004839447,0.007882346,-0.007615476
2379.9903810288174,7924.394,5.2467356,0.0006628182,165964,1436.075759004235,869.4349743758446,7168.028,4.6508846,1254.3684,1.4454004,7924.394,5.2467356,0,,,,,1436.075759004235,0.00046413962,869.4349743758446,0.0004839666,0.006951844,-0.00334084
2379.9973253696335,7917.1924,5.246268,0.00066271774,165965,1436.0768611356366,869.4326142287557,7164.424,4.65047,1255.3325,1.445317,7917.1924,5.246268,0,,,,,1436.0768611356366,0.00046473456,869.4326142287557,0.00048369524,0.007953223,-0.0059430534
2380.00426971045,7918.487,5.247248,0.00066261727,165966,1436.0778588222656,869.4327016706028,7167.1826,4.651339,1257.775,1.44562,7918.487,5.247248,0,,,,,1436.0778588222656,0.00046465197,869.4327016706028,0.00048326343,0.009278535,-0.006172844
2380.0112140512083,7932.2812,5.25066,0.00066251674,165967,1436.0754369755073,869.4334087232659,7176.569,4.654363,1256.3138,1.4460982,7932.2812,5.25066,0,,,,,1436.0754369755073,0.00046405027,869.4334087232659,0.00048404906,0.007013818,-0.0055759153
2380.0181583919666,7923.204,5.252058,0.0006624162,165968,1436.0758980783023,869.433498762626,7170.0015,4.655603,1255.7416,1.4475162,7923.204,5.252058,0,,,,,1436.0758980783023,0.0004648056,869.433498762626,0.00048436515,0.007051509,-0.005933326
2380.0251027326667,7929.2363,5.2497993,0.00066231564,165969,1436.0763265469886,869.4336761073001,7173.4756,4.6536,1253.9117,1.4468337,7929.2363,5.2497993,0,,,,,1436.0763265469886,0.00046420182,869.4336761073001,0.00048424574,0.00816462,-0.004462807
2380.0320470733664,7917.808,5.246483,0.00066221505,165970,1436.0770426065708,869.4319751510982,7161.654,4.6506605,1258.1205,1.4467694,7917.808,5.246483,0,,,,,1436.0770426065708,0.0004647923,869.4319751510982,0.0004839645,0.009284585,-0.0069477055
2380.038991414066,7919.143,5.248205,0.0006621145,165971,1436.0759613385733,869.4328731370284,7163.162,4.652187,1258.0237,1.4471537,7919.143,5.248205,0,,,,,1436.0759613385733,0.00046479396,869.4328731370284,0.00048495765,0.006917863,-0.0047355364
2380.045935754707,7929.4473,5.2509093,0.00066201383,165972,1436.0759983238847,869.4343615661174,7175.096,4.654585,1255.5021,1.4464637,7929.4473,5.2509093,0,,,,,1436.0759983238847,0.00046470872,869.4343615661174,0.0004834791,0.007517729,-0.004243233
2380.0528800953484,7921.2305,5.249685,0.0006619132,165973,1436.0762384255845,869.4332587887753,7172.5615,4.6534986,1259.1943,1.4470954,7921.2305,5.249685,0,,,,,1436.0762384255845,0.00046421026,869.4332587887753,0.00048252885,0.007859726,-0.005223514
2380.0598244359903,7923.416,5.2502875,0.00066181255,165974,1436.075910846467,869.434513384397,7167.2104,4.6540327,1262.025,1.4481169,7923.416,5.2502875,0,,,,,1436.075910846467,0.00046457542,869.434513384397,0.0004845791,0.0074358573,-0.004041303
2380.0667687765736,7919.911,5.247515,0.00066171185,165975,1436.0756120242615,869.4334060190607,7164.7207,4.6515756,1257.3588,1.4472432,7919.911,5.247515,0,,,,,1436.0756120242615,0.00046435173,869.4334060190607,0.0004845154,0.007052336,-0.002394436
2380.0737131171572,7932.845,5.2499948,0.00066161115,165976,1436.076478703245,869.4305952233778,7168.548,4.653774,1259.5465,1.4486507,7932.845,5.2499948,0,,,,,1436.076478703245,0.00046475662,869.4305952233778,0.000485918,0.008406943,-0.007373462
2380.080657457682,7929.712,5.250636,0.0006615104,165977,1436.0759198421247,869.4330018721356,7170.032,4.654342,1261.9254,1.4480051,7929.712,5.250636,0,,,,,1436.0759198421247,0.00046477836,869.4330018721356,0.00048509162,0.0066502867,-0.0043881643
2380.0876017982655,7919.5923,5.2476225,0.0006614097,165978,1436.0771597768098,869.4343628375167,7163.148,4.6516705,1258.9838,1.4472312,7919.5923,5.2476225,0,,,,,1436.0771597768098,0.00046449885,869.4343628375167,0.0004846393,0.008906845,-0.0038391524
2380.0945461387323,7926.1655,5.251148,0.0006613089,165979,1436.07603883021,869.4321552869,7168.9565,4.654796,1260.66,1.4502501,7926.1655,5.251148,0,,,,,1436.07603883021,0.00046478584,869.4321552869,0.00048485023,0.008108218,-0.0058100238
2380.101490479258,7929.6797,5.252359,0.0006612081,165980,1436.076638001998,869.4340316280828,7176.6284,4.655869,1262.996,1.4477544,7929.6797,5.252359,0,,,,,1436.076638001998,0.0004639762,869.4340316280828,0.0004834893,0.007479666,-0.0039652386
2380.108434819725,7929.082,5.2511396,0.0006611073,165981,1436.0760626772603,869.4326367948147,7171.494,4.6547885,1261.2949,1.4493364,7929.082,5.2511396,0,,,,,1436.0760626772603,0.00046425767,869.4326367948147,0.00048495163,0.0072957557,-0.0054840967
2380.1153791601337,7931.936,5.249369,0.00066100643,165982,1436.0775841912325,869.4298161997262,7167.2275,4.653219,1262.4503,1.4476668,7931.936,5.249369,0,,,,,1436.0775841912325,0.000464939,869.4298161997262,0.00048591619,0.008320291,-0.006973155
2380.122323500542,7924.687,5.2530775,0.00066090556,165983,1436.0745382972352,869.4361930182007,7167.064,4.656506,1264.1016,1.4496782,7924.687,5.2530775,0,,,,,1436.0745382972352,0.00046470689,869.4361930182007,0.00048536918,0.0060645333,-0.0013470222
2380.12926784095,7925.1636,5.2576857,0.0006608047,165984,1436.0772553340314,869.4324937507123,7168.8354,4.660591,1266.2207,1.4535078,7925.1636,5.2576857,0,,,,,1436.0772553340314,0.00046551094,869.4324937507123,0.00048553903,0.00923113,-0.006106322
2380.136212181359,7933.8223,5.251864,0.0006607038,165985,1436.0761763000316,869.4369416615391,7174.2188,4.655431,1263.2772,1.4488833,7933.8223,5.251864,0,,,,,1436.0761763000316,0.00046451972,869.4369416615391,0.00048463146,0.007859263,-0.0011592217
2380.14315652171,7928.2637,5.2535734,0.0006606029,165986,1436.076253678252,869.4341532468245,7172.2476,4.656946,1266.6578,1.4502934,7928.2637,5.2535734,0,,,,,1436.076253678252,0.00046434757,869.4341532468245,0.00048452732,0.0074938913,-0.004710052
2380.1501008620603,7921.133,5.253293,0.00066050194,165987,1436.076465441611,869.4301532559471,7171.026,4.6566973,1265.1182,1.4498712,7921.133,5.253293,0,,,,,1436.076465441611,0.00046481582,869.4301532559471,0.00048372603,0.0077271974,-0.009101986
2380.157045202353,7933.395,5.2546806,0.00066040095,165988,1436.0753213183764,869.4350192799227,7174.196,4.657927,1266.1698,1.4504186,7933.395,5.2546806,0,,,,,1436.0753213183764,0.00046449158,869.4350192799227,0.00048553533,0.006837594,-0.0024328118
2380.1639895426456,7930.7393,5.2563796,0.00066029996,165989,1436.0754578651529,869.4330821321679,7173.3354,4.659433,1266.1956,1.4533278,7930.7393,5.2563796,0,,,,,1436.0754578651529,0.00046500977,869.4330821321679,0.0004853296,0.0078035127,-0.004037556
2380.1709338829373,7933.686,5.254587,0.000660199,165990,1436.0757404772098,869.4308198885362,7175.868,4.6578445,1268.6033,1.450126,7933.686,5.254587,0,,,,,1436.0757404772098,0.0004646957,869.4308198885362,0.00048468504,0.007300556,-0.008430141
2380.1778782231713,7924.796,5.253866,0.0006600979,165991,1436.0761970189076,869.4329733085185,7169.9595,4.6572056,1269.452,1.4516587,7924.796,5.253866,0,,,,,1436.0761970189076,0.00046489082,869.4329733085185,0.0004847628,0.007796733,-0.004423491
2380.1848225634058,7929.0776,5.253072,0.0006599969,165992,1436.0766011247358,869.4351119449443,7170.2676,4.656502,1268.3701,1.4508408,7929.0776,5.253072,0,,,,,1436.0766011247358,0.0004648523,869.4351119449443,0.0004852907,0.007143038,-0.0011684449
2380.191766903582,7923.466,5.2523527,0.00065989577,165993,1436.075986825943,869.4321389764732,7161.302,4.655864,1270.3352,1.4530019,7923.466,5.2523527,0,,,,,1436.075986825943,0.0004653025,869.4321389764732,0.00048640498,0.0073513864,-0.0049200323
2380.1987112438155,7920.51,5.251956,0.0006597947,165994,1436.076312997608,869.4324158668106,7162.6807,4.655512,1268.1871,1.4509146,7920.51,5.251956,0,,,,,1436.076312997608,0.0004650943,869.4324158668106,0.00048606022,0.007850625,-0.0055159847
2380.2056555839326,7921.5244,5.2533035,0.00065969356,165995,1436.075118112903,869.4320710966347,7159.0073,4.6567063,1269.7235,1.4540117,7921.5244,5.2533035,0,,,,,1436.075118112903,0.0004652157,869.4320710966347,0.0004872966,0.007837874,-0.0047779866
2380.212599924109,7925.4287,5.2566347,0.00065959245,165996,1436.0766535875237,869.4327457162026,7171.789,4.65966,1270.7382,1.4521984,7925.4287,5.2566347,0,,,,,1436.0766535875237,0.00046546597,869.4327457162026,0.00048478044,0.007710988,-0.005763709
2380.219544264227,7927.521,5.2546816,0.0006594913,165997,1436.0763675264075,869.4323859885493,7173.921,4.6579285,1270.3262,1.4512988,7927.521,5.2546816,0,,,,,1436.0763675264075,0.00046466064,869.4323859885493,0.00048412167,0.007193734,-0.006647425
2380.2264886042863,7927.7495,5.252789,0.00065939006,165998,1436.076210102891,869.4342356947766,7165.228,4.6562505,1269.7717,1.4521041,7927.7495,5.252789,0,,,,,1436.076210102891,0.0004648805,869.4342356947766,0.0004863164,0.007283897,-0.0032022425
2380.233432944404,7922.295,5.254488,0.0006592889,165999,1436.0763832568584,869.4326403925853,7161.4,4.657757,1271.3834,1.4529781,7922.295,5.254488,0,,,,,1436.0763832568584,0.00046564976,869.4326403925853,0.00048657446,0.008534959,-0.0043994016
2380.2403772844636,7921.587,5.2520146,0.0006591877,166000,1436.0772333099042,869.4322456898534,7164.572,4.655564,1268.6127,1.4507388,7921.587,5.2520146,0,,,,,1436.0772333099042,0.0004650061,869.4322456898534,0.00048520663,0.007763729,-0.0051100836
2380.2473216244653,7937.1543,5.2557483,0.0006590864,166001,1436.075329244196,869.4313216613732,7177.2695,4.6588736,1268.0411,1.4515889,7937.1543,5.2557483,0,,,,,1436.075329244196,0.00046469888,869.4313216613732,0.00048513597,0.0074303835,-0.006418615
2380.254265964467,7931.292,5.254284,0.0006589851,166002,1436.0752493429884,869.4342414659574,7167.0425,4.6575756,1269.4624,1.4522376,7931.292,5.254284,0,,,,,1436.0752493429884,0.00046513675,869.4342414659574,0.00048717222,0.0060007754,-0.0025606975
2380.2612103044676,7928.7363,5.253493,0.00065888383,166003,1436.0766688102462,869.4321210349738,7169.6157,4.6568747,1267.0607,1.4512051,7928.7363,5.253493,0,,,,,1436.0766688102462,0.00046496338,869.4321210349738,0.00048559436,0.008285304,-0.005324867
2380.268154644469,7915.189,5.2510757,0.00065878255,166004,1436.0762387793845,869.4327778207198,7160.654,4.654732,1269.2369,1.4510512,7915.189,5.2510757,0,,,,,1436.0762387793845,0.00046532595,869.4327778207198,0.0004855466,0.006934459,-0.0053882156
2380.2750989844117,7914.3267,5.249752,0.0006586812,166005,1436.0758009617707,869.4348429321678,7152.9873,4.6535583,1267.32,1.4516077,7914.3267,5.249752,0,,,,,1436.0758009617707,0.00046579613,869.4348429321678,0.00048677373,0.007095905,-0.0021116477
2380.282043324354,7930.565,5.254363,0.00065857987,166006,1436.0761942830607,869.433783246319,7175.069,4.6576457,1265.8444,1.4498488,7930.565,5.254363,0,,,,,1436.0761942830607,0.0004644741,869.433783246319,0.0004847474,0.008221998,-0.0044998843
2380.288987664239,7926.6187,5.2496753,0.0006584785,166007,1436.0775498361143,869.4325200568227,7161.404,4.6534905,1264.0625,1.4491743,7926.6187,5.2496753,0,,,,,1436.0775498361143,0.0004653787,869.4325200568227,0.00048571755,0.007894278,-0.004544298
2380.2959320041236,7922.8306,5.248265,0.0006583771,166008,1436.0755288364835,869.4310803052516,7161.5884,4.65224,1261.2308,1.4481688,7922.8306,5.248265,0,,,,,1436.0755288364835,0.0004649643,869.4310803052516,0.00048671057,0.0067545203,-0.006547668
2380.302876344009,7926.821,5.250226,0.0006582757,166009,1436.0764667949456,869.4340004741746,7169.613,4.653979,1259.2378,1.4475021,7926.821,5.250226,0,,,,,1436.0764667949456,0.00046405342,869.4340004741746,0.0004850876,0.008321457,-0.004303328
2380.309820683836,7920.305,5.2475147,0.0006581742,166010,1436.0756451112945,869.4346268840347,7164.542,4.651575,1256.2083,1.446536,7920.305,5.2475147,0,,,,,1436.0756451112945,0.00046463194,869.4346268840347,0.00048438009,0.006544687,-0.0031146272
2380.316765023663,7928.2056,5.2483606,0.00065807276,166011,1436.0763298256895,869.4348339129049,7171.8877,4.652325,1255.2941,1.4454619,7928.2056,5.2483606,0,,,,,1436.0763298256895,0.00046404343,869.4348339129049,0.00048412182,0.00772241,-0.003238065
2380.3237093634316,7933.221,5.247061,0.00065797125,166012,1436.0760620087813,869.4295843517509,7172.0503,4.6511726,1252.415,1.4439768,7933.221,5.247061,0,,,,,1436.0760620087813,0.00046376657,869.4295843517509,0.0004854119,0.0076560876,-0.0076571293
2380.3306537032,7931.0513,5.2480474,0.00065786974,166013,1436.074978541811,869.4344596768012,7169.9863,4.652047,1251.587,1.4465504,7931.0513,5.2480474,0,,,,,1436.074978541811,0.00046426008,869.4344596768012,0.00048527727,0.0065249447,-0.0027690632
2380.3375980429682,7920.346,5.244226,0.0006577682,166014,1436.0754829175835,869.4317241146148,7162.1323,4.64866,1247.54,1.4451963,7920.346,5.244226,0,,,,,1436.0754829175835,0.0004642463,869.4317241146148,0.00048498219,0.006559878,-0.006419175
2380.344542382737,7928.9365,5.242987,0.0006576667,166015,1436.0757109553858,869.4347049198424,7169.0615,4.647562,1246.1134,1.4407187,7928.9365,5.242987,0,,,,,1436.0757109553858,0.0004637922,869.4347049198424,0.0004840338,0.007612161,-0.001548104
2380.3514867224467,7919.423,5.241747,0.00065756514,166016,1436.0758090174375,869.4368106381847,7164.93,4.6464624,1242.0156,1.4397852,7919.423,5.241747,0,,,,,1436.0758090174375,0.0004639637,869.4368106381847,0.00048373803,0.0069679157,-0.00018036498
2380.3584310621563,7924.7363,5.242434,0.00065746356,166017,1436.0758668375724,869.4326861459765,7163.5933,4.6470714,1244.2855,1.4409548,7924.7363,5.242434,0,,,,,1436.0758668375724,0.00046433214,869.4326861459765,0.0004846769,0.007667307,-0.00402071
2380.3653754018083,7929.781,5.2452893,0.00065736193,166018,1436.0760863284715,869.4343628366726,7174.6626,4.649603,1239.7117,1.4401275,7929.781,5.2452893,0,,,,,1436.0760863284715,0.000463673,869.4343628366726,0.00048342024,0.0080475155,-0.0038751364
2380.37231974146,7923.016,5.2392025,0.0006572603,166019,1436.076201142041,869.4299966483765,7164.732,4.6442065,1238.5773,1.4382818,7923.016,5.2392025,0,,,,,1436.076201142041,0.00046382853,869.4299966483765,0.0004839759,0.008429078,-0.00826229
2380.3792640811125,7924.461,5.2374077,0.0006571587,166020,1436.0765051164526,869.4358141624997,7160.1714,4.6426163,1237.394,1.4376748,7924.461,5.2374077,0,,,,,1436.0765051164526,0.00046378796,869.4358141624997,0.00048502625,0.007431954,-0.0017702001
2380.3862084207067,7930.3726,5.2407694,0.000657057,166021,1436.0754323561453,869.4343207359778,7170.217,4.645596,1233.3787,1.4367446,7930.3726,5.2407694,0,,,,,1436.0754323561453,0.00046312192,869.4343207359778,0.00048472997,0.0071315044,-0.0017886399
2380.3931527603004,7920.6387,5.242018,0.0006569553,166022,1436.0759060062348,869.4323139255927,7170.9766,4.6467032,1234.2534,1.4368992,7920.6387,5.242018,0,,,,,1436.0759060062348,0.00046317777,869.4323139255927,0.00048280388,0.0063858307,-0.006802913
2380.400097099836,7931.909,5.238807,0.00065685355,166023,1436.076575813112,869.4332585294196,7174.388,4.643857,1231.8953,1.4353707,7931.909,5.238807,0,,,,,1436.076575813112,0.00046293795,869.4332585294196,0.00048320086,0.0078181075,-0.004163619
2380.407041439372,7927.733,5.239197,0.0006567518,166024,1436.0749898881234,869.4340579226922,7164.7925,4.644202,1235.1438,1.4398936,7927.733,5.239197,0,,,,,1436.0749898881234,0.00046354366,869.4340579226922,0.00048507345,0.006189182,-0.0031233397
2380.4139857789078,7927.4297,5.23712,0.00065665005,166025,1436.0763960129416,869.429528569097,7164.765,4.642361,1232.7023,1.4359835,7927.4297,5.23712,0,,,,,1436.0763960129416,0.00046365813,869.429528569097,0.00048485363,0.007964783,-0.007846551
2380.4209301184437,7927.7036,5.234751,0.0006565483,166026,1436.0770439708083,869.430922871159,7158.383,4.640261,1232.18,1.4350917,7927.7036,5.234751,0,,,,,1436.0770439708083,0.00046360522,869.430922871159,0.00048570047,0.008938505,-0.005863874
2380.4278744579215,7923.246,5.238646,0.0006564465,166027,1436.0751840687276,869.4346951271558,7165.935,4.6437135,1234.1627,1.4370482,7923.246,5.238646,0,,,,,1436.0751840687276,0.0004637435,869.4346951271558,0.0004842642,0.0075307,-0.0026383619
2380.43481879734,7933.1514,5.242311,0.00065634464,166028,1436.0753210535236,869.4340083118295,7179.308,4.6469626,1234.6704,1.4365696,7933.1514,5.242311,0,,,,,1436.0753210535236,0.00046297512,869.4340083118295,0.00048185716,0.005995157,-0.0038180093
2380.441763136816,7935.84,5.242779,0.00065624283,166029,1436.076769550799,869.4341448736195,7181.2026,4.647377,1233.7456,1.4390128,7935.84,5.242779,0,,,,,1436.076769550799,0.0004628844,869.4341448736195,0.00048205635,0.008175124,-0.0041400557
2380.4487074762355,7926.248,5.2397842,0.00065614097,166030,1436.075680479764,869.4347220073697,7167.852,4.644723,1237.8379,1.4382788,7926.248,5.2397842,0,,,,,1436.075680479764,0.0004638489,869.4347220073697,0.0004836965,0.0073363753,-0.0035689666
2380.4556518156546,7925.257,5.240971,0.0006560391,166031,1436.0757931321273,869.4341560505745,7163.5273,4.645775,1238.2911,1.4393774,7925.257,5.240971,0,,,,,1436.0757931321273,0.00046398607,869.4341560505745,0.00048498207,0.0075070527,-0.00310693
2380.462596155016,7928.36,5.240341,0.0006559372,166032,1436.0763105384267,869.4309700457609,7171.2754,4.645217,1239.2274,1.4380494,7928.36,5.240341,0,,,,,1436.0763105384267,0.00046336662,869.4309700457609,0.00048354268,0.008268606,-0.007835779
2380.4695404943773,7927.7974,5.2421036,0.00065583526,166033,1436.076092404234,869.43643630225,7166.621,4.6467786,1241.9757,1.4396975,7927.7974,5.2421036,0,,,,,1436.076092404234,0.00046350245,869.43643630225,0.0004848875,0.00799436,-0.001034902
2380.47648483368,7929.9346,5.242223,0.0006557333,166034,1436.0767116281093,869.4343997765284,7167.9883,4.6468844,1241.9291,1.4407365,7929.9346,5.242223,0,,,,,1436.0767116281093,0.00046400644,869.4343997765284,0.00048473084,0.0072629694,-0.002550951
2380.4834291730413,7927.6807,5.2430706,0.00065563136,166035,1436.0770142806377,869.4323084280368,7169.6045,4.6476355,1244.7185,1.4407381,7927.6807,5.2430706,0,,,,,1436.0770142806377,0.000463625,869.4323084280368,0.00048400142,0.0077893278,-0.005359078
2380.490373512286,7931.0913,5.245432,0.0006555293,166036,1436.075731909985,869.4354711944547,7171.238,4.649729,1248.5552,1.4433863,7931.0913,5.245432,0,,,,,1436.075731909985,0.00046412754,869.4354711944547,0.0004842066,0.0071051447,-0.0017724859
2380.497317851589,7936.2285,5.248491,0.00065542734,166037,1436.0760406078575,869.4320344503649,7178.7964,4.65244,1250.8181,1.4438335,7936.2285,5.248491,0,,,,,1436.0760406078575,0.0004635293,869.4320344503649,0.0004842552,0.007894296,-0.0064088376
2380.5042621908337,7931.3394,5.2483087,0.0006553253,166038,1436.0759202859417,869.4332749449475,7166.6304,4.652279,1253.8645,1.4456158,7931.3394,5.2483087,0,,,,,1436.0759202859417,0.00046452633,869.4332749449475,0.0004860258,0.008076071,-0.004198362
2380.511206530078,7928.564,5.2481503,0.00065522327,166039,1436.0761341791138,869.4326373619408,7169.1104,4.6521387,1254.971,1.4461955,7928.564,5.2481503,0,,,,,1436.0761341791138,0.00046421005,869.4326373619408,0.00048507523,0.00844256,-0.0055155754
2380.518150869264,7925.075,5.250361,0.00065512117,166040,1436.0769684614527,869.4319005484529,7169.919,4.654098,1260.6504,1.4483308,7925.075,5.250361,0,,,,,1436.0769684614527,0.0004646133,869.4319005484529,0.0004843342,0.007911988,-0.005853337
2380.5250952084502,7934.336,5.251434,0.0006550191,166041,1436.0751239344004,869.4332605858797,7174.386,4.65505,1261.8846,1.4478395,7934.336,5.251434,0,,,,,1436.0751239344004,0.0004645341,869.4332605858797,0.00048542535,0.006568214,-0.0037002156
2380.532039547636,7935.755,5.255054,0.000654917,166042,1436.0758637297652,869.4336953847924,7178.6943,4.658258,1265.7915,1.4500841,7935.755,5.255054,0,,,,,1436.0758637297652,0.0004643996,869.4336953847924,0.00048420022,0.00705959,-0.0036353508
2380.538983886764,7935.1016,5.254169,0.0006548148,166043,1436.076789292759,869.4335175604814,7173.901,4.6574736,1268.7388,1.4506989,7935.1016,5.254169,0,,,,,1436.076789292759,0.00046481987,869.4335175604814,0.0004860851,0.008044626,-0.0033397274
2380.5459282258926,7928.512,5.254297,0.00065471267,166044,1436.075076778455,869.4338100571429,7167.257,4.657587,1270.9393,1.4526473,7928.512,5.254297,0,,,,,1436.075076778455,0.00046498832,869.4338100571429,0.00048621232,0.0073663327,-0.0039850473
2380.552872565021,7930.3413,5.260996,0.0006546105,166045,1436.0754354087608,869.4312602495567,7170.263,4.663525,1276.2181,1.4593526,7930.3413,5.260996,0,,,,,1436.0754354087608,0.00046581015,869.4312602495567,0.00048670964,0.007298614,-0.006343466
2380.5598169040913,7931.833,5.257532,0.0006545083,166046,1436.0762354305368,869.4294669240365,7169.3643,4.6604548,1278.5702,1.4550714,7931.833,5.257532,0,,,,,1436.0762354305368,0.00046513625,869.4294669240365,0.0004867152,0.008435211,-0.008097106
2380.5667612431616,7924.395,5.258855,0.0006544061,166047,1436.076547986912,869.4340266932057,7164.9204,4.6616273,1285.3794,1.4577717,7924.395,5.258855,0,,,,,1436.076547986912,0.00046568926,869.4340266932057,0.00048679468,0.00814128,-0.0031626422
2380.5737055822315,7930.1626,5.2633405,0.0006543039,166048,1436.0751800622822,869.4325786896624,7173.601,4.665604,1288.091,1.4589512,7930.1626,5.2633405,0,,,,,1436.0751800622822,0.0004657556,869.4325786896624,0.00048619352,0.006475936,-0.004653254
2380.580649921243,7918.7505,5.259494,0.0006542016,166049,1436.0760070477554,869.433096050685,7155.9473,4.6621943,1292.9061,1.4610021,7918.7505,5.259494,0,,,,,1436.0760070477554,0.00046671293,869.433096050685,0.00048804714,0.008308253,-0.004458799
2380.5875942602543,7923.653,5.2623005,0.00065409933,166050,1436.0749251961815,869.4348536585297,7161.1733,4.6646824,1295.158,1.4629859,7923.653,5.2623005,0,,,,,1436.0749251961815,0.00046608824,869.4348536585297,0.00048826507,0.0066245464,-0.0021730373
2380.594538599207,7931.7363,5.265634,0.000653997,166051,1436.0772439688978,869.4321221888229,7174.518,4.667637,1294.4843,1.4620868,7931.7363,5.265634,0,,,,,1436.0772439688978,0.0004654291,869.4321221888229,0.0004866705,0.009414846,-0.00625563
2380.601482938161,7921.788,5.263617,0.0006538947,166052,1436.0757369014368,869.4346733869364,7161.1533,4.6658487,1296.105,1.4650849,7921.788,5.263617,0,,,,,1436.0757369014368,0.00046659796,869.4346733869364,0.00048759245,0.0065817307,-0.0027558033
2380.608427277114,7936.848,5.2678056,0.00065379235,166053,1436.0749863847477,869.4343043083713,7175.1367,4.669562,1300.2596,1.4648576,7936.848,5.2678056,0,,,,,1436.0749863847477,0.0004662099,869.4343043083713,0.00048739277,0.0060676266,-0.0033686736
2380.615371616068,7935.475,5.270371,0.00065369,166054,1436.076640106477,869.4330227807916,7177.002,4.671836,1304.9879,1.465472,7935.475,5.270371,0,,,,,1436.076640106477,0.00046611266,869.4330227807916,0.00048643586,0.007844699,-0.00550241
2380.6223159549636,7924.544,5.2695203,0.00065358763,166055,1436.076500487791,869.4329208898896,7162.746,4.6710815,1308.931,1.4698559,7924.544,5.2695203,0,,,,,1436.076500487791,0.00046691883,869.4329208898896,0.0004885487,0.008237646,-0.00459843
2380.629260293801,7922.4395,5.2704277,0.0006534852,166056,1436.0753348314609,869.432064131811,7161.3594,4.671886,1312.858,1.469924,7922.4395,5.2704277,0,,,,,1436.0753348314609,0.00046679252,869.432064131811,0.00048879767,0.006920249,-0.0053780545
2380.6362046326963,7926.5513,5.2723823,0.0006533828,166057,1436.0789417907786,869.4327358342904,7167.152,4.673619,1312.2933,1.472168,7926.5513,5.2723823,0,,,,,1436.0789417907786,0.0004666827,869.4327358342904,0.00048797752,0.009847105,-0.004563342
2380.6431489715333,7923.499,5.272545,0.00065328035,166058,1436.075991932236,869.4321173213974,7166.716,4.673763,1313.335,1.4708546,7923.499,5.272545,0,,,,,1436.075991932236,0.0004672748,869.4321173213974,0.00048770147,0.007106205,-0.0063736998
2380.6500933103125,7930.5312,5.2726808,0.00065317785,166059,1436.0749159456957,869.4333361190105,7166.26,4.6738834,1315.0243,1.4722495,7930.5312,5.2726808,0,,,,,1436.0749159456957,0.00046738132,869.4333361190105,0.000489512,0.0062653557,-0.0036959287
2380.65703764915,7931.7285,5.275336,0.0006530754,166060,1436.0739681870466,869.4338614471067,7167.4995,4.6762366,1316.1844,1.4733849,7931.7285,5.275336,0,,,,,1436.0739681870466,0.00046730146,869.4338614471067,0.0004895121,0.005820892,-0.0037352992
2380.6639819879283,7926.6665,5.2732344,0.0006529729,166061,1436.0769320586367,869.4327452542369,7164.132,4.6743746,1318.2491,1.4716403,7926.6665,5.2732344,0,,,,,1436.0769320586367,0.00046726663,869.4327452542369,0.0004890856,0.007497052,-0.005245091
2380.6709263266484,7931.825,5.275221,0.00065287034,166062,1436.0754594283167,869.4353709868999,7171.363,4.676135,1318.5496,1.4740039,7931.825,5.275221,0,,,,,1436.0754594283167,0.00046679276,869.4353709868999,0.00048809408,0.0074058776,-0.0018974923
2380.6778706653695,7932.153,5.278321,0.0006527678,166063,1436.0754504000026,869.4318213829677,7175.554,4.6788826,1319.4663,1.4732474,7932.153,5.278321,0,,,,,1436.0754504000026,0.0004670439,869.4318213829677,0.00048780773,0.0071202843,-0.0066002114
2380.6848150040905,7925.6523,5.278114,0.0006526652,166064,1436.075492406246,869.4317271459784,7166.9565,4.678699,1318.3552,1.4764054,7925.6523,5.278114,0,,,,,1436.075492406246,0.00046756843,869.4317271459784,0.0004893455,0.0072901975,-0.0055278316
2380.691759342811,7930.12,5.2752743,0.00065256265,166065,1436.0763706194084,869.434997100295,7171.194,4.6761823,1318.8473,1.4727026,7930.12,5.2752743,0,,,,,1436.0763706194084,0.00046703478,869.434997100295,0.0004878337,0.007159517,-0.0027792968
2380.698703681473,7923.372,5.2746563,0.00065246003,166066,1436.0769778422443,869.4311764187377,7162.996,4.675634,1321.9592,1.4760672,7923.372,5.2746563,0,,,,,1436.0769778422443,0.00046745155,869.4311764187377,0.0004889417,0.00805571,-0.0060589747
2380.7056480201354,7930.0693,5.277505,0.0006523574,166067,1436.0761534585195,869.4335551895272,7169.4453,4.6781597,1321.2927,1.4750754,7930.0693,5.277505,0,,,,,1436.0761534585195,0.000467191,869.4335551895272,0.0004886972,0.007209265,-0.0046930616
2380.71259235874,7936.2783,5.2763042,0.00065225473,166068,1436.0763673431773,869.4346592021302,7174.046,4.6770954,1319.4257,1.4721649,7936.2783,5.2763042,0,,,,,1436.0763673431773,0.00046738045,869.4346592021302,0.00048801943,0.007756187,-0.0035458715
2380.7195366973447,7925.928,5.275408,0.00065215206,166069,1436.0756482378126,869.4353338679044,7164.7207,4.6763005,1323.8248,1.4745034,7925.928,5.275408,0,,,,,1436.0756482378126,0.0004673717,869.4353338679044,0.00048928085,0.007585541,-0.0025367246
2380.7264810359493,7920.897,5.2782636,0.0006520494,166070,1436.0758979114778,869.4317284346645,7161.0283,4.678832,1321.41,1.47401,7920.897,5.2782636,0,,,,,1436.0758979114778,0.00046730225,869.4317284346645,0.00048994116,0.00735927,-0.006173618
2380.733425374554,7924.418,5.2785997,0.0006519467,166071,1436.0759012196804,869.4336074435066,7166.222,4.67913,1322.7516,1.4749165,7924.418,5.2785997,0,,,,,1436.0759012196804,0.0004673529,869.4336074435066,0.00048933836,0.008803247,-0.0049710944
2380.7403697130994,7933.63,5.276025,0.00065184396,166072,1436.0759957508412,869.4304659885694,7172.3013,4.6768475,1318.0114,1.4725008,7933.63,5.276025,0,,,,,1436.0759957508412,0.00046711776,869.4304659885694,0.0004883197,0.007525283,-0.0065305796
2380.7473140515867,7928.606,5.276613,0.00065174117,166073,1436.076300333828,869.4334992813149,7169.932,4.677369,1322.5138,1.4739585,7928.606,5.276613,0,,,,,1436.076300333828,0.0004672722,869.4334992813149,0.00048822214,0.007720497,-0.0033876256
2380.7542583901327,7923.0747,5.2752547,0.00065163843,166074,1436.0745027696146,869.4351769661026,7164.994,4.6761646,1323.5309,1.4740918,7923.0747,5.2752547,0,,,,,1436.0745027696146,0.00046751098,869.4351769661026,0.00048827537,0.005158744,-0.0020172277
2380.761202728621,7929.6543,5.2746773,0.00065153564,166075,1436.0748983988572,869.435926921656,7165.6704,4.675653,1322.6287,1.4740393,7929.6543,5.2746773,0,,,,,1436.0748983988572,0.00046728164,869.435926921656,0.00048945233,0.007383023,-0.0019247864
2380.768147067109,7926.3525,5.2743545,0.00065143284,166076,1436.0757435400205,869.4310234642468,7168.036,4.675367,1319.984,1.472791,7926.3525,5.2743545,0,,,,,1436.0757435400205,0.0004672181,869.4310234642468,0.0004881949,0.0071551264,-0.007898233
2380.775091405538,7946.3926,5.2799587,0.00065133,166077,1436.0756126933347,869.4347933441641,7187.9424,4.6803346,1318.6453,1.4737428,7946.3926,5.2799587,0,,,,,1436.0756126933347,0.00046634107,869.4347933441641,0.00048722242,0.0071102176,-0.0027928199
2380.7820357439678,7922.4365,5.2749057,0.00065122714,166078,1436.076245879659,869.4307767790143,7166.018,4.6758556,1319.3524,1.4728559,7922.4365,5.2749057,0,,,,,1436.076245879659,0.00046725967,869.4307767790143,0.00048778404,0.008342586,-0.0074687153
2380.7889800823978,7928.4834,5.2762885,0.0006511243,166079,1436.0756705732538,869.431460495009,7169.3706,4.6770816,1319.7113,1.4761027,7928.4834,5.2762885,0,,,,,1436.0756705732538,0.0004672688,869.431460495009,0.00048811376,0.0066628032,-0.0058901343
2380.7959244207696,7921.8296,5.275079,0.0006510214,166080,1436.0761761840145,869.4347171574216,7170.7026,4.676009,1318.6473,1.4722881,7921.8296,5.275079,0,,,,,1436.0761761840145,0.00046756025,869.4347171574216,0.00048658176,0.0071589663,-0.002794477
2380.802868759141,7925.0054,5.275154,0.00065091846,166081,1436.075834396667,869.4338400738376,7167.2266,4.6760755,1319.4543,1.4729637,7925.0054,5.275154,0,,,,,1436.075834396667,0.00046744975,869.4338400738376,0.000487834,0.007850799,-0.0046865107
2380.8098130974545,7917.098,5.272354,0.0006508155,166082,1436.074854701156,869.4352167554981,7160.176,4.6735935,1319.0887,1.4729856,7917.098,5.272354,0,,,,,1436.074854701156,0.00046766512,869.4352167554981,0.0004887913,0.0067908373,-0.001690143
2380.816757435826,7922.534,5.2740927,0.0006507126,166083,1436.076973120467,869.431188363324,7164.4116,4.6751347,1318.4977,1.4731967,7922.534,5.2740927,0,,,,,1436.076973120467,0.00046771416,869.431188363324,0.0004881866,0.008698411,-0.007415441
2380.8237017740803,7929.3857,5.2734375,0.00065060955,166084,1436.0760857038313,869.4349650935931,7166.191,4.6745543,1317.4987,1.4724718,7929.3857,5.2734375,0,,,,,1436.0760857038313,0.00046723173,869.4349650935931,0.0004890501,0.006975184,-0.0032678552
2380.8306461123934,7927.662,5.272676,0.0006505066,166085,1436.0756088750543,869.4345516225745,7167.812,4.673879,1314.6241,1.4716223,7927.662,5.272676,0,,,,,1436.0756088750543,0.00046729672,869.4345516225745,0.00048861187,0.0062592453,-0.0030888026
2380.8375904506483,7919.0825,5.27274,0.00065040356,166086,1436.0778478773502,869.4337036561274,7163.7734,4.6739354,1315.6672,1.4710457,7919.0825,5.27274,0,,,,,1436.0778478773502,0.00046725193,869.4337036561274,0.0004878849,0.00911069,-0.0041843727
2380.8445347889037,7927.215,5.276086,0.0006503005,166087,1436.0757538231637,869.4321571131386,7171.6646,4.6769013,1318.6658,1.4743408,7927.215,5.276086,0,,,,,1436.0757538231637,0.00046703624,869.4321571131386,0.00048808285,0.007021084,-0.0050741485
2380.8514791271,7917.939,5.2707777,0.00065019744,166088,1436.0744801022265,869.4360879985128,7158.469,4.6721964,1315.3414,1.4710307,7917.939,5.2707777,0,,,,,1436.0744801022265,0.00046722416,869.4360879985128,0.0004889589,0.005988758,-0.0013707072
2380.8584234653554,7929.0713,5.2739873,0.0006500944,166089,1436.0761717106973,869.4314872855364,7168.9004,4.675041,1314.3362,1.4741975,7929.0713,5.2739873,0,,,,,1436.0761717106973,0.0004668689,869.4314872855364,0.00048790712,0.008094502,-0.005699119
2380.8653678034943,7921.7935,5.2712355,0.00064999127,166090,1436.077394246501,869.4334978951209,7160.966,4.672602,1314.8793,1.4708481,7921.7935,5.2712355,0,,,,,1436.077394246501,0.00046727806,869.4334978951209,0.0004887135,0.008396944,-0.0026670687
2380.8723121416915,7928.5713,5.2727036,0.0006498882,166091,1436.0745396445602,869.4311703257944,7170.8228,4.673904,1313.5212,1.4707679,7928.5713,5.2727036,0,,,,,1436.0745396445602,0.00046707352,869.4311703257944,0.00048787947,0.0058461432,-0.0053249677
2380.87925647983,7927.3027,5.2719927,0.00064978504,166092,1436.0748408413315,869.435322567831,7171.195,4.6732736,1312.5542,1.469651,7927.3027,5.2719927,0,,,,,1436.0748408413315,0.00046670757,869.435322567831,0.0004875708,0.0063941423,-0.0013482638
2380.8862008179685,7928.5737,5.2721624,0.0006496819,166093,1436.0764712257494,869.4329372765744,7172.2974,4.673424,1311.5994,1.4690875,7928.5737,5.2721624,0,,,,,1436.0764712257494,0.00046690713,869.4329372765744,0.0004870172,0.00770423,-0.004497451
2380.8931451560484,7929.8955,5.2709427,0.0006495787,166094,1436.07464816723,869.4343709707971,7168.514,4.6723423,1308.4686,1.4695656,7929.8955,5.2709427,0,,,,,1436.07464816723,0.00046707166,869.4343709707971,0.0004880968,0.006145005,-0.00237681
2380.900089494128,7924.017,5.269623,0.0006494755,166095,1436.075873729567,869.4354299194142,7167.7827,4.6711726,1309.2426,1.4680697,7924.017,5.269623,0,,,,,1436.075873729567,0.00046660766,869.4354299194142,0.00048720342,0.007252488,-0.0023305023
2380.907033832209,7935.6763,5.270634,0.0006493723,166096,1436.0763406559417,869.4313191609277,7172.8667,4.672069,1307.2673,1.4671842,7935.6763,5.270634,0,,,,,1436.0763406559417,0.0004666719,869.4313191609277,0.00048781812,0.007057868,-0.0053054756
2380.9139781702315,7925.6084,5.2695723,0.00064926903,166097,1436.0762853626866,869.4343154203946,7163.462,4.671128,1305.8027,1.468401,7925.6084,5.2695723,0,,,,,1436.0762853626866,0.00046708298,869.4343154203946,0.00048861286,0.0082421675,-0.002824788
2380.920922508254,7919.6206,5.2676864,0.00064916577,166098,1436.0763648288869,869.4337315903417,7163.5674,4.669456,1306.4934,1.4664778,7919.6206,5.2676864,0,,,,,1436.0763648288869,0.00046710152,869.4337315903417,0.0004871113,0.0073251645,-0.0050391597
2380.9278668462757,7913.796,5.2655287,0.0006490625,166099,1436.0747665682177,869.4349790717055,7156.3223,4.6675434,1305.6307,1.466837,7913.796,5.2655287,0,,,,,1436.0747665682177,0.0004672135,869.4349790717055,0.00048811545,0.004970472,-0.0017564177
2380.93481118424,7927.0063,5.2663417,0.0006489592,166100,1436.076214056879,869.4329946163024,7168.797,4.6682644,1300.4624,1.4645243,7927.0063,5.2663417,0,,,,,1436.076214056879,0.0004663033,869.4329946163024,0.00048741492,0.0072679548,-0.0048689037
2380.941755522204,7929.3833,5.266655,0.0006488559,166101,1436.0757160783762,869.4342921877671,7170.471,4.6685414,1299.9221,1.4638168,7929.3833,5.266655,0,,,,,1436.0757160783762,0.00046628778,869.4342921877671,0.00048720182,0.0076317843,-0.0032239102
2380.948699860168,7920.1436,5.2647295,0.00064875255,166102,1436.0760068574066,869.4336762786893,7159.017,4.6668353,1302.8085,1.4651719,7920.1436,5.2647295,0,,,,,1436.0760068574066,0.00046669657,869.4336762786893,0.0004883382,0.0070956955,-0.0033646906
2380.955644198074,7927.9854,5.264948,0.0006486492,166103,1436.0767021516683,869.4309048468054,7165.42,4.6670284,1296.9568,1.4634967,7927.9854,5.264948,0,,,,,1436.0767021516683,0.00046663705,869.4309048468054,0.00048795863,0.0077024377,-0.0062004444
2380.96258853598,7925.728,5.2661214,0.0006485458,166104,1436.0747797698652,869.4349345667792,7166.909,4.668069,1296.7821,1.4636265,7925.728,5.2661214,0,,,,,1436.0747797698652,0.0004668051,869.4349345667792,0.00048752828,0.0065085934,-0.0026097808
2380.9695328738853,7932.5225,5.267949,0.0006484424,166105,1436.0769826653361,869.4320042312954,7174.1987,4.6696887,1299.9697,1.4648122,7932.5225,5.267949,0,,,,,1436.0769826653361,0.00046577674,869.4320042312954,0.00048631703,0.008995904,-0.0054655317
2380.9764772117323,7924.1875,5.265013,0.000648339,166106,1436.0758809225897,869.4357998980119,7167.031,4.6670866,1297.3367,1.4634486,7924.1875,5.265013,0,,,,,1436.0758809225897,0.0004662321,869.4357998980119,0.0004872338,0.0070801512,-0.0012442076
2380.9834215495803,7929.8237,5.2641025,0.00064823555,166107,1436.0750539752714,869.432514190747,7161.0776,4.666279,1293.8599,1.4640138,7929.8237,5.2641025,0,,,,,1436.0750539752714,0.00046708685,869.432514190747,0.000489756,0.0068650017,-0.0056286207
2380.990365887428,7925.741,5.264857,0.0006481321,166108,1436.0762533811405,869.4312675969485,7163.585,4.666948,1295.5901,1.4629762,7925.741,5.264857,0,,,,,1436.0762533811405,0.0004666266,869.4312675969485,0.0004879982,0.0073318006,-0.006181319
2380.9973102252175,7926.465,5.2641068,0.0006480286,166109,1436.0752995753865,869.4329656572104,7171.2544,4.6662827,1293.8091,1.4611425,7926.465,5.2641068,0,,,,,1436.0752995753865,0.00046595366,869.4329656572104,0.00048621942,0.0074505717,-0.0053699934
2381.0042545630063,7936.542,5.2654023,0.00064792513,166110,1436.077255015501,869.4321065723591,7173.424,4.6674314,1291.8882,1.4624715,7936.542,5.2654023,0,,,,,1436.077255015501,0.00046582488,869.4321065723591,0.0004867847,0.008053256,-0.00479469
2381.0111989007373,7928.346,5.264725,0.0006478216,166111,1436.0748959806801,869.4360076934896,7174.3906,4.6668315,1292.2816,1.4611043,7928.346,5.264725,0,,,,,1436.0748959806801,0.00046550194,869.4360076934896,0.00048554185,0.005319757,-0.001963572
2381.018143238469,7933.9897,5.2654214,0.000647718,166112,1436.0739622425015,869.4367335030313,7178.131,4.6674485,1291.8652,1.4610542,7933.9897,5.2654214,0,,,,,1436.0739622425015,0.00046576388,869.4367335030313,0.00048515876,0.0058486955,-0.0013446707
2381.0250875762003,7927.798,5.2626634,0.0006476145,166113,1436.0763296130713,869.4318815639467,7164.122,4.6650033,1293.1754,1.461995,7927.798,5.2626634,0,,,,,1436.0763296130713,0.00046636138,869.4318815639467,0.00048794338,0.0076880623,-0.0052093347
2381.032031913932,7933.1113,5.2644444,0.0006475109,166114,1436.0743192859272,869.4322855946436,7168.2637,4.6665826,1295.1289,1.4629767,7933.1113,5.2644444,0,,,,,1436.0743192859272,0.00046568172,869.4322855946436,0.00048827982,0.0065317843,-0.005792497
2381.038976251605,7921.7734,5.263531,0.0006474073,166115,1436.0760859513216,869.4321271670485,7163.2104,4.665773,1294.377,1.4633951,7921.7734,5.263531,0,,,,,1436.0760859513216,0.00046611752,869.4321271670485,0.00048721282,0.007433501,-0.0049777483
2381.045920589278,7924.1255,5.2613993,0.0006473037,166116,1436.0753097085042,869.4349493299521,7164.15,4.663883,1291.2673,1.4602989,7924.1255,5.2613993,0,,,,,1436.0753097085042,0.0004662513,869.4349493299521,0.00048699885,0.006849302,-0.0013258249
2381.052864926892,7933.9297,5.264627,0.00064720004,166117,1436.0753415777863,869.4333295750192,7172.564,4.6667438,1292.3569,1.4611208,7933.9297,5.264627,0,,,,,1436.0753415777863,0.00046603088,869.4333295750192,0.00048704116,0.0067509245,-0.0045698807
2381.0598092645646,7932.9365,5.2655907,0.0006470964,166118,1436.076783362358,869.4311661177909,7175.365,4.6675982,1291.8784,1.4622872,7932.9365,5.2655907,0,,,,,1436.076783362358,0.00046598248,869.4311661177909,0.0004861034,0.00786375,-0.0056101824
2381.0667536021215,7932.794,5.2654476,0.0006469927,166119,1436.0753555432782,869.4357145990099,7170.072,4.6674714,1290.74,1.4624697,7932.794,5.2654476,0,,,,,1436.0753555432782,0.00046635864,869.4357145990099,0.00048767863,0.006623438,-0.0002782055
2381.0736979397366,7922.2773,5.2631283,0.00064688904,166120,1436.0762878234734,869.4315125006236,7163.628,4.665416,1290.4226,1.4616646,7922.2773,5.2631283,0,,,,,1436.0762878234734,0.0004662964,869.4315125006236,0.0004874167,0.0078756,-0.006021721
2381.0806422772926,7932.344,5.2624288,0.0006467853,166121,1436.0760759743148,869.4326989739847,7169.9297,4.6647954,1289.8992,1.4602784,7932.344,5.2624288,0,,,,,1436.0760759743148,0.000465594,869.4326989739847,0.0004873042,0.007507971,-0.0048272964
2381.087586614849,7925.984,5.2617903,0.0006466816,166122,1436.0745556388213,869.4350281337023,7166.7734,4.6642294,1290.6832,1.4602363,7925.984,5.2617903,0,,,,,1436.0745556388213,0.00046581874,869.4350281337023,0.00048721058,0.0063540298,-0.00167733
2381.0945309523477,7923.7153,5.2612724,0.0006465778,166123,1436.0747749194763,869.4361645151588,7163.2817,4.6637707,1291.5232,1.4609714,7923.7153,5.2612724,0,,,,,1436.0747749194763,0.00046608897,869.4361645151588,0.00048770828,0.006015588,-0.00058827543
2381.1014752898463,7919.3286,5.26321,0.000646474,166124,1436.0763562384377,869.4330908960399,7163.7144,4.6654882,1289.1572,1.461086,7919.3286,5.26321,0,,,,,1436.0763562384377,0.00046611376,869.4330908960399,0.00048673365,0.0076635247,-0.0047275457
2381.1084196273446,7931.518,5.262557,0.00064637023,166125,1436.0768782807934,869.4334024171985,7167.1216,4.6649094,1289.0173,1.4606144,7931.518,5.262557,0,,,,,1436.0768782807934,0.00046611164,869.4334024171985,0.0004883169,0.0080716675,-0.0029716515
2381.115363964785,7923.6235,5.2619133,0.0006462664,166126,1436.076203894807,869.4353929736127,7166.3384,4.6643386,1289.9082,1.4612148,7923.6235,5.2619133,0,,,,,1436.076203894807,0.0004660441,869.4353929736127,0.00048652303,0.0069208634,-0.0025927487
2381.1223083022837,7919.6953,5.2601867,0.0006461626,166127,1436.0760742957575,869.432371195476,7159.41,4.662808,1289.3331,1.4596772,7919.6953,5.2601867,0,,,,,1436.0760742957575,0.00046627314,869.432371195476,0.00048773494,0.0072790068,-0.0053611426
2381.129252639665,7923.762,5.2605605,0.0006460587,166128,1436.0745745796958,869.4336960302658,7163.437,4.6631393,1286.9751,1.4605196,7923.762,5.2605605,0,,,,,1436.0745745796958,0.00046622942,869.4336960302658,0.0004868697,0.00582155,-0.0033442348
2381.1361969771046,7927.782,5.260768,0.00064595486,166129,1436.076525087544,869.4354342488414,7167.696,4.6633234,1287.1547,1.4598459,7927.782,5.260768,0,,,,,1436.076525087544,0.00046601437,869.4354342488414,0.00048642617,0.0073518693,-0.002743184
2381.1431413144865,7935.652,5.26382,0.00064585096,166130,1436.0746357330706,869.4372702352547,7173.397,4.6660295,1287.3872,1.4609375,7935.652,5.26382,0,,,,,1436.0746357330706,0.00046567447,869.4372702352547,0.00048711296,0.005433476,-0.00044556928
2381.1500856518687,7931.977,5.263719,0.00064574706,166131,1436.07469904129,869.4336170125991,7173.0337,4.6659393,1288.3944,1.4606047,7931.977,5.263719,0,,,,,1436.07469904129,0.0004660787,869.4336170125991,0.00048662763,0.005904056,-0.0036259296
2381.157029989192,7927.8755,5.2629595,0.0006456431,166132,1436.0761480198425,869.4339812957792,7176.296,4.665266,1287.1707,1.4587904,7927.8755,5.2629595,0,,,,,1436.0761480198425,0.00046524892,869.4339812957792,0.0004847747,0.007884574,-0.0051847706
2381.163974326516,7923.095,5.2594886,0.00064553914,166133,1436.076576563058,869.4342272660881,7154.49,4.6621895,1290.1178,1.4624808,7923.095,5.2594886,0,,,,,1436.076576563058,0.00046617794,869.4342272660881,0.0004892926,0.0080524,-0.0029766397
2381.17091866384,7923.2705,5.25975,0.0006454352,166134,1436.0748302604045,869.4357828940972,7160.8003,4.6624207,1289.7771,1.4594091,7923.2705,5.25975,0,,,,,1436.0748302604045,0.00046640242,869.4357828940972,0.00048769714,0.005980553,-0.0014474469
2381.177863001106,7924.834,5.261555,0.00064533117,166135,1436.0751444132354,869.4352491016953,7172.363,4.664021,1286.0549,1.4587082,7924.834,5.261555,0,,,,,1436.0751444132354,0.00046556836,869.4352491016953,0.00048541342,0.007376868,-0.003545644
2381.1848073383712,7933.753,5.2616773,0.00064522715,166136,1436.0754900462518,869.4355442289916,7170.773,4.6641293,1286.2819,1.4597936,7933.753,5.2616773,0,,,,,1436.0754900462518,0.00046574016,869.4355442289916,0.00048715447,0.007061105,-0.0016140415
2381.1917516756366,7927.713,5.2609043,0.00064512313,166137,1436.077134050579,869.4327586348095,7168.5933,4.663444,1285.9497,1.4589796,7927.713,5.2609043,0,,,,,1436.077134050579,0.00046559994,869.4327586348095,0.00048635702,0.008299989,-0.004073932
2381.1986960128443,7921.7324,5.2587967,0.00064501906,166138,1436.0753981160253,869.433958201813,7159.687,4.661576,1286.967,1.4586957,7921.7324,5.2587967,0,,,,,1436.0753981160253,0.0004660612,869.433958201813,0.00048767283,0.0061110114,-0.003598437
2381.205640350051,7927.2344,5.2602525,0.000644915,166139,1436.0769705267908,869.4343668061398,7169.2783,4.662866,1282.4236,1.4583256,7927.2344,5.2602525,0,,,,,1436.0769705267908,0.0004655587,869.4343668061398,0.00048599052,0.008692646,-0.0033798309
2381.2125846872577,7932.1753,5.263606,0.0006448109,166140,1436.074051348264,869.4334444021123,7173.6943,4.665839,1285.7493,1.4606922,7932.1753,5.263606,0,,,,,1436.074051348264,0.0004652063,869.4334444021123,0.00048640385,0.0066261753,-0.003864416
2381.219529024407,7917.0527,5.257595,0.0006447068,166141,1436.074254596394,869.4387938082441,7156.8916,4.660511,1286.1207,1.4586247,7917.0527,5.257595,0,,,,,1436.074254596394,0.00046614304,869.4387938082441,0.00048741518,0.0060217846,0.0023744048
2381.2264733615566,7917.154,5.258866,0.00064460264,166142,1436.0758090540294,869.4343583406422,7160.9014,4.6616373,1284.1299,1.4579464,7917.154,5.258866,0,,,,,1436.0758090540294,0.00046602503,869.4343583406422,0.00048641372,0.0069404915,-0.0036836467
2381.233417698705,7927.55,5.259862,0.0006444985,166143,1436.0754339754385,869.4332496831023,7169.8164,4.6625204,1283.9568,1.4575814,7927.55,5.259862,0,,,,,1436.0754339754385,0.0004653561,869.4332496831023,0.00048626598,0.007467321,-0.003937734
2381.2403620357964,7923.882,5.2585893,0.0006443943,166144,1436.07671728659,869.4343882984325,7166.2065,4.661392,1282.4961,1.4576375,7923.882,5.2585893,0,,,,,1436.07671728659,0.00046564784,869.4343882984325,0.00048592818,0.0082368,-0.003463077
2381.247306372887,7930.5005,5.258926,0.0006442901,166145,1436.075881744164,869.4316231913278,7167.9956,4.6616907,1281.1359,1.4574305,7930.5005,5.258926,0,,,,,1436.075881744164,0.00046577936,869.4316231913278,0.00048712298,0.00652948,-0.006586722
2381.254250709978,7927.6343,5.258806,0.00064418593,166146,1436.0750129663656,869.4364541148278,7166.4653,4.6615844,1281.5984,1.4574727,7927.6343,5.258806,0,,,,,1436.0750129663656,0.00046579484,869.4364541148278,0.00048674634,0.0061066845,-0.00056239613
2381.261195047011,7934.3125,5.2581787,0.0006440817,166147,1436.0751494601272,869.4351542444488,7173.2427,4.6610284,1276.3519,1.4564967,7934.3125,5.2581787,0,,,,,1436.0751494601272,0.00046499333,869.4351542444488,0.00048625222,0.0070744497,-0.001642997
2381.268139384044,7932.1597,5.259413,0.00064397743,166148,1436.0770877963325,869.4316650014777,7175.542,4.6621222,1276.0951,1.4545732,7932.1597,5.259413,0,,,,,1436.0770877963325,0.00046497892,869.4316650014777,0.0004853337,0.007897117,-0.0059742252
2381.275083721077,7927.525,5.257389,0.0006438732,166149,1436.0751802900352,869.4358331832493,7171.7197,4.660328,1274.2592,1.4530653,7927.525,5.257389,0,,,,,1436.0751802900352,0.00046502674,869.4358331832493,0.00048527797,0.006117672,-0.0013221239
2381.282028058051,7920.489,5.25303,0.0006437689,166150,1436.0761423436645,869.4347866522398,7158.404,4.656464,1275.7297,1.4538574,7920.489,5.25303,0,,,,,1436.0761423436645,0.00046599162,869.4347866522398,0.00048654244,0.007070431,-0.0015618686
2381.2889723950248,7930.748,5.255874,0.00064366456,166151,1436.0761364609937,869.4318437172211,7167.4976,4.658985,1274.1522,1.4552101,7930.748,5.255874,0,,,,,1436.0761364609937,0.0004652236,869.4318437172211,0.00048670263,0.007450378,-0.0052638613
2381.2959167319996,7934.408,5.2560596,0.00064356026,166152,1436.076203475828,869.4331451999379,7176.408,4.6591496,1269.8005,1.4517188,7934.408,5.2560596,0,,,,,1436.076203475828,0.00046494717,869.4331451999379,0.00048513775,0.0072374647,-0.005112032
2381.3028610689157,7927.9214,5.2550054,0.0006434559,166153,1436.0762503679155,869.4357778450952,7163.0156,4.658215,1269.3514,1.4539851,7927.9214,5.2550054,0,,,,,1436.0762503679155,0.00046538885,869.4357778450952,0.00048680112,0.008089398,-0.0007085151
2381.3098054058314,7919.5034,5.2519927,0.0006433515,166154,1436.0742359508279,869.437109961862,7163.9365,4.6555443,1268.5005,1.4512488,7919.5034,5.2519927,0,,,,,1436.0742359508279,0.00046523314,869.437109961862,0.00048543772,0.004893601,-0.0014055395
2381.3167497427476,7929.187,5.2542825,0.00064324716,166155,1436.0753450864556,869.4329896797482,7170.9224,4.657574,1267.0208,1.4507225,7929.187,5.2542825,0,,,,,1436.0753450864556,0.0004645339,869.4329896797482,0.0004856283,0.006485764,-0.004235956
2381.323694079606,7924.4053,5.2515397,0.00064314273,166156,1436.0757717635588,869.432082082765,7170.084,4.6551433,1263.501,1.4492021,7924.4053,5.2515397,0,,,,,1436.0757717635588,0.00046412347,869.432082082765,0.0004843569,0.007790194,-0.006483574
2381.3306384164644,7917.1494,5.247414,0.0006430383,166157,1436.0756769430996,869.4355090161581,7165.0796,4.6514864,1258.3804,1.4466372,7917.1494,5.247414,0,,,,,1436.0756769430996,0.0004645839,869.4355090161581,0.0004834847,0.0070666214,-0.0018883699
2381.3375827533227,7917.7764,5.2463913,0.0006429339,166158,1436.0760743818817,869.4334216200951,7159.166,4.6505795,1258.9158,1.4473224,7917.7764,5.2463913,0,,,,,1436.0760743818817,0.00046448957,869.4334216200951,0.00048528504,0.0077445847,-0.0039319242
2381.344527090123,7928.1978,5.2484465,0.0006428294,166159,1436.0759172469534,869.4335416868026,7165.441,4.652401,1256.1017,1.4467698,7928.1978,5.2484465,0,,,,,1436.0759172469534,0.00046468072,869.4335416868026,0.00048596782,0.0075836927,-0.003371044
2381.3514714269227,7916.9365,5.244723,0.0006427249,166160,1436.0743473226833,869.4344681920189,7157.281,4.6491003,1254.3751,1.4460218,7916.9365,5.244723,0,,,,,1436.0743473226833,0.00046484257,869.4344681920189,0.00048540643,0.0062665734,-0.0023162195
2381.358415763722,7925.833,5.245642,0.00064262043,166161,1436.0757854852982,869.4345111107091,7168.3823,4.6499157,1251.5924,1.443942,7925.833,5.245642,0,,,,,1436.0757854852982,0.00046397044,869.4345111107091,0.00048407755,0.007067455,-0.0035741876
2381.365360100463,7932.159,5.2467084,0.0006425159,166162,1436.074903133495,869.4323893117445,7172.5386,4.6508603,1249.7458,1.4429986,7932.159,5.2467084,0,,,,,1436.074903133495,0.00046348522,869.4323893117445,0.00048492724,0.007491775,-0.006138279
2381.372304437205,7941.629,5.2482595,0.00064241135,166163,1436.0755161000618,869.4331524636747,7184.4976,4.652235,1246.4348,1.4418242,7941.629,5.2482595,0,,,,,1436.0755161000618,0.00046310123,869.4331524636747,0.00048297536,0.007085026,-0.0056315954
2381.379248773889,7923.213,5.2437873,0.00064230675,166164,1436.0773028104747,869.435234755089,7168.4595,4.648271,1246.0536,1.4425602,7923.213,5.2437873,0,,,,,1436.0773028104747,0.00046404917,869.435234755089,0.00048300961,0.008882061,-0.0028283598
2381.38619311063,7915.6934,5.240963,0.0006422022,166165,1436.0755973173993,869.4359696160082,7160.645,4.6457677,1245.3126,1.4409554,7915.6934,5.240963,0,,,,,1436.0755973173993,0.00046419428,869.4359696160082,0.00048383893,0.006565305,-0.0014801676
2381.393137447313,7925.387,5.243073,0.0006420976,166166,1436.0750779451087,869.4338561432344,7169.877,4.6476383,1243.8734,1.4406238,7925.387,5.243073,0,,,,,1436.0750779451087,0.00046361572,869.4338561432344,0.0004835749,0.0061130216,-0.004766467
2381.4000817839387,7932.588,5.2430463,0.00064199296,166167,1436.0766707168636,869.4353695849137,7170.8213,4.6476145,1240.4882,1.4408709,7932.588,5.2430463,0,,,,,1436.0766707168636,0.00046418578,869.4353695849137,0.0004847125,0.0068920436,-0.0016634708
2381.4070261206225,7935.7593,5.2423306,0.00064188836,166168,1436.0752119374995,869.4346771931628,7171.358,4.64698,1241.5383,1.439416,7935.7593,5.2423306,0,,,,,1436.0752119374995,0.00046330996,869.4346771931628,0.000485207,0.0069634025,-0.0029481524
2381.4139704572476,7931.2935,5.243866,0.0006417837,166169,1436.0751027673807,869.4360985370816,7170.9385,4.6483407,1243.7832,1.4414728,7931.2935,5.243866,0,,,,,1436.0751027673807,0.0004636751,869.4360985370816,0.00048425255,0.006337661,-0.00073849125
2381.420914793815,7927.99,5.2415013,0.000641679,166170,1436.076419306195,869.4314613914645,7168.7295,4.6462445,1239.267,1.44024,7927.99,5.2415013,0,,,,,1436.076419306195,0.00046337929,869.4314613914645,0.0004840882,0.0077661634,-0.0059356773
2381.4278591304405,7931.0728,5.2432723,0.0006415743,166171,1436.0745044180453,869.4322401894707,7174.364,4.6478148,1241.5238,1.4397609,7931.0728,5.2432723,0,,,,,1436.0745044180453,0.00046316857,869.4322401894707,0.0004834982,0.00677353,-0.0067166938
2381.434803467007,7923.8896,5.2413936,0.0006414696,166172,1436.074156191368,869.434735302669,7164.209,4.646149,1241.5807,1.4413216,7923.8896,5.2413936,0,,,,,1436.074156191368,0.00046408095,869.434735302669,0.00048451242,0.006308635,-0.002412283
2381.441747803515,7932.659,5.2465615,0.00064136484,166173,1436.0753242910162,869.4355682662214,7173.2905,4.6507306,1243.1272,1.4405752,7932.659,5.2465615,0,,,,,1436.0753242910162,0.00046362472,869.4355682662214,0.00048467156,0.0068052933,-0.00186574
2381.4486921400817,7932.908,5.2429414,0.0006412601,166174,1436.07418183936,869.4328833380081,7170.22,4.6475215,1243.567,1.4402035,7932.908,5.2429414,0,,,,,1436.07418183936,0.00046362937,869.4328833380081,0.00048509083,0.005869903,-0.004363995
2381.455636476532,7923.6646,5.2411265,0.0006411553,166175,1436.0764764683188,869.437810380754,7167.0293,4.645912,1241.538,1.439383,7923.6646,5.2411265,0,,,,,1436.0764764683188,0.00046397973,869.437810380754,0.00048345266,0.0071463357,-0.0004915774
2381.4625808130413,7921.2993,5.2426696,0.0006410505,166176,1436.0750921518918,869.4317088273797,7167.678,4.6472807,1242.9742,1.4406751,7921.2993,5.2426696,0,,,,,1436.0750921518918,0.00046395155,869.4317088273797,0.00048332635,0.007078316,-0.008144721
2381.4695251494923,7924.6465,5.2430506,0.0006409457,166177,1436.0758751995904,869.4346888563981,7165.8345,4.647618,1246.5789,1.4419725,7924.6465,5.2430506,0,,,,,1436.0758751995904,0.00046373217,869.4346888563981,0.00048486242,0.007203658,-0.0027436502
2381.476469485943,7923.779,5.24422,0.00064084085,166178,1436.0759635002992,869.4362788480373,7167.0835,4.6486545,1247.2231,1.4428995,7923.779,5.24422,0,,,,,1436.0759635002992,0.000464217,869.4362788480373,0.00048427313,0.007143033,-0.0013981438
2381.483413822394,7926.649,5.245236,0.000640736,166179,1436.074533291849,869.4324259209523,7174.981,4.6495557,1246.8552,1.4412533,7926.649,5.245236,0,,,,,1436.074533291849,0.00046339587,869.4324259209523,0.0004829889,0.0063418886,-0.0065302746
2381.4903581587864,7920.468,5.2430983,0.00064063113,166180,1436.0757126698425,869.434951458454,7161.1216,4.6476603,1248.8163,1.4426582,7920.468,5.2430983,0,,,,,1436.0757126698425,0.0004644283,869.434951458454,0.00048527622,0.006361992,-0.0021527852
2381.4973024951787,7921.0356,5.246026,0.00064052624,166181,1436.0750599791272,869.4333752534732,7164.819,4.6502557,1254.1787,1.4454536,7921.0356,5.246026,0,,,,,1436.0750599791272,0.00046405138,869.4333752534732,0.00048421836,0.0070535117,-0.004804988
2381.5042468315714,7918.3633,5.247048,0.00064042135,166182,1436.0753396978873,869.4365033313385,7161.473,4.6511617,1254.0894,1.4469426,7918.3633,5.247048,0,,,,,1436.0753396978873,0.00046475776,869.4365033313385,0.0004849444,0.00645889,-0.00045288418
2381.511191167905,7923.0186,5.2477417,0.0006403164,166183,1436.075652082769,869.4329004573891,7163.7354,4.6517763,1256.4792,1.4472724,7923.0186,5.2477417,0,,,,,1436.075652082769,0.00046441518,869.4329004573891,0.00048541205,0.0074493852,-0.0036974938
2381.5181355042387,7930.478,5.2512317,0.00064021145,166184,1436.0750902500126,869.4322351112822,7170.827,4.65487,1260.7427,1.4482493,7930.478,5.2512317,0,,,,,1436.0750902500126,0.00046467848,869.4322351112822,0.00048498958,0.0067542903,-0.0054937257
2381.5250798405723,7929.6104,5.2520494,0.0006401065,166185,1436.074938618611,869.4363411850981,7171.78,4.6555953,1261.7942,1.4518751,7929.6104,5.2520494,0,,,,,1436.074938618611,0.00046446826,869.4363411850981,0.00048450616,0.0060047777,-0.0005710902
2381.5320241768486,7927.895,5.2536087,0.0006400015,166186,1436.0755416025297,869.4336386528116,7167.8667,4.656977,1266.3424,1.4506968,7927.895,5.2536087,0,,,,,1436.0755416025297,0.0004651526,869.4336386528116,0.00048576604,0.006265236,-0.002842274
2381.538968513125,7922.206,5.252454,0.0006398965,166187,1436.0763080841891,869.4319477694836,7162.403,4.6559534,1269.2693,1.4512751,7922.206,5.252454,0,,,,,1436.0763080841891,0.0004653966,869.4319477694836,0.00048595984,0.0074012205,-0.0061347634
2381.5459128494012,7930.624,5.255618,0.0006397915,166188,1436.0758791903017,869.4373234287679,7172.55,4.6587586,1272.2374,1.4534947,7930.624,5.255618,0,,,,,1436.0758791903017,0.0004647177,869.4373234287679,0.00048491437,0.0067328545,-2.1632595e-05
2381.552857185619,7929.787,5.2551928,0.0006396864,166189,1436.075428937622,869.434018828436,7168.9414,4.6583815,1272.7952,1.4536574,7929.787,5.2551928,0,,,,,1436.075428937622,0.0004649805,869.434018828436,0.00048634264,0.006196142,-0.0031843
2381.5598015218366,7924.0747,5.2572455,0.00063958135,166190,1436.0751352575512,869.4355117249717,7171.218,4.660201,1276.3638,1.4547857,7924.0747,5.2572455,0,,,,,1436.0751352575512,0.00046483654,869.4355117249717,0.0004840904,0.0069162236,-0.0023447298
2381.5667458580547,7922.2764,5.2558126,0.0006394763,166191,1436.074897143231,869.4332637955291,7164.1704,4.6589313,1280.1898,1.4551843,7922.2764,5.2558126,0,,,,,1436.074897143231,0.00046566906,869.4332637955291,0.0004860662,0.007163963,-0.0045762705
2381.5736901942146,7928.6826,5.263571,0.00063937117,166192,1436.0769453988194,869.43740873633,7170.851,4.6658077,1285.3945,1.4603666,7928.6826,5.263571,0,,,,,1436.0769453988194,0.0004660469,869.43740873633,0.00048631092,0.006967763,0.0004652573
2381.5806345304327,7922.161,5.2607055,0.0006392661,166193,1436.0763960049742,869.4327681440824,7167.2334,4.6632676,1288.185,1.4589182,7922.161,5.2607055,0,,,,,1436.0763960049742,0.0004656345,869.4327681440824,0.00048560422,0.0077163195,-0.0057540466
2381.5875788665326,7929.747,5.265488,0.0006391609,166194,1436.0759060299888,869.4346312599198,7172.799,4.667507,1290.8813,1.4603031,7929.747,5.265488,0,,,,,1436.0759060299888,0.00046587584,869.4346312599198,0.00048629515,0.006507851,-0.0031827742
2381.5945232026916,7931.324,5.2658834,0.0006390558,166195,1436.07502463823,869.4359797593717,7167.74,4.667858,1294.5953,1.4649419,7931.324,5.2658834,0,,,,,1436.07502463823,0.00046702722,869.4359797593717,0.00048729763,0.0066986843,-0.0015249811
2381.6014675387933,7923.724,5.2637005,0.0006389506,166196,1436.075568776977,869.4358081169546,7163.7266,4.665923,1296.0396,1.463017,7923.724,5.2637005,0,,,,,1436.075568776977,0.0004662323,869.4358081169546,0.00048720383,0.006734586,-0.0013189182
2381.6084118748367,7927.342,5.2652745,0.0006388454,166197,1436.074632487215,869.4349461194803,7166.2764,4.667318,1299.3434,1.4638582,7927.342,5.2652745,0,,,,,1436.074632487215,0.00046641883,869.4349461194803,0.00048763046,0.0062747113,-0.0035828764
2381.615356210938,7923.2314,5.269348,0.0006387402,166198,1436.0772991261229,869.4328535505314,7163.596,4.670929,1303.2976,1.4676752,7923.2314,5.269348,0,,,,,1436.0772991261229,0.00046698,869.4328535505314,0.00048780657,0.0089023085,-0.0039641415
2381.6223005469815,7929.6284,5.271531,0.00063863496,166199,1436.075993725876,869.4338786209019,7177.489,4.672864,1303.4187,1.4663862,7929.6284,5.271531,0,,,,,1436.075993725876,0.00046632928,869.4338786209019,0.00048539226,0.006094294,-0.004250113
2381.629244883025,7921.8027,5.2684636,0.0006385297,166200,1436.0765406691548,869.4344786839924,7166.6436,4.670145,1304.3121,1.4678307,7921.8027,5.2684636,0,,,,,1436.0765406691548,0.0004666303,869.4344786839924,0.0004867482,0.0074736266,-0.0024148228
2381.63618921901,7929.566,5.272646,0.0006384244,166201,1436.0750444391238,869.434803963125,7177.5674,4.6738524,1306.8853,1.4681259,7929.566,5.272646,0,,,,,1436.0750444391238,0.0004661154,869.434803963125,0.00048562308,0.006267496,-0.0029785284
2381.643133554995,7928.5513,5.2725325,0.0006383191,166202,1436.075590407051,869.4344019663329,7170.935,4.673752,1310.1677,1.470501,7928.5513,5.2725325,0,,,,,1436.075590407051,0.00046704808,869.4344019663329,0.0004871908,0.007060097,-0.0033630535
2381.6500778909804,7920.396,5.2695055,0.0006382138,166203,1436.0751261883925,869.4339694937995,7159.5513,4.6710687,1312.3292,1.4700954,7920.396,5.2695055,0,,,,,1436.0751261883925,0.00046697282,869.4339694937995,0.0004889798,0.00677397,-0.001841671
2381.657022226907,7921.6426,5.272239,0.00063810847,166204,1436.0765399436002,869.4328689567734,7163.0024,4.6734924,1313.5447,1.4726835,7921.6426,5.272239,0,,,,,1436.0765399436002,0.00046714017,869.4328689567734,0.00048816582,0.0077524027,-0.005274353
2381.6639665628327,7920.0283,5.271707,0.0006380031,166205,1436.0753120336788,869.4345460701937,7163.205,4.67302,1316.9054,1.4717964,7920.0283,5.271707,0,,,,,1436.0753120336788,0.00046733455,869.4345460701937,0.0004876418,0.0067543606,-0.0034451194
2381.670910898759,7931.679,5.2737703,0.00063789776,166206,1436.0754822778256,869.4317802769918,7172.305,4.674849,1314.9539,1.4710428,7931.679,5.2737703,0,,,,,1436.0754822778256,0.0004667478,869.4317802769918,0.000487768,0.006992558,-0.006346744
2381.6778552346277,7924.159,5.2743816,0.00063779234,166207,1436.0757907516588,869.4359623944301,7168.2515,4.675391,1317.2643,1.4719343,7924.159,5.2743816,0,,,,,1436.0757907516588,0.0004667853,869.4359623944301,0.00048755747,0.0072676055,-0.0024490834
2381.684799570555,7928.9194,5.2750354,0.000637687,166208,1436.0755376111365,869.4344994888158,7166.978,4.6759706,1319.0784,1.4734267,7928.9194,5.2750354,0,,,,,1436.0755376111365,0.0004671725,869.4344994888158,0.00048843696,0.0062651555,-0.0029416136
2381.691743906365,7930.7427,5.2752323,0.0006375815,166209,1436.0749923240521,869.4321580687997,7171.5986,4.6761446,1316.9419,1.4727083,7930.7427,5.2752323,0,,,,,1436.0749923240521,0.00046715196,869.4321580687997,0.00048779952,0.0066212653,-0.0056911167
2381.6986882422334,7923.994,5.2736564,0.0006374761,166210,1436.0763007694825,869.4318639506298,7167.1777,4.674748,1316.4363,1.4718974,7923.994,5.2736564,0,,,,,1436.0763007694825,0.00046751642,869.4318639506298,0.00048732632,0.006803771,-0.004993969
2381.705632578044,7929.019,5.2732773,0.0006373706,166211,1436.0753425275068,869.4357552619258,7168.3984,4.674412,1317.5869,1.4715058,7929.019,5.2732773,0,,,,,1436.0753425275068,0.00046694354,869.4357552619258,0.00048817866,0.00649364,-0.0021399495
2381.7125769138547,7919.8765,5.272197,0.00063726516,166212,1436.0750888198809,869.433036590027,7162.9424,4.6734543,1316.9329,1.4711379,7919.8765,5.272197,0,,,,,1436.0750888198809,0.0004673286,869.433036590027,0.0004878085,0.006241738,-0.00478013
2381.7195212496067,7925.6694,5.2750006,0.0006371596,166213,1436.0755893430285,869.4310394486081,7165.282,4.675939,1316.5356,1.4721079,7925.6694,5.2750006,0,,,,,1436.0755893430285,0.0004674568,869.4310394486081,0.00048879185,0.006969797,-0.0070268004
2381.7264655853587,7931.507,5.2772007,0.0006370541,166214,1436.0760868630641,869.4328328403593,7169.5264,4.67789,1320.2108,1.4746937,7931.507,5.2772007,0,,,,,1436.0760868630641,0.00046719832,869.4328328403593,0.0004890213,0.0071762744,-0.004588917
2381.733409921111,7931.1196,5.272821,0.00063694856,166215,1436.0755398110834,869.4362278501828,7168.479,4.6740074,1315.811,1.4708794,7931.1196,5.272821,0,,,,,1436.0755398110834,0.00046725132,869.4362278501828,0.00048841885,0.007607342,-0.00079222035
2381.740354256863,7929.727,5.273639,0.00063684303,166216,1436.074736410407,869.435792459544,7167.6133,4.674733,1319.3248,1.4721639,7929.727,5.273639,0,,,,,1436.074736410407,0.00046723065,869.435792459544,0.0004884611,0.0053792405,-0.00062099216
2381.7472985925565,7922.6724,5.2713876,0.00063673744,166217,1436.0770512202473,869.436307424691,7162.1924,4.672737,1316.6447,1.4713861,7922.6724,5.2713876,0,,,,,1436.0770512202473,0.0004673844,869.436307424691,0.0004885206,0.0077229086,-0.0021277752
2381.75424292825,7927.567,5.2729993,0.00063663186,166218,1436.0763061434138,869.4337870491448,7168.4365,4.6741657,1317.2435,1.4715197,7927.567,5.2729993,0,,,,,1436.0763061434138,0.0004667612,869.4337870491448,0.0004882029,0.0075699477,-0.005469248
2381.7611872638854,7926.836,5.275428,0.0006365262,166219,1436.075323618742,869.433684977586,7170.7397,4.6763186,1315.7113,1.4737558,7926.836,5.275428,0,,,,,1436.075323618742,0.00046721371,869.433684977586,0.00048763165,0.006659654,-0.0046215025
2381.7681315995796,7922.8486,5.271075,0.0006364206,166220,1436.0758589297684,869.4361477376295,7163.6523,4.6724596,1315.6831,1.4709387,7922.8486,5.271075,0,,,,,1436.0758589297684,0.0004673653,869.4361477376295,0.00048792092,0.00719008,-0.0018115577
2381.7750759351575,7920.784,5.271619,0.0006363149,166221,1436.0748674400106,869.4348517853816,7156.484,4.672942,1317.8085,1.4723907,7920.784,5.271619,0,,,,,1436.0748674400106,0.0004676254,869.4348517853816,0.00048989005,0.006989028,-0.0023210999
2381.7820202707935,7931.994,5.2736325,0.00063620927,166222,1436.0751914897608,869.4349152033511,7166.829,4.6747274,1316.8391,1.4737109,7931.994,5.2736325,0,,,,,1436.0751914897608,0.00046707317,869.4349152033511,0.0004889102,0.00637926,-0.0029015867
2381.7889646063704,7935.7617,5.2747636,0.00063610356,166223,1436.074725278506,869.4346542816631,7175.9116,4.6757298,1315.7435,1.4706694,7935.7617,5.2747636,0,,,,,1436.074725278506,0.0004668622,869.4346542816631,0.00048735936,0.006520363,-0.0024987971
2381.7959089419483,7933.751,5.2721906,0.00063599786,166224,1436.0765925899477,869.4344052646511,7167.047,4.6734486,1316.083,1.4708416,7933.751,5.2721906,0,,,,,1436.0765925899477,0.00046700187,869.4344052646511,0.00048943557,0.00672857,-0.0027941067
2381.8028532775256,7927.4976,5.2730904,0.00063589215,166225,1436.0753878885619,869.4304068188752,7166.697,4.6742463,1316.3982,1.4713,7927.4976,5.2730904,0,,,,,1436.0753878885619,0.00046735792,869.4304068188752,0.00048815506,0.006813694,-0.007781604
2381.809797613045,7931.549,5.2762346,0.0006357864,166226,1436.0763856306987,869.4364930211402,7165.473,4.6770334,1315.533,1.4731908,7931.549,5.2762346,0,,,,,1436.0763856306987,0.00046754722,869.4364930211402,0.0004895916,0.0073222225,-0.0007078465
2381.8167419485644,7936.8735,5.276085,0.0006356806,166227,1436.0750362126305,869.435612504873,7182.5244,4.676901,1313.8596,1.4698682,7936.8735,5.276085,0,,,,,1436.0750362126305,0.00046620195,869.435612504873,0.0004857426,0.0066677276,-0.0016327916
2381.823686284083,7931.573,5.274261,0.00063557486,166228,1436.075495675061,869.4325874863188,7171.037,4.6752844,1317.9205,1.4718714,7931.573,5.274261,0,,,,,1436.075495675061,0.0004670475,869.4325874863188,0.00048823867,0.0060346466,-0.0050352393
2381.8306306195436,7922.885,5.272256,0.00063546904,166229,1436.0758823692079,869.4349365765868,7164.656,4.6735067,1317.7498,1.4716871,7922.885,5.272256,0,,,,,1436.0758823692079,0.0004669034,869.4349365765868,0.00048760546,0.008033864,-0.0021708936
2381.837574955005,7925.156,5.2716947,0.0006353632,166230,1436.075227008201,869.4304537592477,7161.5776,4.6730094,1315.1222,1.4711334,7925.156,5.2716947,0,,,,,1436.075227008201,0.00046741418,869.4304537592477,0.00048881234,0.0065023317,-0.007576902
2381.8445192904082,7932.398,5.2723837,0.00063525734,166231,1436.0744999443436,869.4370635001635,7167.623,4.67362,1314.6501,1.471038,7932.398,5.2723837,0,,,,,1436.0744999443436,0.00046704907,869.4370635001635,0.0004892849,0.0058068843,-0.0003924189
2381.8514636258697,7923.5024,5.2712436,0.0006351515,166232,1436.0762013437904,869.4316552458166,7164.761,4.67261,1314.8042,1.4705099,7923.5024,5.2712436,0,,,,,1436.0762013437904,0.0004668319,869.4316552458166,0.00048786294,0.008088124,-0.007607017
2381.8584079612724,7943.31,5.2752676,0.00063504564,166233,1436.0737314894236,869.4347466217093,7178.682,4.676176,1314.8965,1.4706854,7943.31,5.2752676,0,,,,,1436.0737314894236,0.00046650038,869.4347466217093,0.00048845896,0.0046554306,-0.0033181286
2381.8653522966165,7933.397,5.274372,0.0006349397,166234,1436.0759572215836,869.4342087304838,7176.11,4.675382,1313.7001,1.4711293,7933.397,5.274372,0,,,,,1436.0759572215836,0.00046650833,869.4342087304838,0.0004869537,0.0073249904,-0.0024335247
2381.8792409673642,7935.0176,5.2717104,0.0006347279,166236,1436.0762016179292,869.4347968673727,7171.019,4.673023,1312.0332,1.4690614,7935.0176,5.2717104,0,,,,,1436.0762016179292,0.00046682192,869.4347968673727,0.00048839336,0.0070356634,-0.0031375075
2381.886185302651,7936.232,5.2726736,0.0006346219,166237,1436.0742615324955,869.4320151581345,7170.661,4.6738772,1313.9794,1.4707009,7936.232,5.2726736,0,,,,,1436.0742615324955,0.00046640175,869.4320151581345,0.0004889221,0.0063920845,-0.004972048
2381.893129637996,7923.8535,5.273858,0.00063451595,166238,1436.074983751908,869.4340008877222,7164.068,4.674927,1312.7474,1.4724542,7923.8535,5.273858,0,,,,,1436.074983751908,0.00046726625,869.4340008877222,0.0004883357,0.007049615,-0.0043865973
2381.900073973282,7929.0625,5.270086,0.00063440995,166239,1436.0756658055482,869.4339594552832,7166.273,4.671583,1308.9749,1.4686911,7929.0625,5.270086,0,,,,,1436.0756658055482,0.00046677174,869.4339594552832,0.0004883355,0.0068000737,-0.0043424796
2381.907018308568,7925.3525,5.2693915,0.00063430396,166240,1436.0755744044782,869.4376740923623,7162.5015,4.6709676,1309.451,1.4690267,7925.3525,5.2693915,0,,,,,1436.0755744044782,0.00046707748,869.4376740923623,0.00048818672,0.0063650743,0.0007235783
2381.9139626437964,7928.7227,5.2686877,0.0006341979,166241,1436.0765499652694,869.4289857492541,7162.56,4.670344,1306.4601,1.4706638,7928.7227,5.2686877,0,,,,,1436.0765499652694,0.00046673793,869.4289857492541,0.0004894349,0.007742293,-0.0072689774
2381.9209069790245,7932.397,5.2722807,0.00063409185,166242,1436.0750468834688,869.4355212649168,7175.3716,4.6735287,1306.3724,1.4694766,7932.397,5.2722807,0,,,,,1436.0750468834688,0.0004669885,869.4355212649168,0.00048644017,0.006801717,-0.0027248636
2381.927851314252,7919.034,5.2686744,0.0006339858,166243,1436.075879796363,869.4329619989288,7168.686,4.670332,1305.4661,1.4662707,7919.034,5.2686744,0,,,,,1436.075879796363,0.00046659837,869.4329619989288,0.00048561054,0.006807067,-0.0055812793
2381.9347956494225,7920.733,5.268425,0.0006338797,166244,1436.07477070555,869.4345048674035,7163.5566,4.670111,1306.2883,1.4678296,7920.733,5.268425,0,,,,,1436.07477070555,0.00046647267,869.4345048674035,0.00048737114,0.0067881867,-0.0029244046
2381.941739984593,7922.185,5.266434,0.00063377357,166245,1436.0757153661584,869.4367761183537,7163.962,4.6683464,1302.6521,1.4658095,7922.185,5.266434,0,,,,,1436.0757153661584,0.00046656458,869.4367761183537,0.0004871613,0.0076956414,-0.0018413224
2381.948684319763,7927.61,5.268488,0.00063366746,166246,1436.0749873299244,869.435290836354,7167.1133,4.6701665,1302.4756,1.4696006,7927.61,5.268488,0,,,,,1436.0749873299244,0.00046675213,869.435290836354,0.00048709635,0.0067687985,-0.0035058423
2381.955628654933,7924.8545,5.266155,0.00063356134,166247,1436.0750806555307,869.4353157969143,7163.234,4.668099,1301.0809,1.4651198,7924.8545,5.266155,0,,,,,1436.0750806555307,0.000466924,869.4353157969143,0.00048805063,0.0064829104,-0.002069529
2381.9625729900454,7928.568,5.26773,0.0006334552,166248,1436.07541146294,869.4324424994137,7169.7324,4.6694946,1303.3181,1.4656081,7928.568,5.26773,0,,,,,1436.07541146294,0.000466346,869.4324424994137,0.00048685842,0.0074222004,-0.006699377
2381.969517325157,7933.147,5.2669716,0.000633349,166249,1436.0761613554407,869.4323939708282,7166.306,4.668823,1301.5074,1.4655389,7933.147,5.2669716,0,,,,,1436.0761613554407,0.00046656717,869.4323939708282,0.00048859214,0.0075603267,-0.004964519
2381.97646166021,7935.746,5.2678595,0.0006332428,166250,1436.0752325950464,869.4328703781046,7173.7227,4.6696095,1301.054,1.4641696,7935.746,5.2678595,0,,,,,1436.0752325950464,0.00046610678,869.4328703781046,0.0004874388,0.0068592546,-0.0047679604
2381.9834059952636,7934.881,5.268656,0.00063313654,166251,1436.0767888469973,869.4339033222519,7178.587,4.6703157,1300.5469,1.4638795,7934.881,5.268656,0,,,,,1436.0767888469973,0.00046569362,869.4339033222519,0.00048591217,0.008654584,-0.0034195527
2381.9903503303167,7926.8335,5.2638264,0.0006330303,166252,1436.0748256074335,869.4345274513535,7164.776,4.666034,1297.2186,1.4628375,7926.8335,5.2638264,0,,,,,1436.0748256074335,0.00046638589,869.4345274513535,0.00048728226,0.005577169,-0.002416445
2381.9972946653706,7918.1396,5.2619233,0.0006329241,166253,1436.0759779909504,869.4344110256757,7156.014,4.6643476,1297.2563,1.4638331,7918.1396,5.2619233,0,,,,,1436.0759779909504,0.00046688056,869.4344110256757,0.0004879462,0.007040043,-0.0028643438
2382.004239000366,7928.545,5.2654004,0.0006328178,166254,1436.0752536519353,869.4340391981115,7167.7964,4.6674294,1296.8646,1.4634095,7928.545,5.2654004,0,,,,,1436.0752536519353,0.00046619508,869.4340391981115,0.00048743482,0.006064395,-0.003863214
2382.0111833353612,7926.7646,5.2644973,0.0006327115,166255,1436.074525149297,869.4323603579963,7168.8433,4.6666293,1294.6924,1.4634649,7926.7646,5.2644973,0,,,,,1436.074525149297,0.00046594476,869.4323603579963,0.0004864772,0.006022036,-0.005366499
2382.018127670357,7928.7266,5.265844,0.0006326052,166256,1436.075969268099,869.4361485494468,7172.1514,4.667823,1295.2375,1.4624856,7928.7266,5.265844,0,,,,,1436.075969268099,0.00046591388,869.4361485494468,0.00048554924,0.007294182,-0.00134153
2382.0250720052945,7917.0225,5.263751,0.0006324989,166257,1436.0755432519177,869.4352422510195,7164.2227,4.6659675,1291.7683,1.4624556,7917.0225,5.263751,0,,,,,1436.0755432519177,0.0004664819,869.4352422510195,0.00048591557,0.0060539367,-0.002412632
2382.032016340232,7927.681,5.2645645,0.00063239253,166258,1436.0765309585352,869.4324221566545,7169.0356,4.6666884,1293.5833,1.4636903,7927.681,5.2645645,0,,,,,1436.0765309585352,0.00046610745,869.4324221566545,0.0004866625,0.007178063,-0.0056797178
2382.0389606751696,7931.182,5.2638135,0.0006322862,166259,1436.0744944142232,869.4349546106015,7173.5127,4.6660233,1290.7195,1.461218,7931.182,5.2638135,0,,,,,1436.0744944142232,0.0004655665,869.4349546106015,0.00048606793,0.0055673495,-0.0026545308
2382.0459050100485,7922.105,5.2588005,0.0006321798,166260,1436.0754115591665,869.4348209495042,7158.533,4.661579,1288.9501,1.4593294,7922.105,5.2588005,0,,,,,1436.0754115591665,0.00046626502,869.4348209495042,0.00048773835,0.0066708326,-0.0016573975
2382.0528493449265,7926.847,5.263466,0.0006320734,166261,1436.0740303625334,869.436047529374,7171.3193,4.6657147,1290.664,1.4607755,7926.847,5.263466,0,,,,,1436.0740303625334,0.0004661337,869.436047529374,0.00048541927,0.0047945688,-0.0021259214
2382.0597936797467,7929.2607,5.2625566,0.0006319669,166262,1436.076217552714,869.4342869169751,7169.2183,4.664909,1291.2476,1.4605536,7929.2607,5.2625566,0,,,,,1436.076217552714,0.00046569452,869.4342869169751,0.0004861098,0.0074213394,-0.0033713977
2382.0667380146256,7922.583,5.2598257,0.0006318605,166263,1436.0750295938312,869.4342113913481,7159.4014,4.6624885,1290.3308,1.4604971,7922.583,5.2598257,0,,,,,1436.0750295938312,0.00046613632,869.4342113913481,0.00048798503,0.0067434916,-0.0033620584
2382.0736823494462,7928.7373,5.2616367,0.00063175405,166264,1436.0751069687497,869.4375547846299,7170.392,4.6640935,1288.8363,1.4595299,7928.7373,5.2616367,0,,,,,1436.0751069687497,0.00046538943,869.4375547846299,0.00048576255,0.0056833434,0.00043723529
2382.0806266842674,7916.137,5.2614546,0.0006316476,166265,1436.0765554942034,869.4324015512909,7159.1914,4.6639323,1289.5278,1.4636096,7916.137,5.2614546,0,,,,,1436.0765554942034,0.00046640442,869.4324015512909,0.00048656986,0.0074125966,-0.00614713
2382.0875710190303,7929.394,5.2612996,0.0006315411,166266,1436.0746904497526,869.4359743967536,7168.194,4.663795,1288.2815,1.4593523,7929.394,5.2612996,0,,,,,1436.0746904497526,0.00046580916,869.4359743967536,0.00048674468,0.005208621,-0.00014075771
2382.094515353793,7932.0396,5.2653174,0.00063143455,166267,1436.0756425723666,869.4324804361358,7176.821,4.6673565,1286.3318,1.459584,7932.0396,5.2653174,0,,,,,1436.0756425723666,0.00046572924,869.4324804361358,0.00048514394,0.0075294673,-0.0070309984
2382.101459688556,7922.9595,5.264647,0.00063132803,166268,1436.0760207963272,869.43452466603,7173.4443,4.666762,1286.927,1.4596674,7922.9595,5.264647,0,,,,,1436.0760207963272,0.00046583635,869.43452466603,0.00048423713,0.0070369886,-0.004092632
2382.1084040232604,7927.5947,5.2630153,0.00063122145,166269,1436.0751016497516,869.4349913961765,7174.5156,4.6653156,1286.9329,1.4599826,7927.5947,5.2630153,0,,,,,1436.0751016497516,0.00046536914,869.4349913961765,0.0004843757,0.006048626,-0.00206655
2382.115348357964,7914.8716,5.260006,0.0006311149,166270,1436.0761616514642,869.4328093231169,7157.2476,4.662648,1291.0176,1.4601705,7914.8716,5.260006,0,,,,,1436.0761616514642,0.0004665117,869.4328093231169,0.0004869777,0.0073770313,-0.004146831
2382.1222926926685,7920.578,5.2608104,0.0006310083,166271,1436.0743906709886,869.4342564080074,7158.2754,4.6633606,1288.9967,1.4607852,7920.578,5.2608104,0,,,,,1436.0743906709886,0.00046645256,869.4342564080074,0.00048774434,0.0061930465,-0.0029854497
2382.1292370273723,7930.968,5.2612996,0.0006309017,166272,1436.074586062775,869.4323836987975,7168.4263,4.663795,1286.7041,1.4598031,7930.968,5.2612996,0,,,,,1436.074586062775,0.00046586484,869.4323836987975,0.0004871354,0.00655632,-0.0051064566
2382.1361813620183,7931.7754,5.260452,0.0006307951,166273,1436.0738184667048,869.437186399307,7167.247,4.6630425,1287.2281,1.4592471,7931.7754,5.260452,0,,,,,1436.0738184667048,0.00046576015,869.437186399307,0.00048770546,0.0054635955,0.00055519195
2382.143125696665,7921.975,5.259888,0.00063068845,166274,1436.075398596456,869.4348390771489,7160.48,4.6625433,1289.8229,1.4608437,7921.975,5.259888,0,,,,,1436.075398596456,0.00046654113,869.4348390771489,0.0004872224,0.0060428395,-0.00245503
2382.1500700312527,7929.9814,5.263226,0.00063058175,166275,1436.0759701726624,869.4333779753081,7171.7266,4.665502,1289.6533,1.4612259,7929.9814,5.263226,0,,,,,1436.0759701726624,0.00046572307,869.4333779753081,0.00048601403,0.007675466,-0.00468497
2382.157014365841,7931.287,5.265399,0.00063047506,166276,1436.0742359603107,869.4363683077293,7172.201,4.667429,1290.6812,1.4617083,7931.287,5.265399,0,,,,,1436.0742359603107,0.00046575905,869.4363683077293,0.00048674754,0.0052331774,-0.00068256014
2382.1639587004292,7921.4004,5.2654357,0.00063036836,166277,1436.0750494460558,869.4355356888791,7168.712,4.667461,1291.3394,1.4628819,7921.4004,5.2654357,0,,,,,1436.0750494460558,0.00046628594,869.4355356888791,0.0004852677,0.0062742345,-0.0031340886
2382.170903035017,7916.9746,5.263548,0.00063026167,166278,1436.075951613536,869.4354010757639,7165.3623,4.6657877,1293.8737,1.4629753,7916.9746,5.263548,0,,,,,1436.075951613536,0.00046652212,869.4354010757639,0.0004850419,0.0065303533,-0.0025094643
2382.1778473695463,7928.5244,5.2644205,0.0006301549,166279,1436.0741462411877,869.4369875367871,7173.8237,4.666561,1290.448,1.4608845,7928.5244,5.2644205,0,,,,,1436.0741462411877,0.00046567616,869.4369875367871,0.00048532404,0.0063593755,-0.0011192246
2382.1847917040764,7921.23,5.261809,0.00063004816,166280,1436.0753136090004,869.4328441659612,7164.9346,4.664246,1290.2194,1.4602823,7921.23,5.261809,0,,,,,1436.0753136090004,0.00046636694,869.4328441659612,0.00048611098,0.0064717606,-0.0052550426
2382.1917360386065,7936.1226,5.2676363,0.0006299414,166281,1436.0773264856723,869.438231014154,7180.3667,4.669411,1294.3806,1.4628699,7936.1226,5.2676363,0,,,,,1436.0773264856723,0.0004661486,869.438231014154,0.00048454295,0.007508197,0.0020345296
2382.198680373078,7924.416,5.264404,0.0006298346,166282,1436.0752701300262,869.4343860520879,7171.4395,4.666547,1290.3778,1.4608378,7924.416,5.264404,0,,,,,1436.0752701300262,0.00046604444,869.4343860520879,0.00048536548,0.006139794,-0.0039493027
2382.205624707549,7919.6597,5.2624383,0.0006297278,166283,1436.075901578259,869.4338863632676,7165.059,4.664804,1293.1656,1.4613795,7919.6597,5.2624383,0,,,,,1436.075901578259,0.0004659799,869.4338863632676,0.0004859555,0.0074290126,-0.0031524503
2382.21256904202,7922.53,5.26399,0.000629621,166284,1436.0739376975578,869.43456992889,7163.4644,4.666179,1290.4182,1.4613358,7922.53,5.26399,0,,,,,1436.0739376975578,0.0004664075,869.43456992889,0.00048750534,0.0053935032,-0.002480366
2382.2195133764335,7915.22,5.262723,0.0006295141,166285,1436.075617717309,869.4367358813888,7162.1694,4.665056,1295.1036,1.4621872,7915.22,5.262723,0,,,,,1436.075617717309,0.00046619916,869.4367358813888,0.00048572494,0.007854702,-0.0024640511
2382.226457710847,7928.749,5.2637863,0.00062940724,166286,1436.0740509858776,869.4356235730895,7171.2095,4.665999,1292.6512,1.4612426,7928.749,5.2637863,0,,,,,1436.0740509858776,0.00046556376,869.4356235730895,0.00048614238,0.005761211,-0.0014257709
2382.233402045261,7928.4873,5.263969,0.00062930037,166287,1436.0747888534627,869.4328413647479,7169.3135,4.6661606,1293.373,1.4615754,7928.4873,5.263969,0,,,,,1436.0747888534627,0.0004661176,869.4328413647479,0.00048683444,0.006286551,-0.0059345593
2382.2403463796154,7924.5576,5.261204,0.00062919344,166288,1436.0752329748643,869.4377624058167,7162.4946,4.6637096,1293.0326,1.4606913,7924.5576,5.261204,0,,,,,1436.0752329748643,0.000466033,869.4377624058167,0.00048717772,0.006399533,3.6048245e-05
2382.247290713971,7919.603,5.2617326,0.0006290865,166289,1436.0752912945745,869.433249575607,7165.9805,4.6641784,1289.8776,1.4604094,7919.603,5.2617326,0,,,,,1436.0752912945745,0.0004659431,869.433249575607,0.00048609666,0.0068535507,-0.004631364
2382.254235048326,7918.2007,5.259213,0.0006289796,166290,1436.0739772085606,869.439114068065,7161.6904,4.661945,1288.0856,1.4588071,7918.2007,5.259213,0,,,,,1436.0739772085606,0.0004659208,869.439114068065,0.000485913,0.004652142,0.0013565903
2382.261179382681,7926.5996,5.2611823,0.00062887266,166291,1436.0762087478977,869.431096140454,7168.54,4.6636906,1288.427,1.4589063,7926.5996,5.2611823,0,,,,,1436.0762087478977,0.0004659217,869.431096140454,0.00048640778,0.0064108414,-0.006851877
2382.268123716978,7917.2324,5.257936,0.0006287657,166292,1436.0753428278606,869.4336279969261,7157.012,4.660813,1287.0348,1.4586241,7917.2324,5.257936,0,,,,,1436.0753428278606,0.00046598748,869.4336279969261,0.00048779123,0.0066113397,-0.0038471767
2382.2750680512754,7927.9214,5.25947,0.0006286587,166293,1436.0743418532197,869.435527965422,7166.5874,4.6621723,1285.8242,1.4581565,7927.9214,5.25947,0,,,,,1436.0743418532197,0.00046567537,869.435527965422,0.0004872122,0.00567037,-0.0016839715
2382.2820123855136,7929.299,5.2608733,0.00062855164,166294,1436.0758650832656,869.4343212850353,7171.9863,4.663417,1283.9673,1.4584682,7929.299,5.2608733,0,,,,,1436.0758650832656,0.00046559586,869.4343212850353,0.00048566872,0.0067997263,-0.004006768
2382.2889567197517,7924.0713,5.2586837,0.0006284446,166295,1436.0740057238133,869.4378733531548,7166.9893,4.6614757,1284.606,1.4576856,7924.0713,5.2586837,0,,,,,1436.0740057238133,0.00046538422,869.4378733531548,0.0004856766,0.0049707997,0.0008296672
2382.2959010539907,7928.5703,5.2598844,0.00062833756,166296,1436.0751656764403,869.4362880205992,7168.2,4.6625404,1282.9296,1.4582213,7928.5703,5.2598844,0,,,,,1436.0751656764403,0.00046566877,869.4362880205992,0.00048639148,0.006906454,-0.0012118453
2382.302845388229,7927.16,5.258126,0.0006282305,166297,1436.0755114614237,869.4336291274883,7168.2314,4.660981,1279.0687,1.4567676,7927.16,5.258126,0,,,,,1436.0755114614237,0.00046529985,869.4336291274883,0.00048617795,0.0074148965,-0.005529625
2382.3097897224097,7917.795,5.2555976,0.0006281234,166298,1436.0753655303524,869.4372097798987,7154.804,4.65874,1279.7703,1.4567267,7917.795,5.2555976,0,,,,,1436.0753655303524,0.00046573672,869.4372097798987,0.00048787644,0.006120502,-0.00030310074
2382.31673405659,7926.298,5.258125,0.0006280163,166299,1436.0764044204932,869.4314835987254,7166.546,4.6609807,1278.0748,1.4561648,7926.298,5.258125,0,,,,,1436.0764044204932,0.00046575852,869.4314835987254,0.0004866741,0.007888647,-0.0064878864
2382.3236783907705,7931.896,5.2564464,0.0006279092,166300,1436.075058996686,869.4355074960654,7162.357,4.6594925,1275.9178,1.4564258,7931.896,5.2564464,0,,,,,1436.075058996686,0.00046594537,869.4355074960654,0.0004884801,0.0062419665,-0.0009589376
2382.337567059016,7923.949,5.2557497,0.0006276949,166302,1436.0753932923228,869.4351201339242,7163.5815,4.658875,1271.0153,1.4538624,7923.949,5.2557497,0,,,,,1436.0753932923228,0.00046574947,869.4351201339242,0.00048619008,0.0059891995,-0.0025409437
2382.3445113931384,7932.5127,5.2551494,0.0006275877,166303,1436.075404838673,869.4318938646559,7172.8105,4.658343,1268.4083,1.4515823,7932.5127,5.2551494,0,,,,,1436.075404838673,0.00046478788,869.4318938646559,0.00048546708,0.006921991,-0.0056748376
2382.351455727203,7930.8716,5.2529836,0.0006274805,166304,1436.0744996591955,869.4361126943941,7169.1577,4.656423,1267.0739,1.4513654,7930.8716,5.2529836,0,,,,,1436.0744996591955,0.00046499787,869.4361126943941,0.00048571322,0.0056160428,-0.0008932237
2382.3584000612664,7921.445,5.249997,0.0006273733,166305,1436.0744791339093,869.432051624592,7161.2505,4.6537757,1264.6694,1.4498725,7921.445,5.249997,0,,,,,1436.0744791339093,0.00046471632,869.432051624592,0.0004864055,0.006344666,-0.0061069727
2382.365344395329,7926.2188,5.2505627,0.00062726607,166306,1436.0765751264612,869.4346652757494,7168.413,4.654277,1263.6097,1.4488649,7926.2188,5.2505627,0,,,,,1436.0765751264612,0.00046458587,869.4346652757494,0.0004848399,0.007767235,-0.0035140156
2382.372288729335,7926.6465,5.252717,0.0006271588,166307,1436.0753326878414,869.4329980154827,7175.688,4.6561866,1262.1077,1.4493463,7926.6465,5.252717,0,,,,,1436.0753326878414,0.00046404908,869.4329980154827,0.0004827403,0.006000479,-0.00564145
2382.379233063341,7922.4326,5.248982,0.0006270515,166308,1436.075415457546,869.4358553059644,7165.8223,4.652876,1262.2935,1.4478563,7922.4326,5.248982,0,,,,,1436.075415457546,0.0004645266,869.4358553059644,0.00048454423,0.0063274433,-0.003115375
2382.386177397347,7922.2466,5.2525153,0.00062694424,166309,1436.074408509055,869.4360867406874,7166.7954,4.6560082,1259.674,1.4485681,7922.2466,5.2525153,0,,,,,1436.074408509055,0.00046447432,869.4360867406874,0.00048492174,0.005846595,-0.0023920983
2382.3931217313534,7924.0947,5.2504325,0.00062683696,166310,1436.0759680974625,869.4343616253674,7169.45,4.654162,1259.7909,1.4479259,7924.0947,5.2504325,0,,,,,1436.0759680974625,0.0004645901,869.4343616253674,0.0004838511,0.006621977,-0.0026510586
2382.400066065301,7919.1343,5.2483196,0.0006267296,166311,1436.075161984376,869.433257369433,7162.484,4.6522884,1258.6027,1.4502984,7919.1343,5.2483196,0,,,,,1436.075161984376,0.00046458383,869.433257369433,0.00048486306,0.006258036,-0.0052839783
2382.407010399249,7931.308,5.2500567,0.0006266223,166312,1436.075998448465,869.4319397686861,7176.2007,4.6538286,1256.6763,1.4457935,7931.308,5.2500567,0,,,,,1436.075998448465,0.00046428473,869.4319397686861,0.00048321125,0.0072446065,-0.0061408537
2382.413954733139,7919.1685,5.2496133,0.0006265149,166313,1436.0761202272938,869.435864536415,7170.7725,4.653435,1254.0178,1.4481527,7919.1685,5.2496133,0,,,,,1436.0761202272938,0.0004641109,869.435864536415,0.0004823896,0.007906079,-0.0027754074
2382.420899067028,7928.3,5.2492847,0.0006264075,166314,1436.074938574694,869.4330704339334,7176.2163,4.653145,1254.6444,1.4455616,7928.3,5.2492847,0,,,,,1436.074938574694,0.00046397097,869.4330704339334,0.00048273706,0.005246963,-0.0049146656
2382.427843400917,7914.389,5.24741,0.0006263001,166315,1436.0755224950308,869.433427035497,7161.9507,4.651482,1255.8752,1.4479308,7914.389,5.24741,0,,,,,1436.0755224950308,0.00046470354,869.433427035497,0.0004839433,0.007046846,-0.0046218503
2382.434787734807,7927.332,5.2478905,0.0006261927,166316,1436.0767440197553,869.4314240657076,7170.118,4.6519084,1255.6515,1.4453984,7927.332,5.2478905,0,,,,,1436.0767440197553,0.00046395417,869.4314240657076,0.00048454438,0.0078997025,-0.0064180107
2382.441732068638,7927.8164,5.2510943,0.00062608527,166317,1436.0754201235152,869.435276798337,7178.8633,4.6547484,1255.8541,1.4463753,7927.8164,5.2510943,0,,,,,1436.0754201235152,0.00046384602,869.435276798337,0.00048214293,0.0070372517,-0.002811608
2382.4486764024687,7921.996,5.2464886,0.0006259778,166318,1436.0762603316575,869.4327656071267,7159.1724,4.6506658,1256.808,1.4467175,7921.996,5.2464886,0,,,,,1436.0762603316575,0.00046517336,869.4327656071267,0.000486161,0.0070594787,-0.003503591
2382.4556207363,7920.3457,5.2485166,0.00062587037,166319,1436.0751188859615,869.4356109281815,7165.7363,4.6524634,1260.6442,1.4471002,7920.3457,5.2485166,0,,,,,1436.0751188859615,0.00046464975,869.4356109281815,0.0004840919,0.0064630467,-0.0022477058
2382.4625650700727,7926.0063,5.249699,0.00062576286,166320,1436.075097424705,869.4319835966472,7173.4224,4.6535115,1258.6008,1.4474458,7926.0063,5.249699,0,,,,,1436.075097424705,0.00046407248,869.4319835966472,0.00048314434,0.0066944542,-0.0059384294
2382.469509403846,7931.99,5.2495055,0.00062565535,166321,1436.0751227930461,869.4358624195748,7174.3857,4.65334,1258.7808,1.4468958,7931.99,5.2495055,0,,,,,1436.0751227930461,0.0004640329,869.4358624195748,0.00048404263,0.006119098,-0.0016330665
2382.4764537376195,7929.753,5.251189,0.00062554784,166322,1436.0753408273997,869.4341389995232,7172.3306,4.654833,1260.1586,1.4494289,7929.753,5.251189,0,,,,,1436.0753408273997,0.00046428182,869.4341389995232,0.0004845631,0.0065789684,-0.0028784142
2382.4833980713342,7927.93,5.2538714,0.00062544027,166323,1436.0755503949845,869.4359727688117,7178.36,4.65721,1263.0232,1.4499055,7927.93,5.2538714,0,,,,,1436.0755503949845,0.0004640754,869.4359727688117,0.00048252151,0.0060297013,-0.0026235671
2382.490342405049,7932.28,5.256476,0.0006253327,166324,1436.0757232790227,869.4340619704425,7184.3877,4.6595187,1261.0388,1.448746,7932.28,5.256476,0,,,,,1436.0757232790227,0.00046414585,869.4340619704425,0.00048216712,0.00730484,-0.004537816
2382.497286738764,7921.9385,5.2526455,0.00062522513,166325,1436.075951271961,869.4367071286312,7171.2427,4.6561236,1266.0468,1.4495165,7921.9385,5.2526455,0,,,,,1436.075951271961,0.00046429105,869.4367071286312,0.0004832863,0.007264063,-0.0016588687
2382.504231072479,7921.4985,5.251767,0.00062511757,166326,1436.0757901607067,869.4345612901309,7165.151,4.6553445,1267.7776,1.4511166,7921.4985,5.251767,0,,,,,1436.0757901607067,0.00046466003,869.4345612901309,0.0004850222,0.0075958534,-0.003927411
2382.5111754061354,7930.2163,5.2541103,0.00062500994,166327,1436.075443448523,869.4340899875764,7171.5566,4.6574216,1268.8878,1.4522651,7930.2163,5.2541103,0,,,,,1436.075443448523,0.00046468884,869.4340899875764,0.00048527154,0.006814804,-0.004120391
2382.5181197397915,7930.844,5.254096,0.0006249023,166328,1436.074730420419,869.4351897621335,7168.622,4.6574087,1271.1029,1.4521775,7930.844,5.254096,0,,,,,1436.074730420419,0.0004651538,869.4351897621335,0.00048571348,0.0066731516,-0.0031333587
2382.5250640733893,7923.742,5.2569675,0.00062479463,166329,1436.0752216678795,869.4349979087403,7173.347,4.6599545,1274.6252,1.4546603,7923.742,5.2569675,0,,,,,1436.0752216678795,0.00046489915,869.4349979087403,0.00048346297,0.006940784,-0.0041839057
2382.532008406988,7927.169,5.261079,0.00062468695,166330,1436.0756420365492,869.4346637564726,7178.5703,4.663599,1273.1328,1.457295,7927.169,5.261079,0,,,,,1436.0756420365492,0.00046537825,869.4346637564726,0.00048328238,0.0061937794,-0.0039650416
2382.538952740587,7918.238,5.257369,0.00062457926,166331,1436.0756048666537,869.4322902582678,7167.92,4.6603107,1278.0687,1.456843,7918.238,5.257369,0,,,,,1436.0756048666537,0.0004650689,869.4322902582678,0.00048415986,0.007259881,-0.0051298896
2382.5458970741856,7929.6187,5.26211,0.0006244716,166332,1436.0756425646628,869.4350098135839,7177.244,4.664513,1280.3024,1.456764,7929.6187,5.26211,0,,,,,1436.0756425646628,0.00046556347,869.4350098135839,0.00048426786,0.0061797346,-0.003818911
2382.5528414077253,7931.7295,5.2640576,0.00062436383,166333,1436.0757241250951,869.4372032979841,7184.2437,4.6662393,1282.1898,1.4584187,7931.7295,5.2640576,0,,,,,1436.0757241250951,0.0004648331,869.4372032979841,0.00048252716,0.0070337616,-0.0015978147
2382.559785741266,7927.0605,5.262104,0.0006242561,166334,1436.074800323578,869.4321472402496,7171.0283,4.6645074,1287.4784,1.4592189,7927.0605,5.262104,0,,,,,1436.074800323578,0.0004657656,869.4321472402496,0.0004855356,0.00626689,-0.0062514083
2382.566730074806,7930.8696,5.2673936,0.00062414835,166335,1436.0743906314756,869.4363351652205,7181.227,4.6691966,1289.602,1.4605285,7930.8696,5.2673936,0,,,,,1436.0743906314756,0.00046552552,869.4363351652205,0.00048394938,0.0056559457,-0.0024507365
2382.573674408288,7928.4243,5.2658496,0.00062404055,166336,1436.0750788023845,869.4360827814709,7176.255,4.667828,1292.994,1.462653,7928.4243,5.2658496,0,,,,,1436.0750788023845,0.00046581213,869.4360827814709,0.00048483818,0.006401897,-0.0020909428
2382.58061874177,7926.2,5.26854,0.00062393275,166337,1436.076700116814,869.4357222671545,7176.5903,4.6702123,1294.1152,1.4628376,7926.2,5.26854,0,,,,,1436.076700116814,0.00046577968,869.4357222671545,0.00048448436,0.007405706,-0.0033133598
2382.5875630752525,7933.237,5.2712035,0.00062382495,166338,1436.075811535201,869.4325915640068,7182.0723,4.672574,1300.7041,1.4664245,7933.237,5.2712035,0,,,,,1436.075811535201,0.0004657485,869.4325915640068,0.00048441772,0.007480021,-0.0071620387
2382.594507408676,7921.162,5.2691045,0.0006237171,166339,1436.0755990829514,869.4406173558137,7172.9473,4.6707134,1303.0046,1.4655412,7921.162,5.2691045,0,,,,,1436.0755990829514,0.00046591822,869.4406173558137,0.00048442805,0.006388688,0.0005856686
2382.6014517420986,7934.651,5.271479,0.00062360923,166340,1436.0755261237143,869.4320743205727,7176.82,4.672818,1306.0479,1.4670314,7934.651,5.271479,0,,,,,1436.0755261237143,0.00046609214,869.4320743205727,0.0004868763,0.006991331,-0.0059819533
2382.6083960755223,7927.2456,5.2730126,0.0006235014,166341,1436.0752749245678,869.4354199587418,7177.906,4.6741776,1309.3345,1.4689076,7927.2456,5.2730126,0,,,,,1436.0752749245678,0.00046629764,869.4354199587418,0.00048510835,0.0064010825,-0.0039519058
2382.6153404089464,7934.172,5.2760696,0.0006233935,166342,1436.0748220730666,869.4349997179312,7182.168,4.676887,1312.8008,1.470389,7934.172,5.2760696,0,,,,,1436.0748220730666,0.00046621216,869.4349997179312,0.0004854844,0.006163166,-0.0038885195
2382.6222847423123,7931.737,5.2782316,0.0006232856,166343,1436.076454269001,869.4360453359612,7180.7065,4.6788034,1314.6494,1.472359,7931.737,5.2782316,0,,,,,1436.076454269001,0.00046681118,869.4360453359612,0.00048567425,0.0068369852,-0.0024414044
2382.629229075678,7919.4175,5.275969,0.0006231777,166344,1436.0760052248038,869.4357679803818,7172.344,4.676798,1321.2123,1.4734975,7919.4175,5.275969,0,,,,,1436.0760052248038,0.00046701563,869.4357679803818,0.00048505334,0.0076261978,-0.0035654535
2382.636173408985,7927.103,5.281497,0.0006230697,166345,1436.0757195246663,869.4348213720206,7180.477,4.681698,1322.3115,1.4763211,7927.103,5.281497,0,,,,,1436.0757195246663,0.00046688062,869.4348213720206,0.00048482645,0.0069058766,-0.004500403
2382.643117742351,7922.556,5.279174,0.0006229618,166346,1436.0738854945741,869.4381336318546,7172.046,4.679639,1326.9933,1.4767479,7922.556,5.279174,0,,,,,1436.0738854945741,0.00046741415,869.4381336318546,0.00048628077,0.00491271,0.0011287665
2382.6500620756005,7933.2095,5.2835417,0.00062285375,166347,1436.075065517656,869.4297190292868,7180.274,4.683511,1327.6888,1.4766523,7933.2095,5.2835417,0,,,,,1436.075065517656,0.00046720883,869.4297190292868,0.00048646214,0.006966579,-0.009451539
2382.6570064089083,7936.7817,5.283344,0.0006227458,166348,1436.0758942446098,869.4340624580318,7189.389,4.6833353,1326.8951,1.4761393,7936.7817,5.283344,0,,,,,1436.0758942446098,0.00046664572,869.4340624580318,0.00048493283,0.006760846,-0.004641719
2382.663950742157,7924.543,5.282859,0.00062263774,166349,1436.0764153633575,869.436453348062,7175.409,4.682905,1331.3175,1.4797673,7924.543,5.282859,0,,,,,1436.0764153633575,0.00046777434,869.436453348062,0.00048596456,0.0076513668,-0.0029678673
2382.6708950754055,7926.774,5.282529,0.0006225297,166350,1436.0755452197736,869.4344949277878,7177.1865,4.682613,1332.5028,1.4791769,7926.774,5.282529,0,,,,,1436.0755452197736,0.00046707585,869.4344949277878,0.00048596333,0.0066892314,-0.0045404923
2382.677839408654,7928.2905,5.283694,0.0006224217,166351,1436.0757020993665,869.4390466535002,7176.006,4.6836457,1334.661,1.478956,7928.2905,5.283694,0,,,,,1436.0757020993665,0.00046752114,869.4390466535002,0.0004870156,0.006201973,0.0011991576
2382.6847837419036,7933.178,5.2849865,0.00062231364,166352,1436.0769124608873,869.4311123156084,7182.402,4.6847916,1334.7057,1.4795517,7933.178,5.2849865,0,,,,,1436.0769124608873,0.000467519,869.4311123156084,0.000485886,0.007811234,-0.008156375
2382.691728075095,7931.8916,5.287332,0.00062220555,166353,1436.075116745099,869.4376454004057,7181.5156,4.6868706,1332.1873,1.4794393,7931.8916,5.287332,0,,,,,1436.075116745099,0.00046816567,869.4376454004057,0.00048679713,0.0062437914,-0.0007012587
2382.698672408228,7918.0186,5.283655,0.0006220974,166354,1436.07481912977,869.4357098477932,7166.4976,4.6836114,1337.3815,1.4815863,7918.0186,5.283655,0,,,,,1436.07481912977,0.0004680379,869.4357098477932,0.0004876935,0.0058334395,-0.0030913686
2382.705616741419,7928.7974,5.286465,0.0006219893,166355,1436.0758300745035,869.4363411181469,7180.973,4.686102,1335.6427,1.4805793,7928.7974,5.286465,0,,,,,1436.0758300745035,0.00046740205,869.4363411181469,0.000485909,0.0065932544,-0.002424698
2382.7125610745516,7928.284,5.282924,0.00062188116,166356,1436.0762143938873,869.4337078887507,7174.517,4.6829634,1335.6439,1.4791318,7928.284,5.282924,0,,,,,1436.0762143938873,0.00046751308,869.4337078887507,0.00048718016,0.007656226,-0.0043695504
2382.7195054076847,7926.089,5.2841024,0.000621773,166357,1436.075066395813,869.4341662171811,7176.755,4.6840076,1337.2568,1.4799693,7926.089,5.2841024,0,,,,,1436.075066395813,0.00046753522,869.4341662171811,0.00048643464,0.0057038255,-0.0051906947
2382.7264497407587,7928.4604,5.285355,0.0006216648,166358,1436.075012135334,869.4355751674394,7181.5747,4.685118,1335.5708,1.4787523,7928.4604,5.285355,0,,,,,1436.075012135334,0.00046759262,869.4355751674394,0.00048542055,0.006398795,-0.0023187227
2382.7333940738918,7929.3193,5.2858577,0.00062155665,166359,1436.0748036430434,869.4360404321516,7182.321,4.6855636,1337.5045,1.4806116,7929.3193,5.2858577,0,,,,,1436.0748036430434,0.0004672748,869.4360404321516,0.00048553554,0.0063735098,-0.002877983
2382.740338406908,7921.4336,5.2852836,0.0006214484,166360,1436.075610904136,869.4339973325226,7175.349,4.6850543,1336.7443,1.4830594,7921.4336,5.2852836,0,,,,,1436.075610904136,0.00046767382,869.4339973325226,0.00048603895,0.0068859844,-0.005370722
2382.7472827399824,7922.5615,5.2833686,0.0006213402,166361,1436.0751347261353,869.4359582163697,7172.9565,4.6833577,1337.8617,1.4797001,7922.5615,5.2833686,0,,,,,1436.0751347261353,0.00046763697,869.4359582163697,0.00048661474,0.00631252,-0.0029973253
2382.754227072998,7932.457,5.2853045,0.0006212319,166362,1436.0753339066355,869.4349156792345,7185.286,4.6850734,1335.7277,1.479392,7932.457,5.2853045,0,,,,,1436.0753339066355,0.0004669908,869.4349156792345,0.0004848637,0.0073302877,-0.003481906
2382.7889487379052,7931.9253,5.286701,0.0006206904,166367,1436.0747007456425,869.4372140388373,7186.5493,4.6863117,1335.3553,1.4804401,7931.9253,5.286701,0,,,,,1436.0747007456425,0.0004676041,869.4372140388373,0.00048471248,0.005977823,-0.0017617095
2382.7958930708637,7929.1953,5.2869673,0.0006205821,166368,1436.07621192114,869.4362079955927,7181.945,4.6865473,1339.7972,1.4811621,7929.1953,5.2869673,0,,,,,1436.07621192114,0.00046746118,869.4362079955927,0.0004852239,0.0071710977,-0.0026655744
2382.802837403764,7933.036,5.2874537,0.0006204737,166369,1436.075712499095,869.4359463512322,7186.065,4.6869783,1336.681,1.4813938,7933.036,5.2874537,0,,,,,1436.075712499095,0.0004677184,869.4359463512322,0.0004852162,0.0067022727,-0.0028135215
2382.8097817366643,7925.033,5.287537,0.0006203653,166370,1436.074607577663,869.43515692647,7179.4253,4.6870527,1339.2682,1.4819436,7925.033,5.287537,0,,,,,1436.074607577663,0.00046741357,869.43515692647,0.00048572,0.0062200697,-0.0034579104
2382.816726069506,7934.6265,5.28876,0.0006202569,166371,1436.0742231905074,869.4362465421905,7188.038,4.6881366,1341.3925,1.4825494,7934.6265,5.28876,0,,,,,1436.0742231905074,0.00046744721,869.4362465421905,0.00048526435,0.0061949776,-0.003060161
2382.823670402347,7925.398,5.2864575,0.00062014844,166372,1436.0753452789997,869.4370316606019,7178.3926,4.686095,1339.5851,1.4827205,7925.398,5.2864575,0,,,,,1436.0753452789997,0.00046782682,869.4370316606019,0.000485435,0.0070542297,-0.001941945
2382.830614735188,7927.136,5.2865195,0.00062004,166373,1436.0761605698478,869.4363655006465,7182.1377,4.6861506,1338.4211,1.480458,7927.136,5.2865195,0,,,,,1436.0761605698478,0.0004676783,869.4363655006465,0.00048509176,0.0070434897,-0.0026648915
2382.8375590680293,7934.5283,5.2894244,0.00061993155,166374,1436.0752217269855,869.4370907605545,7189.982,4.6887255,1341.0275,1.4815725,7934.5283,5.2894244,0,,,,,1436.0752217269855,0.0004671593,869.4370907605545,0.00048484583,0.0061489064,-0.0026618172
2382.844503400813,7936.04,5.290066,0.00061982305,166375,1436.0747432906182,869.43438916628,7188.627,4.689294,1341.2751,1.4822557,7936.04,5.290066,0,,,,,1436.0747432906182,0.00046781707,869.43438916628,0.00048519328,0.0066697644,-0.0035987727
2382.851447733597,7925.446,5.2865863,0.00061971456,166376,1436.0738628655029,869.4355461238147,7179.907,4.686209,1340.2572,1.4817245,7925.446,5.2865863,0,,,,,1436.0738628655029,0.00046824923,869.4355461238147,0.00048529773,0.00527309,-0.004046136
2382.8583920663805,7935.221,5.2903957,0.00061960606,166377,1436.076281764539,869.4371787300302,7189.9463,4.689586,1340.6017,1.4834664,7935.221,5.2903957,0,,,,,1436.076281764539,0.00046728298,869.4371787300302,0.00048492884,0.00660986,-0.0012858922
2382.865336399106,7928.631,5.2883487,0.0006194975,166378,1436.0758681159657,869.43555854111,7182.9478,4.687772,1343.3029,1.4830985,7928.631,5.2883487,0,,,,,1436.0758681159657,0.00046759026,869.43555854111,0.00048496065,0.006138245,-0.0035002304
2382.872280731832,7930.932,5.289369,0.00061938894,166379,1436.0758312929763,869.4370799556405,7185.8027,4.6886764,1343.0608,1.4833403,7930.932,5.289369,0,,,,,1436.0758312929763,0.0004676528,869.4370799556405,0.0004846347,0.0064211898,-0.0019837685
2382.879225064557,7934.173,5.2895246,0.0006192804,166380,1436.075021632986,869.4359232838864,7186.8457,4.688814,1341.9885,1.4828345,7934.173,5.2895246,0,,,,,1436.075021632986,0.00046769477,869.4359232838864,0.0004857077,0.007608446,-0.0028992128
2382.886169397224,7921.7207,5.2867985,0.00061917177,166381,1436.0743617222836,869.4346433836586,7176.9365,4.6863976,1343.7758,1.4835474,7921.7207,5.2867985,0,,,,,1436.0743617222836,0.0004677646,869.4346433836586,0.0004856101,0.0053852247,-0.004177365
2382.8931137298914,7930.3677,5.2883935,0.00061906315,166382,1436.0749225589757,869.4371824702387,7183.9297,4.687812,1340.439,1.4823484,7930.3677,5.2883935,0,,,,,1436.0749225589757,0.00046757393,869.4371824702387,0.00048522084,0.0066109397,-0.0011845494
2382.900058062558,7922.9814,5.285286,0.00061895454,166383,1436.074943981257,869.4364888087833,7177.992,4.685057,1339.6198,1.4809963,7922.9814,5.285286,0,,,,,1436.074943981257,0.00046778985,869.4364888087833,0.0004854637,0.006580703,-0.0022407097
2382.9070023952245,7927.0356,5.286768,0.0006188459,166384,1436.074480800011,869.4364738763143,7182.669,4.686371,1340.6166,1.4810916,7927.0356,5.286768,0,,,,,1436.074480800011,0.0004676359,869.4364738763143,0.00048503408,0.005824888,-0.0031376055
2382.9139467278333,7931.596,5.2879314,0.00061873725,166385,1436.0753492409497,869.4359258328576,7186.7188,4.687402,1338.0857,1.4814327,7931.596,5.2879314,0,,,,,1436.0753492409497,0.00046714043,869.4359258328576,0.00048484784,0.0052481904,-0.0026497322
2382.920891060442,7922.3423,5.2840233,0.0006186286,166386,1436.0745868775882,869.4344920041854,7177.5806,4.6839375,1338.1152,1.4802669,7922.3423,5.2840233,0,,,,,1436.0745868775882,0.0004676238,869.4344920041854,0.00048509767,0.0062008384,-0.0050865337
2382.9278353930513,7925.0884,5.285245,0.0006185199,166387,1436.0748087217867,869.4365734680681,7180.909,4.6850204,1337.9657,1.4798905,7925.0884,5.285245,0,,,,,1436.0748087217867,0.00046730504,869.4365734680681,0.0004851953,0.0062212185,-0.0020521795
2382.9347797256023,7927.038,5.284999,0.00061841117,166388,1436.0749928206642,869.4363871275764,7182.322,4.684802,1335.2334,1.4802895,7927.038,5.284999,0,,,,,1436.0749928206642,0.00046740123,869.4363871275764,0.0004848854,0.0058536036,-0.003184015
2382.941724058153,7928.6475,5.28666,0.00061830244,166389,1436.0747807345822,869.4352723545987,7182.34,4.686275,1334.3657,1.4799472,7928.6475,5.28666,0,,,,,1436.0747807345822,0.00046738217,869.4352723545987,0.00048534575,0.0058242898,-0.003971472
2382.9486683907035,7932.967,5.286804,0.0006181937,166390,1436.0762018020096,869.435908595625,7187.6084,4.686403,1332.5682,1.4778392,7932.967,5.286804,0,,,,,1436.0762018020096,0.00046671423,869.435908595625,0.00048483838,0.006226892,-0.002724893
2382.9556127231963,7929.377,5.2858768,0.0006180849,166391,1436.0761895996716,869.4359727618817,7184.486,4.6855807,1334.7006,1.4798502,7929.377,5.2858768,0,,,,,1436.0761895996716,0.00046720504,869.4359727618817,0.0004848257,0.0075109443,-0.0032461926
2382.9625570556886,7933.5938,5.2883615,0.0006179761,166392,1436.0738583004322,869.4362895845479,7189.3477,4.6877832,1331.6006,1.4825749,7933.5938,5.2883615,0,,,,,1436.0738583004322,0.00046702693,869.4362895845479,0.00048474784,0.004885253,-0.002845796
2382.969501388181,7934.3193,5.2853565,0.00061786734,166393,1436.0756541023304,869.4364964369154,7189.6724,4.685119,1331.7302,1.4777263,7934.3193,5.2853565,0,,,,,1436.0756541023304,0.00046686942,869.4364964369154,0.0004842296,0.0061320076,-0.0027930336
2382.9764457206147,7936.3477,5.2835283,0.0006177585,166394,1436.0757272445187,869.4366507405746,7190.7837,4.683499,1328.0819,1.476134,7936.3477,5.2835283,0,,,,,1436.0757272445187,0.00046662014,869.4366507405746,0.0004838457,0.0058727725,-0.0024394454
2382.9833900530484,7935.854,5.2829447,0.00061764964,166395,1436.0749070302124,869.4349710660478,7190.239,4.6829815,1324.4601,1.4754322,7935.854,5.2829447,0,,,,,1436.0749070302124,0.000466763,869.4349710660478,0.00048404082,0.0059896284,-0.0047469307
2382.990334385483,7933.008,5.2828045,0.0006175408,166396,1436.0750571993874,869.4386470943325,7188.435,4.682857,1326.6918,1.4764445,7933.008,5.2828045,0,,,,,1436.0750571993874,0.0004666789,869.4386470943325,0.00048385464,0.0059867487,-0.0017812838
2382.9972787179177,7920.3516,5.2791743,0.00061743194,166397,1436.0762475545278,869.4363369466911,7176.4883,4.6796393,1326.0276,1.4748731,7920.3516,5.2791743,0,,,,,1436.0762475545278,0.00046712253,869.4363369466911,0.00048447592,0.0069020092,-0.0028707085
2383.004223050294,7929.117,5.280498,0.00061732304,166398,1436.0746455055548,869.435292925629,7183.462,4.680813,1323.0913,1.4741278,7929.117,5.280498,0,,,,,1436.0746455055548,0.00046677483,869.435292925629,0.00048436914,0.0059038913,-0.002676175
2383.0111673826696,7930.614,5.279869,0.00061721413,166399,1436.0750442643275,869.4356323949875,7185.8823,4.6802554,1320.7272,1.4735241,7930.614,5.279869,0,,,,,1436.0750442643275,0.0004664888,869.4356323949875,0.0004840907,0.0064491048,-0.002646588
2383.018111715046,7920.244,5.2781954,0.0006171052,166400,1436.0760050115691,869.4364635318343,7176.321,4.6787715,1322.2035,1.4737796,7920.244,5.2781954,0,,,,,1436.0760050115691,0.0004669807,869.4364635318343,0.00048453108,0.0057381038,-0.0022634969
2383.0250560473637,7934.893,5.2831435,0.00061699626,166401,1436.0747337636155,869.4363896635541,7188.7524,4.6831574,1322.125,1.4740899,7934.893,5.2831435,0,,,,,1436.0747337636155,0.00046666714,869.4363896635541,0.00048452878,0.006073796,-0.00208352
2383.0320003796814,7933.218,5.282697,0.0006168873,166402,1436.0752065336353,869.4350562665439,7188.2935,4.682762,1321.7188,1.4750832,7933.218,5.282697,0,,,,,1436.0752065336353,0.00046706563,869.4350562665439,0.00048412205,0.006643098,-0.0045805704
2383.0389447119996,7926.3726,5.277914,0.0006167783,166403,1436.0756347498439,869.4370508388834,7182.052,4.678522,1319.0208,1.4727637,7926.3726,5.277914,0,,,,,1436.0756347498439,0.00046638565,869.4370508388834,0.0004840036,0.0075589074,-0.0017932658
2383.0458890442596,7931.038,5.278982,0.0006166693,166404,1436.074820745808,869.4357343467617,7185.1406,4.6794686,1320.3013,1.4726827,7931.038,5.278982,0,,,,,1436.074820745808,0.00046641772,869.4357343467617,0.0004839462,0.005242895,-0.0028119243
2383.0528333765187,7924.434,5.2795067,0.0006165603,166405,1436.075975539278,869.4361938353692,7180.643,4.679934,1322.1887,1.4747715,7924.434,5.2795067,0,,,,,1436.075975539278,0.00046651956,869.4361938353692,0.00048392257,0.0074027367,-0.0025291631
2383.0597777087773,7926.0513,5.280932,0.00061645126,166406,1436.075161073949,869.4355055732874,7182.1187,4.681197,1319.854,1.4747342,7926.0513,5.280932,0,,,,,1436.075161073949,0.00046697364,869.4355055732874,0.00048442182,0.0059213424,-0.0030783413
2383.0667220409787,7925.271,5.279031,0.0006163422,166407,1436.0755830116766,869.436182412977,7180.3193,4.679512,1322.5422,1.4741582,7925.271,5.279031,0,,,,,1436.0755830116766,0.0004668966,869.436182412977,0.0004843639,0.0060966997,-0.002750886
2383.0736663731805,7923.6416,5.278593,0.0006162331,166408,1436.0752954203347,869.4360270320988,7179.688,4.679124,1321.1147,1.4736972,7923.6416,5.278593,0,,,,,1436.0752954203347,0.0004668437,869.4360270320988,0.00048426216,0.006813285,-0.002784591
2383.0806107053822,7931.573,5.281221,0.000616124,166409,1436.073925635906,869.4352584410394,7186.249,4.6814537,1321.1221,1.4743209,7931.573,5.281221,0,,,,,1436.073925635906,0.0004670158,869.4352584410394,0.00048417496,0.0048806146,-0.0037603122
2383.0875550375836,7923.4536,5.2787237,0.00061601494,166410,1436.0754900027575,869.4370563778953,7179.8794,4.6792397,1321.0,1.4742461,7923.4536,5.2787237,0,,,,,1436.0754900027575,0.0004668688,869.4370563778953,0.0004840832,0.0073394454,-0.0015707248
2383.0944993697267,7919.0825,5.2778635,0.0006159058,166411,1436.0757093365469,869.4368638275871,7175.138,4.6784773,1322.7255,1.4747113,7919.0825,5.2778635,0,,,,,1436.0757093365469,0.0004671699,869.4368638275871,0.00048422685,0.0063047297,-0.0022199412
2383.1014437018703,7930.356,5.2828383,0.00061579666,166412,1436.0763976157575,869.43674266837,7185.954,4.6828876,1324.6703,1.4764731,7930.356,5.2828383,0,,,,,1436.0763976157575,0.00046651496,869.43674266837,0.00048421556,0.006646862,-0.002864823
2383.108388034014,7929.646,5.280588,0.0006156875,166413,1436.0740557095728,869.4352016351849,7185.5376,4.6808925,1321.767,1.4745792,7929.646,5.280588,0,,,,,1436.0740557095728,0.00046652142,869.4352016351849,0.0004839091,0.004982889,-0.0035318953
2383.115332366099,7926.369,5.2796345,0.0006155783,166414,1436.076093767261,869.4373000813176,7181.3467,4.6800475,1322.296,1.4747562,7926.369,5.2796345,0,,,,,1436.076093767261,0.00046689995,869.4373000813176,0.00048422485,0.007537726,-0.0019432091
2383.1222766981837,7922.6235,5.279066,0.0006154691,166415,1436.075736376839,869.4366658281133,7178.1836,4.679544,1322.2662,1.4744838,7922.6235,5.279066,0,,,,,1436.075736376839,0.00046708755,869.4366658281133,0.00048441053,0.0065610674,-0.0023354087
2383.129221030269,7934.572,5.283096,0.0006153599,166416,1436.0744681711546,869.4360379859629,7189.5464,4.6831155,1325.0948,1.4763309,7934.572,5.283096,0,,,,,1436.0744681711546,0.0004663345,869.4360379859629,0.0004841087,0.0055396585,-0.0031836694
2383.1361653622953,7920.55,5.280272,0.00061525067,166417,1436.0743782199265,869.4359074910072,7176.9224,4.6806126,1326.1381,1.4763138,7920.55,5.280272,0,,,,,1436.0743782199265,0.0004672376,869.4359074910072,0.00048487162,0.005821123,-0.0038340974
2383.1431096943797,7927.433,5.284162,0.0006151415,166418,1436.0756828658016,869.437394812175,7182.282,4.6840606,1327.4001,1.4771149,7927.433,5.284162,0,,,,,1436.0756828658016,0.00046702882,869.437394812175,0.00048505404,0.0064880196,-0.001152088
2383.1500540263487,7921.019,5.2808604,0.00061503216,166419,1436.0754742206252,869.4360556073768,7177.4775,4.6811337,1329.7446,1.4772469,7921.019,5.2808604,0,,,,,1436.0754742206252,0.00046745286,869.4360556073768,0.0004845024,0.0064064558,-0.003858742
2383.156998358376,7926.7866,5.28356,0.0006149229,166420,1436.0742085357506,869.4359945896257,7182.3433,4.6835265,1328.1844,1.4783549,7926.7866,5.28356,0,,,,,1436.0742085357506,0.00046695545,869.4359945896257,0.0004848971,0.005472528,-0.004035742
2383.1639426903444,7931.625,5.2837453,0.0006148136,166421,1436.075641302614,869.436645018446,7186.3115,4.683691,1329.0511,1.477644,7931.625,5.2837453,0,,,,,1436.075641302614,0.00046699715,869.436645018446,0.00048420846,0.006816777,-0.0010548328
2383.1708870223124,7934.6475,5.2838907,0.0006147043,166422,1436.0739371054494,869.4367836439507,7189.659,4.68382,1327.5895,1.4766929,7934.6475,5.2838907,0,,,,,1436.0739371054494,0.00046623478,869.4367836439507,0.00048416454,0.005422426,-0.0030076604
2383.177831354281,7935.2363,5.2836204,0.00061459496,166423,1436.0748901441864,869.4359072328335,7190.1157,4.6835804,1327.4286,1.4763649,7935.2363,5.2836204,0,,,,,1436.0748901441864,0.0004665296,869.4359072328335,0.00048402903,0.006243467,-0.0033533887
2383.1847756861916,7927.0713,5.2871532,0.0006144856,166424,1436.0757572505001,869.437029441483,7183.0903,4.6867123,1334.8586,1.4800943,7927.0713,5.2871532,0,,,,,1436.0757572505001,0.00046721112,869.437029441483,0.00048480183,0.0063406136,-0.0021286549
2383.1917200181024,7924.398,5.2846155,0.0006143762,166425,1436.0753034028744,869.4363081501311,7180.8965,4.6844625,1335.4354,1.4798813,7924.398,5.2846155,0,,,,,1436.0753034028744,0.00046741607,869.4363081501311,0.00048463722,0.0059509417,-0.0022283432
2383.1986643500127,7931.0977,5.285229,0.00061426684,166426,1436.0759449578907,869.4360483134711,7185.6553,4.6850066,1333.6871,1.4786363,7931.0977,5.285229,0,,,,,1436.0759449578907,0.00046706892,869.4360483134711,0.0004847356,0.0066344906,-0.0030216894
2383.205608681865,7924.8994,5.2829685,0.0006141574,166427,1436.075102693511,869.4357434464014,7179.4385,4.6830025,1333.8433,1.478537,7924.8994,5.2829685,0,,,,,1436.075102693511,0.00046776765,869.4357434464014,0.0004847606,0.0053667575,-0.0027693738
2383.2125530137173,7935.3345,5.2876725,0.000614048,166428,1436.0754843332363,869.4357313499996,7190.6196,4.6871724,1336.5264,1.4800084,7935.3345,5.2876725,0,,,,,1436.0754843332363,0.00046703272,869.4357313499996,0.00048429164,0.0059963097,-0.0031476102
2383.219497345569,7930.807,5.287778,0.00061393855,166429,1436.075450658336,869.4372781555084,7185.906,4.687266,1339.0281,1.4806513,7930.807,5.287778,0,,,,,1436.075450658336,0.00046713382,869.4372781555084,0.00048491816,0.0067884508,-0.0022926047
2383.226441677363,7925.0894,5.2856984,0.00061382906,166430,1436.0754116802689,869.4364016083005,7180.335,4.685423,1338.5111,1.4805499,7925.0894,5.2856984,0,,,,,1436.0754116802689,0.00046753496,869.4364016083005,0.00048490232,0.006275,-0.0021572728
2383.2333860092144,7934.057,5.288545,0.00061371963,166431,1436.0746610600518,869.4356140206261,7189.2134,4.687946,1338.0614,1.48128,7934.057,5.288545,0,,,,,1436.0746610600518,0.0004670405,869.4356140206261,0.00048478585,0.005970033,-0.0039755804
2383.2403303410083,7924.15,5.2866683,0.00061361014,166432,1436.0750095089427,869.4368359363208,7180.5664,4.686282,1337.895,1.4825842,7924.15,5.2866683,0,,,,,1436.0750095089427,0.00046768776,869.4368359363208,0.00048527893,0.005889849,-0.0014091121
2383.2472746727444,7933.116,5.2881365,0.0006135006,166433,1436.0747952831045,869.4368721884591,7187.8477,4.687584,1340.0087,1.4813726,7933.116,5.2881365,0,,,,,1436.0747952831045,0.0004670631,869.4368721884591,0.00048477715,0.006428991,-0.0026707137
2383.2542190044805,7925.893,5.286641,0.00061339105,166434,1436.0753980006843,869.4360062907108,7180.501,4.6862583,1339.8286,1.4823068,7925.893,5.286641,0,,,,,1436.0753980006843,0.0004674398,869.4360062907108,0.00048514208,0.006639359,-0.0031405147
2383.2611633362167,7927.8774,5.284664,0.0006132815,166435,1436.07481063285,869.4364205277102,7181.8936,4.684506,1336.2706,1.4793445,7927.8774,5.284664,0,,,,,1436.07481063285,0.00046733566,869.4364205277102,0.0004851472,0.0058587254,-0.0023322874
2383.268107667953,7941.632,5.294435,0.00061317196,166436,1436.0754489643264,869.4360102422434,7195.319,4.6931667,1337.5815,1.483399,7941.632,5.294435,0,,,,,1436.0754489643264,0.00046774556,869.4360102422434,0.0004850395,0.00587813,-0.0027298026
2383.2750519996303,7928.2217,5.286419,0.00061306235,166437,1436.075492778556,869.436035504789,7183.517,4.686061,1337.2781,1.4793261,7928.2217,5.286419,0,,,,,1436.075492778556,0.0004670922,869.436035504789,0.00048508134,0.006374131,-0.003143803
2383.2819963313073,7929.959,5.285151,0.00061295275,166438,1436.0736669326857,869.4359692504302,7185.291,4.6849375,1335.3401,1.479349,7929.959,5.285151,0,,,,,1436.0736669326857,0.00046681808,869.4359692504302,0.00048460544,0.0047863657,-0.0032103718
2383.2889406629843,7929.211,5.2850223,0.00061284314,166439,1436.0760315942346,869.4380893180797,7183.605,4.6848235,1334.7311,1.4798253,7929.211,5.2850223,0,,,,,1436.0760315942346,0.00046721488,869.4380893180797,0.0004846162,0.0073019452,-0.00062506285
2383.2958849946613,7927.9087,5.2844696,0.00061273354,166440,1436.0748092482283,869.4369622244186,7183.406,4.6843333,1334.3809,1.4785737,7927.9087,5.2844696,0,,,,,1436.0748092482283,0.00046689046,869.4369622244186,0.00048465136,0.0061634365,-0.0027200137
2383.302829326281,7927.738,5.283297,0.0006126239,166441,1436.0745926165064,869.435970982174,7181.8203,4.683294,1330.2109,1.477776,7927.738,5.283297,0,,,,,1436.0745926165064,0.0004669775,869.435970982174,0.00048478338,0.0056938124,-0.0034993312
2383.3097736579007,7940.784,5.2853484,0.0006125142,166442,1436.0758278583294,869.4366937046367,7194.7603,4.6851125,1329.113,1.4763415,7940.784,5.2853484,0,,,,,1436.0758278583294,0.00046658187,869.4366937046367,0.00048380467,0.0062811202,-0.0013513074
2383.3167179894617,7938.5996,5.283754,0.0006124045,166443,1436.0746855895975,869.4364422791534,7192.9473,4.6836987,1323.8392,1.4759635,7938.5996,5.283754,0,,,,,1436.0746855895975,0.00046654168,869.4364422791534,0.0004839468,0.0062134773,-0.0025727756
2383.3236623210814,7933.4834,5.283486,0.0006122948,166444,1436.0746262755515,869.4358266996182,7188.642,4.683461,1320.7294,1.4760083,7933.4834,5.283486,0,,,,,1436.0746262755515,0.00046668996,869.4358266996182,0.00048404833,0.005486721,-0.004015423
2383.330606652584,7920.218,5.2782564,0.00061218505,166445,1436.0760963082867,869.4380107686102,7175.912,4.6788263,1320.6938,1.4735986,7920.218,5.2782564,0,,,,,1436.0760963082867,0.0004672761,869.4380107686102,0.00048472988,0.007062998,-0.0006414963
2383.3375509841453,7931.5356,5.282703,0.0006120753,166446,1436.075370071543,869.4360945357482,7187.016,4.6827674,1319.4385,1.4757806,7931.5356,5.282703,0,,,,,1436.075370071543,0.00046685516,869.4360945357482,0.0004837857,0.006372495,-0.0025709202
2383.344495315648,7918.22,5.27426,0.00061196554,166447,1436.0748583645782,869.4360764146732,7173.02,4.6752834,1316.4288,1.4717679,7918.22,5.27426,0,,,,,1436.0748583645782,0.00046690603,869.4360764146732,0.00048414245,0.0057838336,-0.0023842913
2383.351439647209,7927.7427,5.2771196,0.0006118558,166448,1436.0741651132662,869.4360455537541,7182.824,4.6778183,1313.793,1.4704992,7927.7427,5.2771196,0,,,,,1436.0741651132662,0.0004661548,869.4360455537541,0.00048395578,0.0059389044,-0.0036637876
2383.3583839786543,7933.1426,5.275894,0.000611746,166449,1436.076561854109,869.4371008240703,7187.383,4.676732,1309.6335,1.4694965,7933.1426,5.275894,0,,,,,1436.076561854109,0.00046616464,869.4371008240703,0.00048329346,0.006963759,-0.0015557505
2383.365328310157,7926.494,5.2745852,0.0006116362,166450,1436.075449375011,869.4359993333977,7182.374,4.6755714,1309.0881,1.469872,7926.494,5.2745852,0,,,,,1436.075449375011,0.000466135,869.4359993333977,0.00048337688,0.005437872,-0.003079331
2383.3722726416013,7931.406,5.2731757,0.00061152637,166451,1436.0754691739828,869.4366947964479,7185.584,4.674322,1304.3821,1.4671263,7931.406,5.2731757,0,,,,,1436.0754691739828,0.00046585166,869.4366947964479,0.0004831151,0.0056242603,-0.0022439812
2383.379216973046,7920.826,5.270579,0.00061141653,166452,1436.0751076032175,869.4371120062588,7177.1406,4.6720204,1301.9769,1.4662775,7920.826,5.270579,0,,,,,1436.0751076032175,0.00046588245,869.4371120062588,0.0004835025,0.00665517,-0.001905091
2383.386161304433,7922.9595,5.2681713,0.00061130663,166453,1436.0753275766303,869.4352724910168,7178.5884,4.669886,1295.605,1.4623703,7922.9595,5.2681713,0,,,,,1436.0753275766303,0.0004654425,869.4352724910168,0.0004830645,0.006007304,-0.0036391462
2383.3931056358188,7937.691,5.270611,0.00061119674,166454,1436.0745337019657,869.4368862804633,7191.2974,4.6720486,1294.6648,1.462334,7937.691,5.270611,0,,,,,1436.0745337019657,0.00046536408,869.4368862804633,0.00048245882,0.0058939387,-0.0016153633
2383.4000499672056,7924.2783,5.2702217,0.00061108684,166455,1436.074709395265,869.4359332342027,7179.845,4.671704,1296.1378,1.4660734,7924.2783,5.2702217,0,,,,,1436.074709395265,0.0004658676,869.4359332342027,0.00048336474,0.0055735223,-0.0026852041
2383.4069942985925,7926.384,5.2665415,0.00061097695,166456,1436.0755437239877,869.4365267894116,7181.6245,4.668441,1291.9077,1.460934,7926.384,5.2665415,0,,,,,1436.0755437239877,0.00046551088,869.4365267894116,0.00048266453,0.0061839884,-0.0020686914
2383.413938629921,7936.127,5.2699947,0.000610867,166457,1436.0735168985452,869.4342810213557,7190.5786,4.6715026,1290.3203,1.4613385,7936.127,5.2699947,0,,,,,1436.0735168985452,0.0004650232,869.4342810213557,0.0004826337,0.0046632537,-0.0043560197
2383.4208829612494,7930.895,5.266019,0.00061075704,166458,1436.0761393109308,869.4377481479478,7184.935,4.667978,1288.5259,1.4597285,7930.895,5.266019,0,,,,,1436.0761393109308,0.00046509743,869.4377481479478,0.0004823854,0.007763684,-0.00092986785
2383.4278272925776,7933.978,5.267787,0.0006106471,166459,1436.0748471960292,869.4362107546111,7188.8105,4.6695457,1286.3439,1.4608575,7933.978,5.267787,0,,,,,1436.0748471960292,0.00046508218,869.4362107546111,0.00048231886,0.0053041386,-0.0026912738
2383.4347716239063,7931.9956,5.2670884,0.0006105371,166460,1436.0746115920156,869.4365605671887,7187.0747,4.668926,1289.0164,1.4600784,7931.9956,5.2670884,0,,,,,1436.0746115920156,0.0004647934,869.4365605671887,0.00048231217,0.006269805,-0.0027334827
2383.441715955175,7937.2573,5.2679367,0.0006104271,166461,1436.0746477854793,869.4373940480734,7191.948,4.669678,1287.882,1.4594501,7937.2573,5.2679367,0,,,,,1436.0746477854793,0.00046472135,869.4373940480734,0.000481959,0.0052769193,-0.0022453456
2383.4486602863863,7933.145,5.266664,0.00061031705,166462,1436.0749175495753,869.4347818348826,7187.7046,4.66855,1285.3845,1.459768,7933.145,5.266664,0,,,,,1436.0749175495753,0.00046530264,869.4347818348826,0.00048207716,0.0056980704,-0.0033515196
2383.4556046176567,7931.2153,5.2659855,0.00061020703,166463,1436.0747222112643,869.4375750428326,7185.997,4.6679482,1285.7433,1.4595096,7931.2153,5.2659855,0,,,,,1436.0747222112643,0.00046511664,869.4375750428326,0.0004824261,0.006107895,-0.0018437401
2383.462548948869,7929.587,5.2656665,0.00061009696,166464,1436.0748666718243,869.4363130081687,7183.8164,4.6676655,1287.8508,1.4592612,7929.587,5.2656665,0,,,,,1436.0748666718243,0.0004652605,869.4363130081687,0.00048261136,0.0059327334,-0.0023254927
2383.469493280081,7925.326,5.2681365,0.0006099869,166465,1436.0741894402024,869.4364914520079,7181.367,4.669855,1288.2422,1.4607958,7925.326,5.2681365,0,,,,,1436.0741894402024,0.0004653374,869.4364914520079,0.00048289192,0.0061460417,-0.0031271116
2383.4764376112935,7925.65,5.265488,0.0006098768,166466,1436.0754882990016,869.4358425844503,7181.5234,4.667507,1285.6617,1.4599377,7925.65,5.265488,0,,,,,1436.0754882990016,0.00046531556,869.4358425844503,0.0004828202,0.0055614873,-0.0019885162
2383.483381942447,7926.0444,5.2667775,0.0006097667,166467,1436.074354263587,869.4354607494663,7182.2515,4.6686506,1290.3911,1.4608066,7926.0444,5.2667775,0,,,,,1436.074354263587,0.0004654388,869.4354607494663,0.00048236674,0.005416632,-0.0035799786
2383.4903262736,7933.897,5.2678275,0.00060965656,166468,1436.0757007708492,869.4375614485999,7187.879,4.6695814,1289.4587,1.460285,7933.897,5.2678275,0,,,,,1436.0757007708492,0.00046522843,869.4375614485999,0.00048243097,0.007027377,-0.0013278389
2383.497270604754,7920.073,5.265874,0.00060954643,166469,1436.0752642689486,869.4361386762924,7176.264,4.6678495,1293.1143,1.461991,7920.073,5.265874,0,,,,,1436.0752642689486,0.00046562607,869.4361386762924,0.00048312484,0.006133197,-0.0027291616
2383.5042149358496,7934.0854,5.2702484,0.00060943625,166470,1436.0752081701876,869.4365425141619,7188.113,4.6717277,1292.1426,1.4652836,7934.0854,5.2702484,0,,,,,1436.0752081701876,0.00046540936,869.4365425141619,0.00048258685,0.0060512577,-0.0018969142
2383.5111592669455,7929.114,5.2709427,0.00060932606,166471,1436.074050646322,869.4357444784241,7184.0283,4.6723423,1298.0177,1.4647708,7929.114,5.2709427,0,,,,,1436.074050646322,0.0004657637,869.4357444784241,0.00048302344,0.005042404,-0.0028376367
2383.5181035980404,7924.3213,5.2699,0.0006092159,166472,1436.076201714327,869.4369106015138,7180.2637,4.671418,1299.2937,1.4651773,7924.3213,5.2699,0,,,,,1436.076201714327,0.00046578576,869.4369106015138,0.0004830717,0.0067467885,-0.0014088142
2383.5250479291353,7932.5356,5.270907,0.0006091057,166473,1436.0751800458077,869.4374529754018,7186.8135,4.6723104,1297.976,1.4642797,7932.5356,5.270907,0,,,,,1436.0751800458077,0.00046567712,869.4374529754018,0.00048270324,0.0058526564,-0.0022163398
2383.531992260173,7932.757,5.2729115,0.00060899544,166474,1436.0763681834428,869.435777271341,7187.4272,4.6740875,1303.6198,1.4665189,7932.757,5.2729115,0,,,,,1436.0763681834428,0.0004658403,869.435777271341,0.00048261057,0.0066603385,-0.0030792963
2383.5389365912106,7933.589,5.27954,0.0006088852,166475,1436.075131086974,869.4364673448783,7188.184,4.6799636,1306.8439,1.469586,7933.589,5.27954,0,,,,,1436.075131086974,0.00046630355,869.4364673448783,0.0004838147,0.0053024814,-0.00231399
2383.5458809221896,7925.4155,5.273786,0.0006087749,166476,1436.074685306121,869.4371530305202,7180.8228,4.674863,1309.0819,1.4684191,7925.4155,5.273786,0,,,,,1436.074685306121,0.0004659403,869.4371530305202,0.00048369635,0.0060457033,-0.0015273913
2383.5528252532263,7928.314,5.2753134,0.00060866465,166477,1436.0750092793912,869.4354660515542,7183.938,4.6762166,1308.636,1.4691046,7928.314,5.2753134,0,,,,,1436.0750092793912,0.00046609872,869.4354660515542,0.00048335924,0.0061717713,-0.002900295
2383.5597695842057,7921.2427,5.2777324,0.00060855434,166478,1436.0747911358246,869.4372421578398,7176.54,4.678361,1314.4181,1.4735589,7921.2427,5.2777324,0,,,,,1436.0747911358246,0.00046723834,869.4372421578398,0.0004842179,0.005235621,-0.001995374
2383.566713915127,7928.9365,5.2789593,0.000608444,166479,1436.075253661092,869.4358537690572,7184.193,4.6794486,1315.1113,1.472541,7928.9365,5.2789593,0,,,,,1436.075253661092,0.00046631266,869.4358537690572,0.0004841475,0.0056002717,-0.0027531323
2383.573658246106,7926.268,5.278947,0.0006083337,166480,1436.0753325136948,869.4374721713842,7181.8315,4.679438,1319.8341,1.4748933,7926.268,5.278947,0,,,,,1436.0753325136948,0.0004663786,869.4374721713842,0.0004838592,0.00632718,-0.0017595936
2383.580602577027,7927.981,5.281695,0.0006082233,166481,1436.0755131656542,869.4362124354526,7183.298,4.681874,1323.1451,1.477095,7927.981,5.281695,0,,,,,1436.0755131656542,0.00046722053,869.4362124354526,0.0004842943,0.0067942175,-0.0022696129
2383.5875469079483,7923.2227,5.2822084,0.00060811295,166482,1436.074837359529,869.4367027801978,7179.0327,4.682329,1326.2998,1.4764242,7923.2227,5.2822084,0,,,,,1436.074837359529,0.00046735813,869.4367027801978,0.00048460352,0.005883226,-0.0024110929
2383.5944912388104,7928.1465,5.2844543,0.00060800253,166483,1436.0754490577224,869.437053647282,7183.1455,4.68432,1329.6091,1.4778682,7928.1465,5.2844543,0,,,,,1436.0754490577224,0.0004672376,869.437053647282,0.00048484822,0.0071800784,-0.0022708245
2383.6014355696716,7926.106,5.287315,0.0006078921,166484,1436.0746143324993,869.436077608998,7181.945,4.6868553,1336.1309,1.4808086,7926.106,5.287315,0,,,,,1436.0746143324993,0.00046745528,869.436077608998,0.00048496394,0.005176085,-0.0021822231
2383.6083799005346,7930.8105,5.2870903,0.0006077817,166485,1436.0748889974407,869.4360096162695,7185.5728,4.6866565,1337.2488,1.4808407,7930.8105,5.2870903,0,,,,,1436.0748889974407,0.0004670152,869.4360096162695,0.0004847868,0.005721363,-0.0026649134
2383.6153242313976,7933.74,5.290479,0.0006076713,166486,1436.0755155838567,869.4371192186157,7188.589,4.6896605,1342.0193,1.4833522,7933.74,5.290479,0,,,,,1436.0755155838567,0.0004673411,869.4371192186157,0.00048519994,0.0062200306,-0.0013891023
2383.6222685622024,7932.249,5.29018,0.0006075608,166487,1436.0742851095315,869.4369411192869,7186.5215,4.6893954,1344.2198,1.483759,7932.249,5.29018,0,,,,,1436.0742851095315,0.00046719162,869.4369411192869,0.0004853381,0.005454446,-0.001985073
2383.6292128930068,7935.514,5.2941976,0.0006074503,166488,1436.0747356354732,869.4368950363124,7190.065,4.692957,1347.9406,1.4863114,7935.514,5.2941976,0,,,,,1436.0747356354732,0.0004677939,869.4368950363124,0.00048535288,0.0061026956,-0.0023756148
2383.636157223811,7921.472,5.2900243,0.00060733984,166489,1436.075358802313,869.4367705637924,7177.3066,4.689257,1348.7927,1.4861243,7921.472,5.2900243,0,,,,,1436.075358802313,0.00046816797,869.4367705637924,0.00048596456,0.006022334,-0.0026287504
2383.6431015545577,7931.6704,5.2946515,0.0006072293,166490,1436.0745432490367,869.4360392638516,7186.4316,4.693359,1352.9479,1.4860053,7931.6704,5.2946515,0,,,,,1436.0745432490367,0.00046811838,869.4360392638516,0.0004856781,0.0056548123,-0.0025735213
2383.6500458853616,7933.831,5.294758,0.0006071188,166491,1436.0750544036382,869.4375838538162,7188.4565,4.693453,1354.3284,1.4872876,7933.831,5.294758,0,,,,,1436.0750544036382,0.0004679626,869.4375838538162,0.00048562064,0.0058841095,-0.0015719213
2383.65699021605,7927.247,5.294655,0.00060700823,166492,1436.075884030879,869.4368367089467,7181.3457,4.693362,1353.6477,1.4899724,7927.247,5.294655,0,,,,,1436.075884030879,0.0004689695,869.4368367089467,0.00048609124,0.0063882046,-0.0020991524
2383.6639345467966,7922.1465,5.2964573,0.0006068977,166493,1436.0756023570552,869.4358659304932,7178.013,4.694959,1357.1023,1.4903147,7922.1465,5.2964573,0,,,,,1436.0756023570552,0.00046856335,869.4358659304932,0.00048664454,0.006339936,-0.002937255
2383.670878877484,7919.352,5.294148,0.0006067871,166494,1436.0761497110143,869.4368578638005,7174.6934,4.6929126,1361.306,1.4900769,7919.352,5.294148,0,,,,,1436.0761497110143,0.00046902345,869.4368578638005,0.00048657853,0.0067591285,-0.0020260182
2383.6778232081715,7921.37,5.2953825,0.0006066765,166495,1436.0748246079622,869.4365765827978,7177.8154,4.694007,1360.1794,1.4917028,7921.37,5.2953825,0,,,,,1436.0748246079622,0.00046870354,869.4365765827978,0.00048612332,0.0057341913,-0.0028195842
2383.68476753886,7923.5317,5.2986407,0.0006065659,166496,1436.0758670831467,869.4388517745713,7178.474,4.696895,1364.2632,1.4933128,7923.5317,5.2986407,0,,,,,1436.0758670831467,0.00046910215,869.4388517745713,0.00048670545,0.006607884,-0.000948926
2383.6917118694896,7926.5054,5.29841,0.00060645526,166497,1436.0745081604398,869.4361250141462,7182.043,4.6966906,1364.5975,1.4922367,7926.5054,5.29841,0,,,,,1436.0745081604398,0.00046883436,869.4361250141462,0.00048638743,0.004909096,-0.003095041
2383.698656200119,7920.4355,5.298339,0.0006063446,166498,1436.0759483818733,869.4365871753848,7176.9443,4.6966276,1365.4585,1.4932181,7920.4355,5.298339,0,,,,,1436.0759483818733,0.00046895118,869.4365871753848,0.00048671226,0.006766046,-0.0017021191
2383.7056005307486,7928.6494,5.2988853,0.00060623395,166499,1436.07401683468,869.4364046211954,7183.861,4.697112,1364.739,1.4921726,7928.6494,5.2988853,0,,,,,1436.07401683468,0.00046868168,869.4364046211954,0.00048657853,0.0051463274,-0.0021717614
2383.7125448613206,7925.2993,5.298409,0.00060612324,166500,1436.0743805475583,869.4372806046333,7180.232,4.6966896,1366.1854,1.4930646,7925.2993,5.298409,0,,,,,1436.0743805475583,0.00046894545,869.4372806046333,0.000486883,0.0051982654,-0.0018506575
2383.7194891918925,7921.214,5.2974057,0.00060601253,166501,1436.075568928698,869.4353558438769,7176.4126,4.6958003,1366.4425,1.4935924,7921.214,5.2974057,0,,,,,1436.075568928698,0.00046916524,869.4353558438769,0.00048682743,0.007051073,-0.0021441474
2383.7264335224645,7922.3203,5.297575,0.0006059018,166502,1436.0742020115,869.4360507206001,7178.4014,4.6959505,1366.7456,1.492768,7922.3203,5.297575,0,,,,,1436.0742020115,0.00046887487,869.4360507206001,0.00048649288,0.0046987315,-0.0027574615
2383.7333778530365,7933.9556,5.301011,0.0006057911,166503,1436.07536109147,869.4369946561343,7188.523,4.6989965,1366.737,1.4941169,7933.9556,5.301011,0,,,,,1436.07536109147,0.0004687024,869.4369946561343,0.0004863111,0.0063173412,-0.0025465614
2383.74032218355,7930.595,5.3028965,0.00060568034,166504,1436.0748461125834,869.4384517852188,7186.0654,4.700668,1369.2048,1.4958833,7930.595,5.3028965,0,,,,,1436.0748461125834,0.00046901498,869.4384517852188,0.00048660865,0.005443526,-0.0015453406
2383.7472665140626,7927.65,5.3012533,0.00060556957,166505,1436.0752229922314,869.4364980223701,7183.8438,4.6992106,1369.8872,1.4949195,7927.65,5.3012533,0,,,,,1436.0752229922314,0.0004686985,869.4364980223701,0.00048666145,0.006638206,-0.0028818445
2383.7542108445173,7933.219,5.2999005,0.00060545874,166506,1436.074164924153,869.437422250243,7187.6978,4.6980114,1366.3516,1.4925286,7933.219,5.2999005,0,,,,,1436.074164924153,0.0004683625,869.437422250243,0.00048641537,0.00545672,-0.0019364618
2383.76115517503,7925.068,5.2996755,0.000605348,166507,1436.0752024789667,869.4360803566863,7180.583,4.697812,1366.9165,1.4934286,7925.068,5.2996755,0,,,,,1436.0752024789667,0.00046925683,869.4360803566863,0.00048672297,0.005945163,-0.0026637192
2383.7680995054857,7930.126,5.2998824,0.00060523715,166508,1436.0758146511487,869.4367992987667,7184.262,4.6979957,1366.9696,1.4930875,7930.126,5.2998824,0,,,,,1436.0758146511487,0.00046876963,869.4367992987667,0.00048678977,0.006156108,-0.0020843232
2383.7750438359412,7927.7397,5.301087,0.0006051263,166509,1436.0750211237153,869.436743475187,7183.426,4.6990633,1365.3234,1.4942248,7927.7397,5.301087,0,,,,,1436.0750211237153,0.00046903302,869.436743475187,0.00048675897,0.0060118027,-0.0023079675
2383.781988166338,7926.8076,5.3005357,0.00060501543,166510,1436.0751250494777,869.437245543821,7182.529,4.6985745,1370.113,1.4956551,7926.8076,5.3005357,0,,,,,1436.0751250494777,0.0004689374,869.437245543821,0.00048641927,0.005561341,-0.00143603
2383.7889324967355,7919.1763,5.2974215,0.00060490455,166511,1436.0748531085762,869.4360777957213,7175.6987,4.695814,1368.8156,1.4931011,7919.1763,5.2974215,0,,,,,1436.0748531085762,0.00046885313,869.4360777957213,0.0004868709,0.0063186865,-0.0035391317
2383.795876827133,7923.1104,5.299387,0.00060479366,166512,1436.074131307698,869.4371496067091,7178.0615,4.697557,1367.7666,1.4933037,7923.1104,5.299387,0,,,,,1436.074131307698,0.00046941344,869.4371496067091,0.00048709317,0.005442246,-0.0015665186
2383.8028211575297,7925.1924,5.298455,0.0006046828,166513,1436.0755599703448,869.4356926775314,7181.27,4.6967306,1368.1058,1.4924847,7925.1924,5.298455,0,,,,,1436.0755599703448,0.0004690089,869.4356926775314,0.00048620085,0.005938113,-0.0028439967
2383.809765487868,7925.732,5.2985435,0.00060457183,166514,1436.074638316735,869.4372430550692,7181.4463,4.696809,1366.3271,1.493034,7925.732,5.2985435,0,,,,,1436.074638316735,0.00046873692,869.4372430550692,0.00048687204,0.005932401,-0.0019468408
2383.816709818207,7924.643,5.3014402,0.0006044609,166515,1436.0754978824014,869.4378185175916,7179.535,4.6993766,1370.3502,1.4952767,7924.643,5.3014402,0,,,,,1436.0754978824014,0.00046922278,869.4378185175916,0.00048708197,0.0061040926,-0.0012819908
2383.823654148488,7925.8696,5.2984805,0.0006043499,166516,1436.0751349067377,869.435222996313,7181.6445,4.696753,1368.02,1.4928617,7925.8696,5.2984805,0,,,,,1436.0751349067377,0.00046887225,869.435222996313,0.00048666747,0.0062619015,-0.0035744496
2383.8305984788262,7923.1367,5.298803,0.00060423894,166517,1436.0757840493238,869.4366414127895,7178.854,4.697039,1367.2832,1.4951423,7923.1367,5.298803,0,,,,,1436.0757840493238,0.00046897895,869.4366414127895,0.00048657332,0.0057459315,-0.0015092004
2383.8375428091063,7926.069,5.301823,0.00060412794,166518,1436.0746710774065,869.4353041328889,7181.519,4.6997156,1371.9274,1.4963168,7926.069,5.301823,0,,,,,1436.0746710774065,0.00046925197,869.4353041328889,0.00048684064,0.0052344995,-0.0036483335
2383.8444871393867,7927.603,5.2997293,0.00060401694,166519,1436.075806840387,869.4390634292258,7182.001,4.6978602,1367.7178,1.4935803,7927.603,5.2997293,0,,,,,1436.075806840387,0.00046912208,869.4390634292258,0.00048658182,0.0067335623,0.00029443682
2383.8514314696095,7920.3877,5.298178,0.0006039059,166520,1436.075312145664,869.4360262703168,7176.975,4.696485,1367.9113,1.4929265,7920.3877,5.298178,0,,,,,1436.075312145664,0.00046931804,869.4360262703168,0.0004867698,0.0052243816,-0.003349208
2383.8583757998313,7925.5234,5.2988076,0.0006037948,166521,1436.0756119902949,869.4375603057566,7180.833,4.697043,1369.4313,1.4933215,7925.5234,5.2988076,0,,,,,1436.0756119902949,0.0004687867,869.4375603057566,0.00048668624,0.006642082,-0.0011231868
2383.865320130054,7925.0767,5.2982635,0.00060368376,166522,1436.0745643832981,869.4362852584163,7180.588,4.696561,1367.4443,1.4923546,7925.0767,5.2982635,0,,,,,1436.0745643832981,0.00046860214,869.4362852584163,0.00048660397,0.0060048,-0.0026876223
2383.8722644602767,7921.6567,5.2981787,0.0006035727,166523,1436.0743090346111,869.4362978909237,7177.3906,4.6964855,1367.9121,1.4932185,7921.6567,5.2981787,0,,,,,1436.0743090346111,0.00046917025,869.4362978909237,0.00048677495,0.0058394726,-0.003237594
2383.879208790441,7927.3467,5.2985077,0.0006034616,166524,1436.0741418876953,869.4378279124433,7182.9946,4.696777,1368.1025,1.4922712,7927.3467,5.2985077,0,,,,,1436.0741418876953,0.0004686046,869.4378279124433,0.0004864291,0.0059462087,-0.0017272193
2383.8861531206053,7931.993,5.300744,0.00060335046,166525,1436.0750757664646,869.4360490535507,7186.639,4.6987596,1367.366,1.4947218,7931.993,5.300744,0,,,,,1436.0750757664646,0.0004688331,869.4360490535507,0.00048648546,0.006598542,-0.0026015935
2383.893097450711,7921.8423,5.2973876,0.0006032393,166526,1436.0748321171054,869.437433380483,7176.6284,4.6957846,1366.9929,1.4928657,7921.8423,5.2973876,0,,,,,1436.0748321171054,0.00046909964,869.437433380483,0.0004869563,0.00586141,-0.0016395453
2383.9000417808757,7928.097,5.2988114,0.00060312817,166527,1436.074060632109,869.4372683685275,7183.0557,4.6970463,1366.7932,1.4930732,7928.097,5.2988114,0,,,,,1436.074060632109,0.000468531,869.4372683685275,0.00048651607,0.0050537894,-0.0021168843
2383.90698611098,7928.9634,5.298939,0.000603017,166528,1436.0756100636472,869.4381019321324,7183.776,4.69716,1365.4725,1.4925069,7928.9634,5.298939,0,,,,,1436.0756100636472,0.0004687053,869.4381019321324,0.00048627693,0.0059594125,-0.0010237237
2383.9139304410855,7925.263,5.298991,0.0006029058,166529,1436.0748866754143,869.4362957932449,7180.667,4.6972055,1366.9349,1.4933513,7925.263,5.298991,0,,,,,1436.0748866754143,0.00046896792,869.4362957932449,0.00048669326,0.0055076745,-0.0023864545
2383.9208747711336,7928.73,5.2971177,0.0006027946,166530,1436.074790021062,869.4375121890815,7183.7344,4.695545,1361.8342,1.4914362,7928.73,5.2971177,0,,,,,1436.074790021062,0.00046849795,869.4375121890815,0.00048637055,0.0056978217,-0.0016980537
2383.9278191011817,7910.3936,5.293726,0.00060268334,166531,1436.0747924724767,869.4351489806551,7167.5938,4.6925383,1363.8381,1.491572,7910.3936,5.293726,0,,,,,1436.0747924724767,0.00046915057,869.4351489806551,0.0004871295,0.005260481,-0.003399977
2383.93476343123,7920.702,5.2973776,0.0006025721,166532,1436.0755351994978,869.4378752548361,7176.808,4.695775,1365.744,1.4936517,7920.702,5.2973776,0,,,,,1436.0755351994978,0.00046884248,869.4378752548361,0.00048669218,0.006105307,-0.00069177744
2383.941707761278,7922.613,5.295799,0.0006024609,166533,1436.0759170080219,869.4363762271211,7177.9844,4.6943755,1361.7783,1.4914252,7922.613,5.295799,0,,,,,1436.0759170080219,0.000468584,869.4363762271211,0.00048662294,0.006353691,-0.0022801869
2383.9486520912674,7915.668,5.294419,0.0006023496,166534,1436.0744937701068,869.4372546724422,7172.8726,4.6931524,1363.1776,1.4912491,7915.668,5.294419,0,,,,,1436.0744937701068,0.00046861716,869.4372546724422,0.00048679707,0.0058670617,-0.0021356377
2383.9555964212564,7923.4014,5.2955847,0.0006022383,166535,1436.0751798901501,869.4360384949733,7179.415,4.694186,1358.584,1.4907657,7923.4014,5.2955847,0,,,,,1436.0751798901501,0.00046862185,869.4360384949733,0.000485941,0.005361288,-0.0027006874
2383.962540751246,7933.713,5.2996054,0.000602127,166536,1436.0750572449867,869.4379833547273,7188.513,4.69775,1359.2511,1.491222,7933.713,5.2996054,0,,,,,1436.0750572449867,0.00046832618,869.4379833547273,0.0004862515,0.0056325155,-0.0016075893
2383.9694850811775,7917.2017,5.293807,0.00060201564,166537,1436.0745181528243,869.4370073296147,7172.643,4.6926103,1358.1409,1.4892975,7917.2017,5.293807,0,,,,,1436.0745181528243,0.0004689121,869.4370073296147,0.00048683706,0.0051883194,-0.0013235192
2383.976429411109,7921.0283,5.294924,0.0006019043,166538,1436.0754838527496,869.4365178648468,7177.111,4.6935997,1355.8687,1.489512,7921.0283,5.294924,0,,,,,1436.0754838527496,0.0004686944,869.4365178648468,0.0004863494,0.006027274,-0.0029864383
2383.98337374104,7930.4834,5.297109,0.00060179294,166539,1436.0754623240746,869.4364057796524,7184.97,4.695537,1355.1116,1.4881297,7930.4834,5.297109,0,,,,,1436.0754623240746,0.00046821305,869.4364057796524,0.00048619398,0.0066545685,-0.0010808036
2383.9903180709707,7922.4556,5.291631,0.0006016816,166540,1436.0749718572142,869.4359686818437,7178.1914,4.690682,1353.7094,1.4884888,7922.4556,5.291631,0,,,,,1436.0749718572142,0.0004683115,869.4359686818437,0.00048596523,0.005347214,-0.0024768864
2383.997262400844,7921.119,5.293574,0.0006015702,166541,1436.0756187177806,869.4356807158941,7177.558,4.692404,1352.582,1.4875703,7921.119,5.293574,0,,,,,1436.0756187177806,0.00046841917,869.4356807158941,0.00048607634,0.0061566657,-0.0028291044
2384.0042067307168,7934.328,5.292959,0.00060145877,166542,1436.075833446912,869.4366194105354,7188.7485,4.691859,1348.6193,1.4849875,7934.328,5.292959,0,,,,,1436.075833446912,0.00046784486,869.4366194105354,0.00048543987,0.0058957227,-0.00093601184
2384.011151060532,7919.892,5.289233,0.0006013473,166543,1436.0743177736829,869.4364398162437,7175.974,4.6885557,1348.4181,1.4847814,7919.892,5.289233,0,,,,,1436.0743177736829,0.00046802158,869.4364398162437,0.00048598993,0.005035432,-0.0024630472
2384.0180953904055,7926.9814,5.2909365,0.0006012359,166544,1436.074831905034,869.4367876466639,7181.269,4.690066,1348.2517,1.4849986,7926.9814,5.2909365,0,,,,,1436.074831905034,0.00046808698,869.4367876466639,0.00048576243,0.006452385,-0.002361677
2384.025039720221,7929.45,5.2917376,0.0006011244,166545,1436.0754176854628,869.4363021773004,7184.472,4.6907763,1348.5221,1.4856408,7929.45,5.2917376,0,,,,,1436.0754176854628,0.0004679661,869.4363021773004,0.00048542675,0.0056102322,-0.0020396062
2384.0319840500356,7923.0405,5.292414,0.00060101296,166546,1436.075983147202,869.437343040745,7179.1753,4.6913757,1349.6938,1.4861515,7923.0405,5.292414,0,,,,,1436.075983147202,0.00046806506,869.437343040745,0.00048566825,0.006669427,-0.0017414087
2384.038928379792,7923.1143,5.2889028,0.00060090143,166547,1436.0740125920718,869.4358104695837,7179.334,4.688263,1345.304,1.4839154,7923.1143,5.2889028,0,,,,,1436.0740125920718,0.0004680351,869.4358104695837,0.00048580876,0.004281439,-0.0023033482
2384.0458727095493,7933.554,5.291991,0.0006007899,166548,1436.0751616573152,869.4379867924984,7187.915,4.691001,1345.8016,1.4845067,7933.554,5.291991,0,,,,,1436.0751616573152,0.00046758915,869.4379867924984,0.00048538568,0.006646061,-0.0009296365
2384.0528170393054,7920.501,5.2885184,0.0006006784,166549,1436.0754406761516,869.4359098437963,7175.9937,4.6879225,1347.593,1.4846077,7920.501,5.2885184,0,,,,,1436.0754406761516,0.00046819326,869.4359098437963,0.00048566924,0.005127519,-0.0028720326
2384.0597613690616,7927.3384,5.2913027,0.00060056685,166550,1436.0741976270738,869.4381986640336,7182.581,4.6903906,1346.8435,1.4866625,7927.3384,5.2913027,0,,,,,1436.0741976270738,0.00046780947,869.4381986640336,0.00048591208,0.0057236156,-0.0005089729
2384.0667056987595,7924.645,5.290722,0.00060045527,166551,1436.0749163262576,869.4362147692738,7179.115,4.6898756,1346.936,1.4866029,7924.645,5.290722,0,,,,,1436.0749163262576,0.00046842944,869.4362147692738,0.0004856893,0.0056858766,-0.0034867513
2384.0736500284584,7925.7876,5.2904997,0.0006003437,166552,1436.074822375436,869.4379674068525,7181.287,4.689678,1346.8853,1.4843172,7925.7876,5.2904997,0,,,,,1436.074822375436,0.00046805653,869.4379674068525,0.00048596013,0.0058260406,-0.0015880002
2384.080594358099,7936.754,5.2924967,0.00060023204,166553,1436.0738138204076,869.4353382756119,7191.417,4.6914487,1346.1815,1.4844401,7936.754,5.2924967,0,,,,,1436.0738138204076,0.00046781005,869.4353382756119,0.000484999,0.0040700315,-0.0030255949
2384.087538687798,7924.418,5.2895765,0.00060012046,166554,1436.074783335058,869.4372852018178,7179.401,4.68886,1348.0339,1.4846102,7924.418,5.2895765,0,,,,,1436.074783335058,0.00046801232,869.4372852018178,0.000485568,0.006643246,-0.0014668701
2384.094483017438,7925.1147,5.2907624,0.0006000088,166555,1436.07491624004,869.4379943446555,7179.5205,4.689912,1348.433,1.4858092,7925.1147,5.2907624,0,,,,,1436.07491624004,0.0004684616,869.4379943446555,0.00048599739,0.006429097,-0.0012547098
2384.101427347078,7927.7085,5.2925835,0.0005998972,166556,1436.0751814504915,869.4366761219601,7182.176,4.691526,1351.2576,1.4879216,7927.7085,5.2925835,0,,,,,1436.0751814504915,0.00046792318,869.4366761219601,0.00048553225,0.0059050443,-0.0025343338
2384.1083716766598,7918.859,5.2910795,0.0005997855,166557,1436.0741799840973,869.4374152221146,7174.6743,4.6901927,1352.0554,1.4871957,7918.859,5.2910795,0,,,,,1436.0741799840973,0.0004685613,869.4374152221146,0.00048603024,0.0056878775,-0.001022783
2384.115316006242,7920.5386,5.2901073,0.0005996738,166558,1436.0760070051304,869.4366186129342,7175.993,4.6893306,1351.1726,1.4858348,7920.5386,5.2901073,0,,,,,1436.0760070051304,0.00046844952,869.4366186129342,0.00048601732,0.0060386714,-0.0033104601
2384.1222603358246,7918.955,5.2907615,0.0005995621,166559,1436.0747995126476,869.4378122217964,7174.187,4.6899104,1352.6187,1.4878938,7918.955,5.2907615,0,,,,,1436.0747995126476,0.00046878727,869.4378122217964,0.00048594948,0.005539204,-0.0014284183
2384.129204665407,7928.8696,5.292452,0.0005994504,166560,1436.07456678722,869.4378780594215,7184.202,4.691409,1351.0353,1.4863486,7928.8696,5.292452,0,,,,,1436.07456678722,0.00046786192,869.4378780594215,0.00048566234,0.004998541,-0.0019952515
2384.1361489949304,7927.6436,5.2928934,0.0005993386,166561,1436.0748892040178,869.4366020518532,7182.2974,4.6918,1352.4895,1.4871997,7927.6436,5.2928934,0,,,,,1436.0748892040178,0.00046822827,869.4366020518532,0.00048606188,0.0063314545,-0.0013474427
2384.1430933244537,7921.515,5.2939267,0.00059922686,166562,1436.0738290335185,869.4365493292989,7177.7974,4.6927166,1355.9152,1.4901354,7921.515,5.2939267,0,,,,,1436.0738290335185,0.00046797577,869.4365493292989,0.000486265,0.004619773,-0.0016118335
2384.150037653977,7920.751,5.2924094,0.0005991151,166563,1436.0744571401492,869.4382543563629,7175.429,4.6913714,1357.4246,1.4888736,7920.751,5.2924094,0,,,,,1436.0744571401492,0.00046849027,869.4382543563629,0.00048633403,0.005486017,-0.0010808964
2384.156981983443,7924.797,5.295725,0.0005990033,166564,1436.0756915929749,869.4366292810824,7180.016,4.6943107,1356.7119,1.488787,7924.797,5.295725,0,,,,,1436.0756915929749,0.00046890738,869.4366292810824,0.00048642096,0.0064570233,-0.003047306
2384.1639263129086,7928.297,5.294345,0.00059889146,166565,1436.075241171571,869.4371113569459,7182.7935,4.693087,1355.8625,1.4881448,7928.297,5.294345,0,,,,,1436.075241171571,0.0004686024,869.4371113569459,0.00048597978,0.0066613024,-0.0020510263
2384.1708706423747,7921.047,5.2937074,0.00059877965,166566,1436.0750014892099,869.4368373198336,7176.666,4.692522,1355.3314,1.4899244,7921.047,5.2937074,0,,,,,1436.0750014892099,0.0004689206,869.4368373198336,0.00048621962,0.005228589,-0.0017363168
2384.1778149717825,7925.5093,5.2939124,0.0005986678,166567,1436.074675826862,869.4374335565161,7180.96,4.6927037,1356.5382,1.4883446,7925.5093,5.2939124,0,,,,,1436.074675826862,0.0004685929,869.4374335565161,0.00048612035,0.0057847938,-0.001624916
2384.184759301248,7921.3374,5.2938075,0.00059855595,166568,1436.0732514608746,869.436269504766,7176.873,4.6926107,1355.7311,1.4920319,7921.3374,5.2938075,0,,,,,1436.0732514608746,0.00046839818,869.436269504766,0.00048647088,0.0040193354,-0.0025606703
2384.191703630656,7921.4517,5.292875,0.0005984441,166569,1436.0743810223994,869.4364090334257,7177.31,4.691784,1355.3716,1.488263,7921.4517,5.292875,0,,,,,1436.0743810223994,0.000468173,869.4364090334257,0.0004863725,0.005563934,-0.0024369087
2384.1986479600046,7922.076,5.293671,0.00059833215,166570,1436.0751636245068,869.4364025121412,7176.9746,4.6924896,1355.0344,1.4887335,7922.076,5.293671,0,,,,,1436.0751636245068,0.0004686849,869.4364025121412,0.00048657318,0.0067097824,-0.0019886082
2384.2055922894124,7925.8164,5.297983,0.0005982203,166571,1436.0747751676115,869.4371259979597,7181.03,4.696312,1359.0603,1.4914843,7925.8164,5.297983,0,,,,,1436.0747751676115,0.00046904822,869.4371259979597,0.00048645973,0.006277086,-0.0016022909
2384.212536618761,7921.068,5.2957892,0.00059810834,166572,1436.0744378088723,869.436920346702,7176.915,4.6943674,1360.9131,1.490998,7921.068,5.2957892,0,,,,,1436.0744378088723,0.0004690021,869.436920346702,0.00048659567,0.005193865,-0.0018855282
2384.2194809480516,7927.58,5.2948456,0.00059799635,166573,1436.0739061311046,869.438095442921,7182.6265,4.693531,1356.8053,1.490422,7927.58,5.2948456,0,,,,,1436.0739061311046,0.00046811145,869.438095442921,0.00048606627,0.005717344,-0.001964518
2384.226425277401,7923.258,5.29516,0.0005978844,166574,1436.0748361133808,869.4363768020776,7178.29,4.6938095,1357.7698,1.491111,7923.258,5.29516,0,,,,,1436.0748361133808,0.0004688967,869.4363768020776,0.00048628493,0.005603124,-0.0020037848
2384.2333696066926,7929.0054,5.2961116,0.0005977724,166575,1436.0750129168835,869.4372491913089,7183.7075,4.694653,1358.5319,1.4895195,7929.0054,5.2961116,0,,,,,1436.0750129168835,0.00046839035,869.4372491913089,0.0004860125,0.006141033,-0.0011342209
2384.2403139359835,7920.4756,5.29474,0.00059766043,166576,1436.07587249665,869.4363639903908,7175.304,4.6934376,1359.2065,1.4929986,7920.4756,5.29474,0,,,,,1436.07587249665,0.00046853226,869.4363639903908,0.00048656942,0.006274481,-0.0031229167
2384.247258265216,7928.757,5.2951965,0.0005975484,166577,1436.0752651069615,869.4365811177015,7183.917,4.693842,1356.3469,1.489266,7928.757,5.2951965,0,,,,,1436.0752651069615,0.0004684724,869.4365811177015,0.00048561615,0.00532823,-0.0024908963
2384.2542025945068,7921.3013,5.294379,0.0005974364,166578,1436.0750587255482,869.438174072307,7176.471,4.6931176,1360.1292,1.4899654,7921.3013,5.294379,0,,,,,1436.0750587255482,0.00046877665,869.438174072307,0.0004863247,0.0061137117,-0.00010503052
2384.26114692374,7926.214,5.2960606,0.00059732434,166579,1436.074667011237,869.4372161713928,7181.8315,4.6946077,1356.9374,1.4903266,7926.214,5.2960606,0,,,,,1436.074667011237,0.00046873346,869.4372161713928,0.00048579866,0.0056217434,-0.0020746905
2384.268091252915,7918.279,5.29423,0.00059721223,166580,1436.0734622882467,869.4362974076518,7174.565,4.6929855,1356.0654,1.4891664,7918.279,5.29423,0,,,,,1436.0734622882467,0.00046875697,869.4362974076518,0.00048646284,0.0047099455,-0.0030437037
2384.275035582148,7925.986,5.293818,0.0005971002,166581,1436.0748913018026,869.4376613140641,7181.418,4.6926203,1356.0492,1.4892434,7925.986,5.293818,0,,,,,1436.0748913018026,0.00046809315,869.4376613140641,0.00048577908,0.0053413925,-0.001378123
2384.281979911323,7929.2803,5.2964997,0.0005969881,166582,1436.0758024478419,869.4386710564372,7183.096,4.6949973,1353.6381,1.4887265,7929.2803,5.2964997,0,,,,,1436.0758024478419,0.00046848934,869.4386710564372,0.0004862047,0.006343722,-0.00037643517
2384.288924240497,7916.9854,5.291062,0.00059687597,166583,1436.0746669018224,869.4370984483594,7173.3823,4.6901765,1354.0693,1.4872102,7916.9854,5.291062,0,,,,,1436.0746669018224,0.00046824958,869.4370984483594,0.00048617888,0.0057866042,-0.002057001
2384.295868569612,7929.0596,5.2931886,0.0005967638,166584,1436.074793626131,869.4370569527503,7183.999,4.6920624,1349.1292,1.486681,7929.0596,5.2931886,0,,,,,1436.074793626131,0.00046826227,869.4370569527503,0.0004855835,0.005343855,-0.0011435825
2384.302812898729,7927.0967,5.2929544,0.00059665163,166585,1436.0745093009741,869.4372216181976,7182.4673,4.6918545,1347.3313,1.4865966,7927.0967,5.2929544,0,,,,,1436.0745093009741,0.00046852973,869.4372216181976,0.00048582518,0.0052612247,-0.0014760395
2384.3097572278452,7922.573,5.2907133,0.00059653947,166586,1436.0746540300077,869.4366731749648,7176.9307,4.689868,1346.1101,1.4858632,7922.573,5.2907133,0,,,,,1436.0746540300077,0.0004681807,869.4366731749648,0.0004861907,0.006388955,-0.002553243
2384.3167015569616,7924.1636,5.2894025,0.0005964273,166587,1436.0748289102105,869.4373260166975,7179.682,4.6887064,1343.6855,1.4843882,7924.1636,5.2894025,0,,,,,1436.0748289102105,0.0004680181,869.4373260166975,0.00048548687,0.0062685627,-0.00058964576
2384.32364588602,7927.429,5.2874565,0.0005963151,166588,1436.0736828061174,869.4370789985426,7182.9,4.686981,1341.5696,1.4819521,7927.429,5.2874565,0,,,,,1436.0736828061174,0.00046738674,869.4370789985426,0.0004852792,0.004678935,-0.0018939576
2384.3305902150787,7919.4375,5.2874084,0.00059620285,166589,1436.0752215048367,869.4360899194334,7175.531,4.6869383,1343.5028,1.4839954,7919.4375,5.2874084,0,,,,,1436.0752215048367,0.00046794966,869.4360899194334,0.0004855736,0.006602336,-0.0027570692
2384.3375345441373,7928.985,5.287144,0.0005960906,166590,1436.0745216593905,869.4379793793237,7183.7925,4.686704,1336.6786,1.4816282,7928.985,5.287144,0,,,,,1436.0745216593905,0.00046744026,869.4379793793237,0.00048515797,0.0055881455,-0.0013819429
2384.3444788731367,7922.907,5.2841954,0.00059597834,166591,1436.073797675124,869.4384409833144,7177.8325,4.68409,1337.2225,1.4804488,7922.907,5.2841954,0,,,,,1436.073797675124,0.00046742056,869.4384409833144,0.00048508955,0.004848985,-0.0014590943
2384.351423202137,7919.481,5.287089,0.00059586606,166592,1436.0761334716906,869.43544028475,7174.8315,4.686655,1334.5094,1.4808865,7919.481,5.287089,0,,,,,1436.0761334716906,0.0004678666,869.43544028475,0.00048586755,0.0066858716,-0.0027270191
2384.358367531137,7922.9565,5.2842717,0.0005957538,166593,1436.0747617262286,869.4368725429442,7178.641,4.684158,1333.6951,1.4807432,7922.9565,5.2842717,0,,,,,1436.0747617262286,0.00046730123,869.4368725429442,0.00048504292,0.0050413567,-0.0014545567
2384.3653118601364,7920.2056,5.2819543,0.0005956415,166594,1436.0737151915612,869.437445317086,7175.8716,4.6821036,1330.033,1.4772792,7920.2056,5.2819543,0,,,,,1436.0737151915612,0.0004672775,869.437445317086,0.00048487837,0.005301331,-0.0008083624
2384.3722561890777,7922.841,5.2826447,0.00059552916,166595,1436.0747724920561,869.4372538593939,7178.045,4.682716,1328.9541,1.479487,7922.841,5.2826447,0,,,,,1436.0747724920561,0.00046709485,869.4372538593939,0.00048499,0.005944075,-0.0024153916
2384.37920051802,7927.753,5.281884,0.0005954168,166596,1436.0758568711308,869.4373882632242,7182.528,4.6820416,1324.8413,1.4769636,7927.753,5.281884,0,,,,,1436.0758568711308,0.00046692605,869.4373882632242,0.0004842945,0.0058940183,-0.0012286577
2384.386144846962,7929.212,5.280538,0.0005953045,166597,1436.0751511253645,869.437032560626,7184.3228,4.680848,1322.9962,1.4747766,7929.212,5.280538,0,,,,,1436.0751511253645,0.00046652046,869.437032560626,0.00048403785,0.0058152024,-0.0015958089
2384.393089175845,7926.698,5.28083,0.0005951921,166598,1436.0747375033009,869.4371315656173,7181.453,4.681107,1322.7974,1.4750999,7926.698,5.28083,0,,,,,1436.0747375033009,0.00046706537,869.4371315656173,0.00048431067,0.0057262103,-0.0015183422
2384.4000335047285,7912.3105,5.2749476,0.0005950797,166599,1436.0743581875797,869.437009692826,7169.318,4.6758924,1319.0112,1.4729635,7912.3105,5.2749476,0,,,,,1436.0743581875797,0.00046683493,869.437009692826,0.00048469493,0.0047661774,-0.0018607754
2384.4069778336125,7918.125,5.2755733,0.0005949673,166600,1436.076083634687,869.435769486487,7173.616,4.6764474,1315.8317,1.4719441,7918.125,5.2755733,0,,,,,1436.076083634687,0.0004668442,869.435769486487,0.0004844181,0.005754408,-0.002223199
2384.413922162438,7926.8057,5.277514,0.0005948548,166601,1436.0755008445965,869.4381389580154,7181.1963,4.678168,1314.9655,1.4732862,7926.8057,5.277514,0,,,,,1436.0755008445965,0.00046621764,869.4381389580154,0.00048397476,0.0063348305,-0.00095063925
2384.4208664913217,7925.072,5.2766294,0.0005947424,166602,1436.0742473125565,869.4363114087287,7179.9126,4.6773834,1314.83,1.4714078,7925.072,5.2766294,0,,,,,1436.0742473125565,0.00046657748,869.4363114087287,0.00048429501,0.0054060235,-0.0026028114
2384.4278108200892,7919.445,5.2760596,0.0005946299,166603,1436.0750299447186,869.4382033569253,7176.0806,4.6768785,1314.0859,1.4716649,7919.445,5.2760596,0,,,,,1436.0750299447186,0.00046681555,869.4382033569253,0.00048430124,0.005207436,-0.0009119274
2384.434755148915,7924.253,5.2747927,0.00059451745,166604,1436.0750201627068,869.4368197380213,7179.486,4.6757555,1311.344,1.469553,7924.253,5.2747927,0,,,,,1436.0750201627068,0.00046648545,869.4368197380213,0.00048390002,0.0057923547,-0.0017191793
2384.441699477681,7914.7397,5.2734857,0.00059440493,166605,1436.0749223221728,869.4371297195357,7170.3765,4.674597,1314.4067,1.4708416,7914.7397,5.2734857,0,,,,,1436.0749223221728,0.00046663347,869.4371297195357,0.00048429536,0.005495573,-0.0020349084
2384.4486438064478,7935.261,5.278376,0.0005942924,166606,1436.0743695149133,869.4371813000727,7189.3613,4.678932,1313.4276,1.4705848,7935.261,5.278376,0,,,,,1436.0743695149133,0.00046604237,869.4371813000727,0.0004834128,0.005887156,-0.0016322341
2384.455588135215,7935.225,5.2787714,0.0005941799,166607,1436.075065791661,869.4366775430631,7189.2456,4.679282,1316.4731,1.4713247,7935.225,5.2787714,0,,,,,1436.075065791661,0.0004660225,869.4366775430631,0.00048374204,0.005628123,-0.0022142192
2384.462532463982,7921.8887,5.278434,0.0005940674,166608,1436.0753083565307,869.4363481113239,7177.068,4.6789827,1316.243,1.4727949,7921.8887,5.278434,0,,,,,1436.0753083565307,0.00046702565,869.4363481113239,0.00048466848,0.0059579685,-0.002484632
2384.4694767926912,7924.408,5.276408,0.0005939548,166609,1436.0747329353821,869.4368689383994,7179.312,4.6771874,1315.4988,1.4718649,7924.408,5.276408,0,,,,,1436.0747329353821,0.00046664532,869.4368689383994,0.0004840341,0.005303612,-0.002237703
2384.4764211213424,7934.0596,5.2795696,0.0005938422,166610,1436.0751692914062,869.4377760760995,7186.9746,4.67999,1317.057,1.4731349,7934.0596,5.2795696,0,,,,,1436.0751692914062,0.0004663677,869.4377760760995,0.0004838815,0.00646139,-0.0013681555
2384.4833654500517,7923.626,5.2770095,0.0005937296,166611,1436.0752225874464,869.4372058139189,7178.6025,4.6777205,1317.8722,1.4725995,7923.626,5.2770095,0,,,,,1436.0752225874464,0.0004668141,869.4372058139189,0.0004842276,0.006332746,-0.0016780309
2384.490309778702,7935.494,5.2802563,0.000593617,166612,1436.0742480909573,869.43690257985,7189.3286,4.6805987,1319.6467,1.4729713,7935.494,5.2802563,0,,,,,1436.0742480909573,0.00046629267,869.43690257985,0.00048397825,0.0053699454,-0.0019543867
2384.497254107353,7939.2925,5.2827444,0.00059350434,166613,1436.0749458853509,869.4375356602134,7192.2905,4.682804,1319.3129,1.4740783,7939.2925,5.2827444,0,,,,,1436.0749458853509,0.00046631548,869.4375356602134,0.00048418413,0.0054694414,-0.001726965
2384.5041984360037,7917.55,5.279318,0.0005933917,166614,1436.0739714331733,869.4374321532783,7171.471,4.6797667,1325.3207,1.4760716,7917.55,5.279318,0,,,,,1436.0739714331733,0.00046748735,869.4374321532783,0.00048534712,0.00515954,-0.0012070371
2384.511142764596,7928.741,5.2815795,0.000593279,166615,1436.0751945460647,869.437776925914,7183.0166,4.6817718,1325.8799,1.4760611,7928.741,5.2815795,0,,,,,1436.0751945460647,0.0004669521,869.437776925914,0.00048442927,0.0058440003,-0.00088798837
2384.518087093189,7924.167,5.280511,0.00059316633,166616,1436.0756955030042,869.4357754076203,7179.0107,4.6808243,1325.6832,1.4757527,7924.167,5.280511,0,,,,,1436.0756955030042,0.00046719424,869.4357754076203,0.0004845069,0.0062858243,-0.0029880323
2384.525031421781,7924.013,5.284357,0.00059305364,166617,1436.0750847840272,869.4370863650021,7179.3735,4.6842337,1329.9752,1.4798393,7924.013,5.284357,0,,,,,1436.0750847840272,0.00046732745,869.4370863650021,0.0004847935,0.005258564,-0.0013378249
2384.531975750373,7927.586,5.283683,0.00059294095,166618,1436.0745729957257,869.4369041139264,7182.4395,4.683636,1329.0513,1.4773209,7927.586,5.283683,0,,,,,1436.0745729957257,0.00046703714,869.4369041139264,0.00048469112,0.0056932373,-0.0016437335
2384.5389200789073,7922.703,5.2840676,0.0005928282,166619,1436.0756966895776,869.4371672448377,7178.168,4.683977,1331.5188,1.4818182,7922.703,5.2840676,0,,,,,1436.0756966895776,0.00046713432,869.4371672448377,0.00048488288,0.0064707394,-0.0011696836
2384.5458644074415,7932.342,5.2885823,0.00059271546,166620,1436.074253011974,869.436356137731,7186.4575,4.6879787,1334.3561,1.4795746,7932.342,5.2885823,0,,,,,1436.074253011974,0.00046697923,869.436356137731,0.00048540477,0.005730771,-0.0025793335
2384.552808735918,7920.739,5.285035,0.00059260265,166621,1436.0740959737498,869.4363641912557,7176.6807,4.6848345,1338.7924,1.4815261,7920.739,5.285035,0,,,,,1436.0740959737498,0.00046765935,869.4363641912557,0.00048508527,0.0050093355,-0.0035835668
2384.5597530644527,7926.2817,5.2868495,0.0005924899,166622,1436.0754789549414,869.4391223121951,7179.3125,4.686443,1339.7335,1.4817618,7926.2817,5.2868495,0,,,,,1436.0754789549414,0.00046753816,869.4391223121951,0.00048585655,0.0067908396,9.716332e-05
2384.5666973929287,7933.7793,5.2924,0.0005923771,166623,1436.0748707882278,869.4368386094777,7188.0176,4.691363,1341.5543,1.4836876,7933.7793,5.2924,0,,,,,1436.0748707882278,0.00046731267,869.4368386094777,0.0004851306,0.00584979,-0.002040755
2384.5736417213466,7923.308,5.28826,0.00059226423,166624,1436.0740337004718,869.4357062378696,7178.2,4.687693,1345.0421,1.4840089,7923.308,5.28826,0,,,,,1436.0740337004718,0.00046780665,869.4357062378696,0.00048569983,0.004887042,-0.0028410796
2384.580586049823,7942.8774,5.2941685,0.0005921514,166625,1436.0756730148464,869.4376245515796,7196.424,4.6929307,1346.7418,1.4840405,7942.8774,5.2941685,0,,,,,1436.0756730148464,0.00046708764,869.4376245515796,0.0004848323,0.0071462933,-0.00069829944
2384.587530378241,7928.035,5.2923646,0.00059203856,166626,1436.0747903226961,869.4372736189573,7183.2124,4.691332,1350.8698,1.4868203,7928.035,5.2923646,0,,,,,1436.0747903226961,0.0004679546,869.4372736189573,0.0004854382,0.005562293,-0.0011101573
2384.5944747066587,7928.4697,5.2935324,0.0005919257,166627,1436.0742218501741,869.4364779322333,7183.5938,4.692367,1351.3534,1.48766,7928.4697,5.2935324,0,,,,,1436.0742218501741,0.00046776232,869.4364779322333,0.00048594683,0.004645833,-0.0023745892
2384.601419035018,7931.218,5.295836,0.0005918128,166628,1436.0746940821493,869.4370924671024,7184.802,4.694409,1356.9388,1.4889582,7931.218,5.295836,0,,,,,1436.0746940821493,0.00046821742,869.4370924671024,0.00048606624,0.0058704745,-0.0016333704
2384.6083633634353,7924.96,5.2960725,0.0005916999,166629,1436.0748516156414,869.437300219795,7179.7036,4.694618,1360.3895,1.491753,7924.96,5.2960725,0,,,,,1436.0748516156414,0.0004685761,869.437300219795,0.0004863143,0.0061741252,-0.0023824961
2384.6153076917954,7926.5615,5.2967634,0.000591587,166630,1436.0731260190287,869.4347339944005,7180.2666,4.695231,1363.4645,1.4917854,7926.5615,5.2967634,0,,,,,1436.0731260190287,0.00046875436,869.4347339944005,0.00048657667,0.0042718765,-0.004075869
2384.622252020097,7921.4,5.298793,0.000591474,166631,1436.0752357454128,869.4391252017247,7175.4434,4.6970296,1366.4167,1.4938926,7921.4,5.298793,0,,,,,1436.0752357454128,0.00046943536,869.4391252017247,0.00048732603,0.005970541,-0.0009695864
2384.6291963484573,7929.957,5.300358,0.0005913611,166632,1436.0749089207643,869.4369456513908,7184.25,4.698417,1368.5189,1.4945104,7929.957,5.300358,0,,,,,1436.0749089207643,0.000469051,869.4369456513908,0.0004867367,0.005979652,-0.0015289462
2384.6361406767583,7931.3984,5.303745,0.0005912481,166633,1436.0747405298719,869.4381911370151,7185.9624,4.7014194,1375.1444,1.4970651,7931.3984,5.303745,0,,,,,1436.0747405298719,0.00046915267,869.4381911370151,0.00048667574,0.0062997555,-0.0012418758
2384.643085005002,7930.0415,5.303756,0.00059113506,166634,1436.0748279054076,869.4375472817981,7183.928,4.70143,1377.476,1.4980685,7930.0415,5.303756,0,,,,,1436.0748279054076,0.00046895308,869.4375472817981,0.00048673677,0.006233549,-0.0007451752
2384.6500293333033,7939.178,5.3072925,0.0005910221,166635,1436.0743290911964,869.4369418126709,7192.4307,4.704564,1378.2015,1.499806,7939.178,5.3072925,0,,,,,1436.0743290911964,0.00046903617,869.4369418126709,0.00048669998,0.004755154,-0.0016766639
2384.6569736615465,7929.13,5.3081174,0.00059090904,166636,1436.0749448656588,869.4347936501516,7183.2544,4.7052956,1379.7439,1.5035022,7929.13,5.3081174,0,,,,,1436.0749448656588,0.00046997267,869.4347936501516,0.00048741305,0.006003641,-0.003922014
2384.66391798979,7917.3955,5.3039913,0.000590796,166637,1436.0748264927174,869.4369769654172,7171.742,4.701638,1383.4904,1.5009263,7917.3955,5.3039913,0,,,,,1436.0748264927174,0.00047019185,869.4369769654172,0.00048791623,0.005585812,-0.00125252
2384.670862318033,7924.458,5.3046803,0.00059068296,166638,1436.074824486173,869.4379215484514,7179.1943,4.702249,1382.038,1.499455,7924.458,5.3046803,0,,,,,1436.074824486173,0.00046969327,869.4379215484514,0.00048768116,0.0052993805,-0.0007865644
2384.6778066462175,7927.8545,5.307589,0.00059056986,166639,1436.07375777799,869.436369888446,7182.5767,4.7048273,1385.967,1.5014281,7927.8545,5.307589,0,,,,,1436.07375777799,0.0004695539,869.436369888446,0.00048775246,0.0054312716,-0.002683596
2384.684750974402,7922.277,5.3088093,0.00059045677,166640,1436.0750310004657,869.4383520165474,7176.739,4.705909,1390.577,1.5030172,7922.277,5.3088093,0,,,,,1436.0750310004657,0.00047002957,869.4383520165474,0.0004886869,0.005980854,-0.0010645145
2384.6916953025875,7923.8867,5.3077683,0.00059034367,166641,1436.0756674252764,869.4377734288705,7179.4775,4.704986,1390.0352,1.5031031,7923.8867,5.3077683,0,,,,,1436.0756674252764,0.00046969648,869.4377734288705,0.0004878282,0.006437715,-0.0013588654
2384.6986396307148,7933.111,5.310195,0.0005902305,166642,1436.0744754285786,869.4369209608678,7187.4087,4.707137,1390.482,1.5029279,7933.111,5.310195,0,,,,,1436.0744754285786,0.00046957764,869.4369209608678,0.00048742045,0.0046023456,-0.0017560833
2384.705583958842,7922.0293,5.308655,0.00059011736,166643,1436.074574784523,869.4365179025962,7175.8076,4.705772,1393.9502,1.5045642,7922.0293,5.308655,0,,,,,1436.074574784523,0.00047019427,869.4365179025962,0.0004883691,0.005898482,-0.0014214226
2384.712528286969,7926.223,5.3083262,0.0005900042,166644,1436.0755252488432,869.4380199692224,7179.8853,4.7054806,1391.1339,1.5038254,7926.223,5.3083262,0,,,,,1436.0755252488432,0.00046992852,869.4380199692224,0.00048807057,0.007294687,-0.0008962167
2384.719472615095,7924.9727,5.3105507,0.00058989105,166645,1436.0738940404485,869.4366658956958,7179.1807,4.707453,1395.022,1.5050894,7924.9727,5.3105507,0,,,,,1436.0738940404485,0.000470285,869.4366658956958,0.00048870005,0.0046953023,-0.0014639954
2384.7264169431637,7926.662,5.3120227,0.00058977783,166646,1436.0746400492023,869.4371680429733,7181.6187,4.7087574,1396.4242,1.5066406,7926.662,5.3120227,0,,,,,1436.0746400492023,0.00047038414,869.4371680429733,0.00048784094,0.0052442406,-0.0015839066
2384.7333612712328,7932.0947,5.3129587,0.0005896646,166647,1436.0765754737658,869.437535199088,7186.1167,4.709587,1395.0107,1.5077488,7932.0947,5.3129587,0,,,,,1436.0765754737658,0.0004700785,869.437535199088,0.00048791198,0.0068551833,-0.0010812721
2384.740305599302,7926.7886,5.312963,0.0005895514,166648,1436.074784753969,869.4357896356842,7182.174,4.709591,1397.7018,1.5078573,7926.7886,5.312963,0,,,,,1436.074784753969,0.0004702459,869.4357896356842,0.00048825104,0.00555428,-0.0021504136
2384.7472499273126,7926.307,5.3131623,0.00058943813,166649,1436.074044867317,869.4366999587877,7181.277,4.7097673,1397.0026,1.5066231,7926.307,5.3131623,0,,,,,1436.074044867317,0.00047021662,869.4366999587877,0.0004885015,0.0047731907,-0.002278464
2384.7541942553225,7925.59,5.311697,0.00058932486,166650,1436.0756581213484,869.4373411939459,7178.873,4.708469,1396.669,1.5057236,7925.59,5.311697,0,,,,,1436.0756581213484,0.00047020722,869.4373411939459,0.00048866647,0.006657276,-0.0018185163
2384.7611385833325,7927.5557,5.3121424,0.0005892116,166651,1436.0747873896105,869.4370882431873,7181.9106,4.7088633,1398.4331,1.5064073,7927.5557,5.3121424,0,,,,,1436.0747873896105,0.0004703027,869.4370882431873,0.0004877593,0.004351396,-0.002709628
2384.768082911284,7937.6704,5.315193,0.00058909826,166652,1436.075245629915,869.4374705833033,7190.82,4.711568,1399.1176,1.5073024,7937.6704,5.315193,0,,,,,1436.075245629915,0.0004702751,869.4374705833033,0.00048767446,0.0057341033,-0.0016208006
2384.775027239295,7924.471,5.3134727,0.000588985,166653,1436.0753669820017,869.4379105754114,7178.566,4.7100425,1399.0801,1.5091529,7924.471,5.3134727,0,,,,,1436.0753669820017,0.00047072864,869.4379105754114,0.00048826903,0.006320571,-2.7128517e-05
2384.781971567247,7924.975,5.3120384,0.00058887166,166654,1436.0740550821163,869.4372355343038,7180.237,4.708771,1398.7872,1.5060519,7924.975,5.3120384,0,,,,,1436.0740550821163,0.0004702742,869.4372355343038,0.00048839225,0.005024183,-0.0025505163
2384.7889158951416,7914.8633,5.3103657,0.00058875827,166655,1436.073614048403,869.4375710937735,7169.6113,4.7072887,1398.2604,1.5065607,7914.8633,5.3103657,0,,,,,1436.073614048403,0.0004707926,869.4375710937735,0.0004892076,0.0048347204,-0.0011410669
2384.795860223094,7921.1333,5.310511,0.00058864494,166656,1436.0742316534747,869.438475615629,7176.207,4.7074175,1398.4156,1.5060393,7921.1333,5.310511,0,,,,,1436.0742316534747,0.00047046773,869.438475615629,0.0004886725,0.0063225525,-0.00062568486
2384.802804550988,7925.8853,5.313648,0.00058853155,166657,1436.075781559891,869.4378223594,7180.6436,4.710198,1398.4236,1.5077837,7925.8853,5.313648,0,,,,,1436.075781559891,0.00047051208,869.4378223594,0.00048844115,0.0060016806,-0.00015239914
2384.8097488788244,7930.29,5.3140936,0.0005884181,166658,1436.073812545736,869.4360073035028,7184.7026,4.710593,1401.0431,1.5067393,7930.29,5.3140936,0,,,,,1436.073812545736,0.00047025198,869.4360073035028,0.00048816684,0.004569019,-0.002928027
2384.816693206718,7925.8447,5.312284,0.0005883047,166659,1436.0757487035844,869.4378605407533,7179.276,4.708989,1399.7603,1.5079038,7925.8447,5.312284,0,,,,,1436.0757487035844,0.0004704496,869.4378605407533,0.0004887007,0.0070362636,-0.0007364946
2384.823637534554,7936.419,5.3148947,0.00058819127,166660,1436.073728196454,869.4363527716228,7189.478,4.711303,1399.3881,1.506875,7936.419,5.3148947,0,,,,,1436.073728196454,0.000469983,869.4363527716228,0.00048801783,0.005141878,-0.0029718997
2384.8305818623894,7927.965,5.3150945,0.0005880778,166661,1436.0745412207127,869.4389041618501,7181.2583,4.7114806,1400.2391,1.5084438,7927.965,5.3150945,0,,,,,1436.0745412207127,0.00047046258,869.4389041618501,0.0004886087,0.00569466,-0.0004659346
2384.8375261901665,7918.609,5.311224,0.0005879643,166662,1436.073802956187,869.4364752750818,7174.561,4.708049,1401.0522,1.5070496,7918.609,5.311224,0,,,,,1436.073802956187,0.00047050358,869.4364752750818,0.00048883044,0.0047003175,-0.001935614
2384.8444705180027,7928.0625,5.3130198,0.00058785087,166663,1436.073869838712,869.4373357439575,7182.429,4.709641,1399.9059,1.508118,7928.0625,5.3130198,0,,,,,1436.073869838712,0.00047031476,869.4373357439575,0.0004884301,0.0049489117,-0.0009158303
2384.8514148457807,7933.63,5.3164654,0.00058773736,166664,1436.0752726491035,869.437318150434,7185.1064,4.7126956,1403.0219,1.5105928,7933.63,5.3164654,0,,,,,1436.0752726491035,0.00047041712,869.437318150434,0.00048890593,0.0067810346,-0.0026931127
2384.8583591735,7933.2705,5.316465,0.0005876238,166665,1436.0744691342356,869.437333489493,7186.966,4.712695,1404.3726,1.508558,7933.2705,5.316465,0,,,,,1436.0744691342356,0.00047064235,869.437333489493,0.00048835145,0.0056847893,-0.0017065166
2384.865303501277,7927.785,5.3146715,0.0005875103,166666,1436.0742651311707,869.4357294186473,7182.5425,4.7111053,1403.1765,1.5080425,7927.785,5.3146715,0,,,,,1436.0742651311707,0.00047027913,869.4357294186473,0.00048860424,0.0049570887,-0.003431555
2384.8722478289965,7915.382,5.313837,0.00058739673,166667,1436.0749422859385,869.4378219329415,7171.044,4.710366,1405.9467,1.5088573,7915.382,5.313837,0,,,,,1436.0749422859385,0.00047072535,869.4378219329415,0.0004893157,0.005761687,-0.0005665356
2384.8791921567163,7918.9033,5.3139524,0.00058728317,166668,1436.0737901597015,869.4370539453865,7173.6396,4.710468,1405.5453,1.5098715,7918.9033,5.3139524,0,,,,,1436.0737901597015,0.0004711732,869.4370539453865,0.00048892,0.005546252,-0.0019684844
2384.886136484378,7929.1216,5.315678,0.00058716955,166669,1436.0738801960906,869.4357033116792,7182.9126,4.711998,1404.2522,1.5091197,7929.1216,5.315678,0,,,,,1436.0738801960906,0.0004704612,869.4357033116792,0.00048863987,0.004541963,-0.0027820119
2384.8930808120977,7929.755,5.317383,0.000587056,166670,1436.0758689932468,869.4380034792647,7183.153,4.7135086,1406.8074,1.5125188,7929.755,5.317383,0,,,,,1436.0758689932468,0.00047063912,869.4380034792647,0.0004887341,0.0063552926,-0.00061302725
2384.9000251397,7927.172,5.314176,0.0005869423,166671,1436.0739586479274,869.4371229326119,7180.8354,4.710666,1404.3359,1.5083383,7927.172,5.314176,0,,,,,1436.0739586479274,0.0004706334,869.4371229326119,0.00048866,0.0055975094,-0.0011902234
2384.906969467361,7933.153,5.317155,0.0005868287,166672,1436.0729870729274,869.436838596129,7186.325,4.7133064,1405.2252,1.5093462,7933.153,5.317155,0,,,,,1436.0729870729274,0.00046985608,869.436838596129,0.000488931,0.0053528715,-0.0034427687
2384.9139137950215,7931.0303,5.315577,0.00058671506,166673,1436.0752780027906,869.438288821504,7184.8687,4.711908,1404.2429,1.5083292,7931.0303,5.315577,0,,,,,1436.0752780027906,0.00047010748,869.438288821504,0.0004884561,0.0060981205,-0.0008657191
2384.920858122625,7921.788,5.3160176,0.0005866014,166674,1436.0748251521272,869.4373804591378,7175.268,4.712299,1405.4069,1.5099968,7921.788,5.3160176,0,,,,,1436.0748251521272,0.0004709177,869.4373804591378,0.00048950146,0.006790906,-0.0011285304
2384.9278024501696,7918.885,5.313635,0.00058648764,166675,1436.074565760171,869.4368495615319,7173.209,4.7101865,1405.606,1.5094547,7918.885,5.313635,0,,,,,1436.074565760171,0.0004711562,869.4368495615319,0.00048915815,0.006013911,-0.0015320553
2384.9347467777725,7926.465,5.313283,0.00058637396,166676,1436.0742117420323,869.4362789376071,7180.238,4.7098746,1402.0565,1.5076296,7926.465,5.313283,0,,,,,1436.0742117420323,0.00047041112,869.4362789376071,0.0004885166,0.004232735,-0.001662753
2384.9416911053177,7925.791,5.3142195,0.0005862602,166677,1436.0752363958275,869.4384702484821,7179.4897,4.710705,1404.2952,1.509112,7925.791,5.3142195,0,,,,,1436.0752363958275,0.00047050076,869.4384702484821,0.00048882153,0.0073610526,-0.00066998194
2384.9486354328624,7923.808,5.313314,0.0005861465,166678,1436.0737175592126,869.4372130123523,7176.873,4.709902,1401.2742,1.5090349,7923.808,5.313314,0,,,,,1436.0737175592126,0.0004708018,869.4372130123523,0.00048873085,0.003951417,-0.0009120396
2384.955579760407,7921.443,5.3121395,0.00058603275,166679,1436.074291273237,869.4363368608656,7175.628,4.708861,1399.8008,1.5066298,7921.443,5.3121395,0,,,,,1436.074291273237,0.00047040184,869.4363368608656,0.0004889173,0.0044381246,-0.0023844664
2384.962524087894,7930.4688,5.3122234,0.00058591896,166680,1436.074694120066,869.4370727998875,7183.637,4.7089353,1397.2157,1.5059859,7930.4688,5.3122234,0,,,,,1436.074694120066,0.00046959586,869.4370727998875,0.00048825596,0.006518943,-0.00231542
2384.969468415381,7924.6475,5.3127174,0.00058580516,166681,1436.075635454936,869.4377425022406,7178.2007,4.709373,1400.6517,1.5070157,7924.6475,5.3127174,0,,,,,1436.075635454936,0.00047043612,869.4377425022406,0.0004887234,0.006377859,-0.0014387725
2384.9764127428675,7928.9873,5.311054,0.00058569136,166682,1436.0739736435653,869.4362857576212,7182.3057,4.707899,1394.4885,1.504517,7928.9873,5.311054,0,,,,,1436.0739736435653,0.0004701629,869.4362857576212,0.0004884704,0.0047912905,-0.0022623509
2384.9833570702954,7930.1436,5.311444,0.0005855775,166683,1436.0739389425962,869.4368483913487,7183.2817,4.7082443,1393.0673,1.5045462,7930.1436,5.311444,0,,,,,1436.0739389425962,0.0004698069,869.4368483913487,0.0004883697,0.0052964767,-0.00201494
2384.9903013977237,7927.4727,5.3087554,0.00058546365,166684,1436.0746510000833,869.4380051461544,7181.384,4.705861,1392.2188,1.503539,7927.4727,5.3087554,0,,,,,1436.0746510000833,0.00046998527,869.4380051461544,0.00048790342,0.0053176247,-0.0007934148
2384.9972457251515,7920.8247,5.309278,0.0005853498,166685,1436.0741873570946,869.436745106406,7174.598,4.706324,1394.5629,1.5049162,7920.8247,5.309278,0,,,,,1436.0741873570946,0.00047041912,869.436745106406,0.0004885769,0.005875075,-0.0012400266
2385.0041900525803,7925.74,5.3087897,0.00058523595,166686,1436.0738806384763,869.4386233461884,7179.7363,4.705891,1390.1838,1.5039895,7925.74,5.3087897,0,,,,,1436.0738806384763,0.00047019872,869.4386233461884,0.00048803422,0.005452965,-3.751356e-06
2385.0111343799504,7927.271,5.3090615,0.00058512203,166687,1436.0741320318511,869.4361249643604,7181.1187,4.706132,1388.3518,1.5031421,7927.271,5.3090615,0,,,,,1436.0741320318511,0.00046978105,869.4361249643604,0.00048808454,0.005186962,-0.0030639162
2385.0180787073205,7928.722,5.308493,0.0005850081,166688,1436.0746913074324,869.4371943597315,7181.218,4.705629,1389.0383,1.5022473,7928.722,5.308493,0,,,,,1436.0746913074324,0.00046986618,869.4371943597315,0.00048804414,0.0055549582,-0.0011077565
2385.025023034691,7924.6665,5.306828,0.0005848942,166689,1436.0743703824735,869.4361942242989,7179.0513,4.7041526,1386.8484,1.5014014,7924.6665,5.306828,0,,,,,1436.0743703824735,0.0004699265,869.4361942242989,0.00048823867,0.005171375,-0.0028559174
2385.0319673620033,7921.154,5.3043027,0.00058478024,166690,1436.0734742479226,869.4370985222082,7176.3477,4.7019143,1383.4316,1.500004,7921.154,5.3043027,0,,,,,1436.0734742479226,0.00046954647,869.4370985222082,0.00048795267,0.0043109637,-0.001862422
2385.0389116893157,7933.465,5.3081083,0.00058466627,166691,1436.0742336300918,869.4374430050229,7187.147,4.7052875,1386.4972,1.5007296,7933.465,5.3081083,0,,,,,1436.0742336300918,0.00046939254,869.4374430050229,0.00048742842,0.005701998,-0.0010779849
2385.045856016627,7938.993,5.3098187,0.0005845523,166692,1436.0736376889356,869.437204835746,7191.153,4.706804,1381.0908,1.5010186,7938.993,5.3098187,0,,,,,1436.0736376889356,0.0004696297,869.437204835746,0.00048754318,0.0056033954,-0.0017018616
2385.0528003438812,7929.8066,5.3071795,0.00058443827,166693,1436.073958756557,869.4341114806423,7184.119,4.704464,1383.1095,1.50028,7929.8066,5.3071795,0,,,,,1436.073958756557,0.0004694494,869.4341114806423,0.0004876069,0.004319396,-0.004296696
2385.0597446711927,7924.615,5.306724,0.0005843243,166694,1436.0737040625,869.4388218441071,7179.48,4.7040606,1382.7057,1.5034895,7924.615,5.306724,0,,,,,1436.0737040625,0.0004696745,869.4388218441071,0.00048789705,0.004312764,6.123445e-07
2385.066688998446,7929.798,5.3053436,0.00058421027,166695,1436.0744435606878,869.4370416662688,7182.008,4.702837,1382.5198,1.4997518,7929.798,5.3053436,0,,,,,1436.0744435606878,0.00046932025,869.4370416662688,0.000487697,0.0057795346,-0.0014222842
2385.0736333256414,7929.758,5.3073645,0.0005840962,166696,1436.0743778332064,869.4383007762802,7183.417,4.704628,1382.9927,1.5000968,7929.758,5.3073645,0,,,,,1436.0743778332064,0.000469558,869.4383007762802,0.00048789245,0.00622453,-0.0008803705
2385.0805776528946,7922.093,5.3053412,0.00058398215,166697,1436.0735633014463,869.435263643072,7176.6606,4.7028346,1383.4388,1.4997334,7922.093,5.3053412,0,,,,,1436.0735633014463,0.00046986548,869.435263643072,0.00048820916,0.0045195366,-0.0032844446
2385.08752198009,7929.7773,5.3055644,0.00058386807,166698,1436.0745242317078,869.4368794614412,7182.7554,4.703032,1383.7108,1.4997296,7929.7773,5.3055644,0,,,,,1436.0745242317078,0.00046948605,869.4368794614412,0.00048765715,0.005677285,-0.0017901711
2385.094466307228,7927.546,5.3061843,0.0005837539,166699,1436.0744776774955,869.4365441311476,7181.243,4.703582,1383.1931,1.4999706,7927.546,5.3061843,0,,,,,1436.0744776774955,0.00046967884,869.4365441311476,0.00048799833,0.0052479818,-0.0008057559
2385.1014106344237,7930.7266,5.3057547,0.00058363983,166700,1436.0757861716443,869.4367879703697,7183.7046,4.7032013,1382.0354,1.4993516,7930.7266,5.3057547,0,,,,,1436.0757861716443,0.0004693039,869.4367879703697,0.00048751483,0.006099304,-0.0016249296
2385.1083549615614,7924.4316,5.304656,0.0005835257,166701,1436.073285924598,869.4399059774813,7177.0464,4.702227,1383.4072,1.5001978,7924.4316,5.304656,0,,,,,1436.073285924598,0.0004695428,869.4399059774813,0.0004885174,0.0043926076,0.00044389014
2385.115299288699,7925.321,5.3081317,0.00058341154,166702,1436.0736817616857,869.4363403831242,7179.855,4.705308,1382.2878,1.5019591,7925.321,5.3081317,0,,,,,1436.0736817616857,0.0004697512,869.4363403831242,0.00048816495,0.0052541597,-0.0025354808
2385.122243615778,7922.0557,5.304641,0.00058329734,166703,1436.0756126956467,869.43948415568,7177.099,4.702214,1384.0643,1.5001018,7922.0557,5.304641,0,,,,,1436.0756126956467,0.00046996583,869.43948415568,0.00048778608,0.0060553444,8.788936e-05
2385.129187942915,7921.011,5.304419,0.0005831832,166704,1436.0745870438398,869.4378021381057,7176.263,4.702017,1381.0791,1.5001439,7921.011,5.304419,0,,,,,1436.0745870438398,0.00046980247,869.4378021381057,0.0004874997,0.0047117453,-0.001457303
2385.136132269994,7932.5815,5.30482,0.000583069,166705,1436.0740064902116,869.4367865440016,7184.7974,4.702373,1378.2965,1.4984676,7932.5815,5.30482,0,,,,,1436.0740064902116,0.00046930206,869.4367865440016,0.0004876481,0.0036172403,-0.002169661
2385.143076597073,7931.6885,5.3049884,0.0005829548,166706,1436.0748040918927,869.4358031242749,7184.1255,4.702522,1378.3887,1.4984231,7931.6885,5.3049884,0,,,,,1436.0748040918927,0.0004693996,869.4358031242749,0.00048740098,0.0059260773,-0.0028710107
2385.150020924094,7925.74,5.304135,0.0005828405,166707,1436.0754772984121,869.4398766660905,7179.199,4.701765,1380.0018,1.4990753,7925.74,5.304135,0,,,,,1436.0754772984121,0.00046950663,869.4398766660905,0.0004876147,0.0068042297,0.0005404393
2385.156965251115,7927.5503,5.305736,0.00058272626,166708,1436.0742507374666,869.436655244576,7181.5195,4.7031846,1382.4095,1.5002795,7927.5503,5.305736,0,,,,,1436.0742507374666,0.0004696951,869.436655244576,0.0004877931,0.00577659,-0.002272347
2385.1639095781356,7935.776,5.3071575,0.000582612,166709,1436.0744805771046,869.4379485186888,7188.641,4.7044444,1381.0328,1.4995283,7935.776,5.3071575,0,,,,,1436.0744805771046,0.00046896102,869.4379485186888,0.00048741788,0.005328359,-0.0007437184
2385.1708539050987,7925.6655,5.3043113,0.0005824977,166710,1436.0726958304492,869.4372468387642,7179.335,4.7019215,1381.2722,1.4993471,7925.6655,5.3043113,0,,,,,1436.0726958304492,0.00046946912,869.4372468387642,0.00048760543,0.0050913603,-0.0017238358
2385.177798232119,7934.04,5.3069515,0.0005823834,166711,1436.0749079432994,869.4373141731529,7187.5063,4.7042623,1382.1886,1.4996738,7934.04,5.3069515,0,,,,,1436.0749079432994,0.0004689567,869.4373141731529,0.00048752362,0.006393527,-0.0010046561
2385.184742559082,7933.1006,5.3059835,0.0005822691,166712,1436.0738639023348,869.4376124488591,7185.341,4.703404,1383.1085,1.4991329,7933.1006,5.3059835,0,,,,,1436.0738639023348,0.00046914732,869.4376124488591,0.00048761908,0.004994184,-0.0010366822
2385.191686885987,7922.2466,5.3045945,0.0005821547,166713,1436.0742844230747,869.4347372086869,7176.572,4.702173,1382.8013,1.4991903,7922.2466,5.3045945,0,,,,,1436.0742844230747,0.00046988306,869.4347372086869,0.0004876519,0.0040515447,-0.0036672677
2385.19863121295,7941.752,5.3079743,0.0005820404,166714,1436.0757995429299,869.4379933051042,7193.0273,4.7051687,1382.6825,1.4996921,7941.752,5.3079743,0,,,,,1436.0757995429299,0.00046902857,869.4379933051042,0.00048704512,0.006926504,7.1544026e-05
2385.2055755398546,7924.4106,5.3050313,0.000581926,166715,1436.0739878357936,869.4376736712077,7178.6006,4.70256,1383.074,1.5004697,7924.4106,5.3050313,0,,,,,1436.0739878357936,0.00046932427,869.4376736712077,0.00048784135,0.0053313007,-0.0015392447
2385.212519866759,7924.3,5.3045917,0.00058181165,166716,1436.0735593553848,869.4372005601753,7178.0073,4.70217,1384.362,1.499919,7924.3,5.3045917,0,,,,,1436.0735593553848,0.00046955762,869.4372005601753,0.0004882552,0.0043214923,-0.0011549059
2385.219464193605,7933.0513,5.3076363,0.0005816972,166717,1436.0743418804498,869.4371810502593,7184.8286,4.704869,1384.2406,1.5003674,7933.0513,5.3076363,0,,,,,1436.0743418804498,0.00046947223,869.4371810502593,0.00048790398,0.0057245106,-0.001914482
2385.22640852045,7936.078,5.3065653,0.0005815828,166718,1436.0749097340552,869.4388399485734,7188.103,4.70392,1381.8208,1.4994898,7936.078,5.3065653,0,,,,,1436.0749097340552,0.00046921108,869.4388399485734,0.00048741253,0.0066022077,0.00031829585
2385.2333528472964,7929.3345,5.30853,0.00058146834,166719,1436.0738827769196,869.4364258901943,7182.279,4.705661,1385.0411,1.5014313,7929.3345,5.30853,0,,,,,1436.0738827769196,0.00046978105,869.4364258901943,0.00048803122,0.0056849825,-0.0024383003
2385.240297174143,7933.3286,5.3104253,0.0005813539,166720,1436.0732238202556,869.4362466958686,7186.029,4.7073417,1384.1376,1.5023966,7933.3286,5.3104253,0,,,,,1436.0732238202556,0.0004696806,869.4362466958686,0.00048790942,0.004122827,-0.0018417551
2385.2472415009315,7929.809,5.306094,0.0005812394,166721,1436.0740861696092,869.4382171617189,7183.2544,4.703502,1381.9865,1.499423,7929.809,5.306094,0,,,,,1436.0740861696092,0.00046913823,869.4382171617189,0.00048764245,0.0047204937,-0.0002904098
2385.25418582772,7918.276,5.3044167,0.0005811249,166722,1436.0746170253092,869.437549574093,7171.691,4.702015,1384.7811,1.5011692,7918.276,5.3044167,0,,,,,1436.0746170253092,0.0004701683,869.437549574093,0.00048825302,0.005049047,-0.00026385803
2385.2611301545076,7934.566,5.3071,0.0005810104,166723,1436.073920146869,869.4377252770745,7188.0596,4.7043934,1381.4895,1.5004855,7934.566,5.3071,0,,,,,1436.073920146869,0.00046927348,869.4377252770745,0.00048750787,0.0051934854,-0.001102588
2385.268074481296,7932.654,5.307516,0.0005808959,166724,1436.0745053729186,869.4366680129689,7186.607,4.7047625,1383.7318,1.5002687,7932.654,5.307516,0,,,,,1436.0745053729186,0.0004691746,869.4366680129689,0.0004874737,0.0052637146,-0.002014065
2385.275018808026,7933.055,5.307659,0.0005807814,166725,1436.0744812777589,869.438269051359,7186.686,4.7048893,1382.8275,1.5011741,7933.055,5.307659,0,,,,,1436.0744812777589,0.0004690839,869.438269051359,0.000487262,0.005323319,-0.00085916754
2385.2819631347556,7931.7666,5.3058968,0.0005806668,166726,1436.0741562789522,869.43669201886,7185.461,4.703327,1381.5659,1.4985535,7931.7666,5.3058968,0,,,,,1436.0741562789522,0.0004695056,869.43669201886,0.0004875988,0.0052657435,-0.0013113213
2385.2889074614277,7929.3213,5.3057137,0.0005805522,166727,1436.073458133799,869.4361129963481,7182.8027,4.7031646,1381.2938,1.4995065,7929.3213,5.3057137,0,,,,,1436.073458133799,0.00046923044,869.4361129963481,0.0004878201,0.0045546116,-0.002790738
2385.295851788157,7924.3164,5.3035507,0.00058043766,166728,1436.0744011094203,869.4371492186699,7177.6226,4.701247,1382.4675,1.4989893,7924.3164,5.3035507,0,,,,,1436.0744011094203,0.00046928835,869.4371492186699,0.00048774143,0.005902808,-0.0009742589
2385.3027961148287,7933.5093,5.305603,0.00058032305,166729,1436.0751074854436,869.4372384404439,7186.2173,4.703067,1380.4657,1.4986978,7933.5093,5.305603,0,,,,,1436.0751074854436,0.000469367,869.4372384404439,0.0004873534,0.0056453636,-0.001979244
2385.3097404414416,7931.993,5.304964,0.0005802084,166730,1436.0738425096804,869.4373357753341,7183.246,4.7025003,1380.1505,1.4982151,7931.993,5.304964,0,,,,,1436.0738425096804,0.00046954793,869.4373357753341,0.0004877388,0.005113401,-0.0019076699
2385.316684768113,7922.853,5.303148,0.00058009377,166731,1436.074865719265,869.4378424965009,7177.0083,4.70089,1378.4335,1.4995103,7922.853,5.303148,0,,,,,1436.074865719265,0.00046951932,869.4378424965009,0.00048754364,0.005413414,-0.001394276
2385.323629094727,7933.2,5.3027234,0.0005799791,166732,1436.0747701745404,869.437742375872,7185.598,4.7005143,1374.852,1.4967996,7933.2,5.3027234,0,,,,,1436.0747701745404,0.00046894583,869.437742375872,0.00048697536,0.005863745,-0.0014044645
2385.330573421341,7927.593,5.303101,0.0005798644,166733,1436.075007764476,869.4371589046593,7181.1763,4.700849,1376.208,1.497703,7927.593,5.303101,0,,,,,1436.075007764476,0.000469525,869.4371589046593,0.0004872439,0.005762268,-0.0014814792
2385.337517747896,7925.0254,5.301901,0.0005797497,166734,1436.0737852420934,869.4380616522492,7177.204,4.699785,1373.4141,1.4976082,7925.0254,5.301901,0,,,,,1436.0737852420934,0.00046947156,869.4380616522492,0.0004877232,0.0048312196,-0.00016775858
2385.34446207451,7930.0967,5.300212,0.00057963503,166735,1436.0754765742781,869.4376228322628,7182.6626,4.6982875,1369.0795,1.4949931,7930.0967,5.300212,0,,,,,1436.0754765742781,0.00046900182,869.4376228322628,0.0004869655,0.00649973,-0.00040344248
2385.3514064010656,7925.4253,5.301141,0.0005795203,166736,1436.0741641012382,869.4358652436321,7178.5386,4.699111,1369.3168,1.4950265,7925.4253,5.301141,0,,,,,1436.0741641012382,0.00046939458,869.4358652436321,0.0004876261,0.004971932,-0.0030665973
2385.358350727562,7928.453,5.30079,0.0005794055,166737,1436.0740713102953,869.4384524098929,7181.7046,4.6988,1365.9438,1.4946038,7928.453,5.30079,0,,,,,1436.0740713102953,0.00046900255,869.4384524098929,0.00048703188,0.005273544,-0.00057147647
2385.3652950541173,7929.8027,5.2997794,0.0005792908,166738,1436.0753081330083,869.4369299988329,7182.3706,4.697904,1366.1888,1.4928782,7929.8027,5.2997794,0,,,,,1436.0753081330083,0.00046891917,869.4369299988329,0.00048708086,0.0060773822,-0.0014926095
2385.372239380614,7931.2744,5.2963505,0.000579176,166739,1436.0745120085498,869.4367967102276,7184.35,4.6948647,1360.795,1.4897816,7931.2744,5.2963505,0,,,,,1436.0745120085498,0.0004681318,869.4367967102276,0.00048666217,0.0050280546,-0.002163018
2385.379183707052,7924.194,5.2945447,0.00057906116,166740,1436.0738421408644,869.4356895089684,7176.177,4.693264,1360.2666,1.4909447,7924.194,5.2945447,0,,,,,1436.0738421408644,0.00046882374,869.4356895089684,0.00048733456,0.0049190554,-0.0026847378
2385.3861280335495,7923.54,5.2936077,0.0005789464,166741,1436.075142231604,869.4377892821778,7176.5283,4.692434,1358.0485,1.4894397,7923.54,5.2936077,0,,,,,1436.075142231604,0.00046862708,869.4377892821778,0.00048687376,0.005937016,-0.0010043599
2385.393072359988,7940.103,5.2964425,0.00057883153,166742,1436.0745256808607,869.4378067677459,7190.8833,4.6949463,1357.2094,1.4891549,7940.103,5.2964425,0,,,,,1436.0745256808607,0.00046805985,869.4378067677459,0.00048623298,0.0051155626,-0.0004153038
2385.400016686427,7930.5244,5.294889,0.0005787167,166743,1436.075600144009,869.4375840377141,7182.497,4.6935697,1355.6472,1.4884653,7930.5244,5.294889,0,,,,,1436.075600144009,0.00046848884,869.4375840377141,0.0004862739,0.0058941944,0.00062015787
2385.4069610128663,7925.55,5.2929897,0.00057860184,166744,1436.0747464515907,869.4378504290465,7178.789,4.691886,1352.327,1.4897614,7925.55,5.2929897,0,,,,,1436.0747464515907,0.0004683162,869.4378504290465,0.0004862477,0.0050260583,-0.0013137873
2385.4139053392473,7918.808,5.2911897,0.00057848694,166745,1436.075083887758,869.4368782754477,7172.7427,4.6902905,1353.2094,1.4881445,7918.808,5.2911897,0,,,,,1436.075083887758,0.00046862845,869.4368782754477,0.0004865663,0.005216232,-0.0028279007
2385.420849665628,7927.5073,5.2906,0.00057837204,166746,1436.0744372173272,869.437431139202,7179.094,4.6897674,1348.849,1.4854096,7927.5073,5.2906,0,,,,,1436.0744372173272,0.0004681028,869.437431139202,0.00048643886,0.0052665034,-0.0013499834
2385.4277939920084,7939.2227,5.294191,0.00057825714,166747,1436.0751141438666,869.438346702085,7190.0625,4.6929507,1349.1019,1.4876045,7939.2227,5.294191,0,,,,,1436.0751141438666,0.00046746546,869.438346702085,0.00048563478,0.006566408,-0.00053610315
2385.4347383183313,7926.0166,5.2907867,0.0005781422,166748,1436.0739424269868,869.4369870164089,7179.527,4.6899333,1349.3473,1.4853855,7926.0166,5.2907867,0,,,,,1436.0739424269868,0.00046813986,869.4369870164089,0.0004864143,0.004753968,-0.0010539385
2385.4416826447114,7937.0586,5.2932687,0.0005780273,166749,1436.0742291435643,869.4378733572111,7189.1484,4.692133,1349.1573,1.4859728,7937.0586,5.2932687,0,,,,,1436.0742291435643,0.00046750664,869.4378733572111,0.0004858705,0.005651996,-0.00025168605
2385.448626970975,7944.9556,5.2947845,0.00057791226,166750,1436.0746521809956,869.4373174644556,7196.502,4.6934767,1345.7368,1.4864728,7944.9556,5.2947845,0,,,,,1436.0746521809956,0.0004675619,869.4373174644556,0.00048529485,0.0047686673,-0.0007846878
2385.4555712972974,7935.6357,5.2917423,0.0005777973,166751,1436.0741351387878,869.4376384316539,7188.3047,4.69078,1347.6497,1.4846834,7935.6357,5.2917423,0,,,,,1436.0741351387878,0.0004677777,869.4376384316539,0.0004859358,0.0050091464,-0.00067490066
2385.4625156235616,7934.819,5.295099,0.0005776823,166752,1436.0746957210092,869.4366895143414,7187.134,4.6937556,1347.9769,1.4865503,7934.819,5.295099,0,,,,,1436.0746957210092,0.0004681858,869.4366895143414,0.0004863904,0.0054336675,-0.0022579192
2385.469459949826,7914.884,5.288423,0.00057756726,166753,1436.0736402614673,869.4375707875898,7168.3726,4.6878376,1350.2985,1.4860073,7914.884,5.288423,0,,,,,1436.0736402614673,0.00046869207,869.4375707875898,0.0004868431,0.004120384,-0.00071793137
2385.47640427609,7929.7476,5.289515,0.00057745224,166754,1436.0740188479353,869.4383152776683,7180.567,4.688806,1345.6997,1.4841181,7929.7476,5.289515,0,,,,,1436.0740188479353,0.00046825086,869.4383152776683,0.0004861027,0.0044928174,-6.2750565e-05
2385.4833486023545,7932.8716,5.2921557,0.0005773372,166755,1436.074337870151,869.4368778164917,7184.4106,4.691147,1346.8209,1.4858953,7932.8716,5.2921557,0,,,,,1436.074337870151,0.00046806605,869.4368778164917,0.0004856963,0.0049764556,-0.0017934681
2385.4902929285604,7932.642,5.292588,0.00057722215,166756,1436.074997184514,869.4380027316964,7184.1616,4.6915298,1347.4857,1.4864297,7932.642,5.292588,0,,,,,1436.074997184514,0.0004680274,869.4380027316964,0.00048617602,0.005699796,0.00045007796
2385.4972372547663,7932.0586,5.2932076,0.0005771071,166757,1436.074366244433,869.4372164301601,7183.9956,4.692079,1349.449,1.4867649,7932.0586,5.2932076,0,,,,,1436.074366244433,0.00046785173,869.4372164301601,0.00048646054,0.0056187687,-0.0017690674
2385.5041815809145,7926.0356,5.2913117,0.00057699194,166758,1436.07321091462,869.4372587330834,7177.189,4.6903987,1351.1182,1.4865366,7926.0356,5.2913117,0,,,,,1436.07321091462,0.0004679154,869.4372587330834,0.00048711733,0.0043125297,-0.0010522697
2385.5111259070627,7913.993,5.288954,0.0005768768,166759,1436.0743115549908,869.4376198531781,7167.3164,4.6883082,1351.0435,1.4872255,7913.993,5.288954,0,,,,,1436.0743115549908,0.0004687711,869.4376198531781,0.00048706014,0.005022297,-0.0007658314
2385.518070233211,7914.1724,5.289756,0.00057676167,166760,1436.0726602493164,869.4384060764634,7168.37,4.689019,1353.886,1.4879171,7914.1724,5.289756,0,,,,,1436.0726602493164,0.00046845444,869.4384060764634,0.00048685985,0.00511343,-0.00073173974
2385.5250145593573,7923.223,5.2952046,0.00057664653,166761,1436.0738984351267,869.4377718641048,7176.5073,4.693849,1354.0476,1.4910392,7923.223,5.2952046,0,,,,,1436.0738984351267,0.00046885287,869.4377718641048,0.0004867312,0.0055715805,-0.0013256115
2385.5319588854463,7921.351,5.2922015,0.00057653134,166762,1436.074453007175,869.4378843292316,7172.8267,4.6911874,1354.0458,1.4890119,7921.351,5.2922015,0,,,,,1436.074453007175,0.0004687247,869.4378843292316,0.00048708796,0.0054242224,-0.00030312088
2385.5389032115945,7927.62,5.292135,0.0005764162,166763,1436.073881924573,869.4371804945878,7178.7173,4.6911283,1355.177,1.4878896,7927.62,5.292135,0,,,,,1436.073881924573,0.0004681091,869.4371804945878,0.0004867631,0.0048934845,-0.00081158226
2385.5458475376263,7921.139,5.2930255,0.00057630095,166764,1436.0739880055016,869.4357087371474,7175.087,4.6919174,1355.6475,1.4900098,7921.139,5.2930255,0,,,,,1436.0739880055016,0.00046867965,869.4357087371474,0.0004868899,0.004389832,-0.0024663815
2385.5527918637163,7927.1455,5.2960296,0.00057618576,166765,1436.0735022385015,869.4376452182183,7178.4214,4.6945806,1361.3568,1.4911124,7927.1455,5.2960296,0,,,,,1436.0735022385015,0.00046857106,869.4376452182183,0.0004873925,0.00570481,-0.0001585526
2385.559736189748,7922.666,5.2961903,0.0005760705,166766,1436.0736478883398,869.4384122407033,7176.2114,4.6947227,1362.8307,1.4922098,7922.666,5.2961903,0,,,,,1436.0736478883398,0.00046894775,869.4384122407033,0.00048708552,0.00464224,-0.00021767043
2385.5666805157794,7926.38,5.2961946,0.00057595526,166767,1436.0745472569954,869.4379084818173,7177.1133,4.6947265,1364.016,1.492,7926.38,5.2961946,0,,,,,1436.0745472569954,0.00046876934,869.4379084818173,0.00048744818,0.0062471135,-0.000704045
2385.57362484181,7923.2607,5.296985,0.00057584,166768,1436.0737693948774,869.4372347358653,7175.7524,4.695428,1366.9628,1.4929,7923.2607,5.296985,0,,,,,1436.0737693948774,0.00046902217,869.4372347358653,0.0004873614,0.0050377343,-0.0018445045
2385.5805691677833,7920.441,5.2996435,0.0005757247,166769,1436.0743422362514,869.4365799738514,7173.3335,4.697784,1370.078,1.4959083,7920.441,5.2996435,0,,,,,1436.0743422362514,0.00046928084,869.4365799738514,0.0004879905,0.005006878,-0.0023434027
2385.587513493757,7925.034,5.3032336,0.0005756094,166770,1436.074780312266,869.4376055463558,7176.3423,4.7009664,1374.0913,1.497883,7925.034,5.3032336,0,,,,,1436.074780312266,0.00046947386,869.4376055463558,0.0004883129,0.004880706,-0.00022152723
2385.5944578197305,7924.0547,5.300477,0.0005754941,166771,1436.0735980100237,869.4373035979679,7174.6895,4.6985226,1376.8699,1.4965521,7924.0547,5.300477,0,,,,,1436.0735980100237,0.00046944025,869.4373035979679,0.0004883281,0.0050820136,-0.0005197264
2385.601402145645,7922.6157,5.3021755,0.0005753787,166772,1436.0735809533635,869.4365429632695,7176.1226,4.700028,1379.2947,1.4978403,7922.6157,5.3021755,0,,,,,1436.0735809533635,0.00046952837,869.4365429632695,0.00048825055,0.0046174666,-0.0017269208
2385.6083464716166,7929.825,5.305716,0.0005752634,166773,1436.0753522030536,869.4383116307541,7181.884,4.7031674,1381.6112,1.5008847,7929.825,5.305716,0,,,,,1436.0753522030536,0.00046945582,869.4383116307541,0.00048805837,0.0052076937,0.0004997491
2385.615290797474,7930.625,5.3108883,0.000575148,166774,1436.075125014657,869.4369372834472,7183.3335,4.7077518,1386.0677,1.5023797,7930.625,5.3108883,0,,,,,1436.075125014657,0.00047007907,869.4369372834472,0.00048823634,0.006048716,-0.0026863434
2385.622235123389,7918.485,5.30525,0.0005750326,166775,1436.0737327084757,869.4370168076128,7171.321,4.702754,1389.4283,1.50253,7918.485,5.30525,0,,,,,1436.0737327084757,0.0004706189,869.4370168076128,0.0004885528,0.0047320332,-0.0013220413
2385.6291794492463,7917.628,5.309094,0.0005749172,166776,1436.0741169180524,869.4375918449267,7171.911,4.706161,1395.2184,1.5058004,7917.628,5.309094,0,,,,,1436.0741169180524,0.00047045064,869.4375918449267,0.0004893517,0.0038633808,-0.00068032433
2385.636123775103,7927.6196,5.312415,0.00057480176,166777,1436.076122600657,869.4362219378016,7178.528,4.7091055,1397.1703,1.5062665,7927.6196,5.312415,0,,,,,1436.076122600657,0.00047056488,869.4362219378016,0.0004894473,0.0067319763,-0.002441792
2385.6430681009597,7920.674,5.3108397,0.00057468633,166778,1436.0734387174007,869.4384261953383,7173.055,4.7077084,1398.7484,1.5069755,7920.674,5.3108397,0,,,,,1436.0734387174007,0.0004706383,869.4384261953383,0.00048945186,0.004370574,0.00018703264
2385.650012426817,7931.868,5.314572,0.0005745709,166779,1436.0739534934457,869.4368627171251,7182.819,4.711017,1404.1812,1.5089285,7931.868,5.314572,0,,,,,1436.0739534934457,0.0004702572,869.4368627171251,0.0004890698,0.005836873,-0.002164093
2385.656956752615,7931.0947,5.315779,0.0005744554,166780,1436.0739762268674,869.4396718151002,7182.348,4.712087,1404.6821,1.5106605,7931.0947,5.315779,0,,,,,1436.0739762268674,0.00047042512,869.4396718151002,0.000488895,0.005344955,0.00087864
2385.663901078414,7917.12,5.3139386,0.00057433994,166781,1436.074023140363,869.4368401842378,7171.3457,4.7104554,1409.4537,1.5101479,7917.12,5.3139386,0,,,,,1436.074023140363,0.00047113982,869.4368401842378,0.0004895364,0.00536564,-0.001533672
2385.6708454041545,7918.812,5.3156095,0.0005742244,166782,1436.0738856685034,869.4369990776571,7171.071,4.7119365,1412.5305,1.5133144,7918.812,5.3156095,0,,,,,1436.0738856685034,0.00047130237,869.4369990776571,0.00049008796,0.004816885,-0.0017219648
2385.6777897298944,7929.228,5.318777,0.00057410885,166783,1436.0747627112512,869.4364027305089,7180.571,4.714745,1414.9167,1.5123419,7929.228,5.318777,0,,,,,1436.0747627112512,0.00047119134,869.4364027305089,0.0004898262,0.006304066,-0.0026047817
2385.684734055634,7926.2915,5.322652,0.0005739933,166784,1436.0740926515355,869.4385539322465,7179.0063,4.718179,1420.2388,1.5159892,7926.2915,5.322652,0,,,,,1436.0740926515355,0.00047141715,869.4385539322465,0.0004904092,0.005357963,-0.0006895206
2385.691678381374,7929.727,5.322079,0.00057387777,166785,1436.0746305452765,869.4367477912944,7182.0425,4.717672,1422.1562,1.5162109,7929.727,5.322079,0,,,,,1436.0746305452765,0.00047144076,869.4367477912944,0.0004898256,0.004789604,-0.0014956758
2385.6986227071147,7927.625,5.323176,0.0005737622,166786,1436.0745350237426,869.4356870519126,7179.417,4.7186437,1425.0338,1.5184656,7927.625,5.323176,0,,,,,1436.0745350237426,0.00047148747,869.4356870519126,0.0004904805,0.005489466,-0.002892988
2385.7055670327973,7926.9287,5.323782,0.0005736466,166787,1436.0736214324731,869.4353392548633,7177.4033,4.7191806,1428.2775,1.5196526,7926.9287,5.323782,0,,,,,1436.0736214324731,0.00047157367,869.4353392548633,0.0004908851,0.004657401,-0.0009597153
2385.71251135848,7926.514,5.3226943,0.000573531,166788,1436.0743044440424,869.4372908795712,7176.1406,4.718217,1427.9623,1.5182043,7926.514,5.3226943,0,,,,,1436.0743044440424,0.00047126523,869.4372908795712,0.00049144536,0.0055148695,-0.0012790591
2385.7194556841037,7911.3228,5.320263,0.00057341537,166789,1436.073585518811,869.4377346053941,7162.7173,4.7160616,1429.2916,1.519318,7911.3228,5.320263,0,,,,,1436.073585518811,0.00047247836,869.4377346053941,0.00049198366,0.0050897477,-0.00063101185
2385.7264000097275,7919.274,5.325587,0.0005732997,166790,1436.073890455328,869.4370613663984,7172.8423,4.7207804,1430.6005,1.5199763,7919.274,5.325587,0,,,,,1436.073890455328,0.0004726128,869.4370613663984,0.00049126457,0.0043540485,-0.0010588216
2385.733344335352,7924.4106,5.326679,0.00057318405,166791,1436.074337554619,869.4369405923549,7177.6367,4.72175,1433.571,1.5213733,7924.4106,5.326679,0,,,,,1436.074337554619,0.0004718027,869.4369405923549,0.00049089815,0.0055351467,-0.001757524
2385.7402886609752,7928.019,5.326005,0.0005730684,166792,1436.0746207738537,869.4385639340314,7180.052,4.7211514,1431.1492,1.5201972,7928.019,5.326005,0,,,,,1436.0746207738537,0.00047185097,869.4385639340314,0.00049039384,0.005756478,-0.0005067131
2385.7472329865413,7912.648,5.3232,0.0005729527,166793,1436.074739926303,869.4373626002435,7166.7593,4.7186656,1435.3197,1.5206761,7912.648,5.3232,0,,,,,1436.074739926303,0.00047233579,869.4373626002435,0.00049136946,0.0052923616,-0.0013483191
2385.7541773121065,7917.2974,5.326797,0.00057283696,166794,1436.073842656912,869.4361132464046,7170.9644,4.7218537,1436.8208,1.5232149,7917.2974,5.326797,0,,,,,1436.073842656912,0.00047258686,869.4361132464046,0.000491374,0.0047467835,-0.0019558666
2385.7611216376717,7928.7935,5.3291655,0.00057272124,166795,1436.0734091347836,869.4387349616198,7180.6313,4.7239532,1438.3394,1.5232239,7928.7935,5.3291655,0,,,,,1436.0734091347836,0.00047177594,869.4387349616198,0.000491026,0.0055838693,0.00029713323
2385.768065963238,7928.356,5.327687,0.0005726055,166796,1436.0737071590709,869.4377506002029,7178.032,4.7226424,1437.0098,1.5222116,7928.356,5.327687,0,,,,,1436.0737071590709,0.00047192632,869.4377506002029,0.0004913094,0.004652106,-0.00072137814
2385.775010288745,7924.711,5.329447,0.00057248975,166797,1436.0748385120417,869.4376376283954,7177.536,4.7242026,1442.8958,1.524117,7924.711,5.329447,0,,,,,1436.0748385120417,0.00047234743,869.4376376283954,0.0004909096,0.00489239,0.0004287816
2385.7819546142528,7926.93,5.32877,0.000572374,166798,1436.073623073765,869.4352033053093,7177.944,4.7236032,1439.0675,1.5232633,7926.93,5.32877,0,,,,,1436.073623073765,0.00047217027,869.4352033053093,0.00049139216,0.004835807,-0.0026469657
2385.788898939702,7927.823,5.330286,0.00057225814,166799,1436.0743565521175,869.4384270603257,7179.4277,4.7249465,1442.9705,1.5238974,7927.823,5.330286,0,,,,,1436.0743565521175,0.00047206337,869.4384270603257,0.0004910393,0.00588596,-0.000503607
2385.7958432652094,7927.5933,5.3296556,0.00057214237,166800,1436.074549605893,869.437518310997,7178.601,4.7243876,1440.9304,1.5234058,7927.5933,5.3296556,0,,,,,1436.074549605893,0.00047248282,869.437518310997,0.00049148715,0.0060121077,-0.00069894176
2385.802787590659,7924.413,5.330304,0.00057202653,166801,1436.0742979285208,869.4391223868736,7175.424,4.7249627,1442.1733,1.5244305,7924.413,5.330304,0,,,,,1436.0742979285208,0.00047227903,869.4391223868736,0.0004922029,0.005282619,5.4424643e-05
2385.8097319160506,7925.0625,5.3315616,0.00057191064,166802,1436.0740378642902,869.4375981778913,7176.495,4.7260776,1443.6322,1.5254457,7925.0625,5.3315616,0,,,,,1436.0740378642902,0.00047308835,869.4375981778913,0.0004918443,0.0052231336,-0.0014261327
2385.8166762415003,7921.7256,5.3298845,0.0005717948,166803,1436.0751864387375,869.436716282121,7173.482,4.724591,1445.813,1.5257748,7921.7256,5.3298845,0,,,,,1436.0751864387375,0.00047272388,869.436716282121,0.0004916838,0.0056839306,-0.001663552
2385.823620566891,7920.305,5.329048,0.0005716789,166804,1436.0746301550266,869.4378106483526,7171.6235,4.7238493,1443.8372,1.5252103,7920.305,5.329048,0,,,,,1436.0746301550266,0.00047308786,869.4378106483526,0.0004916445,0.005753236,-0.00036758799
2385.8305648922824,7918.895,5.3316426,0.000571563,166805,1436.0736638721737,869.4380056739325,7172.2334,4.7261496,1445.6313,1.5261178,7918.895,5.3316426,0,,,,,1436.0736638721737,0.00047283905,869.4380056739325,0.0004919194,0.0052373693,-0.0012086388
2385.837509217673,7930.932,5.334555,0.00057144713,166806,1436.0739178036956,869.4362635287279,7179.282,4.728731,1445.9347,1.5284822,7930.932,5.334555,0,,,,,1436.0739178036956,0.00047278154,869.4362635287279,0.0004923502,0.0043195593,-0.0015781639
2385.8444535430053,7923.9526,5.3327675,0.0005713312,166807,1436.0756254451876,869.4369250577782,7175.7837,4.727146,1448.0217,1.5291647,7923.9526,5.3327675,0,,,,,1436.0756254451876,0.00047272872,869.4369250577782,0.00049164443,0.0065715797,-0.0014339024
2385.851397868338,7921.051,5.331496,0.00057121523,166808,1436.074760102172,869.4387706102519,7174.799,4.726019,1447.4182,1.5264993,7921.051,5.331496,0,,,,,1436.074760102172,0.0004726578,869.4387706102519,0.00049153116,0.0054941657,0.0014644063
2385.858342193671,7924.4404,5.3325505,0.0005710993,166809,1436.0727200793606,869.4366624119796,7176.5483,4.726954,1449.5011,1.5273108,7924.4404,5.3325505,0,,,,,1436.0727200793606,0.0004726127,869.4366624119796,0.0004918388,0.003602969,-0.0023513502
2385.865286518946,7922.1255,5.334008,0.0005709833,166810,1436.0743962779495,869.4372572736188,7176.779,4.728246,1450.4264,1.52839,7922.1255,5.334008,0,,,,,1436.0743962779495,0.00047304516,869.4372572736188,0.0004913698,0.005509187,-0.0014439289
2385.8722308442207,7931.6914,5.3344054,0.00057086727,166811,1436.0744934725597,869.438538895175,7182.5776,4.728598,1450.3606,1.527606,7931.6914,5.3344054,0,,,,,1436.0744934725597,0.00047219056,869.438538895175,0.00049192895,0.0050366623,0.0007340525
2385.8791751694953,7918.0156,5.332549,0.00057075126,166812,1436.074936241055,869.4377593787937,7170.627,4.7269526,1452.1449,1.5290798,7918.0156,5.332549,0,,,,,1436.074936241055,0.0004732563,869.4377593787937,0.0004921393,0.0067745163,-0.0014344857
2385.8861194947704,7916.9595,5.3320003,0.00057063525,166813,1436.0738904530263,869.4373472440423,7170.0728,4.7264667,1453.2455,1.5288259,7916.9595,5.3320003,0,,,,,1436.0738904530263,0.00047300602,869.4373472440423,0.0004923522,0.005052626,-0.001260529
2385.893063819987,7916.045,5.3320456,0.0005705192,166814,1436.0743917117877,869.4380175573048,7169.3696,4.7265067,1454.6986,1.529286,7916.045,5.3320456,0,,,,,1436.0743917117877,0.00047318402,869.4380175573048,0.00049210706,0.0048237774,-0.0010537944
2385.9000081452036,7911.1826,5.332696,0.0005704031,166815,1436.0752615915371,869.4380195326843,7165.6606,4.7270827,1457.5953,1.5302385,7911.1826,5.332696,0,,,,,1436.0752615915371,0.00047356696,869.4380195326843,0.0004925062,0.005176105,0.00039813397
2385.9069524703614,7919.0347,5.334282,0.000570287,166816,1436.0728256412813,869.4381630585382,7171.948,4.7284884,1456.2603,1.5306724,7919.0347,5.334282,0,,,,,1436.0728256412813,0.00047345876,869.4381630585382,0.0004922493,0.0038885863,-0.00072014926
2385.913896795578,7920.0176,5.3364015,0.00057017093,166817,1436.075833100482,869.4355450274369,7170.528,4.7303677,1456.7925,1.5314852,7920.0176,5.3364015,0,,,,,1436.075833100482,0.0004738839,869.4355450274369,0.0004929299,0.005763408,-0.0030591532
2385.9208411207355,7914.6753,5.334904,0.0005700548,166818,1436.0740686936178,869.4397609558634,7168.333,4.72904,1457.6561,1.5317415,7914.6753,5.334904,0,,,,,1436.0740686936178,0.0004740014,869.4397609558634,0.0004925752,0.0047326772,0.00080266315
2385.927785445894,7922.9346,5.3357396,0.0005699387,166819,1436.0744514584533,869.4362161677327,7173.9434,4.7297807,1458.2501,1.5330222,7922.9346,5.3357396,0,,,,,1436.0744514584533,0.00047344252,869.4362161677327,0.0004923669,0.00445575,-0.0026103086
2385.934729770994,7915.811,5.334744,0.0005698225,166820,1436.0739849244796,869.4377650531462,7170.004,4.728898,1457.992,1.5303898,7915.811,5.334744,0,,,,,1436.0739849244796,0.00047366173,869.4377650531462,0.0004924379,0.004463669,-0.00090198463
2385.9416740960937,7920.4785,5.3371115,0.0005697063,166821,1436.0741937670095,869.437655677038,7175.5522,4.7309966,1458.7885,1.5308344,7920.4785,5.3371115,0,,,,,1436.0741937670095,0.00047324138,869.437655677038,0.00049223815,0.005421643,-0.000789487
2385.9486184211937,7925.852,5.3369226,0.00056959013,166822,1436.0744260624629,869.4360087039319,7177.0894,4.7308297,1458.3267,1.5306593,7925.852,5.3369226,0,,,,,1436.0744260624629,0.0004731387,869.4360087039319,0.0004927993,0.0043101087,-0.0026363835
2385.955562746294,7926.6484,5.335605,0.00056947395,166823,1436.0750566881518,869.4390327569922,7174.749,4.7296615,1458.5477,1.5311278,7926.6484,5.335605,0,,,,,1436.0750566881518,0.00047350398,869.4390327569922,0.000493036,0.006823858,0.00012101467
2385.9625070713364,7915.6914,5.335194,0.0005693577,166824,1436.0732064678925,869.439780961767,7167.991,4.729297,1459.5413,1.5321257,7915.6914,5.335194,0,,,,,1436.0732064678925,0.0004734915,869.439780961767,0.0004932482,0.004038631,1.3350783e-05
2385.9694513963786,7917.914,5.335331,0.00056924147,166825,1436.0738804046139,869.4373681295926,7171.9336,4.7294183,1459.1667,1.5317538,7917.914,5.335331,0,,,,,1436.0738804046139,0.00047319263,869.4373681295926,0.00049223204,0.005481209,-0.0016082213
2385.976395721421,7918.892,5.3352294,0.00056912523,166826,1436.0735748776015,869.4384897078844,7172.4277,4.7293286,1459.384,1.5309258,7918.892,5.3352294,0,,,,,1436.0735748776015,0.00047330954,869.4384897078844,0.0004924205,0.0047212834,-0.000811166
2385.9833400464627,7916.3154,5.3332067,0.000569009,166827,1436.0739681102177,869.4374735933951,7169.516,4.7275357,1457.6637,1.5304812,7916.3154,5.3332067,0,,,,,1436.0739681102177,0.0004735432,869.4374735933951,0.00049218436,0.005007152,-0.00095988176
2385.9902843714453,7916.9355,5.335718,0.0005688927,166828,1436.0731886101873,869.4393780351018,7169.4863,4.7297616,1456.5476,1.5313144,7916.9355,5.335718,0,,,,,1436.0731886101873,0.000473398,869.4393780351018,0.0004928875,0.004764791,0.00061534496
2385.9972286964285,7921.696,5.333636,0.0005687764,166829,1436.0729095146046,869.434969522506,7173.3174,4.727916,1453.7784,1.5291275,7921.696,5.333636,0,,,,,1436.0729095146046,0.0004730309,869.434969522506,0.00049267855,0.0040337937,-0.003075896
2386.004173021354,7919.615,5.332254,0.00056866003,166830,1436.07391371732,869.4357362377752,7170.06,4.726691,1452.4891,1.5283985,7919.615,5.332254,0,,,,,1436.07391371732,0.00047307846,869.4357362377752,0.0004929572,0.005309234,-0.0021180266
2386.011117346338,7921.9243,5.3342657,0.00056854374,166831,1436.0732851809323,869.439492991932,7173.7144,4.728474,1454.4858,1.5292951,7921.9243,5.3342657,0,,,,,1436.0732851809323,0.00047304248,869.439492991932,0.0004921089,0.004345275,0.00060762017
2386.0180616712637,7927.0654,5.3338084,0.0005684274,166832,1436.073916824755,869.437897750187,7177.363,4.728069,1448.9744,1.5276885,7927.0654,5.3338084,0,,,,,1436.073916824755,0.00047252173,869.437897750187,0.0004922866,0.0061762338,-0.00044503724
2386.0250059961304,7912.325,5.331351,0.00056831096,166833,1436.073486209123,869.4394022901517,7166.0864,4.7258906,1450.5514,1.5286912,7912.325,5.331351,0,,,,,1436.073486209123,0.0004733988,869.4394022901517,0.0004919728,0.0039960793,0.0012923494
2386.031950321056,7918.997,5.3309283,0.0005681946,166834,1436.0738023953725,869.4366899084645,7171.553,4.725516,1447.6948,1.5285918,7918.997,5.3309283,0,,,,,1436.0738023953725,0.00047309673,869.4366899084645,0.0004919254,0.004945851,-0.0028040623
2386.0388946459234,7922.1875,5.329631,0.0005680782,166835,1436.0735447695602,869.4381609433493,7171.017,4.7243657,1446.6128,1.5260903,7922.1875,5.329631,0,,,,,1436.0735447695602,0.00047260313,869.4381609433493,0.00049317215,0.004804633,0.00016184436
2386.045838970791,7922.3486,5.3275185,0.0005679618,166836,1436.072784625145,869.4365932968996,7170.075,4.722493,1441.2994,1.5248122,7922.3486,5.3275185,0,,,,,1436.072784625145,0.0004723344,869.4365932968996,0.00049280486,0.0033547254,-0.0012932202
2386.0527832956,7922.9463,5.326542,0.0005678453,166837,1436.074547981592,869.4364325921367,7172.2197,4.721627,1437.9291,1.5233532,7922.9463,5.326542,0,,,,,1436.074547981592,0.0004725929,869.4364325921367,0.00049201015,0.0054796226,-0.0020811723
2386.059727620467,7918.6504,5.3275213,0.0005677289,166838,1436.0738594957015,869.437505975476,7170.5024,4.722496,1439.2347,1.5241402,7918.6504,5.3275213,0,,,,,1436.0738594957015,0.00047287572,869.437505975476,0.000492039,0.0046432675,-0.00076403725
2386.066671945276,7917.308,5.3241954,0.0005676124,166839,1436.0744008543193,869.4381076738996,7168.0454,4.7195477,1436.5952,1.5213908,7917.308,5.3241954,0,,,,,1436.0744008543193,0.00047259667,869.4381076738996,0.00049177674,0.005736354,-0.00033048136
2386.073616270026,7921.933,5.3292317,0.0005674959,166840,1436.073471362642,869.4369149378346,7172.65,4.7240124,1436.793,1.523728,7921.933,5.3292317,0,,,,,1436.073471362642,0.0004725012,869.4369149378346,0.0004922005,0.0041526216,-0.0024951366
2386.0805605948353,7921.9946,5.3272586,0.0005673794,166841,1436.0740442510619,869.438537606498,7172.871,4.722263,1435.7435,1.5236185,7921.9946,5.3272586,0,,,,,1436.0740442510619,0.00047241026,869.438537606498,0.00049200497,0.0060837297,-0.0011234827
2386.087504919586,7922.568,5.324671,0.0005672629,166842,1436.072684271574,869.4380111712904,7174.0645,4.719969,1434.9047,1.5208418,7922.568,5.324671,0,,,,,1436.072684271574,0.000471455,869.4380111712904,0.00049128424,0.0037117642,-0.0009056284
2386.094449244337,7916.0845,5.3228135,0.00056714634,166843,1436.0739709790357,869.4394215338497,7164.626,4.7183223,1434.2623,1.5213923,7916.0845,5.3228135,0,,,,,1436.0739709790357,0.00047240985,869.4394215338497,0.00049237144,0.006415149,0.0010102206
2386.10139356903,7927.4434,5.3281236,0.00056702975,166844,1436.0726583586077,869.4373416877968,7179.13,4.72303,1433.7208,1.5221756,7927.4434,5.3281236,0,,,,,1436.0726583586077,0.0004721263,869.4373416877968,0.00049122627,0.0047540506,-0.0020370763
2386.108337893722,7922.284,5.324106,0.00056691316,166845,1436.0742621250747,869.437713315498,7170.666,4.719469,1433.7439,1.5209382,7922.284,5.324106,0,,,,,1436.0742621250747,0.00047224178,869.437713315498,0.00049206294,0.0044815536,-0.00017550976
2386.115282218415,7929.1196,5.325589,0.0005667966,166846,1436.0734856229005,869.4380463507198,7178.7285,4.720783,1431.6437,1.5202817,7929.1196,5.325589,0,,,,,1436.0734856229005,0.00047179332,869.4380463507198,0.0004913844,0.005232238,-0.0002526805
2386.122226543108,7915.5396,5.321498,0.00056668,166847,1436.0738523278708,869.4353268107117,7161.7534,4.7171564,1434.2386,1.5203115,7915.5396,5.321498,0,,,,,1436.0738523278708,0.00047276675,869.4353268107117,0.000492814,0.005179064,-0.0028325517
2386.1291708677427,7916.947,5.3205843,0.00056656334,166848,1436.0732884618567,869.4374450512767,7164.792,4.7163463,1430.4116,1.5190654,7916.947,5.3205843,0,,,,,1436.0732884618567,0.00047204253,869.4374450512767,0.00049284863,0.0042471606,-0.00050871033
2386.136115192435,7921.186,5.3258777,0.00056644675,166849,1436.0735924233095,869.4361676940845,7172.933,4.721039,1431.6469,1.5208181,7921.186,5.3258777,0,,,,,1436.0735924233095,0.00047260625,869.4361676940845,0.00049159245,0.005048135,-0.0025909021
2386.143059517011,7915.7593,5.324579,0.00056633004,166850,1436.0732055699082,869.4376795844038,7167.0977,4.7198873,1433.4651,1.5206423,7915.7593,5.324579,0,,,,,1436.0732055699082,0.0004724157,869.4376795844038,0.00049199356,0.004377262,-0.0014193329
2386.150003841645,7920.268,5.3234606,0.0005662134,166851,1436.0744061104535,869.4370312760449,7170.719,4.718896,1432.6139,1.5202436,7920.268,5.3234606,0,,,,,1436.0744061104535,0.00047249984,869.4370312760449,0.00049126055,0.005311081,-0.0013257829
2386.1569481662204,7925.4424,5.325728,0.0005660967,166852,1436.0749885740947,869.4412165712613,7175.989,4.720906,1432.6101,1.5202789,7925.4424,5.325728,0,,,,,1436.0749885740947,0.0004717937,869.4412165712613,0.0004910878,0.006188664,0.002154681
2386.1638924907966,7919.5107,5.323326,0.00056598,166853,1436.0736683883263,869.4375513474703,7168.234,4.7187767,1431.503,1.521704,7919.5107,5.323326,0,,,,,1436.0736683883263,0.0004723093,869.4375513474703,0.0004920144,0.0050883447,-0.00087426556
2386.170836815373,7924.6733,5.3251634,0.0005658633,166854,1436.0746416246602,869.4346793388809,7170.785,4.7204056,1434.3002,1.5211128,7924.6733,5.3251634,0,,,,,1436.0746416246602,0.00047182332,869.4346793388809,0.00049298693,0.006064819,-0.0038835856
2386.1777811398915,7916.4443,5.326065,0.0005657465,166855,1436.0735692616222,869.4379379764322,7164.94,4.7212048,1433.4817,1.5230427,7916.4443,5.326065,0,,,,,1436.0735692616222,0.00047249897,869.4379379764322,0.0004927732,0.0052270116,-0.0002569037
2386.18472546441,7918.3887,5.3244166,0.00056562974,166856,1436.0743714841014,869.4374778859944,7170.048,4.7197437,1433.5343,1.5215867,7918.3887,5.3244166,0,,,,,1436.0743714841014,0.0004721248,869.4374778859944,0.00049158605,0.006040002,-0.0011419785
2386.1916697889274,7915.997,5.3234534,0.000565513,166857,1436.0736154841438,869.436467251156,7170.101,4.7188897,1433.2614,1.5202492,7915.997,5.3234534,0,,,,,1436.0736154841438,0.0004719631,869.436467251156,0.00049098907,0.0046823723,-0.0024310893
2386.1986141133875,7910.8306,5.322615,0.00056539616,166858,1436.0736294077576,869.4384412134377,7160.991,4.7181463,1434.3362,1.5214838,7910.8306,5.322615,0,,,,,1436.0736294077576,0.00047270293,869.4384412134377,0.00049286836,0.0052750264,-6.82838e-05
2386.2055584378472,7937.151,5.326068,0.00056527933,166859,1436.074176142205,869.4363600552173,7180.572,4.7212076,1433.0874,1.5206434,7937.151,5.326068,0,,,,,1436.074176142205,0.00047141945,869.4363600552173,0.0004924157,0.005064671,-0.0006619234
2386.212502762307,7930.063,5.3254213,0.0005651625,166860,1436.0726619209847,869.4377326233508,7177.2007,4.720634,1433.167,1.520704,7930.063,5.3254213,0,,,,,1436.0726619209847,0.00047231468,869.4377326233508,0.0004919199,0.0030379812,-0.00016066236
2386.2194470867666,7919.573,5.3253927,0.0005650457,166861,1436.0745120095442,869.4365365810622,7169.1025,4.720609,1436.6206,1.5230085,7919.573,5.3253927,0,,,,,1436.0745120095442,0.00047232056,869.4365365810622,0.0004923653,0.0054244194,-0.0013957486
2386.226391411168,7931.707,5.326914,0.0005649288,166862,1436.0744131515623,869.4369260002362,7182.2695,4.721957,1432.5831,1.5204586,7931.707,5.326914,0,,,,,1436.0744131515623,0.00047162487,869.4369260002362,0.0004911883,0.0057441737,-0.0022080245
2386.2333357355697,7917.661,5.3239193,0.0005648119,166863,1436.0749532195348,869.437798830179,7167.2246,4.719303,1436.5701,1.522098,7917.661,5.3239193,0,,,,,1436.0749532195348,0.0004723762,869.437798830179,0.00049188314,0.0063682618,-0.000257021
2386.2402800599707,7928.755,5.326849,0.00056469504,166864,1436.0731024378515,869.4369443089801,7176.5127,4.7218995,1437.7052,1.5221595,7928.755,5.326849,0,,,,,1436.0731024378515,0.00047206512,869.4369443089801,0.000492135,0.0045461548,-0.0013029166
2386.247224384314,7919.676,5.3283806,0.0005645781,166865,1436.0743934151476,869.4377658308848,7166.544,4.7232575,1439.4708,1.5236734,7919.676,5.3283806,0,,,,,1436.0743934151476,0.0004726806,869.4377658308848,0.0004939078,0.00503314,-0.00037593662
2386.2541687086577,7930.687,5.329303,0.00056446117,166866,1436.0739927021928,869.4367677926783,7180.862,4.724075,1439.7471,1.5230052,7930.687,5.329303,0,,,,,1436.0739927021928,0.00047228773,869.4367677926783,0.0004917264,0.0056535997,-0.001900654
2386.2611130330015,7930.985,5.3302555,0.0005643442,166867,1436.0743789959997,869.437343161893,7182.31,4.7249193,1438.4202,1.52256,7930.985,5.3302555,0,,,,,1436.0743789959997,0.0004718235,869.437343161893,0.00049118634,0.0050488794,-0.0012479261
2386.2680573573452,7914.148,5.329182,0.0005642273,166868,1436.0737309961332,869.4369099501546,7162.316,4.723968,1442.0159,1.5271227,7914.148,5.329182,0,,,,,1436.0737309961332,0.00047388126,869.4369099501546,0.00049318303,0.0046973,-0.0018142532
2386.27500168163,7922.923,5.327446,0.0005641103,166869,1436.072468924154,869.4355679156076,7170.8555,4.722429,1440.6986,1.5237831,7922.923,5.327446,0,,,,,1436.072468924154,0.00047225863,869.4355679156076,0.00049268815,0.0038867916,-0.0030745328
2386.2819460059154,7923.501,5.3268476,0.0005639933,166870,1436.07402326991,869.4395646474729,7169.789,4.7218986,1442.3903,1.5234721,7923.501,5.3268476,0,,,,,1436.07402326991,0.00047246736,869.4395646474729,0.0004926157,0.0049560387,0.0013381831
2386.2888903302005,7921.8384,5.328144,0.0005638763,166871,1436.0729457194045,869.4379145184205,7169.2715,4.7230477,1440.776,1.526516,7921.8384,5.328144,0,,,,,1436.0729457194045,0.00047250223,869.4379145184205,0.0004928371,0.0043042935,-0.00033127004
2386.295834654427,7921.5146,5.3260603,0.00056375924,166872,1436.0742292242112,869.4366267551405,7169.478,4.721201,1439.7672,1.5234131,7921.5146,5.3260603,0,,,,,1436.0742292242112,0.00047271466,869.4366267551405,0.00049266947,0.005776225,-0.0016449022
2386.3027789786534,7921.269,5.3273063,0.0005636422,166873,1436.0753932430189,869.4377919548372,7168.35,4.722305,1441.3855,1.5246811,7921.269,5.3273063,0,,,,,1436.0753932430189,0.0004727078,869.4377919548372,0.0004928756,0.005964591,0.00075919426
2386.30972330288,7919.96,5.326195,0.00056352513,166874,1436.0737647160236,869.438808078212,7167.6865,4.72132,1438.2661,1.5233939,7919.96,5.326195,0,,,,,1436.0737647160236,0.0004727293,869.438808078212,0.00049297017,0.0044110776,0.00030567058
2386.3166676271067,7922.2466,5.325244,0.0005634081,166875,1436.072580949885,869.4356144966471,7171.579,4.720477,1435.5382,1.5214167,7922.2466,5.325244,0,,,,,1436.072580949885,0.00047226128,869.4356144966471,0.000492172,0.003349022,-0.0025954691
2386.323611951276,7917.6562,5.3255644,0.00056329096,166876,1436.0740987970264,869.4375844926172,7163.289,4.7207613,1438.0604,1.5231106,7917.6562,5.3255644,0,,,,,1436.0740987970264,0.00047281376,869.4375844926172,0.00049360906,0.0050475295,-4.577949e-05
2386.330556275445,7922.985,5.327103,0.00056317385,166877,1436.0751526844545,869.4339697330682,7171.073,4.722125,1438.0983,1.5237403,7922.985,5.327103,0,,,,,1436.0751526844545,0.00047252886,869.4339697330682,0.000492593,0.0060956087,-0.004064716
2386.337500599556,7916.8975,5.323633,0.0005630567,166878,1436.074582261713,869.4376420843508,7165.763,4.7190495,1435.3741,1.5213885,7916.8975,5.323633,0,,,,,1436.074582261713,0.0004726206,869.4376420843508,0.0004922503,0.0050299508,-0.00011462199
2386.344444923725,7916.041,5.3253856,0.00056293956,166879,1436.073819570804,869.4398590918465,7165.7925,4.720603,1434.3995,1.5226122,7916.041,5.3253856,0,,,,,1436.073819570804,0.00047280567,869.4398590918465,0.00049246993,0.0045375586,0.0011595887
2386.3513892478354,7921.7964,5.323055,0.0005628224,166880,1436.0725507837649,869.4382505462909,7169.3237,4.7185364,1430.2302,1.5196414,7921.7964,5.323055,0,,,,,1436.0725507837649,0.0004720714,869.4382505462909,0.0004926838,0.0043050433,9.753913e-05
2386.3583335719454,7922.8784,5.3232074,0.0005627052,166881,1436.0738142104046,869.4369892893112,7170.6616,4.718672,1430.7655,1.5197793,7922.8784,5.3232074,0,,,,,1436.0738142104046,0.00047210528,869.4369892893112,0.00049241586,0.0048629413,-0.0012331511
2386.3652778959977,7930.339,5.3241086,0.000562588,166882,1436.0735230263833,869.4382152574534,7178.241,4.7194705,1428.4534,1.5196465,7930.339,5.3241086,0,,,,,1436.0735230263833,0.0004717891,869.4382152574534,0.00049153407,0.0051524686,0.00024800413
2386.37222222005,7927.367,5.3232017,0.00056247076,166883,1436.0759609903605,869.4365965785571,7169.694,4.718667,1427.4655,1.5200907,7927.367,5.3232017,0,,,,,1436.0759609903605,0.00047205307,869.4365965785571,0.0004935892,0.0077839927,-0.0015340877
2386.379166544102,7925.1655,5.3209133,0.0005623535,166884,1436.0716628507753,869.4384096116908,7170.071,4.716638,1425.8695,1.5166547,7925.1655,5.3209133,0,,,,,1436.0716628507753,0.0004721715,869.4384096116908,0.00049242866,0.0028225929,0.0014319734
2386.3861108681544,7925.9424,5.322088,0.0005622363,166885,1436.0734692430065,869.4357740462469,7172.6406,4.7176795,1423.8027,1.5198168,7925.9424,5.322088,0,,,,,1436.0734692430065,0.00047153182,869.4357740462469,0.00049214606,0.0052578393,-0.0017459275
2386.393055192148,7920.6396,5.318635,0.000562119,166886,1436.0725305156432,869.4388396010792,7170.1006,4.7146187,1421.6182,1.5163001,7920.6396,5.318635,0,,,,,1436.0725305156432,0.00047154937,869.4388396010792,0.0004915061,0.0038625007,-0.00020396194
2386.399999516142,7922.9106,5.317736,0.0005620017,166887,1436.0731426985708,869.4381956020703,7168.2266,4.7138224,1420.5973,1.5153081,7922.9106,5.317736,0,,,,,1436.0731426985708,0.00047150007,869.4381956020703,0.0004921898,0.0051978286,0.000545733
2386.4069438401366,7932.67,5.3177323,0.00056188443,166888,1436.0746510742183,869.432535366915,7174.2114,4.7138186,1413.3494,1.5129174,7932.67,5.3177323,0,,,,,1436.0746510742183,0.00047080917,869.432535366915,0.0004926541,0.0058925464,-0.0053673037
2386.413888164073,7916.4126,5.3140435,0.0005617671,166889,1436.0734653490179,869.4374815461484,7161.547,4.7105484,1414.6844,1.5133233,7916.4126,5.3140435,0,,,,,1436.0734653490179,0.00047212097,869.4374815461484,0.000492272,0.003912502,-0.00050368614
2386.420832488009,7933.1606,5.3172903,0.00056164974,166890,1436.072974986824,869.4390302992111,7180.745,4.7134266,1411.4828,1.5114609,7933.1606,5.3172903,0,,,,,1436.072974986824,0.00047064494,869.4390302992111,0.000490564,0.004091457,0.0012480281
2386.4277768119455,7930.3203,5.3174906,0.0005615324,166891,1436.0716676725544,869.4371249658241,7180.1357,4.7136045,1411.9202,1.5127101,7930.3203,5.3174906,0,,,,,1436.0716676725544,0.00047070085,869.4371249658241,0.0004903828,0.003058863,-0.002377688
2386.4347211358813,7916.5366,5.314006,0.00056141504,166892,1436.073174397371,869.4358691633404,7165.2827,4.710515,1408.9774,1.511259,7916.5366,5.314006,0,,,,,1436.073174397371,0.00047158377,869.4358691633404,0.00049135747,0.004151904,-0.0022950533
2386.4416654597585,7917.5,5.3136315,0.00056129764,166893,1436.073365811776,869.4360376491917,7164.7354,4.710183,1408.5297,1.5111283,7917.5,5.3136315,0,,,,,1436.073365811776,0.00047168497,869.4360376491917,0.0004914984,0.004667465,-0.0035985687
2386.4486097836357,7924.6616,5.312734,0.00056118023,166894,1436.0737783329375,869.4380042984642,7173.5986,4.709388,1405.412,1.5088797,7924.6616,5.312734,0,,,,,1436.0737783329375,0.00047075975,869.4380042984642,0.00049025536,0.0046454314,-0.0003424129
2386.455554107513,7924.9585,5.313278,0.0005610628,166895,1436.0733926034443,869.4373947092885,7174.984,4.7098703,1404.6837,1.5090413,7924.9585,5.313278,0,,,,,1436.0733926034443,0.0004707163,869.4373947092885,0.0004901416,0.004444614,5.8511496e-06
2386.4624984313323,7934.2373,5.3138394,0.00056094537,166896,1436.073579213214,869.4359889577424,7181.6123,4.7103677,1403.463,1.5082679,7934.2373,5.3138394,0,,,,,1436.073579213214,0.0004701835,869.4359889577424,0.0004902708,0.0047134417,-0.0009953729
2386.469442755152,7917.3706,5.312109,0.0005608279,166897,1436.073822811105,869.4388509368497,7166.694,4.708834,1405.2881,1.5091197,7917.3706,5.312109,0,,,,,1436.073822811105,0.0004710887,869.4388509368497,0.00049105077,0.00516552,-0.00046706406
2386.476387078971,7928.4556,5.3126397,0.00056071044,166898,1436.0734907456329,869.4373694124619,7173.757,4.7093043,1403.1205,1.5085635,7928.4556,5.3126397,0,,,,,1436.0734907456329,0.00047087012,869.4373694124619,0.00049113244,0.004424771,-0.00016431061
2386.483331402791,7917.769,5.312217,0.000560593,166899,1436.0745093346281,869.4352958092537,7161.7827,4.70893,1404.1776,1.509378,7917.769,5.312217,0,,,,,1436.0745093346281,0.0004716747,869.4352958092537,0.00049278943,0.0050538913,-0.0012691476
2386.4902757265527,7932.5117,5.313289,0.00056047546,166900,1436.0737962403014,869.4372832605947,7178.504,4.70988,1402.9933,1.509279,7932.5117,5.313289,0,,,,,1436.0737962403014,0.00047062614,869.4372832605947,0.0004901997,0.004825939,-0.0013106487
2386.4972200503144,7927.085,5.31408,0.00056035793,166901,1436.0733419935486,869.4359441766087,7175.222,4.7105813,1405.2566,1.5113058,7927.085,5.31408,0,,,,,1436.0733419935486,0.00047081197,869.4359441766087,0.0004905809,0.0050652507,-0.00094043167
2386.5041643740756,7922.598,5.310663,0.0005602404,166902,1436.0725138441035,869.438428337017,7166.2773,4.7075524,1404.5299,1.5087581,7922.598,5.310663,0,,,,,1436.0725138441035,0.00047103013,869.438428337017,0.0004921011,0.0045090136,0.0005710886
2386.511108697778,7927.0166,5.3141737,0.00056012283,166903,1436.0740082574844,869.4384636291708,7175.45,4.7106643,1403.2515,1.5086175,7927.0166,5.3141737,0,,,,,1436.0740082574844,0.0004710046,869.4384636291708,0.00049048336,0.0056191427,0.00015028176
2386.518053021481,7928.146,5.311832,0.00056000525,166904,1436.0730068753744,869.4376477035667,7170.26,4.7085886,1403.6699,1.5084727,7928.146,5.311832,0,,,,,1436.0730068753744,0.0004708436,869.4376477035667,0.0004919907,0.004982531,7.699757e-06
2386.5249973451846,7918.8057,5.3130283,0.0005598877,166905,1436.0741315999621,869.4356401841617,7164.914,4.709648,1409.4264,1.5102816,7918.8057,5.3130283,0,,,,,1436.0741315999621,0.00047122684,869.4356401841617,0.0004918166,0.0052727372,-0.0027869013
2386.5319416688876,7936.7305,5.314782,0.0005597701,166906,1436.0745116226174,869.4392569790982,7181.035,4.7112036,1405.2042,1.5090472,7936.7305,5.314782,0,,,,,1436.0745116226174,0.00047049182,869.4392569790982,0.0004905076,0.0059729777,0.00076642213
2386.538885992532,7921.8,5.313395,0.00055965246,166907,1436.0738503167827,869.4352858237494,7165.6885,4.709974,1409.7368,1.5108824,7921.8,5.313395,0,,,,,1436.0738503167827,0.00047138546,869.4352858237494,0.0004922314,0.00529863,-0.0013645049
2386.5458303161768,7926.574,5.315975,0.0005595348,166908,1436.0750232412931,869.4384391081426,7174.366,4.7122607,1410.429,1.5126436,7926.574,5.315975,0,,,,,1436.0750232412931,0.00047112536,869.4384391081426,0.0004908555,0.004849594,0.0014670031
2386.552774639764,7917.5947,5.317964,0.0005594171,166909,1436.0739509778157,869.4362841111439,7168.5864,4.7140236,1412.0114,1.5127823,7917.5947,5.317964,0,,,,,1436.0739509778157,0.00047165705,869.4362841111439,0.0004910643,0.004823257,-0.002781817
2386.559718963408,7935.9634,5.3162236,0.0005592995,166910,1436.0733248834952,869.4369380445022,7175.0005,4.712481,1410.6941,1.512819,7935.9634,5.3162236,0,,,,,1436.0733248834952,0.00047122975,869.4369380445022,0.0004925819,0.004506642,-0.00018584609
2386.566663286995,7922.109,5.3168316,0.0005591818,166911,1436.0741556543676,869.4350688812518,7161.971,4.7130203,1418.6794,1.5155251,7922.109,5.3168316,0,,,,,1436.0741556543676,0.00047192123,869.4350688812518,0.00049338344,0.004980622,-0.0010411864
2386.573607610582,7936.6226,5.3189964,0.0005590641,166912,1436.0738880635301,869.4384450667679,7176.096,4.714939,1416.3809,1.5147682,7936.6226,5.3189964,0,,,,,1436.0738880635301,0.0004714318,869.4384450667679,0.0004929049,0.004967413,0.00060567044
2386.5805519341106,7922.523,5.3208694,0.00055894634,166913,1436.0737983205236,869.4353383081084,7167.6494,4.716599,1421.0554,1.5173723,7922.523,5.3208694,0,,,,,1436.0737983205236,0.000471898,869.4353383081084,0.00049248006,0.005128713,-0.0021953047
2386.5874962576395,7923.8696,5.3217263,0.0005588286,166914,1436.0730448879906,869.4379516285909,7166.604,4.717359,1426.7583,1.5180821,7923.8696,5.3217263,0,,,,,1436.0730448879906,0.0004722017,869.4379516285909,0.0004935914,0.0031741466,0.0005710425
2386.5944405811674,7933.356,5.3240805,0.00055871083,166915,1436.0748428327142,869.4373807486112,7174.489,4.719445,1426.8961,1.5187764,7933.356,5.3240805,0,,,,,1436.0748428327142,0.00047197528,869.4373807486112,0.000493099,0.0064017386,0.0006005843
2386.601384904696,7920.5835,5.3216205,0.0005585931,166916,1436.073298850375,869.4376570345732,7162.11,4.717265,1432.2584,1.5209043,7920.5835,5.3216205,0,,,,,1436.073298850375,0.00047277004,869.4376570345732,0.00049390754,0.0038714625,-0.00012181925
2386.6083292281655,7925.473,5.3253536,0.00055847527,166917,1436.0735714814648,869.4359371323843,7168.5024,4.7205744,1436.4094,1.5230575,7925.473,5.3253536,0,,,,,1436.0735714814648,0.00047232665,869.4359371323843,0.0004936433,0.0047649466,-0.0015804889
2386.6152735516353,7932.28,5.32982,0.00055835745,166918,1436.0743228959204,869.4388446891329,7177.4033,4.7245336,1441.3179,1.5259674,7932.28,5.32982,0,,,,,1436.0743228959204,0.0004720396,869.4388446891329,0.00049278483,0.005434777,0.001864775
2386.622217875106,7924.4434,5.3308306,0.00055823964,166919,1436.074324261605,869.4367001619188,7171.9795,4.725429,1445.1201,1.5279207,7924.4434,5.3308306,0,,,,,1436.074324261605,0.0004724144,869.4367001619188,0.00049293466,0.0054780017,-0.0007831575
2386.6291621985174,7938.0,5.3345046,0.00055812177,166920,1436.0737826984016,869.4361847682362,7180.0396,4.728686,1449.7802,1.527528,7938.0,5.3345046,0,,,,,1436.0737826984016,0.00047272307,869.4361847682362,0.00049397827,0.004675903,-0.0012443843
2386.636106521988,7926.326,5.332956,0.00055800396,166921,1436.0731662594428,869.4370699641269,7168.151,4.727313,1454.6022,1.529508,7926.326,5.332956,0,,,,,1436.0731662594428,0.00047314266,869.4370699641269,0.00049497915,0.004536519,-0.0007569342
2386.6430508453423,7918.9126,5.33299,0.00055788603,166922,1436.0734359055139,869.4377227707249,7163.3403,4.7273436,1457.9731,1.5312768,7918.9126,5.33299,0,,,,,1436.0734359055139,0.00047361557,869.4377227707249,0.00049449777,0.0038530899,0.00010017818
2386.6499951687547,7918.6235,5.336594,0.00055776816,166923,1436.074100584098,869.4363267032119,7164.519,4.730538,1464.3937,1.5363338,7918.6235,5.336594,0,,,,,1436.074100584098,0.00047382945,869.4363267032119,0.00049416145,0.0057813074,-0.002487057
2386.6569394921084,7925.304,5.340936,0.00055765023,166924,1436.0736626258574,869.4385867029314,7171.4683,4.734387,1468.25,1.536894,7925.304,5.340936,0,,,,,1436.0736626258574,0.00047348384,869.4385867029314,0.0004944652,0.005493758,0.00093370833
2386.663883815462,7929.4185,5.339784,0.0005575323,166925,1436.0731935600647,869.4350810862101,7170.0635,4.7333655,1472.5254,1.536411,7929.4185,5.339784,0,,,,,1436.0731935600647,0.00047367034,869.4350810862101,0.00049596565,0.004673763,-0.0021672987
2386.6708281388164,7926.486,5.342087,0.0005574144,166926,1436.0721201795718,869.4389532397826,7168.8354,4.735407,1476.777,1.538715,7926.486,5.342087,0,,,,,1436.0721201795718,0.00047426703,869.4389532397826,0.0004959637,0.0021387702,0.0008665586
2386.6777724621697,7926.366,5.3442674,0.00055729644,166927,1436.0743268589931,869.4360944093094,7168.157,4.7373405,1481.6323,1.5406444,7926.366,5.3442674,0,,,,,1436.0743268589931,0.00047440713,869.4360944093094,0.0004961833,0.0070430143,-0.0016012209
2386.6847167854653,7923.245,5.3434567,0.00055717846,166928,1436.0725949379894,869.4393075801231,7165.1934,4.7366214,1482.318,1.5409371,7923.245,5.3434567,0,,,,,1436.0725949379894,0.00047475065,869.4393075801231,0.0004962246,0.0037350121,0.0028211577
2386.6916611087604,7926.671,5.3456078,0.00055706047,166929,1436.074397615927,869.4338049579513,7169.41,4.7385287,1485.6641,1.5419776,7926.671,5.3456078,0,,,,,1436.074397615927,0.00047440117,869.4338049579513,0.0004957415,0.005801546,-0.004737572
2386.6986054319977,7922.1685,5.347923,0.0005569424,166930,1436.0733612678803,869.4382459574559,7165.1963,4.7405806,1490.3938,1.5460367,7922.1685,5.347923,0,,,,,1436.0733612678803,0.00047463615,869.4382459574559,0.00049679575,0.0037769892,0.0006681747
2386.7055497552356,7927.655,5.3482804,0.0005568244,166931,1436.073903524519,869.4376608546711,7173.231,4.7408977,1490.871,1.5438049,7927.655,5.3482804,0,,,,,1436.073903524519,0.00047465146,869.4376608546711,0.00049530366,0.0045185518,-3.975203e-05
2386.7124940784724,7929.7466,5.349758,0.00055670633,166932,1436.0749542499802,869.4349918728681,7170.1763,4.742207,1495.9269,1.5457969,7929.7466,5.349758,0,,,,,1436.0749542499802,0.00047472483,869.4349918728681,0.0004972906,0.006193329,-0.002556781
2386.7194384017102,7918.462,5.348085,0.0005565883,166933,1436.0744696679894,869.4357076815138,7155.7627,4.740724,1498.8312,1.547115,7918.462,5.348085,0,,,,,1436.0744696679894,0.00047558252,869.4357076815138,0.0004984777,0.005813719,-0.00029729737
2386.7263827248894,7941.0244,5.3554187,0.0005564702,166934,1436.073839472696,869.4356776689074,7185.784,4.7472253,1498.802,1.5471648,7941.0244,5.3554187,0,,,,,1436.073839472696,0.0004742904,869.4356776689074,0.00049548876,0.005877318,-0.002277365
2386.733327048127,7928.8516,5.356227,0.00055635214,166935,1436.0723318088621,869.4365472512022,7177.4233,4.747941,1505.3909,1.5500144,7928.8516,5.356227,0,,,,,1436.0723318088621,0.00047483493,869.4365472512022,0.0004953739,0.0037382739,-0.001363482
2386.7402713712486,7924.1514,5.35431,0.000556234,166936,1436.0739144704899,869.4346455387013,7171.7344,4.746242,1503.945,1.5510062,7924.1514,5.35431,0,,,,,1436.0739144704899,0.00047546896,869.4346455387013,0.00049599586,0.005494314,-0.003154162
2386.7472156944273,7934.151,5.358115,0.0005561159,166937,1436.0729588759186,869.441967647762,7173.6025,4.749615,1509.7063,1.5524373,7934.151,5.358115,0,,,,,1436.0729588759186,0.00047550464,869.441967647762,0.0004970159,0.0033784127,0.0043377727
2386.754160017548,7921.2793,5.357556,0.0005559977,166938,1436.0733991767795,869.4350385202723,7168.0166,4.7491198,1511.5255,1.5545253,7921.2793,5.357556,0,,,,,1436.0733991767795,0.0004757193,869.4350385202723,0.0004968418,0.0049822517,-0.0038086588
2386.7611043406687,7925.8315,5.356075,0.00055587955,166939,1436.074264504537,869.4376451591286,7170.5977,4.7478065,1510.7705,1.5522646,7925.8315,5.356075,0,,,,,1436.074264504537,0.00047555595,869.4376451591286,0.0004967192,0.005011104,-0.00021581555
2386.768048663789,7931.012,5.3578744,0.0005557614,166940,1436.0739841916093,869.433901210503,7170.5483,4.749402,1513.7363,1.553184,7931.012,5.3578744,0,,,,,1436.0739841916093,0.0004756096,869.433901210503,0.00049738114,0.0053757713,-0.003926333
2386.7749929868523,7931.118,5.358644,0.0005556432,166941,1436.0725268292433,869.4398942132156,7173.7925,4.750084,1512.4061,1.5533204,7931.118,5.358644,0,,,,,1436.0725268292433,0.00047547612,869.4398942132156,0.00049718056,0.0027513332,0.0022954983
2386.7819373099155,7918.329,5.359873,0.00055552495,166942,1436.0730354742605,869.4362520253309,7163.777,4.7511735,1517.5444,1.5556239,7918.329,5.359873,0,,,,,1436.0730354742605,0.0004766304,869.4362520253309,0.00049753196,0.0043421267,-0.0026460174
2386.7888816329787,7925.662,5.358016,0.00055540673,166943,1436.0732903197586,869.4353381832059,7166.5483,4.7495275,1516.9678,1.5543016,7925.662,5.358016,0,,,,,1436.0732903197586,0.0004762834,869.4353381832059,0.0004983203,0.004711862,-0.0020977734
2386.795825956041,7923.1807,5.359088,0.0005552885,166944,1436.0730973317075,869.4379229080146,7160.523,4.750478,1522.8887,1.5579333,7923.1807,5.359088,0,,,,,1436.0730973317075,0.00047633983,869.4379229080146,0.0004994166,0.004069238,0.0002104
2386.802770279046,7920.355,5.3592887,0.00055517023,166945,1436.0742969464488,869.4351433161919,7163.3726,4.7506557,1519.0336,1.5567464,7920.355,5.3592887,0,,,,,1436.0742969464488,0.00047664647,869.4351433161919,0.00049813074,0.0062140687,-0.002949494
2386.8097146020505,7922.811,5.3592453,0.00055505196,166946,1436.0744954887448,869.4369135881652,7163.0117,4.750617,1519.7026,1.5579598,7922.811,5.3592453,0,,,,,1436.0744954887448,0.00047633486,869.4369135881652,0.00049846596,0.0050981687,-0.00047688832
2386.816658924997,7924.1685,5.3612237,0.0005549336,166947,1436.073119431942,869.4353778431497,7167.2017,4.752371,1519.5925,1.555933,7924.1685,5.3612237,0,,,,,1436.073119431942,0.00047650348,869.4353778431497,0.0004984639,0.004662664,-0.0036113455
2386.8236032480017,7928.1323,5.3615003,0.00055481534,166948,1436.0741542229175,869.441758934637,7174.9346,4.752616,1520.1213,1.5562958,7928.1323,5.3615003,0,,,,,1436.0741542229175,0.00047588343,869.441758934637,0.0004965199,0.004719787,0.0034511527
2386.8305475709476,7923.8296,5.360211,0.000554697,166949,1436.0723110591912,869.4349927410675,7165.409,4.751473,1519.9053,1.5564859,7923.8296,5.360211,0,,,,,1436.0723110591912,0.00047633558,869.4349927410675,0.00049848546,0.003001468,-0.002639747
2386.837491893894,7924.1655,5.3593802,0.00055457867,166950,1436.0736087556804,869.4363471880984,7161.2354,4.7507367,1522.4791,1.5575838,7924.1655,5.3593802,0,,,,,1436.0736087556804,0.00047642048,869.4363471880984,0.00049920037,0.005604425,-0.0006273893
2386.8444362167816,7927.0264,5.360951,0.0005544603,166951,1436.073405979155,869.4376905900044,7166.9185,4.752129,1522.2131,1.5582292,7927.0264,5.360951,0,,,,,1436.073405979155,0.00047606532,869.4376905900044,0.0004982244,0.0048193554,0.0006838466
2386.8513805396697,7925.2583,5.3620367,0.0005543419,166952,1436.0739017340504,869.4403265605326,7168.8115,4.7530913,1523.2898,1.5580748,7925.2583,5.3620367,0,,,,,1436.0739017340504,0.00047639466,869.4403265605326,0.0004982809,0.0043086433,0.0029716392
2386.858324862558,7927.119,5.365042,0.0005542235,166953,1436.0737270454756,869.4344688325472,7175.3345,4.7557554,1522.1737,1.5573541,7927.119,5.365042,0,,,,,1436.0737270454756,0.00047588695,869.4344688325472,0.00049702736,0.005465594,-0.0044615464
2386.865269185446,7931.1777,5.360753,0.0005541051,166954,1436.0731263493549,869.4371994236576,7169.755,4.7519536,1521.7389,1.5567776,7931.1777,5.360753,0,,,,,1436.0731263493549,0.00047611032,869.4371994236576,0.00049897464,0.0035385923,-0.00060994015
2386.872213508276,7922.3013,5.362491,0.00055398664,166955,1436.0749782059559,869.4331504190502,7163.667,4.7534947,1525.9034,1.5582988,7922.3013,5.362491,0,,,,,1436.0749782059559,0.00047659574,869.4331504190502,0.0004989369,0.0059536034,-0.003501583
2386.879157831106,7929.2207,5.3637357,0.0005538682,166956,1436.0730642325186,869.4361296718736,7165.4507,4.7545977,1525.4753,1.5595591,7929.2207,5.3637357,0,,,,,1436.0730642325186,0.00047665654,869.4361296718736,0.0005001549,0.004530341,-0.0008612141
2386.8861021539365,7926.5513,5.361163,0.00055374973,166957,1436.0744342953933,869.4337970211835,7166.2007,4.752317,1522.9655,1.5575796,7926.5513,5.361163,0,,,,,1436.0744342953933,0.0004763153,869.4337970211835,0.0004988766,0.0058589694,-0.0030691784
2386.8930464767086,7917.428,5.362363,0.0005536312,166958,1436.0721417361153,869.4381519656786,7161.3857,4.7533803,1526.7396,1.5612127,7917.428,5.362363,0,,,,,1436.0721417361153,0.00047680884,869.4381519656786,0.00049855787,0.0034055456,0.0001539741
2386.89999079948,7937.381,5.3661685,0.0005535127,166959,1436.0722920118174,869.4373658203999,7179.7144,4.756754,1527.9496,1.5581706,7937.381,5.3661685,0,,,,,1436.0722920118174,0.00047573703,869.4373658203999,0.0004981757,0.0043002805,5.2875508e-05
2386.9069351222515,7933.9956,5.3642435,0.0005533942,166960,1436.0731052532485,869.4371670368922,7176.3057,4.755048,1523.7291,1.5576464,7933.9956,5.3642435,0,,,,,1436.0731052532485,0.00047601102,869.4371670368922,0.00049825764,0.0044260602,-0.00040889834
2386.9138794450228,7925.0513,5.363423,0.0005532757,166961,1436.0744075425634,869.4354537745389,7161.13,4.75432,1528.5685,1.560413,7925.0513,5.363423,0,,,,,1436.0744075425634,0.0004768405,869.4354537745389,0.0005004516,0.0061956495,-0.0026900512
2386.920823767736,7927.129,5.364022,0.0005531571,166962,1436.0728203976455,869.4345095694645,7165.96,4.754851,1529.6794,1.5624522,7927.129,5.364022,0,,,,,1436.0728203976455,0.0004765132,869.4345095694645,0.0004994052,0.004235365,-0.0030124744
2386.9277680904497,7926.0254,5.363172,0.00055303855,166963,1436.0734467935197,869.4358621571381,7163.012,4.7540975,1531.7299,1.5608946,7926.0254,5.363172,0,,,,,1436.0734467935197,0.00047687328,869.4358621571381,0.00049959327,0.00421999,-0.0010820689
2386.9347124131637,7926.375,5.364868,0.00055292,166964,1436.0735099657284,869.4383071595765,7163.118,4.755601,1532.7452,1.562371,7926.375,5.364868,0,,,,,1436.0735099657284,0.00047719342,869.4383071595765,0.00050000485,0.005157982,0.002574883
2386.9416567358194,7930.086,5.3671217,0.00055280136,166965,1436.0733845654074,869.4391551003866,7167.2974,4.757599,1532.9218,1.5620338,7930.086,5.3671217,0,,,,,1436.0733845654074,0.00047679828,869.4391551003866,0.0004998632,0.005130316,0.0025265522
2386.9486010585324,7920.747,5.365395,0.0005526828,166966,1436.07221899796,869.43530538189,7158.5415,4.7560687,1538.2408,1.563454,7920.747,5.365395,0,,,,,1436.07221899796,0.00047689755,869.43530538189,0.000500592,0.004543883,-0.0033099111
2386.955545381188,7919.541,5.363416,0.00055256416,166967,1436.07468406868,869.4341798121807,7162.4653,4.754314,1535.0343,1.5610366,7919.541,5.363416,0,,,,,1436.07468406868,0.00047670642,869.4341798121807,0.0004990577,0.00616071,-0.0048161955
2386.962489703785,7919.282,5.366544,0.0005524455,166968,1436.0729547387261,869.4378446097942,7168.6904,4.7570868,1535.2852,1.56205,7919.282,5.366544,0,,,,,1436.0729547387261,0.00047686818,869.4378446097942,0.00049737515,0.004030219,-0.00020187437
2386.9694340263823,7928.1343,5.366758,0.0005523268,166969,1436.0737197506664,869.4370352163252,7168.472,4.757277,1536.998,1.5619872,7928.1343,5.366758,0,,,,,1436.0737197506664,0.0004766406,869.4370352163252,0.000498962,0.0059323367,-0.00062379165
2386.97637834898,7923.261,5.3651357,0.0005522081,166970,1436.0761780147855,869.438729390086,7163.9893,4.7558384,1537.7006,1.5628239,7923.261,5.3651357,0,,,,,1436.0761780147855,0.000476817,869.438729390086,0.0004989919,0.008298465,0.00093792425
2386.9833226715764,7932.9224,5.369219,0.0005520894,166971,1436.0722777040394,869.4371721270338,7174.0327,4.759458,1540.1304,1.5642084,7932.9224,5.369219,0,,,,,1436.0722777040394,0.00047669103,869.4371721270338,0.00049885677,0.0042980686,-0.0001360984
2386.990266994173,7930.7246,5.3689756,0.00055197073,166972,1436.073530096749,869.4347942365615,7170.071,4.759242,1537.744,1.5623055,7930.7246,5.3689756,0,,,,,1436.073530096749,0.0004767059,869.4347942365615,0.0004998351,0.0051646545,-0.0035755064
2386.997211316712,7933.4434,5.371353,0.000551852,166973,1436.0736385968046,869.437610938425,7175.4185,4.76135,1536.9288,1.5644583,7933.4434,5.371353,0,,,,,1436.0736385968046,0.00047658337,869.437610938425,0.0004984268,0.005341986,0.00037760194
2387.0041556392507,7927.234,5.3688827,0.00055173325,166974,1436.074040442078,869.4354647224367,7172.5234,4.7591596,1538.5167,1.5630485,7927.234,5.3688827,0,,,,,1436.074040442078,0.00047671824,869.4354647224367,0.00049746013,0.0053728214,-0.002579514
2387.011099961732,7926.542,5.3674817,0.00055161444,166975,1436.0742615276642,869.438546257578,7171.4985,4.757918,1537.8746,1.5622581,7926.542,5.3674817,0,,,,,1436.0742615276642,0.00047673014,869.438546257578,0.0004980292,0.0054366477,0.00027234637
2387.018044284212,7931.4116,5.3663316,0.00055149564,166976,1436.0729900087651,869.437817008169,7168.969,4.756899,1534.7643,1.5616444,7931.4116,5.3663316,0,,,,,1436.0729900087651,0.0004766315,869.437817008169,0.0004997544,0.004594901,0.00014125895
2387.024988606693,7934.8193,5.3679914,0.00055137684,166977,1436.0729810423234,869.436906613552,7178.3574,4.75837,1533.9387,1.5610483,7934.8193,5.3679914,0,,,,,1436.0729810423234,0.00047596885,869.436906613552,0.00049781264,0.0042500068,-0.00018839563
2387.0319329291738,7929.4956,5.3654213,0.00055125804,166978,1436.073752243746,869.4376448944255,7168.9585,4.7560916,1533.5072,1.5616195,7929.4956,5.3654213,0,,,,,1436.073752243746,0.00047638358,869.4376448944255,0.0004997416,0.0048355395,6.7734465e-05
2387.0388772515967,7920.2407,5.3636465,0.0005511392,166979,1436.0726894827812,869.4380751489864,7164.883,4.7545185,1532.0623,1.5614691,7920.2407,5.3636465,0,,,,,1436.0726894827812,0.000476447,869.4380751489864,0.0004983141,0.0043265154,0.0007063157
2387.0458215740196,7931.2354,5.364104,0.0005510203,166980,1436.0742078411947,869.4384955476656,7171.1597,4.754924,1528.7749,1.5591805,7931.2354,5.364104,0,,,,,1436.0742078411947,0.00047620162,869.4384955476656,0.0004985301,0.005728692,0.00041668475
2387.052765896442,7936.716,5.3655066,0.00055090146,166981,1436.0732543785948,869.4359453591643,7183.3545,4.756167,1524.0204,1.557294,7936.716,5.3655066,0,,,,,1436.0732543785948,0.00047556474,869.4359453591643,0.0004966544,0.0037118807,-0.0021699164
2387.059710218865,7928.9087,5.362303,0.0005507826,166982,1436.0746364086574,869.435349054947,7167.7266,4.753327,1525.1034,1.5580215,7928.9087,5.362303,0,,,,,1436.0746364086574,0.00047628506,869.435349054947,0.0004985927,0.005121478,-0.0024311843
2387.0666545412278,7921.8335,5.359976,0.0005506637,166983,1436.0731889645845,869.4383115684361,7165.761,4.7512646,1523.3569,1.5564723,7921.8335,5.359976,0,,,,,1436.0731889645845,0.00047606285,869.4383115684361,0.0004975098,0.004789422,0.0008452941
2387.0735988635915,7925.6,5.3607984,0.00055054476,166984,1436.0749558066923,869.4371077550653,7172.465,4.7519937,1522.0339,1.5557399,7925.6,5.3607984,0,,,,,1436.0749558066923,0.00047588942,869.4371077550653,0.00049648504,0.0062364712,-0.0019628373
2387.0805431859562,7927.713,5.3654,0.00055042584,166985,1436.073041202994,869.4377692759919,7174.129,4.7560725,1519.9865,1.5599117,7927.713,5.3654,0,,,,,1436.073041202994,0.00047610493,869.4377692759919,0.00049747305,0.004336099,-0.0002688203
2387.0874875082627,7931.4683,5.3593225,0.00055030687,166986,1436.0726745849165,869.4378671809159,7174.8936,4.750685,1516.557,1.5539925,7931.4683,5.3593225,0,,,,,1436.0726745849165,0.00047539588,869.4378671809159,0.00049704255,0.0040498907,0.00039789718
2387.094431830569,7930.6094,5.3594956,0.0005501879,166987,1436.0748558265886,869.4367242608066,7169.8384,4.7508388,1516.738,1.5546931,7930.6094,5.3594956,0,,,,,1436.0748558265886,0.00047598986,869.4367242608066,0.0004982282,0.00570337,-0.0012997526
2387.1013761528748,7925.741,5.356379,0.0005500689,166988,1436.073375768667,869.4332763933131,7163.4463,4.7480764,1516.5929,1.5546016,7925.741,5.356379,0,,,,,1436.073375768667,0.00047559585,869.4332763933131,0.0004992433,0.005070386,-0.0044026985
2387.1083204751812,7934.132,5.3600416,0.00054994994,166989,1436.0728956747505,869.4393584399602,7174.4897,4.7513227,1515.0681,1.5548273,7934.132,5.3600416,0,,,,,1436.0728956747505,0.00047554157,869.4393584399602,0.0004976652,0.0034527504,0.0022318359
2387.115264797429,7932.762,5.3591332,0.0005498309,166990,1436.0748747554937,869.4354236842614,7171.8013,4.750518,1516.7325,1.5541502,7932.762,5.3591332,0,,,,,1436.0748747554937,0.00047630016,869.4354236842614,0.0004977419,0.005212896,-0.0013728947
2387.122209119677,7922.175,5.358757,0.00054971187,166991,1436.0740882962107,869.4362068512531,7167.4478,4.7501845,1519.2478,1.5554332,7922.175,5.358757,0,,,,,1436.0740882962107,0.00047625654,869.4362068512531,0.0004971476,0.0043363073,-0.0017979033
2387.129153441867,7936.5957,5.3616405,0.0005495928,166992,1436.0740516644896,869.4390782953393,7181.1284,4.7527404,1516.855,1.5536345,7936.5957,5.3616405,0,,,,,1436.0740516644896,0.00047551567,869.4390782953393,0.0004964816,0.004658711,0.0015180341
2387.1360977641143,7926.977,5.3607574,0.00054947374,166993,1436.072969495462,869.437197453373,7177.5347,4.7519574,1515.9152,1.5543228,7926.977,5.3607574,0,,,,,1436.072969495462,0.00047590752,869.437197453373,0.00049536227,0.004133786,-0.00042045876
2387.1430420863035,7928.4375,5.3616304,0.00054935465,166994,1436.0732078354652,869.4371016186524,7179.74,4.752731,1517.6576,1.5544274,7928.4375,5.3616304,0,,,,,1436.0732078354652,0.0004755659,869.4371016186524,0.00049499166,0.0031240017,-0.0014260109
2387.149986408493,7922.3955,5.3614035,0.00054923556,166995,1436.0738335932533,869.4382560052948,7175.315,4.75253,1519.5269,1.5560913,7922.3955,5.3614035,0,,,,,1436.0738335932533,0.00047560275,869.4382560052948,0.00049488695,0.0053553837,-0.00061915803
2387.1569307306245,7928.7334,5.3638787,0.0005491164,166996,1436.0739508551903,869.4386068447025,7181.3,4.7547245,1521.7611,1.5567417,7928.7334,5.3638787,0,,,,,1436.0739508551903,0.00047549614,869.4386068447025,0.0004951967,0.0046910117,0.0004104932
2387.1638750528145,7924.0884,5.363622,0.0005489973,166997,1436.0739284257716,869.4390132719589,7175.169,4.754497,1524.818,1.5578762,7924.0884,5.363622,0,,,,,1436.0739284257716,0.00047588485,869.4390132719589,0.0004955249,0.0051574595,-8.413777e-05
2387.1708193749455,7924.14,5.3644395,0.00054887816,166998,1436.0745015022146,869.4395414699081,7176.942,4.7552214,1525.5085,1.5574805,7924.14,5.3644395,0,,,,,1436.0745015022146,0.00047600854,869.4395414699081,0.00049508037,0.005500692,-0.00024741262
2387.177763697019,7932.8936,5.3715873,0.00054875895,166999,1436.0734905429417,869.4377531712219,7184.773,4.7615576,1527.5627,1.5600497,7932.8936,5.3715873,0,,,,,1436.0734905429417,0.00047573372,869.4377531712219,0.0004959237,0.004412341,-0.0013782805
2387.1847080191505,7930.0947,5.368443,0.0005486398,167000,1436.072975162449,869.4394548942456,7182.6753,4.7587705,1531.4325,1.5600934,7930.0947,5.368443,0,,,,,1436.072975162449,0.00047616265,869.4394548942456,0.00049497955,0.0042279926,0.0007684195
2387.191652341224,7926.832,5.3684926,0.0005485206,167001,1436.0739270170466,869.4391317616323,7180.0806,4.758814,1532.4967,1.562098,7926.832,5.3684926,0,,,,,1436.0739270170466,0.000476157,869.4391317616323,0.00049513526,0.005136123,0.0011318969
2387.198596663298,7934.186,5.369741,0.0005484014,167002,1436.0734626705942,869.4391899718911,7185.1924,4.7599206,1528.4137,1.5606596,7934.186,5.369741,0,,,,,1436.0734626705942,0.00047550537,869.4391899718911,0.0004958703,0.0042141597,0.00079922675
2387.205540985313,7923.6416,5.3672776,0.0005482821,167003,1436.0740423101518,869.4386879971122,7175.8965,4.757737,1532.8368,1.5612537,7923.6416,5.3672776,0,,,,,1436.0740423101518,0.00047615575,869.4386879971122,0.0004958562,0.0044001304,-0.00063653773
2387.2124853073283,7920.5083,5.3671675,0.00054816285,167004,1436.0724071310972,869.4374799972175,7171.6143,4.7576394,1535.5653,1.562202,7920.5083,5.3671675,0,,,,,1436.0724071310972,0.00047675215,869.4374799972175,0.00049674296,0.00431055,-0.0020847986
2387.219429629343,7925.916,5.369793,0.0005480436,167005,1436.0732154076522,869.4377131068873,7176.964,4.759967,1537.567,1.562946,7925.916,5.369793,0,,,,,1436.0732154076522,0.0004765588,869.4377131068873,0.0004961523,0.004832418,-0.0001666789
2387.2263739513573,7934.07,5.371802,0.0005479243,167006,1436.0734011441648,869.4375858768273,7183.861,4.761748,1539.3577,1.5633129,7934.07,5.371802,0,,,,,1436.0734011441648,0.00047614935,869.4375858768273,0.0004960311,0.004650534,-0.0006342016
2387.2333182733137,7925.4775,5.3694334,0.000547805,167007,1436.0740359324498,869.4406753625448,7176.948,4.759648,1538.3392,1.5632265,7925.4775,5.3694334,0,,,,,1436.0740359324498,0.0004766069,869.4406753625448,0.0004962935,0.00476025,0.0017805134
2387.240262595271,7924.6294,5.370345,0.00054768566,167008,1436.0739598364305,869.4366848521453,7175.0483,4.7604566,1541.3336,1.5643309,7924.6294,5.370345,0,,,,,1436.0739598364305,0.00047662423,869.4366848521453,0.0004968442,0.0047068214,-0.0026002233
2387.247206917228,7923.815,5.3717413,0.00054756633,167009,1436.0722471052889,869.4360470539117,7176.541,4.7616935,1542.9081,1.5652077,7923.815,5.3717413,0,,,,,1436.0722471052889,0.0004765666,869.4360470539117,0.00049671077,0.003459334,-0.0029806488
2387.2541512391845,7933.1504,5.374469,0.000547447,167010,1436.07443125192,869.4416226631373,7183.623,4.7641115,1545.8828,1.5664409,7933.1504,5.374469,0,,,,,1436.07443125192,0.00047648803,869.4416226631373,0.00049618917,0.0055805854,0.003679587
2387.2610955610835,7928.8394,5.375515,0.0005473276,167011,1436.074315458849,869.4379533976565,7180.889,4.7650394,1547.8969,1.5673493,7928.8394,5.375515,0,,,,,1436.074315458849,0.00047669315,869.4379533976565,0.0004965691,0.0048019807,-0.0011613761
2387.268039882982,7920.5776,5.375881,0.00054720824,167012,1436.0738531168554,869.4378309494688,7171.861,4.7653637,1547.2487,1.5682153,7920.5776,5.375881,0,,,,,1436.0738531168554,0.00047739627,869.4378309494688,0.0004975398,0.0055474583,-0.00086805335
2387.2749842048806,7929.8853,5.3751063,0.00054708886,167013,1436.0731769074953,869.4403370948509,7178.524,4.7646766,1549.6057,1.5676242,7929.8853,5.3751063,0,,,,,1436.0731769074953,0.0004773134,869.4403370948509,0.00049751345,0.0032368696,0.0018920659
2387.2819285267215,7925.9224,5.3752384,0.0005469694,167014,1436.0754918538505,869.4374170614863,7174.798,4.764794,1550.132,1.5696253,7925.9224,5.3752384,0,,,,,1436.0754918538505,0.00047720093,869.4374170614863,0.00049738324,0.005937268,-0.001894352
2387.2888728485614,7920.6406,5.3740993,0.00054685,167015,1436.0725642230188,869.4398555296865,7168.0176,4.7637844,1550.7,1.568906,7920.6406,5.3740993,0,,,,,1436.0725642230188,0.0004774455,869.4398555296865,0.0004986889,0.0032482317,0.002216327
2387.295817170402,7919.993,5.372759,0.00054673053,167016,1436.0740689665106,869.4373266915053,7167.2446,4.7625957,1552.0516,1.5688943,7919.993,5.372759,0,,,,,1436.0740689665106,0.00047722133,869.4373266915053,0.0004984505,0.0057569067,1.9121244e-05
2387.302761492242,7927.5586,5.3747644,0.0005466111,167017,1436.0727681005903,869.4409102792724,7174.3813,4.764374,1551.7124,1.5691375,7927.5586,5.3747644,0,,,,,1436.0727681005903,0.00047726932,869.4409102792724,0.0004980567,0.003995673,0.003132693
2387.309705814024,7932.0513,5.3750186,0.0005464916,167018,1436.0743407048353,869.4376166215644,7178.5605,4.764599,1551.607,1.5678226,7932.0513,5.3750186,0,,,,,1436.0743407048353,0.00047724743,869.4376166215644,0.000498028,0.004178326,-0.00020584965
2387.3166501358064,7925.215,5.376182,0.0005463721,167019,1436.072567541677,869.4357540066164,7170.728,4.7656302,1552.2021,1.5711927,7925.215,5.376182,0,,,,,1436.072567541677,0.0004776857,869.4357540066164,0.00049882726,0.0034277346,-0.0018707991
2387.323594457588,7929.3335,5.375442,0.0005462526,167020,1436.0719389989206,869.4360344527655,7170.1235,4.7649746,1552.2739,1.5690792,7929.3335,5.375442,0,,,,,1436.0719389989206,0.00047795151,869.4360344527655,0.00050023326,0.0035867395,-0.00028442912
2387.3305387793125,7924.2285,5.37688,0.00054613303,167021,1436.075580807998,869.4396167728178,7169.1514,4.766249,1551.0311,1.5693868,7924.2285,5.37688,0,,,,,1436.075580807998,0.00047833627,869.4396167728178,0.0004992566,0.006532255,0.0023923835
2387.3374831010365,7919.262,5.3704147,0.00054601347,167022,1436.072131803915,869.4371031360446,7162.8853,4.7605176,1551.0807,1.5672537,7919.262,5.3704147,0,,,,,1436.072131803915,0.00047765428,869.4371031360446,0.0004997291,0.0028596797,-0.00062495965
2387.344427422761,7926.4414,5.3718038,0.0005458939,167023,1436.0735974811207,869.4416822569808,7170.6787,4.7617493,1545.4006,1.5672208,7926.4414,5.3718038,0,,,,,1436.0735974811207,0.00047679627,869.4416822569808,0.00049867685,0.0053964294,0.004030736
2387.3513717444853,7917.8027,5.369535,0.00054577435,167024,1436.0735110677404,869.4363599700407,7163.798,4.7597384,1545.258,1.5673994,7917.8027,5.369535,0,,,,,1436.0735110677404,0.0004777467,869.4363599700407,0.00049842993,0.0049697966,-0.0002489984
2387.3583160661506,7923.1616,5.3676324,0.00054565474,167025,1436.0725219895044,869.4357838199688,7157.868,4.7580514,1546.2045,1.5652555,7923.1616,5.3676324,0,,,,,1436.0725219895044,0.00047775646,869.4357838199688,0.00050173164,0.0037520262,-0.0012758909
2387.3652603878163,7923.349,5.3681636,0.0005455351,167026,1436.0731659002938,869.435625145111,7163.2676,4.7585225,1541.2106,1.5658648,7923.349,5.3681636,0,,,,,1436.0731659002938,0.0004771153,869.435625145111,0.0004999144,0.0045195967,-0.0018786577
2387.3722047094825,7927.7656,5.3711715,0.0005454155,167027,1436.07273442923,869.4378297141973,7171.6235,4.7611885,1539.9841,1.5650883,7927.7656,5.3711715,0,,,,,1436.07273442923,0.00047696114,869.4378297141973,0.0004986354,0.0033982925,-0.0010683357
2387.3791490310896,7927.6445,5.3679237,0.0005452958,167028,1436.072497261033,869.4394232708419,7173.309,4.75831,1536.4263,1.5618286,7927.6445,5.3679237,0,,,,,1436.072497261033,0.0004764454,869.4394232708419,0.0004977315,0.004131089,0.00093004055
2387.3860933526967,7917.329,5.3664,0.00054517615,167029,1436.0728612346816,869.4363284893093,7165.792,4.7569594,1539.2725,1.5635911,7917.329,5.3664,0,,,,,1436.0728612346816,0.000477159,869.4363284893093,0.0004976051,0.004780438,-0.0012969637
2387.3930376743047,7931.9,5.3661156,0.0005450565,167030,1436.0722422152876,869.4391687144508,7173.6436,4.756707,1531.6458,1.5605581,7931.9,5.3661156,0,,,,,1436.0722422152876,0.0004762642,869.4391687144508,0.00049829733,0.004634,0.0007767039
2387.3999819959126,7919.049,5.362453,0.0005449368,167031,1436.074820644977,869.4368819690662,7160.746,4.75346,1532.2578,1.5605482,7919.049,5.362453,0,,,,,1436.074820644977,0.0004768291,869.4368819690662,0.0004988255,0.0067902403,-0.000559256
2387.4069263174615,7934.775,5.3667283,0.00054481707,167032,1436.0741673821506,869.4388578027607,7183.0625,4.7572503,1528.6907,1.5586939,7934.775,5.3667283,0,,,,,1436.0741673821506,0.00047578278,869.4388578027607,0.0004961018,0.0051653604,0.0008654044
2387.4138706390113,7937.733,5.364744,0.00054469734,167033,1436.0730560834431,869.4369038127218,7175.118,4.7554917,1526.0737,1.5575178,7937.733,5.364744,0,,,,,1436.0730560834431,0.00047593276,869.4369038127218,0.0004988931,0.0045719757,-0.00034479192
2387.4208149605606,7920.3643,5.35759,0.0005445776,167034,1436.0739258142978,869.4375053411902,7154.6626,4.74915,1524.1191,1.5567988,7920.3643,5.35759,0,,,,,1436.0739258142978,0.00047676623,869.4375053411902,0.0004996862,0.005536983,0.00080081087
2387.4277592820517,7926.4565,5.358048,0.0005444578,167035,1436.0733332513917,869.434226877,7166.2954,4.7495556,1519.2798,1.5549326,7926.4565,5.358048,0,,,,,1436.0733332513917,0.00047613424,869.434226877,0.0004982721,0.0044084727,-0.0039371597
2387.4347036035433,7924.755,5.3597937,0.000544338,167036,1436.072943849518,869.4375889086734,7161.7944,4.751103,1516.9672,1.5555159,7924.755,5.3597937,0,,,,,1436.072943849518,0.00047594975,869.4375889086734,0.00049961195,0.0046344404,0.00031420757
2387.441647925034,7925.1206,5.357449,0.00054421823,167037,1436.0746097284584,869.4352510171327,7166.317,4.749025,1513.7998,1.5537558,7925.1206,5.357449,0,,,,,1436.0746097284584,0.00047603197,869.4352510171327,0.000498201,0.0055508194,-0.0028545242
2387.4485922465255,7931.373,5.3583446,0.00054409844,167038,1436.072243767472,869.4368984784776,7171.5854,4.7498183,1510.468,1.5520123,7931.373,5.3583446,0,,,,,1436.072243767472,0.00047565997,869.4368984784776,0.00049809355,0.004506991,-0.0002324514
2387.455536567958,7914.1616,5.3516045,0.0005439786,167039,1436.0723885927657,869.4355139232856,7154.652,4.743844,1510.3131,1.5515943,7914.1616,5.3516045,0,,,,,1436.0723885927657,0.00047602804,869.4355139232856,0.00049889385,0.0039287554,-0.0013870005
2387.4624808893905,7926.925,5.3520265,0.00054385874,167040,1436.0730358304081,869.4370359501397,7158.446,4.744218,1507.6251,1.5508804,7926.925,5.3520265,0,,,,,1436.0730358304081,0.00047553904,869.4370359501397,0.0005000515,0.004145295,-4.2479292e-05
2387.469425210824,7925.8423,5.353139,0.0005437389,167041,1436.074100837286,869.4358739629173,7164.787,4.745204,1503.4618,1.551069,7925.8423,5.353139,0,,,,,1436.074100837286,0.00047611524,869.4358739629173,0.0004976775,0.0056294026,-0.0014444394
2387.476369532198,7923.893,5.3539224,0.000543619,167042,1436.0728112796005,869.4395473158354,7165.399,4.7458987,1502.201,1.5512234,7923.893,5.3539224,0,,,,,1436.0728112796005,0.00047560714,869.4395473158354,0.0004972348,0.004299483,0.0022361404
2387.4833138536314,7929.62,5.352878,0.00054349913,167043,1436.0744727433666,869.436556763846,7173.5576,4.744973,1497.6771,1.5479193,7929.62,5.352878,0,,,,,1436.0744727433666,0.00047547277,869.436556763846,0.00049576606,0.006209172,-0.0019418652
2387.490258175006,7927.8145,5.3545103,0.0005433792,167044,1436.0731491682943,869.4351459289842,7167.922,4.74642,1503.9323,1.5502558,7927.8145,5.3545103,0,,,,,1436.0731491682943,0.00047559536,869.4351459289842,0.0004977567,0.0043798457,-0.0029855703
2387.497202496323,7926.703,5.3508105,0.00054325926,167045,1436.0730276898123,869.4386557038139,7164.527,4.74314,1502.128,1.548365,7926.703,5.3508105,0,,,,,1436.0730276898123,0.00047544108,869.4386557038139,0.000497753,0.0041763107,0.0017310844
2387.5041468176983,7931.985,5.3543,0.00054313935,167046,1436.0719731592194,869.4373425705583,7174.9033,4.746233,1499.9132,1.5487523,7931.985,5.3543,0,,,,,1436.0719731592194,0.0004748391,869.4373425705583,0.00049641717,0.003172312,5.3981294e-05
2387.5110911390143,7923.587,5.3500686,0.0005430194,167047,1436.0733689508716,869.4381858998574,7161.2275,4.7424827,1500.9083,1.5487757,7923.587,5.3500686,0,,,,,1436.0733689508716,0.00047574026,869.4381858998574,0.0004979014,0.0044341953,0.00043781742
2387.5180354602726,7920.5166,5.3513417,0.00054289936,167048,1436.0747665577235,869.4333065872355,7164.492,4.743611,1501.0955,1.5499364,7920.5166,5.3513417,0,,,,,1436.0747665577235,0.00047565944,869.4333065872355,0.00049674977,0.005724613,-0.0042896904
2387.5249797815895,7930.563,5.355084,0.0005427794,167049,1436.0733379623282,869.4379562325574,7178.727,4.746928,1503.2538,1.5486604,7930.563,5.355084,0,,,,,1436.0733379623282,0.00047474008,869.4379562325574,0.00049498735,0.0047794282,-0.00056055863
2387.5319241028474,7925.6055,5.3537536,0.00054265937,167050,1436.0729173362722,869.4364351375539,7167.174,4.745749,1503.3556,1.5503896,7925.6055,5.3537536,0,,,,,1436.0729173362722,0.00047554245,869.4364351375539,0.00049741607,0.0043654954,-0.0006288072
2387.538868424105,7921.735,5.3518767,0.00054253935,167051,1436.0732468129477,869.4375593915722,7159.971,4.7440853,1506.1572,1.549979,7921.735,5.3518767,0,,,,,1436.0732468129477,0.00047573826,869.4375593915722,0.0004984971,0.0048530595,0.000717418
2387.545812745363,7926.9746,5.35378,0.0005424193,167052,1436.0752785264813,869.4356964112377,7168.1167,4.7457724,1506.2896,1.5503505,7926.9746,5.35378,0,,,,,1436.0752785264813,0.00047544308,869.4356964112377,0.00049709214,0.005750833,-0.0022993207
2387.5527570665636,7935.6865,5.3577204,0.00054229924,167053,1436.0734026379032,869.4371690714216,7175.265,4.749265,1508.3951,1.5520715,7935.6865,5.3577204,0,,,,,1436.0734026379032,0.00047528764,869.4371690714216,0.00049749704,0.0045908922,-0.0012040242
2387.559701387764,7924.5664,5.3551426,0.00054217916,167054,1436.0738895653924,869.4354201840576,7167.9004,4.74698,1510.9789,1.5517659,7924.5664,5.3551426,0,,,,,1436.0738895653924,0.000475671,869.4354201840576,0.0004971766,0.0052938433,-0.0033863466
2387.5666457089646,7933.135,5.360297,0.0005420591,167055,1436.0729440739829,869.4368920216765,7177.3496,4.7515492,1512.388,1.5541755,7933.135,5.360297,0,,,,,1436.0729440739829,0.00047575912,869.4368920216765,0.0004967261,0.0043796687,-0.00036803764
2387.5735900301647,7921.8257,5.358236,0.000541939,167056,1436.0736248141145,869.4373209532165,7162.4663,4.749722,1518.0405,1.5578249,7921.8257,5.358236,0,,,,,1436.0736248141145,0.00047612895,869.4373209532165,0.00049843505,0.0051830565,-0.0014465385
2387.580534351306,7925.543,5.3601995,0.00054181885,167057,1436.0723296997444,869.435944857846,7162.7554,4.7514625,1525.2214,1.5577676,7925.543,5.3601995,0,,,,,1436.0723296997444,0.00047609897,869.435944857846,0.0004999671,0.0042132437,-0.003117866
2387.587478672448,7922.719,5.3611927,0.0005416987,167058,1436.0733355907266,869.438300796176,7160.782,4.752343,1527.0919,1.5597614,7922.719,5.3611927,0,,,,,1436.0733355907266,0.00047684976,869.438300796176,0.0004991954,0.004084353,0.0008095447
2387.5944229935903,7916.6016,5.3621564,0.00054157857,167059,1436.0740128981079,869.4362433803141,7155.1836,4.7531977,1533.5668,1.5633022,7916.6016,5.3621564,0,,,,,1436.0740128981079,0.00047699438,869.4362433803141,0.0004998784,0.005198834,-0.002107646
2387.6013673146745,7915.328,5.3664255,0.0005414584,167060,1436.0732811543992,869.4369364771103,7163.6133,4.756982,1536.9958,1.5641916,7915.328,5.3664255,0,,,,,1436.0732811543992,0.00047710023,869.4369364771103,0.00049754046,0.004709346,-0.0019123988
2387.608311635816,7924.719,5.3726835,0.00054133823,167061,1436.0735288485423,869.437741458638,7170.086,4.762529,1542.8896,1.566997,7924.719,5.3726835,0,,,,,1436.0735288485423,0.0004769441,869.437741458638,0.00049884536,0.0049521276,-4.1011794e-05
2387.615255956841,7923.143,5.371378,0.000541218,167062,1436.0737238859685,869.4369462674855,7161.534,4.7613716,1550.4878,1.5681745,7923.143,5.371378,0,,,,,1436.0737238859685,0.00047757514,869.4369462674855,0.0005004782,0.004890499,0.00023298748
2387.622200277925,7916.4253,5.372591,0.0005410978,167063,1436.073762366931,869.4354299112131,7156.7095,4.762447,1556.1876,1.5717065,7916.4253,5.372591,0,,,,,1436.073762366931,0.00047824846,869.4354299112131,0.0005005558,0.0036953557,-0.0024937529
2387.629144599008,7921.081,5.3770227,0.0005409776,167064,1436.0733615766865,869.436166359392,7160.1387,4.7663755,1561.842,1.5735176,7921.081,5.3770227,0,,,,,1436.0733615766865,0.00047855408,869.436166359392,0.000501158,0.0043433085,-0.0007992778
2387.636088920034,7910.791,5.378858,0.0005408573,167065,1436.074727191621,869.4337858620338,7154.23,4.7680025,1566.4346,1.576788,7910.791,5.378858,0,,,,,1436.074727191621,0.00047861793,869.4337858620338,0.00050129235,0.005507569,-0.0042048222
2387.6430332410014,7926.2495,5.3855634,0.000540737,167066,1436.0736096752191,869.4384332423814,7171.2515,4.7739463,1573.4259,1.5776494,7926.2495,5.3855634,0,,,,,1436.0736096752191,0.0004788372,869.4384332423814,0.0004997872,0.005309974,0.00046852432
2387.649977562027,7931.2695,5.387792,0.00054061675,167067,1436.0736680089838,869.4380105929845,7179.986,4.775922,1579.1978,1.5797735,7931.2695,5.387792,0,,,,,1436.0736680089838,0.0004778682,869.4380105929845,0.0004986313,0.004807188,8.717569e-05
2387.6569218829945,7940.0454,5.389227,0.00054049643,167068,1436.0737520824814,869.4366027782439,7175.27,4.777194,1586.5146,1.5825009,7940.0454,5.389227,0,,,,,1436.0737520824814,0.00047880178,869.4366027782439,0.00050198165,0.005567675,-0.00095347926
2387.663866203962,7919.998,5.390921,0.0005403761,167069,1436.0741600287101,869.4365580846154,7162.99,4.778695,1596.3381,1.5873766,7919.998,5.390921,0,,,,,1436.0741600287101,0.00047940973,869.4365580846154,0.0005019511,0.005700665,-0.0011741816
2387.670810524929,7922.7266,5.393466,0.0005402558,167070,1436.0730635557982,869.4371562920751,7160.2573,4.7809515,1606.7272,1.5900723,7922.7266,5.393466,0,,,,,1436.0730635557982,0.00048044312,869.4371562920751,0.00050348096,0.004733875,-6.218498e-05
2387.6777548458385,7919.7197,5.3985534,0.0005401354,167071,1436.0751588638132,869.436461295135,7162.526,4.785461,1614.5055,1.5959662,7919.7197,5.3985534,0,,,,,1436.0751588638132,0.0004803817,869.436461295135,0.0005023131,0.00615955,-0.0014566582
2387.6846991668053,7920.2915,5.402425,0.0005400151,167072,1436.073626646236,869.4394496526063,7169.714,4.7888927,1620.819,1.5957621,7920.2915,5.402425,0,,,,,1436.073626646236,0.00048049894,869.4394496526063,0.00050129107,0.0044631804,0.0011329044
2387.6916434876557,7925.878,5.404179,0.0005398947,167073,1436.0738478752078,869.4373851442698,7171.765,4.790448,1624.3749,1.5974857,7925.878,5.404179,0,,,,,1436.0738478752078,0.0004804925,869.4373851442698,0.0005021615,0.005459492,-0.0008319137
2387.6985878085643,7915.376,5.4036503,0.0005397743,167074,1436.0729230613733,869.4355674656864,7151.8438,4.7899795,1632.6307,1.6015685,7915.376,5.4036503,0,,,,,1436.0729230613733,0.00048192558,869.4355674656864,0.00050542544,0.004843991,-0.0013819077
2387.7055321294156,7914.942,5.4055576,0.0005396539,167075,1436.0737628781421,869.4354022891254,7152.9873,4.79167,1640.2717,1.6033522,7914.942,5.4055576,0,,,,,1436.0737628781421,0.0004822148,869.4354022891254,0.00050580787,0.005208343,-0.0027090616
2387.712476450267,7920.9346,5.413458,0.00053953344,167076,1436.0739835506013,869.4354110585663,7165.509,4.7986727,1648.5591,1.60869,7920.9346,5.413458,0,,,,,1436.0739835506013,0.0004822314,869.4354110585663,0.00050347095,0.005026465,-0.0023322012
2387.719420771118,7924.597,5.4164586,0.000539413,167077,1436.0726378774166,869.4362659951257,7166.607,4.8013325,1654.0675,1.6105505,7924.597,5.4164586,0,,,,,1436.0726378774166,0.00048179005,869.4362659951257,0.0005045694,0.0044156085,-0.0013035367
2387.726365091969,7920.749,5.419066,0.0005392926,167078,1436.0735916688852,869.4372488891735,7165.9985,4.803644,1657.5588,1.6132213,7920.749,5.419066,0,,,,,1436.0735916688852,0.0004824652,869.4372488891735,0.0005040848,0.005112422,-0.00079038815
2387.733309412761,7929.587,5.421194,0.0005391721,167079,1436.0731508073657,869.4392065066799,7177.3574,4.8055305,1662.8206,1.611829,7929.587,5.421194,0,,,,,1436.0731508073657,0.00048185923,869.4392065066799,0.00050316664,0.004722948,0.0021107337
2387.740253733554,7928.211,5.423841,0.0005390516,167080,1436.0741111727439,869.4349651184266,7168.5713,4.807877,1670.321,1.6155471,7928.211,5.423841,0,,,,,1436.0741111727439,0.00048265842,869.4349651184266,0.0005057655,0.0061035496,-0.0025223333
2387.747198054347,7922.7734,5.4211073,0.0005389311,167081,1436.072714859464,869.437555773355,7160.0635,4.8054533,1673.2644,1.6152209,7922.7734,5.4211073,0,,,,,1436.072714859464,0.00048302347,869.437555773355,0.0005068139,0.0037896829,-0.00011084406
2387.7541423750818,7924.6553,5.4263062,0.00053881056,167082,1436.0737132744305,869.4361559470086,7161.9795,4.8100624,1678.1956,1.6196265,7924.6553,5.4263062,0,,,,,1436.0737132744305,0.00048326317,869.4361559470086,0.0005071556,0.005515228,-0.0016002195
2387.7610866958157,7927.1855,5.4298863,0.00053869,167083,1436.0738935324132,869.4378035093857,7176.4893,4.8132353,1681.194,1.6191031,7927.1855,5.4298863,0,,,,,1436.0738935324132,0.0004827263,869.4378035093857,0.00050394615,0.0047880234,-0.00058546773
2387.7680310165492,7919.1104,5.430651,0.00053856947,167084,1436.0731723214112,869.4388440283358,7161.006,4.813914,1689.6813,1.6235571,7919.1104,5.430651,0,,,,,1436.0731723214112,0.00048408948,869.4388440283358,0.0005070117,0.005081666,0.00091467437
2387.7749753372836,7925.7744,5.432741,0.0005384489,167085,1436.0735398493982,869.4364356514044,7173.7695,4.8157663,1688.3633,1.6215287,7925.7744,5.432741,0,,,,,1436.0735398493982,0.00048306427,869.4364356514044,0.0005048898,0.005238098,-0.0024547605
2387.7819196579603,7922.5083,5.43156,0.0005383283,167086,1436.0732377270858,869.4374515290158,7169.2417,4.814719,1691.0575,1.623717,7922.5083,5.43156,0,,,,,1436.0732377270858,0.00048354064,869.4374515290158,0.00050522323,0.003914685,-0.00026089663
2387.788863978637,7931.4673,5.4346433,0.0005382077,167087,1436.0737346441435,869.436927191583,7174.3623,4.8174524,1695.107,1.62448,7931.4673,5.4346433,0,,,,,1436.0737346441435,0.00048345095,869.436927191583,0.0005061853,0.0049740085,-0.0016794782
2387.795808299313,7930.982,5.434143,0.0005380871,167088,1436.0730207530441,869.4358052854967,7179.515,4.8170085,1692.9677,1.6232253,7930.982,5.434143,0,,,,,1436.0730207530441,0.00048319533,869.4358052854967,0.0005042343,0.0045536193,-0.0033181233
2387.802752619989,7925.6235,5.4367332,0.0005379665,167089,1436.0738729492887,869.4393994672494,7178.23,4.819305,1696.4613,1.6248591,7925.6235,5.4367332,0,,,,,1436.0738729492887,0.00048317786,869.4393994672494,0.0005038774,0.0054198815,0.00061650586
2387.8096969406074,7922.767,5.434194,0.00053784583,167090,1436.0735658047402,869.4363861523262,7169.5728,4.8170543,1698.5961,1.6258669,7922.767,5.434194,0,,,,,1436.0735658047402,0.0004835415,869.4363861523262,0.0005053759,0.005251942,-0.0028775495
2387.816641261226,7929.639,5.4343987,0.00053772517,167091,1436.0733949039127,869.4359899057088,7173.2676,4.8172355,1696.1915,1.6248165,7929.639,5.4343987,0,,,,,1436.0733949039127,0.00048374565,869.4359899057088,0.0005055637,0.0047400217,-0.0022463033
2387.823585581844,7931.996,5.435503,0.0005376045,167092,1436.0737493044196,869.4404695725963,7172.95,4.8182144,1697.8407,1.6258924,7931.996,5.435503,0,,,,,1436.0737493044196,0.0004837936,869.4404695725963,0.0005065438,0.0057086446,0.0032852895
2387.830529902404,7925.5386,5.433436,0.0005374838,167093,1436.0731437521765,869.4326518762111,7166.5034,4.8163824,1700.7418,1.6262442,7925.5386,5.433436,0,,,,,1436.0731437521765,0.0004840057,869.4326518762111,0.00050677196,0.004594446,-0.005464309
2387.8374742230208,7935.23,5.441114,0.0005373631,167094,1436.0738717674658,869.4393860868511,7182.4785,4.8231883,1700.9209,1.6279538,7935.23,5.441114,0,,,,,1436.0738717674658,0.000483684,869.4393860868511,0.0005052441,0.0056241574,0.000680231
2387.844418543522,7926.128,5.4361353,0.00053724233,167095,1436.0750884454785,869.4362914641167,7171.1616,4.8187747,1700.9702,1.6281427,7926.128,5.4361353,0,,,,,1436.0750884454785,0.00048424516,869.4362914641167,0.00050524744,0.005592296,-0.0011668276
2387.851362864082,7927.4663,5.4379487,0.0005371216,167096,1436.0740908841506,869.4376016269548,7177.693,4.8203826,1701.3544,1.6285012,7927.4663,5.4379487,0,,,,,1436.0740908841506,0.00048376073,869.4376016269548,0.00050415867,0.005310446,-0.00026996798
2387.8583071846424,7924.556,5.4370213,0.0005370009,167097,1436.0731551618767,869.4376764049948,7176.1567,4.8195605,1703.259,1.6275727,7924.556,5.4370213,0,,,,,1436.0731551618767,0.00048358217,869.4376764049948,0.0005041796,0.0041652643,-0.00028340172
2387.8652515051444,7928.968,5.4369025,0.0005368801,167098,1436.0743488417045,869.4356853198376,7171.7144,4.8194547,1703.6699,1.6275868,7928.968,5.4369025,0,,,,,1436.0743488417045,0.0004837976,869.4356853198376,0.00050629186,0.005405131,-0.0028834692
2387.8721958256465,7927.6514,5.4370975,0.0005367593,167099,1436.074005568946,869.4365246233708,7167.3555,4.819628,1706.7511,1.6292541,7927.6514,5.4370975,0,,,,,1436.074005568946,0.00048432284,869.4365246233708,0.00050751626,0.0044825617,-0.0022870938
2387.87914014609,7921.617,5.4387264,0.0005366385,167100,1436.0744076530705,869.4410441084682,7170.931,4.821072,1708.5669,1.6298912,7921.617,5.4387264,0,,,,,1436.0744076530705,0.00048424074,869.4410441084682,0.0005051519,0.0053147264,0.0023934934
2387.886084466591,7926.1143,5.440522,0.0005365177,167101,1436.0742666885005,869.4354844951104,7177.6504,4.822664,1709.0625,1.6297269,7926.1143,5.440522,0,,,,,1436.0742666885005,0.00048393867,869.4354844951104,0.00050444476,0.0057959203,-0.004002127
2387.8930287870344,7929.6665,5.4400606,0.00053639687,167102,1436.0729627908627,869.437565901801,7171.7715,4.822254,1709.916,1.6307167,7929.6665,5.4400606,0,,,,,1436.0729627908627,0.00048413355,869.437565901801,0.0005070429,0.0046259374,-0.000796641
2387.899973107478,7927.949,5.442237,0.000536276,167103,1436.0752158636865,869.4393284954938,7170.189,4.8241835,1716.2723,1.6347136,7927.949,5.442237,0,,,,,1436.0752158636865,0.00048471696,869.4393284954938,0.0005065485,0.005694813,0.0012198314
2387.906917427864,7927.812,5.4402885,0.00053615513,167104,1436.07263392858,869.4338522794019,7158.769,4.8224564,1718.3267,1.6334636,7927.812,5.4402885,0,,,,,1436.07263392858,0.0004853266,869.4338522794019,0.0005099764,0.0046875165,-0.0031002301
2387.9138617482495,7928.6724,5.445259,0.00053603423,167105,1436.0733753102459,869.4363843138096,7178.32,4.826863,1719.2731,1.6345209,7928.6724,5.445259,0,,,,,1436.0733753102459,0.00048452665,869.4363843138096,0.00050528895,0.0048337933,-0.0031627484
2387.9208060686915,7924.4175,5.445359,0.0005359134,167106,1436.0726129336394,869.4391971828263,7172.703,4.8269515,1722.3545,1.6344134,7924.4175,5.445359,0,,,,,1436.0726129336394,0.0004844811,869.4391971828263,0.0005067449,0.0033871548,0.0004118713
2387.927750389018,7929.8726,5.447625,0.00053579244,167107,1436.074269366741,869.438434565966,7176.9795,4.82896,1726.4409,1.6362898,7929.8726,5.447625,0,,,,,1436.074269366741,0.0004848371,869.438434565966,0.00050605607,0.005769892,2.0038617e-05
2387.9346947094036,7929.014,5.4488215,0.00053567154,167108,1436.0743451884273,869.4357631185281,7170.53,4.830021,1731.1195,1.6382952,7929.014,5.4488215,0,,,,,1436.0743451884273,0.0004853556,869.4357631185281,0.0005078827,0.0054235714,-0.0012566556
2387.941639029731,7924.2705,5.449163,0.0005355506,167109,1436.0724981200947,869.4404910565527,7172.202,4.8303227,1734.9576,1.6389089,7924.2705,5.449163,0,,,,,1436.0724981200947,0.00048500265,869.4404910565527,0.0005067252,0.0037681374,0.002323485
2387.948583350058,7925.008,5.450954,0.00053542963,167110,1436.074012063431,869.4377404177416,7173.2036,4.83191,1738.0457,1.6412432,7925.008,5.450954,0,,,,,1436.074012063431,0.00048517267,869.4377404177416,0.0005068507,0.004481372,-6.0441107e-06
2387.9555276703845,7930.095,5.4517303,0.0005353087,167111,1436.0731699515661,869.4376939582794,7177.5283,4.8325987,1737.0846,1.6402326,7930.095,5.4517303,0,,,,,1436.0731699515661,0.00048493248,869.4376939582794,0.0005068346,0.004496587,-0.0010725536
2387.9624719906537,7925.922,5.4582195,0.00053518766,167112,1436.0743070391172,869.4366737901456,7173.5083,4.838351,1743.2781,1.644772,7925.922,5.4582195,0,,,,,1436.0743070391172,0.00048629125,869.4366737901456,0.00050787977,0.0057145436,-0.0013557645
2387.969416310981,7921.689,5.453436,0.0005350667,167113,1436.0741279119177,869.4382431549286,7167.4653,4.8341107,1747.3132,1.6445204,7921.689,5.453436,0,,,,,1436.0741279119177,0.00048600617,869.4382431549286,0.0005084061,0.00422068,0.0010841748
2387.97636063125,7929.814,5.456448,0.0005349457,167114,1436.0735902072497,869.4357006578998,7172.4185,4.836781,1753.1223,1.6461474,7929.814,5.456448,0,,,,,1436.0735902072497,0.00048624683,869.4357006578998,0.0005084436,0.0048339814,-0.0023676313
2387.983304951461,7921.8726,5.4559984,0.0005348246,167115,1436.0738237741834,869.4380432090595,7163.8535,4.836382,1755.5737,1.6476941,7921.8726,5.4559984,0,,,,,1436.0738237741834,0.0004862535,869.4380432090595,0.0005096368,0.005327257,-0.000444287
2387.990249271729,7925.907,5.458349,0.0005347036,167116,1436.073872828832,869.435489409253,7167.9766,4.8384666,1757.3173,1.6482924,7925.907,5.458349,0,,,,,1436.073872828832,0.00048662734,869.435489409253,0.0005093324,0.0046098554,-0.0017209209
2387.9971935919393,7928.588,5.4606605,0.00053458253,167117,1436.0737872894792,869.4358717276847,7171.98,4.8405147,1758.1348,1.6497667,7928.588,5.4606605,0,,,,,1436.0737872894792,0.00048653557,869.4358717276847,0.0005090801,0.004602238,-0.0010737366
2388.0041379121494,7925.5146,5.463258,0.00053446146,167118,1436.0733389405825,869.4378466030747,7174.739,4.8428173,1759.5144,1.6493739,7925.5146,5.463258,0,,,,,1436.0733389405825,0.00048663834,869.4378466030747,0.0005081702,0.003922844,0.00060903316
2388.0110822323604,7917.2666,5.4604583,0.0005343404,167119,1436.0732670279126,869.4370451286,7170.564,4.8403354,1762.0194,1.6500057,7917.2666,5.4604583,0,,,,,1436.0732670279126,0.00048642675,869.4370451286,0.00050752284,0.0045786155,-0.0021282816
2388.018026552513,7925.624,5.463987,0.00053421926,167120,1436.075317772657,869.4390596278749,7175.4775,4.8434634,1765.218,1.6518719,7925.624,5.463987,0,,,,,1436.075317772657,0.0004866308,869.4390596278749,0.00050771574,0.0060171685,0.00012866902
2388.024970872665,7927.169,5.4616265,0.00053409813,167121,1436.0723225606512,869.4396453737402,7171.11,4.841371,1763.9856,1.6506408,7927.169,5.4616265,0,,,,,1436.0723225606512,0.00048666718,869.4396453737402,0.00050901104,0.0041772057,0.0023010897
2388.031915192818,7923.577,5.462685,0.000533977,167122,1436.0736676816707,869.4379032630212,7170.692,4.8423095,1765.2672,1.6518329,7923.577,5.462685,0,,,,,1436.0736676816707,0.00048702024,869.4379032630212,0.0005086349,0.0041129976,-0.0010016566
2388.0388595129702,7921.5273,5.4622025,0.00053385587,167123,1436.073562733708,869.4394476850431,7171.4473,4.8418818,1765.0923,1.6513637,7921.5273,5.4622025,0,,,,,1436.073562733708,0.00048668683,869.4394476850431,0.0005079929,0.00414868,0.001515727
2388.0458038330644,7922.2964,5.4607387,0.0005337347,167124,1436.0748003280478,869.4347411736259,7169.316,4.8405843,1762.451,1.6503004,7922.2964,5.4607387,0,,,,,1436.0748003280478,0.00048659358,869.4347411736259,0.00050834526,0.0057424596,-0.00335374
2388.052748153159,7923.148,5.460243,0.0005336135,167125,1436.0732016456598,869.4392037238915,7170.29,4.840145,1762.2634,1.6501026,7923.148,5.460243,0,,,,,1436.0732016456598,0.00048664032,869.4392037238915,0.00050839386,0.003820973,0.0011752667
2388.0596924732527,7930.332,5.45947,0.0005334923,167126,1436.0738079487146,869.4351492092143,7170.0845,4.8394594,1761.4327,1.6490943,7930.332,5.45947,0,,,,,1436.0738079487146,0.00048645504,869.4351492092143,0.0005096007,0.0049387957,-0.002651054
2388.0666367933472,7915.9346,5.457869,0.0005333711,167127,1436.0747065348166,869.435779148112,7163.349,4.8380404,1759.8619,1.6499026,7915.9346,5.457869,0,,,,,1436.0747065348166,0.0004869462,869.435779148112,0.0005090772,0.00544009,-0.0018070106
2388.0735811133827,7930.432,5.4585953,0.00053324987,167128,1436.0722188943512,869.4364761029723,7169.894,4.838684,1757.9453,1.649002,7930.432,5.4585953,0,,,,,1436.0722188943512,0.00048644294,869.4364761029723,0.0005094453,0.0038661787,-0.00071394426
2388.0805254334764,7916.438,5.4557276,0.0005331287,167129,1436.0737823588033,869.4369205027831,7162.37,4.836142,1755.057,1.6473708,7916.438,5.4557276,0,,,,,1436.0737823588033,0.00048657344,869.4369205027831,0.00050894124,0.0053427476,-0.0015597721
2388.087469753513,7922.8477,5.458012,0.00053300743,167130,1436.0744237396136,869.4381810126507,7173.425,4.8381677,1753.2048,1.6463511,7922.8477,5.458012,0,,,,,1436.0744237396136,0.00048600943,869.4381810126507,0.00050726044,0.004437811,0.00010853363
2388.09441407349,7920.578,5.4581456,0.00053288613,167131,1436.0745069335628,869.4377278639154,7170.5117,4.8382854,1753.2355,1.6473827,7920.578,5.4581456,0,,,,,1436.0745069335628,0.00048635248,869.4377278639154,0.0005075359,0.0055530476,-0.0013139484
2388.1013583935264,7934.6255,5.457249,0.0005327649,167132,1436.0748421092646,869.4384097154905,7182.0547,4.8374915,1748.008,1.6443905,7934.6255,5.457249,0,,,,,1436.0748421092646,0.0004851147,869.4384097154905,0.0005068064,0.0056629055,-0.00041954493
2388.108302713504,7927.3315,5.4544473,0.0005326436,167133,1436.0733067612382,869.436149620714,7170.0073,4.835007,1745.7323,1.6448708,7927.3315,5.4544473,0,,,,,1436.0733067612382,0.00048590443,869.436149620714,0.0005086704,0.003614632,-0.0010970696
2388.1152470334823,7922.374,5.4546227,0.0005325223,167134,1436.0739336458062,869.4390230895249,7176.5493,4.8351626,1743.4926,1.6428323,7922.374,5.4546227,0,,,,,1436.0739336458062,0.00048561514,869.4390230895249,0.0005056709,0.004940903,0.00021599852
2388.1221913534605,7928.852,5.4566994,0.00053240097,167135,1436.0758813515347,869.436359373589,7183.533,4.837003,1742.661,1.6430612,7928.852,5.4566994,0,,,,,1436.0758813515347,0.00048544392,869.436359373589,0.0005051216,0.006145043,-0.002710749
2388.1291356733796,7930.702,5.4562635,0.0005322796,167136,1436.0733436327341,869.4387042118457,7179.687,4.8366175,1743.9652,1.6430244,7930.702,5.4562635,0,,,,,1436.0733436327341,0.00048495724,869.4387042118457,0.0005068057,0.0035788415,0.0014426961
2388.136079993299,7929.71,5.4516425,0.00053215824,167137,1436.0739668491835,869.4377028260744,7171.114,4.832521,1742.1724,1.6416367,7929.71,5.4516425,0,,,,,1436.0739668491835,0.00048538775,869.4377028260744,0.00050820125,0.006443065,-0.00050523056
2388.143024313219,7927.064,5.4524546,0.0005320369,167138,1436.0735446224749,869.4376172518245,7168.749,4.833241,1745.1161,1.6432129,7927.064,5.4524546,0,,,,,1436.0735446224749,0.00048592922,869.4376172518245,0.0005089902,0.004814984,-0.00051639276
2388.149968633138,7927.912,5.456651,0.0005319155,167139,1436.0744516105667,869.4368554957344,7177.747,4.8369613,1744.3977,1.6457059,7927.912,5.456651,0,,,,,1436.0744516105667,0.00048587957,869.4368554957344,0.0005063949,0.004752916,-0.00093258976
2388.156912952999,7922.0444,5.4569273,0.0005317941,167140,1436.0734065179058,869.4383597210252,7175.3247,4.837206,1748.166,1.6460416,7922.0444,5.4569273,0,,,,,1436.0734065179058,0.00048579462,869.4383597210252,0.00050645537,0.004916473,-0.00045283584
2388.163857272918,7927.4473,5.4578037,0.00053167273,167141,1436.0738881504249,869.4403206901613,7177.912,4.8379827,1751.1804,1.6454045,7927.4473,5.4578037,0,,,,,1436.0738881504249,0.00048567718,869.4403206901613,0.0005063562,0.004842705,0.0018800865
2388.1708015927798,7926.7163,5.459391,0.0005315513,167142,1436.074459739936,869.4348815246439,7174.0205,4.83939,1756.6006,1.6480017,7926.7163,5.459391,0,,,,,1436.074459739936,0.00048618967,869.4348815246439,0.000508184,0.005549917,-0.0042441282
2388.1777459125833,7927.6533,5.461535,0.00053142983,167143,1436.0738148511518,869.4382081794096,7176.3633,4.84129,1760.2804,1.6501042,7927.6533,5.461535,0,,,,,1436.0738148511518,0.00048620757,869.4382081794096,0.00050763367,0.004865978,0.00058369536
2388.184690232445,7924.1826,5.462506,0.0005313084,167144,1436.0733834863638,869.4376936586395,7169.5234,4.8421507,1765.044,1.6505798,7924.1826,5.462506,0,,,,,1436.0733834863638,0.00048644716,869.4376936586395,0.00050920236,0.005298395,-0.00054634793
2388.191634552248,7927.409,5.4626985,0.00053118693,167145,1436.0732924899114,869.4379211949403,7169.542,4.8423214,1767.558,1.6529201,7927.409,5.4626985,0,,,,,1436.0732924899114,0.00048689256,869.4379211949403,0.0005096088,0.0040922295,0.00043912343
2388.198578872051,7928.164,5.468476,0.00053106545,167146,1436.0736191165101,869.4383387974849,7177.956,4.8474426,1775.2213,1.6550121,7928.164,5.468476,0,,,,,1436.0736191165101,0.0004866398,869.4383387974849,0.0005078,0.0053388523,-0.0009633086
2388.205523191854,7924.8794,5.4711566,0.000530944,167147,1436.0732613190994,869.4379687629959,7177.5913,4.849819,1781.7456,1.657614,7924.8794,5.4711566,0,,,,,1436.0732613190994,0.00048730068,869.4379687629959,0.0005079221,0.003835588,-0.0007203733
2388.2124675116575,7934.04,5.474759,0.0005308225,167148,1436.0740923087158,869.4384925386532,7183.408,4.853012,1788.3002,1.6596963,7934.04,5.474759,0,,,,,1436.0740923087158,0.00048698776,869.4384925386532,0.00050819083,0.0055007054,0.00025194493
2388.219411831403,7928.4287,5.4746304,0.00053070096,167149,1436.073713708551,869.4376305739414,7172.343,4.8528986,1794.237,1.6625546,7928.4287,5.4746304,0,,,,,1436.073713708551,0.00048774408,869.4376305739414,0.0005104763,0.005546186,-0.0007973406
2388.2263561511472,7924.986,5.4753494,0.0005305794,167150,1436.0734643976139,869.4393864013016,7170.5044,4.8535357,1798.8053,1.663588,7924.986,5.4753494,0,,,,,1436.0734643976139,0.00048820057,869.4393864013016,0.00051060354,0.0043895314,0.0013094611
2388.233300470891,7930.118,5.4809313,0.0005304579,167151,1436.0739553098565,869.437300697941,7180.7314,4.858484,1804.4993,1.6659323,7930.118,5.4809313,0,,,,,1436.0739553098565,0.00048781928,869.437300697941,0.0005092291,0.004235948,-0.0016941206
2388.240244790636,7933.5186,5.4835033,0.00053033634,167152,1436.073694134993,869.4382877583998,7183.041,4.860763,1810.3615,1.6678349,7933.5186,5.4835033,0,,,,,1436.073694134993,0.0004881978,869.4382877583998,0.000509318,0.005377099,-0.00023446298
2388.2471891103232,7923.546,5.4853363,0.00053021475,167153,1436.072911596917,869.440291509633,7174.5913,4.862388,1818.5205,1.6707582,7923.546,5.4853363,0,,,,,1436.072911596917,0.0004885943,869.440291509633,0.0005102659,0.0045893025,0.0015922664
2388.2541334300104,7924.085,5.488218,0.00053009315,167154,1436.0733823482876,869.4376206749182,7172.648,4.8649426,1826.6859,1.6762719,7924.085,5.488218,0,,,,,1436.0733823482876,0.0004892006,869.4376206749182,0.0005112955,0.0054919966,-0.0011971268
2388.261077749697,7937.434,5.493022,0.00052997156,167155,1436.0729458482049,869.4401183248148,7185.134,4.8692007,1832.1112,1.6770003,7937.434,5.493022,0,,,,,1436.0729458482049,0.0004886408,869.4401183248148,0.0005106716,0.0043647024,0.0022414024
2388.2680220693833,7919.8394,5.493951,0.00052984996,167156,1436.073343079108,869.4369101610996,7167.736,4.870024,1839.4069,1.6802101,7919.8394,5.493951,0,,,,,1436.073343079108,0.0004901704,869.4369101610996,0.00051252614,0.004319232,-0.0017265227
2388.274966389012,7926.492,5.4968734,0.0005297283,167157,1436.0733816428683,869.4386145994995,7180.304,4.8726153,1845.3445,1.6808585,7926.492,5.4968734,0,,,,,1436.0733816428683,0.0004894401,869.4386145994995,0.00051055785,0.0043240897,-0.00061065855
2388.2819107086993,7916.689,5.4977036,0.0005296067,167158,1436.0735161771718,869.4391955301295,7167.5312,4.873351,1850.4744,1.6849912,7916.689,5.4977036,0,,,,,1436.0735161771718,0.0004907127,869.4391955301295,0.0005126267,0.0039870045,5.165734e-05
2388.288855028328,7928.799,5.502843,0.00052948506,167159,1436.0737221426914,869.4393681558753,7179.3706,4.877907,1859.678,1.6860629,7928.799,5.502843,0,,,,,1436.0737221426914,0.00049046194,869.4393681558753,0.00051179493,0.005245018,0.00020799343
2388.2957993479567,7928.202,5.5045786,0.0005293634,167160,1436.072864838578,869.4394949209749,7181.6187,4.879445,1861.4114,1.6880401,7928.202,5.5045786,0,,,,,1436.072864838578,0.0004907067,869.4394949209749,0.0005112802,0.0039851563,0.00014033061
2388.3027436675256,7925.3145,5.5040402,0.0005292417,167161,1436.0741358460969,869.4350712225022,7174.0845,4.8789687,1865.967,1.6885322,7925.3145,5.5040402,0,,,,,1436.0741358460969,0.00049106276,869.4350712225022,0.00051315856,0.005160773,-0.002927486
2388.3096879871537,7930.3193,5.5091753,0.00052912004,167162,1436.0725942240722,869.4365542479114,7177.6133,4.8835206,1872.3256,1.6914979,7930.3193,5.5091753,0,,,,,1436.0725942240722,0.0004913257,869.4365542479114,0.0005135964,0.0036729875,-0.0023063386
2388.3166323067244,7930.954,5.5133657,0.0005289983,167163,1436.0728097241365,869.4378083308324,7183.2593,4.8872347,1880.4219,1.6941254,7930.954,5.5133657,0,,,,,1436.0728097241365,0.00049094926,869.4378083308324,0.0005124764,0.0039787767,-0.00068250496
2388.323576626295,7918.9897,5.510377,0.0005288766,167164,1436.074225562395,869.4377179032119,7170.5205,4.884585,1883.1174,1.6954767,7918.9897,5.510377,0,,,,,1436.074225562395,0.0004917118,869.4377179032119,0.00051341695,0.0052763005,-0.0009664802
2388.3305209458076,7918.969,5.513088,0.00052875484,167165,1436.07333690946,869.4385959596318,7172.4985,4.886989,1885.786,1.6966763,7918.969,5.513088,0,,,,,1436.07333690946,0.000491592,869.4385959596318,0.0005131276,0.004496987,0.00090311
2388.3374652653783,7928.3945,5.5137057,0.0005286331,167166,1436.0735661277272,869.4398680740956,7178.788,4.887536,1887.4259,1.6965754,7928.3945,5.5137057,0,,,,,1436.0735661277272,0.0004913322,869.4398680740956,0.000513429,0.004846447,0.000604913
2388.3444095848904,7928.8853,5.51386,0.00052851136,167167,1436.0723498389057,869.4387435495203,7177.33,4.887673,1888.2626,1.6968387,7928.8853,5.51386,0,,,,,1436.0723498389057,0.00049165625,869.4387435495203,0.00051416626,0.0039584907,0.00033359678
2388.351353904402,7937.0576,5.518376,0.0005283896,167168,1436.074351990923,869.4370956474388,7185.8145,4.891676,1890.8098,1.6995137,7937.0576,5.518376,0,,,,,1436.074351990923,0.0004918515,869.4370956474388,0.00051319937,0.005995155,-0.0018307845
2388.358298223914,7927.928,5.515272,0.0005282678,167169,1436.07229090108,869.4395804255789,7176.4067,4.8889246,1893.5161,1.6982561,7927.928,5.515272,0,,,,,1436.07229090108,0.0004920586,869.4395804255789,0.00051401387,0.0029783738,0.0018499574
2388.3652425434266,7936.733,5.5203815,0.00052814605,167170,1436.0733251546721,869.4398372056254,7186.4517,4.8934536,1893.9196,1.7001143,7936.733,5.5203815,0,,,,,1436.0733251546721,0.0004918126,869.4398372056254,0.0005136368,0.0048150173,0.0008035911
2388.372186862881,7926.966,5.5183406,0.0005280242,167171,1436.072590586325,869.434938412921,7176.317,4.8916445,1898.0428,1.7003559,7926.966,5.5183406,0,,,,,1436.072590586325,0.0004918541,869.434938412921,0.0005144035,0.0045515303,-0.004581368
2388.3791311823343,7921.6636,5.516642,0.0005279024,167172,1436.0727802268334,869.4402082909098,7175.5376,4.8901386,1896.7543,1.7003224,7921.6636,5.516642,0,,,,,1436.0727802268334,0.00049194077,869.4402082909098,0.0005132012,0.0045486367,0.0007793025
2388.386075501787,7931.747,5.519621,0.00052778056,167173,1436.0742517837089,869.4380205247322,7183.409,4.8927794,1896.212,1.7026589,7931.747,5.519621,0,,,,,1436.0742517837089,0.0004918523,869.4380205247322,0.0005130964,0.004976299,-0.00030875122
2388.393019821241,7922.9097,5.5161643,0.00052765873,167174,1436.0735015909015,869.4382298742921,7173.2646,4.889715,1896.9344,1.6998719,7922.9097,5.5161643,0,,,,,1436.0735015909015,0.00049191917,869.4382298742921,0.00051448157,0.0049338466,-0.0007730114
2388.3999641406954,7926.8564,5.5188746,0.0005275369,167175,1436.0736432923945,869.4367375239881,7179.449,4.8921185,1896.3641,1.7029567,7926.8564,5.5188746,0,,,,,1436.0736432923945,0.00049196626,869.4367375239881,0.000513232,0.00424433,-0.0030459817
2388.4069084600915,7931.7974,5.5199833,0.000527415,167176,1436.0736308307996,869.4390443582639,7184.741,4.8931007,1894.94,1.7003304,7931.7974,5.5199833,0,,,,,1436.0736308307996,0.0004916485,869.4390443582639,0.0005127593,0.004943706,1.0937864e-05
2388.413852779487,7921.361,5.5150228,0.00052729313,167177,1436.0739684428283,869.4395499022273,7174.3306,4.8887033,1892.4203,1.6993222,7921.361,5.5150228,0,,,,,1436.0739684428283,0.000492154,869.4395499022273,0.0005134282,0.0051378836,0.001184164
2388.4207970988823,7929.608,5.5163946,0.00052717124,167178,1436.0743192224775,869.4381024952944,7182.5205,4.8899193,1892.2657,1.6979502,7929.608,5.5163946,0,,,,,1436.0743192224775,0.00049173314,869.4381024952944,0.00051270943,0.005460818,-0.0008445935
2388.4277414182784,7926.73,5.516307,0.00052704936,167179,1436.073473950704,869.4401657503464,7176.3745,4.889842,1895.1799,1.6989963,7926.73,5.516307,0,,,,,1436.073473950704,0.000492033,869.4401657503464,0.0005137644,0.003556115,0.0007349971
2388.4346857376745,7924.0327,5.517232,0.00052692747,167180,1436.073741069223,869.4378469914133,7175.366,4.8906617,1895.133,1.7027103,7924.0327,5.517232,0,,,,,1436.073741069223,0.00049214304,869.4378469914133,0.00051364093,0.0046583517,-0.001275849
2388.441630057012,7928.3364,5.5160456,0.0005268055,167181,1436.0733844291276,869.4378493270425,7176.0425,4.8896103,1893.4026,1.6989346,7928.3364,5.5160456,0,,,,,1436.0733844291276,0.0004918448,869.4378493270425,0.0005144121,0.004579158,-0.0011495878
2388.44857437635,7920.1514,5.51561,0.0005266836,167182,1436.0724445945864,869.4375623119594,7173.747,4.889224,1894.5807,1.6997998,7920.1514,5.51561,0,,,,,1436.0724445945864,0.0004918409,869.4375623119594,0.0005134323,0.0038528217,-0.0017238696
2388.455518695686,7942.478,5.517049,0.00052656163,167183,1436.0747240174505,869.4398245328229,7187.467,4.8904996,1888.6597,1.6984432,7942.478,5.517049,0,,,,,1436.0747240174505,0.000491339,869.4398245328229,0.0005137218,0.0053816247,0.0032495006
2388.462463015023,7933.723,5.517913,0.0005264397,167184,1436.074112654662,869.4372262290435,7187.3506,4.8912654,1890.124,1.6976432,7933.723,5.517913,0,,,,,1436.074112654662,0.0004911332,869.4372262290435,0.00051248603,0.0054912576,-0.0022545203
2388.4694073343608,7933.2246,5.5180445,0.00052631774,167185,1436.0749493591843,869.4382356385667,7180.2744,4.891382,1888.2305,1.7017945,7933.2246,5.5180445,0,,,,,1436.0749493591843,0.000492172,869.4382356385667,0.000514219,0.0050945086,0.0007457983
2388.4763516536404,7909.9297,5.5113335,0.00052619574,167186,1436.07243720089,869.438986464708,7161.3535,4.885433,1893.5353,1.6983618,7909.9297,5.5113335,0,,,,,1436.07243720089,0.0004923962,869.438986464708,0.0005147354,0.003783695,-0.0007454735
2388.4832959729783,7925.1455,5.517187,0.0005260738,167187,1436.0735138664984,869.438037009177,7178.5215,4.890622,1889.3229,1.7007865,7925.1455,5.517187,0,,,,,1436.0735138664984,0.00049171934,869.438037009177,0.0005129136,0.0053918296,-0.002247558
2388.490240292257,7923.4985,5.514458,0.0005259518,167188,1436.0744068950073,869.4401751473034,7175.8477,4.888203,1889.3783,1.6978903,7923.4985,5.514458,0,,,,,1436.0744068950073,0.00049168145,869.4401751473034,0.0005131592,0.0054512667,0.0014071945
2388.497184611537,7931.66,5.516814,0.0005258298,167189,1436.0734410337905,869.4393475477785,7183.89,4.890291,1888.6814,1.7007581,7931.66,5.516814,0,,,,,1436.0734410337905,0.00049116847,869.4393475477785,0.0005123691,0.0047967993,-0.00011384793
2388.504128930758,7928.015,5.5146165,0.0005257077,167190,1436.0726633518607,869.4378639308926,7178.6294,4.8883433,1887.4495,1.6983516,7928.015,5.5146165,0,,,,,1436.0726633518607,0.00049176614,869.4378639308926,0.00051294663,0.0033779421,-0.0013938363
2388.511073250037,7924.144,5.5127616,0.0005255857,167191,1436.0738967800853,869.4415183960477,7175.3413,4.886699,1887.6082,1.6964822,7924.144,5.5127616,0,,,,,1436.0738967800853,0.0004916433,869.4415183960477,0.0005134335,0.00511597,0.0017460395
2388.5180175692585,7931.1523,5.5179787,0.00052546366,167192,1436.073493381782,869.4365694539654,7182.6147,4.891324,1887.7682,1.6973932,7931.1523,5.5179787,0,,,,,1436.073493381782,0.0004915432,869.4365694539654,0.00051355606,0.003892655,-0.0031460153
2388.524961888479,7926.13,5.515454,0.0005253416,167193,1436.0727439240875,869.4385392682045,7179.338,4.889086,1890.2338,1.6978005,7926.13,5.515454,0,,,,,1436.0727439240875,0.0004917151,869.4385392682045,0.00051294226,0.0049752276,-0.0007578622
2388.5319062077006,7928.822,5.518953,0.00052521954,167194,1436.0729983176443,869.4402924522733,7181.4897,4.892187,1896.2299,1.7003965,7928.822,5.518953,0,,,,,1436.0729983176443,0.0004916804,869.4402924522733,0.00051334925,0.004924361,0.0017514881
2388.538850526921,7921.9263,5.5208335,0.0005250975,167195,1436.0734091884776,869.4385293961063,7176.091,4.893854,1901.9559,1.7033899,7921.9263,5.5208335,0,,,,,1436.0734091884776,0.0004924393,869.4385293961063,0.0005138205,0.0053817644,-0.0010892556
2388.5457948461417,7930.606,5.5210886,0.0005249754,167196,1436.073400491567,869.4370878866321,7183.73,4.89408,1902.5039,1.7015978,7930.606,5.5210886,0,,,,,1436.073400491567,0.0004918077,869.4370878866321,0.00051311194,0.0040808027,-0.0019001637
2388.552739165305,7936.2188,5.521351,0.0005248533,167197,1436.072020203429,869.4367657624832,7184.8037,4.8943124,1903.7432,1.70234,7936.2188,5.521351,0,,,,,1436.072020203429,0.0004920016,869.4367657624832,0.00051387656,0.0038899262,-0.00086326373
2388.5596834844673,7921.28,5.524369,0.0005247312,167198,1436.0736044885762,869.4381480367231,7176.782,4.896988,1911.1844,1.705588,7921.28,5.524369,0,,,,,1436.0736044885762,0.00049284904,869.4381480367231,0.0005139877,0.0049531506,-0.0009958931
2388.5666278036306,7932.5317,5.527139,0.00052460906,167199,1436.0725420967879,869.4375219358901,7186.3013,4.899444,1916.3829,1.707823,7932.5317,5.527139,0,,,,,1436.0725420967879,0.0004920572,869.4375219358901,0.0005139259,0.0041753524,-0.0006439834
2388.5735721227934,7926.3926,5.52808,0.00052448694,167200,1436.0739789566271,869.4396439106721,7179.855,4.900278,1923.4979,1.7087405,7926.3926,5.52808,0,,,,,1436.0739789566271,0.0004932645,869.4396439106721,0.0005141108,0.0040474366,0.0011210312
2388.5805164419567,7920.072,5.530617,0.0005243648,167201,1436.0738385950372,869.4382017962452,7171.179,4.9025273,1933.8141,1.7133071,7920.072,5.530617,0,,,,,1436.0738385950372,0.0004938305,869.4382017962452,0.0005160209,0.005053656,-0.0005581415
2388.58746076112,7925.578,5.535257,0.0005242427,167202,1436.0733537598164,869.4392747930247,7178.6084,4.906639,1938.732,1.7161503,7925.578,5.535257,0,,,,,1436.0733537598164,0.00049411814,869.4392747930247,0.0005152599,0.004799914,0.0014012995
2388.594405080224,7928.9897,5.5389185,0.0005241205,167203,1436.073554666946,869.4381057781651,7182.7944,4.9098854,1947.122,1.7184641,7928.9897,5.5389185,0,,,,,1436.073554666946,0.0004938032,869.4381057781651,0.0005153287,0.005295126,-0.001396958
2388.6013493993287,7931.885,5.5445814,0.00052399834,167204,1436.0733634674343,869.4375747237352,7182.855,4.914905,1960.397,1.7233249,7931.885,5.5445814,0,,,,,1436.0733634674343,0.00049462187,869.4375747237352,0.0005166308,0.003965991,0.0002585017
2388.608293718492,7924.064,5.545892,0.0005238762,167205,1436.0733030752683,869.439166461496,7177.8535,4.916067,1969.3367,1.7261803,7924.064,5.545892,0,,,,,1436.0733030752683,0.0004952655,869.439166461496,0.00051659794,0.004596731,-0.0009840744
2388.615238037596,7937.2017,5.553739,0.00052375405,167206,1436.0729459482604,869.4388416056535,7190.5903,4.9230227,1980.278,1.729468,7937.2017,5.553739,0,,,,,1436.0729459482604,0.0004950624,869.4388416056535,0.0005165648,0.004641625,-2.8658415e-05
2388.622182356642,7924.373,5.55592,0.0005236318,167207,1436.0731593427442,869.4383661492458,7174.1733,4.9249563,1994.4861,1.7363726,7924.373,5.55592,0,,,,,1436.0731593427442,0.00049611327,869.4383661492458,0.0005190168,0.0053916,-0.00037573196
2388.629126675746,7924.9824,5.562098,0.00052350963,167208,1436.073895723016,869.4380350187895,7178.5547,4.9304323,2009.8082,1.7402562,7924.9824,5.562098,0,,,,,1436.073895723016,0.0004967241,869.4380350187895,0.0005183274,0.0055801496,-0.00060598453
2388.6360709948513,7940.453,5.5704956,0.00052338745,167209,1436.0726075867917,869.4410158743285,7192.0737,4.9378767,2021.8131,1.7444571,7940.453,5.5704956,0,,,,,1436.0726075867917,0.00049663853,869.4410158743285,0.0005184627,0.0043419963,0.0011780385
2388.643015313898,7925.96,5.5751314,0.0005232652,167210,1436.0734697709247,869.4364394160556,7177.946,4.9419856,2036.0271,1.7503468,7925.96,5.5751314,0,,,,,1436.0734697709247,0.00049789937,869.4364394160556,0.00052068563,0.004930071,-0.003235017
2388.649959632945,7930.791,5.5820675,0.000523143,167211,1436.072728361089,869.438784942462,7182.752,4.948134,2049.545,1.7575549,7930.791,5.5820675,0,,,,,1436.072728361089,0.0004985024,869.438784942462,0.0005209423,0.004731986,-0.00056938495
2388.6569039519914,7942.424,5.591153,0.00052302075,167212,1436.073266761182,869.4386026333034,7193.7026,4.956188,2064.8518,1.7614905,7942.424,5.591153,0,,,,,1436.073266761182,0.000498518,869.4386026333034,0.0005207658,0.0051781293,-0.00060894655
2388.6638482710373,7923.9873,5.593421,0.0005228985,167213,1436.073780735052,869.4391284770275,7177.8706,4.958198,2083.2197,1.7671566,7923.9873,5.593421,0,,,,,1436.073780735052,0.00050005864,869.4391284770275,0.0005219893,0.004558892,0.0005838776
2388.6707925900837,7929.709,5.598871,0.0005227763,167214,1436.0735782701015,869.4383838876294,7182.383,4.9630294,2096.2166,1.7725654,7929.709,5.598871,0,,,,,1436.0735782701015,0.0005002704,869.4383838876294,0.0005225906,0.004172014,1.4197969e-05
2388.6777369091305,7919.262,5.604222,0.00052265404,167215,1436.0740632195325,869.4387247717988,7173.6553,4.9677725,2113.5967,1.7772975,7919.262,5.604222,0,,,,,1436.0740632195325,0.0005016315,869.4387247717988,0.00052387646,0.0064117904,-0.0012535447
2388.684681228119,7926.4194,5.610989,0.00052253174,167216,1436.0718716800232,869.4391157009052,7177.487,4.973771,2131.359,1.7829782,7926.4194,5.610989,0,,,,,1436.0718716800232,0.0005018854,869.4391157009052,0.00052517204,0.0026230703,0.00013380496
2388.691625547165,7925.174,5.618401,0.0005224095,167217,1436.0738487434355,869.4374426007073,7178.5264,4.980342,2148.068,1.7897127,7925.174,5.618401,0,,,,,1436.0738487434355,0.0005021435,869.4374426007073,0.00052509585,0.004929698,-0.0017272313
2388.6985698661524,7930.001,5.6261816,0.0005222872,167218,1436.073421910219,869.4396729393599,7183.7,4.9872384,2164.2344,1.7952954,7930.001,5.6261816,0,,,,,1436.073421910219,0.0005030589,869.4396729393599,0.0005255112,0.0046306695,0.00071965315
2388.7055141851406,7940.532,5.636948,0.0005221649,167219,1436.0734224322384,869.4385383444137,7193.214,4.9967823,2183.9426,1.8029042,7940.532,5.636948,0,,,,,1436.0734224322384,0.000503501,869.4385383444137,0.0005263306,0.0035211393,-6.0299382e-05
2388.7124585041292,7931.1953,5.639219,0.0005220426,167220,1436.074076954412,869.4384759696741,7183.059,4.998795,2199.1462,1.8064765,7931.1953,5.639219,0,,,,,1436.074076954412,0.0005047539,869.4384759696741,0.0005274519,0.00523712,-0.0003798458
2388.719402823118,7927.9805,5.6472588,0.00052192033,167221,1436.0732764281672,869.4393051981724,7182.2646,5.0059223,2217.9915,1.8137159,7927.9805,5.6472588,0,,,,,1436.0732764281672,0.0005052633,869.4393051981724,0.0005281926,0.005180781,-0.00020142633
2388.726347142106,7931.933,5.655347,0.00052179804,167222,1436.0729648278411,869.436589597379,7182.598,5.0130916,2237.847,1.822316,7931.933,5.655347,0,,,,,1436.0729648278411,0.00050582783,869.436589597379,0.0005297661,0.0034805732,-0.00094934605
2388.7332914610943,7929.996,5.663217,0.00052167574,167223,1436.073659803273,869.4390351084953,7182.1553,5.0200677,2260.0024,1.8275644,7929.996,5.663217,0,,,,,1436.073659803273,0.00050710276,869.4390351084953,0.0005304605,0.0054094973,-9.468691e-06
2388.740235780083,7933.7295,5.669332,0.00052155345,167224,1436.0728025656892,869.4370409441289,7181.574,5.0254884,2276.6611,1.8333535,7933.7295,5.669332,0,,,,,1436.0728025656892,0.00050754874,869.4370409441289,0.0005325099,0.0052802847,-0.0016490712
2388.747180099013,7922.6,5.675551,0.0005214311,167225,1436.072621138774,869.4381408730655,7178.1597,5.031001,2294.2725,1.8390028,7922.6,5.675551,0,,,,,1436.072621138774,0.00050828856,869.4381408730655,0.0005315392,0.004416218,-0.0008193415
2388.754124418001,7924.3325,5.684722,0.0005213088,167226,1436.0741848997513,869.440803394223,7178.079,5.0391307,2313.6614,1.8461032,7924.3325,5.684722,0,,,,,1436.0741848997513,0.0005096316,869.440803394223,0.00053279736,0.005461895,0.0018458947
2388.7610687369315,7930.4746,5.6913733,0.00052118645,167227,1436.0725935864882,869.4385411512628,7181.477,5.0450263,2331.0054,1.8517582,7930.4746,5.6913733,0,,,,,1436.0725935864882,0.00051021605,869.4385411512628,0.0005340125,0.0046962714,-0.0003513419
2388.76801305586,7929.371,5.6975307,0.0005210641,167228,1436.073562352594,869.4396031365611,7182.657,5.0504847,2345.9163,1.8570058,7929.371,5.6975307,0,,,,,1436.073562352594,0.0005105109,869.4396031365611,0.00053399487,0.0046553677,0.00026039957
2388.7749573747897,7923.915,5.702756,0.00052094174,167229,1436.0729958121879,869.4403454669011,7178.4766,5.0551167,2360.676,1.8623912,7923.915,5.702756,0,,,,,1436.0729958121879,0.00051138323,869.4403454669011,0.00053476053,0.0039025794,0.00049049564
2388.78190169372,7923.2866,5.7102985,0.0005208194,167230,1436.0736377053436,869.4374289480592,7178.5444,5.061803,2377.3638,1.868121,7923.2866,5.7102985,0,,,,,1436.0736377053436,0.0005117155,869.4374289480592,0.0005356498,0.005482724,-0.0019174018
2388.7888460126505,7931.746,5.716554,0.00052069704,167231,1436.0738559020617,869.4379011966239,7184.676,5.067348,2392.0007,1.8718119,7931.746,5.716554,0,,,,,1436.0738559020617,0.00051253237,869.4379011966239,0.0005362793,0.0042922376,-0.0010447978
2388.795790331581,7931.9917,5.720329,0.0005205747,167232,1436.0730689497718,869.4397432381821,7185.869,5.070694,2403.586,1.8757924,7931.9917,5.720329,0,,,,,1436.0730689497718,0.00051227404,869.4397432381821,0.00053650537,0.004625284,-0.00016175525
2388.8027346505105,7926.0894,5.7258725,0.00052045233,167233,1436.0738737683978,869.437013708314,7179.638,5.075608,2420.0295,1.8806274,7926.0894,5.7258725,0,,,,,1436.0738737683978,0.0005139245,869.437013708314,0.0005378103,0.005026801,-0.0025186709
2388.8096789693827,7923.093,5.729967,0.0005203299,167234,1436.073513818707,869.4385671014442,7177.297,5.0792375,2431.3494,1.8850992,7923.093,5.729967,0,,,,,1436.073513818707,0.00051423104,869.4385671014442,0.00053813343,0.004640338,-0.00020300044
2388.8166232883127,7930.6426,5.7334986,0.00052020757,167235,1436.0740382321114,869.4380371034362,7185.168,5.0823684,2436.6843,1.886788,7930.6426,5.7334986,0,,,,,1436.0740382321114,0.0005141598,869.4380371034362,0.00053785276,0.0048527056,-0.0006891325
2388.8235676072427,7927.3916,5.7356243,0.0005200852,167236,1436.0748737946196,869.4400591837176,7180.466,5.0842524,2444.8242,1.8894562,7927.3916,5.7356243,0,,,,,1436.0748737946196,0.00051454495,869.4400591837176,0.0005388247,0.0055269888,0.0006199984
2388.830511926115,7932.2285,5.73966,0.0005199628,167237,1436.0739005473629,869.4382926851564,7183.5957,5.0878296,2453.4165,1.8921553,7932.2285,5.73966,0,,,,,1436.0739005473629,0.00051508035,869.4382926851564,0.0005393322,0.0051817093,-0.000489757
2388.8374562449862,7929.693,5.7408147,0.0005198404,167238,1436.072803517752,869.439131153352,7183.578,5.088853,2458.9297,1.893444,7929.693,5.7408147,0,,,,,1436.072803517752,0.00051481306,869.439131153352,0.0005390466,0.0042942995,-0.00034437655
2388.844400563916,7923.1084,5.7397532,0.00051971804,167239,1436.0723345495353,869.44032532863,7177.5205,5.087912,2460.5771,1.8937523,7923.1084,5.7397532,0,,,,,1436.0723345495353,0.00051509775,869.44032532863,0.0005391857,0.003934581,0.0011042486
2388.8513448827875,7924.812,5.7414713,0.00051959563,167240,1436.0725013153274,869.4394066565677,7178.823,5.089435,2463.7966,1.8947616,7924.812,5.7414713,0,,,,,1436.0725013153274,0.0005152511,869.4394066565677,0.00053916534,0.004094166,-0.0005797349
2388.8582892016593,7920.225,5.743258,0.0005194732,167241,1436.072927560122,869.4406534814208,7175.1616,5.091019,2467.987,1.8965145,7920.225,5.743258,0,,,,,1436.072927560122,0.00051576376,869.4406534814208,0.00053969095,0.004073873,0.0018512928
2388.8652335205315,7925.788,5.7424836,0.0005193508,167242,1436.073106011556,869.4397314998527,7179.8574,5.0903325,2462.8987,1.8956817,7925.788,5.7424836,0,,,,,1436.073106011556,0.0005153425,869.4397314998527,0.00053945766,0.0048704683,-0.0005793017
2388.872177839461,7931.065,5.742705,0.00051922846,167243,1436.0728345542932,869.4400666482348,7185.3115,5.090529,2462.4695,1.894707,7931.065,5.742705,0,,,,,1436.0728345542932,0.0005151976,869.4400666482348,0.00053875224,0.0037250635,0.0008166717
2388.8791221583333,7931.241,5.742095,0.00051910605,167244,1436.0727836769092,869.4374861815195,7184.8066,5.0899878,2458.9678,1.8946306,7931.241,5.742095,0,,,,,1436.0727836769092,0.0005152808,869.4374861815195,0.00053908164,0.0042668246,-0.0014394838
2388.8860664772055,7923.54,5.7400036,0.00051898364,167245,1436.0736791387367,869.4370010033928,7179.1914,5.0881343,2455.0947,1.8932258,7923.54,5.7400036,0,,,,,1436.0736791387367,0.000515203,869.4370010033928,0.0005391441,0.0050293556,-0.0018452565
2388.8930107960778,7925.1265,5.738583,0.0005188612,167246,1436.0733632191884,869.441773837461,7178.7656,5.086875,2454.8267,1.8923389,7925.1265,5.738583,0,,,,,1436.0733632191884,0.00051505875,869.441773837461,0.000538866,0.004994905,0.0026883218
2388.8999551149495,7924.6533,5.7350745,0.0005187388,167247,1436.0730917802102,869.4374322090783,7176.412,5.0837646,2447.9578,1.889624,7924.6533,5.7350745,0,,,,,1436.0730917802102,0.00051508204,869.4374322090783,0.0005396438,0.0041630133,-0.0015733921
2388.906899433821,7929.023,5.7363553,0.0005186164,167248,1436.0729208885218,869.4380826265702,7183.037,5.0849,2443.099,1.8897469,7929.023,5.7363553,0,,,,,1436.0729208885218,0.0005143879,869.4380826265702,0.0005385086,0.004571869,-0.0013587074
2388.9138437526926,7922.79,5.733316,0.000518494,167249,1436.0735684846975,869.4391925401218,7176.9585,5.082206,2441.771,1.8875269,7922.79,5.733316,0,,,,,1436.0735684846975,0.0005147667,869.4391925401218,0.00053875876,0.0041921637,0.0006069479
2388.920788071564,7917.8525,5.7291045,0.0005183716,167250,1436.0737716917265,869.4383624935906,7171.5923,5.0784726,2434.1738,1.885031,7917.8525,5.7291045,0,,,,,1436.0737716917265,0.0005147643,869.4383624935906,0.00053881475,0.0052853543,-0.0006448989
2388.9277323904353,7920.5513,5.7279625,0.0005182492,167251,1436.0731799931345,869.4397834120637,7174.275,5.0774603,2431.4421,1.8843188,7920.5513,5.7279625,0,,,,,1436.0731799931345,0.000514159,869.4397834120637,0.00053827604,0.004317436,0.0004013471
2388.9346767093075,7929.0337,5.729374,0.00051812676,167252,1436.073526987978,869.4394449061829,7181.938,5.078711,2427.5203,1.8846518,7929.0337,5.729374,0,,,,,1436.073526987978,0.0005139149,869.4394449061829,0.0005379065,0.004831576,-0.00053486787
2388.9416210281206,7922.9004,5.7267237,0.0005180043,167253,1436.071628330384,869.4401343467679,7177.0967,5.076362,2424.8118,1.8819294,7922.9004,5.7267237,0,,,,,1436.071628330384,0.0005137175,869.4401343467679,0.0005381417,0.0036989765,0.0005649572
2388.948565346993,7931.1807,5.731376,0.0005178819,167254,1436.0729632277923,869.440229819501,7183.757,5.080487,2427.7625,1.8841226,7931.1807,5.731376,0,,,,,1436.0729632277923,0.0005138973,869.440229819501,0.00053834857,0.005349767,-0.00023665528
2388.955509665865,7927.667,5.7282405,0.0005177595,167255,1436.07193716849,869.4406235079884,7181.958,5.077707,2424.5674,1.8825139,7927.667,5.7282405,0,,,,,1436.07193716849,0.0005137189,869.4406235079884,0.0005375545,0.0036358996,0.000510734
2388.9624539847364,7920.125,5.7271085,0.00051763706,167256,1436.0737390193874,869.438516875528,7175.338,5.0767035,2429.119,1.8831486,7920.125,5.7271085,0,,,,,1436.0737390193874,0.0005142701,869.438516875528,0.0005378891,0.0052777454,-0.00070179126
2388.9693983036086,7924.2134,5.727231,0.00051751465,167257,1436.0716904923709,869.4392417573744,7176.6714,5.076812,2427.2075,1.8829849,7924.2134,5.727231,0,,,,,1436.0716904923709,0.00051382196,869.4392417573744,0.00053836004,0.003993267,0.0003242322
2388.9763426224804,7928.35,5.729053,0.00051739224,167258,1436.0726969042526,869.4389952106201,7181.2983,5.0784273,2428.4995,1.8844104,7928.35,5.729053,0,,,,,1436.0726969042526,0.0005136893,869.4389952106201,0.0005380776,0.0043160925,5.0337905e-05
2388.983286941352,7927.3516,5.729479,0.00051726983,167259,1436.0732508826902,869.4388697878871,7181.643,5.0788045,2430.6477,1.8841614,7927.3516,5.729479,0,,,,,1436.0732508826902,0.00051386753,869.4388697878871,0.00053776935,0.004219147,0.00015820895
2388.9902312602244,7928.9043,5.7347054,0.0005171474,167260,1436.0726879196172,869.4392168594983,7182.7754,5.083438,2433.665,1.8858825,7928.9043,5.7347054,0,,,,,1436.0726879196172,0.0005143146,869.4392168594983,0.0005387736,0.0044681854,-0.00028634237
2388.9971755790957,7916.679,5.7323117,0.000517025,167261,1436.0729838530372,869.440104328369,7171.8115,5.081316,2442.3616,1.8896655,7916.679,5.7323117,0,,,,,1436.0729838530372,0.00051499764,869.440104328369,0.0005387598,0.0046238983,0.00024989925
2389.004119897967,7932.2173,5.735998,0.0005169026,167262,1436.0722601928687,869.4397732296254,7185.501,5.0845838,2443.9717,1.8892198,7932.2173,5.735998,0,,,,,1436.0722601928687,0.0005139798,869.4397732296254,0.00053839444,0.0036616204,7.8576486e-05
2389.011064216897,7923.481,5.7381988,0.00051678024,167263,1436.072534693096,869.4396455742809,7178.81,5.0865345,2449.9277,1.891086,7923.481,5.7381988,0,,,,,1436.072534693096,0.00051511,869.4396455742809,0.00053893955,0.0044936975,-0.0010816515
2389.018008535769,7918.1606,5.7366815,0.00051665783,167264,1436.0726362618527,869.4391530943058,7172.779,5.0851893,2456.6892,1.8917676,7918.1606,5.7366815,0,,,,,1436.0726362618527,0.0005152521,869.4391530943058,0.0005396439,0.004500721,0.000248621
2389.024952854641,7914.373,5.7405086,0.0005165354,167265,1436.0724396871924,869.4385796953951,7169.2393,5.0885816,2467.1562,1.8959355,7914.373,5.7405086,0,,,,,1436.0724396871924,0.00051561167,869.4385796953951,0.0005403154,0.004003764,-0.00039404933
2389.0318971735123,7927.058,5.744362,0.000516413,167266,1436.0726540148426,869.440852856355,7180.8286,5.091997,2469.8223,1.8969467,7927.058,5.744362,0,,,,,1436.0726540148426,0.0005154669,869.440852856355,0.0005396401,0.0038023754,0.00048973295
2389.0388414924428,7928.406,5.7473707,0.00051629066,167267,1436.073626218367,869.439298331092,7182.8755,5.0946646,2473.5632,1.8987248,7928.406,5.7473707,0,,,,,1436.073626218367,0.00051579514,869.439298331092,0.00053978694,0.0048734033,3.4058474e-05
2389.045785811315,7927.716,5.7467794,0.00051616825,167268,1436.0734442205924,869.4393616043983,7181.5747,5.0941405,2476.5354,1.8985795,7927.716,5.7467794,0,,,,,1436.0734442205924,0.00051579846,869.4393616043983,0.00053966575,0.0041681887,0.0005062288
2389.0527301302454,7918.848,5.750194,0.0005160459,167269,1436.0739020240314,869.4391410936169,7174.01,5.097167,2483.3462,1.9028805,7918.848,5.750194,0,,,,,1436.0739020240314,0.00051656034,869.4391410936169,0.00054080377,0.0046486454,-0.00076853693
2389.0596744491754,7917.7295,5.7485905,0.00051592354,167270,1436.0727434891253,869.438965978443,7172.273,5.095746,2487.9763,1.902952,7917.7295,5.7485905,0,,,,,1436.0727434891253,0.0005165293,869.438965978443,0.00054079504,0.004781278,-0.000937376
2389.0666187680467,7921.2676,5.751104,0.00051580113,167271,1436.0734855231196,869.4401175669091,7174.716,5.097974,2489.5022,1.9035609,7921.2676,5.751104,0,,,,,1436.0734855231196,0.0005165537,869.4401175669091,0.0005409961,0.004541142,-0.00019555574
2389.0735630869763,7932.4707,5.753826,0.0005156788,167272,1436.0725392136162,869.438593558484,7186.8804,5.100387,2489.647,1.9031324,7932.4707,5.753826,0,,,,,1436.0725392136162,0.00051604083,869.438593558484,0.0005399257,0.003990353,-0.00032444342
2389.080507405906,7930.473,5.755328,0.0005155564,167273,1436.0712964858183,869.4421456025102,7184.303,5.101718,2490.0781,1.9030385,7930.473,5.755328,0,,,,,1436.0712964858183,0.0005160666,869.4421456025102,0.0005410104,0.0037450457,0.0019189459
2389.087451724836,7916.2017,5.7504992,0.0005154341,167274,1436.0736105079545,869.437543951241,7172.182,5.097438,2492.4656,1.9035833,7916.2017,5.7504992,0,,,,,1436.0736105079545,0.00051678513,869.437543951241,0.0005407279,0.0043699117,-0.0021372866
2389.0943960438244,7928.8345,5.7519507,0.0005153118,167275,1436.073914429845,869.4409717102513,7182.602,5.0987244,2485.7852,1.9022999,7928.8345,5.7519507,0,,,,,1436.073914429845,0.0005158009,869.4409717102513,0.0005402837,0.0048214993,0.002193607
2389.1013403627544,7930.4307,5.7481756,0.00051518943,167276,1436.0728427617273,869.4384064101563,7182.872,5.095378,2480.4526,1.8998394,7930.4307,5.7481756,0,,,,,1436.0728427617273,0.0005156746,869.4384064101563,0.0005399563,0.0035234776,-0.0013885826
2389.1082846816844,7920.292,5.7436633,0.0005150671,167277,1436.072888969115,869.4397719810431,7175.1484,5.0913787,2471.5715,1.8978148,7920.292,5.7436633,0,,,,,1436.072888969115,0.00051588484,869.4397719810431,0.0005399321,0.0038204677,0.0006743918
2389.115229000673,7933.772,5.742612,0.0005149448,167278,1436.0727088908425,869.4396632605419,7187.07,5.090446,2464.6086,1.8942797,7933.772,5.742612,0,,,,,1436.0727088908425,0.000514856,869.4396632605419,0.0005389422,0.004470054,-0.00041191402
2389.1221733196617,7931.305,5.737237,0.0005148225,167279,1436.0720247354225,869.4392331351797,7184.048,5.0856814,2451.199,1.8903099,7931.305,5.737237,0,,,,,1436.0720247354225,0.00051455165,869.4392331351797,0.0005388842,0.0041426755,-0.00037132253
2389.12911763865,7921.595,5.7300596,0.0005147002,167280,1436.0741712638057,869.438925642575,7175.1772,5.0793195,2439.2664,1.8860239,7921.595,5.7300596,0,,,,,1436.0741712638057,0.0005140345,869.438925642575,0.00053842366,0.0053756232,-0.00028853407
2389.1360619576376,7916.2495,5.725787,0.0005145779,167281,1436.0724925528148,869.438043539973,7167.7676,5.075532,2428.4553,1.8834276,7916.2495,5.725787,0,,,,,1436.0724925528148,0.0005147496,869.438043539973,0.0005394778,0.0044273064,-0.0014255455
2389.1430062766262,7922.139,5.7208977,0.0005144556,167282,1436.0724913586396,869.4387314626123,7176.898,5.071198,2411.4514,1.8778787,7922.139,5.7208977,0,,,,,1436.0724913586396,0.0005134917,869.4387314626123,0.00053703,0.003813177,-0.00029507937
2389.1499505956726,7924.5107,5.7151394,0.00051433337,167283,1436.0722684498712,869.4394733234925,7178.3794,5.0660934,2398.1514,1.8734485,7924.5107,5.7151394,0,,,,,1436.0722684498712,0.0005124918,869.4394733234925,0.00053654116,0.0044429614,0.00034113746
2389.1568949146604,7923.6978,5.71022,0.0005142111,167284,1436.0722460993325,869.4384516251615,7178.0938,5.061733,2383.965,1.8681018,7923.6978,5.71022,0,,,,,1436.0722460993325,0.00051191886,869.4384516251615,0.00053569407,0.0047284607,-0.00022118159
2389.1638392337068,7917.912,5.7023134,0.00051408884,167285,1436.0735355843228,869.439471374855,7173.2046,5.054724,2369.4026,1.8624117,7917.912,5.7023134,0,,,,,1436.0735355843228,0.0005115817,869.439471374855,0.00053515646,0.0040114527,0.00011877062
2389.1707835527527,7922.399,5.6997213,0.0005139666,167286,1436.071820497724,869.4395348805236,7177.1187,5.0524263,2354.1167,1.8585924,7922.399,5.6997213,0,,,,,1436.071820497724,0.00051134167,869.4395348805236,0.000534789,0.0035339072,6.1897474e-05
2389.1777278718573,7933.2314,5.6945963,0.0005138444,167287,1436.0734508840117,869.4384084883419,7186.0586,5.047884,2340.629,1.8539383,7933.2314,5.6945963,0,,,,,1436.0734508840117,0.0005096301,869.4384084883419,0.0005335178,0.004135264,-0.00011820764
2389.184672190904,7928.133,5.6884923,0.0005137222,167288,1436.0734524562984,869.4393112646347,7180.9956,5.042473,2326.826,1.8494818,7928.133,5.6884923,0,,,,,1436.0734524562984,0.0005096577,869.4393112646347,0.00053329614,0.0041110613,0.0014131281
2389.191616510009,7927.568,5.681909,0.0005136,167289,1436.0726605220382,869.4386571690461,7180.75,5.036637,2311.695,1.8441269,7927.568,5.681909,0,,,,,1436.0726605220382,0.0005090183,869.4386571690461,0.00053241017,0.0037674068,-0.0013348332
2389.1985608291143,7919.046,5.675555,0.00051347783,167290,1436.073253716336,869.4384510844961,7174.1973,5.031005,2300.3076,1.8398228,7919.046,5.675555,0,,,,,1436.073253716336,0.00050857663,869.4384510844961,0.00053203094,0.004509189,-0.00044143095
2389.2055051482184,7931.0854,5.673047,0.00051335566,167291,1436.0730517518373,869.4376963441557,7184.1147,5.0287814,2289.341,1.8360695,7931.0854,5.673047,0,,,,,1436.0730517518373,0.0005077345,869.4376963441557,0.00053092843,0.0043261326,-0.0014282955
2389.2124494673817,7927.9106,5.6680675,0.00051323354,167292,1436.073025487328,869.4404937529999,7182.108,5.0243673,2274.7202,1.8317873,7927.9106,5.6680675,0,,,,,1436.073025487328,0.000507183,869.4404937529999,0.00053029286,0.00473437,0.0016393582
2389.2193937864863,7931.804,5.667033,0.00051311136,167293,1436.0732372364869,869.4395261116142,7185.148,5.023451,2268.7056,1.8305686,7931.804,5.667033,0,,,,,1436.0732372364869,0.00050706055,869.4395261116142,0.00052988523,0.0036420778,-0.00022385905
2389.226338105707,7923.5557,5.659386,0.0005129893,167294,1436.0725148000886,869.438529664244,7178.619,5.016672,2257.3564,1.8255239,7923.5557,5.659386,0,,,,,1436.0725148000886,0.00050695793,869.438529664244,0.00052965287,0.0036824911,-0.00014041441
2389.2332824248692,7923.5815,5.6601295,0.0005128672,167295,1436.0718125649346,869.4390734453251,7178.256,5.017331,2256.1292,1.8246266,7923.5815,5.6601295,0,,,,,1436.0718125649346,0.00050709234,869.4390734453251,0.00052981154,0.004180933,0.000420615
2389.24022674409,7930.663,5.65691,0.0005127451,167296,1436.07183129309,869.4402871699343,7183.687,5.014477,2247.6294,1.8222427,7930.663,5.65691,0,,,,,1436.07183129309,0.000506355,869.4402871699343,0.0005288676,0.0034344457,0.0010888178
2389.247171063253,7916.363,5.651619,0.000512623,167297,1436.0730321546741,869.4390485129803,7171.304,5.009787,2241.2292,1.8205746,7916.363,5.651619,0,,,,,1436.0730321546741,0.0005066628,869.4390485129803,0.00052910676,0.004612496,5.3854394e-05
2389.2541153825327,7928.6343,5.6526866,0.000512501,167298,1436.0723123789544,869.4400760830237,7182.9604,5.0107336,2236.494,1.8185195,7928.6343,5.6526866,0,,,,,1436.0723123789544,0.0005054546,869.4400760830237,0.0005285366,0.0036849212,0.00017702175
2389.2610597017538,7938.805,5.6523404,0.00051237893,167299,1436.0728595886123,869.4406472979226,7191.038,5.0104265,2230.5957,1.8157736,7938.805,5.6523404,0,,,,,1436.0728595886123,0.0005053387,869.4406472979226,0.0005279649,0.0039858744,0.0010119015
2389.2680040210334,7923.69,5.646295,0.0005122569,167300,1436.073344762906,869.4389718753413,7177.6763,5.005068,2225.975,1.8140831,7923.69,5.646295,0,,,,,1436.073344762906,0.0005056093,869.4389718753413,0.000528108,0.004770013,-0.00077733735
2389.2749483403704,7924.1636,5.6480036,0.000512135,167301,1436.0727191666147,869.439755955335,7177.867,5.0065823,2221.429,1.8136023,7924.1636,5.6480036,0,,,,,1436.0727191666147,0.0005055223,869.439755955335,0.000528266,0.004744816,8.522501e-05
2389.28189265965,7927.0894,5.6453996,0.000512013,167302,1436.0722947574188,869.4389841529314,7181.687,5.004274,2216.1726,1.8111224,7927.0894,5.6453996,0,,,,,1436.0722947574188,0.00050494535,869.4389841529314,0.00052790757,0.003414258,-3.5761288e-05
2389.2888369789875,7927.0034,5.6457057,0.00051189103,167303,1436.072130464475,869.4388581160692,7179.1187,5.004545,2215.8667,1.8132479,7927.0034,5.6457057,0,,,,,1436.072130464475,0.00050539774,869.4388581160692,0.0005284963,0.004446469,-0.00085955765
2389.295781298383,7929.9907,5.6406264,0.00051176915,167304,1436.072072868757,869.4395268485557,7183.932,5.0000434,2206.647,1.8078067,7929.9907,5.6406264,0,,,,,1436.072072868757,0.00050448,869.4395268485557,0.00052719505,0.0037510383,0.0003648635
2389.3027256177793,7928.3784,5.641493,0.00051164726,167305,1436.0722097980015,869.4408504595777,7181.88,5.0008106,2207.1116,1.8082345,7928.3784,5.641493,0,,,,,1436.0722097980015,0.00050491246,869.4408504595777,0.0005272335,0.003630062,0.00224349
2389.3096699371745,7925.7295,5.6387243,0.0005115254,167306,1436.0729221516735,869.4367038731838,7180.1514,4.9983563,2204.0815,1.8067579,7925.7295,5.6387243,0,,,,,1436.0729221516735,0.0005043694,869.4367038731838,0.0005272087,0.0037308554,-0.003311288
2389.316614256628,7928.7734,5.6391044,0.00051140354,167307,1436.07191841286,869.4406651625283,7182.5127,4.9986935,2198.336,1.8050681,7928.7734,5.6391044,0,,,,,1436.07191841286,0.0005041614,869.4406651625283,0.0005273256,0.003483413,0.0020218147
2389.3235585760817,7915.836,5.633126,0.0005112817,167308,1436.073375736673,869.440929397327,7171.338,4.993394,2193.4136,1.803094,7915.836,5.633126,0,,,,,1436.073375736673,0.00050456513,869.440929397327,0.00052710157,0.004284158,0.0016362035
2389.3305028955356,7926.319,5.630882,0.0005111599,167309,1436.0720906124488,869.4391959925458,7180.1753,4.9914045,2184.93,1.7992208,7926.319,5.630882,0,,,,,1436.0720906124488,0.0005036321,869.4391959925458,0.00052615633,0.0028216848,-0.00038614386
2389.337447215048,7913.269,5.62527,0.0005110381,167310,1436.0727648570812,869.4391514504093,7167.593,4.98643,2176.492,1.7976291,7913.269,5.62527,0,,,,,1436.0727648570812,0.00050385273,869.4391514504093,0.0005267084,0.004472857,-0.00029362435
2389.344391534618,7926.551,5.6238728,0.0005109164,167311,1436.071377779647,869.440415718248,7180.8003,4.985192,2164.0923,1.7927153,7926.551,5.6238728,0,,,,,1436.071377779647,0.0005023811,869.440415718248,0.00052577484,0.0030145186,0.0009944274
2389.3513358541886,7932.3916,5.6197033,0.0005107947,167312,1436.0731665063686,869.4383862131692,7184.675,4.981496,2154.8093,1.7895757,7932.3916,5.6197033,0,,,,,1436.0731665063686,0.000501867,869.4383862131692,0.0005245614,0.0034440116,-0.00016439962
2389.3582801737593,7921.764,5.6122446,0.000510673,167313,1436.0727627568249,869.4393316401529,7176.0693,4.974884,2140.1255,1.7846478,7921.764,5.6122446,0,,,,,1436.0727627568249,0.0005020796,869.4393316401529,0.0005242789,0.0034032098,0.00043720167
2389.3652244933883,7918.982,5.607041,0.0005105513,167314,1436.07363168289,869.4393447551107,7174.4287,4.9702716,2122.991,1.7795917,7918.982,5.607041,0,,,,,1436.07363168289,0.00050130195,869.4393447551107,0.0005240139,0.00395429,0.0004803048
2389.372168813075,7933.341,5.601992,0.00051042973,167315,1436.072081968364,869.438899690138,7186.94,4.965796,2108.5083,1.773495,7933.341,5.601992,0,,,,,1436.072081968364,0.0005001,869.438899690138,0.00052216626,0.0041742334,-0.00065275456
2389.379113132761,7929.0,5.5924363,0.00051030813,167316,1436.0715541756447,869.4401856587983,7182.3687,4.9573255,2086.654,1.766551,7929.0,5.5924363,0,,,,,1436.0715541756447,0.0004994483,869.4401856587983,0.0005218502,0.0022731184,0.0018217977
2389.3860574524474,7924.3726,5.5837903,0.00051018654,167317,1436.0719530930269,869.4378952073101,7178.807,4.9496613,2066.7146,1.7587942,7924.3726,5.5837903,0,,,,,1436.0719530930269,0.0004986751,869.4378952073101,0.0005206071,0.0043029846,-0.0012898213
2389.399946091995,7924.0703,5.5617814,0.0005099435,167319,1436.0729802814535,869.4396205959783,7178.929,4.930152,2011.431,1.7392603,7924.0703,5.5617814,0,,,,,1436.0729802814535,0.00049620203,869.4396205959783,0.0005180718,0.0040154075,-3.8676015e-05
2389.4068904118567,7916.994,5.5473814,0.0005098221,167320,1436.0727477286277,869.4400401715695,7172.5537,4.9173875,1980.3578,1.7277982,7916.994,5.5473814,0,,,,,1436.0727477286277,0.0004952916,869.4400401715695,0.00051673217,0.0038332695,0.0005130027
2389.413834731718,7930.925,5.534417,0.0005097007,167321,1436.0721291020534,869.4384499083704,7183.7095,4.905895,1940.7399,1.7141974,7930.925,5.534417,0,,,,,1436.0721291020534,0.00049329037,869.4384499083704,0.0005148673,0.0033754306,-0.0011272255
2389.4207790516375,7916.833,5.518572,0.0005095793,167322,1436.0718507830143,869.4399859880156,7171.1113,4.8918495,1908.0195,1.7038224,7916.833,5.518572,0,,,,,1436.0718507830143,0.0004926248,869.4399859880156,0.00051371765,0.002868078,0.00078844617
2389.4277233715575,7917.1855,5.500682,0.00050945795,167323,1436.0721651855056,869.4388629520823,7172.4346,4.8759913,1865.5603,1.6861111,7917.1855,5.500682,0,,,,,1436.0721651855056,0.00049028505,869.4388629520823,0.00051137904,0.0027917859,-0.000104984116
2389.4346676915347,7934.614,5.4870915,0.00050933665,167324,1436.0719302246484,869.4389834959683,7187.261,4.863944,1819.0322,1.669671,7934.614,5.4870915,0,,,,,1436.0719302246484,0.0004880901,869.4389834959683,0.00050885434,0.003506365,0.0004864205
2389.441612011513,7926.0522,5.467359,0.00050921534,167325,1436.072456113368,869.4392913799595,7180.195,4.8464527,1776.8569,1.6533974,7926.0522,5.467359,0,,,,,1436.072456113368,0.0004865304,869.4392913799595,0.00050685246,0.0033034794,0.0010672224
2389.448556331607,7923.452,5.4479213,0.00050909416,167326,1436.0738366386051,869.4401169147328,7177.468,4.8292227,1730.3179,1.63631,7923.452,5.4479213,0,,,,,1436.0738366386051,0.000484668,869.4401169147328,0.0005044437,0.0043649594,0.00094499305
2389.4555006517016,7928.6353,5.428937,0.00050897297,167327,1436.072763357398,869.4400209244264,7181.823,4.812394,1683.1029,1.6177951,7928.6353,5.428937,0,,,,,1436.072763357398,0.00048248348,869.4400209244264,0.00050222874,0.0027343018,0.00066659745
2389.462444971854,7934.277,5.4117136,0.00050885184,167328,1436.0725695058513,869.438305733855,7187.465,4.7971263,1635.8744,1.6021401,7934.277,5.4117136,0,,,,,1436.0725695058513,0.00048008285,869.438305733855,0.00049955846,0.0034452279,-0.00071193697
2389.469389292005,7926.1567,5.3906827,0.0005087307,167329,1436.0709908695378,869.4384483997555,7179.5044,4.778484,1589.9744,1.582506,7926.1567,5.3906827,0,,,,,1436.0709908695378,0.00047909506,869.4384483997555,0.00049789296,0.0015269546,0.0001919954
2389.476333612274,7921.3735,5.3714147,0.0005086097,167330,1436.0720171412793,869.4404622107372,7175.343,4.7614045,1545.7611,1.5652444,7921.3735,5.3714147,0,,,,,1436.0720171412793,0.00047667584,869.4404622107372,0.0004959156,0.0038457694,0.0006586078
2389.483277932543,7928.193,5.3532257,0.0005084887,167331,1436.071816687975,869.438550206122,7181.304,4.7452807,1497.7051,1.5457458,7928.193,5.3532257,0,,,,,1436.071816687975,0.00047447535,869.438550206122,0.0004932532,0.0026915222,0.00038216714
2389.49022225287,7931.4624,5.335672,0.0005083677,167332,1436.0723366299792,869.4394169906498,7184.43,4.7297206,1455.221,1.52903,7931.4624,5.335672,0,,,,,1436.0723366299792,0.00047246754,869.4394169906498,0.0004908311,0.0032203796,0.0011104806
2389.4971665732555,7938.62,5.3203964,0.0005082468,167333,1436.072437749243,869.4388296187831,7189.994,4.7161803,1413.5516,1.5127921,7938.62,5.3203964,0,,,,,1436.072437749243,0.00047053106,869.4388296187831,0.0004887861,0.003574545,0.00076054904
2389.5041108936402,7934.8535,5.303244,0.00050812593,167334,1436.072485956953,869.4391104000108,7186.31,4.7009754,1375.5518,1.4980167,7934.8535,5.303244,0,,,,,1436.072485956953,0.00046874737,869.4391104000108,0.0004870915,0.002618653,-7.268653e-05
2389.5110552141423,7924.904,5.2859416,0.00050800515,167335,1436.0720641243481,869.4395844402608,7178.8354,4.685638,1337.0878,1.481223,7924.904,5.2859416,0,,,,,1436.0720641243481,0.0004677551,869.4395844402608,0.00048519432,0.002301253,0.00087604206
2389.5179995346443,7927.9287,5.2712145,0.00050788437,167336,1436.0712524294684,869.4400402810337,7181.26,4.6725836,1302.4336,1.4656397,7927.9287,5.2712145,0,,,,,1436.0712524294684,0.00046566298,869.4400402810337,0.00048346855,0.0024444964,0.0014391392
2389.5249438552046,7936.0615,5.261418,0.00050776365,167337,1436.0725783656824,869.4378316118092,7187.8525,4.6639,1272.9824,1.4532727,7936.0615,5.261418,0,,,,,1436.0725783656824,0.00046460668,869.4378316118092,0.00048203513,0.0030169045,0.0003929149
2389.531888175881,7935.0283,5.2500024,0.00050764304,167338,1436.0722846826075,869.4405133214606,7187.058,4.65378,1247.3427,1.4423277,7935.0283,5.2500024,0,,,,,1436.0722846826075,0.0004630164,869.4405133214606,0.00048066216,0.0033511834,0.0023909092
2389.538832496556,7928.9785,5.238168,0.00050752243,167339,1436.0728844627854,869.4389324384111,7180.9097,4.6432896,1224.1423,1.431803,7928.9785,5.238168,0,,,,,1436.0728844627854,0.00046228236,869.4389324384111,0.00047980042,0.0032634356,0.00033487426
2389.54577681729,7933.906,5.230004,0.0005074019,167340,1436.071317003991,869.4402320830178,7181.3433,4.636053,1206.902,1.424805,7933.906,5.230004,0,,,,,1436.071317003991,0.0004614478,869.4402320830178,0.00047984623,0.002518593,0.0029430287
2389.5527211380827,7925.974,5.221306,0.0005072814,167341,1436.0720313012343,869.4392751973777,7176.323,4.6283426,1188.2828,1.4167941,7925.974,5.221306,0,,,,,1436.0720313012343,0.00046086102,869.4392751973777,0.0004782189,0.0021361844,0.00089034875
2389.559665458934,7924.098,5.2131863,0.00050716096,167342,1436.0735733892016,869.4369071835711,7165.5933,4.6211452,1176.3518,1.4111892,7924.098,5.2131863,0,,,,,1436.0735733892016,0.00046075525,869.4369071835711,0.00048033206,0.003819789,-0.00039033295
2389.5666097799017,7920.145,5.2101207,0.00050704065,167343,1436.0726405365472,869.4397068502227,7166.7754,4.618428,1161.9479,1.4053719,7920.145,5.2101207,0,,,,,1436.0726405365472,0.0004597369,869.4397068502227,0.00047918272,0.0023261497,0.0038542862
2389.5735541008685,7932.898,5.2042813,0.00050692033,167344,1436.0706641501608,869.4390063874149,7170.7837,4.6132517,1152.6113,1.4008743,7932.898,5.2042813,0,,,,,1436.0706641501608,0.00045925783,869.4390063874149,0.0004798719,0.0023968935,0.0020223001
2389.5874427430363,7928.0894,5.197421,0.00050667993,167346,1436.0730731538738,869.4350652789004,7165.2593,4.6071706,1137.8181,1.3968862,7928.0894,5.197421,0,,,,,1436.0730731538738,0.00045912407,869.4350652789004,0.0004795927,0.0035963384,-0.00088624645
2389.594387064237,7930.616,5.1956897,0.00050655985,167347,1436.0708228967594,869.4420216890827,7167.0786,4.6056356,1131.7329,1.392124,7930.616,5.1956897,0,,,,,1436.0708228967594,0.0004586196,869.4420216890827,0.0004794692,0.0013995373,0.0064170337
2389.601331385437,7925.9253,5.1934733,0.00050643977,167348,1436.0728554360787,869.4330402212407,7160.662,4.603671,1130.5991,1.3930146,7925.9253,5.1934733,0,,,,,1436.0728554360787,0.0004595156,869.4330402212407,0.00047975616,0.0034260876,-0.0038690749
2389.6082757067534,7927.0312,5.1907988,0.0005063198,167349,1436.0717043084162,869.4375844147471,7161.7603,4.6013002,1125.3892,1.3889204,7927.0312,5.1907988,0,,,,,1436.0717043084162,0.00045856586,869.4375844147471,0.0004795096,0.0023239527,0.00089212507
2389.615220028186,7936.9707,5.19037,0.00050619995,167350,1436.070361325939,869.4362473247157,7170.0073,4.6009207,1119.3406,1.3863231,7936.9707,5.19037,0,,,,,1436.070361325939,0.00045795954,869.4362473247157,0.0004793724,0.001201837,0.00055692607
2389.6221643496183,7932.7583,5.1878157,0.0005060801,167351,1436.0732695250272,869.4392217311739,7162.6934,4.5986557,1117.257,1.3866513,7932.7583,5.1878157,0,,,,,1436.0732695250272,0.0004582803,869.4392217311739,0.00047998026,0.0027784037,0.0047888374
2389.629108671168,7913.9414,5.184108,0.0005059604,167352,1436.072072539489,869.4360149281595,7155.976,4.5953693,1112.4962,1.3831787,7913.9414,5.184108,0,,,,,1436.072072539489,0.00045822712,869.4360149281595,0.00047806036,0.0027758,-0.0010020076
2389.6360529927756,7926.9604,5.185535,0.0005058407,167353,1436.0708156125315,869.4404731386963,7167.0713,4.5966344,1110.5939,1.3829194,7926.9604,5.185535,0,,,,,1436.0708156125315,0.0004577069,869.4404731386963,0.00047734528,0.00085730734,0.0040685567
2389.642997314441,7930.688,5.186554,0.0005057211,167354,1436.0715785954965,869.4366244751124,7170.4893,4.5975375,1110.1393,1.3823944,7930.688,5.186554,0,,,,,1436.0715785954965,0.00045742834,869.4366244751124,0.00047768283,0.0017905815,0.000529052
2389.649941636223,7928.042,5.187603,0.0005056016,167355,1436.0717610281781,869.4350936366901,7170.28,4.5984674,1106.1711,1.3817664,7928.042,5.187603,0,,,,,1436.0717610281781,0.00045780579,869.4350936366901,0.00047723047,0.0027560014,-0.002273987
2389.656885958064,7931.9966,5.183194,0.00050548214,167356,1436.070502134345,869.4424398154144,7165.17,4.5945597,1106.7008,1.3806473,7931.9966,5.183194,0,,,,,1436.070502134345,0.00045760965,869.4424398154144,0.00047881142,0.0020223986,0.0059756106
2389.663830279963,7923.976,5.1843877,0.00050536275,167357,1436.070814084604,869.4401986334661,7166.023,4.5956173,1104.0834,1.3808895,7923.976,5.1843877,0,,,,,1436.070814084604,0.00045808582,869.4401986334661,0.00047735742,0.0012277523,0.0038840591
2389.6707746019783,7932.784,5.185394,0.0005052435,167358,1436.0718485552763,869.4367498868412,7177.224,4.5965095,1101.4406,1.3784573,7932.784,5.185394,0,,,,,1436.0718485552763,0.0004568561,869.4367498868412,0.00047557388,0.0028304362,-0.00046843023
2389.6777189241093,7920.0396,5.1816907,0.00050512434,167359,1436.0707751546786,869.4377025127416,7160.079,4.5932264,1103.2966,1.3804028,7920.0396,5.1816907,0,,,,,1436.0707751546786,0.0004575726,869.4377025127416,0.00047769173,0.0017199976,-6.037078e-05
2389.6916075685467,7933.214,5.184411,0.0005048862,167361,1436.0716280622985,869.4379869135541,7168.6294,4.595638,1105.8094,1.3818067,7933.214,5.184411,0,,,,,1436.0716280622985,0.00045736815,869.4379869135541,0.00047814404,0.0013281794,0.0011210426
2389.712440535872,7923.24,5.1824017,0.0005045297,167364,1436.0727135529812,869.4395789809149,7161.3867,4.593857,1106.7147,1.3812791,7923.24,5.1824017,0,,,,,1436.0727135529812,0.00045803582,869.4395789809149,0.00047799895,0.0032551354,0.0035642004
