# Kepler-51 transit observable posteriors
# Derived from TTV-fit MCMC posterior (Kipping D.)
# Method: Kipping+2014 asterodensity profiling Eq.1-4
#
# Columns:
#   p        : Rp/R*          [dimensionless]
#   delta    : transit depth  [dimensionless = (Rp/R*)^2]
#   aR       : a/R*           [dimensionless]
#   rho_obs  : stellar density [kg/m^3]
#   P        : orbital period [days]
#   b        : impact param   [R*]
#   i_orb    : inclination    [degrees]
#   T14      : total duration [hours]
#   T23      : full duration  [hours]
#            p         delta            aR       rho_obs             P             b         i_orb           T14           T23
0.04843226 0.00234568 132.78067949 6083.88327637 85.31620000 0.91052797 89.60709782 2.55135571 1.35697536
0.04643481 0.00215619 102.80907947 2824.03857474 85.31620000 0.95316503 89.46879093 2.73793656 0.17512220
0.05241735 0.00274758 103.33410536 2867.52533959 85.31620000 0.94413257 89.47649845 2.93286836 0.50957667
0.04900318 0.00240131 110.18988795 3476.97395299 85.31620000 0.93779563 89.51236560 2.78043187 0.93404053
0.06312482 0.00398474 124.66259383 5034.82859083 85.31620000 0.91117452 89.58121424 2.86369654 1.13945586
0.04565172 0.00208408 96.95242830 2368.38491329 85.31620000 0.95247195 89.43711053 2.90087200 0.40212823
0.05982912 0.00357952 133.99184124 6251.88927583 85.31620000 0.92007424 89.60656720 2.55877058 0.94052795
0.04716076 0.00222414 132.52321617 6048.56168759 85.31620000 0.90951914 89.60677066 2.55238992 1.39697242
0.04948069 0.00244834 122.68784336 4799.33217940 85.31620000 0.92394453 89.56850963 2.64423228 1.18570679
0.05246803 0.00275289 110.44177143 3500.87258250 85.31620000 0.94748141 89.50845272 2.70428968 0.05776731
0.05609637 0.00314680 120.47892708 4544.74464660 85.31620000 0.93059568 89.55743518 2.70137144 0.85446275
0.05347088 0.00285913 118.70522503 4346.96076007 85.31620000 0.93575199 89.54833332 2.65706715 0.78204284
0.05017250 0.00251728 116.22521009 4080.16036299 85.31620000 0.92725983 89.54288198 2.76475589 1.15422961
0.05572178 0.00310492 117.47574514 4213.28500900 85.31620000 0.93402626 89.54444787 2.73020962 0.76991897
0.05087986 0.00258876 140.90014550 7269.60037893 85.31620000 0.88596201 89.63972913 2.61440033 1.57482697
0.05030974 0.00253107 119.11082333 4391.67196194 85.31620000 0.93638503 89.54956685 2.60333924 0.86685383
0.04294626 0.00184438 138.90149416 6964.61261696 85.31620000 0.92186670 89.61973441 2.28871877 1.20653889
0.06689984 0.00447559 129.16314731 5600.05212696 85.31620000 0.90784377 89.59728416 2.82811345 1.08810557
0.05290801 0.00279926 106.97479432 3181.41696990 85.31620000 0.92012813 89.50717261 3.11862239 1.36715141
0.05115456 0.00261679 120.96961043 4600.50025476 85.31620000 0.91988275 89.56430456 2.74071316 1.25349301
0.05322519 0.00283292 139.90790220 7117.09802035 85.31620000 0.92003584 89.62321963 2.38829522 1.04083679
0.04745501 0.00225198 114.17767871 3868.29726635 85.31620000 0.94470270 89.52593102 2.58276757 0.69632168
0.05817780 0.00338466 123.50875159 4896.31566308 85.31620000 0.90340899 89.58090432 2.90772742 1.40498858
0.05391127 0.00290642 121.97877634 4716.59981684 85.31620000 0.91985995 89.56791998 2.74856608 1.18211600
0.05399471 0.00291543 115.53268863 4007.65984823 85.31620000 0.93869124 89.53447255 2.70423349 0.66237248
0.04995413 0.00249541 112.82471215 3732.40631383 85.31620000 0.93882948 89.52322867 2.71583819 0.84087598
0.05585816 0.00312013 125.04680783 5081.52471048 85.31620000 0.93519189 89.57149608 2.55486266 0.67599669
0.05087364 0.00258813 116.58154888 4117.80404398 85.31620000 0.93325061 89.54133486 2.70090199 0.96649053
0.05048986 0.00254923 137.72181062 6788.66509265 85.31620000 0.91524298 89.61923282 2.44020681 1.19632649
0.04828693 0.00233163 112.98074428 3747.91305215 85.31620000 0.94659867 89.51994702 2.59835959 0.56844040
0.05435084 0.00295401 138.10530623 6845.53363149 85.31620000 0.90501988 89.62453151 2.55285522 1.29412452
0.04893215 0.00239436 133.45459089 6176.98814303 85.31620000 0.92798992 89.60158483 2.38811146 1.01704123
0.04276813 0.00182911 146.24162996 8128.10433440 85.31620000 0.90976034 89.64356412 2.27126791 1.32683951
0.05087984 0.00258876 104.45336191 2961.71647284 85.31620000 0.94869760 89.47960396 2.82063266 0.17670908
0.04840164 0.00234272 107.15571195 3197.58568665 85.31620000 0.94760815 89.49331067 2.72830774 0.52951534
0.06776190 0.00459167 120.31717435 4526.46414682 85.31620000 0.92711757 89.55849653 2.86945212 0.52858750
0.05242180 0.00274804 118.02216594 4272.35128596 85.31620000 0.93353019 89.54679786 2.68351528 0.89775401
0.05162696 0.00266534 129.49940104 5643.90236366 85.31620000 0.90074347 89.60147140 2.73173686 1.49367609
0.05789212 0.00335150 110.28807226 3486.27667328 85.31620000 0.91831712 89.52291937 3.10385415 1.24333991
0.04941235 0.00244158 126.58382428 5271.21644549 85.31620000 0.90334611 89.59111396 2.74995885 1.52382560
0.04442450 0.00197354 138.91046145 6965.96158099 85.31620000 0.89402364 89.63124350 2.53349623 1.58316700
0.05643185 0.00318455 120.52594880 4550.06802936 85.31620000 0.91970039 89.56278741 2.81104974 1.14043034
0.05695856 0.00324428 119.70661461 4457.90346129 85.31620000 0.94247744 89.54889262 2.60501381 0.17755836
0.05769552 0.00332877 111.33217467 3586.23124343 85.31620000 0.93556497 89.51851695 2.88857152 0.65861936
0.05369211 0.00288284 117.41522541 4206.77671559 85.31620000 0.92181448 89.55017229 2.83340088 1.18743379
0.05519244 0.00304621 112.40686034 3691.09026375 85.31620000 0.93798854 89.52188498 2.80259864 0.65701888
0.04460412 0.00198953 112.65964380 3716.04816333 85.31620000 0.93921683 89.52233309 2.64536824 1.01292305
0.05244910 0.00275091 144.96763294 7917.52340894 85.31620000 0.90013704 89.64423517 2.45190405 1.33075304
0.04703731 0.00221251 124.12588297 4970.07869745 85.31620000 0.92907736 89.57113934 2.53522877 1.11332754
0.04974284 0.00247435 143.67847624 7708.17122742 85.31620000 0.90435110 89.63936252 2.41798362 1.32364388
0.04719002 0.00222690 108.50095859 3319.53260137 85.31620000 0.94239313 89.50234699 2.74304041 0.84405695
0.04786665 0.00229122 115.38110142 3991.90552147 85.31620000 0.92187936 89.54220962 2.81411529 1.34508570
0.05087075 0.00258783 117.03623654 4166.17258626 85.31620000 0.93954681 89.54003438 2.62152538 0.74920995
0.04777239 0.00228220 111.49566779 3602.05377348 85.31620000 0.94580772 89.51395923 2.63568437 0.64530690
0.06024365 0.00362930 118.01506190 4271.57984297 85.31620000 0.93322740 89.54691759 2.77910485 0.61074224
0.05339124 0.00285062 118.22784781 4294.72701963 85.31620000 0.93891395 89.54497715 2.63284667 0.66405161
0.05544651 0.00307432 104.14007951 2935.14747933 85.31620000 0.94415214 89.48053935 2.95258438 0.17232055
0.05437736 0.00295690 136.38212428 6592.47611606 85.31620000 0.91966796 89.61363344 2.46447174 1.05154191
0.05076367 0.00257695 135.85745064 6516.68299642 85.31620000 0.90164127 89.61974394 2.58866894 1.42393142
0.04686191 0.00219604 134.95440109 6387.59495852 85.31620000 0.92695746 89.60645101 2.34956986 1.07151000
0.04477095 0.00200444 138.88041982 6961.44305384 85.31620000 0.91370746 89.62304291 2.37772962 1.30736191
0.05141563 0.00264357 132.72821671 6076.67474255 85.31620000 0.91213200 89.60625008 2.56809898 1.27891918
0.04850385 0.00235262 113.96930334 3847.15685536 85.31620000 0.93604807 89.52941533 2.70173653 0.97657478
0.05238232 0.00274391 113.66371187 3816.29305034 85.31620000 0.94246387 89.52491591 2.68520349 0.56596662
0.05018776 0.00251881 104.20728211 2940.83338352 85.31620000 0.94930384 89.47804170 2.80921480 0.19435298
0.05884953 0.00346327 134.35793443 6303.27374469 85.31620000 0.91333010 89.61051527 2.59880961 1.10187507
0.05527081 0.00305486 136.11586102 6553.93933330 85.31620000 0.91781454 89.61365782 2.49373489 1.07211601
0.04577252 0.00209512 101.52238011 2719.32794381 85.31620000 0.95112442 89.46320987 2.79116327 0.49366618
0.05601939 0.00313817 130.13238489 5727.06853062 85.31620000 0.91395290 89.59759383 2.64969122 1.18302697
0.05455478 0.00297622 158.26783639 10302.77484558 85.31620000 0.89243092 89.67692238 2.31373098 1.28547026
0.04903381 0.00240431 123.72322625 4921.86754227 85.31620000 0.92724214 89.57059349 2.58456552 1.11203981
0.05669289 0.00321408 152.86810479 9283.82310997 85.31620000 0.88188773 89.66946195 2.48200885 1.42754866
0.04919816 0.00242046 119.61159626 4447.29636547 85.31620000 0.94008678 89.54967945 2.53873643 0.77564561
0.04962803 0.00246294 111.50886847 3603.33333493 85.31620000 0.94743438 89.51318092 2.64063322 0.43643614
0.04329091 0.00187410 112.76505685 3726.48898992 85.31620000 0.94651747 89.51907005 2.53640410 0.80500886
0.05848790 0.00342083 115.33948351 3987.58744404 85.31620000 0.93044785 89.53778783 2.85176459 0.81327669
0.05110930 0.00261216 135.80477645 6509.10605638 85.31620000 0.91144317 89.61546096 2.51272454 1.26676162
0.05434782 0.00295369 113.53468392 3803.31134250 85.31620000 0.92777016 89.53179148 2.87556713 1.05076394
0.05034261 0.00253438 134.81532858 6367.86776857 85.31620000 0.91419585 89.61146877 2.50033716 1.24293534
0.05244313 0.00275028 127.38786415 5372.30154112 85.31620000 0.92643131 89.58331139 2.55500749 1.01803790
0.04894738 0.00239585 106.09058434 3103.17835500 85.31620000 0.95012807 89.48686251 2.73067628 0.25757815
0.04593179 0.00210973 127.84853750 5430.79620598 85.31620000 0.91802572 89.58857996 2.55517738 1.32427996
0.04924070 0.00242465 115.98482984 4054.89657895 85.31620000 0.94588506 89.53273352 2.55187538 0.54032177
0.04353701 0.00189547 125.21730060 5102.33799561 85.31620000 0.93989411 89.56992787 2.36004376 0.92267224
0.04690532 0.00220011 125.75906099 5168.85168478 85.31620000 0.93204258 89.57535787 2.47100326 1.03248760
0.04744957 0.00225146 116.72735508 4133.27353934 85.31620000 0.93156744 89.54273401 2.67404224 1.11025309
0.04650838 0.00216303 158.68119366 10383.71092355 85.31620000 0.90618622 89.67279722 2.15008475 1.21828520
0.04606497 0.00212198 149.65123342 8709.97913852 85.31620000 0.90425989 89.65379109 2.29044982 1.32323196
0.06134761 0.00376353 130.55848710 5783.51064874 85.31620000 0.92692600 89.59321377 2.58090760 0.73839318
0.04317750 0.00186430 117.15549333 4178.92122334 85.31620000 0.95289023 89.53397669 2.36181799 0.48211456
0.05060249 0.00256061 130.33073885 5753.29687747 85.31620000 0.92308588 89.59419115 2.50888440 1.11004336
0.04492741 0.00201847 130.41340207 5764.25103408 85.31620000 0.92026346 89.59568841 2.47374728 1.27693231
0.05909396 0.00349210 117.22854830 4186.74368226 85.31620000 0.93332656 89.54382922 2.78323013 0.66268117
0.04593643 0.00211016 145.54374690 8012.29381490 85.31620000 0.90378861 89.64420590 2.35757453 1.36864062
0.05001320 0.00250132 130.68057379 5799.75050038 85.31620000 0.93225379 89.59125783 2.40975427 0.91121713
0.04884614 0.00238595 109.96583895 3455.80786364 85.31620000 0.95080846 89.50459169 2.62437863 0.15192031
0.05399656 0.00291563 132.79619219 6086.01585624 85.31620000 0.89112663 89.61551474 2.76256401 1.55841036
0.05573894 0.00310683 150.97396913 8942.98354178 85.31620000 0.88365834 89.66464296 2.49401257 1.43688885
0.04858687 0.00236068 146.41019289 8156.24290604 85.31620000 0.86995249 89.65955308 2.60614316 1.71475550
0.05051376 0.00255164 112.72333842 3722.35457729 85.31620000 0.94611693 89.51909565 2.63990346 0.46210303
0.06092853 0.00371229 135.37278663 6447.18777993 85.31620000 0.92369839 89.60904676 2.51267827 0.81476375
0.04873525 0.00237512 118.57630473 4332.81303186 85.31620000 0.93713061 89.54717607 2.58777032 0.89802789
0.04729086 0.00223643 111.49364865 3601.85808237 85.31620000 0.94284874 89.51547108 2.66525693 0.79923452
0.04232980 0.00179181 128.34976593 5494.92103619 85.31620000 0.93073139 89.58451465 2.38292002 1.14537004
0.04729912 0.00223721 113.10101490 3759.89501874 85.31620000 0.94100771 89.52328993 2.64931359 0.85755940
0.05561680 0.00309323 119.78762534 4466.96016579 85.31620000 0.92452769 89.55778353 2.77221498 1.04816315
0.05611793 0.00314922 117.12314258 4175.46033725 85.31620000 0.92173285 89.54909042 2.86904461 1.13123804
0.05683203 0.00322988 106.92817452 3177.25938142 85.31620000 0.94037865 89.49610640 2.93972684 0.44182898
0.04799405 0.00230343 113.26479901 3776.25304872 85.31620000 0.93669475 89.52616110 2.70462121 0.97858636
0.04830207 0.00233309 133.17768529 6138.61787768 85.31620000 0.91698445 89.60549131 2.48626369 1.24649006
0.04503775 0.00202840 112.11069208 3661.99134498 85.31620000 0.94958952 89.51469283 2.53674802 0.58810561
0.04687204 0.00219699 109.66846173 3427.84730970 85.31620000 0.94814834 89.50463812 2.63762425 0.57829339
0.04619419 0.00213390 133.66082432 6205.66916001 85.31620000 0.93111701 89.60085906 2.32612105 1.00844452
0.04628205 0.00214203 107.63686376 3240.85289326 85.31620000 0.94493927 89.49699642 2.72023241 0.78178353
0.05926278 0.00351208 125.27223291 5109.05606556 85.31620000 0.90587840 89.58567465 2.85652642 1.32006185
0.05242464 0.00274834 132.42958631 6035.75051368 85.31620000 0.92268462 89.60079644 2.49144887 1.06191185
0.05276758 0.00278442 110.28458377 3485.94586282 85.31620000 0.94420239 89.50945571 2.75186012 0.44741769
0.04753778 0.00225984 114.94186823 3946.48964930 85.31620000 0.94318574 89.52983913 2.58455825 0.75196911
0.05498422 0.00302326 148.39105043 8491.79184994 85.31620000 0.89616541 89.65397638 2.44506471 1.31727238
0.05388459 0.00290355 117.76666778 4244.66454176 85.31620000 0.94502230 89.54022330 2.58178825 0.25163929
0.05098623 0.00259960 143.44292174 7670.32173152 85.31620000 0.88847030 89.64511373 2.55100425 1.51554187
0.04988218 0.00248823 124.39116134 5002.01258849 85.31620000 0.94739350 89.56361711 2.37068508 0.37673568
0.05697491 0.00324614 140.91950941 7272.59797456 85.31620000 0.89565337 89.63583819 2.59589808 1.36503352
0.05140092 0.00264206 130.90066380 5829.10340421 85.31620000 0.88465239 89.61278092 2.82912391 1.70483150
0.04659047 0.00217067 143.02229646 7603.04312943 85.31620000 0.90732323 89.63651723 2.37725621 1.33452305
0.05893587 0.00347344 126.32889838 5239.43358828 85.31620000 0.89622250 89.59351979 2.91008130 1.48091673
0.04659774 0.00217135 106.09614881 3103.66666706 85.31620000 0.94802870 89.48802320 2.72403638 0.62098599
0.04901803 0.00240277 123.37554472 4880.49039394 85.31620000 0.93543378 89.56557905 2.50816831 0.90476338
0.04945236 0.00244554 116.96209938 4158.26035530 85.31620000 0.93746733 89.54076152 2.62865136 0.87573689
0.05440840 0.00296027 119.55891788 4441.42302553 85.31620000 0.93150078 89.55359580 2.69335998 0.88661520
0.06564435 0.00430918 132.10004789 5990.80437243 85.31620000 0.91899314 89.60140171 2.66185892 0.83254992
0.04985431 0.00248545 128.31942292 5491.02481503 85.31620000 0.92706188 89.58605491 2.50260782 1.05735764
0.05136898 0.00263877 117.51931372 4217.97452813 85.31620000 0.93922584 89.54208165 2.62045351 0.73903587
0.04723811 0.00223144 126.97217762 5319.88098834 85.31620000 0.92939803 89.58060844 2.47746123 1.07645701
0.05391039 0.00290633 148.60304414 8528.23837790 85.31620000 0.90217877 89.65215145 2.38949714 1.24951598
0.05000418 0.00250042 124.31195418 4992.46344605 85.31620000 0.94145297 89.56607715 2.43778986 0.66648647
0.05456138 0.00297694 126.99621086 5322.90239564 85.31620000 0.94479445 89.57374135 2.40434020 0.17909040
0.04122663 0.00169963 99.64853045 2571.51408881 85.31620000 0.95678615 89.44985992 2.68669079 0.40356427
0.04301455 0.00185025 104.45339546 2961.71932619 85.31620000 0.95377049 89.47682138 2.63417675 0.48907936
0.05164337 0.00266704 109.53777166 3415.60718362 85.31620000 0.93123104 89.51289633 2.90756339 1.06757654
0.05369232 0.00288286 113.08146478 3757.94560105 85.31620000 0.93509261 89.52620466 2.79932515 0.83725551
0.05294017 0.00280266 108.22626090 3294.38366452 85.31620000 0.93708123 89.50389610 2.89182209 0.82578739
0.04465867 0.00199440 110.26658658 3484.23954111 85.31620000 0.95065882 89.50602068 2.55997541 0.55842619
0.04385292 0.00192308 114.10753828 3861.17265032 85.31620000 0.93157675 89.53223065 2.69010242 1.23017808
0.04786634 0.00229119 132.08875237 5989.26773107 85.31620000 0.92047013 89.60072694 2.47096469 1.20154614
0.05736193 0.00329039 141.30335579 7332.18882493 85.31620000 0.88531567 89.64101926 2.66669352 1.49311783
0.04560348 0.00207968 154.28866822 9545.05211378 85.31620000 0.86834142 89.67753587 2.46059063 1.67307972
0.05392968 0.00290841 117.12236991 4175.37770124 85.31620000 0.93410539 89.54303466 2.71614241 0.83468222
0.05661895 0.00320571 120.11835275 4504.06154693 85.31620000 0.93408790 89.55444083 2.67993703 0.71674493
0.06387806 0.00408041 103.88940311 2914.00280889 85.31620000 0.93541599 89.48410414 3.17955794 0.22804671
0.05314603 0.00282450 148.36373785 8487.10376307 85.31620000 0.89473951 89.65446335 2.44029461 1.36097245
0.04856790 0.00235884 116.79425884 4140.38472770 85.31620000 0.94242403 89.53766987 2.56548133 0.72891195
0.05540408 0.00306961 114.97469396 3949.87179569 85.31620000 0.93319340 89.53495306 2.79469406 0.82952406
0.06245046 0.00390006 117.50598091 4216.53907767 85.31620000 0.92700407 89.54798920 2.87937706 0.77779819
0.04965191 0.00246531 120.77032207 4577.80075356 85.31620000 0.93833890 89.55482938 2.53879138 0.81279801
0.04760201 0.00226595 116.65049585 4125.11424139 85.31620000 0.92230970 89.54698003 2.77591885 1.32704498
0.06150532 0.00378290 133.88023086 6236.27948931 85.31620000 0.90826298 89.61129411 2.67475864 1.15033122
0.05610403 0.00314766 125.88336972 5184.19456464 85.31620000 0.91654908 89.58282926 2.71665982 1.16788121
0.05374214 0.00288822 122.17296543 4739.16204852 85.31620000 0.93396974 89.56198947 2.60307503 0.81092092
0.04429050 0.00196165 139.68917641 7083.77051396 85.31620000 0.89697169 89.63209000 2.49523430 1.53921286
0.05594282 0.00312960 132.27781571 6015.02251735 85.31620000 0.91317803 89.60445625 2.61254700 1.18000149
0.04818583 0.00232187 149.50792473 8684.98059860 85.31620000 0.88583986 89.66051845 2.44280712 1.51794488
0.04675734 0.00218625 133.95692164 6247.00263792 85.31620000 0.91824742 89.60724602 2.44505738 1.24519228
0.05082178 0.00258285 158.76759096 10400.68104735 85.31620000 0.87785897 89.68319813 2.37107423 1.48188708
0.05623309 0.00316216 115.43879249 3997.89642775 85.31620000 0.94071769 89.53308806 2.71181710 0.42800187
0.06009673 0.00361162 121.11542336 4617.15620553 85.31620000 0.91147427 89.56880701 2.91310137 1.23462292
0.04964833 0.00246496 109.67239781 3428.21640686 85.31620000 0.94454758 89.50653710 2.72081946 0.62326355
0.04653392 0.00216541 128.03595874 5454.71527725 85.31620000 0.93446669 89.58182472 2.39858482 0.96413042
0.04755228 0.00226122 99.33953639 2547.66663516 85.31620000 0.94921021 89.45251842 2.90753463 0.51482874
0.05281023 0.00278892 134.58339618 6335.05898919 85.31620000 0.93161958 89.60338127 2.37500862 0.82832393
0.05386184 0.00290110 119.03559083 4383.35564427 85.31620000 0.92788108 89.55337553 2.73593814 1.01281964
0.04897673 0.00239872 143.55200279 7687.83371192 85.31620000 0.91256414 89.63576666 2.34865510 1.21553439
0.04625916 0.00213991 132.33488588 6022.81127067 85.31620000 0.89603188 89.61205062 2.66048763 1.60919903
0.05090662 0.00259148 104.00695134 2923.90536643 85.31620000 0.94752936 89.47801388 2.84844297 0.34131835
0.05210795 0.00271524 112.96481788 3746.32829494 85.31620000 0.93742327 89.52453326 2.75609387 0.81059673
0.05233423 0.00273887 114.92049711 3944.28874820 85.31620000 0.92877951 89.53693443 2.80604919 1.06770330
0.04892697 0.00239385 115.35756478 3989.46308787 85.31620000 0.92713729 89.53950462 2.77183835 1.19799944
0.04584589 0.00210185 148.80783757 8563.54590276 85.31620000 0.89082336 89.65700245 2.39994322 1.49719406
0.05233287 0.00273873 114.09350280 3859.74802745 85.31620000 0.94150898 89.52718514 2.68540633 0.61618077
0.04779638 0.00228449 137.82737615 6804.28785818 85.31620000 0.90818146 89.62246005 2.47124462 1.35333159
0.05185515 0.00268896 148.68248505 8541.92288669 85.31620000 0.90718089 89.65040967 2.33377461 1.20851612
0.05185515 0.00268896 148.68248505 8541.92288669 85.31620000 0.90718089 89.65040967 2.33377461 1.20851612
0.05160795 0.00266338 135.32442250 6440.28015957 85.31620000 0.90230296 89.61796597 2.60145926 1.40667306
0.05591429 0.00312641 126.02574981 5201.80518248 85.31620000 0.91308441 89.58487578 2.74270128 1.24096929
0.04643609 0.00215631 133.51856990 6185.87626906 85.31620000 0.93427864 89.59907704 2.30084718 0.93144598
0.04677296 0.00218771 107.88702199 3263.50159407 85.31620000 0.94440656 89.49844569 2.72756742 0.78161468
0.05306456 0.00281585 122.12387254 4733.45131684 85.31620000 0.92148568 89.56767059 2.72040221 1.16381528
0.05306456 0.00281585 122.12387254 4733.45131684 85.31620000 0.92148568 89.56767059 2.72040221 1.16381528
0.04649989 0.00216224 114.39186523 3890.10780913 85.31620000 0.93324245 89.53255901 2.69805709 1.11394409
0.05893418 0.00347324 113.48079524 3797.89824287 85.31620000 0.93148686 89.52969254 2.89283979 0.76923947
0.05703634 0.00325314 134.46336521 6318.12394307 85.31620000 0.92875860 89.60424632 2.44648813 0.79039029
0.05703634 0.00325314 134.46336521 6318.12394307 85.31620000 0.92875860 89.60424632 2.44648813 0.79039029
0.04655732 0.00216758 159.70697318 10586.38903160 85.31620000 0.89156531 89.68014424 2.23677290 1.37892659
0.05168329 0.00267116 141.34758791 7339.07655491 85.31620000 0.91887379 89.62752841 2.35897682 1.08118154
0.05168329 0.00267116 141.34758791 7339.07655491 85.31620000 0.91887379 89.62752841 2.35897682 1.08118154
0.05187478 0.00269099 138.10398684 6845.33743727 85.31620000 0.92278517 89.61715740 2.38280848 1.02760630
0.04601336 0.00211723 134.20612759 6281.93225886 85.31620000 0.91993523 89.60725475 2.41789636 1.22680136
0.05745879 0.00330151 112.21790575 3672.50750001 85.31620000 0.92979387 89.52526405 2.92556277 0.89732010
0.05745879 0.00330151 112.21790575 3672.50750001 85.31620000 0.92979387 89.52526405 2.92556277 0.89732010
0.05273420 0.00278090 101.62015616 2727.19245532 85.31620000 0.94519141 89.46707167 2.97312802 0.40187392
0.05059160 0.00255951 126.31142360 5237.25961365 85.31620000 0.93315251 89.57671139 2.49064776 0.90269712
0.04635931 0.00214919 144.76299301 7884.04099724 85.31620000 0.90432162 89.64207600 2.36995267 1.36291891
0.04635931 0.00214919 144.76299301 7884.04099724 85.31620000 0.90432162 89.64207600 2.36995267 1.36291891
0.05232162 0.00273755 109.59493339 3420.95722592 85.31620000 0.94705667 89.50487651 2.72840765 0.20411917
0.04876789 0.00237831 124.90503712 5064.26089699 85.31620000 0.92170658 89.57719578 2.61106678 1.22711594
0.05637901 0.00317859 115.13838258 3966.76603540 85.31620000 0.94185087 89.53130589 2.70811659 0.32703766
0.06373871 0.00406262 123.08051962 4845.56223785 85.31620000 0.91838525 89.57247429 2.84246492 0.96423323
0.06373871 0.00406262 123.08051962 4845.56223785 85.31620000 0.91838525 89.57247429 2.84246492 0.96423323
0.05345708 0.00285766 117.75194809 4243.07311516 85.31620000 0.92845677 89.54822654 2.75510090 1.01932371
0.06220269 0.00386917 118.58660413 4333.94215951 85.31620000 0.92475943 89.55319279 2.87229054 0.85650300
0.04467355 0.00199573 109.39062344 3401.86053778 85.31620000 0.95466530 89.49996641 2.52763734 0.21173756
0.04467355 0.00199573 109.39062344 3401.86053778 85.31620000 0.95466530 89.49996641 2.52763734 0.21173756
0.04509986 0.00203400 160.52931651 10750.76286861 85.31620000 0.87455602 89.68785380 2.32314112 1.55662299
0.07163836 0.00513205 126.53936585 5265.66436852 85.31620000 0.92651269 89.58048042 2.77374438 0.30164669
0.07128448 0.00508148 119.70918710 4458.19086814 85.31620000 0.92684069 89.55638667 2.92509953 0.32114086
0.07128448 0.00508148 119.70918710 4458.19086814 85.31620000 0.92684069 89.55638667 2.92509953 0.32114086
0.06384551 0.00407625 122.96823103 4832.31225001 85.31620000 0.91441857 89.57393217 2.88184065 1.06305145
0.04654507 0.00216644 134.25771358 6289.17896873 85.31620000 0.92054108 89.60714710 2.41695553 1.20569588
0.04787869 0.00229237 113.06421126 3756.22574638 85.31620000 0.94590696 89.52065195 2.59934060 0.62608304
0.05663577 0.00320761 116.48614369 4107.70282888 85.31620000 0.94310922 89.53610990 2.66606090 0.12272650
0.05663577 0.00320761 116.48614369 4107.70282888 85.31620000 0.94310922 89.53610990 2.66606090 0.12272650
0.04672247 0.00218299 107.59216828 3236.81734332 85.31620000 0.94323065 89.49769738 2.74918915 0.83622248
0.04326797 0.00187212 140.77262129 7249.87978966 85.31620000 0.89719016 89.63483270 2.46506736 1.53829948
0.05375298 0.00288938 113.39762640 3789.55404634 85.31620000 0.92608058 89.53207929 2.88979927 1.11688684
0.04582352 0.00209979 109.05897674 3371.01331948 85.31620000 0.94767952 89.50211600 2.64356125 0.66434242
0.04481315 0.00200822 118.02645475 4272.81706203 85.31620000 0.93306659 89.54703939 2.59624255 1.12863249
0.04481315 0.00200822 118.02645475 4272.81706203 85.31620000 0.93306659 89.54703939 2.59624255 1.12863249
0.05326521 0.00283718 142.15229702 7465.13830514 85.31620000 0.90272728 89.63614509 2.48802860 1.30807954
0.04337389 0.00188129 105.08183954 3015.49917112 85.31620000 0.95205444 89.48088606 2.64779244 0.57941207
0.04370120 0.00190979 111.05972027 3559.96672563 85.31620000 0.94465996 89.51264345 2.60440682 0.87295795
0.06644992 0.00441559 121.35502508 4644.61270676 85.31620000 0.91882137 89.56618946 2.90766326 0.88714409
0.05079533 0.00258017 115.54236447 4008.66685466 85.31620000 0.94630879 89.53073398 2.57690175 0.41794562
0.05079533 0.00258017 115.54236447 4008.66685466 85.31620000 0.94630879 89.53073398 2.57690175 0.41794562
0.06709059 0.00450115 112.96060229 3745.90889678 85.31620000 0.92976262 89.52840128 3.02158421 0.44175609
0.06709059 0.00450115 112.96060229 3745.90889678 85.31620000 0.92976262 89.52840128 3.02158421 0.44175609
0.05072849 0.00257338 120.97270834 4600.85370605 85.31620000 0.94501572 89.55241175 2.47477622 0.48376218
0.05072849 0.00257338 120.97270834 4600.85370605 85.31620000 0.94501572 89.55241175 2.47477622 0.48376218
0.04558482 0.00207798 110.39758705 3496.67248713 85.31620000 0.94789266 89.50804254 2.60546937 0.65765396
0.05248418 0.00275459 147.59091421 8355.16597474 85.31620000 0.90722530 89.64780686 2.35618613 1.20721545
0.04646364 0.00215887 152.98574153 9305.27217539 85.31620000 0.88988130 89.66672234 2.34591869 1.45941217
0.04646364 0.00215887 152.98574153 9305.27217539 85.31620000 0.88988130 89.66672234 2.34591869 1.45941217
0.04970121 0.00247021 146.88874299 8236.48204293 85.31620000 0.88537496 89.65464640 2.50216422 1.53183666
0.05116751 0.00261811 126.39420302 5247.56323050 85.31620000 0.92897723 89.57888137 2.53656120 0.99572928
0.04490498 0.00201646 111.46210091 3598.80145104 85.31620000 0.94253979 89.51549275 2.63758242 0.90260944
0.04490498 0.00201646 111.46210091 3598.80145104 85.31620000 0.94253979 89.51549275 2.63758242 0.90260944
0.05160710 0.00266329 108.32944709 3303.81554662 85.31620000 0.94242406 89.50154271 2.80742192 0.63919347
0.04966209 0.00246632 135.01645326 6396.41007861 85.31620000 0.90873885 89.61436334 2.53605828 1.34247654
0.04966209 0.00246632 135.01645326 6396.41007861 85.31620000 0.90873885 89.61436334 2.53605828 1.34247654
0.04959529 0.00245969 136.73081423 6643.17071462 85.31620000 0.90715083 89.61986407 2.51667501 1.35120046
0.05445767 0.00296564 127.85673109 5431.84042487 85.31620000 0.92637151 89.58486626 2.56777174 0.96570401
0.05445767 0.00296564 127.85673109 5431.84042487 85.31620000 0.92637151 89.58486626 2.56777174 0.96570401
0.04454205 0.00198399 113.86323198 3836.42518997 85.31620000 0.94850257 89.52270964 2.50443011 0.65873984
0.04567352 0.00208607 127.72865713 5415.53356295 85.31620000 0.92971839 89.58294864 2.44224189 1.09875480
0.04567352 0.00208607 127.72865713 5415.53356295 85.31620000 0.92971839 89.58294864 2.44224189 1.09875480
0.05195195 0.00269901 115.64876507 4019.75155404 85.31620000 0.94169689 89.53345067 2.64235436 0.61743916
0.04716939 0.00222495 134.88712863 6378.04740020 85.31620000 0.91641912 89.61073119 2.44838640 1.26062391
0.04716939 0.00222495 134.88712863 6378.04740020 85.31620000 0.91641912 89.61073119 2.44838640 1.26062391
0.05952848 0.00354364 133.50040336 6183.35166128 85.31620000 0.90396604 89.61203237 2.69829061 1.26686849
0.04872178 0.00237381 121.95938991 4714.35130681 85.31620000 0.90379051 89.57540083 2.84294767 1.58620979
0.04872178 0.00237381 121.95938991 4714.35130681 85.31620000 0.90379051 89.57540083 2.84294767 1.58620979
0.04805725 0.00230950 111.62253242 3614.36349128 85.31620000 0.94329817 89.51579984 2.66703030 0.74741282
0.05295487 0.00280422 118.97453188 4376.61381622 85.31620000 0.92793836 89.55311872 2.72626186 1.03691830
0.04403179 0.00193880 118.24730328 4296.84757789 85.31620000 0.95068551 89.53934802 2.37851462 0.55319692
0.04403179 0.00193880 118.24730328 4296.84757789 85.31620000 0.95068551 89.53934802 2.37851462 0.55319692
0.05243742 0.00274968 134.55961225 6331.70093726 85.31620000 0.90535071 89.61449676 2.59931360 1.35466878
0.05757919 0.00331536 123.92897860 4946.46367197 85.31620000 0.90789373 89.58025197 2.85270181 1.32933566
0.04841932 0.00234443 107.15941575 3197.91726868 85.31620000 0.95085063 89.49159444 2.68640695 0.22667891
0.04538549 0.00205984 105.63471259 3063.34688570 85.31620000 0.95366187 89.48273118 2.64214859 0.26307996
0.04794216 0.00229845 119.26601891 4408.86074046 85.31620000 0.93424952 89.55117893 2.59435630 1.00162993
0.04868601 0.00237033 109.33683993 3396.84527922 85.31620000 0.95099224 89.50164530 2.63485952 0.14748485
0.05496782 0.00302146 114.22137151 3872.73985387 85.31620000 0.94156601 89.52768586 2.71525018 0.46145049
0.06768395 0.00458112 119.98632404 4489.22587782 85.31620000 0.93191218 89.55498952 2.83042385 0.14905338
0.04811633 0.00231518 137.53472601 6761.03700058 85.31620000 0.89364860 89.62771109 2.59542233 1.55361421
0.05107374 0.00260853 115.21336300 3974.52079570 85.31620000 0.93720385 89.53392197 2.69183586 0.84119900
0.05564527 0.00309640 134.73085152 6355.90469856 85.31620000 0.93027557 89.60438692 2.41387297 0.78592745
0.04502755 0.00202748 133.08426882 6125.70927640 85.31620000 0.92568914 89.60146673 2.37508870 1.14932357
0.05053406 0.00255369 143.96776170 7754.82444739 85.31620000 0.89203816 89.64498754 2.51208675 1.47225716
0.04275797 0.00182824 130.87882003 5826.18573347 85.31620000 0.91778976 89.59820916 2.46503849 1.35448691
0.04865704 0.00236751 150.44918088 8850.04941442 85.31620000 0.90340606 89.65595249 2.30684407 1.29178053
0.04893914 0.00239504 137.67022597 6781.03972617 85.31620000 0.91212579 89.62038748 2.45230012 1.27515010
0.05219542 0.00272436 116.05275540 4062.02490224 85.31620000 0.94660312 89.53265250 2.58020146 0.26794365
0.05381715 0.00289629 108.91767539 3357.92741339 85.31620000 0.94389917 89.50345878 2.80422868 0.39315976
0.05381715 0.00289629 108.91767539 3357.92741339 85.31620000 0.94389917 89.50345878 2.80422868 0.39315976
0.05273908 0.00278141 123.46594059 4891.22589724 85.31620000 0.93348768 89.56680025 2.56924427 0.84965303
0.05803208 0.00336772 124.30781379 4991.96461916 85.31620000 0.92602649 89.57317325 2.68337354 0.90481136
0.04617059 0.00213172 139.43198134 7044.71469437 85.31620000 0.90334846 89.62879093 2.46661928 1.43129932
0.04989984 0.00248999 128.18715605 5474.06248123 85.31620000 0.94700250 89.57671469 2.30484442 0.38978286
0.04764245 0.00226980 132.94610663 6106.65075576 85.31620000 0.91978250 89.60359820 2.45892356 1.21070858
0.05797157 0.00336070 124.06670650 4962.97369632 85.31620000 0.92707586 89.57185913 2.67792942 0.87826292
0.05109074 0.00261026 132.65866048 6067.12630243 85.31620000 0.90529752 89.60899553 2.62400549 1.39716749
0.05109074 0.00261026 132.65866048 6067.12630243 85.31620000 0.90529752 89.60899553 2.62400549 1.39716749
0.06213457 0.00386070 124.48390469 5013.20910812 85.31620000 0.91625913 89.57827275 2.81280895 1.04797586
0.06213457 0.00386070 124.48390469 5013.20910812 85.31620000 0.91625913 89.57827275 2.81280895 1.04797586
0.05318023 0.00282814 131.21075166 5870.62693902 85.31620000 0.92198703 89.59739275 2.52867412 1.07011112
0.05249791 0.00275603 116.28104713 4086.04377379 85.31620000 0.93363611 89.53995957 2.72348275 0.90528189
0.05249791 0.00275603 116.28104713 4086.04377379 85.31620000 0.93363611 89.53995957 2.72348275 0.90528189
0.04975153 0.00247522 136.36363890 6589.79582417 85.31620000 0.90212243 89.62095332 2.56576452 1.42711232
0.05202129 0.00270621 118.57750682 4332.94480779 85.31620000 0.92675771 89.55219293 2.73663044 1.09636957
0.05202129 0.00270621 118.57750682 4332.94480779 85.31620000 0.92675771 89.55219293 2.73663044 1.09636957
0.05461945 0.00298328 140.85223802 7262.18768588 85.31620000 0.89288292 89.63679125 2.59706044 1.43751346
0.05152102 0.00265442 107.67068107 3243.90848367 85.31620000 0.94173475 89.49885972 2.83184128 0.68349239
0.05256166 0.00276273 119.04069375 4383.91939667 85.31620000 0.92629227 89.55415941 2.73695565 1.08988120
0.05256166 0.00276273 119.04069375 4383.91939667 85.31620000 0.92629227 89.55415941 2.73695565 1.08988120
0.04759051 0.00226486 147.50337856 8340.30853071 85.31620000 0.89718999 89.65149601 2.38979074 1.41216158
0.04881710 0.00238311 120.20686491 4514.02567146 85.31620000 0.94891246 89.54770267 2.42236347 0.35613877
0.04888817 0.00239005 118.12432976 4283.45575056 85.31620000 0.93741351 89.54530619 2.59644447 0.88748785
0.06047647 0.00365740 133.08022360 6125.15070361 85.31620000 0.91167994 89.60748622 2.65312570 1.11193504
0.05131767 0.00263350 124.44947244 5009.05029834 85.31620000 0.93034708 89.57166988 2.56429542 0.97212565
0.05131767 0.00263350 124.44947244 5009.05029834 85.31620000 0.93034708 89.57166988 2.56429542 0.97212565
0.04952280 0.00245251 117.01177272 4163.56059611 85.31620000 0.94599524 89.53678058 2.53182920 0.51355245
0.04952280 0.00245251 117.01177272 4163.56059611 85.31620000 0.94599524 89.53678058 2.53182920 0.51355245
0.05844412 0.00341572 122.03591208 4723.23079012 85.31620000 0.92985669 89.56342868 2.70059450 0.79027919
0.05844412 0.00341572 122.03591208 4723.23079012 85.31620000 0.92985669 89.56342868 2.70059450 0.79027919
0.04846401 0.00234876 130.66002609 5797.01513940 85.31620000 0.91960013 89.59674245 2.51215937 1.21941939
0.04846401 0.00234876 130.66002609 5797.01513940 85.31620000 0.91960013 89.59674245 2.51215937 1.21941939
0.04745051 0.00225155 116.05744101 4062.51693305 85.31620000 0.94818293 89.53189142 2.49965200 0.51164035
0.04745051 0.00225155 116.05744101 4062.51693305 85.31620000 0.94818293 89.53189142 2.49965200 0.51164035
0.05141006 0.00264299 111.95022227 3646.28905128 85.31620000 0.94257118 89.51758927 2.71229622 0.62115640
0.05070087 0.00257058 132.57873773 6056.16713933 85.31620000 0.92767483 89.59908891 2.42540090 0.99044400
0.05057027 0.00255735 119.62619557 4448.92502153 85.31620000 0.93087670 89.55414578 2.65342961 1.01765740
0.04659363 0.00217097 140.06771354 7141.51463958 85.31620000 0.89727969 89.63295831 2.50696908 1.49973725
0.04834805 0.00233753 105.04105114 3011.98905996 85.31620000 0.94729644 89.48327989 2.78654468 0.56432276
0.04752292 0.00225843 104.96526408 3005.47431755 85.31620000 0.94615261 89.48353118 2.79157220 0.68045145
0.04752292 0.00225843 104.96526408 3005.47431755 85.31620000 0.94615261 89.48353118 2.79157220 0.68045145
0.05276160 0.00278379 120.71336200 4571.32659166 85.31620000 0.91120705 89.56749764 2.84695420 1.39722188
0.05276160 0.00278379 120.71336200 4571.32659166 85.31620000 0.91120705 89.56749764 2.84695420 1.39722188
0.05220549 0.00272541 131.41516508 5898.10728131 85.31620000 0.91268867 89.60207310 2.59682020 1.26753714
0.06335302 0.00401360 119.83856638 4472.66146516 85.31620000 0.93083563 89.55495555 2.79595549 0.56659993
0.04937891 0.00243828 120.79859785 4581.01688792 85.31620000 0.93204889 89.55791708 2.60158951 1.00893416
0.04937891 0.00243828 120.79859785 4581.01688792 85.31620000 0.93204889 89.55791708 2.60158951 1.00893416
0.05750002 0.00330625 126.02752529 5202.02503748 85.31620000 0.92232991 89.58067824 2.67543608 1.00302689
0.05750002 0.00330625 126.02752529 5202.02503748 85.31620000 0.92232991 89.58067824 2.67543608 1.00302689
0.04827468 0.00233044 106.22843661 3115.29072911 85.31620000 0.94541505 89.49007056 2.77857340 0.67134080
0.05015360 0.00251538 105.74912616 3073.31145656 85.31620000 0.94981516 89.48537512 2.76108766 0.04747961
0.05015360 0.00251538 105.74912616 3073.31145656 85.31620000 0.94981516 89.48537512 2.76108766 0.04747961
0.04825679 0.00232872 120.40054201 4535.87981663 85.31620000 0.93709452 89.55405431 2.54317398 0.90048073
0.05011044 0.00251106 130.92256584 5832.02983612 85.31620000 0.93688958 89.58998453 2.36130775 0.77968895
0.04998062 0.00249806 137.12899308 6701.37735914 85.31620000 0.91590372 89.61731063 2.44022713 1.19921573
0.04998062 0.00249806 137.12899308 6701.37735914 85.31620000 0.91590372 89.61731063 2.44022713 1.19921573
0.05122884 0.00262439 130.30924795 5750.45127642 85.31620000 0.91445292 89.59792015 2.59352770 1.26480521
0.04895124 0.00239622 123.49420317 4894.58561724 85.31620000 0.93272578 89.56725290 2.53295136 0.98055358
0.04960889 0.00246104 108.07301653 3280.40929521 85.31620000 0.94812166 89.49733922 2.71561207 0.39587564
0.05681068 0.00322745 118.08926175 4279.64194706 85.31620000 0.93139664 89.54809058 2.75613938 0.82064435
0.05035056 0.00253518 130.74243890 5807.99132902 85.31620000 0.90069224 89.60528293 2.69383918 1.50044905
0.05035056 0.00253518 130.74243890 5807.99132902 85.31620000 0.90069224 89.60528293 2.69383918 1.50044905
0.06081978 0.00369905 116.26143598 4083.97675180 85.31620000 0.93172458 89.54082403 2.84335804 0.66212446
0.06081978 0.00369905 116.26143598 4083.97675180 85.31620000 0.93172458 89.54082403 2.84335804 0.66212446
0.04712039 0.00222033 114.24743292 3875.39133926 85.31620000 0.93753727 89.52981410 2.66058342 0.97159611
0.04712039 0.00222033 114.24743292 3875.39133926 85.31620000 0.93753727 89.52981410 2.66058342 0.97159611
0.05669975 0.00321486 136.32104509 6583.62269424 85.31620000 0.90822734 89.61826893 2.58247917 1.21840271
0.05669975 0.00321486 136.32104509 6583.62269424 85.31620000 0.90822734 89.61826893 2.58247917 1.21840271
0.04579908 0.00209756 120.70954288 4570.89272339 85.31620000 0.94023414 89.55370560 2.47239916 0.87831943
0.05312525 0.00282229 114.76981606 3928.79410670 85.31620000 0.94616443 89.52764721 2.62622145 0.20825149
0.05312525 0.00282229 114.76981606 3928.79410670 85.31620000 0.94616443 89.52764721 2.62622145 0.20825149
0.05892831 0.00347255 136.98386496 6680.12300535 85.31620000 0.90210819 89.62267552 2.63862573 1.27510507
0.05892831 0.00347255 136.98386496 6680.12300535 85.31620000 0.90210819 89.62267552 2.63862573 1.27510507
0.04614628 0.00212948 110.48892093 3505.35824631 85.31620000 0.95211106 89.50626162 2.55718630 0.33998076
0.05665401 0.00320968 122.99897720 4835.93787532 85.31620000 0.94288579 89.56077760 2.52743922 0.15612681
0.05665401 0.00320968 122.99897720 4835.93787532 85.31620000 0.94288579 89.56077760 2.52743922 0.15612681
0.05279830 0.00278766 139.80832393 7101.91222995 85.31620000 0.88714128 89.63643229 2.64282741 1.54740306
0.04754284 0.00226032 145.46037097 7998.53197656 85.31620000 0.91661620 89.63894917 2.27227049 1.15973840
0.04951473 0.00245171 121.44899231 4655.41026683 85.31620000 0.92806179 89.56216565 2.63016792 1.10147453
0.04951473 0.00245171 121.44899231 4655.41026683 85.31620000 0.92806179 89.56216565 2.63016792 1.10147453
0.05145858 0.00264799 114.14498586 3864.97535294 85.31620000 0.93340065 89.53146857 2.76416712 0.96389103
0.05172735 0.00267572 121.85222562 4701.93488766 85.31620000 0.91810095 89.56829835 2.74431111 1.26932007
0.05172735 0.00267572 121.85222562 4701.93488766 85.31620000 0.91810095 89.56829835 2.74431111 1.26932007
0.04583101 0.00210048 117.97058434 4266.75203862 85.31620000 0.94610440 89.54049249 2.46250600 0.68396298
0.04583101 0.00210048 117.97058434 4266.75203862 85.31620000 0.94610440 89.54049249 2.46250600 0.68396298
0.05279884 0.00278772 145.27481994 7967.96192880 85.31620000 0.89328459 89.64769008 2.49972521 1.41331322
0.04507237 0.00203152 126.63014918 5277.00576260 85.31620000 0.92928143 89.57952840 2.46103773 1.13147179
0.05595003 0.00313041 127.44133070 5379.06888063 85.31620000 0.92523248 89.58402520 2.60270146 0.95920736
0.05241220 0.00274704 130.88553356 5827.08235581 85.31620000 0.91553497 89.59921684 2.58455222 1.21693128
0.05241220 0.00274704 130.88553356 5827.08235581 85.31620000 0.91553497 89.59921684 2.58455222 1.21693128
0.04767399 0.00227281 124.49306486 5014.31588310 85.31620000 0.93214356 89.57099304 2.50392745 1.02103708
0.05270254 0.00277756 120.27179895 4521.34486133 85.31620000 0.93396969 89.55506561 2.63203642 0.85811680
0.05488688 0.00301257 137.25551534 6719.94358478 85.31620000 0.91431531 89.61832648 2.49843283 1.13637738
0.05241602 0.00274744 105.43011320 3045.58153929 85.31620000 0.94545864 89.48618555 2.85783093 0.39213907
0.05241602 0.00274744 105.43011320 3045.58153929 85.31620000 0.94545864 89.48618555 2.85783093 0.39213907
0.04457952 0.00198733 117.03626338 4166.17545273 85.31620000 0.94000809 89.53980866 2.53705096 0.95186492
0.04457952 0.00198733 117.03626338 4166.17545273 85.31620000 0.94000809 89.53980866 2.53705096 0.95186492
0.05486247 0.00300989 123.18532159 4857.95063998 85.31620000 0.93430186 89.56543470 2.59110851 0.75507242
0.05113763 0.00261506 131.73565241 5941.36444160 85.31620000 0.93089299 89.59512340 2.41540208 0.90932198
0.04847664 0.00234998 109.14975323 3379.43803342 85.31620000 0.94806093 89.50232986 2.67379007 0.48429098
0.05368225 0.00288178 111.96297243 3647.53503535 85.31620000 0.94086034 89.51851974 2.76155354 0.59079040
0.04695575 0.00220484 107.50142172 3228.63415398 85.31620000 0.94370626 89.49701986 2.74877638 0.80691375
0.04695575 0.00220484 107.50142172 3228.63415398 85.31620000 0.94370626 89.49701986 2.74877638 0.80691375
0.05028267 0.00252835 114.47806320 3898.90840288 85.31620000 0.94255973 89.52824757 2.63801393 0.66261506
0.05028267 0.00252835 114.47806320 3898.90840288 85.31620000 0.94255973 89.52824757 2.63801393 0.66261506
0.05168260 0.00267109 104.59603390 2973.86920925 85.31620000 0.94514413 89.48226042 2.87422131 0.48303375
0.05673593 0.00321897 136.19517614 6565.40301021 85.31620000 0.92414446 89.61121983 2.45261337 0.90427483
0.05673593 0.00321897 136.19517614 6565.40301021 85.31620000 0.92414446 89.61121983 2.45261337 0.90427483
0.05667803 0.00321240 133.60864734 6198.40450226 85.31620000 0.90256547 89.61294732 2.68060408 1.33804141
0.05667803 0.00321240 133.60864734 6198.40450226 85.31620000 0.90256547 89.61294732 2.68060408 1.33804141
0.05167356 0.00267016 124.77368209 5048.30036777 85.31620000 0.93017399 89.57286235 2.56333615 0.96461788
0.04739560 0.00224634 115.81945643 4037.57664870 85.31620000 0.94244436 89.53376849 2.57175569 0.78087925
0.04824595 0.00232767 120.61754045 4560.44915494 85.31620000 0.94787635 89.54973486 2.41875286 0.46378575
0.04824595 0.00232767 120.61754045 4560.44915494 85.31620000 0.94787635 89.54973486 2.41875286 0.46378575
0.05290825 0.00279928 104.94008872 3003.31229474 85.31620000 0.94577822 89.48361170 2.87407727 0.30970533
0.05857210 0.00343069 110.74948960 3530.21709071 85.31620000 0.92665820 89.52059171 3.01174791 0.97757638
0.05857210 0.00343069 110.74948960 3530.21709071 85.31620000 0.92665820 89.52059171 3.01174791 0.97757638
0.05733338 0.00328712 112.72839733 3722.85576706 85.31620000 0.93857713 89.52294958 2.81497617 0.50714442
0.05733338 0.00328712 112.72839733 3722.85576706 85.31620000 0.93857713 89.52294958 2.81497617 0.50714442
0.05246592 0.00275267 119.71014384 4458.29776149 85.31620000 0.93604325 89.55198555 2.61974455 0.80101902
0.05057381 0.00255771 113.57446733 3807.31087019 85.31620000 0.94182445 89.52486518 2.67134354 0.68811100
0.05057381 0.00255771 113.57446733 3807.31087019 85.31620000 0.94182445 89.52486518 2.67134354 0.68811100
0.04859322 0.00236130 121.59465436 4672.18101732 85.31620000 0.93246151 89.56061693 2.57108210 1.01266774
0.04859322 0.00236130 121.59465436 4672.18101732 85.31620000 0.93246151 89.56061693 2.57108210 1.01266774
0.05357555 0.00287034 108.82759518 3349.60279460 85.31620000 0.94132670 89.50440217 2.83415257 0.58753219
0.05357555 0.00287034 108.82759518 3349.60279460 85.31620000 0.94132670 89.50440217 2.83415257 0.58753219
0.05275018 0.00278258 135.24212634 6428.53753351 85.31620000 0.92261852 89.60912654 2.44347315 1.03428520
0.05009514 0.00250952 119.08210099 4388.49570871 85.31620000 0.91808475 89.55826357 2.78995421 1.33443568
0.05009514 0.00250952 119.08210099 4388.49570871 85.31620000 0.91808475 89.55826357 2.78995421 1.33443568
0.04337342 0.00188125 106.01596583 3096.63512405 85.31620000 0.95606174 89.48329438 2.56879949 0.20207950
0.04337342 0.00188125 106.01596583 3096.63512405 85.31620000 0.95606174 89.48329438 2.56879949 0.20207950
0.05841902 0.00341278 140.61382848 7225.37366111 85.31620000 0.90682692 89.63049356 2.53000685 1.17483219
0.05719734 0.00327154 130.37765851 5759.51275398 85.31620000 0.92425588 89.59382301 2.56580631 0.93028065
0.05719734 0.00327154 130.37765851 5759.51275398 85.31620000 0.92425588 89.59382301 2.56580631 0.93028065
0.04661356 0.00217282 109.70618173 3431.38550675 85.31620000 0.95153645 89.50303889 2.58959163 0.35269671
0.04661356 0.00217282 109.70618173 3431.38550675 85.31620000 0.95153645 89.50303889 2.58959163 0.35269671
0.04920112 0.00242075 107.60615507 3238.07984824 85.31620000 0.94698776 89.49576209 2.73607811 0.51513718
0.04920112 0.00242075 107.60615507 3238.07984824 85.31620000 0.94698776 89.49576209 2.73607811 0.51513718
0.06055257 0.00366661 112.88210352 3738.10498310 85.31620000 0.93874188 89.52351555 2.84947775 0.21019267
0.04555299 0.00207508 128.58827637 5525.61138451 85.31620000 0.94505839 89.57890139 2.26708973 0.67689984
0.05064614 0.00256503 136.00435789 6537.84599283 85.31620000 0.91621106 89.61401660 2.46430047 1.19165326
0.05396255 0.00291196 133.90816946 6240.18453157 85.31620000 0.89524966 89.61694339 2.70727523 1.48845703
0.05396255 0.00291196 133.90816946 6240.18453157 85.31620000 0.89524966 89.61694339 2.70727523 1.48845703
0.05244741 0.00275073 104.41612215 2958.54986375 85.31620000 0.94265427 89.48273462 2.92155847 0.60064929
0.05297650 0.00280651 106.04677208 3099.33538083 85.31620000 0.94692906 89.48837896 2.83053767 0.08220204
0.05065696 0.00256613 117.85489263 4254.21135577 85.31620000 0.94125630 89.54239840 2.58169793 0.68382592
0.05065696 0.00256613 117.85489263 4254.21135577 85.31620000 0.94125630 89.54239840 2.58169793 0.68382592
0.04589325 0.00210619 146.39199504 8153.20197824 85.31620000 0.91877498 89.64040196 2.22501804 1.14530771
0.04595213 0.00211160 122.03904086 4723.59408509 85.31620000 0.93667056 89.56024075 2.48600174 0.96808095
0.05903539 0.00348518 127.21092507 5349.94657718 85.31620000 0.92115795 89.58510699 2.67720407 0.98398793
0.04742770 0.00224939 115.23260973 3976.51299454 85.31620000 0.93085539 89.53715649 2.71628182 1.14394562
0.06906938 0.00477058 122.64540608 4794.35368716 85.31620000 0.92694936 89.56695654 2.83051398 0.45706002
0.06906938 0.00477058 122.64540608 4794.35368716 85.31620000 0.92694936 89.56695654 2.83051398 0.45706002
0.05404477 0.00292084 115.17154895 3970.19498144 85.31620000 0.93953644 89.53259229 2.70395130 0.62258848
0.05404477 0.00292084 115.17154895 3970.19498144 85.31620000 0.93953644 89.53259229 2.70395130 0.62258848
0.04562140 0.00208131 130.09552017 5722.20271002 85.31620000 0.92192058 89.59397064 2.47167164 1.23638515
0.04562140 0.00208131 130.09552017 5722.20271002 85.31620000 0.92192058 89.59397064 2.47167164 1.23638515
0.04843060 0.00234552 106.00259122 3095.46328921 85.31620000 0.94665046 89.48831631 2.77081044 0.59415885
0.06153898 0.00378705 133.74978692 6218.06860395 85.31620000 0.91167026 89.60945536 2.65004431 1.08493523
0.06153898 0.00378705 133.74978692 6218.06860395 85.31620000 0.91167026 89.60945536 2.65004431 1.08493523
0.06413972 0.00411390 123.77293292 4927.80210968 85.31620000 0.92816604 89.57033825 2.74085528 0.63064992
0.04465354 0.00199394 111.02486562 3556.61602941 85.31620000 0.95083715 89.50930252 2.54011783 0.54428443
0.05138046 0.00263995 125.97304881 5195.28209346 85.31620000 0.92743972 89.57817278 2.56234935 1.03136315
0.05138046 0.00263995 125.97304881 5195.28209346 85.31620000 0.92743972 89.57817278 2.56234935 1.03136315
0.05181157 0.00268444 109.89826640 3449.44113325 85.31620000 0.93911374 89.51038437 2.80934121 0.77616576
0.05535536 0.00306422 107.43034975 3222.23478602 85.31620000 0.94163720 89.49779063 2.89125994 0.45696644
0.05685093 0.00323203 113.49428121 3799.25242177 85.31620000 0.94194031 89.52447098 2.75232015 0.27413816
0.05685093 0.00323203 113.49428121 3799.25242177 85.31620000 0.94194031 89.52447098 2.75232015 0.27413816
0.04905444 0.00240634 118.64426145 4340.26677820 85.31620000 0.92634530 89.55264406 2.70474653 1.18057938
0.04905444 0.00240634 118.64426145 4340.26677820 85.31620000 0.92634530 89.55264406 2.70474653 1.18057938
0.05194135 0.00269790 109.11054235 3375.79726077 85.31620000 0.94362370 89.50448116 2.77732223 0.54715589
0.05194135 0.00269790 109.11054235 3375.79726077 85.31620000 0.94362370 89.50448116 2.77732223 0.54715589
0.04428691 0.00196133 129.18393934 5602.75696703 85.31620000 0.93138308 89.58690854 2.38291280 1.08109536
0.04428691 0.00196133 129.18393934 5602.75696703 85.31620000 0.93138308 89.58690854 2.38291280 1.08109536
0.04598154 0.00211430 113.03180548 3752.99691201 85.31620000 0.94507593 89.52093579 2.58468776 0.75146882
0.04598154 0.00211430 113.03180548 3752.99691201 85.31620000 0.94507593 89.52093579 2.58468776 0.75146882
0.05593248 0.00312844 123.00328915 4836.44649108 85.31620000 0.92174486 89.57064087 2.72975430 1.08142264
0.04927992 0.00242851 141.56309149 7372.69601485 85.31620000 0.90772817 89.63260657 2.42329732 1.30142957
0.04927992 0.00242851 141.56309149 7372.69601485 85.31620000 0.90772817 89.63260657 2.42329732 1.30142957
0.04627104 0.00214101 130.45165674 5769.32507310 85.31620000 0.90446772 89.60274481 2.62783235 1.51165469
0.04532663 0.00205450 136.58699411 6622.22992627 85.31620000 0.91781045 89.61499218 2.38754883 1.25371128
0.04532663 0.00205450 136.58699411 6622.22992627 85.31620000 0.91781045 89.61499218 2.38754883 1.25371128
0.05255383 0.00276191 117.84293774 4252.91687960 85.31620000 0.94589925 89.54009449 2.55353111 0.29933126
0.04653374 0.00216539 134.49583869 6322.70261095 85.31620000 0.93062224 89.60354794 2.31995237 1.00538284
0.04599545 0.00211558 117.74166699 4241.96180433 85.31620000 0.95052679 89.53744697 2.41682569 0.45052743
0.04599545 0.00211558 117.74166699 4241.96180433 85.31620000 0.95052679 89.53744697 2.41682569 0.45052743
0.04576654 0.00209458 109.84251500 3444.19409069 85.31620000 0.94610117 89.50649096 2.64388221 0.73766644
0.05079035 0.00257966 116.96427445 4158.49234530 85.31620000 0.94196572 89.53856642 2.59504884 0.65223911
0.05079035 0.00257966 116.96427445 4158.49234530 85.31620000 0.94196572 89.53856642 2.59504884 0.65223911
0.06199607 0.00384351 129.73533388 5674.80619806 85.31620000 0.91328298 89.59665813 2.72292362 1.07476873
0.06199607 0.00384351 129.73533388 5674.80619806 85.31620000 0.91328298 89.59665813 2.72292362 1.07476873
0.04722072 0.00222980 116.21444555 4079.02678002 85.31620000 0.94015891 89.53647995 2.58705589 0.86686461
0.04589964 0.00210678 126.65895059 5280.60726932 85.31620000 0.93752187 89.57589624 2.38587381 0.91129419
0.04787775 0.00229228 113.46130766 3795.94198743 85.31620000 0.94531780 89.52262716 2.59731817 0.65274090
0.05558528 0.00308972 131.60972902 5924.34303950 85.31620000 0.91010529 89.60378607 2.64835174 1.24921752
0.05558528 0.00308972 131.60972902 5924.34303950 85.31620000 0.91010529 89.60378607 2.64835174 1.24921752
0.05030193 0.00253028 120.83910302 4585.62663730 85.31620000 0.93225229 89.55796882 2.60942218 0.97734468
0.04584972 0.00210220 110.20198736 3478.11944641 85.31620000 0.95121708 89.50544086 2.57120997 0.44216053
0.04584972 0.00210220 110.20198736 3478.11944641 85.31620000 0.95121708 89.50544086 2.57120997 0.44216053
0.05015514 0.00251554 133.55868638 6191.45369969 85.31620000 0.90460360 89.61192816 2.60307587 1.41353240
0.06267037 0.00392758 112.92645992 3742.51331756 85.31620000 0.91810653 89.53417287 3.08859358 1.09005003
0.06035233 0.00364240 119.04342037 4384.22064305 85.31620000 0.93606991 89.54946349 2.72730200 0.44852893
0.04750300 0.00225653 113.98946562 3849.19901516 85.31620000 0.95229238 89.52133323 2.49505341 0.11288613
0.05944933 0.00353422 113.12280794 3762.06888021 85.31620000 0.93025153 89.52882988 2.92132780 0.79978254
0.05944933 0.00353422 113.12280794 3762.06888021 85.31620000 0.93025153 89.52882988 2.92132780 0.79978254
0.05411926 0.00292889 127.09891373 5335.82686521 85.31620000 0.92523669 89.58290261 2.59013700 1.00788435
0.04895310 0.00239641 137.82075062 6803.30663439 85.31620000 0.90580346 89.62343052 2.50167093 1.37073719
0.04895310 0.00239641 137.82075062 6803.30663439 85.31620000 0.90580346 89.62343052 2.50167093 1.37073719
0.05429939 0.00294842 122.80756118 4813.39534291 85.31620000 0.92143116 89.57010292 2.71929104 1.12978979
0.05429939 0.00294842 122.80756118 4813.39534291 85.31620000 0.92143116 89.57010292 2.71929104 1.12978979
0.06521004 0.00425235 125.95776768 5193.39168572 85.31620000 0.92284086 89.58021359 2.75297713 0.77095127
0.05363308 0.00287651 147.02595465 8259.58518943 85.31620000 0.89888055 89.64970550 2.43682260 1.31225751
0.04877887 0.00237938 145.35426761 7981.04159987 85.31620000 0.89536088 89.64706421 2.44892923 1.44015557
0.04877887 0.00237938 145.35426761 7981.04159987 85.31620000 0.89536088 89.64706421 2.44892923 1.44015557
0.04477323 0.00200464 136.56008949 6618.31739858 85.31620000 0.92245786 89.61296639 2.34125182 1.18391782
0.04774093 0.00227920 120.51481826 4548.80755265 85.31620000 0.91437847 89.56527728 2.76659597 1.43814849
0.04774093 0.00227920 120.51481826 4548.80755265 85.31620000 0.91437847 89.56527728 2.76659597 1.43814849
0.04968841 0.00246894 118.02967577 4273.16689522 85.31620000 0.94200232 89.54271390 2.55745133 0.69245822
0.04968841 0.00246894 118.02967577 4273.16689522 85.31620000 0.94200232 89.54271390 2.55745133 0.69245822
0.04527207 0.00204956 109.54054902 3415.86700038 85.31620000 0.95155554 89.50227744 2.57403148 0.46272321
0.04527207 0.00204956 109.54054902 3415.86700038 85.31620000 0.95155554 89.50227744 2.57403148 0.46272321
0.05216584 0.00272127 116.26974207 4084.85213143 85.31620000 0.93812794 89.53770127 2.67069762 0.75845889
0.05216584 0.00272127 116.26974207 4084.85213143 85.31620000 0.93812794 89.53770127 2.67069762 0.75845889
0.04672731 0.00218344 141.88058386 7422.41296613 85.31620000 0.90964543 89.63265445 2.37900650 1.30964926
0.04831964 0.00233479 122.10755226 4731.55387663 85.31620000 0.91679309 89.56981475 2.71371538 1.36282430
0.04831964 0.00233479 122.10755226 4731.55387663 85.31620000 0.91679309 89.56981475 2.71371538 1.36282430
0.04496486 0.00202184 149.52767081 8688.42222706 85.31620000 0.90563717 89.65297724 2.27239179 1.32150576
0.04496486 0.00202184 149.52767081 8688.42222706 85.31620000 0.90563717 89.65297724 2.27239179 1.32150576
0.04788496 0.00229297 119.59170021 4445.07746118 85.31620000 0.92948462 89.55468413 2.63709964 1.12464402
0.04778975 0.00228386 115.54050465 4008.47328140 85.31620000 0.94455122 89.53159802 2.55845034 0.67993363
0.04778975 0.00228386 115.54050465 4008.47328140 85.31620000 0.94455122 89.53159802 2.55845034 0.67993363
0.05344122 0.00285596 120.59547830 4557.94715731 85.31620000 0.92475923 89.56063593 2.72690443 1.09162239
0.04759912 0.00226568 131.19796614 5868.91095837 85.31620000 0.92918692 89.59420915 2.40356417 1.03827814
0.04759912 0.00226568 131.19796614 5868.91095837 85.31620000 0.92918692 89.59420915 2.40356417 1.03827814
0.04661042 0.00217253 141.14898951 7308.18500638 85.31620000 0.90548947 89.63243746 2.42366057 1.37790156
0.05214573 0.00271918 110.36052479 3493.15199993 85.31620000 0.93210077 89.51607628 2.88247663 1.01638215
0.04372784 0.00191212 116.80025591 4141.02255370 85.31620000 0.95052834 89.53371794 2.40581209 0.58400490
0.05016569 0.00251660 112.42419627 3692.79829977 85.31620000 0.94171384 89.52006008 2.69463258 0.71853461
0.06376104 0.00406547 125.95617965 5193.19525839 85.31620000 0.92339013 89.57995843 2.73300449 0.79988959
0.04513514 0.00203718 146.92760688 8243.02140954 85.31620000 0.88748390 89.65391534 2.44861348 1.56297606
0.04992603 0.00249261 117.34130131 4198.83601382 85.31620000 0.92406935 89.54878785 2.76864927 1.22625956
0.05231432 0.00273679 111.85827228 3637.31182192 85.31620000 0.94226297 89.51735059 2.73001207 0.58989368
0.05231432 0.00273679 111.85827228 3637.31182192 85.31620000 0.94226297 89.51735059 2.73001207 0.58989368
0.06484321 0.00420464 114.78706976 3930.56625652 85.31620000 0.93455781 89.53351183 2.89810121 0.19002342
0.06484321 0.00420464 114.78706976 3930.56625652 85.31620000 0.93455781 89.53351183 2.89810121 0.19002342
0.06874580 0.00472599 133.07242076 6124.07336620 85.31620000 0.91352284 89.60666971 2.71691187 0.88584575
0.06874580 0.00472599 133.07242076 6124.07336620 85.31620000 0.91352284 89.60666971 2.71691187 0.88584575
0.04627581 0.00214145 107.54161509 3232.25693904 85.31620000 0.94924999 89.49425416 2.66690026 0.55925171
0.05374778 0.00288882 112.63859378 3713.96556469 85.31620000 0.93658265 89.52358380 2.79436920 0.78078327
0.05530441 0.00305858 133.44480383 6175.62925213 85.31620000 0.92913608 89.60106348 2.44397611 0.83399825
0.05530441 0.00305858 133.44480383 6175.62925213 85.31620000 0.92913608 89.60106348 2.44397611 0.83399825
0.05352405 0.00286482 140.44396730 7199.22057527 85.31620000 0.90506353 89.63076606 2.50251592 1.28508210
0.05352405 0.00286482 140.44396730 7199.22057527 85.31620000 0.90506353 89.63076606 2.50251592 1.28508210
0.04397708 0.00193398 128.91300048 5567.57868334 85.31620000 0.92948281 89.58688493 2.40333584 1.13102708
0.04397708 0.00193398 128.91300048 5567.57868334 85.31620000 0.92948281 89.58688493 2.40333584 1.13102708
0.05067320 0.00256777 109.93853879 3453.23468278 85.31620000 0.94522524 89.50737853 2.71987238 0.52262081
0.05067320 0.00256777 109.93853879 3453.23468278 85.31620000 0.94522524 89.50737853 2.71987238 0.52262081
0.06604100 0.00436141 123.61414493 4908.86083559 85.31620000 0.92824394 89.56975021 2.76408782 0.54395221
0.04963811 0.00246394 110.40958179 3497.81235516 85.31620000 0.93019971 89.51727787 2.87071261 1.14951396
0.04963811 0.00246394 110.40958179 3497.81235516 85.31620000 0.93019971 89.51727787 2.87071261 1.14951396
0.05570104 0.00310261 113.41373906 3791.16964832 85.31620000 0.94060023 89.52481030 2.75483551 0.47985779
0.05473398 0.00299581 122.47354958 4774.22769401 85.31620000 0.93213386 89.56392338 2.62660198 0.83562179
0.05473398 0.00299581 122.47354958 4774.22769401 85.31620000 0.93213386 89.56392338 2.62660198 0.83562179
0.05913250 0.00349665 113.40202630 3789.99517537 85.31620000 0.93393744 89.52812767 2.87106528 0.65513887
0.05913250 0.00349665 113.40202630 3789.99517537 85.31620000 0.93393744 89.52812767 2.87106528 0.65513887
0.05309695 0.00281929 130.70883676 5803.51434032 85.31620000 0.92840254 89.59303444 2.47867965 0.92880994
0.05309695 0.00281929 130.70883676 5803.51434032 85.31620000 0.92840254 89.59303444 2.47867965 0.92880994
0.05099124 0.00260011 126.91871064 5313.16333870 85.31620000 0.92296803 89.58333457 2.58162586 1.13385027
0.05099124 0.00260011 126.91871064 5313.16333870 85.31620000 0.92296803 89.58333457 2.58162586 1.13385027
0.05984009 0.00358084 132.96698807 6109.52866792 85.31620000 0.90424798 89.61035447 2.70978352 1.26155799
0.05984009 0.00358084 132.96698807 6109.52866792 85.31620000 0.90424798 89.61035447 2.70978352 1.26155799
0.04937653 0.00243804 141.25089397 7324.02517246 85.31620000 0.90359639 89.63347055 2.46211813 1.36259097
0.05595625 0.00313110 137.70962405 6786.86312884 85.31620000 0.90761465 89.62237305 2.55442937 1.22925769
0.05595625 0.00313110 137.70962405 6786.86312884 85.31620000 0.90761465 89.62237305 2.55442937 1.22925769
0.04605937 0.00212147 117.87051880 4255.90375464 85.31620000 0.95328702 89.53661086 2.38153045 0.19523641
0.05266497 0.00277360 113.71521185 3821.48278267 85.31620000 0.92916804 89.53183045 2.83564448 1.05829120
0.05304960 0.00281426 122.08075256 4728.43917003 85.31620000 0.94090715 89.55840261 2.52465804 0.57026741
0.05304960 0.00281426 122.08075256 4728.43917003 85.31620000 0.94090715 89.55840261 2.52465804 0.57026741
0.04452193 0.00198220 103.09473677 2847.64400304 85.31620000 0.95393738 89.46983360 2.68999162 0.34291296
0.05884265 0.00346246 130.36077938 5757.27610577 85.31620000 0.91496370 89.59785459 2.66445716 1.10244765
0.05884265 0.00346246 130.36077938 5757.27610577 85.31620000 0.91496370 89.59785459 2.66445716 1.10244765
0.05197366 0.00270126 116.10891078 4067.92432993 85.31620000 0.94106068 89.53561363 2.63931574 0.64394531
0.05197366 0.00270126 116.10891078 4067.92432993 85.31620000 0.94106068 89.53561363 2.63931574 0.64394531
0.05223826 0.00272884 144.77304362 7885.68323066 85.31620000 0.90046263 89.64362813 2.45094448 1.33112157
0.05223826 0.00272884 144.77304362 7885.68323066 85.31620000 0.90046263 89.64362813 2.45094448 1.33112157
0.04952973 0.00245319 133.33204720 6159.98784316 85.31620000 0.90129450 89.61269053 2.62877987 1.47515310
0.04952973 0.00245319 133.33204720 6159.98784316 85.31620000 0.90129450 89.61269053 2.62877987 1.47515310
0.05021487 0.00252153 131.44478921 5902.09690494 85.31620000 0.90417328 89.60587467 2.64913854 1.44194589
0.05021487 0.00252153 131.44478921 5902.09690494 85.31620000 0.90417328 89.60587467 2.64913854 1.44194589
0.05261173 0.00276799 108.06168167 3279.37724123 85.31620000 0.94046817 89.50134464 2.85159934 0.68941130
0.04708525 0.00221702 125.82514551 5177.00443223 85.31620000 0.92634347 89.57817612 2.52858638 1.15754228
0.05731258 0.00328473 122.32490666 4756.86572026 85.31620000 0.91605794 89.57092349 2.81317781 1.18544563
0.04915059 0.00241578 127.65699395 5406.42339094 85.31620000 0.92825912 89.58336949 2.49635861 1.05195395
0.04932135 0.00243260 127.67807139 5409.10179560 85.31620000 0.91579710 89.58903077 2.61494966 1.30255819
0.05264264 0.00277125 113.23931704 3773.70491199 85.31620000 0.94135733 89.52369526 2.71139860 0.61273204
0.05264264 0.00277125 113.23931704 3773.70491199 85.31620000 0.94135733 89.52369526 2.71139860 0.61273204
0.05932994 0.00352004 130.65458166 5796.29050893 85.31620000 0.91199692 89.60005996 2.68849605 1.14978169
0.06478797 0.00419748 109.33315506 3396.50184996 85.31620000 0.92419063 89.51567433 3.15254873 0.85341781
0.04814159 0.00231761 118.15305559 4286.58150135 85.31620000 0.93861079 89.54483612 2.57337299 0.87300253
0.04570783 0.00208921 123.11234056 4849.32148900 85.31620000 0.93842623 89.56325757 2.44260396 0.91744487
0.05371438 0.00288524 120.41812869 4537.86774967 85.31620000 0.93301065 89.55606263 2.65060169 0.85492595
0.06200012 0.00384402 116.05051367 4061.78951470 85.31620000 0.93622021 89.53776983 2.81571459 0.32436943
0.06144263 0.00377520 117.76486605 4244.46972474 85.31620000 0.91616057 89.55425871 2.96665704 1.12803478
0.05469839 0.00299191 110.53191565 3509.45197448 85.31620000 0.94156423 89.51192098 2.80238630 0.49519357
0.04719666 0.00222752 127.67003582 5408.08057580 85.31620000 0.93140885 89.58199848 2.44358526 1.02501804
0.04469476 0.00199762 121.78820861 4694.52807076 85.31620000 0.94572962 89.55507301 2.37528459 0.72206965
0.04469476 0.00199762 121.78820861 4694.52807076 85.31620000 0.94572962 89.55507301 2.37528459 0.72206965
0.04955583 0.00245578 121.04074360 4608.62065614 85.31620000 0.93128844 89.55916147 2.60635141 1.02235707
0.04955583 0.00245578 121.04074360 4608.62065614 85.31620000 0.93128844 89.55916147 2.60635141 1.02235707
0.05625703 0.00316485 122.73557796 4804.93623854 85.31620000 0.91703766 89.57190183 2.78343861 1.18380773
0.05625703 0.00316485 122.73557796 4804.93623854 85.31620000 0.91703766 89.57190183 2.78343861 1.18380773
0.05228442 0.00273366 124.01796874 4957.12710253 85.31620000 0.92481315 89.57273626 2.63840661 1.08836762
0.04879077 0.00238054 129.52339280 5647.03980462 85.31620000 0.92475579 89.59092290 2.48973177 1.12100975
0.05380715 0.00289521 105.06424866 3013.98502566 85.31620000 0.94281571 89.48583760 2.92044890 0.49550357
0.05214452 0.00271905 129.49343964 5643.12296126 85.31620000 0.92256949 89.59179565 2.54606795 1.09462781
0.05214452 0.00271905 129.49343964 5643.12296126 85.31620000 0.92256949 89.59179565 2.54606795 1.09462781
0.05742988 0.00329819 121.39039704 4648.67525552 85.31620000 0.93176840 89.56020474 2.68449553 0.76399743
0.05742988 0.00329819 121.39039704 4648.67525552 85.31620000 0.93176840 89.56020474 2.68449553 0.76399743
0.04630196 0.00214387 106.29673456 3121.30337873 85.31620000 0.94718344 89.48944498 2.72568338 0.68235705
0.04950044 0.00245029 120.93806152 4596.90175795 85.31620000 0.93008906 89.55935541 2.62031991 1.05588518
0.04950044 0.00245029 120.93806152 4596.90175795 85.31620000 0.93008906 89.55935541 2.62031991 1.05588518
0.04467118 0.00199551 127.21248430 5350.14330277 85.31620000 0.94846536 89.57281264 2.24359915 0.58567552
0.04467118 0.00199551 127.21248430 5350.14330277 85.31620000 0.94846536 89.57281264 2.24359915 0.58567552
0.04697149 0.00220632 130.45452535 5769.70568041 85.31620000 0.91177096 89.59954587 2.57112581 1.38583798
0.04697149 0.00220632 130.45452535 5769.70568041 85.31620000 0.91177096 89.59954587 2.57112581 1.38583798
0.04625889 0.00213988 139.58021894 7067.20743090 85.31620000 0.92255412 89.62130134 2.30449012 1.12957755
0.05679972 0.00322621 117.18988176 4182.60219597 85.31620000 0.91884488 89.55075923 2.90362440 1.18442917
0.04523776 0.00204645 115.77180678 4032.59536164 85.31620000 0.95344983 89.52812977 2.41140979 0.28174259
0.04523776 0.00204645 115.77180678 4032.59536164 85.31620000 0.95344983 89.52812977 2.41140979 0.28174259
0.05274154 0.00278167 117.61286639 4228.05585856 85.31620000 0.93994632 89.54209491 2.62735082 0.65100415
0.05274154 0.00278167 117.61286639 4228.05585856 85.31620000 0.93994632 89.54209491 2.62735082 0.65100415
0.04927478 0.00242800 126.78971309 5296.97923143 85.31620000 0.92751827 89.58085435 2.52201842 1.07326171
0.05268754 0.00277598 137.45860638 6749.81737248 85.31620000 0.92728507 89.61348420 2.36273172 0.91874964
0.05321583 0.00283192 119.61155103 4447.29132029 85.31620000 0.94494444 89.54735232 2.53458236 0.32147001
0.04851312 0.00235352 112.20930082 3671.66273474 85.31620000 0.94176353 89.51911554 2.67744390 0.78811838
0.04730991 0.00223823 117.29034683 4193.36846027 85.31620000 0.94174055 89.53995925 2.54646400 0.80035384
0.05243582 0.00274952 139.76182799 7094.82895432 85.31620000 0.89937591 89.63129561 2.54896626 1.39126760
0.05844141 0.00341540 116.19785935 4077.28054532 85.31620000 0.91801419 89.54733344 2.95514617 1.17370495
0.05844141 0.00341540 116.19785935 4077.28054532 85.31620000 0.91801419 89.54733344 2.95514617 1.17370495
0.05106520 0.00260765 118.80612639 4358.05514625 85.31620000 0.93191728 89.55056632 2.66668229 0.98150619
0.04824261 0.00232735 125.82108335 5176.50304274 85.31620000 0.94435138 89.56996192 2.35695601 0.61386864
0.05128290 0.00262994 135.61509583 6481.87002783 85.31620000 0.89153421 89.62333459 2.67750355 1.55907220
0.04564950 0.00208388 132.99302492 6113.11837124 85.31620000 0.91123502 89.60742055 2.51351170 1.38994858
0.04564950 0.00208388 132.99302492 6113.11837124 85.31620000 0.91123502 89.60742055 2.51351170 1.38994858
0.05028776 0.00252886 120.96306579 4599.75361304 85.31620000 0.93781725 89.55578582 2.54796372 0.80738773
0.05676755 0.00322255 115.71052322 4026.19481338 85.31620000 0.93900216 89.53503407 2.73086128 0.50263940
0.05486637 0.00301032 131.42783580 5899.81348795 85.31620000 0.92297971 89.59762499 2.53287646 1.00888887
0.05486637 0.00301032 131.42783580 5899.81348795 85.31620000 0.92297971 89.59762499 2.53287646 1.00888887
0.05229871 0.00273516 121.19751218 4626.55072851 85.31620000 0.92707723 89.56172260 2.67742098 1.05748474
0.05468290 0.00299022 128.31335360 5490.24569984 85.31620000 0.91318918 89.59223007 2.68040395 1.24123947
0.04909874 0.00241069 117.65761841 4232.88405569 85.31620000 0.93883990 89.54280789 2.59355824 0.83634616
0.05787881 0.00334996 148.99046827 8595.11453515 85.31620000 0.89902683 89.65426811 2.43907167 1.23224518
0.04724004 0.00223162 103.10339949 2848.36189832 85.31620000 0.95125244 89.47137026 2.76884416 0.33869236
0.04724004 0.00223162 103.10339949 2848.36189832 85.31620000 0.95125244 89.47137026 2.76884416 0.33869236
0.05269305 0.00277656 113.38136672 3787.92416814 85.31620000 0.92971743 89.53017429 2.83839910 1.04454709
0.06701447 0.00449094 116.21903286 4079.50983080 85.31620000 0.93296998 89.54004250 2.90381430 0.03021759
0.06701447 0.00449094 116.21903286 4079.50983080 85.31620000 0.93296998 89.54004250 2.90381430 0.03021759
0.05893439 0.00347326 110.14192994 3472.43607155 85.31620000 0.93950727 89.51126284 2.89104350 0.32035502
0.06319166 0.00399319 116.39885110 4098.47503437 85.31620000 0.93645928 89.53903546 2.81890525 0.14318810
0.06319166 0.00399319 116.39885110 4098.47503437 85.31620000 0.93645928 89.53903546 2.81890525 0.14318810
0.04710303 0.00221870 120.27165767 4521.32892769 85.31620000 0.94769701 89.54852538 2.41323753 0.53875035
0.04710303 0.00221870 120.27165767 4521.32892769 85.31620000 0.94769701 89.54852538 2.41323753 0.53875035
0.05836533 0.00340651 119.48019486 4432.65549675 85.31620000 0.93732611 89.55050809 2.68115124 0.49083472
0.05836533 0.00340651 119.48019486 4432.65549675 85.31620000 0.93732611 89.55050809 2.68115124 0.49083472
0.04529364 0.00205151 134.10962176 6268.39024128 85.31620000 0.91862265 89.60753291 2.42406460 1.26358947
0.04591642 0.00210832 145.15771401 7948.70855249 85.31620000 0.89843226 89.64537396 2.40448364 1.44171733
0.06166265 0.00380228 124.57634168 5024.38525580 85.31620000 0.92272104 89.57561360 2.74725821 0.89194611
0.06166265 0.00380228 124.57634168 5024.38525580 85.31620000 0.92272104 89.57561360 2.74725821 0.89194611
0.04955581 0.00245578 146.07294699 8100.01058377 85.31620000 0.88825087 89.65158956 2.49465924 1.50889217
0.04955581 0.00245578 146.07294699 8100.01058377 85.31620000 0.88825087 89.65158956 2.49465924 1.50889217
0.04876480 0.00237801 119.40376944 4424.15490245 85.31620000 0.94215640 89.54790250 2.51485060 0.71568672
0.05350859 0.00286317 122.85522194 4819.00165350 85.31620000 0.92790121 89.56725219 2.64671737 0.99033933
0.04924526 0.00242510 116.42910814 4101.67197270 85.31620000 0.94502745 89.53493864 2.55217210 0.58333053
0.04614998 0.00212982 110.29275730 3486.72098268 85.31620000 0.94935623 89.50681460 2.59724738 0.54652616
0.05886039 0.00346455 126.21889572 5225.75857227 85.31620000 0.93172001 89.57705137 2.59784412 0.68588179
0.05256703 0.00276329 130.14963459 5729.34628699 85.31620000 0.92968700 89.59072037 2.47162376 0.91402286
0.05256703 0.00276329 130.14963459 5729.34628699 85.31620000 0.92968700 89.59072037 2.47162376 0.91402286
0.05349659 0.00286188 115.69146661 4024.20589323 85.31620000 0.93656240 89.53616580 2.71775782 0.77082159
0.05541374 0.00307068 114.39013837 3889.93163622 85.31620000 0.93531014 89.53151625 2.78614465 0.75243503
0.05541374 0.00307068 114.39013837 3889.93163622 85.31620000 0.93531014 89.53151625 2.78614465 0.75243503
0.05227556 0.00273273 139.34394604 7031.37932983 85.31620000 0.88990713 89.63408335 2.62670097 1.52465706
0.04824382 0.00232747 119.41656040 4425.57684894 85.31620000 0.94734694 89.54546044 2.44916254 0.49945721
0.04824382 0.00232747 119.41656040 4425.57684894 85.31620000 0.94734694 89.54546044 2.44916254 0.49945721
0.05041681 0.00254185 120.02016347 4493.02520343 85.31620000 0.93337303 89.55441758 2.61682663 0.94878026
0.04999744 0.00249974 132.91251655 6102.02321796 85.31620000 0.92450589 89.60146182 2.44103882 1.07206993
0.05117093 0.00261846 112.15738722 3666.56901114 85.31620000 0.92991764 89.52494465 2.84826259 1.09540929
0.04985341 0.00248536 115.90084669 4046.09465749 85.31620000 0.93419397 89.53817463 2.69394160 0.97502621
0.06159079 0.00379342 117.51866864 4217.90506965 85.31620000 0.92585574 89.54859789 2.88067742 0.84846794
0.05232059 0.00273744 121.77011592 4692.43614410 85.31620000 0.91667971 89.56867599 2.76620242 1.28679173
0.05232059 0.00273744 121.77011592 4692.43614410 85.31620000 0.91667971 89.56867599 2.76620242 1.28679173
0.05002740 0.00250274 122.53026755 4780.86365591 85.31620000 0.93325965 89.56359880 2.55986723 0.94371476
0.05002740 0.00250274 122.53026755 4780.86365591 85.31620000 0.93325965 89.56359880 2.55986723 0.94371476
0.05856180 0.00342948 123.51138565 4896.62893860 85.31620000 0.92192240 89.57232483 2.74519321 1.00632843
0.05856180 0.00342948 123.51138565 4896.62893860 85.31620000 0.92192240 89.57232483 2.74519321 1.00632843
0.05914915 0.00349862 121.19952569 4626.78132112 85.31620000 0.93861033 89.55627757 2.63901111 0.34897650
0.05914915 0.00349862 121.19952569 4626.78132112 85.31620000 0.93861033 89.55627757 2.63901111 0.34897650
0.05501259 0.00302639 130.00974925 5710.89236465 85.31620000 0.92389469 89.59283275 2.55371690 0.99537181
0.06057057 0.00366879 132.20153947 6004.62306777 85.31620000 0.92327618 89.59985142 2.57305188 0.85520287
0.06057057 0.00366879 132.20153947 6004.62306777 85.31620000 0.92327618 89.59985142 2.57305188 0.85520287
0.05691766 0.00323962 116.51446359 4110.69952852 85.31620000 0.92951199 89.54290929 2.81422733 0.89175260
0.04463580 0.00199235 139.06812844 6989.70815736 85.31620000 0.92480524 89.61897936 2.27683229 1.12342175
0.05237806 0.00274346 118.06251526 4276.73466742 85.31620000 0.93501899 89.54623022 2.66622202 0.85038285
0.05237806 0.00274346 118.06251526 4276.73466742 85.31620000 0.93501899 89.54623022 2.66622202 0.85038285
0.05433660 0.00295247 126.12898644 5214.59915948 85.31620000 0.93154775 89.57682812 2.55180435 0.84119539
0.05351386 0.00286373 125.14607174 5093.63567557 85.31620000 0.91382288 89.58161963 2.73031042 1.28383686
0.04845041 0.00234744 118.74765068 4351.62328216 85.31620000 0.93866800 89.54708767 2.56366217 0.85648991
0.05769504 0.00332872 129.64227898 5662.60389723 85.31620000 0.91800392 89.59428213 2.64121089 1.06896188
0.04949509 0.00244976 142.92805782 7588.02389624 85.31620000 0.90400005 89.63760976 2.43117005 1.33920660
0.04758881 0.00226469 127.43455571 5378.21104678 85.31620000 0.92151722 89.58567354 2.54836296 1.23063878
0.06334213 0.00401223 123.35290434 4877.80406245 85.31620000 0.92401430 89.57080366 2.78044183 0.81044855
0.05209337 0.00271372 130.22060098 5738.72348049 85.31620000 0.92794096 89.59171168 2.48164232 0.96864600
0.05209337 0.00271372 130.22060098 5738.72348049 85.31620000 0.92794096 89.59171168 2.48164232 0.96864600
0.06770974 0.00458461 132.55063937 6052.31737421 85.31620000 0.91435544 89.60476144 2.71100035 0.89487388
0.06770974 0.00458461 132.55063937 6052.31737421 85.31620000 0.91435544 89.60476144 2.71100035 0.89487388
0.04632818 0.00214630 128.28059495 5486.04176245 85.31620000 0.93253724 89.58348401 2.41105064 1.01446082
0.05038118 0.00253826 129.50580847 5644.74016008 85.31620000 0.92743478 89.58968209 2.48179936 1.02700749
0.04690638 0.00220021 109.02936590 3368.26825216 85.31620000 0.95091159 89.50028223 2.61799530 0.38532768
0.04685573 0.00219546 141.03941626 7291.17829416 85.31620000 0.90241766 89.63339982 2.45210746 1.41780748
0.05651407 0.00319384 129.93767013 5701.39904743 85.31620000 0.91342064 89.59722551 2.66321050 1.18521330
0.05651407 0.00319384 129.93767013 5701.39904743 85.31620000 0.91342064 89.59722551 2.66321050 1.18521330
0.05261788 0.00276864 119.23832957 4405.79070895 85.31620000 0.94370993 89.54652870 2.54880971 0.45552236
0.05131054 0.00263277 116.75998203 4136.74043392 85.31620000 0.93946776 89.53898487 2.63408344 0.73660996
0.05166003 0.00266876 132.75468063 6080.31024781 85.31620000 0.91781413 89.60387615 2.52076384 1.17182086
0.05610280 0.00314752 117.70507416 4238.00796674 85.31620000 0.93625545 89.54425031 2.70589296 0.66375008
0.05610280 0.00314752 117.70507416 4238.00796674 85.31620000 0.93625545 89.54425031 2.70589296 0.66375008
0.04555872 0.00207560 128.15580141 5470.04658827 85.31620000 0.92791365 89.58514558 2.45058288 1.13649162
0.04555872 0.00207560 128.15580141 5470.04658827 85.31620000 0.92791365 89.58514558 2.45058288 1.13649162
0.05637172 0.00317777 116.81484960 4142.57495709 85.31620000 0.94002572 89.53892773 2.68911477 0.45963685
0.05967347 0.00356092 136.51431505 6611.66432170 85.31620000 0.90038657 89.62210026 2.66778026 1.29455740
0.05097737 0.00259869 119.46675025 4431.15930064 85.31620000 0.93107980 89.55345330 2.65964386 1.00206395
0.04930008 0.00243050 112.08502837 3659.47707696 85.31620000 0.93090106 89.52413524 2.81572546 1.12239114
0.04930008 0.00243050 112.08502837 3659.47707696 85.31620000 0.93090106 89.52413524 2.81572546 1.12239114
0.05864795 0.00343958 117.55923196 4222.27419602 85.31620000 0.93627673 89.54367453 2.73939144 0.54123594
0.05879002 0.00345627 135.03627865 6399.22817851 85.31620000 0.92004380 89.60962317 2.52911641 0.95802477
0.05391414 0.00290673 113.49388221 3799.21235234 85.31620000 0.93530229 89.52782054 2.78959754 0.81800468
0.05911482 0.00349456 127.57608672 5396.15035697 85.31620000 0.91170328 89.59054086 2.75375308 1.18790370
0.04922239 0.00242284 144.88433049 7903.88235952 85.31620000 0.89969885 89.64420391 2.42847006 1.38306350
0.05430937 0.00294951 138.82774508 6953.52502329 85.31620000 0.89880326 89.62905114 2.58740381 1.38067861
0.04318829 0.00186523 112.02593999 3653.69257788 85.31620000 0.94944803 89.51439804 2.51459497 0.68933209
0.04967220 0.00246733 123.22684092 4862.86437861 85.31620000 0.91823973 89.57304961 2.69001692 1.29516811
0.05517431 0.00304420 125.84144436 5179.01651376 85.31620000 0.92476139 89.57895110 2.63189126 1.00315001
0.04901531 0.00240250 118.29987907 4302.58159290 85.31620000 0.93904228 89.54519206 2.57620822 0.82775613
0.05187823 0.00269135 123.84655406 4936.60063102 85.31620000 0.92703647 89.57111626 2.61586758 1.04647808
0.04670951 0.00218178 142.67059168 7547.09123223 85.31620000 0.91053253 89.63433231 2.35853496 1.28966933
0.04298505 0.00184771 115.52085862 4006.42887626 85.31620000 0.94969742 89.52896587 2.43264776 0.66645649
0.04298505 0.00184771 115.52085862 4006.42887626 85.31620000 0.94969742 89.52896587 2.43264776 0.66645649
0.04728431 0.00223581 121.45337311 4655.91406315 85.31620000 0.94026603 89.55642390 2.47505813 0.82385015
0.05399245 0.00291518 118.73829731 4350.59507299 85.31620000 0.92130590 89.55543013 2.81025853 1.17892718
0.04905650 0.00240654 137.81013832 6801.73517526 85.31620000 0.89444862 89.62812249 2.59257092 1.52710934
0.04630170 0.00214385 133.36297330 6164.27522677 85.31620000 0.90403236 89.61160407 2.57441687 1.48452885
0.05492647 0.00301692 125.46879342 5133.14317219 85.31620000 0.92661036 89.57685617 2.61946029 0.96569176
0.05427485 0.00294576 113.72736532 3822.70819201 85.31620000 0.93751070 89.52767731 2.76388525 0.71282732
0.05383397 0.00289810 119.95565856 4485.78475920 85.31620000 0.93231131 89.55468511 2.66944280 0.87657130
0.05383397 0.00289810 119.95565856 4485.78475920 85.31620000 0.93231131 89.55468511 2.66944280 0.87657130
0.05106111 0.00260724 121.00061183 4604.03813061 85.31620000 0.92940860 89.55990542 2.64401515 1.03171704
0.05055375 0.00255568 113.23421301 3773.19465914 85.31620000 0.94643946 89.52110218 2.62467194 0.43459859
0.05012200 0.00251221 144.70371786 7874.36028310 85.31620000 0.88909214 89.64795965 2.51703096 1.50594947
0.04803727 0.00230758 144.34933834 7816.64890538 85.31620000 0.89442173 89.64497989 2.46649907 1.47175861
0.05448889 0.00296904 116.39276100 4097.83175947 85.31620000 0.94193570 89.53631541 2.65453020 0.46002488
0.04675504 0.00218603 117.21629449 4185.43090841 85.31620000 0.94971262 89.53577171 2.44755296 0.45589536
0.06373845 0.00406259 124.40420889 5003.58675614 85.31620000 0.92118181 89.57573532 2.78699563 0.87684863
0.05324485 0.00283501 119.94868102 4485.00202158 85.31620000 0.93927088 89.55133473 2.58949801 0.64559380
0.05324485 0.00283501 119.94868102 4485.00202158 85.31620000 0.93927088 89.55133473 2.58949801 0.64559380
0.05313694 0.00282353 113.90907226 3841.06058269 85.31620000 0.93600826 89.52918652 2.76194736 0.81803255
0.05313694 0.00282353 113.90907226 3841.06058269 85.31620000 0.93600826 89.52918652 2.76194736 0.81803255
0.05250452 0.00275672 125.48031787 5134.55775721 85.31620000 0.91745869 89.58107391 2.67916671 1.22939092
0.05250452 0.00275672 125.48031787 5134.55775721 85.31620000 0.91745869 89.58107391 2.67916671 1.22939092
0.04757735 0.00226360 148.61746105 8530.72075096 85.31620000 0.89455330 89.65512506 2.39084231 1.43379206
0.05103385 0.00260445 104.84750534 2995.37028975 85.31620000 0.94862321 89.48160094 2.81322320 0.15858675
0.04650323 0.00216255 126.95328914 5317.50717320 85.31620000 0.93922188 89.57611228 2.36964579 0.84389864
0.04873777 0.00237537 116.61854435 4121.72546509 85.31620000 0.93921428 89.53855027 2.60793687 0.84349337
0.04917894 0.00241857 117.23865491 4187.82663013 85.31620000 0.94385756 89.53872177 2.54714180 0.63858316
0.04917894 0.00241857 117.23865491 4187.82663013 85.31620000 0.94385756 89.53872177 2.54714180 0.63858316
0.05562067 0.00309366 127.09244067 5335.01165628 85.31620000 0.91816064 89.58607147 2.67130477 1.13329510
0.04948347 0.00244861 142.15077054 7464.89781843 85.31620000 0.88842317 89.64190676 2.56161541 1.54938334
0.04885308 0.00238662 112.54790198 3705.00180502 85.31620000 0.94854075 89.51711206 2.59227482 0.40748689
0.04913662 0.00241441 118.30811375 4303.48014514 85.31620000 0.93149514 89.54887885 2.65934765 1.05193323
0.04660266 0.00217181 116.46950518 4105.94288597 85.31620000 0.94664557 89.53430391 2.49794886 0.63384845
0.04660266 0.00217181 116.46950518 4105.94288597 85.31620000 0.94664557 89.53430391 2.49794886 0.63384845
0.04877023 0.00237853 106.76601893 3162.82643733 85.31620000 0.94758093 89.49147583 2.74387270 0.50815393
0.05118993 0.00262041 112.88379426 3738.27295218 85.31620000 0.93287640 89.52649989 2.79751699 0.99978760
0.04590912 0.00210765 130.54926297 5782.28489710 85.31620000 0.92872553 89.59239523 2.40163615 1.09107364
0.05634443 0.00317469 135.72841061 6498.13161512 85.31620000 0.89975528 89.62017858 2.65771972 1.36608186
0.05094141 0.00259503 118.32758573 4305.60538551 85.31620000 0.93322749 89.54811424 2.66210275 0.95086514
0.04739639 0.00224642 109.79328133 3439.56489045 85.31620000 0.94668574 89.50596458 2.66038003 0.62937844
0.05349899 0.00286214 117.49609853 4215.47532037 85.31620000 0.93337030 89.54484666 2.71014419 0.87154846
0.05349899 0.00286214 117.49609853 4215.47532037 85.31620000 0.93337030 89.54484666 2.71014419 0.87154846
0.05897996 0.00347864 131.01217734 5844.01344012 85.31620000 0.91070766 89.60171545 2.68857165 1.17866545
0.04965780 0.00246590 116.27339120 4085.23675285 85.31620000 0.92308257 89.54512988 2.80115340 1.26678988
0.05319722 0.00282994 135.82645356 6512.22349799 85.31620000 0.90475879 89.61834207 2.58698507 1.33887334
0.05699392 0.00324831 132.56347009 6054.07511303 85.31620000 0.92837562 89.59873983 2.48457871 0.81356061
0.05120896 0.00262236 131.28753995 5880.93995007 85.31620000 0.90596933 89.60461876 2.64690691 1.39912308
0.05120896 0.00262236 131.28753995 5880.93995007 85.31620000 0.90596933 89.60461876 2.64690691 1.39912308
0.05633156 0.00317325 112.22737277 3673.43704722 85.31620000 0.94202767 89.51905812 2.77573487 0.32304895
0.04254418 0.00181001 116.40881075 4099.52718093 85.31620000 0.94389170 89.53541658 2.47864100 0.89918286
0.05025532 0.00252560 116.29016085 4087.00460016 85.31620000 0.93027193 89.54165319 2.73222242 1.07240396
0.06017706 0.00362128 129.93141414 5700.57558612 85.31620000 0.92492229 89.59213411 2.59931121 0.83618457
0.06017706 0.00362128 129.93141414 5700.57558612 85.31620000 0.92492229 89.59213411 2.59931121 0.83618457
0.04870881 0.00237255 120.02946537 4494.06995045 85.31620000 0.94021698 89.55118507 2.52247696 0.78592100
0.04766060 0.00227153 132.38897558 6030.19946494 85.31620000 0.90595686 89.60791366 2.59037591 1.44539427
0.05149590 0.00265183 132.63394569 6063.73595209 85.31620000 0.90711772 89.60813635 2.61321217 1.36182747
0.05194006 0.00269777 111.60372342 3612.53667929 85.31620000 0.94624031 89.51420773 2.68401756 0.34288273
0.05586548 0.00312095 135.29356449 6435.87543558 85.31620000 0.92034314 89.61023878 2.49315150 1.01464564
0.06530043 0.00426415 117.47212935 4212.89597870 85.31620000 0.92433673 89.54915996 2.93841774 0.77011387
0.05162835 0.00266549 142.18181913 7469.79033981 85.31620000 0.92250013 89.62825251 2.31449976 1.00853534
0.05356043 0.00286872 118.36084863 4309.23743420 85.31620000 0.94198228 89.54400311 2.59848254 0.50522359
0.05632255 0.00317223 128.18719171 5474.06704980 85.31620000 0.92804714 89.58518751 2.56533303 0.86969013
0.05427136 0.00294538 120.56249752 4554.20862075 85.31620000 0.92889793 89.55854881 2.69573632 0.96028971
0.05427136 0.00294538 120.56249752 4554.20862075 85.31620000 0.92889793 89.55854881 2.69573632 0.96028971
0.05080358 0.00258100 104.88758467 2998.80666174 85.31620000 0.94280729 89.48497616 2.88344961 0.68323166
0.05119461 0.00262089 116.71742887 4132.21917899 85.31620000 0.94325689 89.53695667 2.59102057 0.57217251
0.05358825 0.00287170 134.73149138 6355.99525544 85.31620000 0.89208028 89.62063206 2.71185166 1.52893951
0.04921384 0.00242200 112.62694254 3712.81317593 85.31620000 0.94433781 89.51958915 2.64617700 0.63974815
0.05357207 0.00286997 119.62400458 4448.68057596 85.31620000 0.94155125 89.54902471 2.57586666 0.52281587
0.05413344 0.00293043 104.68890266 2981.79756460 85.31620000 0.94528995 89.48263991 2.90445721 0.20559628
0.05831039 0.00340010 119.40939114 4424.77981866 85.31620000 0.92768934 89.55486568 2.78012934 0.88304849
0.05498931 0.00302382 104.53572275 2968.72788406 85.31620000 0.94362034 89.48279693 2.94166631 0.31950853
0.05372050 0.00288589 126.90493644 5311.43365040 85.31620000 0.92334846 89.58311758 2.60753499 1.06344632
0.05984256 0.00358113 117.43646185 4209.05971959 85.31620000 0.94003161 89.54136545 2.71678126 0.08536808
0.05984256 0.00358113 117.43646185 4209.05971959 85.31620000 0.94003161 89.54136545 2.71678126 0.08536808
0.05139919 0.00264188 142.49877803 7519.85788900 85.31620000 0.89953797 89.63831219 2.48963984 1.37731832
0.05549005 0.00307915 128.38499761 5499.44730413 85.31620000 0.91074225 89.59354967 2.70840846 1.27069699
0.05626477 0.00316572 133.79963209 6225.02314693 85.31620000 0.90660517 89.61176988 2.64026291 1.27684106
0.05342007 0.00285370 146.87119691 8233.53081461 85.31620000 0.89129567 89.65229538 2.49182506 1.41456664
0.05280866 0.00278875 116.52043296 4111.33137016 85.31620000 0.94545418 89.53509331 2.59085213 0.32074479
0.05280866 0.00278875 116.52043296 4111.33137016 85.31620000 0.94545418 89.53509331 2.59085213 0.32074479
0.05259238 0.00276596 116.74525051 4135.17484341 85.31620000 0.94254875 89.53741457 2.61600308 0.53500936
0.06212070 0.00385898 114.56404584 3907.70022596 85.31620000 0.93219089 89.53378747 2.89608458 0.58679078
0.05164129 0.00266682 110.12720624 3471.04367935 85.31620000 0.94665394 89.50747916 2.71090215 0.33639797
0.04828927 0.00233185 129.90932090 5697.66814294 85.31620000 0.91512496 89.59638592 2.56545472 1.31121149
0.05137380 0.00263927 109.94116346 3453.48201563 85.31620000 0.93700461 89.51167463 2.82718171 0.87762602
0.05542202 0.00307160 116.33351446 4091.57727791 85.31620000 0.93869569 89.53767506 2.70310681 0.58970124
0.05405724 0.00292219 124.65379991 5033.76316790 85.31620000 0.93372905 89.57081746 2.55722651 0.79225401
0.04421800 0.00195523 117.77552667 4245.62251658 85.31620000 0.95064575 89.53752208 2.39101933 0.54762720
0.05549882 0.00308012 138.97048673 6974.99577104 85.31620000 0.90185906 89.62817227 2.57197949 1.31600450
0.04799039 0.00230308 140.93055181 7274.30774204 85.31620000 0.91457898 89.62817230 2.36650173 1.22246091
0.05655668 0.00319866 123.79218228 4930.10160653 85.31620000 0.93134536 89.56893351 2.62683257 0.79294725
0.04890261 0.00239147 120.84235449 4585.99680979 85.31620000 0.92777674 89.56010279 2.63921183 1.12903081
0.04968115 0.00246822 117.60555349 4227.26723495 85.31620000 0.94272958 89.54071043 2.55836869 0.66429338
0.05067874 0.00256833 124.83331820 5055.54239819 85.31620000 0.92046064 89.57752475 2.64526809 1.21289366
0.04651396 0.00216355 157.56777461 10166.66274156 85.31620000 0.89379845 89.67498968 2.25170109 1.37354122
0.05840941 0.00341166 116.24980952 4082.75164777 85.31620000 0.93269099 89.54030178 2.80518805 0.72413098
0.04732982 0.00224011 115.15726982 3968.71847407 85.31620000 0.95039626 89.52713091 2.49070561 0.37233254
0.05227376 0.00273255 117.60637330 4227.35563785 85.31620000 0.93814249 89.54294845 2.64150419 0.74507367
0.05562520 0.00309416 117.10629237 4173.65845787 85.31620000 0.93430381 89.54287483 2.73473481 0.76557677
0.04419130 0.00195287 125.94583129 5191.91536952 85.31620000 0.93961775 89.57254138 2.35712688 0.90659003
0.05805150 0.00336998 113.96747871 3846.97208136 85.31620000 0.94090038 89.52696827 2.76759424 0.25406210
0.05699096 0.00324797 119.43891677 4428.06289484 85.31620000 0.93495150 89.55149189 2.69060580 0.67128184
0.05231923 0.00273730 147.58768873 8354.61819972 85.31620000 0.89314720 89.65326459 2.45751955 1.39923154
0.04833261 0.00233604 155.55176478 9781.40048635 85.31620000 0.88193752 89.67514629 2.37468039 1.49826139
0.05206383 0.00271064 111.09844446 3563.69188108 85.31620000 0.94705311 89.51157909 2.68805306 0.23999337
0.05060411 0.00256078 125.02475582 5078.83680339 85.31620000 0.93239967 89.57270013 2.52399610 0.93233374
0.06232276 0.00388413 122.62085190 4791.47470789 85.31620000 0.93476963 89.56321561 2.68279208 0.39220579
0.05278895 0.00278667 114.14851056 3865.33340633 85.31620000 0.93230835 89.53203132 2.79246601 0.95563743
0.04449841 0.00198011 115.85116239 4040.89345553 85.31620000 0.94356201 89.53334332 2.52026761 0.84717119
0.05496741 0.00302142 120.53257689 4550.81873678 85.31620000 0.94214115 89.55214380 2.56689877 0.39945201
0.05041107 0.00254128 114.21052087 3871.63626778 85.31620000 0.94422687 89.52630606 2.62642348 0.57509061
0.04988100 0.00248811 122.46830867 4773.61482152 85.31620000 0.93751229 89.56138839 2.51505541 0.82099663
0.04570171 0.00208865 112.41484754 3691.87714304 85.31620000 0.94744253 89.51710026 2.56591160 0.66204581
0.04729917 0.00223721 113.34110446 3783.89027196 85.31620000 0.94434493 89.52261269 2.60405191 0.72402920
0.05521686 0.00304890 119.83820030 4472.62047656 85.31620000 0.93912415 89.55099124 2.61706354 0.56157817
0.05833731 0.00340324 112.82055594 3731.99384826 85.31620000 0.92756966 89.52892959 2.94408536 0.93767710
0.05511520 0.00303769 122.43157612 4769.32078475 85.31620000 0.91577881 89.57142796 2.78982409 1.23890204
0.05733969 0.00328784 117.00376972 4162.70635623 85.31620000 0.93726477 89.54102427 2.72623169 0.56104102
0.05548641 0.00307874 120.79613192 4580.73634883 85.31620000 0.92994396 89.55890648 2.69386970 0.89169192
0.04568721 0.00208732 127.11278998 5337.57470087 85.31620000 0.91465568 89.58771763 2.59878258 1.39597210
0.06553020 0.00429421 121.33485551 4642.29724582 85.31620000 0.92434160 89.56351055 2.84730272 0.73706172
0.05660871 0.00320455 134.42607584 6312.86897599 85.31620000 0.89197200 89.61981628 2.74626685 1.48950985
0.04906054 0.00240694 119.18148987 4399.49312521 85.31620000 0.93562908 89.55019737 2.59484647 0.92945175
0.04959681 0.00245984 126.48527561 5258.91470662 85.31620000 0.92336884 89.58172517 2.57159856 1.15979445
0.05334892 0.00284611 118.68472420 4344.70894028 85.31620000 0.94036856 89.54602655 2.60643040 0.59795256
0.05786204 0.00334802 113.14821435 3764.60423472 85.31620000 0.93760719 89.52521080 2.82185868 0.53161284
0.05501440 0.00302658 121.39949471 4649.72052717 85.31620000 0.93200177 89.56012756 2.65439498 0.83814866
0.05216545 0.00272123 150.38492597 8838.71503004 85.31620000 0.88852237 89.66147619 2.44243952 1.43036543
0.05454050 0.00297467 116.76779457 4137.57087205 85.31620000 0.94276302 89.53739874 2.63745049 0.39829903
0.05692283 0.00324021 122.65441810 4795.41063534 85.31620000 0.92277524 89.56893827 2.73850892 1.03425922
0.04895749 0.00239684 120.30037230 4524.56807750 85.31620000 0.95094306 89.54708709 2.39877587 0.07451377
0.04335259 0.00187945 106.07191867 3101.54071578 85.31620000 0.95141483 89.48607713 2.63150497 0.61399451
0.04647541 0.00215996 127.02546844 5326.58213793 85.31620000 0.92587674 89.58237273 2.50252349 1.16964574
0.05637521 0.00317816 114.18747752 3869.29329268 85.31620000 0.93498824 89.53084629 2.80641307 0.72707282
0.05112523 0.00261379 118.36778470 4309.99505611 85.31620000 0.93781823 89.54604550 2.61404906 0.79530450
0.04772581 0.00227775 119.24601593 4406.64278424 85.31620000 0.93792311 89.54933849 2.55223869 0.90024019
0.04928502 0.00242901 144.78298966 7887.30860285 85.31620000 0.89464674 89.64595421 2.46821892 1.44804881
0.05453444 0.00297401 119.42141822 4426.11696322 85.31620000 0.94098736 89.54853021 2.59801412 0.50164738
0.04706458 0.00221508 144.55190680 7849.60291027 85.31620000 0.90510634 89.64124228 2.37365585 1.34416198
0.06468689 0.00418439 122.79858947 4812.34049133 85.31620000 0.93051317 89.56583387 2.74625079 0.50230273
0.04621221 0.00213557 137.81773714 6802.86037623 85.31620000 0.91437648 89.61985809 2.40440777 1.28326270
0.05579177 0.00311272 110.85485252 3540.30222793 85.31620000 0.94081697 89.51372910 2.81710460 0.47010347
0.05616969 0.00315503 117.33886767 4198.57476964 85.31620000 0.94225503 89.53989826 2.65032959 0.30277779
0.05286198 0.00279439 121.88293469 4705.49071335 85.31620000 0.92196071 89.56659264 2.71894016 1.16006789
0.05598667 0.00313451 120.36489784 4531.85251404 85.31620000 0.92083684 89.56166141 2.79897340 1.12577545
0.05325671 0.00283628 141.71299358 7396.14181423 85.31620000 0.89931048 89.63639862 2.52162530 1.36098674
0.05739623 0.00329433 120.05569662 4497.01699783 85.31620000 0.93561487 89.55347953 2.67466730 0.62201498
0.04754647 0.00226067 123.03279182 4839.92742970 85.31620000 0.93171992 89.56609837 2.53654002 1.04708645
0.05132925 0.00263469 129.09707348 5591.46234768 85.31620000 0.92482625 89.58954070 2.52435062 1.06710806
0.04956430 0.00245662 121.64925136 4678.47738651 85.31620000 0.93859064 89.55792728 2.51670610 0.80146418
0.04964893 0.00246502 123.06980562 4844.29694783 85.31620000 0.91915091 89.57208060 2.68446316 1.27907238
0.06016954 0.00362037 125.43172077 5128.59440044 85.31620000 0.91102686 89.58384966 2.81750184 1.19979499
0.05702029 0.00325131 113.14136876 3763.92098878 85.31620000 0.94162144 89.52314916 2.76666139 0.29146769
0.04741002 0.00224771 128.68278700 5537.80408839 85.31620000 0.92489867 89.58818699 2.48977613 1.15489977
0.05906605 0.00348880 116.04748081 4061.47107134 85.31620000 0.93211499 89.53978467 2.82387884 0.72186276
0.05967993 0.00356169 126.91154626 5312.26362818 85.31620000 0.90672202 89.59064570 2.81660727 1.27937702
0.05586695 0.00312112 128.44321921 5506.93256660 85.31620000 0.90586143 89.59591120 2.75275047 1.35025711
0.04805439 0.00230922 119.18079638 4399.41632717 85.31620000 0.93634739 89.54984941 2.57487478 0.93858242
0.05703869 0.00325341 125.19246370 5099.30244542 85.31620000 0.93200272 89.57345423 2.59637415 0.74627808
0.05208124 0.00271246 140.16318298 7156.12745537 85.31620000 0.90557011 89.62981929 2.49041673 1.30281587
0.05887735 0.00346654 126.53271703 5264.83438297 85.31620000 0.91446772 89.58591266 2.74980736 1.14559596
0.05216578 0.00272127 111.14442413 3568.11836556 85.31620000 0.94447463 89.51311042 2.71933096 0.46758430
0.05472100 0.00299439 134.69911650 6351.41447385 85.31620000 0.89954466 89.61736575 2.66467084 1.40551919
0.04587220 0.00210426 117.12745308 4175.92136455 85.31620000 0.93933287 89.54049726 2.55921583 0.93139287
0.06754467 0.00456228 121.61652850 4674.70296178 85.31620000 0.92499142 89.56421536 2.85631359 0.63103630
0.04636356 0.00214958 117.16784680 4180.24330203 85.31620000 0.94314491 89.53879151 2.52087654 0.78474163
0.05276804 0.00278447 140.26215362 7171.29720321 85.31620000 0.90509604 89.63027416 2.49863507 1.29821573
0.05654841 0.00319772 128.00799780 5451.14239857 85.31620000 0.92525847 89.58585504 2.59725535 0.93884053
0.05247867 0.00275401 134.95673979 6387.92704797 85.31620000 0.92179554 89.60864937 2.45314350 1.05909373
0.04925776 0.00242633 130.88610600 5827.15881244 85.31620000 0.91055436 89.60139893 2.59634117 1.36196368
0.05784373 0.00334590 113.99802008 3850.06568157 85.31620000 0.93925108 89.52792398 2.78253006 0.42270633
0.04774164 0.00227926 109.75802412 3436.25237838 85.31620000 0.94701096 89.50563611 2.66194687 0.59284096
0.05440098 0.00295947 126.35658171 5242.87880314 85.31620000 0.92652888 89.57986621 2.59615296 0.97465651
0.06038612 0.00364648 134.10076788 6267.14881144 85.31620000 0.91852026 89.60755075 2.57528018 0.96224582
0.05088622 0.00258941 129.68823251 5668.62760178 85.31620000 0.91805028 89.59440541 2.57026534 1.21037475
0.05178541 0.00268173 110.96387798 3550.75813938 85.31620000 0.94583295 89.51161681 2.70234037 0.39451251
0.05109021 0.00261021 113.83074956 3833.14280932 85.31620000 0.94750398 89.52307609 2.60533036 0.29565086
0.04674881 0.00218545 126.20682727 5224.25972936 85.31620000 0.93458321 89.57571104 2.43462121 0.96951081
0.05540835 0.00307008 132.86151334 6095.00123076 85.31620000 0.90898752 89.60800119 2.63100068 1.26025931
0.05122219 0.00262371 108.27883356 3299.18689811 85.31620000 0.94159404 89.50174893 2.81359609 0.70148043
0.05483972 0.00300740 128.79124673 5551.81843688 85.31620000 0.91003475 89.59514652 2.69946534 1.29188499
0.04848800 0.00235109 137.82797831 6804.37704013 85.31620000 0.91717106 89.61872459 2.40259497 1.19795148
0.05452093 0.00297253 108.91238617 3357.43823839 85.31620000 0.94458133 89.50307578 2.80561357 0.24651547
0.05081561 0.00258223 121.74771783 4689.84727505 85.31620000 0.92606237 89.56418093 2.65865302 1.11477431
0.04816911 0.00232026 127.55309214 5393.23304182 85.31620000 0.93218330 89.58126735 2.44899655 0.98312886
0.05438562 0.00295780 119.74172556 4461.82723275 85.31620000 0.91095013 89.56411100 2.89006780 1.38088086
0.04386478 0.00192412 108.96652811 3362.44782201 85.31620000 0.94670379 89.50220664 2.63058212 0.80132023
0.04825240 0.00232829 114.19581163 3870.14056888 85.31620000 0.93268455 89.53203641 2.73094090 1.08179230
0.05579515 0.00311310 118.59550227 4334.91782461 85.31620000 0.93220581 89.54962872 2.72419473 0.82466087
0.05366046 0.00287945 128.33764283 5493.36413827 85.31620000 0.90987298 89.59378778 2.69855115 1.32132985
0.05830682 0.00339969 132.06297038 5985.76133668 85.31620000 0.91694736 89.60217739 2.60793869 1.05845191
0.06296839 0.00396502 124.76930283 5047.76883616 85.31620000 0.92068421 89.57720531 2.77529636 0.91035555
0.05159877 0.00266243 134.47761869 6320.13337082 85.31620000 0.91797375 89.60888339 2.48647396 1.15500963
0.04767315 0.00227273 128.17131844 5472.03375977 85.31620000 0.91740882 89.58989185 2.57286714 1.29935665
0.05913042 0.00349641 132.18844119 6002.83846414 85.31620000 0.90390206 89.60820949 2.72182433 1.28763055
0.04533278 0.00205506 105.14007723 3020.51563435 85.31620000 0.95340167 89.48043941 2.65737262 0.30463454
0.06018931 0.00362275 118.93512574 4372.26645608 85.31620000 0.92265777 89.55551461 2.86182433 0.97951137
0.05841476 0.00341228 136.08144652 6548.96944459 85.31620000 0.90469374 89.61908463 2.63113731 1.25001617
0.04924661 0.00242523 113.26724810 3776.49801221 85.31620000 0.95005297 89.51941391 2.56262914 0.20996784
0.04980888 0.00248092 127.48579843 5384.70155460 85.31620000 0.91979855 89.58661252 2.58715393 1.21883783
0.04947156 0.00244744 113.07871626 3757.67159018 85.31620000 0.94447070 89.52144121 2.63743077 0.61757114
0.05256114 0.00276267 128.40245271 5501.69070686 85.31620000 0.90866003 89.59453408 2.69666521 1.36184809
0.04909231 0.00241005 122.12817895 4733.95207633 85.31620000 0.93194622 89.56277819 2.57099433 1.00840300
0.05803689 0.00336828 105.72788493 3071.45987261 85.31620000 0.94069450 89.49021457 2.98556633 0.30128079
0.06361480 0.00404684 116.03433280 4060.09075186 85.31620000 0.93230994 89.53963626 2.87563833 0.49019303
0.04596028 0.00211235 109.29091765 3392.56697705 85.31620000 0.94432136 89.50493323 2.68233814 0.81004826
0.06827806 0.00466189 121.07094448 4612.07120878 85.31620000 0.92602348 89.56176311 2.86744822 0.55390822
0.05026015 0.00252608 121.80431896 4696.39131708 85.31620000 0.92700370 89.56394065 2.64168545 1.10536033
0.04294962 0.00184467 108.00215242 3273.96057452 85.31620000 0.95028669 89.49586080 2.59364688 0.68546125
0.05779515 0.00334028 128.89849674 5565.69970332 85.31620000 0.91555194 89.59303092 2.67901234 1.12518241
0.04925941 0.00242649 111.10078274 3563.91689944 85.31620000 0.94821899 89.51098809 2.63561134 0.40596367
0.04836269 0.00233895 148.80205045 8562.54683516 85.31620000 0.89403690 89.65575172 2.39817750 1.42817834
0.05325786 0.00283640 128.75548540 5547.19501752 85.31620000 0.92012632 89.59054324 2.59469120 1.12840555
0.05465852 0.00298755 117.51720762 4217.74775817 85.31620000 0.94245840 89.54049736 2.62545724 0.40917740
0.04526558 0.00204897 110.96501890 3550.86766628 85.31620000 0.95379184 89.50751218 2.51179812 0.24913295
0.04818036 0.00232135 134.08228727 6264.55811460 85.31620000 0.91166456 89.61042629 2.51440303 1.32973452
0.06574522 0.00432243 117.70522472 4238.02422909 85.31620000 0.92515560 89.54965417 2.92963456 0.72027682
0.05995430 0.00359452 132.05683597 5984.92724754 85.31620000 0.91027533 89.60505378 2.68029343 1.15839902
0.05139814 0.00264177 140.66889034 7233.86496616 85.31620000 0.90975968 89.62944363 2.44203446 1.24486157
0.05393525 0.00290901 113.41103944 3790.89892843 85.31620000 0.94051124 89.52484395 2.73348973 0.58826591
0.04936020 0.00243643 116.39443413 4098.00847923 85.31620000 0.93432786 89.54006720 2.67499228 0.98192799
0.05579333 0.00311290 125.45483671 5131.43038387 85.31620000 0.92933909 89.57556284 2.60303480 0.86710112
0.05865525 0.00344044 125.22119191 5102.81369827 85.31620000 0.91280546 89.58233616 2.79109666 1.19734930
0.05709909 0.00326031 124.36409303 4998.74788912 85.31620000 0.92737043 89.57274722 2.65920199 0.89321253
0.05612949 0.00315052 123.03322423 4839.97846092 85.31620000 0.93563846 89.56427500 2.59526014 0.65896046
0.04974165 0.00247423 133.28493757 6153.46070452 85.31620000 0.90402332 89.61138056 2.60925305 1.43184362
0.04724394 0.00223199 124.10432689 4967.48979028 85.31620000 0.92553632 89.57269970 2.57345981 1.18752260
0.05368443 0.00288202 114.20791423 3871.37118502 85.31620000 0.94201204 89.52740643 2.69421859 0.51447295
0.05705631 0.00325542 112.00804050 3651.94149776 85.31620000 0.93556624 89.52142168 2.86314369 0.68504446
0.05361187 0.00287423 113.17019897 3766.79904100 85.31620000 0.94465724 89.52173362 2.68736709 0.32950421
0.05160985 0.00266358 129.62547643 5660.40244347 85.31620000 0.91670528 89.59480356 2.59104618 1.22233476
0.05055227 0.00255553 143.30696373 7648.53215325 85.31620000 0.89509745 89.64212737 2.50132160 1.44005794
0.06428349 0.00413237 119.90359890 4479.94692404 85.31620000 0.93423358 89.55357317 2.77130356 0.28625227
0.05165494 0.00266823 139.48621400 7052.93810716 85.31620000 0.91420142 89.62447717 2.42899006 1.17836436
0.05687306 0.00323455 126.06997578 5207.28348136 85.31620000 0.92403355 89.58004516 2.65209885 0.97616967
0.05369045 0.00288266 113.66611653 3816.53526685 85.31620000 0.94465100 89.52382346 2.67673120 0.32113097
0.04569850 0.00208835 117.08792317 4171.69473626 85.31620000 0.93956134 89.54023032 2.55527874 0.93008005
0.05584688 0.00311887 111.93031341 3644.34406543 85.31620000 0.93929609 89.51918000 2.80806014 0.55695854
0.05128869 0.00263053 121.15529359 4621.71749954 85.31620000 0.93083777 89.55979141 2.62866484 0.98604228
0.04908318 0.00240916 119.38179992 4421.71330444 85.31620000 0.93795922 89.54983375 2.56552766 0.85414637
0.05495724 0.00302030 127.97727527 5447.21843967 85.31620000 0.90981935 89.59266793 2.71968897 1.30179542
0.05224786 0.00272984 114.14607173 3865.08565752 85.31620000 0.94197874 89.52716709 2.67770127 0.59643405
0.06238919 0.00389241 118.84544453 4362.38339103 85.31620000 0.93189623 89.55072516 2.79777130 0.56686458
0.04757536 0.00226341 112.78440100 3728.40708780 85.31620000 0.94879666 89.51799464 2.56633121 0.47996296
0.04702435 0.00221129 139.69011822 7083.91379564 85.31620000 0.89641281 89.63232171 2.52436178 1.50909356
0.05526805 0.00305456 125.14644107 5093.68077262 85.31620000 0.92124275 89.57822374 2.68058972 1.09036856
0.06079995 0.00369663 120.60338151 4558.84332988 85.31620000 0.92528355 89.56041562 2.80376867 0.87054368
0.05341955 0.00285365 107.91136926 3265.71155261 85.31620000 0.93994564 89.50092748 2.87266520 0.67575283
0.04548885 0.00206924 122.83501772 4816.62451063 85.31620000 0.93403050 89.56432195 2.49241575 1.04356278
0.06164216 0.00379976 121.11842078 4617.49901630 85.31620000 0.93416012 89.55808569 2.71443914 0.47710637
0.04392159 0.00192911 104.16330258 2937.11151670 85.31620000 0.95355411 89.47548333 2.65854723 0.43445206
0.06181179 0.00382070 127.35892635 5368.64120867 85.31620000 0.92792568 89.58254441 2.64144671 0.70822530
0.05495658 0.00302023 124.74587091 5044.92542818 85.31620000 0.91498807 89.57974221 2.74360658 1.23537764
0.04636477 0.00214969 150.96587002 8941.54436005 85.31620000 0.87529659 89.66779855 2.47540053 1.63421291
0.05036095 0.00253623 132.73281889 6077.30686690 85.31620000 0.92189322 89.60205008 2.47175001 1.11898120
0.05299827 0.00280882 114.45408847 3896.45931291 85.31620000 0.93822482 89.53031888 2.72243850 0.73253576
0.06219332 0.00386801 128.30717370 5489.45246554 85.31620000 0.91032617 89.59348894 2.78033261 1.14480650
0.05065269 0.00256569 118.56770321 4331.87019439 85.31620000 0.93447586 89.54842613 2.63994707 0.92010381
0.04990509 0.00249052 125.66704125 5157.51361285 85.31620000 0.93258470 89.57479975 2.50136317 0.94171060
0.04781370 0.00228615 122.81957305 4814.80788334 85.31620000 0.93152581 89.56543564 2.54604621 1.04692505
0.05248931 0.00275513 108.65468809 3333.66243436 85.31620000 0.94506185 89.50164379 2.77887345 0.40838246
0.05621892 0.00316057 123.57524766 4904.22832613 85.31620000 0.93188741 89.56792543 2.62231770 0.78778872
0.05859299 0.00343314 121.50813816 4662.21515644 85.31620000 0.92859733 89.56212624 2.72637519 0.83021533
0.04800140 0.00230413 123.52568450 4898.32977679 85.31620000 0.92986173 89.56869168 2.55061561 1.07696081
0.05487878 0.00301168 115.23048511 3976.29304563 85.31620000 0.94394170 89.53064087 2.66358477 0.26700238
0.05231930 0.00273731 113.86603777 3836.70880524 85.31620000 0.94014217 89.52692838 2.70621209 0.68286920
0.05342450 0.00285418 138.05387164 6837.88802969 85.31620000 0.89394417 89.62898841 2.63106892 1.46942068
0.04514748 0.00203830 123.19329394 4858.89389673 85.31620000 0.93808247 89.56370445 2.43797772 0.94265659
0.04916427 0.00241713 113.81910235 3831.96630336 85.31620000 0.93638876 89.52862281 2.70982856 0.94556798
0.05236361 0.00274195 120.20431388 4513.73828764 85.31620000 0.92778121 89.55776566 2.69317027 1.04633780
0.05128857 0.00263052 120.66257166 4565.55884006 85.31620000 0.93525693 89.55589533 2.59341467 0.86001120
0.05050202 0.00255045 117.81831836 4250.25191760 85.31620000 0.94658528 89.53966475 2.52020832 0.41112236
0.04961732 0.00246188 109.90733661 3450.29527996 85.31620000 0.93179627 89.51423959 2.86537982 1.10920095
0.04997895 0.00249790 140.86176773 7263.66180961 85.31620000 0.90181744 89.63318161 2.48825359 1.38245272
0.05584643 0.00311882 106.45910640 3135.62892723 85.31620000 0.94363315 89.49213452 2.90007464 0.19190198
0.05499065 0.00302397 131.94229166 5969.36701705 85.31620000 0.90406039 89.60740980 2.68615644 1.35930659
0.05263394 0.00277033 135.83027068 6512.77255101 85.31620000 0.90469939 89.61837785 2.58210723 1.34889708
0.05893617 0.00347347 131.14349500 5861.60397993 85.31620000 0.91528987 89.60011229 2.64669289 1.08712074
0.04883246 0.00238461 128.60428768 5527.67572373 85.31620000 0.93552200 89.58320258 2.40322553 0.87075205
0.06273190 0.00393529 113.81848458 3831.90390722 85.31620000 0.93472047 89.52946009 2.89573450 0.39547142
0.05403405 0.00291968 122.68824179 4799.37893684 85.31620000 0.93529728 89.56320911 2.58196210 0.75263178
0.04429971 0.00196246 107.19176651 3200.81443699 85.31620000 0.95540915 89.48931118 2.56366347 0.14343086
0.05745383 0.00330094 131.48596215 5907.64485013 85.31620000 0.90108018 89.60734595 2.74329371 1.37058665
0.05355356 0.00286798 128.28189788 5486.20892661 85.31620000 0.92490901 89.58689540 2.56330043 1.02003266
0.04752038 0.00225819 121.16999329 4623.39995454 85.31620000 0.93091049 89.55981043 2.58368686 1.08416975
0.04926459 0.00242700 119.64898436 4451.46806714 85.31620000 0.93077604 89.55427890 2.63859918 1.05566008
0.05291360 0.00279985 125.57980392 5146.78011963 85.31620000 0.94009248 89.57107885 2.46113699 0.59628301
0.04970179 0.00247027 113.39018028 3788.80758632 85.31620000 0.93716416 89.52644786 2.71810780 0.90504646
0.05264789 0.00277180 142.33143132 7493.39563805 85.31620000 0.90395056 89.63611059 2.47004172 1.29805306
0.05107630 0.00260879 119.54098577 4439.42487696 85.31620000 0.93530589 89.55170499 2.61469284 0.87339356
0.05488112 0.00301194 110.91615711 3546.17901649 85.31620000 0.93783245 89.51553964 2.83805382 0.68832016
0.04964524 0.00246465 125.58968340 5147.99492146 85.31620000 0.92480099 89.57808897 2.57666964 1.13604922
0.05832913 0.00340229 115.08061485 3960.79836059 85.31620000 0.93663177 89.53366916 2.79070657 0.55101629
0.06481117 0.00420049 128.62460656 5530.29617977 85.31620000 0.91865433 89.59078232 2.72836877 0.88718061
0.05420888 0.00293860 117.08960467 4171.87446744 85.31620000 0.92484831 89.54743672 2.81656361 1.10179488
0.04998089 0.00249809 142.36579146 7498.82387506 85.31620000 0.89218531 89.64093349 2.53447181 1.49436236
0.04779979 0.00228482 117.54327586 4220.55518439 85.31620000 0.93294474 89.54523679 2.64483903 1.05647296
0.04777295 0.00228225 118.21311936 4293.12214909 85.31620000 0.94426541 89.54232662 2.50366933 0.67751354
0.05673463 0.00321882 106.76354415 3162.60650472 85.31620000 0.94277523 89.49404317 2.91423871 0.18561850
0.04962243 0.00246239 121.51957020 4663.53120801 85.31620000 0.92864456 89.56214516 2.62395226 1.08389044
0.05293301 0.00280190 120.65424829 4564.61410068 85.31620000 0.92238082 89.56197943 2.74330670 1.16050434
0.05940744 0.00352924 116.31695602 4089.83039121 85.31620000 0.93399265 89.53992596 2.80179784 0.62328378
0.05258316 0.00276499 121.91432559 4709.12734155 85.31620000 0.92188139 89.56674151 2.71592151 1.16805108
0.04625625 0.00213964 123.91586312 4944.89337722 85.31620000 0.93972115 89.56549088 2.41942935 0.85708026
0.04354679 0.00189632 113.54812708 3804.66250400 85.31620000 0.94969714 89.52078230 2.48270838 0.65140910
0.04945260 0.00244556 117.72572368 4240.23883545 85.31620000 0.94655322 89.53931828 2.50913422 0.48194132
0.05288084 0.00279638 130.52348923 5778.86086301 85.31620000 0.90169615 89.60418010 2.71453917 1.44710374
0.05677594 0.00322351 115.53617983 4008.02317286 85.31620000 0.94166857 89.53301007 2.70575294 0.30546833
0.06292124 0.00395908 132.43000862 6035.80825783 85.31620000 0.91491884 89.60415765 2.66285793 0.99706001
0.05042584 0.00254276 131.06412447 5850.96775827 85.31620000 0.91231475 89.60117075 2.58920496 1.30982945
0.04836258 0.00233894 130.20803911 5737.06286453 85.31620000 0.92570629 89.59265564 2.46316290 1.10445713
0.05363536 0.00287675 133.93309215 6243.66940794 85.31620000 0.90253682 89.61389720 2.64575544 1.38531009
0.05634442 0.00317469 127.40076790 5373.93426758 85.31620000 0.92915737 89.58212757 2.57092901 0.84301795
0.05526909 0.00305467 120.14257989 4506.78742234 85.31620000 0.92721244 89.55780967 2.73347924 0.98243424
0.05865347 0.00344023 109.82397464 3442.45034474 85.31620000 0.94039196 89.50938628 2.88566618 0.25153266
0.05330731 0.00284167 129.35677342 5625.27470768 85.31620000 0.92208186 89.59158037 2.56537722 1.08057903
0.04896040 0.00239712 122.16949097 4738.75773151 85.31620000 0.93161701 89.56308044 2.57198891 1.02019237
0.04896040 0.00239712 122.16949097 4738.75773151 85.31620000 0.93161701 89.56308044 2.57198891 1.02019237
0.05239654 0.00274540 116.29343817 4087.35015321 85.31620000 0.93939194 89.53717269 2.65902676 0.69766844
0.04944469 0.00244478 117.67563326 4234.82867520 85.31620000 0.93521798 89.54464144 2.63723255 0.94197597
0.04947431 0.00244771 110.75489578 3530.73409270 85.31620000 0.94423351 89.51152272 2.69568899 0.64257449
0.05341312 0.00285296 117.66100701 4233.24979370 85.31620000 0.93895691 89.54276407 2.64533087 0.66443713
0.04908704 0.00240954 117.82009498 4250.44419276 85.31620000 0.94133261 89.54222614 2.56199562 0.74484675
0.04653922 0.00216590 130.60336529 5789.47677283 85.31620000 0.91536362 89.59842611 2.53171927 1.33161901
0.05345687 0.00285764 114.57035270 3908.34562995 85.31620000 0.93727081 89.53127263 2.73602065 0.75188014
0.05117648 0.00261903 110.14768936 3472.98083091 85.31620000 0.94571810 89.50805757 2.71551908 0.45388469
0.04797093 0.00230121 123.41066578 4884.65953855 85.31620000 0.94049848 89.56335123 2.44152870 0.78018882
0.05592972 0.00312813 118.98976128 4378.29472319 85.31620000 0.93598071 89.54930326 2.67751037 0.67552958
0.05214834 0.00271945 127.40247115 5374.14980717 85.31620000 0.92108669 89.58576283 2.60168523 1.14421451
0.05146296 0.00264844 122.55149994 4783.34941047 85.31620000 0.93807980 89.56142081 2.52603274 0.74702904
0.05131571 0.00263330 126.11917935 5213.38287876 85.31620000 0.92073519 89.58170748 2.62254378 1.18130174
0.04844788 0.00234720 134.82574285 6369.34360551 85.31620000 0.90649081 89.61477320 2.54668982 1.39881400
0.05612325 0.00314982 133.90184812 6239.30084087 85.31620000 0.91654576 89.60781263 2.55418530 1.09761531
0.05646798 0.00318863 131.84658868 5956.38698127 85.31620000 0.90237226 89.60785845 2.71600266 1.36262223
0.05463388 0.00298486 128.10067977 5462.99138817 85.31620000 0.92232962 89.58746471 2.60219644 1.05539292
0.05596609 0.00313220 130.50758944 5776.74925586 85.31620000 0.91032154 89.60034504 2.67263423 1.24870280
0.05930793 0.00351743 116.47063113 4106.06196799 85.31620000 0.93511591 89.53998042 2.78514200 0.57233751
0.05356042 0.00286872 113.83951775 3834.02865867 85.31620000 0.93959159 89.52709529 2.72884674 0.65068447
0.05371955 0.00288579 128.48468616 5512.26790787 85.31620000 0.91888672 89.59023304 2.61620525 1.14666697
0.05668411 0.00321309 118.15014898 4286.26515527 85.31620000 0.93130102 89.54836984 2.75422514 0.82791909
0.06242611 0.00389702 131.02355776 5845.53649997 85.31620000 0.91267312 89.60089055 2.70543734 1.06776450
0.05221123 0.00272601 138.33355680 6879.53118381 85.31620000 0.89677675 89.62856530 2.59330655 1.44530040
0.05498611 0.00302347 123.21656857 4861.64835673 85.31620000 0.91935351 89.57249609 2.73734855 1.15699987
0.05322043 0.00283241 113.01508667 3751.33181327 85.31620000 0.94449148 89.52116122 2.68789233 0.37938897
0.05080674 0.00258132 117.20981390 4184.73674123 85.31620000 0.94428821 89.53839775 2.56353039 0.53591441
0.05217292 0.00272201 117.08621550 4171.51221223 85.31620000 0.93727358 89.54134316 2.66150400 0.78517551
0.05924875 0.00351041 116.03355155 4060.00874282 85.31620000 0.93821090 89.53671925 2.76200456 0.38808742
0.05160778 0.00266336 129.30234915 5618.17752923 85.31620000 0.91912457 89.59271891 2.57568535 1.17848433
0.05153117 0.00265546 110.58505845 3514.51635274 85.31620000 0.94254127 89.51164930 2.74774901 0.62401798
0.05194971 0.00269877 116.19773571 4077.26753020 85.31620000 0.93852498 89.53721899 2.66527967 0.75194511
0.05736294 0.00329051 115.58275839 4012.87264583 85.31620000 0.92955526 89.53920318 2.84173579 0.88251680
0.05436063 0.00295508 130.27360499 5745.73387340 85.31620000 0.91931481 89.59567177 2.58301442 1.10856751
0.06400359 0.00409646 122.54820996 4782.96418486 85.31620000 0.93211929 89.56419587 2.72891448 0.45264223
0.05262413 0.00276930 121.25183381 4632.77448084 85.31620000 0.93010100 89.56049007 2.64946887 0.96808200
0.06245877 0.00390110 117.09035471 4171.95463986 85.31620000 0.93644893 89.54176291 2.79373725 0.25184888
0.05713825 0.00326478 124.02168033 4957.57218395 85.31620000 0.91388516 89.57779772 2.79258425 1.21901007
0.06075669 0.00369138 116.27524115 4085.43174867 85.31620000 0.93305568 89.54022262 2.82852676 0.60335024
0.06008183 0.00360983 107.55031407 3233.04136905 85.31620000 0.93889900 89.49980961 2.98279983 0.26519378
0.05079364 0.00257999 110.48903626 3505.36922289 85.31620000 0.94364706 89.51065143 2.72703366 0.60514318
0.05324562 0.00283510 139.04526262 6986.26094558 85.31620000 0.89208499 89.63239988 2.62465955 1.48624365
0.06631593 0.00439780 117.47655357 4213.37199301 85.31620000 0.93034810 89.54624497 2.89086156 0.43751541
0.05840950 0.00341167 123.49073234 4894.17293811 85.31620000 0.92432157 89.57114013 2.72143950 0.94743416
0.05201194 0.00270524 123.73435162 4923.19540638 85.31620000 0.93140414 89.56870481 2.57638422 0.92996641
0.05081084 0.00258174 106.88126279 3173.07941626 85.31620000 0.94425463 89.49380736 2.81175553 0.58946409
0.04506096 0.00203049 148.77503470 8557.88396302 85.31620000 0.89982526 89.65345998 2.32838869 1.40070135
0.04868754 0.00237048 114.47555719 3898.65235853 85.31620000 0.94288991 89.52807198 2.61356062 0.71916715
0.05632340 0.00317232 108.97905663 3363.60775664 85.31620000 0.93645492 89.50765242 2.92313796 0.69691437
0.05572789 0.00310560 114.44995688 3896.03736210 85.31620000 0.93771517 89.53055707 2.76222749 0.63263116
0.06847098 0.00468828 121.23159775 4630.45533772 85.31620000 0.92065981 89.56487888 2.91525342 0.76283617
0.05352160 0.00286456 114.10714240 3861.13246322 85.31620000 0.93953867 89.52823103 2.72255181 0.65348968
0.05803285 0.00336781 121.97718872 4716.41565250 85.31620000 0.93587572 89.56039112 2.63718291 0.57149995
0.05032961 0.00253307 120.00854078 4491.72002295 85.31620000 0.93832976 89.55200786 2.56320908 0.79471901
0.05292333 0.00280088 128.24132839 5481.00548881 85.31620000 0.91696726 89.59031303 2.63025284 1.20408014
0.05171598 0.00267454 135.94496766 6529.28491453 85.31620000 0.89733342 89.62180438 2.62997074 1.47022916
0.05745159 0.00330068 111.92277734 3643.60801289 85.31620000 0.93388779 89.52191635 2.88874492 0.74238821
0.05006387 0.00250639 129.81158151 5684.81761598 85.31620000 0.91538477 89.59596734 2.58328506 1.27467615
0.05931454 0.00351821 123.43433270 4887.47032457 85.31620000 0.93666420 89.56521480 2.61266005 0.45879978
0.05296596 0.00280539 111.23563968 3576.91057598 85.31620000 0.93672004 89.51750411 2.81803766 0.81675192
0.05291308 0.00279979 157.10698164 10077.72882027 85.31620000 0.87522346 89.68081069 2.42831515 1.50130790
0.05896993 0.00347745 118.50309917 4324.79312718 85.31620000 0.92680519 89.55188879 2.81773820 0.89654106
0.05703817 0.00325335 120.95043212 4598.31253566 85.31620000 0.91571084 89.56621182 2.84543234 1.21280442
0.05759686 0.00331740 137.65433740 6778.69219131 85.31620000 0.89943022 89.62562805 2.63432463 1.33209480
0.05310942 0.00282061 123.03465067 4840.14680658 85.31620000 0.93656064 89.56385059 2.55107672 0.73893130
0.05175757 0.00267885 111.82749587 3634.31036529 85.31620000 0.93971871 89.51852137 2.75316866 0.73938530
0.04958837 0.00245901 131.31862178 5885.11780915 85.31620000 0.93061665 89.59395817 2.40910318 0.95775121
0.05133229 0.00263500 110.16415715 3474.53876261 85.31620000 0.94141780 89.51036776 2.76900415 0.69258908
0.04636084 0.00214933 122.23328027 4746.18446018 85.31620000 0.94113297 89.55884780 2.43857194 0.82083789
0.04666219 0.00217736 116.27804915 4085.72774088 85.31620000 0.94650776 89.53360502 2.50448167 0.63852902
0.04146078 0.00171900 106.46212904 3135.89601952 85.31620000 0.95666836 89.48513337 2.52003540 0.36647441
0.04664801 0.00217604 116.64126833 4124.13537987 85.31620000 0.95036494 89.53316263 2.45031262 0.42138347
0.04678393 0.00218874 120.94779187 4598.01140969 85.31620000 0.94214911 89.55367756 2.45842702 0.78049271
