2297.431620
2185.467950
2300.710979
2400.117696
2289.275238
2032.959210
2372.501898
2438.692179
2067.280845
2185.681065
2040.798179
2079.193871
2100.776724
2300.850064
2274.908245
2273.968405
1732.551807
2210.016982
2167.391970
2376.523540
2173.081819
2259.394468
2280.361924
2312.666786
2213.905956
2141.937801
2311.077274
2390.696782
2353.801780
2410.388195
1934.693078
1980.544937
2366.948618
2304.291214
2353.937327
2311.985374
2334.004820
1987.815364
2320.688439
2294.736053
2133.401622
2362.737545
2158.477847
2369.043856
2299.433252
2258.381229
2234.937482
2258.773471
2128.724809
2222.254461
2146.292186
2204.516618
2224.215269
2435.514763
2043.841439
2083.197993
2095.252658
2254.825816
2438.942537
2205.416887
2446.841089
2431.256255
2226.074478
2159.088322
2252.074831
1946.306170
2314.397701
2409.227878
2228.215293
2036.899409
2152.661673
2020.605092
2327.225439
2081.089671
2500.747496
2402.998933
2189.329699
2165.663055
2257.277376
2395.485559
2106.572454
2145.831895
1838.618028
2218.756288
2120.769631
1899.483677
1736.801293
2325.831596
2286.629680
2007.649920
1805.687285
2258.617902
2305.467633
2464.243844
1841.393956
2232.331366
2286.197143
2230.591126
2144.252828
2098.045126
2423.545941
2305.584744
2349.941259
1977.497693
1969.769694
2266.090018
1941.301371
2313.240919
2362.783439
2103.458404
1815.292008
2146.160596
2389.175194
2330.150392
2229.504224
2356.742984
2134.555627
1727.832053
2271.171232
2011.184258
2272.700204
2027.598767
2153.683523
1972.801730
2304.639375
1940.581858
1987.000393
2387.162629
2026.697496
2228.380042
2278.888346
2256.171723
2045.274069
2080.746796
2414.267929
2382.503019
2072.432741
2062.384547
2203.868949
1994.370292
2418.359093
2080.943949
1938.109963
2276.960566
2411.162077
2379.413101
1812.819065
2322.352830
2154.467728
2335.885412
1934.310495
2263.617056
1839.338133
2125.154942
2165.878383
2379.117295
2356.328282
2102.978384
1833.266920
2240.965648
1815.330129
2399.118844
2432.037409
2351.841385
2226.533590
2371.275524
1884.943077
2102.934175
2389.290784
1932.604471
2071.593001
2436.026451
2304.181521
2000.746507
2138.437816
2196.588331
2246.802763
2386.328149
2311.255006
2175.152473
2257.079263
2054.070842
2206.965830
2231.601626
2113.623424
1697.925486
2099.662098
1933.418323
2071.414585
1894.965493
1886.149009
2225.945078
2086.721187
2212.106800
1992.583176
2050.753595
2054.317184
2303.579086
2228.471705
1810.674406
2269.104992
1986.518970
2357.088080
2048.952482
2061.449344
2289.310704
2458.194634
2323.422455
2295.650678
2032.995939
1806.868635
2327.538024
1877.163177
2281.040967
2274.879920
2436.794746
2335.017662
1964.017541
2022.579811
2255.358927
2402.075643
2067.313944
2093.625348
2291.900677
2484.324489
2029.458085
1882.603105
2142.901138
2393.185137
2285.893539
2273.286900
2051.764796
2279.145336
2405.164330
2121.041034
2088.303960
2251.773203
2050.154417
2428.730954
2004.654706
2342.686610
2243.902018
2391.002009
2372.959487
2073.527729
2385.691279
2358.850385
2044.867412
2275.379457
2350.604924
2017.988508
2063.435509
2016.755538
2305.599985
2180.303499
2416.247477
1921.976974
2033.272299
2113.381876
2226.667611
1903.086066
1871.259095
2347.538625
2196.342665
2180.293353
2220.130183
2013.653971
2420.246227
2072.860328
1903.054847
1901.817226
2339.962130
2085.562688
2024.685155
2047.996320
2128.459403
2113.919741
2097.323001
2383.099189
2443.130149
2353.424876
2403.536459
2358.367165
2004.658826
2286.971416
2120.138854
2065.028633
2298.399067
1826.833869
2261.069096
1924.285225
2177.328737
2249.250619
2275.139478
2300.458653
2131.680374
2319.582062
2050.978815
2171.204629
1996.353926
2438.022918
2102.426300
2271.476628
2044.903511
2395.673325
2348.388947
2176.947296
2337.803695
2324.274535
2173.542254
2271.068809
2245.217278
1915.339950
1796.511167
1921.454230
2225.926896
2253.822479
1897.985517
2017.564538
2384.446955
2136.991407
2327.292189
2377.914552
2099.330070
1739.482642
2328.185732
2351.271186
2333.831845
2299.125861
1852.746352
2309.950275
2042.680188
2326.241214
1934.066079
2383.990771
2270.692057
1820.090075
2169.060400
2079.856882
2227.048532
2300.401889
2122.874535
2198.988407
2411.227707
2250.925306
2176.935885
2355.378608
2332.989446
2186.975748
1846.572268
1909.166831
2110.825138
2069.475714
2218.138285
2193.263544
1925.855190
2291.644911
2149.022724
2347.405539
1711.088583
2172.988006
1778.569411
2360.805321
2104.083243
2311.026368
2324.682758
2428.894247
2246.862435
2200.092814
2156.754099
2294.582347
1914.940892
2349.281833
2374.218975
2187.082706
2321.525414
1818.187394
2427.723656
2295.826209
1919.493219
1926.963210
1842.870427
2071.584120
2433.295010
2104.278188
2305.500472
2210.037177
2089.848092
2363.983321
2165.645530
2454.504879
2253.359144
2478.551633
2154.731570
1681.943030
2465.229503
2009.752495
2363.957278
2070.598262
2321.246205
1874.403157
2359.305361
2403.914170
2252.097231
2264.790101
2336.743416
2398.864552
1908.570499
2346.543607
1951.375246
2031.077504
2233.123674
2063.415693
1838.077530
2329.442699
2225.801001
2077.841735
2183.092439
2134.960544
2018.968702
2389.721187
2170.200000
1975.891474
1849.304463
1740.585332
2215.138372
2379.888252
2077.807651
2185.798330
2158.789230
1911.661394
1897.966663
2130.150291
2119.382759
2355.048808
2222.589258
2163.910401
2111.823874
2283.646382
2135.447039
2062.252607
2061.123561
1866.492007
2409.132943
1756.090895
2407.209924
2236.930049
2025.158536
2326.275366
2196.240973
2292.324412
2222.656975
2224.618071
2083.576675
2021.644657
2163.884598
2401.193028
2359.711190
2361.264216
2272.974995
2192.559550
2009.736710
2423.782854
2263.353548
2166.756817
1844.600407
1991.711862
2117.846038
2355.555239
2478.092743
2159.390779
2226.603120
2237.224475
2037.948886
2384.706417
1881.269747
2164.955249
2431.020501
2343.608788
2210.979332
1937.973974
2122.396003
2086.690565
2202.322226
2051.844395
2346.777871
1920.539068
2428.845061
2066.213622
1869.046670
2239.392208
2237.483820
2058.881192
2165.875116
2424.666020
2337.891304
2312.139334
2308.484560
2005.047290
2320.197311
2007.826647
2431.677513
2265.083633
2398.004920
2357.257342
2359.084888
2200.611652
2191.214831
2213.065648
1970.998428
2356.043685
2372.251399
2373.466552
2224.789757
2249.175475
1888.048143
2304.765517
2120.847284
2341.282855
2248.608934
2264.158919
1838.099803
2034.096262
2077.047167
2254.435707
1959.032607
2257.934515
2029.456589
2409.135250
2349.809991
1890.416569
2303.371441
2413.764623
2141.375152
2394.637281
2073.017970
2387.663345
2274.850794
2060.307705
2131.381470
2340.062624
1950.185037
2213.015106
2307.026859
2404.918206
2348.076774
2211.028636
2427.631656
2219.534062
2109.966502
2422.851653
2148.443202
2229.950466
2395.120994
2418.561467
1957.630765
2331.731509
2160.078522
2368.943643
2334.614646
2396.580287
2267.718226
2355.816614
2262.231742
1988.501044
1787.002174
2000.926764
1920.243885
1987.867492
2352.083311
2130.704090
2191.975074
2029.257448
2302.792908
1774.969574
2355.101388
2037.637685
2066.754769
2339.411182
2213.208123
2483.718571
2216.380362
2334.473971
2263.062665
2270.615034
2388.250007
2140.465594
2124.514384
1883.644910
1896.146418
2095.631025
2420.703338
2161.407558
1897.039881
2349.310579
2342.289822
2399.329700
2384.695548
2338.264777
1783.227443
2174.045297
1951.779192
2316.590747
2194.589567
2108.172622
2218.034240
2277.902968
2463.494015
2090.416138
2167.539961
2228.845144
2395.506912
2292.927943
2325.830055
2424.939850
2329.008027
2420.471213
2388.599497
2332.776521
1964.565487
2274.641641
2189.680060
2270.625102
1954.146770
1876.629552
2053.655223
2083.620704
2380.724566
2092.583953
2303.059992
2207.022439
1977.660189
2327.199155
2156.444087
2308.464469
2043.671809
2242.267578
2257.062553
2286.615559
2165.108894
1908.419663
2275.229028
2400.758441
2118.263943
1899.176035
1930.681177
2098.971281
2308.981169
2306.718058
2435.501165
2196.960233
2378.083751
2315.192912
2091.216603
2403.513442
2342.521747
2314.735863
2290.311805
2070.100956
2177.499867
2304.183279
2132.874636
2152.783586
2324.781019
1899.173663
2237.318362
2213.339377
1941.106445
2335.685204
2271.740184
2006.068540
2294.086307
2004.253513
2304.585344
1990.632831
2337.605785
2002.055548
1852.441267
2230.299903
1933.735277
2143.672286
2284.250497
1843.861617
1982.976923
2246.164262
2018.159643
2166.644464
2053.187252
2208.707438
2298.916382
2057.876006
2038.863222
2411.902348
2244.583328
1764.287918
2212.296456
2224.051867
2032.980872
2370.150725
2318.993633
2185.437447
2339.562369
2080.445403
2423.257269
2094.585415
2363.439147
2000.899611
1946.405501
2192.558096
2251.030587
2367.639524
2158.702530
2046.531150
2040.177150
2395.970659
2337.835811
2319.863322
2155.477331
1963.983893
1986.039496
1983.577549
2276.760707
2303.472079
2241.346076
2378.975250
2038.783879
2173.422512
2259.171288
2084.967926
2148.683044
2128.709418
2263.650460
2341.531862
2086.140277
2167.871615
2424.691109
2256.907859
1822.016730
2097.653981
1920.071634
1922.638260
1849.548122
2370.087527
2283.110850
2210.779186
1946.652019
2018.000987
2408.455092
2092.509033
2344.022872
1881.556767
2388.929429
2154.924605
2397.178903
2426.271230
2244.653901
2170.754923
1985.193839
2287.569987
2275.135758
2108.583982
1928.022837
1988.910064
2084.148666
2016.780320
2253.623754
2338.626655
2231.843585
2227.627882
2355.650874
1968.282640
2439.285538
2146.738304
1996.225055
2155.045109
2147.903791
1866.645842
2372.559132
2169.980828
1977.927954
2314.252232
2368.341248
2243.693552
2332.022245
2100.414745
1871.759489
2437.322327
2366.540402
2073.943469
2387.601399
2057.296031
2332.855623
1840.378132
2281.512365
2031.958135
2123.799879
1952.903795
2132.297891
2421.379552
2235.012054
1887.416996
1985.161635
2119.777101
2258.557547
2134.794853
2177.432135
2258.205983
2110.136969
2040.390260
1991.805935
2405.619249
1968.093921
2364.972958
2441.006774
2382.765710
1858.985881
2391.557474
2263.537185
2385.640015
2313.883185
2089.669407
2306.229314
2280.093102
2327.458356
1910.777369
1931.588657
2467.333188
2258.299632
2404.187245
2274.546219
2237.717804
2245.124888
2159.184610
2233.487498
2217.411171
2057.750134
2063.177863
2102.753450
2140.705251
1872.987809
2173.112991
2222.581695
2245.391626
2328.876588
2140.490642
1741.996163
1955.440034
1865.425166
1995.833267
2146.569490
2177.401085
2180.124811
2205.818626
2407.557675
2411.088314
2275.577895
2344.772987
2195.275251
2167.664526
1970.111475
2293.356175
2349.788926
2027.721230
2394.210950
1957.751778
2292.623600
2273.248049
2475.098545
2418.343535
2120.501702
2409.781634
2199.883185
2214.120455
2037.834021
2270.359244
2272.334349
2108.260963
1872.309828
2219.494764
2328.767670
1954.494553
2396.491813
2160.856399
2368.738025
2173.935149
2347.265190
2201.100248
2351.118380
2392.030911
1818.566337
2211.376265
2128.691204
2151.709308
1926.644576
2131.296251
2281.548884
2097.544476
2334.167598
2366.523482
2138.007805
2255.258693
2172.254885
2439.821567
2220.995902
1858.067337
2450.330346
1974.176229
2391.474830
2240.076509
2243.954448
2233.003032
2038.518008
2307.914473
2261.644149
2187.689799
2452.158518
2002.743722
2103.507045
2260.709658
2201.839977
2333.185733
2268.594948
1841.796959
2372.327471
2338.288910
2326.132085
2118.678660
1920.999967
2240.532729
2267.231758
2271.229007
2432.834073
1968.430409
2357.032685
2136.949883
2202.849948
2387.917589
1948.088234
1896.896249
2160.887679
1854.459887
1837.914885
2003.463924
2371.230176
2288.324943
1980.761287
2118.923571
1964.812610
2046.738240
1887.309762
2385.253884
2434.645605
2147.082883
2274.831489
2130.173849
2398.018636
2409.925960
2399.997602
1877.363973
2129.132232
2244.163781
1892.070472
2363.650484
2174.624292
2346.750876
2294.161620
1901.541483
1883.933004
2206.974607
2410.666073
2107.686912
2276.169667
2262.641060
1972.745410
2438.297515
2285.061806
2044.293879
2414.762250
2326.363128
2099.797059
2162.919922
2385.779513
2106.476330
1883.683253
2211.987702
2218.472489
2354.561393
1969.239970
2384.945407
2218.738494
2193.287577
2217.768138
2291.078935
2293.793619
2380.315759
2439.890167
2193.429783
2314.420881
2374.693013
2175.994750
2307.446220
2390.210006
2117.755265
1933.052656
2473.122126
2166.275776
2169.226119
2325.744947
2388.588383
2304.583930
2029.528298
2337.834480
2030.406915
2083.055470
2108.124593
2342.481139
2066.603165
2414.345798
1969.401178
2043.587792
2120.084097
2312.833046
1859.933127
2349.212207
2278.567296
2364.833534
2273.351078
2451.401253
2198.011772
2357.834696
1953.823363
2052.782776
2245.828152
2333.539349
1978.130710
2391.879634
1794.457694
2104.237410
2159.150228
2371.800174
1978.109147
2130.961167
2150.574358
2351.299988
1866.961311
2335.114069
1952.112877
2054.717638
1972.987865
2346.871790
2015.555111
2119.356949
2197.808487
2213.751048
2053.599475
2098.235818
2349.252211
2039.161631
2392.782620
2286.019305
2349.244719
2348.911489
2128.720195
2412.022973
2331.103805
2054.321334
2313.641882
2014.104719
2086.510329
2241.499232
2112.621772
2189.476001
2334.628555
1898.514418
2140.287969
1987.501026
2421.401317
2367.443481
2347.157053
2141.863264
2101.767526
2361.434151
2275.686039
1978.449045
2347.082267
2180.266611
2396.662485
1994.997703
2375.418862
2259.357611
2269.121206
1996.536034
2099.802245
2345.416578
2202.406019
2225.198114
2254.658453
2294.488070
2056.371785
2071.294741
2363.133652
2021.950047
2323.871293
2366.032401
2239.563154
2308.772290
2051.331616
2069.017137
2320.410488
2009.236063
2197.167265
1843.062754
2306.092800
2332.608210
2244.731668
2423.725461
2382.251303
2345.020227
2069.006402
1925.061989
1977.442809
2304.558713
2213.142453
2092.799514
2423.813602
2280.076845
2106.830378
2233.063366
2410.543263
2135.668437
1998.995732
1936.901593
2165.987406
2325.786110
2290.161389
1907.590030
2173.580091
2136.879275
2366.638394
2256.669997
2374.196031
2032.318861
2305.401315
2253.603070
2104.013293
2078.358008
2356.909354
2252.404657
2370.262847
2335.793432
1885.120823
1886.625874
2139.877652
2204.063372
2405.784599
2353.871642
2285.379908
2324.322992
2364.115957
2270.089267
2333.189728
2284.478737
2396.404185
1943.337648
1969.360971
2208.292874
1843.423920
2319.906044
2252.877425
2035.752717
2404.786707
2345.193419
2342.359652
2355.713722
2305.663110
2209.128111
2081.343700
2365.840978
2060.406371
1865.736576
2088.094707
2278.245662
2335.321559
2006.900245
2378.126728
1914.525436
1986.758705
2357.296880
2086.024331
2253.637323
2415.625270
2258.907010
1973.071235
2136.519691
2259.793827
2382.875669
2388.974421
2102.205941
2264.668595
2097.442782
1944.589291
2221.074008
1953.198339
2288.232595
2354.085419
1951.402795
2026.529699
2186.751871
2053.273585
2189.861396
2319.424888
2019.035187
2395.532396
1954.891150
2326.494706
2024.514362
2199.987145
2061.959230
2404.760047
2076.821545
2302.648596
2195.385018
2181.600898
2261.486086
1858.967884
2232.275510
2305.933168
1724.617565
2179.099246
2235.511015
2364.835382
2328.037943
2255.663229
2176.344243
2202.821585
2343.053183
2280.172192
2009.887245
2062.603541
1998.682712
1993.338319
1891.914957
2319.416245
2035.239329
2287.369251
2441.062473
1938.601722
2353.148044
2118.288198
1904.763624
2309.127184
2243.006252
2084.909269
2051.662279
2060.596427
2367.208552
2143.271849
2115.991965
2318.594495
1986.605488
2422.614484
1976.309207
2172.986939
2218.043628
2416.287104
2252.329198
2040.047301
2318.290840
2114.428298
2371.983491
1978.070583
2300.941945
2340.715748
2154.623179
1907.893956
2167.581772
2152.118371
1912.906292
2265.091947
2335.027498
2037.369661
1979.033540
2274.239254
2320.669499
2191.322288
1902.859357
2422.584680
2186.469090
2413.524830
2112.179039
2404.618685
1816.143322
2049.011608
2195.652299
1994.609599
2399.224244
1896.992361
2418.529144
2239.534257
2131.226611
2065.003515
2141.377863
2021.831033
2310.890263
2375.788466
2104.090027
2311.969709
1972.209623
1974.163008
2070.174885
2411.398888
2309.482172
2018.184845
2328.777790
2102.591349
2137.715535
2104.477869
2043.357050
2312.892679
2312.816938
2379.381785
2173.042981
2391.262583
1875.555505
2127.237209
1908.894349
2269.015692
2273.691777
1982.093780
2292.837220
2102.824708
2129.682115
2269.538253
1958.100290
2078.426372
1953.820831
2116.341801
2058.217396
1729.983745
2352.767527
2394.492077
2169.799269
2210.900322
2382.605297
1787.762921
2285.612028
2289.415787
2163.734585
2381.986412
2283.430302
2396.910114
2203.135820
2177.144218
1953.333736
2210.617472
2080.427347
1933.354889
2155.241529
2375.558844
2391.514163
2206.305586
2174.173532
2233.392367
2111.485809
2196.206184
2453.821988
2345.724728
2333.912167
2228.055581
2246.914965
1966.796422
2097.275872
2184.991376
2325.175701
2318.631707
2335.789253
2287.191689
2376.319206
2306.098924
2391.907931
2199.304624
2359.591547
2284.010960
2318.488715
2342.887522
1945.926074
2398.935461
2093.821934
2181.945476
2118.879224
2128.205720
1988.688279
1905.957776
2398.579776
2309.226693
1841.462428
2409.539759
2416.042374
2039.415918
1905.186114
2100.018750
2308.903982
2338.720212
2051.236827
2204.583378
2067.520425
2162.895060
1993.936677
2094.553414
2313.709633
2278.428799
2398.198101
2240.116945
2282.775982
2343.346699
2059.161475
2046.283516
2262.099596
2424.010187
2419.790350
2284.950776
2257.178828
2017.720721
2202.027340
2432.821914
2290.506599
2073.049554
2042.341825
2190.623841
1896.885068
1732.486395
1815.081930
2357.077259
2379.091783
2276.216939
2310.093484
2094.345225
2234.624395
2193.744019
2140.862056
2256.753551
2430.540230
2100.518812
2127.119666
2353.187099
2201.017594
2168.803595
2187.077080
2370.947656
1727.221424
2164.439088
2027.745286
2330.112484
1816.031251
1990.429634
2192.597130
2096.817465
2384.460062
2342.166340
2333.954758
1941.211366
2311.472785
2313.842413
1923.098666
1980.804705
2135.360979
2035.768889
2213.181155
2217.109154
1954.549735
2325.439416
2215.732365
1880.345040
2143.661409
2251.091842
2425.308482
2123.275096
2405.948398
2360.575161
2392.181671
2046.522705
2216.358419
2275.278165
2328.360376
2141.859745
1972.518408
2029.391599
2292.240513
1860.614414
2311.129583
2317.177258
2166.933203
2127.332043
2062.403883
1811.845951
2341.776881
2382.822643
2403.862735
2002.505997
1975.644580
2224.197844
2409.254961
2005.946365
2331.667254
2113.799324
2267.622424
2307.625911
2343.811758
1929.501903
2311.337057
2215.723173
2253.921380
2354.745616
2202.902029
1815.112415
2321.806687
1906.774052
2139.754430
2002.669236
2070.910778
2178.654429
2088.390710
2180.362752
2354.583353
2374.596384
2415.580737
2130.607697
2418.434972
1817.844000
2095.209766
2354.770799
2240.142321
2326.525070
1861.235536
2391.097875
1923.005354
2083.732947
2031.556175
2303.934722
2161.035668
1946.469111
2016.521090
2327.461012
1943.856332
1875.888075
2082.121829
2243.923079
2276.592089
1992.383866
2297.384233
2127.464694
1954.089759
2454.403836
2214.480855
2050.786800
2229.904575
2038.726503
2370.584214
2321.725328
1938.789992
2364.790447
1916.450250
2194.886191
1954.094961
2370.356413
1927.479528
2420.568930
1981.325196
2301.859728
2422.787338
2045.717603
2411.159835
2040.606908
1966.941411
2114.796717
2353.329360
2251.982322
2024.971384
1927.884058
1916.484453
2003.354768
2005.681098
2269.987557
2171.594315
2436.515364
2175.643797
2071.171649
2178.146775
2363.967045
1875.064311
2359.557392
2218.808491
2083.594809
2413.625635
1937.049852
2282.608382
1972.332039
2384.046582
2148.569747
1931.218879
2222.649552
2289.915525
2087.498713
2400.199750
1930.541877
2009.544693
1980.861812
2214.556484
2347.031912
2213.236711
2453.492923
2004.568648
2378.938539
1940.716074
1903.296053
2080.073362
2033.397824
2162.721644
2068.146959
2073.288673
2280.295478
2399.061390
2253.424923
2450.388594
2254.423763
1832.672214
1928.054010
2147.426018
2250.793958
2440.050609
1934.321896
2184.383633
2223.248404
2147.864834
2225.272240
2342.280868
2395.185522
2277.947064
2167.809559
2298.246303
2345.230726
2081.143376
2258.651724
2141.176157
2396.045749
2260.976134
1965.875634
2109.563314
2041.850059
2319.827509
2069.943417
2341.226653
2006.653273
2375.278704
2146.717925
2307.153692
2069.016033
2303.828798
2036.445394
1902.644436
2295.128553
1882.858779
2174.966529
2341.963786
2322.559676
2260.131557
2148.219659
2191.247038
2412.010196
2080.314382
2390.447533
2293.567272
1995.472030
2099.745323
1925.674251
2217.997099
2183.794917
2128.051442
1883.852741
2246.501427
2429.054536
1944.416122
2239.051459
2111.119225
2276.376398
2094.571630
1982.572529
2400.496457
2095.733020
2360.898998
2141.025795
2374.988401
2108.267317
2441.070877
1997.503545
2437.509016
2410.553462
1810.825401
2268.214998
2135.808880
1836.092641
2171.492462
2344.040628
2402.889689
2126.967482
2332.421690
2138.730030
2309.362629
2387.548770
2324.111273
2329.955873
2424.591720
2201.265104
2091.686500
2218.366736
2064.456792
2212.380217
2266.047733
2008.806720
1968.658853
2346.863838
2002.938263
2024.299768
2135.678736
2381.502783
2039.430667
2212.597307
2227.681835
2005.636827
2169.647673
2418.520390
2014.814403
2327.591593
2358.921179
2283.186275
1845.069405
2355.262671
2278.300015
2061.646470
2178.064581
2311.289412
2360.237255
2084.914452
2191.228219
2332.720098
2102.409720
2358.121331
2145.248153
2200.227426
1841.626934
2321.219543
2097.628969
2095.174334
2417.133624
2054.351026
2415.972609
2248.565140
2149.342800
2265.012248
2013.446897
1971.303067
2371.831777
1884.623653
2119.652372
2117.108672
2035.398714
2129.968157
2349.981313
2164.784082
2151.762131
2209.237101
2259.070019
2054.270959
2230.253195
1843.948048
2095.490567
2341.382452
2130.901527
2186.437975
2422.327582
2135.892940
2176.878426
2060.636322
2163.652341
2384.014033
1793.767807
2340.587963
2432.191730
2105.296485
2219.020344
2359.388927
1932.379872
1907.431136
1928.858496
2137.508589
2297.089004
1989.389560
2408.523550
2329.546195
2416.150334
1964.895655
2289.734408
2212.687820
2244.870560
2208.839993
2291.929232
1898.268455
2320.930773
2271.926690
2349.018017
2380.668376
2307.425389
2092.441536
1946.056366
2084.435558
2117.184395
1889.318232
2030.867483
2383.215075
2335.699987
1928.335278
1917.124151
1958.698445
2294.834863
2398.346141
2188.741125
1924.046603
2265.353705
2232.974739
2152.810709
2267.658846
2127.999141
2202.887244
2209.823394
2372.043981
2285.918308
2173.070827
2053.412996
2278.477735
2331.274600
2236.341296
2101.670420
2282.327734
2103.640171
2298.390931
2078.033274
2360.952829
2138.177367
2356.611283
2044.173901
1966.494492
2144.475473
1986.154079
2147.426624
2299.917761
2169.486435
2376.043479
2193.480710
2463.038927
2390.930261
2447.666178
2159.121665
2183.297671
2189.753274
2161.148189
2137.846567
2336.901541
1996.909497
1822.823449
2431.959527
2297.079725
2300.895428
2271.648868
1941.707058
2326.194192
2167.619403
2193.085703
2025.798659
2181.462799
2120.192586
2361.566237
2039.900107
2059.512829
2085.344245
2124.294072
2059.260206
2251.265251
2266.779640
2294.989264
2297.082048
2161.158282
2384.231659
2281.722235
2162.323903
2068.908095
2273.090713
2286.999465
2249.227547
2097.905608
1937.108576
2105.502307
2214.023388
2156.389399
1828.019513
2150.386756
2185.875541
1845.722010
2140.745514
2300.201407
2169.080480
2369.795905
2280.810124
2290.202818
1863.088697
2152.555448
2172.677634
2245.036149
1998.792824
2142.738918
2346.244323
2378.229091
2446.513456
2321.189483
2365.937634
2403.831486
2438.064403
2040.433844
2236.851921
2234.248850
2039.018762
2114.855322
1955.432015
2226.185225
2185.028219
2048.790667
1989.338717
2290.902949
2357.869952
2090.187884
2318.173356
2389.169079
2031.118095
2339.198445
2233.259522
2346.242517
1876.747090
2066.471834
2365.244431
2378.546882
2424.993280
2054.660646
2028.320254
2286.784537
2306.836375
2114.100572
2353.192944
1907.315760
1869.450660
2104.926064
1990.772456
2181.597610
2272.126917
2348.760465
2056.871738
2129.758582
2341.173251
2105.841823
2376.476795
2457.548802
1861.986364
2428.102602
2249.971393
1996.794894
2143.239107
2162.848728
1963.048199
2140.681822
1937.868322
1988.141629
2305.231171
1870.721092
1914.173652
2178.907184
1958.711097
1934.398204
2206.147655
2323.166834
2216.043230
2438.925521
2353.939825
1823.853731
2369.308287
2312.131791
1843.716059
2374.308237
2107.093165
2375.495634
2092.691277
2197.372809
1887.397732
1937.600099
2281.494446
1971.788623
2330.681274
2167.549127
2127.267523
2082.107584
1902.980281
2459.092036
2214.967357
2429.505046
1897.234715
2299.934329
1924.118112
2091.322209
2421.413495
1810.761850
2265.094792
2473.040144
2017.710528
2467.861145
2468.334109
2332.620793
2347.394704
2266.170368
2380.510618
2335.262423
2096.521414
2173.993678
2330.468252
2196.650670
1984.858427
2221.161917
2438.577289
2067.174304
2103.489933
2120.172770
2206.698980
2270.399699
1976.469536
2013.151503
2187.796590
2334.150136
2250.881963
2007.796619
2029.964723
2343.185535
2164.009043
2342.366786
2060.638287
2194.786030
2370.958704
1960.397288
2078.363496
2389.636542
2131.183448
1840.855061
2060.044536
2131.972817
1822.264647
2300.130815
2151.512802
2146.434247
2434.060725
2123.420369
2240.523732
2090.631219
1847.992661
2405.813939
2401.896989
2020.241789
1949.641122
2429.445629
2409.299204
2234.066990
1886.554682
2307.815737
2339.620712
2106.703915
2012.218258
2231.921732
1985.967840
2347.911948
2006.255704
1850.426361
2312.775110
2300.744671
2192.916111
2246.866066
1842.820646
1971.145357
2361.250455
2362.266234
2088.870351
2148.454209
2186.959027
2353.776531
2014.245280
2307.022369
2401.439276
2282.032363
1880.421382
2291.711629
2112.572955
1970.378725
1961.543986
2039.255328
2142.746662
2340.817214
2200.330669
2384.271563
2367.434684
2110.653753
2312.482879
2025.803491
2259.915774
2442.822260
2270.667255
2120.667943
1940.250728
2070.828588
2431.808651
2203.266780
2326.418621
2318.727269
2419.591904
1925.464985
2090.517878
2312.731571
2355.941497
2385.673131
2323.711246
1999.585814
2371.055671
2106.244315
1965.694499
2367.935157
2106.159652
2056.900968
2406.376136
2244.241945
1985.336670
2231.326479
2346.063413
2116.324411
2200.265715
1935.121480
1943.666236
2355.467941
2179.407937
2392.359534
1939.821416
2286.269042
1767.580713
1925.894793
2347.345982
2384.662320
1999.792020
2292.647023
2126.475952
2361.599814
2221.460204
2103.677053
2457.497157
2237.886146
2378.819259
2135.924070
2255.295909
2207.496249
2357.621390
2354.046301
2032.919407
2103.004155
2226.705027
2079.507882
2283.582099
2376.640750
2223.214190
2145.193495
2159.253098
2383.081622
2078.599354
2270.336244
2355.806402
2044.883728
2433.166830
2177.803629
2206.232123
1810.991248
2233.355490
2189.287447
1841.994640
2245.149509
1841.787260
2326.913244
2364.053873
2319.128760
2001.982382
1774.201862
1933.912112
2357.668568
2332.365605
2394.505481
2203.242432
2245.616650
2372.050018
2276.423614
2141.969049
2364.190962
2095.841798
2042.425109
2119.903987
2131.967278
2347.847686
2347.316006
2041.129767
2194.136459
1928.296102
1895.150151
2380.045076
2045.542545
2152.254195
1923.174984
2377.650389
2032.656755
2050.602148
2087.499926
2453.317666
1938.628025
2424.370318
2296.524940
2229.460150
2237.413688
2238.147504
2448.251077
2318.414241
2164.171530
2137.129190
2309.069073
2402.520503
2244.001090
2105.075919
2249.336515
2201.598367
2127.903713
2075.741846
1902.800847
2227.143254
1939.428295
2263.716347
1962.331036
2155.761006
2015.572102
1942.340165
2001.239652
1890.210794
2182.579481
2463.012727
2260.915973
1976.487164
1911.027290
2211.195412
1992.539968
2173.387761
2374.980190
2317.841838
2177.346504
2363.932901
2352.854718
2155.275166
2186.644727
2307.606272
2183.479739
2473.267628
2332.696231
2289.995885
2231.483991
2354.052083
2124.770347
2094.029978
2466.378235
2053.721452
2068.187028
2131.241032
2417.304372
2000.021955
2168.259931
2289.959453
1997.025466
2041.953748
2112.780526
2353.125851
2319.510772
2061.760766
2172.807005
2258.424034
2226.942257
2235.925569
2288.968335
1865.242592
2083.226563
1959.836852
2395.705961
2379.196579
2214.243848
1993.785074
2422.244279
2107.528576
2337.359411
2330.066885
2302.007605
2069.381371
2234.954029
2365.989691
2055.994860
2274.954687
2214.543380
1882.266124
1875.143293
2123.586136
2044.422457
1901.953044
2008.706834
2104.994575
2353.262831
2317.439496
2113.585168
1987.083096
2298.762238
2161.888367
2112.506727
2289.146359
1795.541249
2039.141033
2134.677743
2234.213673
2418.411843
2123.806462
2133.092922
1975.903300
2049.525657
2078.989222
2390.814836
2240.594218
2423.845744
2278.780410
2406.419069
2056.374925
1721.046376
2297.503922
2078.656193
2403.060938
2408.387991
2172.805538
1833.746406
2289.331046
1990.378989
2139.656070
2009.465273
1788.808814
2063.356315
2317.706973
2070.620826
2238.487102
2366.696236
1930.058280
1827.380736
2380.761190
2308.582189
2002.877975
2138.939892
1973.054609
2144.391940
2228.027331
2287.471353
1956.130767
2425.832577
2268.170890
2372.989811
1965.802920
1941.644538
2426.135593
1981.946490
2400.892126
2046.220927
2265.311977
2288.645798
2246.038832
2282.939410
2440.180503
1938.923648
1995.604272
2109.346777
2299.532782
2399.552508
2251.531107
2137.743704
1930.009481
2035.085324
2368.002291
2315.926453
2415.064636
2019.481598
2303.893486
2308.853957
2125.511732
2357.027220
2057.943153
2281.279940
2261.717782
2449.685697
2058.391244
2269.113332
2216.945985
1979.334838
2233.500364
2316.335647
2327.179439
1982.149599
1907.917900
1777.970926
2116.073315
2332.558349
2189.414751
2192.473750
2263.149472
2204.430930
1941.577947
2459.176901
2062.902490
2115.924236
2113.545544
2097.309886
2257.489115
2253.652377
2350.704123
2278.584536
2135.421733
2149.218351
2299.049434
2211.250692
2293.960798
2104.038309
2235.348694
2311.748415
2190.558263
1954.664050
2019.919860
1993.363348
2010.328367
2106.172899
2358.580392
2411.507372
2258.260845
2186.958089
2398.832153
2113.461330
1998.317487
2101.550249
2324.631641
2245.747098
2101.299291
2158.381834
2261.121324
2063.779040
2075.337471
2035.161958
1976.090655
2201.155288
2055.151194
1887.083111
2352.565480
1950.149554
2154.205500
1928.302175
2375.706205
2347.505596
2339.570340
2150.705163
2258.104089
2114.911478
2084.394049
2247.296250
2049.558464
2308.829330
2102.864468
2105.355313
2014.206567
2088.805000
2096.294586
2174.475333
2098.979234
2044.192093
1995.536819
2106.479717
2379.187877
2189.941906
2334.227891
2074.044364
1996.685066
1996.072172
2441.962422
1859.710725
2146.675567
2248.389911
2353.134145
2367.325290
1852.063034
2041.185545
2319.280130
2036.307424
2243.607355
2274.486738
2152.478655
2273.086840
2244.068429
2271.526175
2303.060752
2283.840382
2455.246613
2362.731152
1947.254820
1932.613190
2308.241486
1975.060212
2161.503364
2141.052383
1913.715027
2377.513814
2312.374778
2228.728475
2224.324024
2351.632264
2037.710559
2174.118437
2383.398435
2147.939171
2404.742385
2237.115062
1850.235203
2319.024205
2258.293335
2054.864465
2236.516367
2150.939250
2310.798785
2338.913869
2337.954118
2226.536646
1887.404570
1882.461140
2331.032950
2000.078113
2117.370777
2232.929583
2283.903627
2129.668096
2263.797557
2140.874178
2423.386891
2137.297793
2137.381352
2080.698967
2365.885857
2146.807614
1919.495293
2368.268842
1896.237961
2053.198975
1921.925390
2225.778434
2444.799123
2342.197762
1884.201476
1968.483185
2138.742622
2363.738753
2351.122108
2158.413974
2027.440860
2270.908677
2405.197085
2047.104434
2416.512646
2103.383775
2200.784015
2057.743861
2248.333342
2025.222594
2401.865050
2251.868784
2015.153985
2125.470133
2230.693747
2228.958191
2328.959992
2316.373018
1959.864856
2331.787461
2328.880524
2144.058087
1906.623072
2414.703255
2341.854811
2049.267992
2406.300704
2059.289330
2271.746881
2429.337985
1997.492773
2424.371158
2331.326594
2301.081805
2001.090499
2321.550798
2279.485248
2396.137084
1906.637202
1941.452701
2397.558566
2407.845891
2353.508275
2099.874334
2277.244782
2085.715811
2023.384096
2435.045223
2262.505644
2138.381833
2236.177315
2367.868071
2232.831701
2295.952083
2187.722064
2262.647020
2106.389497
1866.732833
2136.994553
2154.557042
2259.014689
2058.022278
2269.954339
2049.845711
2183.726665
2165.577312
1927.331301
2270.522406
2157.180400
1819.281379
2140.746619
1951.490891
2187.510488
2066.185129
2067.746826
1937.369867
2140.335350
2237.087358
2411.702485
2142.724195
2366.274682
2237.713459
1973.018340
1958.527078
2075.347206
2007.734051
2392.829847
2368.690554
2152.781457
2035.812084
2306.756966
2371.496626
2428.105272
2234.514367
1995.946793
2407.495063
2411.122238
2287.967465
2359.123949
1930.056303
2101.380244
2197.964016
2022.705745
1846.043300
2103.630521
2374.417324
2304.913529
2247.561169
2090.827667
2411.418049
2229.053572
2070.728615
1886.708538
2379.820664
2201.822070
1953.852163
2215.820289
2128.233497
2066.253622
2025.770067
1912.628910
1918.094211
1985.194836
2162.272297
2070.305426
1946.136435
2125.507407
2049.870212
2374.354284
2272.738745
2150.998993
2102.973904
2374.873940
1946.313036
2382.372564
2093.531904
2149.914485
1935.919398
2069.897811
2337.708478
2416.979976
2191.814356
2235.959591
2339.886719
2419.667531
2326.827196
2300.667059
2076.920491
2231.681605
2064.667383
2221.857319
2409.786408
2165.405110
2380.815736
2200.358811
2138.078599
2319.092444
2291.373067
1888.636927
2219.989733
2221.977045
1946.858117
2086.218064
2365.044380
2269.691009
2396.009499
2419.026392
2348.485919
2311.406168
2345.665225
1942.974017
2102.685284
2249.916492
2084.298111
1981.926662
2296.558631
2175.590617
2375.229689
2361.177225
2018.431788
2398.991878
2373.423263
2339.349597
2222.158536
2025.969139
2181.180246
2413.721340
2048.989494
1863.147917
2257.643024
2144.129088
2415.388114
2273.163534
2162.280484
1961.699863
2251.465148
2075.402689
2156.929595
2184.958268
2383.521801
2278.604648
2161.741327
2318.236146
2044.169465
2199.425525
2384.168992
2175.428754
1840.857945
2092.067336
2094.611404
2088.653972
2024.836389
2162.633539
2056.895484
2439.616114
2337.153597
2293.948619
2400.593701
2077.911537
2116.408733
2403.971138
2145.550159
2222.415568
2347.652044
2336.775909
2169.547452
1953.096775
2015.550738
2315.728529
2264.153883
2219.869481
2075.043691
2075.364635
2318.921872
2018.656174
2098.350713
2080.570455
1949.166336
1917.750229
2011.333410
2292.934308
2397.888218
2107.350706
2006.088254
2234.012944
2395.244371
2092.465015
2196.312620
2046.766302
2212.484197
1904.868980
2148.300896
2136.811912
1844.064327
2218.288373
2171.612063
1866.319247
2167.442859
2239.976659
2122.880844
2450.521646
2073.553595
2187.167478
2176.537209
2348.635856
2058.263713
2432.154118
2091.187147
2008.470253
2354.077969
2064.308804
2049.929677
1942.885719
2150.468290
1984.711436
2391.533917
2378.005470
2142.725425
2161.183070
2118.682436
2288.008945
2174.485412
2151.489426
2219.872684
1852.510771
2335.834666
2295.018879
1966.381042
2132.425928
2392.891994
2216.923627
2318.001836
2390.120923
2358.821500
2206.342532
2340.813893
2022.759855
2206.997947
2293.154138
2254.958478
2332.803660
2106.703983
2041.548228
2264.048910
2264.439388
2274.354102
2046.483517
2354.653052
2018.177193
2214.338710
2205.623974
2228.388830
2178.971328
2045.178539
2158.746451
2430.735010
2304.294233
2113.195115
2091.659666
2140.429531
1923.271259
2014.115703
2374.499029
2387.305100
2157.000670
2246.357424
2301.305725
2059.434836
1980.012234
2311.849406
2170.411335
2013.966211
2217.869435
2227.514662
2198.074095
2360.140469
1918.247753
1975.610202
2165.756682
2257.832768
2156.014453
2298.262760
2310.457311
2374.784561
2220.659970
2065.887420
2166.073961
2307.283424
2451.410881
2190.076140
2388.406579
2302.839018
2069.722335
2284.365488
2342.470775
2110.592328
1992.959969
2377.936037
2253.122126
2380.913742
2076.524957
2439.605197
2116.826296
2342.486626
2315.751673
2413.243227
2275.024025
2274.705547
2205.154337
2405.680168
1828.639245
1932.942398
1967.278082
2397.444778
1871.893128
2072.128109
2156.203301
2337.811035
2368.540799
1995.960654
2118.234645
2435.476764
2280.467244
2091.011840
2366.313136
2148.087045
1913.066808
2069.205771
2205.318432
1929.172654
2341.215347
1933.553024
2163.762999
2317.609388
2415.257880
2449.376770
2038.792437
2252.570002
2411.055405
2358.625632
2204.139558
2379.547141
2169.896146
1984.645571
2178.692926
1882.725561
2146.257187
2055.623365
2406.478933
2284.503574
2132.861000
2248.797983
2186.090231
2063.577581
2227.866495
2025.587975
2061.642469
2206.853195
2042.161563
2097.440575
2028.816383
1992.515688
2379.481368
2159.347794
2246.819925
2270.480032
2082.144668
2364.739713
2213.953868
2216.978392
1979.320000
2166.021706
2331.616648
2159.657190
2372.474294
2271.415557
2127.128232
2303.523914
2014.694628
2143.307915
2167.585722
2215.314861
2062.956748
1915.353944
2198.253760
2129.929095
2103.446868
2103.543735
1927.269094
2301.446586
2150.456063
1948.516675
2056.659666
1964.062532
2187.976346
2160.439647
2020.494711
2027.850767
2057.441815
2367.272050
2287.491957
2080.178627
2207.569071
2281.214281
2211.297329
2307.295555
1835.314112
2005.532012
2063.667830
2348.642678
1947.932963
1908.571173
1978.536509
1957.240192
1974.338312
2116.465638
2071.430233
2002.806695
2317.975589
2201.610218
1983.174998
2258.196442
2100.241821
2396.745579
2149.020938
2181.698460
2152.498916
2079.764260
2254.009340
2069.108522
2081.657464
2042.344028
2250.528181
2039.617566
2327.282387
1912.055857
2422.252049
2436.791430
2333.365481
2285.417051
2377.808385
1929.143184
2367.110974
2195.522974
2316.462774
1901.793704
2373.642285
2328.037018
1831.653991
2343.731383
2391.127774
1952.322225
2435.901576
2052.490899
2182.783368
2060.276959
2118.745214
2269.893481
2192.094418
2359.828524
2239.583996
2398.950080
1989.790053
1997.840510
2237.873257
1963.545264
2437.965695
1920.439502
2194.493418
1971.067773
2028.577680
2337.150324
2011.659723
2341.003000
2181.605093
2103.910483
1946.201502
2137.750227
1885.693507
2343.059859
1903.140840
2150.212618
2380.962982
2336.997362
1929.205552
2238.101240
2099.110374
1838.138756
2345.976084
1957.512359
2219.658211
1971.545701
2256.198648
2164.565581
2226.002033
2122.789614
2114.402216
2281.445776
2316.326395
2051.381016
2234.013763
1964.825697
2211.254902
2396.520879
1965.788862
2262.398939
2353.692006
2234.119022
2214.149689
2134.718573
2245.303889
2348.406410
2166.571761
2394.246845
2455.390380
2163.448689
2152.219826
2058.526582
2003.457415
2363.216591
2166.030769
2041.778309
2140.476402
1885.560082
1973.495225
2141.808789
2190.193645
1986.869200
2030.951119
2240.145913
2379.887040
1954.803452
2106.809107
2008.352440
2369.390464
2239.953291
1953.263109
2388.320989
2301.282722
2147.688468
2415.165531
2423.676859
2060.564510
1795.933283
2246.083347
2102.638697
2338.313951
1947.709230
1925.710072
2102.902293
2361.025361
2421.163581
1992.909257
2448.535430
2298.193649
2448.904251
2286.645852
2323.893194
2407.451054
2235.162125
2403.238710
2358.012617
2234.202421
2400.238705
2279.890099
1979.608550
1972.958175
2192.477957
1985.281683
2000.180566
2380.270746
2067.148351
2043.440726
2071.924297
2087.917521
2403.526120
2346.378416
2038.821897
1924.305172
2191.559879
2366.685811
2088.978126
2181.066303
2380.058843
2381.290018
1969.865688
2158.965396
2265.875090
2314.007775
2309.184686
1853.013770
2232.035059
2381.589502
2260.063158
2226.081358
2198.130962
2375.290485
2369.851632
1982.878729
2422.874179
2411.838804
1915.555640
2051.464946
2068.337694
2233.131459
2118.070270
2161.093141
2253.582356
2163.032556
2245.559858
2300.051682
2221.607074
2122.112017
2220.241759
1844.060325
2303.173050
2186.974253
2195.166255
2189.289814
2000.841550
2105.485984
1868.285107
2316.424221
2151.924018
2073.211031
2337.451971
2103.748997
2204.207318
2247.932676
2196.560822
2056.804641
2107.858418
1912.288456
2274.909163
2037.478105
2270.304747
2340.565174
2070.204529
1956.108126
2370.679123
2277.845116
2361.829257
2288.142861
1987.882600
1943.805735
1945.283943
2252.730161
2390.157819
2003.500824
2274.604096
2276.013611
2400.095526
1947.925606
2445.716757
2396.567666
2204.539935
2291.534470
2309.746775
2202.113659
1915.254558
2164.374153
1982.236193
1971.037135
1773.595188
2240.313655
2268.967215
2165.353157
2168.463895
2350.731584
2144.141847
2068.479834
2142.507023
2367.083173
2170.991768
2187.562105
2373.555191
2344.520524
2026.703316
1997.654295
2095.400255
2294.279047
2219.791091
2305.334170
2021.300101
2032.121499
2373.788589
2186.966328
2328.737454
2388.118341
2062.396949
2095.739183
2287.451489
1891.166597
2399.094557
2170.284446
1990.575701
2358.145989
1912.849603
2122.696705
1917.513399
1985.451134
2014.384428
2347.248113
2094.233159
1825.176528
2295.072975
2178.229989
1962.355232
2394.447205
2080.820367
2389.976133
2378.064509
2343.471481
2127.232448
2326.338400
2018.654526
2096.144814
2289.480824
2149.651133
2092.230231
2053.561007
2102.772883
2072.256949
2273.666939
2020.942541
2042.797497
2107.393541
2403.613183
2230.476610
1981.001220
2224.828542
2187.954984
2416.409325
2186.445609
2100.853196
2297.687051
2090.320946
1972.285153
2246.375049
2299.278136
2266.718327
2397.445633
2132.301010
2405.464538
2149.207720
2229.163099
2091.312327
2267.667434
2429.433121
2263.734653
1977.194687
2097.968454
2205.645765
2377.516676
2367.841839
2163.653825
2244.006037
2077.656327
2284.996915
2209.256753
2258.771746
1918.872547
2264.156722
2118.237656
2310.465005
2438.106043
2042.844492
2240.764536
2362.952354
2101.730721
2199.215459
2088.832292
2148.910194
2039.677541
2200.377454
2225.731607
2334.663839
2336.058187
2049.077469
2200.359176
2313.621178
2046.492500
2278.685043
2177.105158
1932.892727
2273.623426
2286.199341
2347.971248
2137.942085
2228.393683
2136.875082
2353.206848
2026.152584
1897.790789
2197.340866
2081.676103
2194.967923
2257.449312
1965.077728
2057.844181
2304.489509
2386.990134
2263.655329
2345.670719
1888.813166
2333.438376
2002.145364
2245.507200
2075.913876
2186.396329
2232.661400
1769.421787
2036.931302
2250.436057
2024.355444
2246.108838
2456.865733
2140.720905
2032.208746
2316.069751
1947.289432
1899.545132
2027.182685
2290.124112
2307.042231
2419.657677
2090.769373
1997.979268
1811.307554
2118.078423
2115.744296
2201.042993
2371.944549
2231.545262
2283.908356
2044.959434
1926.105978
2175.802570
2307.803885
2205.721256
2348.788362
2398.462539
1863.849391
2132.874526
2362.382979
2203.543335
2390.921111
2135.996083
2204.257958
2174.577325
2164.178736
2240.546764
2037.995752
2106.495197
2409.695779
2355.354681
2212.870305
1879.670165
2227.651998
2010.355347
2245.486457
2195.763618
2114.081266
1986.098458
1776.920566
1985.438397
2125.478453
2206.187725
2146.863553
2091.283791
2371.903162
2328.165559
2002.385263
2223.022400
2089.638924
1900.476191
2364.833366
2292.924666
2172.996433
1866.004052
1829.237701
1942.203138
2200.179592
2202.651437
2010.013107
2364.451491
2091.294243
2180.553623
2097.370731
2391.873022
2258.467247
2324.595485
2068.714364
2304.981670
1974.976855
2304.934677
2152.478569
2129.632067
2190.326720
2347.569206
1994.149490
1923.472296
2376.996435
2150.694461
2115.268651
2140.492747
2155.961619
2331.594789
2138.431307
2080.661555
2194.991711
2367.871856
2027.277715
2281.067225
2361.380094
2066.495509
2013.326566
2122.095917
2098.336311
2256.863808
2039.205116
2336.306961
2364.647226
2126.579493
2398.613743
2005.688587
2411.230629
2107.223661
2122.109692
2254.259626
2296.947164
2251.069176
2210.767029
2338.603347
2073.614888
2236.236234
2385.276127
1902.208003
2302.996383
1863.373050
2169.035469
2411.071150
2227.390431
2080.499625
2200.916262
2278.451087
2365.656935
2388.005869
2091.781462
2362.817551
2357.617017
2186.292172
2344.721145
2156.821505
2309.961596
2364.638521
2373.526421
2105.973531
2011.285832
2328.695825
1831.522103
2242.654796
1946.927049
2375.062245
2269.020636
2433.686272
1943.119314
2220.140318
2208.365376
2343.704255
2411.752066
2426.856870
2159.339897
2002.250610
1931.514020
2369.835582
2124.347051
1975.872244
2067.211296
2174.901902
2083.260826
2121.143067
2156.591563
2058.720971
2250.571259
2073.980033
2272.854680
2201.732432
2399.627135
2239.414618
2020.054776
2072.193569
2071.467220
2186.500686
2058.350954
2046.618573
2185.991832
2310.552457
2133.397955
2377.069433
1976.510901
2413.134289
2142.302934
1910.650346
2194.522894
2135.976850
2032.634509
2428.344507
2366.616692
2142.866220
2058.860363
2256.134547
1920.200680
2231.207251
1912.862699
1959.901068
2091.415616
2249.992758
2070.059990
2111.843684
2374.173514
2208.130707
2203.749703
2309.291931
2122.581613
2382.157484
2089.739476
2312.822143
2381.102261
2207.263050
2392.063750
2109.129158
2385.273163
2155.585642
2153.867993
2102.301570
2020.898739
2292.458679
2128.269054
2310.204843
2375.035165
2053.705866
1972.503168
2214.826190
2315.076613
2453.772525
2021.715712
2145.205725
2331.429849
2135.183195
2207.981618
2106.645659
2194.350465
2278.043685
2208.581391
2379.142934
1873.528831
1938.160996
2364.175826
1884.567922
2187.487095
2390.147733
2321.355693
1979.711836
1980.855217
1886.044648
2157.938097
2211.244020
2290.125003
1961.291515
2230.477954
2380.595063
2239.153207
2302.353577
2289.922695
2073.051581
2148.806096
1865.201650
2333.139005
2393.029456
1823.795182
2170.637488
2254.891370
1975.712477
2229.985292
1964.123660
2265.937903
2109.078861
2386.593605
1997.857226
2393.165333
1950.081086
2171.636156
2158.432973
2346.781992
2244.359602
2147.674446
2112.220871
2248.656970
1950.235072
2105.563433
1977.571707
2004.909753
2014.977148
2319.528737
2456.860723
2084.308034
2242.708955
2023.433304
2220.897048
2255.918087
2255.991100
1991.935563
2408.550027
1978.073406
2195.487406
2168.420179
2262.830501
2333.187777
2180.573303
2367.369683
2145.377768
2407.922356
1943.182425
2261.696485
2148.263038
2094.855845
2401.403743
2054.055007
2410.529902
2256.864234
2367.505216
2212.662120
2183.838445
2086.522750
2339.669360
2267.656132
2375.282066
2289.460106
1979.345940
2275.392315
2130.456588
2302.076795
1789.033613
2322.045121
2421.479305
1799.020133
1847.115981
2182.759011
2356.071547
2254.880594
2129.717791
2133.701206
1997.970747
2355.135918
2098.387248
2259.186346
2020.497405
2097.900775
2183.950963
2075.767806
2091.303076
2413.831918
2132.595327
1844.680731
2144.491636
2173.529932
2118.872967
2136.346368
2335.170340
2202.213304
2179.229217
2102.627872
2173.666850
1906.319413
2361.750130
2251.613938
2030.569824
2323.079426
2073.848194
2025.259239
2339.949607
2350.199139
2048.274827
2063.563516
2135.164275
2408.873604
2363.997162
1834.164178
2071.205627
2261.708849
2094.301867
2152.226181
2341.656546
2042.136191
2354.352126
2355.479602
2350.857998
2142.779042
1989.856188
2406.319666
2381.026450
2405.845053
2077.928720
2035.235862
2360.756659
2243.694901
1872.847404
2138.720276
2460.390538
2176.177406
2313.295110
2068.046209
2241.435269
2344.895571
2371.929888
2105.163899
1895.339583
2144.631905
2174.937995
2083.227439
2180.186868
2028.485139
2027.342813
2425.689735
2191.904493
2372.914361
2144.870370
2344.854354
2054.843840
2159.924237
2264.337898
2238.629053
2210.635145
2148.502189
1949.160560
1912.398653
2164.698912
2245.603085
2008.326660
2356.919655
2052.255469
2252.530546
2098.976309
2085.554765
1854.464226
1997.560799
2331.655667
1974.636758
2180.368900
2218.051093
2279.228331
2418.364498
1989.329211
2286.573945
2388.806323
2055.633668
2370.278075
2044.460616
2207.388681
2430.638245
2044.893962
2086.739173
2302.689650
2166.132132
2184.625171
2369.737429
2149.437879
2194.983021
2018.568396
2127.989639
2054.247051
2056.081364
2400.591683
2351.601569
2035.819785
2352.853053
2193.305343
2084.849766
2238.811763
1867.297744
2329.295824
2176.016538
2018.352470
1906.193725
2340.581395
1878.445949
1930.184002
2025.993506
2284.958387
2356.456077
2074.979906
2248.086485
1949.261045
2292.725447
2070.511952
1931.874324
2026.090877
2052.078043
2071.496726
2144.916781
2428.284701
2163.171134
2153.389460
2235.024912
2026.349103
2188.178680
2423.002667
2362.608026
1916.918779
2377.471136
2318.406378
2028.804142
1868.708823
2212.530774
2348.988960
2285.597788
2135.668997
2397.329205
2305.392887
2314.593168
2382.647739
2172.139132
2365.680839
2151.279816
2225.275617
2279.892847
2405.217184
2275.299898
2059.653038
2330.308498
2225.823489
2308.502164
2365.075563
2113.989899
2310.019436
2057.895670
2412.719624
2394.070539
2393.171243
2306.531104
1897.678559
2255.490740
2387.604662
2146.100663
2099.277212
2378.630722
2144.461984
2408.174347
2180.618980
2324.582625
2126.209166
2076.601434
2286.508233
1935.716907
2308.502143
2132.946437
2154.716318
2374.940509
2245.009298
2377.095564
2352.242905
2383.244688
2390.609355
2180.133118
1896.434969
2214.595752
2050.614390
2132.843677
2386.045196
2109.311507
2211.243607
2167.761134
2402.866859
1977.619225
2341.039487
1990.525999
2378.908827
2426.258136
2112.951474
2105.247166
2093.781056
2062.986065
2332.350652
1980.844041
2046.690891
2371.779496
2149.293838
2240.785515
2345.361570
2312.937762
2259.700347
1980.313878
2366.233505
2414.914749
2165.011568
2287.451261
2433.840496
1970.726407
2219.909164
2164.105216
1933.990072
2179.614840
2241.470621
2117.103861
2201.231442
2062.024864
2338.866430
2062.959756
2053.739359
1954.266008
2076.516615
2237.101035
2298.546002
2192.157937
2070.981493
2336.210771
2386.065626
1910.653903
1997.697250
2093.263281
2055.792007
2020.869618
2358.832452
1893.660256
2358.877921
2094.302971
1944.891812
2286.563546
2364.677845
2304.377673
2334.694087
2436.846372
1943.511287
2233.858114
2373.682970
2372.899275
2176.192535
1976.178370
2408.392164
2303.234250
2020.115986
2195.034083
2140.467834
2111.876774
2068.962357
1851.369241
2155.165637
2457.761879
1884.496799
2174.485932
2022.745822
2178.321893
2205.848146
2316.670351
2235.236230
2333.023172
2197.993959
2307.328407
2023.443743
2024.528562
1987.683431
2016.249207
2240.739037
2240.463412
2257.656270
2401.101576
2304.571838
2224.676013
1853.562999
2125.887127
2371.053998
2043.575836
2028.591803
1950.906489
2232.782426
2078.194517
2133.108644
2100.722470
2246.082380
2351.725821
2119.497082
1926.510930
2076.917690
2100.910400
2255.083551
2179.804808
2180.835176
2386.663559
2104.174801
2363.905998
2265.058721
1827.888756
2410.747039
2433.794993
2196.446053
2431.875241
2253.421204
2265.663391
2299.259565
2174.926094
2459.076506
2038.151182
2116.329412
2398.618146
2110.255448
2039.562934
2136.032938
1853.271620
2318.562960
2032.033355
2090.161936
2108.786690
2055.069645
2179.446303
2328.370724
2336.589839
2128.658345
2086.932666
2182.546292
2257.930349
1969.410761
2237.414100
1934.739034
2342.520731
2285.316197
1832.660643
2051.906421
2297.971582
2487.955785
2206.328226
2005.921371
2357.162293
2036.012221
2088.974937
2039.760864
1786.173451
2165.294421
2133.123024
1840.943421
1996.878341
2002.749067
2341.049761
2405.229664
2341.344736
2032.354209
2273.489933
2208.884317
2041.273788
2028.794377
2467.667483
2439.545089
2252.835447
1976.304381
2385.086040
2256.590394
1873.397126
1999.404719
2425.823442
2227.441237
2243.391496
2224.816981
2276.411857
1955.206932
2108.065991
2368.406211
2011.851074
2080.035076
2169.335062
1996.998803
1806.848904
2071.709724
2237.139215
2163.586922
2289.612702
1990.238256
2364.734970
2310.465137
2430.867082
2013.782500
2075.409162
2290.939440
2355.220403
1934.712477
2002.081212
2264.203834
2318.825038
2037.306676
2368.359863
2243.719613
1938.680200
2289.681755
2183.959941
2112.301909
2189.847741
2011.580253
2227.117045
2126.214563
2059.123371
2109.742963
1971.019814
2143.299955
2251.851930
2267.427338
1967.192897
2235.058919
2256.154171
1945.637408
2144.834468
2218.683115
2370.808485
2166.977774
2235.892549
2330.130103
2211.607689
2382.059483
2059.023232
2394.688319
2042.127977
2387.488853
2038.788790
2135.499811
2379.205604
2443.181446
1930.926912
2294.033066
2126.189185
1828.250129
2298.808960
2226.842548
1975.156605
2214.688403
2267.995282
2389.446596
2384.899712
2088.427553
2386.806445
1944.483341
1999.541255
2368.139430
2275.921489
2367.494184
2318.821905
2185.287100
2196.355936
1947.848880
2255.456980
2180.157236
2055.786945
2292.674579
2239.972598
1941.063503
1957.220491
2069.619310
2248.270729
2314.962931
2114.689728
2292.947054
2138.702749
1984.181397
2129.430478
1907.011299
1886.038309
2376.980720
2363.907140
2065.908833
2072.770206
2222.335736
2068.594800
2048.724946
1906.699199
2152.699607
2396.091116
2040.882851
2134.308198
2084.910143
2367.147987
2289.237545
1999.937391
1982.775448
2314.566345
1988.045907
2008.416914
2109.877784
1932.174716
2320.080067
2254.012692
1941.748565
2316.048507
2371.452281
2389.124029
2273.587335
2063.926551
2117.062078
2371.705430
2277.855537
2400.192350
2051.893423
2147.636280
2029.597684
2396.774000
1897.316053
2289.150277
2307.936792
2175.581312
2386.657720
2324.343143
2389.732106
2287.801785
2223.454012
2088.847463
2200.404294
2081.321767
2239.915043
2367.175629
2427.672447
2274.568190
2044.984890
2190.880022
2325.729657
2042.303515
1911.941307
2036.133033
2362.179581
2375.025914
2244.734651
2108.216716
2121.821745
2072.325180
2362.521940
1886.855119
2224.322422
1976.172991
2368.205866
2032.097112
2201.603086
2212.880014
2146.499846
2295.665406
2351.745968
2334.349511
1909.092533
2200.938245
2360.000309
2108.252490
2013.676640
2444.784744
2017.779748
2130.697764
2351.020822
2310.864538
2196.265315
2159.228019
2103.192078
2130.127002
1891.486738
2049.469426
1843.123836
2375.902194
2354.279055
2134.729057
2096.297916
2181.685202
2223.519001
2139.824676
2362.432342
2039.236524
2374.501312
2020.412166
2201.062472
2224.670467
2072.829002
1971.066375
2257.147013
2222.961498
2373.885350
2221.134947
2107.118714
2155.129851
2107.909918
2208.837120
1952.884305
2086.984550
2289.603501
2194.000707
2471.438805
2418.324001
1972.013997
2376.794791
2379.829779
2157.331498
2091.647128
2279.509300
1783.135984
1968.465413
2014.633739
1891.763003
1991.963014
2399.440670
2030.710315
2064.278056
2251.739437
2213.966002
2205.838893
1831.278069
2209.792134
2297.593420
2332.137754
2035.948625
2410.922823
2130.018602
2318.779858
2386.467565
2082.646016
1993.707057
2191.924140
2204.005711
2193.750364
2162.714043
2080.503466
2270.651485
2014.390484
2053.288012
2219.605336
2320.507755
2007.862251
2372.942964
2104.094945
2367.709931
2369.995906
1981.011720
2094.199722
2116.718810
2309.504872
2221.188922
2110.142071
2329.909003
2328.225459
2074.325430
1931.658786
2136.771612
2289.041482
2230.428839
2326.373136
2180.047410
2001.278987
1927.000939
1913.745247
2171.915293
1899.811858
2415.959803
1952.679090
2350.820530
2053.031743
2341.981512
2212.849445
1934.873506
1972.088217
2000.455113
2344.835598
2210.773815
2249.748441
2190.667498
1965.911954
2348.562071
1936.331562
2398.619404
2213.170446
1959.397429
1815.764901
2187.218754
2192.623131
2274.206766
2118.829692
2331.469825
2155.027448
2261.925910
2139.408258
1767.336193
2220.133790
2175.507922
2051.416011
2217.380281
1948.854977
2343.780988
2369.957391
2329.811732
2125.863411
2389.945123
2340.892560
2270.708228
2086.456737
2142.322694
2081.870742
2263.322749
2121.730906
2027.454852
2125.550094
2262.765951
2370.730285
2135.300026
2278.612005
1896.714102
2009.554998
1906.238622
2230.586968
2390.344803
2416.124985
2334.477924
2083.489786
2319.958058
2267.210650
2150.280312
2428.351440
2388.485189
2140.420153
2229.058112
2346.625003
1988.456467
2362.417414
2198.674385
2405.961124
2079.904192
2003.700514
2067.361487
2279.244143
1938.797426
1881.019445
2192.594610
2008.817924
2052.358075
1933.966173
2287.508120
2251.982267
1815.535704
2146.343750
2109.453249
2372.107484
2121.926301
2062.669906
2137.369173
2332.504094
2018.529580
1945.393479
2356.286227
2181.125296
1942.795511
2214.868861
2430.070621
1997.411419
1968.221885
2110.160873
2333.729983
2387.284899
2081.921777
2019.572044
2420.850232
2019.259606
2073.588064
1974.061230
2289.198580
2289.002789
1926.825467
1944.154418
2212.284630
2001.452228
2323.714114
2388.816531
2335.755506
2060.448170
2208.708608
2130.056172
2293.903781
1901.085172
2317.883664
2008.191196
2354.100794
1979.421354
2355.352686
2327.374907
2219.053719
2412.124657
2145.059011
2156.637279
2418.215689
2147.240418
2112.858193
2151.160922
2123.630691
2377.577730
2315.133656
2165.650480
2117.008159
2315.393116
2251.858939
2272.875948
2225.163470
2140.288356
2292.079612
2218.863845
2106.352120
2072.747387
2365.155267
2382.028834
2057.579874
2332.716437
2289.946716
2088.030496
2175.458742
1882.162567
2333.293129
2044.713712
1896.244865
2295.251935
2400.022163
1840.946912
2316.671621
2151.157588
2398.227598
2174.614580
2433.348380
2357.001976
2089.577893
2013.528751
1980.186838
1917.714674
1992.599257
2271.611778
2116.347154
2092.067153
2347.516345
2330.608304
2271.951613
1888.938309
1935.047867
2386.520048
2226.842802
1951.705239
2198.872325
1928.201666
2317.694588
2337.955668
2221.507623
2177.470678
2240.446322
2014.476473
2258.640336
2351.450546
2309.435171
2215.387663
2214.058304
2429.549611
2336.377163
2412.712883
2332.849364
2148.987349
2252.382111
2357.075406
2159.440606
2371.033446
2201.028881
2148.046079
2385.908721
2297.741774
2030.703570
2205.374653
1998.673210
2063.241402
2134.436718
2288.339109
2391.083301
2095.426392
2409.106916
2171.499358
2024.428000
2219.291897
2033.021337
2006.497673
2163.034590
2115.912636
2164.762022
2274.190552
2184.195253
2191.869601
2120.522046
2063.488300
1956.623451
2330.424363
2436.608896
1938.499334
2056.926099
2238.851815
1988.862284
2029.349555
2103.684167
2124.488146
2373.336729
2134.566580
2235.373226
2241.630250
2259.169893
2050.385070
2372.928928
2033.767391
2230.435592
2239.087202
2300.133569
2270.493923
1956.956215
2085.263404
1806.598465
1933.167184
2353.156166
2390.917161
2049.810219
2143.656526
2043.623900
2229.710728
2382.228383
2103.522800
2227.366643
2085.505408
2260.753246
1964.198678
2342.408670
2013.220683
1936.239484
2227.920573
1893.728089
2077.162034
2345.829225
2370.000413
2253.366872
2190.424296
1925.629970
2065.327939
1823.420775
2174.885779
1914.700763
2293.916804
2096.357887
2194.657534
1955.135584
2347.692051
1868.724924
1836.542360
2002.978103
2004.188894
2405.944612
2094.442215
2265.970898
2041.577804
2027.561699
2059.582631
2175.873796
2379.389046
2008.873038
2315.038112
2366.185241
2104.022202
2286.362540
2435.169898
2310.147663
1920.317747
2178.570731
2062.653864
2219.125857
2064.102782
2030.636122
2045.625356
2084.113868
2232.318527
2336.820526
1951.709328
2135.470119
2109.604851
2303.527113
2157.063264
1974.256515
2195.137771
2112.458569
1975.824004
2091.095528
2065.885747
1936.498011
2144.424204
2188.732744
2013.260073
2310.042356
2361.415987
2312.737796
2332.152852
1948.408738
2013.012533
2072.162993
2418.354189
2291.638633
1945.968252
1987.857270
2150.328851
1939.882468
1933.897669
2102.199262
2264.172138
2241.264613
2057.977191
2189.237834
2367.124889
2214.982241
2061.561011
2350.965512
2368.388882
2362.206449
2392.791724
2109.023675
2263.685729
2346.021052
2125.966723
1789.949132
2048.830978
2017.672743
2359.540096
1963.185972
2269.615934
2102.723429
2312.434210
2198.102397
2092.196359
2393.162729
1999.016074
1902.718479
2149.487543
2223.530704
2100.871010
2022.535095
1992.436570
2381.523911
2036.780724
1973.170072
2338.007679
1976.672757
2049.764876
2182.659844
2409.560352
2042.340102
2152.743822
2197.172982
2393.418630
2383.451289
2374.959220
1981.691075
2293.833658
2184.375457
2360.569188
2179.029277
2139.361865
1838.140260
2030.242598
2208.769552
2286.644900
2336.002466
2125.378869
2232.416796
2337.543942
2057.250575
1982.808289
1877.972296
2243.884177
2042.825050
2358.620622
1808.840048
2103.738372
2168.111264
2007.003118
1806.549688
2322.470402
2445.034007
2368.289675
2112.454479
2165.018851
2090.712481
2048.102556
2282.688641
2427.101067
2353.055108
2306.739933
2351.005837
2372.329231
2233.267989
2140.064856
2250.998443
2145.200852
2139.905196
2345.273555
2036.919349
2339.646609
2132.735298
1991.810289
1865.775274
2395.409025
1989.755378
2236.963598
2235.439078
2112.086065
2215.125019
2186.972413
2365.423039
1978.972654
1962.119715
2374.503401
2297.663439
2186.215680
2103.854396
2275.392121
1998.123750
2369.247764
2140.200884
2213.393376
2025.994391
2193.224810
2230.580090
2043.041301
2199.368844
2226.558573
2148.519730
1927.137008
1964.600402
2259.533560
2360.166412
1831.489202
2185.533102
1777.859443
2133.730190
2147.945154
1958.801331
2134.547246
2354.232879
1944.973312
2410.294513
2133.324432
2376.257287
2345.669062
2095.285105
2325.224574
1973.608679
2318.210736
2388.243430
2114.048707
2236.285079
2353.331109
2364.723636
2015.809327
2047.140635
2334.488552
1896.399135
2115.837862
2095.718594
2302.673485
2234.214965
2422.328855
2081.599785
2387.504024
1858.006242
2367.911124
2165.806115
1949.921651
2095.052994
2023.087081
2064.497329
2392.950664
1989.994003
2139.835349
2028.263620
2297.679684
2226.148233
2333.833515
2402.126348
2289.688173
1960.538615
2463.712639
2232.789026
2189.608088
2303.266273
2066.951285
2095.660362
2323.031773
2321.390524
2280.580421
2094.257125
1975.871589
2159.983609
2014.227738
2116.113712
2146.688037
1795.809989
2383.539261
2404.467925
2219.390254
2314.848596
2102.555991
2143.041928
2239.226122
2225.665582
2267.654822
2076.069360
2064.330767
1927.222228
2145.205873
2168.193994
2352.285418
1998.892075
2140.176766
2077.679168
2094.043197
2180.218692
2159.584542
2182.295309
2068.955291
1891.975944
2219.945610
1990.745857
2025.354609
2238.175805
2139.542129
2013.261441
2091.407620
2438.388267
2186.817552
1968.243285
2447.533445
2422.374611
1901.095353
2198.851197
2306.486382
2231.036100
2066.749698
1953.659542
2078.632832
2321.353642
2255.693777
2141.653192
2300.449848
2403.783440
2033.430575
2316.232883
2409.491947
2038.940952
2288.349520
2312.294513
2090.441546
1960.669640
2081.658632
2176.956431
2005.033964
2079.079045
2445.568261
2083.561836
2006.220448
2298.305081
1977.880119
2208.480187
2318.055563
2328.710498
2112.275401
2039.146474
2393.886821
2229.407250
2211.194887
1949.347488
1949.613376
2053.795776
1946.347243
2339.595770
2309.220143
2281.595574
1903.676881
2357.668552
2037.626174
1939.296907
1878.372453
2077.945806
2093.925643
2291.734832
2198.393342
2182.885592
2392.930573
2192.839645
1935.888898
2278.018551
2380.725519
1992.457250
2192.912281
1993.572511
2391.886344
2292.767298
2384.573019
2019.213848
2180.495571
2016.357062
2266.286811
2413.092497
2178.636832
2316.318780
2012.001234
2041.204332
2146.188639
1931.330408
2090.578194
2449.066230
2191.999349
2141.979599
2271.370864
2304.857898
2410.324428
2001.051108
2267.720176
2223.480017
1939.607997
1837.736040
2067.381749
1907.501062
2221.002483
2388.577385
2388.146645
2051.736801
2369.597373
2217.934816
2414.893788
2240.475242
2387.715577
2386.435078
2079.196640
2003.790772
1901.752519
1885.938751
2281.744731
2121.327343
2348.070024
2084.321740
2129.957448
2163.263729
2169.415618
2377.311583
2228.452675
2271.979522
2134.914198
2051.729656
2090.169490
2434.894371
2068.267094
2182.527454
2237.006392
2198.823680
2195.298856
1903.269609
2398.593359
2050.050280
2210.800513
2131.084264
2303.243137
2247.329181
2037.709436
2173.058594
1924.806230
2362.884034
2367.050832
2363.798782
1859.962273
1881.060525
2267.634742
2202.843102
2332.755814
2378.452415
1972.834568
2271.810391
2304.006287
2023.372148
2305.566375
2257.204115
2039.414622
2391.455640
2283.643783
2384.870609
2098.413683
2315.073280
2136.890902
2298.586656
2319.224443
2072.546616
2148.929866
2151.362093
2045.511034
2127.564945
1886.541295
2236.609717
2319.435378
2229.156228
2253.439429
2392.458553
2032.316599
1931.150848
2209.490654
1999.065323
2208.497189
2032.103073
2291.750279
2404.154629
2440.544047
2137.501440
2204.479611
2025.451944
2276.112634
2150.808981
2361.663366
2220.532749
1929.862003
2346.297610
2243.246248
2205.620957
2230.801604
2138.591071
2185.898074
2409.665197
2395.751511
2268.794194
2005.045993
1850.231386
2242.027133
2141.381600
1975.156712
2430.835367
2019.449776
1817.220839
2306.274460
2081.748524
1959.980216
2361.556890
2055.007507
2351.635426
2065.664443
2173.277467
2289.900347
2228.651332
2146.865169
2374.834529
2308.416228
1854.871939
2371.521008
2167.858878
2199.384075
2056.870793
2236.850924
2024.414926
2065.477834
2127.187836
2007.035426
2076.122474
2264.716462
2057.682363
2301.641165
2346.706582
2348.705277
1883.023142
2201.106992
2134.673180
2017.871625
1983.497231
2245.690542
2017.619029
2364.934276
2307.891070
1888.223296
2408.827137
2052.959170
2186.118173
2009.716741
1989.039798
1942.009871
2146.747651
2238.274184
2037.075775
2193.174801
2163.999454
1869.631082
2033.758787
2344.196344
2307.834825
2094.302388
2195.315777
2428.958632
2364.603837
1880.524444
2236.487870
1973.053015
2266.004579
2075.171785
2189.389001
2330.991611
2155.792628
2207.756562
2061.376907
2357.693092
2026.187641
2065.218563
2247.807157
2112.216749
2411.963576
1865.471480
2229.511174
2300.802312
2153.378867
2387.041875
2079.986115
2043.718434
2045.801175
2398.525794
2177.794765
2065.827093
2367.173381
2358.192107
2350.977519
1978.317262
2373.373254
2285.403910
2094.060646
2247.508739
2329.794483
1889.067758
1865.833038
2404.117743
2150.989024
2109.297135
2257.110071
1885.500678
2084.929671
2248.398109
2361.706163
1856.643600
2252.379519
2205.359759
2404.659296
2271.231906
2100.888979
2390.502955
2314.786374
2038.451142
2360.250539
1885.382576
2402.594489
2228.735437
2198.201946
2273.163095
2214.114824
2149.004249
2004.179296
1853.106685
1909.435310
2170.133639
2199.998824
1965.156492
2094.802083
2063.496247
2044.534982
2086.078909
2338.923840
1974.259357
2383.290680
2217.949482
2407.472397
2252.993863
2088.207563
1973.676568
2372.133487
2087.814310
2060.828457
2029.073934
2262.926705
2152.874582
2235.406499
2006.800987
2106.726876
2231.099685
2030.960147
2210.859260
2166.071176
2395.394317
2318.006622
2290.052426
2320.143233
2269.574294
2358.889376
1942.583418
2070.287788
2286.853653
2031.254864
2219.800848
2060.682825
2045.561385
2337.829881
1910.603667
1884.833238
1933.127015
2447.905061
2326.416670
2230.011806
2355.209086
1871.116290
2273.332002
2304.867990
2101.208205
1930.213121
2088.892465
2179.243505
2372.430521
2218.760254
2276.457270
2011.780139
2043.236361
2136.079399
2321.894028
2094.208938
2272.879849
2200.728134
2375.074766
2230.772382
2362.430252
2038.696244
2225.052307
1957.133427
2247.662488
2300.218344
2298.020325
2351.863453
2278.536560
2323.651307
1931.380316
2088.752557
2117.190684
2285.677093
2289.475200
2176.915338
2427.116446
2192.322758
1937.846986
1910.787535
2316.918585
1943.797821
1965.108949
2276.379356
2311.117105
2421.825368
2364.179713
2234.534934
2398.473401
2021.980495
2200.432089
2285.214409
2423.243324
2273.333048
2324.788902
2289.721350
1847.927310
2080.903504
2072.913953
2169.582981
2079.286740
2386.438491
2044.097150
1967.436825
2061.660801
1917.188485
2181.065034
2278.542471
1993.845818
2056.963763
1948.512852
2238.377456
2221.315603
2370.360419
2360.011330
2105.423826
2058.891973
2253.814522
1898.563438
2277.614484
2433.306603
2038.369396
2086.052404
2205.443688
2259.923472
1992.589562
2147.847974
2354.574575
2032.756323
2344.612263
2142.903985
1960.577003
2225.432381
1929.078083
2129.035991
2164.870633
2327.004884
2242.376916
2331.359549
2382.180614
2021.352490
2185.549956
2056.402212
2033.435707
2294.792805
2162.733623
2189.948901
2217.356467
2203.526852
2103.417444
2083.836540
1924.264213
2237.865668
2026.261021
2429.363589
1835.584403
2262.588662
2318.904462
2082.942706
2183.016518
2399.629901
2122.502976
2139.251887
2398.242034
2327.137615
2243.297250
2324.946451
2315.060349
1968.560675
2311.326216
1966.294775
1889.790867
2024.623390
2235.835832
2154.140892
2296.255059
2197.317657
2417.284779
2072.544004
2295.141307
2428.384286
2075.070850
2115.245105
2219.756644
2451.464565
2312.415612
2095.805662
2310.827205
2359.095980
1769.757053
2398.436475
1970.888764
2206.211778
2207.568924
1974.440550
2081.408524
2162.288088
2317.150595
1996.634220
2352.780441
2286.952199
2072.064699
1884.004399
2421.514696
2155.576710
1931.127098
2167.126851
1979.455273
2377.883506
2316.133856
2386.083328
2357.449493
2197.229724
2389.917243
2166.059556
2167.256444
2389.475409
2276.992414
2103.992626
2363.886161
2029.453233
2305.684451
1856.143706
2343.131603
2302.394182
1856.486472
2144.446809
2298.704542
2135.083587
2306.979625
2413.396949
2086.755093
2370.479719
2157.010445
2204.092948
2130.582493
2172.612243
2375.169268
2093.389636
2333.882714
2406.091045
2131.986600
2370.208391
2129.962559
2261.211499
2151.771796
2036.734580
2255.197978
1839.408520
2364.524214
2231.603325
2322.609177
2144.592756
2122.698235
2121.144478
1942.783996
2130.646366
2451.942647
2290.553907
1825.552213
2290.436451
2289.392545
2244.446858
2065.997933
1956.290785
2129.091948
2324.352789
1843.557548
2348.579027
2159.292129
2211.398776
2383.593589
2138.121211
1993.837788
2344.066296
2067.314432
2119.473064
2079.859279
2243.342803
2395.099023
2401.816671
2045.417344
2319.005482
1855.747872
2157.632508
2078.636241
2193.417543
2091.967483
2277.075281
2158.217951
2355.699761
2224.665020
2395.700958
2041.125331
2250.644232
1971.408150
1982.608655
2057.718271
2419.290705
1987.064701
1866.042347
2204.303283
2266.134998
2356.272191
2157.311219
2269.526503
2149.746451
2121.579414
2085.327275
2284.713946
2141.367094
2451.543100
2339.324624
2139.608682
1847.968120
2385.336845
2189.971514
2220.049959
2383.409639
2234.748884
2261.258061
2162.089364
2321.587939
2183.084583
2291.482956
1949.914067
2225.834212
2224.167175
2371.755858
2058.767879
2363.496928
2306.713274
2274.990666
2086.463694
2132.393271
2116.379539
2450.599488
2015.401075
2121.966924
2144.520936
2123.811026
2055.992533
1961.577811
2196.217288
2033.967168
1981.989765
2353.942739
2302.585520
1992.865264
2172.249106
2362.381518
2138.239726
2237.762744
2387.671646
2303.020018
1927.978789
2369.971719
2204.479771
2065.021498
2300.305584
1938.075542
2428.255728
2093.885420
2129.697962
2218.647895
2073.716145
2369.267365
2421.594739
1977.134878
2135.050550
2165.285462
2233.488435
2205.990288
2354.515637
2254.391261
2349.933912
2063.400948
2171.076739
2215.226010
2320.365996
2375.466766
2367.785718
2395.921254
2241.676218
1964.822936
2195.079582
2146.921891
2323.097900
2224.475200
2148.135679
2299.988893
2145.333062
2371.264303
2212.668029
2413.729782
2078.759047
2238.641418
2258.485575
2211.237788
2053.379967
2132.123870
2189.960180
2393.750008
2356.803527
2188.088271
2293.359899
2407.974124
1807.328549
2233.245296
2325.882748
2163.092675
2242.246805
2065.239210
2221.309417
1832.573116
2391.778566
1974.814315
1924.515141
1947.284006
2097.158106
2203.619769
2089.226729
1971.420216
2310.791561
2318.893110
2311.631527
2441.348482
2282.817698
2367.234726
1956.921366
2067.577152
2366.595471
2288.518630
2224.101344
2394.197676
2248.233825
2276.052123
2045.008504
2244.191279
2026.147690
2176.591123
2343.183098
2073.071371
2151.404460
2045.515056
2031.537066
2127.516741
2176.423812
2043.033597
1829.174217
2250.979298
2326.678576
2423.036636
2190.638666
2092.056788
2086.785672
2211.361168
2409.157155
2089.503326
2227.824478
1893.780832
2023.029853
2148.924867
2174.195476
2060.887009
2260.653169
2256.899727
2036.553441
2335.610486
1945.895828
2412.096788
2302.343237
1831.001318
2001.982362
2434.387965
2369.012854
2211.946038
1951.676269
2236.741273
2248.372725
2112.121396
2044.940767
2416.138795
2281.067062
2282.959349
2167.348129
2123.925159
2115.173832
2074.573474
2220.788365
2356.077292
2204.971233
2126.285481
1919.123192
1965.383734
2146.684452
2023.787126
2360.467920
2107.859912
1995.517892
2242.556499
1936.681372
1997.469155
2439.519538
2374.374749
2439.640950
2077.210648
2242.342019
2034.289517
2153.931575
2231.533087
1920.187435
2051.121503
2055.624860
2119.259687
2087.636563
2017.808562
2102.539187
2275.310085
2143.091484
1959.474188
2282.724097
2244.606446
2144.791955
2156.982505
1991.378586
2159.236155
2284.149047
2309.125859
2445.940856
2418.280578
2402.777075
2273.083953
1880.416287
2360.017101
2378.341922
2395.227295
1989.044922
2157.490304
2099.153564
2256.982874
2375.641510
2160.696094
2255.509778
2196.191524
2242.439930
2296.275622
2180.864860
2215.418862
2241.474549
2201.102258
2276.706834
2369.627610
2264.154385
2340.617298
2186.516598
2399.854620
2030.964473
2295.719220
2291.568088
2366.321476
2049.289911
2210.021740
2104.198744
2113.159670
2423.461220
2034.072156
2151.574364
2280.831129
2081.594258
2441.388852
2126.665117
2093.130720
2262.230314
2346.399915
2382.097504
2329.471128
2324.697685
1786.448543
2391.610559
2029.182961
2149.522916
2131.772026
2346.544936
2184.586632
2071.252391
2367.048646
2353.900786
1908.751289
2317.157698
2207.716916
2139.715312
2186.553471
2260.895881
2028.106394
2083.980205
2210.698009
2432.673668
2113.462105
2050.874810
2337.145493
2028.648341
1880.193840
1878.717504
2171.775063
2123.577701
1917.332870
2195.479019
2389.971184
2074.742595
2160.084222
2142.444311
2367.625625
2224.116020
2329.773260
1967.573379
2102.755190
2117.631879
2350.589483
2105.182239
2377.149173
2077.613842
2099.121585
2062.001509
2233.881557
2207.005964
2341.527288
2038.675223
2249.391804
2323.515057
1963.320909
2080.143362
2198.531064
1970.884532
2296.081365
2139.200267
1926.837508
2142.837844
1998.882308
2168.618434
1936.703319
1869.123286
1860.469841
1960.840706
2221.356652
2421.818989
2108.855639
2079.203949
2020.487643
2010.529273
1920.666955
2027.163097
2199.538437
2088.916277
2282.492246
2160.176635
2204.933635
2244.612138
2159.097772
2234.210151
1937.722836
2080.445342
2070.683015
1835.734949
2009.215364
2124.774876
2247.357944
2439.525208
2424.496298
1988.357677
2366.136102
2045.360683
2402.852119
2267.498592
2009.356369
2324.930384
2400.800803
2350.477055
2371.668961
1962.334380
2151.680669
2259.096270
2132.574950
2203.878487
2217.779682
2223.366461
2369.989044
2168.525459
2205.582313
1888.283749
1975.097751
2266.067334
2152.813971
2087.045988
1911.948660
2237.589679
2280.953408
2329.669448
2239.444728
1964.354314
2384.959935
2136.467579
2363.027382
2028.725075
1923.633681
2137.274288
1960.564176
2416.576672
1970.457636
2241.470990
2236.367947
2334.164152
2311.912494
2077.638302
2314.899954
2194.662016
2097.153293
2290.708704
2044.506623
2342.103633
1994.464872
2405.570257
2246.921195
2178.007020
2390.548858
2306.692748
2393.174859
2162.639430
2153.052173
2229.994135
2049.182120
2382.199680
2380.079367
2356.296997
2039.570648
2007.296437
2104.301722
2101.343083
2388.685727
1855.675232
2174.469823
2054.458696
2330.652430
2242.394695
1985.407260
2284.201428
2339.741472
2368.096462
2431.382868
2422.175747
2291.706180
2418.154769
2013.556375
2043.245760
2151.630558
1942.931768
1974.598110
2203.108037
2362.108323
2151.374292
2179.401222
1993.356593
2296.279586
2205.187061
2256.002277
2048.573305
2419.294962
1973.919310
2187.315971
2239.037694
2255.714183
2068.716020
2037.745949
2136.906536
2070.861409
2097.885104
2281.115079
2174.546228
2274.452095
2328.398851
2184.044218
2419.095191
1912.619091
2395.862104
2171.158047
2071.428357
2312.995096
2186.806110
2363.717366
2346.865616
2322.396892
1935.054827
2247.473064
2167.528864
2340.250377
2331.434868
2066.565322
2137.039092
2152.293627
2062.442597
2269.253797
2167.313034
2017.801482
2004.772906
2052.452289
2249.627183
2133.866991
1968.804127
2250.812136
2386.858651
2277.943699
2059.585896
2188.943818
1924.248551
2380.743255
2242.771467
2332.542867
2182.035380
2013.230883
2391.762371
2167.281566
1978.090046
2295.601963
2140.907410
2109.898602
2036.408864
2203.884673
2041.400354
2384.002192
2202.540227
1889.541475
2222.137145
2368.625125
2334.725485
2400.472126
2031.581616
2323.603169
2397.028244
2406.896702
2109.661115
2164.971462
2080.979566
2381.725337
2278.028233
2095.802024
2227.537270
2120.309129
2126.292449
2060.184458
2217.575528
2132.942172
2077.710623
2111.328625
2021.055461
1829.202355
2044.873341
2354.107907
2315.653645
1986.541406
2067.256134
2143.825027
2415.775435
2337.307987
2154.130965
2444.144744
2098.566607
2076.196944
2059.679745
2360.312843
2059.697028
2131.478377
2459.744785
2389.503963
2322.364074
2045.528284
2287.598414
2278.511253
2454.743014
2237.098285
1977.361407
2113.789200
2085.412404
2356.833011
2430.521148
1966.205678
2048.532226
2230.809644
2337.520033
2047.662167
2183.478943
2183.942808
1908.763987
2078.566123
1870.152102
2010.228926
2341.232744
2295.109485
2145.128296
2006.220349
2035.589721
2305.092853
2038.076722
2058.831820
1997.960389
2142.397284
2351.612520
2335.103277
1850.645318
2073.570140
1971.046489
2313.415252
2058.281681
2442.031125
2372.416879
2235.583206
1945.906727
2233.324664
2435.657977
2120.122333
2057.727681
2407.433865
2006.858568
1946.207256
2233.850467
2069.028812
2095.520828
1853.471760
2433.589160
1911.428871
2240.461949
2385.642871
2184.305223
2349.287883
2124.421191
2361.627311
2230.423602
2234.534352
2167.568651
2016.571375
2124.717908
1980.694213
1970.321643
2269.744153
2048.061013
2071.927647
2002.498911
2131.268560
2247.761781
2053.177105
2094.229706
2147.055186
2032.916042
2234.990550
1938.767649
2390.386858
2092.858743
2409.263638
2297.672656
1966.814160
2008.574223
2020.172505
2456.668909
2082.072806
2338.553185
2063.740715
2311.610063
2044.423621
2449.579039
2223.712601
2116.997810
2312.549634
2346.077180
2228.811643
2257.096615
2119.156334
1916.219753
2079.044080
2263.516012
2272.601502
2346.210660
1948.358978
2144.102345
2183.934204
2057.320858
1943.866452
1981.496007
2281.260048
2343.772680
1918.657798
1965.844395
1992.354352
2424.900328
2377.357661
2091.905675
2265.816743
2148.664430
2066.896211
2260.968905
1897.776789
2332.294725
1986.673341
2091.593092
1825.652817
2400.334858
2192.759837
1885.130700
2315.746259
2090.153130
2179.166247
2204.431221
2429.819179
2151.087673
1912.212715
2228.485832
2322.453813
2373.897831
2275.041480
2000.944049
2338.069299
2140.504360
2298.728907
2003.029233
2166.632757
2047.671621
1946.613464
2117.510234
2216.672022
2108.034908
2006.346982
2047.596653
2409.796875
2320.341209
2403.915322
2386.493544
2168.663160
2354.714522
2313.405445
1935.275285
2397.634926
1968.834028
2254.725673
2222.017296
2303.942835
1998.296327
1997.687731
2383.953469
2023.951694
2354.853069
2363.161595
2199.818558
2235.845010
2114.648424
2037.283453
2208.183922
2317.563169
2438.708418
2274.944857
2207.245064
2141.871528
2412.890205
2202.329257
1935.951294
2020.698796
2297.440709
2318.667508
2239.343664
1909.440379
2265.486698
2261.062817
2169.200569
2307.592854
2358.368548
2238.319865
1884.110402
2092.928162
2124.252062
2415.460709
1976.683480
2072.957586
2123.223094
2161.101994
2184.493895
2267.239750
2348.887268
2159.470336
2333.335547
2030.452408
2180.687097
2116.054830
2386.622383
2196.733189
2038.001053
2107.053813
2104.162884
2058.950454
2090.136601
2129.786015
2414.633534
1871.774292
1942.546472
2182.741285
2294.509876
1859.476420
2085.278197
2113.440467
2154.820549
1988.794524
1994.562754
1975.365502
2172.501900
2398.486933
2384.771042
2295.032702
2329.596371
2355.023536
2004.164603
2203.755411
2282.423182
1913.633789
2284.398581
2127.761185
2226.209012
2322.920241
2124.726673
2170.502334
2258.646404
2423.656415
2361.616084
2417.475031
2257.126767
2182.628329
2186.925638
2048.459987
2009.858808
2196.183264
2385.780937
1924.333713
1990.241091
2091.000978
2287.955997
2229.562866
2055.329040
2136.233496
2272.064918
2377.265206
2222.745956
1872.268912
1913.284753
2315.479041
2238.439502
1936.053363
2195.181621
2107.424631
2357.487740
2069.266726
1917.217092
1995.349320
2078.445821
2059.145050
2097.063755
2236.539795
2423.775838
2171.845749
2040.373841
2130.864414
2268.573911
2265.583375
2338.842637
2053.721337
2018.813912
2397.040213
2226.388588
2382.583433
2166.126101
2351.747344
2093.628122
2249.076879
2355.580904
2133.750244
2454.471953
2260.295632
2149.040304
2249.565004
2243.163767
2375.388864
2035.519680
2182.928230
2212.953262
2316.032192
2336.191833
2300.084604
2286.753178
2190.385024
2053.258190
2039.754649
2116.647593
2101.049775
2225.705039
2225.237795
2320.839158
2424.639416
2264.323150
2131.990718
1888.390604
2323.900207
2137.201573
2045.405859
2021.731301
2344.002346
2370.614280
2076.431503
2425.253556
2307.834635
2111.946133
2203.630930
2342.431453
2156.043525
2243.322797
2148.543038
1793.635145
1988.826359
2365.935232
2340.734872
2400.766578
2224.504039
2015.010363
2057.732431
1927.839807
2045.190121
2260.284604
2276.488298
2342.902034
2183.002685
1867.184656
2370.475396
2212.710403
2159.597989
2173.879161
2079.600860
2086.670432
1937.635246
2418.646025
2368.885452
2078.336519
1889.826481
2066.587920
1835.402388
2233.755342
1989.956786
2237.613916
1829.755714
2493.807588
2071.205160
2341.469333
2034.943872
2129.232432
2145.491244
1992.946520
2177.269800
2074.377658
2126.450216
2407.782408
2132.009497
1867.508979
2054.506207
1905.435633
2190.203459
2117.253564
2172.052959
2362.224483
2216.664250
2343.691015
2224.286717
2081.536004
2173.324043
2150.911064
2222.304719
2242.535227
2310.190113
2202.952510
2152.547806
2253.704426
1943.562289
2043.529961
2220.669139
2402.939844
2167.761412
2361.968449
2063.684884
2259.357810
2138.612008
1959.301335
2064.779131
2125.914881
2133.193371
2429.417395
2350.275276
2208.680184
2353.756805
2346.320033
1935.362096
2158.232201
2414.848483
2100.322511
2230.422567
2372.587064
1994.241124
2246.563734
1972.695267
2335.888656
2179.905653
2399.735462
2105.819932
2009.110056
2242.515950
2191.485759
2261.444628
2144.114768
2210.747200
2255.761947
2154.100121
2134.355990
2166.110137
1962.444384
2309.107065
2293.172508
2115.435067
2277.139407
2186.448055
2333.605176
2271.804832
2298.257787
2168.280751
2398.275484
2328.082871
2303.040027
2054.942619
2271.136109
2286.929585
2042.521164
2288.191947
2328.997444
2346.349642
2294.384094
1956.174599
2326.152510
2256.060491
1963.248117
2320.166684
1998.280473
2405.700588
1976.189858
2283.822279
2282.732161
1985.777158
2361.691072
2269.869572
2330.267270
2080.376805
2057.307519
2403.535050
2081.147138
2224.133295
2244.142686
2256.867208
2377.012524
2304.505734
2330.510137
2337.761042
2328.111308
2137.085397
2225.005387
2324.630081
1921.329470
2027.437212
2305.114270
2306.780877
2400.722248
1990.211641
2201.856002
1911.850753
2225.056989
2018.839976
2307.262256
2140.705090
2048.899523
2207.200963
2085.197733
2267.559156
2094.595871
1865.891712
2339.834256
2222.317823
2056.643440
1940.012163
2002.645423
2307.619479
2047.651035
2142.444163
2046.104674
2082.176760
2088.653417
2376.236869
1981.207958
2117.834739
1981.572237
2212.742233
2413.115354
2265.585707
2377.190601
1975.659105
2196.225377
2104.676208
1915.784975
2376.234033
2183.809254
2162.525298
2072.878432
2260.727365
1971.552568
2335.713263
2390.511343
2384.929245
2294.216020
2351.325007
2001.491830
2095.858285
2051.977256
2360.127407
2204.037952
2357.763031
1932.486059
1984.642331
2361.756656
2055.984555
2079.180446
2179.608927
2101.065431
2020.585249
2110.356691
2398.669419
2330.965498
2349.589316
2323.710520
2149.071634
2228.223349
2211.305331
2307.513522
2290.876653
2026.716128
2126.682446
1956.281170
2097.742908
1866.510069
2034.568593
2152.072311
2382.702288
2169.000605
1943.523367
2080.478089
1924.352689
2073.118218
2343.866288
2349.926271
2238.015207
2247.256829
2249.282779
2132.586326
2025.489469
2382.212135
2052.589861
1879.268710
1937.505388
2306.732571
2330.500431
1960.891345
1899.747290
2331.669981
2094.282231
2168.044426
2244.723929
2193.431014
2212.735823
2423.885927
2319.417357
2208.201652
2237.626204
2234.681416
1939.311756
2153.901297
2320.032517
2009.385038
2039.575292
2032.957611
2251.173091
2331.944735
1954.455779
2119.164225
2000.646513
2171.985046
2368.249965
1986.387806
2284.632232
2214.541654
2084.941433
2143.064548
2397.668032
2392.506633
2253.146745
2350.118738
1879.219759
2061.406281
2390.326126
2142.974088
2223.827675
2102.977360
2446.045540
2124.060623
2002.848968
1978.928137
2209.194495
2046.430159
2386.427873
1952.771242
2270.334865
2271.788419
2081.688813
2083.888536
2096.318424
2210.104475
2247.582128
2450.126366
2291.855156
2199.543167
2169.503596
2168.690306
2152.699630
2044.526684
2129.854891
2274.838364
2329.129843
1996.559095
2115.740955
2270.760601
2100.554833
2220.875807
2321.009879
2244.543316
1899.788948
2387.883677
2187.882165
2169.829973
2033.172382
2157.165573
2066.294940
2123.943458
2250.159012
2129.090573
2090.028666
2026.177689
2109.903955
2395.062519
2201.113867
1993.625031
2340.230027
2186.249398
2099.124551
2173.298979
1905.636159
2347.868587
2009.754930
2172.053598
2079.510590
1880.092158
2375.627578
2107.280533
2230.871219
2036.366207
2146.857816
1759.634599
2394.483026
2039.503851
2373.467418
2312.520663
2221.025829
2372.183404
2298.194068
2162.684276
2040.888872
2315.900094
2257.553895
2221.505798
2105.776644
2186.826978
2322.048281
2380.346670
2279.878387
2356.638019
2021.385310
2189.185286
2092.071614
1970.134067
1956.454931
2145.504263
2058.410470
2053.149992
2018.396470
2154.451232
2204.082845
2258.773884
1976.914276
1893.807418
2269.778184
2162.854094
1976.502411
2067.360595
1980.657540
2134.760552
2441.277978
2072.002039
2002.556417
2168.120074
2037.583347
2356.362848
2085.133115
2346.934596
2220.809435
2399.286039
2320.086909
2182.230984
2014.478914
2195.411640
2336.256661
2302.626032
2384.013285
2345.318751
2274.196861
2261.853308
1894.597456
2417.213094
1809.629055
2267.805920
1915.651232
2055.438129
2055.824902
2165.850361
2251.951953
2203.770435
2237.320535
1749.890097
2030.688284
2137.615688
2065.302157
2278.378363
2057.867945
2319.681988
2324.345661
2207.976902
2207.976902
2317.005048
1978.946588
2051.927990
2318.109502
2063.823094
2099.028044
2352.422987
2360.732361
2333.467023
2101.774501
2121.278420
2306.890145
2234.131087
2171.144488
2334.825972
2159.092824
2084.688130
1873.516178
2202.841261
2125.849944
2251.909981
2025.698741
2394.116089
2390.624575
2253.655495
2253.655495
2390.628427
2314.203599
2319.400259
2261.272279
2020.048773
2064.387369
2053.978499
2140.965100
2324.692462
2270.294819
2180.470443
2298.760907
2393.627947
2231.772411
2363.388254
2337.918607
1966.933008
2061.828234
1968.618273
2123.491524
2103.579381
2108.411375
2172.339731
2086.152760
2080.987349
2119.238770
2045.088920
2094.836950
2078.151805
2158.657809
2227.208686
2441.319807
2024.686685
2262.747421
2400.244007
2089.920359
2216.382828
2034.051388
2058.521919
2356.522145
1991.049757
2279.428700
2303.324592
2102.784264
2456.578257
2391.287769
2171.322998
2256.338584
2415.169093
2048.338922
2144.402377
1979.190208
2214.210038
1890.155005
2347.073433
1898.149378
2041.115862
2125.431003
2339.905239
2201.248887
2112.758635
2141.682735
2274.012235
2200.211083
2365.798858
2383.458404
2285.181044
2283.876341
2185.339119
2214.642250
2224.264549
2398.458695
2170.401973
2211.259773
2306.305281
1945.726550
2171.032305
1913.806511
2271.367440
2344.918723
2395.786683
2250.006204
2209.058810
2210.073132
2094.733544
2032.163220
2323.933598
2398.938587
2377.937490
2184.019633
2298.392048
2136.621885
2057.467726
2259.743939
2047.148330
2076.802144
2289.303773
2202.776154
2234.977010
2304.230613
2304.230613
2058.573904
2425.931108
2132.670078
2103.432360
2083.952707
2062.490407
2141.673962
2396.273362
2222.375691
2238.722774
2022.016964
1976.250325
2186.018465
1963.964703
2023.679954
2183.065634
2146.470165
2146.470165
2150.891065
2238.292290
2149.206293
2185.873731
2341.785350
2273.654369
2273.654369
2210.757473
2210.757473
2295.146708
2122.805237
2235.797998
2161.976792
2161.976792
2036.502675
2036.502675
2281.041244
2255.586934
2345.414548
2095.966572
2431.315831
2136.116312
1974.512687
2033.966858
1864.056375
2295.920612
2286.146486
2031.878405
2272.127367
2458.851809
1917.512942
2152.734896
2177.510762
2372.191848
2007.018352
2127.726281
2127.726281
2366.041174
2006.770540
2074.583412
2357.129723
1929.782096
2285.779069
2010.235242
2010.235242
2412.096344
2259.632698
2146.252477
2120.536393
2173.327613
2035.312311
2159.368702
2304.642564
2328.834103
1915.469213
2303.485902
2172.794883
1967.997985
2111.991702
2120.111209
2311.051934
2244.079273
2146.894412
2254.938748
2128.760114
2279.754170
2130.123550
2130.123550
1896.743394
2369.168679
2391.778225
1895.708314
2283.397350
2283.397350
2152.254284
2196.816292
2187.606600
2121.051903
2138.061728
2054.548405
2216.930297
2160.736452
2062.423667
2313.662233
1876.993060
2210.186123
2191.655369
1908.783323
2002.036234
2347.117434
2359.471657
2355.941946
2458.060985
2263.150369
1999.604876
2355.146799
2063.154478
2307.477254
2221.600713
2261.360972
2278.231607
2241.669799
1904.181846
2253.820164
2328.739160
2026.744808
2264.463560
1964.823982
2386.123024
2198.250768
2044.060130
2247.930762
2364.580820
1932.094466
2162.215441
2208.721415
2251.395569
2322.095064
2148.509682
2124.253412
2219.138979
2365.871048
2375.272104
2031.856209
2101.867625
2363.397290
2163.902978
2246.748327
2008.870283
2019.214443
2019.214443
2283.760413
2394.254580
2287.437844
2159.351200
2282.092696
1946.524318
2345.976366
2355.871154
2369.278104
2003.479903
2233.298171
2437.797141
2347.562241
2090.335285
2396.486865
2410.072367
2030.619264
2054.291332
2380.381503
2328.590128
2356.698733
2108.910848
2258.493308
2171.198502
2147.016098
2316.597359
2189.394956
2052.225433
2089.047188
2231.829631
1982.990296
2030.296710
2089.555565
2089.555565
2358.810686
2149.757720
2171.658314
2094.000553
1905.370851
2339.176911
2068.968569
1974.262795
2029.274084
1913.708653
2366.169881
2366.169881
2029.587721
1837.818809
2102.092570
2333.857742
2449.832835
2266.461071
2382.956866
2102.082358
2364.996930
2158.879852
2375.324706
2245.504692
2075.935801
2286.733726
2212.647182
2277.276983
2275.867843
2006.153025
2400.442219
1955.702191
2073.268622
1925.871736
2117.939254
2252.525889
2293.324227
2223.528814
2223.528814
2340.415484
2391.302992
2362.631761
1964.861198
2425.424733
2233.398644
2269.112844
2125.007279
2069.856622
2220.894514
1964.808691
1964.808691
1949.295414
2230.629487
2390.723648
1987.645713
2385.698183
2052.011363
2250.849910
2276.504173
2415.441646
2415.441646
1912.667226
2005.333725
2084.232890
2286.834150
2117.728395
1916.173694
2234.107775
2183.913264
1877.597686
2197.453732
2176.516693
2346.271739
2249.694910
2326.343018
2191.346657
2104.147645
2104.147645
2293.953739
2149.475455
2042.235697
2205.172797
2140.754427
2097.358763
2333.122249
1985.215595
1985.215595
2264.196541
2334.299700
1852.017969
2180.717553
2249.171874
2181.721173
2220.755783
2068.132544
2303.505700
2056.919143
2335.701931
2039.695613
2068.684517
1976.928166
2145.712778
1848.747214
2307.714823
1958.909340
2200.010170
2047.399641
2354.015261
2321.908572
2271.657924
2075.769405
2423.524509
2004.300476
1981.712953
2202.607454
2273.564326
2214.693088
1862.750191
2207.308066
2171.738353
2111.542413
2144.111539
1839.484653
1942.825898
2221.547022
2037.460434
1898.444387
2056.941757
1973.014397
2193.452107
2316.409396
2282.890577
2272.019143
2480.267749
1977.146704
2402.438822
2018.351063
2335.178869
2124.165651
2016.425186
2205.598920
1932.802493
2312.559539
2235.486734
2412.622753
2177.052827
2136.091888
2369.998119
2334.443109
2198.594343
2285.736641
2262.348696
2262.348696
2131.061577
2068.932067
2140.460068
2076.666673
1986.660906
1986.660906
2238.928563
2238.928563
2258.616414
2215.531364
2119.622683
2151.857147
2300.087413
2392.761214
2408.885136
2382.156338
1948.868531
2093.294173
2276.586541
1932.469145
2131.632820
2131.632820
2156.845503
2286.128302
1805.327537
1992.781002
2082.417712
2448.872835
1914.616500
2218.907621
2227.386729
2391.140529
2180.595934
1964.862393
1992.171816
2140.545146
1991.117412
2267.874691
2157.276213
1951.252816
2133.755365
2312.080291
2212.486537
2365.922738
2093.845506
2044.070786
2413.092499
2221.181217
2097.125836
1928.463618
1893.302298
1893.302298
2226.727532
2410.606533
1994.579793
2413.019229
2066.807224
1995.057680
2084.050235
2237.963889
2329.932005
2129.474637
2161.461031
2361.332906
2301.105854
2189.970893
2166.625391
1877.212562
1910.393311
2158.689309
2055.525222
2210.985864
2216.910858
2091.293913
2378.595722
2276.815386
2377.432705
2089.880000
1974.392234
2056.009350
1841.858019
2375.599500
2182.729354
2124.166356
2271.893726
2358.579691
2206.854729
2420.969090
2306.667412
2346.313612
1973.105336
2330.596547
2349.972517
2211.088567
2128.348710
2271.647903
2271.647903
2037.896211
2359.693108
2407.147197
2131.007594
2126.485312
2062.467025
2007.139645
2007.139645
1901.857114
2364.387470
2043.013643
1924.777877
2083.416577
2403.495781
1838.630500
2008.420616
2235.777665
2168.092662
2047.215882
2047.215882
2305.304338
2047.970903
2079.824383
2169.524615
2214.178940
2051.395477
2183.727267
2071.460742
2028.881339
2347.569475
2034.023323
2271.576857
2112.220868
2186.840557
2376.180258
2301.153724
2301.153724
1941.268099
2088.804782
2050.198062
2366.792986
2362.534838
2362.534838
2261.930905
2009.122971
2342.485750
2251.859321
2363.326912
2032.395131
2389.881544
2384.546421
2103.382197
2075.901168
2237.134345
1904.028723
1904.028723
2017.706863
2389.180572
2391.964006
2391.964006
2340.427456
2424.439732
2071.854265
2181.412709
2000.034325
2016.041506
2361.290128
1845.338204
1954.694187
2199.226797
2358.286981
1976.504180
1985.243865
2146.304504
2139.024746
2082.069427
2157.576294
2047.871733
2095.587773
2066.436058
2157.046334
2280.227458
2426.990569
2369.808515
1901.019955
2363.880271
1915.074264
2254.705955
2277.398708
2125.826329
2221.803714
2091.177113
2146.624236
1912.043094
2054.195508
2150.784802
2299.118039
2350.480303
2350.480303
2295.089349
2153.678159
2324.060179
2085.695997
2008.006490
2333.091885
1914.427295
1914.427295
2283.894055
2050.808677
2178.110186
1989.885070
2277.079596
2237.835325
2131.556943
2081.743744
2236.960035
2069.336166
2113.740226
1846.607475
2393.522856
1920.552308
2054.517709
2132.900577
1941.509077
2182.616634
2400.421850
2046.582324
2055.048963
2055.048963
2317.030040
1863.124583
1863.124583
2223.523524
2298.918365
2213.776994
2214.639305
2216.218609
2186.385340
2148.440338
2337.432343
2300.671739
1929.573309
1813.249770
2093.295855
2110.819392
2268.246531
2175.150316
1971.518927
2324.948483
2006.458395
2082.149699
2321.624268
2025.047126
2093.928953
1890.086757
1890.086757
1999.880739
1994.572895
2371.838060
2050.099489
1958.641782
1958.641782
2216.577985
1935.064961
2207.095068
1861.127284
2161.190312
1860.013062
2281.519256
2100.364531
2083.492396
1893.850389
1893.850389
2249.882314
2323.969499
1915.010995
2073.151452
2375.219204
1939.580501
2226.404210
2370.145750
1970.498553
2451.218330
2081.739399
2381.915921
2361.547717
2303.020164
2087.903726
2225.809874
2090.267722
1960.292216
2373.356742
2108.648917
2108.648917
2243.603255
2095.336243
2078.847430
2078.847430
2397.880173
2349.060545
2304.061534
2307.988802
2349.255168
1922.909559
2267.808182
2368.463741
2330.102598
2358.217566
2006.519218
2025.672471
2129.046985
2403.550663
2293.856520
2322.607570
2228.397134
2129.507850
2013.391748
2013.391748
2186.402924
2317.811493
2061.508720
2229.599083
1870.213661
1870.213661
2173.771284
2008.802251
2195.504521
1769.665141
2239.787021
2014.476825
2107.771237
2426.988124
2422.679324
2227.957995
2329.314108
2147.875792
1896.563933
2110.603579
2110.603579
2256.256951
2173.796535
2076.671449
2160.034868
2234.262063
2280.533961
2310.110688
2310.110688
2063.113308
1922.566821
2074.255166
2109.973127
2358.099567
2368.586488
2150.371986
2034.456302
2070.809177
1908.825563
2306.555257
2306.555257
2218.091062
2354.352782
2332.443897
2080.554855
2080.554855
1944.525340
2055.063216
2186.496884
1982.826059
2376.499777
2237.715907
2199.170300
2064.976913
2064.976913
2394.729253
2165.130955
2081.608986
1969.092001
2286.937286
2264.778280
2014.509828
2343.636163
2343.636163
1989.230760
2257.445435
2257.445435
2319.561284
2055.577774
2033.721859
2288.068997
2291.342166
2304.525327
2215.085100
2259.012871
2227.752621
2227.752621
2113.783573
2097.592122
2068.475756
1970.930683
2264.304258
2240.815595
1881.794191
2129.159498
2235.576825
2403.713793
2239.019287
2393.087117
2025.041395
2214.333157
1887.820896
2100.899816
2383.627639
2146.831892
2054.286087
2018.560448
2423.866961
2223.719417
2182.443385
2162.523143
2330.075113
2330.075113
2185.835157
2469.517164
2469.517164
2218.795669
2041.854498
1816.806317
2139.196280
2252.970109
1855.353056
1855.353056
2260.961250
2122.244550
2320.880171
2334.474217
2272.815974
2279.239596
1924.094555
1947.037918
2449.249166
2077.716658
2405.418600
2018.559917
2204.564694
2343.923812
1977.254311
2161.130395
2118.314504
2243.462132
2084.174043
1996.563231
2092.302844
2070.281809
2116.154558
2116.154558
1999.864113
2366.359778
2074.920412
2075.073338
2125.088377
1946.465398
2053.185878
2211.314255
2211.314255
2285.110854
2246.229853
2373.623371
2426.021742
2135.466007
2347.871988
2375.884420
2433.480222
2248.421886
2063.457311
1925.631753
2055.066856
2254.260293
2259.744883
2056.798480
2056.798480
2329.801345
1986.229456
2202.308010
2119.444100
2330.669115
2292.454288
2150.816751
2029.135896
2395.502509
2182.006040
2407.078678
2006.215122
2059.641534
2059.641534
2018.691790
1995.514145
2403.037658
2285.301962
1983.245703
2069.639121
2074.315438
2348.836123
1867.555553
2010.004352
2235.016289
2040.887112
2418.300988
2418.300988
2212.917095
2243.847497
2131.326444
2131.326444
2183.068069
2307.027054
2307.027054
2352.490497
2356.899144
2176.609046
2303.012025
2303.012025
2221.771043
2315.286210
2346.412064
2037.932195
2439.804267
2432.619726
2073.874951
2089.061387
2089.061387
1896.198578
2070.905787
2451.057596
2135.695733
2095.387649
2095.387649
2247.867312
2351.029545
2351.159840
2279.043840
2286.700874
2356.360481
2356.360481
2132.164348
2153.822897
2398.137100
2049.054399
2224.028995
2288.527146
2386.390677
2135.429283
1987.087415
2251.642506
2166.357330
2166.357330
2295.851675
2216.616006
2296.231730
2296.231730
2167.629759
2309.455459
2086.549758
2287.629370
2341.100489
2291.191571
2241.851776
2365.330157
2039.389912
2407.303892
2162.521962
2210.330922
2388.634565
2160.311655
2128.091291
2244.265881
2239.159618
2249.389998
2278.788513
2391.018551
2188.472732
2188.472732
2178.801832
2284.088287
2012.063153
2012.063153
2376.679066
2257.299136
2178.691221
2401.539121
2106.107525
2051.503457
1913.714875
2372.696642
2372.696642
2023.029908
2397.492887
2234.696695
2382.587488
2250.575143
2418.249854
2193.433039
2444.369595
2316.163002
2199.352515
2271.108852
2116.382510
2207.120943
2207.120943
2016.970423
2345.306621
2252.803499
2252.803499
2151.507235
2191.432648
2175.252944
2348.386068
2267.081123
2345.982239
2164.917451
2250.103363
2249.984628
2110.045713
2068.652059
2091.314519
2114.124212
2292.126076
2078.545109
2296.913186
2146.620490
2146.620490
2290.814354
2058.472570
2417.102166
2022.002986
1892.101185
2104.489806
2298.403252
2049.434131
2410.479645
2410.479645
2008.808893
2011.065507
1893.407877
1968.545390
2191.706525
2409.073190
2183.913710
2283.349566
2301.911842
2215.551295
1944.298272
1944.298272
2180.428901
2211.671171
1860.986872
2157.104353
2273.454294
2217.725169
1975.621864
2423.961166
1766.089900
2210.237250
2366.203645
1991.757908
2252.127110
2276.726953
2276.726953
2213.380220
2213.380220
2261.710244
2000.508712
2369.118437
2371.612933
2371.612933
2223.058389
2082.605545
2363.445625
2245.075893
2245.075893
2169.580282
2352.712834
2307.823146
2082.218584
1992.879633
2218.265478
2162.984592
1961.147549
2186.843502
2186.843502
2248.623922
2221.040532
1821.342786
2420.747375
2300.088111
2123.161422
2123.161422
2029.873624
2029.873624
2014.855091
2350.375380
2450.657878
2107.570152
2357.049147
1984.240365
2183.297097
2183.297097
2171.438208
1988.964549
2340.517054
1895.141659
2245.833965
2039.378572
2381.962651
2061.423355
2214.464160
1996.091070
2241.010569
2241.010569
1950.990877
2237.778087
2062.945145
2099.407770
1935.338873
2135.580306
2049.756762
2288.317017
2362.923847
2321.051712
2165.036887
1913.601879
1913.601879
2350.775169
2350.775169
2063.518154
2342.434337
2025.625584
2067.545285
2343.721406
2304.852960
2340.434130
2379.421578
2405.275103
2241.189512
2035.821774
2373.467240
2373.467240
2387.875104
2054.087365
2303.797543
2309.901568
2055.734957
2022.762486
1961.011223
2217.997475
2173.362641
1985.905873
2246.653162
2080.716753
2158.439800
2388.201479
2198.349855
2414.503974
2327.983457
2100.673014
2332.937232
2324.375092
2252.545879
2382.609528
2401.333335
2278.608293
2146.082423
2144.254071
2158.747551
1945.582277
2227.697493
2388.041689
2388.041689
2344.930113
2365.031449
1919.522175
2421.361865
2058.770529
2112.387957
2382.675962
2112.310329
2172.704776
2397.369833
2003.221092
1854.615517
2373.019714
2127.260043
2127.260043
2083.011902
2083.011902
2165.087681
2075.263275
2075.263275
2307.829710
2344.707213
2068.595275
2032.421802
2176.385435
1973.990381
1857.579999
2318.418545
2296.791211
2296.791211
2334.673943
2082.462794
2374.310471
2369.086088
2126.598974
2196.372182
2196.372182
2388.438369
2388.438369
1992.050087
1845.580810
2135.984482
2368.879014
2383.027206
2111.457985
2073.515741
2006.447002
2161.022121
2217.236467
2379.409687
2415.847684
2208.215671
2170.822809
2136.189476
1969.824610
2281.312756
2280.071528
2280.071528
1917.196333
2022.625976
2074.752327
1821.369272
2220.494196
2220.494196
2119.499477
2035.852764
2271.321036
2259.450418
2068.448467
1946.844635
1946.844635
2248.927402
2002.705840
2006.854606
2028.371517
2339.573361
2015.068824
2236.190636
2416.048083
2130.489450
2404.181794
2339.414607
2067.832560
2354.172482
2336.869095
2066.306751
2287.970471
2087.991477
2295.957480
2230.393200
1838.221926
2212.337972
2280.175452
2221.666270
2062.956034
2231.791819
2162.187999
2340.065020
2009.543083
2154.699866
2117.250531
1929.437229
2120.139507
2323.471098
2323.471098
2167.977251
1959.750752
1959.750752
2177.817141
1944.567483
2067.065043
2154.347523
2393.465871
2393.465871
1934.912919
2082.735710
2158.670203
2212.865559
2271.960821
2271.960821
2125.457639
2296.742840
2449.525012
2318.122190
2169.167747
2171.982530
2064.882113
2078.990852
2063.528400
2089.042381
2092.679977
1805.512294
2155.298148
2171.580375
2373.953352
2218.125455
2017.717883
2167.176009
2020.259994
1996.168312
2269.784559
2087.294922
2149.729377
2108.617061
2221.751116
2082.354050
2082.354050
2368.191858
1971.196970
2070.490216
2248.959972
2043.487736
2362.810790
1987.444047
2414.084594
2354.027935
2354.027935
2178.448139
2065.429114
2303.916825
2359.305548
2144.794188
2073.621476
2066.504283
2195.885958
2007.676089
2135.046088
2337.438308
2218.738527
2289.687648
2194.735051
2040.659857
1943.385909
2018.471271
2159.236367
2198.104936
2095.124962
2403.544831
2403.544831
2137.876406
2093.336232
2093.336232
2379.600775
1909.876615
2385.003378
2317.327054
2187.502807
1953.329350
2240.971227
2240.971227
1977.771755
2296.649544
1929.600234
1929.600234
2263.697197
2020.899157
2020.899157
2044.063093
2244.617319
2244.617319
2215.836801
2363.848934
2363.848934
1947.708429
2244.409759
2074.834742
2074.834742
1994.009105
2204.298394
2131.755619
2179.602848
2082.242061
1986.849325
2334.977408
2069.251303
2093.028947
2258.973289
2259.419803
2011.251374
2291.539900
2024.285932
2366.080740
2139.969876
2249.221782
2265.991211
2209.833987
2276.360438
2206.858712
2437.030713
2342.515482
2335.293361
2094.951064
1858.331772
2347.566842
2347.566842
2311.240418
1980.653790
2017.618195
2017.618195
2321.964187
2271.310579
2383.948800
2383.948800
2093.157629
2353.264065
2106.730032
1939.402727
2040.285049
2134.746463
2035.836531
2311.410639
2265.526174
2210.755411
2210.755411
2218.287112
1972.097277
1972.097277
2322.657146
2294.009398
2294.009398
2198.008722
2258.256141
2015.689222
2015.689222
2236.686643
2424.042362
2123.895461
2200.303444
2200.723721
2150.834830
2330.355968
2162.126209
2261.504095
2062.537430
2339.220444
2198.649232
2378.870081
2406.684486
2234.176360
2117.320009
2351.160605
2000.414645
2000.414645
2275.140517
2232.503838
2328.349154
2320.292532
2132.671719
2100.628152
1890.248864
1890.248864
2413.074434
1976.355937
2349.718312
2349.718312
2339.113490
2401.832139
2106.409595
2377.896649
2139.807613
2363.122781
2171.514810
2115.803141
2115.803141
2204.277981
2324.288553
2418.142033
2418.142033
2216.552424
2216.552424
2139.879790
2139.879790
2039.156343
2343.801449
2343.801449
2057.547161
2232.389837
2276.770420
2209.399912
2188.723311
2235.869311
2235.869311
2143.293141
2143.293141
2151.351081
2354.741983
2083.003097
2186.890670
2141.075059
2188.882818
2260.378655
2131.302823
2131.302823
2044.581235
2402.491191
2388.037481
2384.876782
2103.133938
2303.135066
2099.712510
2030.190547
2030.190547
2081.498003
2335.040147
2200.972485
2366.448579
2268.807980
2415.126679
2037.021332
1972.999339
1972.999339
2151.004633
2279.193427
2401.767669
1858.062527
2262.716234
2246.896413
2353.276146
2047.217867
2434.158863
2204.291797
2309.005803
2198.576491
2125.527474
1983.499613
2317.409516
2077.042404
2036.085667
2036.085667
2356.950944
2358.242668
2232.228654
2259.961094
2429.591305
2026.798079
2423.745971
2423.745971
2390.495013
2330.791608
2233.200727
2136.428653
1990.928992
2216.302079
2216.302079
2187.596332
2160.424900
2183.753231
2152.367883
2152.367883
2137.586363
2007.753615
2143.193432
1864.019696
2388.298950
2277.150830
2359.263688
2019.295563
2019.295563
2217.835639
2361.772880
2377.303356
2152.185893
2313.743756
2307.474467
2054.390784
1914.367657
2068.558704
1891.811459
2175.231464
2175.231464
2338.410327
2235.702212
2323.063529
2209.162971
1984.612885
1984.612885
2368.506377
2225.156001
2179.714736
2131.634102
2200.341938
2096.730276
2403.654991
2382.127105
1879.275415
2241.021389
2342.371102
2342.371102
2158.519518
2045.556551
2100.207160
2352.808673
2095.909382
2173.348440
2293.064903
2366.356656
1994.216355
2292.019407
2122.312530
2286.224594
2305.812129
1975.658551
2286.585127
2286.585127
1925.669972
1925.669972
2297.034947
2118.982174
2197.250925
2378.348434
1939.439116
2315.049343
2315.049343
2325.100689
2172.586630
2231.583685
1778.081468
2052.091523
2413.460618
2144.901966
2050.054639
2105.904301
2423.414106
2004.878860
2004.878860
2436.547276
2287.231258
2088.055889
1973.766358
2026.868962
2283.359890
2096.221921
2342.497955
2149.913298
2149.913298
2283.291907
2206.805308
2184.823831
1931.102371
1931.102371
2168.253878
2218.499094
2372.539871
2188.220001
2107.437264
2370.264768
2146.838226
1981.346585
2079.774752
2188.614499
2243.604931
2243.604931
2062.914255
2202.743969
2070.735265
2234.508829
2308.575999
2259.743212
2364.539058
2345.406753
2345.406753
2341.756109
2341.756109
2185.590335
2291.388369
2329.574503
2422.881846
2065.899127
2087.968085
2076.393291
1953.042646
2270.235394
2007.342514
2135.934089
2090.771101
2328.241128
1988.758266
1988.758266
2096.784394
2291.125115
2265.107869
2010.784411
2247.009234
2000.268788
1950.510002
2281.975185
2018.789422
2241.004346
2181.900330
2282.284076
2170.163473
2059.303255
1954.168391
2303.975532
2160.986860
2051.793661
2189.918851
2154.156770
2154.156770
2073.903941
2238.894910
2257.702879
2388.773187
2025.964805
2208.326590
2173.248860
2382.056799
2365.437598
2118.137358
2392.652617
2392.652617
2219.335372
2187.262520
2025.679084
2025.679084
2012.813399
2012.813399
1909.840475
2388.113632
2388.113632
2084.885489
2253.066606
2147.439216
1833.504338
2098.911623
2097.774750
2291.312492
2194.323368
2359.275585
2282.753314
2279.677092
2279.677092
1994.990248
2241.689540
2002.388589
2133.336380
2400.907209
2400.907209
2269.313662
2010.263994
2010.263994
2417.122828
2179.985375
2041.778027
2292.738544
2249.621779
1846.109780
2382.661369
2078.706296
2181.534743
2076.033214
2027.060783
2062.005712
2062.005712
2270.344631
2302.201479
2206.216148
2051.278354
2367.570919
2333.460669
2219.489803
2219.489803
2413.790835
2329.543058
2220.478369
2228.917248
2426.839658
2426.839658
2117.341796
2233.944354
1949.474600
1949.474600
2170.483684
2092.462285
2018.560183
2071.007059
2313.060648
2055.843391
2211.691577
2024.539118
2204.783076
1983.832705
2029.359023
1994.879045
2152.744614
2013.943449
2373.806299
2242.733350
1935.094782
1935.094782
2379.412559
2171.766219
2223.003399
2140.962168
2366.207342
2099.888246
2159.099062
2175.321803
2175.321803
2207.411631
2207.498752
1938.661878
2225.599965
2114.293467
2338.456120
1912.192862
1971.722090
2288.551359
2263.105107
1922.403178
2195.666108
1851.119518
2102.379590
2312.302015
2250.711098
2344.911684
2235.926290
2440.613641
2334.571258
2275.573319
2410.076366
2109.079324
2166.372692
2227.360080
2376.223819
2296.543555
2369.391447
2321.392153
1904.567183
2076.863916
2389.069933
1961.539007
2020.467087
2063.191997
2340.611393
2214.669945
2176.967913
2116.300917
2412.142940
2407.450461
2035.983209
2213.441493
2228.842633
2095.612382
2256.123726
2148.910965
2273.400555
2136.954378
2109.714122
2024.545529
2024.545529
2316.284670
2139.583675
2139.583675
2036.832543
2193.354212
2130.418471
1910.058946
1841.955699
1952.112910
2097.696193
2254.203230
2188.278838
1922.604277
1922.604277
2092.525480
2092.525480
2425.899679
2077.631050
2047.094711
2114.008832
2239.165076
2239.165076
2398.592681
2230.069085
2230.069085
1947.402266
2033.978714
2175.282640
2369.701273
2369.701273
2082.104197
2404.354725
2244.741601
2224.737433
2012.332194
2135.998867
2393.248479
2021.553441
2056.966635
2203.075342
2173.478130
2173.478130
2232.996462
2279.991873
1871.139350
1871.139350
2231.145517
2449.156621
2190.602462
2315.681983
2197.904264
2197.904264
2359.741435
2051.375679
2051.375679
2202.456140
1841.263691
2384.896992
2384.896992
2370.559522
2370.559522
2322.759214
1941.983588
2330.332191
2180.517275
2217.295363
2119.053035
2339.809708
2186.715100
2336.294216
2144.750321
2191.259692
2195.799977
2439.641460
2396.577153
1973.421382
2395.858297
2189.016675
2189.016675
2240.674156
2069.193168
2081.203613
2295.101697
2295.101697
2065.044025
2102.442459
2131.774152
2104.107447
2006.287004
2032.084796
2032.084796
2248.938119
1996.493610
2123.821994
2295.472781
2295.472781
2181.999594
2292.436353
2372.565009
2372.565009
2069.987707
2119.298931
1883.521760
1782.438740
1991.670309
1991.670309
1986.515415
2286.117020
2409.343051
2120.538057
2009.736359
2184.744831
2004.088601
2268.873248
2209.827099
2054.344972
2101.772759
2091.697225
2320.995381
2315.766268
2331.998438
2046.969047
1928.719850
2056.425115
2400.606185
1997.404008
2043.053930
2144.124949
2136.215758
2169.242011
2435.637790
2334.748880
2091.137720
2113.060657
2316.279521
2316.279521
1955.764864
2114.985364
2175.957619
2240.700814
2258.138411
2234.256603
2214.329919
1977.031239
2144.601027
2130.071268
2365.988053
2112.523721
2334.370502
2123.708227
2123.708227
2382.966537
2382.966537
1772.073882
1908.804325
2228.523438
2275.200042
2062.938973
2049.935064
2068.767617
2276.658443
2052.860546
2293.733610
2293.733610
1935.133277
2374.746803
2174.856383
2237.304967
2237.304967
2163.468850
2134.456720
1988.528068
1988.528068
2412.198954
2382.962973
2218.563539
2232.851139
2232.851139
2348.283833
2046.124353
2046.124353
2062.162650
2062.162650
2243.459914
2094.047295
2300.540150
1994.623011
1994.623011
2254.980205
2254.980205
2185.344033
1826.915868
2175.839463
2325.269927
2325.269927
2128.453575
2287.548942
2271.793227
2215.350992
2317.837381
2118.223756
1996.427161
2163.219784
2238.803920
1974.731225
2184.106289
2184.106289
2395.197323
2126.818179
2126.818179
2373.430388
1954.465722
2209.616525
2073.211665
2396.235870
2062.061574
2135.257491
1920.446107
2169.497179
2234.757486
2234.757486
2240.146631
2051.903097
2137.735257
1861.509328
2198.602441
2184.034634
2129.050325
1937.384332
2346.900298
2306.722850
2341.070601
2025.240198
2025.240198
2008.403717
1980.634464
2283.944305
2315.373212
2184.715689
2184.715689
2355.300089
2377.289814
1960.189316
1960.189316
2200.807220
2355.012906
2270.016165
1784.046472
2323.212403
2304.852978
2304.852978
2411.092956
2179.085214
2201.467561
2123.548188
2397.673870
2232.631919
2235.991561
2131.629740
2353.077702
1983.326679
2252.973617
2353.841976
2353.841976
2267.349017
2219.966655
2314.656021
2316.449061
2156.332025
2327.967962
2327.967962
2366.553056
2209.150547
1993.627871
1993.627871
1969.786111
2021.707018
2200.141747
2176.831526
1833.778204
2039.186173
2303.121954
2303.121954
2192.602596
2224.518925
2083.128577
2177.878007
2123.795359
2437.624246
2256.340007
2256.340007
2005.568460
2163.239543
1895.997995
2104.890566
2290.661605
2290.661605
1996.181037
2205.465989
2369.241691
2107.156353
2065.733257
2393.703736
2292.733426
2248.881819
2339.911383
1954.622845
1954.622845
2098.452439
1935.419659
1935.419659
2277.491323
2277.491323
1884.481777
1884.481777
2267.557394
2267.557394
2130.908798
2020.832237
2351.836277
2102.067820
2353.241162
1997.188580
2238.445067
2348.280455
2062.782594
2068.769942
2044.556247
2044.556247
2158.682442
2319.840957
2131.334137
2133.822751
2237.644816
2428.388294
2282.645095
1985.805885
1985.805885
2181.429016
2181.429016
2233.679887
2275.792015
2275.792015
2126.633685
2229.847333
2197.054419
2400.211504
2082.561767
2091.335018
2154.563389
1918.414326
1918.414326
1953.733661
2293.189326
2044.012338
2044.012338
1932.190032
2174.191012
2404.098529
2344.855003
2344.855003
2102.751916
2334.323395
2223.314096
2303.789216
2278.499980
2069.271721
2334.392786
2198.425035
2234.951668
2158.774816
2260.020490
2067.876344
2001.393891
2281.914826
2281.914826
2323.059368
1953.800934
2208.387523
1980.305280
2386.710799
2353.029052
1971.966064
2122.126656
2147.107125
2301.298415
2396.928700
2286.159529
2070.006695
2070.006695
2348.371723
2004.343973
2137.121796
2308.779505
2158.575304
2211.443297
2023.900947
2074.939189
2241.756701
1793.244868
2242.182921
2224.714601
2114.591601
2185.135529
2441.242304
2152.248728
2314.701734
2401.193937
2166.342309
2205.014743
2085.927554
2205.555163
1990.501121
2190.383569
2261.215654
2203.076518
2203.076518
2204.413327
2204.413327
2083.278235
1955.061648
1955.061648
2345.201869
2112.817422
2207.878635
2207.878635
2134.532665
2158.177886
2178.712499
1945.445990
2056.198812
2291.658154
2291.658154
2268.938774
2269.074785
2248.295842
1981.087073
2135.547948
2135.547948
2180.604613
2180.604613
2324.018350
2146.359138
2344.117193
2126.561084
2367.811130
2367.811130
2104.899987
2336.396170
2031.847161
1969.366149
2107.905759
2107.905759
2109.300503
2013.768894
2183.969007
1897.676096
2184.479053
2204.075047
2204.075047
2046.437328
2398.578496
2021.500215
2090.661747
1885.428815
2181.510980
2369.287133
2114.608397
2114.608397
2172.248131
2065.245159
2222.137485
1998.595377
1998.595377
2133.239541
2168.246316
2354.678774
2242.697770
2076.575630
2141.742473
2156.424070
2162.782572
2248.365105
1843.133910
2136.849183
2046.454690
2218.814172
1880.641955
1880.641955
2346.737062
2346.737062
2113.961642
2216.211467
2361.872045
2361.872045
1926.605319
2100.067688
2222.159975
2401.952220
2068.121008
2094.026399
2441.237473
2351.596173
2097.041377
2380.603390
2381.774917
2118.329615
2111.417120
2111.417120
2088.766597
2400.963489
2407.432525
2140.177536
2082.942180
2388.272054
2343.629946
2355.293036
2040.882385
2338.765632
2412.134492
2412.134492
2342.981898
2350.749924
2429.074292
2096.069689
2223.296152
2300.275297
2363.876646
2118.937450
2118.937450
2313.120032
2173.349112
2075.988516
2418.572146
2103.251571
2103.251571
2115.682161
2068.961335
2068.961335
2196.902436
2107.872960
2255.567306
2129.664015
1999.557166
2069.330674
2255.107748
2178.804704
2215.570841
2121.836052
2094.476573
2199.811135
2173.338906
1965.461016
1927.393045
2296.176682
2162.677792
2078.596283
2078.596283
2282.874438
2093.861001
2010.941268
2010.941268
2286.685006
2238.319762
2329.576588
2329.576588
2230.855750
2197.442381
2072.807699
2029.193976
2029.193976
2074.528235
2208.945544
2250.355011
2063.329402
2120.382525
2086.363923
2108.862847
2128.567469
2161.487304
2309.382090
2067.896845
2204.282477
2096.788699
2112.903736
2207.626908
2101.136935
2101.136935
2185.059500
2366.936116
2366.936116
2434.723522
2029.213459
2379.075702
2463.401811
2059.345296
2408.190432
2408.190432
2294.800120
2073.082336
1987.805447
1975.198778
2314.532041
2385.182758
1949.445640
2204.700581
2204.700581
2262.173480
1968.396002
1968.396002
2177.755783
2357.829925
1888.484949
2375.375594
2195.422135
2068.578783
2068.578783
2309.190961
1995.901037
2397.698859
2397.698859
2312.116461
2258.039682
2195.239259
2251.950448
2251.950448
1902.640284
1912.216621
2185.746920
2197.996127
2118.978403
2252.174376
2030.182649
1949.140868
2017.012940
1867.391801
2348.101196
2348.101196
2100.163478
2206.502802
2206.502802
2131.969116
2004.669165
2284.919793
2381.083201
2462.257076
2350.297690
2194.311050
2194.311050
2137.986714
1899.048501
1899.048501
2075.993025
2075.993025
2408.222694
2209.436291
2097.823059
2360.313594
2179.061117
2266.074929
2266.074929
2431.827570
2347.464521
2020.475278
2020.475278
2100.929746
2321.005217
2040.462041
2012.511113
2012.511113
1996.766851
2402.766590
2402.766590
2376.973347
1981.976956
2350.779842
2172.677269
1993.932365
1993.932365
2273.637596
1953.259174
1953.259174
2224.889016
2402.745175
1887.553814
2298.269892
1929.491405
2221.559508
2008.818123
2415.484765
2415.484765
2226.232683
2205.268172
2168.440863
2222.378294
1914.407944
2035.000391
2208.877240
2266.918351
2253.864111
1899.085749
2318.316565
2318.316565
2101.912213
2458.984196
2058.873141
2183.342764
2077.714575
1969.540712
2379.101900
2379.101900
2158.177376
2061.029100
2156.003885
2023.885969
2143.080064
2000.671213
2368.523146
2368.523146
2323.252504
2100.227446
2059.079577
2135.312187
2135.312187
2406.138764
2125.475083
2090.356074
2383.756651
2294.335615
2294.335615
2006.461628
2006.461628
2286.785149
2193.499185
2008.865765
2196.118088
1937.478860
2193.591198
2401.566483
2371.295799
2044.563931
2073.904588
2114.470616
1978.787370
2080.410942
2080.410942
2276.043488
1929.675780
1903.267392
2381.468348
2381.468348
2365.632282
2145.224970
2145.224970
2023.027823
2423.067533
2098.410799
2098.410799
2249.903921
2249.903921
2104.136772
2373.046261
1839.135106
2383.070152
1945.868780
2372.299711
2387.523977
2027.918710
2364.825205
2230.885389
2105.929420
2151.728691
2281.527795
2305.770529
2305.770529
1950.364549
2215.545891
2242.928198
1949.943504
2428.404907
2454.401921
2401.181899
1981.036131
2134.719992
2283.184829
2283.184829
2172.847097
2263.782308
2068.912432
2223.562333
2223.562333
2229.122942
2229.122942
2145.474680
2145.474680
2077.610094
2276.965306
2164.718988
2078.873670
2078.873670
2337.983669
2114.091273
2114.091273
1969.141992
2354.235687
2044.417457
2318.862214
2318.862214
1895.707795
1985.269961
1920.702569
1920.702569
2243.479906
2287.348272
2018.851937
2392.084954
2327.254601
2327.254601
2282.377149
2282.377149
2003.707458
2191.399164
2075.646715
2394.393237
2082.754065
2149.680361
2149.680361
2303.998350
2075.395822
2115.585226
2229.645929
2255.755847
2051.036099
2272.634194
2359.035621
2296.941684
2069.888762
2166.827200
2395.654722
2129.302267
2030.207830
1985.771965
1985.771965
1991.221735
2079.458776
2243.628781
2243.628781
2385.097458
2052.783660
2217.826370
2314.841769
2314.841769
2035.370047
2098.994805
2279.614771
2268.430172
2008.187284
2128.314922
2314.637102
2229.619319
2155.183957
2282.229132
2201.182049
1843.328415
1843.328415
2275.514259
2120.035630
2403.777418
2288.125390
2134.772862
2134.772862
2416.904007
2263.508488
2424.293041
2054.775671
2054.775671
2249.077109
2249.077109
2428.112202
2063.697231
2177.817834
2232.215351
2183.660881
2131.146021
2131.146021
2180.267408
2111.915337
2031.256325
2304.758257
2018.617600
2190.917945
2376.542879
2111.741956
2027.866495
2174.208093
1923.486351
2326.798058
2010.956552
2225.071105
2326.265427
2023.790490
2331.616040
2313.146961
2184.652570
2437.317161
2159.513235
2008.460068
2268.563648
2268.563648
2075.572146
2364.104767
2276.221669
2047.657341
2292.931302
1857.647393
1921.965522
2236.210604
2271.638907
2282.285977
2282.285977
2199.994688
2218.463753
2392.462366
2203.850141
2109.181471
2109.181471
2339.690736
2300.218413
2163.920732
2011.170503
1997.823286
1997.823286
2268.818282
2268.818282
2115.922545
2359.766057
2100.737306
2036.808511
2157.365365
2216.576885
2216.576885
2340.090695
2329.228863
2329.228863
2161.748701
2161.748701
2298.227713
2298.227713
2024.079647
2155.225117
2155.225117
2198.380450
2383.245387
1997.861684
2092.417368
2062.526696
2062.526696
2311.607200
2250.666319
1984.105518
2325.582437
2389.654986
2389.654986
2168.141664
2155.225606
2155.225606
1973.502620
2263.040230
2263.040230
2167.391107
1842.359833
1842.359833
2020.515966
2020.515966
2214.172859
2214.172859
1920.630176
1877.353871
2165.497982
2099.188761
1905.263614
2193.812446
2193.812446
1892.266873
1892.266873
2081.189289
2081.189289
2465.139786
2408.593533
1963.477752
1963.477752
2306.619990
2256.173619
2324.906667
2377.186352
2359.537330
2386.000979
2207.615340
2207.615340
2322.081725
2046.726831
2369.726303
2324.828690
2040.818409
2315.923732
2099.939236
2272.682686
2052.637251
1828.608779
2397.439219
2168.993347
2168.993347
2436.976929
2158.840672
2113.695138
2058.132427
1862.712108
2157.913598
2325.094663
2259.387335
2264.933002
2077.105295
2384.349813
2335.694852
2333.251081
2183.070564
2183.070564
2094.601611
2382.906410
2019.197379
1982.692457
2109.552246
2109.552246
2009.381863
2170.208298
2291.119740
2291.119740
2272.906503
2423.664808
2423.664808
2272.968633
2061.358994
2055.127827
2287.770888
1978.180984
1978.180984
2141.770197
2260.184133
2384.563966
2139.568667
2237.242675
2237.242675
2168.788424
2000.328311
1793.487733
2271.919498
2271.919498
2115.647028
1864.934792
2003.375748
2240.557638
2240.557638
2140.232507
2022.459676
2022.459676
2053.474896
2193.906178
2063.938435
2154.656004
2338.826786
2088.537466
2088.537466
2373.436226
2122.157817
2441.004857
2134.133576
2134.133576
2267.088629
2241.508572
2241.508572
2295.725668
2225.853349
2201.103579
2179.619360
2179.619360
2179.137026
2389.631581
2330.818152
1930.763761
1930.763761
2303.236283
2229.959886
2374.698229
2336.900176
1852.853808
2313.479850
2237.130122
1924.399797
2369.841072
1868.781674
1809.201925
2214.649483
2068.828195
2334.422381
2261.184306
1980.521270
2025.079065
2025.079065
2286.044256
2342.509050
2071.734762
2071.734762
2121.780135
2294.523136
2124.165472
2161.389756
2161.389756
1795.930748
1795.930748
2120.908615
2252.651053
2384.142421
2235.661665
2406.680044
1992.554864
2210.181040
2014.194062
2051.879481
1899.555143
1899.555143
2179.177473
2374.422917
2374.422917
2286.474238
2326.319342
2300.736635
2130.805306
2191.955479
2072.082653
2072.082653
2416.080898
2028.399757
2427.013795
2122.040044
2131.373065
2131.373065
2023.333331
2369.477771
2272.752727
2358.057050
2391.663641
2191.041119
2053.524677
2069.086930
1837.774878
2365.191292
2000.272319
2262.578203
2374.522351
2183.066998
2372.721683
2372.721683
2044.990789
2203.242585
2207.995203
2109.180918
2389.314118
2326.431115
2398.242983
2398.242983
2384.138672
2384.138672
2414.817015
2414.817015
2050.479202
2012.862392
2012.862392
2347.398146
2347.398146
2252.772447
2277.222999
2277.222999
2079.746630
2079.746630
2269.132822
2106.929851
2106.929851
2156.016664
2015.881906
2015.881906
2136.583476
2219.315629
2279.641471
2279.641471
2320.747329
2220.885983
2108.151251
2151.898107
2410.781764
2254.812843
2317.977707
2305.666680
2166.528771
2440.416134
2002.949993
1922.794461
2397.637139
2397.637139
2169.079275
2127.186861
2305.398195
2305.398195
2036.277386
2215.008611
2212.630887
2112.230733
2328.386346
2328.386346
2185.823923
2358.706878
1904.393590
2167.276470
2167.276470
2013.506102
1973.940816
1947.974702
2104.964091
2104.964091
2371.067511
2371.067511
2371.546433
2371.546433
2393.722974
2152.592410
2204.574043
2162.103600
2078.915923
1912.819962
1985.596549
2261.547436
2056.312364
2056.312364
1885.234857
1885.234857
2418.879186
2418.879186
2125.162241
1916.203782
1961.106661
1871.297966
2111.032704
2111.032704
2210.283710
2210.283710
2425.957736
1881.411176
2278.139201
2278.139201
2133.002609
2137.438473
2224.062390
2017.207639
2080.441558
2045.984194
2027.037038
2309.659513
2309.659513
2024.057560
2397.075833
2397.075833
2257.860214
2257.860214
2271.128984
2338.206474
2338.206474
2069.790917
1975.312704
2188.255313
2188.255313
2017.764878
2289.020432
1965.076360
1965.076360
2039.522344
2209.120868
1979.165818
2138.294791
2206.085643
2292.643795
2278.696614
2236.972534
2277.540690
2355.015928
1858.685515
2346.987853
1906.632275
2292.000102
2110.074763
2005.401309
2258.687176
2402.948023
2386.864996
2199.055334
2221.144642
2055.098357
2055.098357
2165.753514
2165.753514
2358.117858
1992.523180
1992.523180
1886.229712
2189.836507
2237.682701
2134.731987
2443.853638
2330.494194
2330.494194
2189.893179
1910.824470
2269.811022
2269.811022
2341.006772
2341.006772
1923.227178
1923.227178
2256.755590
2362.412656
2101.857312
2118.097823
2106.216352
2167.454526
2167.454526
2281.892530
1930.198519
2007.001917
2007.001917
2355.139244
2355.139244
2174.993096
1874.680705
2167.328043
2167.328043
2184.914835
2196.441257
2202.848995
1967.677049
2382.962436
2407.981916
1942.932161
2358.187305
2450.018724
2222.000004
2398.317886
2033.635849
2236.354874
2167.304738
2160.385490
2368.979285
2368.979285
2118.574902
2412.785119
2290.932611
2237.616129
1992.365450
1981.122790
2216.422926
2216.422926
2208.351762
2415.774850
2105.216338
1974.787763
2396.483165
2055.235697
2089.475653
1875.143234
1871.468907
2361.940965
2105.381508
2097.826301
2038.546897
2249.886498
2249.886498
2417.679766
2157.876178
2392.980241
2392.980241
1916.545697
2262.274202
1852.773109
2254.396600
2004.340187
2076.208656
2275.716588
2093.805101
2010.888748
2168.391883
1863.970550
1863.970550
2156.708137
2156.708137
2307.789165
2259.638267
2341.070931
1967.331165
2385.642670
2385.642670
2095.928269
2245.737932
2272.657371
2148.131202
2254.539726
2257.205477
2111.601710
2111.601710
2288.922008
2385.251643
2392.089334
2392.089334
2041.747696
2273.003577
2273.003577
2176.963209
2142.748853
2157.857316
2198.238985
2420.421852
2330.801901
2063.482348
1942.906308
1942.906308
2221.954494
2085.339384
2318.685481
1995.061064
2268.068082
2211.616929
2211.616929
2260.745753
1915.515646
2352.080872
2352.080872
2227.428368
2289.825284
2112.586979
2335.837062
2120.739249
2358.699436
2358.699436
2426.595290
1880.949443
2301.551753
1963.658077
1963.658077
1937.637492
2412.394222
2284.637787
2284.637787
2086.602820
2082.175720
2255.478104
2148.662610
2048.035418
2048.035418
2205.390354
2205.390354
2255.355016
2301.572962
2301.572962
1923.446179
1923.446179
2424.880602
2424.880602
2306.488782
2156.239371
2156.239371
2220.698085
2206.155831
2223.205306
1901.630261
1901.630261
2291.343950
2291.343950
2350.224220
2155.154679
2105.528068
2105.528068
2046.376869
1974.837039
1974.837039
2129.559636
2239.434277
2054.600932
2054.600932
2353.910679
2353.910679
1932.054365
2286.605931
2324.694448
2324.694448
2223.499162
2254.755714
2281.451972
2056.806277
2207.727830
2207.727830
2290.384806
2272.042390
2373.656693
1771.253118
1771.253118
2042.499246
2045.297153
2055.784934
2397.480833
2128.533813
2128.533813
2425.037958
2233.184338
2361.961834
2229.600287
2229.600287
2165.682941
2248.987582
2033.994700
2140.046419
1874.760136
2253.021194
2006.488481
2045.568943
2072.377539
2234.090032
2409.795024
2243.322644
2243.322644
2231.708047
2231.708047
2008.914391
2085.472944
1982.648934
1982.648934
2085.049513
2179.367019
2384.520862
2399.589073
2399.589073
2251.806208
2150.490806
2286.514329
2150.131617
2138.207739
1922.872084
2264.793467
2264.793467
2002.730284
1857.775411
2184.638516
2022.608726
2174.135685
2392.035273
2342.720945
2342.720945
2177.512476
2298.860929
2298.860929
2350.307859
2019.443523
2019.443523
2015.664793
2218.907604
2084.653714
2266.043301
2266.043301
1917.049128
1978.128912
2160.865909
2160.865909
2246.922609
2246.922609
1987.140317
2363.452114
2040.818863
2040.818863
2050.695146
2143.812107
2143.812107
2279.529388
1884.268435
2356.729804
2356.729804
2141.576487
2228.164227
2228.164227
2378.781331
2272.226526
2149.320661
2052.168655
1981.269998
2187.361065
1951.030390
1951.030390
2088.367384
2252.383356
2356.533330
2191.632702
2357.709717
1997.378138
2145.906798
2451.421737
2119.261814
2193.308427
2193.308427
2293.955290
2272.459765
2272.459765
2276.835364
2276.835364
2028.127103
2147.978735
2075.358934
2095.806434
2095.806434
2224.768443
2345.300319
2345.300319
1862.752161
2054.154947
2311.902056
2299.068027
2154.888070
2182.963292
2143.605539
1993.224491
2384.352891
2348.328754
1990.948788
1990.948788
2039.081726
2044.813123
2290.959555
2138.334851
2138.334851
2132.373498
2185.696537
2185.696537
1981.997903
2176.242386
2176.242386
2202.703244
2249.319083
2249.319083
2329.062642
2093.261096
2112.209670
2403.903616
1946.249867
1989.356046
2134.621138
2390.651199
2100.460640
2100.460640
2245.767325
2131.357079
2131.357079
2018.876453
2018.876453
2328.929075
2217.939515
2217.939515
2336.556167
2308.484448
2048.174935
2048.174935
2141.751165
2141.751165
2333.855613
2043.566949
2190.728349
1996.056738
2225.297683
2225.297683
1985.020443
2201.068127
2286.396021
2393.489434
2093.791444
2386.005832
2386.005832
2403.747256
2380.410312
2089.212152
2089.212152
1998.637153
2403.893962
2005.931345
2005.931345
1903.042280
2369.809574
2369.809574
2317.220301
2109.850396
2109.850396
1873.578920
2423.455796
2423.455796
2211.851764
2211.851764
2306.869304
2032.031422
2180.631810
2363.558425
2363.558425
2295.228285
2295.228285
1972.722032
2104.463274
2104.463274
1993.532663
2113.786728
2113.786728
2432.671952
2197.557252
2134.511797
2382.016420
2318.311595
2318.311595
2132.644366
2406.549944
2062.040562
1993.829285
2050.221709
2050.221709
2441.611826
2061.349066
2217.651128
2233.356845
2115.490912
2115.490912
2178.597289
2360.676099
1934.941533
2319.469315
2319.469315
2420.048163
2016.254411
2016.254411
2457.653557
2424.770003
2095.308793
2069.125124
2281.025973
2281.025973
1971.534425
2171.605333
2276.556490
2118.902451
2195.472300
2195.472300
2371.914714
2147.265354
2147.265354
2381.351690
2067.258630
2401.181799
2401.181799
2279.615929
2195.750279
2132.997811
2312.002622
2164.612260
1982.076121
2044.375050
2044.375050
2365.982995
2096.682133
1901.271080
1901.271080
2388.329222
2342.983632
1997.819259
2210.575030
2210.575030
2376.150787
2298.241035
2002.935157
1887.477141
1909.914290
2224.675326
2118.434525
2142.120263
1884.415512
2378.495684
2378.495684
1881.726520
2251.535202
2058.652386
2226.283064
2400.890680
2288.853786
2317.972567
2046.845534
2326.591612
2391.259915
2391.259915
2428.504527
2136.421695
2155.080563
2046.614678
2240.889409
2322.881908
2322.881908
2220.046211
2253.024677
2315.097885
2354.156861
2062.918363
2151.298500
2151.298500
2181.255109
2181.255109
2418.672938
2003.568875
2003.568875
2280.278328
2336.657949
2037.628933
2279.407616
1990.931073
2366.148159
2335.487182
2371.017991
1928.880473
2041.937148
2041.937148
2272.451661
2279.530610
2318.426436
2179.887925
2179.887925
2099.011340
2147.604988
2147.604988
2072.509502
2072.509502
1991.415390
1991.415390
2398.430128
1931.374131
1931.374131
2423.988374
2127.699820
1967.237437
2198.971197
2198.971197
2169.897408
2169.897408
1894.023056
1938.126039
1978.517625
2095.920653
2095.920653
2386.758368
2153.559133
2153.559133
2311.797174
2331.377469
2331.377469
2323.726465
2419.360170
2155.471838
2300.968067
2287.822531
2104.515042
2032.337713
2198.303053
1964.286528
2182.983028
2046.435857
2022.547597
1881.786553
2030.451923
1925.710550
1854.405081
2413.489297
2320.638413
2120.334911
2257.435807
2257.435807
2349.857388
2381.092613
1817.896652
2178.312202
2011.577048
2140.406990
2073.363543
2142.907753
2177.492681
1931.498517
2282.822785
2282.822785
2302.076251
1964.260915
2231.952603
2230.192694
2147.483254
2102.082153
2372.803506
1974.750203
1974.750203
1911.414831
2158.406537
2158.406537
2295.834398
2079.851069
2344.781201
2038.699674
1957.920155
2391.038607
2355.866583
2355.866583
2323.856368
2330.554854
2392.817067
2392.817067
2109.822071
2109.822071
2395.825898
2340.917485
2256.605091
2125.904606
2423.493093
2123.685833
2153.017530
2139.907335
2139.907335
2159.226466
2091.464388
2091.464388
2016.957077
2119.514278
2449.369357
2236.245678
2221.484982
2433.077948
2227.146344
2273.922656
2273.922656
2116.865157
2325.296136
2423.386384
2423.386384
2258.226405
2189.981338
2129.475493
2129.475493
2409.144736
2409.144736
2097.462401
2084.742858
2070.218982
2070.218982
2324.427519
2324.427519
2117.546025
2117.546025
2311.647386
2258.351650
2154.467779
2124.225905
2041.146549
2127.777696
2154.530794
2154.530794
2228.732233
2228.732233
2443.249737
2343.282078
2372.657477
2340.439022
2136.834325
2181.641659
2004.021905
2004.021905
2136.127591
2250.136637
2250.136637
2340.554680
2221.721687
2280.043653
2280.043653
1954.182969
2419.430082
2419.430082
2308.273391
2202.878707
2202.878707
2280.181651
2111.938854
2312.415410
1816.318684
2024.344228
2162.399182
2374.663622
2299.011793
2259.946652
1892.265172
1892.265172
1853.664273
2036.935388
2036.935388
2355.512614
2175.199354
2045.326903
2045.326903
2176.491847
2018.561853
2288.578871
2248.358851
2367.228203
2020.724092
2373.869369
2373.869369
2209.967056
2155.114252
2360.374752
1929.628730
2105.857688
2105.857688
2196.459531
2196.459531
2419.716277
2419.716277
2202.575506
2062.978456
2062.978456
2403.206150
2120.066793
2064.330201
2170.360919
2031.674106
2031.674106
2210.365446
2160.735632
2450.063446
2291.970825
2168.350490
2179.639021
2025.569408
2025.569408
2018.662041
1955.864836
2326.811908
2193.792447
1905.815565
2080.384399
2120.620492
2284.355390
2202.182762
2202.182762
2254.754528
2070.884217
2070.884217
2321.314313
2321.314313
2331.006552
2331.006552
1991.979090
2160.025033
2160.025033
1832.883332
2326.546737
1800.623425
2375.226293
2232.934287
2040.047083
2157.129070
2352.104447
2201.039924
2272.160286
1916.188536
1931.266980
2392.134210
2329.722542
2064.054153
2064.054153
1956.865406
2350.338735
2026.874446
2157.606735
2188.267728
2188.267728
2375.191165
2375.191165
2369.739000
2217.283397
2319.773968
2110.771927
2257.758322
2257.758322
2207.885618
2408.258399
2313.857124
2254.824314
2089.373694
2198.712578
2094.720424
2096.315582
1970.398746
2363.099860
1901.105776
2077.677246
2109.163585
2417.863307
2379.054264
2370.367778
2370.367778
2340.258868
2340.258868
2154.474418
2154.474418
2147.442040
2095.304479
2241.889382
2224.956831
2350.955743
2218.874564
2213.626578
1986.244327
2411.560064
2227.304365
2220.703245
2357.207375
2357.207375
2132.560170
2369.252403
2254.603922
2362.766027
1858.334791
1858.334791
2134.183794
2134.183794
2328.195893
1970.341988
2348.551418
1888.386864
2092.530158
1994.757537
2265.795671
2328.687853
2066.795329
2066.795329
2276.227440
2276.227440
2311.908471
1949.374526
1949.374526
2093.892749
2093.892749
1945.586051
1945.586051
1906.466750
2270.286054
2270.286054
2314.133502
2314.133502
2147.224238
2096.502403
2096.502403
2232.721095
2225.385988
2225.385988
2349.783261
2349.783261
2184.289248
2184.289248
2351.566535
2243.468808
2303.412606
2303.412606
2186.788873
2186.788873
2181.035846
2265.647693
2265.647693
2038.474214
2326.048140
2175.699522
2418.388581
2102.938161
2422.924134
2100.888012
2298.834610
2000.119771
2112.004258
2112.004258
2153.088935
2363.582964
2373.103231
2090.763995
2090.763995
2168.897545
2312.520086
2312.520086
2300.275415
2284.228478
2284.228478
1982.821286
1982.821286
1988.819072
1988.819072
2401.076353
2401.076353
2145.264903
2127.492828
1919.602766
1919.602766
2319.839700
2174.778135
2437.385699
2256.417967
2037.804170
2186.128001
2336.502427
2047.844299
2149.592044
2222.919282
2222.919282
2239.256111
2239.256111
2162.964945
2361.333138
2029.965299
2029.965299
2200.171226
2212.053208
2212.053208
2322.970476
2191.487622
2098.180401
2245.287856
2032.410542
2405.294821
2449.948935
2335.333837
2283.892519
2104.505296
2395.134566
2395.134566
2109.765263
2109.765263
2197.102154
2004.458820
2254.037775
2346.668759
2115.518439
2231.957436
2117.882099
2003.013111
2077.963341
2281.637030
2281.637030
2130.903448
2130.903448
2219.746867
2219.746867
2153.490518
2153.490518
2300.023255
2116.355880
2116.355880
2255.633631
2396.344272
2005.543609
2011.924564
2011.924564
2084.475032
2050.021552
2155.329597
2029.988024
2029.988024
2241.685722
1973.801127
2150.308061
2320.561930
2122.384177
2113.589748
2162.628256
2162.628256
2360.188927
1982.131897
2335.855931
2038.769238
2038.769238
2404.305327
2329.200579
2361.457648
2361.457648
2047.318165
2047.318165
2061.106276
2375.838491
1800.677444
1800.677444
2265.981018
2265.981018
2050.052180
2356.527745
2414.304323
2195.715709
2218.239508
2218.239508
1988.983339
2264.669861
2221.590607
2261.905880
2109.322787
2400.231890
2065.402127
1908.338369
2041.432169
2056.726576
2092.468594
2313.941479
2215.417858
1961.287026
2245.186887
2245.186887
2117.923255
1998.110420
1998.110420
2238.576432
1828.044963
1828.044963
2134.584688
2209.312658
2209.312658
2047.952950
2274.378249
2040.905639
2393.050351
2398.636987
2116.219363
2113.191421
2113.191421
2225.026532
2225.026532
2461.310714
2036.471791
2308.026001
2415.176254
1846.658059
2236.158913
2236.158913
2217.464275
1938.944866
2062.998178
2417.272683
2304.202772
2221.045421
2238.813782
2196.519014
2196.519014
2313.054433
2139.891567
2139.891567
2059.353538
2273.611619
2273.611619
2356.204469
2356.204469
2084.360823
2381.276506
1872.120149
2371.231760
2371.231760
2358.209050
2358.209050
2028.161716
2028.161716
2214.657660
2381.736257
2187.568031
2091.289466
2091.289466
2114.211366
2179.320260
2128.635409
2441.194106
2441.194106
1907.165626
1907.165626
2119.190255
2003.298367
2445.360518
2375.286325
2375.286325
2033.287412
2272.556072
2208.149642
2186.770741
2324.235838
2286.471710
2252.885488
2085.893308
2085.893308
2281.945561
2127.362524
2140.444859
2135.558406
2411.215910
2411.215910
2170.022886
2170.022886
2093.309773
2283.804207
2288.429138
2288.429138
2143.174377
2190.420919
2452.197623
2452.197623
2315.223027
1943.578473
2237.267431
2191.849333
2191.849333
1992.936798
1885.108531
1885.108531
2238.526213
2214.193769
2358.597464
2358.597464
1996.721890
1996.721890
2080.529217
2080.529217
2281.009957
2050.687710
2050.687710
1977.906866
2144.227457
2140.152404
2061.562359
2061.562359
1979.914308
1979.914308
2415.119320
2243.205557
2200.696915
1957.068054
1957.068054
1860.051005
1977.512804
2310.167197
2029.720016
2029.720016
2126.203452
2217.222447
2217.222447
2167.015042
2008.888350
2406.324893
2420.200107
2371.246636
2313.853266
2417.596595
2268.784301
2160.197425
2061.397643
2061.397643
2018.468022
2018.468022
2202.268895
2393.526892
2393.526892
2213.858032
2213.858032
2359.299212
2281.035270
2356.860862
1955.324584
2371.971672
2170.715109
2170.715109
2296.315093
2162.094886
1899.001560
2132.889639
2241.393828
2241.393828
2205.688189
2184.164111
2442.087127
2442.087127
1916.229244
2014.630485
2344.081826
2418.219963
1842.906549
1842.906549
2282.594762
2282.594762
1908.316162
2325.816475
2325.816475
2062.052349
2385.431741
1853.471595
2106.343517
2160.873761
2281.999882
2082.060762
2082.060762
2124.003451
2124.003451
2233.741484
2233.741484
2071.732917
2106.506026
2106.506026
2146.455049
2338.036298
1976.375387
2010.638205
2390.826736
2101.018610
2256.914745
2256.914745
2322.545385
2284.014924
2284.014924
2029.214370
2119.230821
2291.877482
2291.877482
2392.789330
2243.889629
2420.901925
2426.604695
2018.991307
2117.426217
2423.795252
2423.795252
2082.050574
2296.133018
2296.133018
2191.130412
2395.338705
2258.890977
2258.890977
1987.034136
2334.467464
2051.249704
2398.372647
2398.372647
2400.950120
2400.950120
2090.339387
1995.927966
1950.194442
1988.450435
2187.055936
2187.055936
2297.486605
2297.486605
1862.159622
2116.294265
2357.049286
2259.677713
1853.200014
1972.072872
2056.052619
1993.034895
2120.475586
2171.326205
2020.802117
1884.983382
1999.900876
2162.817785
2162.817785
2187.287863
2187.287863
2320.474785
2143.935096
1914.616295
2142.626864
1950.071600
2445.150400
2306.232333
2363.786936
2120.809896
2120.809896
2005.405104
1905.841668
2302.935794
2302.935794
2022.392265
2130.897739
2139.208680
2028.188742
2028.188742
1943.678103
1925.711471
1925.711471
1916.148849
1916.148849
2095.198527
1979.821391
1997.400872
1997.400872
2270.227198
2270.227198
2150.120305
2082.789597
2066.983740
2170.882367
2291.310257
2351.292185
2255.551560
1934.522679
1934.522679
2212.240426
2271.152377
2296.761107
2296.761107
2438.533389
1930.289426
1930.289426
2188.067154
2387.524569
2407.667699
2407.667699
2214.658844
2276.363853
1989.597444
1906.687151
2080.639610
2359.893902
1904.766124
2335.735692
2240.112159
1970.010172
1970.010172
2337.195915
2247.596112
2247.596112
2289.434131
2231.670211
2377.274918
2377.274918
2235.403264
2220.934456
2220.934456
2395.726456
2106.127734
2313.392885
2183.855907
1997.865988
2423.147254
2101.416576
2207.886530
2428.640138
2181.772975
2299.798409
2299.798409
2189.981341
2189.981341
2092.737167
2153.383266
2145.873590
2065.831629
2065.831629
1907.445087
2288.227314
1991.584105
1991.584105
2189.853107
2130.072029
2130.072029
2222.197278
2041.591682
2041.591682
2058.499316
2310.596386
2357.925202
2054.894604
1994.227514
2319.073669
2024.612429
2121.668847
2249.134449
2190.974670
2190.974670
2311.934565
2402.129903
2141.646368
2182.007198
2049.005368
2159.124490
2152.628481
2124.912316
2380.296522
2380.296522
2119.603364
2306.722031
2046.759026
2175.968461
2175.968461
2053.799011
2053.799011
2375.045062
2359.075310
2071.000093
2071.000093
2095.875559
2095.875559
2114.814517
2424.479886
1968.232933
1968.232933
2152.034908
2226.654964
2089.519453
2022.338264
2022.338264
1888.574696
2372.232734
2391.878249
2391.878249
2042.510166
2042.510166
2132.974774
2009.260381
2183.460077
2064.056251
2064.056251
2165.541888
2217.941780
1922.728055
2070.475781
2424.898291
2107.461295
2018.151030
2091.126205
2091.126205
2308.589854
2114.417691
2379.061371
2166.283130
2350.129683
2350.129683
2031.398388
2204.023585
2339.768819
2234.953154
2221.526824
2143.960996
2143.960996
2217.241681
2042.032859
2379.201213
2197.360248
2209.462285
1967.920846
2214.453886
2138.808133
2117.989210
2117.989210
2375.611248
2375.611248
2227.450801
2274.288437
2330.396596
1948.476243
2074.494495
2190.100226
2046.515088
1914.654113
2188.123267
2408.974011
2408.974011
2404.147072
1961.766748
2178.831629
2378.626587
2378.626587
2181.387687
2181.387687
2399.468408
2328.599698
2378.072845
2378.072845
2091.373672
2313.888045
2402.034121
2398.395947
2088.373527
2238.987593
2196.706588
2353.813641
2353.813641
2227.261284
2227.261284
2150.642903
2047.983225
2106.547164
2044.133407
1949.970480
2037.666074
2304.412003
2426.770937
1886.334859
2383.212502
2383.212502
2362.690217
2147.614842
2376.842675
2265.236844
1967.182939
1893.507908
2071.384939
2395.816192
2372.383417
2372.383417
1855.798509
2266.011030
2266.011030
2098.487359
2098.487359
2282.362854
2226.918400
2226.918400
2019.905770
2157.292561
2157.292561
2422.469766
2174.573504
2426.105467
2426.105467
2124.866291
2252.412077
2298.183559
2161.285693
1932.704858
2079.888141
2197.897491
2245.616471
2245.616471
2356.296216
2356.296216
2311.861234
2311.861234
2251.218670
2323.929829
1972.291583
2191.732479
2191.732479
2202.437315
2202.437315
2275.066908
2354.604071
2354.604071
1818.100294
1820.500534
1973.451377
2113.237798
2113.237798
1843.913890
2002.880905
2297.837475
2172.787731
2172.787731
2347.046782
2361.000838
2393.357354
2393.357354
2189.390994
2110.790815
2139.609302
2338.556304
1919.399409
1919.399409
2115.645074
2115.645074
2332.193126
2332.193126
2106.024954
2204.872883
2205.946925
2100.432158
2128.522457
2017.308262
2333.916263
2100.684341
2100.684341
2039.439991
2162.272030
2162.272030
2339.284650
2174.111679
2091.616461
2091.616461
1913.174536
2231.360030
2231.360030
2025.506079
2025.506079
2023.961362
2060.115445
1937.914548
1937.914548
2339.242849
2339.242849
2061.967682
2061.967682
2367.656705
2306.418370
2325.881198
2325.881198
2250.352301
2340.902702
2016.189197
2007.594767
2007.594767
2091.666996
2091.666996
2427.114572
2427.114572
1985.857566
2215.789040
2062.825355
1998.768689
2236.283582
2234.458555
2234.458555
2252.191756
2224.267772
2224.267772
2020.427953
2295.411910
2295.411910
2117.065541
2117.065541
2425.966106
2425.966106
1993.279970
2372.159920
1942.533052
2096.639770
2068.473787
2065.846859
1931.653302
2183.912717
2183.912717
2231.306239
2196.323182
2337.407346
2220.751387
2082.283192
2131.644783
1901.463628
1791.671662
1791.671662
2305.678965
2154.707056
2047.775881
2269.050389
2107.995409
2378.970141
1969.866814
1969.866814
2103.258356
2146.011072
2165.333447
2165.333447
2348.755429
2331.610573
2112.284388
2112.284388
2422.587948
2422.587948
2363.175310
2186.167766
2186.167766
2106.622649
2433.347756
2433.347756
1996.551729
2097.398208
2186.494491
2325.306012
2219.448720
1998.812854
2164.428655
2055.009146
2055.009146
2405.741272
2199.794326
2280.811576
2057.286282
2143.467593
2271.833898
2271.833898
1944.045561
2256.327114
2082.084944
2082.084944
2197.129329
2197.129329
2394.702417
2306.726943
2306.726943
2440.728650
2376.988610
1977.989929
2312.041096
2026.531964
2026.531964
2113.838299
2379.778501
2372.242299
1906.626458
2423.369147
2423.369147
1871.384025
2125.495274
1977.015215
2111.880332
2140.475961
2140.475961
2298.805512
2298.805512
2322.557948
2228.719036
2109.448418
2095.508547
2095.508547
2028.309139
2028.309139
2157.696302
2096.630364
2041.896294
2041.896294
1917.136842
2282.117355
2242.733009
2373.214801
2024.387650
2024.387650
2358.968132
2358.968132
2318.340401
1886.346550
1886.346550
2230.788548
2230.788548
2159.003641
2159.003641
2337.390526
2063.871824
2150.103265
2248.971025
1977.601140
2036.654012
2074.492127
1911.902947
1911.902947
2410.917000
2398.423214
2134.648632
2420.579763
2420.579763
2409.344463
2409.344463
2104.179169
2049.378863
2135.892272
2135.892272
2238.310337
2373.565338
2373.565338
2277.083647
2277.083647
2058.572789
2403.474892
2258.662765
2018.091643
2018.091643
2342.989663
2342.989663
1823.311017
2181.677234
2111.464378
2188.891803
2318.458905
2318.458905
2317.534856
2098.499696
2004.189132
1884.938917
1910.901935
2286.004028
2025.100523
2025.100523
2437.506015
2395.006428
1918.580775
1918.580775
2181.996663
2375.683306
2147.013476
2147.013476
1909.567866
1909.567866
2119.834030
2119.834030
2152.705935
2301.527238
2096.389272
2139.007566
2319.424897
2319.424897
2013.206442
2117.533689
2117.533689
2189.447276
2309.062945
2309.062945
2052.165396
2052.165396
2155.454477
1961.199891
1961.199891
2363.989932
2363.989932
2142.001490
2091.118736
2293.351226
2293.351226
2260.211922
2373.447018
2441.641842
2207.213491
2207.213491
2378.400799
2262.147587
2262.147587
2137.522764
2127.688282
2399.245980
2019.829250
2019.829250
2064.104486
1947.005329
2243.467690
2239.060719
2156.068986
2109.237720
2323.610452
2068.810680
2068.810680
2162.521685
2353.249369
2294.542988
2200.385914
2219.603110
2174.435364
2101.866201
2356.487621
2111.004957
2305.719394
2305.719394
2056.828297
2311.534597
1926.492351
2058.588756
1999.009400
2339.831568
2418.345708
2418.345708
2096.699184
2228.232786
2032.779719
1903.142638
2070.062499
2239.191266
2239.191266
2059.204391
2106.949543
2400.056288
2400.056288
1919.163167
2019.229386
2069.967215
2069.967215
2161.432060
1984.151291
2077.327303
2381.326074
2086.412355
2246.334341
2246.334341
2394.240457
2295.717049
2020.301346
2129.222214
2129.222214
2187.882560
1980.964302
2145.412100
2241.383460
2241.383460
2100.430578
2271.202960
2323.641031
2023.934929
2228.771937
2228.771937
2006.800175
2001.882090
2001.882090
2242.710923
2364.112371
2203.022151
2203.022151
2082.974987
2311.962796
2124.540277
2296.495912
2410.529251
2075.586998
2342.374410
2342.374410
2047.217090
2347.590796
2347.590796
2396.981976
2396.981976
2374.473809
2286.552838
2286.552838
2323.734314
2334.643802
2192.942861
2098.529694
2098.529694
2251.959211
2450.063639
2323.779793
2115.192884
2065.630876
2361.837330
2147.719812
2104.548216
2161.639902
1938.620914
2001.500919
2001.500919
2009.182847
2009.182847
2010.876237
2010.876237
1853.863190
2125.499726
2125.499726
2058.747167
1938.671630
2331.867441
2405.228892
2405.228892
2056.237611
2056.237611
2166.645155
2378.117756
2182.322275
2335.741449
2379.409002
2379.409002
2352.725898
2134.194433
2412.198061
2112.794544
2308.788974
2010.343740
2265.935416
2265.935416
2207.182318
2318.341798
1976.061329
1976.061329
2432.218058
2155.351919
2155.351919
2185.344388
2185.344388
2154.257044
2154.257044
2049.321465
2091.406220
1991.403320
2360.980099
1880.401609
1880.401609
2307.926940
2173.998608
2034.167576
2078.460472
2101.425703
2101.425703
2199.166810
2298.090309
2298.090309
2282.489981
2311.563840
2256.517258
2256.517258
2049.531833
2049.531833
1970.108609
1854.993937
2140.506661
2368.368104
2368.368104
2049.276618
2350.197752
2301.677710
2301.677710
2120.500926
2120.500926
1985.861917
2384.081530
2384.081530
2217.809187
2217.809187
2112.625669
2112.625669
2341.666204
2109.944435
2109.944435
2200.851640
2178.409057
2170.964694
2324.646945
2396.164172
2035.199575
2100.970342
2114.677133
2135.542910
2222.621965
2222.621965
2071.310686
2195.353896
1997.852832
2144.191043
1979.020509
2305.239271
2305.239271
2167.770599
2167.770599
2249.760660
2274.924619
2274.924619
2179.550567
2276.441908
2427.892053
2427.892053
2329.151653
2087.677814
2176.023646
2305.009113
2266.029308
2311.388507
2155.635697
2155.635697
2185.528336
2220.394498
2220.394498
1855.140259
2404.717103
2404.717103
2310.441152
2310.441152
2404.703617
2380.865721
2380.865721
2103.885598
1982.512522
2126.603566
2126.603566
2068.463233
1988.267870
2100.620410
2100.620410
2115.785106
2151.079270
2076.962640
2076.962640
2404.776241
2404.776241
2383.976284
2294.257771
2294.257771
2027.070499
2359.869565
2359.869565
2311.390012
2382.425031
2263.382852
2263.382852
2222.528551
2444.736092
2268.313449
2192.482829
2192.482829
2295.374879
2042.128792
2326.523140
2137.504208
2137.504208
2078.490906
2103.466261
2286.827898
2107.080370
2311.599229
2302.056902
2302.056902
2436.773257
2023.765867
2023.765867
2032.773431
2001.223892
2001.223892
2351.680944
2116.551563
2260.875979
2289.203547
2298.303611
2298.303611
1915.853788
2210.540624
2025.670634
2375.137592
2375.137592
2107.552474
2107.552474
2053.647082
2053.647082
2178.378625
2064.682595
2052.555107
2052.555107
2055.468189
1971.993671
2002.282066
2204.051047
2204.051047
1924.583467
2120.735197
2134.639327
2159.604715
1973.829639
1869.633701
2367.598470
2433.704098
2182.794815
2032.686346
2019.872138
2283.181295
2228.359305
2315.608284
2045.839397
2332.722335
2067.954330
2265.785134
2265.785134
2177.255275
2407.249506
2350.253118
2165.365941
1937.380506
2137.899631
2137.899631
2124.269928
1983.123116
2219.177655
2219.177655
2049.896460
2049.896460
2089.922475
2089.922475
2354.143489
2354.143489
2277.986829
2335.390462
2418.827195
2271.835239
2271.835239
2050.765619
2050.765619
2039.402801
2091.767152
2365.065970
2115.988621
2397.530036
2204.968403
2204.968403
1990.121916
1990.121916
2279.532890
2279.532890
2334.938160
2065.078715
2065.078715
2054.568502
2162.608774
2162.608774
2279.389388
2074.424996
2074.424996
2433.916710
1956.600662
2184.382617
2184.382617
2376.466052
1966.040440
2236.096896
2236.096896
2022.711850
2016.479785
2159.425823
2159.425823
1882.254915
2380.259352
2372.336498
2372.336498
2129.521494
2069.371464
2179.412355
2179.412355
2336.912890
1874.718052
2213.433128
2213.433128
2124.745126
2409.158907
2409.158907
2340.539355
2340.539355
2273.367933
2286.128555
2351.301113
2351.301113
1881.673963
2100.507856
2007.249812
2248.254391
1990.849342
1990.849342
2227.138608
2227.138608
2125.651822
2125.651822
2016.698958
2117.050272
2117.050272
2150.840497
2175.515360
2127.767451
2127.767451
2112.134432
2109.626278
2152.863835
2157.578968
2156.473661
1975.159583
1975.159583
1920.125969
2181.038491
2181.038491
1954.002279
2288.788310
2033.287148
2033.287148
2370.281648
2379.738736
2379.738736
2273.653593
2226.153522
2177.141563
2086.746010
2361.639949
2259.470691
2284.779311
2284.779311
2251.161188
2344.160244
2300.108729
2220.938638
2220.938638
2219.523598
2246.772680
2246.772680
2119.911673
2170.999505
2126.203732
2126.203732
2188.160459
2224.790151
2000.201470
2386.164068
2386.164068
2275.300439
2352.406840
2326.353150
2326.353150
2377.068104
2026.485295
2026.485295
2129.549247
1989.995252
2061.557265
1967.036190
1891.268121
2349.314357
2106.237725
2023.904323
2023.904323
2352.374174
2002.395263
2165.360294
2337.192831
2259.414047
2085.396105
2163.548880
2163.548880
1984.957666
1984.957666
2265.891871
1876.079111
2159.197650
2159.197650
1833.591201
2073.239689
2073.239689
2245.058988
2245.058988
2371.941756
2066.601423
2172.281494
2334.874174
1850.072153
2102.393212
2372.074903
2372.074903
2364.872760
2382.134322
2323.448801
1895.705883
2173.396109
2158.073320
2420.460574
2420.460574
2036.376103
2036.376103
2406.578262
1950.809868
1950.809868
2034.518909
1873.425289
1873.425289
2135.436152
2135.436152
2193.590960
2323.587445
1993.880700
1993.880700
2009.223481
2279.507772
2279.507772
2169.474663
2169.474663
2206.009477
1957.509772
1957.509772
2352.351300
2352.351300
2272.611252
2272.611252
2103.289848
2055.866646
2055.866646
2332.982621
2271.051361
1986.810789
2302.815533
2322.628892
2118.767010
2141.709229
2141.709229
2307.222359
2307.222359
2092.417904
2092.417904
2204.928591
2138.272801
2357.669402
2357.669402
1983.426836
2211.112006
2066.491530
2066.491530
2123.290133
2123.290133
2172.381578
2236.175220
2236.175220
2287.483536
2335.928323
2335.928323
2064.446868
2012.626386
2300.709617
2231.836570
2082.809916
2082.809916
2177.251746
2033.146241
1991.722460
2237.776877
2379.233778
2112.793525
2198.049334
2070.213743
2237.605222
2037.318645
2037.318645
2207.133189
2224.709282
2372.784783
2390.155277
2012.583363
2268.902883
2316.089395
2159.946545
2397.025737
2397.025737
2382.364772
2382.364772
2455.231503
2455.231503
2150.087061
2323.115509
2403.823223
2096.975424
2068.054012
2068.054012
2001.063401
1899.353252
2253.911880
2282.742219
2262.785279
2166.734949
2166.734949
2279.720396
2081.521258
2326.271801
2326.271801
2050.440238
1991.686757
2004.438734
2004.438734
2132.438372
2132.438372
1937.600517
1937.600517
2013.223162
2286.878861
2380.650016
1974.257959
2238.549950
2209.563099
2384.320752
2384.320752
2270.205740
2270.205740
2388.486924
2232.761441
2232.761441
2303.878806
1993.385850
2000.034063
2000.034063
2381.954013
2381.954013
2186.611218
2186.611218
2069.327837
2069.327837
1967.580477
1967.580477
2042.568969
2414.297338
2191.042909
2047.352881
2047.352881
2302.882858
2302.882858
2220.382008
2044.844583
2044.844583
2399.172812
2425.214113
2425.214113
2398.277552
2398.277552
2177.976856
2177.976856
1887.747640
2098.717767
2348.403428
2363.247904
2363.247904
2168.369676
1887.350417
1887.350417
2055.019193
2055.019193
2158.625413
2213.290177
2181.071021
2217.217737
2217.217737
2343.387617
2343.387617
2167.446486
2249.159523
2249.159523
2271.099532
2200.357780
2330.705888
2330.705888
2376.569525
2376.569525
1938.625483
1938.625483
2367.351287
2105.625735
1902.732765
2128.393910
2416.646518
2416.646518
2031.552866
2354.501347
2131.873334
2131.873334
1940.040276
1940.040276
2072.873223
2118.452885
2355.978553
2355.978553
2028.391158
2382.825249
2366.419098
2366.419098
2114.913721
2362.245413
2362.245413
2084.363104
2093.565329
2093.565329
2295.161744
2295.161744
2356.144401
2356.144401
1838.872871
2413.986152
2133.029756
2133.029756
2063.280663
2063.280663
2299.750902
2301.863880
1971.210103
2195.354545
2137.537333
2119.824162
2119.824162
2062.771156
1988.214758
2006.801443
2138.709357
2138.709357
2200.150558
2200.150558
2240.018301
2240.018301
2254.892025
2216.832995
2327.061201
2313.066308
1904.729737
1904.729737
1950.763252
2115.477448
2398.819945
2133.873953
2376.885228
2262.866771
2262.866771
2366.533686
2366.533686
1959.226138
1900.855151
1900.855151
2348.830991
2348.830991
1991.462971
1991.462971
2183.832010
2304.901065
2304.901065
2188.065633
2188.065633
2324.422435
2228.376917
2178.858915
2300.356120
2300.356120
2051.239718
2124.573043
2124.573043
2265.003719
2318.851788
2318.851788
2139.644037
2139.644037
2357.070970
2429.189344
2429.189344
2254.965282
2041.630541
2334.284250
2182.242787
2182.242787
1973.156384
2176.574439
2176.574439
2411.336560
2391.598817
2114.769608
1841.593154
2448.844507
1953.354763
2109.847806
2032.613724
2032.613724
2453.321233
2183.215695
2265.468873
2265.468873
2131.764816
2114.175413
2114.175413
2338.986569
1906.404806
2317.830350
1908.029592
1908.029592
2431.829994
2185.549259
2185.549259
1986.196397
1986.196397
2004.355185
2095.115885
1964.572349
2271.935285
2206.456409
2206.456409
2204.117852
2284.056200
2284.056200
2229.146167
2229.146167
1998.423554
1998.423554
2166.953708
2166.953708
2322.783549
2322.783549
2078.954275
2062.154273
2073.416075
2073.416075
2201.810938
2201.810938
2216.637875
2374.557480
2374.557480
1871.146735
2401.116488
2085.523538
2039.582354
2039.582354
2049.081552
2049.081552
2295.556858
2255.742749
2132.287555
2132.287555
2077.081634
2077.081634
2120.701440
2104.620469
2083.736013
2083.736013
1890.212535
2239.720745
2239.720745
2047.030873
1850.115380
1850.115380
2314.287035
2200.246835
2200.246835
2014.717870
2335.841443
1977.070533
1977.070533
2122.771487
2397.947491
2191.952845
2191.952845
2427.177788
2427.177788
2346.061662
1947.136168
1947.136168
2132.884761
2132.884761
2363.000583
2363.000583
1945.099852
1945.099852
2349.921646
2349.921646
2268.543249
2291.798453
1832.654049
1906.936881
2103.107157
2103.107157
1906.442828
2264.117469
2177.319624
1893.278661
1893.278661
2330.167957
2330.167957
2146.419319
2451.544140
2028.712841
2064.054283
2064.054283
2220.563498
1996.117392
2188.763136
2001.140871
2113.438191
2382.933250
2041.207832
1995.318112
2217.770554
2217.770554
2457.939479
2174.895793
1966.682171
2105.652202
2050.281359
2050.281359
2351.965292
2199.485413
2199.485413
1996.256099
1996.256099
2219.130645
2219.130645
2274.551313
2227.985075
2237.400537
2237.400537
2129.951046
2092.182457
2025.076380
2025.076380
2139.422995
2139.422995
2185.658103
2185.658103
2222.116469
2222.116469
2297.190754
2388.590296
2267.703435
1994.828788
1994.828788
1815.525904
1815.525904
2102.628201
2147.553370
2243.980337
2243.980337
2129.531653
1923.727244
1949.978697
1949.978697
2001.908478
2094.538120
2145.360556
2387.911160
2387.911160
2402.430630
2402.430630
2376.678315
2038.274153
2124.901023
2440.800950
2355.382989
2385.385356
2385.385356
2193.078273
2398.190976
2398.190976
2309.287412
2309.287412
2000.695435
2000.695435
2101.346678
2170.230142
2074.847758
2147.001353
2052.270879
2188.425450
2188.425450
2243.122039
2150.289934
2432.575670
2432.575670
2049.120892
2049.120892
1984.923082
1984.923082
2159.025488
2357.471847
1971.428864
1971.428864
2176.732377
2188.046189
2234.085705
2234.085705
2357.303630
2397.860936
2311.894416
2199.573540
2199.573540
2017.934387
2397.066901
2090.815025
2200.165425
2163.394192
2079.622863
2079.622863
2222.259209
2127.053458
2312.743783
2312.743783
2304.464110
2307.391567
2089.222405
2067.795305
2245.618366
2245.618366
2082.257285
2013.658403
2013.658403
2261.596526
2229.641506
2216.580599
2216.580599
2419.030421
2419.030421
2306.894607
2330.108009
2167.279348
2167.279348
2385.583456
2007.081558
2315.885610
2056.595289
2023.403676
2036.236590
2045.063947
2015.693777
2137.052286
1998.193439
1998.193439
2248.080749
2141.159030
2363.516189
2363.516189
2130.595388
2130.595388
2306.207151
2232.301335
2183.888009
2279.222741
2279.222741
2052.368028
2099.720311
2099.720311
2299.835993
2299.835993
2035.319480
2001.490636
2042.922467
2042.922467
2059.329786
2028.166988
2108.081343
1991.437993
1991.437993
1763.844318
1990.536182
2257.123402
2048.117901
2382.122501
1915.858431
1915.858431
2128.750630
2227.480434
2227.480434
1963.562556
2442.268851
1856.698237
2096.539029
2183.041977
2183.041977
2052.833446
2376.692103
2397.094457
2342.039406
2380.975993
2146.060576
1843.659969
2210.023349
2210.023349
2254.702692
2254.702692
2298.387037
2298.387037
2375.473196
2375.473196
2292.109074
2292.109074
2151.538905
2151.538905
2403.832587
2403.832587
1985.100356
2018.418851
2221.597247
2304.040360
2304.040360
2263.362734
2263.362734
2011.922492
2082.454579
2059.869890
2108.318647
2026.533981
2316.906117
2316.906117
2387.726089
2162.557679
1943.540731
1945.129165
1922.516251
1922.516251
2411.983730
2401.628463
2316.645703
2199.969401
2314.986600
1991.794615
1991.794615
2247.824130
2358.280358
1970.881865
1970.881865
2133.575815
2310.745871
2078.564766
2078.564766
2237.051137
2169.903655
2169.903655
1973.080530
2398.508407
2398.508407
2121.633388
2121.633388
2084.858899
2073.580339
2112.848236
2423.935566
2423.935566
2078.767657
2154.143486
1963.704111
1963.704111
2224.816361
2224.816361
2274.458139
2271.534762
2234.453751
2234.453751
2358.000749
2343.183291
2343.183291
1942.036006
1942.036006
2236.116361
2366.210947
2202.761182
2202.761182
2285.587599
2035.862246
2035.862246
2134.107265
2275.420915
2275.420915
2139.313079
2139.313079
2206.939208
2352.510358
2315.335005
2018.770326
2018.770326
2167.311297
2106.222662
2106.222662
2242.899623
2242.899623
2338.705642
2338.705642
1998.292395
1998.292395
2355.153592
2355.153592
2204.093719
2204.093719
2109.780338
2112.377837
2154.557198
1981.035884
2302.385888
2075.632026
2075.632026
2325.696900
2236.862881
2238.286179
2238.286179
2207.159422
2339.861432
2113.539227
2113.539227
2369.266261
2387.607408
2315.607397
2089.315943
2089.315943
2199.810753
2199.810753
2347.169679
2087.569959
1971.989326
2277.742442
2277.742442
2074.965284
1865.664531
2138.847061
2066.706972
2066.706972
2249.289165
2249.289165
1918.616745
1918.616745
2127.653240
2127.653240
1952.636537
2218.019759
2218.019759
2265.686016
2343.905628
2343.905628
2342.797868
2429.706475
2429.706475
2073.043486
2231.095580
2231.095580
2038.774446
2308.792232
1977.572304
2261.164782
2220.918533
2220.918533
2245.866484
2245.866484
2405.333385
2405.333385
2325.802860
2325.802860
2297.600686
2182.731806
2182.731806
2188.027814
2188.027814
2302.534366
2302.534366
2136.688896
2136.688896
1889.000407
2124.548672
2268.743073
1912.784227
2399.740656
2399.740656
2037.695263
1899.848695
1899.848695
2189.663635
2351.662418
2155.173280
2155.173280
1977.577484
1977.577484
2150.213714
2150.213714
2171.532575
2310.087193
2310.087193
2052.613094
2052.613094
2107.035195
2343.586506
1955.164497
2400.201447
2177.607501
2093.656912
2359.769968
2359.769968
1918.401907
2155.220413
2199.861632
2199.861632
1989.425708
1989.425708
2073.142230
2114.060395
2114.060395
2044.356106
2044.356106
2088.034861
1988.745724
2146.186466
2146.186466
1949.973137
1949.973137
2077.875286
2077.875286
2243.179675
2170.223878
2170.223878
2338.538853
2338.538853
1889.307893
1889.307893
1969.474993
1948.924022
2061.185539
2061.185539
2069.200845
2069.200845
2132.116757
2441.270514
2277.500066
2277.500066
1973.561776
1973.561776
2160.233945
2131.806864
2128.141781
2128.141781
2291.357056
2291.357056
2104.060625
2104.060625
2371.363135
2305.051046
2170.260227
1973.021081
2334.367088
2291.268015
2060.788924
2060.788924
2121.488075
2348.736188
2348.736188
2358.210840
2213.220242
2213.220242
2312.069375
2049.586610
1900.267625
1900.267625
2057.560926
2057.560926
2321.507618
2329.075147
2007.592680
2007.592680
2346.225663
2307.520993
2281.717656
2225.416252
2391.418175
2166.711584
2389.194563
2151.402302
2316.110337
2316.110337
2129.330226
1973.335692
2157.882467
2346.060162
2346.060162
2203.388492
2203.388492
2109.022171
2109.022171
2114.285436
2420.764342
2005.163832
1895.541823
2211.948015
2448.633256
2448.633256
2391.521638
2391.521638
2286.216539
2292.358762
2391.128494
2391.128494
1958.438296
1958.438296
2250.576561
2250.576561
2137.983886
2337.006669
1903.431587
1903.431587
2105.462424
2018.822308
2097.571775
2097.571775
1981.081278
2119.260402
1891.349533
1891.349533
2190.473776
2053.595223
2053.595223
2108.877927
2119.626049
2111.147793
2372.435989
2372.435989
2432.294780
2119.222578
2106.547127
2150.868382
1959.307425
1959.307425
2110.612001
2194.012796
1993.280104
2197.253520
2231.846478
2231.846478
2072.955292
2072.955292
1838.677898
1986.072599
2376.686627
2376.686627
2064.378997
2253.182497
2316.548944
2316.548944
2412.766717
2122.069159
1844.817246
2023.246390
1877.547576
1877.547576
1951.182648
1951.182648
2394.810856
2394.810856
1919.406102
2063.674886
2086.887056
2086.887056
2256.692443
2256.692443
2232.863503
2416.446937
2416.446937
2363.693203
2138.524605
2138.524605
1990.421516
2169.273279
2189.986895
2355.100705
2355.100705
1887.594849
2184.562512
2181.883843
2110.182397
1983.708371
1983.708371
2147.590668
2019.421736
2058.108096
2192.893806
1903.575346
1863.602108
1863.602108
2148.545036
2433.542784
2227.521363
2227.521363
2110.747939
2110.747939
2060.804220
2165.042823
2165.042823
2121.601504
2121.601504
2173.562059
1915.405454
1915.405454
2407.472820
2093.771391
2175.191913
2121.116464
2382.666067
1901.624038
2100.256836
2372.546536
2329.806874
2023.935520
1978.414272
1978.414272
2210.330789
2361.846900
2180.089289
2157.413605
2157.234446
2400.618620
2418.154773
2256.596422
2340.046408
2285.827205
2285.827205
2291.460759
1962.591048
1962.591048
2379.776878
1959.727736
2231.622955
2231.622955
2071.234377
2099.863088
2099.863088
2255.678508
2260.399536
2193.246047
2193.246047
1983.154006
1983.154006
2348.543635
2217.270797
2217.270797
2086.360152
2221.606031
2224.459069
2224.459069
2280.673510
2280.673510
2222.807735
2272.836528
2272.836528
2139.456537
2198.280495
2198.280495
1999.533887
2301.558060
2276.452679
2276.452679
1938.822950
2035.576467
2125.161360
1945.428284
1945.428284
2328.090377
2328.090377
2334.904093
2131.061440
2306.733336
2306.733336
2208.391919
2208.391919
2303.333397
2303.333397
2047.550180
2367.271222
2171.832374
2169.585525
2264.851687
2315.844791
1857.492437
1857.492437
2144.469492
2144.469492
2410.268851
2410.268851
2394.654473
2394.654473
2247.982513
2316.665067
2316.665067
2088.556278
2280.398791
2280.398791
2100.984448
2291.731037
2291.731037
2138.266344
2138.266344
2290.056495
2290.056495
2283.402583
2327.033242
2065.288396
1992.224293
2016.592367
2045.939652
2045.939652
2046.713701
2082.271034
2082.271034
1985.412145
1985.412145
1815.160001
1815.160001
1976.999010
1949.022137
1949.022137
2092.027686
2337.555806
2110.753647
2110.753647
2093.710451
2093.710451
2318.839622
2372.307884
2200.311544
2219.273832
2306.640727
2170.932530
2170.932530
2001.085435
2001.085435
2007.811607
2007.811607
2194.136124
2194.136124
1997.069101
2195.507285
2127.625052
2127.625052
2330.885962
2361.445598
2361.445598
1969.624750
1976.602517
1976.602517
2352.119967
2085.543695
2386.307116
2194.630613
2194.630613
2202.269489
2091.059967
2091.059967
2016.882125
2016.882125
2146.174184
2417.031546
2417.031546
2011.792489
2178.948107
2178.948107
2409.385434
2409.385434
2409.452315
2236.764230
2236.764230
2366.283028
2366.283028
2302.975057
2319.789783
2260.303796
2260.303796
2064.299141
2235.338028
2235.338028
1934.310961
1934.310961
1998.542827
2222.291775
2222.291775
2036.138325
2246.861966
2130.529701
2058.328575
2341.866567
1988.728585
2219.905483
1941.576926
1941.576926
2214.110465
2340.801123
2472.863323
2424.619871
2424.619871
2405.932024
2109.027460
2232.822659
2202.067181
2202.067181
2251.404829
2105.935675
2105.935675
2118.141752
2004.567561
1878.224137
2067.099530
1874.971361
2032.694478
2032.694478
2121.850056
2018.759543
2018.759543
2123.215087
2441.362547
2441.362547
2265.350668
2065.232773
2065.232773
2061.009823
2204.386228
2204.386228
1953.989799
1953.989799
2168.943802
2168.943802
1997.850761
1997.850761
2391.792061
2015.732025
2122.085599
2045.502388
2152.382014
2152.382014
2423.751201
2423.751201
2234.229237
2369.284455
2149.342806
2149.342806
1885.014819
2076.574498
2076.574498
2108.288139
2041.151359
2358.060610
2358.060610
1845.591020
2343.347154
2343.347154
2079.229526
2079.229526
2265.467808
2129.044966
2136.417833
1988.219744
1988.219744
2242.675737
2242.675737
2212.462609
2212.462609
2134.901140
2412.100127
2353.608703
2353.608703
2041.364129
2041.364129
1919.892270
2430.126124
2430.126124
2276.320101
2064.736265
2102.491299
2188.329466
2188.329466
1960.970862
1960.970862
2140.094867
2140.094867
2392.544594
2241.160606
2369.229943
2369.229943
2411.861771
2411.861771
2405.184416
1959.243376
2457.108852
2249.590660
2249.590660
2048.609572
2259.683865
2259.683865
2183.197382
2076.163663
2076.163663
2268.278806
2115.519643
2115.519643
2197.024717
2197.024717
2132.899469
2382.909772
2314.169486
2314.169486
1968.092682
2030.068964
1977.460929
2367.183669
2367.183669
1993.074847
2014.192194
2014.192194
1833.008923
2390.149039
2418.198218
2273.050806
2273.050806
1934.544398
1902.809326
2332.359048
2332.359048
2424.184860
2407.207017
2379.479103
2313.195597
2394.084147
2394.084147
2164.155308
2164.155308
2069.714524
2201.512708
2201.512708
2096.438374
2036.841710
2186.833519
2186.833519
2386.746828
2300.827716
2300.827716
2086.358191
2268.316477
2346.866016
2239.634609
2138.566721
2106.965187
2396.524119
2396.524119
1939.306386
2313.933615
2275.212390
2090.959943
2090.959943
2121.009980
2200.378699
2200.378699
2153.576930
1957.492284
2330.625118
2330.625118
2168.534206
2168.534206
2168.124236
2435.835811
2256.866236
2256.866236
2200.145134
2200.145134
2162.817754
2162.817754
2154.467911
2154.467911
2140.769809
2311.279405
2311.279405
2159.743951
2240.618980
2240.618980
1978.382861
2122.415667
2122.415667
2121.308668
2121.308668
2199.866660
2261.858896
2208.403226
2172.516331
2172.516331
2036.907322
2036.907322
2100.185282
2124.659310
2124.659310
2365.480175
2389.375369
1959.940767
2425.678331
2063.233618
2315.862327
2440.142076
2440.142076
1938.289970
1938.289970
2032.798439
2348.891239
2348.891239
2048.974020
2048.974020
2334.883037
2372.933213
2429.150093
2237.480453
2373.761611
2245.777331
2227.998729
2207.560308
2215.306063
2178.904828
2358.150215
2358.150215
2257.979386
2257.979386
2129.633429
1967.052249
1967.052249
2116.333193
2333.299446
2181.647073
2181.647073
1890.822284
1990.061380
2047.991916
2047.991916
2329.455559
2358.213932
2368.335302
1974.418690
2256.550931
2232.798333
2078.581125
2078.581125
2101.745236
2101.745236
2156.437361
2156.437361
2375.420791
1903.292644
1903.292644
2366.131306
2366.131306
2185.017466
2215.366924
2239.334266
2001.621133
2217.355521
2194.558380
2307.020556
2307.020556
2319.829578
2033.092455
2033.092455
2192.578373
2174.471845
2374.065303
2374.065303
2173.260239
2140.057889
2249.214507
1872.564760
1872.564760
2311.286105
2311.286105
2068.871304
2227.936980
2227.936980
2189.548419
2018.317425
2359.549957
2359.549957
2346.346842
2235.801714
2123.031854
2123.031854
2198.462310
2080.002681
2080.002681
1932.341889
1993.560862
2055.938758
2254.836951
2178.342590
2127.242425
2115.076650
2341.794820
2095.760170
2095.760170
2301.144589
2301.144589
2137.207049
2137.207049
2264.263722
2033.408967
2033.408967
2172.713075
2268.918756
2268.918756
2181.299567
2450.627310
2211.183471
2319.728845
2319.728845
2286.044322
2071.629969
2293.534167
2012.345094
1905.863684
1905.863684
2132.790300
2132.790300
2057.497630
2247.045135
2067.618019
2067.618019
2317.240131
2064.336243
2341.046068
2042.726366
2042.726366
2257.669646
2187.607399
2187.607399
1914.708469
2394.436915
2324.439829
2185.402983
2185.402983
2450.079890
2386.697511
2010.139981
2010.139981
1930.938587
2005.408525
2280.989841
2280.989841
2347.931189
2122.388594
2210.316068
2210.316068
2377.354846
2219.277368
2219.277368
2061.536564
2068.121964
2221.582836
2050.420462
2172.993328
2420.764619
2420.764619
1986.077458
1986.077458
2229.583534
2432.717348
2127.273168
2127.273168
1887.558098
2353.576433
2353.576433
2327.002178
2327.002178
2191.257254
2342.664931
2342.664931
2182.581163
2181.545764
2200.257402
2153.718452
2153.718452
1966.856494
1966.856494
2141.072270
2197.982480
2197.982480
2336.986177
2300.988972
2400.079442
2386.440342
2358.920248
2409.081221
2409.081221
1996.612260
2004.538700
2364.330739
2364.330739
1894.355610
2168.205059
2168.205059
2184.770769
2184.770769
2334.565065
2187.278339
2320.624781
2320.624781
2099.844039
2099.844039
2141.365404
2363.410610
2440.046242
2440.046242
2113.541075
2130.683271
2130.683271
2406.867412
2044.248815
2044.248815
2290.369064
2169.634124
2169.634124
2362.782369
2144.321225
2275.500396
2279.382468
2089.755187
2061.566377
2112.678175
2112.678175
2075.093838
1846.601004
2138.182764
2418.277072
2082.648660
2082.648660
2300.383775
2260.205420
2260.205420
1969.824645
2221.096977
1955.296228
1955.296228
2170.838302
2170.838302
2390.111023
2104.592721
1941.937789
2187.165877
2079.107999
2079.107999
2351.926903
2072.338706
2167.883255
2167.883255
2147.434010
2182.151168
2026.272641
2220.561592
2220.561592
2407.343381
2318.616352
2122.435619
1866.259471
1994.395906
1911.908251
1911.908251
2430.155527
2366.044477
2366.044477
1974.957084
2343.148445
2092.056407
2419.277217
2419.277217
2171.190069
2171.190069
2069.756555
2069.756555
1984.148640
2207.590397
2438.400965
1985.103471
1985.103471
2237.721132
2261.950613
2269.372373
1968.570940
1968.570940
2182.373115
1966.997495
2308.721751
2308.721751
2186.817919
2096.810926
2194.620850
2212.245739
2212.245739
2377.696209
2044.176488
2044.176488
2161.896502
2161.896502
2189.368120
2032.655579
2032.655579
2134.721346
2134.721346
2173.618811
1906.286662
2409.615067
2409.615067
2038.480924
2038.480924
2420.607167
2420.607167
2298.712960
2131.198187
2131.198187
2198.471302
2198.471302
2112.944811
2098.269594
2298.239732
2256.677042
2090.775605
2234.268250
2234.268250
2183.201060
2183.201060
2240.631246
2078.699082
2098.170560
2098.170560
2288.033259
2410.279702
2410.279702
2257.253946
1920.755505
1920.755505
2092.086939
2111.718322
2278.857771
2212.142468
2212.142468
2158.217609
2085.156010
2228.610729
2014.979206
2014.979206
2235.675558
2276.632118
2276.632118
2054.561736
2313.031607
2350.013528
2163.380528
2163.380528
2255.853034
2106.136849
2141.773266
1988.407085
1988.407085
2347.522149
2213.190601
2213.190601
1924.911881
2071.971946
2071.971946
2138.816602
2138.816602
2063.165437
2318.322886
2318.322886
2253.126954
2253.126954
1974.533482
1974.533482
1851.176546
1851.176546
2182.228499
2182.228499
2267.364734
2267.364734
2137.326997
2137.326997
2353.699267
2145.386965
2329.551932
2038.886662
2292.199094
1894.613946
1894.613946
2240.301872
2119.188640
2304.071745
2215.502683
2412.145703
2142.306319
2055.200545
2000.288153
2002.946556
2002.946556
2209.269841
2354.785859
2320.108256
2320.108256
2235.425182
2235.425182
2183.647309
2163.801533
2296.858857
2296.858857
2273.617608
2214.253694
2214.253694
2224.613906
2224.613906
2150.763406
2121.097343
1941.627677
1979.811797
1979.811797
2233.708595
2102.905745
2252.167009
2282.532661
2282.532661
2204.403334
2307.835699
2075.750970
2244.005804
2244.005804
2148.067822
2033.776046
2416.592247
2032.961124
2032.961124
2019.674217
2313.449233
2119.397730
2296.393203
2296.393203
2219.732990
2219.732990
2424.062918
2424.062918
2229.301066
2364.425883
1985.423732
1985.423732
2122.806799
2207.108570
2148.424715
2173.841082
2173.841082
2161.963050
2179.650615
2286.038462
1882.148902
1882.148902
2353.962057
2353.962057
1972.612867
2050.667901
2050.667901
1881.107781
2329.483757
2244.878029
2244.878029
1998.071599
1994.988086
2202.494878
2202.494878
2043.048926
2197.244759
2197.244759
1932.791606
2343.259694
2258.797945
2284.776933
2194.316073
2194.316073
2269.134058
1974.521124
2058.903445
2147.170787
2003.396735
2003.396735
2020.692893
2020.692893
2053.663791
2014.104929
2267.548828
2267.548828
2121.620713
2121.620713
2260.632975
2001.655499
2001.655499
2368.825886
2386.471410
1872.855596
2101.424890
2386.348635
2302.223333
2132.569441
2193.999747
2044.185918
2252.415848
2252.415848
2281.759553
2364.724264
2344.701570
2192.902043
2315.821328
2315.821328
2225.122395
2148.169267
2148.169267
2078.753684
2023.719926
2092.963086
2342.645289
2342.645289
2298.901161
2129.374797
2145.071917
2316.217654
2200.999261
2296.812671
2098.308308
2098.308308
2132.264350
2140.629511
1917.853680
1917.853680
2251.501198
2181.482348
2281.948511
2306.221025
2021.795674
2128.690057
2390.147890
2155.721863
2219.026737
1976.984910
2108.524669
2324.812644
2086.371297
2086.371297
2289.530287
2046.350319
2046.350319
2028.459549
2330.644318
2203.152801
2203.152801
2185.962128
2069.489542
2069.489542
1967.512445
2116.872411
2116.872411
2223.713550
2223.713550
2161.101971
2319.480001
2114.861889
2103.757194
2103.757194
2021.894883
2021.894883
2418.638706
1941.187886
2129.469179
2314.749509
2304.887165
2393.931270
2393.931270
2080.961709
2157.621152
2337.279515
2337.279515
1949.694947
2145.052797
2158.416252
2122.275787
2122.275787
1928.891809
1928.891809
2086.071475
2086.071475
2186.138582
2017.348061
2017.348061
2133.450604
2075.582856
2075.582856
2253.655726
2253.655726
2320.330930
2320.330930
2228.543449
2204.662110
2204.662110
1909.957773
2195.084468
2157.860784
2094.320034
2169.462098
2169.462098
2284.545996
2307.546300
2158.190145
1992.070862
2373.430020
2373.430020
2006.285679
2006.285679
2149.756362
2149.756362
2245.376593
2187.412879
2212.561524
2120.683803
2120.683803
2032.418223
2032.418223
2173.918071
2173.918071
2314.111316
2261.367287
2241.281082
2241.281082
2342.948594
2096.204195
2096.204195
2316.508905
2316.508905
2104.408540
2287.691242
2287.691242
2403.185569
2403.185569
2059.783669
2224.920027
2224.920027
2275.636368
2274.481606
2274.481606
2272.232578
2154.722700
2383.997990
2349.780103
2349.780103
2221.571833
2253.089238
2253.089238
2029.743947
2088.195393
2155.584018
2155.584018
2126.520733
2379.477571
1977.087505
1921.352299
2306.490496
2306.490496
2387.687912
2195.446026
2195.446026
2042.642693
1953.210433
1953.210433
2297.717461
2213.189495
2213.189495
1993.377222
2373.019576
2097.597024
2104.428843
1867.516476
2276.884148
2198.557441
2198.557441
2391.262584
2391.262584
2029.891000
2029.891000
2118.837174
2313.270671
2313.270671
2090.491090
2090.491090
2207.958192
1902.244475
2338.332050
2344.534739
2053.912328
2053.912328
2001.831376
2088.005257
2088.005257
2240.037238
2240.037238
2170.640838
1922.781233
2303.194345
1979.348634
2237.724357
2282.129164
2108.600170
2108.600170
2088.633118
2088.633118
2315.420554
2190.056761
2190.056761
2276.798488
2073.223977
2183.762320
2243.418041
1989.585507
1989.585507
2031.937717
2031.937717
2230.313864
2230.313864
2299.093398
2304.655400
2129.558936
2129.558936
1946.355708
2216.679789
2401.451801
2186.984128
1932.107741
2287.505928
2210.608840
2210.608840
2322.301844
1857.588654
2256.677709
2322.055594
2320.906359
2320.906359
2253.695648
2253.695648
2123.830099
2194.697664
2103.044757
2103.044757
1978.415793
2165.552404
2165.552404
2382.043861
2262.127772
2009.467833
2246.102215
2246.102215
2407.576198
2407.576198
2180.956448
2307.340666
2307.340666
2271.690359
2271.690359
2357.949671
2124.802033
2124.802033
1993.646591
1993.646591
2204.235927
2376.787453
2046.532072
2207.259917
2253.877842
2253.877842
2163.986970
2163.986970
2159.301012
2159.301012
2123.283046
2123.283046
2256.982331
2256.982331
2424.032286
2376.909251
2376.909251
2308.828717
2308.828717
2319.027427
2319.027427
1848.022954
2397.479197
2397.479197
2090.278489
2090.278489
2218.783265
2164.563470
2238.083144
2366.433104
2366.433104
2301.359585
2224.017726
2224.017726
2193.463872
2206.600564
2206.600564
2279.238149
2340.796148
2340.796148
2394.183687
2426.154541
2160.442686
2160.442686
1966.477519
2335.176431
1985.166286
1985.166286
2259.013165
2066.296155
2066.296155
1918.593084
1918.593084
2132.712611
2288.685625
2288.685625
2110.520282
2135.690631
2061.809302
2061.809302
2238.464310
2385.272251
2019.572531
1996.050443
2051.760104
2185.895044
2328.932061
2328.932061
2030.331733
1993.514827
1993.514827
2387.815289
2104.046340
2104.046340
2067.477851
2067.477851
2261.017003
2261.017003
2301.897667
2301.897667
2256.255387
2256.255387
1945.950439
1945.950439
2212.540216
2317.249589
2317.249589
2342.550231
2040.698675
2226.116686
2106.086150
2106.086150
1888.371733
2009.334565
2009.334565
2237.591303
1992.499682
2150.427430
2150.427430
2134.665481
2014.184971
2291.862875
2082.782192
2204.709761
2376.833895
2376.833895
2008.520550
2279.382261
2279.382261
2232.752769
2380.023106
2157.455136
2198.639227
2159.309837
1993.616093
2156.195391
2099.832179
2099.832179
2214.075406
2214.075406
2142.904696
2104.849922
1881.137795
1881.137795
2398.773637
2398.773637
2267.105508
2267.105508
2288.277080
2392.015579
2419.414670
2419.414670
2167.883185
2228.696383
2403.547917
2269.494894
2269.494894
1973.778257
1973.778257
2214.806822
2214.806822
2285.915663
2206.074903
2163.591595
2163.591595
1865.615729
1949.575912
1995.527645
1995.527645
2243.710259
2243.710259
2184.026073
2096.167204
2096.167204
2238.416142
1997.321586
2244.880682
2054.228064
2420.607864
2420.634005
2420.634005
2359.195964
2204.504669
2204.504669
2216.920359
2216.920359
2165.798357
2165.798357
2385.110500
2385.110500
2246.369560
2387.043061
2387.043061
1903.973845
2295.187754
2295.187754
2094.428528
1928.990568
1928.990568
2171.485935
2171.485935
1925.423626
1925.423626
1928.909473
2397.648400
2397.648400
2316.832312
2394.507377
2336.235879
2336.235879
2162.748494
2318.393970
2047.467001
2142.662048
2282.391072
2282.391072
2132.363500
2115.687941
2115.687941
2377.396613
2377.396613
2352.453335
2183.589906
2286.748032
2286.748032
1977.182374
1829.678063
2085.880334
2236.549444
2343.578436
2343.578436
2216.891655
2005.899219
2005.899219
1976.805637
1976.805637
2245.642607
2248.975916
2350.585003
2112.842887
2148.581227
2325.654255
2325.654255
2335.952477
2335.952477
2414.513858
1960.811885
2374.275146
2236.725385
2143.183044
2019.657606
2274.662213
1999.670481
2363.819809
2429.269916
2024.462555
2024.462555
2077.811529
2423.917428
2423.917428
2114.398592
2114.398592
2402.313120
2402.313120
2407.338913
1982.687888
1976.606827
2311.145164
2171.029731
2171.029731
1999.057685
1999.057685
2223.094142
2223.094142
2353.765042
2353.765042
2294.483808
2294.483808
2214.625773
2265.555666
2344.034110
2344.034110
2238.029566
2074.663408
2074.663408
2088.367983
1907.316562
2181.213920
2016.008450
2252.199749
2289.041625
2080.377676
2020.559770
2020.559770
2141.275367
2351.802836
2130.009062
2130.281590
2130.281590
2102.479572
2123.434118
2389.213423
1964.528658
2359.335740
2359.335740
2260.003062
2161.497022
2161.497022
2262.172032
2404.280637
2404.280637
2041.355252
2107.531235
2253.949855
2253.949855
2156.927518
2376.603638
2406.250230
2204.774327
2178.560615
2229.512808
2112.237264
2112.237264
2002.516763
2002.516763
1934.701015
2027.216032
2370.940782
2370.940782
2389.347811
2364.835067
2216.840924
2154.989894
2154.989894
2007.296029
2021.757339
2106.040803
2126.847028
2126.847028
2105.496913
2105.496913
1951.987121
2168.073425
2168.073425
2338.231964
2338.231964
2268.693076
2186.491831
2098.387759
1912.368350
1912.368350
2293.225107
2293.225107
2352.273234
2391.989769
2391.989769
2285.929365
2211.284009
2211.284009
2389.886133
2406.126625
2406.126625
1970.615884
2333.370809
2372.169512
2372.169512
2267.686057
2319.668983
1993.906260
2287.878753
1887.723337
2039.639157
2039.639157
2228.888569
2228.888569
2161.151650
1935.632349
2095.430713
2015.950695
2015.950695
2398.978349
2186.594070
2261.413060
2261.413060
2223.660247
2286.548028
2403.746171
2403.746171
2096.552723
2126.246990
2216.522027
2037.730498
2037.730498
2174.809160
2174.809160
2247.448447
2247.448447
2444.450606
1974.704193
2239.948163
2239.948163
2134.299406
2134.299406
2054.162036
2013.557483
2431.687997
2122.387512
2144.818339
2144.818339
2242.048422
2435.245153
1967.345142
2281.537541
2010.124039
2391.688390
2391.688390
2189.578672
2189.578672
2168.684403
2306.521756
2306.521756
2175.431254
2175.431254
2250.884007
2250.884007
1995.329513
2400.636937
2400.636937
2214.029499
2221.383092
2185.283565
2015.814886
2350.715675
2189.852437
2189.852437
2426.495941
2188.641544
2317.189452
2317.189452
1969.250450
2237.909757
2237.909757
2430.234310
2126.368135
2126.368135
2374.326627
2374.326627
2072.338246
2072.338246
2416.838581
2216.788996
2216.788996
2214.289219
1966.126191
1966.126191
2149.629637
2125.952688
2301.227660
2318.289740
2318.289740
2211.073141
2083.869336
2006.220039
2006.220039
2333.802374
2194.596803
2194.596803
2346.808898
2346.808898
2212.948750
2425.890951
1956.927679
2161.241966
1942.449390
1942.449390
2146.760847
2146.760847
2314.878865
2387.025331
2409.525539
2409.525539
2184.758529
2184.758529
2261.903667
2130.123262
2033.478664
2033.478664
2318.240096
2011.757785
2203.619778
2048.744312
2048.744312
2419.511920
2375.408096
2415.739128
2415.739128
2322.900553
2322.900553
2260.606419
2108.710246
2108.710246
2240.412000
2240.412000
1997.704285
2414.250028
1875.360877
2198.521230
2154.527534
2154.527534
2149.346117
2002.425891
2002.425891
2136.716321
1928.794510
1928.794510
2205.530743
2375.838400
2375.838400
2317.381675
2321.391823
2125.351413
1992.167774
2035.478915
2019.247396
2233.893925
2233.893925
2053.604062
2319.425232
2319.425232
2313.524825
2083.964421
2083.964421
2115.836144
1964.602345
1964.602345
2108.543234
1985.834065
2248.707413
2286.667153
2286.667153
2061.306024
1915.089771
2308.538699
2031.023072
2011.540393
2011.540393
2112.783440
2112.783440
2324.386597
2372.297122
2372.297122
2351.427797
1900.278090
2048.090789
2048.090789
2383.264343
2075.292549
2159.323258
2022.356401
2022.356401
2247.230570
2224.038560
2224.038560
2290.384283
2290.384283
2427.655064
2401.730589
2401.730589
2282.641796
2282.641796
1886.349109
2399.577540
2399.577540
2393.504230
2393.504230
2201.089934
2401.149301
2393.743614
2131.340908
2283.002198
2283.002198
2065.108152
2233.643197
1977.014201
2320.866056
2006.177521
1915.202292
2067.426559
2006.602832
2192.282550
2192.282550
2139.496225
2139.496225
2342.784221
2342.784221
1956.848055
2010.996329
2259.737470
2180.864807
2180.864807
2133.479388
2133.479388
2198.165276
2198.165276
2300.783295
2118.393012
2108.082732
2118.926364
1963.593718
1963.593718
2350.804586
2320.473982
2244.212506
1953.675474
1953.675474
2168.708857
2168.708857
2012.667555
2298.018130
2393.230576
2336.265095
2170.030360
2048.734950
2048.734950
2252.276971
2114.150198
2114.150198
2043.251280
2031.876978
2031.876978
2068.277882
2068.277882
2184.119126
2104.005473
2323.744173
2323.744173
2042.541803
2042.541803
2253.402658
2193.952207
2193.952207
2373.549000
2179.430727
2143.500372
2143.500372
2038.655044
2402.648075
1974.298668
1964.483544
2106.443424
2106.443424
2063.011739
2256.817869
2331.988008
2331.988008
2159.811789
2400.776528
2400.776528
2113.099982
2113.099982
2247.693236
2294.981778
2205.218702
2271.300910
2284.185503
1997.595659
1997.595659
2158.370474
2343.711637
2370.687482
2194.952067
2324.618473
2324.618473
2288.700990
1941.196634
2288.276019
2058.074162
2058.074162
2288.762062
2288.762062
2168.980849
2168.980849
2214.723738
2103.335230
2103.335230
2260.274969
2260.274969
2017.984576
2017.984576
2195.989910
2195.989910
2073.873335
2093.907416
2361.267147
2350.222769
2244.881461
2244.881461
2134.042667
1907.541347
1907.541347
2141.928255
2140.034885
2138.191625
2138.191625
1963.557154
2168.338352
2184.251044
2293.294706
2282.754694
1810.016963
1810.016963
2233.295544
1879.856292
1879.856292
2208.413694
2181.101303
2181.101303
1821.281746
1821.281746
2397.340084
2155.817400
2155.817400
2222.234532
2149.542247
2149.542247
2210.070654
2040.877194
2040.877194
2147.117995
1954.316723
1954.316723
2059.647464
2059.647464
2307.240135
2068.110553
2088.666829
2287.038551
2287.038551
2409.160304
2359.355129
2359.355129
1986.307225
1986.307225
2109.721778
2355.884747
2225.573057
2390.863259
1904.411400
2445.927679
1876.253458
2377.214607
2375.632034
2211.434590
2211.434590
2106.123340
2386.085795
2386.085795
2286.529370
2286.529370
2390.489833
2324.061037
2407.364917
1975.435761
2153.106990
2186.178119
2186.178119
2206.699481
2358.626844
2102.484340
2030.410314
2391.100808
2391.100808
2083.175105
2285.932119
2145.811266
2050.709112
2305.326925
2305.326925
2056.522229
2056.522229
2061.676570
2164.668938
1941.869255
1941.869255
2423.620416
2116.681433
2134.022526
2061.202256
2061.202256
2372.828963
2403.349121
2335.710187
2299.312539
2342.344690
2181.175849
2165.950321
2165.950321
2205.875407
2163.123000
2143.393328
2143.393328
2286.615416
2161.933266
2211.271364
2211.271364
2088.260161
2088.260161
2057.377523
2404.910032
1984.311935
1984.311935
2213.661952
1970.957340
2219.855756
2182.571095
2090.716564
2090.716564
2183.647770
2323.042866
2323.042866
1985.649785
2220.669530
2416.864187
2416.864187
2201.542054
2201.542054
2249.103788
2249.103788
2235.648789
2235.648789
2245.045947
2275.814821
2275.814821
2133.739702
2053.001852
2053.001852
2316.173535
2316.173535
2218.479846
2365.374730
2156.225599
2156.225599
2370.721258
2370.721258
1953.598892
2041.578955
2141.134557
2141.134557
2141.443924
2141.443924
2365.487712
2084.214748
2084.214748
1912.070850
2052.217420
2062.079541
1908.404952
1986.890589
2304.111660
2344.639497
2344.639497
2158.264587
2158.264587
1986.865703
1917.750670
1917.750670
1969.961292
2130.825002
2230.485644
2230.485644
2123.968607
2123.968607
2361.050574
2361.050574
2264.749859
2264.749859
2235.074842
2066.823910
2133.373274
2065.164965
2244.333019
2405.943405
1813.526293
1856.144802
2349.183691
2349.183691
2287.252704
2207.864337
2012.187602
2200.431184
2364.897900
2395.581119
2395.581119
2347.582896
2072.475036
2072.475036
1975.978463
2091.722248
2091.722248
2070.685166
2070.685166
2027.760180
2099.878066
2195.412336
2369.280378
2369.280378
2314.732825
2274.693840
2310.004664
2390.599691
2390.599691
2252.182610
2252.182610
2152.609065
2022.205268
1922.591118
1922.591118
2228.514886
2430.067804
2430.067804
1871.666726
1871.666726
2220.688814
2078.198587
1998.848828
1998.848828
2368.022431
2368.022431
2047.151626
2151.578446
2134.534554
2134.534554
1996.951271
2222.601364
2222.601364
2204.254611
2204.254611
2359.121042
2359.121042
2172.649730
2172.649730
2190.323681
2190.323681
2046.424194
2046.424194
2209.616433
2218.411619
2197.401754
2237.037834
2020.920458
2163.946367
2163.946367
2032.370415
2031.675685
2232.981972
2000.054564
1969.517500
2059.045936
1970.464504
1970.464504
2100.747050
2100.747050
2248.173793
2248.173793
2158.164306
2158.164306
2268.127379
2268.127379
2003.940205
2245.643714
2151.459555
2151.459555
2268.829086
2395.842278
2395.842278
2121.305422
2000.433415
2000.433415
2114.537003
2351.319231
2235.850122
2108.805299
2391.547666
2231.635164
2028.313545
2179.922547
2029.167291
2356.910891
2191.783992
2285.188942
1908.767512
1988.316692
2241.587880
2097.932028
2135.298273
2184.913408
2029.694425
2029.694425
2356.659732
2356.659732
2203.934241
2078.838848
2214.586210
2079.969657
1924.801001
2333.022982
2107.897387
2428.296974
2428.296974
1962.973452
2075.710959
2390.967938
2396.783190
2097.721935
2097.721935
2285.220534
2075.871843
2244.088584
2244.088584
2109.151560
2170.924390
2170.924390
2379.968942
2379.968942
2202.184837
2309.653658
2309.653658
1998.128530
2114.705270
2196.911323
2173.222722
2273.433834
2273.433834
2048.193351
2048.193351
1998.695817
1919.406295
1919.406295
2220.828313
2233.320237
2285.464204
2285.464204
2372.534140
2053.935031
2053.935031
2254.079331
2254.079331
2103.226655
2103.226655
2028.855686
2365.764053
2105.184252
2105.184252
2146.196845
2393.155035
2393.155035
2253.462467
2224.434930
2224.434930
2124.320350
2273.657250
2273.657250
1969.645989
2242.375943
2242.375943
2241.633425
2241.633425
2072.420947
2072.420947
2104.433399
2104.433399
1980.747233
2393.638465
2328.486452
2064.181218
2064.181218
2305.455562
2091.013876
2395.645503
2395.645503
2216.840769
2216.840769
2136.504704
2256.902819
2256.902819
2167.813944
2167.813944
2127.256410
2023.764162
2096.580983
2164.584079
2164.584079
1985.328994
1985.328994
2176.701511
2125.575553
2125.575553
1866.061760
2275.892407
2275.892407
2263.795262
2263.795262
2171.424178
1946.264501
2018.288946
2058.574370
2290.345750
2263.483207
2263.483207
2072.546520
2072.546520
2150.881028
2144.172917
2239.931592
2239.931592
2347.303198
2104.171133
2104.171133
2242.916604
2378.507617
1964.050314
1964.050314
2187.984956
2061.617039
2100.631215
2100.631215
2214.119459
2214.119459
2085.062333
2009.603942
2438.394912
2438.394912
2051.615319
2148.538719
2112.525652
2112.525652
2179.877304
1985.847112
2143.288577
2035.350670
2423.320083
2062.282051
2117.253507
2210.480881
2210.480881
2080.100564
2136.382355
2136.382355
2257.863077
2200.412959
2200.412959
2097.821983
2097.821983
2348.696066
2348.696066
2225.291979
2225.291979
2031.044489
2159.280130
2083.790253
2042.893661
2042.893661
1938.673820
2056.180907
1827.760191
1827.760191
2199.713815
2199.713815
2363.917359
2363.917359
2102.702731
2102.702731
2129.971968
2129.971968
2104.696876
2104.696876
2335.873299
2028.095482
2015.627602
2098.462389
2098.462389
2349.585893
2106.343226
1989.993717
2115.182449
2391.221369
2348.103483
2348.103483
2343.815585
2343.815585
2444.300245
2399.693677
2112.188985
2112.188985
1968.156234
2265.696734
2045.385341
2148.799318
2148.799318
2032.538931
2193.109571
2193.109571
2180.536535
2180.536535
2279.875534
2395.770731
2057.052889
2154.835834
2154.835834
2062.665613
2205.859040
2205.859040
2257.714171
2075.491669
1848.733934
2121.607974
2147.809708
2364.492438
2183.943986
2183.943986
2095.596468
2095.596468
2163.825144
2360.023927
2345.683108
1906.471014
1906.471014
2389.982976
2389.982976
2415.960725
2193.555388
2193.555388
2373.499202
2373.499202
2266.377073
2266.377073
2165.888048
2165.888048
1960.571274
1960.571274
2048.749532
2048.749532
2367.823153
2367.823153
2157.459424
2311.342286
2377.685447
2116.575846
2116.575846
2139.620108
2139.620108
2128.778791
2310.310028
2041.177354
2041.177354
2009.064900
2404.744757
2404.744757
2159.126071
2367.066443
2367.066443
2107.351192
2261.464684
2261.464684
2376.655983
2157.933545
2157.933545
1959.452911
2215.258223
2215.258223
2013.008372
2240.342643
2240.342643
2134.765557
2333.404050
2241.250663
2143.708494
2143.708494
2282.412649
2282.412649
1948.172658
1917.819943
1917.819943
2039.801291
2361.312554
2102.018153
2323.130321
1978.035419
2159.872478
2005.892497
2005.892497
1981.476599
1981.476599
2224.023582
2224.023582
2143.346463
2064.721437
2064.721437
2211.148182
2217.871178
2217.871178
2119.594472
2267.762607
2267.762607
2367.678589
2367.678589
2275.512357
2319.635194
2372.284540
2372.284540
2359.262436
2359.262436
2287.850992
2287.850992
2071.744957
2196.619466
2091.930227
2091.930227
2157.827695
2375.412615
2375.412615
2329.621422
2174.723007
2174.723007
1929.136826
2211.654264
2251.155884
2047.817711
2180.575499
2312.643178
2254.660653
2254.660653
2218.784657
2218.784657
2053.925603
2104.074014
2228.534897
2228.534897
2108.812044
2022.675029
2152.750010
2115.926481
2115.926481
2204.208197
2070.436531
2213.189226
2206.274032
2191.088173
2191.088173
2250.254298
2199.340383
2195.522018
2195.522018
2155.314487
2155.314487
2383.627610
2126.229059
2333.016616
1984.375865
1984.375865
1991.226884
2275.289596
2187.274916
2364.522341
2206.607723
2206.607723
2275.467976
2275.467976
2188.905989
2216.501077
2124.845466
2365.325588
2365.325588
2114.118914
2310.077343
2310.077343
2294.599261
2283.185237
2299.445083
2199.663663
2199.663663
2159.899639
1963.088389
2346.660269
2346.660269
2109.752193
2109.752193
1952.210526
2277.085522
2247.525692
1948.239801
1948.239801
2125.602209
2042.191754
2042.191754
2129.222919
2129.222919
1909.834294
2229.748295
2268.906933
2059.127512
2059.127512
2264.673329
2302.426320
2320.665080
2320.665080
2176.262124
2234.153244
1999.616440
2265.520005
2265.520005
1947.331657
1947.331657
2193.780261
2193.780261
2192.782218
2192.782218
2364.608200
2152.865208
2152.865208
2088.162626
2088.162626
1987.496900
1914.674035
1914.674035
2131.238369
2131.238369
2052.099322
2052.099322
2108.667831
2442.798812
2159.220680
2159.220680
2057.519084
2430.360082
2430.360082
2295.772471
2119.108475
2119.108475
2351.127451
2351.127451
2376.158953
1908.197506
1908.197506
2209.635584
2209.635584
2341.960116
2113.391122
2029.262706
1912.756385
1912.756385
2321.539961
2210.957847
2113.341589
2113.341589
2232.580379
2232.580379
2007.928175
2038.340962
2038.340962
1906.238870
1906.238870
2233.470694
2088.607572
2088.607572
2254.848472
2254.848472
2072.833407
2072.833407
2073.788488
2242.488782
2096.801999
2096.801999
2294.177801
2282.382889
2350.284117
2350.284117
2221.060814
2221.060814
2198.547931
2198.547931
2008.610186
2008.610186
2184.084721
2129.706147
2316.842698
2316.842698
2105.976513
2202.819017
2230.487394
2062.681656
2366.524374
2366.524374
2245.464338
2163.095890
2163.095890
1961.528070
2111.016481
1882.521179
1882.521179
2032.721820
2156.194675
2156.194675
2139.789541
2335.632610
2181.812083
2350.050444
2053.011265
2341.499603
2341.499603
2064.339909
2064.339909
2054.109734
2004.930844
2314.832535
2224.554961
2224.554961
2037.072421
2043.594288
1973.410513
1973.410513
2182.415834
2296.564599
2223.845605
2215.934827
2032.424554
2191.456649
2191.456649
2165.019873
2142.476413
2277.910670
1909.138349
2075.111369
2075.111369
2199.263278
2199.263278
2179.265900
2179.265900
2040.548694
2340.684549
2340.684549
2122.108594
1930.478451
1930.478451
2173.303480
2300.209243
2067.399152
2067.399152
2343.937463
2343.937463
2123.489605
2314.156816
2314.156816
1969.102400
1969.102400
2214.973628
2434.743804
2390.307748
2386.106984
2386.106984
2341.999602
2202.160362
2231.258915
2310.889191
2310.889191
2361.355744
2361.355744
2007.329101
2188.474840
2188.474840
2368.643943
2220.988871
2220.988871
1974.847380
1964.870247
2428.325627
2006.827107
2006.827107
1875.819448
2102.214365
1863.979157
2188.391141
2344.471089
2201.127816
2294.678975
2294.678975
2385.194049
2425.036934
2283.154085
2000.667111
2000.667111
2274.417193
2274.417193
2275.603625
2251.657934
2175.756873
2175.756873
2034.424580
2150.954374
2150.954374
2264.641822
2264.641822
2298.029653
2324.786801
2324.786801
2070.457636
2070.457636
2192.292822
2292.574807
2292.574807
2234.314707
2234.314707
2433.623763
2157.268184
2185.856789
2408.996767
2408.996767
2317.646082
2317.646082
2152.194315
2152.194315
2026.823515
2194.511369
2194.511369
2315.823471
2315.823471
2272.625197
2008.687395
2105.744871
1909.013792
1996.571893
2362.817530
2302.489912
2302.489912
2187.594298
1951.886933
2187.546116
2354.050569
1905.004230
2300.876819
2336.865474
2336.865474
2002.057068
1879.860832
1879.860832
2279.891346
2140.306628
2140.306628
2435.104100
2089.785338
2047.861617
2192.525632
2336.494809
2336.494809
2219.293893
2411.119325
2254.173337
2254.173337
2305.731927
2083.701068
2083.701068
2208.922823
2109.456806
2330.946513
2010.628410
2045.798259
2291.051335
2291.051335
2049.776134
2049.776134
2424.065914
2375.480874
2390.900262
2390.900262
2106.766301
2106.766301
1893.281043
1893.281043
2167.549877
2167.549877
1989.949630
2119.693182
2119.693182
2029.585957
2029.585957
1938.268442
1938.268442
2072.285636
2094.028179
2032.848736
2032.848736
2202.311038
2232.937422
2232.937422
2104.985659
2104.985659
2050.606403
2050.606403
2324.067237
2372.924526
2372.924526
2335.058437
2351.758718
2351.758718
2188.924486
2188.924486
2165.030825
2063.458616
2063.458616
2205.650359
2086.143573
2086.143573
2156.692833
2156.692833
1885.869116
2124.158892
2365.080536
2365.080536
2357.212970
2357.212970
2214.898606
2214.898606
2282.755190
2282.755190
2130.004885
1964.672105
2139.698336
1866.739411
1987.454372
1987.454372
2156.311357
2263.069884
2082.845368
2070.072495
2149.436250
2149.436250
2396.012671
2345.781410
1891.765685
2224.647917
2228.128507
1999.835811
1999.835811
2132.271889
2259.187935
2393.984419
2393.984419
2145.219657
2271.919643
2300.512655
2222.804601
2099.901795
2035.214138
2035.214138
2213.294272
1993.500735
2116.039597
2116.039597
2320.044712
2142.125393
2363.519582
2081.728282
2079.473165
2170.251880
1835.236483
1835.236483
2059.083089
2059.083089
2160.547408
2010.623475
2010.623475
1943.298022
1943.298022
2021.129086
2021.129086
1928.676914
2180.457470
2151.838265
2151.838265
2096.098781
2096.098781
2173.936905
2213.568118
2207.010750
1841.490029
2088.682771
2376.735158
2052.535622
2052.535622
2147.465136
2290.036766
2290.036766
2024.690756
2024.690756
1839.438449
2184.495659
2213.377160
2213.377160
2288.640902
2252.610152
2252.610152
2321.787168
2321.787168
2135.118652
2090.886394
2090.886394
2111.017149
2037.579017
2037.579017
2327.460878
2327.460878
2300.154135
2300.154135
2389.891456
2117.044877
2131.823993
2131.823993
2138.621153
2110.826555
1886.163784
2394.913626
2166.573194
2360.405366
2243.378890
2085.775624
1969.494842
1969.494842
2165.158799
2210.886406
1882.064794
1882.064794
2256.065998
2135.514552
2135.514552
2279.447819
2258.888224
2258.888224
2227.503518
2227.503518
2045.792278
2157.695592
2157.695592
2191.058414
1944.725228
2188.496277
1988.336013
1988.336013
2321.310710
2112.254031
2112.254031
2160.632762
2160.632762
2392.621439
2392.621439
2004.947799
2004.947799
2005.241524
2306.244139
2358.442828
2191.230724
2191.230724
2167.606328
2167.606328
2302.668753
2302.668753
2135.321759
2135.321759
2217.420843
2145.652425
1951.320602
1951.320602
2192.850078
2300.685552
2156.157891
2156.157891
2085.330462
2085.330462
2145.905877
2068.099218
2241.753750
2241.753750
2019.991937
2019.991937
2167.407478
2396.430644
2396.430644
2230.273986
2230.273986
2325.671121
2077.758179
2077.758179
1953.476944
2138.239015
2138.239015
2252.657884
2225.375670
2171.072997
2350.511323
1930.116434
2293.307579
2267.792120
2267.792120
2074.127576
1932.147262
1932.147262
2016.074897
2326.455125
2326.455125
2145.084686
2277.460217
2277.460217
2156.771664
2189.669417
2189.669417
2389.924677
2389.924677
2420.788653
2420.788653
2325.989218
1984.222734
2108.529491
1822.966050
2419.536692
2419.536692
2364.462783
2364.462783
2094.093132
2094.093132
2073.236061
2338.203859
2338.203859
2366.276929
2299.725760
2299.725760
2261.446382
2232.574515
2232.574515
2301.862610
2170.530753
2209.574998
2209.574998
2426.044674
2426.044674
2095.849098
2186.611215
2088.445971
2085.922953
2205.223724
1996.236308
2352.260244
1872.995630
1872.995630
2182.318150
2182.318150
2122.339480
1915.045262
2194.767074
1893.302330
2026.302513
2026.302513
2308.179924
2240.424826
2119.433809
2119.433809
2080.522779
2257.200825
2257.200825
2025.332861
2231.054843
2368.643795
2368.643795
2299.256664
1910.304464
2229.243029
2196.179349
2416.562998
2416.562998
2398.053172
1894.089722
1894.089722
2020.444438
2020.444438
2308.755027
2308.755027
2164.828838
2223.736781
2247.552443
2247.552443
2196.368935
2107.212547
2226.998591
2226.998591
2264.310273
2193.867129
2193.867129
2254.618169
2090.656866
2291.203864
2291.203864
1951.244776
2151.925720
2277.919431
2277.919431
2152.507904
2179.925659
2189.715269
2189.715269
2014.145511
1775.383814
1775.383814
2227.475303
2337.661484
2219.268883
1956.537061
2342.697380
2342.697380
2331.904392
2212.782274
2212.782274
2285.917999
2161.057008
1969.127134
1969.127134
2243.743372
2243.743372
2394.948268
2034.231600
2372.853756
2210.422889
2141.272815
2415.882812
2051.426988
2322.527725
2240.208585
2120.988332
2120.988332
2072.305256
2107.074335
2107.074335
2401.280834
2401.280834
2116.299227
2382.547871
2332.721294
2332.721294
2379.349740
2138.874477
2100.308864
1975.350392
2301.609581
2109.891130
2109.891130
2105.976848
2105.976848
2260.048509
2260.048509
2284.117374
1995.868553
1995.868553
1927.685860
2257.769865
2257.769865
1860.154757
1860.154757
2015.223274
2015.223274
2279.037458
2279.037458
2294.062991
2130.561049
2415.577384
2415.577384
2149.688734
2226.659044
2049.497247
1941.859871
2052.812137
2360.859767
2247.537542
2392.913982
2139.028131
2155.554566
2155.554566
2051.802942
2051.802942
2173.637923
2177.981284
2166.653992
2214.802103
2085.981446
2085.981446
2111.235483
2111.235483
2216.433406
2216.433406
1955.096698
2306.665201
2193.497802
2391.862129
2129.115647
2146.728343
2120.111958
2120.111958
2204.812749
2204.812749
2124.864794
2124.864794
2255.549548
2135.365649
2322.857316
2378.711006
2378.711006
2242.326148
2158.124270
2158.124270
2385.351466
2167.728648
2106.049666
2106.049666
2004.739700
2358.300056
1968.006752
2402.627808
2402.627808
2152.635446
2078.543867
2308.493100
2170.576479
2170.576479
2411.609658
2411.609658
2228.697229
2228.697229
2171.764231
2171.764231
2325.277078
2105.257757
1893.318528
2258.197362
2258.197362
2025.577506
2436.199797
2436.199797
2164.131757
2164.131757
2090.323130
2090.323130
2337.594081
2045.919402
2163.707627
2067.366841
2131.508157
2131.508157
2104.481786
2233.228190
2233.228190
2190.526726
2144.606982
2225.296419
1870.530719
1870.530719
2251.790632
2280.464472
2193.155695
2264.964172
2264.964172
1939.523550
2163.854452
2046.611766
1939.896008
1939.896008
1998.322514
2457.536414
2215.986625
2347.765764
2078.171549
2352.908901
2352.908901
2105.902440
1911.895580
1911.895580
2380.310746
2380.310746
2386.355351
2386.355351
1902.869793
1986.460897
2351.184024
2351.184024
2227.091794
2057.545114
2057.545114
2176.422215
2176.422215
2237.182771
2047.678675
2231.176588
2231.176588
2115.488373
2358.581030
2335.403869
2335.403869
2228.449320
2280.352936
1904.921263
1904.921263
1968.724568
1968.724568
2082.621524
2015.924071
2015.924071
2305.566040
2462.718841
2005.413967
2005.413967
2075.338959
2438.422645
2438.422645
2182.539387
2182.539387
1919.880726
1919.880726
2018.075914
2018.075914
2391.940368
2297.810494
2145.627923
2113.833010
2113.833010
2376.289914
2424.141178
2349.622274
2349.622274
2360.981750
2323.825462
2390.528886
2367.330639
2287.389443
2367.521742
2367.521742
2101.507716
2149.359068
2149.359068
2325.505204
2163.522522
2127.159451
2266.520230
2065.866239
1994.929635
1994.929635
2240.512853
2197.191857
2313.003033
2258.958611
2258.958611
2154.895869
1902.428261
2414.008960
2155.836606
2333.262256
2333.262256
2192.809168
2345.018186
2345.018186
2098.216638
2098.216638
2140.420209
2140.420209
1984.360564
2201.978988
1918.801060
1917.099112
1917.099112
1981.675228
2054.057796
2318.340031
2318.340031
2251.609598
2251.609598
2012.303765
2139.403037
2139.403037
2133.858078
2153.478007
2119.773694
2161.074053
2161.074053
2391.676430
2391.676430
2108.870260
2068.571745
1995.066876
2149.288254
2042.147627
2042.147627
2377.785153
2289.692022
1930.980212
1930.980212
2335.379286
1949.150222
1949.150222
2369.121221
1991.492694
2296.244101
2296.244101
2312.469825
2135.385357
2371.899408
2277.418877
1895.473766
1895.473766
2182.826480
1924.284884
2386.262639
2386.262639
2317.023727
2046.626662
2046.626662
2103.376703
1975.055848
1975.055848
2317.956272
2317.956272
2381.242174
2381.242174
2218.053745
1986.159931
2158.809937
2037.091311
2146.008119
2107.021348
2114.258960
2326.175058
2326.175058
2025.998680
2214.628845
2074.887208
2074.887208
2307.437748
2364.421257
2038.560425
2038.560425
1922.733719
1963.786466
2231.303840
2201.970160
2201.970160
2359.756656
2319.326093
2308.632504
2308.632504
2109.615438
2109.615438
2226.316872
2226.316872
2426.407783
2027.694602
2027.694602
2212.980352
2212.980352
2254.382942
2254.382942
2278.859005
2278.859005
2310.369580
2310.369580
2068.133505
2068.133505
1986.990612
2288.234742
2161.373295
2147.502493
2147.502493
2381.610149
2192.758546
2192.758546
2442.213618
2175.711960
2175.711960
2018.605597
2018.605597
2089.737994
2089.737994
2416.762750
2005.203127
2005.203127
2166.460163
1908.817371
2379.409476
1898.680971
2069.240081
2069.240081
2135.392745
2108.233178
2108.233178
2103.187774
2312.866859
2318.480271
1890.841228
2112.332670
2019.233087
2019.233087
2187.046477
2187.046477
2186.513030
2286.014687
2286.014687
2143.100867
2143.100867
2325.231332
2054.504474
2054.504474
2032.756738
2396.797760
2014.018787
2014.018787
2103.180986
2235.577061
2235.577061
2247.209557
2247.209557
2367.100258
2367.100258
2274.894765
1905.727564
2365.349660
1931.612984
2128.823476
2109.334111
2109.334111
2363.754133
2172.184095
2112.493716
2086.908829
2086.908829
2239.128214
2239.128214
2017.263802
2032.900436
2032.900436
2141.087488
2141.087488
1970.561834
1970.561834
2370.280422
2360.387817
2059.742213
2058.892829
2058.892829
2343.875846
2343.875846
1921.676004
2258.703910
2386.938036
2188.190644
2323.738018
2084.348525
2084.348525
2189.345675
2266.698089
2266.698089
2269.907822
2201.580902
2112.204061
2112.204061
2245.527492
2380.831371
2040.665012
2191.237602
2191.237602
2284.795748
2166.774605
2114.124583
2114.124583
1996.159459
2037.015583
2037.015583
2258.145987
2258.145987
2309.907225
2309.907225
2289.438325
2411.560224
2291.887439
2377.627627
2090.310441
2015.163596
2180.576253
2180.576253
2151.100895
2281.269653
2159.313925
2159.313925
2085.304537
2085.304537
2079.789194
2079.789194
2180.510202
2033.360419
2033.360419
2160.952752
2002.615819
2002.615819
2317.846243
2009.480266
2145.928774
2145.928774
1891.271656
1935.073675
1935.073675
1972.318956
1972.318956
2189.233064
2189.233064
1949.220953
1949.220953
2300.658289
2300.658289
1977.502393
1977.502393
2157.531111
2157.531111
2185.870385
2185.870385
2291.798151
2151.880421
2151.880421
2110.044581
2110.044581
2413.665379
2214.367805
2214.367805
2006.122763
2006.122763
1883.762174
1883.762174
2227.079918
2227.079918
2095.494623
2295.163553
2414.181841
2062.607175
2254.461929
2254.461929
1943.602358
1943.602358
2257.153752
2142.954695
2142.954695
2247.996111
2128.682971
2128.682971
2400.185865
2400.185865
2285.106611
2016.674573
2016.674573
2340.009745
2340.009745
2196.055796
2196.055796
2127.458780
2307.536302
2366.374533
2010.129450
2061.662260
2075.925234
2008.402789
2264.268748
1981.693620
2037.699379
2212.989617
2212.989617
2105.597705
2105.597705
2336.155009
2336.155009
2399.404957
2125.555921
2154.142245
2154.142245
2285.011037
2284.383082
2371.123622
2371.123622
2153.418784
2154.555538
2288.855102
2180.601121
2238.662211
2137.805732
2025.955870
2214.308360
2214.308360
2117.693046
2117.693046
2213.314763
2213.314763
2283.038160
2268.936838
2059.082918
2059.082918
1971.772029
2317.091485
2317.091485
2296.229724
2277.510803
2252.784577
2300.239910
2300.239910
2374.321883
2203.199990
2203.199990
2407.468233
2181.171258
2181.171258
2006.250339
2006.250339
1866.392769
2095.414598
2095.414598
2052.014905
2157.698657
2157.698657
1908.059914
1946.238695
2001.874449
2001.874449
2295.553897
1959.179633
1921.118883
1921.118883
2168.049289
2168.049289
2078.492981
1998.562558
2390.518525
2390.518525
2231.842536
2026.788176
2051.824643
2358.476194
2117.969639
2117.969639
1915.071835
2295.572852
2168.470682
2168.470682
1976.614147
2298.458216
2298.458216
2352.812328
2122.624591
2122.624591
1969.181902
1969.181902
2042.365189
2174.635856
2035.888945
2176.187789
2330.592460
2330.592460
2104.023997
2104.023997
2180.883843
2342.501053
2382.145228
2382.145228
2186.419965
2186.419965
2234.266434
2205.217318
2272.563240
2423.431189
2396.202176
2396.202176
2295.954126
1957.557956
1957.557956
2220.993360
2220.993360
2339.101816
1901.649498
2415.155825
2415.155825
2042.875917
2069.656876
2069.656876
2129.689751
2129.689751
1970.873498
2159.818368
2109.573275
2232.026752
2132.811040
2305.597865
1928.755138
1928.755138
2069.895417
2070.309344
2070.309344
2250.181508
2266.966626
2413.770937
2029.815776
2171.331832
2171.331832
2023.463862
2023.463862
2232.813497
2232.813497
2378.818358
1928.862776
2253.272932
2253.272932
2016.364935
2245.655483
2245.655483
2106.473730
2106.473730
1895.934188
2127.241025
1943.377107
2281.964837
2069.951677
2069.951677
2167.611751
2253.839756
2416.729940
2416.729940
2041.260057
2205.662245
2396.858182
2437.767930
2158.797376
2158.797376
2364.803330
2364.803330
2255.828359
2217.697172
2217.697172
2359.375140
2359.375140
1950.462499
2429.203392
2145.943165
2145.943165
2207.567820
2402.895602
2402.895602
1902.943460
2317.360589
2387.069033
2387.069033
2355.258275
2301.916203
2136.780491
2083.999700
1816.025691
2161.301934
2161.301934
2332.017213
2115.644347
2115.644347
2325.600060
1956.867538
1956.867538
2281.481694
2182.813500
2182.813500
2287.336810
2007.979813
2007.979813
2165.942081
2440.179868
1977.874896
1969.785111
1967.832694
2081.932306
2081.932306
2221.216083
2149.028219
2355.012858
2304.675466
2061.585214
2061.585214
1991.461167
1991.461167
2216.491368
2216.491368
2359.673769
2359.673769
2321.828896
2321.828896
2117.077983
2106.655805
2325.234242
2325.234242
2041.479350
2041.479350
2281.100701
2242.290662
2242.290662
2099.513383
2374.890315
2170.968339
2170.968339
2374.371874
2075.746248
2075.746248
2006.973436
2240.425505
2340.828888
2037.251589
2037.251589
2249.018642
1975.293538
2294.130396
2294.130396
2251.563584
2251.563584
2296.213131
2182.427515
2182.427515
2284.194948
1975.342591
1975.342591
2096.648827
2019.348389
2394.812274
2394.812274
2200.071491
2125.755847
2023.090498
2112.610600
2264.459826
1990.024265
1990.024265
2007.991412
2058.357609
2058.357609
1969.556416
2079.210832
2204.796424
2204.796424
2379.173184
2010.854730
2054.490185
2184.007097
2102.010792
2102.010792
2103.676535
2177.833952
2166.348223
2166.348223
2067.186678
2067.186678
2398.186373
2087.311114
2087.311114
2250.559591
2250.559591
2358.065141
2358.065141
1995.925376
1995.925376
1854.136490
2073.003352
2097.876594
1990.244257
2065.695688
2111.936367
1870.523703
2125.580867
2125.580867
2261.659227
2261.659227
2056.372310
2056.372310
2391.528036
2191.574742
2215.052401
2188.435863
2144.116242
2144.116242
2305.598903
2305.598903
1972.038529
1876.398315
2367.479682
2337.011102
2330.731607
2330.731607
2407.941230
2407.941230
2303.197352
2046.964761
2046.964761
2095.965400
2000.905988
2000.905988
1977.880805
2271.404674
2366.076169
1978.148679
1965.895869
2221.444880
2281.377158
2281.377158
1976.289432
1976.289432
2300.044606
2321.028773
2351.426760
2225.635524
2280.585131
2047.384810
2163.669396
1977.929697
2145.792036
2128.036409
2128.036409
1954.104868
2026.929109
2026.929109
1914.921633
2097.010602
2020.195659
2046.284158
2309.332447
2176.048510
1860.327878
2180.566050
2135.803140
1925.973332
1960.689809
2315.340700
2179.636351
2179.636351
2069.037164
2278.090398
1988.225629
2080.234896
2385.033803
2385.033803
1992.297529
2379.530952
2379.530952
2129.247547
2129.247547
2438.184237
2438.184237
2347.695739
2347.695739
2188.227897
2022.199390
2022.199390
2410.751955
2252.249992
2043.674448
2043.674448
2385.542496
2387.687216
2265.618285
2111.819291
2330.668473
2176.934269
2176.934269
2052.167899
2088.437539
2244.687851
2292.938637
2277.796158
2117.843429
2328.463057
2101.078273
2101.078273
2195.626092
2175.599408
2073.820425
2073.820425
2260.686534
2041.130673
2041.130673
2273.067192
2043.503295
2043.503295
2092.348775
2092.348775
2121.637891
2082.318833
2082.318833
2148.346884
2019.536296
1956.818430
2257.188681
2279.255028
2298.419817
2368.400122
2170.322488
2261.033182
2072.069877
1948.876947
2161.221187
2161.221187
2289.736362
2289.736362
2412.035313
2190.511299
2190.511299
2296.028714
2332.055352
2332.055352
2120.866993
2225.969600
2225.969600
2161.784738
2161.784738
2193.202964
2193.202964
2224.184472
2224.184472
1982.051556
1982.051556
2050.359514
2359.488849
2004.248570
1997.403469
2204.452590
2067.958364
2067.958364
2315.481908
1948.538116
2155.198011
2261.915088
2261.915088
2012.153893
2012.153893
2293.801099
2337.705622
2104.795303
2104.795303
2233.143156
2317.333911
2317.333911
2117.150384
2117.150384
2139.714621
2116.714775
2053.109304
2053.109304
2290.460916
2290.460916
2257.561112
2236.278292
1874.630758
1874.630758
1999.093946
1971.052595
1968.324450
1968.324450
2014.363067
2014.363067
2089.540541
2089.540541
2161.928230
2405.916214
2405.916214
2260.898093
2340.999152
2135.303611
1994.219815
1963.399289
1963.399289
2177.817514
2441.092428
2441.092428
2331.064330
2331.064330
2191.132921
2191.132921
2208.000831
2208.000831
2102.511135
2406.128685
2406.128685
1834.703263
2143.771376
2062.434332
2325.636944
2325.636944
2174.766336
2174.766336
2406.001887
2406.001887
2166.752915
2166.752915
2112.293353
2020.968046
2229.513951
2230.409436
2296.384902
2200.117807
2058.727677
2058.727677
2272.814440
1845.807706
1845.807706
2147.808800
2147.808800
2213.439502
2081.763865
2123.828953
2123.828953
2039.487662
2039.487662
2076.128917
2076.128917
2093.376787
1861.394433
2194.128414
2194.128414
2003.978826
2003.978826
2275.767248
2036.232148
2134.393034
2240.095778
2306.333446
2104.899054
2438.791972
2224.860803
1943.057427
1943.057427
2176.859034
2126.080940
2145.467743
2145.467743
2381.930569
2117.214290
2078.839441
2177.970755
1975.595495
2280.456814
2281.659610
2164.811272
1949.335111
2397.427556
2397.427556
2215.862584
2215.862584
2264.256682
2264.256682
2041.718690
2254.336577
2254.336577
2388.722038
2147.376823
2147.376823
2175.423516
2114.511801
2114.511801
2128.806332
2128.806332
2371.057171
2371.057171
2114.020765
2202.270446
2202.270446
2301.014409
2143.489072
2143.489072
2194.729717
2217.253147
2386.533756
2386.533756
2146.974330
2032.361478
2032.361478
2215.214404
2215.214404
2064.392404
2064.392404
2192.401507
2284.623824
2354.134919
2328.827956
2321.909560
2141.521088
2358.594598
2358.594598
2218.545109
2266.944314
2266.944314
2085.039298
2085.039298
2350.343737
2087.076903
2234.305192
2206.837512
2206.837512
2245.544384
2131.616702
2086.134081
2286.508159
2096.470402
2096.470402
2339.208467
2080.103230
2080.103230
2248.299546
2248.299546
2403.044016
2093.767687
2015.932272
2260.237547
2318.324121
2026.151942
2115.023607
2115.023607
2353.671971
2330.210669
2330.210669
1938.980139
1938.980139
2366.559100
1959.075759
1880.843811
1880.843811
2346.575273
2336.762761
2409.311974
2011.162425
2011.162425
2117.635903
2306.200407
2363.046373
2265.729288
2083.454173
2272.896009
2048.654543
2048.654543
2369.966330
1944.969372
2133.241423
2303.816603
2303.816603
2341.797835
2183.083953
2266.312218
2238.864657
2238.864657
2386.247033
2075.076980
2075.076980
2272.663452
2006.427511
2006.427511
2150.158181
2244.163442
2224.771037
2224.771037
2145.966663
2145.966663
2295.338435
2100.240897
2100.240897
2212.324744
2376.898357
2376.898357
1946.326428
2177.046449
2177.046449
2139.845459
2139.845459
2392.303254
2340.831776
2125.564627
2125.564627
2290.974080
2351.917580
2309.732543
2309.732543
1872.115057
2079.125121
2070.984587
2292.924668
2289.778484
2187.327308
2187.327308
2150.545588
1955.651487
2330.313007
2330.313007
2183.567668
2132.054683
2132.054683
2334.678155
2374.836787
2186.961664
2186.961664
2158.726370
2158.726370
2356.273452
2336.461181
2193.076173
2193.076173
2056.836915
1984.987923
1984.987923
2396.539996
2371.565724
2177.415126
2360.814263
2360.814263
2186.827743
2186.827743
2273.987141
1999.911284
2021.341175
2069.495774
2016.780553
2335.118623
2335.118623
2339.926377
2339.926377
2083.900954
2154.870387
2154.870387
2077.726302
2151.926994
2129.451905
2129.451905
1861.431976
1861.431976
2180.043363
2119.439789
2119.439789
1811.416156
1811.416156
2053.968646
2053.968646
2135.483603
2135.483603
2263.172212
2263.172212
2199.195737
2198.765050
2198.765050
2062.978595
2138.530135
2138.530135
2072.868147
2072.868147
2356.886044
2229.513887
2286.431642
2130.543808
2130.543808
1971.168640
1971.168640
2290.087165
2290.087165
2178.580601
2178.580601
1908.821410
1908.821410
2040.882839
2036.400202
2296.087900
2136.195029
2136.195029
2029.515519
2059.066018
2349.833999
2189.337608
2189.337608
2399.940709
2009.297566
2150.844545
2150.844545
2171.856902
2334.931572
2344.658121
2223.561926
2223.561926
1978.489753
2145.899461
2177.959791
2365.715855
2268.859463
2079.371372
1962.983111
2080.977506
2186.847501
1971.660829
2319.123878
2386.652109
2183.774617
2183.774617
2388.665441
2388.665441
2407.723634
2032.125393
2032.125393
2184.905325
2394.892599
2394.892599
2142.498352
2140.119862
2140.119862
2016.155793
2117.652142
2375.983997
2078.724673
2131.956251
2150.971725
2150.971725
2238.016977
2183.878901
2183.878901
2327.216572
2327.216572
2156.791416
2196.473602
2264.224420
2149.705558
2084.296649
2245.687004
2340.468510
2340.468510
1980.993956
2044.768017
2044.768017
2074.802271
2306.392511
2068.876391
1986.795223
1986.795223
2379.617815
2318.325160
2318.325160
2286.056948
2202.893582
2202.893582
2213.458320
2213.458320
2288.391269
1988.510855
2192.910090
2192.910090
2321.355822
2291.960724
2291.960724
2047.029987
2107.989120
2107.989120
2173.905335
2083.424507
2083.424507
1917.569260
1917.569260
2329.121341
2329.121341
2271.498729
2271.498729
2259.680187
2259.680187
2400.648154
2400.648154
2110.364408
2057.389515
2431.881903
2431.881903
2217.025290
2342.849213
2342.849213
2358.574460
2358.574460
2080.362143
2080.362143
2159.321557
2159.321557
2208.610176
2015.023312
2015.023312
2064.500224
1968.235824
2359.535377
2359.535377
2063.577906
2063.577906
2284.802543
2284.802543
2249.907499
2249.907499
2044.633529
2044.633529
2288.034666
2087.058321
2087.058321
2103.867984
2103.867984
2214.821905
2214.821905
2072.589442
2072.589442
2089.253891
2231.059091
2259.487919
2203.533781
2127.416325
2024.320974
2024.320974
2342.548737
2342.548737
2202.683897
2103.364507
2208.881398
2208.881398
2388.878352
2281.698203
2135.184370
2135.184370
1938.018971
2173.581616
2274.062921
2274.062921
2175.994509
1972.407603
1972.407603
2184.676927
2255.786958
2090.009399
2039.594256
2328.675688
2328.675688
2217.859956
2217.859956
2352.481770
2352.481770
2058.693075
2058.693075
2382.241249
2382.241249
2055.018110
2055.018110
2222.262459
2094.778961
2318.682123
2318.682123
2207.644275
2207.644275
2302.733613
2383.621886
2071.625471
2293.014363
2293.014363
2413.759536
2413.759536
2109.045081
2109.045081
1929.574998
2050.200811
2437.499646
2437.499646
2146.884454
2146.884454
2070.103652
2070.103652
1929.917207
2089.095462
1967.061817
1967.061817
2229.856595
2059.427301
1981.410763
2122.188476
1912.542985
2345.080377
1881.037661
2236.412699
1861.441876
2194.408668
2194.408668
2213.168562
2213.168562
2373.909081
2373.909081
2436.984787
2185.967179
2185.967179
2271.872617
1938.101947
1938.101947
2055.341470
2180.740910
2066.421090
2211.109058
2117.887521
2221.947402
2335.721111
2148.577460
2299.395404
1894.806260
1894.806260
2175.761519
2175.761519
1942.364068
1942.364068
2184.383274
2156.369034
2156.369034
2150.632434
2150.632434
1963.090020
2307.245311
2307.245311
2103.973338
2214.080841
2214.080841
2183.713402
2049.690684
2049.690684
1993.408959
1993.408959
2121.044962
2121.044962
2298.041052
1973.303662
1973.303662
2342.930346
2321.533814
2321.533814
2239.630808
2003.918986
2003.918986
2279.036712
2279.036712
2263.914488
2099.679124
2099.679124
2025.092093
2276.374025
2090.337135
2090.337135
2280.594061
1995.970151
1995.970151
2404.763090
2404.763090
2299.624331
2299.624331
2413.845279
2413.845279
1948.241842
1948.241842
2017.063772
2017.063772
2192.477230
2192.477230
2169.780020
2292.711709
2065.716593
2088.767820
2088.767820
2111.002359
2166.405603
1918.730452
1918.730452
1938.240452
2188.029352
2381.332385
2370.884871
2370.884871
2096.201486
2314.431803
2205.036129
2205.036129
2398.412474
2398.412474
2265.367719
2111.317498
2343.579211
2343.579211
2019.424317
1909.601435
2049.252936
2160.348954
1977.744075
2109.524388
2109.524388
2053.381744
2053.381744
2024.229425
2334.647899
2334.647899
2357.422386
2423.885177
2128.458972
2128.458972
2040.466922
2040.466922
2273.528191
2324.929884
2069.811543
2317.890597
2317.890597
1947.182589
2331.251696
2331.251696
2435.899857
2435.899857
2077.407570
2345.950282
2345.950282
2073.798559
2095.462193
1999.479852
1999.479852
2167.236579
2052.601621
2052.601621
1951.422317
1951.422317
2190.980863
2190.980863
2345.056913
2358.276433
1960.009529
2136.353071
2303.305258
2200.718795
1894.124039
2106.455388
2430.893935
2403.871810
2403.871810
2394.324431
2394.324431
2237.817922
2320.802393
2155.119262
2024.562996
2276.223249
2193.871496
2041.066240
2231.311097
2231.311097
2268.115907
2268.115907
2228.711331
2180.923268
2180.923268
2047.509959
2133.874118
2133.874118
2156.668584
2156.668584
2146.509878
2393.348014
2393.348014
1913.273504
1913.273504
2006.827870
2006.827870
1867.809120
1867.809120
2257.760826
2099.459376
2098.798358
2098.798358
2194.317965
2194.317965
2128.323357
2128.323357
2138.065169
2040.019667
2040.019667
1930.495407
1930.495407
1839.841084
2041.567087
2041.567087
2083.463946
2410.603874
2244.633539
2367.970468
2083.183882
2144.544987
2144.544987
2148.955782
2148.955782
2171.130681
1947.865214
2089.158412
2028.368201
2028.368201
2169.611139
2169.611139
1972.745047
2352.547446
2352.547446
2365.657118
2086.248627
2086.248627
2150.544854
2150.544854
1897.006792
1897.006792
1907.436225
2146.191803
2169.887384
2054.546002
2381.116348
2318.005886
2013.310466
2013.310466
2222.843170
2222.843170
1993.225811
2402.853592
2263.138352
2124.182447
2124.182447
2033.016839
2103.818638
2103.818638
2329.344032
2048.953547
2360.222574
2078.505848
2342.666096
2246.967476
2246.967476
1945.272497
2401.572909
2279.087609
2279.087609
2103.805735
2103.805735
1990.612964
2197.399619
2434.643812
2028.183574
2028.183574
2189.449446
2171.027055
2447.181344
2447.181344
2313.626019
2313.626019
2292.186336
2292.186336
1939.570264
1939.570264
2062.281094
2062.281094
2011.191609
2329.215711
2193.244779
2065.654609
2065.654609
2342.335849
2342.335849
2120.756965
2220.461948
2178.291054
1995.388834
1805.042236
1805.042236
2077.585568
2372.537248
2372.537248
1965.243351
2294.624895
2294.624895
2258.485354
2365.741325
2365.841348
2225.671548
2225.671548
2372.277206
1944.703125
2037.098547
2037.098547
2415.950469
2411.835633
2411.835633
1897.265488
2067.395128
1949.094629
1949.094629
2390.514309
2390.514309
2132.975017
2314.856120
2042.407444
2042.407444
2324.923618
2101.513578
2194.117401
2408.406502
2259.574733
2259.574733
1914.704149
1914.704149
2316.218243
2382.559790
1994.868825
2416.982337
2416.982337
2278.792560
2003.358862
2003.358862
2156.353336
2156.353336
2108.402250
2108.402250
2050.472829
2351.640373
2066.996743
2066.996743
2111.777622
2085.091361
2065.825356
2166.241322
2232.593115
2232.593115
2185.137678
2124.971441
2079.022663
2063.530803
2457.866295
2054.751546
2148.611082
2148.611082
1930.752235
2015.514177
2068.086223
2068.086223
2366.448750
2390.748591
2384.804486
2060.589400
2412.407324
2253.644948
2389.338573
2203.501193
2203.501193
2308.219364
2169.764859
2169.764859
2065.841500
2065.841500
1812.679153
2083.871841
2083.871841
2208.381694
2208.381694
2241.884573
2043.827205
2043.827205
2268.426215
2268.426215
2243.567586
2243.567586
2297.281977
2216.310764
2216.310764
2141.527127
2141.527127
2080.136314
2080.136314
2381.839493
1954.977559
1954.977559
2233.883720
1964.417844
2435.227001
2435.227001
2003.610079
2003.610079
2062.637456
2062.637456
2314.687131
2160.280299
2160.280299
1980.598099
1980.598099
2097.351566
2097.351566
2131.738969
2225.825552
2225.825552
2397.553143
2164.025389
2164.025389
1900.762330
2097.197391
2424.447394
2134.404631
2350.548236
1862.070050
1862.070050
2033.502567
2033.502567
2310.035566
2099.060254
2099.060254
2057.000021
2057.000021
2250.289824
2250.289824
2078.354028
2320.921521
2320.921521
1933.571340
2258.359925
2347.600034
2204.890687
2204.890687
1962.670047
2136.121621
2136.121621
1999.207876
2406.290487
2097.420064
2397.630044
2244.416402
2001.705088
2219.477586
2375.818113
2028.042227
1987.033012
2070.765993
2147.473871
2024.264054
2213.537652
1867.738765
2196.930014
2330.742252
2330.742252
2063.675758
2212.355277
2293.081381
2175.480706
2177.231817
2312.451771
2345.997023
2008.439240
2008.439240
2366.873382
2366.873382
1967.613701
1967.613701
2207.477815
2023.426769
2055.931227
2325.603483
2255.689278
2255.689278
2232.458124
2253.439406
2253.439406
1909.939292
1909.939292
1966.967833
2257.789124
2244.403920
2244.403920
2395.945996
2395.945996
2120.931467
2068.106778
2245.455758
1963.630097
1963.630097
2148.717823
2175.563840
1989.132544
2065.299777
2199.480359
2199.480359
2012.812802
2012.812802
1947.093232
1890.150141
1890.150141
2261.880201
2128.847885
2381.081197
2255.776954
2294.490589
2094.428383
2077.496793
2252.064552
2252.064552
2321.090944
2321.090944
2111.266702
2111.266702
2049.641269
2097.955721
2296.175147
2296.175147
2392.788881
2261.706877
2261.706877
2031.186298
2116.385203
2116.385203
2280.222618
2147.795651
2029.930542
2029.930542
2228.786046
2228.786046
2006.910878
2143.051808
2229.903173
2267.543366
2266.155793
2266.155793
2241.076025
2241.076025
2122.693489
2098.104124
1996.660600
2446.309256
1906.797569
2216.514512
2216.514512
2382.234164
1863.617220
2274.226523
2184.316691
2184.316691
2148.757902
2148.757902
2258.015406
2258.015406
2045.145686
2045.145686
2296.340539
2196.548131
2196.548131
2303.548432
2106.123761
2228.338481
2228.338481
2138.384486
2138.384486
2373.373036
2229.530524
2229.530524
2232.293795
2232.293795
2394.993372
2411.127037
2254.774126
2254.774126
2234.508711
2394.670890
1970.691431
2071.477959
2277.530502
2277.530502
2119.659115
2254.616995
2150.600047
2275.573650
2275.573650
2197.827930
2282.704534
2282.704534
2296.709912
2328.195648
2310.559310
2310.559310
2172.962254
2092.783093
2265.633034
2265.633034
2322.005451
2322.005451
1947.695278
1947.695278
2013.437356
2013.437356
2090.337604
2291.899912
2028.724931
2238.166835
2238.166835
1959.837824
2079.414316
2079.414316
1995.337093
1966.261312
1966.261312
2266.359836
2409.738021
2077.124606
2077.124606
2036.439420
2036.439420
2183.456806
2183.456806
2386.829078
2386.829078
2034.476804
2006.385989
2236.121020
2168.367460
2168.367460
2149.837359
2149.837359
2401.347671
2401.347671
2373.179527
2373.179527
2080.231191
2369.608902
1865.896779
2457.959636
2346.676498
2222.613259
2211.748065
2192.600479
2192.600479
1961.503523
2401.900668
1963.615852
2177.737156
1968.266406
1968.266406
2390.926043
2390.926043
2212.675990
2212.675990
2294.300006
2347.862743
2089.646245
2377.182948
2304.443140
2304.443140
2149.917029
2149.917029
1981.718960
1981.718960
2139.438772
2296.485797
2177.554425
2177.554425
1850.417018
2227.614692
2038.610590
2038.610590
2041.096459
2148.469363
2149.345268
2149.345268
2147.507477
2147.507477
2163.706099
2132.560005
1922.455725
1922.455725
2228.358642
2232.747421
2211.940085
2211.940085
2053.563971
2105.985144
2133.248809
2376.145122
2008.648453
2289.085185
2062.211132
2399.046250
1841.739970
2072.847255
2072.847255
1965.704720
1965.704720
2385.030122
1986.152971
1986.152971
2315.914687
2226.190147
2154.487876
2154.487876
2186.033926
2135.248626
2268.760819
2327.245338
2218.300158
2014.547177
2014.547177
2357.493454
2357.493454
2012.360387
2012.360387
2169.023069
1907.566446
2120.313601
2189.101515
2221.731556
2289.691385
2325.872895
1995.285229
1995.285229
2267.120953
2267.120953
2033.463671
2033.463671
2081.574927
2063.426733
2241.654011
2185.719170
2196.363869
2196.363869
2365.567412
2365.567412
2128.421923
2361.822444
2294.593387
2294.593387
2268.497475
2245.804425
2245.804425
2030.930248
2030.930248
2363.878984
2373.630954
2034.892179
2062.654497
2202.018546
2108.409755
2148.778287
2093.559061
2229.585011
2051.135504
2051.135504
2208.211154
2199.390965
2199.390965
2043.734651
2340.796753
2305.026093
2033.718720
2033.718720
2085.657551
2189.310736
2130.008996
1961.050056
1961.050056
2227.145482
2227.145482
2046.791692
1935.898933
1935.898933
2130.934365
2246.235753
2246.235753
1996.876080
1996.876080
2385.253092
2003.532136
2190.777530
2190.777530
2145.511758
2145.511758
2119.490444
2036.060729
2002.489482
2200.215262
2365.980535
2031.896991
2031.896991
2101.818618
1955.114250
2412.097929
2157.403920
2157.403920
2238.302298
2238.302298
2364.281904
2025.440988
2252.212289
2252.212289
2194.326260
2195.517311
2240.910348
2105.513026
2360.891262
2360.891262
2287.312125
2287.312125
2118.054720
2118.054720
2066.645755
2066.645755
2071.030398
2071.030398
2124.947800
2124.947800
2250.374641
2250.374641
2002.785171
2196.838199
2196.838199
2106.235784
2106.235784
2241.734875
2212.747208
2091.520490
2297.937779
2223.310652
1968.986025
1968.986025
2307.995534
2171.606661
1996.610312
2008.800739
2401.536664
2072.557179
2159.101558
2131.752047
2183.945739
2129.691786
2078.655651
2078.655651
2412.935583
2412.935583
2030.014852
2030.014852
2146.269352
2146.269352
2086.139850
2064.715433
2414.331631
2414.331631
2351.527173
2260.478368
2260.478368
2122.720244
2122.720244
2105.164825
2105.164825
2279.146491
2209.737714
1965.846277
2454.303696
2454.303696
1943.099912
2340.949399
2397.114131
2397.114131
2016.023478
2259.522076
2259.522076
2234.852387
2100.131258
2100.131258
2238.272429
2199.135071
2188.496426
2021.604764
2363.755927
2376.539725
2136.154688
2136.154688
2093.939035
2309.534241
2078.257497
2078.257497
2026.848074
2026.848074
1953.589908
2314.716624
1937.358629
2352.545680
2088.951993
2088.951993
2163.840293
2233.567988
2318.844180
2188.271572
2196.452846
2276.691891
2276.691891
2063.812102
2267.518678
2032.628115
2068.691742
1994.324145
1994.324145
2241.519776
2294.828967
2206.986134
2206.986134
1956.393939
1956.393939
2253.870263
2010.883589
2211.957482
2304.988043
2304.988043
2329.198250
2398.959082
2398.959082
2407.440296
2367.281962
2114.651729
1996.382140
1996.382140
2251.066687
2251.066687
2203.289149
2346.025717
2346.025717
2032.486379
2169.221695
1986.883708
1986.883708
1937.428512
1937.428512
2129.729189
2317.738721
2291.119660
2396.649549
2174.792836
1943.260799
2059.452144
2314.798443
2314.798443
2202.079933
2142.509108
2115.059968
2368.792893
2368.792893
1964.259185
1964.259185
2429.001317
2429.001317
2240.166322
2240.166322
2220.286825
2260.170408
2294.818222
2077.483255
2273.900634
2115.007436
2197.869086
1935.017277
2185.977690
2385.795533
2385.795533
1954.131705
1920.006100
2036.198008
2165.475610
2165.475610
1949.892646
1949.892646
2023.789403
2106.170109
2106.170109
2245.567908
2245.567908
2376.012571
2230.493275
2230.493275
1963.846383
2138.219730
2180.748864
1944.229694
1944.229694
2293.069476
2202.824607
2197.994989
1990.117920
2071.421338
2346.594681
2086.689104
2086.689104
2205.730793
2186.566912
2214.119840
2253.287368
1979.338750
1979.338750
2000.180887
2000.180887
2243.336821
2272.447080
1930.253743
1930.253743
2032.885075
2032.885075
2191.664972
2378.060849
2143.843309
2006.125528
2212.256865
2120.234383
2120.234383
2242.387131
2203.051551
2203.051551
2352.229696
1843.613521
1843.613521
2389.753300
2389.753300
2175.874343
2265.604586
2265.604586
2192.012658
1999.502775
1999.502775
2144.807988
2144.807988
2265.167736
2195.490837
2215.125343
2130.516491
2207.142760
2207.142760
2134.865189
1979.919653
1979.919653
2053.887291
2185.915922
2101.054047
2101.054047
2249.866056
2406.949047
2370.798022
2370.798022
2311.811327
2136.065819
2262.887705
2075.280509
2075.280509
2077.387221
1915.907091
2024.609083
2024.609083
1973.771824
2125.578393
2134.088367
2134.088367
2237.140761
1990.342152
1990.342152
2304.976230
2304.976230
2237.276186
2220.952082
2220.952082
2089.214775
2089.214775
2185.376020
2185.376020
2018.394134
2219.957207
2219.957207
2097.840954
2105.059006
2042.981851
2378.111805
2378.111805
2046.387246
2046.387246
2226.289356
2226.289356
2295.317769
2217.978004
2217.978004
2027.254313
2369.044769
2043.323206
2064.969221
2064.969221
1863.419890
2078.351967
2078.351967
2076.367908
2394.592306
2394.592306
2082.462451
2082.462451
2283.765899
2013.298233
2097.180044
2099.599357
2017.870991
2237.699426
2237.699426
2294.880990
2415.089924
2304.972577
2304.972577
2147.403119
2113.521101
2210.719930
2210.719930
2012.206533
2061.475579
2043.750641
2076.561287
2076.561287
1830.201414
1830.201414
2249.998906
2249.998906
2152.356817
2355.333595
1953.605537
1953.605537
1859.405982
2087.081853
2087.081853
1995.095119
2047.915568
2005.506164
2005.506164
2105.081908
2213.198242
2213.198242
2036.401383
2390.612895
2402.815785
2402.815785
2381.870008
2264.555482
2194.591373
1974.689380
1974.689380
2224.543474
2163.472697
2163.472697
2062.147924
2021.113477
1966.619540
2237.752124
2169.016478
2169.016478
2114.010298
2412.760484
2069.232180
1974.683110
1974.683110
2208.642403
2208.642403
2070.995848
2418.091303
2418.091303
2302.391571
1949.091876
1915.067880
2297.722659
2120.911121
2301.501952
1972.700667
1972.700667
2449.808220
1925.728664
1925.728664
2153.061479
2234.949137
2234.949137
1968.763450
1968.763450
2402.319988
2120.536221
2154.732325
2272.128004
2272.128004
2254.932237
2254.932237
2291.127818
2158.903445
2158.903445
2146.937933
1990.294729
2374.208415
2427.082026
2427.082026
2124.780387
2275.100544
2428.909083
2074.354880
2263.927243
2122.709345
2122.709345
2296.019438
2087.767590
2090.207635
2090.207635
2382.585236
2286.401144
2194.166057
2281.634949
2161.383399
2322.686446
2195.417545
2412.386393
2238.186502
2269.833506
1960.722070
2000.406797
2158.622050
2158.622050
2236.921682
2322.619743
2077.844870
2309.309060
2309.309060
2040.111492
2222.360140
2222.360140
1943.268683
2236.446541
2207.783283
2218.046611
2374.490973
2370.257147
2032.459746
2217.734174
2305.473710
2247.476853
2031.223510
2031.223510
2347.976363
2133.740124
2133.740124
1933.778143
1933.778143
2243.503547
2020.336294
2020.336294
2159.698372
2389.823414
2177.081373
2177.081373
2374.531060
2085.098073
2085.098073
2039.333001
2154.956098
2154.956098
1940.902496
1940.902496
2293.573678
2108.302664
2033.185579
2078.602449
2078.602449
2132.659087
2207.321084
2207.321084
2125.142080
2025.674017
2084.065070
2412.548775
2377.227810
2377.227810
2193.678588
2193.678588
2007.832738
2354.764007
1964.856975
1964.856975
2377.617429
2377.617429
2204.491302
2380.951176
2380.951176
1899.828039
1899.828039
2071.948378
1891.188548
2272.243638
2185.428805
2108.523312
2108.523312
2366.180968
2259.058928
2164.911733
2128.702846
2128.702846
2125.973102
2125.973102
2432.366353
2119.045463
2119.045463
2338.625509
2244.456239
2244.456239
2069.986121
2069.106960
2137.573409
2137.573409
2099.912461
2099.912461
2324.923694
2106.921445
2037.603660
2045.399804
2045.399804
2171.333241
2407.428676
2407.428676
1851.720347
1851.720347
2199.790073
2199.790073
2365.555613
2109.588198
2109.588198
2332.569227
2332.569227
2255.276940
2159.109615
2169.755716
2169.755716
2217.301798
2123.067116
2355.767156
2416.946925
2377.250740
2377.250740
2356.055540
2356.055540
1910.273821
2250.397673
2146.156498
1889.582194
1889.582194
2146.700539
2256.047140
2256.047140
2112.293414
2112.293414
2084.198656
2084.198656
2056.097628
2129.894780
2342.508901
2127.784476
2127.784476
2326.838394
2418.817849
2200.209887
2414.474095
2414.474095
2013.422290
2013.422290
2304.217388
2304.217388
2323.545919
2053.776506
2053.776506
2085.723222
1871.042812
1871.042812
2253.947051
2253.947051
2426.748979
2129.816006
2275.345481
2234.562476
2234.562476
2219.700701
2219.700701
2071.020976
2351.380342
2058.295805
2252.890964
2167.967896
2069.755239
2410.812226
2385.233947
2385.233947
2396.108514
2069.991892
2214.433446
2214.433446
2208.907461
2191.113777
2378.674401
2183.677686
2082.249466
2082.249466
2129.221132
2337.519565
2101.548188
2101.548188
2127.854813
2017.909886
2309.256752
1945.231739
1945.231739
2325.940815
2369.821113
2297.845755
2248.101578
2252.247679
2252.247679
2350.557994
2165.213272
1994.996824
1994.996824
2275.515620
2193.642122
2193.642122
2371.606272
2371.606272
2080.142526
2075.762065
2142.998662
1962.935431
1962.935431
2298.751511
2124.084833
2215.034591
1886.293818
2375.718286
2375.718286
2141.754789
2141.754789
2352.158486
2352.158486
2410.417621
2160.016543
2226.358845
2226.358845
2216.334098
2190.174358
2444.643768
1952.636645
1952.636645
2251.216514
1979.520403
1979.520403
2337.557709
2006.745203
2006.745203
2119.056528
2119.056528
2062.642670
2062.642670
2144.973622
2144.973622
2262.264228
2262.264228
2373.400335
2163.650622
2427.283978
2300.124937
2368.319388
2240.503295
2318.439877
2305.335993
2305.335993
2412.453397
2193.807377
2193.807377
2091.798506
2091.798506
2089.654441
2065.599971
2267.681149
2267.681149
2059.119158
2148.965354
2148.965354
2344.764345
2182.361264
2224.127649
2043.017485
2043.017485
2295.001655
2311.910857
2067.555648
2067.555648
2128.988054
2287.558532
1899.735328
1899.735328
2129.143609
2129.143609
2258.390912
1837.474046
1837.474046
2113.556620
1897.810698
1897.810698
2276.679440
2137.848034
2137.848034
2132.001707
2132.001707
2058.123769
2058.123769
2338.369713
1876.866778
2068.888257
2216.948992
2273.093802
2273.093802
2033.673600
2283.943453
1991.189342
2160.764388
2241.047078
2155.842594
2155.842594
2077.666232
2148.494234
2286.429827
2286.429827
2040.523802
2300.709417
2300.709417
2333.020570
2252.573010
2252.573010
1799.151294
2113.234062
2113.234062
1985.532232
1985.532232
2361.970114
2138.171884
2409.030958
2409.030958
2167.377819
2159.544596
2104.059125
2268.677414
2214.534743
2183.228315
2183.228315
2413.674703
2018.475321
2018.475321
2277.255315
2068.792268
2389.952518
2307.876790
2211.362392
2230.092397
2189.045436
2193.814297
2082.010533
2291.750689
2291.750689
2333.675700
2333.675700
2095.190625
2095.190625
2387.276010
2387.276010
2276.432406
2185.343782
2185.343782
2213.996317
1995.015089
2320.135501
2225.736787
2235.178558
2051.165955
2141.234494
2141.234494
1984.549151
1984.549151
2069.985234
2069.985234
2114.773788
2221.872473
1985.990341
1985.990341
2205.352729
2257.063862
2257.063862
1935.310028
2134.539437
2317.182474
2193.784872
2193.784872
2312.569891
2408.954533
1991.339897
2361.983117
2151.828542
2312.214918
2204.746637
2403.914691
2261.392236
2020.519465
2022.515185
2195.711761
2153.264624
2322.374051
2322.374051
2280.585382
2225.566982
2322.401335
2323.980047
2418.199925
2081.750717
2081.750717
2135.099414
2135.099414
2212.191504
1860.505155
1860.505155
2349.812731
2386.854841
1946.798493
2284.318597
2284.318597
2091.502191
2105.557696
2105.557696
2054.998322
2054.998322
2100.151833
2100.151833
2403.612287
2101.941235
2101.941235
2230.293287
1983.491489
2363.385507
2276.878948
1848.451425
1848.451425
2009.668521
2031.344857
1955.452445
2420.556821
2420.556821
2302.259443
2302.259443
2269.107335
2269.107335
2298.471973
2298.471973
1941.241811
1941.241811
2033.472743
2154.365958
2229.338851
2229.338851
2216.352060
2216.352060
2196.012726
2176.015597
1980.717079
2372.346831
2162.721922
1976.816367
1976.816367
2122.968403
2064.876426
2064.876426
2074.887347
2074.887347
2332.130615
2332.130615
2360.848944
2373.233180
2373.233180
2015.883026
2111.769714
2371.620695
2371.620695
2391.214269
2391.214269
2116.746114
2116.746114
2241.594817
2255.659105
1977.901555
2241.010394
2053.476905
2338.440693
2020.523269
2114.315552
1951.027695
1951.027695
2166.180631
1973.676217
2377.980178
2116.447906
2407.823904
2019.009719
2019.009719
2257.331577
2257.331577
2027.503770
2027.503770
1909.051687
2244.456185
2244.456185
1895.510511
2218.741682
2286.729659
2286.620980
2286.620980
2314.440632
1915.465337
1915.465337
2210.730924
1985.349657
1985.349657
2244.918118
2162.089242
2021.091341
2021.091341
2171.136858
2154.105936
2154.105936
2340.986388
2340.986388
2394.740608
2208.368572
2208.368572
1904.118060
2170.211287
2170.211287
2384.536586
1971.524123
1954.422024
1954.422024
2035.079239
2414.653164
2205.971714
2075.536123
2299.131995
2264.860696
2264.860696
2078.096159
2100.168192
2144.612087
2144.612087
2227.674620
2268.394128
2268.394128
2006.252389
2243.997714
2272.023597
2115.520866
2115.520866
2011.312469
2026.947476
2066.953735
2066.953735
2022.657265
2405.994015
2255.331610
2255.331610
1991.858031
1903.565179
2351.346757
2280.785880
2280.785880
1889.834385
1889.834385
2157.536615
2100.009949
2100.009949
2454.177168
2242.221458
2143.643839
2374.560301
2165.214161
2165.214161
2158.563185
2158.563185
1854.454994
1854.454994
2274.122304
2274.122304
2079.473796
2079.473796
2412.776495
2412.776495
2110.095924
2110.095924
2082.312715
2245.017573
2245.017573
2233.303650
2233.303650
2275.164431
2275.164431
2329.763871
1999.600330
2166.160010
2191.352583
1996.021388
2241.399594
2016.137450
2016.137450
2081.894068
2081.894068
2117.928878
2183.477713
2049.206650
2214.435809
2214.435809
2332.875197
2257.567799
1991.175018
1991.175018
2102.571093
2068.990561
2216.113604
2386.405343
2201.644665
2164.513450
2359.021563
2359.021563
2052.779208
2270.905368
2270.905368
2128.578643
1888.809820
2238.925416
2154.475597
2154.475597
2237.313324
2237.313324
2122.430546
2122.430546
2173.177188
2173.177188
2264.463532
2367.606620
2410.232596
1972.936520
2261.866766
2261.866766
2300.199969
2353.385675
2084.947098
2086.456932
2138.573655
2376.283727
2376.283727
2184.617698
2184.617698
2341.182970
2059.143002
2059.143002
2008.098996
2051.623133
1948.811303
1948.811303
2220.807769
2192.119512
2301.375128
2292.340540
2219.887910
2336.753975
2336.753975
2322.153202
2111.781257
2114.609043
2157.186533
2157.186533
2101.046693
1998.446435
2272.574932
2012.370148
2089.826097
2213.107459
2064.634309
2064.634309
2101.915774
1935.370357
2061.023404
2061.023404
2120.178275
1958.215719
2290.953981
2290.953981
2127.101319
2323.643711
1986.311135
2077.058666
2077.058666
2107.437839
2107.437839
2000.825511
2060.147862
2060.147862
2268.008294
2212.563997
2093.264377
2093.264377
2035.316411
2081.492545
2081.492545
2231.160289
2231.160289
2361.422767
2361.422767
2007.600046
2076.627472
2068.692220
2076.746574
2076.746574
2235.700278
2286.966572
2286.966572
2141.142787
2141.142787
2297.267203
2018.455242
2018.455242
1995.725546
2386.047966
2256.917231
2179.995999
2031.896018
2031.896018
2202.930320
2220.553635
2220.553635
2126.881695
2389.349952
2243.271976
2089.814967
2252.662504
2252.662504
2382.910951
2382.910951
2247.724029
1994.453490
2162.859763
2162.859763
2243.535190
2243.535190
2114.996556
2310.117007
2256.828838
2293.580206
2293.580206
2070.502815
2070.502815
2073.283574
2383.628728
2300.106250
2376.755574
2376.755574
2351.249210
2300.702122
1965.481060
1965.481060
1888.475326
2241.210485
2020.624983
1973.949696
2056.064822
2056.064822
2031.698531
2031.698531
1974.326296
2365.312266
2311.379965
2127.299882
2127.299882
2188.198127
2270.510059
2270.510059
2128.487411
2361.284112
2038.209643
2115.073081
2115.073081
2410.489128
2170.921798
2067.630426
2067.630426
2131.821467
2212.319673
2182.412604
1980.516474
2246.055946
2246.055946
1959.657439
1959.657439
2174.077879
2174.077879
2406.803936
1925.509341
2079.380707
1995.779703
1995.779703
2318.433956
2318.433956
2171.435452
2105.343745
2241.572137
2220.192379
2145.512220
2181.426035
2307.928530
2307.928530
2431.193981
2368.481518
2044.340357
2073.757460
2073.757460
2062.897749
2062.897749
2096.656965
2096.656965
2406.348728
2249.365118
2005.744261
2005.744261
2195.556365
2376.586870
2376.586870
2262.038838
2262.038838
2354.419809
2050.830531
2276.856630
2276.856630
2143.655774
2149.221648
2266.697015
2266.697015
2350.384901
2350.384901
2061.056573
2450.409555
2275.691428
2240.786723
2240.786723
2307.730731
2307.730731
2150.291082
2004.382269
2087.582286
2116.890232
1989.131890
1989.131890
1966.788653
2334.840491
2435.482335
2119.265928
2119.265928
1928.140955
2172.312044
2172.312044
1916.995029
2219.092144
2345.046894
2345.046894
1910.150400
2258.589905
1868.186059
1868.186059
1977.517511
2154.911122
2265.003080
2265.003080
1970.188278
2131.173897
2044.729055
2044.729055
2296.799651
2154.400034
1961.905801
2009.346754
2105.857745
2105.857745
2307.768576
2307.768576
2051.653646
2024.807891
2245.692471
2245.692471
2259.137659
2383.680519
2030.419487
2030.419487
2276.641127
2276.641127
2073.154654
2423.975357
2423.975357
2200.877459
2030.653406
2241.158731
2150.095337
2058.213317
2174.190744
2174.190744
1934.069997
2230.228422
2140.659217
2253.112256
2194.434145
2194.434145
2255.102318
2255.102318
2400.906402
2335.716308
2335.716308
2044.577505
2044.577505
2178.875737
1868.233376
2274.183063
1988.163494
1988.163494
2336.097819
2263.260977
2271.740880
1913.273436
1913.273436
2332.030111
2332.030111
2350.293615
2350.293615
2246.566454
2255.794478
2255.794478
2007.227441
2168.011370
2053.228747
2053.228747
2008.738121
2384.348511
2149.306876
2149.306876
2173.836392
2173.836392
2067.589165
2263.198804
2263.198804
2072.735595
2228.970693
2228.970693
2410.925325
2037.448077
2037.448077
2220.907958
2220.907958
1960.891781
2417.680738
2123.280611
2327.403774
2344.054612
2125.949428
2125.949428
2040.174069
2296.699278
2305.089652
2305.089652
2414.819503
2414.819503
2221.991468
2074.052204
2028.360463
2028.360463
2360.926626
2404.130887
2404.130887
2237.005543
1891.680632
1891.680632
2012.411275
2186.216594
2281.672962
2388.698402
2104.630660
2104.630660
2408.203934
2408.203934
2095.233903
2095.233903
2183.360267
2168.094045
2275.644358
2275.644358
2352.087271
2102.261860
2102.261860
2085.238182
2085.238182
2396.087180
2121.962928
2365.557915
2256.477895
2138.156224
2291.590291
1902.282616
1902.282616
2205.586290
2047.343644
2275.351057
2191.048135
2276.179359
2174.223292
2202.667459
1979.693011
1979.693011
2419.741757
2356.421848
2356.421848
1872.289889
2182.068188
2364.165703
2364.165703
2173.165891
2173.165891
2351.426932
2316.010042
2144.055280
2197.282671
1870.050267
2236.223906
2204.872309
2204.872309
2202.365635
2202.365635
2218.726792
2374.166269
2374.166269
1998.382906
2352.552831
2282.509905
1959.939369
1959.939369
2400.837132
2400.837132
2406.738465
2144.556841
2140.042457
2303.168243
2181.480500
2181.480500
2126.275768
2169.850299
2196.863619
2347.364996
2211.053027
2211.053027
2076.102527
2089.846974
2089.846974
2189.676301
2326.127181
2239.183135
2089.850326
2148.958051
2148.958051
2233.242882
2233.242882
2297.669140
2297.669140
1983.382239
2247.985869
2247.985869
1810.573778
2397.649831
2397.649831
2150.953111
2046.482584
2316.520928
2274.925993
1963.388680
1963.388680
2231.789913
2322.953861
2322.953861
2065.664844
2065.664844
2089.642548
2253.108705
2253.108705
2017.527583
2307.438703
2313.244159
2121.479654
2021.931366
2021.931366
2155.002302
2155.002302
2396.661859
2396.661859
2301.936910
2055.304190
2055.304190
2341.744166
2048.279161
2048.279161
2197.801397
2165.892136
2024.000913
2208.314414
2064.644708
2064.644708
2142.816117
2219.192677
2254.442969
2269.442668
2269.442668
2389.888267
2389.888267
2224.796857
2224.796857
1942.121776
2218.696652
2218.696652
2317.646298
2158.147687
2220.297159
2220.297159
2180.985042
2180.985042
1920.626035
1920.626035
2256.834364
2256.834364
1941.469947
1915.038744
2028.753393
2028.753393
2403.790785
2403.790785
2260.878623
2260.878623
2045.215061
2290.156110
1959.795856
2230.864553
1995.835250
1995.835250
2183.596947
2183.596947
1975.889124
1975.889124
2188.742953
2188.742953
2147.078663
2147.078663
2258.745574
2258.745574
2024.923782
2017.359301
2015.398684
2369.754464
2369.754464
2156.589567
2156.589567
2306.763202
2306.763202
2129.142315
2291.888533
2135.315448
2253.189122
2253.189122
2007.329274
2146.752288
2049.944104
2049.944104
2072.857223
2072.857223
2103.582334
2103.582334
2294.235634
2042.043959
2027.062187
2027.062187
2032.980609
2032.980609
2276.524032
2096.563473
2096.563473
2293.684891
2037.308687
2150.653438
2189.175929
2134.561367
2310.536462
2050.574533
2050.574533
2253.138380
2253.138380
2199.177425
2199.177425
2142.935465
2142.935465
1914.926335
2018.242711
2148.000508
1949.014131
2056.497910
2056.497910
2271.052080
2271.052080
2027.998230
2027.998230
2228.869498
2353.281445
2159.862123
2356.039142
2150.817270
2317.702545
2317.702545
1994.436466
2062.668587
2284.570408
2118.369286
2363.410001
2109.667381
2151.208211
2151.208211
1952.677932
2267.698447
2130.268770
2130.268770
2422.159164
2422.159164
2194.178026
2323.720620
2237.563944
2109.023604
2109.023604
2352.405149
2164.179547
2438.286105
2436.204481
1970.425206
2175.405876
2175.405876
2314.242951
2196.865918
2196.865918
2128.926709
2128.926709
2124.955643
2228.481262
1887.070217
2011.575736
2181.926915
2212.139016
2212.139016
2294.393714
2294.393714
2246.658699
2423.314702
2120.210192
2389.618375
2291.887648
2291.887648
2376.143347
2357.787465
2170.892875
2385.089666
2385.089666
1865.071992
1865.071992
2223.604173
2223.604173
2228.201375
2075.497670
2219.292295
2354.590087
2176.009050
2146.854706
2135.825360
2135.825360
2196.144138
2196.144138
2358.922004
2006.538033
2059.304004
2274.968427
2264.095522
2264.095522
2352.904144
2352.904144
2089.819004
2089.819004
2318.925070
2393.943325
2393.943325
1951.091651
2202.702425
2271.054747
2320.631176
2263.610769
1992.288036
2277.083831
2167.502422
2210.394775
2356.038346
2356.038346
2270.917359
2060.513152
2060.513152
2319.230504
1878.056474
1878.056474
2109.058841
2098.244915
2100.007515
2130.345741
2164.142867
2164.142867
2165.882469
2413.623828
2094.666241
2340.072212
2252.338498
2252.338498
2387.236060
2387.236060
2240.625708
2223.053127
1962.864077
2093.938600
2093.938600
2119.632913
2230.377634
2230.377634
2095.082283
2226.091670
2312.809795
2312.809795
2133.132396
2133.132396
2018.184272
2398.836084
2179.984595
2250.387592
2074.704199
2074.704199
2241.082399
1938.606483
2212.819134
2408.067330
2237.682293
2237.682293
2234.057179
2297.934853
2297.934853
2037.086669
2037.086669
1995.468745
2077.781522
2340.430750
2248.249012
2124.166213
2124.166213
2399.252819
2399.252819
2340.307093
2340.307093
2110.016539
2072.386629
2116.930577
2098.532107
2098.532107
2090.806567
2209.217512
2209.217512
2268.183559
2123.560587
1910.475746
2242.949875
2242.949875
1938.054015
2074.994264
2402.429923
2402.429923
1941.548408
1941.548408
2064.406724
2064.406724
2117.635215
2025.818748
2025.818748
1811.081430
1965.079456
1965.079456
1815.483759
2281.822682
2374.663782
2374.663782
2263.284851
2156.658084
2053.417289
2415.806358
2035.852651
2345.567041
2278.918151
2057.191159
2124.571450
2176.019473
2207.292335
2207.292335
2202.067137
2078.055227
2078.055227
2212.040426
2212.040426
2131.912230
1971.524459
1969.898795
1969.898795
2337.967275
2337.967275
2167.476517
2173.471352
2098.568774
2098.568774
2316.639076
2376.318530
2013.598476
2251.852906
2251.852906
2400.872305
2176.806963
2047.642389
1961.851055
1961.851055
2266.629149
2303.186062
2247.602137
2247.602137
2281.946246
2271.700785
2271.700785
2365.236448
2365.236448
2148.631378
2148.631378
2179.987045
2179.987045
2256.702626
2203.092789
2304.565153
2304.565153
2317.535874
2317.535874
1928.566398
1928.566398
2221.153809
2022.346147
2022.346147
2144.756258
1888.522644
1888.522644
2325.273081
2325.273081
2197.197153
2045.214530
2045.214530
2226.204341
2048.686416
2243.046999
2317.977943
2317.977943
2087.457749
2164.239272
2107.097675
1970.445071
2279.230363
2389.000030
2389.000030
2237.300085
2237.300085
2277.488997
2043.195069
2266.672109
2099.407533
2372.060741
2372.060741
2167.176059
2385.044848
2004.091179
2004.091179
2239.054979
1975.693436
2078.244545
2078.244545
2265.731539
2151.834770
2385.038306
1844.714445
2288.981188
2277.880378
2187.460335
2077.745212
2199.917897
2031.168461
2062.270043
2387.719890
2387.719890
2209.496965
2278.752187
2219.364360
2396.221965
2186.527093
2285.820572
2285.820572
2021.261893
1949.039419
2225.371163
2225.371163
2224.421285
2224.421285
2059.230696
2023.998047
2023.998047
2232.450337
2328.546627
2328.546627
2331.176178
2079.251080
2017.150196
2194.950163
2194.950163
2102.223812
2164.670256
2164.670256
2276.576309
2276.576309
2284.575848
2164.319254
2377.170243
2377.170243
2211.062480
2211.062480
2207.334573
2207.334573
2065.939170
2139.289186
1838.641063
1838.641063
2225.658542
2164.485788
2006.652152
1946.037231
2255.693667
1997.782138
2367.838403
2315.427338
2368.848080
2263.654555
2292.010788
2202.411672
2202.411672
2366.557433
2153.211479
2176.645034
2036.998191
2036.998191
2388.326302
2206.007460
1881.230052
2038.966640
2074.904069
2074.904069
2175.741087
2175.741087
2357.119767
1906.399410
2331.951556
2040.996073
2410.359192
2410.359192
2053.863495
2217.809806
1913.310533
2090.794238
2343.114669
2117.966023
2305.984621
2305.984621
2038.059322
2038.059322
2303.281792
2085.451669
2230.150004
2260.579201
2260.579201
2089.692918
2089.692918
1904.393716
2210.645107
2137.492610
2137.492610
2335.067706
2002.135139
2113.046710
2368.151550
2368.151550
2228.810808
2228.810808
2452.199483
2337.469865
2142.352786
2142.352786
2296.366414
2296.366414
2137.186124
2121.517585
2121.517585
2237.577011
2237.577011
2419.689960
2248.496407
2248.496407
2285.894560
2285.894560
2032.914171
2032.914171
1971.176771
1971.176771
2200.508886
2200.508886
2268.003254
2268.003254
2295.990149
2151.714604
2151.714604
2263.014325
2263.014325
2198.478780
2233.400370
2105.313951
2141.649501
2052.555853
2052.555853
2245.038752
2223.496860
1913.656447
1913.656447
1994.694212
1994.344230
2071.933349
2374.334056
2291.146894
2194.698734
2089.270451
2058.427490
2296.442511
2296.442511
2331.853858
2129.419589
2206.324967
2081.031155
2173.256112
2318.260467
1992.110614
2028.351311
2028.351311
2049.096177
2335.046905
2335.046905
2078.388974
2078.388974
2099.785990
2298.593236
2298.593236
2144.682277
2383.001727
2338.039684
2301.645465
1988.638789
1988.638789
2368.934401
2280.783510
2280.783510
2367.845061
2163.017368
2439.413223
2081.893963
2081.893963
2232.835959
2145.851687
2014.425009
2018.086921
2159.201314
2159.201314
2248.324381
2087.590470
2087.590470
2297.633340
2294.859965
2366.399168
2391.511344
2391.511344
2069.146890
2022.181435
2168.916443
2149.892275
2027.301168
2139.262283
2139.262283
1941.007153
2153.536944
2153.536944
2349.950564
2349.950564
1919.219318
1919.219318
2357.230141
2095.790601
2247.991429
1998.750594
2275.999282
1998.544162
1998.544162
2210.443846
2329.997576
1983.636019
2053.446610
2053.446610
2227.595212
2302.127836
2302.127836
2158.418000
2032.127067
2033.612261
2033.612261
2124.497479
2316.577525
2339.801506
2106.544956
2369.038428
2267.746315
2099.447835
2099.447835
2155.867039
2261.418018
2204.713574
2339.667342
2171.665437
2037.848269
2038.322092
2288.167583
2332.837453
2154.802112
1899.581200
1988.903540
1988.903540
2379.035974
2402.412813
2298.316575
2298.316575
2307.584047
2307.584047
1950.476630
2250.456105
2250.456105
2380.051990
1921.755988
1921.755988
2026.431925
2225.811129
2225.811129
2229.737753
2229.737753
2115.627317
2115.627317
1976.039644
1976.039644
2034.897703
2111.736462
2044.061441
2044.061441
2233.240828
2182.786068
2230.757678
2301.654044
2301.654044
2166.725735
2166.725735
2239.529708
2239.529708
2375.974738
2139.782858
2139.782858
2241.447119
1967.328933
1967.328933
2325.610242
2332.686278
2332.686278
2091.906095
2070.880203
2196.925022
2196.925022
2072.088089
2072.088089
2268.546346
2272.629152
2272.629152
2114.625489
2159.220377
2015.581252
2015.581252
2387.801017
2139.048390
2151.046811
2133.402657
2133.402657
2388.539771
2388.539771
2083.628064
2352.597092
2180.850000
2180.850000
2242.377465
2242.377465
2305.725563
2305.725563
2130.598723
2130.598723
2059.086132
2059.086132
2284.479413
2284.479413
1962.756883
1962.756883
2150.004138
2069.885857
2069.885857
2132.287598
2132.287598
2119.982912
2167.016139
2202.412896
2318.815265
2318.815265
2361.472962
2368.903680
1968.068985
2061.242041
2200.841901
2200.841901
1877.223194
1988.152238
1988.152238
2305.779161
2251.997907
2304.085295
2304.085295
2112.954826
2112.954826
2291.595350
2019.783050
2182.350525
2182.350525
2229.681665
2395.212205
2395.212205
2090.924190
2188.289687
2245.764352
2013.903667
2358.245568
2358.245568
2087.460383
2087.460383
2112.342171
2274.542952
2054.486306
1946.329557
1946.329557
2339.438358
2339.438358
1853.878964
2212.128836
2212.128836
2038.922145
2038.922145
2355.361926
2355.361926
2116.173974
2116.173974
2244.332126
1954.866017
2250.036657
1992.299073
2185.606280
2045.687825
2045.687825
2084.446992
2240.905307
2240.905307
2206.607202
2382.178934
2026.152569
2005.495224
2120.651065
2045.339635
2073.871981
1933.227766
2357.025935
2093.384854
2415.853357
2415.853357
2400.509342
2297.653300
2297.653300
2025.150456
2025.150456
1977.675565
2364.592243
2364.592243
2042.380365
2042.380365
2076.547777
2357.073644
2090.690701
2310.818622
2282.043738
2282.043738
2398.619189
2398.619189
1936.655287
1977.541016
2360.467571
2115.402091
2115.402091
2249.147790
2249.147790
2032.784042
2213.161838
2065.860791
2101.535221
2239.264321
1924.861254
2287.907676
2287.907676
2227.812709
2093.179656
2093.179656
2027.617782
2197.090904
2149.898164
2149.898164
2022.992735
2241.564618
1987.104356
1987.104356
2109.769277
2064.342260
2282.356797
2282.356797
2203.765653
2169.359989
2171.514277
2306.275857
2404.776596
2317.290159
2317.290159
2226.260965
2226.260965
2307.812982
2307.812982
2292.528821
2292.528821
2382.560201
2382.560201
2121.419665
2121.419665
2101.613610
2101.613610
2150.993334
2201.877213
2201.877213
2405.681448
2311.477407
2311.477407
2225.856392
2225.856392
2204.309697
2204.309697
1963.404258
2100.355300
1983.195834
1983.195834
2160.414046
2160.414046
2311.651961
2112.929585
2034.167106
2152.953924
2152.953924
2108.292851
2315.190571
2315.190571
2341.621827
2245.629828
2144.495848
2180.764201
2348.968842
2348.968842
2005.619682
2147.111592
2337.725103
2267.352838
2267.352838
2305.656348
2305.656348
2095.597194
2197.375389
2040.772047
2016.645008
2191.182022
2191.182022
2062.863585
2062.863585
2049.984006
2277.998980
2161.969608
2161.969608
2397.705212
2363.970155
2363.970155
2400.477002
2400.477002
2242.402962
2103.994106
2364.957375
2179.994188
2348.246889
2348.246889
2092.968689
2092.968689
2198.440932
1974.298133
1974.298133
2224.629436
1899.312376
2418.430251
1826.736511
2224.655933
2081.997390
2081.997390
2344.930526
2387.104487
2164.088915
2000.179144
2000.179144
2410.590658
2175.016479
2175.016479
2142.490411
2142.490411
2300.811306
2300.811306
2163.437877
2333.463485
2403.914899
2015.971881
2348.018294
2248.768907
2242.078499
2242.078499
2012.217311
2241.496062
2219.635175
2327.890819
2327.890819
2114.299596
2023.088744
2128.650612
1938.454762
2218.366646
2248.863036
2248.863036
2172.391241
2116.431624
2204.289108
2204.289108
2082.459167
2129.814090
1912.105580
2110.371340
2072.206829
2156.482849
2090.818533
2090.818533
2203.346979
1987.126102
2411.387029
2411.387029
1945.129768
2304.570858
2100.220293
2065.270110
2087.216483
2264.377995
2264.377995
2017.258962
2322.903140
1931.796041
2134.247943
2134.247943
1935.255787
1935.255787
2091.090730
2091.090730
2188.435495
2351.671317
2122.804537
2049.776943
2168.751194
2176.275408
2176.275408
2226.336266
2226.336266
2392.959856
2026.953448
2026.953448
2230.262705
2230.262705
2246.311667
2244.807890
2207.073785
2231.896738
2182.433642
2305.104607
1936.721638
2314.151941
2314.151941
2370.837439
2263.148775
2263.148775
2170.280635
2230.903045
2079.573608
2094.842729
2144.879929
2376.717716
2198.630709
2282.165806
2282.165806
2255.073883
2145.305704
2246.543349
2246.543349
2173.556064
2173.556064
2137.154302
2014.152093
2042.552525
2042.552525
2181.948721
2298.760232
2298.760232
2029.787644
2228.865629
2223.370658
2223.370658
2020.818188
2362.490482
2201.569861
2164.708077
1995.401061
2062.289230
2078.587651
1988.806729
2180.706356
2180.706356
2128.017913
2292.625491
2225.736862
2225.736862
2030.720170
1960.917251
2315.187568
2315.187568
1871.180950
2169.033724
2169.033724
2160.154492
2267.443968
2267.443968
2209.042999
2261.669544
2261.669544
2018.171496
2018.171496
2075.965187
2169.761620
2169.761620
2179.967863
2014.291086
2014.291086
2080.277626
2080.277626
2063.453358
2063.453358
2029.799775
2127.114554
1948.200980
2173.087553
2173.087553
1996.816354
1996.816354
1995.520268
2077.631185
2060.310416
2184.649157
2211.609112
2169.892606
2179.698582
2179.698582
2392.584074
2189.554759
2189.554759
2396.226681
2396.226681
2200.120713
1896.101491
1896.101491
2202.642964
2360.607366
2377.093538
2377.093538
1959.030722
1959.030722
2043.577427
2043.577427
2036.254927
2244.725621
2244.725621
1954.612725
1954.612725
2320.990911
2320.990911
2235.866705
2292.316227
2115.726042
2334.947562
2050.562177
2303.086797
2040.223752
2040.223752
2368.489077
2368.489077
1975.057412
2056.583671
2056.583671
2410.305336
2119.934738
2046.578298
2263.723596
2035.863032
2011.602551
2183.040147
2183.040147
2346.101947
2346.823532
2346.823532
2381.041416
2205.039430
2343.557119
2132.579029
2132.579029
2211.061847
2211.061847
2172.094715
2172.094715
2200.476630
2200.476630
1854.754556
2334.259289
2334.259289
2334.164878
2334.164878
2151.020849
2242.867624
2099.009445
2272.567538
2208.444806
2228.542120
2275.291530
2099.080844
2036.731018
2230.975722
2067.391617
2450.822019
2199.641580
2268.432559
2268.432559
2070.873340
2241.864116
2004.508495
1973.917348
1973.917348
2294.096761
2319.543535
2319.543535
2147.277163
1913.090969
2007.122439
2007.122439
2350.505834
1931.691632
1931.691632
2289.628769
2289.628769
2092.968222
2180.569394
2025.200714
2386.319827
1986.033467
1905.376863
1905.376863
2215.646744
2412.718341
2412.718341
2189.125955
2189.125955
2258.751642
2135.000169
2078.739919
2259.887133
2134.770498
2264.346817
2178.582744
2238.551421
2238.551421
2157.557837
2157.557837
2302.448124
2102.352953
2102.352953
2378.692560
2378.692560
2419.051262
2005.279426
2005.279426
2067.731325
2124.512367
2124.512367
2012.915374
1977.049255
1977.049255
2088.463482
2263.298732
2195.074755
2195.074755
2287.205791
2206.640877
2037.400830
1962.671798
2124.200513
2124.200513
2127.872671
1782.570313
2074.268285
1911.279065
2195.006937
2195.006937
2169.053764
2169.053764
2297.350120
2124.695074
2206.500120
2206.500120
2275.367866
2275.367866
2286.453759
2163.630719
2367.234371
2367.234371
2069.024389
2228.740454
2228.740454
2381.823718
2381.823718
1942.175723
2024.967539
2024.967539
2423.449195
2214.621337
2214.621337
2379.452169
2371.496175
1983.982731
2339.652291
2278.519950
2278.519950
2413.719614
1992.886406
2029.018356
2029.018356
2010.995970
2040.351944
2033.136443
2033.136443
2406.123683
2406.123683
2254.587453
2019.683481
2104.829554
2366.318895
2413.869492
2413.869492
2226.154230
2168.717393
2244.773225
2069.178505
2120.097398
2120.097398
2006.545243
2160.185973
2338.891254
2021.147770
2301.895045
2161.325129
2164.326776
2164.326776
2132.322213
2362.822952
2086.055093
2087.319477
2116.116026
2200.841046
2071.828911
2370.899965
2370.899965
2163.295223
2163.295223
1888.299529
2157.050742
1923.023308
1923.023308
2146.182607
2146.182607
2080.293119
2080.293119
2400.226950
2008.462357
1983.828677
2240.782303
2240.782303
2361.580029
2131.076286
2243.351294
2187.029525
2187.029525
2214.672265
2304.292054
2304.292054
2248.114724
2248.114724
2081.912466
1956.056489
1956.056489
2283.639073
2283.639073
2209.438118
2209.438118
2290.673584
1952.436696
1952.436696
2161.826023
2161.826023
2002.600104
2002.600104
2216.746512
2059.763706
2059.763706
2197.585006
2022.309734
2266.233144
1936.126576
1936.126576
2209.935729
2401.812013
2401.812013
2102.574163
2102.574163
2009.786156
2222.317614
2025.220997
2022.855431
2022.855431
2187.980489
2345.610832
2069.278906
2069.278906
2408.607755
2315.525664
2113.273875
2190.594202
2353.347605
2353.347605
1993.198294
1911.404568
2030.374394
2080.682319
2080.682319
2300.321713
2360.647624
2360.647624
2307.052706
2166.654926
2239.375446
1972.031380
1972.031380
2188.199438
2188.199438
2125.339492
2125.339492
2433.838805
2269.008499
2193.238868
2193.238868
2121.681155
2190.982351
2190.982351
2384.416413
2167.451019
2321.143783
2258.436573
2360.596079
2046.199945
2283.466876
2283.466876
2326.576857
2208.264809
2078.839438
2156.351588
2105.184547
2049.226392
2049.226392
2112.944914
2273.759096
2263.588292
1988.879826
1966.969384
2017.807039
2017.807039
2049.223595
2322.251032
2368.899170
2058.534098
1939.352027
2263.185559
2174.509708
2423.027165
2037.638994
2381.598182
2157.538142
2157.538142
2142.237331
2136.795724
2381.526997
2174.319711
2227.818587
2008.154064
2074.777960
2128.634633
2128.634633
2049.093971
2049.093971
2107.854176
2219.088293
2230.614021
2164.833226
2138.353536
2008.827433
2284.619151
1944.375058
2114.465263
2205.620784
2304.215765
2314.988985
2314.988985
2318.099351
2107.286552
2131.382684
1998.430523
1909.790510
2046.677474
2232.506222
2229.176789
2229.176789
2293.945205
2158.731529
2154.435385
2235.861294
2247.716391
2247.716391
2004.567438
2004.567438
2177.007107
2177.007107
1972.668989
1972.668989
2060.212318
2266.693953
2398.889979
2398.889979
2093.047133
2257.049831
2418.043007
2299.085824
2299.085824
2211.445971
2002.439331
2345.612313
2345.612313
2092.109092
2002.126682
2002.126682
2151.490606
2151.490606
2199.037337
2223.923823
2229.015455
2229.015455
2147.766882
2149.900283
2124.275936
2401.813758
2165.260054
2165.260054
1987.217380
2265.922655
1994.114457
2365.639012
2365.639012
2303.646377
2148.539411
2148.539411
2326.998699
1942.634453
1942.634453
2052.342004
2052.342004
2040.546615
2040.546615
1835.910781
2259.499417
2321.082629
2326.831133
2032.315552
2136.755742
2349.899483
1923.902729
1923.902729
2187.212416
2045.708727
2045.708727
2389.355559
2389.355559
2326.171588
2001.632473
2117.022929
2259.812159
2379.109087
2379.109087
2096.622960
2096.622960
2015.131298
2036.791742
2048.159433
2048.159433
2041.662131
2299.019850
2299.019850
1884.235898
2045.428121
1937.551795
1946.916970
1946.916970
2235.226485
2102.660507
2009.737570
2009.737570
2372.125704
2199.514576
2225.984151
2225.984151
2156.651701
2068.827436
2068.827436
2401.228700
2253.743929
2253.743929
2383.576713
2383.576713
2203.862844
1990.716509
2240.341086
2151.562696
2151.562696
2157.674040
2258.377096
2258.377096
2429.880179
2310.872963
2108.227417
2049.962079
2101.049362
2041.847431
2231.984754
2173.819207
1971.173242
2320.571178
2343.952936
2280.545961
1972.584313
2179.233329
2143.063458
2066.089735
2066.089735
2181.779859
2181.779859
2368.937493
1925.400010
2208.366878
2208.366878
2185.974973
2281.888234
2093.234991
1939.873119
1939.873119
2000.164863
2002.232738
2002.232738
2368.981128
2141.503443
2075.898688
2385.489978
2385.489978
2226.031605
2226.031605
2273.004150
2112.429088
2200.138340
2200.138340
2184.807404
2244.138160
2244.138160
2200.201683
2039.469812
2039.469812
2171.063684
2070.762095
1899.700954
2098.455293
2427.026275
2156.425544
2207.656929
2274.678482
2137.279449
2164.049480
1942.913404
1942.913404
2032.814904
1893.115170
1893.115170
2099.390272
2208.276178
2053.353511
2028.102068
2255.811590
2255.811590
2055.878788
2055.878788
2084.059326
2295.314780
2295.314780
2271.152626
2163.408432
2276.067583
2276.067583
2011.821277
2378.514984
1884.127682
1884.127682
1988.778741
2111.975213
2289.463816
2289.463816
2170.651690
2346.068964
2013.486729
2216.271821
2216.271821
2273.828281
2170.462107
2342.465076
2368.524121
2333.184804
2175.274128
2077.976411
2278.362261
2330.884908
1853.549485
1980.156733
1980.156733
2115.250282
2206.544431
2206.544431
2253.422699
2253.422699
2404.134894
2404.134894
2065.372848
2144.856235
2141.585785
2104.959222
2122.560203
2122.560203
2280.100034
2125.886915
2434.542800
1932.868090
2156.885892
2156.885892
2290.420052
2238.285121
2166.714371
2174.275852
2019.930188
2019.930188
2189.248122
2172.319291
2399.027864
2013.594034
2033.846714
2033.846714
1988.142268
1988.142268
1866.237473
1866.237473
1986.705016
1818.991409
1818.991409
2253.654300
2415.515612
2109.165204
2109.165204
2089.305734
1927.768053
1927.768053
2212.394329
2357.135137
1897.420419
1897.420419
2379.448438
2379.448438
2098.551785
2293.027000
2097.005625
2097.005625
1942.759489
2054.777397
2054.777397
2009.386996
2009.386996
2299.899774
2123.867718
2002.459734
2061.842264
2061.842264
2103.451840
2181.693880
2181.693880
2319.621036
2217.832598
2052.109530
2052.109530
2178.612436
2368.755348
2368.755348
2120.234814
2178.919530
2263.546878
2263.546878
2197.066727
2109.572728
2184.123412
2091.737532
2057.444083
2057.444083
2398.864975
2336.025462
2280.172702
2280.172702
2319.482982
1938.096061
2204.704499
2204.704499
2418.904892
2222.154343
2346.986878
2346.986878
2263.589847
2232.254832
2227.171084
2227.171084
2141.054229
2290.382470
2290.382470
2360.371918
2240.834454
2240.834454
2202.587928
2379.121630
2199.954645
2455.951539
2197.313653
1992.323800
2191.068323
2191.068323
2270.841061
2342.663343
2224.980304
2224.980304
2098.606581
2185.741862
1927.135681
1927.135681
2103.945620
2103.945620
2021.266478
2021.266478
1924.628538
1924.628538
2150.039832
2150.039832
2327.242876
2084.816203
2344.399276
2344.399276
2277.017388
2382.517013
2125.697102
1957.604578
2228.328863
2284.763619
2280.896838
2276.424533
2276.424533
2255.366276
2349.530904
2301.904674
2301.904674
2322.609628
2322.609628
2040.958002
2040.958002
1967.506129
2163.059147
2163.059147
2300.621180
2393.024048
2262.729914
2311.539241
2230.455395
1832.598417
2292.458829
2178.512242
2336.598957
2317.486910
1998.916524
1998.916524
2009.552972
2319.970309
2319.970309
1948.703814
2317.129193
2142.250393
2142.250393
2131.737848
2077.543018
2350.913265
2350.913265
2402.128531
2412.392601
2412.392601
2176.918223
2031.221828
2031.221828
2432.306699
2270.474836
1956.524215
2072.381359
2072.381359
2226.252350
2226.252350
2238.844051
2410.174071
2410.174071
2350.701935
2350.701935
2373.176022
2048.789230
2048.789230
2097.313614
2097.313614
2218.134796
1878.627895
2204.020861
1954.405609
2083.870196
1962.053660
1962.053660
1951.542173
1951.542173
2176.022630
1950.791286
2167.242920
2291.894084
2424.096256
2232.889313
2073.717557
2264.166190
2242.404478
2414.624140
2414.624140
2241.591185
2108.028380
1901.281496
2214.210840
2025.264858
2154.690289
2053.739271
2053.739271
2314.912685
2314.912685
2212.283744
2212.283744
2148.913845
2148.913845
2193.132525
2216.087746
2216.087746
2198.506230
2199.946265
1951.228474
2383.460597
2383.460597
2030.265390
1940.726467
2256.047503
1876.915587
2070.449279
2070.449279
1977.883327
2047.669747
2273.074198
1951.735505
1951.735505
2193.704891
2263.263547
1851.240090
1851.240090
2101.582371
2100.617245
1954.597958
1954.597958
2310.321197
2281.240807
2117.200281
2166.564184
2072.711043
2130.865782
1861.420954
1861.420954
2084.168866
2132.985813
2010.470417
2395.362386
2395.362386
2256.041626
2200.632980
2177.955984
2052.046958
2368.019715
2368.019715
2235.174296
2197.985211
2197.985211
2263.192205
2333.173620
2112.353440
2260.493307
2001.146921
2016.702066
2090.785053
2090.785053
2259.076494
2259.076494
2258.348459
2351.329302
2249.639375
2171.164024
1951.090307
2385.699079
2006.132980
2006.132980
2060.951797
2060.951797
2397.436383
1974.743973
2149.372618
2149.372618
2095.963830
2054.121503
2054.121503
2018.537990
2308.191910
2071.248585
2026.915645
2398.158214
2193.924073
2193.924073
1999.006515
1999.006515
2022.333723
2284.807611
2363.597714
2384.576162
2384.576162
2203.218545
2195.487672
1990.682375
2234.673338
2362.546725
2362.546725
2290.983568
2269.225756
2083.177848
2409.262833
2246.592071
2053.911487
1991.689326
2307.002980
2089.741773
2089.741773
2070.164838
2317.837664
2321.032035
2321.032035
1962.491946
2035.684504
2228.897240
2393.334828
1997.237001
2384.993040
2384.993040
2134.748664
2043.822910
1965.440029
1963.620824
2243.676478
2285.822334
2199.002844
1907.026258
2177.059399
2214.792624
2214.792624
2339.890168
2339.890168
2072.694698
2072.694698
2152.805379
2152.805379
2343.109508
2167.375968
2335.769547
2159.927129
2000.946348
1971.714270
2210.746379
2257.330207
2273.961325
2420.081695
1997.593816
2285.265368
2253.878248
2032.723522
2114.163658
2114.163658
2145.319345
2288.015505
2381.629889
2381.629889
2103.243031
2076.331495
2076.331495
2133.592428
2352.706563
2162.999506
2162.999506
2162.808019
2255.397717
2427.910183
2055.572871
2055.572871
2021.609358
1789.978497
2182.906313
2216.011011
2015.109166
2403.863179
2036.868186
2351.057926
2351.057926
2008.039262
2239.628077
2268.086234
2324.468977
2307.080104
2224.817161
2224.817161
2410.003507
2102.107933
2102.107933
2172.957006
2172.957006
2279.442231
1929.096137
1929.096137
2028.628417
2028.628417
2027.615354
2398.342687
2273.893480
2366.508702
2011.593560
2391.394065
2020.215917
2288.353128
2182.960330
2182.960330
2016.548354
2263.260796
2263.260796
2148.073232
2339.940866
2114.768957
2110.577750
2046.260763
1911.847215
2055.391003
2055.391003
2304.798216
2304.798216
2071.729752
2367.944208
2320.523087
2176.442814
2089.572781
1995.009892
2226.759786
2337.035190
2046.414327
2046.414327
2402.763182
2275.010864
2137.012291
2162.384377
2209.815282
2402.676449
2105.629719
2105.629719
1992.354515
1971.731998
2231.497366
2152.315825
2038.714427
2038.714427
2028.166614
2197.165346
2250.284062
2250.284062
2323.386124
2323.930648
2139.335626
2409.915518
2208.356429
2208.356429
2191.783789
2191.783789
2030.203378
2030.203378
2120.323569
2151.690435
2058.377778
2058.377778
2173.855852
2173.855852
2182.051879
2182.051879
2221.394250
2187.281672
2187.281672
2089.163614
2134.881262
2375.879458
2391.468485
2009.280397
2009.280397
2118.289142
2050.279498
2050.279498
2350.882631
2204.904708
2175.771181
2248.263314
2270.100515
2270.100515
2203.941882
2269.555645
2174.788310
2000.012957
2067.792820
2235.382597
2235.382597
2324.905857
2324.905857
2285.046485
2293.708714
2378.531212
2002.090688
2022.155671
2022.155671
2373.078034
2373.078034
1916.128436
2024.415494
1980.064825
2045.628023
1966.344012
1966.344012
2206.242509
2206.242509
2236.311275
2237.557761
2143.158085
2118.803726
2118.803726
2144.103083
2144.103083
2182.245408
2184.107123
2184.107123
1953.682042
1953.682042
2195.917891
2304.939988
2105.474846
2204.283025
2204.283025
2210.754437
2276.027496
2276.027496
2322.536654
2181.710019
2262.087944
2165.686420
2165.729054
2398.124245
2398.124245
2178.622256
2178.622256
2189.569726
2189.569726
2305.379856
2305.379856
2048.862462
2073.555940
2317.897525
2184.260069
2342.810096
2140.621843
2129.045436
2129.045436
2341.321659
2209.076670
2209.076670
1891.838603
1882.505009
2258.029182
2258.029182
2325.426467
2312.482952
2312.482952
2234.893891
2137.506378
2137.506378
2084.711108
2181.677834
2181.677834
2277.048342
2155.573093
2027.874935
2027.874935
2333.346627
2115.196289
2051.986222
2070.444182
2053.850377
2201.922169
2342.647136
2342.647136
2152.852811
2044.330943
2044.330943
1981.422568
2207.761368
2213.397822
2271.435698
1954.538998
1957.417956
2062.771466
2149.494757
2149.494757
2160.215458
2160.215458
2177.680610
1918.030623
2124.648596
2124.648596
2262.046503
2333.775363
2333.775363
1965.992796
2096.737549
2233.359126
2325.066445
2054.767901
2188.467871
2133.731523
2133.731523
2011.681448
2243.119673
2195.604936
2195.604936
2098.238502
2098.238502
2287.349158
2184.587202
1971.635084
2067.688218
2272.263747
2272.263747
2155.740196
2259.664129
2392.024917
2296.576109
2296.576109
2406.667678
2238.712554
2238.712554
2285.813055
1946.543834
2068.106334
2409.015002
2233.514556
2008.222624
2008.222624
2112.727243
2206.182322
2084.754862
2141.009047
2141.009047
2357.721301
2142.820448
2127.661855
2127.661855
2142.324631
2295.107413
2244.059464
2417.650214
2417.650214
2365.155781
2380.794709
2365.164606
2375.506460
2375.506460
2097.454303
2244.276920
2036.822510
2036.822510
2053.945385
2162.717540
2241.180829
2228.148998
2196.216717
2308.358389
2308.358389
2140.613822
2140.613822
2277.325924
2229.016625
2229.016625
2071.777745
2071.777745
2278.723463
2368.002093
2349.628769
2349.628769
2336.956490
2395.700021
2020.162968
2421.605531
2098.461787
2087.000107
2372.389826
2286.000974
2110.910089
2311.941920
2042.761058
2180.310559
2200.803532
2200.803532
2110.819394
2183.958541
2183.958541
2252.525652
2059.387013
2059.387013
2326.648547
2180.186839
2115.384506
2115.384506
1973.275917
2191.056422
2191.056422
1900.919732
1900.919732
2093.660873
2088.973759
2137.935741
2422.780493
2011.374334
2241.075852
2241.075852
2057.264813
2057.264813
2014.138564
1948.024885
2170.300513
1937.451963
1937.451963
2226.595281
2227.114420
2020.509104
2020.509104
2065.019628
2065.019628
2380.688258
2311.905723
2202.789158
2202.789158
2281.790288
2087.745790
2265.977816
2265.977816
2144.496261
2353.527321
2353.527321
2148.113014
1955.491205
2236.230934
2187.359374
2249.536581
2331.166081
1960.476194
2091.023730
2080.129471
2080.129471
2189.313695
2309.476158
2084.567332
2002.798705
2002.798705
2256.426449
2130.328333
1993.093070
1993.093070
1879.452079
2121.726541
2011.471723
2011.471723
2355.609039
2355.609039
2252.727508
2096.990969
2114.661366
2114.661366
1965.969170
2399.734030
1916.953789
2402.817753
2035.097216
2168.992524
2178.162636
2178.162636
2376.695976
2362.681347
2246.078013
2246.078013
2230.938906
2025.203947
2025.203947
2194.113300
2203.725894
2136.766017
2141.609766
2297.768762
2297.768762
2318.892368
2318.892368
1974.340558
2348.348465
2348.348465
2261.600238
2304.256791
1916.746249
2271.308484
2372.199530
2261.761583
2140.898342
2288.356383
2151.726009
2151.726009
2170.149261
2274.448389
2086.676965
2387.244880
2387.244880
2119.037892
2145.815089
2070.406688
2188.410693
2449.350083
2233.498766
2191.884212
2107.970216
2107.970216
2027.743391
2260.885629
2246.811611
2248.725196
2181.289881
1992.482339
1968.624874
2137.158445
2384.491253
2384.491253
2009.535446
2009.535446
2149.633021
2149.633021
2312.890963
2312.890963
2304.854864
1913.061125
2076.109610
2022.401706
2022.401706
2187.650033
2005.095489
2163.151340
2163.151340
2058.408362
2058.408362
2259.167496
2312.508925
2312.508925
2364.678612
2336.368461
2336.368461
2225.440965
2179.827427
2145.145345
2145.145345
2162.537006
2162.537006
2204.969001
2090.487294
2195.295630
2195.295630
2156.300151
2156.300151
2233.836005
1983.306266
2138.817760
2129.306618
2146.306865
2177.399485
1946.069308
1996.650142
2059.680331
2095.514666
2095.514666
2359.468972
1922.343541
1922.343541
2117.416392
1967.244885
2096.007303
2261.059251
2261.059251
2216.673664
2216.673664
1977.448733
1977.448733
2307.210129
2307.210129
2175.074844
2160.801129
2041.730072
2370.564951
1956.466521
1956.466521
2418.352755
2191.755717
2064.653993
2143.026163
2104.557195
2280.024009
1947.288050
2386.697471
2143.823385
2369.831331
2369.831331
2391.485595
2363.963125
2301.303653
2200.628623
2209.502895
2169.352156
2374.134728
2044.109839
2396.362066
2059.750468
2130.847438
2130.847438
2024.337777
1954.245894
2118.392963
2118.392963
2346.747392
2085.447087
2289.495755
2411.453737
2282.286891
2142.067599
2142.067599
2353.307103
2103.261900
2185.189232
2178.603447
2178.603447
2005.209486
2053.210082
2058.534483
2221.884508
2358.520112
2358.520112
2244.564582
1981.029808
2125.895523
2220.759234
2059.619264
2127.435244
1976.043255
2166.284132
2166.284132
2171.063842
2171.063842
2229.840738
2165.609397
2161.697440
2071.475724
2030.676983
2209.597819
1900.800694
2197.152147
2095.327693
2095.327693
2041.883878
2113.096625
2176.967020
1983.839490
1982.480001
2180.741209
2180.741209
2307.525317
1976.665678
2019.017096
2141.330199
2202.936337
2349.367278
2349.367278
1963.916882
2142.322141
2142.322141
1924.778343
1924.778343
2108.527747
2098.635348
2127.185665
2379.808106
2374.983794
1941.704822
2134.226491
2066.666414
2083.577922
2393.903637
2244.273221
1888.516491
1888.516491
2362.885648
1927.862024
2015.842029
2015.842029
2405.941654
2064.203043
2279.645587
1926.779180
2030.269411
2323.084060
1958.401899
1958.401899
2150.960110
2322.289777
2143.558753
2143.558753
1956.601035
2293.498618
2204.830186
2279.911660
2279.911660
2052.433552
2277.098398
2373.077554
1886.855728
2112.934098
2112.934098
2277.284312
2277.720812
2122.190956
2366.645872
2386.142611
2024.255417
2351.246339
1926.680156
1926.680156
2134.547480
2353.414793
2353.414793
2208.783253
2208.783253
2421.068537
2046.347067
2157.783255
2223.602276
2293.537273
2293.537273
2316.239620
2316.239620
1985.378428
2369.041258
2189.809330
2356.896061
2365.510862
2305.665265
2036.059845
2122.898844
2352.504430
2035.158068
2035.158068
1973.049990
1959.793674
2185.674894
2024.747645
2108.787909
2291.042633
2291.042633
2177.418571
2165.297831
2165.297831
2152.477777
2152.477777
2338.698356
2275.817834
2036.476754
2126.261472
2182.615218
2182.615218
2434.196552
2269.579147
2269.579147
2398.730101
2218.607182
2310.576834
2109.278259
2242.261223
2169.284891
2368.426951
2422.766028
2319.102525
2134.735334
2266.596536
2065.660502
2204.406912
2387.338285
2308.545446
2058.709741
2194.755840
2194.755840
2340.560755
2389.258941
2289.417915
2267.956962
2008.463856
2303.165697
2132.978490
2131.430608
2131.430608
2150.070319
2170.201554
2236.112825
2236.112825
2125.969258
2364.881769
2364.881769
2162.934829
2393.820417
2134.867654
2241.753432
1922.317923
1922.317923
2392.299848
2131.866723
2131.866723
2251.612482
2137.523263
1959.270213
2184.264305
2184.264305
2256.584063
2256.584063
2249.540933
2249.540933
1954.965781
1954.965781
2311.938529
2311.938529
2274.922864
2149.871507
2141.483994
2414.867309
2414.867309
2275.860671
2011.078480
2175.886452
2175.886452
2165.606242
2191.054358
1907.012944
2134.120499
2389.587726
2354.453087
2354.453087
2106.381266
2083.918347
2083.918347
2111.052952
2187.498893
2189.664133
2236.520016
2300.220729
2018.784223
2158.839028
2186.755655
2330.690194
1957.341482
1957.341482
2002.613872
2002.613872
2285.329355
2029.545436
2118.268473
2118.268473
2164.452087
1971.669338
1932.889362
2205.174772
2003.469543
2003.469543
2096.036384
2165.722468
2285.926015
2402.695100
2402.695100
2186.073310
2215.153319
2387.239004
1951.217592
1963.809553
2106.790624
2272.780977
2272.780977
2215.327819
2409.791711
2207.255718
2442.846298
2331.037269
2331.037269
2204.379390
2396.669364
2309.677745
2029.686645
2367.580442
2176.637461
2176.637461
1963.272863
2366.940224
2115.483664
2115.483664
2366.963664
2375.224075
2053.695218
2245.193058
2145.347210
2153.211555
2288.669758
2226.311588
2045.127617
1950.251618
2315.558501
2315.558501
2195.534803
2189.886242
2189.886242
2408.875632
2408.875632
2243.534052
2401.187135
2401.187135
2431.625352
2393.535565
2318.977091
2345.788986
2345.788986
2265.752280
2265.752280
2023.429909
2023.429909
2273.292155
2348.977606
2236.666397
2396.307597
1962.657837
2171.155005
2171.155005
2020.760052
2020.760052
2412.836936
2383.373161
2425.656041
2319.243193
2142.092171
2142.092171
2426.652672
2128.564335
2128.564335
2355.240749
2319.810412
2367.914128
2143.108489
2143.108489
1926.753946
1926.753946
1962.078793
2180.633477
1961.521546
2142.345753
2194.196279
2019.364427
2287.787272
2190.962843
2139.269181
2282.738516
2050.031861
2374.858646
2374.858646
1990.885487
2213.951862
2234.362078
2264.603360
2264.603360
2002.200637
2155.811990
2155.811990
2187.851908
2116.234983
1948.109834
2373.370411
1984.765555
2090.271471
2291.094397
2248.299745
2091.264282
2169.937244
2207.418711
2207.418711
2072.253323
2072.253323
1972.669490
2033.676977
2033.676977
2110.970911
2110.970911
2038.989184
2004.667492
2064.378436
2316.211262
2005.924396
2172.799698
2172.799698
1904.958738
2352.580143
2352.580143
2072.840073
2330.949174
2102.360866
2170.235721
1988.999949
1988.999949
2283.936054
2175.654599
2142.351727
2096.779152
2096.779152
2081.247125
2213.082550
2348.161133
2185.120585
2277.865737
2122.594682
2178.718774
2094.388006
2314.189347
2314.189347
2052.564461
2052.564461
2181.050045
2294.684141
2294.684141
2023.656916
2407.717251
1908.790949
1908.790949
2254.532866
2164.201581
2164.201581
2382.284926
2041.902336
2233.515122
2233.515122
2005.562422
2005.562422
1947.802875
1947.802875
2143.153677
2223.697173
2094.073412
2259.140295
2131.269337
2086.017131
2314.960580
2314.960580
2369.320256
2270.386144
2135.695803
2221.481940
1971.130126
2128.445490
2238.365918
2183.720184
2226.677530
2226.677530
2100.861631
2100.861631
2256.249532
1918.980285
2415.806120
1986.121293
1986.121293
2343.886890
2352.929411
2075.336386
1936.215596
1936.215596
2249.409138
2218.421267
2382.752735
2284.608201
2116.130117
1960.579003
1960.579003
2228.427466
2033.626623
2278.387940
1897.739807
1925.815709
1925.815709
2400.498343
2400.498343
2057.208467
2020.638728
2319.317606
2121.624301
2029.485366
2029.485366
2095.583816
1948.095420
1948.095420
2233.500606
2285.911330
2247.314295
2018.571036
2018.571036
1906.913792
2156.946465
2156.946465
2103.062687
2103.062687
2350.320126
2108.155520
2078.899036
2071.472469
2071.472469
2401.004790
2401.004790
2409.478532
2142.461461
2220.359441
2281.480921
2204.900288
2204.900288
2248.833611
2191.682191
2191.682191
2227.814070
2244.609150
2244.609150
2235.635303
2345.097205
2243.108455
2243.108455
1950.210021
2236.809809
2084.860889
2120.293257
2355.017250
2023.697198
1982.613122
2100.073363
2072.457274
2176.430241
2079.226104
2429.126941
2429.126941
2240.724903
2195.016667
2147.892485
2067.008456
2220.456678
2253.524318
2052.704362
2261.988694
2167.797481
2040.951697
1878.540522
2431.816914
2373.085821
2373.085821
2391.196284
2150.100211
2112.912189
2112.912189
2312.987065
2312.987065
2099.790166
2041.506677
2258.199261
2055.102618
1943.576287
1943.576287
1950.278820
2254.858568
2237.767941
2166.331599
1952.361899
1895.675446
2152.867898
2152.867898
2253.564186
2349.959576
2410.141458
1903.025735
1903.025735
2261.534153
2052.009261
2318.487833
2318.487833
2027.557559
2027.557559
2376.775406
2313.868131
1991.432067
2282.841743
2204.335796
2103.971336
1877.159491
2249.641549
2118.387156
2110.598160
2110.598160
2041.651764
2282.582443
1989.021749
2025.556808
2261.458457
2067.812504
2265.002756
2379.602386
2253.430777
2320.049558
2320.049558
2133.097730
1962.912482
2356.622040
2217.009062
2331.073887
2231.194051
2297.140364
2391.915248
2288.836124
2291.381005
2303.553791
1935.586105
1994.119464
2153.962860
1992.032184
2264.540376
2264.540376
2178.344692
2272.209176
2365.399516
2143.595956
2048.553708
2048.553708
1909.517107
2150.481905
2301.008644
2301.008644
2080.074344
2153.065041
2200.983167
2160.707119
2160.707119
2204.592836
2204.592836
1972.392418
2386.300497
2073.818847
2412.116997
2206.936164
2180.558628
2180.558628
2368.109329
2353.434560
2298.432455
2177.020117
2367.230645
2340.215669
2109.488079
2066.210462
1894.142332
2318.166280
1961.346583
1984.411246
2031.438983
2031.438983
2257.447029
2405.306896
2409.822718
2130.093360
2209.601115
2084.891689
2118.719505
2033.568320
2379.255573
1980.015974
1980.015974
2341.830655
2237.469065
2290.085748
2382.093884
2382.093884
2154.986904
1974.350980
1974.742011
1974.742011
2128.085024
2286.290707
1944.648816
2265.977934
2265.977934
1967.699583
2371.236680
2214.183002
1983.480058
2216.482034
2022.076787
2080.804640
2080.804640
2384.641207
2245.372541
2206.187939
2206.187939
2180.482398
2060.295321
1932.241218
1932.241218
1973.107478
2210.943259
2036.070826
2036.070826
2058.993804
2208.092588
2409.015267
2196.810721
2338.404064
2031.367971
2031.367971
2209.970416
2144.305586
2292.140365
2292.744501
2137.898100
2088.197676
2088.197676
2363.422775
1895.323530
1895.323530
2079.624348
1893.831584
1893.831584
2129.636976
2129.636976
2178.892528
2178.892528
2053.024172
1921.475690
2068.536486
2335.742333
2244.527159
2029.357313
2036.426439
2212.128744
2371.675753
2061.379382
2061.379382
2382.088479
2038.610354
2216.718537
2094.838177
2094.838177
2190.582030
2193.498490
2193.498490
2249.447467
2249.447467
2039.953019
2111.474819
2021.157834
2036.663277
2036.663277
2053.151784
2053.151784
2023.635974
2381.545823
2127.456856
2257.753269
2257.753269
2359.883395
2154.327038
2102.848504
2102.848504
2121.770285
2229.433781
2313.216602
2013.637328
2268.571133
2388.216029
2262.302870
2262.302870
2215.624333
1966.058185
2183.328743
2183.328743
2073.917000
1971.208219
2213.840333
2030.692076
2030.692076
2092.290544
2092.290544
2199.648674
2199.648674
2372.643194
2372.643194
2155.266621
2155.266621
2287.048717
2051.251917
2381.225855
2189.823023
2231.277593
2231.277593
2190.407244
2174.791541
2239.942220
2354.355793
2315.548574
2178.403666
2120.516454
2164.646454
2164.646454
2130.505016
2392.971181
2116.634701
2138.368610
2210.149992
2398.921314
2109.840862
2320.223448
2320.223448
2222.821049
2222.821049
1994.780214
2135.343500
2418.571691
2067.018795
2334.037561
2176.927596
2176.927596
1983.522532
2044.516053
2344.019725
2305.751424
2241.412962
2204.784271
2204.853506
2245.364447
2115.741379
2393.352492
2154.083207
2154.083207
1964.948083
1964.948083
2162.285970
2149.207123
2414.464863
2304.611649
2275.625894
2275.625894
2177.258128
2177.258128
1922.541864
2178.943149
1975.044419
2331.388414
1977.119532
2003.127667
2267.571804
2330.146330
2255.241915
2255.241915
2261.948201
2081.103283
2017.204819
2017.204819
2361.816008
2361.816008
2023.435807
2347.201796
1986.337818
2388.766843
2328.169698
2163.395013
2163.395013
2165.053413
2165.053413
2216.341214
2216.341214
2064.356559
2064.356559
2188.667587
2393.381116
2109.632954
2109.632954
1935.242516
2280.045954
1936.130324
2248.767300
2017.710798
2412.114814
2412.114814
2147.714438
2188.410067
2274.934138
2274.934138
2250.954766
2250.954766
2028.050385
2028.050385
2061.505587
2061.505587
2154.740739
2282.302188
2282.302188
2417.396350
1995.714660
1995.714660
2291.236554
2103.064629
2103.064629
2120.570551
2120.570551
2011.470777
2282.421788
2091.661794
2091.661794
2132.447739
2132.447739
2154.624534
2251.253275
2282.076087
2395.798508
2000.368473
2000.368473
2200.290896
2006.147710
2353.108095
2353.108095
2368.661639
2368.661639
2257.453024
2199.160362
2140.957689
2418.279677
2418.279677
2042.970126
2042.970126
2179.130166
2080.874484
2163.170677
2163.170677
2123.750048
2049.331916
2049.331916
2033.137363
2025.603084
2179.664049
2253.412307
2072.978866
2072.978866
2161.446378
2027.331602
2027.331602
2206.820520
2242.514983
1846.412822
1991.768901
1882.671120
1882.671120
1931.058771
2146.406114
2146.406114
2048.031312
2048.031312
1898.222533
2088.240551
2169.297653
2169.297653
2379.703344
2379.703344
2223.374288
2180.597800
1957.510765
2359.682794
2359.682794
2157.406871
2030.506982
2170.468773
2053.630191
2137.543716
1981.224813
1910.743276
1910.743276
2159.625631
2159.625631
2209.484991
2001.685216
2258.321139
2258.321139
2238.713378
2172.022128
2172.022128
2375.311619
2375.311619
2158.709244
2101.404720
2071.093304
2088.217378
2088.217378
2237.113002
2109.251823
2125.013271
2165.235460
2015.750113
2147.688653
2147.688653
2117.647681
2021.681764
1927.727871
2142.188368
2142.188368
1834.589023
1959.481872
2131.741891
2131.741891
2323.511740
2276.057818
2064.706033
1975.110476
2216.709394
2017.259672
2349.429858
1946.317698
2114.502085
2138.182422
2403.300921
2403.300921
2211.950964
2145.278617
2161.895220
2118.831266
2409.272898
2409.272898
2282.209850
2064.860370
2064.860370
1864.669674
2197.488801
2235.034420
2167.157011
2208.597001
2290.296756
2152.573655
2376.807584
2331.374147
2149.349094
2149.349094
2132.106098
2132.106098
2160.877934
2094.176003
2012.151765
2301.897232
2333.403939
2181.650927
2181.650927
2148.868798
2148.868798
2017.614883
2017.614883
2228.509276
2422.158844
2422.158844
2217.888148
2162.227468
2192.027978
2267.115080
2016.073626
1891.449186
2211.313838
2193.008731
2193.008731
2093.751897
2093.751897
2312.370682
2312.370682
2408.294168
2053.802684
2013.379945
2053.052185
2234.246011
2234.246011
2101.684893
2101.684893
2367.289183
2027.564968
2185.393035
2185.393035
2189.992968
2348.967335
2204.010419
2093.498863
2093.498863
2031.013424
2085.352889
2374.456878
2081.379618
2081.379618
1967.711488
2118.774305
2118.774305
2170.922839
2215.037359
2215.037359
2219.635445
2219.635445
2076.515101
2076.515101
2053.442525
2053.442525
1953.567665
1989.918102
2322.619670
2156.200934
2284.137295
2181.715397
2181.715397
2262.507562
2262.507562
2009.254966
2009.254966
2118.409056
2066.714207
2079.339122
2109.959826
2133.643100
2235.177702
2287.954895
2287.954895
2320.575900
2400.178268
2041.452057
2041.452057
2137.560376
2098.472661
2371.942623
2190.446060
1970.466157
2057.491334
2057.491334
2007.887114
2392.976059
2392.976059
2135.694803
2135.694803
2210.723492
2210.723492
2164.009476
2164.009476
2225.812531
2278.123761
1956.711911
1956.711911
2379.483817
2382.421984
2321.353764
2321.353764
2232.505273
2213.291072
2061.786873
2288.067088
2092.260893
2092.260893
2220.329192
2356.517708
1920.374821
2368.360080
2368.360080
2028.674445
2303.955558
1998.792231
2112.180673
2350.174796
1954.628209
2088.953295
2279.600777
2280.348181
2157.972285
2277.632322
2079.238141
2170.423601
2130.202894
1929.144297
2185.731956
2185.731956
2086.439941
2057.921000
2057.921000
2338.794299
2176.622142
1991.520659
2003.671073
2186.927507
2137.035810
2081.682616
2081.682616
2147.900408
2094.437286
2273.152523
2067.829935
2067.829935
2165.648000
2091.407511
2091.407511
2323.421272
2099.132317
2276.173718
2351.615567
2351.615567
2041.489872
2390.877727
2390.877727
2432.609004
2396.157079
2396.157079
2238.129808
2238.129808
2145.013696
2142.740347
2111.946719
2341.277949
2314.506194
2255.369124
2356.250979
2049.320980
2049.320980
2109.279561
2006.107040
2028.912880
2028.912880
2124.226976
2251.269181
2343.872062
2309.557928
2124.721719
2062.893944
2058.418529
2054.022129
2109.000333
2202.818193
2414.243732
2041.815703
2058.239342
1956.339884
1956.339884
2260.020941
1908.334255
2215.196316
2215.196316
2152.943203
2329.555732
2064.889009
2200.228161
2200.228161
2047.652185
2387.063317
2351.153800
2351.153800
2169.580562
2111.355365
1969.826180
2438.027409
2092.414675
2288.191195
2108.866206
2182.668058
2366.427284
2357.267050
2275.148031
2038.267274
1944.639929
2393.268389
2174.480763
2299.727864
2299.727864
1986.959668
1986.959668
2162.346533
2226.764310
2428.615504
2135.842520
2351.955205
2146.411462
2146.411462
2324.696128
2206.977147
1962.152896
2119.098857
2119.098857
2387.337600
2157.738390
2371.529164
1920.011689
1920.011689
2103.758459
2299.701500
2299.701500
2279.943391
2157.411186
2351.495885
1971.931014
1971.931014
2106.991504
2106.991504
2065.636205
2063.869580
2093.780915
2093.780915
2412.304808
2412.304808
2176.502316
2206.282893
2206.282893
2204.121488
2327.212460
2267.389966
2145.404800
2043.282784
2250.426230
2388.107576
2028.637706
1977.588241
2098.675493
2324.398446
2333.397989
2333.397989
2291.036050
2181.769283
2275.377548
2073.699547
2300.362138
2210.729554
2210.729554
2217.379289
2129.774322
2035.521758
2267.189701
1969.318209
1923.131488
2145.772462
2432.789280
2432.789280
2184.285428
2184.285428
2251.591077
2033.490348
2303.452825
2257.123792
2119.342273
2194.623417
2194.623417
1895.546863
2326.726729
2059.672667
2284.072429
2284.072429
2085.687575
2174.466018
2174.466018
2375.460271
1859.807920
2264.310410
2079.046989
2079.046989
2230.028434
2230.028434
2157.187589
2157.187589
2339.108182
2336.636164
2083.327019
2083.327019
2255.086673
2085.814173
2377.277626
2374.198596
2169.185686
2154.796209
2038.767452
2182.916601
2070.210715
2070.210715
2222.093732
2096.940707
2298.069590
1932.995175
1932.995175
2003.674466
2003.674466
1940.436953
1913.329820
2019.563401
2334.101875
1964.330453
2312.105223
2360.511863
2227.209516
2227.209516
2210.888244
2415.249417
2415.249417
2022.394698
2238.603758
1923.878578
2382.415035
1953.920480
2287.123446
2287.123446
2116.249588
2069.048229
2069.048229
2372.437089
1991.862550
1918.628831
1918.628831
2072.672114
2129.184891
2120.419272
2327.421747
2261.835299
2422.578006
2422.578006
2124.883959
2245.628699
2308.393874
2139.243371
2124.225754
2124.225754
1976.801495
2163.039474
2163.039474
2139.020797
2139.020797
2397.087934
2271.159703
2163.955828
2301.844480
2301.844480
2252.408981
2252.408981
2354.056545
2271.853105
2186.172843
2092.303608
2412.425264
2092.302609
2214.601059
2214.601059
1994.207723
2080.848583
1927.792785
2078.395322
2078.395322
2305.582592
2384.299145
2129.435997
2005.427669
2273.474904
1928.397582
2031.329954
2050.007855
2292.310043
2177.172359
2177.172359
2050.133166
2057.916220
2265.065187
1938.927238
2006.057532
2006.057532
2262.892866
2172.461635
2300.727635
2300.727635
2108.787719
2161.071069
2161.071069
2229.865570
2229.865570
2199.917348
2187.387538
2361.232996
1982.980386
2149.498247
2337.785267
2133.640430
2347.022840
2347.022840
2311.695830
2076.901745
2377.044455
2281.627346
2158.253638
2158.253638
2161.560701
2161.560701
2352.881001
2153.635657
2213.311235
2213.311235
2277.029804
2092.281628
2049.949302
2023.677998
2371.170913
2105.126771
2346.094365
2344.188471
2344.188471
2341.539025
2143.371094
2143.371094
2376.904103
2040.534333
2145.006273
2145.006273
2020.971141
1959.611334
2343.459992
2176.617967
1960.587007
2243.340426
2070.896201
2070.370497
2113.443208
2113.443208
2199.011212
2272.595792
2272.595792
2067.515155
2325.987365
2325.987365
2291.509333
2422.169156
1948.661839
2141.011022
2141.011022
1945.152161
1859.863995
1859.863995
2106.621633
2132.682656
2132.682656
2293.391949
2240.219731
2131.816104
2084.192682
2084.192682
2121.819398
2121.819398
1989.011309
1989.011309
1871.701008
1871.701008
1999.323832
2018.878559
1957.013210
2235.322692
2144.445477
2325.678570
2335.082181
2015.107774
2315.797732
2117.208692
2270.501558
1942.491618
1942.491618
2322.327771
2322.327771
2260.893004
2260.893004
2132.193774
2210.642529
2062.705504
2062.705504
2267.203869
2267.203869
2329.817830
2121.641066
2062.615736
2046.604807
1931.024407
2013.650455
2013.650455
2367.875272
2299.513824
2032.639834
2188.476834
2108.157487
2031.295604
2031.295604
1986.324929
2166.340639
2173.152309
2223.610785
2228.451947
2221.352625
2213.583924
2038.144259
2141.559094
2141.559094
2233.090843
2321.465728
2321.465728
2197.972189
2033.836039
2033.836039
2235.407911
2049.465739
2049.465739
1972.647670
2201.300791
2201.300791
2077.341616
2143.393607
2014.215007
2014.215007
2056.428412
2254.263805
2182.978826
2281.983062
2397.609681
2223.700906
2358.789539
2288.673489
2288.673489
2214.258921
2214.258921
2159.259036
2371.315227
2336.799012
2145.319435
2003.443116
2164.409197
2051.212148
2051.212148
2351.324324
2085.241025
2085.241025
2129.788511
2035.592627
2393.638381
2254.578773
2141.167284
2190.427102
2316.479819
2150.373154
2339.929627
2374.899746
2080.491254
2163.763164
2155.095558
2175.846941
2298.397428
2370.170498
1868.871979
2309.203251
2180.306601
2201.796600
2114.056564
2111.509781
2111.509781
2112.116792
2371.558311
2303.290510
2366.467923
2082.094319
2323.933884
2067.976272
2287.332776
2015.342916
2138.694420
2224.745727
2107.314215
2277.297485
2146.830325
2146.830325
2111.253084
2005.224279
2172.798923
2172.798923
2191.715587
1961.887410
1961.887410
2318.568902
2270.873616
2270.873616
2092.183635
2006.166638
2022.370519
2299.327268
2322.654377
2050.366506
2050.366506
2188.038191
2188.038191
2182.561303
2152.855704
2128.659021
2067.010923
2046.041501
2046.041501
1987.089827
1987.089827
2089.860421
2339.816042
2327.072656
2008.407079
2008.407079
2159.067553
2114.622557
1981.504571
2367.894070
2181.779721
1986.326967
1986.326967
2241.187112
2369.035737
2369.035737
2349.494731
2349.494731
2118.949526
2118.949526
2203.336878
2203.337470
1954.942745
2161.951162
2177.293083
2177.293083
2179.004466
2155.350614
2155.350614
2025.211084
2060.257741
2156.318587
2307.414697
2307.414697
2128.188276
2129.170371
2116.568969
2116.568969
2366.328737
2256.326702
2256.326702
2008.197616
2303.038402
2261.082689
2261.082689
2084.999319
2084.999319
2385.093697
2385.093697
2139.666424
2307.601054
2098.182935
2098.182935
2287.498237
2287.498237
2115.463019
2108.553329
2055.511253
2138.860396
2315.113969
2286.312040
2227.057812
1969.691847
1969.691847
2062.766801
2062.766801
2085.575682
2079.939960
2079.939960
1949.220328
2057.164885
1852.339725
2398.012909
2398.012909
1996.153757
2389.848839
2344.483888
2344.483888
2065.287527
2078.325445
2078.325445
2062.425843
2122.506104
2270.552914
2408.210430
2408.210430
2023.929094
2240.089016
2169.709780
2213.005620
2380.599138
2380.599138
2043.836280
2043.836280
1932.803612
2097.189993
2097.189993
2393.228028
2138.076641
1972.368904
2338.550902
2338.550902
2408.731381
2408.731381
2320.367042
2320.367042
2059.892131
2059.892131
2216.156318
2216.156318
2271.219770
2021.710271
2197.809379
2054.521934
2161.181775
2310.447365
2047.827920
1909.734911
2368.698054
2368.698054
2192.737860
2245.006554
2219.894745
2055.769821
2055.769821
2021.161426
2021.161426
2396.061675
2313.745531
2207.690579
2068.719380
1951.646378
2058.513737
2136.531936
1908.748843
2306.010856
2223.403628
2350.049184
2350.049184
2303.428527
2303.428527
2228.220730
2132.278029
2018.426922
2018.426922
2342.996957
2342.996957
2280.813669
2289.466831
2289.466831
2294.819315
2309.998882
2372.716384
2051.751003
2175.788720
2149.059726
2371.719417
2144.855837
1949.042888
1949.042888
2163.098956
2250.760657
2341.459640
2283.120170
2030.151426
2113.635854
1967.771199
2049.551572
2102.988242
2393.057162
2148.294750
2196.715835
2039.930870
1976.040152
2061.703092
2243.155942
2243.155942
2173.628050
1985.278478
2141.794316
2289.137077
1876.010107
1876.010107
2350.168275
2206.125541
1939.730407
1939.730407
2195.572449
2195.572449
2232.542287
2128.095786
2128.095786
2175.188288
2253.682347
1895.105847
2181.297264
2051.532993
2051.532993
2269.417131
2177.849940
2270.897958
2270.897958
2332.152529
2274.692817
1968.092805
2173.080639
2324.105417
2287.711258
2287.711258
2188.593058
1947.803082
2158.847221
2129.380655
2135.321524
1863.083708
1863.083708
2144.967411
2390.794530
2390.794530
2163.325069
2281.091243
2053.934625
2053.934625
2006.929784
2407.626002
2374.920133
2015.528826
2015.528826
1999.519440
1997.844355
1997.844355
1955.940534
2259.217526
2008.687873
2219.413918
2233.896435
2233.896435
2272.109132
2272.109132
2369.260776
2063.952410
2063.952410
2358.430701
2041.813743
2376.756862
2376.756862
2145.466313
2380.067480
2084.770107
2374.625807
2374.625807
2219.739763
2219.739763
2171.951475
2168.273359
2023.058050
2322.931077
2098.101163
1860.161100
2376.072551
1983.086713
2144.959643
2144.959643
2394.538153
2394.538153
2245.714845
2247.439770
2303.370272
2358.300894
2058.829250
2058.829250
2230.493473
2418.566446
2450.850410
2247.639259
2195.853526
2127.111379
2197.380165
2234.396375
2182.147162
2250.549713
2250.549713
2264.005288
2264.005288
2365.589256
2104.753592
2268.321967
1879.142728
2276.292027
2353.272948
2054.108226
2054.108226
2379.747600
1990.965600
1990.965600
2054.811712
2054.811712
1931.175846
1931.175846
2223.952935
2223.952935
1961.941670
1961.941670
2380.332141
2046.205156
2266.914029
2108.017532
2298.544895
2298.544895
2182.447323
1883.786698
2136.510042
2368.531959
2308.755421
2013.260694
2203.957870
2203.957870
2083.109140
1889.861256
2108.744714
2141.337225
2303.761756
2265.927356
2338.644474
2092.901082
2252.498472
2196.972905
2076.064827
1917.242052
2267.656725
2138.738908
2138.738908
2290.811083
2374.454894
2126.771588
2298.390229
2438.041075
2052.811765
1930.524265
2322.157659
2277.894617
1935.369025
2186.884766
2127.693144
2332.661425
2345.630972
2105.735322
2120.434096
2120.434096
2087.231268
2087.231268
2109.980924
2109.980924
2318.904512
2101.033607
2202.853919
2396.979752
1890.981123
1890.981123
1966.747886
1966.747886
2306.694222
2306.694222
2279.974226
2055.019179
2277.498478
2288.914011
2267.439542
2267.439542
2172.873297
2046.289704
2171.628777
2171.628777
2037.091721
2037.091721
2297.558875
2048.431190
2218.882956
2093.282059
1979.196025
2135.520132
2089.026517
2032.895837
2070.572529
2409.262727
2186.994868
2176.978014
2282.084194
2142.904898
2166.091738
2093.296916
2093.296916
2285.205025
2186.028831
2207.193439
2109.960738
2411.018468
2411.018468
2352.615539
2055.925192
2196.643060
2385.855731
2171.755041
2171.755041
2393.983388
2171.824329
2289.321327
2370.752788
2267.556518
2077.956772
2077.956772
2185.714106
2185.714106
2390.479178
2390.479178
2009.629119
2176.976967
2340.910833
2217.915157
1894.698403
2091.151470
1984.018728
2102.273131
2048.018662
2048.018662
2208.782653
2089.506945
2188.045405
2188.045405
2154.438745
2338.838719
1983.864227
2333.506443
2061.052784
2195.017680
2296.718388
2075.294556
2075.294556
2106.523309
2106.523309
1946.209110
1885.464363
2191.062368
2173.779993
2151.858251
2256.496425
2256.496425
2012.417253
2048.254753
2167.741496
2235.576151
2235.576151
2382.948804
2022.974336
2055.836082
2279.712417
2002.497997
2181.353584
2181.353584
2185.156312
2204.233233
2166.506250
2022.270912
2364.861224
2019.724831
2400.066158
2025.061846
2025.061846
2062.589982
2171.351091
2171.351091
2083.806602
2030.781517
2132.952144
2330.369710
2216.142449
2422.488114
2142.913423
2201.097972
1995.862436
1995.862436
1941.335658
1980.244853
2126.022579
2260.690591
2367.006487
2179.922598
2065.927340
2253.204512
2093.687086
2281.265545
2344.139910
2088.613775
2226.500465
2226.500465
2271.718630
2271.718630
2152.096031
2073.352135
2051.358277
2035.293621
2259.884764
2052.968737
2151.841112
2412.045895
1948.627857
2086.787131
2388.768452
2260.121632
2260.121632
2276.292063
2276.292063
1897.827093
2056.597758
2056.597758
2260.917461
2000.325045
2000.325045
1962.250953
2190.198260
2190.198260
2313.877364
2214.418036
2104.714559
2223.831467
2416.350565
1968.838558
1988.094612
2359.915992
2297.704334
2242.720921
2242.720921
2193.073573
2193.073573
2331.466468
2294.141051
2122.836397
2086.519324
2171.203130
2230.695011
2222.647075
1964.252388
2357.566090
2403.446922
2403.446922
2120.539510
2344.661826
2208.920627
2370.092057
2172.758650
2407.748645
1931.775960
1931.775960
2001.465533
2180.377986
2167.935519
1851.183328
2287.533740
2159.281268
2411.575527
1981.249620
2096.383112
2096.383112
2431.374577
2058.410811
2051.874904
2189.444089
2322.746413
2094.965329
2245.906222
2406.143366
2080.174968
2177.976426
2177.976426
2206.972947
2206.972947
2236.787333
2146.696461
1964.535223
2351.851227
2351.851227
2025.313914
2274.956055
2406.283808
2062.978393
1931.984935
1931.984935
2236.307301
2129.506840
2194.176874
2395.913336
2340.022916
2024.296991
2191.065246
2344.768162
2344.768162
2077.171671
2200.854173
1856.755887
1893.912881
1985.829196
2221.583915
2221.583915
2121.767098
2142.309320
2142.309320
2264.811688
2142.454029
2105.769193
2105.769193
2411.150473
2029.262314
2228.316425
2344.360990
2344.360990
2412.551724
2195.269198
2072.741237
2072.741237
2111.719479
2340.455716
2241.256020
2241.256020
2079.279384
2079.279384
2382.003182
1925.264587
2361.078471
2361.078471
1990.809815
2331.330921
2372.498316
2372.498316
2296.619338
2221.427568
2279.127912
2244.160872
2174.522620
2278.313284
2150.839258
2150.839258
2078.221255
2078.221255
2250.148784
2278.509293
2324.262828
2324.262828
2368.624786
2368.624786
2053.433944
2182.263834
2283.634766
2343.865195
2117.286237
2117.286237
2018.804958
1961.335603
2265.641245
2188.329523
2132.075270
2153.357313
2025.660587
2246.047765
2296.300515
2104.778271
2104.778271
2283.466672
1888.479910
1888.479910
2305.014089
2199.730502
2327.940959
2350.347241
2350.347241
2091.158170
2265.276584
2265.276584
2008.793362
2226.865073
2283.266714
2339.177126
2188.451263
1960.864011
1875.624270
2103.327363
2135.572417
2135.572417
2209.030943
2042.213618
2024.284726
2121.050039
2121.050039
2387.363438
2387.363438
2280.198256
2041.021311
2195.270750
2222.017050
2021.684998
2225.646890
2086.550545
2122.385535
2418.659196
2296.238816
2226.506624
2124.189467
2124.189467
2145.226053
2134.405816
2229.484943
2309.309867
2073.332360
2328.840001
2361.549811
2258.595627
2278.638139
2278.638139
2319.935007
2018.344086
2018.344086
2026.854229
2085.977868
2105.775805
1978.056772
2271.849372
2219.776082
2219.776082
2421.196003
2227.024759
2227.024759
1901.581885
2022.314889
1886.194618
2053.270715
2411.408244
2231.419932
2295.587654
2159.718708
2392.170804
2114.411511
2166.890548
2414.290030
2014.376447
2397.001768
2360.934897
2360.934897
2282.714494
1915.551352
1915.551352
2390.167262
2078.231350
2078.231350
2133.318475
2312.910793
2205.587546
2205.587546
2126.186071
1982.217579
1999.743545
2093.260310
2155.111384
2392.312356
2392.312356
2346.311862
2346.311862
2195.066426
2297.094672
2029.423450
2152.506451
2188.131350
2355.941314
2355.941314
2387.167847
2114.842497
2150.432310
2270.710241
2250.786589
2250.786589
2197.044815
2197.044815
2332.841381
2332.841381
2110.264862
2298.983379
2376.465124
2367.608458
1945.458906
1950.730996
2157.559281
2261.112438
1984.296408
2230.832353
2305.968715
2329.988039
1866.249852
2150.191436
2357.250899
2360.193840
2199.913690
2199.913690
2033.320030
2312.045210
2382.909006
2399.868872
2187.568568
2252.783043
2193.633216
2161.293606
2096.227414
2096.227414
1987.644727
2057.857628
2257.395970
2026.684070
2122.413463
2151.072694
2076.196309
2038.535002
2148.270928
1914.409014
1914.409014
2311.074947
2311.074947
2380.960556
2194.949483
1936.582342
1883.858732
1883.858732
2085.367374
2249.037958
2231.505907
2081.921340
1952.289022
1952.289022
2037.753553
2066.072856
2066.072856
2127.151230
2127.151230
2127.051399
2045.566587
2122.208152
2122.208152
2235.999860
2344.583300
2344.583300
2050.624859
2050.624859
2394.643831
2381.011659
2381.944732
2381.944732
2017.291705
2434.552505
2434.552505
2003.097037
2354.102818
2222.660979
2319.174680
2227.171343
2227.171343
1867.606697
1969.349304
2178.366522
2178.366522
2117.415781
2117.415781
2351.406072
2153.293055
2342.916578
2045.819841
2333.091584
2333.091584
2147.193094
1880.659947
2369.974725
2303.988489
2303.988489
2335.515531
2335.515531
2359.652472
2368.501070
2012.714334
2110.825071
2070.672162
2269.905469
2108.110664
1992.757859
1950.102475
1950.102475
2341.099374
2392.572238
2392.572238
2273.826088
2273.826088
2050.774837
2050.774837
2143.496024
2143.496024
2174.489711
2219.819375
1854.969068
2387.629738
2306.708280
1989.318315
2096.982844
2096.982844
1962.932516
2168.624783
2197.088880
2177.312698
2392.499005
2228.068971
2100.753236
2027.956246
2390.463115
2264.937699
2253.630589
1986.196785
2198.370788
2123.195020
2206.986576
2111.625398
2064.582577
2064.582577
2312.314114
2381.615457
2064.406535
2173.991995
2387.536568
1944.040164
2300.007070
2439.186383
2123.079139
2318.673311
1982.582365
2218.956127
2101.231993
2190.764852
2201.381720
2202.174037
2202.174037
2193.830716
2042.181757
2273.460947
2241.795321
2105.447702
2105.447702
2420.759975
2261.288092
2066.958317
2378.499134
2292.333824
2034.184923
2352.779055
1967.825461
1967.825461
2181.730943
2226.698537
2281.640112
2107.130994
2107.130994
2399.624605
2399.624605
2002.361043
2253.365180
2360.620369
2360.620369
2343.025224
1977.467932
2318.994282
2318.994282
2267.918519
2407.326316
2407.326316
2235.217230
2235.217230
2303.098595
2169.301784
2169.301784
2049.843741
2049.843741
2194.047659
2194.047659
2170.054809
1999.904042
1999.904042
2130.940188
2130.940188
2123.529257
2168.064867
2033.232580
2024.545179
2053.740913
2087.362710
2282.693331
2181.949972
2139.666534
2125.106619
2125.106619
2246.071552
2165.013683
2189.219713
2248.255211
2381.369359
2089.668553
2186.923919
2333.586307
2093.286515
2231.676935
2358.343264
2106.880039
2406.404750
2406.404750
2157.728208
2179.114702
2179.114702
2167.136978
2313.652442
2313.652442
2230.300270
1958.262683
2183.972155
2183.972155
2080.782492
2084.813414
2186.895536
2243.052035
2054.385155
2149.450629
2251.569211
2168.461396
2386.299184
2167.737061
2192.967324
1975.534827
2165.851314
2188.751257
2376.231349
2196.050591
2347.002729
2347.002729
2413.572545
2413.572545
2207.827209
1961.088781
1961.088781
2347.136862
2186.437736
2181.723279
2358.391512
2358.391512
2108.675520
2354.317998
2380.235408
2154.609541
2154.609541
2394.067724
2182.785504
2182.785504
2086.701542
2086.701542
2123.684817
2123.684817
2374.350173
2374.350173
1914.370264
2184.502015
2201.735696
2209.107452
2209.107452
2205.578356
2381.954654
2369.932320
2369.932320
2298.042549
2070.399596
2016.312000
1925.898295
1925.898295
2272.995771
2268.562870
2267.340372
2306.007844
2030.468725
2391.527275
2359.838237
2394.722485
2394.722485
1916.509876
2129.689475
2320.978826
2062.793478
2411.405089
2411.405089
2120.252115
2120.252115
2054.437115
2073.709596
2073.709596
2227.615977
1958.901494
2330.705005
2219.696448
2371.014674
2221.003029
2163.766652
2163.766652
2034.242397
2267.606383
2316.928912
1931.221752
1931.221752
2113.737273
2138.333152
2173.979012
2220.055584
2421.135602
2421.135602
2409.310340
2390.898995
2357.729956
2096.731259
2096.731259
2371.793368
2106.042294
2024.972705
2019.925834
2169.070710
2102.098415
2175.935838
2076.967037
2063.563272
2063.563272
2190.780116
2190.780116
2128.842250
2128.842250
1852.034121
2131.073647
2004.488000
2030.646561
2173.185651
2106.875971
1934.233297
2069.504360
2067.488792
2177.468881
2028.900133
2225.097821
2388.851020
2257.898526
2257.898526
2367.679761
2367.679761
2242.406194
2213.815094
2065.485683
2236.334006
1889.053165
2361.062793
2335.970596
2179.525688
2135.139563
2351.217547
2211.648304
2211.648304
2296.597431
2357.788238
2091.105352
1923.226959
2090.134409
2398.866317
2196.622923
2196.622923
2210.745481
1956.589127
1956.589127
2411.705759
2271.581185
2192.249458
2235.493856
1999.133651
1952.248667
2298.061290
2298.061290
1993.583409
2263.028451
2048.846685
2100.630423
2153.072251
2341.361836
2020.382675
2164.643589
2395.914579
2149.767407
2432.786351
1902.993745
1902.993745
2388.474428
2074.266323
2074.266323
2411.425888
2411.425888
2190.486242
2128.376225
2128.376225
2137.862304
1842.925831
2282.878473
2140.386623
2229.919129
2229.919129
1994.691040
2208.292668
2186.089800
2186.089800
2064.433809
2307.190876
2206.023405
2321.274928
2312.413732
2336.372328
2168.709835
2343.415128
2205.798954
2352.294463
2281.582066
2159.391689
2159.391689
2249.742923
2249.742923
2169.442149
2161.333752
2229.450746
2048.612020
1931.239220
2138.257219
2191.909926
2326.000832
2378.897801
2319.724298
2212.165103
2056.985153
1977.867509
2438.621982
2071.354897
2139.360757
2225.099946
2125.758491
2042.134844
2119.835810
2127.688185
2102.668127
2061.838016
2061.838016
2299.944259
2304.155869
2230.708448
2118.631359
1951.147052
1951.147052
2075.851340
2033.673756
2300.580060
2300.580060
2276.070350
2073.455897
2404.070669
2129.246125
1932.047998
2206.393484
2134.645838
2134.645838
2221.583152
2227.820799
2115.345824
1955.706845
2254.186287
2110.948725
1875.517521
2125.018747
2147.994177
2147.994177
2040.438732
2040.438732
2174.208888
2056.222666
2063.959774
1954.745787
2204.893361
1962.566925
2236.393559
2336.102284
2282.425612
2282.425612
2225.233913
2040.503873
2040.503873
2404.887676
2175.766011
2261.888450
2004.454726
2083.467535
2083.467535
1995.517894
2235.619493
2235.619493
2272.095749
2272.095749
2025.021286
2030.873609
2030.873609
2326.399429
2222.604823
2119.718397
2416.218460
1943.214930
2283.791891
2028.759254
2138.199738
2138.199738
2358.137043
2256.485022
2256.485022
2073.206131
2073.206131
2039.055672
2039.055672
2064.210459
2234.384136
2084.624143
2084.624143
1976.249115
2350.798072
2350.798072
2400.072202
2276.459136
2187.837616
2332.038400
1970.431954
1970.431954
2194.806361
2175.028550
2299.553364
2299.553364
2153.702839
2147.341068
2147.341068
2237.406493
2022.857459
1950.707842
1950.707842
2062.274607
2292.982204
2082.546565
2290.034143
2290.034143
2128.421135
2078.165989
2394.995196
2092.869589
1974.010950
2056.148241
2245.539407
2087.320694
2103.271784
2239.862579
2176.206391
2126.621382
2126.621382
2194.060830
2194.060830
1964.687079
2154.885487
2328.304379
2375.354116
2325.516893
2282.750011
2257.584786
2257.584786
2059.921698
2186.207934
2218.622386
2218.622386
2297.632949
2161.849352
2161.849352
2396.436775
2228.481997
2263.986614
1974.679820
2089.017582
1990.210922
2381.018570
2232.599919
2232.599919
2358.403646
2154.091288
2142.832972
2257.878600
2020.998905
1989.161480
1954.313490
1902.454055
2339.566301
2081.462061
2081.462061
2256.984725
2301.499951
2158.833517
2428.742908
2268.339225
2332.831071
2309.764415
2195.226518
2184.192242
2386.984841
2059.402267
2055.115036
2262.114359
2167.416414
2057.533090
2411.556345
2182.906659
2182.906659
2209.509387
2138.474646
2046.294307
2208.798663
2356.709147
2059.133271
2125.453273
2031.386066
2041.242443
2089.872556
2295.245208
2165.624011
2417.129535
2128.863684
2334.219119
2160.146877
2160.146877
1925.596676
1925.596676
2051.799771
2189.414793
2143.849879
2293.588638
2255.057946
2162.828623
1935.160449
2411.984872
2277.838153
2276.659488
2268.695376
2064.345437
2291.112842
2368.811160
2309.705576
2309.705576
2190.430732
2276.062114
2301.789032
2301.789032
2340.800209
2187.028584
2347.809150
2347.809150
1973.922105
2165.131310
2208.775515
2208.775515
2296.414432
2296.414432
2057.414515
2078.721450
2067.663312
2067.663312
2104.489044
2189.423615
2216.109637
2171.363734
2390.046140
2202.328067
2293.916510
2154.839600
2382.287010
2187.493737
1995.231331
2212.348239
2404.965503
2131.976052
2172.498583
2269.651631
1966.363066
2224.708971
2151.837763
2151.837763
1988.315102
2032.009566
2221.453030
1925.869521
2321.344361
2127.580401
1935.288873
2394.794369
2389.082884
2389.082884
2035.184404
2276.261338
2136.704410
2086.210589
2053.018508
2282.539647
2282.539647
2116.345627
2018.276970
1977.697127
2117.726329
2021.628598
2008.264517
2402.067615
2045.340557
2267.201041
2270.702038
2318.240732
2269.580993
2066.776315
2386.226469
2268.824582
2227.641935
2227.641935
2111.332340
1968.914003
2318.481134
2233.204396
1970.970317
2107.642379
2107.642379
2247.440178
2247.440178
2204.795774
2176.366782
2051.081019
2051.081019
2348.080374
2187.821596
1998.995222
1998.995222
2418.480941
1943.561703
2217.496672
2046.428060
2007.097633
1990.115996
2190.572078
2190.572078
2266.351509
2306.055523
2306.055523
2240.900757
2157.172278
2021.145202
2171.226353
2290.363007
2290.363007
2234.446093
2169.789671
2186.976079
2178.781484
2052.345571
2162.011372
2292.403478
2195.468832
1964.228093
1964.228093
2129.268006
2129.343715
2363.001494
2363.001494
2254.798438
2254.798438
2404.385255
2328.735676
2267.651938
2277.556350
2209.871033
2060.642358
1983.825728
1919.983450
2149.095586
2010.601296
2283.779748
2428.539840
2318.688704
2208.492934
2208.492934
2220.040536
1994.028304
2113.589225
2071.359344
2301.166524
2429.180122
2002.651461
2075.321466
2233.089738
2138.153148
1989.578591
2281.206287
2281.206287
2388.079692
2160.667616
2319.739296
2131.959541
2209.598051
1991.992820
2082.099143
2193.617092
2243.685809
2159.000040
2080.734457
2080.734457
2099.573425
2281.627966
2408.936607
2408.936607
2341.471110
2290.921187
2396.434678
1965.752262
2136.200971
2160.520505
2317.009940
2317.009940
2268.953589
2420.498783
2420.498783
2206.602317
2192.355264
2224.704486
2224.704486
2297.635067
2206.739224
2339.657212
2188.887721
2081.738921
2144.401291
2144.401291
1875.470145
2011.291126
2207.480211
2207.480211
2385.666449
2375.373230
2018.257573
1952.102552
1952.102552
2010.561970
2010.561970
2115.452391
2115.452391
2034.532889
2034.532889
1968.071253
2160.659322
2160.659322
2220.483431
2125.910026
2084.388943
2098.410463
1962.212104
1982.255418
2167.913715
2253.736791
2206.599913
2282.888897
2282.888897
2128.251852
2128.251852
2009.789606
2261.977071
2236.739416
2407.307851
2089.805318
2089.805318
2357.621308
2043.622259
2260.744616
2260.744616
2256.649124
2054.408773
2054.408773
2226.914019
2015.413530
2169.861534
1934.728290
2138.533829
2058.080600
1981.021768
2020.092073
2020.092073
2239.279928
2239.279928
2206.542184
2206.542184
1928.116434
2073.324159
2284.234213
2128.823369
1941.386908
1941.386908
2353.114804
2043.556482
2043.556482
2402.306774
2345.152332
2063.093176
2264.423680
2264.423680
2005.251351
2391.145977
2230.225921
2110.055843
2121.394042
1887.334331
2237.095314
2171.872268
2171.872268
2098.551447
2098.551447
2248.051077
2109.410532
2149.001780
2148.683920
2083.613311
1841.792809
2078.632076
2003.161429
2003.161429
2316.098511
2203.492023
2034.031540
2181.255241
2041.857170
2225.822585
2194.510158
2095.169884
2063.275867
1971.132808
2418.603949
2220.453755
2220.453755
2090.969248
2140.788909
2131.347820
2412.392994
2038.941791
2038.941791
2161.279106
2144.124418
2144.124418
2347.932786
2165.281598
2324.641148
2106.039646
2106.022797
2438.454127
2129.980075
2077.929808
2130.983483
2019.748943
2116.335075
2186.328713
2130.047212
2037.123992
2132.585115
2145.786808
2216.333415
1961.989289
2326.070610
2230.863076
2083.338831
1969.408754
2289.215549
2112.716111
2128.970590
2029.328372
2029.328372
2241.956672
2266.958279
2382.119005
2226.308302
2346.942451
2346.942451
1897.091889
1897.091889
2244.093433
2123.612424
2123.612424
2299.278253
2299.278253
2374.955728
2184.568843
2255.939478
2181.789728
2328.782744
1990.053832
2305.484099
2187.895159
2088.107726
1939.785077
1939.785077
2252.511848
2344.401131
2013.067171
2217.645211
1963.774122
2176.995718
2370.557426
2081.707917
2377.138651
2229.484952
2265.896376
2091.050296
2091.050296
1963.562613
2160.956810
2144.513692
2374.596557
2374.596557
2209.726598
2095.889846
2395.343745
2422.600720
2264.265711
2205.906085
2190.672193
2105.590599
2134.163523
2209.900167
2209.900167
2097.964254
2144.691985
2213.081561
2150.414677
2349.479727
2148.466644
2382.571845
2097.113245
2097.113245
2310.670272
2310.670272
2092.793810
2252.384608
2198.927850
2198.927850
2233.404037
2332.917025
2057.703203
2278.138879
2411.360539
2132.609349
2174.583038
2243.049640
2031.938273
2224.661142
2169.353944
2097.078280
2193.677122
1958.676921
2410.010342
2018.261765
2139.513416
2139.513416
2214.923436
2207.246738
2302.951192
2021.874744
2275.681273
2175.761277
2162.237726
1867.499977
1967.725970
2096.669348
2027.112101
2027.112101
2325.244050
2080.848778
2386.564843
2005.487772
2189.434030
2241.971463
2117.781934
2007.277828
2174.278100
2174.278100
2174.060577
2029.161581
2047.738710
2247.103749
2320.729797
2385.499412
2385.499412
1931.241815
1985.525584
2270.265900
2270.265900
2157.393789
2333.166447
2333.166447
2284.213080
2316.170916
2082.394308
2068.373815
2348.622191
2155.255791
1950.260549
2110.403351
2070.564974
2169.399483
2001.978364
2005.675122
2252.701867
2393.809008
2393.809008
2293.138221
2387.188378
2052.765801
2391.213449
2113.176866
2099.857544
2049.308666
2285.297475
2285.297475
2431.238107
2156.695547
2084.675638
2349.224235
2346.589420
2091.695132
2062.226093
2062.226093
2162.292496
2312.419956
2247.201881
2369.697820
2144.505957
2144.505957
2266.467113
2266.467113
2237.737381
2073.898335
2390.830572
1988.922101
1988.922101
2020.178340
2160.301662
2037.621185
2037.621185
2066.114136
1959.413307
2184.592447
2116.800639
2323.998167
2085.113525
2304.046865
2304.046865
2327.077229
2327.077229
2381.877562
2136.292901
2118.767299
2096.782891
2227.531480
2346.614026
2359.983693
2106.487152
2242.966187
1988.491363
2134.661439
2060.183024
2069.552957
2321.424513
2270.115208
2355.151324
2118.031888
2137.877003
2106.999375
2106.999375
2082.774574
2056.978585
2101.056959
2095.804556
1879.743220
2062.675481
2159.507027
2141.459833
2168.295956
2055.760335
2372.974965
2381.138027
2337.820416
2342.061110
2404.267924
2055.093781
2372.399950
2062.731832
2144.234074
2143.669913
2076.032307
2269.223018
2050.924112
1941.868075
2052.980537
2093.504127
2158.809166
2177.149598
2216.142845
2074.501426
1971.854890
2293.554209
2043.772868
2112.521768
2325.626670
2067.709026
2067.709026
2254.201900
1938.563763
2321.812451
2402.726042
2402.726042
2215.585182
2098.638232
2221.782601
1877.125819
2023.958305
2023.958305
2025.191325
2237.144707
2378.233038
2135.901493
1977.882784
2151.196190
2292.485210
2167.430463
2096.914144
2215.943336
2428.833905
2111.632050
1863.439678
1863.439678
2216.748688
2399.594106
2399.594106
2109.839753
1877.234641
2154.478347
2332.003963
2189.471126
2060.903199
2090.002304
2090.002304
2313.241612
2313.241612
2267.601183
2101.644481
1907.393710
2231.689391
2231.689391
2229.026248
2167.743990
2167.743990
2002.918616
1911.595843
2325.649890
2292.781257
2328.070705
2052.562037
2292.837979
2172.382360
2109.747388
2209.736778
2271.173289
2230.974266
2166.692262
2148.207525
2067.181184
2136.623727
2193.240448
1934.796073
2296.376073
2342.544272
2201.384926
2090.790262
2084.413725
2019.952794
1985.531828
2123.973182
2185.537540
2185.537540
2300.536249
2300.536249
2156.923723
2012.650592
2192.255810
2189.920753
2172.407146
2321.570519
2205.584029
2410.124721
2410.124721
2166.268951
2093.779101
1977.486393
2119.431419
2311.314930
2251.241098
2092.109906
2187.207326
2372.790819
2280.819062
1957.229087
1957.229087
2018.940273
1942.124912
2194.958995
2123.214125
2087.860052
2395.178037
2395.178037
2083.643929
2083.643929
2335.652002
2260.166728
2260.166728
2142.688190
2240.552877
2106.424082
2372.497423
1897.663014
2036.160470
2203.894642
2203.894642
2283.235397
1985.586841
2091.583382
1914.793918
2107.970196
2135.821613
2135.821613
2190.053870
1944.385387
2177.680523
2278.501402
2092.116323
2012.545303
2012.545303
2213.543601
2077.855452
2270.044147
2023.597277
2223.763887
2360.399261
2360.399261
2236.950750
2270.005988
2302.635366
2302.635366
2064.441814
1998.599533
2157.633807
2390.568716
2195.872784
2206.723570
2329.312373
2329.312373
2056.660914
2056.660914
1984.191988
2172.281874
1910.818408
2105.933359
2098.199185
2107.038691
2117.483724
1951.156643
1935.965512
2267.396270
2114.806321
2151.453337
2175.772262
1979.568817
2210.146252
1991.898278
2304.206059
2340.478225
2377.221528
2038.500394
1908.971854
2182.160130
2068.459938
2299.486792
2299.486792
2077.276636
2390.054832
2147.050461
2406.229782
2344.625617
2052.428462
2052.428462
2426.126853
2187.999285
2149.675897
2071.368894
2126.431808
2126.431808
2251.149404
1942.916902
2397.293354
2109.850174
2277.437711
2145.645375
2182.217030
2151.885935
1926.024277
1926.024277
2162.452203
2074.063302
1922.409190
2202.295304
2202.295304
2273.250241
1942.477197
1967.574369
2386.178297
2412.960584
2267.495635
2356.110249
2113.174548
2150.592356
2011.759225
2176.774934
2282.026025
2260.275957
2074.727280
2327.687213
2331.311425
2101.897404
2368.197285
2085.652527
2226.515014
2089.648278
2154.614277
2165.471513
2070.010059
2027.286654
2041.127029
1944.229704
2043.128972
2043.128972
2220.516399
2220.516399
2248.052593
2061.166613
2283.536572
2230.209218
2338.901621
2138.708561
2434.674766
2368.635701
1985.725566
2340.941712
2380.573783
2237.131886
2237.131886
2343.307719
2249.761169
2386.690119
1934.437665
2017.606398
2301.311147
2392.823725
2392.823725
2135.932748
2096.507654
1993.549947
1937.363232
2039.097948
2331.898751
2331.898751
2026.919216
2124.736308
2327.792612
2096.634577
2163.589911
2162.715717
2073.261191
2169.982236
2159.316657
2397.956446
2315.289926
1942.398195
2182.736364
2182.736364
2043.069635
2198.510516
2142.462426
2011.963664
2253.741973
2284.765145
2364.501549
2263.770461
1954.945203
2138.777876
1870.686442
1870.686442
2026.849802
2113.633715
2148.561092
2285.053801
2226.231073
2242.023218
2207.285765
2038.429272
2232.752704
2018.613303
2018.613303
2014.053111
2318.743017
2269.517555
1954.342630
2193.533630
1941.532062
2222.797223
2256.219637
2107.491803
2072.268062
2382.223882
2371.814777
2391.175035
2100.217247
2389.205627
2323.548093
2323.159708
2299.911462
2153.877538
2172.658485
2161.963461
2287.397673
2287.397673
2253.086852
2371.853022
2167.655501
2143.580282
2146.295943
2397.746470
2028.602001
2220.227873
2364.323218
2203.261188
1998.492064
1967.778947
2092.947293
2092.947293
1968.713395
2127.416425
2129.198214
2283.123237
2174.042923
2261.430504
2117.397291
2138.878402
2235.846407
2132.935371
2349.522804
2078.377476
2078.377476
2177.514215
2121.938974
2348.834846
2156.144808
2156.144808
2172.248769
2099.263787
2072.990357
2008.054006
2228.097685
2105.084265
2229.689048
2271.536654
2234.455987
2170.977058
2248.049513
2266.539856
2213.818380
2035.145594
2281.825273
2088.447302
2088.447302
2328.793987
2012.723767
1980.763058
2087.497450
2115.199839
2119.538162
1988.851806
2093.406461
2273.657063
2431.056713
2431.056713
1951.898782
2132.153032
2313.517888
2023.362006
2216.218274
2129.552176
2104.747370
2030.991536
2016.751887
2426.915937
2238.141794
2238.141794
2219.988533
2311.058646
2346.114165
2115.800240
2078.299478
2243.733593
2380.637751
2324.093185
2290.667346
2072.003732
2169.019153
2207.877385
2212.934936
2103.948561
2171.880680
2018.540754
2073.105815
2380.330882
2380.330882
2209.101357
1948.009213
2181.519801
2085.858286
2002.573625
2002.573625
2326.977130
2326.977130
2054.961144
2219.379420
2050.533920
2045.614628
2252.815435
1985.441093
2147.605517
2060.479718
2276.417804
2276.417804
2285.510850
2005.399381
2255.921315
2165.203340
2255.386994
2193.460444
2248.864246
2080.109275
2211.553315
2390.401158
2258.682862
2418.184836
2050.774802
2220.078072
2144.817594
2094.164656
2064.994141
2146.768413
1936.506632
2186.850373
2239.796980
2217.864900
2310.843833
2069.483168
2016.236415
2081.540184
2323.312439
1947.401978
2293.935807
2196.018056
2226.731301
2344.818497
2265.528571
2235.820221
2226.349102
2194.940352
2187.001997
2189.351117
2114.622273
2384.119317
2244.303455
2403.820983
2159.758675
2107.677170
2153.152252
2243.889669
1988.565187
2066.649920
2253.212638
2257.235028
2157.396555
2386.355300
2385.754372
2240.381842
2088.444728
2304.887739
2304.887739
2305.110966
2305.110966
2146.656891
2112.790867
1981.080197
2227.336527
1993.497326
2183.733466
2412.492888
2201.552646
2354.826907
2180.197000
1917.251491
1917.251491
1974.032180
2230.085882
1906.956973
1906.956973
2069.697828
2163.261467
2150.489453
2153.174839
1926.633914
2120.467646
2199.260266
2194.802121
2182.260880
2359.185807
2359.185807
2141.363825
2124.434790
2166.506702
1961.493622
2151.700746
2242.197499
2079.054753
2272.883045
2138.838357
2040.827838
2342.134378
2318.669588
2077.923956
2249.068649
2244.777813
2244.540378
2209.406941
2020.655450
2177.557361
2167.035679
2167.035679
2379.266900
2056.843782
2056.843782
2037.684959
2359.983805
2230.996131
2016.986248
2106.914171
2354.052471
2019.538004
2198.410250
2140.427170
2097.359516
2097.359516
2433.410451
2300.760774
2257.926218
2093.132941
2382.351220
2081.300196
1892.288873
2302.787682
2302.787682
2210.880100
2210.880100
2073.809310
2215.992954
2270.947591
2233.036392
2233.036392
2144.813609
2120.731699
2092.259190
2046.871166
1950.846293
2193.108424
2230.882728
2230.882728
2018.652753
2054.434858
2054.434858
2089.383957
2130.252313
2130.252313
2368.220318
2072.186288
2072.186288
2122.482967
1985.610347
2256.949489
2013.870807
2051.942293
2247.977801
2247.977801
2045.865878
2045.865878
2409.976151
2290.628108
2311.385114
2332.928077
2217.376592
2079.358933
1980.864777
2109.278054
2109.278054
2226.799248
2243.071580
2254.045312
2430.284472
2082.153284
2110.316864
2284.147044
2269.511933
2269.511933
2149.115662
2309.663948
2309.663948
2115.761694
2018.890907
2018.890907
1912.364249
2122.914702
1982.421213
2195.123911
2382.617550
2337.715515
1940.182712
2050.839088
2157.005929
2208.595943
2363.999153
2185.422347
2185.422347
2056.202955
2404.366155
2404.366155
2281.947494
2323.840866
2048.616421
2048.616421
2139.530086
2420.689080
1830.243500
1830.243500
2376.364299
2144.555960
2118.471832
2202.453656
2229.312263
2117.153806
2268.445844
2177.531633
2397.279907
2021.433622
2011.530656
2180.556897
2240.082199
2444.512418
2182.796218
2146.821013
2202.260860
2332.460111
2004.611929
2114.048220
2233.354431
2238.197875
2384.244476
2413.177929
2265.142929
2149.321258
2219.403827
1885.097649
2312.391481
2034.547412
2034.547412
2091.183199
2291.554365
2317.972244
2101.480277
2093.535233
2126.989596
2099.957513
2099.957513
2114.884464
2379.745465
2181.723780
2240.367884
2052.452181
2041.536788
2037.303021
2158.933972
2158.933972
2169.641628
2169.641628
2283.606906
2029.011778
2265.612830
2372.705575
2201.092653
2104.159015
2366.961785
2338.388132
2338.388132
2164.158339
2164.158339
2109.890689
2135.913608
1990.856847
2173.606902
2405.180853
2042.262386
2280.600243
2080.550292
2080.550292
2203.458510
2029.803583
2228.143459
2051.796035
2021.111314
2310.338575
1999.054617
1947.698773
2149.297064
2232.289173
2289.097999
2158.190113
2246.436119
2306.723778
2017.817989
2114.550792
2318.937009
2137.820885
2137.820885
2140.236092
2123.895060
2112.633021
2388.775115
2388.775115
1971.768970
2163.122166
2220.117146
2199.154160
2030.476091
2030.476091
2046.719558
2040.064865
2356.228409
2128.388294
2243.239756
2327.217418
1896.937661
2268.890607
2263.052236
2024.295398
2350.441395
2095.686446
1995.680991
1907.434845
2328.384130
2248.388959
2101.674962
2122.451139
2427.439667
1921.990616
2215.263757
2284.032965
2241.843875
2405.712975
2277.987428
1995.734694
2134.182036
2194.132885
2222.568291
2135.886422
2013.712118
2013.712118
2152.645178
2268.818937
2420.547368
2019.776014
2335.800504
2363.490894
2180.133385
1990.966803
2258.356571
2088.993446
2364.263866
2364.263866
2038.862435
2393.603342
2127.256219
2324.636112
2359.953303
2358.523366
2418.135892
2127.565302
2101.682602
1951.445828
2327.117015
2155.725686
2278.556805
2107.015947
1942.238079
1942.238079
2291.549341
2068.953893
2281.269091
2281.269091
2196.814852
2179.577207
2075.699737
2000.288187
2183.152772
2119.511163
1996.289490
1959.152339
2229.615838
2108.992378
2300.634788
2131.323241
2207.152871
2088.705762
2208.636775
2027.532938
2168.823134
1977.288056
2369.448421
2184.839750
2199.460709
2273.333618
2279.639299
2122.836854
2261.696221
2160.400986
2246.653210
2086.188749
2290.585162
2247.427704
2146.215459
2192.692768
2192.692768
1974.458481
2254.763786
2270.156072
2338.692510
1904.836100
2086.683137
2043.963063
2043.963063
2090.371159
2260.978815
2150.763890
1967.228244
2297.313854
2286.610354
2146.379414
2225.193504
1996.888945
2165.671544
2393.970437
2266.618311
2341.298934
2341.298934
2163.163294
2093.467158
2262.459780
2010.321697
2120.643244
1893.173639
2232.023125
2411.553340
2172.765071
2172.765071
2217.572089
2044.816347
2227.324634
2227.324634
2093.005298
1954.141319
2110.223617
1998.446670
2294.461645
2204.372878
2232.086710
2123.163705
2223.414759
2091.948136
2029.046744
2188.451383
2123.694803
1897.163612
2087.333637
2092.292511
2261.238220
2172.509733
2172.509733
2133.218390
2154.741034
2154.741034
2017.371256
2383.265471
2168.995857
2218.217127
2165.979548
2255.162699
2044.438217
2293.713634
2307.598272
2286.298036
2286.298036
2036.346528
1894.507243
2255.269090
1954.027582
2225.409106
2180.945863
2180.945863
2076.362164
2140.174765
2275.216003
1971.784778
2318.757155
2371.193951
2225.393210
2172.673773
2119.530696
2045.451603
2131.531667
2118.824407
2118.824407
2075.370258
2210.122918
2128.719798
2428.839665
2345.124285
2377.729066
2333.957075
2344.553764
2212.716648
2226.197868
2167.659955
2425.829921
2194.135925
2194.135925
2274.049333
2092.447154
2079.426361
2247.315856
2027.627234
1945.859513
2442.512024
2212.954613
2212.954613
1990.866755
2379.417376
2283.064668
2255.356570
2160.195768
2007.679252
2092.016598
1977.515751
1908.847268
2077.995815
2171.489492
2061.990803
2176.860753
2176.860753
2045.325057
2107.457696
2107.457696
2219.763696
2135.999797
2038.074996
2044.062590
2083.826169
2193.268619
2300.709472
2131.979518
2338.066976
2230.598533
2041.927771
2120.190616
2347.302167
1940.718016
2229.045452
2385.692534
1936.227389
2368.264784
2114.721520
2114.721520
2165.395111
2165.395111
2143.253083
2143.253083
2032.831229
2046.508885
2132.942277
2034.571861
2211.715526
2344.388332
2306.807735
2008.933667
2208.971513
2249.366369
2199.941528
2026.971201
2147.943733
2362.258546
2040.025331
2144.160473
2151.658158
2128.121063
2262.968906
2244.659009
2314.582032
2104.277854
2023.282121
2253.416506
2255.249132
2181.923908
2047.570351
1974.587191
2162.313667
2084.849305
2126.010930
2399.128663
2326.649625
1992.747276
2399.177773
2219.935358
2278.742564
2278.742564
2334.807840
2198.248271
2208.898332
2126.555586
2182.504605
2168.481863
2328.932643
2269.447673
2067.510654
2114.684312
2183.245650
2109.085002
2096.334816
2255.769013
2333.565456
2238.179502
2157.379606
2300.485999
2065.734642
2072.386178
2164.834547
2164.834547
2326.923735
2266.435065
2280.254319
2280.254319
2256.796734
2154.005993
1998.764053
2082.822361
2386.508981
2036.885658
2036.885658
2239.486458
2047.209663
2053.529592
2056.340000
2297.390997
2279.549850
2378.717955
2003.296053
2146.217190
2045.529028
2339.384858
2238.394139
2206.011798
2106.811751
1971.757347
2196.903718
2387.514487
2212.221871
2352.968985
2003.863726
2337.759611
2098.266086
2013.508625
2141.775778
2038.911385
2118.987152
2388.001836
2175.539172
2018.168095
2015.245565
2159.587603
2245.616083
2031.778691
2174.546171
2174.546171
2037.874388
2136.787372
2194.291831
2165.187333
1985.171631
2256.678248
2231.020792
2108.201309
1936.771522
2087.703288
2108.008085
2295.927882
2044.286511
2025.993260
2311.817724
2311.817724
2145.112035
2044.063042
2146.761930
2212.940406
2212.940406
2432.148752
2315.947388
2121.448260
2120.298287
2214.889452
2142.109104
2142.109104
2403.285502
2371.784157
2388.369829
2370.526075
2031.443977
2318.366035
2238.929128
2257.362369
2091.594812
2343.775814
2243.435861
2006.754500
2202.274102
2114.740005
1930.607460
2398.328702
2368.812178
2147.720508
1953.590830
2185.156077
2118.465624
2093.903048
1877.328029
2158.725978
2231.662219
2069.261870
2312.765660
2145.009173
2145.009173
2117.584265
2020.712023
2004.462699
2089.199858
1849.185042
2071.559079
2369.344524
2008.987687
1988.330860
1988.330860
2203.495903
2114.296627
2124.455111
2168.242651
2168.242651
2088.138768
2226.197134
2250.672691
2178.494764
2082.809190
2356.955847
2209.438449
2080.819356
2296.003511
2292.737789
2242.197639
2318.516810
1917.647460
1943.671859
2402.090909
2292.613858
2215.739528
2086.046038
2086.046038
1998.247351
2326.327981
2390.212254
2031.981817
2290.122184
2143.190012
2143.190012
2140.959566
2397.619747
2391.244229
2256.654036
2250.511817
2128.969621
2324.467557
1964.523640
2073.629384
2048.510964
2230.843923
2234.736290
2291.196087
2120.146625
2220.147793
2335.550927
2353.185609
2353.185609
2244.119571
2329.940508
2030.022218
2302.611478
2100.837526
2147.896543
2019.780125
2008.219888
2202.741414
2246.266894
1955.615328
1955.615328
2069.538169
2069.538169
2070.024151
2193.719764
2037.196661
2257.416283
2198.440739
2054.717702
1939.550803
2185.976487
2187.808572
2291.688715
2336.503238
2185.552000
2097.016810
2097.016810
2232.377633
2232.377633
2344.034891
2290.829145
2027.598948
2142.306905
2080.939069
2200.003855
2393.370985
2195.817407
1926.785703
2271.738432
2318.143228
2229.125466
1990.780303
2223.635967
2178.621556
2207.164398
2042.645391
2187.959869
2151.211738
2247.073648
2077.289662
2311.063522
2033.699587
1947.595711
2215.463931
2256.448500
2425.417080
2236.497278
1954.307017
2389.732877
1984.606512
2206.022862
1997.005459
2074.052151
2229.956979
2287.738382
2126.498212
2399.821198
2093.503969
2006.525060
2039.134230
2209.346744
2196.287043
2006.366298
2003.889722
1974.531767
2038.057335
2369.568361
2255.206699
2088.688505
2149.949705
1955.843470
1975.373509
2074.582755
2090.813656
2090.813656
2071.134654
2305.303728
2041.355179
2085.092466
2297.346418
2225.838385
2319.239773
2208.637083
2184.263915
2034.360293
2091.194540
1955.388622
1955.388622
2008.858443
2157.673964
2063.759961
2007.424930
2151.509324
2052.433667
2077.659416
2159.527882
2353.759689
1921.380447
1982.145433
2199.426653
2136.801247
2136.801247
2279.580014
2333.988254
2035.800943
2243.867186
2375.295048
2155.143656
2165.388194
2140.494961
2117.200099
1999.470737
2165.791320
2211.454048
2211.454048
2043.917111
2037.315921
2146.771398
1885.501422
2086.764726
2086.764726
2181.675323
2281.699913
2216.011684
2326.230811
2401.513571
2340.841966
2269.326191
2349.023532
2213.443810
2179.549529
2070.319337
2150.683509
2401.496922
2064.248309
2149.683225
2231.391633
2380.649122
2091.796364
2082.610881
2224.886163
2137.695561
2000.669329
2051.310115
2218.181695
2181.807491
2005.775839
2249.351291
2046.378661
2166.080443
2193.979314
2143.130066
2014.978436
2346.385992
2039.969224
1987.347219
2230.648215
2315.772225
2093.289336
2165.953129
2187.986977
2134.256359
2275.564537
2341.934787
2101.673825
2273.944724
2158.050887
2027.649693
2064.811009
2147.661203
2091.226941
2225.273909
2104.647127
2104.647127
2294.152752
2409.769775
2188.687340
2027.261162
2049.771998
2203.763702
2308.080720
2274.806984
2015.845988
2169.886400
2092.740431
2353.922618
2111.994928
2230.706595
2236.673369
2236.673369
2292.986665
2226.196064
2153.369749
2171.231931
2330.898690
1995.817036
2068.071639
2103.418712
2379.726217
2046.064144
2281.579221
2245.255953
1969.354079
2232.947098
2082.078280
2136.103056
2163.080594
2300.459352
2109.600929
2096.252558
2109.838256
2092.591669
2188.599688
2311.895716
2001.417192
2129.433869
2254.534793
2054.132651
2054.132651
2093.330968
2433.286761
2277.715913
2209.006239
2075.431500
2270.340869
2102.846359
1834.541364
2196.242216
2196.242216
2389.862790
2170.781814
2318.942943
2042.951511
2096.057605
2081.118731
2320.140614
2394.889687
2288.989279
2129.069581
2203.306616
1959.785945
1959.785945
2200.430984
2200.430984
2059.971145
1995.802091
2267.505325
2104.961024
2056.387207
2067.248799
2015.492718
2180.223033
2235.717847
2041.214363
2172.872430
2016.912757
2149.855204
2051.092424
2232.658727
2272.867361
2253.779647
1998.080977
2111.201826
2111.201826
2051.683069
2020.836766
2163.923499
2213.395799
2248.168856
1996.551988
2271.229717
1962.672832
1981.556595
2316.248590
2016.625353
1988.673420
2115.083811
1991.885132
2231.580368
2379.777279
1965.243056
2305.787394
2113.151959
2329.236979
2168.879816
2360.335563
2030.243683
2224.550532
2112.059540
2112.059540
2146.448369
2265.787947
2129.744580
2395.907759
2132.499536
2141.790281
2168.798081
2058.428598
2403.797031
2272.207769
2026.919037
2005.684838
2024.642364
1993.075040
2158.294839
2020.742969
2176.346840
2280.397328
2243.918665
2118.051040
2146.603514
2146.603514
2161.768873
2190.619246
2034.340069
2381.954584
2207.244134
1962.919655
2136.476721
2110.800929
2127.274328
2178.516254
2148.244864
2390.230865
2207.576895
2371.953050
2171.934993
2133.273948
2228.009922
2011.266770
2156.639805
2014.280764
2014.280764
2219.007018
2051.257850
2051.257850
2124.793582
2139.061629
2233.334712
2233.334712
2150.318181
2226.900704
2001.983928
2111.175542
2177.814957
2284.241664
2139.753311
2181.408933
2157.327991
2070.534278
1935.992121
2187.319167
2205.110903
2141.089304
2123.809399
2162.225459
2162.225459
2004.603306
2284.462153
2115.828442
2115.828442
2259.997951
2109.694388
2178.861745
2190.076648
2173.443029
2426.047450
2011.747749
2215.696224
2253.649332
2220.210260
2278.381012
2254.007719
2085.384828
2410.218493
1840.535559
2056.400229
2128.222071
2266.176859
2167.584284
2295.085192
2183.114710
2183.114710
2209.279737
2098.871293
2249.916334
2247.664254
2247.664254
2078.253735
2224.030611
2085.542991
2248.266215
2178.657955
1972.109795
2134.513693
2214.348576
2365.114146
2313.484095
2221.802373
2224.104334
2309.480446
2144.982812
2266.129013
2168.709358
2267.318750
1995.208960
2069.590248
2377.206603
2216.829218
2086.005619
2046.483804
2178.468995
2144.877968
2281.640641
2266.105590
2296.842197
2038.522626
2000.635778
1976.011226
2170.271317
2386.471775
2135.245047
2385.147122
2208.671292
2162.837636
2385.315077
2269.567358
2173.839816
2345.839973
2361.921706
2202.504891
2195.532316
1962.615506
2071.106357
2155.273376
2127.975563
1970.719260
2301.409574
2106.294509
2129.686126
2082.904373
2338.589292
2101.031091
2056.888205
1943.574551
1933.187635
2268.327423
2400.197312
2112.280095
2340.539554
2408.183486
2368.150064
2267.207059
2004.084774
2162.052957
2162.052957
2150.640136
1987.779686
2195.455512
1978.817670
2337.351415
2239.531463
2268.891089
1963.722618
1963.722618
2123.114560
2119.499191
2228.876425
2198.846919
2166.692467
2062.098588
2019.918311
2282.611166
1952.183650
2001.002541
2022.708393
2120.469535
2131.476443
2088.509079
2193.403699
2293.886197
2289.621670
2127.887771
2033.278521
2230.583417
2079.103555
2093.972583
2196.493304
2232.289827
2237.464294
2162.376617
2256.852837
2259.405330
2225.958809
2211.025195
2361.100007
2414.123061
2157.114849
2330.584781
1906.576568
2159.683400
2096.826743
2151.381417
2225.113072
2404.126116
2309.378802
1995.790112
2403.886873
2362.185312
2383.046156
2062.424770
2120.901729
2099.782274
2324.373932
1920.884020
2351.176677
2310.123826
2041.440703
2364.801480
2260.135154
2234.379028
2008.606429
2110.292606
2009.812244
2289.292159
2162.434439
2302.179021
2169.168512
2277.150301
2325.607004
1980.247381
2116.901506
2122.196344
2321.118342
1969.101276
2127.958615
2254.854261
2064.337403
1918.441710
2025.069266
2143.769644
2024.927911
2195.166967
2084.119431
2361.899490
2149.311775
2227.122826
1880.796660
1935.707892
2046.771233
2398.650460
2214.945393
2310.990370
2297.017721
2349.627009
2188.101650
1969.739693
2003.364779
2105.700502
2041.345073
1943.393700
2354.459303
2275.117439
2275.117439
2269.766222
2054.269099
2041.475614
2069.904740
2249.096367
2245.925052
2374.179794
2375.969765
2354.647566
1931.043255
2194.029587
2360.999617
2022.647624
2040.404748
2148.999009
2071.751485
2020.944474
2045.017983
2082.509140
2154.805949
2324.219774
2272.827293
2109.358450
2424.564835
1972.839619
2343.745934
2084.495692
2076.984882
2324.269778
2015.670259
2067.603278
2340.704321
2291.678052
2106.892208
2396.268264
2340.299888
2175.218724
2231.712621
2165.117469
2067.041754
2409.715711
2225.263733
2225.263733
2116.277306
2176.527957
2118.335851
2138.141824
2203.787032
2329.996479
2354.937586
2142.232509
2040.177830
2091.440827
2094.846619
2055.784793
2144.096678
2096.157737
2288.212080
1894.770402
2064.817412
2036.344632
2036.344632
2317.672251
1981.933138
2044.573907
2320.197425
2206.209829
2125.678469
2338.180646
2197.423182
2270.902147
2091.354154
2133.263680
2028.184001
2028.184001
2100.351573
2041.780173
2001.093481
2128.258860
2346.479123
2244.954270
2215.941129
2019.274259
2222.515689
2230.254290
2270.577144
2178.582744
2145.158259
2264.124351
2183.831708
1899.684725
2130.112395
2283.014007
2053.125360
2013.451459
2174.237878
1895.243572
2070.237482
2084.962501
1910.484497
1960.038400
2016.499451
2313.938160
2272.489034
2162.866869
2183.565690
2120.843630
2043.507699
2239.600154
2119.548794
2157.340581
2149.033700
2212.493152
2138.588004
1969.425069
2171.572457
2174.080100
2153.637024
2116.378212
2169.724742
2169.724742
2195.571458
2043.195927
1938.142581
2302.817902
2048.602590
2360.774927
2235.834932
2008.945486
2187.326330
2155.759941
2193.025250
2259.555340
2297.763000
1975.278947
1866.034578
2169.270253
2169.270253
2413.405570
2230.864819
2364.895225
2247.881893
1896.386088
2168.485371
2166.604055
2161.164770
2259.869421
2207.277871
2212.956671
1969.146459
2290.351985
2198.211854
2378.659981
2175.515969
2111.662781
2367.833737
1903.218366
2134.952194
2378.759117
2175.248883
2309.865768
2158.679749
2175.858859
2125.531418
2313.073410
2001.285469
2271.172379
2001.721970
2194.765748
2249.153520
1982.462865
2108.416072
2112.500189
1950.114560
2148.455008
2223.919218
2095.193151
2321.692916
2179.446794
2297.714402
2209.699126
2366.444073
2287.191023
2087.650310
2193.870768
2174.986436
2080.323521
2068.610907
2072.533879
2173.280148
2184.250778
2339.709616
2133.542006
2050.404758
2402.304376
2182.263525
2390.369125
2116.404313
2376.522573
2035.722929
2028.046794
1986.424053
2186.142418
1978.981848
2122.157221
2110.145142
2107.954336
2117.927987
2413.649031
2395.024004
2088.243508
2050.754689
2049.243756
2142.183954
2084.775263
2116.442538
2178.485049
2148.348790
2205.592824
2044.085184
1999.111465
1912.411434
2114.813056
2023.197499
2070.987811
2085.491145
1970.365388
1969.965163
2208.785331
2152.078452
2168.921998
2188.417270
2119.593549
2199.056992
2062.351023
2064.876462
2072.611938
2277.705021
2413.395245
1939.385050
2390.713534
2174.537933
2312.775818
2276.662083
2292.432206
1978.745889
1950.033417
2275.228499
2173.527208
2125.443963
2256.826752
2103.682033
2090.295127
2152.534214
2095.812352
2208.239511
2226.653862
2338.379655
2019.072453
1907.518252
2010.834803
2072.714938
2111.261754
1995.350184
2108.025401
1970.825961
2234.781484
2034.043061
2032.318601
2168.124841
2013.923762
2236.613841
2051.316863
2181.581037
2371.338030
2007.980511
2275.589428
1989.203306
2250.551000
2043.014985
1985.351378
1939.097405
2182.890824
2178.694509
2118.223609
2163.082046
2192.578322
2262.908993
2397.661040
2183.641056
1978.125078
2336.449187
2035.870010
2167.982619
2055.285656
2250.567801
2333.966651
2267.039074
2179.382970
2397.234071
2195.889829
2108.158879
2084.557790
2142.840000
2143.411178
2134.957565
2246.561088
2058.240332
2178.152434
2044.178240
1959.671244
2266.170190
2092.242518
2169.512458
2194.202026
2219.449197
2219.449197
2095.844227
2175.318938
2221.175417
2196.508054
2302.212332
2295.556608
2151.309656
2071.843445
2138.668146
2108.696037
2316.862401
2247.324312
2374.219242
2374.219242
2383.979285
2290.655367
2025.271740
2126.762840
2245.302564
2135.523787
2242.370903
2097.627858
2130.108531
2321.835218
2337.338743
2377.107270
2169.861148
1983.439887
2234.748875
2184.962206
2266.068775
2360.794578
2153.485723
2354.962747
2179.185001
2218.391473
2425.316875
1898.974362
2251.623794
2370.893918
2287.348241
2321.003500
2245.515296
1971.916620
2197.825063
2023.877485
1894.950390
2414.604750
2212.437510
1986.799420
2254.614966
1998.477601
2067.380860
2030.221941
2166.750849
2366.080324
2210.314273
2230.099307
2445.176492
2165.797424
2213.083460
2023.500903
2366.252814
2402.727052
2188.509573
2110.779766
2288.045642
1897.214293
2108.268008
2259.591994
2235.115413
2149.300853
2403.972926
2138.380035
2111.092986
2231.664584
2278.627219
2115.225612
2078.403545
2169.735611
2153.179151
2079.608862
2063.156892
2108.382986
2146.929278
2358.137034
2367.492943
2119.903099
1976.046569
2151.258333
2185.248697
2164.278991
2234.468672
2312.261758
1975.308593
2175.542071
2252.593773
2349.442772
2061.243373
2046.923702
2167.535856
2259.281954
2362.728524
2218.481107
2077.881002
2385.351704
2350.474357
2161.231063
1964.396199
2082.492900
1942.472273
2257.336077
2371.359396
2235.694326
2014.541029
1983.141218
2188.396582
2401.019910
2131.839616
2196.741778
2206.067370
2150.674459
2105.390699
2208.169780
2187.344290
2406.041695
2225.998665
2047.804694
2321.404609
2316.844968
2295.015460
2084.056434
2290.581723
2087.933781
2359.404019
2273.722603
1969.959322
1982.091188
2174.259659
2287.847134
2323.412704
2389.548620
2389.548620
1985.120236
2125.524093
2308.237729
1979.820116
2352.255822
2162.867650
1977.449784
2337.059406
2144.136806
2254.478467
2158.939453
2223.009485
2102.919485
2273.793302
2006.361103
1935.040915
2064.643657
2065.959083
2158.872607
2216.235667
2208.314908
2202.422101
2173.739361
2313.911335
2082.049161
2030.513379
2293.769158
2142.116328
2282.219707
2077.221143
2072.982921
2181.005482
1978.036946
2432.134935
2196.652652
2201.297959
2283.083145
2129.590964
2096.008038
2035.027685
2111.345487
2382.643382
2058.785061
2397.324223
2204.226744
2144.304837
2267.655934
2056.817942
2171.471864
2104.269406
2223.622591
2173.112108
1933.453819
2261.068313
2172.305432
2343.914248
2214.733514
1941.040096
2059.580301
2243.385220
2295.888925
2220.190247
2078.525488
2355.317990
2122.669143
1995.611149
2050.617781
2256.840590
2295.677802
1859.398810
2125.697522
2085.630138
2078.471122
2323.377293
2023.011111
2327.150517
2216.357919
2321.800931
2075.128500
2069.303449
1976.601206
2022.928085
2090.905158
2123.402805
2132.953866
2114.450134
2001.585867
2120.849369
2348.787107
2421.704631
2123.276785
2284.355980
2079.363783
2264.818735
2148.153730
2055.474889
1963.727036
2112.981348
2167.478942
1984.117673
2043.660023
2082.854655
2243.591446
2073.802436
2147.866785
2121.257848
2021.169005
2257.699239
2123.543407
2102.641041
2308.749261
2272.058854
2268.475268
2297.545898
2360.991908
2061.873859
2170.179742
2209.540744
2166.672391
2157.923532
2188.203465
2149.028141
2149.176256
2063.213599
2162.451697
2005.768545
2155.058577
2218.810750
1952.563217
2118.849683
2100.990647
2173.060498
2284.562274
2060.787245
2109.191361
2048.697809
2293.714227
2165.449097
2095.262444
2093.026571
2005.945847
2140.961563
2151.621645
2088.032439
2192.253567
2013.280712
2322.288194
2108.222217
2073.346885
2109.631425
2018.810559
2103.397097
2227.843040
2256.063814
2178.304550
2054.932705
2103.642041
2121.836533
2088.288366
2097.953168
1956.044895
2279.880639
2237.849605
2242.185324
2092.716397
2113.116754
2199.544293
2310.343951
2294.699791
2400.065071
2263.029789
2017.635705
1955.454942
2133.132793
2298.647671
2129.926014
2334.628482
2356.067114
2194.752917
2195.633276
1950.632989
2264.810664
2173.458169
2345.066451
2102.321823
2395.467404
2375.978142
2304.551746
2340.482008
2042.554709
2139.116970
2081.560324
2200.084743
2293.087801
2329.380223
2190.645635
1931.062682
2128.855767
2044.534472
1990.935726
2262.972613
2017.297090
2099.260685
2003.811875
1993.113759
2185.777075
2217.418379
2076.770269
2051.848122
2395.262258
2180.959796
2300.726563
2052.279376
2400.726386
2156.191536
2004.466552
2113.431631
1878.612549
2313.384775
2294.808294
2207.934067
2247.805641
2319.071794
2280.114442
2041.598141
2053.223942
2195.226469
2175.418273
2292.498933
2053.089283
2021.173608
1967.381911
2122.881346
2186.362813
2065.213770
1952.876766
2162.095374
2062.466896
2204.296171
2074.557115
2106.726045
2226.958368
2263.655068
2145.891714
2050.204370
2094.091648
2396.871775
2264.157278
2219.433481
2131.485847
2078.039834
2057.222244
2021.283806
2342.437418
2302.152412
2056.154828
2178.910209
2132.071201
2151.829540
2384.371782
2204.287441
2413.357042
1929.112037
2113.291482
2025.249991
2080.289409
2178.002685
2158.181410
2329.779168
2222.749326
2138.801157
2370.089582
2124.998864
2113.928861
2072.709664
2042.063505
2107.238808
2294.467276
2416.465677
2340.626656
2106.697724
2008.955428
2149.685490
2445.216150
2137.854594
1914.470744
2032.440125
1998.832323
2291.339267
2192.484055
2314.114895
2278.023684
2118.034516
2085.278847
2328.051826
2315.863397
2277.337125
2089.793338
2058.845824
2149.306013
2100.653651
2082.445590
2252.409845
2213.229244
2130.430854
2157.990936
2117.615708
2228.445606
2414.586864
2149.133685
2283.163780
2090.634957
2148.096566
2375.937598
2179.417520
1968.371935
2378.416721
1996.076818
2277.545104
2362.447160
2202.034862
2144.718876
2042.138307
2414.297339
2306.222893
2145.764301
2304.324928
2222.643955
2106.256581
2082.074269
2122.648117
2243.674589
2313.148604
2035.557571
2114.532980
2145.782649
2192.108479
2102.138086
2454.301563
2053.687662
2085.189740
2121.691345
2414.099882
2160.303289
1906.398835
2364.728060
2399.208689
2207.305327
2002.207811
2039.626170
2239.360868
2183.141751
2141.113138
1917.917301
2155.894424
2198.127642
2094.333024
2208.671392
1995.169609
2348.318092
2356.124678
2319.528337
2399.504016
2131.256489
2045.935759
2170.125791
2179.578988
2078.099331
2195.605295
2288.600269
2124.348320
2079.067026
2294.947193
2421.921484
2215.465813
2175.263407
2131.512480
2347.666597
1962.660884
2312.371869
2286.817881
2422.602718
2387.719796
2128.258967
2361.655607
2035.416988
2025.877953
2046.784930
1934.104822
2360.762979
2004.752793
1960.212965
2111.778165
2233.850318
2033.545246
2261.408987
2050.681489
2057.755987
2098.078236
2410.688610
2177.510830
2143.989359
2107.406993
1991.005675
2035.008359
1993.580166
2150.712171
2319.460651
2293.990340
2273.510528
2022.127591
2115.224513
2155.974266
2193.626987
2115.867354
2170.071658
2383.872513
2086.354357
2153.225690
1986.584804
2150.061860
2143.914582
2260.273401
2095.794769
2318.535116
1950.212149
2218.969922
2058.668151
2351.252234
2182.687197
2238.126428
2276.694276
2349.279694
2194.049054
2224.612697
2307.278548
2132.804835
2051.974539
2235.754013
2229.043425
2332.456227
2181.753709
1821.580031
2324.894436
2363.076429
2303.079292
2224.953286
2389.835933
2140.421815
2311.617487
1965.876011
2143.977621
2024.879012
2051.256283
1970.138765
2215.033533
1902.348692
2326.880203
2006.542849
2426.180874
2110.915366
2205.138299
2065.432184
1980.435357
2191.276837
2059.254817
2140.010452
2065.147534
2060.897489
2219.923699
2021.866212
2104.006161
2273.902905
2405.020799
2052.556763
1913.830451
2192.237032
2319.611907
2259.656946
2070.020201
2124.397915
2207.748916
2395.719867
1947.249225
2140.923099
2065.583758
2268.342769
2142.843649
2022.624081
2053.680557
2102.168856
2079.342080
2206.202461
2034.940285
2274.742131
2045.906130
2220.868756
2272.656230
2079.229593
2221.440353
2257.645943
1862.755231
2036.874920
2252.850785
2099.404426
2204.889653
2346.640081
2406.657380
2274.227128
2174.583078
1965.470975
2413.688872
2260.712441
1981.025252
1946.355781
2052.263241
2025.152494
1908.320227
2134.813371
2224.644986
2278.332610
2379.590829
2291.562690
2015.036158
2309.362484
2025.540900
2284.486287
2111.657307
2334.341620
2115.739839
2088.766361
2367.316656
2386.774192
2030.878177
2283.670581
2064.588140
2143.247009
2323.970411
1978.518259
2080.036165
2142.286411
1971.137578
2071.081763
2142.589228
2298.344040
1933.194879
2125.416601
1895.033307
2188.359884
2268.283073
2187.672502
2262.830419
2252.913224
2172.621944
1976.288685
2156.424368
2211.814260
2015.205595
2006.009670
2084.822207
2384.796849
2099.898268
2070.827744
2115.394913
2009.213993
2215.316053
1928.046436
2125.305362
2090.718838
2321.216423
2049.819213
2121.222698
2244.614956
2064.204628
2079.470374
1929.691983
1956.145784
2165.997666
2057.445173
1985.678582
2015.224437
2177.728323
2208.702200
2126.508728
2061.319996
1925.453566
2204.981353
2007.646242
2309.475408
2382.530915
1947.524890
1856.874593
2066.232867
2369.125728
2200.041576
2015.764191
2047.130071
2322.891252
2360.417664
2357.554703
2305.495351
2099.336791
2013.530356
2196.048812
2029.782116
2030.239030
2261.636255
2223.942039
2106.321345
2170.213296
2151.777651
2247.823563
2147.317781
2358.454023
2186.654575
2350.340267
2290.038003
2363.879721
2144.906575
2218.970280
2104.419497
2030.453106
2184.992893
2094.776214
2146.477005
1992.446341
2268.320114
2191.055290
2097.370291
2343.004413
2159.094105
2334.804881
2162.974483
2275.322778
2358.249676
1947.827535
2199.495968
2330.931471
2068.086626
2081.131831
2133.525666
2354.079552
2190.913505
2192.949778
2071.351806
2191.756241
2132.348144
2186.097812
2368.653832
2289.427393
2072.133334
2320.560453
2160.574596
2206.612559
2077.685438
2178.344577
2061.263949
2198.968637
2167.008791
2113.066828
2037.797192
1998.019052
2065.033064
1919.629424
2091.202723
2266.368491
2230.921331
2091.129840
2322.048477
2228.449546
2325.456304
2225.575302
2117.643695
2180.581221
1879.862263
2204.284500
2324.553295
2268.947973
2321.560492
2033.204327
2229.189704
2256.038886
2297.099281
1896.593283
2250.357780
2196.715902
2235.505967
2029.369409
2158.903951
2331.158103
2311.731887
2391.745471
2279.829491
2047.720278
2145.527527
2231.441960
2094.861531
2137.276332
2401.307132
2330.083072
2027.432447
2105.865955
2174.023281
2044.005052
2303.801791
2100.348104
2028.826597
2274.439067
2208.180454
2193.307274
2321.598076
2114.938081
2164.053721
2103.529844
2314.183061
1906.193861
2054.697414
2328.430071
2192.917054
2053.715799
2050.802913
2142.233920
2102.533568
2282.715828
1975.992071
2187.160963
2245.375113
2165.729625
2236.207873
2415.071089
2032.322552
2090.212270
2026.307968
2137.842284
2147.708030
2422.868594
1978.591335
1929.114055
2109.862382
2059.969087
2364.733943
2113.138634
2215.085302
2191.829786
2232.414379
2204.874496
2129.684012
2250.923696
2342.840613
2389.213199
1991.677186
2047.497604
2127.331422
2025.782334
2404.931325
2093.535815
1992.919166
2056.941980
2159.598080
2158.811866
2049.078458
2044.023302
2082.778521
2081.731434
2382.635321
2204.631818
2012.837018
2149.084872
2152.708132
2306.375822
2436.954030
2222.578339
2136.929947
2212.360604
2038.844663
2023.260599
2158.773033
1961.486553
2135.381841
2145.434194
1971.615516
2387.158660
1932.103603
2091.906730
2119.625097
2042.020664
1842.238839
2154.092202
2119.385981
2223.666261
2204.551529
2296.077142
2231.947214
2189.131065
2309.896016
2322.333389
2321.777493
2237.740498
2125.778696
2404.519583
2061.361879
2113.673148
2159.166575
2175.780656
2264.776996
2450.305755
2235.111010
2252.653028
2118.379774
2226.294596
2205.266662
2183.209131
1972.653305
2014.996217
2046.601540
1981.151058
2278.360282
2131.923054
2241.834794
2139.452455
2037.016225
2391.241829
2058.864205
2197.196983
2243.850442
1976.399298
2162.431192
2132.137025
2262.518993
1968.880314
1994.008396
2083.012112
2029.229942
2080.808758
2336.101301
2111.470651
2329.961099
2005.648134
2359.354695
2134.156557
2154.758354
2173.584866
2274.106939
1971.575495
2073.904927
2176.789040
2320.262130
2169.383646
2429.768973
2112.887366
2208.338753
2220.044748
2138.125001
2358.916802
1961.524383
2193.250464
2278.446228
2187.494866
2120.145399
2348.004629
2049.858701
2362.876387
2151.829039
2290.606764
2302.012673
1983.185626
2307.919541
2196.204980
2324.777590
1968.409571
2259.494781
2173.188914
2214.341392
2183.656012
2059.514015
2256.266405
2100.179596
2197.360986
2023.488965
2210.835648
2151.564410
2261.560984
1985.928581
2366.354311
2194.941300
2168.886461
2060.665911
2188.995040
2158.911303
2056.648995
2345.828517
2045.065581
2076.440250
2308.220284
2356.297495
2107.931946
2136.266760
2378.169504
2283.708478
2027.060953
2088.488440
2369.612924
2257.494311
2190.928632
2057.050511
1950.012034
2286.974499
2329.027830
2157.748960
2017.664618
2298.729025
1938.292631
1947.747798
2362.318300
2127.511524
2357.909214
2072.665824
2055.128303
2127.303023
1936.363371
2054.076733
2297.472701
2093.554188
2065.424884
2272.679337
2367.877006
2096.654595
2252.008598
2271.177254
2327.724290
2059.653414
2244.742042
2187.033692
2159.906055
2067.063145
1949.399340
2372.787196
2005.203327
2232.590806
2264.328767
2093.650059
2070.574263
2260.679963
2107.487275
2040.382221
2003.821822
2257.608287
2281.960543
2410.409596
2117.696557
1973.389101
2092.052158
2371.546025
2112.005362
2229.267829
2192.763703
2113.941678
2111.607427
2072.791803
2187.789335
2036.421920
2066.316390
2399.419020
2181.276390
2088.367835
2091.546831
2129.415925
2174.249001
2270.021841
2346.264422
2116.263230
2244.821754
2044.769432
2271.316225
2080.780879
2143.152159
2064.795817
2079.393252
2359.351801
2224.797556
2244.331667
2088.010285
1956.529834
2328.536705
2294.765777
1997.898752
2416.821781
2008.519569
2293.028591
2058.106154
2165.397474
2261.572723
1910.364338
2052.788111
2232.350782
2059.449008
2369.928869
2068.530200
2259.882823
2136.639229
2058.055429
2166.645308
2178.061711
2010.128797
2041.623947
2206.911124
1968.227367
2130.932960
2175.805418
2041.264573
2194.811008
2054.625298
2228.692167
2268.986427
2049.412951
2347.154714
2293.191476
2116.102160
2137.827182
2209.990394
1885.525339
2072.444048
2171.583612
2062.640366
2052.471397
1941.087900
2071.730610
2399.255925
2048.036497
2022.813635
2360.064695
2098.817961
1970.765652
2212.113542
2270.934882
2125.996237
2299.999642
2425.075577
2106.144943
2115.398472
2310.530729
2208.913583
2080.857745
2305.021259
2236.620868
2114.142130
2176.441705
2034.532198
2330.906747
2064.880864
2108.698508
2090.688669
2296.973305
2141.267845
2052.723564
2112.874050
2068.395337
2078.316774
2156.580626
2345.487734
2014.527240
2430.832957
2301.284424
2292.866621
1974.687154
2125.420236
2225.172110
2194.807885
2339.733495
2312.595941
2050.832132
2148.275007
2050.836108
2359.862102
2403.673363
2362.432723
2064.370271
2115.565269
2321.396592
2236.775020
2261.077512
2092.404062
1951.839755
2126.491900
2433.417469
2099.742477
2322.051583
2338.370613
1953.639528
2125.679484
2259.306187
2157.588029
2114.004162
2036.505823
2216.432490
2126.568274
2310.349803
2259.113760
2203.718319
2099.288877
2033.269025
2241.202275
2162.057754
2368.311320
2425.375516
2256.194340
2328.622051
1940.680826
2180.123108
2251.045450
2129.758006
2092.356071
2336.683334
2057.926312
2402.641944
1994.822944
2037.732159
1987.401161
2245.884211
2038.281945
2232.273408
2250.430754
2207.909931
2143.601961
2110.457097
2107.696264
2036.187088
2305.245195
2189.060017
1978.495546
2106.693923
2026.228978
2169.338033
2229.267070
2278.710156
2091.109447
1959.790258
2226.030940
2006.132904
2129.100320
2331.005000
2241.930960
2321.878401
2223.245289
1967.613547
2273.487991
1999.343450
2299.208062
2401.147127
2119.245713
2143.735665
2401.599878
2318.811432
2118.027864
1923.766461
2019.068405
2057.082891
2423.586213
2009.534128
2086.877015
1978.375859
2272.021090
2150.064544
2254.716274
2108.987044
2335.565121
2119.227325
2231.968225
2092.147370
2270.228448
2188.357026
2130.409280
2333.036286
2105.659510
2355.716573
2070.079466
2024.089739
2227.499601
1985.233160
2347.916670
2063.342067
2149.524895
2068.146921
2410.875370
2184.448311
2236.699698
2124.947192
2304.825709
2265.495202
2182.209353
2428.977685
2315.001744
2381.769400
2208.704178
2362.935150
2070.185438
2097.222982
1996.931319
2276.937309
2074.324864
2341.407219
2020.521105
2186.953599
2100.313253
2065.180246
2002.862394
2399.786453
2219.169781
1976.124540
2252.303248
2227.447839
2249.308371
1982.131987
1994.930402
2343.819918
1885.775786
2190.678649
2372.210834
2251.395174
2148.730396
2301.768594
2138.831788
2216.483585
2154.907614
2283.630704
2011.264025
1918.567726
2123.978404
2276.375560
2284.594860
2028.215945
2406.722565
2129.349841
2228.958926
2408.301523
2225.988788
2179.017243
2188.611478
2213.975020
1873.601670
2122.472928
2423.652110
2208.066528
2241.880786
2309.521558
2352.492176
2418.229868
2133.265188
2238.065238
2288.729758
2378.820677
2141.199990
2443.258028
2039.561067
2246.858552
2033.360605
2291.003451
2340.370767
2347.039642
2130.758583
2129.888392
2123.183487
2360.565448
2024.362160
2188.134557
2176.933244
2220.488944
2155.100858
2154.339028
2413.024884
2269.227936
2207.420706
2171.049984
2315.337164
2260.961567
2255.778971
1997.944001
2389.551979
1887.189117
2076.571712
1938.590091
2238.833121
2135.086084
2144.998201
2217.929872
2108.346715
2229.649551
2324.511307
2405.293530
2221.302972
2085.156322
2208.657783
2439.244098
2233.786131
2153.462302
1925.665873
2019.384714
2076.179029
1986.779749
2050.056003
2110.543406
2194.969116
2164.614133
2131.755754
2027.848131
2036.497924
1949.458633
2237.845773
2179.036363
2196.670225
2311.997315
2407.302963
2372.973466
2305.227762
1986.360598
2276.905481
2187.892128
2058.018444
2201.521139
2124.095006
2138.723687
2164.586407
2094.564469
2161.832602
2249.835812
2081.401692
2211.670787
2227.259186
2043.937524
2177.136461
2031.086406
2000.291593
2398.870396
2185.818015
2022.554057
2291.728086
2295.329430
2160.465802
1887.153214
2265.092719
1905.244742
2169.512532
2218.981945
2014.466747
2127.559380
2351.835250
1996.091934
2073.800966
2412.181533
2141.169649
2152.769406
2384.373318
2344.712452
2304.548695
1994.830669
2223.115879
2367.299953
2360.292310
2239.470043
2382.185696
2117.857216
2169.397117
2324.614992
2037.312291
2417.931411
2185.905951
2270.734250
1995.037507
2271.575121
2256.992177
1985.543446
2378.251459
2091.502536
2140.267437
2169.094099
2388.073822
2190.897376
2189.804510
2067.325596
2005.088680
2251.285733
2150.003954
2005.470025
2103.306106
2172.463922
2221.190013
2231.387314
2220.042118
2210.604527
2070.556508
1966.122389
2219.208038
2056.956336
2003.463806
2297.621295
2297.156439
2200.725817
2115.609246
2202.812480
2126.439368
2013.919810
2037.163538
1964.229766
2279.477633
2138.299592
2369.008070
2308.715071
2154.526895
2327.558570
2060.074974
2115.954753
2080.829614
2068.416315
2062.862524
2097.730425
2367.912238
2209.560921
2307.045502
2319.153203
2158.737374
2039.315448
2203.192407
2053.780688
1944.573022
2020.804556
2312.501283
2276.138574
2284.995395
2269.251163
2037.822058
2074.410974
2223.087194
2014.097624
2101.611800
2015.606644
2114.406974
2073.288333
2038.052697
2208.526373
2174.547641
2222.762093
2362.106134
2315.342649
2324.821112
2209.315786
1932.170005
2108.057993
2393.152630
2400.281818
2056.584761
2297.121399
2346.284165
2276.936440
2272.915172
2265.420943
2012.338885
2389.430227
2150.224580
2095.532734
2402.843095
2285.712332
2381.222503
2003.417830
1970.382067
2024.399480
2061.676569
2126.534632
2058.537996
2180.618505
1956.024254
1872.001538
2240.734667
2113.140719
2376.931019
2174.222115
2399.926884
2236.686291
1927.085812
2374.304396
1941.312873
2268.446112
2074.625447
2044.748482
2264.851086
2270.485499
2140.282046
2019.959853
2309.931081
2365.989820
2222.905851
1981.725925
2336.796696
2379.090442
2042.897090
2070.494511
2164.702518
2292.409466
2083.461709
2160.066058
1978.750345
2384.676155
2365.495082
2058.932244
2376.563173
2173.542964
2021.722637
2047.682455
2130.093299
2357.872668
2060.393921
2261.626272
2137.796093
1879.946094
2248.486367
2319.062438
2067.565813
2281.570551
2356.620527
1945.135506
1988.307671
2130.417558
2310.963824
2091.411306
2173.328670
1871.334075
1949.384786
2263.774195
2277.151581
1951.749212
2165.476627
2213.202885
2055.674379
2022.589417
2217.383066
2037.489597
2284.364163
2046.617571
2171.902509
2034.835771
2187.221759
1936.907796
2398.744124
2262.601630
2103.718137
1930.201911
2071.849345
2172.611838
2397.858442
1970.186144
2128.145122
2168.098913
2051.216077
2058.773334
2021.599353
2194.265345
2035.838438
2242.605692
2256.633569
2084.205253
2311.665771
1982.876234
2152.412210
2316.360947
2004.911913
2133.642355
2071.813279
2011.770985
2097.744959
2329.812600
2264.394729
2071.167464
2321.944967
1941.045021
2315.127812
2193.400696
2123.884357
2028.957074
2138.385726
2113.468417
2041.432521
2051.774035
2162.994902
2285.280790
2376.074174
2411.907222
2135.845722
2009.664359
2114.394484
2221.912021
2148.874867
2084.389859
2139.382383
2348.754218
1991.627803
2019.741452
2156.319363
2225.589461
2029.838412
2351.757412
2243.757584
2302.332747
2071.436892
2059.583532
2368.399288
2387.799422
2356.738123
2298.838230
2107.962682
2300.612498
2245.528154
2187.905916
2189.479171
2173.838362
1970.010327
2039.871396
2051.556925
2036.837558
2326.064669
2108.884151
1966.782065
2041.156171
2152.655942
2033.693005
2384.368541
1974.170003
2117.438017
2187.632337
2059.149323
2217.894339
2094.611917
2143.309289
2206.365584
2210.301022
2361.143301
2314.254479
1995.475570
2244.526206
2105.547533
2223.045643
2168.271816
2085.212813
2083.448026
2148.004568
2094.044196
2070.175880
2004.976250
2065.486361
2156.818756
2290.375026
1920.943648
2022.631496
2194.898531
2242.994466
2174.328486
2203.455850
2042.582898
2311.843195
2239.530551
2296.395291
2158.425381
2237.379070
2101.093346
2232.031313
2102.829141
2169.034577
2075.634240
2068.565189
2124.720160
2215.072687
2175.804732
2245.341786
2181.888506
2124.270551
2323.870451
2043.318048
2104.243995
2110.570677
2341.023109
2161.480587
2082.431238
1979.653538
2290.410480
2338.438014
2323.794660
2184.870087
2396.355239
2265.944724
2036.684074
2361.635963
2047.183260
2390.828165
1991.619964
2171.507844
2088.288293
1979.594623
2391.648896
2044.384638
2291.605427
2199.715782
2086.629983
2102.649956
2117.283832
2195.897601
2172.672619
2149.669711
2164.222624
2055.878794
2103.771235
1961.228395
2148.110119
2113.816219
2239.211500
2171.913786
2191.202779
2190.760485
2317.264682
2032.590961
2310.717396
2113.781906
2278.397916
2014.070913
2317.021923
2381.994079
2105.674567
2437.564378
2399.584643
1975.981124
2199.349601
2134.075501
2187.553630
1994.935666
2161.595645
2182.211111
2050.669815
2205.490660
2124.711630
2183.034449
2170.265402
2126.625844
2058.071137
2205.787476
2045.207826
2109.006763
2319.964491
2289.883255
2165.766692
2071.198475
2019.760358
2287.014775
2370.317639
2150.335331
2285.235656
2141.885081
2333.016418
1995.550923
2030.348179
1871.905550
2011.749297
2080.953472
2098.856649
2277.236622
2168.129305
2142.414216
2284.084250
2059.501312
2213.104558
2320.447516
2306.580239
2272.738466
2217.011504
2100.009900
2165.552235
2324.965011
2394.229130
2374.475852
2163.070920
2266.281969
2306.525735
2122.737026
2201.345742
2242.102458
1965.780154
2300.031190
2084.997900
2389.452468
2162.870203
2133.696770
2077.925204
2010.563436
2237.844310
2175.554377
2263.838993
2248.450559
2243.189897
2171.247585
2317.810118
2198.049773
1909.850967
2276.891584
2280.708651
2347.566495
2141.270658
1970.510404
2144.474413
2166.808705
2188.523133
1963.108631
2380.422092
2298.117050
2296.177191
2095.534579
2192.549292
2003.599262
2183.691059
2225.393140
2432.057576
2014.214499
2162.452130
2351.231854
2303.745721
2268.577885
2356.940593
2127.583584
2024.667428
1958.988124
2393.212147
2356.380799
2053.307472
2209.401296
2227.535741
2273.059222
2009.735098
2183.528605
2362.292398
2104.741082
2272.042430
2343.496996
2178.438284
2130.562237
2108.521209
2316.884499
2040.914684
2122.681814
2195.199477
2176.553356
1993.055765
2043.881018
2239.501470
2318.876493
2129.926154
2081.615137
2297.616368
2158.702684
2368.342799
2200.091568
2156.641878
2164.293193
2095.447540
2313.693162
2204.973085
2078.638205
2057.594129
2146.797054
2242.844810
2107.664201
2184.153295
1982.316008
2190.195195
2214.590973
2213.811698
2409.376280
1974.333410
1953.462450
2213.952727
2047.959775
2209.291050
2289.386508
2232.269755
2084.624777
2304.098738
2303.851418
2048.994296
2242.971425
2120.006953
2235.864942
2186.720343
2033.938187
2087.955713
2063.656887
2093.080009
2393.386952
2324.831109
2227.701393
2369.583428
1968.394591
2018.122772
2025.474180
2242.403484
2037.555762
2172.352447
2116.166206
2013.557975
2322.832230
2292.772680
2340.935721
2192.369599
2149.560541
2040.767202
1951.058246
2363.370293
1873.272026
2172.866680
2094.423179
1946.497810
2065.984940
2177.950327
2140.738969
2074.677702
2224.513865
2007.492081
1980.344856
1954.250332
2314.767698
2091.548970
2129.915590
2015.401098
2407.555093
2100.339244
2141.306096
2364.333974
2133.746565
2445.729613
2067.547711
2008.403679
2144.222935
2198.759193
2399.284112
2114.352880
2351.780134
2034.625308
2009.777435
2011.430377
2387.369537
2243.991607
2400.176848
2210.980718
2292.828557
1980.346125
1970.466539
2343.645935
1937.991781
2165.705146
2073.574171
2393.511498
2228.259840
1942.115888
2210.011425
2080.899687
2169.210765
2095.704570
2196.891995
2297.770109
2221.347510
2031.659863
2042.983323
2143.573508
2119.528280
2385.605583
2063.444612
2181.032117
2160.415221
2179.986691
2035.775483
2074.600001
2254.458064
2064.655631
2177.585198
2017.153270
2294.260095
2295.019615
2057.731481
2096.621422
2327.333631
2373.302193
2076.462400
2082.214233
2179.872689
2217.349172
1954.226180
2222.618022
1945.326154
2239.842204
2383.955066
2163.229072
2185.603557
2057.303635
2090.292665
2000.302825
2186.784021
2272.016135
2113.842301
1964.514835
2204.593975
2133.725277
2233.946464
2058.444736
2299.516635
2219.695094
2082.618733
2207.643867
1930.065151
2178.379863
2392.585264
2116.907541
2178.212309
2080.752105
2396.737840
2132.548695
2209.088170
1992.485298
2295.576840
2092.543982
2247.910992
1940.097509
2166.892022
2235.152537
2315.329677
2244.993907
2176.719860
2365.491465
2142.277739
1999.572212
2405.868120
2168.350522
2256.914221
2166.275618
2141.715894
2103.472853
2047.907286
2017.283594
2115.175121
2135.367110
2287.814458
2029.477701
2221.422268
1877.057549
2160.535758
2030.288236
2281.576298
2318.546516
2266.182847
2213.149822
2132.514062
2330.597582
2134.362103
2022.172028
2436.210692
2257.213234
1956.981202
2153.105155
2090.613927
2131.671328
2055.758503
2000.291835
2225.792205
2254.526972
2376.019179
2326.061980
2274.442250
2103.869281
2175.144178
2091.781183
2198.097309
1980.395844
2298.525392
2190.058367
1978.527574
2225.734579
2085.273805
2353.851716
2118.354531
2187.328434
2129.048988
2093.679453
2157.286240
2143.108347
2353.433902
2097.353305
2071.787220
2402.440886
2018.589019
2344.940501
2028.341151
2187.563868
1973.954384
2096.629248
2089.267512
2361.325709
2201.708705
2273.216852
2346.689280
2300.898513
2158.453696
2113.940538
2299.314626
2187.694686
2153.556529
2001.965304
2007.988646
2245.592456
2351.401379
1982.868585
2011.515067
2196.030365
2001.766559
2079.269677
2290.991338
2114.790977
2192.670464
2023.149275
2045.378055
1934.146783
1995.879314
2108.889218
2112.535291
2128.940432
2060.056196
2305.705920
1962.962836
2127.228484
2111.372010
2045.216563
2223.623889
2027.058763
2242.468052
1950.018162
2165.385043
1946.596244
2135.166021
2101.866026
2122.792408
2062.974005
2062.286954
2374.834276
2122.282190
2350.609319
2019.343183
2106.652630
2158.163532
2095.259753
2025.089671
2010.641692
2206.200583
2379.013097
2035.157257
2004.972975
2181.306264
2356.731545
2191.210432
2158.128967
2155.271606
2026.746130
2079.093465
2145.545101
1942.320912
2247.880803
1951.397316
2131.617047
2015.687786
2030.730989
2317.892462
2234.402661
2159.744350
2376.706296
2304.805254
2152.763624
2162.044437
2219.593423
2053.687461
2099.460895
2171.971746
1999.963248
2163.869276
2097.817165
2212.809576
2162.344626
2178.611939
2142.029680
2152.445413
2157.159862
2027.083532
2119.103450
2303.373555
2184.028133
2068.779461
2218.829362
2224.699814
2146.544943
2022.729897
2056.678097
2223.205096
2099.654243
2071.147440
2249.324381
1914.890394
2255.671900
2046.991812
2139.409161
2251.132818
2000.427486
2384.906455
2117.092422
2112.505689
2003.486735
2178.103125
2200.280990
2048.672115
2335.469233
2219.974358
2298.776273
2097.695737
1967.212919
2274.128361
2121.215156
2307.348711
2079.446857
2130.213676
2373.211846
2062.974822
2169.152679
2112.011730
1986.038329
2221.316760
2275.692133
2345.401037
2091.925442
2098.167544
2327.204488
2409.359456
2258.346986
2114.808989
2387.676338
2189.037625
1926.195795
1983.018351
2341.471315
2003.854345
2278.140899
2051.568948
2208.548857
2047.209509
2101.183766
2152.473065
2167.781007
1996.211982
2357.316012
2076.401293
1909.539123
2145.190036
2227.441613
2034.853577
2248.417712
2371.865116
2196.683951
2170.165050
2148.710558
2243.149990
2348.471506
2186.241476
2228.917313
2350.929098
2379.896251
2143.735898
1994.549702
2018.437422
2225.631204
2188.816142
2418.145426
2010.804744
2338.519706
2059.064690
2287.264652
2322.528971
2182.652409
2172.413217
2132.288782
1931.804796
2085.563921
2287.812733
2252.911871
2035.351366
2151.657596
2016.645154
2299.252822
2204.631106
2217.592742
2247.070811
2179.455570
2048.981892
2090.243943
2272.776362
2177.734690
2013.741960
2101.394834
2129.293832
2371.629893
2214.077145
2145.605165
2173.367308
2048.754589
2096.618698
1851.817152
2014.266666
1965.878386
2208.045300
2191.229107
2047.421290
2376.005449
2300.408849
2164.437779
2131.842281
2043.733398
1962.929680
2020.538225
1990.207610
2221.461971
2137.533975
2254.802224
2238.192748
2240.338428
2104.016053
2382.815575
2109.522651
2150.670807
2159.824111
2216.096424
2056.019281
2110.920402
2169.816530
2137.821542
2212.196650
2093.364139
2290.810772
2267.751384
2125.306798
2239.604478
2328.607858
2383.189836
2155.352235
2141.672116
2365.195914
2101.031511
2264.158944
2073.494297
2145.688771
2271.302374
1993.407518
2188.187424
2162.089520
2217.213142
2089.523154
2243.201672
2166.537300
2088.240833
2015.869252
2323.397767
2371.812078
2400.528776
2241.492357
2022.727029
2405.455494
2269.136020
2138.885830
2084.738643
2012.775210
2185.542603
2133.354313
2263.111651
2303.622592
2121.518349
2101.271722
2255.162516
2424.930275
2170.082420
2088.853863
2352.899382
2030.329983
2350.044741
2174.669254
2116.519560
2163.935422
2272.167920
2019.147683
2121.547517
2035.237731
2173.150643
2123.667178
2169.997565
2219.990886
2228.229174
2057.222007
2174.842155
2204.566759
2254.045306
2170.538932
2154.912161
2135.026746
2114.141739
2225.961019
2087.685142
2198.073519
2220.461887
2141.560554
2224.933159
2127.241297
2301.499444
2275.950454
2231.889755
2027.564694
2059.869334
2140.714991
2176.733899
2215.838026
2156.084279
2232.585825
2207.723548
2333.500509
2341.200628
2171.597208
2337.665911
2227.615995
2192.483268
1981.976540
2044.199766
2362.362682
2075.762744
2387.600558
2208.148334
2078.653310
2007.055022
2201.883597
2141.328392
1956.285753
2096.203486
2299.644215
2158.921238
2053.634071
2249.692285
2219.850403
2141.948647
2278.315830
2105.684716
2047.587891
2379.452935
2124.437939
2354.759348
2139.120868
2298.716334
2337.596574
2356.110889
2063.083860
2044.508413
2305.422193
2083.881720
2209.853205
2131.164717
2066.405365
2367.057100
2272.790747
2345.762196
2359.913243
2031.554449
2142.145540
1984.239717
2202.821334
2048.949157
2250.464046
2170.975825
2152.329604
2172.607186
2290.590971
2272.486429
2021.598882
2243.623972
2171.464888
2167.849604
2128.599617
2341.180089
2111.157819
2134.229338
2388.965012
2278.473408
2172.020314
2126.481931
2272.983232
2251.168491
2212.111238
2200.010425
2362.231598
2338.207987
2270.825836
2206.445535
2065.851576
2236.866424
2050.420867
2163.095002
2069.216810
1966.718682
2241.829146
1956.966814
2132.453177
2193.535360
2290.263284
2125.138224
2337.802016
2000.260150
2299.871234
2305.129749
2256.528384
1961.234682
1936.349254
2210.076367
2108.298049
2177.844310
2080.332748
2145.910468
2367.725645
2067.817737
2386.230655
2064.657940
2264.299297
2304.283519
2143.801552
2088.318387
2083.791084
2412.669902
2102.511427
2076.812786
2160.769663
2119.752783
2267.959878
2188.293825
2244.544259
2031.117169
2198.783165
2155.773233
2246.752068
1925.273836
2023.161018
2390.808392
1932.495550
2127.075007
1894.160518
2034.779928
2140.969588
1907.303790
2087.726614
2373.296639
2147.848723
2149.181579
2118.915553
2088.443209
2073.154999
2050.904042
2167.521024
2370.973291
2000.197561
2223.163401
2070.237589
2181.303621
2156.319298
1988.591995
2207.854174
2088.241040
2166.937689
2397.193902
2158.256360
2130.781309
2198.798974
2139.295961
2025.307585
1968.593041
2087.294292
2220.204509
2201.197991
2234.483279
2090.188813
2333.612279
2079.532273
2146.632029
2066.253831
1988.978512
2437.982307
2129.775687
2225.992354
2333.042724
2232.626321
2292.575102
1898.343800
2091.209507
2193.458565
2187.290954
2089.996595
2074.900207
2190.623842
2264.671822
2313.649366
2121.931862
2188.800076
2356.953156
2127.822852
2044.049693
1981.603736
2166.645651
2269.509700
2258.214181
2060.682069
2181.524769
2147.968133
2132.652396
2087.789006
2416.852628
2071.522237
2134.235027
2036.338899
2134.848664
2176.844203
2137.734800
2037.313934
2101.955312
2089.361677
1991.145023
2241.846767
2183.401812
2059.351412
2145.818227
2210.027123
2409.041408
2148.013328
1952.296293
2308.834048
2047.687187
2255.022522
2393.200394
2370.648707
2273.702062
2082.155756
2254.756134
1949.813701
2363.640595
1997.972959
2156.241121
2262.616257
2157.123110
2285.547805
2137.145163
2159.012272
2272.524551
2247.875456
2200.498174
2042.147931
2225.881931
2366.001335
2109.215093
2339.244658
2023.368149
2240.932484
2382.768372
2019.702485
2004.014024
2288.267035
2172.260337
2194.268063
2270.843867
2075.634749
2139.961928
2037.399867
2130.803050
2008.516000
2153.046872
2160.905733
2278.770499
2282.748362
2152.478173
2247.320087
2278.732617
2141.226961
2139.378036
2101.878231
1982.090506
2242.852696
2201.340719
1953.903062
1910.404302
2052.138508
2181.798498
2068.084113
2083.287016
2218.365172
2334.857578
2337.021318
2320.998119
2031.455085
2230.505255
2117.400851
2151.722521
2364.739759
1997.608692
2386.572909
2277.057580
2417.781538
1970.740216
2141.723155
2101.410414
2012.120376
2237.684084
2136.032570
2123.307734
2322.038263
2079.873926
2187.534802
2301.330097
2040.968658
2127.675981
2157.772152
2044.024866
2030.816207
2338.484706
2357.294106
2366.800177
2424.274955
2174.939245
2125.943249
2386.527947
2001.076904
2112.485810
2151.206522
2008.913363
2069.738424
2137.723031
2210.574652
2151.209653
2081.886597
2166.628655
2250.214160
2180.633212
2230.583448
2261.052587
2259.501299
2151.769720
2332.602471
2127.316883
2127.327493
2289.903574
2130.959768
2098.355036
2139.050109
2033.989396
2091.635363
2124.543332
2383.233635
2111.595421
2166.865240
2121.062522
2344.538438
2156.105940
2383.331121
2341.655392
2398.406901
2101.104474
2233.555933
2314.691638
2182.956615
2321.525423
2005.688592
2113.829597
2115.801725
2224.516118
2060.490338
1996.503007
2118.332104
2105.769065
2141.290625
2168.377378
2189.604080
2260.880598
2322.604221
2369.365076
2306.643848
2083.779123
1870.040943
2070.716703
2258.841790
2335.249900
2168.132036
2273.260651
2105.940075
2225.486832
2193.851286
2083.369325
2147.722839
2230.980070
2195.499096
2011.714944
2208.309562
2097.617444
2307.296249
2146.253663
2068.797118
2086.887328
2396.195820
2377.105904
2134.650879
2163.795439
2248.005306
2259.472973
2293.249740
2003.138868
2065.501438
2392.686892
2321.441497
2178.179345
2219.078380
2410.836663
1996.805592
2141.006417
2106.870521
2034.334777
2210.321618
2085.612467
2064.857254
2066.803971
2406.208953
2318.288725
2087.506618
2323.724647
2018.618746
1956.899197
1997.406397
2253.395400
1927.395801
2200.597271
2315.901995
1941.431927
2074.147933
2157.815416
2210.989408
1997.875009
2191.128483
2283.740656
2096.305083
1894.454112
2123.212279
2257.836857
2341.369465
2074.668151
2385.131153
2103.354652
2210.507684
2186.202362
2069.952097
2257.145648
2356.135110
2028.727521
2201.613841
2387.291477
2115.130382
2288.041258
1993.411946
2319.291839
2111.767097
2122.948335
2160.418199
2044.161917
2195.111047
2090.551185
2262.708863
2128.350084
1962.239444
2288.682273
2301.972062
2060.171455
2370.959447
2249.520020
2238.042730
2008.035590
2085.876288
2233.912810
2190.998902
2062.215390
2171.285903
2105.104373
2347.020245
2042.739623
1964.003313
1962.089009
2224.302978
1940.969050
2280.840116
2111.963663
2092.137358
2358.544391
2061.816228
2196.149064
1982.888481
2304.980674
2399.944387
2242.124572
2056.772498
2153.822938
2302.804623
2145.848631
2293.901131
2218.415858
2074.561465
2294.242713
2145.469829
1958.310057
2346.541550
2385.869269
1965.324789
2320.999343
2155.360821
2094.893436
2197.188067
2053.980222
2072.618300
2224.407890
2315.549098
2315.961938
2188.273856
2410.205553
1933.811086
2063.114906
2337.849554
2382.770631
2051.304577
2135.868249
2028.466605
2066.403115
2223.420146
2139.060233
2383.595812
2198.057098
2063.442420
2144.061032
2252.766237
1958.277881
2118.681605
1939.542355
2173.007462
2148.909977
2197.090245
2091.823069
2286.364138
2250.409031
2280.072633
2279.481185
2181.958316
2215.333263
2363.517876
2161.118238
2236.441351
2241.350838
2039.052298
2165.727720
2362.119319
2134.966357
2350.015188
1985.487474
2059.848376
2140.643503
2328.511733
2210.332436
2343.646764
2143.440988
2196.940149
2207.066174
2174.790670
2374.680087
2342.487405
2305.078016
2195.235514
2150.141599
2126.384855
2269.284253
2111.240593
2398.295752
2103.903712
2265.578213
2139.587840
2397.895344
1975.710021
2399.644521
2344.002688
2158.419151
2189.221192
2200.153675
2131.702416
2249.814731
2127.468217
2061.560577
1926.295251
2166.453605
2401.615363
2165.387207
2109.705043
2085.751839
2247.277208
2108.927274
2001.904049
2403.108647
2136.872629
2072.466066
2225.657568
2345.560031
2145.821281
2355.975946
2257.474724
2116.219040
2069.111782
2023.215763
1931.629795
2292.455671
2067.280406
2110.581837
2048.928019
1905.123426
2236.881897
2014.787206
2167.591886
2197.029468
1986.792695
2103.219323
2408.029030
2321.227992
2410.794593
2259.399146
2026.654561
2281.104160
2332.583817
2310.630623
2339.768956
2349.101800
2218.872243
2137.389896
2273.090282
2127.343397
2171.602677
2256.032640
2427.384617
2176.158126
2100.163347
2170.413736
2126.782069
2059.940061
2127.369237
2160.464580
2356.040488
2034.020418
2201.826728
1926.379589
2213.307222
2290.743614
2171.345036
2386.196989
2198.646147
2374.291015
2103.187009
2086.784504
2134.105342
2322.106289
2266.960369
2036.303138
2392.138291
2183.292476
2086.025021
2283.169139
2169.188355
1961.165084
2136.188463
2019.620377
2063.131159
2253.917992
2106.793540
2230.298114
2093.641890
2228.460298
2203.804611
2296.796437
1963.111658
2316.153774
2120.342306
2108.408056
2156.236397
2180.672838
2355.534514
2076.697177
2221.024728
2296.893006
2299.681425
2338.128459
2159.977640
2178.599309
1993.519453
2213.889074
2176.171474
2107.935049
2112.878572
2197.103363
1971.321321
2252.468844
2353.417972
2184.934631
2260.541885
2420.478119
2007.884668
1959.007225
2114.707242
2071.574383
2172.717037
2080.296691
2188.906578
2057.778513
2088.113190
2118.272980
2250.630333
2030.500859
2228.186674
2002.247276
2060.061966
2229.568939
2173.607050
2112.255371
2206.534656
2403.854659
2306.822320
2096.454210
2273.218460
2251.406331
2087.124309
2145.404947
2001.542275
2257.625315
2170.261823
2318.892400
2151.726306
2311.537637
2364.932840
2153.790605
2225.017900
2211.822002
2362.550769
2192.262525
1966.792317
1971.343991
2242.962320
2394.350500
2163.067103
2073.037295
2016.461179
2200.730774
2245.238290
1979.946883
2062.826640
2218.912482
2219.920326
2118.372465
2242.802756
1935.767461
2337.259430
1984.681414
2012.780602
2059.538409
2126.485286
1978.614535
2174.590095
2296.891210
2267.156488
2090.769547
1983.754793
1961.512484
2182.296657
2279.074359
2168.737951
2030.352369
2398.497090
2218.092125
1974.370236
2116.088414
2183.102777
2194.444242
1892.201502
2151.636599
2168.738496
2274.815926
2318.984120
2164.653574
2266.968878
2162.563526
2226.580116
1981.609803
2158.028415
2400.699839
2318.175141
2194.976039
2214.705184
2090.086503
2337.908593
2147.728945
2233.684818
2207.693422
2076.976696
2288.731124
1982.877625
2406.339412
2164.657369
2341.631596
2163.025866
2378.079024
2310.621562
2179.762266
2121.228006
2055.525669
2309.464256
2245.656383
1968.037340
2375.641941
2016.668427
2241.993000
2077.762654
2054.128215
1901.502906
2348.359491
2227.574231
2361.132709
2043.485380
2122.091783
2171.032026
2423.558325
2439.150215
2320.727803
2303.873111
2158.299069
2215.137192
2048.160037
2160.508909
2197.435665
2198.532435
1971.352393
1957.532917
2258.603596
2209.904028
2265.511479
2163.966179
2166.677022
2037.691355
2296.668385
2086.989962
2093.960937
1918.372162
2288.606368
1976.167783
2059.834167
2182.162642
2418.030248
2278.565146
2108.769161
2399.185121
2387.755571
2107.100585
1892.127887
2096.211561
2185.941193
1911.601304
2100.746501
2106.709377
2049.958900
2315.985586
2011.096789
2118.486677
2106.104013
2087.189118
2222.575023
2321.324100
2223.525598
2224.148853
2142.681632
2216.771810
2228.416023
2212.375857
2171.736684
2038.964528
1968.092331
2226.048424
2153.328373
2194.753650
2374.971313
2295.099068
2113.324556
2046.164060
2102.348527
2095.605907
2060.538391
2253.538360
2143.051928
1983.207386
2028.738179
2090.377543
2376.194283
2044.803038
1946.231443
2309.938899
2310.775775
2109.457154
2066.722620
2293.503723
2103.702923
2296.565402
2270.180874
2048.594748
1928.603718
2191.445618
2003.053599
1892.261113
1988.849845
2016.759345
2170.013631
2221.043280
2283.817691
2238.263150
2241.400413
2359.554365
2288.822115
2044.033571
2247.457834
2114.591074
2205.743956
2153.061650
2129.147831
2187.785955
2096.609968
2040.893596
2105.805622
2012.846039
2162.527089
2012.415702
2019.466013
2139.489781
2080.063961
2248.778379
2398.588454
2181.810397
2407.890190
2062.714907
2210.691274
2303.005987
2279.326964
2249.329837
2315.882552
2193.864858
2158.694537
1978.462163
2271.377959
2198.550394
2236.743047
2231.881715
2223.334067
2200.145307
2362.680286
1899.950407
2114.284980
2387.546667
2293.545582
2194.558070
2051.915517
2045.056840
2385.116965
2185.336020
2241.888666
2313.637749
2367.579257
2215.127931
2091.061998
2019.789360
1986.113234
2117.184168
2273.729260
2127.760819
2120.180937
2073.291913
2055.062769
2119.815671
2153.048148
2218.798622
2222.874488
2231.559772
2237.627649
2060.865898
2342.541171
2283.969754
2170.103545
2173.857581
2306.346571
2254.641401
1886.818802
2146.705941
2375.999706
2411.898149
2146.178855
2293.865580
2032.662782
2045.077501
2165.422593
1934.179376
2162.243607
2366.831039
2032.141195
2177.856120
2241.848211
2137.227232
2395.303639
2054.949798
2264.090472
2033.091424
2136.193001
2184.089560
2214.464225
2335.914535
1932.174664
2175.930643
2384.141016
2319.303873
2278.038115
2177.242790
2184.785495
1938.019972
1911.061592
2034.293823
1938.667144
2404.248480
2101.606092
1980.320068
1980.673358
2347.762920
2200.043493
2120.821984
2137.706701
2124.526702
2279.252972
2270.887754
2119.233998
2053.684176
2321.814065
1991.627974
2024.401403
1939.344854
2240.936884
2220.281596
2116.818621
2108.831067
2275.025605
1986.176366
2239.819600
2085.918307
2113.607433
2318.769547
2245.339420
2385.601368
2335.204386
2401.626948
2241.634849
2307.292222
2017.295642
2286.050176
2296.009301
2042.805147
2046.680010
2237.085483
2276.103193
2206.301612
2317.152773
2364.203918
2029.190110
2078.277753
2317.894488
2147.200991
2132.593892
2260.882630
2283.532482
2213.784026
2145.708918
2027.810173
2121.030533
2148.679435
2145.423887
2150.746914
2069.004413
2397.975926
2117.697896
2294.898065
2133.169278
2242.952208
2166.601401
2155.474752
2235.008371
2221.991313
2178.010619
2311.513514
2196.543686
2248.044966
1974.573841
2276.911892
2262.462866
2011.877838
1971.701439
2095.054198
2114.851399
2106.705972
2180.711921
2192.497116
2092.887577
2141.872387
2249.151378
2114.191026
2296.878207
2101.956836
2140.933395
2322.991072
2269.749938
1972.076451
2224.169323
2344.088797
2173.082142
2402.656301
2132.906304
2006.480618
2325.678556
2316.145668
1964.308409
1998.458874
2271.989429
2086.315748
2172.419590
2098.901535
1979.747279
2204.826619
2144.220920
2105.302060
2239.510018
1943.932299
2139.706987
2115.662370
2068.842595
2068.347932
2045.070810
2054.166314
2096.348885
2102.032436
2204.893430
2015.780857
1993.349480
2313.322685
2296.202893
2036.423099
2285.255369
2157.990687
2342.468162
2130.096843
2114.172356
2325.299361
2252.846736
2004.136099
2243.097794
2034.470501
2226.067849
2238.131431
2103.366834
2228.379874
2203.592588
2132.434419
2257.182948
2260.971453
2382.038311
2110.394957
2089.182120
2221.046957
2015.518571
2122.332156
2410.812300
2151.956612
2290.187158
2095.385539
2173.460191
2238.075759
2116.447733
2066.522563
2082.542064
2020.367076
2158.812792
2346.980779
2090.271243
2060.295415
2122.036162
2087.315592
2216.797172
2217.709626
2245.401864
1950.629814
1968.904679
2174.909894
2087.606699
2125.472660
2369.017502
2250.034034
2054.326343
2107.958413
2103.488911
2043.463164
2177.001550
2343.765966
2320.290967
2153.881770
2100.571494
2253.006869
2150.444238
2285.915125
2148.720694
1952.284097
2244.234393
2180.184720
2266.855427
1954.741537
2356.456845
2133.218296
2214.564057
2349.063791
2087.078186
2030.020054
2177.061577
2203.742594
1943.876792
2160.115294
2176.083167
2044.043781
2101.781097
2302.834913
2060.336535
2146.194222
2027.738646
2102.920694
2093.396523
2297.047611
2153.611745
2194.737851
2090.826064
2071.177196
2124.300783
2312.137988
2184.510728
2050.232799
2083.525716
2128.350057
2166.126088
2122.190052
2254.732668
2217.378679
2392.558609
2055.841172
2188.408931
2173.688762
2130.441867
2158.118672
2130.375428
2205.673791
2359.270643
1974.719472
2142.390100
2314.724284
2063.407972
2254.255374
2068.434003
2336.193356
2306.917709
2062.851457
2142.096238
2236.747270
2354.091866
2184.779168
2047.709406
2015.337958
2286.231271
2021.617723
2068.139953
2149.203448
2215.514081
1970.873309
2077.896324
2199.511658
2258.903966
2286.768095
2382.955261
2143.281826
2184.624905
2037.922758
2032.965542
2348.316541
2265.239008
2073.461691
2135.475807
2087.367669
2238.575046
2062.174454
1943.824927
2244.139504
2243.402824
2091.689257
2153.245629
2256.896014
2025.105959
2018.092349
2205.900101
2187.452982
2315.760158
2188.864169
2067.782516
2172.996329
2134.067303
2345.856757
2132.482481
2071.073059
2024.533604
2113.176993
2282.541159
2022.295787
2393.491571
2012.794964
2295.819173
2048.268048
2106.432101
2005.988300
2318.939134
2276.269034
2261.352106
2195.713539
2106.046624
2229.346028
2311.265744
2118.420316
2197.314913
2142.686083
2267.416821
2028.472355
2098.301527
2366.321514
2135.114050
2071.856205
2285.984402
2062.419750
2000.652252
2194.884412
2227.415537
2064.890111
2103.885826
2088.849701
2170.780079
2266.559470
2015.994165
2092.082052
2081.902150
2249.831042
2138.505947
1994.615240
2136.734199
1994.886746
2400.681652
2061.974360
2076.137613
2008.838443
2351.508089
2301.851204
2055.081790
2032.022674
1931.743739
1996.600353
2091.007018
2398.352090
2076.368704
2234.591298
2085.153474
2032.101055
2325.974811
2223.743417
2073.574453
1925.656943
2034.178538
2108.489858
2186.123723
2224.322194
2140.907502
2220.699555
2047.084923
2104.424258
2243.981651
2142.383183
2205.568814
2056.025717
1990.838217
2115.632325
2085.886498
2174.899583
2005.600530
2394.243077
2158.903920
2176.247338
2134.380777
2010.864945
2289.413883
2210.771529
2115.694115
2237.668831
2184.872294
2277.919652
2284.172510
1958.734932
2240.969391
2301.202516
1951.731437
2143.586669
2066.215147
2358.421196
2054.012814
2050.800128
2001.779061
1936.128877
2035.183803
2308.473106
1952.410856
2291.695693
2095.486908
2049.451921
2261.813400
2206.433809
2358.537648
2179.193064
2026.075912
2100.437713
1963.491528
2204.087052
2174.832502
2120.587812
1930.527617
2028.276989
2057.997318
2135.476707
2224.543978
2182.100438
2329.432661
2040.689876
2134.771179
2316.556386
1989.684902
2179.231637
2336.530264
2176.792813
1918.063553
2264.018264
2103.861528
2271.483317
2255.525341
2209.049851
2016.462885
2252.252699
2065.274729
2271.541820
2282.715680
2203.652101
1901.597479
2190.483086
2371.050043
2159.609738
2112.518565
2147.096179
2118.140841
1988.847098
2169.759538
2053.515063
2097.996606
1976.526740
2001.934812
2282.975989
2194.316897
2029.278244
2336.356207
2239.460633
2176.800086
2254.719932
2105.165427
1875.125380
2200.785672
2173.405425
2047.002504
2145.195285
2116.475966
2353.045365
2213.747588
2397.443830
2193.099118
1984.823853
2053.642745
2064.026467
2240.663649
2083.734347
2235.600703
2172.733880
2211.350775
2036.817807
2201.615411
2277.602678
2040.532383
2361.234037
2372.549183
2329.918230
2088.317937
2185.455871
2154.819937
1988.495387
2068.486550
2083.126613
2226.189383
2065.316167
1966.843341
2135.729663
1930.242489
2034.920085
2138.883619
2297.173452
2270.653104
2259.759628
2264.371537
2329.622280
2314.761562
2265.838618
2061.416177
2194.649115
2155.865948
2337.120209
2255.904482
2270.737443
2296.089578
2306.379802
2173.500124
2069.703681
2187.418173
2218.789435
2093.212391
2047.031432
1876.960331
2293.998762
2283.136665
2279.674817
2040.584751
2350.451590
2237.710635
2248.999461
2200.400526
2199.156184
2079.484262
2007.289783
2205.293306
2054.166942
2234.234836
2114.089835
2190.408047
1991.300702
2109.116834
2319.422946
2072.960734
2254.746036
2086.277622
2255.674250
2103.033567
2212.212828
2148.184967
1981.850574
2008.721624
2148.616830
2283.385208
2057.330370
2155.342699
1990.451867
2041.036452
2238.220526
2184.782640
2062.449958
2146.620610
2041.368655
2219.375088
2206.747462
2313.684559
2035.548436
2126.532219
2250.958956
2392.301989
2082.743439
2145.596779
2321.032741
2369.441816
2323.452659
2153.516630
1969.222009
2208.058195
2126.984409
2236.132495
1995.138020
2197.374238
2201.031230
2190.448476
2190.180831
2136.488486
2195.872795
2163.639684
2151.162762
1903.244093
2258.252206
2085.254140
2149.204163
2267.228333
1993.688789
1976.043604
1990.701441
2162.070406
2299.663963
2320.800313
2272.569979
2105.379701
2130.901324
2138.334208
2294.370445
2411.164235
2257.971658
2263.542182
2018.122989
2263.019648
2141.478969
2099.308765
2274.230782
2183.458594
1989.185735
2334.010709
2291.176318
2175.445522
2137.730981
2194.804415
2142.727748
2168.618976
2200.227996
1977.369252
2032.300610
2261.475991
2148.261415
2075.571060
2135.598198
2208.693053
2075.616905
2292.620718
1992.944420
2147.582093
2204.369589
2295.871327
2000.559285
1978.920974
2158.803183
2193.085541
1973.395001
2160.314376
2162.836328
2109.870090
2247.294081
2133.350709
2094.111915
2379.922613
2023.916217
2258.843347
2200.292532
2050.636461
2358.943794
2110.579307
2336.048945
2277.890120
2055.862736
2119.900994
2204.233710
2150.582251
2142.217538
2241.212206
2158.405222
2002.444468
2377.110545
1963.564668
2284.097547
2225.533260
2195.297381
2164.485058
2282.815929
2105.670752
2348.064981
2105.062982
2139.208236
2123.464340
2084.319710
2152.622658
1975.413190
1989.802691
2216.973214
2294.625292
2219.439551
1960.654831
2034.040932
2035.310811
2129.255551
2403.922257
2091.739125
2336.830740
2357.116232
2184.946220
2000.391882
2074.476982
1953.405158
1960.676854
2004.957272
2135.022107
2400.106139
2195.953493
2382.992911
2168.178944
2069.451834
2178.022315
2373.908134
2193.389961
2193.143359
1936.042253
2280.306234
2216.324294
2157.415514
2155.982783
2334.466419
2137.867299
2013.803196
2105.955830
2020.555745
2188.951234
2050.274637
2067.261177
2043.861166
2297.043208
2227.288052
2163.337522
2141.705737
2307.040427
2053.839959
2143.513268
2161.046901
2183.077913
2137.718615
2083.824535
2061.688375
2282.852879
2210.874706
2272.324499
2174.205077
2375.331828
2424.873729
1993.351720
2323.662939
2320.931885
2252.433924
2313.244398
2060.560096
2203.347857
2133.117216
2189.735202
2189.467746
2071.353024
2191.450457
2236.526854
2158.913655
2253.235313
2311.207292
2196.505726
2163.299809
2444.679768
2038.352842
2087.667058
2120.526203
2311.359567
2326.713466
2192.964533
2243.343961
2088.257443
2103.900546
2149.546918
2284.742721
2075.211320
2226.605994
2186.094289
2149.648212
2255.299881
2279.555346
2098.040496
2039.037649
2062.317185
2231.459849
2338.526763
1948.055969
2024.265930
2145.731790
2268.433690
2304.323701
2078.401642
2334.372756
2156.000809
2196.173185
2119.997779
2378.149988
1944.955226
2102.644685
1956.545312
2269.347803
2340.652000
2226.669496
2079.991773
2032.363843
2297.598651
2204.662130
2020.514559
2218.878235
2149.624183
2221.401942
2171.228979
2163.478700
2133.564253
2113.857998
2043.448168
2010.625700
2179.360285
2106.438780
2198.247227
2017.900577
2157.312823
2021.137119
2067.671114
2041.865095
2182.930867
2136.906922
2195.997540
2167.752629
1948.478445
2267.733513
2126.910312
2262.407165
2307.077414
2149.943516
2218.280463
2274.499890
2283.452095
2306.796523
2054.562708
2288.373014
2042.166201
2028.220287
2108.817350
2378.396832
1937.392656
1934.036016
2272.598186
2246.583013
2382.120105
2136.933692
2167.163101
1988.019876
1948.232451
2206.166628
2179.225045
2085.656640
2238.075593
2237.477874
2372.806078
2261.053058
2139.574416
2385.377864
2015.444673
2219.671031
2265.098175
1970.502299
2085.098389
2106.725252
2428.762045
2212.037471
2157.958923
2269.662940
2412.743780
2085.547164
2281.706258
2204.082394
2082.167062
2195.707416
1964.263426
2249.515721
2305.670141
2151.583765
1969.428696
2371.042609
2272.240944
2065.740906
2034.153674
2245.710236
2193.637976
2196.122304
2153.039507
2329.736410
2179.288129
2307.749704
2040.979094
2087.419968
2199.772102
2028.776274
2002.945733
2390.966482
2351.278069
2108.236869
2289.262741
2082.754575
2281.571113
2285.982781
2415.934422
2312.132289
1937.367709
2101.801690
2061.456694
2224.222193
2197.077310
2388.775455
2057.809064
2041.505097
2156.458580
2371.997300
1985.914509
2122.791658
2181.279361
2253.544413
2094.754168
2153.729288
2254.489422
2016.422907
2032.573520
2060.893597
2025.795799
1942.010483
1984.217207
2036.052331
2174.234840
2314.106458
2090.305905
2129.579539
2056.285948
2365.415642
1997.571609
2210.411891
2025.253553
2135.982967
2264.010395
2122.161008
2066.192000
2059.560735
2037.003920
2161.531625
2263.379938
2108.932909
2200.386134
2171.629083
2149.124716
2182.106193
2166.132236
2266.049410
2216.804776
2341.951093
2070.752040
2291.901961
1911.303543
2010.765778
1941.291827
2053.327760
2248.053770
2160.997316
2151.541098
2092.619363
1989.405307
2294.122051
2263.589827
2151.988869
2289.279501
2071.092693
2119.043783
2047.988906
2041.300974
2261.721444
2286.275168
2112.055455
2260.453002
2206.342477
2181.721812
2119.451818
2139.010714
2082.694836
2232.038305
2134.778575
2328.024232
2269.723519
2155.766098
2130.890022
2426.604096
2010.773403
2005.341041
2045.048698
2075.513475
1984.072819
2205.474648
1868.264572
2014.024239
2158.546078
2009.778944
2405.973885
2204.607337
2170.523379
2265.855044
2211.782464
2253.900827
2198.535593
2234.484172
2110.192407
2171.595958
2083.344371
2227.146381
1925.708688
2226.037728
1960.098823
2321.610973
2072.376953
2321.877326
2296.730231
2113.609177
2365.415000
2028.957540
2089.518212
2087.126754
1977.811500
2257.499927
1890.726724
2214.883823
2018.184244
2381.513036
2163.621457
2177.216708
2123.695296
2099.959705
2023.838407
2111.685320
2184.386931
2278.313232
1925.658666
2350.881843
2198.047865
2132.509264
2007.221530
2384.899276
2367.944951
2323.738214
2213.838165
2081.344455
2069.064383
2060.065623
1986.376264
2150.003863
2065.230368
2144.283736
2323.328843
2054.259468
2014.146135
2155.872464
2040.745593
2181.603358
2260.559849
2224.057750
2180.178224
2021.605109
2000.154066
1946.483040
2288.664324
2277.623661
2009.786569
2020.229036
2392.308394
2035.168768
2299.391811
2276.478431
2140.832817
1891.895350
2021.413496
2263.253885
2159.955259
1874.348134
2035.198601
2155.406439
2156.554357
2093.072217
2166.831170
2251.485475
2087.682240
2172.040615
2003.293678
2218.204060
2209.398005
2380.465633
2214.448681
2153.863357
2063.254931
2133.036286
2377.349225
2119.277018
2316.518648
2235.126629
2119.030353
2430.594269
1999.725521
1996.843085
2089.956739
2148.953986
2254.609593
2167.199321
2118.948240
2051.364067
2055.808388
2047.811347
2191.337691
2358.486961
2271.300271
2356.340577
2107.900476
2137.090136
2137.045467
2110.113897
2195.687807
2020.189965
2122.430350
1963.326738
2297.279435
2057.920798
2398.850725
2252.248737
2240.028804
2205.322125
2266.065505
2322.807137
2274.307212
2193.274962
2230.200758
2140.430653
2342.346525
1870.699229
2189.208709
2047.062905
2206.448871
2318.362683
2203.973047
2106.971084
2276.994242
2067.757260
2026.498356
1960.573705
2202.120588
2132.958192
2054.174023
2138.041538
2257.024120
2103.200206
2191.983680
2064.307601
2038.090183
1988.885835
2168.626333
2230.020052
2094.224504
2312.208437
2344.474789
2112.188933
2347.492578
2233.872572
2354.869913
2222.783801
2216.595231
2108.692051
2223.236293
2136.055399
2128.671310
2166.415233
2117.489435
2007.230424
2052.107942
2319.611850
2049.721607
2186.454526
2275.791664
2253.775343
2138.919827
2135.267488
2074.843514
2190.594702
2291.976741
2064.089568
2132.898001
2264.372304
2102.256719
2012.472887
2330.336058
2374.019065
2272.361221
2060.368747
2094.349402
2225.341202
2055.043044
1938.305928
2141.944391
2329.219427
2059.372148
1923.225397
1929.693370
2093.294144
2107.112693
2268.109641
1915.388499
2265.786831
2363.336712
2190.017950
2030.321361
2341.921481
2065.621296
2270.618898
2327.170455
2032.454573
2338.421776
1883.837001
2186.268187
2017.806296
2356.456106
2124.764332
2255.751400
2053.991008
2081.942872
2322.536170
2153.567991
2078.879127
2222.092768
2194.744208
2107.730126
2165.304016
2194.185246
1957.241011
2375.258025
2169.129394
2399.547328
2175.771973
2269.857576
2085.070154
2155.731223
2162.025151
2115.745199
2013.298485
2313.375860
2248.733167
2185.653822
2228.156791
2164.388800
2075.489767
2188.443414
1958.386743
2172.243833
2123.749460
2118.644371
2111.900422
2190.564120
2045.696898
2247.226077
2127.352794
2228.196534
2081.254357
2138.825137
2118.252970
2171.995994
1974.354269
2184.950274
2143.518425
2399.448151
2127.841416
2391.761921
2297.366269
2235.632475
2309.891118
2023.000915
2257.492323
2350.556616
1925.959373
2326.632490
2017.429438
2262.832974
2057.370863
2091.159159
2387.139853
2150.626229
2174.449245
2068.263395
2008.890203
2313.164969
2027.639409
2239.545508
2142.821670
2333.606331
2119.750444
2227.296968
2061.719054
2172.891047
2028.658803
2250.914955
2415.869211
2118.189449
2152.785060
2147.972198
2253.812434
2000.849659
2356.887563
2338.954552
2139.750614
2147.722517
2151.254354
1898.582144
2195.251541
2159.597564
2201.486949
2175.334941
2198.347600
2263.115926
1871.397566
2306.167556
2345.450350
2033.488880
2140.477587
2061.261827
2123.184146
1955.809411
2119.395579
2165.268128
2056.944171
2137.632894
1951.367820
2167.958672
2073.499396
2125.961451
2209.893800
2168.272383
2328.827800
2183.932734
2257.716577
2155.656527
2208.893334
2143.897382
2372.416224
2006.035536
2379.644144
2012.900252
2293.482565
2355.957378
2199.029412
2092.045003
2116.585998
2251.269171
2214.238507
2202.427769
2187.203837
2286.001282
2156.007194
2361.703464
2353.656847
2312.140624
2091.585197
2275.662950
1944.441160
2335.646541
2025.475680
2242.690384
2158.290465
2193.450586
2197.678185
2325.443138
2255.314363
2100.960925
2032.373056
2292.521030
2082.394885
2062.073598
2149.816818
2133.610026
2118.102514
2406.634093
2128.813744
2088.706427
2156.825108
2154.339741
2008.005156
1990.233452
2265.052303
2168.196317
2231.214385
2156.996822
2128.977703
2186.204086
2148.063592
2137.031868
2349.076989
2125.358036
2114.142852
2066.296900
2263.838130
2182.622811
2223.823008
1970.274813
2129.074589
2161.581540
2029.424764
2172.595930
2320.845856
2262.307691
2162.542763
2151.252078
2056.239425
1996.160014
2044.368612
2304.143524
2099.372706
2279.022437
2148.318303
2072.089317
2263.391927
2159.866397
2117.814015
2176.917588
2089.013135
2079.875023
2066.114409
2203.672342
2199.152844
2231.710744
2040.106398
2178.048967
1995.692745
2146.926435
1964.850403
2065.232067
1931.722914
2367.381918
2058.960818
2078.047629
2211.840517
2279.441910
2217.854688
2264.447382
2115.696604
2191.490630
2122.732105
2040.126048
2346.444458
2227.264341
2102.140245
2068.581112
2037.188038
2026.927590
2070.403147
2250.706644
2180.253609
2078.491322
2192.990021
2194.195270
2162.078777
2104.438576
1990.176229
2099.186016
1959.254080
2145.410426
2116.471841
2064.647377
2112.082979
2045.711045
2181.397365
2086.784342
2237.253927
2062.307535
2050.607110
2284.916080
2172.634085
2149.860013
2057.963789
2178.591603
2221.415350
1982.094039
2053.158668
2321.765140
2099.197611
2092.316165
2209.309942
2077.798977
2090.543131
2089.008920
2288.843737
2175.621610
2243.609288
2183.439071
2147.017031
2411.314475
2088.721445
2184.300269
2208.167931
2175.590404
2131.550039
2180.143708
2163.095671
1989.314649
2017.895762
2139.763641
1958.834364
2115.323572
2259.330859
2416.533027
2250.639357
1981.929969
1978.309354
2115.768462
2182.239766
2134.477392
2091.146056
2123.681502
2053.563230
1943.415802
2266.445469
2069.494557
2214.072070
2237.718185
2085.893827
2067.494722
2294.550703
2292.697147
2237.668259
2329.417666
2140.056787
1987.519840
2161.638074
2211.958622
2429.257808
2023.097347
1941.843826
2347.772456
2171.030500
2091.149209
2003.785799
2182.433846
2358.360695
2241.993765
2090.237961
2083.263828
2182.999737
2227.120765
2107.519751
2190.059549
2021.227223
2278.781704
2097.688170
2374.142765
2182.735999
2272.730344
2246.376043
2067.450942
2107.692469
2088.206790
2090.574978
2383.294766
2321.608303
2223.138423
2202.364534
2150.401833
2241.974512
1930.753266
2164.340822
2195.994085
1992.529116
2109.592979
1978.693562
2245.835025
2372.559670
2224.789356
2074.554594
2149.411279
2269.203212
2175.359752
2170.807871
2049.139957
2032.924181
2079.951418
2195.425415
2124.849641
2309.544155
2210.385399
2011.076496
2241.110535
2121.689102
1982.929811
2109.572821
2181.540594
2062.493807
2311.757126
2197.611116
2045.563202
2044.459679
2174.458239
2151.061999
2230.493949
2141.219603
1999.888744
2101.556293
2142.698427
1965.776102
2130.756217
2048.726581
2129.290544
2418.995802
2203.740477
2117.853540
2215.249388
1990.556884
2120.717715
2158.664739
2228.524280
2289.028073
2115.532439
2094.617989
2142.478475
2022.705649
2109.214401
2446.561866
2072.029713
2253.502582
2296.944204
2063.928851
2065.775839
2314.034812
2283.958596
2209.631588
2248.425557
2091.049434
2135.630222
2408.335803
2112.869521
1943.436192
2114.873567
1984.737217
2217.243149
2347.582971
2150.148431
2262.773283
2020.490089
2176.219927
1995.458682
2072.631055
2079.492930
2130.554878
2129.537802
1966.028439
2363.679669
2336.991850
2222.674062
2104.804703
2082.237760
2152.037656
2234.579376
2080.297320
1947.533544
2004.474227
2114.816462
2195.944547
2250.846109
2298.995118
2406.176590
2041.527539
2337.761063
2371.049821
2170.333801
2221.111000
2427.467707
2040.847635
2276.751099
2019.938888
1891.730007
1922.077343
2357.979823
2041.493161
2383.714722
2293.142868
2092.437212
2123.797888
2112.444981
2108.644827
2111.442276
2300.549522
2284.831293
2165.549185
2350.000757
2110.722845
2005.246442
2338.708741
2102.068266
2088.035031
2057.889760
2328.366444
1955.005136
2301.223159
2154.385071
2112.408699
2344.705571
2304.865611
2021.994907
2089.101990
2027.060569
2124.674271
2178.664020
2144.609601
2104.308269
1955.038289
2336.905246
2154.425169
2039.556077
2011.863962
2315.114035
2064.433004
2238.624880
1950.863013
2187.094150
2300.381662
2227.052810
2116.245569
1973.391786
2121.811851
2093.704975
1929.589335
2291.387258
2252.292772
2169.061620
2142.641086
2243.508327
2075.499338
2026.554988
2011.127320
1993.480197
2023.789779
2169.349153
2431.203204
2240.699424
2077.149197
2292.082654
2051.937320
2125.269662
1980.593588
2179.641058
2060.234691
2343.803797
2379.560573
1895.653060
2093.307202
2297.020937
2166.469863
2126.144604
2093.580629
2101.923586
2196.582471
2167.783670
2051.444200
2053.845780
2169.132073
2010.982122
2013.501223
2138.965364
2090.607048
2028.592614
2170.921316
2060.529392
2355.935310
2092.456963
2325.516832
1982.042189
1995.505804
2173.643913
2284.807268
1996.981975
1946.316853
2124.193836
2146.952692
2240.477072
2167.265464
2415.989010
1995.311557
2087.500127
2327.207851
2399.292349
2343.902920
2388.751633
1988.360397
2428.247454
2104.044593
2064.268147
2198.025457
2127.007928
2368.393086
2157.744619
2202.817185
2043.166682
1923.759730
2223.558264
2112.581232
2086.451891
2254.317804
2191.153295
2299.394947
2027.556770
2190.592684
2162.096479
2232.279769
2295.971967
2217.904462
2016.294941
2210.591002
2302.862693
1919.052575
2088.922507
2183.062369
2157.837391
2235.826165
2190.395385
2356.244123
1942.040476
2250.384670
2326.757716
2042.112912
2335.747468
2266.371487
2142.988652
2224.518474
2062.635925
2394.281294
2282.554231
2100.281897
2311.261866
2341.000696
2222.227236
1967.408947
2171.995998
2061.976177
2213.699286
2413.864209
2209.870519
2190.105662
2195.371072
2138.937260
2039.893680
2138.366654
2135.087045
2177.918683
2050.562941
2039.685844
2162.996758
2036.088393
2162.331606
2203.394786
2008.869831
2180.420869
2089.331967
2344.371309
2207.347015
2415.984486
2286.933609
1991.902652
2130.908144
2167.568897
2112.585191
2135.437145
2180.519148
2125.052771
2163.654802
2394.504884
2161.170391
2320.214181
2360.751954
2190.238409
2159.449882
2104.823579
2184.412508
2115.013667
2255.472669
2000.098832
1974.585786
2279.370117
2161.262950
2212.178750
2009.852307
2324.956647
2007.025062
2292.821991
2021.769076
1992.333880
2166.716762
2176.691318
2245.453424
2032.445107
2191.719975
2115.791974
2380.701764
2105.077377
2152.176125
1971.930912
2330.681672
2111.666938
2282.249821
2075.342910
2310.129725
2194.576873
2099.537473
2233.038488
2363.160458
2328.140203
2270.771483
2182.690560
2095.763830
2077.636424
1941.840753
2097.086419
2169.737552
2344.584322
2393.385071
2114.675582
2382.655677
1937.912009
2354.531583
2111.909822
2194.019777
2031.323273
2329.866638
2188.978471
2039.542876
2231.189942
2406.773808
2131.720839
2314.944639
2261.539351
2123.796239
1933.177038
1964.612875
2189.334679
2138.429183
2334.346819
2002.536187
2052.425936
2183.102678
2349.083399
2115.605905
2228.921141
2194.483935
2156.981274
2006.856259
1926.654043
2129.704073
2121.294735
1985.163688
2147.809078
2042.135746
2062.993802
2266.308177
2152.627487
2242.335906
2191.204626
2246.403624
2135.076426
2069.529466
1973.321696
2237.161171
2352.464397
2176.799226
2127.203530
2041.042062
2061.198583
2014.726128
1999.797460
2162.169338
2023.457457
1979.137413
2029.989134
2305.514126
2063.134703
2306.581443
2281.646133
2138.501665
2181.434725
2284.833557
1927.046915
2389.322141
2142.930483
2233.035481
1965.886088
2088.022093
2153.694344
2089.668638
2192.651026
2078.152782
2085.850719
2195.568095
2294.471370
2148.710295
2200.887611
2015.087539
2156.834409
2078.604746
2128.669332
2370.937874
2262.441153
2104.553175
2269.507248
2098.447378
2134.493818
2184.758097
2321.939164
2118.387821
2201.988930
1987.763342
2300.325011
2172.457446
2035.665744
2323.316360
2363.641813
2233.889034
2179.981840
2335.750367
1953.075407
2109.582964
2312.339301
2245.321269
1998.646709
2139.833226
2226.044103
2111.307649
2080.969946
2394.933278
2011.289469
2046.739958
1916.469302
2070.814954
2120.259846
2207.132856
2332.619422
1960.725784
2192.879839
2187.621322
1960.346676
2118.444869
2235.647823
2174.848719
2174.058220
2180.550821
2219.960451
2076.073174
2224.647137
2200.438938
2188.967265
2018.910559
2200.709035
2197.341725
2158.498713
2262.841522
2398.682355
2088.995067
2351.476959
2346.725250
2143.029146
2138.512259
1983.673402
2092.369053
2180.216925
1955.628856
2096.843245
2131.297336
2011.823768
2146.974597
2163.066975
2088.322339
2000.316020
2070.283243
2040.163095
2292.540741
2063.105952
2152.302437
2253.524015
2250.907169
2261.773217
2094.645662
2121.977384
2224.221502
2210.627394
2305.158700
2030.369874
2219.945408
2074.371551
2306.688790
2189.840556
2130.673563
2187.676707
2039.315603
2153.488030
2126.108218
2050.882162
2375.476927
2045.053487
2397.252953
1968.335292
1981.824674
2032.082671
2362.558524
2254.459367
2351.503859
2258.596812
2027.205741
2064.062039
1916.683238
2430.538789
2165.983451
2274.904628
2017.283488
2259.026797
2035.350925
2255.650360
2186.160304
2040.548904
2186.183257
2109.008948
2030.975524
2232.815322
2134.231226
2214.736784
2014.316701
2048.672741
2207.894046
2156.238019
1975.126167
2342.023613
2041.482143
2160.568800
2336.748653
1952.547231
2024.019436
2114.007634
2271.363715
2244.591802
2206.276119
2351.460306
2226.816874
2245.017905
2076.954550
2079.236554
2356.350771
2407.952411
1990.584371
2131.396259
2392.400515
2198.576672
2019.627277
2053.372876
2253.340972
2190.735635
2284.844372
2282.471705
2220.205303
2153.644650
1912.648224
2051.115267
2109.976703
2160.607937
2030.722999
2173.716590
2181.295015
1956.293053
2209.888288
2064.191738
2178.861983
2216.303496
2326.353445
2134.579873
2103.305423
2220.566411
2089.525119
2097.114946
2015.422445
2268.390023
2356.456234
2321.009300
2321.009300
2303.803467
2333.417068
2341.635324
2305.723914
2269.404721
2352.862030
2305.221746
2319.694631
2305.006502
2305.006502
2273.794978
2301.057863
2295.082668
2354.000539
2354.000539
2354.000539
2299.938321
2375.585939
2401.728931
2291.108455
2274.593771
2304.419109
2304.419109
2304.419109
2304.419109
2309.137924
2309.137924
2353.807752
2353.807752
2323.214636
2357.969589
2404.444594
2256.162367
2422.070562
2317.432747
2317.432747
2317.432747
2317.432747
2419.117663
2376.163327
2309.523409
2336.185764
2266.008484
2302.254441
2324.809759
2380.348502
2313.374288
2257.479221
2341.082615
2341.082615
2394.774098
2295.063737
2295.063737
2322.646124
2415.687181
2399.298331
2303.535013
2295.913731
2282.454254
2408.523822
2267.631918
2402.659691
2392.632859
2341.491325
2393.203264
2348.159619
2406.181627
2412.351595
2295.138195
2344.908419
2299.544405
2299.544405
2345.496618
2323.037858
2297.041760
2403.873799
2340.012081
2355.888352
2327.049995
2405.419891
2324.778892
2293.156172
2293.750340
2403.522165
2355.754784
2317.604201
2317.604201
2277.777428
2322.231321
2310.312951
2384.394923
2431.286623
2269.115400
2269.115400
2269.115400
2269.115400
2269.115400
2296.612725
2316.440851
2316.440851
2323.151524
2281.142429
2243.240455
2277.886259
2253.233834
2253.233834
2234.104278
2286.047218
2265.926436
2255.714203
2294.369393
2268.462836
2272.321987
2377.428235
2377.428235
2350.458940
2304.483776
2365.005058
2365.005058
2280.927244
2366.142769
2334.666709
2331.835750
2406.090337
2313.317383
2343.453205
2375.739004
2292.193955
2370.555585
2370.555585
2230.877985
2330.064559
2330.064559
2310.652460
2381.542480
2409.724976
2354.170202
2286.930372
2301.363044
2232.649736
2232.649736
2232.649736
2229.860184
2229.860184
2216.590387
2239.720797
2226.804786
2252.431379
2258.142115
2258.495144
2208.790382
2209.332905
2269.694932
2292.082431
2287.187929
2245.420426
2295.013199
2251.296216
2233.831036
2277.650499
2272.624265
2272.624265
2272.624265
2272.624265
2360.456839
2376.954159
2357.717439
2309.991371
2327.441328
2302.447967
2294.390530
2402.316652
2337.651851
2375.030383
2336.711777
2404.496057
2372.735429
2364.392281
2322.665003
2322.665003
2322.665003
2325.060053
2325.060053
2297.218902
2288.370658
2361.397672
2353.070218
2340.602143
2326.057834
2310.014897
2310.014897
2307.458126
2330.651171
2311.373761
2311.373761
2311.373761
2244.882939
2299.459228
2256.362275
2282.945254
2325.584894
2325.584894
2261.477085
2390.541956
2283.205080
2343.698752
2250.795221
2388.690671
2393.103278
2241.000142
2234.231294
2315.282576
2374.820380
2311.432004
2303.078329
2255.977319
2264.531559
2260.169145
2362.039984
2250.152850
2233.526479
2332.485037
2271.733882
2205.146948
2272.639054
2272.639054
2292.014518
2389.860844
2189.371215
2189.371215
2322.528356
2312.091404
2385.552868
2261.539601
2317.226278
2281.196974
2374.500941
2374.500941
2289.608233
2260.908632
2371.514254
2321.262313
2264.785009
2264.785009
2227.850676
2227.850676
2179.731650
2219.853939
2219.853939
2219.853939
2219.853939
2253.087745
2253.087745
2253.087745
2253.087745
2253.087745
2253.087745
2218.220784
2218.220784
2218.220784
2218.220784
2218.220784
2259.868373
2206.299497
2240.562850
2246.915042
2182.394791
2300.808149
2095.281035
2207.873638
2164.395752
2200.254518
2131.846966
2141.504852
2169.844436
2110.754967
2213.607723
2213.607723
2195.645853
2195.645853
2130.174083
2237.561343
2216.349153
2124.521806
2319.806983
2281.179159
2238.605127
2268.450221
2243.326155
2313.526458
2313.526458
2218.272433
2218.272433
2218.272433
2218.272433
2218.272433
2218.272433
2218.872363
2247.396876
2318.650227
2254.175965
2254.175965
2260.352142
2254.901390
2264.001915
2267.933653
2267.933653
2265.239046
2285.589626
2278.185355
2248.912480
2248.912480
2226.484958
2237.993794
2182.209142
2233.993575
2223.655863
2215.491109
2301.851984
2240.803321
2165.876214
2150.949195
2290.401458
2274.684468
2199.340446
2199.340446
2110.287599
2144.398264
2066.382069
2063.746773
2063.746773
2068.018028
2190.487468
2263.070695
2294.472970
2142.723866
2275.358519
2180.460531
2241.786504
2242.405428
2266.776127
2269.555346
2208.778692
2261.243710
2293.457389
2247.640380
2278.988670
2165.256880
2110.520986
2144.090312
2219.761090
2229.945025
2165.438718
2217.255169
2185.848847
2198.280777
2144.943702
2142.028016
2142.028016
2171.409448
2175.616503
2258.287124
2254.274063
2243.766188
2162.382573
2240.155235
2240.155235
2135.661265
2135.661265
2135.661265
2135.661265
2135.661265
2135.661265
2147.924322
2317.219522
2168.378414
2271.459152
2143.446465
2134.999290
2191.236008
2182.203262
2182.203262
2236.111748
2290.728394
2225.157340
2225.157340
2211.188173
2211.188173
2199.226453
2248.483251
2175.863918
2220.618017
2109.645610
2172.427328
2201.781787
2212.967079
2205.025745
2228.841561
2228.841561
2228.508111
2258.167376
2258.167376
2245.604139
2184.389034
2226.915010
2226.915010
2193.188580
2256.027481
2231.163939
2284.433728
2254.487381
2265.020810
2259.821724
2260.512270
2218.635824
2190.422159
2225.692669
2225.692669
2120.789797
2082.373690
2234.255147
2234.255147
2234.255147
2275.542183
2238.901586
2222.345468
2222.345468
2167.992400
2167.992400
2167.992400
2251.964591
2251.964591
2203.544762
2222.566540
2217.609272
2217.609272
2163.167612
2254.165208
2126.582414
2258.448352
2234.885608
2189.254486
2222.667969
2177.323390
2177.323390
2202.375218
2202.375218
2167.988781
2136.379941
2186.155417
2189.526570
2335.498332
2223.991162
2144.908334
2214.946310
2295.389075
2255.142514
2255.142514
2206.704759
2175.890879
2224.138894
2198.229261
2198.229261
2133.086030
2200.239960
2168.036548
2208.042391
2143.971886
2250.612288
2161.429981
2129.213209
2102.397880
2253.336238
2272.414185
2185.407146
2148.826634
2193.662725
2140.188579
2140.188579
2239.643712
2250.313525
2077.770259
2160.902379
2164.664130
2167.746949
2121.873153
2121.873153
2121.873153
2165.299569
2207.630381
2141.415545
2200.197496
2185.622551
2144.638721
2160.915345
2158.841489
2147.649297
2171.844058
2199.328275
2199.328275
2210.311529
2067.484912
2174.570271
2277.301787
2269.100761
2265.656386
2264.271579
2283.311172
2241.191542
2241.191542
2272.450696
2290.096059
2248.317999
2248.317999
2248.317999
2202.717124
1994.654647
2080.063284
2030.851215
1989.025633
2073.369868
2061.155720
1990.461777
1958.828864
1920.520631
1920.520631
1967.308440
1967.308440
1967.308440
1967.308440
1967.308440
1993.329231
1918.518921
1918.518921
2102.972441
2001.003976
2019.524554
2085.601694
2085.601694
2059.475332
1991.530171
2149.793351
2149.793351
2076.210505
2169.416940
2089.766175
2123.576568
2084.812143
2047.394919
2041.134354
2094.583628
2094.583628
2139.579389
2092.739700
2046.123586
2083.381506
2083.381506
2106.543466
2100.338900
2135.043050
2109.842133
2129.179643
2129.179643
2149.982992
2181.973279
2206.152525
2166.474935
2069.574424
2039.799488
2093.585793
1969.374516
2051.180748
2051.180748
1990.844894
2124.091609
2126.560736
2147.979017
2093.870105
2093.870105
2159.127300
2066.762484
2020.243392
2270.400631
2112.010868
2045.346824
1955.891306
2223.143111
2181.039458
2103.123324
2103.123324
2184.348063
1993.886768
2086.533554
2086.533554
2086.533554
2053.249255
2104.139422
2000.246086
2086.729592
2086.086022
2086.086022
2071.757267
2031.958271
2102.033430
2058.007412
2112.674678
2112.674678
2112.674678
2075.664404
2145.605427
2153.133968
2149.894364
2168.755498
2216.539998
2151.833989
2151.833989
2165.111711
2048.538483
2222.677289
2138.899496
2034.271382
2049.160553
2118.159053
2046.395069
2185.403446
2162.182153
2083.439338
2066.966528
2114.656196
2137.605726
2179.374809
2109.006939
2068.583243
2068.583243
2074.757779
2100.610253
2008.911368
2008.911368
1987.616383
2102.354950
2102.354950
2125.764638
2166.379513
2113.413248
2190.945783
2055.869733
2087.323716
2125.653980
2142.736629
2076.747026
2099.857497
2099.857497
2109.965557
2109.965557
2100.782507
2022.848221
1980.608905
2131.900650
2131.900650
2128.720238
2128.720238
2005.587922
2092.253568
2092.253568
2092.253568
2092.253568
2092.253568
2092.253568
2072.042965
2072.092855
2153.657057
2153.657057
2090.354210
2201.046842
2026.087033
2050.713286
2057.796484
2057.796484
2057.796484
2057.796484
2057.796484
2051.671054
2096.465891
1982.175982
1955.136860
2033.897724
2150.678755
2058.608089
1957.441148
2159.047227
2159.047227
2159.047227
2058.489642
2084.553212
2027.989836
2027.989836
2027.989836
2035.857538
2045.034607
2095.419494
2148.380742
2157.408687
2112.359933
2112.359933
2112.359933
2112.359933
2112.359933
2082.099726
2136.588365
2174.747669
2174.747669
2131.074435
2024.367906
2077.976937
2077.976937
2123.081634
2132.778606
2176.901147
2190.272740
2162.776818
2157.290073
2115.774548
2115.774548
2123.201574
2134.397509
1984.197010
1988.763514
2153.075131
2153.075131
2163.323152
2163.323152
2004.452180
2100.774288
2092.028576
2054.936388
2170.325608
2017.872804
2228.863916
2092.752375
2132.367763
2132.367763
2251.615017
2283.459963
2178.655415
2168.934405
2168.934405
2105.235550
2115.845973
2115.845973
2115.845973
2115.845973
2115.845973
2234.457954
2190.015595
2190.015595
2139.684258
2139.684258
2139.684258
2139.684258
2142.907398
2142.907398
2143.989803
2142.243323
2079.965457
2128.084565
2128.084565
2211.954032
2114.720747
2006.504421
2050.500132
2138.588876
2069.631407
2122.535866
2122.535866
2127.711837
2229.113359
2136.221578
2179.246750
2179.246750
2139.620960
2139.620960
2249.075450
2082.576387
2095.271390
2240.817614
2240.817614
2128.198959
1998.876269
2207.361130
2197.238059
2234.054403
2234.054403
2131.081649
2236.037190
2125.598197
2125.598197
2051.774611
2273.177042
2110.930868
2024.934264
2024.934264
2244.932310
2102.804435
2207.263346
2049.945461
2230.853191
2262.447081
2262.447081
2104.749488
2268.026482
2133.157353
2119.602335
2119.602335
2018.127341
2018.127341
1961.813976
1961.813976
1961.813976
2204.702882
2204.702882
2015.200162
2182.078059
2227.928881
1987.910661
1987.910661
2282.290177
2282.290177
2164.690957
2117.689874
2192.393972
2192.393972
2205.981186
2207.778651
2207.778651
2160.765187
2160.765187
2160.765187
2221.136362
2112.683593
2222.498267
2195.341049
2195.341049
2202.169155
2179.839577
2221.291394
2170.718925
2119.518260
2228.363781
2228.363781
2205.575291
2205.575291
2141.937253
2065.847724
2162.064717
2153.615034
2110.266120
2137.988033
2127.874517
2073.206503
2212.195008
2212.195008
2202.955368
2201.601906
2199.138846
2199.138846
2112.722405
2144.049956
2258.182255
2209.683497
2140.821723
2140.821723
2072.077447
2217.512635
2148.781534
2201.554753
2202.418239
2219.782849
2203.733600
2231.275133
2140.215083
2140.215083
2100.218239
2181.033190
2181.033190
2071.155185
2071.155185
2071.155185
2071.155185
2071.155185
2103.494975
2103.494975
2103.494975
2103.494975
2103.494975
2189.701923
2179.978873
2117.057026
2147.289135
2224.545563
2122.898780
2115.439680
2177.456538
2114.133645
2152.117750
2205.542208
2227.078425
2227.078425
2164.387774
2144.816598
2209.682927
2123.504633
2170.952496
2192.655767
2146.908181
2199.891368
2191.874670
2215.263097
2121.339796
2135.473554
2165.533273
2105.732947
2121.534431
2166.644809
2166.644809
2151.656644
2161.844114
2207.668055
2234.625403
2166.065889
2127.553945
2139.831794
2139.865330
2176.624039
2155.227494
2172.759472
2098.147803
2167.077916
2168.968371
2118.205856
2183.594076
2183.594076
2169.644161
2169.644161
2169.644161
2146.161100
2191.199076
2248.798629
2248.798629
2148.366145
2220.860337
2114.193646
2094.978989
2094.978989
2094.978989
2102.724541
2128.617170
2232.375640
2270.752597
2081.880948
2199.510478
2129.139366
2195.226774
2236.575936
2236.575936
2226.430041
2189.231611
2156.150194
2145.524433
2210.063133
2168.710880
2149.713325
2164.314038
2130.291522
2101.552368
2101.552368
2166.870026
2169.842210
2215.418377
2263.978476
2257.591998
2257.591998
2216.916300
2235.789482
2235.789482
2094.235287
2116.884145
2116.884145
2116.884145
2116.884145
2116.884145
2116.884145
2114.408704
2114.408704
2114.408704
2059.693499
2059.693499
2025.704805
2025.704805
2166.737084
2166.737084
2126.343013
2137.527296
2121.717108
2167.914230
2172.507722
2062.653315
2061.156488
2121.925919
2061.234318
2080.259777
2135.107067
2122.502717
2122.502717
2122.502717
2122.502717
2122.502717
2122.502717
2052.466039
1988.826300
2076.581156
2118.304222
2175.591217
2100.190380
2110.555493
2085.965973
2199.400773
2154.316466
2154.316466
2198.095703
2197.389449
2206.201348
2042.777535
2158.028011
2215.698634
2133.961679
2136.168890
2166.743236
2115.558695
2092.049107
2092.049107
1984.886157
2104.558054
2064.106584
2064.106584
2064.106584
2115.032421
2101.699108
2101.699108
2151.489971
2183.000898
2130.727691
2093.206466
2093.478223
2154.651953
2151.418360
2065.958666
2113.379179
2113.379179
2113.379179
2113.379179
2113.379179
2185.663543
2185.663543
2227.665234
2227.665234
2227.665234
2165.943351
2121.648317
2121.648317
2186.251408
2186.251408
2179.250879
2170.257143
2173.166038
2107.054949
2185.843410
2185.843410
2050.010211
2152.683222
2066.371784
2160.501500
2160.501500
2194.434432
2061.456479
2178.838769
2178.838769
2104.698837
2131.536508
2073.422379
2119.683614
2019.764433
2091.080859
2052.011338
2172.166434
2106.253166
2106.253166
2100.029972
2061.039250
2061.039250
2140.237597
2140.237597
2140.237597
2140.237597
2087.306400
1984.923161
2149.726552
2121.224209
2051.542033
2051.542033
2154.867920
2012.230429
2078.807187
2114.120454
2210.894980
2066.701771
2066.701771
2066.701771
2189.071877
2011.392782
2061.596036
2061.596036
2061.596036
2061.596036
2061.596036
2064.284886
1974.674797
2094.213150
2094.213150
2010.863745
2152.242810
2171.665308
2141.502382
2068.075403
2161.525441
2247.775416
2247.775416
2247.775416
2247.775416
2160.501331
2139.237745
2219.606402
2052.866051
2056.249385
2056.249385
2056.249385
2267.491013
2267.491013
2128.547323
2174.245398
2253.732672
2253.732672
2231.010094
2231.010094
2162.184542
2058.064635
2116.731512
2116.731512
2191.478624
2198.230978
2060.840313
2038.980240
2176.456231
2153.234716
2153.234716
2068.942524
2209.290347
2209.290347
2202.585559
2256.433697
2305.649604
2290.932866
2316.157881
2177.665021
2177.665021
2167.814146
2149.566236
2149.566236
2180.309434
2180.309434
2180.309434
2227.721116
2202.053167
2251.025413
2251.025413
2195.868898
2186.575089
2198.898978
2198.898978
2214.518141
2223.608642
2226.216510
2173.486077
2217.012388
2217.012388
2217.012388
2227.218432
2157.964669
2157.964669
2157.964669
2193.515942
2193.515942
2140.864941
2161.472659
2201.105100
2201.105100
2200.449730
2215.071475
2210.564294
2210.564294
2222.497202
2222.497202
2190.533392
2250.251521
2228.221567
2209.596138
2223.266820
2223.266820
2214.974566
2269.322732
2269.322732
2269.322732
2398.274573
2312.126283
2314.890863
2356.728154
2356.728154
2398.251037
2248.197484
2235.003168
2259.662074
2281.154589
2254.936624
2238.904559
2270.471540
2265.534968
2289.897338
2255.232354
2255.232354
2227.288438
2236.593945
2236.430805
2262.864424
2262.864424
2307.955799
2240.765257
2275.013747
2329.231410
2214.969987
2258.432831
2246.009037
2246.009037
2205.787569
2361.733094
2390.070362
2268.219090
2262.685676
2236.853021
2228.436130
2238.272278
2210.730845
2210.730845
2287.969588
2243.309756
2243.309756
2256.881835
2265.060124
2265.060124
2265.060124
2288.017914
2248.321526
2248.321526
2264.699469
2264.677252
2333.484737
2386.271865
2324.181045
2288.308957
2288.308957
2342.316023
2249.352607
2304.892385
2247.717527
2307.635052
2348.148633
2207.960267
2209.173363
2168.738896
2218.001545
2188.546501
2286.006046
2286.006046
2195.138987
2281.430821
2248.699926
2248.699926
2183.543183
2131.845359
2131.845359
2196.969065
2209.126104
2383.812048
2354.731863
2410.165331
2270.397664
2336.088636
2266.292715
2242.079924
2215.085392
2215.085392
2272.328474
2181.966104
2183.934997
2146.735479
2172.961502
2193.469451
2177.391218
2279.509594
2225.694903
2248.686901
2248.686901
2223.621027
2223.621027
2223.621027
2178.669540
2178.669540
2178.669540
2199.316234
2199.316234
2199.316234
2388.765714
2250.074988
2258.507745
2318.483087
2293.419074
2293.419074
2273.961212
2273.961212
2274.189344
2389.571141
2251.873014
2273.791064
2369.013868
2413.269182
2234.120322
2205.126145
2232.322368
2335.528604
2338.689652
2335.879976
2429.267717
2414.358929
2287.788064
2360.161109
2340.823138
2405.768253
2341.092296
2263.381255
2263.381255
2304.964580
2275.669657
2225.278059
2225.278059
2290.835971
2184.905951
2274.918201
2311.908627
2256.436117
2246.528525
2246.528525
2278.468962
2292.702435
2263.550306
2263.550306
2263.550306
2263.550306
2250.202691
2277.725711
2290.754821
2291.012393
2283.341791
2199.096468
2199.096468
2338.842028
2265.208067
2238.546278
2298.803466
2315.204993
2322.107677
2297.276243
2297.276243
2281.876830
2260.943347
2284.411374
2273.503855
2402.208853
2332.254085
2332.254085
2282.703878
2318.873729
2194.003026
2315.546560
2373.653555
2195.855600
2353.588291
2289.048281
2289.048281
2289.048281
2289.048281
2196.697072
2196.697072
2346.388910
2086.877711
2086.877711
2086.877711
2213.629513
2162.681986
2230.415778
2215.765078
2091.041432
2253.689414
2181.602041
2119.379296
2119.379296
2118.018098
2166.359445
2194.855836
2219.662910
2232.284938
2173.395997
2203.699399
2220.570958
2069.347978
2176.767270
2174.001583
2088.804523
2098.193084
2184.474496
2174.958217
2159.373141
2159.373141
2217.026098
2296.509639
2250.490748
2258.740853
2296.654339
2239.693837
2289.021087
2255.599924
2323.400584
2317.690206
2252.023521
2287.357285
2280.100581
2280.100581
2276.077758
2274.102792
2252.494013
2247.367985
2268.901492
2218.637196
2223.309032
2226.046302
2200.894319
2271.605291
2252.804449
2237.841039
2304.825265
2273.469156
2281.525059
2281.525059
2285.378605
2284.107756
2278.061606
2278.061606
2278.061606
2234.717393
2292.182861
2292.182861
2288.885630
2234.429543
2234.429543
2225.020330
2238.386060
2289.881490
2281.541802
2316.873724
2292.975570
2257.267537
2273.117063
2289.908956
2289.908956
2305.930942
2292.976386
2292.976386
2296.982777
2192.274799
2234.262591
2207.461652
2207.461652
2208.863535
2208.863535
2167.828230
2167.828230
2118.944936
2118.944936
2118.944936
2185.423358
2239.918228
2302.690525
2179.885129
2212.047586
2212.047586
2154.627941
2154.627941
2153.923624
2153.923624
2063.988785
2103.875990
2170.645969
2140.722006
2168.251263
2258.890752
2116.156533
2189.373906
2142.237604
2138.286037
2159.639101
2184.130363
2184.130363
2155.693578
2125.760331
2125.760331
2125.760331
2205.360654
2180.806133
2198.579431
2143.500248
2241.351048
2171.674366
2231.296877
2202.818673
2204.520186
2113.765387
2228.659961
2171.579985
2204.743722
2181.276934
2224.816455
2220.674858
2194.834943
2270.789051
2214.139185
2276.580123
2276.580123
2196.906660
2180.006494
2146.299189
2146.299189
2202.168171
2202.168171
2143.690590
2052.569969
2052.569969
2275.869805
2136.864962
2216.147724
2216.147724
2260.629313
2260.629313
2206.519704
2223.648508
2237.994958
2237.994958
2169.846468
2172.497352
2151.900593
2122.007652
2193.594531
2254.776059
2254.776059
2116.750555
2262.279619
2262.279619
2262.279619
2195.155908
2148.575533
2144.280885
2146.715720
2146.715720
2146.715720
2146.715720
2124.504820
2225.258571
2268.563502
2192.672673
2169.412902
2174.372744
2218.543477
2218.543477
2218.543477
2218.543477
2279.276926
2189.007254
2209.576203
2138.612231
2152.623122
2235.266488
2197.721015
2213.400369
2213.400369
2227.201847
2172.080208
2163.518197
2224.660701
2229.409828
2248.828512
2083.002528
2136.598912
2136.598912
2099.303153
2234.679565
2234.679565
2224.880502
2276.654467
2271.573873
2207.836873
2280.820375
2206.734765
2175.656496
2173.021805
2271.316887
2250.286514
2205.188143
2205.778656
2205.778656
2205.778656
2205.778656
2205.778656
2205.778656
2203.692804
2217.835072
2217.835072
2206.089592
2232.418972
2192.487534
2242.167765
2244.385394
2199.044280
2238.644165
2178.376502
2198.433162
2233.310725
2233.310725
2233.310725
2233.310725
2233.310725
2112.930178
2214.952706
2154.091787
2109.727096
2199.983529
2278.722283
2167.687382
2167.687382
2167.687382
2161.147930
2161.147930
2186.009447
2186.009447
2208.550103
2208.550103
2210.710411
2179.404466
2179.404466
2179.404466
2179.404466
2206.908698
2096.127521
2148.646675
2265.821675
2239.053761
2126.336618
2283.017924
2283.017924
2128.505966
2128.505966
2128.505966
2128.505966
2226.778121
2154.265345
2099.315420
2280.239368
2152.294928
2224.916260
2280.493377
2268.096667
2136.516644
2179.788019
2226.331437
2172.170268
2224.182348
2178.966483
2217.367314
2185.074479
2243.161592
2243.161592
2033.190792
2144.775615
2163.862665
2131.289200
2135.699450
2133.356420
2133.356420
2133.356420
2170.439416
2170.439416
2148.112968
2176.502354
2236.700519
2073.031271
2243.953301
2273.415396
2198.684034
2171.808834
2173.957100
2218.465217
2214.805696
2202.698225
2284.858625
2199.711259
2209.195639
2263.731776
2223.553452
2248.456051
2138.172471
2160.859969
2211.696133
2211.696133
2211.696133
2211.696133
2211.696133
2144.437939
2117.437027
2146.461424
2174.261227
2169.878138
2132.029284
2132.029284
2132.029284
2132.029284
2061.069283
2234.367861
2201.682666
2261.607705
2261.607705
2132.806680
2110.771926
2183.279081
2199.979905
2219.961685
2219.961685
2219.961685
2232.299282
2232.299282
2259.749721
2168.569101
2160.095052
2160.095052
2160.095052
2284.056211
2218.064742
2223.030180
2223.030180
2263.286763
2212.962097
2212.962097
2173.414283
2173.414283
2173.414283
2233.458484
2157.047287
2182.932839
2256.293157
2256.293157
2152.294695
2184.690056
2143.962939
2211.345378
2230.647436
2168.704319
2168.704319
2171.320135
2171.320135
2219.260689
2152.595155
2152.118109
2245.061955
2217.004833
2162.663673
2192.329543
2237.040564
2237.040564
2128.489313
2177.396361
2152.859607
2168.284189
2170.321262
2170.321262
2138.903832
2292.547500
2292.547500
2158.216139
2170.697062
2112.940574
2112.940574
2179.432350
2225.891829
2210.608951
2134.885196
2150.778324
2149.665753
2216.112499
2216.112499
2236.363547
2247.858058
2247.858058
2215.660388
2176.833039
2211.481856
2151.289883
2151.289883
2083.335008
2138.053429
2127.507639
2164.575911
2233.460614
2219.168774
2214.664127
2126.792153
2126.792153
2167.119198
2189.791322
2260.477702
2260.477702
2264.886079
2264.886079
2264.886079
2121.915374
2193.099253
2193.099253
2111.800119
2123.009507
2226.742862
2152.414725
2223.881078
2124.935211
2136.398832
2058.588755
2251.662769
2248.747108
2079.513107
2153.446933
2134.114669
2110.528260
2112.912818
2129.200927
2186.447190
2176.755644
2173.982522
2210.880878
2160.118113
2167.282318
2171.628679
2148.508274
2164.314284
2164.314284
2193.086050
2152.910970
2191.206288
2243.326094
2187.924984
2167.719661
2137.826170
2226.118980
2137.337948
2137.337948
2210.198248
2134.645797
2136.890120
2136.890120
2164.936551
2223.360630
2126.084841
2126.084841
2216.519437
2177.920047
2218.772202
2218.772202
2205.904723
2197.184001
2180.780317
2142.550699
2142.550699
2201.730166
2201.730166
2230.993067
2152.094567
2149.813486
2164.997991
2164.997991
2124.188393
2124.188393
2182.292470
2128.226533
2127.266324
2097.498659
2097.498659
2149.502773
2149.502773
2149.502773
2135.726992
2104.211585
2231.924635
2231.924635
2194.634362
2163.927956
2234.027530
2234.027530
2194.025047
2194.025047
2140.993441
2140.862519
2145.908617
2145.908617
2145.908617
2145.908617
2061.606758
2061.606758
2158.965974
2136.792181
2117.923166
2117.923166
2148.536779
2148.536779
2148.536779
2148.536779
2148.536779
2104.702267
2135.610069
2078.151566
2078.151566
2078.151566
2105.285064
2176.724246
2136.767418
2128.865359
2149.490935
2133.980765
2065.176417
2165.845332
2165.845332
2124.728943
2127.611458
2127.611458
2126.921496
2110.281006
2117.055974
2157.207980
2284.807410
2213.755158
2191.336055
2247.013374
2201.095379
2070.008870
2260.759036
2260.759036
2274.636184
2132.345625
2273.404702
2138.876006
2138.876006
2222.444451
2222.444451
2283.443523
2283.443523
2173.427067
2285.366163
2240.386190
2198.597275
2216.383035
2304.836368
2271.143195
2318.752200
2318.752200
2141.712826
2054.312942
2212.972783
2274.262401
2289.096613
2218.805386
2249.290393
2217.969467
2189.652942
2169.912657
2281.342576
2172.647501
2172.647501
2172.647501
2157.866784
2244.639334
2117.957409
2079.074217
2079.074217
2248.607520
2213.590707
2172.073725
2106.781015
2106.781015
2106.781015
2106.781015
2205.468530
2290.262860
2301.793785
2270.969116
2270.969116
2323.792230
2301.047696
2302.203658
2370.750015
2348.260605
2348.260605
2282.481641
2341.087477
2294.598517
2339.975987
2303.003259
2340.980993
2245.240057
2275.403866
2310.534171
2233.526717
2233.526717
2262.392944
2262.392944
2270.421997
2280.794823
2280.794823
2250.300735
2281.618918
2252.496340
2261.086450
2292.560968
2199.780511
2304.776983
2296.704669
2334.354621
2295.938583
2258.239046
2359.290109
2405.063654
2389.961818
2318.354567
2355.988620
2390.798239
2399.781239
2357.460592
2385.529616
2329.283579
2332.949275
2285.600671
2285.600671
2285.600671
2304.280030
2353.842665
2383.529991
2397.949355
2412.425327
2390.223335
2380.491678
2369.805686
2352.910052
2352.910052
2339.359563
2285.964539
2285.964539
2387.780031
2389.343597
2390.069312
2288.270559
2382.789859
2399.246919
2407.829754
2345.996030
2377.441318
2402.507622
2373.818498
2373.818498
2385.486642
2369.540842
2304.753894
2304.753894
2304.753894
2335.128933
2422.535019
2389.186903
2323.230545
2294.483414
2374.108076
2288.795490
2400.299002
2292.119868
2292.119868
2284.216752
2399.182961
2330.359413
2264.678586
2402.472311
2402.472311
2386.116031
2280.856720
2316.486480
2316.486480
2325.177742
2329.137487
2335.336408
2407.357120
2407.357120
2398.199999
2324.091366
2297.528247
2334.209691
2366.866033
2298.684541
2407.416437
2272.717337
2272.717337
2243.538331
2268.282895
2283.111870
2273.837522
2240.890114
2274.195624
2403.680322
2265.334031
2287.622508
2390.563321
2364.641300
2364.641300
2365.444744
2326.396305
2322.289040
2264.220849
2264.220849
2317.955493
2347.359745
2408.644856
2263.179938
2396.414005
2228.599286
2368.678354
2334.062424
2334.062424
2245.929523
2220.443595
2220.443595
2298.906146
2295.172780
2261.253388
2255.120453
2255.975478
2255.975478
2383.334807
2373.069620
2319.976016
2319.976016
2254.154980
2313.470525
2313.470525
2381.115519
2262.823165
2300.268077
2284.130956
2288.568133
2288.568133
2290.142349
2290.142349
2247.577545
2247.577545
2247.577545
2247.577545
2313.699942
2293.817405
2276.897878
2271.631367
2266.972487
2343.210918
2305.788078
2205.950044
2257.994695
2270.342625
2246.683284
2246.683284
2301.586864
2205.854755
2260.327023
2270.969720
2253.067723
2254.338036
2214.408594
2230.005570
2230.005570
2230.005570
2272.000003
2272.000003
2292.495760
2258.964885
2259.129396
2162.777012
2247.348519
2223.226050
2153.861201
2192.643264
2241.264915
2279.104278
2316.479570
2316.479570
2290.469811
2269.155177
2257.893278
2257.893278
2196.430914
2196.430914
2196.430914
2199.228864
2268.581642
2304.291541
2236.642342
2236.642342
2302.039463
2289.229464
2243.094817
2267.415829
2198.542350
2223.003135
2223.003135
2218.096873
2218.096873
2239.491128
2164.480092
2235.913651
2267.192808
2285.000740
2256.362594
2195.355458
2235.692569
2235.692569
2235.692569
2328.878227
2191.790111
2202.135238
2262.806828
2278.261856
2267.418108
2260.916592
2288.952019
2233.041158
2233.041158
2239.261357
2220.121684
2220.121684
2199.159628
2223.386474
2279.887339
2279.887339
2279.887339
2234.588671
2227.139305
2227.139305
2305.388350
2272.892856
2279.716883
2182.842058
2232.670750
2232.670750
2251.283173
2302.382931
2214.543906
2337.016771
2283.561773
2307.156674
2392.432411
2306.859658
2244.724125
2286.992913
2227.761054
2237.773381
2243.912498
2230.961775
2230.961775
2239.590831
2278.415193
2324.845783
2257.368337
2252.504891
2262.712065
2279.872750
2258.476946
2301.497910
2229.512499
2308.294567
2286.625255
2286.625255
2286.625255
2274.537015
2274.537015
2310.142146
2237.877361
2278.483404
2303.890275
2284.865263
2280.881030
2322.850789
2314.675514
2236.180043
2267.973383
2399.378126
2399.338386
2336.204841
2427.291779
2297.136764
2320.469107
2286.783317
2368.026669
2368.026669
2334.581705
2334.581705
2327.630857
2293.144900
2277.661276
2338.330662
2338.330662
2331.733947
2389.518118
2291.375013
2335.696778
2393.368593
2295.750752
2326.996526
2307.195599
2383.002934
2304.644630
2373.588445
2373.588445
2333.896245
2333.896245
2410.597833
2411.985076
2302.410554
2389.280141
2425.373558
2353.899781
2353.899781
2325.722096
2210.977932
2306.173777
2386.074980
2381.125981
2349.936055
2280.499119
2254.035210
2359.287289
2289.385137
2376.223091
2376.223091
2304.558048
2304.558048
2230.504626
2221.551231
2285.278608
2215.262101
2258.962167
2354.920124
2300.886405
2231.343627
2294.621149
2257.281414
2227.282299
2365.693342
2365.693342
2365.693342
2376.619789
2338.127549
2395.515199
2255.280191
2291.326312
2367.537738
2281.108193
2384.670596
2132.010507
1996.581714
2022.317657
2022.317657
2022.141989
2062.922093
2062.922093
2015.379440
2037.193023
1997.213965
1995.644106
2025.083200
1955.205868
2053.675001
1943.277782
2052.473443
1952.015997
2046.146425
2046.146425
1878.039706
2018.963742
1996.489099
2015.137282
1984.814208
2053.767136
1993.398373
2046.676793
2046.676793
2084.397572
2049.047379
2049.047379
1901.300561
2040.456696
1893.364729
1893.364729
1927.530551
1994.091430
2029.447467
1973.673803
2004.963493
1978.016608
1983.837908
1983.837908
1917.459179
1923.583626
1976.966544
1926.465392
2022.836446
2001.331242
2077.046550
2136.554155
1969.697295
2116.700393
2116.700393
2116.700393
1987.113720
1883.981224
2148.079693
1986.148753
1988.476050
2098.066433
2050.139853
2097.855062
2097.855062
2167.323048
2107.561746
2053.354143
2022.745267
2022.745267
2102.267231
2102.267231
2201.217265
2084.225656
1993.098701
2097.314898
2076.791584
2076.791584
2076.791584
2147.185778
2166.832051
2166.832051
2177.309356
2177.309356
2177.309356
2161.023306
2161.023306
2161.023306
2161.023306
2168.343796
2144.969573
2144.969573
2029.121125
2201.862662
2201.862662
2070.072786
2070.072786
2119.997904
2119.997904
2022.152074
2133.038214
2133.038214
2258.276093
2257.163896
2156.591178
2224.382585
2036.739317
2141.291114
2002.089281
2122.006181
2189.612296
2075.075516
2054.495729
2076.373738
2117.581342
2128.947925
2024.279677
2112.528674
2008.779429
2158.818335
1978.152152
2123.830547
2139.298130
2139.298130
2057.399506
2062.653474
2062.653474
2088.223425
2136.842158
2201.221492
2201.221492
2104.538640
2131.297340
2073.310075
1991.157243
2105.311435
2049.847392
2179.611644
2182.149420
2075.354948
2224.869555
2224.869555
2100.396476
2048.579070
2048.579070
2048.579070
2099.074752
2087.850159
2126.729235
2077.499725
2144.093676
2144.093676
2144.093676
2144.093676
2144.093676
2144.093676
2144.842111
2012.709578
2012.709578
2012.709578
2012.709578
2037.715153
2037.715153
2168.354795
2000.362782
2065.816166
2081.240944
2129.202130
2132.241408
2132.241408
2132.241408
1966.025864
2167.642293
2039.718474
2089.168710
2089.168710
2112.818985
2112.818985
2036.354158
2036.354158
2214.837658
2053.719505
2042.676786
2129.521436
2110.623261
2110.623261
2110.623261
2090.673956
2096.442130
2125.169470
2125.169470
2125.169470
2003.335409
2136.453493
2192.011905
2075.575674
2101.859813
2051.044390
2120.352457
2130.194257
2130.194257
2155.551310
2123.475051
2156.397672
2071.612167
2124.483778
2124.483778
2008.947302
2149.119749
2234.554824
2000.764465
2014.559730
2002.326607
2026.831346
2080.909989
2047.493291
2163.832639
2109.979299
2047.926511
2161.097105
2165.662949
2165.662949
2165.662949
2150.645198
1968.871980
1968.871980
2122.235682
2098.300094
2176.209414
2144.865931
2119.732577
2034.626020
2040.101909
1986.806706
2097.785162
2142.943543
2003.941779
2141.475230
2141.475230
2089.270626
1976.073492
2081.025829
2183.642965
2274.557518
2196.022531
2178.769651
2178.769651
2003.424192
2098.266430
2055.077394
2067.070616
2279.770893
2066.409422
2130.697116
1937.100093
2093.528032
2042.850200
2042.850200
2042.850200
2057.892855
2137.772235
1959.751259
2192.120418
2192.120418
2105.566685
1979.390795
2090.498447
2055.864957
2065.311071
2117.397441
2042.825150
2089.598301
2066.903147
2155.734118
2155.734118
2075.144947
2086.428069
2086.428069
2084.141323
2097.124365
2136.448184
2017.332351
2066.603732
2078.987808
2132.343269
2188.886003
2178.771368
2095.486105
2045.284007
2042.912088
2195.764548
2030.232420
2135.678902
2036.549363
2100.298154
2100.298154
2070.459319
2070.459319
2070.459319
2037.125772
2139.883990
2177.594854
2212.278154
2129.028366
2129.028366
2129.028366
2060.870312
2060.870312
2050.821469
2127.352857
2122.718893
2118.501809
2099.848317
2112.541805
2145.108904
2145.108904
2145.759099
2095.775307
2017.725830
2117.303951
2102.904207
2108.185006
2068.995876
2068.995876
2068.995876
2068.995876
2147.664257
2147.664257
2147.664257
2147.664257
1933.240525
1969.635125
2064.773330
2037.507400
1935.199204
1952.586398
2045.541838
1947.259638
1873.023334
1977.818732
1927.458076
2112.796018
2070.688701
2108.070428
2097.735182
2160.276687
2133.892640
2052.651173
2052.651173
2095.101541
2165.566895
2162.601594
2176.317180
2176.317180
2004.148313
2092.162028
2092.162028
2022.090287
2022.090287
1925.243235
2051.185189
2051.185189
2013.475103
2025.077840
1959.764589
2102.825433
2025.698087
2048.535965
2033.666930
2060.500455
2108.317588
2034.883097
2007.357430
2007.357430
1993.189646
1993.189646
1993.189646
1990.590267
1990.590267
2039.153082
2039.153082
1981.855669
2030.436190
2030.436190
2044.355788
2129.825244
2129.825244
2120.215357
2120.215357
2043.295969
2074.866481
2033.437708
2075.265407
2083.690957
2083.690957
2083.690957
2063.348575
1986.531471
1970.359498
2008.521977
1971.933530
2060.123956
2071.134991
2099.143113
2099.143113
2093.736681
2093.736681
1993.237687
2024.005830
1932.888843
2098.820750
2098.820750
2022.011451
1976.347005
1976.347005
1976.347005
2082.161811
2066.723674
2028.274856
2011.978327
2078.040511
1903.921171
2055.879259
2165.262853
2103.567715
2166.486412
2002.399636
2075.527104
2064.156692
2068.689280
2068.689280
2154.287482
2186.967064
2068.144594
2173.534707
2158.089797
2158.089797
2030.905253
2153.066877
2199.358487
2116.565617
2081.804350
2023.810288
1999.118979
2073.559240
2132.298141
2132.298141
2129.643448
2129.643448
2129.643448
2129.643448
2129.643448
2077.301174
2077.301174
2090.066889
2181.134584
2113.721089
2113.721089
2113.721089
2113.721089
2026.405152
1971.663076
2073.677714
2044.291986
1964.750075
1957.001741
1957.001741
1987.425226
2081.914400
2129.212427
2121.842192
2137.626805
2055.645161
2151.546765
2023.731292
2029.263930
2127.815195
2088.384049
2009.473029
2119.021059
2073.754639
2081.413583
2121.158717
2009.574149
2008.220030
2057.441631
2193.763916
2060.343268
2034.467048
2034.467048
2066.876827
2066.876827
2066.876827
1975.863782
1975.863782
1975.863782
1979.098784
2022.840600
2022.840600
2070.285333
2051.903391
2051.903391
2070.832912
2070.832912
2098.092301
2131.246160
2090.859852
2026.746133
2062.005603
2082.847272
2001.903371
1985.344282
2085.983590
2083.094950
2052.705292
2216.419164
2104.272339
2104.272339
2104.272339
2142.171467
2094.145815
2102.754295
2125.929778
2125.929778
2037.009394
2067.203131
2071.476089
2037.673551
2070.323996
2134.690924
2099.276448
1967.846907
2127.231361
2099.844929
2089.935004
2108.341654
2139.060405
2097.813661
2140.002193
1972.180521
2061.645372
1979.418480
1979.418480
2054.489878
2113.110510
2143.619942
2155.525383
2100.895607
2100.895607
2010.026523
2109.222834
2018.443364
2009.332206
1956.648093
2099.806119
2086.670925
2044.811506
2044.788650
2018.389740
2086.047467
1974.953623
2016.906314
2217.182041
2203.937514
2126.168094
2007.439198
2015.782816
2162.059967
2074.068404
2074.068404
2074.068404
1986.224159
2123.730625
2123.730625
2103.976728
2029.550089
2029.550089
2028.684076
2028.684076
2216.950157
2015.196973
2155.384794
2155.384794
2033.699345
1960.033993
2090.375627
2182.748775
2128.890828
2145.939329
2145.939329
1972.222570
1924.228393
1924.228393
2039.144681
2039.144681
2195.429211
1934.147764
2128.024718
2079.230164
2079.230164
2079.230164
2079.230164
2079.230164
2103.807921
2178.319174
2004.089133
2128.340069
2103.640793
1935.355300
2128.357900
2019.187300
1976.533078
2121.887538
2047.576281
2036.761256
2093.440568
1970.968581
2249.702662
2237.962519
2138.540537
2090.747759
2161.706180
2144.267310
2141.279692
2080.120638
2188.922440
2140.897040
2084.960383
2032.984340
2175.798350
2156.238147
2156.238147
2110.620076
2151.837283
2151.837283
2096.436355
2153.828738
2091.456015
2177.651599
2109.106509
2109.106509
2109.106509
2068.373054
2068.373054
2074.728180
2004.196159
2004.196159
1985.233426
2057.383695
2057.383695
2021.136935
2100.677512
2100.677512
1995.624918
2178.232557
2142.790291
2089.978186
2202.726205
2177.964492
2111.782686
2141.562869
2134.965722
2134.965722
2134.965722
2134.965722
2134.965722
2134.965722
2134.965722
2134.965722
2224.106815
2087.594456
2143.143249
2161.367727
2167.317643
2093.102497
2093.102497
2151.386626
2121.661944
2072.973328
2071.204895
2071.204895
2052.651159
2052.651159
2026.860715
2101.820214
2046.624556
2046.624556
2186.128186
2186.128186
2019.311934
2019.311934
2019.311934
2139.861423
2106.861711
2201.822464
2197.384743
2197.384743
2062.100328
2132.276142
2132.276142
2061.937039
2024.350795
2029.121415
1947.301008
1996.755718
1996.755718
2071.708807
2030.477348
2030.477348
2071.544688
2071.544688
2071.544688
1965.141355
1974.629909
2056.751857
1971.568546
2007.474625
2096.202345
2018.958686
2020.873622
2016.822262
2016.822262
2016.822262
2015.222881
2025.874868
2092.273602
1936.597992
1929.276017
2101.524067
2101.524067
1964.764441
1886.252935
2176.912670
1982.804574
2127.166940
1986.741099
1994.794976
2008.698977
2008.698977
1967.246248
1903.033514
2009.198843
2024.903810
1897.910630
1897.910630
1962.384836
2078.150851
2078.150851
2053.053611
1999.902055
2182.199568
2182.199568
2072.615055
2072.615055
2072.615055
2183.905450
2121.554834
2081.458750
2086.147189
1974.669556
2080.315490
2201.287905
2040.141154
2103.523426
2103.523426
2065.711648
2034.589805
2034.589805
2079.590800
2169.956860
2100.711491
2158.966136
2057.349743
2060.198294
2082.387617
2082.387617
2124.536742
2124.536742
2205.547723
2180.537833
2195.942089
2138.182147
2171.588841
2064.796062
2107.545594
2077.523353
2077.523353
2155.823113
2155.823113
2085.495113
2168.328404
2225.764985
2163.486225
1979.144485
2029.527363
2230.095483
2125.730372
1912.824372
1998.025191
2077.971492
2005.112179
2150.817253
1951.780076
2094.684923
2094.684923
2094.684923
2094.684923
2017.369618
2063.163070
2056.988652
2092.099710
2090.899357
1987.426306
2115.422281
2108.267213
2101.825393
2007.435688
1959.927132
1959.927132
1959.927132
2080.488068
2142.626875
2155.515903
2174.729598
1893.313662
2037.057519
2149.623845
2192.481353
2192.481353
2131.135991
2131.135991
2187.155972
2076.350064
2130.547684
2130.547684
2173.128497
2170.594397
2170.955734
2170.955734
1999.192312
2014.951259
1962.426475
2039.950386
2175.932588
2188.488509
2205.621653
2009.725669
2084.316909
2194.236324
2090.068345
2037.224514
1948.085897
2008.952136
1910.049035
1949.804971
1949.895319
2009.522061
2072.502475
2072.502475
2103.864454
2042.232184
2110.559281
2059.520515
2059.520515
2059.520515
2064.310189
2053.300731
2053.300731
2117.728381
2060.776620
2034.480678
2042.177936
2042.177936
2104.788128
2021.523774
1940.131674
1940.131674
1905.995744
2063.105422
2063.105422
2063.105422
2101.862904
2107.606365
1990.466624
2112.095977
2096.764739
2090.705553
2181.371090
2224.965015
2095.533283
2141.513521
2083.700782
2140.976579
2040.302403
2060.157856
2122.191408
2173.360195
2121.570647
2124.978163
2141.090835
2214.550435
2214.550435
2197.103385
2205.491939
2114.714626
2108.301293
2252.011693
2101.216786
2166.759758
2013.271471
2064.449725
2060.720886
2250.293381
2109.171533
2060.382922
2034.691615
2076.520347
2022.857074
2053.886856
2105.431734
2105.431734
2101.927256
2106.665555
2122.944782
2074.078485
2116.603245
2148.441008
2015.172047
2114.654205
2162.429105
1983.660574
2066.440366
2091.892132
2181.856415
2181.856415
2086.350498
2108.875333
2195.706259
2160.552693
2197.093256
2126.018280
2157.911025
2095.451518
1965.510865
2031.883302
2049.182742
2140.706444
2063.984342
2074.603244
1984.522753
2025.756657
2054.471043
2153.021636
2110.161513
2114.767070
2118.003216
2118.003216
2118.003216
2118.003216
2118.003216
2059.023189
2204.479017
2022.255360
2037.919488
2006.754127
2102.198340
2080.099961
2183.135792
2145.816959
2112.186862
2166.041791
2046.904035
2034.864375
2042.007099
2110.555356
1909.961293
2277.138630
2093.958106
1998.599920
2000.834311
2053.241327
2175.467336
2094.689254
2025.551183
2008.344320
2103.753249
2117.157897
2117.157897
2048.773727
2048.773727
2074.277311
2089.526822
2005.512539
2005.512539
1984.143747
1945.124932
1984.937599
2098.117080
2054.415809
2054.415809
1992.719448
2016.034034
2110.197324
1990.862104
1990.862104
2035.752281
1937.314455
2057.994755
2026.055474
1999.340632
1962.989960
1939.395191
2110.867192
2071.106797
1985.622574
1989.967592
1966.946884
2105.398005
2119.269962
2143.886142
2143.886142
2007.300431
2016.668484
2013.506531
2007.071862
2001.984429
1991.569323
2032.815590
2032.815590
2105.436736
2112.318721
1971.870578
1928.808552
1952.384701
1952.384701
2054.628424
2097.815388
1997.597747
1997.597747
1997.597747
2029.265196
2072.462112
2037.942832
2021.215369
2000.791978
2006.008610
2059.252190
2059.252190
2118.415976
2041.173745
2149.275270
2051.070606
1981.934144
2080.284485
2096.616865
2063.211775
2063.211775
2063.211775
1928.598174
2015.326038
2074.827072
1937.201227
2058.931041
1987.700557
2063.597481
2125.626387
2004.196555
2004.196555
2004.196555
2004.196555
2004.196555
2004.196555
2004.196555
1935.364009
2077.959420
1998.918854
2037.465447
2046.900193
2069.438542
2097.103163
2107.092098
2107.092098
2065.604653
2065.604653
1980.695670
2051.375062
2051.375062
2031.603420
1955.101753
2032.574031
2046.955498
2089.924325
2089.924325
2107.707132
2031.526278
1935.189644
1935.189644
1952.793938
2098.293526
1989.758070
2045.895869
2055.063201
2055.063201
1962.845605
1983.265329
1920.447521
1943.091700
1943.091700
2017.849814
2017.849814
2017.849814
2082.308680
2031.748276
2031.748276
2066.608381
2020.915985
2020.915985
2054.469016
2138.704066
2049.018743
2021.186402
2021.186402
1970.269966
2000.008078
2034.918422
2117.722338
1955.834226
1909.813384
2074.834771
2074.834771
1932.993847
2098.694597
2048.356522
2048.356522
2021.260074
1992.160972
2090.304087
2090.304087
2080.280964
2106.290433
2106.290433
2106.290433
2007.871080
1984.296983
2151.238945
1932.262804
1985.050959
1985.050959
2081.423876
1930.083595
1950.584657
1992.210987
1992.210987
1953.311970
2030.919634
2003.872350
2003.872350
2003.872350
1963.563556
2079.092886
1974.663290
1984.236727
2134.149681
2134.149681
1988.255859
1974.165343
2027.126338
2105.062951
2105.062951
2052.694730
2052.694730
2124.216164
2016.155809
1944.260930
1953.479091
2017.646719
2000.551438
2005.811273
2005.811273
2069.790488
2137.741977
2100.084931
2100.084931
2035.109864
1951.327307
2134.332143
2165.350290
2121.453969
2113.207786
2127.665144
2138.725165
1994.582207
2155.814803
2163.424809
2099.588903
2115.951770
2222.258331
2083.487809
2124.667704
2124.667704
2157.862080
2164.488050
2149.152624
2149.152624
2118.927892
2152.381142
2146.383106
2076.289811
2105.668343
2069.401318
2181.617014
2069.595674
2069.595674
2165.359333
2081.419497
2081.419497
2110.134422
2163.410801
2137.905297
2126.802675
2079.498326
2196.843329
2118.266269
2035.821618
2087.603881
2087.603881
2152.245969
2178.133109
2179.568231
2169.256693
2061.312551
2122.492880
2155.257773
2155.257773
2027.581495
2101.849136
2101.849136
2089.844309
2103.586280
1997.529017
2033.794049
2108.703301
2108.703301
2091.803950
2128.041726
2147.965896
2109.138020
2109.138020
2096.528426
2122.667312
2122.667312
2122.667312
2121.045773
2138.265430
2138.265430
2112.400424
2107.897792
2087.044654
2131.207871
2074.686693
2074.686693
2002.972498
2046.813279
2085.496101
2097.637871
2066.922698
2066.922698
2066.922698
2089.601285
2076.059220
2076.059220
2076.059220
2076.059220
2163.858448
2218.109899
2187.545805
2016.794686
2103.164900
2090.917336
2075.679018
2046.059530
2046.059530
2046.059530
2046.059530
2046.059530
2177.253200
2177.253200
2177.253200
2090.633836
2090.633836
2151.430369
2086.865566
2086.865566
2086.865566
2086.865566
2042.467549
2030.119932
2007.943811
2007.943811
2007.943811
2097.692634
2097.692634
2037.277848
2139.398801
2103.342681
2136.682894
2136.682894
2136.682894
2171.942428
2014.975350
2161.405883
2120.920590
2055.370791
2141.166652
2041.500100
2080.746837
2202.827399
2096.433513
2137.568210
2137.568210
2110.090056
2110.090056
2110.090056
2110.090056
2110.090056
2159.070859
2134.953056
2057.905955
2240.937334
2240.937334
2097.379103
2151.683244
2149.933438
2149.933438
2149.933438
2149.933438
2149.933438
2149.933438
2149.933438
2149.933438
2154.382351
2092.797395
2072.213470
2092.748006
2123.719345
2178.675243
2106.581575
2137.467198
2173.457431
2122.338608
2074.409217
2099.468397
2111.119960
2111.119960
2111.119960
2126.534329
2113.242677
2214.781547
2123.102204
2123.102204
2150.981506
2256.996350
2184.162955
2059.316449
2131.793505
2169.289039
2165.777370
2118.600448
2095.821692
2044.037013
2044.037013
2044.037013
2044.037013
2044.037013
2070.647668
2097.140326
2123.484803
2165.850147
2023.443144
2174.858640
2096.883195
2136.940127
2213.525546
2054.622904
2031.271443
2157.773627
2026.571821
2075.732934
2042.151207
2042.151207
2033.613832
2072.611368
2130.657073
2029.423434
2095.366170
2095.366170
2093.179422
2093.179422
2093.179422
2093.179422
2093.179422
2093.179422
2093.179422
2004.448535
2057.768156
2094.438954
2094.438954
2068.073497
2094.052252
1983.713999
2043.588376
2144.821438
2144.821438
2132.943084
2020.228753
2100.116748
2193.441845
2095.214263
2187.184218
2087.640811
2087.640811
2087.640811
2087.640811
2047.012996
2032.247596
2069.852391
2025.609231
2025.609231
2025.609231
2025.609231
2025.609231
2020.198681
2198.070763
1978.844390
2046.442225
2046.442225
2140.477856
1933.067435
2105.641564
2054.623736
2056.464984
2056.464984
2173.321114
1981.997827
2049.238639
2026.533864
2156.697488
2156.697488
2156.697488
2156.697488
2085.408610
2096.144857
2193.780228
2048.844750
2076.974407
2266.838554
2028.967193
2028.967193
2085.153845
2085.153845
2162.630889
1937.408078
1937.408078
1953.284622
1953.164189
1953.164189
2010.056873
1889.732066
1914.333643
2043.785263
1865.511809
1980.626177
1951.921434
1916.676118
1916.676118
1935.838838
1937.878357
2035.324280
1973.248703
2037.873117
1897.679726
2043.374670
2090.686398
2061.877596
1976.749944
1977.055950
2047.323400
2027.619403
1969.050685
2052.504160
1869.643859
1837.225039
1995.926278
2042.995619
2020.063812
2020.063812
1969.914041
2015.934399
1983.855353
2043.348278
1953.697672
1953.697672
1894.871439
1963.531510
1954.894866
1954.894866
1954.894866
1981.757998
1952.655451
2106.385239
2138.718205
1950.198558
1935.886064
2000.434251
2000.434251
2000.434251
1926.300472
2047.971168
2119.711735
2125.476823
2125.375924
2107.187527
2077.496598
2050.383283
2058.063267
2062.678233
2042.717909
2054.253004
2133.857252
2085.375596
2089.274134
2066.877350
2066.877350
2070.398895
2144.761282
2144.761282
2065.811257
2065.811257
1978.470312
2126.399349
2096.834961
2068.533015
2053.186570
2053.186570
2083.216910
2087.816559
2044.945440
2127.223879
2061.658997
2052.603486
1998.969478
2066.844330
2066.844330
2018.950986
2092.051214
2088.387796
2013.656655
2013.656655
2013.656655
1982.836655
1982.836655
2097.647746
2021.040996
2021.040996
2000.748515
2000.748515
2015.165898
2113.981948
2077.456828
2077.456828
2061.735286
2061.735286
2108.770003
2136.020210
2063.899701
1976.084847
2080.270610
2080.270610
2110.177823
2106.745342
2191.179201
2056.659381
2037.929865
2035.933371
2037.829521
2083.296421
2085.604460
2052.648409
2072.659589
2040.104351
2078.402202
2078.745012
2078.745012
2078.745012
2078.745012
2078.745012
2078.745012
2129.276585
2023.815846
2109.127097
2109.127097
2109.127097
2081.958265
2084.408022
2040.983358
2002.234438
2043.078891
2157.435098
2100.557273
2078.570050
2008.439618
2008.439618
2020.828434
2020.828434
2014.821810
1929.473979
2016.490619
1986.039594
2063.277260
2063.277260
2063.277260
2063.277260
2063.277260
2063.277260
2092.177875
2008.136676
2026.672627
1975.803840
2024.611875
2048.396461
2024.888265
2113.572026
2027.239400
2131.490503
2034.037915
2097.321449
2107.269613
2107.269613
2107.269613
2103.109088
2103.109088
2019.329773
2019.329773
2077.488473
1881.292699
2098.723395
2182.724623
2182.724623
2054.459308
2039.404447
2178.064345
2030.837370
2030.837370
