time,flux,flux_err,timecorr,cadenceno,centroid_col,centroid_row,sap_flux,sap_flux_err,sap_bkg,sap_bkg_err,pdcsap_flux,pdcsap_flux_err,quality,psf_centr1,psf_centr1_err,psf_centr2,psf_centr2_err,mom_centr1,mom_centr1_err,mom_centr2,mom_centr2_err,pos_corr1,pos_corr2
2144.527422220362,17814.523,7.3222466,0.0028832552,132057,696.130679836959,408.35728253635745,16608.79,6.811182,1465.2565,2.149364,17814.523,7.3222466,0,,,,,696.130679836959,0.0003518056,408.35728253635745,0.00038627707,0.009684898,0.042433117
2144.534366880359,17831.723,7.3218627,0.0028834739,132058,696.132724288201,408.35653863747723,16627.645,6.810825,1467.4479,2.1451159,17831.723,7.3218627,0,,,,,696.132724288201,0.00035124982,408.35653863747723,0.00038579205,0.012587266,0.04147884
2144.541311540356,17827.883,7.319804,0.0028836925,132059,696.1317104167085,408.35699683862515,16623.621,6.80891,1462.4984,2.1416636,17827.883,7.319804,0,,,,,696.1317104167085,0.00035135561,408.35699683862515,0.00038581077,0.011897066,0.041506004
2144.548256200119,17831.445,7.3220806,0.002883911,132060,696.1331459579648,408.35732271965276,16628.28,6.8110275,1465.3104,2.145436,17831.445,7.3220806,0,,,,,696.1331459579648,0.0003512186,408.35732271965276,0.00038561525,0.012631738,0.04228359
2144.555200859883,17815.316,7.321664,0.0028841293,132061,696.1330961732587,408.35724094457953,16613.348,6.81064,1467.6003,2.14754,17815.316,7.321664,0,,,,,696.1330961732587,0.00035192026,408.35724094457953,0.00038591557,0.012151556,0.041769326
2144.562145519414,17824.816,7.320457,0.0028843475,132062,696.1338553435861,408.35755125971923,16622.645,6.8095174,1464.5814,2.146095,17824.816,7.320457,0,,,,,696.1338553435861,0.00035124112,408.35755125971923,0.00038569726,0.013701521,0.042639863
2144.569090178945,17823.688,7.320154,0.0028845656,132063,696.1344209028416,408.3572393260171,16621.898,6.8092356,1466.1445,2.1443684,17823.688,7.320154,0,,,,,696.1344209028416,0.00035145343,408.3572393260171,0.0003857277,0.013884018,0.042552214
2144.5760348384765,17824.5,7.3251357,0.0028847838,132064,696.1333043178375,408.35726961902475,16622.7,6.81387,1463.2126,2.1528583,17824.5,7.3251357,0,,,,,696.1333043178375,0.00035173047,408.35726961902475,0.00038601234,0.013394986,0.041566752
2144.5829794975416,17819.459,7.318746,0.0028850015,132065,696.1353591589484,408.3576190127354,16617.54,6.807926,1464.6383,2.1433303,17819.459,7.318746,0,,,,,696.1353591589484,0.00035137974,408.3576190127354,0.00038585856,0.0155224595,0.042817097
2144.5899241566067,17826.357,7.3267617,0.0028852192,132066,696.13314546329,408.3564573048386,16624.209,6.8153825,1463.6185,2.154192,17826.357,7.3267617,0,,,,,696.13314546329,0.0003512668,408.3564573048386,0.00038618426,0.012959669,0.04087587
2144.5968688156718,17828.48,7.321439,0.0028854369,132067,696.1346631643985,408.35810999639955,16625.217,6.8104305,1463.448,2.1479144,17828.48,7.321439,0,,,,,696.1346631643985,0.0003512067,408.35810999639955,0.00038568256,0.015064956,0.042573877
2144.617702791937,17826.615,7.317241,0.002886089,132070,696.1351452675298,408.35888729932,16606.295,6.806526,1465.3529,2.1425166,17826.615,7.317241,0,,,,,696.1351452675298,0.000351603,408.35888729932,0.00038703048,0.016202018,0.04386891
2144.624647450304,17825.441,7.319441,0.002886306,132071,696.1358743907849,408.35980838877913,16617.053,6.808572,1463.9636,2.14453,17825.441,7.319441,0,,,,,696.1358743907849,0.0003514745,408.35980838877913,0.00038610568,0.015943382,0.044313233
2144.631592108671,17819.857,7.3201175,0.002886523,132072,696.1355676248419,408.35796594180624,16614.918,6.8092012,1468.8457,2.1444678,17819.857,7.3201175,0,,,,,696.1355676248419,0.00035152258,408.35796594180624,0.0003862945,0.015442291,0.042071126
2144.6385367670377,17818.81,7.31881,0.00288674,132073,696.1369263841868,408.3588839749788,16617.6,6.8079853,1458.3528,2.1410613,17818.81,7.31881,0,,,,,696.1369263841868,0.00035141903,408.3588839749788,0.000385906,0.016349867,0.044317856
2144.645481425172,17817.498,7.323756,0.0028869568,132074,696.1357617686646,408.35816084663736,16617.678,6.8125863,1465.8339,2.1515021,17817.498,7.323756,0,,,,,696.1357617686646,0.00035141068,408.35816084663736,0.00038630594,0.015588371,0.043088213
2144.652426083074,17827.936,7.3201175,0.0028871733,132075,696.1360590727985,408.35870192972186,16627.562,6.8092012,1463.2789,2.1425586,17827.936,7.3201175,0,,,,,696.1360590727985,0.0003511566,408.35870192972186,0.00038566953,0.01621788,0.04359117
2144.6593707409743,17818.812,7.318381,0.0028873899,132076,696.1361101208955,408.3571429773187,16615.06,6.8075857,1466.0244,2.1434615,17818.812,7.318381,0,,,,,696.1361101208955,0.0003513196,408.3571429773187,0.00038605416,0.015538518,0.04144723
2144.666315398643,17815.768,7.321265,0.0028876062,132077,696.1367285346565,408.36002435348786,16616.182,6.810269,1463.1901,2.144413,17815.768,7.321265,0,,,,,696.1367285346565,0.0003515035,408.36002435348786,0.00038606187,0.016930617,0.044755638
2144.673260056079,17831.879,7.324704,0.0028878222,132078,696.1361522245201,408.35939228138744,16631.098,6.813468,1463.391,2.1541636,17831.879,7.324704,0,,,,,696.1361522245201,0.0003511991,408.35939228138744,0.00038553707,0.016478773,0.04370858
2144.6802047135143,17828.865,7.321067,0.0028880383,132079,696.1364368672648,408.3578168163527,16625.615,6.8100843,1465.1434,2.1459374,17828.865,7.321067,0,,,,,696.1364368672648,0.0003512276,408.3578168163527,0.0003858035,0.016152782,0.04266438
2144.687149370949,17821.938,7.3200383,0.0028882544,132080,696.1368437934243,408.3593812874831,16622.645,6.809128,1463.3396,2.1433249,17821.938,7.3200383,0,,,,,696.1368437934243,0.00035129944,408.3593812874831,0.00038557904,0.016889108,0.044534925
2144.694094028152,17818.1,7.320992,0.0028884702,132081,696.1364504898805,408.35935013494753,16619.475,6.810015,1464.7524,2.1446686,17818.1,7.320992,0,,,,,696.1364504898805,0.00035166382,408.35935013494753,0.00038578053,0.016543698,0.0442721
2144.7010386851225,17820.588,7.318144,0.0028886858,132082,696.1361913387568,408.35856304471963,16620.006,6.8073654,1462.0696,2.141532,17820.588,7.318144,0,,,,,696.1361913387568,0.00035110788,408.35856304471963,0.00038575768,0.01617898,0.04348787
2144.707983342092,17820.56,7.3207545,0.0028889014,132083,696.1362536993053,408.3583509228065,16619.922,6.809794,1461.406,2.1437523,17820.56,7.3207545,0,,,,,696.1362536993053,0.00035138123,408.3583509228065,0.00038599182,0.016281856,0.042634614
2144.7149279988294,17822.904,7.319938,0.0028891168,132084,696.1372064269243,408.3595540297394,16622.8,6.809035,1464.1523,2.1430833,17822.904,7.319938,0,,,,,696.1372064269243,0.00035140544,408.3595540297394,0.0003855839,0.017420854,0.04477444
2144.7218726555666,17826.273,7.322069,0.0028893321,132085,696.137128295985,408.357949668435,16625.85,6.811017,1465.0714,2.1425402,17826.273,7.322069,0,,,,,696.137128295985,0.00035132328,408.357949668435,0.0003859037,0.01693819,0.04392752
2144.7288173120705,17813.35,7.318662,0.0028895473,132086,696.1363755831054,408.3583322073881,16614.104,6.807848,1463.5603,2.1435728,17813.35,7.318662,0,,,,,696.1363755831054,0.0003513205,408.3583322073881,0.00038588108,0.016090462,0.04297719
2144.735761968342,17806.543,7.3189363,0.0028897622,132087,696.1368078361137,408.35977647355,16604.816,6.8081026,1468.5492,2.1456041,17806.543,7.3189363,0,,,,,696.1368078361137,0.00035183222,408.35977647355,0.00038632573,0.017256942,0.04532831
2144.7427066246137,17828.982,7.3192086,0.002889977,132088,696.1368810491479,408.35869186846014,16624.57,6.8083563,1460.1771,2.1426444,17828.982,7.3192086,0,,,,,696.1368810491479,0.00035122735,408.35869186846014,0.0003860081,0.017765624,0.044748873
2144.7496512806515,17823.172,7.3211756,0.0028901917,132089,696.1366911633554,408.36043136855574,16619.773,6.810186,1460.5704,2.151387,17823.172,7.3211756,0,,,,,696.1366911633554,0.0003512758,408.36043136855574,0.00038582264,0.017294308,0.045064006
2144.7565959366902,17803.268,7.3143535,0.0028904064,132090,696.1368934166138,408.35802088211705,16599.447,6.8038397,1461.9703,2.1424046,17803.268,7.3143535,0,,,,,696.1368934166138,0.00035155186,408.35802088211705,0.00038635836,0.01720654,0.04289156
2144.763540592496,17824.754,7.3199987,0.0028906208,132091,696.1369459241824,408.35891238289685,16623.559,6.8090906,1460.7659,2.1445148,17824.754,7.3199987,0,,,,,696.1369459241824,0.00035116918,408.35891238289685,0.00038571257,0.017292354,0.044081
2144.7704852483016,17819.602,7.3181686,0.0028908353,132092,696.1362098281019,408.3596128060712,16618.64,6.807389,1458.792,2.1416564,17819.602,7.3181686,0,,,,,696.1362098281019,0.0003514921,408.3596128060712,0.00038586685,0.015940443,0.044880927
2144.7774299038742,17805.57,7.316219,0.0028910495,132093,696.1370831091812,408.35855429799057,16605.977,6.805575,1462.3948,2.1402018,17805.57,7.316219,0,,,,,696.1370831091812,0.0003517755,408.35855429799057,0.0003860266,0.017154856,0.043605126
2144.7843745592145,17811.826,7.316469,0.0028912635,132094,696.1360318284411,408.357350106484,16608.227,6.8058076,1461.0338,2.142245,17811.826,7.316469,0,,,,,696.1360318284411,0.00035159773,408.357350106484,0.00038624895,0.016169595,0.041470822
2144.7913192145547,17811.586,7.3196015,0.0028914774,132095,696.1375098347211,408.3616039741497,16614.488,6.8087215,1462.3649,2.1405041,17811.586,7.3196015,0,,,,,696.1375098347211,0.00035125675,408.3616039741497,0.0003863269,0.017529173,0.046000917
2144.7982638696617,17816.611,7.31832,0.0028916912,132096,696.1359699460631,408.3606745878136,16615.734,6.8075294,1463.396,2.1419985,17816.611,7.31832,0,,,,,696.1359699460631,0.0003513793,408.3606745878136,0.00038587692,0.01646301,0.045258902
2144.805208524769,17821.25,7.3197412,0.002891905,132097,696.1371601898503,408.360541096355,16619.865,6.8088512,1460.784,2.1464489,17821.25,7.3197412,0,,,,,696.1371601898503,0.00035144622,408.360541096355,0.0003858312,0.017094223,0.045613986
2144.812153179644,17825.432,7.3191824,0.0028921184,132098,696.1367165852512,408.3595434238525,16626.049,6.8083315,1461.9799,2.1413028,17825.432,7.3191824,0,,,,,696.1367165852512,0.00035125652,408.3595434238525,0.000385613,0.017182477,0.044924974
2144.819097834285,17814.52,7.3185444,0.0028923317,132099,696.1365868956508,408.35995186950777,16617.646,6.807738,1463.3384,2.1433113,17814.52,7.3185444,0,,,,,696.1365868956508,0.00035134726,408.35995186950777,0.00038555686,0.017312102,0.045379657
2144.8260424889268,17823.385,7.3198786,0.002892545,132100,696.136894368785,408.35887891635457,16624.703,6.8089795,1463.3844,2.1426704,17823.385,7.3198786,0,,,,,696.136894368785,0.00035120655,408.35887891635457,0.00038552028,0.016173055,0.04413816
2144.832987143569,17804.95,7.3157997,0.0028927582,132101,696.1368359322004,408.3595257852262,16603.766,6.8051853,1461.8138,2.1423407,17804.95,7.3157997,0,,,,,696.1368359322004,0.00035149124,408.3595257852262,0.00038615693,0.016714133,0.04498166
2144.8399317977446,17820.406,7.319486,0.002892971,132102,696.1366418234886,408.359388411442,16621.744,6.808614,1458.4031,2.1430664,17820.406,7.319486,0,,,,,696.1366418234886,0.00035159418,408.359388411442,0.00038569845,0.016498135,0.044927444
2144.8468764519207,17834.254,7.321383,0.0028931838,132103,696.1351749856906,408.3587120874989,16636.246,6.810378,1461.3784,2.1407752,17834.254,7.321383,0,,,,,696.1351749856906,0.00035101935,408.3587120874989,0.000385357,0.01566321,0.043304127
2144.853821106097,17816.363,7.3210635,0.0028933967,132104,696.1362460875926,408.359723120304,16615.352,6.810082,1463.1724,2.1518128,17816.363,7.3210635,0,,,,,696.1362460875926,0.00035125544,408.359723120304,0.00038604264,0.016460594,0.044950202
2144.8607657600396,17825.217,7.3194137,0.0028936092,132105,696.1379611250605,408.3603009985955,16627.512,6.8085465,1461.7971,2.1420126,17825.217,7.3194137,0,,,,,696.1379611250605,0.0003512513,408.3603009985955,0.00038552296,0.01821371,0.04618957
2144.8677104137496,17820.895,7.3237596,0.0028938216,132106,696.1367113818353,408.35937327495236,16624.281,6.8125896,1465.1185,2.1501665,17820.895,7.3237596,0,,,,,696.1367113818353,0.0003513366,408.35937327495236,0.00038574194,0.016200071,0.044354387
2144.87465506746,17797.768,7.3158236,0.002894034,132107,696.1375804415248,408.35975634324893,16602.748,6.8052073,1462.0303,2.1412883,17797.768,7.3158236,0,,,,,696.1375804415248,0.0003515119,408.35975634324893,0.0003859681,0.018556263,0.0450734
2144.8815997209376,17811.734,7.3174596,0.002894246,132108,696.1364474367681,408.3602756912175,16613.607,6.806729,1463.7343,2.1421096,17811.734,7.3174596,0,,,,,696.1364474367681,0.0003515526,408.3602756912175,0.0003858004,0.016823405,0.04553775
2144.888544374182,17802.584,7.318691,0.002894458,132109,696.1366578431995,408.36039806087484,16604.396,6.807874,1467.0209,2.146149,17802.584,7.318691,0,,,,,696.1366578431995,0.00035189488,408.36039806087484,0.0003861226,0.016827846,0.04525572
2144.8954890274267,17811.219,7.3200307,0.0028946698,132110,696.1360385303317,408.3599930167942,16614.623,6.8091207,1464.0513,2.146818,17811.219,7.3200307,0,,,,,696.1360385303317,0.00035142724,408.3599930167942,0.00038575314,0.016425434,0.04569555
2144.9024336806715,17815.55,7.3166404,0.0028948816,132111,696.1361662150847,408.35933003110904,16616.357,6.805967,1459.3777,2.1397846,17815.55,7.3166404,0,,,,,696.1361662150847,0.00035126353,408.35933003110904,0.00038577884,0.016323792,0.043741927
2144.90937833345,17824.787,7.322246,0.002895093,132112,696.1363295566075,408.3600827223705,16626.758,6.811181,1461.1865,2.1472564,17824.787,7.322246,0,,,,,696.1363295566075,0.0003510968,408.3600827223705,0.00038586743,0.016842803,0.04550786
2144.9163229864625,17808.922,7.316812,0.0028953047,132113,696.13585706183,408.3590495437364,16611.932,6.806126,1462.4238,2.1403284,17808.922,7.316812,0,,,,,696.13585706183,0.00035145239,408.3590495437364,0.000385841,0.016102668,0.044419285
2144.9232676390084,17808.88,7.3178263,0.0028955159,132114,696.1368943519177,408.3602901105148,16608.781,6.8070707,1463.8567,2.1467545,17808.88,7.3178263,0,,,,,696.1368943519177,0.00035132613,408.3602901105148,0.00038604488,0.016492352,0.045292765
2144.930212291554,17829.111,7.3230686,0.002895727,132115,696.1362713831533,408.36067561952564,16630.092,6.8119464,1457.4543,2.1408854,17829.111,7.3230686,0,,,,,696.1362713831533,0.00035139607,408.36067561952564,0.00038589415,0.016137771,0.04537857
2144.937156944101,17824.303,7.319019,0.0028959382,132116,696.1362846875182,408.3598346019692,16627.678,6.80818,1461.1245,2.139366,17824.303,7.319019,0,,,,,696.1362846875182,0.00035131845,408.3598346019692,0.00038555564,0.016797211,0.045129105
2144.9441015961816,17811.184,7.3175707,0.002896149,132117,696.1361532983838,408.35982896058295,16611.842,6.8068323,1466.6476,2.1422443,17811.184,7.3175707,0,,,,,696.1361532983838,0.0003514155,408.35982896058295,0.00038591961,0.01621032,0.045128904
2144.951046248494,17815.732,7.321587,0.00289636,132118,696.1368709424751,408.3600541442736,16619.047,6.810569,1460.2177,2.1418204,17815.732,7.321587,0,,,,,696.1368709424751,0.00035169392,408.3600541442736,0.00038605704,0.016358972,0.04471676
2144.9579909003423,17827.562,7.3197894,0.0028965704,132119,696.1363184043888,408.35983017654166,16617.688,6.8088965,1463.2228,2.1484244,17827.562,7.3197894,0,,,,,696.1363184043888,0.00035124036,408.35983017654166,0.0003862922,0.016193861,0.04470016
2144.9649355521906,17812.822,7.3203177,0.0028967808,132120,696.135633087079,408.3606462516803,16616.705,6.8093877,1463.0177,2.141555,17812.822,7.3203177,0,,,,,696.135633087079,0.0003514912,408.3606462516803,0.00038623542,0.016363852,0.045681246
2144.9718802040375,17829.156,7.3202825,0.0028969913,132121,696.1362936690828,408.35946519723774,16630.611,6.809355,1461.5295,2.1430507,17829.156,7.3202825,0,,,,,696.1362936690828,0.00035112677,408.35946519723774,0.0003854252,0.016303673,0.044877112
2144.978824855652,17814.166,7.3183846,0.0028972016,132122,696.1361576770247,408.36020018557775,16617.0,6.8075895,1460.3552,2.1417387,17814.166,7.3183846,0,,,,,696.1361576770247,0.00035134406,408.36020018557775,0.0003857445,0.015265781,0.045356855
2144.985769507034,17819.03,7.317603,0.0028974116,132123,696.1362177004659,408.35798385562913,16616.28,6.8068624,1459.7928,2.1418638,17819.03,7.317603,0,,,,,696.1362177004659,0.00035146132,408.35798385562913,0.0003858228,0.016357634,0.043419726
2144.9927141584167,17827.977,7.319787,0.0028976216,132124,696.1355862732968,408.3599225971883,16624.518,6.808894,1458.0144,2.139221,17827.977,7.319787,0,,,,,696.1355862732968,0.0003511204,408.3599225971883,0.00038605215,0.015862692,0.044628277
2144.999658809565,17805.848,7.3165455,0.0028978314,132125,696.1361707888944,408.36018803898224,16606.531,6.805879,1462.4335,2.1430585,17805.848,7.3165455,0,,,,,696.1361707888944,0.00035151484,408.36018803898224,0.00038605236,0.015814487,0.044586137
2145.0066034604815,17833.236,7.3225756,0.002898041,132126,696.1356216137373,408.3597728312572,16635.598,6.811488,1458.9066,2.1425498,17833.236,7.3225756,0,,,,,696.1356216137373,0.00035120788,408.3597728312572,0.00038564083,0.015356206,0.044791695
2145.0135481113984,17808.16,7.3207307,0.0028982505,132127,696.1352888120466,408.36034304794805,16608.396,6.809772,1465.3912,2.1443162,17808.16,7.3207307,0,,,,,696.1352888120466,0.0003515,408.36034304794805,0.00038636112,0.01591674,0.045033097
2145.0204927620816,17821.607,7.3217487,0.0028984598,132128,696.1357864946709,408.36010302825144,16625.525,6.810719,1462.0367,2.1421123,17821.607,7.3217487,0,,,,,696.1357864946709,0.0003513067,408.36010302825144,0.00038570046,0.015548166,0.045454122
2145.027437412765,17822.168,7.319769,0.002898669,132129,696.1351924156116,408.3593987778815,16623.398,6.8088775,1459.2013,2.142377,17822.168,7.319769,0,,,,,696.1351924156116,0.00035101877,408.3593987778815,0.00038562974,0.01563694,0.044759378
2145.034382063216,17823.07,7.319057,0.0028988782,132130,696.136655202705,408.3591964851307,16625.2,6.8082147,1458.6638,2.1438193,17823.07,7.319057,0,,,,,696.136655202705,0.0003511139,408.3591964851307,0.0003854051,0.016694222,0.044748705
2145.0413267136664,17816.63,7.3172193,0.0028990873,132131,696.1362963505887,408.3607577564028,16617.332,6.8065057,1459.174,2.1418052,17816.63,7.3172193,0,,,,,696.1362963505887,0.00035123207,408.3607577564028,0.0003858056,0.016576527,0.045322545
2145.0482713638844,17822.053,7.318073,0.002899296,132132,696.1356431604398,408.359732630133,16624.21,6.807299,1458.0686,2.1390843,17822.053,7.318073,0,,,,,696.1356431604398,0.0003511804,408.359732630133,0.0003855427,0.015832081,0.04489855
2145.0552160138695,17824.793,7.3199854,0.0028995047,132133,696.1352395964085,408.3597326677461,16623.416,6.809078,1463.1323,2.141723,17824.793,7.3199854,0,,,,,696.1352395964085,0.00035125684,408.3597326677461,0.00038589787,0.01501074,0.044934846
2145.0621606638542,17820.416,7.319897,0.0028997133,132134,696.1359543275614,408.35926935680504,16620.824,6.808996,1459.9418,2.1420634,17820.416,7.319897,0,,,,,696.1359543275614,0.0003514052,408.35926935680504,0.00038584587,0.015949672,0.04464859
2145.069105313606,17816.104,7.319191,0.0028999217,132135,696.1355834717677,408.3602160312819,16616.459,6.8083396,1459.6176,2.1471682,17816.104,7.319191,0,,,,,696.1355834717677,0.00035148623,408.3602160312819,0.00038578585,0.015241792,0.045392808
2145.0760499633584,17806.395,7.317954,0.00290013,132136,696.1357961537578,408.35990359177,16606.418,6.807189,1460.9836,2.1470218,17806.395,7.317954,0,,,,,696.1357961537578,0.00035160358,408.35990359177,0.0003858813,0.015839474,0.04509041
2145.082994612878,17827.465,7.3203526,0.0029003383,132137,696.1354043541464,408.359215257,16627.98,6.80942,1461.541,2.1430354,17827.465,7.3203526,0,,,,,696.1354043541464,0.00035134025,408.359215257,0.00038528084,0.015472613,0.044640895
2145.089939262397,17818.61,7.319219,0.0029005464,132138,696.1353508755285,408.3594703877286,16618.123,6.808366,1460.5692,2.143397,17818.61,7.319219,0,,,,,696.1353508755285,0.0003514847,408.3594703877286,0.00038578382,0.015955983,0.044510446
2145.096883911451,17811.03,7.317976,0.002900754,132139,696.1359165230169,408.3600031491899,16611.955,6.8072095,1459.0562,2.1431923,17811.03,7.317976,0,,,,,696.1359165230169,0.00035144467,408.3600031491899,0.00038571513,0.015332038,0.044697296
2145.1038285607374,17818.988,7.319371,0.002900962,132140,696.136154329848,408.3596422431545,16619.59,6.8085074,1461.7588,2.1444716,17818.988,7.319371,0,,,,,696.136154329848,0.0003513529,408.3596422431545,0.00038562942,0.016018901,0.044816684
2145.1107732097908,17816.42,7.31841,0.0029011697,132141,696.1340148334672,408.35916463771633,16616.154,6.8076134,1458.8003,2.144032,17816.42,7.31841,0,,,,,696.1340148334672,0.00035131353,408.35916463771633,0.00038574083,0.014189206,0.044839922
2145.117717858612,17812.656,7.320913,0.0029013772,132142,696.1344876411206,408.3592059087941,16608.107,6.809941,1460.4247,2.145798,17812.656,7.320913,0,,,,,696.1344876411206,0.00035147739,408.3592059087941,0.0003866306,0.014194342,0.044539694
2145.1246625072004,17810.383,7.3184986,0.0029015844,132143,696.134785062843,408.358434474319,16612.15,6.8076954,1460.7905,2.1432931,17810.383,7.3184986,0,,,,,696.134785062843,0.00035168036,408.358434474319,0.0003858411,0.01454807,0.044020765
2145.131607155787,17808.652,7.3165035,0.0029017916,132144,696.1359549703704,408.35973045262335,16609.508,6.8058395,1463.8082,2.141715,17808.652,7.3165035,0,,,,,696.1359549703704,0.00035141548,408.35973045262335,0.0003857239,0.015744684,0.044725463
2145.1385518043753,17814.383,7.317605,0.0029019988,132145,696.1353522820974,408.3596119336469,16615.678,6.8068647,1455.829,2.1449356,17814.383,7.317605,0,,,,,696.1353522820974,0.00035123533,408.3596119336469,0.00038571042,0.015405064,0.04451696
2145.145496452731,17810.3,7.3185716,0.0029022058,132146,696.1340763078152,408.36010272030734,16610.277,6.807763,1460.3684,2.1482732,17810.3,7.3185716,0,,,,,696.1340763078152,0.0003514389,408.36010272030734,0.00038574953,0.014115607,0.044415373
2145.152441100853,17836.85,7.320292,0.0029024126,132147,696.1351134934453,408.35934740693614,16637.066,6.8093643,1454.5548,2.1423333,17836.85,7.320292,0,,,,,696.1351134934453,0.00035091958,408.35934740693614,0.00038524787,0.01496601,0.044500813
2145.1593857489747,17818.045,7.3178825,0.0029026193,132148,696.1350927320485,408.35891605794484,16616.338,6.8071227,1459.0603,2.1403651,17818.045,7.3178825,0,,,,,696.1350927320485,0.00035152546,408.35891605794484,0.00038572692,0.014713804,0.043583527
2145.1663303968644,17828.621,7.3201046,0.0029028258,132149,696.1343915348529,408.35880720070173,16629.627,6.8091893,1460.1847,2.1442623,17828.621,7.3201046,0,,,,,696.1343915348529,0.00035116708,408.35880720070173,0.00038546787,0.013353725,0.04359382
2145.1732750445217,17823.842,7.323027,0.0029030321,132150,696.1355334668723,408.35981246869864,16624.516,6.8119082,1461.0242,2.1428251,17823.842,7.323027,0,,,,,696.1355334668723,0.00035138876,408.35981246869864,0.00038595064,0.0148774255,0.044781856
2145.180219692178,17810.137,7.3191166,0.0029032384,132151,696.1350158011692,408.3590594331127,16612.635,6.8082705,1460.6145,2.1426144,17810.137,7.3191166,0,,,,,696.1350158011692,0.00035131408,408.3590594331127,0.000386111,0.014273303,0.044155013
2145.1871643398345,17812.111,7.318991,0.0029034447,132152,696.1349222098745,408.3588685943069,16613.807,6.8081536,1461.3514,2.1429803,17812.111,7.318991,0,,,,,696.1349222098745,0.00035128658,408.3588685943069,0.0003860229,0.015060065,0.044100724
2145.194108987259,17826.379,7.321199,0.0029036507,132153,696.1346924687873,408.3586684412563,16625.549,6.8102074,1460.4171,2.1436112,17826.379,7.321199,0,,,,,696.1346924687873,0.00035140873,408.3586684412563,0.00038566862,0.014421912,0.044218462
2145.2010536344496,17818.883,7.3185153,0.0029038566,132154,696.1348197664729,408.3589674334289,16620.236,6.807711,1458.438,2.1442697,17818.883,7.3185153,0,,,,,696.1348197664729,0.00035124656,408.3589674334289,0.0003854891,0.014836083,0.043666847
2145.207998281641,17822.818,7.3202224,0.0029040624,132155,696.1355399494361,408.35920581273825,16623.055,6.809299,1460.2748,2.1423793,17822.818,7.3202224,0,,,,,696.1355399494361,0.00035155175,408.35920581273825,0.00038539022,0.015278351,0.04486051
2145.214942928599,17809.816,7.3192425,0.002904268,132156,696.1353169664663,408.3591633319111,16609.31,6.8083873,1464.7194,2.145738,17809.816,7.3192425,0,,,,,696.1353169664663,0.00035161446,408.3591633319111,0.00038586478,0.015106473,0.044245426
2145.221887575324,17826.482,7.3188252,0.0029044733,132157,696.1351211519583,408.3595573936623,16621.3,6.8079996,1462.9059,2.1425776,17826.482,7.3188252,0,,,,,696.1351211519583,0.00035141484,408.3595573936623,0.00038569965,0.014799155,0.04455036
2145.22883222205,17836.447,7.322662,0.0029046787,132158,696.1354378158975,408.35963777931727,16635.059,6.8115687,1457.8506,2.144302,17836.447,7.322662,0,,,,,696.1354378158975,0.0003510199,408.35963777931727,0.00038548297,0.014708592,0.044581797
2145.2357768687752,17817.316,7.3200994,0.002904884,132159,696.1345751681799,408.35885920553244,16619.674,6.8091846,1460.7358,2.1450777,17817.316,7.3200994,0,,,,,696.1345751681799,0.00035117555,408.35885920553244,0.00038569505,0.0144800665,0.043923724
2145.2427215152675,17815.5,7.317851,0.0029050892,132160,696.1335882650092,408.35838166486644,16616.041,6.807093,1459.4736,2.1414728,17815.5,7.317851,0,,,,,696.1335882650092,0.000351279,408.35838166486644,0.00038561266,0.013004353,0.043451276
2145.249666161527,17818.598,7.3190145,0.002905294,132161,696.1359447253932,408.35958948724584,16620.297,6.808175,1461.1599,2.1424742,17818.598,7.3190145,0,,,,,696.1359447253932,0.0003512209,408.35958948724584,0.00038548867,0.015000555,0.04403893
2145.256610807787,17810.658,7.3216777,0.002905499,132162,696.1337234732993,408.35852864871555,16607.508,6.8106527,1463.3514,2.1520536,17810.658,7.3216777,0,,,,,696.1337234732993,0.00035152363,408.35852864871555,0.00038636103,0.0137689,0.043531843
2145.2635554538138,17838.094,7.3223825,0.0029057036,132163,696.1347913941877,408.3575361422651,16637.87,6.811309,1460.0574,2.1452658,17838.094,7.3223825,0,,,,,696.1347913941877,0.0003509288,408.3575361422651,0.00038538757,0.014609797,0.042389728
2145.2705000998403,17818.613,7.31739,0.0029059083,132164,696.1345108289805,408.35986666580607,16611.676,6.8066645,1463.8352,2.1430035,17818.613,7.31739,0,,,,,696.1345108289805,0.0003515778,408.35986666580607,0.00038594758,0.014772263,0.045192093
2145.277444745635,17817.72,7.3186555,0.0029061127,132165,696.1338064269929,408.35931191953415,16618.34,6.807842,1459.562,2.1438494,17817.72,7.3186555,0,,,,,696.1338064269929,0.00035117954,408.35931191953415,0.0003854496,0.014091674,0.04413813
2145.2843893911963,17814.78,7.32341,0.002906317,132166,696.134639740835,408.3581926622213,16615.549,6.8122644,1459.8656,2.1530457,17814.78,7.32341,0,,,,,696.134639740835,0.00035153827,408.3581926622213,0.0003858796,0.014944556,0.043610703
2145.291334036757,17825.143,7.320536,0.002906521,132167,696.1339663535865,408.35925056815535,16625.37,6.809591,1455.171,2.147097,17825.143,7.320536,0,,,,,696.1339663535865,0.00035118058,408.35925056815535,0.00038539086,0.014031016,0.044134904
2145.2982786823186,17820.465,7.319001,0.0029067253,132168,696.1346921553042,408.3579207200472,16619.775,6.8081627,1460.9838,2.141599,17820.465,7.319001,0,,,,,696.1346921553042,0.00035128352,408.3579207200472,0.00038575067,0.014526356,0.042797644
2145.3052233276476,17819.438,7.320553,0.0029069292,132169,696.1345187491135,408.3600436806354,16617.848,6.8096066,1459.0801,2.1437,17819.438,7.320553,0,,,,,696.1345187491135,0.00035117372,408.3600436806354,0.00038584167,0.014330701,0.044526543
2145.3121679727424,17827.24,7.317499,0.002907133,132170,696.1346108248566,408.3581145384277,16624.658,6.806766,1458.9344,2.1393542,17827.24,7.317499,0,,,,,696.1346108248566,0.00035113294,408.3581145384277,0.00038524563,0.014134241,0.04365738
2145.319112617838,17812.115,7.3195796,0.0029073367,132171,696.1343567939405,408.3588198307355,16612.094,6.808701,1461.43,2.1422596,17812.115,7.3195796,0,,,,,696.1343567939405,0.00035128288,408.3588198307355,0.00038611956,0.0141530875,0.043338582
2145.3260572627014,17830.102,7.3202376,0.0029075402,132172,696.1341297353403,408.35790601383053,16628.135,6.8093133,1460.7277,2.1398416,17830.102,7.3202376,0,,,,,696.1341297353403,0.00035112604,408.35790601383053,0.00038568457,0.0135897845,0.043000016
2145.333001907331,17831.395,7.3209214,0.0029077434,132173,696.1338890749495,408.35870554189546,16629.588,6.8099494,1459.0819,2.1427088,17831.395,7.3209214,0,,,,,696.1338890749495,0.00035126417,408.35870554189546,0.0003853692,0.013594038,0.044272736
2145.339946552193,17823.398,7.3178554,0.002907947,132174,696.1337357525823,408.35865554125917,16619.92,6.8070974,1459.3517,2.140568,17823.398,7.3178554,0,,,,,696.1337357525823,0.00035113175,408.35865554125917,0.00038578582,0.013981328,0.044058323
2145.34689119659,17824.357,7.321864,0.00290815,132175,696.1346564386189,408.35839742528157,16624.088,6.8108263,1462.8827,2.1435797,17824.357,7.321864,0,,,,,696.1346564386189,0.0003510585,408.35839742528157,0.00038583716,0.014124822,0.043989748
2145.353835840988,17822.816,7.3166704,0.002908353,132176,696.1345794002806,408.358676826753,16616.72,6.8059955,1461.2025,2.140245,17822.816,7.3166704,0,,,,,696.1345794002806,0.0003510616,408.358676826753,0.00038595134,0.014300633,0.043638434
2145.3607804853846,17819.486,7.320382,0.002908556,132177,696.134666387346,408.3588625016191,16619.91,6.8094473,1460.1776,2.1434786,17819.486,7.320382,0,,,,,696.134666387346,0.0003516362,408.3588625016191,0.00038562116,0.014201401,0.044145305
2145.3677251293157,17826.178,7.3190885,0.0029087586,132178,696.1342741679763,408.3568496167903,16624.744,6.808244,1464.8864,2.1413834,17826.178,7.3190885,0,,,,,696.1342741679763,0.00035122212,408.3568496167903,0.0003855423,0.014142728,0.04180082
2145.3746697734805,17824.697,7.3188906,0.0029089614,132179,696.1342116836584,408.3590013404794,16623.836,6.80806,1458.8026,2.1417167,17824.697,7.3188906,0,,,,,696.1342116836584,0.00035101429,408.3590013404794,0.00038557674,0.013581526,0.044122
2145.3816144174116,17814.234,7.3192525,0.002909164,132180,696.1344851725506,408.3582945279365,16614.232,6.8083973,1459.1307,2.142003,17814.234,7.3192525,0,,,,,696.1344851725506,0.00035163146,408.3582945279365,0.00038586793,0.013671232,0.043629758
2145.3885590611103,17816.062,7.3178673,0.0029093663,132181,696.1339342702234,408.35804525740673,16617.322,6.807108,1458.6654,2.142927,17816.062,7.3178673,0,,,,,696.1339342702234,0.00035097028,408.35804525740673,0.00038569362,0.013913589,0.042910106
2145.39550370481,17821.324,7.3198156,0.0029095686,132182,696.1340207883998,408.35797930583345,16618.65,6.808921,1460.6892,2.1403368,17821.324,7.3198156,0,,,,,696.1340207883998,0.00035138865,408.35797930583345,0.00038595224,0.014083545,0.043228325
2145.4024483482754,17824.094,7.320847,0.0029097707,132183,696.13342117715,408.35995999988364,16618.957,6.80988,1459.6902,2.143305,17824.094,7.320847,0,,,,,696.13342117715,0.0003514085,408.35995999988364,0.0003860641,0.013687712,0.04448398
2145.4093929915084,17817.639,7.3180118,0.0029099726,132184,696.1342177565069,408.3566121786332,16611.709,6.807243,1462.304,2.144058,17817.639,7.3180118,0,,,,,696.1342177565069,0.00035133504,408.3566121786332,0.00038595172,0.014038692,0.041434243
2145.4163376347415,17801.295,7.3194876,0.0029101744,132185,696.1337162359214,408.3585734105194,16603.346,6.8086157,1462.2283,2.1466093,17801.295,7.3194876,0,,,,,696.1337162359214,0.00035150093,408.3585734105194,0.0003860636,0.013787815,0.043139696
2145.423282277974,17808.59,7.3166623,0.0029103763,132186,696.1340176534085,408.35776623759523,16609.01,6.805988,1460.8492,2.1424925,17808.59,7.3166623,0,,,,,696.1340176534085,0.0003513398,408.35776623759523,0.00038563725,0.013699598,0.043172047
2145.430226920974,17812.293,7.3158283,0.002910578,132187,696.1348468560835,408.35785350418115,16612.078,6.805212,1459.3301,2.1407666,17812.293,7.3158283,0,,,,,696.1348468560835,0.0003510937,408.35785350418115,0.00038574,0.014259486,0.04313057
2145.4371715637412,17832.275,7.3217325,0.0029107793,132188,696.1354185381912,408.3575176541277,16630.984,6.8107038,1457.8768,2.1424074,17832.275,7.3217325,0,,,,,696.1354185381912,0.00035154383,408.3575176541277,0.00038554348,0.014699278,0.043102965
2145.4441162065086,17819.135,7.3181353,0.0029109807,132189,696.1343156837046,408.3580277716727,16620.5,6.807358,1459.8973,2.1399355,17819.135,7.3181353,0,,,,,696.1343156837046,0.0003513257,408.3580277716727,0.00038552313,0.013619906,0.04258829
2145.4510608492756,17822.848,7.3196,0.0029111821,132190,696.1331152806497,408.3585201254711,16621.898,6.80872,1459.4534,2.1422794,17822.848,7.3196,0,,,,,696.1331152806497,0.00035128795,408.3585201254711,0.0003856278,0.013506088,0.043364976
2145.4580054918106,17819.809,7.3190894,0.0029113833,132191,696.133874816425,408.3583249226519,16619.406,6.808245,1459.1208,2.1458333,17819.809,7.3190894,0,,,,,696.133874816425,0.00035131868,408.3583249226519,0.00038551306,0.013352249,0.043476447
2145.464950134112,17826.242,7.319527,0.0029115842,132192,696.1338662584625,408.3572841306366,16623.783,6.8086524,1461.0824,2.1427004,17826.242,7.319527,0,,,,,696.1338662584625,0.00035118376,408.3572841306366,0.00038562584,0.013700644,0.041737877
2145.471894776413,17812.863,7.3158474,0.0029117852,132193,696.1343466682099,408.35846305837293,16611.684,6.805229,1458.2635,2.140483,17812.863,7.3158474,0,,,,,696.1343466682099,0.00035144738,408.35846305837293,0.0003857388,0.014099044,0.043296542
2145.4788394184825,17819.775,7.3213716,0.0029119859,132194,696.1341427232621,408.35858920492313,16620.467,6.810368,1457.8835,2.1497333,17819.775,7.3213716,0,,,,,696.1341427232621,0.000351272,408.35858920492313,0.00038544845,0.013555892,0.043584798
2145.4857840605514,17823.932,7.3180914,0.0029121866,132195,696.1323147842159,408.3578702481856,16623.256,6.8073173,1459.8763,2.1398604,17823.932,7.3180914,0,,,,,696.1323147842159,0.00035110224,408.3578702481856,0.00038544898,0.011973643,0.043169726
2145.4927287023866,17826.361,7.3215704,0.002912387,132196,696.1326629061278,408.3564054006371,16624.473,6.810553,1459.9384,2.1508071,17826.361,7.3215704,0,,,,,696.1326629061278,0.0003510295,408.3564054006371,0.0003855791,0.012866751,0.041277934
2145.499673344223,17821.99,7.3159847,0.0029125875,132197,696.134280563042,408.3586120096871,16622.074,6.8053575,1454.1644,2.1378267,17821.99,7.3159847,0,,,,,696.134280563042,0.0003511264,408.3586120096871,0.00038529825,0.0141392695,0.043487925
2145.5066179858263,17811.486,7.3176403,0.0029127877,132198,696.1346951239443,408.3583839128843,16611.816,6.8068976,1459.2266,2.1429937,17811.486,7.3176403,0,,,,,696.1346951239443,0.00035125762,408.3583839128843,0.00038566132,0.01417229,0.043126456
2145.5135626271963,17825.242,7.3174973,0.0029129877,132199,696.1333474733389,408.3578722241569,16624.066,6.806764,1457.6692,2.1402397,17825.242,7.3174973,0,,,,,696.1333474733389,0.0003509602,408.3578722241569,0.0003854631,0.013174495,0.042818934
2145.520507268566,17813.086,7.319236,0.0029131877,132200,696.1334291839413,408.3577715424545,16613.334,6.808381,1459.4167,2.1484241,17813.086,7.319236,0,,,,,696.1334291839413,0.00035121795,408.3577715424545,0.00038575297,0.013742953,0.04281924
2145.5274519099366,17819.713,7.3169794,0.0029133877,132201,696.1336037264498,408.35781005160186,16620.225,6.8062825,1457.6886,2.140038,17819.713,7.3169794,0,,,,,696.1336037264498,0.0003511031,408.35781005160186,0.00038532767,0.013575964,0.042641904
2145.534396551074,17822.266,7.3174825,0.0029135875,132202,696.1341329349981,408.3574442262456,16621.365,6.80675,1456.2257,2.1398456,17822.266,7.3174825,0,,,,,696.1341329349981,0.00035119455,408.3574442262456,0.00038541728,0.014111099,0.04279898
2145.5413411922113,17815.193,7.3185673,0.0029137873,132203,696.1342585002376,408.3577939099372,16615.889,6.80776,1458.3612,2.1415927,17815.193,7.3185673,0,,,,,696.1342585002376,0.0003511385,408.3577939099372,0.00038595326,0.014463547,0.04216186
2145.548285833116,17821.176,7.3170853,0.0029139868,132204,696.1347361113388,408.3586178522479,16617.588,6.8063807,1458.894,2.1416543,17821.176,7.3170853,0,,,,,696.1347361113388,0.00035120078,408.3586178522479,0.0003854152,0.013430752,0.043217212
2145.555230473788,17821.584,7.317245,0.002914186,132205,696.1336703501732,408.35657190285343,16618.871,6.8065295,1460.6761,2.1389258,17821.584,7.317245,0,,,,,696.1336703501732,0.0003511722,408.35657190285343,0.00038577113,0.013319857,0.040780265
2145.5621751144595,17813.799,7.3160586,0.0029143854,132206,696.1342324048169,408.3589040498375,16613.955,6.805426,1459.8512,2.1396666,17813.799,7.3160586,0,,,,,696.1342324048169,0.00035115957,408.3589040498375,0.00038559546,0.014056391,0.043887634
2145.5691197548986,17814.484,7.318538,0.0029145845,132207,696.1327423081017,408.3571903794995,16612.475,6.8077326,1458.8651,2.1399581,17814.484,7.318538,0,,,,,696.1327423081017,0.0003512336,408.3571903794995,0.00038610466,0.012405803,0.042146634
2145.576064395338,17815.104,7.319298,0.0029147835,132208,696.1331552142418,408.3577060707227,16614.785,6.8084393,1461.1107,2.1433463,17815.104,7.319298,0,,,,,696.1331552142418,0.00035150902,408.3577060707227,0.0003858019,0.012473113,0.04232681
2145.5830090357767,17826.553,7.3193965,0.0029149826,132209,696.1344935622016,408.356496519832,16626.7,6.808531,1457.0267,2.144272,17826.553,7.3193965,0,,,,,696.1344935622016,0.00035108416,408.356496519832,0.00038558594,0.013887706,0.041310936
2145.58995367575,17815.89,7.317951,0.0029151812,132210,696.1348056623407,408.35872827962004,16615.996,6.8071866,1456.1055,2.1396527,17815.89,7.317951,0,,,,,696.1348056623407,0.0003513208,408.35872827962004,0.00038548824,0.014144145,0.043449875
2145.5968983159564,17809.828,7.3145194,0.00291538,132211,696.1341007540594,408.3582664386497,16610.379,6.803994,1460.5503,2.137479,17809.828,7.3145194,0,,,,,696.1341007540594,0.00035131743,408.3582664386497,0.0003857025,0.013451291,0.04272635
2145.6038429559294,17826.29,7.321174,0.0029155787,132212,696.1336785646803,408.35777170541655,16625.32,6.8101845,1459.7047,2.1403162,17826.29,7.321174,0,,,,,696.1336785646803,0.00035114159,408.35777170541655,0.00038579016,0.01361658,0.042840805
2145.6107875956695,17822.293,7.3234353,0.002915777,132213,696.1332740392301,408.3568239891289,16621.914,6.812288,1460.4767,2.1496875,17822.293,7.3234353,0,,,,,696.1332740392301,0.00035126813,408.3568239891289,0.00038557887,0.013396837,0.04228843
2145.61773223541,17825.33,7.3198504,0.0029159754,132214,696.1325702138536,408.3567954048103,16619.145,6.8089533,1456.4713,2.139169,17825.33,7.3198504,0,,,,,696.1325702138536,0.00035114752,408.3567954048103,0.00038624398,0.011892374,0.04137751
2145.624676874918,17819.424,7.3187857,0.0029161735,132215,696.133905152885,408.35643007436926,16619.793,6.8079624,1461.9613,2.1419542,17819.424,7.3187857,0,,,,,696.133905152885,0.00035114322,408.35643007436926,0.0003855556,0.014072022,0.041898213
2145.631621514425,17813.572,7.3171196,0.0029163717,132216,696.1328778854162,408.35589578705714,16612.639,6.806413,1461.3823,2.142385,17813.572,7.3171196,0,,,,,696.1328778854162,0.00035138635,408.35589578705714,0.000385575,0.01210996,0.041124836
2145.6385661537,17813.88,7.3175673,0.0029165696,132217,696.1334880693261,408.35746675182975,16611.512,6.8068295,1457.6892,2.1447039,17813.88,7.3175673,0,,,,,696.1334880693261,0.00035143993,408.35746675182975,0.0003856139,0.013115802,0.042284068
2145.645510792975,17812.111,7.3182383,0.0029167675,132218,696.1334498806516,408.3577447301262,16610.145,6.8074536,1458.0056,2.1482673,17812.111,7.3182383,0,,,,,696.1334498806516,0.00035124988,408.3577447301262,0.00038581685,0.0132848,0.042436056
2145.6524554320167,17823.625,7.3178535,0.0029169652,132219,696.1344345465478,408.3573846995273,16622.36,6.8070955,1459.9893,2.140592,17823.625,7.3178535,0,,,,,696.1344345465478,0.00035113748,408.3573846995273,0.00038551344,0.013725352,0.042128198
2145.659400071059,17814.057,7.315956,0.0029171628,132220,696.1328477467287,408.35661337767993,16613.71,6.8053308,1460.0768,2.1387517,17814.057,7.315956,0,,,,,696.1328477467287,0.00035118536,408.35661337767993,0.0003857502,0.012247992,0.041825492
2145.666344709868,17813.203,7.315359,0.0029173603,132221,696.132927177736,408.35543275234767,16608.78,6.804775,1454.503,2.140044,17813.203,7.315359,0,,,,,696.132927177736,0.00035147494,408.35543275234767,0.000386013,0.012376103,0.040050562
2145.673289348677,17825.092,7.318081,0.0029175577,132222,696.1328738540099,408.35759831124784,16623.559,6.807307,1454.9878,2.1408105,17825.092,7.318081,0,,,,,696.1328738540099,0.00035113623,408.35759831124784,0.00038548358,0.012574242,0.04306802
2145.680233987254,17817.904,7.3165135,0.002917755,132223,696.1328459274939,408.35703228887957,16611.352,6.805849,1456.6332,2.1413507,17817.904,7.3165135,0,,,,,696.1328459274939,0.00035127476,408.35703228887957,0.00038592983,0.013368901,0.041925248
2145.6871786258303,17814.076,7.3178544,0.0029179521,132224,696.1326038431815,408.35680089461266,16614.922,6.8070965,1463.2765,2.1422374,17814.076,7.3178544,0,,,,,696.1326038431815,0.00035124389,408.35680089461266,0.0003855345,0.012495004,0.041739903
2145.6941232641734,17821.912,7.319878,0.002918149,132225,696.1330506667033,408.3576624764588,16617.938,6.8089786,1460.1531,2.141417,17821.912,7.319878,0,,,,,696.1330506667033,0.00035117887,408.3576624764588,0.0003859339,0.013416377,0.043175995
2145.701067902516,17818.992,7.3172812,0.002918346,132226,696.1337435456901,408.35662329270934,16614.709,6.8065634,1457.8577,2.141908,17818.992,7.3172812,0,,,,,696.1337435456901,0.0003513153,408.35662329270934,0.0003858759,0.0136424955,0.041701667
2145.7080125406274,17813.54,7.3166437,0.0029185428,132227,696.1328090115783,408.3576439687606,16609.377,6.80597,1459.9806,2.1409068,17813.54,7.3166437,0,,,,,696.1328090115783,0.00035126347,408.3576439687606,0.0003859119,0.013218264,0.04211282
2145.714957178738,17823.55,7.3173137,0.0029187396,132228,696.1329227770731,408.35645308156063,16621.965,6.8065934,1458.9855,2.139583,17823.55,7.3173137,0,,,,,696.1329227770731,0.0003511611,408.35645308156063,0.00038560657,0.012182681,0.04060625
2145.7219018166156,17820.086,7.3171835,0.002918936,132229,696.1333359018311,408.3592802632518,16618.744,6.8064723,1459.0594,2.1407845,17820.086,7.3171835,0,,,,,696.1333359018311,0.00035122453,408.3592802632518,0.00038554132,0.013267775,0.043759353
2145.7288464542607,17813.348,7.3147593,0.0029191324,132230,696.1329372378233,408.35624302750114,16607.758,6.8042173,1457.0054,2.138946,17813.348,7.3147593,0,,,,,696.1329372378233,0.000351332,408.35624302750114,0.00038601222,0.013257661,0.041020554
2145.7357910921387,17814.006,7.3148537,0.0029193289,132231,696.1341246964586,408.3576772301682,16607.465,6.804305,1458.1381,2.1396232,17814.006,7.3148537,0,,,,,696.1341246964586,0.00035147346,408.3576772301682,0.00038586944,0.01422608,0.042224362
2145.7427357295505,17827.477,7.32157,0.002919525,132232,696.1327533132941,408.35728950534656,16625.623,6.8105526,1458.0922,2.1402571,17827.477,7.32157,0,,,,,696.1327533132941,0.00035144197,408.35728950534656,0.00038575174,0.012540235,0.042170055
2145.7496803671957,17813.623,7.315256,0.0029197212,132233,696.1333931292454,408.3570957648158,16613.158,6.8046794,1456.4353,2.1383526,17813.623,7.315256,0,,,,,696.1333931292454,0.00035117718,408.3570957648158,0.00038549575,0.0127792265,0.042119812
2145.7566250043756,17814.34,7.31596,0.002919917,132234,696.133148688325,408.3561278511731,16613.27,6.805334,1457.8121,2.1398659,17814.34,7.31596,0,,,,,696.133148688325,0.00035138812,408.3561278511731,0.00038559551,0.0126106655,0.041343685
2145.763569641554,17816.285,7.3166795,0.0029201128,132235,696.1325561119883,408.3564381424368,16617.176,6.806003,1458.7192,2.1401794,17816.285,7.3166795,0,,,,,696.1325561119883,0.0003511242,408.3564381424368,0.00038565072,0.012928735,0.04129471
2145.7705142787336,17810.213,7.318492,0.0029203086,132236,696.1338205126908,408.3573910698543,16608.17,6.807689,1459.2634,2.149424,17810.213,7.318492,0,,,,,696.1338205126908,0.00035135003,408.3573910698543,0.0003856825,0.012952401,0.04207431
2145.7774589156816,17818.525,7.3180165,0.0029205042,132237,696.1335461932183,408.3569082680902,16618.484,6.807247,1458.7966,2.1420538,17818.525,7.3180165,0,,,,,696.1335461932183,0.00035100567,408.3569082680902,0.00038547185,0.013970427,0.042098995
2145.7844035526273,17811.9,7.315512,0.0029206998,132238,696.1328625403992,408.35629837302685,16608.102,6.8049173,1460.365,2.140597,17811.9,7.315512,0,,,,,696.1328625403992,0.00035119054,408.35629837302685,0.00038600605,0.012528833,0.041022316
2145.7913481893406,17807.094,7.316206,0.002920895,132239,696.132188711279,408.35246797189603,16606.205,6.8055634,1459.377,2.1410944,17807.094,7.316206,0,,,,,696.132188711279,0.0003514762,408.35246797189603,0.0003857649,0.01173432,0.037361093
2145.7982928260544,17821.928,7.3176336,0.0029210905,132240,696.1335770472153,408.35981824926546,16620.436,6.8068914,1458.278,2.141104,17821.928,7.3176336,0,,,,,696.1335770472153,0.00035112453,408.35981824926546,0.00038562296,0.013526622,0.045067243
2145.805237462536,17811.664,7.3186083,0.0029212856,132241,696.1348704271994,408.35772739123973,16611.709,6.8077974,1459.9288,2.1426737,17811.664,7.3186083,0,,,,,696.1348704271994,0.00035126516,408.35772739123973,0.00038577995,0.014018046,0.042399116
2145.812182099016,17810.16,7.317553,0.0029214807,132242,696.1328809529398,408.35688970017185,16610.027,6.806816,1458.9657,2.1436386,17810.16,7.317553,0,,,,,696.1328809529398,0.0003513367,408.35688970017185,0.00038573262,0.012356375,0.040593755
2145.819126735264,17824.84,7.3170652,0.0029216756,132243,696.1338881338204,408.357523632361,16624.59,6.806362,1452.8658,2.1393182,17824.84,7.3170652,0,,,,,696.1338881338204,0.00035105585,408.357523632361,0.0003854349,0.013023112,0.041824915
2145.8260713715126,17820.596,7.320252,0.0029218704,132244,696.1340553091417,408.35523366095,16620.473,6.8093266,1457.8674,2.1483407,17820.596,7.320252,0,,,,,696.1340553091417,0.0003512962,408.35523366095,0.00038544726,0.012833356,0.041280888
2145.8330160075275,17813.965,7.320148,0.002922065,132245,696.1322596030387,408.3571538254499,16609.041,6.80923,1459.5342,2.1516972,17813.965,7.320148,0,,,,,696.1322596030387,0.00035124892,408.3571538254499,0.0003860569,0.012661164,0.041745506
2145.8399606435423,17806.111,7.317504,0.0029222597,132246,696.1332515467255,408.35688676337634,16601.398,6.8067703,1463.6335,2.148805,17806.111,7.317504,0,,,,,696.1332515467255,0.00035130957,408.35688676337634,0.00038607031,0.012626225,0.040793568
2145.846905279558,17809.129,7.3179398,0.0029224544,132247,696.1330959761831,408.35607046973826,16609.445,6.8071756,1458.8293,2.1427789,17809.129,7.3179398,0,,,,,696.1330959761831,0.00035131734,408.35607046973826,0.00038587535,0.012399195,0.040702466
2145.8538499151073,17815.771,7.316492,0.0029226486,132248,696.1335302979678,408.3568413597577,16611.863,6.8058295,1457.874,2.1419647,17815.771,7.316492,0,,,,,696.1335302979678,0.00035118882,408.3568413597577,0.00038587832,0.013380942,0.041411452
2145.8607945508898,17821.676,7.317596,0.002922843,132249,696.1336461493548,408.3564283819585,16621.096,6.8068557,1457.9336,2.1401982,17821.676,7.317596,0,,,,,696.1336461493548,0.00035110852,408.3564283819585,0.00038556938,0.013021138,0.04108914
2145.8677391864394,17820.117,7.3184934,0.0029230372,132250,696.1331264187143,408.35616347553673,16613.414,6.8076906,1456.7738,2.1466844,17820.117,7.3184934,0,,,,,696.1331264187143,0.00035128742,408.35616347553673,0.00038580605,0.012226185,0.040396787
2145.8746838217558,17812.889,7.317406,0.002923231,132251,696.1334585732593,408.3566104553438,16613.3,6.8066797,1459.1322,2.143112,17812.889,7.317406,0,,,,,696.1334585732593,0.00035125687,408.3566104553438,0.00038560998,0.013357336,0.04155089
2145.881628457072,17806.838,7.3159127,0.002923425,132252,696.1329043198573,408.3546363766853,16603.898,6.80529,1458.9937,2.1414394,17806.838,7.3159127,0,,,,,696.1329043198573,0.00035151155,408.3546363766853,0.00038595754,0.012576419,0.039382674
2145.888573092156,17814.723,7.3193054,0.0029236188,132253,696.1326737784101,408.3570169270702,16614.908,6.8084464,1460.5604,2.1420326,17814.723,7.3193054,0,,,,,696.1326737784101,0.00035128952,408.3570169270702,0.00038597107,0.012415842,0.041704204
2145.89551772724,17818.69,7.3168,0.0029238125,132254,696.1329314251196,408.35633533066806,16618.652,6.8061156,1457.0597,2.1407597,17818.69,7.3168,0,,,,,696.1329314251196,0.00035104848,408.35633533066806,0.00038546408,0.01230841,0.040817954
2145.9024623623236,17807.727,7.3153234,0.0029240062,132255,696.1329855009704,408.35485265947057,16606.371,6.8047423,1460.3385,2.141905,17807.727,7.3153234,0,,,,,696.1329855009704,0.00035121533,408.35485265947057,0.0003857025,0.012657503,0.03975007
2145.909406997175,17815.713,7.3176317,0.0029241997,132256,696.1335013005506,408.35718958554475,16614.135,6.806889,1454.79,2.1462288,17815.713,7.3176317,0,,,,,696.1335013005506,0.00035114665,408.35718958554475,0.00038559915,0.012981398,0.04143156
2145.916351631793,17821.285,7.317764,0.002924393,132257,696.1330136148689,408.35667116292495,16617.375,6.807012,1460.9412,2.1411784,17821.285,7.317764,0,,,,,696.1330136148689,0.000351189,408.35667116292495,0.000385776,0.013144607,0.040677767
2145.923296266411,17820.143,7.3177376,0.0029245862,132258,696.1321305368917,408.35634094794875,16615.947,6.806988,1458.3473,2.1405897,17820.143,7.3177376,0,,,,,696.1321305368917,0.0003514835,408.35634094794875,0.00038583894,0.011683307,0.041401513
2145.9302409010297,17809.74,7.3175607,0.0029247794,132259,696.1336382592553,408.35656983693366,16607.387,6.8068237,1459.9016,2.1435814,17809.74,7.3175607,0,,,,,696.1336382592553,0.00035167966,408.35656983693366,0.00038597645,0.013311983,0.041225452
2145.937185535415,17815.469,7.3185086,0.0029249724,132260,696.1324724950815,408.35602979294936,16615.197,6.807705,1461.1128,2.141705,17815.469,7.3185086,0,,,,,696.1324724950815,0.0003512736,408.35602979294936,0.00038577212,0.012489445,0.040340617
2145.9441301698,17831.03,7.3202863,0.0029251655,132261,696.1323006110324,408.3565334878105,16629.469,6.8093586,1458.4855,2.1396794,17831.03,7.3202863,0,,,,,696.1323006110324,0.00035093288,408.3565334878105,0.00038564275,0.011331501,0.04124985
2145.951074803953,17819.441,7.3178897,0.0029253582,132262,696.1335689959216,408.3551311231843,16617.494,6.8071294,1457.3362,2.1447384,17819.441,7.3178897,0,,,,,696.1335689959216,0.00035111254,408.3551311231843,0.00038551545,0.012726951,0.03908477
2145.958019438106,17811.365,7.318943,0.002925551,132263,696.1331668288043,408.3576461225464,16603.867,6.808109,1461.1775,2.1432002,17811.365,7.318943,0,,,,,696.1331668288043,0.00035155832,408.3576461225464,0.0003865077,0.012355511,0.041480865
2145.964964072025,17825.69,7.318306,0.0029257436,132264,696.1327864921741,408.3557160434924,16624.098,6.807516,1458.6823,2.1420662,17825.69,7.318306,0,,,,,696.1327864921741,0.0003510187,408.3557160434924,0.00038533003,0.012425028,0.040566776
2145.971908705711,17815.955,7.318354,0.002925936,132265,696.1324633746686,408.3553479816806,16614.127,6.8075614,1456.72,2.1420097,17815.955,7.318354,0,,,,,696.1324633746686,0.000351419,408.3553479816806,0.0003857745,0.011884965,0.039713066
2145.978853339632,17819.604,7.3181415,0.0029261285,132266,696.132416645812,408.35599287271435,16618.771,6.8073635,1455.6942,2.139762,17819.604,7.3181415,0,,,,,696.132416645812,0.0003512678,408.35599287271435,0.00038560282,0.011871601,0.04046723
2145.985797973319,17805.527,7.31571,0.0029263208,132267,696.1329709280728,408.3563180481033,16606.9,6.805102,1457.4851,2.1399238,17805.527,7.31571,0,,,,,696.1329709280728,0.0003514834,408.3563180481033,0.0003858494,0.012668588,0.04140731
2145.9927426067725,17821.662,7.320243,0.0029265129,132268,696.1331145162978,408.35572406310683,16621.748,6.809318,1457.8483,2.1429238,17821.662,7.320243,0,,,,,696.1331145162978,0.0003512284,408.35572406310683,0.00038563038,0.0126066,0.040682673
2145.999687240227,17814.148,7.317058,0.002926705,132269,696.1319168913423,408.3534352199606,16613.857,6.8063555,1459.3005,2.142932,17814.148,7.317058,0,,,,,696.1319168913423,0.00035124546,408.3534352199606,0.00038548154,0.010837873,0.037898105
2146.0066318734484,17816.018,7.316199,0.0029268968,132270,696.133303960855,408.3576747151349,16613.635,6.805557,1454.6787,2.138036,17816.018,7.316199,0,,,,,696.133303960855,0.0003511625,408.3576747151349,0.00038581714,0.012922764,0.04243561
2146.0135765066693,17817.555,7.314866,0.0029270886,132271,696.1318029096946,408.35534315386235,16610.16,6.804317,1457.4855,2.139176,17817.555,7.314866,0,,,,,696.1318029096946,0.00035124394,408.35534315386235,0.0003860252,0.011071068,0.039787818
2146.020521139658,17821.041,7.3162527,0.0029272803,132272,696.1323007417927,408.35535905934324,16619.094,6.8056064,1452.1617,2.1386018,17821.041,7.3162527,0,,,,,696.1323007417927,0.0003509371,408.35535905934324,0.00038573742,0.012198087,0.04052293
2146.027465772647,17819.023,7.3165503,0.002927472,132273,696.1323872469229,408.3541729349669,16618.469,6.8058834,1459.5885,2.140058,17819.023,7.3165503,0,,,,,696.1323872469229,0.00035095267,408.3541729349669,0.00038555864,0.011803167,0.03810761
2146.034410405635,17819.926,7.317328,0.0029276635,132274,696.1340659826933,408.3567804405982,16617.982,6.806607,1456.8704,2.137343,17819.926,7.317328,0,,,,,696.1340659826933,0.0003511274,408.3567804405982,0.00038602113,0.013812553,0.04150233
2146.04135503839,17813.133,7.3161383,0.002927855,132275,696.1323176977339,408.35563974643975,16609.602,6.8055,1458.5364,2.1426976,17813.133,7.3161383,0,,,,,696.1323176977339,0.00035105515,408.35563974643975,0.00038601062,0.011967566,0.040194035
2146.048299671146,17822.916,7.3164234,0.0029280463,132276,696.1335619173014,408.35472847091046,16621.254,6.805765,1453.5824,2.13919,17822.916,7.3164234,0,,,,,696.1335619173014,0.0003509654,408.35472847091046,0.00038549016,0.012853326,0.038693182
2146.0552443036686,17810.39,7.315767,0.0029282374,132277,696.1332378594759,408.3564942666792,16606.16,6.8051543,1455.7568,2.1438408,17810.39,7.315767,0,,,,,696.1332378594759,0.00035136842,408.3564942666792,0.00038593702,0.012581927,0.041210394
2146.062188935958,17814.557,7.3156843,0.0029284284,132278,696.1314537639412,408.3537761392505,16609.188,6.8050776,1455.9603,2.1406448,17814.557,7.3156843,0,,,,,696.1314537639412,0.00035106263,408.3537761392505,0.00038620757,0.010557306,0.03865709
2146.0691335684805,17811.102,7.315578,0.0029286195,132279,696.1328950771011,408.3554815026384,16603.617,6.8049784,1457.6641,2.140676,17811.102,7.315578,0,,,,,696.1328950771011,0.00035160125,408.3554815026384,0.00038620929,0.012314918,0.03986502
2146.076078200538,17814.066,7.3162107,0.0029288102,132280,696.1335342270271,408.35688623470674,16614.746,6.8055673,1457.6118,2.1405597,17814.066,7.3162107,0,,,,,696.1335342270271,0.00035100922,408.35688623470674,0.0003855356,0.012797917,0.041163262
2146.0830228328277,17800.746,7.3155193,0.002929001,132281,696.1315563771414,408.35447313845106,16601.646,6.804924,1460.1947,2.1429386,17800.746,7.3155193,0,,,,,696.1315563771414,0.00035152503,408.35447313845106,0.0003859411,0.011545771,0.038838327
2146.089967464652,17839.791,7.322546,0.0029291916,132282,696.1333799007438,408.3562410374693,16636.227,6.81146,1456.3787,2.144674,17839.791,7.322546,0,,,,,696.1333799007438,0.00035104668,408.3562410374693,0.00038547153,0.012900725,0.040582288
2146.0969120967093,17802.76,7.316795,0.0029293823,132283,696.1336032681749,408.35596319430925,16603.432,6.806111,1461.1161,2.1471395,17802.76,7.316795,0,,,,,696.1336032681749,0.0003513008,408.35596319430925,0.00038554138,0.013396958,0.040291864
2146.103856728533,17819.143,7.318518,0.0029295727,132284,696.1332323545264,408.3560039747159,16617.857,6.807714,1456.2332,2.1399305,17819.143,7.318518,0,,,,,696.1332323545264,0.00035155605,408.3560039747159,0.0003858341,0.012083277,0.0402827
2146.1108013601247,17818.158,7.3185124,0.002929763,132285,696.1319958887456,408.3558149385869,16617.473,6.8077083,1457.9661,2.1414852,17818.158,7.3185124,0,,,,,696.1319958887456,0.0003513277,408.3558149385869,0.00038569054,0.012035424,0.0400144
2146.117745991716,17814.95,7.3204637,0.0029299532,132286,696.1329828645013,408.3544093254725,16613.654,6.8095236,1458.98,2.1461492,17814.95,7.3204637,0,,,,,696.1329828645013,0.00035174517,408.3544093254725,0.00038576048,0.012528461,0.039256502
2146.1246906233073,17810.469,7.315161,0.0029301434,132287,696.1329235350687,408.3557918815666,16610.277,6.804591,1457.9117,2.1404486,17810.469,7.315161,0,,,,,696.1329235350687,0.0003512353,408.3557918815666,0.00038567412,0.012314299,0.040509064
2146.1316352546664,17813.592,7.3167076,0.0029303334,132288,696.1324469898288,408.3552606138542,16611.824,6.80603,1456.863,2.1420615,17813.592,7.3167076,0,,,,,696.1324469898288,0.00035131795,408.3552606138542,0.0003856414,0.011768488,0.03900841
2146.1385798860256,17814.488,7.3171315,0.0029305234,132289,696.1320899181675,408.3549267477198,16615.254,6.8064237,1460.655,2.1412704,17814.488,7.3171315,0,,,,,696.1320899181675,0.00035097008,408.3549267477198,0.00038562177,0.011852199,0.039901517
2146.145524517151,17827.365,7.3203096,0.0029307131,132290,696.132350156992,408.3544245712726,16623.188,6.80938,1457.9795,2.1470747,17827.365,7.3203096,0,,,,,696.132350156992,0.00035112293,408.3544245712726,0.00038545506,0.012055152,0.03965699
2146.1524691480436,17811.021,7.316987,0.0029309026,132291,696.132842449303,408.35482437789676,16610.346,6.8062897,1457.2858,2.140387,17811.021,7.316987,0,,,,,696.132842449303,0.0003513223,408.35482437789676,0.00038586307,0.013089597,0.039905597
2146.1594137791694,17822.182,7.3182545,0.0029310924,132292,696.1324845237164,408.35446155221655,16621.465,6.8074684,1456.0238,2.1417127,17822.182,7.3182545,0,,,,,696.1324845237164,0.00035118984,408.35446155221655,0.0003855185,0.011555095,0.039559375
2146.1663584100625,17829.791,7.318622,0.002931282,132293,696.1328163790465,408.35360925397697,16628.78,6.8078103,1456.4875,2.1399236,17829.791,7.318622,0,,,,,696.1328163790465,0.00035111612,408.35360925397697,0.00038531248,0.011993324,0.039073456
2146.173303040722,17829.78,7.321683,0.0029314712,132294,696.1327747495228,408.355745514598,16628.127,6.810658,1455.5967,2.15034,17829.78,7.321683,0,,,,,696.1327747495228,0.00035103725,408.355745514598,0.00038549057,0.011870739,0.039918236
2146.1802476713824,17818.469,7.318161,0.0029316605,132295,696.1320474518909,408.35444362722285,16611.734,6.8073816,1459.3746,2.1413007,17818.469,7.318161,0,,,,,696.1320474518909,0.00035136892,408.35444362722285,0.0003863421,0.011118092,0.039007068
2146.18719230181,17811.715,7.3182416,0.0029318496,132296,696.1337117438663,408.35523847300595,16611.04,6.8074565,1458.1691,2.1455934,17811.715,7.3182416,0,,,,,696.1337117438663,0.00035123376,408.35523847300595,0.00038570267,0.012773132,0.03984643
2146.1941369322367,17820.873,7.3205304,0.0029320386,132297,696.1312135387416,408.35460795405066,16615.441,6.8095856,1462.1951,2.1445682,17820.873,7.3205304,0,,,,,696.1312135387416,0.00035155215,408.35460795405066,0.0003858566,0.0108285025,0.03907521
2146.2010815626645,17817.197,7.318404,0.0029322277,132298,696.1334760802278,408.35591416626374,16615.867,6.8076077,1460.553,2.1446364,17817.197,7.318404,0,,,,,696.1334760802278,0.00035118058,408.35591416626374,0.00038568178,0.012580081,0.03998657
2146.2080261928586,17809.701,7.3166237,0.0029324165,132299,696.1326537385514,408.35264350388894,16608.65,6.8059516,1461.1387,2.1419687,17809.701,7.3166237,0,,,,,696.1326537385514,0.00035136793,408.35264350388894,0.00038590457,0.011823223,0.037268993
2146.2149708230527,17818.16,7.321344,0.0029326053,132300,696.1330142498788,408.35789970994296,16615.89,6.8103423,1456.6333,2.1473072,17818.16,7.321344,0,,,,,696.1330142498788,0.00035114802,408.35789970994296,0.00038611778,0.012870839,0.042664018
2146.221915453015,17826.863,7.3200583,0.002932794,132301,696.1320987544967,408.3533637719884,16623.64,6.8091464,1454.1647,2.1479626,17826.863,7.3200583,0,,,,,696.1320987544967,0.00035081996,408.3533637719884,0.0003856631,0.011772334,0.03785847
2146.2288600829766,17820.273,7.3199944,0.0029329825,132302,696.1316771602337,408.3549087785784,16619.285,6.8090873,1458.7161,2.1433194,17820.273,7.3199944,0,,,,,696.1316771602337,0.0003513485,408.3549087785784,0.000385794,0.011394255,0.039536674
2146.2358047127045,17819.229,7.3199153,0.0029331709,132303,696.132284930424,408.3556135288505,16614.865,6.809014,1458.9464,2.1421406,17819.229,7.3199153,0,,,,,696.132284930424,0.00035157052,408.3556135288505,0.00038599022,0.011866156,0.040871885
2146.242749342433,17832.936,7.319924,0.0029333592,132304,696.1315811342479,408.35471512339944,16630.656,6.8090215,1456.4968,2.1398501,17832.936,7.319924,0,,,,,696.1315811342479,0.0003510446,408.35471512339944,0.0003854725,0.011552765,0.03929572
2146.2496939721623,17819.215,7.3198986,0.0029335476,132305,696.1325937991213,408.3542242124266,16617.396,6.8089976,1463.8607,2.14685,17819.215,7.3198986,0,,,,,696.1325937991213,0.0003510666,408.3542242124266,0.00038577119,0.012373457,0.03891761
2146.2566386016583,17809.857,7.3190746,0.0029337357,132306,696.1322866175154,408.3558641395208,16609.17,6.8082314,1462.617,2.1446738,17809.857,7.3190746,0,,,,,696.1322866175154,0.0003513364,408.3558641395208,0.0003859643,0.011786506,0.040238135
2146.263583230921,17830.541,7.3207808,0.0029339236,132307,696.1329322809963,408.35369124141016,16629.205,6.8098183,1459.7142,2.1427777,17830.541,7.3207808,0,,,,,696.1329322809963,0.0003512068,408.35369124141016,0.00038555762,0.011245606,0.038306195
2146.270527860185,17820.193,7.32071,0.0029341115,132308,696.1326037993684,408.35521313814365,16617.025,6.809753,1460.8081,2.1443243,17820.193,7.32071,0,,,,,696.1326037993684,0.0003513291,408.35521313814365,0.00038596606,0.012512895,0.039434567
2146.2774724894484,17820.951,7.3168635,0.0029342994,132309,696.1328096500099,408.3546202670915,16619.053,6.8061748,1456.196,2.1399798,17820.951,7.3168635,0,,,,,696.1328096500099,0.0003510362,408.3546202670915,0.00038570032,0.012478585,0.039165013
2146.284417118478,17810.69,7.3151536,0.002934487,132310,696.1320676512379,408.3547725882601,16609.914,6.804584,1455.2798,2.1408043,17810.69,7.3151536,0,,,,,696.1320676512379,0.00035123795,408.3547725882601,0.00038552715,0.011655878,0.038823724
2146.2913617475087,17821.578,7.3167095,0.0029346747,132311,696.1326499741931,408.3543506136314,16621.102,6.806031,1457.8995,2.1397686,17821.578,7.3167095,0,,,,,696.1326499741931,0.00035097086,408.3543506136314,0.00038552086,0.012105209,0.039616026
2146.2983063765396,17824.537,7.318082,0.0029348624,132312,696.131921981886,408.3542823707985,16622.506,6.807308,1458.7229,2.1414435,17824.537,7.318082,0,,,,,696.131921981886,0.0003511324,408.3542823707985,0.00038549476,0.011395817,0.039049327
2146.3052510053362,17804.586,7.3146305,0.0029350498,132313,696.1335592524892,408.3539224706999,16601.338,6.8040977,1457.3478,2.1438186,17804.586,7.3146305,0,,,,,696.1335592524892,0.00035139165,408.3539224706999,0.00038579165,0.012564108,0.03774917
2146.312195633901,17830.55,7.322909,0.002935237,132314,696.1311823485877,408.35481126677763,16624.664,6.8117976,1456.2296,2.1474023,17830.55,7.322909,0,,,,,696.1311823485877,0.00035146318,408.35481126677763,0.00038579633,0.010878472,0.039867967
2146.319140262466,17819.143,7.31914,0.0029354242,132315,696.1329664884445,408.3546230267758,16616.77,6.8082924,1458.2422,2.1473188,17819.143,7.31914,0,,,,,696.1329664884445,0.00035117363,408.3546230267758,0.0003857323,0.012687012,0.038852446
2146.3260848910304,17822.477,7.317022,0.0029356114,132316,696.131717842529,408.35408283134876,16619.994,6.806322,1457.185,2.138855,17822.477,7.317022,0,,,,,696.131717842529,0.00035110404,408.35408283134876,0.00038560087,0.010912767,0.038575012
2146.3330295193614,17824.57,7.3178964,0.0029357984,132317,696.132878133837,408.354695090222,16623.002,6.8071356,1458.0065,2.140717,17824.57,7.3178964,0,,,,,696.132878133837,0.00035113926,408.354695090222,0.00038557875,0.011810111,0.038843825
2146.3399741476933,17820.188,7.3180947,0.0029359853,132318,696.1324268914096,408.3548385513799,16618.44,6.8073196,1460.5198,2.140358,17820.188,7.3180947,0,,,,,696.1324268914096,0.00035115218,408.3548385513799,0.00038556603,0.011597472,0.03913902
2146.346918775793,17817.23,7.3168225,0.002936172,132319,696.1315172466834,408.353850127504,16615.646,6.8061366,1460.0272,2.1410363,17817.23,7.3168225,0,,,,,696.1315172466834,0.00035113143,408.353850127504,0.00038556516,0.010845521,0.038842015
2146.3538634038914,17818.014,7.3209057,0.0029363588,132320,696.1316927371939,408.35247945787285,16617.262,6.809934,1459.4313,2.1511922,17818.014,7.3209057,0,,,,,696.1316927371939,0.00035111947,408.35247945787285,0.00038561047,0.01067519,0.03687305
2146.36080803199,17824.988,7.31883,0.0029365455,132321,696.1322043591659,408.3543164860997,16623.836,6.8080034,1456.011,2.1452355,17824.988,7.31883,0,,,,,696.1322043591659,0.00035087767,408.3543164860997,0.00038539653,0.01124713,0.039417397
2146.3677526598567,17806.35,7.3142357,0.002936732,132322,696.1329454581924,408.35588466062535,16606.188,6.80373,1457.9014,2.1390407,17806.35,7.3142357,0,,,,,696.1329454581924,0.0003511741,408.35588466062535,0.00038560276,0.0120666735,0.04034719
2146.3746972874897,17826.55,7.3159842,0.0029369183,132323,696.1326671384834,408.3539661862393,16621.615,6.8053565,1452.5374,2.1376631,17826.55,7.3159842,0,,,,,696.1326671384834,0.00035095378,408.3539661862393,0.00038555675,0.011967535,0.037962437
2146.381641915123,17817.664,7.3175974,0.0029371046,132324,696.1327545939345,408.35381772323774,16615.932,6.8068576,1459.9376,2.1428635,17817.664,7.3175974,0,,,,,696.1327545939345,0.0003510893,408.35381772323774,0.00038571106,0.01192523,0.038010426
2146.3885865427574,17817.688,7.315337,0.0029372908,132325,696.1326666472154,408.35393807807685,16615.953,6.804755,1452.657,2.1411715,17817.688,7.315337,0,,,,,696.1326666472154,0.0003510957,408.35393807807685,0.00038547214,0.011969438,0.038411118
2146.3955311701575,17818.852,7.3206244,0.0029374768,132326,696.1319472464769,408.35415954430323,16616.613,6.809673,1455.7291,2.1475995,17818.852,7.3206244,0,,,,,696.1319472464769,0.0003516195,408.35415954430323,0.00038585093,0.011328191,0.039026495
2146.402475797558,17820.447,7.3170776,0.0029376629,132327,696.1325552897172,408.35396971359336,16619.02,6.8063736,1457.0104,2.1414974,17820.447,7.3170776,0,,,,,696.1325552897172,0.0003510579,408.35396971359336,0.00038541234,0.011750637,0.038342632
2146.4094204249586,17817.742,7.3164883,0.002937849,132328,696.1317010531824,408.35381810616155,16614.125,6.805825,1458.8723,2.1410787,17817.742,7.3164883,0,,,,,696.1317010531824,0.00035120253,408.35381810616155,0.00038564033,0.011130104,0.038212966
2146.416365052126,17825.826,7.3245344,0.0029380347,132329,696.1313707095086,408.35330794383543,16623.934,6.8133097,1458.9753,2.1439757,17825.826,7.3245344,0,,,,,696.1313707095086,0.00035162095,408.35330794383543,0.00038600148,0.011825165,0.03815973
2146.4233096790604,17821.188,7.317202,0.0029382203,132330,696.1319815211926,408.3538725954878,16619.045,6.8064895,1458.2164,2.1406343,17821.188,7.317202,0,,,,,696.1319815211926,0.00035106819,408.3538725954878,0.00038546638,0.0116979815,0.038439095
2146.430254306228,17830.338,7.3219523,0.002938406,132331,696.1323105709644,408.35431366146037,16627.246,6.8109083,1462.6432,2.1456943,17830.338,7.3219523,0,,,,,696.1323105709644,0.0003512411,408.35431366146037,0.0003857753,0.012051999,0.03826726
2146.43719893293,17815.115,7.3188004,0.0029385914,132332,696.1319069789653,408.3548509724466,16614.695,6.8079762,1459.4607,2.1399562,17815.115,7.3188004,0,,,,,696.1319069789653,0.00035125468,408.3548509724466,0.0003860286,0.011026196,0.039249055
2146.4441435598646,17823.79,7.3178287,0.002938777,132333,696.1317030578595,408.35228482885816,16622.035,6.807072,1458.0896,2.1402807,17823.79,7.3178287,0,,,,,696.1317030578595,0.00035098506,408.35228482885816,0.00038561193,0.011695821,0.03723073
2146.4510881865667,17815.576,7.3155637,0.0029389623,132334,696.1308687374798,408.3537356329202,16613.51,6.804966,1456.4891,2.1414256,17815.576,7.3155637,0,,,,,696.1308687374798,0.00035119097,408.3537356329202,0.00038539048,0.010401271,0.03828501
2146.458032813036,17825.182,7.3223453,0.0029391474,132335,696.1317588350879,408.35338547406445,16622.955,6.8112736,1457.0787,2.1445212,17825.182,7.3223453,0,,,,,696.1317588350879,0.0003513773,408.35338547406445,0.00038588463,0.011211596,0.037505016
2146.4649774395048,17807.494,7.3147435,0.0029393325,132336,696.1319377599445,408.35331078705684,16607.262,6.804202,1460.0865,2.1400576,17807.494,7.3147435,0,,,,,696.1319377599445,0.00035139642,408.35331078705684,0.0003857638,0.011011896,0.037849933
2146.4719220659745,17827.912,7.320703,0.0029395176,132337,696.1319881700532,408.3550412511426,16621.469,6.8097463,1457.8668,2.1490912,17827.912,7.320703,0,,,,,696.1319881700532,0.00035108262,408.3550412511426,0.00038579205,0.011584816,0.03947296
2146.478866692211,17818.742,7.315745,0.0029397025,132338,696.1326081011176,408.3538002864154,16614.752,6.805134,1454.9952,2.1389713,17818.742,7.315745,0,,,,,696.1326081011176,0.0003511668,408.3538002864154,0.00038594575,0.01150068,0.037669647
2146.4858113184464,17809.746,7.3201847,0.0029398873,132339,696.132105641122,408.3540204279894,16608.002,6.8092637,1465.4313,2.146563,17809.746,7.3201847,0,,,,,696.132105641122,0.00035143443,408.3540204279894,0.00038592998,0.011402841,0.038248807
2146.492755944451,17828.635,7.320279,0.002940072,132340,696.1322374353077,408.3532252097779,16624.822,6.809352,1454.818,2.1470022,17828.635,7.320279,0,,,,,696.1322374353077,0.00035116004,408.3532252097779,0.00038570215,0.012035134,0.037136767
2146.4997005704545,17825.22,7.3190765,0.0029402566,132341,696.1315216036186,408.3550379360512,16623.168,6.8082333,1457.1351,2.140307,17825.22,7.3190765,0,,,,,696.1315216036186,0.0003508831,408.3550379360512,0.00038567075,0.011242733,0.03927126
2146.506645196225,17813.244,7.31898,0.002940441,132342,696.1327675517183,408.3541903985724,16605.94,6.808144,1457.5621,2.144043,17813.244,7.31898,0,,,,,696.1327675517183,0.00035137834,408.3541903985724,0.00038622908,0.011850201,0.03854572
2146.513589822228,17815.111,7.316817,0.0029406257,132343,696.1317107955043,408.35325722487795,16613.383,6.8061314,1458.2247,2.1439986,17815.111,7.316817,0,,,,,696.1317107955043,0.00035108984,408.35325722487795,0.00038548553,0.011331972,0.037369788
2146.520534447766,17822.906,7.3165812,0.0029408098,132344,696.1324013447958,408.35427963123175,16620.988,6.805912,1456.6747,2.1397185,17822.906,7.3165812,0,,,,,696.1324013447958,0.00035100387,408.35427963123175,0.00038539153,0.011321739,0.03882936
2146.5274790735366,17819.281,7.317938,0.0029409942,132345,696.130880720623,408.3530108065184,16617.436,6.8071737,1457.8872,2.1441088,17819.281,7.317938,0,,,,,696.130880720623,0.00035120425,408.3530108065184,0.00038554505,0.01046285,0.0384038
2146.5344236988412,17819.693,7.3167396,0.0029411782,132346,696.1325790781037,408.3533416781998,16618.559,6.806059,1457.5138,2.141094,17819.693,7.3167396,0,,,,,696.1325790781037,0.0003511092,408.3533416781998,0.00038569345,0.012076226,0.036986705
2146.5413683243796,17815.914,7.315194,0.0029413623,132347,696.1320262126259,408.3552565333037,16613.371,6.8046217,1456.8387,2.1382768,17815.914,7.315194,0,,,,,696.1320262126259,0.00035103026,408.3552565333037,0.00038567325,0.011455613,0.039411917
2146.5483129496843,17827.957,7.3181653,0.0029415463,132348,696.1321332624991,408.3533857564303,16625.457,6.8073854,1453.1659,2.1406128,17827.957,7.3181653,0,,,,,696.1321332624991,0.00035120166,408.3533857564303,0.00038536623,0.01131541,0.03688401
2146.555257574756,17832.494,7.318634,0.00294173,132349,696.1322160282441,408.3539961749652,16625.922,6.8078218,1457.485,2.1411376,17832.494,7.318634,0,,,,,696.1322160282441,0.00035085776,408.3539961749652,0.0003857195,0.011411515,0.03872756
2146.5622022000616,17810.209,7.3196507,0.002941914,132350,696.1311974417816,408.35300579792465,16608.39,6.808768,1456.7971,2.152416,17810.209,7.3196507,0,,,,,696.1311974417816,0.0003514386,408.35300579792465,0.0003858329,0.0110058645,0.03808831
2146.569146824901,17834.05,7.3202763,0.0029420974,132351,696.130959897669,408.35349117741225,16631.555,6.809349,1455.815,2.1411433,17834.05,7.3202763,0,,,,,696.130959897669,0.0003509,408.35349117741225,0.0003854677,0.01020653,0.03771549
2146.5760914499724,17818.955,7.317298,0.002942281,132352,696.1315544066505,408.3527444529627,16616.918,6.8065786,1458.621,2.1407964,17818.955,7.317298,0,,,,,696.1315544066505,0.0003510911,408.3527444529627,0.0003857544,0.0111839855,0.037504416
2146.5830360748123,17819.803,7.3173933,0.0029424645,132353,696.1318611972608,408.3538159184138,16617.807,6.8066673,1458.9585,2.1401207,17819.803,7.3173933,0,,,,,696.1318611972608,0.00035125206,408.3538159184138,0.00038574304,0.011443931,0.038477812
2146.5899806994194,17814.453,7.31863,0.0029426478,132354,696.132166094121,408.3532771142292,16613.988,6.8078175,1457.9469,2.1472054,17814.453,7.31863,0,,,,,696.132166094121,0.0003510527,408.3532771142292,0.0003857897,0.011283898,0.037254244
2146.5969253240255,17818.027,7.3159885,0.002942831,132355,696.1326507766662,408.35331219797234,16614.889,6.805361,1456.2758,2.1400673,17818.027,7.3159885,0,,,,,696.1326507766662,0.00035111757,408.35331219797234,0.0003856023,0.011496992,0.0377409
2146.6038699486317,17807.516,7.3154993,0.0029430143,132356,696.131004995,408.3530890757252,16606.117,6.8049054,1453.8694,2.1380484,17807.516,7.3154993,0,,,,,696.131004995,0.00035137386,408.3530890757252,0.00038597648,0.01072829,0.037602264
2146.610814573006,17828.162,7.318175,0.0029431973,132357,696.1326499692557,408.3545055725039,16625.213,6.8073945,1455.2101,2.1394122,17828.162,7.318175,0,,,,,696.1326499692557,0.0003510987,408.3545055725039,0.00038547558,0.011814984,0.0377984
2146.6177591973797,17816.41,7.317184,0.0029433803,132358,696.1310323447665,408.35229546019116,16614.658,6.806473,1454.7567,2.1426132,17816.41,7.317184,0,,,,,696.1310323447665,0.00035121533,408.35229546019116,0.00038569007,0.010322082,0.03637769
2146.6247038215197,17811.873,7.3157444,0.002943563,132359,696.1326028022323,408.3539583323741,16606.54,6.8051333,1456.0763,2.1396437,17811.873,7.3157444,0,,,,,696.1326028022323,0.00035145326,408.3539583323741,0.0003860166,0.011757419,0.037812438
2146.631648445661,17823.615,7.3174415,0.0029437458,132360,696.1318971324962,408.35328129092795,16620.822,6.8067126,1453.7808,2.1428463,17823.615,7.3174415,0,,,,,696.1318971324962,0.00035102805,408.35328129092795,0.00038555556,0.011273496,0.03697553
2146.6385930698025,17819.963,7.3153486,0.0029439286,132361,696.131681747569,408.35456913589786,16611.574,6.804765,1454.723,2.140071,17819.963,7.3153486,0,,,,,696.131681747569,0.00035119182,408.35456913589786,0.00038583376,0.011162468,0.039261848
2146.6455376937097,17810.418,7.315323,0.0029441111,132362,696.1322170147449,408.35348132504856,16609.4,6.804742,1457.0356,2.141113,17810.418,7.315323,0,,,,,696.1322170147449,0.00035113585,408.35348132504856,0.00038564004,0.011367694,0.037862536
2146.652482317618,17808.12,7.313711,0.0029442937,132363,696.1312667314332,408.3535572250789,16606.352,6.8032427,1455.8846,2.1393228,17808.12,7.313711,0,,,,,696.1312667314332,0.00035101024,408.3535572250789,0.00038583498,0.010806981,0.03737908
2146.6594269412935,17816.021,7.3153477,0.002944476,132364,696.1313829431296,408.3527747218509,16615.094,6.8047643,1453.4069,2.1378586,17816.021,7.3153477,0,,,,,696.1313829431296,0.00035105261,408.3527747218509,0.00038564598,0.0107854195,0.037043918
2146.6663715649684,17823.508,7.3160934,0.0029446583,132365,696.1312558763841,408.352729988044,16621.377,6.8054585,1452.8556,2.139051,17823.508,7.3160934,0,,,,,696.1312558763841,0.0003511021,408.352729988044,0.00038542037,0.011025212,0.03689105
2146.673316188643,17827.775,7.3198266,0.0029448406,132366,696.1309883525128,408.3537104181768,16625.418,6.808931,1455.923,2.1402435,17827.775,7.3198266,0,,,,,696.1309883525128,0.00035112005,408.3537104181768,0.00038565876,0.010449129,0.03791635
2146.680260812086,17821.543,7.315674,0.0029450227,132367,696.1321958428604,408.35333111146394,16615.828,6.805068,1452.9097,2.1396875,17821.543,7.315674,0,,,,,696.1321958428604,0.0003510565,408.35333111146394,0.0003858443,0.011900568,0.037446033
2146.6872054355285,17809.994,7.3160644,0.0029452047,132368,696.1311765272338,408.3524544278382,16609.393,6.8054314,1455.2764,2.1389287,17809.994,7.3160644,0,,,,,696.1311765272338,0.0003512881,408.3524544278382,0.00038577645,0.010013096,0.037115533
2146.694150058738,17826.648,7.317709,0.0029453866,132369,696.132760082834,408.3530287927871,16623.61,6.806961,1457.9052,2.1395602,17826.648,7.317709,0,,,,,696.132760082834,0.00035112677,408.3530287927871,0.00038543573,0.01183081,0.03718801
2146.7010946819482,17818.592,7.320842,0.0029455684,132370,696.1315030939738,408.35375313901665,16616.947,6.8098755,1452.2078,2.1491172,17818.592,7.320842,0,,,,,696.1315030939738,0.0003510902,408.35375313901665,0.0003857708,0.0110887,0.038003523
2146.7080393051574,17822.21,7.3168178,0.0029457503,132371,696.1313799082885,408.35274216960175,16620.867,6.8061323,1455.2919,2.1407425,17822.21,7.3168178,0,,,,,696.1313799082885,0.00035097238,408.35274216960175,0.0003854921,0.01072258,0.0368934
2146.7149839281337,17819.908,7.3154216,0.0029459319,132372,696.1317430547623,408.35394649969163,16618.834,6.8048334,1454.02,2.137364,17819.908,7.3154216,0,,,,,696.1317430547623,0.00035109726,408.35394649969163,0.00038550387,0.011577386,0.038186144
2146.72192855111,17810.709,7.316345,0.0029461135,132373,696.1308985092679,408.35242523466667,16607.13,6.8056927,1457.433,2.1399572,17810.709,7.316345,0,,,,,696.1308985092679,0.0003512517,408.35242523466667,0.00038594962,0.01068666,0.03634596
2146.7288731738545,17815.057,7.3170915,0.0029462948,132374,696.1308334280478,408.3522957382622,16613.0,6.8063865,1456.8624,2.1420228,17815.057,7.3170915,0,,,,,696.1308334280478,0.00035115465,408.3522957382622,0.00038561676,0.010557863,0.037347905
2146.735817796598,17821.596,7.318619,0.0029464762,132375,696.1317722380147,408.35231663150614,16618.418,6.8078074,1455.8652,2.1454203,17821.596,7.318619,0,,,,,696.1317722380147,0.00035107587,408.35231663150614,0.00038569001,0.01134344,0.036873717
2146.742762419109,17813.184,7.31744,0.0029466574,132376,696.1314815567958,408.35311934843946,16610.223,6.806711,1454.3187,2.144934,17813.184,7.31744,0,,,,,696.1314815567958,0.00035129808,408.35311934843946,0.0003858144,0.010587985,0.036752243
2146.749707041853,17811.035,7.3160105,0.0029468387,132377,696.1314261893604,408.353388966688,16608.828,6.805381,1460.0503,2.141632,17811.035,7.3160105,0,,,,,696.1314261893604,0.0003513332,408.353388966688,0.0003854725,0.010724919,0.037488304
2146.756651664131,17827.979,7.315665,0.0029470196,132378,696.1316772535756,408.3528328809038,16625.568,6.8050594,1452.4795,2.136429,17827.979,7.315665,0,,,,,696.1316772535756,0.0003508016,408.3528328809038,0.00038540762,0.011077753,0.03701942
2146.763596286642,17819.572,7.318562,0.0029472008,132379,696.130979756342,408.35128605229727,16610.875,6.807755,1458.3317,2.1477175,17819.572,7.318562,0,,,,,696.130979756342,0.00035127244,408.35128605229727,0.00038600416,0.01050316,0.035880942
2146.7705409086875,17817.273,7.3180327,0.0029473815,132380,696.1305784645887,408.35288713178386,16614.174,6.8072624,1456.3654,2.141848,17817.273,7.3180327,0,,,,,696.1305784645887,0.000351191,408.35288713178386,0.00038591886,0.010138899,0.036794107
2146.7774855309663,17818.516,7.3153224,0.0029475624,132381,696.1322064382302,408.3523257040976,16610.988,6.8047414,1452.3384,2.1417887,17818.516,7.3153224,0,,,,,696.1322064382302,0.00035116874,408.3523257040976,0.00038604985,0.011859176,0.03673813
2146.7844301530113,17815.473,7.3193913,0.002947743,132382,696.1306633159837,408.35319994915227,16612.28,6.808526,1456.5792,2.1435528,17815.473,7.3193913,0,,,,,696.1306633159837,0.00035108757,408.35319994915227,0.00038617465,0.010085409,0.03727486
2146.791374775057,17805.904,7.3162994,0.0029479237,132383,696.1318169790557,408.35198599950775,16603.373,6.80565,1462.6682,2.1440184,17805.904,7.3162994,0,,,,,696.1318169790557,0.000351448,408.35198599950775,0.0003857359,0.011125641,0.036566697
2146.7983193968694,17823.668,7.316869,0.0029481042,132384,696.1321115410504,408.352209195906,16621.816,6.80618,1455.6849,2.1390705,17823.668,7.316869,0,,,,,696.1321115410504,0.0003510068,408.352209195906,0.0003854839,0.01134754,0.036273267
2146.8052640186816,17812.973,7.317226,0.0029482846,132385,696.1314464630242,408.35356905714553,16610.49,6.806512,1459.292,2.1442554,17812.973,7.317226,0,,,,,696.1314464630242,0.00035123664,408.35356905714553,0.00038570387,0.010826256,0.0384715
2146.812208640494,17811.602,7.314826,0.002948465,132386,696.1320922046787,408.3523811075561,16608.992,6.8042793,1453.2579,2.1390707,17811.602,7.314826,0,,,,,696.1320922046787,0.00035123175,408.3523811075561,0.00038579965,0.011727732,0.03699895
2146.819153262074,17818.725,7.316312,0.0029486453,132387,696.1313826292128,408.3522877663276,16615.258,6.805661,1453.6713,2.139982,17818.725,7.316312,0,,,,,696.1313826292128,0.0003512516,408.3522877663276,0.000385651,0.010828269,0.03645469
2146.8260978834205,17828.217,7.3173985,0.0029488252,132388,696.1319268915142,408.3531021504083,16627.361,6.8066726,1453.6904,2.136951,17828.217,7.3173985,0,,,,,696.1319268915142,0.00035096842,408.3531021504083,0.00038537488,0.011066365,0.03710071
2146.8330425050003,17812.06,7.318008,0.0029490055,132389,696.1313633637695,408.3528845767452,16608.611,6.807239,1456.2324,2.1458042,17812.06,7.318008,0,,,,,696.1313633637695,0.00035120215,408.3528845767452,0.00038572855,0.010627648,0.037291188
2146.8399871263473,17804.48,7.315083,0.0029491854,132390,696.1311553288554,408.35208560819905,16603.469,6.804518,1455.8522,2.1427817,17804.48,7.315083,0,,,,,696.1311553288554,0.00035115046,408.35208560819905,0.00038562753,0.010466907,0.03633963
2146.846931747461,17809.992,7.3154745,0.0029493652,132391,696.1318805677543,408.3520457974062,16608.844,6.8048825,1454.9772,2.142277,17809.992,7.3154745,0,,,,,696.1318805677543,0.00035116298,408.3520457974062,0.00038561306,0.011235524,0.03581587
2146.853876368576,17824.268,7.317752,0.002949545,132392,696.13073167599,408.35189936630917,16622.232,6.807001,1452.1495,2.138404,17824.268,7.317752,0,,,,,696.13073167599,0.00035089414,408.35189936630917,0.00038571368,0.009624207,0.036207538
2146.86082098969,17809.303,7.3146253,0.0029497247,132393,696.132141935255,408.35393912059374,16607.846,6.8040924,1454.4551,2.141675,17809.303,7.3146253,0,,,,,696.132141935255,0.0003513291,408.35393912059374,0.00038556193,0.011757012,0.037847426
2146.867765610571,17830.102,7.3214808,0.0029499042,132394,696.1318899230096,408.35290876776554,16627.848,6.8104696,1454.983,2.147916,17830.102,7.3214808,0,,,,,696.1318899230096,0.0003512862,408.35290876776554,0.0003855144,0.011367868,0.037074316
2146.874710231453,17818.729,7.3157825,0.0029500837,132395,696.1313560099919,408.3525314660688,16615.963,6.805169,1457.0795,2.1393738,17818.729,7.3157825,0,,,,,696.1313560099919,0.0003511492,408.3525314660688,0.00038567197,0.01098687,0.03705113
2146.8816548523337,17827.557,7.3191524,0.0029502632,132396,696.1316838437389,408.3525322187514,16623.578,6.808304,1455.6676,2.1438422,17827.557,7.3191524,0,,,,,696.1316838437389,0.00035113658,408.3525322187514,0.00038547008,0.011136598,0.03666067
2146.8885994729817,17819.89,7.3159122,0.0029504425,132397,696.132627331474,408.3525164813601,16617.797,6.8052897,1454.1664,2.1390886,17819.89,7.3159122,0,,,,,696.132627331474,0.00035112895,408.3525164813601,0.00038554205,0.011029441,0.037077192
2146.8955440936297,17814.49,7.31421,0.0029506218,132398,696.1316213735699,408.35149883871924,16613.71,6.8037066,1451.8324,2.1384785,17814.49,7.31421,0,,,,,696.1316213735699,0.00035109156,408.35149883871924,0.00038555398,0.011030335,0.0358569
2146.902488714046,17813.217,7.3178415,0.0029508008,132399,696.12980891375,408.3526979506137,16610.61,6.8070846,1453.312,2.1437025,17813.217,7.3178415,0,,,,,696.12980891375,0.00035117014,408.3526979506137,0.00038580986,0.0089376075,0.036729556
2146.909433334461,17812.326,7.317408,0.0029509799,132400,696.1323050083251,408.35225246475125,16611.988,6.806681,1454.5579,2.1410308,17812.326,7.317408,0,,,,,696.1323050083251,0.00035142706,408.35225246475125,0.0003857826,0.011618245,0.036323942
2146.916377954876,17823.217,7.3146796,0.002951159,132401,696.1312276117314,408.35117336159885,16619.38,6.8041434,1451.2399,2.137504,17823.217,7.3146796,0,,,,,696.1312276117314,0.00035084618,408.35117336159885,0.00038546548,0.010723084,0.035304356
2146.9233225750595,17818.281,7.3151555,0.0029513377,132402,696.1313185450553,408.35297258017545,16615.084,6.8045855,1453.4498,2.136261,17818.281,7.3151555,0,,,,,696.1313185450553,0.00035100972,408.35297258017545,0.0003856853,0.010291956,0.03685197
2146.930267195243,17814.188,7.313387,0.0029515165,132403,696.1324181629375,408.3532042975876,16613.268,6.802941,1451.7776,2.1364934,17814.188,7.313387,0,,,,,696.1324181629375,0.00035124194,408.3532042975876,0.00038551536,0.011271114,0.036808908
2146.9372118151923,17820.338,7.3179984,0.0029516951,132404,696.1299586858732,408.35121015893554,16617.955,6.8072305,1449.8367,2.14518,17820.338,7.3179984,0,,,,,696.1299586858732,0.00035117887,408.35121015893554,0.00038559848,0.009426773,0.03542538
2146.9441564351428,17814.102,7.3166065,0.0029518737,132405,696.1305876799948,408.3527671401114,16612.104,6.8059354,1456.5603,2.1403532,17814.102,7.3166065,0,,,,,696.1305876799948,0.00035123155,408.3527671401114,0.0003856109,0.0103426585,0.03697681
2146.9511010550927,17823.443,7.3170547,0.0029520523,132406,696.1314898262423,408.350694841641,16619.127,6.8063526,1458.4751,2.1400127,17823.443,7.3170547,0,,,,,696.1314898262423,0.00035130998,408.350694841641,0.00038548,0.010863452,0.03535641
2146.958045674809,17800.135,7.3140907,0.0029522306,132407,696.1316483641177,408.3515238789879,16599.271,6.8035955,1454.1163,2.1438835,17800.135,7.3140907,0,,,,,696.1316483641177,0.00035125893,408.3515238789879,0.00038570483,0.010339857,0.036018718
2146.9649902945266,17803.738,7.312786,0.002952409,132408,696.1309847987391,408.35228846930795,16601.658,6.8023815,1453.6617,2.1386752,17803.738,7.312786,0,,,,,696.1309847987391,0.00035106755,408.35228846930795,0.00038572086,0.010201712,0.036064245
2146.971934914011,17816.148,7.316295,0.002952587,132409,696.131088071316,408.3525334002426,16612.285,6.805646,1454.5154,2.1386683,17816.148,7.316295,0,,,,,696.131088071316,0.0003512133,408.3525334002426,0.00038583748,0.010647431,0.037014425
2146.978879533495,17809.648,7.315765,0.0029527652,132410,696.1314249147921,408.35164806120247,16607.451,6.805153,1451.3616,2.143734,17809.648,7.315765,0,,,,,696.1314249147921,0.00035143236,408.35164806120247,0.00038570425,0.011103291,0.03524093
2146.9858241529782,17812.834,7.3187475,0.0029529433,132411,696.1311344007586,408.3505295210518,16610.139,6.807927,1452.369,2.1479015,17812.834,7.3187475,0,,,,,696.1311344007586,0.00035147136,408.3505295210518,0.0003856584,0.009791227,0.034631204
2146.99276877223,17818.795,7.3154306,0.0029531212,132412,696.130950848888,408.35402718616126,16614.744,6.804842,1454.3777,2.1386602,17818.795,7.3154306,0,,,,,696.130950848888,0.00035124118,408.35402718616126,0.00038553515,0.010832539,0.0382492
2146.9997133914817,17815.057,7.3135996,0.002953299,132413,696.1303630544465,408.35125450743755,16614.676,6.8031387,1452.3502,2.136353,17815.057,7.3135996,0,,,,,696.1303630544465,0.0003508153,408.35125450743755,0.00038555198,0.010028886,0.035567507
2147.006658010733,17823.982,7.317299,0.002953477,132414,696.1315087844406,408.3506866368212,16619.504,6.8065796,1452.384,2.1408432,17823.982,7.317299,0,,,,,696.1315087844406,0.00035112674,408.3506866368212,0.00038555486,0.010921494,0.035666056
2147.0136026297523,17820.01,7.3140707,0.0029536546,132415,696.1306432130357,408.3513413280497,16616.406,6.803577,1453.3408,2.1375234,17820.01,7.3140707,0,,,,,696.1306432130357,0.0003509501,408.3513413280497,0.00038549874,0.00984969,0.03507769
2147.020547248771,17816.695,7.315347,0.0029538323,132416,696.1316855660834,408.35339467231677,16609.336,6.804764,1455.9601,2.1389894,17816.695,7.315347,0,,,,,696.1316855660834,0.0003512787,408.35339467231677,0.00038603763,0.011938338,0.038042735
2147.0274918675564,17822.193,7.3170314,0.0029540097,132417,696.1308628849615,408.35038610285466,16613.85,6.8063307,1453.5739,2.140745,17822.193,7.3170314,0,,,,,696.1308628849615,0.00035146804,408.35038610285466,0.0003860076,0.010054064,0.03491599
2147.034436486342,17812.438,7.3171115,0.002954187,132418,696.1317155793605,408.35156148332356,16609.82,6.8064055,1456.1901,2.14686,17812.438,7.3171115,0,,,,,696.1317155793605,0.0003511053,408.35156148332356,0.00038549164,0.010567396,0.03549743
2147.041381105128,17822.283,7.315322,0.0029543645,132419,696.1303162221006,408.35263304828885,16618.99,6.804741,1453.2601,2.1372762,17822.283,7.315322,0,,,,,696.1303162221006,0.0003510679,408.35263304828885,0.00038546667,0.009501817,0.037322428
2147.0483257236806,17821.13,7.316994,0.0029545417,132420,696.1317244197089,408.35011545037094,16620.213,6.8062963,1451.2582,2.1409986,17821.13,7.316994,0,,,,,696.1317244197089,0.0003509324,408.35011545037094,0.00038544374,0.010828227,0.03465294
2147.0552703422336,17818.932,7.3149247,0.002954719,132421,696.1313458087586,408.3515984935311,16615.184,6.8043714,1449.3618,2.1403978,17818.932,7.3149247,0,,,,,696.1313458087586,0.00035083067,408.3515984935311,0.0003852983,0.010505283,0.03544075
2147.0622149605542,17826.787,7.3158655,0.0029548958,132422,696.1299773789812,408.3509848639449,16623.244,6.8052464,1450.9344,2.1384926,17826.787,7.3158655,0,,,,,696.1299773789812,0.0003509078,408.3509848639449,0.0003854755,0.009351386,0.035402965
2147.069159578874,17821.867,7.3174415,0.0029550728,132423,696.1300390298052,408.35091948057004,16619.568,6.8067126,1453.6101,2.1420581,17821.867,7.3174415,0,,,,,696.1300390298052,0.0003509176,408.35091948057004,0.0003856608,0.00961476,0.035504274
2147.0761041971937,17824.568,7.3149147,0.0029552497,132424,696.1312180728273,408.34939405927577,16619.924,6.8043613,1451.3188,2.1379774,17824.568,7.3149147,0,,,,,696.1312180728273,0.00035074132,408.34939405927577,0.00038553687,0.010738835,0.03278166
2147.0830488152815,17804.562,7.3125243,0.0029554265,132425,696.1322007681865,408.3546383227296,16596.479,6.8021383,1455.5189,2.1394188,17804.562,7.3125243,0,,,,,696.1322007681865,0.00035152258,408.3546383227296,0.00038603708,0.011976553,0.039081424
2147.089993433369,17810.049,7.3135715,0.0029556032,132426,696.1317159870215,408.3521231511812,16608.975,6.8031125,1454.787,2.1389172,17810.049,7.3135715,0,,,,,696.1317159870215,0.0003509084,408.3521231511812,0.00038555125,0.010814226,0.036303427
2147.0969380514553,17833.188,7.319893,0.00295578,132427,696.1307141013192,408.3507397456439,16630.004,6.808993,1450.2598,2.139671,17833.188,7.319893,0,,,,,696.1307141013192,0.00035103748,408.3507397456439,0.0003857217,0.009850486,0.03481399
2147.10388266931,17809.492,7.312803,0.0029559564,132428,696.1314717818071,408.35205818320054,16607.389,6.8023973,1453.3204,2.1368108,17809.492,7.312803,0,,,,,696.1314717818071,0.00035104432,408.35205818320054,0.00038560262,0.011069395,0.03618711
2147.110827287165,17818.404,7.315433,0.0029561329,132429,696.1290007671909,408.35199991210015,16614.83,6.804844,1454.5973,2.1391232,17818.404,7.315433,0,,,,,696.1290007671909,0.00035117142,408.35199991210015,0.00038560395,0.008735543,0.03594443
2147.117771904786,17823.621,7.314577,0.0029563091,132430,696.1308727814833,408.3519800897672,16619.512,6.8040476,1449.4468,2.1369183,17823.621,7.314577,0,,,,,696.1308727814833,0.00035093992,408.3519800897672,0.00038553958,0.010239934,0.0365819
2147.1247165224077,17817.465,7.315499,0.0029564854,132431,696.1299079866523,408.3506715736285,16609.654,6.804905,1456.1836,2.1426218,17817.465,7.315499,0,,,,,696.1299079866523,0.00035105026,408.3506715736285,0.00038576886,0.008916822,0.03422793
2147.13166114003,17826.63,7.3156214,0.0029566616,132432,696.1316589775238,408.35170593163235,16624.424,6.8050194,1447.6677,2.1375256,17826.63,7.3156214,0,,,,,696.1316589775238,0.00035064502,408.35170593163235,0.0003853153,0.010895349,0.03559017
2147.138605757418,17818.055,7.3146653,0.0029568376,132433,696.1306031566459,408.35120808262764,16614.87,6.80413,1450.5881,2.1373186,17818.055,7.3146653,0,,,,,696.1306031566459,0.00035103672,408.35120808262764,0.00038565032,0.009842707,0.03585285
2147.1455503748075,17815.361,7.31653,0.0029570137,132434,696.1311618776083,408.3510068032039,16612.8,6.805865,1451.9698,2.1380982,17815.361,7.31653,0,,,,,696.1311618776083,0.00035100736,408.3510068032039,0.00038589843,0.010284747,0.035073318
2147.152494991964,17813.773,7.316619,0.0029571895,132435,696.1303703665142,408.3496640213093,16610.889,6.805948,1450.8202,2.1389365,17813.773,7.316619,0,,,,,696.1303703665142,0.00035126996,408.3496640213093,0.0003857491,0.010017948,0.033730436
2147.1594396091195,17810.498,7.312162,0.0029573652,132436,696.1300846308906,408.35095355909647,16608.402,6.801801,1446.7272,2.1364768,17810.498,7.312162,0,,,,,696.1300846308906,0.00035093,408.35095355909647,0.00038557302,0.009329698,0.035476316
2147.1663842262747,17821.01,7.3165216,0.002957541,132437,696.1321661861542,408.35276151443105,16618.55,6.8058567,1451.1685,2.140988,17821.01,7.3165216,0,,,,,696.1321661861542,0.00035099688,408.35276151443105,0.00038542406,0.011042146,0.03723547
2147.173328843198,17819.684,7.316986,0.0029577166,132438,696.1301070929284,408.35044547082776,16615.754,6.8062887,1455.7045,2.1391616,17819.684,7.316986,0,,,,,696.1301070929284,0.00035104912,408.35044547082776,0.00038568772,0.009374642,0.034375835
2147.1802734601215,17830.43,7.3155704,0.0029578921,132439,696.1305488622377,408.35150896719705,16625.406,6.8049717,1451.5961,2.1362116,17830.43,7.3155704,0,,,,,696.1305488622377,0.00035094755,408.35150896719705,0.0003853748,0.010450731,0.036380067
2147.1872180770442,17818.293,7.314712,0.0029580677,132440,696.1316916232626,408.35063326333966,16615.562,6.8041735,1452.921,2.1391125,17818.293,7.314712,0,,,,,696.1316916232626,0.0003508872,408.35063326333966,0.00038567893,0.011066306,0.03499733
2147.194162693734,17820.451,7.3138313,0.002958243,132441,696.1300647443536,408.3500865644559,16616.95,6.8033543,1451.2277,2.1347654,17820.451,7.3138313,0,,,,,696.1300647443536,0.00035088416,408.3500865644559,0.00038558277,0.009649529,0.034026783
2147.201107310425,17818.213,7.3164244,0.0029584183,132442,696.1317211540112,408.3523763195198,16616.207,6.805766,1453.7285,2.1405017,17818.213,7.3164244,0,,,,,696.1317211540112,0.00035087002,408.3523763195198,0.00038547977,0.0111250775,0.036690682
2147.2080519268825,17825.408,7.317328,0.0029585934,132443,696.1308105319941,408.3519901027065,16623.713,6.806607,1451.219,2.1427639,17825.408,7.317328,0,,,,,696.1308105319941,0.00035075788,408.3519901027065,0.00038529394,0.010136852,0.035740193
2147.214996543573,17826.492,7.3149357,0.0029587687,132444,696.1299326024352,408.3495641860625,16621.354,6.804381,1448.9015,2.1356175,17826.492,7.3149357,0,,,,,696.1299326024352,0.00035109103,408.3495641860625,0.00038546632,0.009327712,0.03381277
2147.221941159798,17816.49,7.316277,0.0029589436,132445,696.1302784829268,408.35055337390025,16613.324,6.8056293,1453.011,2.1416705,17816.49,7.316277,0,,,,,696.1302784829268,0.00035097834,408.35055337390025,0.00038564205,0.009720237,0.03423864
2147.2288857762546,17822.418,7.315792,0.0029591187,132446,696.1310260608903,408.3513404041129,16619.287,6.805178,1449.5433,2.1364846,17822.418,7.315792,0,,,,,696.1310260608903,0.0003508633,408.3513404041129,0.0003855006,0.009569297,0.035741407
2147.2358303924793,17825.271,7.3214426,0.0029592935,132447,696.13110387086,408.3503611812911,16623.027,6.810434,1449.3221,2.148956,17825.271,7.3214426,0,,,,,696.13110387086,0.00035098873,408.3503611812911,0.0003856753,0.010329524,0.035090785
2147.2427750084717,17815.273,7.314237,0.0029594682,132448,696.1303938155465,408.34982428225305,16610.602,6.803732,1451.106,2.1384132,17815.273,7.314237,0,,,,,696.1303938155465,0.00035105282,408.34982428225305,0.00038573064,0.010252255,0.033593602
2147.249719624463,17816.352,7.3131437,0.0029596428,132449,696.131156153356,408.35161535453625,16612.924,6.8027143,1447.3992,2.134672,17816.352,7.3131437,0,,,,,696.131156153356,0.00035119965,408.35161535453625,0.00038559255,0.010559903,0.03511497
2147.2566642404545,17840.865,7.31974,0.0029598174,132450,696.1310068214364,408.3523959465065,16634.383,6.8088503,1451.4135,2.1443038,17840.865,7.31974,0,,,,,696.1310068214364,0.00035075366,408.3523959465065,0.0003852736,0.010178202,0.03639504
2147.2636088564464,17815.912,7.3173504,0.002959992,132451,696.1298955312631,408.350250962989,16613.506,6.8066273,1452.1217,2.138602,17815.912,7.3173504,0,,,,,696.1298955312631,0.00035123053,408.350250962989,0.0003859647,0.009620292,0.033842824
2147.2705534722063,17817.693,7.3151484,0.0029601664,132452,696.13002458538,408.35113952402554,16612.738,6.804579,1452.1671,2.1378436,17817.693,7.3151484,0,,,,,696.13002458538,0.00035132884,408.35113952402554,0.00038565707,0.009087286,0.035487268
2147.2774980879644,17809.65,7.316541,0.0029603408,132453,696.1311381636455,408.3515709332755,16608.266,6.805875,1452.5906,2.1402051,17809.65,7.316541,0,,,,,696.1311381636455,0.00035123658,408.3515709332755,0.00038583486,0.01038911,0.035527132
2147.2844427034906,17813.27,7.3153844,0.002960515,132454,696.1300134690366,408.3512919091222,16611.482,6.8047986,1455.0164,2.138193,17813.27,7.3153844,0,,,,,696.1300134690366,0.00035116888,408.3512919091222,0.000385725,0.009173211,0.03495145
2147.2913873190173,17809.646,7.3153276,0.0029606891,132455,696.1300134375432,408.3514734005622,16608.602,6.8047457,1455.2587,2.1395059,17809.646,7.3153276,0,,,,,696.1300134375432,0.00035125876,408.3514734005622,0.0003855906,0.009461811,0.03507955
2147.298331934543,17821.07,7.3150425,0.0029608633,132456,696.1291703094636,408.3492672540318,16619.473,6.8044806,1450.683,2.1386347,17821.07,7.3150425,0,,,,,696.1291703094636,0.0003507994,408.3492672540318,0.00038551772,0.00932535,0.03348083
2147.305276549836,17817.385,7.3180733,0.0029610372,132457,696.1314675787651,408.35116714460463,16614.092,6.8072996,1450.0385,2.1448584,17817.385,7.3180733,0,,,,,696.1314675787651,0.00035108256,408.35116714460463,0.0003856087,0.010479998,0.035393253
2147.31222116513,17815.117,7.313878,0.0029612111,132458,696.1307791705494,408.3508182537048,16611.463,6.8033977,1450.0227,2.1367588,17815.117,7.313878,0,,,,,696.1307791705494,0.00035104604,408.3508182537048,0.00038559127,0.009696024,0.034607314
2147.31916578019,17817.746,7.315528,0.0029613848,132459,696.1302669929454,408.3505001822861,16615.945,6.8049326,1451.4662,2.1393292,17817.746,7.315528,0,,,,,696.1302669929454,0.00035080782,408.3505001822861,0.00038541504,0.009990523,0.03415596
2147.3261103952505,17811.377,7.3157015,0.0029615585,132460,696.1298422344116,408.3497169813982,16607.846,6.805094,1454.0065,2.1439128,17811.377,7.3157015,0,,,,,696.1298422344116,0.00035121187,408.3497169813982,0.00038562837,0.009026138,0.033875044
2147.333055010312,17812.729,7.3156085,0.0029617322,132461,696.1301784635847,408.3508958654221,16609.0,6.8050075,1456.0731,2.1401503,17812.729,7.3156085,0,,,,,696.1301784635847,0.00035119298,408.3508958654221,0.00038564473,0.00945081,0.03563253
2147.339999625372,17806.875,7.3165097,0.002961906,132462,696.1307759183258,408.3496742482668,16605.338,6.8058453,1455.7109,2.140122,17806.875,7.3165097,0,,,,,696.1307759183258,0.00035127535,408.3496742482668,0.0003860524,0.010424352,0.034186345
2147.3469442401993,17813.807,7.3145986,0.0029620794,132463,696.1303541974339,408.3510113516624,16608.033,6.8040676,1452.0125,2.1397886,17813.807,7.3145986,0,,,,,696.1303541974339,0.0003511624,408.3510113516624,0.00038562942,0.00945393,0.0354111
2147.3538888547937,17823.723,7.314831,0.0029622526,132464,696.1309591741299,408.348989308815,16621.955,6.804284,1450.1676,2.1365933,17823.723,7.314831,0,,,,,696.1309591741299,0.00035077304,408.348989308815,0.0003852613,0.0099921115,0.03270159
2147.360833469622,17813.604,7.315741,0.002962426,132465,696.131516799861,408.3513700731362,16611.04,6.8051305,1450.892,2.1438386,17813.604,7.315741,0,,,,,696.131516799861,0.0003509398,408.3513700731362,0.0003855944,0.010789262,0.036137316
2147.3677780842163,17805.629,7.3118386,0.0029625993,132466,696.1301319583501,408.3507893401141,16598.836,6.8015003,1454.3162,2.137694,17805.629,7.3118386,0,,,,,696.1301319583501,0.00035124112,408.3507893401141,0.00038574103,0.009398139,0.03486684
2147.3747226985784,17819.521,7.315783,0.0029627723,132467,696.1298319403744,408.3495951879771,16615.309,6.8051696,1450.1488,2.139482,17819.521,7.315783,0,,,,,696.1298319403744,0.00035120038,408.3495951879771,0.0003856395,0.009562717,0.033083744
2147.3816673129404,17817.652,7.318919,0.0029629453,132468,696.1308941041652,408.35000133646594,16615.547,6.808087,1449.5706,2.139715,17817.652,7.318919,0,,,,,696.1308941041652,0.00035154205,408.35000133646594,0.00038584654,0.00998767,0.03401252
2147.388611927302,17799.346,7.311547,0.0029631183,132469,696.1301941402861,408.3501587446974,16597.762,6.801229,1453.8057,2.1371489,17799.346,7.311547,0,,,,,696.1301941402861,0.00035134715,408.3501587446974,0.00038555506,0.010094304,0.034610935
2147.395556541665,17817.395,7.3145204,0.0029632912,132470,696.1304030478326,408.35005711023314,16614.7,6.803995,1450.2839,2.1363873,17817.395,7.3145204,0,,,,,696.1304030478326,0.00035106397,408.35005711023314,0.00038548926,0.009177517,0.034275625
2147.402501155794,17826.379,7.3172946,0.002963464,132471,696.1305820998291,408.3484371131211,16622.137,6.806576,1449.5276,2.1438994,17826.379,7.3172946,0,,,,,696.1305820998291,0.00035091361,408.3484371131211,0.00038543757,0.01026706,0.032319095
2147.40944576969,17817.227,7.315338,0.0029636365,132472,696.1307821455646,408.3516163821109,16612.111,6.804756,1454.4202,2.138826,17817.227,7.315338,0,,,,,696.1307821455646,0.0003509364,408.3516163821109,0.000385778,0.00996242,0.03566546
2147.4163903838194,17825.238,7.3172517,0.0029638093,132473,696.1298983443014,408.3493705693221,16616.428,6.8065357,1452.56,2.1392593,17825.238,7.3172517,0,,,,,696.1298983443014,0.0003507946,408.3493705693221,0.00038610777,0.00930408,0.032895807
2147.4233349977158,17826.44,7.315594,0.0029639818,132474,696.1303262601313,408.3513480897746,16621.719,6.804994,1452.0485,2.138677,17826.44,7.315594,0,,,,,696.1303262601313,0.00035094624,408.3513480897746,0.00038543728,0.009653967,0.034674797
2147.430279611379,17818.854,7.3184347,0.0029641541,132475,696.1303498522378,408.34845606588226,16615.268,6.8076363,1451.6974,2.1393366,17818.854,7.3184347,0,,,,,696.1303498522378,0.0003511051,408.34845606588226,0.00038585323,0.00942981,0.03222927
2147.437224225275,17828.018,7.315455,0.0029643266,132476,696.1301189051791,408.35148715169055,16622.023,6.8048644,1451.0206,2.1367972,17828.018,7.315455,0,,,,,696.1301189051791,0.00035089784,408.35148715169055,0.0003856187,0.0098308865,0.03575485
2147.4441688389384,17816.416,7.3137364,0.002964499,132477,696.1301071151778,408.3502346285489,16611.383,6.8032656,1451.1656,2.1355681,17816.416,7.3137364,0,,,,,696.1301071151778,0.0003512445,408.3502346285489,0.0003855308,0.0096028205,0.03432365
2147.451113452369,17829.955,7.319289,0.002964671,132478,696.1298822209109,408.34877748896844,16623.648,6.808431,1449.1002,2.1487055,17829.955,7.319289,0,,,,,696.1298822209109,0.00035075663,408.34877748896844,0.00038543163,0.009201166,0.03259935
2147.4580580658003,17831.207,7.314792,0.002964843,132479,696.1316131876202,408.35029955484464,16626.8,6.804248,1449.2458,2.1351976,17831.207,7.314792,0,,,,,696.1316131876202,0.00035082726,408.35029955484464,0.00038529863,0.010976887,0.034670703
2147.465002679231,17821.273,7.3152957,0.0029650151,132480,696.1305762796283,408.35010705728865,16616.926,6.804716,1450.8411,2.1376164,17821.273,7.3152957,0,,,,,696.1305762796283,0.00035100407,408.35010705728865,0.00038540558,0.009710969,0.034064926
2147.471947292429,17828.979,7.316273,0.002965187,132481,696.1302086847078,408.3496372304615,16624.236,6.805626,1450.931,2.1382866,17828.979,7.316273,0,,,,,696.1302086847078,0.00035080776,408.3496372304615,0.00038547209,0.009727632,0.033314187
2147.478891905859,17822.906,7.313807,0.002965359,132482,696.1301848908977,408.3506655296222,16617.617,6.8033314,1450.1992,2.1345043,17822.906,7.313807,0,,,,,696.1301848908977,0.00035083332,408.3506655296222,0.00038557503,0.009600404,0.034764502
2147.4858365188243,17823.363,7.314291,0.0029655306,132483,696.1296149182158,408.34847870650964,16615.146,6.8037815,1448.3502,2.1352599,17823.363,7.314291,0,,,,,696.1296149182158,0.00035090683,408.34847870650964,0.00038596592,0.009532066,0.03195203
2147.492781132022,17808.037,7.310775,0.0029657024,132484,696.1308376087011,408.35059825553714,16602.45,6.800511,1447.5386,2.1351776,17808.037,7.310775,0,,,,,696.1308376087011,0.00035103646,408.35059825553714,0.00038577907,0.009713354,0.03488642
2147.499725744987,17828.957,7.314057,0.002965874,132485,696.1288274681843,408.34970345946374,16624.926,6.803564,1447.1833,2.133731,17828.957,7.314057,0,,,,,696.1288274681843,0.00035073044,408.34970345946374,0.0003851229,0.0084551545,0.033267226
2147.50667035772,17821.467,7.3143024,0.0029660454,132486,696.1291541729908,408.34833870899655,16617.113,6.8037925,1450.7666,2.136853,17821.467,7.3143024,0,,,,,696.1291541729908,0.00035081754,408.34833870899655,0.00038574103,0.009188084,0.03249711
2147.513614970685,17814.463,7.3128324,0.002966217,132487,696.1297220933062,408.35050360467176,16610.03,6.802425,1449.6753,2.1358497,17814.463,7.3128324,0,,,,,696.1297220933062,0.00035095945,408.35050360467176,0.00038548326,0.008590618,0.03381079
2147.520559583184,17824.133,7.3192024,0.0029663881,132488,696.1308072606276,408.349903766771,16618.79,6.8083506,1451.5139,2.1457446,17824.133,7.3192024,0,,,,,696.1308072606276,0.00035098518,408.349903766771,0.00038570334,0.009849391,0.033952802
2147.5275041959158,17817.02,7.3151093,0.0029665595,132489,696.1323634619521,408.3495391363863,16612.62,6.804543,1453.5829,2.140602,17817.02,7.3151093,0,,,,,696.1323634619521,0.00035103827,408.3495391363863,0.0003855783,0.011503662,0.03382725
2147.534448808415,17814.162,7.3136635,0.0029667306,132490,696.1306772996048,408.3496723592036,16610.842,6.803198,1451.6836,2.136415,17814.162,7.3136635,0,,,,,696.1306772996048,0.00035113862,408.3496723592036,0.00038567616,0.009699757,0.03420641
2147.5413934209146,17814.3,7.3140755,0.0029669018,132491,696.1285574022095,408.3485168821866,16611.129,6.803581,1450.6222,2.1366942,17814.3,7.3140755,0,,,,,696.1285574022095,0.000350983,408.3485168821866,0.00038575626,0.008734959,0.03216245
2147.5483380334135,17817.354,7.31463,0.002967073,132492,696.1301924164386,408.3497470815783,16610.096,6.804097,1450.4933,2.1391108,17817.354,7.31463,0,,,,,696.1301924164386,0.00035137308,408.3497470815783,0.0003857813,0.009631866,0.033889174
2147.5552826456806,17824.572,7.3140607,0.0029672438,132493,696.1298510117122,408.35024410956817,16620.47,6.8035674,1445.4344,2.134112,17824.572,7.3140607,0,,,,,696.1298510117122,0.00035096394,408.35024410956817,0.00038528466,0.009347349,0.034128163
2147.562227257714,17818.842,7.3143344,0.0029674144,132494,696.1312322868342,408.3491471022613,16614.518,6.803822,1449.3217,2.135488,17818.842,7.3143344,0,,,,,696.1312322868342,0.0003509819,408.3491471022613,0.00038569546,0.010207688,0.03400146
2147.569171869981,17812.373,7.3142614,0.0029675853,132495,696.1308846935782,408.34903659676553,16610.281,6.8037543,1452.8772,2.1394026,17812.373,7.3142614,0,,,,,696.1308846935782,0.0003508933,408.34903659676553,0.00038555762,0.009620518,0.03278586
2147.576116482015,17824.62,7.3141217,0.002967756,132496,696.1312405184559,408.350777119678,16620.965,6.803624,1446.279,2.1355233,17824.62,7.3141217,0,,,,,696.1312405184559,0.00035057083,408.350777119678,0.00038547747,0.009911815,0.034279536
2147.5830610938156,17807.97,7.3144145,0.0029679264,132497,696.1304216336807,408.34881980897654,16605.645,6.8038964,1454.2727,2.139498,17807.97,7.3144145,0,,,,,696.1304216336807,0.00035093614,408.34881980897654,0.00038580853,0.009956366,0.033535674
2147.590005705849,17824.598,7.314959,0.002968097,132498,696.1294162553337,408.3497338134386,16619.873,6.8044033,1449.7847,2.1370826,17824.598,7.314959,0,,,,,696.1294162553337,0.00035097857,408.3497338134386,0.00038544714,0.008948102,0.03424894
2147.59695031765,17828.564,7.3147597,0.0029682675,132499,696.1310764707443,408.3484999701868,16624.355,6.804218,1448.9669,2.136693,17828.564,7.3147597,0,,,,,696.1310764707443,0.00035083006,408.3484999701868,0.00038546117,0.00989062,0.031567544
2147.6038949292183,17807.924,7.3131824,0.0029684377,132500,696.1290083547742,408.34895920431404,16603.977,6.8027506,1451.3949,2.1367984,17807.924,7.3131824,0,,,,,696.1290083547742,0.0003512263,408.34895920431404,0.00038570556,0.007859539,0.032738667
2147.6108395410183,17822.96,7.3158555,0.0029686082,132501,696.1297565653884,408.3503576597109,16618.932,6.805237,1447.0734,2.1428401,17822.96,7.3158555,0,,,,,696.1297565653884,0.00035081527,408.3503576597109,0.00038534493,0.009637701,0.034359846
2147.617784152354,17817.883,7.316423,0.0029687781,132502,696.1302030286632,408.35036112992844,16613.105,6.8057647,1452.6263,2.1376653,17817.883,7.316423,0,,,,,696.1302030286632,0.00035144988,408.35036112992844,0.00038574063,0.009215415,0.03446672
2147.624728763922,17814.438,7.3151093,0.0029689483,132503,696.1301069810312,408.3485771666182,16610.818,6.804543,1452.498,2.1411145,17814.438,7.3151093,0,,,,,696.1301069810312,0.00035100622,408.3485771666182,0.0003856486,0.009534081,0.03295532
2147.6316733752574,17813.678,7.313508,0.0029691183,132504,696.1302823534832,408.35000692786804,16608.062,6.803053,1452.0371,2.137822,17813.678,7.313508,0,,,,,696.1302823534832,0.00035103539,408.35000692786804,0.000385642,0.008697314,0.033648428
2147.638617986592,17807.42,7.315448,0.0029692883,132505,696.1300004761073,408.3497194415215,16604.855,6.8048577,1450.9424,2.1436229,17807.42,7.315448,0,,,,,696.1300004761073,0.0003512746,408.3497194415215,0.00038555483,0.009539421,0.033966843
2147.645562597695,17825.414,7.3168874,0.002969458,132506,696.1300957707887,408.3474579171229,16621.248,6.8061967,1450.4634,2.1413991,17825.414,7.3168874,0,,,,,696.1300957707887,0.00035075346,408.3474579171229,0.00038540666,0.009236681,0.03155256
2147.6525072090303,17821.25,7.3176455,0.002969628,132507,696.1304353706242,408.349927962535,16618.488,6.806902,1451.0808,2.1437776,17821.25,7.3176455,0,,,,,696.1304353706242,0.0003508369,408.349927962535,0.00038561347,0.00958897,0.034039937
2147.659451819899,17822.357,7.317008,0.0029697975,132508,696.1286560164369,408.34853823841246,16618.844,6.806309,1453.8844,2.13829,17822.357,7.317008,0,,,,,696.1286560164369,0.0003512288,408.34853823841246,0.00038552398,0.007852227,0.032408074
2147.6663964310023,17822.842,7.3145547,0.0029699672,132509,696.1302448556849,408.3496957519735,16617.943,6.804027,1450.1786,2.1382928,17822.842,7.3145547,0,,,,,696.1302448556849,0.000350885,408.3496957519735,0.00038546816,0.009482892,0.03368505
2147.673341041872,17824.383,7.3162537,0.0029701367,132510,696.1297431701228,408.3499893031536,16620.043,6.8056073,1449.1005,2.139877,17824.383,7.3162537,0,,,,,696.1297431701228,0.0003510561,408.3499893031536,0.00038555457,0.008653935,0.034299
2147.6802856525082,17818.885,7.3156843,0.002970306,132511,696.1298194449747,408.34819344047304,16614.076,6.8050776,1450.283,2.1401048,17818.885,7.3156843,0,,,,,696.1298194449747,0.00035087345,408.34819344047304,0.00038569182,0.008914018,0.031924106
2147.6872302633783,17806.57,7.3117833,0.0029704755,132512,696.1306297801244,408.34894008398265,16604.053,6.801449,1450.4133,2.1360967,17806.57,7.3117833,0,,,,,696.1306297801244,0.00035095715,408.34894008398265,0.00038557829,0.009941055,0.03328143
2147.6941748740146,17810.227,7.3125415,0.0029706447,132513,696.1302654815231,408.348339126205,16605.643,6.8021545,1452.3134,2.1361449,17810.227,7.3125415,0,,,,,696.1302654815231,0.0003509472,408.348339126205,0.00038587034,0.009603409,0.0327334
2147.701119484418,17812.736,7.3212485,0.0029708138,132514,696.129414266271,408.3485720951908,16608.379,6.810254,1450.0874,2.1479402,17812.736,7.3212485,0,,,,,696.129414266271,0.00035134927,408.3485720951908,0.00038620955,0.008784609,0.032101978
2147.7080640950544,17814.53,7.313862,0.002970983,132515,696.1306503382797,408.35056630064025,16609.83,6.8033824,1451.3174,2.1390367,17814.53,7.313862,0,,,,,696.1306503382797,0.00035106498,408.35056630064025,0.0003857185,0.010069566,0.03453324
2147.715008705459,17821.139,7.3199587,0.002971152,132516,696.1280471245552,408.3471339357583,16616.562,6.809054,1450.1074,2.14155,17821.139,7.3199587,0,,,,,696.1280471245552,0.00035103413,408.3471339357583,0.0003860253,0.0073677623,0.030696627
2147.7219533156294,17822.129,7.315243,0.0029713209,132517,696.129838886105,408.35047368874586,16617.992,6.8046675,1452.508,2.137845,17822.129,7.315243,0,,,,,696.129838886105,0.0003508591,408.35047368874586,0.0003855238,0.009332093,0.03519097
2147.728897925801,17822.441,7.3165617,0.0029714897,132518,696.1298372543971,408.3479087557071,16616.977,6.8058934,1448.6531,2.1389687,17822.441,7.3165617,0,,,,,696.1298372543971,0.00035108076,408.3479087557071,0.00038550422,0.009038148,0.032338068
2147.7358425359726,17820.24,7.3171825,0.0029716585,132519,696.1298125141561,408.348745295522,16615.76,6.806472,1449.5084,2.1451993,17820.24,7.3171825,0,,,,,696.1298125141561,0.0003509733,408.348745295522,0.00038549234,0.008771152,0.032424226
2147.742787146143,17816.2,7.3163295,0.0029718273,132520,696.1295220666632,408.34747641450224,16610.826,6.805678,1451.1821,2.1399527,17816.2,7.3163295,0,,,,,696.1295220666632,0.000351161,408.34747641450224,0.000385834,0.00863114,0.032410003
2147.749731756081,17826.62,7.316554,0.0029719959,132521,696.1293908301584,408.34976742763706,16620.93,6.8058863,1450.2151,2.1376288,17826.62,7.316554,0,,,,,696.1293908301584,0.0003512047,408.34976742763706,0.00038528617,0.009039988,0.033979714
2147.7566763660197,17824.957,7.315039,0.0029721644,132522,696.1304538212169,408.34972763078656,16619.82,6.8044777,1448.3248,2.1369798,17824.957,7.315039,0,,,,,696.1304538212169,0.00035093338,408.34972763078656,0.00038547508,0.009893462,0.033003483
2147.763620975725,17829.918,7.31803,0.0029723328,132523,696.1299013884473,408.34809330634164,16624.846,6.8072596,1453.0875,2.1429694,17829.918,7.31803,0,,,,,696.1299013884473,0.00035099222,408.34809330634164,0.00038531865,0.008794181,0.032412127
2147.7705655854297,17817.914,7.317942,0.002972501,132524,696.1288010017527,408.3479250937426,16615.455,6.807178,1450.7837,2.1472144,17817.914,7.317942,0,,,,,696.1288010017527,0.00035093716,408.3479250937426,0.0003853621,0.008303712,0.032138653
2147.7775101951365,17834.975,7.315627,0.0029726694,132525,696.1306006698478,408.34942576932923,16630.344,6.805024,1445.5481,2.135501,17834.975,7.315627,0,,,,,696.1306006698478,0.0003507522,408.34942576932923,0.00038534895,0.009305645,0.032970358
2147.784454804609,17810.646,7.3164763,0.0029728375,132526,696.1304328492168,408.34947378700696,16605.848,6.8058143,1451.7521,2.144628,17810.646,7.3164763,0,,,,,696.1304328492168,0.00035103975,408.34947378700696,0.00038575198,0.009420664,0.03355858
2147.791399414081,17821.518,7.3165736,0.0029730056,132527,696.1296180836242,408.3479975453783,16618.713,6.805905,1447.9211,2.1452787,17821.518,7.3165736,0,,,,,696.1296180836242,0.00035072962,408.3479975453783,0.00038550427,0.009241667,0.03215677
2147.798344023553,17832.531,7.3164706,0.0029731737,132528,696.1294755052584,408.3488603975706,16628.182,6.8058095,1445.457,2.1343436,17832.531,7.3164706,0,,,,,696.1294755052584,0.00035084045,408.3488603975706,0.00038534508,0.008759632,0.032795954
2147.8052886327932,17836.305,7.31655,0.0029733416,132529,696.1294040040575,408.3476053759851,16626.65,6.805883,1451.3845,2.1382036,17836.305,7.31655,0,,,,,696.1294040040575,0.0003507041,408.3476053759851,0.0003856149,0.009010365,0.031176673
2147.812233242033,17828.125,7.3211145,0.0029735095,132530,696.129452588316,408.350039659914,16623.707,6.810129,1451.5815,2.1471646,17828.125,7.3211145,0,,,,,696.129452588316,0.00035086222,408.350039659914,0.00038543507,0.008414514,0.03313886
2147.819177851272,17817.275,7.3161626,0.0029736774,132531,696.1295190674917,408.34805932937536,16614.562,6.8055224,1449.3429,2.141463,17817.275,7.3161626,0,,,,,696.1295190674917,0.00035106743,408.34805932937536,0.00038561012,0.008478735,0.03239521
2147.8261224602797,17821.076,7.312722,0.002973845,132532,696.1292669628608,408.3472813665553,16615.945,6.8023224,1448.558,2.1350021,17821.076,7.312722,0,,,,,696.1292669628608,0.00035083437,408.3472813665553,0.00038538946,0.00823237,0.030628033
2147.8330670692867,17822.379,7.316086,0.0029740126,132533,696.129314829245,408.35010374206473,16617.498,6.8054514,1448.8982,2.138827,17822.379,7.316086,0,,,,,696.129314829245,0.0003513431,408.35010374206473,0.00038543582,0.008705202,0.033690173
2147.840011678293,17825.086,7.317484,0.0029741803,132534,696.1288978825464,408.34755009053015,16618.555,6.8067517,1451.0356,2.144784,17825.086,7.317484,0,,,,,696.1288978825464,0.00035072223,408.34755009053015,0.00038564633,0.008234889,0.031043194
2147.8469562870678,17809.22,7.3135433,0.0029743477,132535,696.1302112279717,408.34965001700033,16606.916,6.803086,1449.0198,2.136734,17809.22,7.3135433,0,,,,,696.1302112279717,0.00035108934,408.34965001700033,0.00038575547,0.009555503,0.033617157
2147.853900895842,17811.83,7.3130636,0.002974515,132536,696.1294591057928,408.3476238608678,16609.19,6.80264,1448.6807,2.1383712,17811.83,7.3130636,0,,,,,696.1294591057928,0.0003509783,408.3476238608678,0.0003855847,0.008459959,0.031397443
2147.8608455046156,17815.225,7.314155,0.0029746825,132537,696.1292739414683,408.3483421089006,16612.203,6.803655,1453.4392,2.1364803,17815.225,7.314155,0,,,,,696.1292739414683,0.00035104054,408.3483421089006,0.00038570352,0.008660681,0.032044437
2147.867790113157,17823.447,7.314519,0.0029748497,132538,696.1292319250207,408.34866207681864,16618.363,6.8039937,1449.6075,2.1366596,17823.447,7.314519,0,,,,,696.1292319250207,0.0003507799,408.34866207681864,0.00038534327,0.00805938,0.03248895
2147.8747347216986,17812.775,7.3134527,0.0029750168,132539,696.1292373396891,408.34919165074325,16609.889,6.8030024,1449.9229,2.1384192,17812.775,7.3134527,0,,,,,696.1292373396891,0.00035092403,408.34919165074325,0.00038551653,0.008542327,0.033151954
2147.8816793300066,17815.988,7.3138556,0.0029751838,132540,696.1299137104997,408.34708123112557,16611.773,6.8033767,1450.6404,2.1380365,17815.988,7.3138556,0,,,,,696.1299137104997,0.0003509288,408.34708123112557,0.00038570617,0.008832625,0.03104084
2147.8886239383146,17835.684,7.3155293,0.0029753507,132541,696.1275933754421,408.348636013473,16628.984,6.804934,1448.1447,2.135522,17835.684,7.3155293,0,,,,,696.1275933754421,0.00035074077,408.348636013473,0.00038520046,0.0064815828,0.031974576
2147.8955685466235,17825.834,7.314583,0.0029755177,132542,696.1300823775708,408.348684190233,16620.947,6.804053,1449.4963,2.136147,17825.834,7.314583,0,,,,,696.1300823775708,0.0003508297,408.348684190233,0.00038549968,0.009603503,0.033007465
2147.9025131549315,17831.469,7.314327,0.0029756846,132543,696.1285927598541,408.3482458105164,16624.936,6.803815,1447.2405,2.135463,17831.469,7.314327,0,,,,,696.1285927598541,0.00035070177,408.3482458105164,0.0003852728,0.007379257,0.032502253
2147.9094577630067,17826.473,7.3128347,0.0029758513,132544,696.1303076421302,408.3480352848381,16621.398,6.8024273,1445.517,2.1336787,17826.473,7.3128347,0,,,,,696.1303076421302,0.0003506814,408.3480352848381,0.00038539537,0.009486813,0.03164786
2147.9164023710828,17823.299,7.3142715,0.002976018,132545,696.130266774342,408.348490580685,16617.34,6.8037634,1447.4213,2.1366346,17823.299,7.3142715,0,,,,,696.130266774342,0.00035088806,408.348490580685,0.0003851902,0.009581995,0.032844882
2147.923346978926,17829.445,7.316521,0.0029761845,132546,696.1293774395413,408.3474112881322,16625.135,6.805856,1451.7971,2.1382203,17829.445,7.316521,0,,,,,696.1293774395413,0.00035078244,408.3474112881322,0.00038546507,0.0084186345,0.03179726
2147.9302915867684,17822.1,7.3169303,0.002976351,132547,696.1285153054215,408.34822467488266,16616.955,6.8062367,1451.7258,2.138552,17822.1,7.3169303,0,,,,,696.1285153054215,0.00035090456,408.34822467488266,0.00038557727,0.0070997905,0.032231413
2147.9372361946116,17814.83,7.3187165,0.0029765174,132548,696.1303540084484,408.349261374819,16611.586,6.8078985,1455.707,2.1395504,17814.83,7.3187165,0,,,,,696.1303540084484,0.00035137802,408.349261374819,0.00038589252,0.009134037,0.03343221
2147.9441808022216,17818.033,7.3152995,0.0029766837,132549,696.1287189177682,408.3477729760302,16612.27,6.8047194,1450.7865,2.1401649,17818.033,7.3152995,0,,,,,696.1287189177682,0.0003509639,408.3477729760302,0.00038575055,0.0076484205,0.03157512
2147.9511254098306,17813.783,7.3115563,0.00297685,132550,696.1288036528143,408.3466702338954,16609.434,6.801238,1445.5476,2.135132,17813.783,7.3115563,0,,,,,696.1288036528143,0.00035074932,408.3466702338954,0.0003857556,0.008140975,0.029970229
2147.958070017441,17834.918,7.318757,0.0029770161,132551,696.1290123997948,408.34852317622654,16630.094,6.8079357,1451.2592,2.135997,17834.918,7.318757,0,,,,,696.1290123997948,0.00035091434,408.34852317622654,0.00038563958,0.008612921,0.032458924
2147.9650146248187,17823.637,7.3137913,0.0029771822,132552,696.1290298139514,408.34952945311005,16620.186,6.803317,1448.8644,2.135313,17823.637,7.3137913,0,,,,,696.1290298139514,0.00035084374,408.34952945311005,0.0003852656,0.008606217,0.03428587
2147.9719592321953,17814.555,7.316049,0.0029773482,132553,696.1296650123261,408.3476993335148,16610.41,6.805417,1454.8007,2.1454253,17814.555,7.316049,0,,,,,696.1296650123261,0.0003508388,408.3476993335148,0.0003854609,0.008760649,0.031235699
2147.978903839572,17828.541,7.315115,0.0029775142,132554,696.1285380442216,408.3475452112921,16624.19,6.8045483,1445.516,2.138512,17828.541,7.315115,0,,,,,696.1285380442216,0.000350796,408.3475452112921,0.00038523294,0.0077002267,0.031186529
2147.985848446717,17823.047,7.3170385,0.00297768,132555,696.1284644298003,408.34636255289416,16616.854,6.8063374,1453.7458,2.1397817,17823.047,7.3170385,0,,,,,696.1284644298003,0.0003511104,408.34636255289416,0.00038555835,0.0077854777,0.030289238
2147.992793053861,17819.734,7.3159776,0.0029778457,132556,696.1288775997886,408.34714305219626,16615.502,6.805351,1450.6957,2.1399071,17819.734,7.3159776,0,,,,,696.1288775997886,0.00035112872,408.34714305219626,0.00038556178,0.008091749,0.031101286
2147.9997376610045,17816.695,7.315297,0.0029780115,132557,696.12903767936,408.34972016780284,16613.143,6.8047175,1450.7529,2.138341,17816.695,7.315297,0,,,,,696.12903767936,0.0003509175,408.34972016780284,0.00038556778,0.008440651,0.0338065
2148.0066822679164,17828.717,7.314676,0.002978177,132558,696.1299797061473,408.34899709181167,16623.385,6.8041396,1444.7686,2.1343238,17828.717,7.314676,0,,,,,696.1299797061473,0.00035077974,408.34899709181167,0.00038540218,0.00919418,0.03258782
2148.013626874828,17833.436,7.317598,0.0029783426,132559,696.1300489933725,408.34784588981904,16628.79,6.806858,1447.321,2.137542,17833.436,7.317598,0,,,,,696.1300489933725,0.0003508814,408.34784588981904,0.00038542383,0.008524955,0.03091678
2148.0205714817394,17809.133,7.3135242,0.0029785081,132560,696.128648515221,408.3475188117055,16605.354,6.8030686,1453.4872,2.1403575,17809.133,7.3135242,0,,,,,696.128648515221,0.00035110512,408.3475188117055,0.00038571842,0.007675116,0.031274647
2148.0275160884185,17829.752,7.318177,0.0029786734,132561,696.1296617651965,408.34746605919355,16626.035,6.807397,1447.1685,2.1369627,17829.752,7.318177,0,,,,,696.1296617651965,0.0003508987,408.34746605919355,0.00038585617,0.008039559,0.031525403
2148.0344606950966,17829.906,7.316425,0.0029788387,132562,696.1292970762441,408.34822238587776,16623.947,6.8057666,1447.2228,2.1396055,17829.906,7.316425,0,,,,,696.1292970762441,0.0003508961,408.34822238587776,0.00038535858,0.008941776,0.03257049
2148.041405301775,17816.654,7.3165574,0.002979004,132563,696.1288156701922,408.34782295152326,16611.38,6.80589,1453.4244,2.1401134,17816.654,7.3165574,0,,,,,696.1288156701922,0.00035127273,408.34782295152326,0.00038574828,0.007905725,0.031480517
2148.048349908221,17811.078,7.3165417,0.0029791691,132564,696.1298737485426,408.34876467615004,16605.36,6.8058753,1452.7915,2.1478963,17811.078,7.3165417,0,,,,,696.1298737485426,0.00035125943,408.34876467615004,0.00038562977,0.008481148,0.032316156
2148.0552945146674,17809.273,7.315418,0.0029793342,132565,696.1297011411018,408.3468388323433,16606.354,6.80483,1452.937,2.1393929,17809.273,7.315418,0,,,,,696.1297011411018,0.0003511212,408.3468388323433,0.00038595987,0.008262369,0.030286858
2148.06223912088,17822.816,7.315786,0.002979499,132566,696.1294159471993,408.3486495358412,16619.373,6.8051724,1447.7368,2.13836,17822.816,7.315786,0,,,,,696.1294159471993,0.00035098402,408.3486495358412,0.00038548978,0.009106162,0.03234236
2148.0691837273253,17819.19,7.3167987,0.0029796641,132567,696.1292988808586,408.34787724628376,16616.05,6.806114,1451.5714,2.142194,17819.19,7.3167987,0,,,,,696.1292988808586,0.0003509961,408.34787724628376,0.00038548931,0.008359807,0.031219285
2148.0761283335387,17824.627,7.3135715,0.002979829,132568,696.1295266068807,408.3475320016558,16619.682,6.8031125,1448.8313,2.136342,17824.627,7.3135715,0,,,,,696.1295266068807,0.0003508238,408.3475320016558,0.00038538213,0.00831683,0.030955864
2148.0830729395184,17815.504,7.3149366,0.0029799936,132569,696.1293430745508,408.3484390132469,16613.182,6.8043823,1451.0303,2.1370304,17815.504,7.3149366,0,,,,,696.1293430745508,0.00035108163,408.3484390132469,0.00038565104,0.008441725,0.032522786
2148.090017545498,17822.354,7.3177414,0.0029801582,132570,696.1296727204395,408.34756381978445,16618.28,6.806991,1448.2323,2.1495044,17822.354,7.3177414,0,,,,,696.1296727204395,0.00035074778,408.34756381978445,0.0003853939,0.009031916,0.031008117
2148.0969621514787,17821.99,7.320239,0.0029803228,132571,696.127834310543,408.34637639390786,16616.74,6.8093147,1451.0468,2.1499283,17821.99,7.320239,0,,,,,696.127834310543,0.00035093806,408.34637639390786,0.00038568547,0.0071569295,0.029984705
2148.1039067574593,17814.078,7.3170385,0.0029804874,132572,696.1291658119819,408.34834633512116,16609.676,6.8063374,1450.5667,2.140484,17814.078,7.3170385,0,,,,,696.1291658119819,0.00035119688,408.34834633512116,0.00038601816,0.008750337,0.032371335
2148.110851363206,17817.947,7.3138366,0.0029806518,132573,696.1290372213896,408.348094529677,16613.875,6.803359,1452.7214,2.137494,17817.947,7.3138366,0,,,,,696.1290372213896,0.00035095392,408.348094529677,0.00038555404,0.007701375,0.031815484
2148.117795968954,17810.291,7.313554,0.0029808162,132574,696.1291867867523,408.3478489149749,16605.92,6.8030963,1448.6926,2.1422026,17810.291,7.313554,0,,,,,696.1291867867523,0.0003508659,408.3478489149749,0.0003856766,0.008414187,0.030790789
2148.1247405744684,17814.158,7.312837,0.0029809803,132575,696.1287734576185,408.34687535976315,16609.977,6.802429,1446.9971,2.136084,17814.158,7.312837,0,,,,,696.1287734576185,0.00035099027,408.34687535976315,0.00038548541,0.007412083,0.030533986
2148.131685179982,17828.182,7.315432,0.0029811445,132576,696.1292295492341,408.34865922538813,16623.115,6.804843,1447.0538,2.1353295,17828.182,7.315432,0,,,,,696.1292295492341,0.00035093364,408.34865922538813,0.00038538338,0.008275034,0.032394283
2148.138629785497,17831.451,7.316807,0.0029813086,132577,696.128596197684,408.3462876648386,16626.98,6.806122,1447.2654,2.1381655,17831.451,7.316807,0,,,,,696.128596197684,0.00035100713,408.3462876648386,0.00038522494,0.00829708,0.030436778
2148.1455743910115,17820.021,7.31602,0.0029814728,132578,696.1298071528387,408.3474578258044,16613.309,6.8053904,1451.2266,2.14099,17820.021,7.31602,0,,,,,696.1298071528387,0.00035124907,408.3474578258044,0.0003856723,0.008872518,0.031186314
2148.152518996293,17814.309,7.3142924,0.0029816367,132579,696.1285273715274,408.34808996259767,16609.861,6.803783,1450.9222,2.13988,17814.309,7.3142924,0,,,,,696.1285273715274,0.00035111324,408.34808996259767,0.00038564194,0.0069313496,0.031919442
2148.1594636015743,17815.576,7.3138766,0.0029818006,132580,696.1280564634325,408.34704948467504,16610.35,6.803396,1452.5378,2.138378,17815.576,7.3138766,0,,,,,696.1280564634325,0.00035088346,408.34704948467504,0.0003855397,0.0076527945,0.030867876
2148.1664082066236,17820.924,7.316039,0.0029819643,132581,696.1297836229502,408.34692007751494,16615.914,6.8054075,1448.5072,2.141065,17820.924,7.316039,0,,,,,696.1297836229502,0.00035119936,408.34692007751494,0.00038556368,0.008479483,0.029733788
2148.1733528116724,17822.291,7.3145995,0.002982128,132582,696.1290382346015,408.34743179912215,16614.371,6.8040686,1451.0752,2.1400034,17822.291,7.3145995,0,,,,,696.1290382346015,0.00035091044,408.34743179912215,0.00038564918,0.00753842,0.031205801
2148.1802974167204,17812.135,7.3116846,0.0029822916,132583,696.1301853454913,408.34899493319494,16603.537,6.8013573,1449.7269,2.1367457,17812.135,7.3116846,0,,,,,696.1301853454913,0.00035113472,408.34899493319494,0.00038580465,0.009513342,0.032981575
2148.18724202177,17839.93,7.3196936,0.0029824553,132584,696.1291088012626,408.3481276780335,16632.777,6.8088074,1448.842,2.1434278,17839.93,7.3196936,0,,,,,696.1291088012626,0.00035085727,408.3481276780335,0.00038536082,0.008482791,0.03206483
2148.194186626586,17821.867,7.3150983,0.0029826188,132585,696.1289995350584,408.3459129160199,16616.074,6.8045325,1449.1003,2.1365235,17821.867,7.3150983,0,,,,,696.1289995350584,0.0003510163,408.3459129160199,0.00038569976,0.007954602,0.029240517
2148.201131231169,17814.35,7.3122535,0.002982782,132586,696.128267922408,408.3463877936051,16607.932,6.8018866,1447.8485,2.1386442,17814.35,7.3122535,0,,,,,696.128267922408,0.00035088803,408.3463877936051,0.00038566705,0.0075012813,0.029715886
2148.2080758359853,17827.248,7.316538,0.0029829454,132587,696.1281077808911,408.3475599291219,16622.465,6.805872,1453.469,2.13786,17827.248,7.316538,0,,,,,696.1281077808911,0.0003510119,408.3475599291219,0.00038544476,0.0072624222,0.030670993
2148.215020440568,17817.455,7.314709,0.0029831086,132588,696.1275935566892,408.3480246211415,16613.19,6.8041706,1449.565,2.1399758,17817.455,7.314709,0,,,,,696.1275935566892,0.00035087304,408.3480246211415,0.0003856092,0.0070694885,0.031831425
2148.2219650451507,17818.285,7.312157,0.0029832718,132589,696.1289189314034,408.34593845059544,16612.46,6.801797,1448.5676,2.1346037,17818.285,7.312157,0,,,,,696.1289189314034,0.0003509909,408.34593845059544,0.00038538664,0.007609574,0.029665114
2148.2289096495015,17806.436,7.313841,0.0029834348,132590,696.1292370805481,408.3471373965078,16601.84,6.803363,1448.5797,2.1383364,17806.436,7.313841,0,,,,,696.1292370805481,0.00035120352,408.3471373965078,0.00038595014,0.008773798,0.030899765
2148.2358542538523,17817.566,7.314248,0.0029835978,132591,696.1285168237406,408.34633839860845,16611.623,6.803742,1451.8441,2.139282,17817.566,7.314248,0,,,,,696.1285168237406,0.00035082173,408.34633839860845,0.00038560375,0.008030927,0.030532759
2148.242798858202,17829.535,7.315616,0.0029837608,132592,696.1287157005602,408.34831861953035,16622.94,6.8050146,1450.6405,2.1376295,17829.535,7.315616,0,,,,,696.1287157005602,0.00035068614,408.34831861953035,0.00038548477,0.0075221257,0.030876033
2148.249743462552,17833.889,7.3170776,0.0029839238,132593,696.1288434340858,408.3471887355132,16627.62,6.8063736,1448.4293,2.1368918,17833.889,7.3170776,0,,,,,696.1288434340858,0.00035103018,408.3471887355132,0.0003855387,0.0075156316,0.030784668
2148.25668806667,17824.982,7.3143506,0.0029840865,132594,696.1285401529608,408.34735748062803,16620.705,6.803837,1449.1644,2.1353002,17824.982,7.3143506,0,,,,,696.1285401529608,0.0003509744,408.34735748062803,0.0003855628,0.0077730743,0.031002227
2148.263632670554,17826.246,7.317199,0.002984249,132595,696.1287224978638,408.3479045686352,16621.99,6.806487,1447.9564,2.1366487,17826.246,7.317199,0,,,,,696.1287224978638,0.00035101423,408.3479045686352,0.00038562543,0.008132831,0.03135298
2148.2705772746713,17823.596,7.3150578,0.0029844118,132596,696.1294903531664,408.3483506468821,16619.63,6.8044953,1448.7924,2.1372583,17823.596,7.3150578,0,,,,,696.1294903531664,0.00035103358,408.3483506468821,0.00038527977,0.009106313,0.032042265
2148.2775218785564,17809.191,7.3130455,0.0029845743,132597,696.1287355136404,408.3469186236592,16605.158,6.802623,1451.0057,2.1378279,17809.191,7.3130455,0,,,,,696.1287355136404,0.00035103413,408.3469186236592,0.00038571662,0.007991642,0.031087171
2148.2844664824415,17823.428,7.3139205,0.0029847368,132598,696.1296479339478,408.3475231962744,16619.486,6.8034368,1448.0227,2.133969,17823.428,7.3139205,0,,,,,696.1296479339478,0.00035084822,408.3475231962744,0.00038560733,0.008693796,0.030825686
2148.291411086093,17824.832,7.317592,0.002984899,132599,696.1287874724295,408.3464372039078,16620.148,6.8068523,1453.2292,2.1403334,17824.832,7.317592,0,,,,,696.1287874724295,0.00035106612,408.3464372039078,0.0003855979,0.00765788,0.030403951
2148.298355689745,17814.377,7.318168,0.0029850614,132600,696.1282131918971,408.3456598001121,16612.475,6.8073883,1451.1462,2.1453795,17814.377,7.318168,0,,,,,696.1282131918971,0.00035097438,408.3456598001121,0.00038559505,0.007042416,0.029809708
2148.305300293397,17827.342,7.3169937,0.0029852237,132601,696.1290467780714,408.3472409620121,16620.152,6.806296,1447.2936,2.1376348,17827.342,7.3169937,0,,,,,696.1290467780714,0.0003508446,408.3472409620121,0.000385973,0.0083866,0.030371478
2148.312244896815,17820.135,7.315094,0.0029853857,132602,696.1298635050704,408.3470889417501,16614.875,6.8045287,1451.2719,2.1397555,17820.135,7.315094,0,,,,,696.1298635050704,0.0003508015,408.3470889417501,0.00038542476,0.008567862,0.030841041
2148.319189500235,17828.834,7.3164496,0.0029855478,132603,696.1281864152612,408.3463420786558,16623.105,6.80579,1451.2191,2.1393805,17828.834,7.3164496,0,,,,,696.1281864152612,0.00035084976,408.3463420786558,0.00038538116,0.0076420787,0.03052785
2148.326134103654,17836.6,7.31685,0.0029857098,132604,696.1287913386877,408.34672769195606,16630.494,6.8061624,1449.943,2.136348,17836.6,7.31685,0,,,,,696.1287913386877,0.00035073896,408.34672769195606,0.0003853372,0.008216932,0.03014531
2148.3330787070727,17821.14,7.319731,0.0029858719,132605,696.1280855681173,408.347140420087,16613.361,6.808842,1450.3658,2.145762,17821.14,7.319731,0,,,,,696.1280855681173,0.00035132736,408.347140420087,0.00038590922,0.0071114344,0.02963266
2148.3400233102584,17828.32,7.3157372,0.0029860337,132606,696.1304165949202,408.3459511851443,16621.244,6.8051267,1452.7407,2.1385577,17828.32,7.3157372,0,,,,,696.1304165949202,0.0003509576,408.3459511851443,0.00038548585,0.00942404,0.030162646
2148.3469679132118,17834.64,7.318339,0.0029861953,132607,696.1284890695088,408.3481291038294,16628.31,6.807547,1450.2494,2.1377926,17834.64,7.318339,0,,,,,696.1284890695088,0.00035083882,408.3481291038294,0.0003853216,0.007563209,0.03251585
2148.353912516399,17825.348,7.31786,0.002986357,132608,696.1273585044258,408.3457205454344,16619.615,6.8071012,1448.3103,2.143896,17825.348,7.31786,0,,,,,696.1273585044258,0.00035088588,408.3457205454344,0.00038540902,0.006895543,0.029447038
2148.3608571193517,17821.744,7.313462,0.0029865187,132609,696.1279228399274,408.3467538343371,16616.234,6.8030105,1450.0723,2.1354532,17821.744,7.313462,0,,,,,696.1279228399274,0.0003508746,408.3467538343371,0.00038557858,0.0072741243,0.030902486
2148.367801722305,17822.691,7.3147693,0.0029866803,132610,696.1291216584291,408.3477751859058,16618.693,6.8042264,1447.5974,2.136389,17822.691,7.3147693,0,,,,,696.1291216584291,0.00035094866,408.3477751859058,0.00038554255,0.00889163,0.03169879
2148.3747463250256,17812.928,7.3164787,0.0029868416,132611,696.1274892063811,408.34601290880096,16610.723,6.805817,1452.5173,2.141104,17812.928,7.3164787,0,,,,,696.1274892063811,0.0003510095,408.34601290880096,0.00038573993,0.006503054,0.029494593
2148.3816909277457,17813.102,7.3148336,0.002987003,132612,696.129082120289,408.34760373000313,16609.598,6.8042865,1451.2822,2.1386042,17813.102,7.3148336,0,,,,,696.129082120289,0.0003511956,408.34760373000313,0.0003856041,0.008462292,0.032043148
2148.3886355304667,17829.45,7.313999,0.0029871643,132613,696.1282194483096,408.34526193739777,16624.133,6.80351,1448.0763,2.1355484,17829.45,7.313999,0,,,,,696.1282194483096,0.00035063445,408.34526193739777,0.00038525043,0.0068171173,0.02909489
2148.395580132954,17823.594,7.3143353,0.0029873254,132614,696.1280903500311,408.34667354569905,16619.123,6.803823,1445.9421,2.1379833,17823.594,7.3143353,0,,,,,696.1280903500311,0.00035074734,408.34667354569905,0.0003853628,0.0069799856,0.030278713
2148.402524735675,17814.637,7.3147383,0.0029874868,132615,696.1292810141836,408.34689976399767,16610.512,6.804198,1451.1866,2.1407726,17814.637,7.3147383,0,,,,,696.1292810141836,0.00035090852,408.34689976399767,0.0003856015,0.008178052,0.030400822
2148.40946933793,17806.871,7.3118296,0.0029876477,132616,696.1283426218553,408.345846555404,16603.129,6.8014917,1448.92,2.1369634,17806.871,7.3118296,0,,,,,696.1283426218553,0.0003509442,408.345846555404,0.00038559272,0.0074344464,0.029049383
2148.4164139404174,17824.758,7.313892,0.0029878088,132617,696.1292572188675,408.34820048538916,16615.385,6.8034105,1447.5988,2.1349754,17824.758,7.313892,0,,,,,696.1292572188675,0.0003512144,408.34820048538916,0.0003855034,0.008652176,0.0323493
2148.423358542672,17811.193,7.3196425,0.0029879697,132618,696.1278856996186,408.3456396830595,16607.707,6.8087597,1450.3173,2.153413,17811.193,7.3196425,0,,,,,696.1278856996186,0.00035128492,408.3456396830595,0.0003857373,0.006684829,0.02889014
2148.4303031449263,17811.605,7.3132668,0.0029881306,132619,696.1274052398174,408.3462337300158,16607.293,6.802829,1447.32,2.1369324,17811.605,7.3132668,0,,,,,696.1274052398174,0.0003512342,408.3462337300158,0.00038574165,0.0070250193,0.029994097
2148.437247746949,17817.598,7.313445,0.0029882912,132620,696.1284427131437,408.3463779771346,16612.916,6.8029947,1447.1067,2.1373,17817.598,7.313445,0,,,,,696.1284427131437,0.00035093873,408.3463779771346,0.000385557,0.0075433203,0.029720755
2148.4441923489712,17810.793,7.311422,0.0029884519,132621,696.1283046195421,408.346841909363,16604.6,6.801113,1448.866,2.1364155,17810.793,7.311422,0,,,,,696.1283046195421,0.00035098213,408.346841909363,0.00038563213,0.007269125,0.03087106
2148.451136950993,17814.44,7.3140078,0.0029886125,132622,696.128042031086,408.34729492756725,16610.379,6.803518,1448.9608,2.1379747,17814.44,7.3140078,0,,,,,696.128042031086,0.00035088338,408.34729492756725,0.00038565198,0.007359656,0.030609855
2148.458081552782,17819.016,7.318202,0.002988773,132623,696.1295065930649,408.3471640283782,16613.38,6.80742,1452.4204,2.1498718,17819.016,7.318202,0,,,,,696.1295065930649,0.00035095288,408.3471640283782,0.00038545474,0.008579909,0.029979356
2148.465026154571,17801.898,7.3124723,0.0029889334,132624,696.1280345864502,408.34550695517623,16598.389,6.80209,1446.2787,2.1433654,17801.898,7.3124723,0,,,,,696.1280345864502,0.000351163,408.34550695517623,0.00038565215,0.0072994838,0.02937641
2148.47197075636,17823.61,7.315244,0.0029890938,132625,696.1290486191065,408.3463072429167,16616.297,6.8046684,1448.0853,2.140784,17823.61,7.315244,0,,,,,696.1290486191065,0.00035094423,408.3463072429167,0.0003855294,0.0077397986,0.030473147
2148.4789153581496,17841.941,7.3208394,0.0029892542,132626,696.1278278081896,408.346848884367,16636.12,6.8098726,1444.9337,2.1464396,17841.941,7.3208394,0,,,,,696.1278278081896,0.00035055456,408.346848884367,0.00038522153,0.0068620825,0.030424247
2148.4858599597064,17808.816,7.3138876,0.0029894144,132627,696.1285661641057,408.34690442031825,16603.588,6.8034067,1451.5269,2.1383843,17808.816,7.3138876,0,,,,,696.1285661641057,0.00035130957,408.34690442031825,0.00038584953,0.007222374,0.030132003
2148.4928045612623,17817.174,7.3152456,0.0029895746,132628,696.1284357018145,408.34622839239483,16611.203,6.80467,1454.0004,2.1393428,17817.174,7.3152456,0,,,,,696.1284357018145,0.0003509005,408.34622839239483,0.00038567168,0.007423726,0.03022443
2148.499749162586,17818.469,7.314063,0.0029897345,132629,696.1291061855526,408.34611236312077,16610.41,6.80357,1449.3197,2.1377275,17818.469,7.314063,0,,,,,696.1291061855526,0.00035109668,408.34611236312077,0.00038551228,0.008019046,0.02972401
2148.5066937639094,17821.375,7.315159,0.0029898945,132630,696.128436178039,408.3458254625595,16615.154,6.8045893,1448.5588,2.1383977,17821.375,7.315159,0,,,,,696.128436178039,0.0003511318,408.3458254625595,0.00038550078,0.006740427,0.029847005
2148.5136383652325,17817.15,7.318651,0.0029900544,132631,696.1288082310159,408.34683360015265,16610.785,6.8078375,1452.2157,2.1484752,17817.15,7.318651,0,,,,,696.1288082310159,0.00035096146,408.34683360015265,0.00038564228,0.007569534,0.030521857
2148.520582966557,17811.643,7.318285,0.0029902144,132632,696.1300652102267,408.346556855129,16605.506,6.8074965,1449.4763,2.1451466,17811.643,7.318285,0,,,,,696.1300652102267,0.0003513708,408.346556855129,0.00038611345,0.00801067,0.029871656
2148.5275275676477,17807.885,7.3107405,0.002990374,132633,696.1292129365177,408.34680373014555,16604.004,6.800479,1446.5358,2.1349165,17807.885,7.3107405,0,,,,,696.1292129365177,0.000350933,408.34680373014555,0.00038560666,0.0082446495,0.030735066
2148.534472168738,17821.86,7.3159566,0.0029905338,132634,696.1285918678506,408.34610049862124,16617.555,6.805331,1448.0128,2.138528,17821.86,7.3159566,0,,,,,696.1285918678506,0.00035083908,408.34610049862124,0.00038565174,0.0071369526,0.029420836
2148.5414167695953,17819.105,7.3187895,0.0029906933,132635,696.128273610896,408.34481437886365,16614.756,6.807966,1451.2891,2.1382618,17819.105,7.3187895,0,,,,,696.128273610896,0.00035104816,408.34481437886365,0.00038616112,0.007636397,0.028932925
2148.548361370453,17820.74,7.316469,0.0029908528,132636,696.1277161159524,408.3456336428256,16615.393,6.8058076,1447.8937,2.138382,17820.74,7.316469,0,,,,,696.1277161159524,0.00035102913,408.3456336428256,0.0003857118,0.0069322595,0.029283045
2148.555305971312,17806.738,7.313339,0.0029910123,132637,696.1275226360689,408.3459359589905,16602.451,6.8028965,1447.1936,2.1390424,17806.738,7.313339,0,,,,,696.1275226360689,0.00035089624,408.3459359589905,0.0003858858,0.0071530677,0.029493906
2148.5622505721694,17818.197,7.3140993,0.0029911718,132638,696.1291460307307,408.3472179718647,16611.889,6.803603,1449.2733,2.1376007,17818.197,7.3140993,0,,,,,696.1291460307307,0.00035109988,408.3472179718647,0.00038553937,0.007997045,0.031137427
2148.5691951727945,17816.668,7.3143005,0.002991331,132639,696.1283930066912,408.3463657260916,16612.266,6.8037906,1451.8229,2.140691,17816.668,7.3143005,0,,,,,696.1283930066912,0.00035092793,408.3463657260916,0.00038539973,0.007818211,0.029866857
2148.5761397734195,17820.02,7.314091,0.0029914903,132640,696.1280208573197,408.34701552707537,16615.81,6.803596,1448.774,2.1366794,17820.02,7.314091,0,,,,,696.1280208573197,0.00035080942,408.34701552707537,0.0003855896,0.0072502033,0.030314462
2148.5830843738113,17808.021,7.316778,0.0029916493,132641,696.1289985190922,408.34637131827577,16603.797,6.8060956,1451.017,2.1411097,17808.021,7.316778,0,,,,,696.1289985190922,0.00035125922,408.34637131827577,0.00038624337,0.007974537,0.030505138
2148.5900289742044,17831.258,7.31522,0.0029918083,132642,696.128952141241,408.34553883289755,16622.316,6.8046455,1445.5516,2.1383584,17831.258,7.31522,0,,,,,696.128952141241,0.0003508032,408.34553883289755,0.00038537104,0.00814315,0.029079337
2148.5969735745966,17824.68,7.31871,0.0029919674,132643,696.1278370775283,408.3457182565023,16618.08,6.8078923,1449.966,2.1434069,17824.68,7.31871,0,,,,,696.1278370775283,0.00035092628,408.3457182565023,0.00038589473,0.006669842,0.028593397
2148.6039181749884,17818.625,7.31397,0.0029921264,132644,696.1281461887678,408.3470810027415,16613.602,6.803483,1451.5461,2.1363597,17818.625,7.31397,0,,,,,696.1281461887678,0.00035090037,408.3470810027415,0.00038564776,0.007359855,0.030049691
2148.610862775148,17820.582,7.3131285,0.0029922852,132645,696.1282371035694,408.34616621434066,16613.244,6.8027005,1448.1381,2.1351242,17820.582,7.3131285,0,,,,,696.1282371035694,0.00035102764,408.34616621434066,0.00038565884,0.008046677,0.030335322
2148.617807375307,17827.004,7.3167696,0.002992444,132646,696.1269475744116,408.3448992235068,16619.145,6.8060875,1449.7723,2.1356723,17827.004,7.3167696,0,,,,,696.1269475744116,0.00035080055,408.3448992235068,0.00038606374,0.005918616,0.028202252
2148.624751975466,17822.787,7.3153596,0.0029926028,132647,696.1278408873845,408.3452583154304,16617.1,6.8047757,1449.4094,2.1383622,17822.787,7.3153596,0,,,,,696.1278408873845,0.00035094336,408.3452583154304,0.00038568664,0.007066755,0.029041748
2148.631696575392,17815.174,7.312251,0.0029927613,132648,696.128693555789,408.3468665384787,16609.809,6.801884,1448.3563,2.1353252,17815.174,7.312251,0,,,,,696.128693555789,0.00035093355,408.3468665384787,0.00038565442,0.007408315,0.02993151
2148.638641175319,17838.867,7.315287,0.0029929199,132649,696.1287455560339,408.3438863866494,16632.396,6.8047085,1447.0206,2.1331782,17838.867,7.315287,0,,,,,696.1287455560339,0.0003505703,408.3438863866494,0.0003854877,0.0075117587,0.026851276
2148.6455857750134,17820.0,7.3162704,0.0029930782,132650,696.1289735093917,408.347103128996,16616.547,6.805623,1449.4941,2.137111,17820.0,7.3162704,0,,,,,696.1289735093917,0.00035095486,408.347103128996,0.0003856027,0.007507781,0.030376064
2148.6525303749395,17830.62,7.3185205,0.0029932368,132651,696.1286156880797,408.3461553402303,16622.86,6.807716,1448.8242,2.1359947,17830.62,7.3185205,0,,,,,696.1286156880797,0.000350881,408.3461553402303,0.00038597503,0.007378924,0.03029398
2148.659474974633,17831.172,7.3154874,0.002993395,132652,696.1284837309264,408.3450096755321,16625.857,6.8048944,1449.7402,2.136278,17831.172,7.3154874,0,,,,,696.1284837309264,0.00035074164,408.3450096755321,0.00038543082,0.007607599,0.029129487
2148.666419574094,17822.145,7.316877,0.0029935532,132653,696.1283900021511,408.34704380755585,16615.715,6.8061876,1448.1699,2.1416774,17822.145,7.316877,0,,,,,696.1283900021511,0.00035098082,408.34704380755585,0.00038581737,0.007303914,0.029784378
2148.6733641737883,17824.547,7.314454,0.0029937115,132654,696.1280655057701,408.3459807139771,16618.137,6.8039336,1449.3518,2.1376827,17824.547,7.314454,0,,,,,696.1280655057701,0.00035099106,408.3459807139771,0.00038531295,0.0072137136,0.029612364
2148.6803087732487,17827.01,7.3169203,0.0029938696,132655,696.1282764001887,408.34507308948025,16619.73,6.8062277,1451.3824,2.1366606,17827.01,7.3169203,0,,,,,696.1282764001887,0.0003509177,408.34507308948025,0.0003858587,0.007837403,0.028271727
2148.6872533724772,17824.654,7.317907,0.0029940275,132656,696.1285053123929,408.3458467497074,16619.299,6.807145,1451.0969,2.1445923,17824.654,7.317907,0,,,,,696.1285053123929,0.00035102025,408.3458467497074,0.0003855469,0.0076527237,0.02993242
2148.694197971705,17824.336,7.3142486,0.0029941853,132657,696.1275997768294,408.3464799230173,16616.416,6.8037424,1446.9271,2.1343057,17824.336,7.3142486,0,,,,,696.1275997768294,0.000350842,408.3464799230173,0.00038568143,0.006127418,0.030244607
2148.701142570933,17816.885,7.3120904,0.0029943432,132658,696.128002569215,408.34451011346675,16607.305,6.801735,1446.9427,2.137174,17816.885,7.3120904,0,,,,,696.128002569215,0.000350997,408.34451011346675,0.00038566388,0.0066128843,0.027877893
2148.708087170162,17821.262,7.3137145,0.002994501,132659,696.1286770267872,408.3453971642137,16616.291,6.803245,1448.529,2.135555,17821.262,7.3137145,0,,,,,696.1286770267872,0.000350844,408.3453971642137,0.0003855863,0.007848759,0.029061632
2148.7150317693895,17828.508,7.3148403,0.002994659,132660,696.1272232761701,408.34605087072634,16622.74,6.8042927,1449.0983,2.1362295,17828.508,7.3148403,0,,,,,696.1272232761701,0.00035067718,408.34605087072634,0.00038523882,0.006557465,0.0292097
2148.7219763683843,17819.074,7.3156652,0.0029948165,132661,696.1280397002377,408.3457068276082,16615.268,6.80506,1446.0734,2.1355717,17819.074,7.3156652,0,,,,,696.1280397002377,0.00035085023,408.3457068276082,0.000386016,0.006873154,0.029285377
2148.728920967146,17815.26,7.314668,0.002994974,132662,696.128064817511,408.3458534575849,16612.367,6.804133,1454.196,2.139447,17815.26,7.314668,0,,,,,696.128064817511,0.00035076297,408.3458534575849,0.00038567107,0.0065808683,0.0291339
2148.735865566142,17816.29,7.3177085,0.0029951315,132663,696.128571101743,408.3460434357764,16611.395,6.8069606,1452.4661,2.142203,17816.29,7.3177085,0,,,,,696.128571101743,0.0003511125,408.3460434357764,0.00038586534,0.007540801,0.029485062
2148.7428101649043,17820.834,7.3144054,0.002995289,132664,696.128216827115,408.34377666350554,16614.668,6.803888,1451.9601,2.1368532,17820.834,7.3144054,0,,,,,696.128216827115,0.00035084964,408.34377666350554,0.000385578,0.0066469368,0.027612545
2148.749754763434,17827.941,7.3187823,0.002995446,132665,696.1295591774292,408.3457110367226,16622.793,6.8079596,1449.0941,2.139147,17827.941,7.3187823,0,,,,,696.1295591774292,0.00035092092,408.3457110367226,0.0003858395,0.008384055,0.02969084
2148.7566993621967,17825.36,7.3172345,0.0029956035,132666,696.12752053304,408.34546910185014,16620.215,6.80652,1449.0353,2.142802,17825.36,7.3172345,0,,,,,696.12752053304,0.0003510782,408.34546910185014,0.00038544738,0.006419943,0.02911252
2148.763643960726,17824.178,7.3194947,0.0029957606,132667,696.1270278519248,408.3458191007291,16618.38,6.8086224,1453.2798,2.1492918,17824.178,7.3194947,0,,,,,696.1270278519248,0.00035078378,408.3458191007291,0.00038538818,0.005911078,0.029364053
2148.7705885592554,17809.105,7.3124676,0.0029959178,132668,696.1288171948726,408.3455379080135,16605.531,6.8020854,1449.8939,2.1366355,17809.105,7.3124676,0,,,,,696.1288171948726,0.00035106303,408.3455379080135,0.00038566501,0.0074048275,0.02881011
2148.777533157553,17811.143,7.313487,0.0029960747,132669,696.1278704257486,408.3451058316132,16606.703,6.803034,1452.2899,2.138607,17811.143,7.313487,0,,,,,696.1278704257486,0.00035097447,408.3451058316132,0.00038555733,0.0074741286,0.0278426
2148.784477755849,17815.924,7.31528,0.0029962317,132670,696.1279290106316,408.34436326013224,16610.822,6.804702,1451.2244,2.1365461,17815.924,7.31528,0,,,,,696.1279290106316,0.00035104097,408.34436326013224,0.00038596021,0.0071677174,0.028180426
2148.7914223541457,17818.518,7.3144145,0.0029963886,132671,696.127668944404,408.3464828730182,16612.178,6.8038964,1448.8539,2.1399052,17818.518,7.3144145,0,,,,,696.127668944404,0.0003509766,408.3464828730182,0.00038559767,0.006501504,0.02999536
2148.798366952443,17833.4,7.3150797,0.0029965455,132672,696.1286261147615,408.3454284269081,16627.324,6.804516,1448.1289,2.1361032,17833.4,7.3150797,0,,,,,696.1286261147615,0.0003506251,408.3454284269081,0.00038544871,0.007247565,0.02833057
2148.8053115505063,17826.812,7.318015,0.0029967022,132673,696.1292577463121,408.34673927566945,16623.336,6.8072457,1449.6088,2.1386812,17826.812,7.318015,0,,,,,696.1292577463121,0.0003509006,408.34673927566945,0.0003857023,0.008451749,0.029765287
2148.8122561485698,17822.928,7.3171506,0.002996859,132674,696.127897682556,408.3458028794589,16615.783,6.8064413,1450.0581,2.1396565,17822.928,7.3171506,0,,,,,696.127897682556,0.0003510175,408.3458028794589,0.00038559316,0.006489245,0.029023666
2148.8192007464013,17825.75,7.314446,0.0029970154,132675,696.1280891063365,408.343043108912,16617.932,6.803926,1453.381,2.1351008,17825.75,7.314446,0,,,,,696.1280891063365,0.00035092226,408.343043108912,0.00038544936,0.007444896,0.027052801
2148.826145344233,17815.314,7.314331,0.0029971718,132676,696.1267707845592,408.34585872427135,16607.377,6.8038187,1450.1663,2.1350455,17815.314,7.314331,0,,,,,696.1267707845592,0.00035102823,408.34585872427135,0.0003858899,0.0062908293,0.029471377
2148.833089942063,17829.852,7.315892,0.0029973283,132677,696.1276988816406,408.34449360738154,16623.79,6.805271,1451.542,2.1378913,17829.852,7.315892,0,,,,,696.1276988816406,0.00035075008,408.34449360738154,0.0003854372,0.006971561,0.027923767
2148.840034539894,17806.854,7.3141036,0.0029974848,132678,696.1286201366578,408.34593836577284,16604.475,6.8036075,1451.8331,2.1418307,17806.854,7.3141036,0,,,,,696.1286201366578,0.00035104988,408.34593836577284,0.0003855191,0.007703594,0.029810913
2148.8469791374937,17812.232,7.313551,0.002997641,132679,696.1279924206191,408.34482515732725,16607.713,6.803093,1452.6959,2.138221,17812.232,7.313551,0,,,,,696.1279924206191,0.00035105477,408.34482515732725,0.00038568213,0.00627469,0.027773293
2148.853923735091,17812.166,7.3134856,0.0029977972,132680,696.1282406814952,408.346084533641,16607.63,6.8030324,1451.603,2.1370096,17812.166,7.3134856,0,,,,,696.1282406814952,0.0003510335,408.346084533641,0.00038565756,0.007588957,0.02922916
2148.8608683324564,17814.025,7.3127193,0.0029979532,132681,696.128138347205,408.34594606901123,16606.178,6.8023195,1448.3489,2.1372085,17814.025,7.3127193,0,,,,,696.128138347205,0.00035129927,408.34594606901123,0.00038548146,0.007110126,0.029096523
2148.867812930055,17824.895,7.314823,0.0029981094,132682,696.1287485042998,408.3449582114814,16618.236,6.804277,1451.8761,2.135329,17824.895,7.314823,0,,,,,696.1287485042998,0.0003508133,408.3449582114814,0.00038550497,0.007320868,0.028759167
2148.87475752742,17809.607,7.3132253,0.0029982654,132683,696.1287627567377,408.34472363204196,16602.559,6.8027906,1449.4071,2.1395535,17809.607,7.3132253,0,,,,,696.1287627567377,0.00035126344,408.34472363204196,0.0003859911,0.007865499,0.028281981
2148.881702124553,17825.613,7.3129063,0.0029984212,132684,696.1280662988788,408.34518097530554,16619.5,6.8024936,1446.6973,2.1339414,17825.613,7.3129063,0,,,,,696.1280662988788,0.00035072365,408.34518097530554,0.00038551237,0.00747527,0.028159758
2148.8886467219186,17823.117,7.3170214,0.0029985772,132685,696.1271212630755,408.344178201149,16615.807,6.8063216,1448.8772,2.1450279,17823.117,7.3170214,0,,,,,696.1271212630755,0.0003507585,408.344178201149,0.00038583836,0.0053908653,0.027508015
2148.8955913190507,17817.86,7.3113747,0.002998733,132686,696.1279471087438,408.34440532233157,16609.152,6.801069,1449.0297,2.1339676,17817.86,7.3113747,0,,,,,696.1279471087438,0.00035093052,408.34440532233157,0.0003856213,0.007003461,0.027971013
2148.90253591595,17819.352,7.3144517,0.0029988885,132687,696.1276157457801,408.3459362782968,16611.035,6.803931,1451.292,2.1375399,17819.352,7.3144517,0,,,,,696.1276157457801,0.0003509414,408.3459362782968,0.0003855681,0.0067027463,0.029510645
2148.9094805130826,17815.316,7.312839,0.0029990443,132688,696.1288723259138,408.3453435562419,16608.277,6.8024306,1450.0028,2.1362317,17815.316,7.312839,0,,,,,696.1288723259138,0.00035084083,408.3453435562419,0.00038569892,0.0070301006,0.02825788
2148.916425109983,17818.996,7.316179,0.0029991998,132689,696.1278408460776,408.34392185822213,16609.865,6.8055377,1452.272,2.1393065,17818.996,7.316179,0,,,,,696.1278408460776,0.00035129156,408.34392185822213,0.0003859266,0.0069029704,0.027488053
2148.9233697066493,17815.281,7.317757,0.002999355,132690,696.1283417569473,408.3448639289822,16607.104,6.807006,1453.533,2.146501,17815.281,7.317757,0,,,,,696.1283417569473,0.00035122677,408.3448639289822,0.00038606985,0.008271498,0.0280368
2148.9303143035495,17822.418,7.317797,0.0029995106,132691,696.1271937385167,408.3456560156827,16616.947,6.8070436,1446.9856,2.1384835,17822.418,7.317797,0,,,,,696.1271937385167,0.00035088163,408.3456560156827,0.00038613344,0.005840902,0.029186105
2148.9372589002164,17810.277,7.313408,0.002999666,132692,696.1292202778014,408.3447690624351,16604.943,6.8029604,1451.2285,2.1405947,17810.277,7.313408,0,,,,,696.1292202778014,0.00035085998,408.3447690624351,0.0003856859,0.008840198,0.028035617
2148.94420349665,17824.562,7.3161383,0.002999821,132693,696.1271783779488,408.34452782044235,16613.855,6.8055,1451.7689,2.1423335,17824.562,7.3161383,0,,,,,696.1271783779488,0.00035088236,408.34452782044235,0.00038569837,0.00611905,0.028056972
2148.951148093318,17837.828,7.315714,0.0029999763,132694,696.1273379055194,408.3456333675291,16629.174,6.8051057,1448.8739,2.135749,17837.828,7.315714,0,,,,,696.1273379055194,0.00035094138,408.3456333675291,0.0003853096,0.006990086,0.029415864
2148.958092689752,17811.0,7.3123074,0.0030001313,132695,696.1275950175977,408.3434818741818,16604.477,6.801936,1452.9858,2.136261,17811.0,7.3123074,0,,,,,696.1275950175977,0.00035109956,408.3434818741818,0.000385683,0.0063409223,0.026611017
2148.965037286185,17822.566,7.3150897,0.0030002864,132696,696.1266244199618,408.34455453065425,16616.123,6.8045244,1450.8065,2.138447,17822.566,7.3150897,0,,,,,696.1266244199618,0.0003509144,408.34455453065425,0.00038539513,0.0056406567,0.028719999
2148.971981882387,17818.156,7.316154,0.0030004412,132697,696.1267439780507,408.34398827891056,16613.535,6.805515,1448.3499,2.1453547,17818.156,7.316154,0,,,,,696.1267439780507,0.0003508584,408.34398827891056,0.00038554912,0.0056130695,0.027083376
2148.9789264785886,17817.875,7.3145156,0.003000596,132698,696.1288302981499,408.34516346864945,16612.016,6.803991,1449.4685,2.142299,17817.875,7.3145156,0,,,,,696.1288302981499,0.00035076568,408.34516346864945,0.00038553672,0.008041441,0.0275745
2148.9858710747894,17826.121,7.3183517,0.003000751,132699,696.1278467551216,408.3455918020839,16620.268,6.8075585,1452.0806,2.1400013,17826.121,7.3183517,0,,,,,696.1278467551216,0.0003509926,408.3455918020839,0.000385676,0.0067859245,0.0286457
2148.9928156709902,17821.785,7.3144608,0.0030009057,132700,696.1284603347214,408.3447650976462,16616.246,6.80394,1448.4681,2.1365652,17821.785,7.3144608,0,,,,,696.1284603347214,0.00035087788,408.3447650976462,0.00038565387,0.0065300656,0.027797084
2148.999760266959,17822.18,7.3152103,0.0030010603,132701,696.1277241129947,408.3458253281342,16616.66,6.804637,1447.9155,2.1370616,17822.18,7.3152103,0,,,,,696.1277241129947,0.0003510255,408.3458253281342,0.0003856266,0.007136297,0.029016193
2149.0067048629276,17814.46,7.3116565,0.003001215,132702,696.1285800240742,408.3441448469289,16605.213,6.8013315,1448.7765,2.1360345,17814.46,7.3116565,0,,,,,696.1285800240742,0.00035094106,408.3441448469289,0.00038565396,0.0076201973,0.027146012
2149.0136494586623,17825.27,7.3139386,0.0030013693,132703,696.1277377097973,408.34401185183395,16616.287,6.8034544,1449.1091,2.1363552,17825.27,7.3139386,0,,,,,696.1277377097973,0.00035094962,408.34401185183395,0.00038544906,0.00618641,0.027188893
2149.0205940546316,17819.197,7.314925,0.003001524,132704,696.1278938559591,408.34566366212795,16612.762,6.804372,1446.0833,2.1416426,17819.197,7.314925,0,,,,,696.1278938559591,0.00035089056,408.34566366212795,0.00038553734,0.0068523814,0.028532831
2149.027538650367,17815.238,7.3128195,0.0030016783,132705,696.1274986172658,408.34493779486417,16606.266,6.802413,1451.6757,2.1366422,17815.238,7.3128195,0,,,,,696.1274986172658,0.00035105634,408.34493779486417,0.00038560267,0.0064113215,0.02838178
2149.0344832458695,17818.316,7.312044,0.0030018324,132706,696.128374185088,408.34224890379437,16610.936,6.8016915,1448.2223,2.1351664,17818.316,7.312044,0,,,,,696.128374185088,0.00035077645,408.34224890379437,0.00038539653,0.0069620535,0.026216112
2149.0414278416056,17823.16,7.314182,0.0030019868,132707,696.1273466790013,408.3443920294848,16615.93,6.8036804,1448.9927,2.135996,17823.16,7.314182,0,,,,,696.1273466790013,0.00035094528,408.3443920294848,0.00038560602,0.0063853455,0.028155481
2149.0483724368755,17820.701,7.315207,0.0030021407,132708,696.1285003208242,408.3445375812,16615.248,6.804633,1450.2893,2.1380706,17820.701,7.315207,0,,,,,696.1285003208242,0.00035119636,408.3445375812,0.00038570678,0.007678163,0.028307557
2149.0553170323783,17822.648,7.316619,0.0030022948,132709,696.1272678341237,408.34473117976313,16616.436,6.805948,1448.9446,2.1417472,17822.648,7.316619,0,,,,,696.1272678341237,0.00035091743,408.34473117976313,0.000385702,0.0061063427,0.027963761
2149.0622616276487,17820.545,7.315581,0.0030024487,132710,696.1270540948,408.3446802301636,16611.768,6.8049817,1447.3818,2.1407738,17820.545,7.315581,0,,,,,696.1270540948,0.00035104828,408.3446802301636,0.00038571932,0.0059422837,0.027883764
2149.069206222918,17825.299,7.314123,0.0030026026,132711,696.1288053378777,408.3446229575083,16618.943,6.803626,1448.998,2.1366856,17825.299,7.314123,0,,,,,696.1288053378777,0.00035096725,408.3446229575083,0.00038554825,0.007600646,0.028128145
2149.0761508181877,17817.88,7.312968,0.0030027565,132712,696.1285193226785,408.34404704835646,16609.3,6.8025513,1450.7477,2.136798,17817.88,7.312968,0,,,,,696.1285193226785,0.00035104112,408.34404704835646,0.0003856046,0.00725578,0.027422655
2149.083095413457,17811.611,7.3190875,0.0030029104,132713,696.1273116673966,408.3444386217685,16604.031,6.8082433,1450.6185,2.1482282,17811.611,7.3190875,0,,,,,696.1273116673966,0.00035106775,408.3444386217685,0.0003861316,0.00640944,0.028049136
2149.090040008495,17812.398,7.3117213,0.003003064,132714,696.1270874706057,408.3440882788238,16604.553,6.8013916,1449.7266,2.1360476,17812.398,7.3117213,0,,,,,696.1270874706057,0.00035096495,408.3440882788238,0.0003856736,0.0069328886,0.027722895
2149.0969846032995,17825.117,7.3153486,0.0030032175,132715,696.1276829570819,408.3445486733734,16617.482,6.804765,1448.4501,2.1341558,17825.117,7.3153486,0,,,,,696.1276829570819,0.00035105567,408.3445486733734,0.0003856982,0.007077295,0.027339052
2149.103929198336,17805.049,7.3109584,0.0030033712,132716,696.1262593258305,408.3441639652768,16599.543,6.800682,1451.5905,2.1372712,17805.049,7.3109584,0,,,,,696.1262593258305,0.00035099656,408.3441639652768,0.00038587063,0.0053935302,0.02783288
2149.110873793141,17816.713,7.315495,0.0030035246,132717,696.1275593285285,408.3454254954083,16613.256,6.8049016,1447.1598,2.1381717,17816.713,7.315495,0,,,,,696.1275593285285,0.00035099065,408.3454254954083,0.00038581155,0.00659823,0.028708143
2149.1178183879447,17810.729,7.312324,0.003003678,132718,696.1275626052484,408.3438977349656,16605.723,6.801952,1451.0914,2.1375484,17810.729,7.312324,0,,,,,696.1275626052484,0.00035084423,408.3438977349656,0.00038591618,0.007044778,0.027090099
2149.1247629825166,17821.09,7.317365,0.0030038313,132719,696.1269696672375,408.3443766196207,16614.271,6.806641,1452.5713,2.146886,17821.09,7.317365,0,,,,,696.1269696672375,0.00035078812,408.3443766196207,0.00038576112,0.006371038,0.02704163
2149.131707577088,17818.227,7.3123813,0.0030039845,132720,696.1272082164849,408.3443564548706,16611.78,6.802005,1448.3982,2.1351228,17818.227,7.3123813,0,,,,,696.1272082164849,0.00035107296,408.3443564548706,0.00038551755,0.0056998096,0.027768862
2149.1386521716595,17825.133,7.3175316,0.0030041377,132721,696.1283857419492,408.3442376992208,16617.496,6.806796,1451.909,2.1399531,17825.133,7.3175316,0,,,,,696.1283857419492,0.0003511198,408.3442376992208,0.00038569985,0.007017856,0.02764284
2149.1455967662305,17814.826,7.313466,0.0030042909,132722,696.1287443566761,408.34418464648104,16607.17,6.8030143,1449.6326,2.1403408,17814.826,7.313466,0,,,,,696.1287443566761,0.00035096178,408.34418464648104,0.0003858292,0.0074123493,0.027634293
2149.1525413605696,17829.387,7.31424,0.0030044438,132723,696.1271218990453,408.34568481124063,16622.547,6.8037343,1446.2754,2.1342654,17829.387,7.31424,0,,,,,696.1271218990453,0.00035077945,408.34568481124063,0.00038548687,0.0073742135,0.029306063
2149.1594859549086,17809.74,7.318466,0.0030045968,132724,696.1273403056099,408.34331102861086,16606.09,6.8076653,1451.5848,2.1488986,17809.74,7.318466,0,,,,,696.1273403056099,0.00035104118,408.34331102861086,0.00038583425,0.0063052424,0.026995089
2149.166430549247,17823.12,7.3139825,0.0030047498,132725,696.125856228865,408.34453716910355,16613.184,6.803495,1451.0095,2.1362107,17823.12,7.3139825,0,,,,,696.125856228865,0.00035096754,408.34453716910355,0.0003858162,0.0047367336,0.02761955
2149.173375143352,17827.316,7.3164263,0.0030049025,132726,696.1280788382529,408.3447595220153,16620.87,6.8057685,1448.1888,2.1394045,17827.316,7.3164263,0,,,,,696.1280788382529,0.00035088582,408.3447595220153,0.00038569284,0.007501477,0.028117111
2149.180319737458,17824.408,7.315306,0.0030050552,132727,696.1266071319152,408.34307886937887,16617.74,6.8047256,1449.7603,2.1393807,17824.408,7.315306,0,,,,,696.1266071319152,0.00035077878,408.34307886937887,0.00038556976,0.005424198,0.025879364
2149.1872643315637,17815.453,7.313795,0.003005208,132728,696.1271869746961,408.34484527024915,16609.934,6.80332,1448.7106,2.1387653,17815.453,7.313795,0,,,,,696.1271869746961,0.00035078562,408.34484527024915,0.00038586394,0.0059709554,0.028408803
2149.194208925437,17817.996,7.3130918,0.0030053605,132729,696.1277429912233,408.34448900826135,16613.266,6.802666,1447.9169,2.1351786,17817.996,7.3130918,0,,,,,696.1277429912233,0.000350829,408.34448900826135,0.00038580518,0.0065169125,0.0279487
2149.2011535193096,17829.7,7.31472,0.003005513,132730,696.1268584570142,408.34194801421035,16624.734,6.804181,1448.0021,2.1357973,17829.7,7.31472,0,,,,,696.1268584570142,0.00035070418,408.34194801421035,0.0003853321,0.0055900044,0.025967414
2149.208098113183,17817.748,7.314003,0.0030056655,132731,696.1274976071645,408.34396108287007,16611.95,6.803514,1448.5072,2.137325,17817.748,7.314003,0,,,,,696.1274976071645,0.00035111286,408.34396108287007,0.00038562028,0.0071335575,0.027360654
2149.2150427068236,17808.85,7.3160954,0.0030058178,132732,696.1279829427726,408.34468257179606,16606.412,6.80546,1445.9218,2.150401,17808.85,7.3160954,0,,,,,696.1279829427726,0.00035081696,408.34468257179606,0.00038554697,0.0069339797,0.028195411
2149.2219873004633,17825.564,7.3150425,0.00300597,132733,696.1269653105725,408.3442118973898,16618.312,6.8044806,1448.6398,2.1365678,17825.564,7.3150425,0,,,,,696.1269653105725,0.0003507957,408.3442118973898,0.00038555643,0.0058832443,0.027992235
2149.228931894104,17825.393,7.3154597,0.0030061223,132734,696.1275517731715,408.344324815722,16619.795,6.8048687,1445.0012,2.1363068,17825.393,7.3154597,0,,,,,696.1275517731715,0.00035105992,408.344324815722,0.00038575777,0.0064820023,0.027970903
2149.2358764875107,17810.889,7.3165965,0.0030062743,132735,696.1284119270728,408.3432913844171,16605.086,6.8059263,1450.7047,2.1405842,17810.889,7.3165965,0,,,,,696.1284119270728,0.00035153262,408.3432913844171,0.00038598353,0.0073215384,0.026584364
2149.242821080918,17813.36,7.3174396,0.0030064264,132736,696.126826159725,408.34377242502677,16610.465,6.8067107,1449.0643,2.1474416,17813.36,7.3174396,0,,,,,696.126826159725,0.0003512266,408.34377242502677,0.0003854522,0.006247973,0.02703687
2149.249765674326,17813.463,7.3133235,0.0030065784,132737,696.127207914625,408.3444691077809,16607.04,6.8028812,1450.7135,2.139808,17813.463,7.3133235,0,,,,,696.127207914625,0.0003509976,408.3444691077809,0.0003856572,0.005811167,0.027011449
2149.256710267733,17820.178,7.317376,0.0030067305,132738,696.1287367883027,408.3438925890672,16611.781,6.8066516,1453.9537,2.1403973,17820.178,7.317376,0,,,,,696.1287367883027,0.00035101935,408.3438925890672,0.00038607244,0.007822337,0.027264772
2149.263654860907,17825.69,7.3162527,0.0030068823,132739,696.1273918993968,408.34381981222987,16618.928,6.8056064,1448.3872,2.142899,17825.69,7.3162527,0,,,,,696.1273918993968,0.00035090433,408.34381981222987,0.0003853378,0.0060190097,0.02694861
2149.270599454081,17830.4,7.314759,0.003007034,132740,696.1288664130801,408.3438020944166,16625.03,6.804217,1449.6812,2.135122,17830.4,7.314759,0,,,,,696.1288664130801,0.00035085806,408.3438020944166,0.00038517316,0.0077189184,0.027808586
2149.277544047023,17823.623,7.313734,0.0030071856,132741,696.1275565967754,408.3446820566627,16612.633,6.8032637,1450.92,2.136012,17823.623,7.313734,0,,,,,696.1275565967754,0.00035099985,408.3446820566627,0.0003858064,0.0067192647,0.028304804
2149.2844886401977,17817.352,7.3147125,0.0030073375,132742,696.1287148637817,408.3444391767697,16608.834,6.804174,1449.7197,2.1363654,17817.352,7.3147125,0,,,,,696.1287148637817,0.00035143472,408.3444391767697,0.0003859821,0.0073461863,0.028073078
2149.2914332331393,17834.248,7.316187,0.003007489,132743,696.1256268971881,408.34227190062137,16623.436,6.8055453,1447.9337,2.137209,17834.248,7.316187,0,,,,,696.1256268971881,0.0003507629,408.34227190062137,0.00038564266,0.0043780743,0.025772562
2149.2983778258485,17822.572,7.317534,0.0030076404,132744,696.1271087244829,408.3439001563417,16614.31,6.8067985,1448.2733,2.144875,17822.572,7.317534,0,,,,,696.1271087244829,0.00035113172,408.3439001563417,0.0003856014,0.005910395,0.027359996
2149.3053224187893,17818.227,7.3129225,0.003007792,132745,696.1273547843266,408.34338841874535,16608.295,6.802509,1448.2079,2.1373715,17818.227,7.3129225,0,,,,,696.1273547843266,0.0003511418,408.34338841874535,0.00038570733,0.0064494666,0.027029885
2149.312267011498,17814.51,7.3136907,0.0030079433,132746,696.1267726294827,408.34415168977296,16608.453,6.803223,1447.3441,2.1382,17814.51,7.3136907,0,,,,,696.1267726294827,0.00035125788,408.34415168977296,0.00038573748,0.0057350667,0.02706801
2149.3192116039754,17803.916,7.3121758,0.0030080944,132747,696.1282982698875,408.34407478390983,16600.725,6.8018136,1450.411,2.135075,17803.916,7.3121758,0,,,,,696.1282982698875,0.00035119095,408.34407478390983,0.0003858035,0.006970063,0.027696712
2149.3261561966833,17820.336,7.312771,0.0030082457,132748,696.1267355565478,408.34336250100625,16614.982,6.8023677,1450.0488,2.135715,17820.336,7.312771,0,,,,,696.1267355565478,0.00035059918,408.34336250100625,0.0003855414,0.0061425697,0.026612485
2149.3331007891593,17807.28,7.3142424,0.0030083968,132749,696.1282278143743,408.34532751075193,16600.69,6.803736,1450.6941,2.1371527,17807.28,7.3142424,0,,,,,696.1282278143743,0.000351349,408.34532751075193,0.00038613618,0.0076623014,0.028656425
2149.3400453816357,17799.43,7.3120937,0.003008548,132750,696.1272361814633,408.3434077684607,16594.984,6.801738,1448.4242,2.137058,17799.43,7.3120937,0,,,,,696.1272361814633,0.00035098268,408.3434077684607,0.0003858743,0.006064436,0.02602137
2149.3469899738784,17816.94,7.3139267,0.0030086988,132751,696.126980953302,408.34400908816957,16607.135,6.8034425,1445.7609,2.1406393,17816.94,7.3139267,0,,,,,696.126980953302,0.00035106926,408.34400908816957,0.00038578094,0.0060171285,0.026794475
2149.353934566121,17816.488,7.313404,0.0030088497,132752,696.1281440849708,408.34380147705684,16611.81,6.8029566,1450.6958,2.1364093,17816.488,7.313404,0,,,,,696.1281440849708,0.00035090948,408.34380147705684,0.00038549062,0.0068508945,0.027401725
2149.3608791583647,17826.896,7.3148837,0.0030090006,132753,696.1264865069863,408.34357241893167,16620.31,6.8043327,1449.1134,2.1355689,17826.896,7.3148837,0,,,,,696.1264865069863,0.00035086554,408.34357241893167,0.00038577014,0.0049615256,0.026974402
2149.3678237506083,17825.086,7.3156857,0.0030091514,132754,696.1274625538024,408.3428438796776,16618.139,6.805079,1448.0374,2.1401312,17825.086,7.3156857,0,,,,,696.1274625538024,0.00035098483,408.3428438796776,0.00038564578,0.0061768,0.026356883
2149.374768342618,17805.822,7.3132405,0.003009302,132755,696.1265878087471,408.3433889980954,16601.201,6.802805,1452.6852,2.1403627,17805.822,7.3132405,0,,,,,696.1265878087471,0.00035105905,408.3433889980954,0.00038589246,0.0060160607,0.027265793
2149.381712934629,17812.365,7.3130584,0.0030094527,132756,696.1279716137598,408.34260841279644,16606.9,6.8026347,1451.307,2.1383083,17812.365,7.3130584,0,,,,,696.1279716137598,0.0003510265,408.34260841279644,0.00038548335,0.0069307387,0.026093949
2149.3886575264064,17808.559,7.3114147,0.0030096031,132757,696.1282567139649,408.3435567795408,16603.328,6.8011065,1448.6763,2.1363447,17808.559,7.3114147,0,,,,,696.1282567139649,0.00035114196,408.3435567795408,0.0003858141,0.007395965,0.026756056
2149.3956021181834,17823.775,7.3129516,0.0030097535,132758,696.1275467004336,408.34342718638993,16616.99,6.8025355,1447.0988,2.1340866,17823.775,7.3129516,0,,,,,696.1275467004336,0.00035081105,408.34342718638993,0.00038543937,0.006856157,0.026785305
2149.402546709961,17811.637,7.310945,0.003009904,132759,696.1279408394541,408.3427369409206,16606.277,6.800669,1446.8933,2.1352816,17811.637,7.310945,0,,,,,696.1279408394541,0.0003510008,408.3427369409206,0.0003856373,0.0072970823,0.026423331
2149.4094913017393,17815.66,7.3127728,0.0030100544,132760,696.1261823218643,408.3438649417872,16609.064,6.802369,1448.8829,2.137821,17815.66,7.3127728,0,,,,,696.1261823218643,0.00035097267,408.3438649417872,0.00038544933,0.0050942814,0.026915437
2149.4164358932835,17833.748,7.315727,0.0030102045,132761,696.1276000771039,408.3436143832903,16627.807,6.8051176,1447.925,2.137236,17833.748,7.315727,0,,,,,696.1276000771039,0.00035063413,408.3436143832903,0.0003854765,0.005742166,0.026766004
2149.423380484828,17832.826,7.3146725,0.0030103547,132762,696.1271806380569,408.3433112810789,16625.244,6.8041368,1445.2919,2.135434,17832.826,7.3146725,0,,,,,696.1271806380569,0.00035084845,408.3433112810789,0.00038536952,0.005437791,0.025321612
2149.430325076373,17816.252,7.311656,0.0030105049,132763,696.1281431440416,408.34344953368594,16611.197,6.801331,1446.764,2.1345844,17816.252,7.311656,0,,,,,696.1281431440416,0.0003508967,408.34344953368594,0.00038552438,0.0068130633,0.026465394
2149.437269667917,17811.498,7.312117,0.003010655,132764,696.1271633418799,408.3434443363438,16605.45,6.8017592,1447.9598,2.1358905,17811.498,7.312117,0,,,,,696.1271633418799,0.00035136848,408.3434443363438,0.00038560672,0.0064125443,0.026519805
2149.444214259229,17814.676,7.3136806,0.003010805,132765,696.1290208158101,408.3429465910049,16610.615,6.8032136,1446.948,2.1369739,17814.676,7.3136806,0,,,,,696.1290208158101,0.00035086853,408.3429465910049,0.00038558,0.007969471,0.026469763
2149.4511588503083,17822.3,7.3147235,0.0030109547,132766,696.1269569206779,408.3426135672411,16617.48,6.804184,1447.5553,2.140725,17822.3,7.3147235,0,,,,,696.1269569206779,0.0003508014,408.3426135672411,0.0003854083,0.00557608,0.026244257
2149.4581034416196,17816.844,7.314247,0.0030111047,132767,696.1276656701674,408.34284596556756,16612.557,6.803741,1453.7999,2.1390352,17816.844,7.314247,0,,,,,696.1276656701674,0.00035084176,408.34284596556756,0.0003854847,0.006517305,0.025740221
2149.465048032699,17814.637,7.3129473,0.0030112544,132768,696.1270192246341,408.34329637119384,16607.68,6.8025317,1450.2303,2.1367502,17814.637,7.3129473,0,,,,,696.1270192246341,0.00035102302,408.34329637119384,0.00038571993,0.0062175067,0.026774071
2149.4719926237785,17814.309,7.3116655,0.003011404,132769,696.1272051461016,408.3432841176483,16607.748,6.8013396,1448.5835,2.1348798,17814.309,7.3116655,0,,,,,696.1272051461016,0.00035116772,408.3432841176483,0.00038539627,0.0055593946,0.026375692
2149.4789372146242,17819.508,7.3131366,0.0030115535,132770,696.127182104408,408.3433508470798,16613.902,6.8027077,1447.2181,2.1375387,17819.508,7.3131366,0,,,,,696.127182104408,0.00035074048,408.3433508470798,0.00038546743,0.0058237575,0.02630261
2149.485881805703,17809.648,7.31248,0.0030117033,132771,696.1264671617195,408.342901338661,16603.855,6.802097,1445.5822,2.1385627,17809.648,7.31248,0,,,,,696.1264671617195,0.00035096635,408.342901338661,0.0003857174,0.004545989,0.02612835
2149.4928263965494,17826.56,7.3134503,0.0030118527,132772,696.1286327000496,408.34369463601195,16617.924,6.8029995,1449.791,2.135608,17826.56,7.3134503,0,,,,,696.1286327000496,0.0003509466,408.34369463601195,0.0003853512,0.007122366,0.026554825
2149.499770987163,17813.346,7.3150964,0.003012002,132773,696.1274526792971,408.3419927953808,16608.26,6.8045306,1449.0286,2.1381626,17813.346,7.3150964,0,,,,,696.1274526792971,0.00035116894,408.3419927953808,0.00038584747,0.0063882223,0.024732629
2149.506715578009,17820.807,7.3159857,0.0030121515,132774,696.1281322676144,408.343229718461,16613.77,6.8053584,1449.5908,2.1356611,17820.807,7.3159857,0,,,,,696.1281322676144,0.0003511729,408.343229718461,0.0003859126,0.007009482,0.026949586
2149.5136601686227,17820.895,7.3118186,0.0030123007,132775,696.127489374934,408.34275578322735,16611.246,6.8014817,1448.6531,2.1333618,17820.895,7.3118186,0,,,,,696.127489374934,0.00035100075,408.34275578322735,0.00038558038,0.006807583,0.025879556
2149.520604759003,17840.28,7.3161182,0.0030124497,132776,696.127586737194,408.3429766083932,16632.982,6.8054814,1447.6217,2.134402,17840.28,7.3161182,0,,,,,696.127586737194,0.00035085465,408.3429766083932,0.0003853789,0.0060422258,0.025789125
2149.5275493496156,17807.494,7.313054,0.003012599,132777,696.1266181404266,408.3425203110811,16600.084,6.8026314,1449.683,2.138759,17807.494,7.313054,0,,,,,696.1266181404266,0.00035115948,408.3425203110811,0.00038584147,0.0053922865,0.026207468
2149.5344939399965,17814.256,7.313591,0.003012748,132778,696.1269046148427,408.34361674916954,16606.348,6.8031306,1451.3491,2.1380508,17814.256,7.313591,0,,,,,696.1269046148427,0.0003512469,408.34361674916954,0.00038559965,0.005619445,0.026233103
2149.541438530144,17820.799,7.3154464,0.0030128967,132779,696.1270655821214,408.34267439513536,16612.682,6.8048563,1445.4452,2.1366909,17820.799,7.3154464,0,,,,,696.1270655821214,0.00035104,408.34267439513536,0.0003858483,0.0053195525,0.02637586
2149.5483831205247,17814.559,7.313849,0.0030130458,132780,696.1281022138995,408.3435141355965,16610.113,6.8033705,1450.9437,2.1381917,17814.559,7.313849,0,,,,,696.1281022138995,0.00035090337,408.3435141355965,0.00038573847,0.0072251214,0.025970904
2149.555327710673,17820.504,7.314312,0.0030131945,132781,696.1285937447337,408.34204955643344,16613.725,6.803801,1449.3737,2.1353981,17820.504,7.314312,0,,,,,696.1285937447337,0.00035098393,408.34204955643344,0.00038568786,0.006933482,0.025046172
2149.56227230082,17816.652,7.316599,0.0030133433,132782,696.1268664841218,408.3433136551201,16610.566,6.8059287,1452.1499,2.1459525,17816.652,7.316599,0,,,,,696.1268664841218,0.0003508821,408.3433136551201,0.0003856715,0.005635069,0.026164463
2149.5692168907353,17817.59,7.3154235,0.0030134919,132783,696.1269189018578,408.34204683790125,16612.719,6.8048353,1447.6385,2.1380427,17817.59,7.3154235,0,,,,,696.1269189018578,0.00035094487,408.34204683790125,0.0003859102,0.0058385725,0.025331685
2149.5761614808825,17820.867,7.3115377,0.0030136406,132784,696.1264429410554,408.3437440286142,16610.566,6.8012204,1448.7076,2.1353161,17820.867,7.3115377,0,,,,,696.1264429410554,0.0003508163,408.3437440286142,0.00038553262,0.004902555,0.027194923
2149.5831060705646,17814.332,7.3161325,0.003013789,132785,696.1256761202455,408.3431193267244,16608.574,6.805495,1447.6152,2.1461184,17814.332,7.3161325,0,,,,,696.1256761202455,0.00035101664,408.3431193267244,0.00038571155,0.005431068,0.026533756
2149.5900506604803,17811.21,7.3116593,0.0030139375,132786,696.1289042002893,408.3423080438715,16602.66,6.8013334,1451.4827,2.1354218,17811.21,7.3116593,0,,,,,696.1289042002893,0.00035118606,408.3423080438715,0.0003856583,0.007579307,0.025681034
2149.596995250162,17831.56,7.3168097,0.0030140858,132787,696.1275173169344,408.3416450343418,16622.904,6.8061247,1449.6505,2.1423314,17831.56,7.3168097,0,,,,,696.1275173169344,0.0003507471,408.3416450343418,0.00038550416,0.0057187746,0.024131587
2149.603939839844,17816.775,7.315289,0.0030142341,132788,696.1277912375618,408.3421204112216,16606.275,6.80471,1448.4219,2.1437056,17816.775,7.315289,0,,,,,696.1277912375618,0.00035117444,408.3421204112216,0.00038574,0.006758308,0.025146658
2149.610884429527,17810.045,7.310599,0.0030143824,132789,696.1273151927842,408.3442401765017,16601.164,6.800347,1449.2574,2.1350143,17810.045,7.310599,0,,,,,696.1273151927842,0.00035103635,408.3442401765017,0.0003858015,0.006450489,0.028972201
2149.6178290189755,17805.703,7.315286,0.0030145305,132790,696.1265734946362,408.3414203209772,16600.596,6.8047075,1452.2681,2.1382437,17805.703,7.315286,0,,,,,696.1265734946362,0.00035113358,408.3414203209772,0.00038620085,0.005598418,0.024961023
2149.624773608424,17807.625,7.31029,0.0030146786,132791,696.1267202397586,408.34004131316345,16600.168,6.80006,1449.093,2.1359854,17807.625,7.31029,0,,,,,696.1267202397586,0.00035113955,408.34004131316345,0.0003857105,0.005988629,0.02360211
2149.631718197873,17820.076,7.315002,0.0030148267,132792,696.1265075797294,408.3435086886384,16613.729,6.804443,1452.2767,2.137029,17820.076,7.315002,0,,,,,696.1265075797294,0.00035118128,408.3435086886384,0.00038556583,0.0051130187,0.026332239
2149.6386627873226,17829.857,7.316267,0.0030149748,132793,696.1256189548266,408.34338467986856,16623.393,6.8056197,1447.9606,2.1368697,17829.857,7.316267,0,,,,,696.1256189548266,0.00035108483,408.34338467986856,0.00038568676,0.0048650973,0.026515933
2149.645607376539,17806.746,7.3103943,0.0030151226,132794,696.126828344437,408.34177383086137,16600.742,6.800157,1448.1417,2.1350665,17806.746,7.3103943,0,,,,,696.126828344437,0.0003508837,408.34177383086137,0.00038569386,0.0055433502,0.024873834
2149.6525519657553,17809.352,7.310497,0.0030152705,132795,696.127547504987,408.3422183638662,16603.58,6.800252,1448.8903,2.133869,17809.352,7.310497,0,,,,,696.127547504987,0.00035103664,408.3422183638662,0.00038546126,0.0064300904,0.025162516
2149.6594965547392,17814.568,7.3120375,0.003015418,132796,696.1271755710267,408.34310464143965,16608.729,6.8016853,1444.8456,2.1372533,17814.568,7.3120375,0,,,,,696.1271755710267,0.00035089088,408.34310464143965,0.00038568242,0.0060978965,0.025861437
2149.666441143722,17824.87,7.3130536,0.0030155657,132797,696.1280664228739,408.3436460959632,16616.219,6.802631,1447.9163,2.134809,17824.87,7.3130536,0,,,,,696.1280664228739,0.00035074956,408.3436460959632,0.00038566955,0.006595903,0.026707247
2149.6733857327054,17824.707,7.31512,0.0030157133,132798,696.1265257494721,408.3416390211107,16616.76,6.8045526,1452.6211,2.138208,17824.707,7.31512,0,,,,,696.1265257494721,0.00035091807,408.3416390211107,0.0003855731,0.0051352363,0.02472929
2149.6803303216902,17813.742,7.3131433,0.003015861,132799,696.1262286550801,408.34189181797325,16604.947,6.802714,1453.128,2.1382139,17813.742,7.3131433,0,,,,,696.1262286550801,0.0003511455,408.34189181797325,0.00038562788,0.0048100874,0.025783522
2149.68727491044,17816.887,7.3125005,0.0030160083,132800,696.1268104258173,408.3420610088961,16609.0,6.802116,1449.6719,2.1362872,17816.887,7.3125005,0,,,,,696.1268104258173,0.00035096565,408.3420610088961,0.00038565035,0.0054243742,0.026104288
2149.6942194991907,17816.445,7.3132052,0.0030161557,132801,696.1268160115665,408.341421253555,16611.553,6.8027716,1449.6991,2.1359181,17816.445,7.3132052,0,,,,,696.1268160115665,0.000350674,408.341421253555,0.00038589642,0.005993891,0.024299212
2149.7011640879427,17809.316,7.3146434,0.003016303,132802,696.1271920930255,408.34345808804966,16602.41,6.804109,1452.2925,2.14033,17809.316,7.3146434,0,,,,,696.1271920930255,0.00035123056,408.34345808804966,0.00038599496,0.006770748,0.026876295
2149.7081086764597,17814.375,7.3145003,0.0030164502,132803,696.1274272630119,408.34147909045186,16604.4,6.803976,1449.3287,2.139033,17814.375,7.3145003,0,,,,,696.1274272630119,0.00035144587,408.34147909045186,0.0003859642,0.006539712,0.024684975
2149.7150532649766,17814.453,7.312761,0.0030165974,132804,696.1258409160232,408.34188793823927,16602.314,6.8023586,1450.3195,2.1387098,17814.453,7.312761,0,,,,,696.1258409160232,0.0003511324,408.34188793823927,0.00038599301,0.0047389953,0.024726396
2149.721997853495,17820.959,7.312109,0.0030167445,132805,696.1260676214147,408.3417551655887,16608.857,6.8017516,1447.5083,2.1377835,17820.959,7.312109,0,,,,,696.1260676214147,0.00035096487,408.3417551655887,0.00038573678,0.0054024765,0.02529355
2149.7289424417804,17831.059,7.3152356,0.0030168914,132806,696.1276369325273,408.34327724530016,16621.107,6.804661,1449.1339,2.1345162,17831.059,7.3152356,0,,,,,696.1276369325273,0.00035098096,408.34327724530016,0.0003858736,0.0068864203,0.025862128
2149.735887030065,17815.707,7.3152184,0.0030170383,132807,696.1252191553702,408.34124926192567,16603.83,6.8046446,1447.3081,2.1456535,17815.707,7.3152184,0,,,,,696.1252191553702,0.00035108143,408.34124926192567,0.0003861333,0.0035239607,0.023863345
2149.7428316183505,17822.023,7.3124404,0.0030171853,132808,696.1276423520038,408.34403391084066,16613.455,6.80206,1447.44,2.1352243,17822.023,7.3124404,0,,,,,696.1276423520038,0.00035105625,408.34403391084066,0.00038555448,0.006661886,0.02704377
2149.7497762066355,17825.166,7.316478,0.0030173322,132809,696.1261221803239,408.34232498814475,16616.33,6.805816,1451.3588,2.141162,17825.166,7.316478,0,,,,,696.1261221803239,0.00035087595,408.34232498814475,0.00038585477,0.0041454686,0.024848772
2149.7567207946877,17808.57,7.3125544,0.0030174789,132810,696.1270526145146,408.3424430383574,16604.607,6.8021665,1449.7457,2.1372771,17808.57,7.3125544,0,,,,,696.1270526145146,0.00035123882,408.3424430383574,0.00038556103,0.0063463957,0.025050065
2149.7636653827403,17825.55,7.313616,0.0030176255,132811,696.1260615717483,408.3421993157023,16618.92,6.8031535,1445.1733,2.1374412,17825.55,7.313616,0,,,,,696.1260615717483,0.00035060738,408.3421993157023,0.0003856451,0.00484947,0.025712736
2149.770609970792,17812.996,7.315019,0.0030177722,132812,696.1281800935951,408.34250562084446,16607.707,6.804459,1450.3683,2.1418245,17812.996,7.315019,0,,,,,696.1281800935951,0.00035111202,408.34250562084446,0.0003858342,0.006651092,0.025736079
2149.777554558611,17804.467,7.3134155,0.0030179187,132813,696.1271376842406,408.3415026987071,16600.63,6.802967,1447.8253,2.141036,17804.467,7.3134155,0,,,,,696.1271376842406,0.00035099813,408.3415026987071,0.00038611385,0.0058229947,0.0241644
2149.784499146431,17821.822,7.3154807,0.0030180651,132814,696.1263233830879,408.3422080004643,16613.195,6.8048882,1449.869,2.1389315,17821.822,7.3154807,0,,,,,696.1263233830879,0.00035118056,408.3422080004643,0.00038586263,0.0056558517,0.025766334
2149.7914437342506,17814.074,7.3140497,0.0030182116,132815,696.1264867250921,408.34053132891404,16610.195,6.8035574,1449.3893,2.1349142,17814.074,7.3140497,0,,,,,696.1264867250921,0.00035119138,408.34053132891404,0.00038574365,0.0050135823,0.02399677
2149.7983883218367,17830.494,7.3129354,0.0030183578,132816,696.1288437936951,408.3414600641671,16620.188,6.8025208,1447.7181,2.1324732,17830.494,7.3129354,0,,,,,696.1288437936951,0.0003508615,408.3414600641671,0.00038560212,0.007481697,0.024657637
2149.8053329094228,17820.71,7.316198,0.003018504,132817,696.1269285609742,408.341854931011,16611.164,6.8055553,1449.2751,2.1411915,17820.71,7.316198,0,,,,,696.1269285609742,0.0003512557,408.341854931011,0.0003857728,0.0047671674,0.024611903
2149.81227749701,17805.139,7.3123274,0.0030186502,132818,696.1266044964536,408.34108721426924,16592.758,6.801955,1450.9124,2.138704,17805.139,7.3123274,0,,,,,696.1266044964536,0.0003514128,408.34108721426924,0.00038644762,0.0060297656,0.023952037
2149.819222084364,17810.791,7.310483,0.0030187962,132819,696.1256646141782,408.34190584050526,16597.893,6.800239,1446.7164,2.135664,17810.791,7.310483,0,,,,,696.1256646141782,0.0003512271,408.34190584050526,0.00038576816,0.0044578156,0.025188973
2149.826166671717,17807.969,7.3111234,0.0030189422,132820,696.1259963501386,408.3418827729786,16597.73,6.800835,1449.1564,2.1382911,17807.969,7.3111234,0,,,,,696.1259963501386,0.00035131123,408.3418827729786,0.00038598798,0.004568391,0.02462862
2149.8331112590713,17817.201,7.31388,0.0030190882,132821,696.1262779574869,408.33968849106645,16601.643,6.803399,1450.4087,2.1370883,17817.201,7.31388,0,,,,,696.1262779574869,0.00035148585,408.33968849106645,0.0003860032,0.0037385905,0.02293133
2149.8400558464245,17813.379,7.313198,0.0030192342,132822,696.1266022186467,408.341173059992,16606.28,6.802765,1446.6023,2.139238,17813.379,7.313198,0,,,,,696.1266022186467,0.00035110998,408.341173059992,0.00038575407,0.0061260397,0.023998745
2149.847000433546,17814.459,7.316977,0.00301938,132823,696.1283920909843,408.34243156061143,16603.387,6.8062806,1451.6241,2.144202,17814.459,7.316977,0,,,,,696.1283920909843,0.00035134406,408.34243156061143,0.000386242,0.006009091,0.025510076
2149.8539450206667,17817.533,7.314355,0.0030195257,132824,696.1270278547837,408.34226112306646,16604.268,6.803841,1449.652,2.1388693,17817.533,7.314355,0,,,,,696.1270278547837,0.00035113838,408.34226112306646,0.0003861167,0.006600363,0.02507902
2149.8608896077876,17822.49,7.314643,0.0030196714,132825,696.126379923802,408.3405066357529,16614.188,6.8041086,1448.3466,2.1352525,17822.49,7.314643,0,,,,,696.126379923802,0.00035108975,408.3405066357529,0.00038585544,0.005658684,0.023627179
2149.867834194676,17819.309,7.3160214,0.003019817,132826,696.1285068822726,408.3419364437614,16612.902,6.805392,1452.8662,2.1412363,17819.309,7.3160214,0,,,,,696.1285068822726,0.00035111737,408.3419364437614,0.0003858076,0.007188038,0.025657833
2149.8747787815637,17815.438,7.311804,0.0030199625,132827,696.1257106036132,408.3404534274449,16603.422,6.801468,1449.3303,2.1369336,17815.438,7.311804,0,,,,,696.1257106036132,0.00035135876,408.3404534274449,0.0003857104,0.0044932305,0.023413448
2149.881723368452,17813.367,7.310561,0.003020108,132828,696.1256172587741,408.34057340652487,16600.377,6.8003125,1448.9316,2.136165,17813.367,7.310561,0,,,,,696.1256172587741,0.00035134135,408.34057340652487,0.00038585495,0.0040972703,0.02380551
2149.888667955107,17812.47,7.313568,0.0030202533,132829,696.1274017515614,408.3421117526929,16606.094,6.803109,1448.0991,2.1382296,17812.47,7.313568,0,,,,,696.1274017515614,0.00035137488,408.3421117526929,0.00038579287,0.0054217465,0.025107536
2149.8956125417617,17822.484,7.3133388,0.0030203986,132830,696.125306205556,408.34129698428484,16610.307,6.802896,1449.3289,2.1368177,17822.484,7.3133388,0,,,,,696.125306205556,0.0003511568,408.34129698428484,0.00038563675,0.00428993,0.024260981
2149.9025571284174,17827.246,7.313444,0.0030205438,132831,696.1272176497616,408.34205378089086,16619.002,6.802994,1445.9381,2.1359897,17827.246,7.313444,0,,,,,696.1272176497616,0.0003508292,408.34205378089086,0.00038535657,0.0062280386,0.02573699
2149.909501715073,17810.393,7.312392,0.0030206891,132832,696.1264614258224,408.3401910822879,16599.975,6.802016,1452.4082,2.1388285,17810.393,7.312392,0,,,,,696.1264614258224,0.00035133914,408.3401910822879,0.0003858936,0.00486823,0.022944631
2149.916446301495,17822.473,7.3143783,0.0030208342,132833,696.1267831334854,408.341235943929,16612.832,6.8038626,1451.9382,2.1384783,17822.473,7.3143783,0,,,,,696.1267831334854,0.00035092226,408.341235943929,0.00038567628,0.0052520614,0.025298314
2149.923390887918,17820.234,7.311514,0.0030209792,132834,696.1276234506884,408.3415582447485,16606.615,6.8011985,1449.8534,2.1354551,17820.234,7.311514,0,,,,,696.1276234506884,0.0003508743,408.3415582447485,0.00038578853,0.0066168816,0.024293428
2149.930335474108,17809.812,7.3137445,0.003021124,132835,696.1279970768172,408.3408199942681,16599.219,6.803273,1449.0946,2.13662,17809.812,7.3137445,0,,,,,696.1279970768172,0.0003516832,408.3408199942681,0.00038618507,0.0068357945,0.02389838
2149.9372800605297,17825.07,7.3154817,0.003021269,132836,696.1260198698886,408.34034707274003,16613.988,6.804889,1449.5844,2.1378872,17825.07,7.3154817,0,,,,,696.1260198698886,0.00035101187,408.34034707274003,0.00038575975,0.0045855404,0.023998454
2149.944224646719,17810.596,7.3112564,0.003021414,132837,696.1289274140705,408.3409841741908,16598.588,6.800959,1448.7377,2.1347275,17810.596,7.3112564,0,,,,,696.1289274140705,0.00035120596,408.3409841741908,0.00038592683,0.00796721,0.024288323
2149.951169232676,17815.623,7.31346,0.0030215585,132838,696.1257176095612,408.34121587851627,16603.736,6.803009,1451.448,2.138741,17815.623,7.31346,0,,,,,696.1257176095612,0.00035130657,408.34121587851627,0.0003859598,0.0050668255,0.02390177
2149.9581138188655,17813.049,7.311967,0.0030217033,132839,696.126887652583,408.3402983316152,16604.025,6.80162,1449.719,2.1376364,17813.049,7.311967,0,,,,,696.126887652583,0.00035098122,408.3402983316152,0.00038580492,0.0053624334,0.023628801
2149.9650584048222,17821.557,7.313482,0.003021848,132840,696.1257109651785,408.341103136493,16610.94,6.803029,1448.9548,2.1382155,17821.557,7.313482,0,,,,,696.1257109651785,0.00035109164,408.341103136493,0.00038558085,0.004777172,0.023679275
2149.9720029905466,17818.395,7.3158035,0.0030219923,132841,696.1250941499899,408.3409953966256,16610.64,6.805188,1452.3668,2.1384294,17818.395,7.3158035,0,,,,,696.1250941499899,0.00035108157,408.3409953966256,0.00038604566,0.0031198938,0.024037482
2149.9789475765033,17816.598,7.3130345,0.0030221369,132842,696.1264819518257,408.33886778786143,16610.744,6.8026133,1446.9852,2.1364903,17816.598,7.3130345,0,,,,,696.1264819518257,0.00035104153,408.33886778786143,0.0003857723,0.0057480684,0.021366494
2149.9858921622267,17813.357,7.314331,0.0030222812,132843,696.1276262207828,408.3394426281933,16601.94,6.8038187,1454.0092,2.1398363,17813.357,7.314331,0,,,,,696.1276262207828,0.000351324,408.3394426281933,0.00038606895,0.0072417944,0.022196852
2149.9928367479506,17805.025,7.3119617,0.0030224256,132844,696.1259504424535,408.34128614287175,16598.055,6.8016148,1448.4814,2.1369753,17805.025,7.3119617,0,,,,,696.1259504424535,0.0003513177,408.34128614287175,0.00038588938,0.0045200116,0.024739446
2149.9997813336745,17811.105,7.3114257,0.00302257,132845,696.1254794017876,408.3403889127596,16605.086,6.801116,1447.3444,2.1344333,17811.105,7.3114257,0,,,,,696.1254794017876,0.0003510643,408.3403889127596,0.0003854927,0.0037555993,0.023121953
2150.006725919165,17823.13,7.3152366,0.003022714,132846,696.1263503903739,408.3412850691912,16616.002,6.8046613,1451.1034,2.1417062,17823.13,7.3152366,0,,,,,696.1263503903739,0.0003509141,408.3412850691912,0.00038539612,0.0058220425,0.02437629
2150.013670504657,17805.998,7.316088,0.0030228582,132847,696.1263353949998,408.34018072486,16601.76,6.805454,1450.4381,2.1417596,17805.998,7.316088,0,,,,,696.1263353949998,0.00035148885,408.34018072486,0.0003860574,0.0048876475,0.022968335
2150.0206150899153,17822.863,7.3154554,0.003023002,132848,696.1268635187528,408.3415551027531,16615.908,6.804865,1450.9974,2.142093,17822.863,7.3154554,0,,,,,696.1268635187528,0.00035106018,408.3415551027531,0.00038547354,0.0057929144,0.024462365
2150.0275596754054,17820.373,7.316648,0.0030231462,132849,696.1266667656059,408.3397396485989,16613.584,6.8059745,1453.1543,2.1456847,17820.373,7.316648,0,,,,,696.1266667656059,0.00035110043,408.3397396485989,0.00038558803,0.0054710424,0.022575557
2150.034504260665,17816.68,7.312203,0.00302329,132850,696.1251171831744,408.3410263258727,16607.443,6.8018394,1448.109,2.1360176,17816.68,7.312203,0,,,,,696.1251171831744,0.00035117177,408.3410263258727,0.0003855779,0.0037234942,0.023464855
2150.0414488459232,17815.621,7.3118753,0.003023434,132851,696.1261410769905,408.3412406773808,16605.078,6.8015347,1446.7809,2.1351802,17815.621,7.3118753,0,,,,,696.1261410769905,0.00035129857,408.3412406773808,0.00038582226,0.0054926677,0.023974027
2150.0483934309477,17810.982,7.3134975,0.0030235776,132852,696.1259358845576,408.34131917762426,16601.414,6.803044,1448.6173,2.1407404,17810.982,7.3134975,0,,,,,696.1259358845576,0.00035121772,408.34131917762426,0.00038596356,0.0042629587,0.024116209
2150.0553380159745,17816.705,7.311699,0.0030237213,132853,696.1257951401542,408.3393688151981,16598.05,6.8013706,1448.1913,2.1385832,17816.705,7.311699,0,,,,,696.1257951401542,0.0003520245,408.3393688151981,0.00038573777,0.004578497,0.022722332
2150.062282601,17810.086,7.314285,0.003023865,132854,696.1273136482428,408.34047054743115,16602.033,6.803776,1448.2208,2.146034,17810.086,7.314285,0,,,,,696.1273136482428,0.00035113515,408.34047054743115,0.000385654,0.0058977096,0.023777928
2150.0692271857915,17817.193,7.3117547,0.0030240084,132855,696.1268512259526,408.3408208910985,16607.742,6.801422,1447.6564,2.1367593,17817.193,7.3117547,0,,,,,696.1268512259526,0.00035098684,408.3408208910985,0.0003856223,0.005422222,0.02405801
2150.0761717708165,17817.682,7.318352,0.003024152,132856,696.1272755311891,408.339884244563,16602.736,6.807559,1453.499,2.1496618,17817.682,7.318352,0,,,,,696.1272755311891,0.00035168885,408.339884244563,0.00038603373,0.0052541234,0.02238504
2150.0831163556095,17825.018,7.3177247,0.0030242954,132857,696.1243624642789,408.3412671329552,16607.754,6.8069754,1450.1836,2.152478,17825.018,7.3177247,0,,,,,696.1243624642789,0.00035131606,408.3412671329552,0.0003857406,0.0027441685,0.023866463
2150.0900609401697,17821.94,7.312819,0.0030244386,132858,696.126403491388,408.339327500513,16609.324,6.8024125,1450.0927,2.1380498,17821.94,7.312819,0,,,,,696.126403491388,0.00035121618,408.339327500513,0.0003856311,0.0060306024,0.022577932
2150.097005524962,17799.816,7.310867,0.003024582,132859,696.1272753957961,408.3415784968975,16589.354,6.8005967,1453.2065,2.1371076,17799.816,7.310867,0,,,,,696.1272753957961,0.00035156932,408.3415784968975,0.00038588716,0.0053605908,0.02392967
2150.1039501095215,17819.037,7.312047,0.0030247252,132860,696.1255927705334,408.34030700089176,16608.14,6.8016944,1449.072,2.1357088,17819.037,7.312047,0,,,,,696.1255927705334,0.0003512112,408.34030700089176,0.00038552028,0.0035471837,0.023638058
2150.1108946938493,17808.795,7.312253,0.0030248682,132861,696.1271769556913,408.3385257217985,16603.697,6.801886,1447.7831,2.1402435,17808.795,7.312253,0,,,,,696.1271769556913,0.00035113585,408.3385257217985,0.000385529,0.0062253894,0.021201804
2150.1178392784086,17810.926,7.3086376,0.0030250114,132862,696.1254718632425,408.33974009428204,16597.455,6.798523,1445.591,2.1328669,17810.926,7.3086376,0,,,,,696.1254718632425,0.00035125425,408.33974009428204,0.00038568646,0.0036417793,0.02231347
2150.1247838627355,17831.81,7.3136077,0.0030251544,132863,696.1251538825286,408.3416113193927,16624.184,6.803146,1445.1804,2.1353817,17831.81,7.3136077,0,,,,,696.1251538825286,0.00035081257,408.3416113193927,0.00038529956,0.004108572,0.023581905
2150.1317284470624,17817.697,7.312534,0.0030252973,132864,696.1264708250083,408.3401505155865,16610.709,6.8021474,1450.7051,2.134359,17817.697,7.312534,0,,,,,696.1264708250083,0.00035107735,408.3401505155865,0.0003857194,0.005569589,0.022592362
2150.138673031156,17807.52,7.3113804,0.00302544,132865,696.1245699619728,408.33959715096745,16600.361,6.801074,1449.6733,2.136298,17807.52,7.3113804,0,,,,,696.1245699619728,0.00035125838,408.33959715096745,0.0003857913,0.0029427288,0.022635372
2150.145617615251,17817.986,7.3149743,0.0030255828,132866,696.129072341262,408.34032988595834,16609.318,6.804417,1450.8583,2.1415055,17817.986,7.3149743,0,,,,,696.129072341262,0.00035132084,408.34032988595834,0.00038547858,0.007633808,0.022874704
2150.152562199345,17813.307,7.3111362,0.0030257255,132867,696.125305099309,408.33984144672587,16603.701,6.800847,1447.647,2.1346302,17813.307,7.3111362,0,,,,,696.125305099309,0.00035123102,408.33984144672587,0.0003856982,0.0041046436,0.02366754
2150.1595067834387,17822.39,7.313314,0.0030258682,132868,696.1257324742252,408.33916226908474,16614.516,6.802873,1447.9941,2.134762,17822.39,7.313314,0,,,,,696.1257324742252,0.00035111874,408.33916226908474,0.00038561123,0.003743361,0.022309441
2150.1664513673004,17819.11,7.314807,0.0030260107,132869,696.1256923163658,408.3409156791861,16610.793,6.8042617,1449.7338,2.140474,17819.11,7.314807,0,,,,,696.1256923163658,0.00035113425,408.3409156791861,0.00038560177,0.004213548,0.023365263
2150.173395951161,17800.479,7.309277,0.0030261532,132870,696.1262057194893,408.3395251428074,16591.44,6.7991176,1449.173,2.1372328,17800.479,7.309277,0,,,,,696.1262057194893,0.0003511436,408.3395251428074,0.00038585378,0.004637754,0.022462765
2150.180340535023,17823.236,7.315726,0.0030262957,132871,696.1268167160116,408.3412028573612,16618.914,6.805116,1447.1569,2.1379664,17823.236,7.315726,0,,,,,696.1268167160116,0.00035068192,408.3412028573612,0.0003856646,0.005543891,0.02423428
2150.1872851186513,17809.916,7.3124413,0.003026438,132872,696.1246807586095,408.33950466513005,16600.865,6.802061,1447.8062,2.1379545,17809.916,7.3124413,0,,,,,696.1246807586095,0.00035104388,408.33950466513005,0.00038606641,0.0027956148,0.021925097
2150.1942297022797,17825.135,7.3132434,0.0030265802,132873,696.1276739988828,408.34073805929705,16620.59,6.802807,1447.0901,2.135207,17825.135,7.3132434,0,,,,,696.1276739988828,0.00035075715,408.34073805929705,0.00038548253,0.0065795793,0.0234649
2150.2011742859086,17814.17,7.311068,0.0030267225,132874,696.1245131463972,408.3400445009876,16606.44,6.8007836,1446.6802,2.135223,17814.17,7.311068,0,,,,,696.1245131463972,0.00035106434,408.3400445009876,0.0003857023,0.003585551,0.022971924
2150.208118869536,17825.615,7.316182,0.0030268647,132875,696.1265172221456,408.33956771822125,16615.504,6.8055406,1449.7437,2.138027,17825.615,7.316182,0,,,,,696.1265172221456,0.0003510166,408.33956771822125,0.00038577925,0.0053667426,0.022734141
2150.2150634529316,17823.256,7.3140244,0.0030270068,132876,696.1255803018036,408.3402423779482,16610.598,6.803534,1448.4482,2.140674,17823.256,7.3140244,0,,,,,696.1255803018036,0.0003511904,408.3402423779482,0.0003855837,0.0044417544,0.023360435
2150.2220080363286,17808.434,7.3113823,0.0030271488,132877,696.1255475450164,408.33984620532317,16601.143,6.801076,1451.9993,2.1368492,17808.434,7.3113823,0,,,,,696.1255475450164,0.00035116496,408.33984620532317,0.00038559627,0.0042205323,0.02267516
2150.2289526194904,17800.936,7.310056,0.0030272906,132878,696.1243386224378,408.33971882900573,16588.037,6.7998424,1450.7656,2.135363,17800.936,7.310056,0,,,,,696.1243386224378,0.0003514456,408.33971882900573,0.00038611662,0.0031799707,0.023001824
2150.235897202886,17827.82,7.311787,0.0030274326,132879,696.1270680807293,408.3395379758838,16617.938,6.8014526,1444.8142,2.1335597,17827.82,7.311787,0,,,,,696.1270680807293,0.00035103702,408.3395379758838,0.00038551918,0.005778038,0.022598296
2150.2428417860497,17814.684,7.3120184,0.0030275744,132880,696.1251830143782,408.3397482877746,16605.975,6.8016677,1448.8108,2.1348283,17814.684,7.3120184,0,,,,,696.1251830143782,0.00035102593,408.3397482877746,0.00038570588,0.0036910675,0.02269248
2150.249786368979,17811.443,7.3158255,0.003027716,132881,696.1265219264089,408.3391526069263,16603.83,6.8052087,1449.8672,2.1453984,17811.443,7.3158255,0,,,,,696.1265219264089,0.00035119872,408.3391526069263,0.00038578006,0.0045672986,0.021974046
2150.256730952142,17808.637,7.31107,0.0030278577,132882,696.1263675395528,408.339953924268,16595.127,6.800785,1448.0326,2.135646,17808.637,7.31107,0,,,,,696.1263675395528,0.00035163414,408.339953924268,0.00038587864,0.005250898,0.02315936
2150.2636755350727,17823.363,7.313386,0.0030279993,132883,696.1270028716524,408.3404021554725,16609.545,6.80294,1446.982,2.1395931,17823.363,7.313386,0,,,,,696.1270028716524,0.0003512947,408.3404021554725,0.00038574025,0.0055804444,0.02271968
2150.270620118002,17818.566,7.31217,0.0030281409,132884,696.1251262567052,408.33838282329305,16608.336,6.801809,1445.7266,2.137239,17818.566,7.31217,0,,,,,696.1251262567052,0.00035109904,408.33838282329305,0.00038570646,0.0042980467,0.02161195
2150.2775647006983,17815.543,7.3117666,0.0030282822,132885,696.1255479685825,408.3392167895029,16605.213,6.8014336,1451.3162,2.1371648,17815.543,7.3117666,0,,,,,696.1255479685825,0.00035101807,408.3392167895029,0.00038580835,0.0031259027,0.02154422
2150.284509283396,17818.54,7.3126945,0.0030284235,132886,696.1262806991526,408.3375969893485,16608.918,6.8022966,1448.7081,2.134979,17818.54,7.3126945,0,,,,,696.1262806991526,0.00035111824,408.3375969893485,0.0003856923,0.0049628452,0.020313071
2150.291453866093,17812.178,7.3141437,0.0030285649,132887,696.1276806248172,408.34013577567873,16599.94,6.8036447,1452.1305,2.1423922,17812.178,7.3141437,0,,,,,696.1276806248172,0.00035184738,408.34013577567873,0.00038574362,0.0059828083,0.02286965
2150.29839844879,17817.154,7.311655,0.0030287062,132888,696.1259009259287,408.33845977156693,16609.166,6.8013296,1446.1691,2.134194,17817.154,7.311655,0,,,,,696.1259009259287,0.0003510295,408.33845977156693,0.00038548213,0.003735996,0.021189295
2150.305343031255,17820.363,7.3116355,0.0030288473,132889,696.1251716479011,408.3402106245313,16607.457,6.801312,1447.8387,2.1340325,17820.363,7.3116355,0,,,,,696.1251716479011,0.00035127328,408.3402106245313,0.000385501,0.003998884,0.022885337
2150.3122876137186,17814.97,7.312888,0.0030289884,132890,696.1252016342022,408.33942677986414,16608.215,6.8024764,1447.2013,2.1371074,17814.97,7.312888,0,,,,,696.1252016342022,0.00035119188,408.33942677986414,0.00038559915,0.0042035175,0.022804715
2150.3192321961833,17810.469,7.3101206,0.0030291295,132891,696.1263227333983,408.3386704838092,16599.254,6.799902,1447.841,2.1351578,17810.469,7.3101206,0,,,,,696.1263227333983,0.0003510552,408.3386704838092,0.00038580838,0.0056841965,0.021108381
2150.326176778415,17822.162,7.312296,0.0030292703,132892,696.1256326378453,408.33835068038263,16610.236,6.8019257,1446.5511,2.1365275,17822.162,7.312296,0,,,,,696.1256326378453,0.00035100148,408.33835068038263,0.00038552657,0.004413789,0.02176777
2150.333121360646,17822.863,7.3123236,0.0030294112,132893,696.125370245429,408.3383521810829,16613.074,6.8019514,1447.7216,2.1348124,17822.863,7.3123236,0,,,,,696.125370245429,0.0003510271,408.3383521810829,0.00038541525,0.003965785,0.02110815
2150.340065942878,17824.645,7.312228,0.003029552,132894,696.1252921406325,408.3394997774845,16614.63,6.8018627,1446.849,2.1348526,17824.645,7.312228,0,,,,,696.1252921406325,0.00035103958,408.3394997774845,0.00038538745,0.0034655696,0.021764439
2150.347010524877,17819.373,7.312721,0.0030296927,132895,696.1251049609538,408.3396210982458,16609.766,6.802321,1449.8458,2.1367984,17819.373,7.312721,0,,,,,696.1251049609538,0.00035110742,408.3396210982458,0.00038545314,0.003838582,0.02185327
2150.353955107108,17805.66,7.3115745,0.0030298335,132896,696.1268619314711,408.34055141326,16597.666,6.8012547,1451.2123,2.140919,17805.66,7.3115745,0,,,,,696.1268619314711,0.00035112392,408.34055141326,0.00038573908,0.0052930014,0.022832746
2150.360899689106,17797.63,7.30845,0.0030299742,132897,696.1249016755818,408.33943256929706,16585.049,6.7983484,1451.033,2.1363418,17797.63,7.30845,0,,,,,696.1249016755818,0.00035152916,408.33943256929706,0.0003859662,0.0034867108,0.02264337
2150.3678442708715,17812.504,7.310838,0.0030301146,132898,696.1253041359977,408.3392305475239,16602.115,6.80057,1449.3801,2.1345406,17812.504,7.310838,0,,,,,696.1253041359977,0.00035123128,408.3392305475239,0.00038578548,0.0046933014,0.021982225
2150.374788852638,17810.908,7.3118134,0.003030255,132899,696.1253493250654,408.33942875370883,16598.283,6.801477,1450.9763,2.138388,17810.908,7.3118134,0,,,,,696.1253493250654,0.0003515609,408.33942875370883,0.00038577046,0.0035254129,0.022157429
2150.381733434404,17809.863,7.3130183,0.0030303954,132900,696.1258432021623,408.3393425869427,16600.441,6.802598,1449.4347,2.1421769,17809.863,7.3130183,0,,,,,696.1258432021623,0.00035117142,408.3393425869427,0.0003857858,0.004652357,0.021812048
2150.3886780161693,17811.006,7.312456,0.0030305358,132901,696.1250041796844,408.33803057294716,16600.291,6.802075,1450.4615,2.1376517,17811.006,7.312456,0,,,,,696.1250041796844,0.0003515192,408.33803057294716,0.00038593114,0.0038161494,0.02023528
2150.3956225979355,17811.377,7.315333,0.0030306762,132902,696.1253377571153,408.33984802317843,16600.158,6.8047504,1447.9838,2.1473606,17811.377,7.315333,0,,,,,696.1253377571153,0.00035124324,408.33984802317843,0.00038589508,0.004239447,0.022823352
2150.402567179469,17815.08,7.3104124,0.0030308163,132903,696.1254331825746,408.3403824534519,16599.656,6.8001738,1448.3348,2.1357248,17815.08,7.3104124,0,,,,,696.1254331825746,0.00035133495,408.3403824534519,0.00038563594,0.0039872685,0.022984492
2150.4095117607685,17815.854,7.3117056,0.0030309563,132904,696.1270335410311,408.3401448042805,16603.76,6.801377,1448.8365,2.1379223,17815.854,7.3117056,0,,,,,696.1270335410311,0.00035119418,408.3401448042805,0.00038585605,0.006344321,0.022578511
2150.416456342302,17795.764,7.3106365,0.0030310964,132905,696.12758872586,408.3353655678275,16583.54,6.800382,1449.0448,2.1369426,17795.764,7.3106365,0,,,,,696.12758872586,0.00035179133,408.3353655678275,0.0003864092,0.006415896,0.01792118
2150.4234009236025,17814.947,7.3108597,0.0030312364,132906,696.1251711910111,408.3403513340317,16603.27,6.80059,1447.8656,2.1354218,17814.947,7.3108597,0,,,,,696.1251711910111,0.00035106143,408.3403513340317,0.00038571205,0.0024211928,0.022676615
2150.430345504902,17825.264,7.3135257,0.0030313763,132907,696.1256468814908,408.33882609090733,16617.152,6.80307,1445.9259,2.135668,17825.264,7.3135257,0,,,,,696.1256468814908,0.00035101475,408.33882609090733,0.00038551315,0.003970683,0.019997703
2150.4372900862027,17820.291,7.314505,0.0030315162,132908,696.1246175752918,408.3398118274323,16613.088,6.803981,1446.064,2.1365302,17820.291,7.314505,0,,,,,696.1246175752918,0.0003510526,408.3398118274323,0.00038579345,0.0031984807,0.023010047
2150.4442346672704,17820.559,7.314109,0.003031656,132909,696.1253197293272,408.3382896509659,16611.396,6.8036127,1447.0891,2.1414094,17820.559,7.314109,0,,,,,696.1253197293272,0.00035094912,408.3382896509659,0.00038575556,0.004291008,0.021559058
2150.451179248337,17810.04,7.311193,0.0030317956,132910,696.123844484217,408.33794048050544,16600.158,6.8009,1446.7974,2.139467,17810.04,7.311193,0,,,,,696.123844484217,0.00035121635,408.33794048050544,0.0003857502,0.0026834835,0.020462992
2150.4581238294036,17825.332,7.313558,0.0030319353,132911,696.1248182481442,408.3395810806669,16617.365,6.8030996,1445.1736,2.1387537,17825.332,7.313558,0,,,,,696.1248182481442,0.00035073957,408.3395810806669,0.00038543405,0.0036886865,0.022752611
2150.465068410238,17809.521,7.3086743,0.0030320748,132912,696.1241884844566,408.33873929879786,16597.611,6.7985573,1445.823,2.1332262,17809.521,7.3086743,0,,,,,696.1241884844566,0.000351233,408.33873929879786,0.0003858459,0.0028255633,0.021752486
2150.4720129910734,17810.473,7.309231,0.0030322142,132913,696.1246062717721,408.3384966460613,16594.541,6.7990746,1447.9045,2.1355104,17810.473,7.309231,0,,,,,696.1246062717721,0.0003514374,408.3384966460613,0.00038586886,0.0029159242,0.021700604
2150.4789575719074,17821.307,7.312538,0.0030323537,132914,696.1259841531753,408.33778379315976,16608.672,6.802151,1447.0692,2.1379373,17821.307,7.312538,0,,,,,696.1259841531753,0.00035103306,408.33778379315976,0.0003858257,0.004177837,0.020122802
2150.485902152509,17812.322,7.312681,0.003032493,132915,696.1245107021871,408.33849964462104,16604.621,6.8022842,1447.1245,2.1406841,17812.322,7.312681,0,,,,,696.1245107021871,0.00035104068,408.33849964462104,0.0003858792,0.004027414,0.022018058
2150.492846733344,17808.123,7.3119745,0.0030326324,132916,696.1249339085952,408.3389746803018,16593.48,6.801627,1452.6982,2.1391523,17808.123,7.3119745,0,,,,,696.1249339085952,0.00035150116,408.3389746803018,0.00038614063,0.0038968273,0.02179639
2150.499791313945,17821.252,7.311563,0.0030327716,132917,696.1252118841772,408.33962880485836,16608.594,6.8012443,1448.1605,2.1361048,17821.252,7.311563,0,,,,,696.1252118841772,0.00035107817,408.33962880485836,0.00038554397,0.0039214315,0.022545166
2150.5067358943143,17801.545,7.313732,0.0030329106,132918,696.1247127888289,408.3390294828175,16591.99,6.803262,1450.0084,2.141139,17801.545,7.313732,0,,,,,696.1247127888289,0.00035149133,408.3390294828175,0.00038602555,0.0035530815,0.022636663
2150.5136804749163,17816.246,7.3117976,0.0030330499,132919,696.1265020934308,408.3388011503264,16602.05,6.801462,1448.3783,2.1359491,17816.246,7.3117976,0,,,,,696.1265020934308,0.00035165445,408.3388011503264,0.00038575518,0.004726127,0.021255681
2150.5206250552847,17814.816,7.31109,0.0030331889,132920,696.1256621442794,408.33882749156334,16599.074,6.800804,1448.2985,2.136727,17814.816,7.31109,0,,,,,696.1256621442794,0.00035116632,408.33882749156334,0.00038585067,0.004230523,0.021346005
2150.527569635421,17815.477,7.311589,0.0030333276,132921,696.1247653572093,408.33828936797846,16602.549,6.801268,1447.9723,2.1379015,17815.477,7.311589,0,,,,,696.1247653572093,0.0003510899,408.33828936797846,0.00038571138,0.0033196309,0.020463074
2150.5345142157903,17821.578,7.3160214,0.0030334666,132922,696.1247509200472,408.3384099560999,16608.639,6.805392,1450.29,2.1412413,17821.578,7.3160214,0,,,,,696.1247509200472,0.00035127447,408.3384099560999,0.00038605396,0.0037927248,0.021568544
2150.541458795926,17807.332,7.3115153,0.0030336054,132923,696.1260476952659,408.33820325479167,16595.072,6.8012,1447.5186,2.1359682,17807.332,7.3115153,0,,,,,696.1260476952659,0.00035147156,408.33820325479167,0.00038628466,0.0052489415,0.020957805
2150.5484033760613,17826.412,7.3143697,0.0030337442,132924,696.1252011281749,408.3372176664498,16619.193,6.803855,1444.0381,2.13792,17826.412,7.3143697,0,,,,,696.1252011281749,0.0003508435,408.3372176664498,0.00038554004,0.0040510814,0.019818189
2150.555347955965,17814.68,7.312305,0.0030338827,132925,696.1263886533418,408.3381934899093,16602.898,6.8019347,1450.6471,2.13821,17814.68,7.312305,0,,,,,696.1263886533418,0.00035123507,408.3381934899093,0.0003858077,0.0047200066,0.02049613
2150.5622925358675,17809.312,7.312765,0.0030340212,132926,696.1245630680205,408.33932884984785,16598.105,6.802362,1449.1204,2.1416402,17809.312,7.312765,0,,,,,696.1245630680205,0.0003512065,408.33932884984785,0.00038579287,0.0033616584,0.021744633
2150.569237115771,17817.865,7.311427,0.0030341598,132927,696.1251545654844,408.3377377382034,16605.48,6.801118,1450.0358,2.136024,17817.865,7.311427,0,,,,,696.1251545654844,0.00035113256,408.3377377382034,0.0003858868,0.003285132,0.020642648
2150.576181695674,17797.453,7.3109255,0.0030342983,132928,696.1242726897971,408.337824957018,16590.707,6.800651,1450.1936,2.137103,17797.453,7.3109255,0,,,,,696.1242726897971,0.00035152113,408.337824957018,0.00038609596,0.0018453725,0.02050412
2150.5831262753445,17822.756,7.3123813,0.0030344366,132929,696.1250041959643,408.33921935099414,16612.635,6.802005,1444.8822,2.1344852,17822.756,7.3123813,0,,,,,696.1250041959643,0.00035130387,408.33921935099414,0.00038553053,0.0041584237,0.022139784
2150.5900708550153,17816.484,7.3108187,0.003034575,132930,696.1252085982657,408.33857819218855,16602.96,6.800552,1445.3356,2.138131,17816.484,7.3108187,0,,,,,696.1252085982657,0.00035109316,408.33857819218855,0.00038558224,0.0030247679,0.020822538
2150.597015434685,17815.51,7.3187437,0.0030347132,132931,696.1252467151434,408.33820108466136,16603.916,6.8079233,1452.0944,2.1423202,17815.51,7.3187437,0,,,,,696.1252467151434,0.00035157485,408.33820108466136,0.00038643464,0.0039792736,0.020785905
2150.603960014356,17809.936,7.3128996,0.0030348515,132932,696.1255383129684,408.33827280943797,16603.527,6.8024874,1448.2789,2.1377172,17809.936,7.3128996,0,,,,,696.1255383129684,0.00035116792,408.33827280943797,0.00038591202,0.004528548,0.021126585
2150.6109045937937,17812.354,7.311448,0.0030349896,132933,696.1242679664209,408.3387424073471,16604.064,6.801137,1449.299,2.137312,17812.354,7.311448,0,,,,,696.1242679664209,0.0003510687,408.3387424073471,0.00038571696,0.002855849,0.021018371
2150.6178491732308,17813.33,7.315333,0.0030351277,132934,696.125865164885,408.3378318502382,16608.209,6.8047504,1450.3485,2.1394804,17813.33,7.315333,0,,,,,696.125865164885,0.00035105186,408.3378318502382,0.00038603312,0.004151606,0.020427456
2150.624793752436,17814.318,7.316765,0.0030352655,132935,696.1256280321071,408.3372941090882,16605.318,6.806083,1452.3085,2.1384254,17814.318,7.316765,0,,,,,696.1256280321071,0.00035167643,408.3372941090882,0.00038613725,0.0046489113,0.019907968
2150.631738331641,17814.158,7.313155,0.0030354033,132936,696.1244252710406,408.33803013461073,16606.213,6.8027253,1448.2966,2.1384137,17814.158,7.313155,0,,,,,696.1244252710406,0.0003510112,408.33803013461073,0.0003856964,0.0027216629,0.020963527
2150.6386829108446,17812.162,7.312096,0.0030355412,132937,696.1242384071084,408.3379958108296,16597.219,6.8017397,1451.2284,2.1382928,17812.162,7.312096,0,,,,,696.1242384071084,0.00035152084,408.3379958108296,0.00038561044,0.0030463282,0.02035886
2150.6456274900493,17813.613,7.313444,0.003035679,132938,696.1247295138967,408.3367152363778,16602.191,6.802994,1447.9825,2.1456418,17813.613,7.313444,0,,,,,696.1247295138967,0.0003511017,408.3367152363778,0.00038573434,0.0040383693,0.01951132
2150.6525720690215,17817.22,7.3138866,0.0030358166,132939,696.1251088087107,408.3382418448401,16604.098,6.8034053,1448.5533,2.1417663,17817.22,7.3138866,0,,,,,696.1251088087107,0.00035127992,408.3382418448401,0.00038573172,0.0034452635,0.02079818
2150.659516647993,17819.164,7.3150377,0.0030359542,132940,696.1237187343792,408.3379636394499,16610.074,6.8044763,1452.1438,2.138138,17819.164,7.3150377,0,,,,,696.1237187343792,0.0003511746,408.3379636394499,0.00038600774,0.002650969,0.020479232
2150.666461226965,17820.906,7.3173532,0.0030360918,132941,696.1288963772946,408.3360593042926,16607.402,6.80663,1448.9438,2.1468797,17820.906,7.3173532,0,,,,,696.1288963772946,0.00035169377,408.3360593042926,0.0003858224,0.008309171,0.019510139
2150.673405805937,17807.283,7.311054,0.0030362294,132942,696.1253169331618,408.3378576837177,16597.074,6.8007708,1449.859,2.136744,17807.283,7.311054,0,,,,,696.1253169331618,0.0003511119,408.3378576837177,0.00038584264,0.0039948295,0.020454427
2150.6803503846754,17810.527,7.310722,0.0030363668,132943,696.1247600574794,408.3373172112521,16599.717,6.800462,1449.1758,2.136876,17810.527,7.310722,0,,,,,696.1247600574794,0.00035126196,408.3373172112521,0.00038565975,0.0033987518,0.019521566
2150.6872949634153,17810.607,7.313681,0.0030365041,132944,696.1240069826692,408.33753658260594,16599.467,6.8032146,1449.8254,2.1377323,17810.607,7.313681,0,,,,,696.1240069826692,0.00035150646,408.33753658260594,0.00038612532,0.0023983398,0.02039114
2150.6942395419214,17808.107,7.311216,0.0030366413,132945,696.1244116825351,408.3378271181131,16595.273,6.8009214,1450.2559,2.140619,17808.107,7.311216,0,,,,,696.1244116825351,0.00035125116,408.3378271181131,0.00038590957,0.0032719465,0.020385526
2150.70118412066,17813.986,7.3091617,0.0030367787,132946,696.1240352598605,408.3368508774312,16603.812,6.7990108,1448.8677,2.1327477,17813.986,7.3091617,0,,,,,696.1240352598605,0.0003509393,408.3368508774312,0.00038582188,0.0018879861,0.019189326
2150.708128699167,17822.375,7.311766,0.0030369158,132947,696.1246048640544,408.33802535385473,16613.729,6.801433,1444.6494,2.1346657,17822.375,7.311766,0,,,,,696.1246048640544,0.0003508781,408.33802535385473,0.00038555873,0.0035217335,0.020448893
2150.7150732774403,17818.441,7.3117385,0.0030370527,132948,696.1250680004918,408.33718711439656,16608.465,6.8014073,1446.7769,2.1347952,17818.441,7.3117385,0,,,,,696.1250680004918,0.000350797,408.33718711439656,0.00038583952,0.0035671534,0.020068245
2150.7220178559455,17806.129,7.3111544,0.0030371898,132949,696.1245225882791,408.3356817784374,16599.143,6.8008637,1447.6506,2.1352808,17806.129,7.3111544,0,,,,,696.1245225882791,0.0003509639,408.3356817784374,0.00038584022,0.003155225,0.018720051
2150.7289624342193,17820.664,7.315077,0.0030373267,132950,696.1259890092033,408.33774391085313,16606.701,6.8045125,1449.4043,2.1447806,17820.664,7.315077,0,,,,,696.1259890092033,0.00035128815,408.33774391085313,0.00038566958,0.004755072,0.0201771
2150.735907012493,17810.955,7.312848,0.0030374636,132951,696.1241919015849,408.3367624123192,16602.252,6.8024397,1446.48,2.1383832,17810.955,7.312848,0,,,,,696.1241919015849,0.00035107278,408.3367624123192,0.00038562313,0.0029487,0.020024288
2150.742851590533,17803.7,7.3107104,0.0030376003,132952,696.1258036993509,408.337360264736,16597.08,6.800451,1449.9082,2.1366358,17803.7,7.3107104,0,,,,,696.1258036993509,0.00035107022,408.337360264736,0.0003861348,0.0042825253,0.020593064
2150.749796168574,17801.133,7.3108215,0.003037737,132953,696.1267829296191,408.3383097489768,16591.32,6.8005543,1445.9033,2.1377537,17801.133,7.3108215,0,,,,,696.1267829296191,0.0003516754,408.3383097489768,0.00038604083,0.0052098315,0.020792099
2150.7567407466145,17802.44,7.3118353,0.0030378737,132954,696.123967684792,408.33712989189223,16588.32,6.8014975,1450.6083,2.1406343,17802.44,7.3118353,0,,,,,696.123967684792,0.00035180402,408.33712989189223,0.0003859515,0.0022302985,0.019310646
2150.763685324655,17826.566,7.310763,0.0030380103,132955,696.1260018654806,408.33781612246065,16610.578,6.8004994,1445.2762,2.1343243,17826.566,7.310763,0,,,,,696.1260018654806,0.0003511678,408.33781612246065,0.0003856726,0.0053844205,0.020222584
2150.770629902463,17815.418,7.3101597,0.0030381468,132956,696.1225590698965,408.33768391148607,16604.78,6.7999387,1446.905,2.1324358,17815.418,7.3101597,0,,,,,696.1225590698965,0.00035111126,408.33768391148607,0.00038544775,0.0017035767,0.02088825
2150.7775744802707,17807.123,7.308721,0.0030382832,132957,696.1245931428498,408.33753917502605,16595.879,6.7986007,1445.0598,2.136108,17807.123,7.308721,0,,,,,696.1245931428498,0.00035105637,408.33753917502605,0.00038586382,0.0033285646,0.019766245
2150.7845190580783,17816.818,7.313413,0.0030384196,132958,696.1236702013252,408.33710242770906,16601.428,6.802965,1446.3883,2.1385236,17816.818,7.313413,0,,,,,696.1236702013252,0.00035131205,408.33710242770906,0.00038608097,0.0024004104,0.019271437
2150.7914636356527,17832.447,7.313711,0.0030385558,132959,696.1249162883522,408.3380730896477,16621.46,6.8032427,1446.4158,2.135961,17832.447,7.313711,0,,,,,696.1249162883522,0.00035067552,408.3380730896477,0.00038558966,0.0038758134,0.02073713
2150.7984082134603,17813.688,7.310934,0.0030386923,132960,696.1249111769256,408.3356596275878,16598.49,6.8006587,1448.1587,2.1384833,17813.688,7.310934,0,,,,,696.1249111769256,0.0003510905,408.3356596275878,0.00038603964,0.0029856432,0.01728933
2150.805352790803,17808.451,7.310377,0.0030388283,132961,696.1266633610925,408.33806408763354,16593.322,6.800141,1449.824,2.1377268,17808.451,7.310377,0,,,,,696.1266633610925,0.00035157998,408.33806408763354,0.00038596176,0.004518241,0.020437066
2150.8122973683776,17822.08,7.3119173,0.0030389645,132962,696.125166214401,408.33736964123017,16610.39,6.8015733,1447.1475,2.1339974,17822.08,7.3119173,0,,,,,696.125166214401,0.00035101327,408.33736964123017,0.00038573274,0.0032140578,0.019603005
2150.819241945719,17816.072,7.3123255,0.0030391004,132963,696.1232691842661,408.3356823863465,16604.732,6.801954,1447.8112,2.135158,17816.072,7.3123255,0,,,,,696.1232691842661,0.00035102965,408.3356823863465,0.00038589115,0.0017512869,0.018872615
2150.8261865230616,17820.701,7.3117747,0.0030392364,132964,696.1263760089669,408.33802635623346,16608.129,6.801441,1449.3506,2.135931,17820.701,7.3117747,0,,,,,696.1263760089669,0.00035090875,408.33802635623346,0.0003858325,0.005281181,0.019990064
2150.833131100404,17811.473,7.312195,0.0030393724,132965,696.1240755849308,408.3364568247806,16598.021,6.8018317,1447.074,2.1412654,17811.473,7.312195,0,,,,,696.1240755849308,0.0003513624,408.3364568247806,0.00038594494,0.0023154917,0.019496957
2150.8400756775127,17807.725,7.3108916,0.0030395081,132966,696.1226733450618,408.33650290740223,16593.342,6.8006196,1445.5781,2.1406448,17807.725,7.3108916,0,,,,,696.1226733450618,0.0003512869,408.33650290740223,0.0003859751,0.0013399912,0.018633986
2150.8470202546223,17821.125,7.3151717,0.0030396439,132967,696.1228549153777,408.3382655969545,16609.578,6.804601,1446.8446,2.1379132,17821.125,7.3151717,0,,,,,696.1228549153777,0.00035132864,408.3382655969545,0.00038591164,0.0018706623,0.021041257
2150.8539648317314,17809.182,7.312528,0.0030397796,132968,696.1252412516416,408.33727996261416,16593.766,6.8021417,1445.7224,2.1358685,17809.182,7.312528,0,,,,,696.1252412516416,0.0003515413,408.33727996261416,0.00038625463,0.003909244,0.020040704
2150.86090940884,17825.955,7.3137703,0.0030399153,132969,696.1258060078517,408.337715488443,16614.295,6.8032975,1449.8002,2.1377954,17825.955,7.3137703,0,,,,,696.1258060078517,0.00035093323,408.337715488443,0.00038591743,0.004861987,0.02026763
2150.8678539857174,17809.135,7.3107557,0.0030400509,132970,696.1233928277101,408.33548703285163,16596.475,6.800493,1450.6492,2.1367993,17809.135,7.3107557,0,,,,,696.1233928277101,0.00035117322,408.33548703285163,0.00038592974,0.0013019377,0.018235065
2150.8747985625937,17817.688,7.3105826,0.0030401864,132971,696.1245018534116,408.3381354841039,16607.422,6.800332,1445.734,2.1348045,17817.688,7.3105826,0,,,,,696.1245018534116,0.00035081632,408.3381354841039,0.00038560655,0.0032354093,0.020532437
2150.8817431392367,17807.455,7.308509,0.0030403216,132972,696.1250403863636,408.33865623775694,16592.814,6.798403,1447.8859,2.1350565,17807.455,7.308509,0,,,,,696.1250403863636,0.00035128224,408.33865623775694,0.00038590573,0.0040236055,0.021182872
2150.888687716114,17813.27,7.3099675,0.0030404571,132973,696.1239452770628,408.3365528539966,16593.844,6.79976,1449.8192,2.1362402,17813.27,7.3099675,0,,,,,696.1239452770628,0.00035153236,408.3365528539966,0.00038563303,0.002187634,0.018612802
2150.8956322927575,17803.512,7.3089952,0.0030405924,132974,696.122605309034,408.33698479545984,16585.81,6.798856,1448.8021,2.1373446,17803.512,7.3089952,0,,,,,696.122605309034,0.00035146205,408.33698479545984,0.00038621042,0.00045193546,0.018786745
2150.902576869167,17814.25,7.312125,0.0030407275,132975,696.1248523140451,408.337303092385,16594.377,6.801767,1447.7035,2.1434085,17814.25,7.312125,0,,,,,696.1248523140451,0.00035164173,408.337303092385,0.00038578885,0.003291186,0.02018673
2150.9372997509886,17813.068,7.3155036,0.0030414024,132980,696.1258298037782,408.3373490136522,16607.15,6.8049097,1451.4321,2.1417542,17813.068,7.3155036,0,,,,,696.1258298037782,0.00035093667,408.3373490136522,0.00038583484,0.003486869,0.020054454
2150.9442443271664,17815.35,7.311506,0.0030415372,132981,696.12358521897,408.3357253565776,16609.113,6.801191,1445.0502,2.1337478,17815.35,7.311506,0,,,,,696.12358521897,0.00035050782,408.3357253565776,0.000385674,0.0020443606,0.018423252
2150.951188903344,17807.832,7.3104086,0.003041672,132982,696.1240901503861,408.33723197458045,16599.762,6.8001704,1446.4664,2.1334596,17807.832,7.3104086,0,,,,,696.1240901503861,0.00035117604,408.33723197458045,0.0003859256,0.0024498168,0.019643389
2150.9581334792892,17818.232,7.315647,0.0030418066,132983,696.1249681328429,408.33642354712464,16613.525,6.805043,1450.7262,2.1414306,17818.232,7.315647,0,,,,,696.1249681328429,0.0003509056,408.33642354712464,0.00038546225,0.0033196663,0.018787516
2150.9650780552347,17811.438,7.3100057,0.0030419412,132984,696.124440091171,408.3367476572106,16606.459,6.799795,1445.161,2.1326284,17811.438,7.3100057,0,,,,,696.124440091171,0.00035082403,408.3367476572106,0.0003858256,0.0029118154,0.019669028
2150.9720226311792,17799.078,7.309408,0.0030420758,132985,696.1241760399377,408.33738579459674,16596.309,6.799239,1447.302,2.136375,17799.078,7.309408,0,,,,,696.1241760399377,0.00035082552,408.33738579459674,0.00038563987,0.0030083335,0.020077216
2150.9789672071242,17808.094,7.3115096,0.0030422104,132986,696.125101547237,408.3361412221218,16604.154,6.8011947,1449.068,2.1357849,17808.094,7.3115096,0,,,,,696.125101547237,0.0003506889,408.3361412221218,0.00038564127,0.0037330477,0.018706298
2150.9859117828373,17826.377,7.3135233,0.0030423447,132987,696.1236159964669,408.33721997970866,16617.975,6.803067,1445.7274,2.133814,17826.377,7.3135233,0,,,,,696.1236159964669,0.00035087694,408.33721997970866,0.0003855196,0.0018716963,0.020014321
2150.992856358549,17806.586,7.3105187,0.003042479,132988,696.1240624242424,408.3358163606903,16597.758,6.8002725,1450.3693,2.1376116,17806.586,7.3105187,0,,,,,696.1240624242424,0.0003508898,408.3358163606903,0.0003862833,0.0034308992,0.01839833
2150.999800934028,17814.785,7.3175683,0.0030426132,132989,696.1246499774385,408.3374731980479,16610.293,6.8068304,1447.6027,2.1470733,17814.785,7.3175683,0,,,,,696.1246499774385,0.0003508554,408.3374731980479,0.00038569554,0.002836947,0.01984185
2151.0067455097405,17812.049,7.313321,0.0030427475,132990,696.1254680211753,408.3365554943287,16608.363,6.80288,1447.4242,2.1409564,17812.049,7.313321,0,,,,,696.1254680211753,0.0003508115,408.3365554943287,0.00038564115,0.0032321531,0.019161226
2151.0136900852203,17818.746,7.3127766,0.0030428816,132991,696.1245576504625,408.3368531620916,16613.475,6.8023734,1447.9135,2.1358619,17818.746,7.3127766,0,,,,,696.1245576504625,0.00035094458,408.3368531620916,0.0003856248,0.003414752,0.019521024
2151.0206346604664,17810.408,7.3201404,0.0030430155,132992,696.1244900685274,408.33590945861,16603.904,6.8092227,1446.4948,2.1550121,17810.408,7.3201404,0,,,,,696.1244900685274,0.0003510888,408.33590945861,0.00038616522,0.0036270842,0.01815726
2151.027579235946,17809.934,7.311059,0.0030431496,132993,696.1241806328828,408.3359061285825,16603.934,6.8007755,1449.9458,2.136133,17809.934,7.311059,0,,,,,696.1241806328828,0.00035080267,408.3359061285825,0.00038559816,0.0021206087,0.018919628
2151.0345238111927,17819.207,7.314878,0.0030432835,132994,696.1236384912854,408.33536547120093,16614.627,6.8043275,1447.7196,2.1376708,17819.207,7.314878,0,,,,,696.1236384912854,0.00035076498,408.33536547120093,0.0003857135,0.0019003756,0.018038103
2151.0414683864387,17820.867,7.3145313,0.0030434174,132995,696.1236053278069,408.33581621694566,16615.71,6.804005,1448.8689,2.1398108,17820.867,7.3145313,0,,,,,696.1236053278069,0.0003506833,408.33581621694566,0.00038551926,0.0026807701,0.018696923
2151.0484129614533,17813.613,7.312735,0.003043551,132996,696.1245606217876,408.3356835332611,16609.273,6.8023343,1445.1989,2.13556,17813.613,7.312735,0,,,,,696.1245606217876,0.00035073204,408.3356835332611,0.00038569127,0.0032554881,0.018805915
2151.055357536467,17815.451,7.311555,0.0030436846,132997,696.123527311776,408.3360505537454,16610.143,6.8012366,1445.0337,2.1356368,17815.451,7.311555,0,,,,,696.123527311776,0.00035084595,408.3360505537454,0.00038567354,0.002032064,0.0185705
2151.06230211148,17817.412,7.3146152,0.0030438183,132998,696.1245203856924,408.33571272974007,16609.256,6.804084,1448.1664,2.143476,17817.412,7.3146152,0,,,,,696.1245203856924,0.0003507342,408.33571272974007,0.0003857738,0.0031992989,0.017895415
2151.069246686495,17803.832,7.311154,0.003043952,132999,696.1240266942232,408.337606455778,16596.555,6.8008633,1449.161,2.1368377,17803.832,7.311154,0,,,,,696.1240266942232,0.00035127357,408.337606455778,0.00038593324,0.002570534,0.019774526
2151.0761912612757,17818.17,7.3105664,0.0030440853,133000,696.1241527880637,408.33690845022187,16611.838,6.8003173,1445.5306,2.1324852,17818.17,7.3105664,0,,,,,696.1241527880637,0.00035061027,408.33690845022187,0.00038546752,0.002584179,0.019294715
2151.0831358360556,17824.219,7.3137393,0.0030442188,133001,696.1243293012185,408.3361465156021,16618.814,6.803269,1443.4346,2.136693,17824.219,7.3137393,0,,,,,696.1243293012185,0.00035059164,408.3361465156021,0.0003856073,0.002910965,0.018873716
2151.090080410837,17812.898,7.313663,0.0030443522,133002,696.1247385643144,408.33580500214714,16607.13,6.8031974,1449.1141,2.1390545,17812.898,7.313663,0,,,,,696.1247385643144,0.00035079318,408.33580500214714,0.00038558347,0.0036435798,0.018134147
2151.097024985618,17800.443,7.310013,0.0030444856,133003,696.123977580057,408.3362681459208,16595.395,6.799802,1447.9982,2.1344914,17800.443,7.310013,0,,,,,696.123977580057,0.000350923,408.3362681459208,0.00038583914,0.0019581874,0.019325228
2151.1039695601658,17819.055,7.3132467,0.0030446188,133004,696.1245391595925,408.3355887091243,16611.982,6.8028107,1444.0466,2.1323357,17819.055,7.3132467,0,,,,,696.1245391595925,0.00035080808,408.3355887091243,0.0003859961,0.0028602215,0.017831003
2151.110914134714,17818.459,7.312266,0.003044752,133005,696.1245876732625,408.3372632841673,16613.0,6.801898,1444.6879,2.1333838,17818.459,7.312266,0,,,,,696.1245876732625,0.0003506577,408.3372632841673,0.00038557564,0.003168626,0.019847212
2151.1178587090294,17819.072,7.3143563,0.003044885,133006,696.1240923778472,408.3357764724653,16609.996,6.8038425,1449.6791,2.1379845,17819.072,7.3143563,0,,,,,696.1240923778472,0.00035086335,408.3357764724653,0.00038573658,0.0020521625,0.018737568
2151.1248032833446,17814.803,7.315868,0.0030450178,133007,696.1231722298875,408.33533712568794,16608.357,6.8052487,1447.0326,2.1402214,17814.803,7.315868,0,,,,,696.1231722298875,0.0003507478,408.33533712568794,0.00038609834,0.0015160932,0.01783314
2151.1317478576602,17815.238,7.3106766,0.0030451508,133008,696.124819891965,408.3356965559757,16609.047,6.8004193,1445.3452,2.1335278,17815.238,7.3106766,0,,,,,696.124819891965,0.0003506849,408.3356965559757,0.00038546824,0.0037143412,0.017769447
2151.1386924319754,17831.049,7.31991,0.0030452837,133009,696.1246349804481,408.3354263651718,16622.69,6.8090086,1446.842,2.1430178,17831.049,7.31991,0,,,,,696.1246349804481,0.00035078713,408.3354263651718,0.00038593606,0.0029457668,0.017954895
2151.1456370062906,17802.852,7.312309,0.0030454167,133010,696.124340849545,408.3363818856314,16599.166,6.8019376,1449.5044,2.1357949,17802.852,7.312309,0,,,,,696.124340849545,0.00035106827,408.3363818856314,0.00038583478,0.0030977302,0.018657768
2151.1525815803734,17796.336,7.3107247,0.0030455494,133011,696.1242340282994,408.3359790371997,16592.076,6.800464,1445.9071,2.1357772,17796.336,7.3107247,0,,,,,696.1242340282994,0.00035093346,408.3359790371997,0.00038615367,0.0019197947,0.018169278
2151.1595261544553,17820.207,7.3120356,0.003045682,133012,696.124232474851,408.33636778583,16612.492,6.8016834,1444.1547,2.1352475,17820.207,7.3120356,0,,,,,696.124232474851,0.00035072197,408.33636778583,0.00038541047,0.0030434635,0.018918727
2151.1664707283053,17812.053,7.3112483,0.0030458146,133013,696.1234113165663,408.33508119779054,16607.268,6.800951,1447.3337,2.1348205,17812.053,7.3112483,0,,,,,696.1234113165663,0.00035082857,408.33508119779054,0.00038557165,0.002031659,0.01780112
2151.1734153021553,17818.523,7.316149,0.003045947,133014,696.1233692391935,408.3368920718177,16610.006,6.80551,1445.0795,2.1482086,17818.523,7.316149,0,,,,,696.1233692391935,0.0003507302,408.3368920718177,0.0003855219,0.002061374,0.019582978
2151.180359876004,17807.344,7.3116794,0.0030460795,133015,696.1246346735259,408.3357520960086,16602.004,6.8013525,1448.5891,2.136837,17807.344,7.3116794,0,,,,,696.1246346735259,0.00035092575,408.3357520960086,0.0003857553,0.0032627229,0.018180981
2151.1873044498534,17814.238,7.312265,0.003046212,133016,696.1251386217816,408.3371359916686,16607.236,6.801897,1448.8042,2.1346161,17814.238,7.312265,0,,,,,696.1251386217816,0.00035090098,408.3371359916686,0.0003858437,0.0031661736,0.019779442
2151.194249023471,17813.273,7.312485,0.0030463443,133017,696.1241476026028,408.33623831351906,16605.783,6.802102,1447.7615,2.138282,17813.273,7.312485,0,,,,,696.1241476026028,0.00035086938,408.33623831351906,0.0003858497,0.0029581196,0.018115291
2151.2011935970872,17807.494,7.312946,0.0030464765,133018,696.1247012666131,408.33597104315925,16601.0,6.8025303,1445.6094,2.1363885,17807.494,7.312946,0,,,,,696.1247012666131,0.00035105363,408.33597104315925,0.00038579854,0.0030848295,0.018340653
2151.208138170704,17813.21,7.3116617,0.0030466088,133019,696.1242998951703,408.33640553612594,16606.76,6.801336,1445.6586,2.1358588,17813.21,7.3116617,0,,,,,696.1242998951703,0.00035078218,408.33640553612594,0.00038562657,0.0031065743,0.018864254
2151.2150827443215,17820.287,7.314003,0.003046741,133020,696.1246259642868,408.33522215027915,16613.684,6.803514,1449.7096,2.138062,17820.287,7.314003,0,,,,,696.1246259642868,0.00035075992,408.33522215027915,0.00038551647,0.0030882761,0.018331269
2151.222027317705,17821.92,7.312209,0.003046873,133021,696.1232022701313,408.3348976994503,16613.814,6.801845,1446.5739,2.133983,17821.92,7.312209,0,,,,,696.1232022701313,0.00035061347,408.3348976994503,0.00038552776,0.0020060113,0.01685447
2151.228971891089,17826.994,7.3135295,0.003047005,133022,696.1246800706031,408.33609443293386,16616.848,6.803073,1442.0402,2.137034,17826.994,7.3135295,0,,,,,696.1246800706031,0.00035067296,408.33609443293386,0.00038547802,0.002985399,0.018580878
2151.2359164642403,17814.387,7.3137155,0.0030471368,133023,696.1238867283417,408.3353969850601,16607.31,6.803246,1448.162,2.1383271,17814.387,7.3137155,0,,,,,696.1238867283417,0.00035098894,408.3353969850601,0.0003858686,0.003064648,0.017550338
2151.2428610376237,17803.672,7.311958,0.0030472688,133024,696.1229159416613,408.33407345788925,16592.463,6.8016114,1444.486,2.1387792,17803.672,7.311958,0,,,,,696.1229159416613,0.00035106664,408.33407345788925,0.00038651758,0.0019049341,0.016740005
2151.249805610775,17808.787,7.3122907,0.0030474006,133025,696.1232015150993,408.33560384589174,16602.232,6.8019214,1447.1573,2.1351562,17808.787,7.3122907,0,,,,,696.1232015150993,0.00035106114,408.33560384589174,0.00038592794,0.0016820696,0.018025788
2151.256750183694,17808.83,7.310276,0.0030475322,133026,696.1233777469946,408.3353470472324,16601.621,6.800047,1445.5852,2.1341755,17808.83,7.310276,0,,,,,696.1233777469946,0.00035088233,408.3353470472324,0.00038577418,0.0014345319,0.017565632
2151.2636947568444,17818.428,7.3127084,0.003047664,133027,696.1239095683336,408.335945775332,16611.023,6.8023095,1444.5537,2.1352093,17818.428,7.3127084,0,,,,,696.1239095683336,0.00035090165,408.335945775332,0.00038572165,0.0024602115,0.018844409
2151.270639329762,17808.826,7.3100834,0.0030477955,133028,696.1240815878895,408.3351138085477,16601.9,6.7998676,1442.0675,2.1366303,17808.826,7.3100834,0,,,,,696.1240815878895,0.000350841,408.3351138085477,0.00038581077,0.0030021167,0.018063895
2151.2775839026813,17815.994,7.3118114,0.003047927,133029,696.1243461950241,408.3342063697843,16607.83,6.801475,1446.2285,2.1340292,17815.994,7.3118114,0,,,,,696.1243461950241,0.00035087307,408.3342063697843,0.00038578428,0.002411664,0.017137274
2151.2845284753666,17822.375,7.3139963,0.0030480584,133030,696.1249833447674,408.336076987244,16613.031,6.803508,1448.3845,2.140538,17822.375,7.3139963,0,,,,,696.1249833447674,0.0003506702,408.336076987244,0.0003856824,0.0031421676,0.018407425
2151.2914730480516,17824.137,7.315036,0.0030481897,133031,696.1242244694516,408.33485144919877,16616.48,6.804475,1445.871,2.1407423,17824.137,7.315036,0,,,,,696.1242244694516,0.0003505606,408.33485144919877,0.0003853739,0.0025322603,0.017635347
2151.298417620737,17805.025,7.3111773,0.003048321,133032,696.1244882653001,408.33608674377484,16596.754,6.8008857,1449.0568,2.1364396,17805.025,7.3111773,0,,,,,696.1244882653001,0.00035100186,408.33608674377484,0.00038596266,0.0023377251,0.018207265
2151.3053621934223,17819.955,7.3113017,0.0030484523,133033,696.1237302131293,408.3358644449808,16611.887,6.801001,1444.0342,2.1323218,17819.955,7.3113017,0,,,,,696.1237302131293,0.0003506935,408.3358644449808,0.00038557546,0.0026038624,0.01780481
2151.3123067658753,17811.412,7.3098044,0.0030485834,133034,696.1245111196722,408.33640923068725,16600.451,6.799608,1448.8248,2.1344635,17811.412,7.3098044,0,,,,,696.1245111196722,0.0003508336,408.33640923068725,0.00038595652,0.0030802728,0.018706055
2151.3192513385607,17822.645,7.3129454,0.0030487147,133035,696.1238410996431,408.33617779665695,16614.885,6.80253,1446.6066,2.1356547,17822.645,7.3129454,0,,,,,696.1238410996431,0.00035063367,408.33617779665695,0.0003855876,0.0022235578,0.018729292
2151.3261959107804,17822.273,7.313223,0.0030488456,133036,696.1231000758538,408.3331134430495,16613.354,6.802788,1444.7565,2.1345503,17822.273,7.313223,0,,,,,696.1231000758538,0.00035087342,408.3331134430495,0.00038574313,0.0021226236,0.016153706
2151.3331404832334,17822.674,7.3117456,0.0030489767,133037,696.1259860238844,408.3360135623461,16611.16,6.801414,1446.2332,2.1353803,17822.674,7.3117456,0,,,,,696.1259860238844,0.0003507422,408.3360135623461,0.00038572078,0.0046657547,0.018458186
2151.3400850554526,17804.979,7.3112707,0.0030491075,133038,696.1234576512408,408.33553227273467,16597.709,6.8009725,1446.6787,2.1360815,17804.979,7.3112707,0,,,,,696.1234576512408,0.00035093518,408.33553227273467,0.00038584464,0.001529609,0.017804476
2151.347029627673,17808.564,7.3134184,0.0030492384,133039,696.1238639180558,408.3344654726157,16601.469,6.80297,1445.8451,2.1361694,17808.564,7.3134184,0,,,,,696.1238639180558,0.0003508408,408.3344654726157,0.00038619683,0.002967435,0.016954526
2151.353974199893,17821.186,7.3118243,0.0030493692,133040,696.1238913874563,408.3348652893892,16612.727,6.801487,1445.9176,2.134475,17821.186,7.3118243,0,,,,,696.1238913874563,0.00035056585,408.3348652893892,0.0003856238,0.0019405298,0.017741228
2151.360918771879,17814.016,7.311468,0.0030494998,133041,696.1231759213842,408.33535399908806,16599.135,6.8011556,1449.6743,2.139524,17814.016,7.311468,0,,,,,696.1231759213842,0.00035074688,408.33535399908806,0.00038605445,0.0022686678,0.01779944
2151.367863343866,17818.105,7.314082,0.0030496304,133042,696.123622347036,408.33522551896715,16610.773,6.8035874,1447.4514,2.1364229,17818.105,7.314082,0,,,,,696.123622347036,0.0003508096,408.33522551896715,0.00038589357,0.0019933132,0.018046161
2151.3748079158536,17812.893,7.3113146,0.003049761,133043,696.1235503823978,408.33355625400185,16605.852,6.801013,1445.4562,2.134283,17812.893,7.3113146,0,,,,,696.1235503823978,0.00035080372,408.33355625400185,0.0003857311,0.001866474,0.016852671
2151.381752487607,17815.008,7.314593,0.0030498914,133044,696.1242532428585,408.3359075514011,16606.133,6.8040624,1444.4672,2.1409938,17815.008,7.314593,0,,,,,696.1242532428585,0.00035122276,408.3359075514011,0.00038563312,0.0023670162,0.018153407
2151.388697059361,17814.594,7.3157263,0.0030500218,133045,696.123977379725,408.3353677345364,16606.979,6.8051167,1444.8726,2.145993,17814.594,7.3157263,0,,,,,696.123977379725,0.0003510819,408.3353677345364,0.00038551906,0.0022544197,0.017881334
2151.395641631116,17813.227,7.311178,0.0030501522,133046,696.123548840468,408.33484821808014,16605.379,6.8008866,1449.6117,2.1335163,17813.227,7.311178,0,,,,,696.123548840468,0.00035087627,408.33484821808014,0.0003857001,0.0027714423,0.017763494
2151.4025862028698,17820.24,7.314792,0.0030502826,133047,696.1238895663346,408.3355394533022,16609.879,6.804248,1445.8113,2.1361334,17820.24,7.314792,0,,,,,696.1238895663346,0.00035077453,408.3355394533022,0.00038626135,0.0022380888,0.017910637
2151.409530774391,17803.482,7.3098464,0.0030504127,133048,696.124427622252,408.33504190545807,16596.533,6.7996473,1449.2299,2.1358917,17803.482,7.3098464,0,,,,,696.124427622252,0.0003509647,408.33504190545807,0.00038589886,0.0020978542,0.016994903
2151.4164753459127,17818.64,7.311851,0.003050543,133049,696.1231635265652,408.3366851811895,16608.604,6.801512,1449.4789,2.1354246,17818.64,7.311851,0,,,,,696.1231635265652,0.00035076626,408.3366851811895,0.00038568777,0.00181483,0.018978173
2151.4234199174334,17814.602,7.314205,0.003050673,133050,696.1235566063212,408.33451274787586,16606.596,6.803702,1444.1724,2.1412678,17814.602,7.314205,0,,,,,696.1235566063212,0.00035070273,408.33451274787586,0.00038593283,0.0024666134,0.017284378
2151.4303644887223,17821.785,7.312143,0.003050803,133051,696.1236547855676,408.33373639630514,16614.219,6.8017836,1445.0347,2.1336443,17821.785,7.312143,0,,,,,696.1236547855676,0.00035071638,408.33373639630514,0.00038545206,0.0017261951,0.016152926
2151.437309060011,17820.533,7.313081,0.003050933,133052,696.1236125640014,408.3350415820557,16612.795,6.8026557,1444.8336,2.1353047,17820.533,7.313081,0,,,,,696.1236125640014,0.00035073704,408.3350415820557,0.0003855942,0.0020252704,0.01717377
2151.444253631299,17814.023,7.3117013,0.0030510628,133053,696.1224617446413,408.33396271288836,16605.492,6.801373,1446.8864,2.1351867,17814.023,7.3117013,0,,,,,696.1224617446413,0.00035094563,408.33396271288836,0.0003856828,0.0015620217,0.017143967
2151.451198202587,17825.037,7.3140607,0.0030511927,133054,696.123967524933,408.33248504027557,16612.945,6.8035674,1444.0183,2.1352258,17825.037,7.3140607,0,,,,,696.123967524933,0.00035078172,408.33248504027557,0.00038603865,0.001988066,0.015324889
2151.4581427736434,17817.371,7.313556,0.0030513224,133055,696.1250254669774,408.3376011944241,16603.879,6.803098,1444.3794,2.1362011,17817.371,7.313556,0,,,,,696.1250254669774,0.00035086708,408.3376011944241,0.0003864504,0.0038296762,0.02030529
2151.465087344699,17820.504,7.312348,0.003051452,133056,696.1242378881328,408.33489061500495,16612.2,6.8019743,1443.2421,2.138013,17820.504,7.312348,0,,,,,696.1242378881328,0.00035067374,408.33489061500495,0.00038552232,0.002598398,0.016880892
2151.4720319155213,17809.566,7.311443,0.0030515816,133057,696.1226401855316,408.3346459292909,16601.223,6.8011327,1447.3646,2.133552,17809.566,7.311443,0,,,,,696.1226401855316,0.00035106076,408.3346459292909,0.0003859769,0.0015684458,0.017522264
2151.4789764865773,17812.416,7.313799,0.0030517112,133058,696.1236299377019,408.3335370474885,16604.055,6.803324,1447.81,2.141351,17812.416,7.313799,0,,,,,696.1236299377019,0.0003508293,408.3335370474885,0.00038575102,0.0017876519,0.016148068
2151.4859210574014,17811.8,7.3119736,0.0030518407,133059,696.1231611119874,408.33552163715353,16598.441,6.801626,1450.2725,2.139913,17811.8,7.3119736,0,,,,,696.1231611119874,0.0003509898,408.33552163715353,0.00038596205,0.0020802333,0.017844168
2151.492865628223,17818.322,7.3106837,0.0030519702,133060,696.1230317429681,408.334282786266,16609.352,6.800426,1442.8773,2.1319432,17818.322,7.3106837,0,,,,,696.1230317429681,0.00035073725,408.334282786266,0.0003856868,0.001482187,0.016778944
2151.499810198813,17827.844,7.313409,0.0030520994,133061,696.1242061840569,408.33499759565143,16619.078,6.802961,1445.9279,2.1342475,17827.844,7.313409,0,,,,,696.1242061840569,0.0003506531,408.33499759565143,0.00038530753,0.0020449518,0.01719264
2151.5067547694043,17815.604,7.314878,0.0030522286,133062,696.123892083673,408.33388828377775,16605.281,6.8043275,1445.8124,2.1448717,17815.604,7.314878,0,,,,,696.123892083673,0.00035088943,408.33388828377775,0.00038590067,0.0023056145,0.016782785
2151.5136993399933,17817.887,7.313062,0.0030523578,133063,696.1252499320001,408.3346285463913,16610.453,6.802639,1449.2125,2.137413,17817.887,7.313062,0,,,,,696.1252499320001,0.00035071207,408.3346285463913,0.0003853774,0.0033756332,0.017447438
2151.520643910583,17819.143,7.316297,0.003052487,133064,696.1236576264641,408.334559289784,16611.396,6.8056474,1445.0674,2.1409755,17819.143,7.316297,0,,,,,696.1236576264641,0.0003505646,408.334559289784,0.00038592285,0.0020405315,0.016735021
2151.527588480941,17816.197,7.31291,0.003052616,133065,696.1241041877126,408.3331324572535,16607.6,6.802497,1448.6296,2.1365712,17816.197,7.31291,0,,,,,696.1241041877126,0.0003508762,408.3331324572535,0.0003857179,0.002358614,0.015198062
2151.534533051298,17824.434,7.313663,0.003052745,133066,696.124150277877,408.3345914999819,16616.135,6.8031974,1446.3682,2.1362584,17824.434,7.313663,0,,,,,696.124150277877,0.00035075823,408.3345914999819,0.00038557037,0.0023629577,0.017320858
2151.541477621654,17818.34,7.312779,0.003052874,133067,696.1226685131081,408.3346362832692,16609.725,6.802375,1445.0819,2.1313865,17818.34,7.312779,0,,,,,696.1226685131081,0.0003507738,408.3346362832692,0.00038600637,0.0017969598,0.01724333
2151.548422191779,17821.148,7.313983,0.0030530028,133068,696.123042427348,408.3342385753788,16612.201,6.8034954,1447.6525,2.140878,17821.148,7.313983,0,,,,,696.123042427348,0.000350767,408.3342385753788,0.00038543122,0.0010479138,0.016363917
2151.555366762136,17808.871,7.310799,0.0030531317,133069,696.1238111496333,408.3343269219745,16598.941,6.8005333,1445.0403,2.1363716,17808.871,7.310799,0,,,,,696.1238111496333,0.00035094723,408.3343269219745,0.00038567936,0.0024486233,0.016412051
2151.562311332027,17810.201,7.3106556,0.0030532603,133070,696.1232630845791,408.33336016517603,16601.324,6.8004,1445.5206,2.1355803,17810.201,7.3106556,0,,,,,696.1232630845791,0.00035078055,408.33336016517603,0.00038572866,0.0016247012,0.016243111
2151.5692559021522,17826.658,7.3138385,0.003053389,133071,696.1231233669141,408.3353921644744,16617.51,6.803361,1448.6957,2.135677,17826.658,7.3138385,0,,,,,696.1231233669141,0.00035057988,408.3353921644744,0.00038565,0.002285438,0.016776415
2151.5762004720436,17824.98,7.3137517,0.0030535175,133072,696.1237981445244,408.33519013417407,16616.42,6.80328,1442.91,2.136129,17824.98,7.3137517,0,,,,,696.1237981445244,0.00035088195,408.33519013417407,0.0003855323,0.0023821788,0.01753442
2151.5831450419346,17811.582,7.3143587,0.003053646,133073,696.1242355852027,408.33270921579054,16604.08,6.803845,1447.8105,2.1439452,17811.582,7.3143587,0,,,,,696.1242355852027,0.0003508702,408.33270921579054,0.00038570305,0.0024358458,0.015000594
2151.590089611827,17816.223,7.310301,0.0030537746,133074,696.1234573395686,408.3350415561246,16607.139,6.8000703,1442.5469,2.1345909,17816.223,7.310301,0,,,,,696.1234573395686,0.00035066088,408.3350415561246,0.00038569738,0.0016820687,0.017579593
2151.5970341814855,17810.84,7.3112774,0.0030539029,133075,696.1228784338856,408.3343211047685,16600.57,6.8009787,1445.4117,2.136099,17810.84,7.3112774,0,,,,,696.1228784338856,0.00035113483,408.3343211047685,0.00038574767,0.0011314838,0.017245831
2151.6039787511436,17808.229,7.309904,0.0030540312,133076,696.1241879049406,408.3320883198528,16598.844,6.799701,1446.2393,2.135093,17808.229,7.309904,0,,,,,696.1241879049406,0.00035083707,408.3320883198528,0.00038601496,0.0022613104,0.014770422
2151.610923320803,17820.89,7.3147736,0.0030541595,133077,696.1233250132725,408.33441883626836,16612.438,6.8042307,1444.8773,2.1361082,17820.89,7.3147736,0,,,,,696.1233250132725,0.00035064147,408.33441883626836,0.00038592867,0.002114719,0.016884713
2151.6178678904616,17834.424,7.3149385,0.0030542878,133078,696.1231027196931,408.33358028689327,16624.97,6.804384,1445.2659,2.1373632,17834.424,7.3149385,0,,,,,696.1231027196931,0.00035039688,408.33358028689327,0.00038530974,0.0014065065,0.01647994
2151.624812459887,17815.205,7.316159,0.0030544158,133079,696.1241145292402,408.3329085229703,16606.555,6.805519,1450.2925,2.1433306,17815.205,7.316159,0,,,,,696.1241145292402,0.00035100948,408.3329085229703,0.00038581688,0.0020074213,0.015632385
2151.6317570293127,17813.959,7.316348,0.0030545439,133080,696.1233869224696,408.3347340148818,16605.676,6.8056946,1449.3713,2.1472588,17813.959,7.316348,0,,,,,696.1233869224696,0.0003509156,408.3347340148818,0.0003856994,0.001774061,0.016459342
2151.6387015987384,17808.12,7.3122644,0.003054672,133081,696.1239642915605,408.33455534349486,16598.96,6.8018966,1448.7642,2.1386645,17808.12,7.3122644,0,,,,,696.1239642915605,0.00035098227,408.33455534349486,0.00038585934,0.00218511,0.016234115
2151.645646167932,17833.43,7.315077,0.0030547997,133082,696.1225578158035,408.33456510856433,16623.596,6.8045125,1449.1759,2.1360574,17833.43,7.315077,0,,,,,696.1225578158035,0.00035072572,408.33456510856433,0.0003854795,0.0015663564,0.01658887
2151.6525907371247,17815.623,7.312304,0.0030549276,133083,696.1235714867926,408.3331538773872,16608.092,6.8019333,1444.688,2.1383328,17815.623,7.312304,0,,,,,696.1235714867926,0.00035070573,408.3331538773872,0.00038558303,0.0013436914,0.015823381
2151.6595353063176,17825.332,7.3137307,0.0030550554,133084,696.1238573613623,408.3347626482715,16615.645,6.803261,1442.5874,2.1387076,17825.332,7.3137307,0,,,,,696.1238573613623,0.00035076815,408.3347626482715,0.00038567733,0.002170431,0.016620507
2151.666479875278,17819.885,7.31282,0.003055183,133085,696.1234428091255,408.3339719233163,16611.76,6.8024135,1444.0476,2.136501,17819.885,7.31282,0,,,,,696.1234428091255,0.00035073113,408.3339719233163,0.000385552,0.0015294516,0.016488746
2151.6734244444706,17822.766,7.314746,0.0030553108,133086,696.1235590541355,408.3338073019121,16613.055,6.804205,1443.09,2.1339931,17822.766,7.314746,0,,,,,696.1235590541355,0.00035066908,408.3338073019121,0.00038612497,0.0013086967,0.015835961
2151.680369013431,17816.387,7.313056,0.0030554384,133087,696.1227474532336,408.3341743479266,16608.51,6.8026333,1444.1555,2.1408072,17816.387,7.313056,0,,,,,696.1227474532336,0.0003505691,408.3341743479266,0.00038566353,0.0015851876,0.016499788
2151.687313582159,17816.207,7.3123856,0.0030555658,133088,696.1243804015838,408.33424343668554,16606.354,6.8020096,1447.6244,2.1348038,17816.207,7.3123856,0,,,,,696.1243804015838,0.00035077325,408.33424343668554,0.00038570727,0.0028128843,0.016748568
2151.6942581508856,17813.752,7.312952,0.003055693,133089,696.1231654170884,408.3344772412436,16605.887,6.802536,1447.4664,2.1394157,17813.752,7.312952,0,,,,,696.1231654170884,0.0003508067,408.3344772412436,0.0003857002,0.0018144083,0.016540574
2151.701202719846,17814.365,7.314635,0.0030558207,133090,696.1238798764964,408.33344712387554,16605.625,6.8041015,1444.2703,2.1439264,17814.365,7.314635,0,,,,,696.1238798764964,0.00035086172,408.33344712387554,0.00038582447,0.002509399,0.015733888
2151.7081472883406,17817.316,7.3123837,0.0030559478,133091,696.1242226314371,408.3327253158105,16608.582,6.8020077,1446.9033,2.1366115,17817.316,7.3123837,0,,,,,696.1242226314371,0.00035071236,408.3327253158105,0.0003855053,0.0025748916,0.015515144
2151.715091857068,17800.662,7.3100157,0.0030560752,133092,696.1227103238367,408.33270506898236,16592.752,6.799805,1446.0621,2.1390812,17800.662,7.3100157,0,,,,,696.1227103238367,0.00035077773,408.33270506898236,0.00038586778,0.00076292636,0.015743032
2151.722036425562,17829.697,7.3149676,0.0030562023,133093,696.1237575791697,408.3333104971249,16619.496,6.804411,1447.925,2.1348336,17829.697,7.3149676,0,,,,,696.1237575791697,0.0003507789,408.3333104971249,0.0003854864,0.0018069849,0.015392907
2151.7289809940567,17813.049,7.315166,0.0030563294,133094,696.1230867399513,408.33352515141553,16604.39,6.804596,1447.6935,2.1422865,17813.049,7.315166,0,,,,,696.1230867399513,0.0003508376,408.33352515141553,0.00038579936,0.0021087946,0.016467633
2151.7359255623187,17827.723,7.3150644,0.0030564563,133095,696.1233304930469,408.3330407022581,16618.402,6.8045015,1444.7769,2.1329987,17827.723,7.3150644,0,,,,,696.1233304930469,0.000350562,408.3330407022581,0.00038586176,0.0013821762,0.015699346
2151.7428701308127,17820.074,7.313987,0.0030565835,133096,696.1234734270397,408.3342975521646,16610.695,6.8034983,1445.5405,2.1369152,17820.074,7.313987,0,,,,,696.1234734270397,0.00035093652,408.3342975521646,0.0003857285,0.0019510797,0.016508901
2151.7498146990742,17829.15,7.3127093,0.0030567104,133097,696.1226055436343,408.333704918721,16620.047,6.8023105,1441.6064,2.1327581,17829.15,7.3127093,0,,,,,696.1226055436343,0.00035073163,408.333704918721,0.00038537398,0.0015713924,0.016493674
2151.756759267104,17815.25,7.3142686,0.003056837,133098,696.1230055953889,408.33182756618675,16607.086,6.803761,1452.7537,2.142134,17815.25,7.3142686,0,,,,,696.1230055953889,0.00035073512,408.33182756618675,0.0003857498,0.0014952542,0.014583451
2151.763703835365,17822.184,7.312792,0.003056964,133099,696.1232855247987,408.3347983807971,16612.906,6.802387,1448.8362,2.1345932,17822.184,7.312792,0,,,,,696.1232855247987,0.00035058655,408.3347983807971,0.00038557706,0.0012060557,0.017057413
2151.770648403394,17821.271,7.316212,0.0030570906,133100,696.1240093542548,408.3339477538127,16611.09,6.8055687,1447.0862,2.1466124,17821.271,7.316212,0,,,,,696.1240093542548,0.00035071454,408.3339477538127,0.00038561845,0.0028469726,0.016091874
2151.7775929714235,17809.352,7.3133307,0.0030572172,133101,696.1230220421326,408.3321936485343,16600.678,6.802888,1448.3472,2.1412122,17809.352,7.3133307,0,,,,,696.1230220421326,0.00035084214,408.3321936485343,0.00038569883,0.001559595,0.015575749
2151.784537539219,17817.47,7.313604,0.0030573437,133102,696.1236082022838,408.33481256699747,16608.387,6.8031425,1449.8195,2.1371975,17817.47,7.313604,0,,,,,696.1236082022838,0.00035078527,408.33481256699747,0.00038572212,0.0021796112,0.016979324
2151.7914821072477,17812.56,7.311801,0.0030574703,133103,696.1248771432488,408.3321348546971,16604.732,6.8014655,1444.2147,2.135805,17812.56,7.311801,0,,,,,696.1248771432488,0.00035099578,408.3321348546971,0.00038562878,0.003145382,0.014791172
2151.7984266750445,17821.201,7.3177643,0.0030575967,133104,696.1234413085924,408.33382785405075,16611.967,6.8070126,1447.4188,2.1492121,17821.201,7.3177643,0,,,,,696.1234413085924,0.0003508553,408.33382785405075,0.00038573603,0.0015325282,0.016024191
2151.805371242607,17817.926,7.310412,0.003057723,133105,696.1236258951035,408.3330635448057,16609.39,6.8001733,1444.4769,2.1331286,17817.926,7.310412,0,,,,,696.1236258951035,0.0003505917,408.3330635448057,0.00038557666,0.0017070207,0.015545555
2151.8123158104027,17815.943,7.313511,0.0030578494,133106,696.1222267190659,408.33398640111193,16607.477,6.8030562,1450.4563,2.135911,17815.943,7.313511,0,,,,,696.1222267190659,0.00035103405,408.33398640111193,0.00038589776,0.0011464289,0.015727706
2151.819260377966,17830.795,7.3123684,0.0030579756,133107,696.1239535167999,408.3344417159335,16607.309,6.801993,1445.1029,2.133169,17830.795,7.3123684,0,,,,,696.1239535167999,0.0003510146,408.3344417159335,0.00038630207,0.0025245193,0.016936565
2151.8262049455298,17816.912,7.3125825,0.0030581017,133108,696.1228065238976,408.3322639779085,16606.951,6.8021927,1445.7205,2.135291,17816.912,7.3125825,0,,,,,696.1228065238976,0.00035091283,408.3322639779085,0.00038593076,0.000892573,0.014709708
2151.8331495128596,17820.742,7.3111916,0.0030582277,133109,696.1233295604809,408.33305143679183,16611.555,6.800899,1442.7518,2.1329687,17820.742,7.3111916,0,,,,,696.1233295604809,0.00035061612,408.33305143679183,0.0003854252,0.00159741,0.0152706485
2151.8400940801903,17822.592,7.3126016,0.0030583537,133110,696.1229887878745,408.3337178611219,16612.42,6.80221,1443.1387,2.1379943,17822.592,7.3126016,0,,,,,696.1229887878745,0.0003506713,408.3337178611219,0.00038558673,0.0012909296,0.016183179
2151.847038647521,17826.803,7.314296,0.0030584796,133111,696.1236816983742,408.33364688133184,16616.357,6.8037863,1445.7897,2.1380625,17826.803,7.314296,0,,,,,696.1236816983742,0.0003507921,408.33364688133184,0.00038547805,0.0020989117,0.015318899
2151.853983214851,17815.709,7.3152933,0.0030586056,133112,696.1238932816817,408.33401972372343,16606.367,6.804714,1446.1549,2.140767,17815.709,7.3152933,0,,,,,696.1238932816817,0.00035079912,408.33401972372343,0.0003859692,0.0016688843,0.016004913
2151.8609277819487,17807.988,7.312325,0.0030587313,133113,696.1230108817759,408.3328840159443,16598.398,6.801953,1443.8679,2.1344967,17807.988,7.312325,0,,,,,696.1230108817759,0.0003513559,408.3328840159443,0.00038631083,0.0012133254,0.015250392
2151.8678723490466,17821.018,7.3154707,0.003058857,133114,696.1223867617366,408.3332455646114,16611.908,6.8048797,1445.4685,2.1404252,17821.018,7.3154707,0,,,,,696.1223867617366,0.00035102217,408.3332455646114,0.00038559816,0.0005212318,0.015419393
2151.8748169161436,17820.496,7.3152447,0.0030589828,133115,696.1233705025724,408.3333239253763,16611.775,6.804669,1447.2025,2.1394188,17820.496,7.3152447,0,,,,,696.1233705025724,0.00035109356,408.3333239253763,0.000385725,0.0014195562,0.015575547
2151.881761483241,17829.023,7.3151355,0.0030591085,133116,696.1241304576994,408.332795029983,16619.436,6.804567,1445.1293,2.1385207,17829.023,7.3151355,0,,,,,696.1241304576994,0.00035069056,408.332795029983,0.0003855571,0.0029835545,0.014689906
2151.8887060501065,17807.236,7.310056,0.003059234,133117,696.1222257480113,408.3325793974951,16598.447,6.7998424,1447.8014,2.1359506,17807.236,7.310056,0,,,,,696.1222257480113,0.00035085177,408.3325793974951,0.00038589022,0.0008631889,0.01511207
2151.8956506169707,17820.793,7.3118863,0.0030593595,133118,696.1224556153348,408.3329334563403,16610.984,6.801545,1443.1348,2.135012,17820.793,7.3118863,0,,,,,696.1224556153348,0.00035060509,408.3329334563403,0.0003855821,0.0003872486,0.015049846
2151.902595183602,17832.607,7.320103,0.0030594848,133119,696.1224450896751,408.332699841558,16622.49,6.809188,1449.3641,2.1380312,17832.607,7.320103,0,,,,,696.1224450896751,0.00035092817,408.332699841558,0.0003861255,0.0008788383,0.015017608
2151.909539750467,17809.764,7.3103724,0.0030596103,133120,696.1234839527904,408.3331105105683,16601.059,6.8001366,1445.9379,2.1353428,17809.764,7.3103724,0,,,,,696.1234839527904,0.00035073253,408.3331105105683,0.00038566577,0.0021548436,0.015995929
2151.9164843170993,17816.469,7.3157177,0.0030597355,133121,696.1229155817936,408.3325571504252,16605.373,6.8051085,1448.4569,2.1365142,17816.469,7.3157177,0,,,,,696.1229155817936,0.00035132995,408.3325571504252,0.00038627008,0.0015107145,0.015011583
2151.9234288834978,17811.586,7.3115644,0.0030598606,133122,696.1227203810481,408.3332530672389,16601.908,6.801245,1448.7549,2.1384354,17811.586,7.3115644,0,,,,,696.1227203810481,0.00035091332,408.3332530672389,0.00038572945,0.000696256,0.015515789
2151.93037345013,17822.072,7.314989,0.0030599858,133123,696.1241279636594,408.333001426155,16611.312,6.804431,1448.0348,2.137814,17822.072,7.314989,0,,,,,696.1241279636594,0.00035057374,408.333001426155,0.000385913,0.0023061011,0.015482868
2151.9373180165294,17817.744,7.315175,0.0030601108,133124,696.1218007275824,408.3333543745038,16605.928,6.804604,1447.6376,2.1453958,17817.744,7.315175,0,,,,,696.1218007275824,0.00035112008,408.3333543745038,0.0003857066,0.00016675598,0.014889605
2151.944262582928,17822.986,7.3137126,0.0030602359,133125,696.123348445423,408.3319699486539,16611.232,6.8032436,1442.1696,2.1346755,17822.986,7.3137126,0,,,,,696.123348445423,0.00035103632,408.3319699486539,0.00038589106,0.0019364407,0.01415622
2151.9512071493273,17808.504,7.3112407,0.003060361,133126,696.1226963751618,408.3332735178111,16601.113,6.800944,1449.8649,2.1355188,17808.504,7.3112407,0,,,,,696.1226963751618,0.00035079196,408.3332735178111,0.0003857285,0.0012288975,0.015565803
2151.9581517154934,17818.203,7.31586,0.0030604857,133127,696.1231815611266,408.33315627010904,16608.51,6.805241,1444.5175,2.1467433,17818.203,7.31586,0,,,,,696.1231815611266,0.00035086932,408.33315627010904,0.0003859027,0.0018095515,0.0158267
2151.965096281659,17822.738,7.3127174,0.0030606105,133128,696.1239377713136,408.3331338637074,16613.844,6.802318,1442.9287,2.1367538,17822.738,7.3127174,0,,,,,696.1239377713136,0.00035056638,408.3331338637074,0.00038565035,0.0020901477,0.015031781
2151.972040847826,17834.918,7.316051,0.0030607353,133129,696.1243300969102,408.33217964595104,16624.83,6.805419,1446.9017,2.137362,17834.918,7.316051,0,,,,,696.1243300969102,0.0003507606,408.33217964595104,0.00038562322,0.0025454885,0.014265869
2151.97898541376,17817.168,7.3128853,0.0030608599,133130,696.122459605916,408.33350515100096,16607.574,6.802474,1447.5955,2.1367934,17817.168,7.3128853,0,,,,,696.122459605916,0.00035084746,408.33350515100096,0.0003856942,0.00093279197,0.015276702
2151.9859299796926,17824.254,7.3148837,0.0030609844,133131,696.1232995499803,408.3332452932496,16614.766,6.8043327,1446.3807,2.1338735,17824.254,7.3148837,0,,,,,696.1232995499803,0.00035078314,408.3332452932496,0.00038596772,0.0019802488,0.0154280495
2151.9928745456255,17808.482,7.3105655,0.003061109,133132,696.1220108473035,408.33274777992295,16597.186,6.8003163,1446.4514,2.1360195,17808.482,7.3105655,0,,,,,696.1220108473035,0.00035101213,408.33274777992295,0.00038590006,0.00010639977,0.014951971
2151.9998191115596,17810.094,7.310856,0.0030612336,133133,696.1224589086166,408.3325127851254,16600.746,6.800586,1445.7878,2.1347904,17810.094,7.310856,0,,,,,696.1224589086166,0.00035103128,408.3325127851254,0.00038584863,0.0008831827,0.015136387
2152.00676367726,17836.033,7.314638,0.003061358,133134,696.1236318346678,408.3320486178091,16626.13,6.804105,1443.0952,2.1349366,17836.033,7.314638,0,,,,,696.1236318346678,0.0003505925,408.3320486178091,0.00038531073,0.0015027804,0.0144170625
2152.01370824296,17820.912,7.3134336,0.0030614822,133135,696.123882154372,408.3341400684599,16609.432,6.802984,1445.0627,2.140635,17820.912,7.3134336,0,,,,,696.123882154372,0.00035084027,408.3341400684599,0.00038559682,0.0017019378,0.01562731
2152.0206528086615,17823.186,7.313498,0.0030616065,133136,696.1227455279538,408.33195614180755,16611.732,6.8030443,1447.576,2.1361058,17823.186,7.313498,0,,,,,696.1227455279538,0.00035089534,408.33195614180755,0.00038578387,0.0007511808,0.013720917
2152.027597374129,17828.531,7.3128085,0.0030617306,133137,696.122671870905,408.3324776357901,16617.166,6.8024025,1447.2069,2.134356,17828.531,7.3128085,0,,,,,696.122671870905,0.00035051012,408.3324776357901,0.00038560785,0.0013950118,0.014945316
2152.0345419395962,17810.025,7.3113627,0.0030618547,133138,696.1222248639124,408.3327735309651,16600.121,6.8010583,1448.6384,2.1380095,17810.025,7.3113627,0,,,,,696.1222248639124,0.00035080416,408.3327735309651,0.00038587503,0.0004625983,0.0142623475
2152.0414865050643,17824.248,7.3158555,0.0030619788,133139,696.1235296790219,408.3326363267029,16611.781,6.805237,1449.9456,2.143129,17824.248,7.3158555,0,,,,,696.1235296790219,0.0003507401,408.3326363267029,0.00038556205,0.0017020913,0.014857342
2152.0484310702996,17833.244,7.3200016,0.0030621027,133140,696.1231245902576,408.3331417226893,16621.096,6.809094,1447.1167,2.1474462,17833.244,7.3200016,0,,,,,696.1231245902576,0.00035088803,408.3331417226893,0.00038554572,0.001900851,0.014930059
2152.0553756357667,17811.004,7.311318,0.0030622268,133141,696.1228275942173,408.3318717930288,16597.682,6.8010163,1449.4368,2.136162,17811.004,7.311318,0,,,,,696.1228275942173,0.00035108507,408.3318717930288,0.00038606854,0.0009908885,0.013866892
2152.062320201002,17812.875,7.3121533,0.0030623507,133142,696.1230500181393,408.3305331413108,16603.775,6.801793,1447.6956,2.1352894,17812.875,7.3121533,0,,,,,696.1230500181393,0.00035086763,408.3305331413108,0.00038592602,0.0013958924,0.01277264
2152.0692647660044,17839.834,7.3158493,0.0030624743,133143,696.1221172617873,408.33310789404,16621.816,6.8052316,1443.5709,2.1349232,17839.834,7.3158493,0,,,,,696.1221172617873,0.00035077534,408.33310789404,0.00038587212,5.3402953e-05,0.015365343
2152.0762093312387,17826.195,7.3129935,0.0030625982,133144,696.1226956321259,408.33144639371073,16615.902,6.8025746,1448.8483,2.1347847,17826.195,7.3129935,0,,,,,696.1226956321259,0.00035071842,408.33144639371073,0.0003856021,0.0006263328,0.014206989
2152.083153896241,17817.67,7.315266,0.0030627218,133145,696.1216952270884,408.33182251072907,16603.744,6.8046885,1449.0284,2.1463962,17817.67,7.315266,0,,,,,696.1216952270884,0.0003509214,408.33182251072907,0.00038607334,2.0766798e-05,0.013692376
2152.0900984612435,17821.686,7.312643,0.0030628454,133146,696.122460442269,408.3318405526357,16607.293,6.802249,1445.8273,2.1346147,17821.686,7.312643,0,,,,,696.122460442269,0.00035098908,408.3318405526357,0.00038588996,0.0005298546,0.013784398
2152.097043026012,17822.74,7.318461,0.0030629688,133147,696.1224938302688,408.3331097584336,16613.037,6.8076606,1449.0846,2.1475983,17822.74,7.318461,0,,,,,696.1224938302688,0.00035061108,408.3331097584336,0.0003859085,0.00057317124,0.015498511
2152.103987590781,17802.262,7.3101544,0.0030630922,133148,696.1226694690346,408.3315746482963,16591.81,6.799934,1449.8427,2.1375268,17802.262,7.3101544,0,,,,,696.1226694690346,0.00035107916,408.3315746482963,0.00038596703,0.00060008274,0.013791321
2152.110932155551,17818.783,7.311594,0.0030632156,133149,696.1233962975425,408.3320473387499,16605.07,6.801273,1446.1819,2.1362083,17818.783,7.311594,0,,,,,696.1233962975425,0.00035080875,408.3320473387499,0.00038593012,0.0016388441,0.014104297
2152.11787672032,17818.24,7.312849,0.003063339,133150,696.1224204104776,408.3322764060672,16602.889,6.8024406,1449.2925,2.1356971,17818.24,7.312849,0,,,,,696.1224204104776,0.00035099653,408.3322764060672,0.0003863366,0.0007632718,0.014831617
2152.124821284856,17819.287,7.3117213,0.0030634622,133151,696.1231147641971,408.3327858724935,16606.455,6.8013916,1449.0197,2.1366282,17819.287,7.3117213,0,,,,,696.1231147641971,0.00035077953,408.3327858724935,0.000385798,0.0015631753,0.014936572
2152.131765849393,17820.297,7.315433,0.0030635854,133152,696.1225909668731,408.33219859209,16607.158,6.804844,1446.9144,2.1463778,17820.297,7.315433,0,,,,,696.1225909668731,0.00035071862,408.33219859209,0.00038593682,0.0007034902,0.014427114
2152.1387104139294,17818.494,7.314803,0.0030637085,133153,696.1223625666133,408.3326211398753,16604.7,6.804258,1448.8158,2.1401906,17818.494,7.314803,0,,,,,696.1223625666133,0.00035123588,408.3326211398753,0.00038581362,0.00066943374,0.015074774
2152.1456549784652,17814.24,7.313617,0.0030638317,133154,696.1227841546726,408.33225428553686,16602.707,6.803155,1452.7786,2.1403155,17814.24,7.313617,0,,,,,696.1227841546726,0.0003507506,408.33225428553686,0.00038581868,0.0011395025,0.014307948
2152.1525995427696,17820.307,7.3133926,0.0030639546,133155,696.1230681305981,408.33325330463737,16610.717,6.802946,1447.9689,2.1356885,17820.307,7.3133926,0,,,,,696.1230681305981,0.00035086926,408.33325330463737,0.00038574124,0.0011715711,0.015065003
2152.159544107073,17821.969,7.316166,0.0030640776,133156,696.1230168963889,408.33202105093767,16612.654,6.805526,1448.7976,2.1422894,17821.969,7.316166,0,,,,,696.1230168963889,0.00035092662,408.33202105093767,0.00038564837,0.0018469143,0.013595551
2152.1664886711433,17816.709,7.3144135,0.0030642003,133157,696.1235977606582,408.3330684335634,16606.75,6.8038955,1446.7678,2.1441813,17816.709,7.3144135,0,,,,,696.1235977606582,0.00035077453,408.3330684335634,0.0003857395,0.0016544028,0.014355517
2152.1734332354476,17825.223,7.317301,0.0030643232,133158,696.1231390739982,408.33106283198333,16615.236,6.8065815,1451.413,2.146483,17825.223,7.317301,0,,,,,696.1231390739982,0.00035079345,408.33106283198333,0.00038564825,0.0015738577,0.012343015
2152.1803777995183,17805.98,7.313987,0.003064446,133159,696.1221970251154,408.3320829794161,16593.729,6.8034983,1452.4199,2.1413548,17805.98,7.313987,0,,,,,696.1221970251154,0.00035095194,408.3320829794161,0.00038631793,0.00044576338,0.013735352
2152.1873223633556,17819.162,7.3158345,0.0030645684,133160,696.1232350177648,408.332899138493,16603.062,6.8052173,1453.8522,2.1405451,17819.162,7.3158345,0,,,,,696.1232350177648,0.00035089537,408.332899138493,0.00038646397,0.0011158774,0.015007967
2152.1942669274263,17826.408,7.3139668,0.003064691,133161,696.1229800231741,408.3310516544907,16614.523,6.80348,1446.6436,2.140596,17826.408,7.3139668,0,,,,,696.1229800231741,0.00035067505,408.3310516544907,0.00038564266,0.000797816,0.012696063
2152.201211491264,17818.734,7.314886,0.0030648136,133162,696.1228824111633,408.33239633186787,16607.96,6.8043356,1447.9839,2.1425807,17818.734,7.314886,0,,,,,696.1228824111633,0.00035073046,408.33239633186787,0.00038558448,0.0009448202,0.014391457
2152.2081560551023,17822.799,7.3143754,0.003064936,133163,696.1226829538853,408.3307663572982,16612.02,6.80386,1448.95,2.1332679,17822.799,7.3143754,0,,,,,696.1226829538853,0.00035065942,408.3307663572982,0.00038632855,0.0007113932,0.012794187
2152.215100618707,17808.21,7.3109975,0.0030650583,133164,696.122872557396,408.3317508362444,16599.188,6.800718,1450.379,2.1354868,17808.21,7.3109975,0,,,,,696.122872557396,0.00035095066,408.3317508362444,0.00038591377,0.001438726,0.013797236
2152.222045182546,17826.084,7.314049,0.0030651807,133165,696.1227109293806,408.331872880302,16615.656,6.8035564,1450.17,2.1374075,17826.084,7.314049,0,,,,,696.1227109293806,0.00035067668,408.331872880302,0.0003857358,0.0009070664,0.013860087
2152.228989746151,17817.898,7.3144755,0.003065303,133166,696.1232982431228,408.33215405300285,16607.684,6.8039536,1450.7,2.139076,17817.898,7.3144755,0,,,,,696.1232982431228,0.0003510334,408.33215405300285,0.00038571414,0.0017798047,0.014009004
2152.235934309755,17815.934,7.3118534,0.0030654252,133167,696.122572413766,408.3315356229437,16603.434,6.801514,1450.7734,2.1360788,17815.934,7.3118534,0,,,,,696.122572413766,0.0003509431,408.3315356229437,0.000385903,3.8424507e-05,0.014536805
2152.2428788731286,17829.54,7.3130336,0.0030655472,133168,696.1240279787444,408.33191872465255,16615.438,6.8026123,1447.8177,2.135028,17829.54,7.3130336,0,,,,,696.1240279787444,0.0003506132,408.33191872465255,0.0003859107,0.0026359467,0.01396401
2152.2498234365007,17822.957,7.3136635,0.0030656692,133169,696.1216144861664,408.33146999544687,16609.732,6.803198,1446.9022,2.1385422,17822.957,7.3136635,0,,,,,696.1216144861664,0.00035077985,408.33146999544687,0.00038574403,0.00027593863,0.01367234
2152.256767999872,17811.043,7.3130007,0.0030657912,133170,696.1232753770223,408.33025032454293,16598.975,6.8025813,1448.9169,2.1434066,17811.043,7.3130007,0,,,,,696.1232753770223,0.0003509576,408.33025032454293,0.0003857213,0.0015960688,0.012290923
2152.263712563245,17822.656,7.3132343,0.0030659132,133171,696.1247911888088,408.33151472116765,16611.207,6.8027987,1449.237,2.1367168,17822.656,7.3132343,0,,,,,696.1247911888088,0.00035082072,408.33151472116765,0.00038568644,0.0020005968,0.013914262
2152.2706571263843,17810.049,7.3124776,0.003066035,133172,696.1236589644083,408.3318145063843,16599.336,6.802095,1449.8181,2.141427,17810.049,7.3124776,0,,,,,696.1236589644083,0.00035085037,408.3318145063843,0.00038584272,0.0013687275,0.013645011
2152.277601689523,17825.03,7.312855,0.0030661568,133173,696.122585441414,408.331557449422,16613.34,6.802446,1448.4615,2.1347106,17825.03,7.312855,0,,,,,696.122585441414,0.00035077787,408.331557449422,0.00038573155,0.0002738689,0.012932536
2152.284546252663,17820.766,7.312104,0.0030662785,133174,696.1220884975098,408.3322420063061,16607.709,6.8017473,1444.9469,2.1364326,17820.766,7.312104,0,,,,,696.1220884975098,0.00035090355,408.3322420063061,0.00038592087,0.00068002485,0.013661026
2152.291490815569,17821.287,7.312866,0.0030664,133175,696.1239100393726,408.33192462403605,16610.146,6.802456,1448.4368,2.1351578,17821.287,7.312866,0,,,,,696.1239100393726,0.00035091297,408.33192462403605,0.00038567698,0.0022362652,0.013836514
2152.298435378476,17831.607,7.320304,0.0030665216,133176,696.1225584470437,408.33186763976875,16619.26,6.809375,1448.7703,2.137884,17831.607,7.320304,0,,,,,696.1225584470437,0.00035091073,408.33186763976875,0.00038617986,0.0011351227,0.014311044
2152.305379941383,17815.514,7.3161025,0.0030666431,133177,696.1226652858569,408.3317500927613,16604.268,6.8054667,1447.997,2.147813,17815.514,7.3161025,0,,,,,696.1226652858569,0.000351148,408.3317500927613,0.00038598967,0.000762029,0.01318155
2152.312324504056,17821.666,7.312943,0.0030667644,133178,696.1221039879393,408.3314000601903,16610.1,6.802528,1447.4055,2.137111,17821.666,7.312943,0,,,,,696.1221039879393,0.00035084996,408.3314000601903,0.0003857459,0.0011041219,0.013281
2152.319269066963,17821.67,7.3156643,0.003066886,133179,696.1218264918833,408.3321129981028,16607.357,6.805059,1450.7228,2.141721,17821.67,7.3156643,0,,,,,696.1218264918833,0.00035112645,408.3321129981028,0.00038581144,0.000926877,0.014401397
2152.326213629637,17828.264,7.3125424,0.0030670073,133180,696.1219715648567,408.3303319025208,16614.219,6.802155,1448.3574,2.1345382,17828.264,7.3125424,0,,,,,696.1219715648567,0.00035076056,408.3303319025208,0.00038567503,-7.625668e-05,0.012103962
2152.3331581920784,17829.148,7.314421,0.0030671284,133181,696.1215348778924,408.3318475863154,16617.18,6.8039026,1446.2314,2.135685,17829.148,7.314421,0,,,,,696.1215348778924,0.00035077284,408.3318475863154,0.00038571208,0.0005888411,0.013739817
2152.340102754752,17827.838,7.3159695,0.0030672497,133182,696.1233512607752,408.3312183975192,16616.322,6.8053427,1447.8975,2.1375344,17827.838,7.3159695,0,,,,,696.1233512607752,0.00035102922,408.3312183975192,0.00038590154,0.0018386062,0.012583924
2152.3470473171924,17815.256,7.3111243,0.0030673707,133183,696.122763155499,408.3318508621779,16606.068,6.800836,1442.62,2.1356275,17815.256,7.3111243,0,,,,,696.122763155499,0.00035062747,408.3318508621779,0.00038593888,0.00054528425,0.013536177
2152.353991879634,17830.11,7.313386,0.0030674918,133184,696.1218997696525,408.3300863278093,16618.137,6.80294,1448.6263,2.1362734,17830.11,7.313386,0,,,,,696.1218997696525,0.0003506278,408.3300863278093,0.00038545186,0.0006413119,0.011515728
2152.360936441842,17841.14,7.316656,0.0030676126,133185,696.1218187621895,408.3314056624634,16629.8,6.805982,1448.9866,2.1348855,17841.14,7.316656,0,,,,,696.1218187621895,0.00035074996,408.3314056624634,0.0003855188,0.00047654036,0.0132120475
2152.367881004049,17831.559,7.31861,0.0030677335,133186,696.1233893453916,408.33090040001713,16619.012,6.8077993,1448.008,2.1381109,17831.559,7.31861,0,,,,,696.1233893453916,0.00035109726,408.33090040001713,0.0003859657,0.0014220669,0.01336899
2152.3748255662576,17818.133,7.312751,0.0030678543,133187,696.122307377093,408.33077086419615,16606.707,6.802349,1447.4565,2.1405044,17818.133,7.312751,0,,,,,696.122307377093,0.00035074586,408.33077086419615,0.00038564784,0.0005844134,0.012591301
2152.381770128466,17822.982,7.3151784,0.0030679752,133188,696.1231806819133,408.3310492948589,16610.857,6.804607,1446.6412,2.143539,17822.982,7.3151784,0,,,,,696.1231806819133,0.00035081705,408.3310492948589,0.00038573515,0.0013609414,0.013134834
2152.388714690441,17823.896,7.312355,0.0030680958,133189,696.1228979419113,408.32968422798336,16607.9,6.801981,1448.0806,2.1376867,17823.896,7.312355,0,,,,,696.1228979419113,0.00035075063,408.32968422798336,0.00038588748,0.0011299583,0.012324934
2152.3956592526492,17809.518,7.3104706,0.0030682166,133190,696.1230508332269,408.33164640018333,16597.213,6.8002276,1451.14,2.1346726,17809.518,7.3104706,0,,,,,696.1230508332269,0.00035093664,408.33164640018333,0.00038583894,0.00078316854,0.014005687
2152.402603814392,17809.973,7.311979,0.003068337,133191,696.1225943348012,408.3312797327966,16599.248,6.801631,1449.6847,2.1390722,17809.973,7.311979,0,,,,,696.1225943348012,0.00035102418,408.3312797327966,0.0003858351,0.0006625304,0.012906889
2152.4095483763676,17833.512,7.3158727,0.0030684576,133192,696.1215302177399,408.3305730391085,16617.92,6.805253,1450.2684,2.1380782,17833.512,7.3158727,0,,,,,696.1215302177399,0.0003506866,408.3305730391085,0.00038589488,-0.0003378936,0.0131821735
2152.4164929381095,17816.52,7.3104672,0.003068578,133193,696.1233395856253,408.3313948685588,16605.434,6.800225,1446.2621,2.1343012,17816.52,7.3104672,0,,,,,696.1233395856253,0.0003507467,408.3313948685588,0.00038567433,0.0015894389,0.014162491
2152.4234374998523,17823.834,7.3161583,0.0030686983,133194,696.1223277736485,408.33036890672497,16612.035,6.8055186,1453.4836,2.1410823,17823.834,7.3161583,0,,,,,696.1223277736485,0.00035097342,408.33036890672497,0.00038566982,-2.5026618e-05,0.011490346
2152.430382061595,17840.547,7.315344,0.0030688187,133195,696.1238389389151,408.3320076219049,16620.518,6.8047614,1445.7545,2.1348162,17840.547,7.315344,0,,,,,696.1238389389151,0.00035082648,408.3320076219049,0.00038597517,0.0023324152,0.013867857
2152.437326623104,17828.54,7.3126287,0.0030689389,133196,696.1226477116882,408.3300930298903,16616.137,6.8022356,1446.7081,2.1354003,17828.54,7.3126287,0,,,,,696.1226477116882,0.00035069467,408.3300930298903,0.00038565096,0.0014378892,0.012094753
2152.444271184614,17813.674,7.311222,0.003069059,133197,696.1237252919891,408.3313770898624,16601.352,6.800927,1449.3933,2.1360793,17813.674,7.311222,0,,,,,696.1237252919891,0.00035103943,408.3313770898624,0.0003859078,0.0019502855,0.012951133
2152.451215746124,17812.521,7.311353,0.0030691791,133198,696.1220472872758,408.33009439796075,16600.75,6.8010488,1447.1232,2.1389537,17812.521,7.311353,0,,,,,696.1220472872758,0.0003508202,408.33009439796075,0.0003859691,0.0010830415,0.011707798
2152.4581603074002,17832.701,7.316198,0.003069299,133199,696.1223708117396,408.33125225056443,16620.404,6.8055553,1450.7494,2.1409886,17832.701,7.316198,0,,,,,696.1223708117396,0.00035067234,408.33125225056443,0.00038547942,0.00013841955,0.013205909
2152.4651048689093,17817.32,7.311538,0.0030694192,133200,696.1227236159033,408.33084241269535,16605.443,6.801221,1448.9615,2.1364598,17817.32,7.311538,0,,,,,696.1227236159033,0.00035070407,408.33084241269535,0.00038555168,0.00046387065,0.0130275395
2152.4720494299536,17827.186,7.315495,0.0030695389,133201,696.1214172722634,408.3288023102806,16612.77,6.8049016,1448.6296,2.1418526,17827.186,7.315495,0,,,,,696.1214172722634,0.0003507661,408.3288023102806,0.00038592264,-7.776424e-05,0.010325023
2152.4789939912303,17828.232,7.3148303,0.0030696588,133202,696.1222558564986,408.3320553007422,16616.39,6.8042836,1447.6108,2.1398177,17828.232,7.3148303,0,,,,,696.1222558564986,0.0003506198,408.3320553007422,0.00038566237,0.0005535503,0.014508966
2152.485938552274,17827.93,7.3133006,0.0030697784,133203,696.1221794401736,408.33057811729424,16614.145,6.8028603,1445.7704,2.137331,17827.93,7.3133006,0,,,,,696.1221794401736,0.00035084845,408.33057811729424,0.00038563815,0.00059884286,0.012538101
2152.492883113319,17817.264,7.310934,0.003069898,133204,696.1235809955193,408.33094042834074,16605.016,6.8006587,1448.2042,2.1358502,17817.264,7.310934,0,,,,,696.1235809955193,0.0003507857,408.33094042834074,0.0003857517,0.001265449,0.013193165
2152.4998276743627,17825.146,7.3141966,0.0030700178,133205,696.12131235448,408.3301135459117,16612.627,6.8036942,1444.8068,2.1403716,17825.146,7.3141966,0,,,,,696.12131235448,0.00035062205,408.3301135459117,0.00038562907,-9.8659984e-05,0.012203721
2152.506772235406,17841.244,7.3138094,0.0030701375,133206,696.1223466598267,408.3309351401947,16621.62,6.8033338,1443.6924,2.134039,17841.244,7.3138094,0,,,,,696.1223466598267,0.0003506765,408.3309351401947,0.00038579502,0.0006354643,0.012881983
2152.513716796218,17823.0,7.314197,0.003070257,133207,696.1220430289977,408.3305588045371,16611.213,6.8036947,1450.6597,2.137947,17823.0,7.314197,0,,,,,696.1220430289977,0.00035075223,408.3305588045371,0.0003857027,0.0001220014,0.012537342
2152.520661357029,17829.535,7.3144794,0.0030703763,133208,696.1218013746396,408.3308365016199,16616.61,6.8039565,1449.3868,2.1383607,17829.535,7.3144794,0,,,,,696.1218013746396,0.00035057415,408.3308365016199,0.00038562034,0.00028722794,0.012933133
2152.5276059176067,17824.74,7.3137884,0.0030704956,133209,696.1229489226253,408.32930347559983,16612.88,6.803314,1449.4473,2.1366432,17824.74,7.3137884,0,,,,,696.1229489226253,0.00035077677,408.32930347559983,0.0003856446,0.0016591804,0.0121529065
2152.5345504784186,17822.959,7.3146005,0.003070615,133210,696.1228449461861,408.3292543694576,16609.438,6.8040695,1449.2904,2.1415267,17822.959,7.3146005,0,,,,,696.1228449461861,0.00035068573,408.3292543694576,0.00038586912,0.0005625079,0.011250471
2152.541495038997,17811.523,7.310139,0.0030707342,133211,696.1225381953994,408.3306878942643,16592.87,6.7999196,1450.6525,2.1359243,17811.523,7.310139,0,,,,,696.1225381953994,0.000351021,408.3306878942643,0.0003864023,0.0006836226,0.012827454
2152.5484395993417,17832.371,7.315037,0.0030708532,133212,696.1226680921743,408.330156475205,16619.094,6.804476,1445.893,2.140258,17832.371,7.315037,0,,,,,696.1226680921743,0.00035072077,408.330156475205,0.00038552567,0.0009755766,0.012105363
2152.55538415992,17833.865,7.3126736,0.0030709724,133213,696.1210606492904,408.33027288927786,16620.36,6.802277,1443.7388,2.1345544,17833.865,7.3126736,0,,,,,696.1210606492904,0.00035057517,408.33027288927786,0.00038534688,-0.00072640454,0.012530235
2152.562328720266,17826.271,7.3142147,0.0030710914,133214,696.1220381518484,408.33003241072123,16615.473,6.8037105,1447.6392,2.1342506,17826.271,7.3142147,0,,,,,696.1220381518484,0.00035075747,408.33003241072123,0.00038584578,9.328536e-05,0.012015716
2152.5692732806115,17825.713,7.314747,0.0030712103,133215,696.1218310195529,408.3297953737958,16613.045,6.804206,1450.3632,2.139072,17825.713,7.314747,0,,,,,696.1218310195529,0.0003509031,408.3297953737958,0.00038572305,6.305255e-05,0.011812773
2152.5762178409564,17831.455,7.3160625,0.0030713293,133216,696.1222517004029,408.3305750717755,16618.717,6.805429,1446.7307,2.1440778,17831.455,7.3160625,0,,,,,696.1222517004029,0.0003507908,408.3305750717755,0.00038553672,0.00048976217,0.012858425
2152.58316240107,17818.838,7.3131804,0.003071448,133217,696.121673807243,408.3303529205107,16606.691,6.8027487,1448.4781,2.1337516,17818.838,7.3131804,0,,,,,696.121673807243,0.00035067703,408.3303529205107,0.00038618897,-9.812949e-06,0.012413244
2152.5901069611823,17822.734,7.312389,0.0030715668,133218,696.1234748368138,408.33128166001217,16605.336,6.802012,1449.2888,2.1367328,17822.734,7.312389,0,,,,,696.1234748368138,0.0003509554,408.33128166001217,0.00038618335,0.0015226936,0.012704742
2152.597051521294,17814.754,7.3113794,0.0030716856,133219,696.1221082477352,408.330940346748,16599.562,6.801073,1449.17,2.1369739,17814.754,7.3113794,0,,,,,696.1221082477352,0.00035098888,408.330940346748,0.0003858324,0.00026977708,0.012046528
2152.603996081175,17831.406,7.3123984,0.003071804,133220,696.1227142652658,408.32917799791176,16619.338,6.8020215,1446.9972,2.1335385,17831.406,7.3123984,0,,,,,696.1227142652658,0.00035054216,408.32917799791176,0.00038547622,0.0015024798,0.01182426
2152.6109406410546,17824.205,7.3127575,0.0030719226,133221,696.122756141244,408.32922149805813,16612.19,6.8023553,1449.7084,2.1350617,17824.205,7.3127575,0,,,,,696.122756141244,0.00035079403,408.32922149805813,0.00038579808,0.00086863065,0.011468026
2152.6178852009334,17814.74,7.314749,0.003072041,133222,696.12158306051,408.3302822649545,16599.488,6.8042073,1452.3494,2.1374457,17814.74,7.314749,0,,,,,696.12158306051,0.00035087756,408.3302822649545,0.00038641942,5.298963e-05,0.012351112
2152.624829760814,17830.98,7.316434,0.0030721596,133223,696.1220851847711,408.3301669751114,16616.736,6.805775,1445.2545,2.1358287,17830.98,7.316434,0,,,,,696.1220851847711,0.00035078777,408.3301669751114,0.0003862618,0.00050913903,0.0112352045
2152.631774320462,17816.322,7.3127747,0.0030722779,133224,696.1223420742386,408.32950280129353,16604.918,6.802371,1450.2113,2.1381204,17816.322,7.3127747,0,,,,,696.1223420742386,0.0003508066,408.32950280129353,0.00038575896,0.00093983207,0.012122196
2152.638718880108,17822.799,7.313314,0.0030723962,133225,696.1221633624843,408.3299671151437,16608.373,6.802873,1448.3047,2.1369944,17822.799,7.313314,0,,,,,696.1221633624843,0.00035100768,408.3299671151437,0.00038587462,-6.0820792e-05,0.011520028
2152.6456634397546,17818.254,7.3127613,0.0030725144,133226,696.1230025173694,408.33111820011624,16604.857,6.802359,1448.8292,2.137456,17818.254,7.3127613,0,,,,,696.1230025173694,0.00035083588,408.33111820011624,0.00038584167,0.00076241925,0.013137825
2152.652607999169,17833.863,7.315501,0.0030726325,133227,696.1217424582708,408.32958893649806,16619.76,6.8049073,1446.7457,2.1399257,17833.863,7.315501,0,,,,,696.1217424582708,0.00035050165,408.32958893649806,0.00038575672,0.00028848395,0.011520243
2152.6595525585835,17817.414,7.312491,0.0030727505,133228,696.1229551784637,408.3307757381503,16604.734,6.8021073,1448.7782,2.1396115,17817.414,7.312491,0,,,,,696.1229551784637,0.00035074985,408.3307757381503,0.0003857675,0.0005400012,0.012253136
2152.666497117997,17822.354,7.311778,0.0030728686,133229,696.1220166217557,408.3300227672885,16607.422,6.801444,1447.7122,2.1353781,17822.354,7.311778,0,,,,,696.1220166217557,0.00035084848,408.3300227672885,0.00038567666,0.00020365434,0.011840289
2152.6734416774116,17831.066,7.314518,0.0030729866,133230,696.1214090721469,408.32961906782606,16617.102,6.8039927,1449.6869,2.1401832,17831.066,7.314518,0,,,,,696.1214090721469,0.00035056408,408.32961906782606,0.0003855514,-7.72501e-05,0.011442737
2152.680386236593,17823.527,7.312762,0.0030731044,133231,696.121994475283,408.3292306246847,16611.441,6.8023596,1448.3529,2.1362078,17823.527,7.312762,0,,,,,696.121994475283,0.000350655,408.3292306246847,0.00038575666,0.00016651435,0.011123223
2152.687330795774,17827.506,7.316293,0.0030732222,133232,696.1238100343294,408.32863717229714,16613.932,6.805644,1449.113,2.1414752,17827.506,7.316293,0,,,,,696.1238100343294,0.00035077272,408.32863717229714,0.00038581726,0.0009532925,0.010849728
2152.694275354723,17823.037,7.312411,0.0030733398,133233,696.1236835148819,408.3298062696707,16607.121,6.8020325,1448.7733,2.1351333,17823.037,7.312411,0,,,,,696.1236835148819,0.00035097313,408.3298062696707,0.00038581516,0.0019126526,0.012097579
2152.7012199139044,17811.682,7.31239,0.0030734576,133234,696.1208809584265,408.33021915715767,16600.264,6.802013,1449.4008,2.1399038,17811.682,7.31239,0,,,,,696.1208809584265,0.00035093437,408.33021915715767,0.0003858794,-0.001124601,0.0120549
2152.7081644728523,17839.021,7.314553,0.0030735752,133235,696.1222431755849,408.329516221362,16624.812,6.804025,1443.8942,2.1365864,17839.021,7.314553,0,,,,,696.1222431755849,0.00035053364,408.329516221362,0.00038561993,0.0007401331,0.011839659
2152.715109031801,17820.605,7.3127103,0.0030736928,133236,696.1212106742814,408.3303070598383,16608.133,6.8023114,1447.3264,2.136714,17820.605,7.3127103,0,,,,,696.1212106742814,0.00035094883,408.3303070598383,0.00038590617,-0.0004528319,0.01177319
2152.722053590517,17811.244,7.3127623,0.0030738101,133237,696.1209034556409,408.32949284317107,16597.531,6.80236,1447.6514,2.1424072,17811.244,7.3127623,0,,,,,696.1209034556409,0.0003508875,408.32949284317107,0.00038600274,-0.0013983524,0.011421325
2152.728998149465,17833.588,7.3154907,0.0030739277,133238,696.122260569019,408.32897465027696,16619.695,6.804898,1448.195,2.1354334,17833.588,7.3154907,0,,,,,696.122260569019,0.00035070555,408.32897465027696,0.00038579103,0.00036596123,0.011201155
2152.73594270818,17837.572,7.31448,0.003074045,133239,696.1221502628839,408.3301552138891,16620.729,6.8039575,1447.226,2.1371624,17837.572,7.31448,0,,,,,696.1221502628839,0.00035078297,408.3301552138891,0.0003856368,0.0003278706,0.012248357
2152.7428872666637,17828.36,7.320189,0.0030741622,133240,696.1225450685849,408.3300486949032,16614.775,6.809268,1450.4264,2.145677,17828.36,7.320189,0,,,,,696.1225450685849,0.000350954,408.3300486949032,0.00038629217,0.00036785592,0.011541843
2152.7498318253793,17823.137,7.3120146,0.0030742795,133241,696.1214145686911,408.3299390508321,16608.92,6.8016644,1448.6719,2.1359222,17823.137,7.3120146,0,,,,,696.1214145686911,0.00035074493,408.3299390508321,0.00038574464,-0.0004889211,0.0115579665
2152.7567763838615,17826.23,7.316036,0.0030743966,133242,696.1220313177275,408.32894611310104,16614.7,6.805405,1450.1439,2.1411722,17826.23,7.316036,0,,,,,696.1220313177275,0.00035048803,408.32894611310104,0.00038585145,-0.00019455697,0.010952776
2152.763720942345,17835.66,7.3170824,0.0030745137,133243,696.1225608691751,408.32860082004703,16613.545,6.806379,1449.5837,2.1478367,17835.66,7.3170824,0,,,,,696.1225608691751,0.00035078122,408.32860082004703,0.00038600323,0.0003247733,0.010976781
2152.770665500596,17817.879,7.3121986,0.0030746306,133244,696.1224160169992,408.3298701945635,16604.088,6.8018355,1450.7081,2.1360703,17817.879,7.3121986,0,,,,,696.1224160169992,0.00035089106,408.3298701945635,0.0003858864,0.00065915706,0.0111675225
2152.777610058845,17828.68,7.314867,0.0030747475,133245,696.1224304427722,408.32829068040945,16611.244,6.804318,1443.3267,2.145785,17828.68,7.314867,0,,,,,696.1224304427722,0.0003504925,408.32829068040945,0.00038607122,0.0007715558,0.009843685
2152.7845546170947,17816.375,7.313679,0.0030748644,133246,696.1219728763022,408.32930358669745,16603.342,6.8032126,1451.2192,2.1410606,17816.375,7.313679,0,,,,,696.1219728763022,0.00035094668,408.32930358669745,0.0003858157,2.595256e-06,0.011687371
2152.791499175346,17814.885,7.311399,0.0030749813,133247,696.1217101599707,408.3296736624493,16602.115,6.8010917,1450.6672,2.136069,17814.885,7.311399,0,,,,,696.1217101599707,0.00035090992,408.3296736624493,0.00038571106,0.00017033574,0.011084529
2152.798443733362,17827.762,7.3171577,0.003075098,133248,696.1215084457584,408.3291158692562,16611.596,6.806448,1452.6189,2.1442218,17827.762,7.3171577,0,,,,,696.1215084457584,0.0003510292,408.3291158692562,0.000385857,-0.00011319552,0.011162209
2152.805388291379,17844.06,7.3138933,0.0030752146,133249,696.1228706396746,408.33002813790137,16623.238,6.8034115,1445.9205,2.1353974,17844.06,7.3138933,0,,,,,696.1228706396746,0.00035053623,408.33002813790137,0.00038597878,0.0011903469,0.011509314
2152.8123328493975,17825.383,7.316862,0.0030753312,133250,696.1222516549036,408.32898027849603,16612.727,6.806174,1456.4025,2.1409404,17825.383,7.316862,0,,,,,696.1222516549036,0.00035074,408.32898027849603,0.00038580218,-0.0004699348,0.011052737
2152.8192774074137,17822.42,7.3126493,0.0030754479,133251,696.1210502617939,408.32914960898904,16609.629,6.8022547,1451.5704,2.136372,17822.42,7.3126493,0,,,,,696.1210502617939,0.00035076938,408.32914960898904,0.0003856222,-0.0006121663,0.010694406
2152.826221965197,17816.459,7.3144097,0.0030755643,133252,696.1232536746285,408.33005739140475,16602.352,6.8038926,1451.5497,2.143093,17816.459,7.3144097,0,,,,,696.1232536746285,0.00035113894,408.33005739140475,0.00038602942,0.0008493643,0.011412092
2152.8331665229825,17818.973,7.3148193,0.0030756807,133253,696.1213941082797,408.33022473591404,16604.09,6.804273,1453.0002,2.1374757,17818.973,7.3148193,0,,,,,696.1213941082797,0.000350873,408.33022473591404,0.00038627163,-0.0003249913,0.011475032
2152.840111080767,17821.863,7.313633,0.003075797,133254,696.1215690627768,408.3305725051137,16606.895,6.8031697,1451.1643,2.1382742,17821.863,7.313633,0,,,,,696.1215690627768,0.0003509267,408.3305725051137,0.00038587514,0.00013132056,0.012149684
2152.847055638318,17831.451,7.316756,0.0030759133,133255,696.121641351196,408.3290877705862,16618.174,6.8060746,1450.9324,2.1401372,17831.451,7.316756,0,,,,,696.121641351196,0.0003508447,408.3290877705862,0.00038554845,-5.5575296e-05,0.010992856
2152.8540001958695,17820.914,7.3115497,0.0030760295,133256,696.1234936208774,408.3292669882757,16605.969,6.801232,1445.8494,2.1348577,17820.914,7.3115497,0,,,,,696.1234936208774,0.0003509527,408.3292669882757,0.0003857033,0.0013177479,0.011118342
2152.860944753422,17840.318,7.3161974,0.0030761457,133257,696.1214293919221,408.3276337411173,16621.057,6.805555,1450.1965,2.1383777,17840.318,7.3161974,0,,,,,696.1214293919221,0.0003509963,408.3276337411173,0.00038581467,-0.00043518294,0.008933083
2152.86788931074,17824.213,7.3142815,0.0030762616,133258,696.1212679811819,408.3293227665107,16600.49,6.803773,1449.6522,2.1458645,17824.213,7.3142815,0,,,,,696.1212679811819,0.00035105957,408.3293227665107,0.00038613478,-0.0006853492,0.010614012
2152.8748338682913,17839.121,7.3161597,0.0030763778,133259,696.1210272898527,408.32682568032703,16622.299,6.80552,1451.2584,2.141357,17839.121,7.3161597,0,,,,,696.1210272898527,0.00035063107,408.32682568032703,0.00038561889,-0.0013661623,0.00801113
2152.881778425378,17841.002,7.3180494,0.0030764935,133260,696.122275251283,408.33207849623597,16623.604,6.8072777,1451.997,2.1394215,17841.002,7.3180494,0,,,,,696.122275251283,0.0003507991,408.33207849623597,0.000385806,0.00044619798,0.014064384
2152.888722982697,17831.564,7.31386,0.0030766095,133261,696.1229382975534,408.32794816087534,16615.492,6.8033805,1450.757,2.1370008,17831.564,7.31386,0,,,,,696.1229382975534,0.0003507814,408.32794816087534,0.00038580745,0.001101376,0.010830085
2152.895667539782,17836.691,7.3165836,0.0030767252,133262,696.1218544892205,408.32991107308385,16621.732,6.805914,1449.6726,2.1380591,17836.691,7.3165836,0,,,,,696.1218544892205,0.00035060273,408.32991107308385,0.00038561822,7.18557e-05,0.01163104
2152.902612097101,17822.002,7.312962,0.0030768411,133263,696.1216889381035,408.3286076047572,16603.707,6.8025455,1449.3414,2.1382868,17822.002,7.312962,0,,,,,696.1216889381035,0.00035074868,408.3286076047572,0.00038618673,-0.00019301215,0.010599684
2152.909556653954,17828.785,7.316542,0.0030769566,133264,696.1219248792172,408.32927163072753,16615.646,6.805876,1453.0378,2.137828,17828.785,7.316542,0,,,,,696.1219248792172,0.00035109036,408.32927163072753,0.00038573507,8.324899e-05,0.011077691
2152.9165012110393,17831.148,7.315957,0.0030770723,133265,696.1214223539107,408.32968620893075,16617.162,6.8053317,1447.2764,2.137907,17831.148,7.315957,0,,,,,696.1214223539107,0.00035113847,408.32968620893075,0.00038566606,-0.0003878399,0.01159906
2152.923445767892,17840.305,7.317815,0.0030771878,133266,696.1228728999608,408.3298781099837,16624.256,6.8070593,1451.0927,2.1440706,17840.305,7.317815,0,,,,,696.1228728999608,0.00035070002,408.3298781099837,0.0003854305,0.0012902907,0.011716391
2152.9303903247455,17820.05,7.314442,0.0030773033,133267,696.122417770134,408.3283946997404,16605.059,6.803922,1449.1943,2.1411858,17820.05,7.314442,0,,,,,696.122417770134,0.00035076612,408.3283946997404,0.00038601132,0.0003566469,0.010096625
2152.937334881598,17824.947,7.3109703,0.0030774188,133268,696.1219459731541,408.3286363765391,16602.984,6.8006926,1447.7032,2.1379871,17824.947,7.3109703,0,,,,,696.1219459731541,0.00035083023,408.3286363765391,0.00038599325,-9.111268e-05,0.010407404
2152.9442794382185,17824.94,7.313179,0.003077534,133269,696.122266255108,408.32857920449106,16610.486,6.8027472,1450.3805,2.1391742,17824.94,7.313179,0,,,,,696.122266255108,0.00035069406,408.32857920449106,0.00038576146,0.00019967525,0.010309415
2152.951223994839,17827.549,7.3122907,0.0030776493,133270,696.1219399582997,408.3294955307823,16611.35,6.8019214,1448.3784,2.1361198,17827.549,7.3122907,0,,,,,696.1219399582997,0.00035085203,408.3294955307823,0.00038562895,3.7618083e-05,0.0109675685
2152.9581685514595,17823.625,7.312452,0.0030777645,133271,696.120895179973,408.32803639895013,16610.879,6.802071,1451.176,2.1359005,17823.625,7.312452,0,,,,,696.120895179973,0.00035066446,408.32803639895013,0.00038560768,-0.0012531425,0.00973027
2152.9651131078467,17831.756,7.3175697,0.0030778795,133272,696.1216413571943,408.32930623718767,16617.42,6.8068314,1446.8761,2.1454906,17831.756,7.3175697,0,,,,,696.1216413571943,0.00035080392,408.32930623718767,0.00038563152,-5.3311585e-05,0.0104880715
2152.972057664234,17833.68,7.315303,0.0030779946,133273,696.1216084573654,408.3288527683124,16618.578,6.804723,1447.3716,2.1361196,17833.68,7.315303,0,,,,,696.1216084573654,0.0003506398,408.3288527683124,0.0003858113,-0.00023266773,0.010288606
2152.9790022206216,17826.05,7.3155675,0.0030781096,133274,696.1219102417048,408.328547619396,16608.148,6.804969,1449.275,2.1398616,17826.05,7.3155675,0,,,,,696.1219102417048,0.0003508501,408.328547619396,0.00038616822,-0.0001581821,0.010250774
2152.985946777009,17822.742,7.312974,0.0030782246,133275,696.1217996433647,408.3300945621264,16606.82,6.8025565,1450.363,2.1352026,17822.742,7.312974,0,,,,,696.1217996433647,0.00035069956,408.3300945621264,0.00038612462,3.2486525e-05,0.011951539
2152.9928913331632,17822.809,7.3128915,0.0030783394,133276,696.1224090425854,408.3281194909924,16608.352,6.8024797,1449.1531,2.1368387,17822.809,7.3128915,0,,,,,696.1224090425854,0.00035096268,408.3281194909924,0.00038571056,0.0006243538,0.010131917
2152.999835889318,17823.502,7.3120112,0.0030784542,133277,696.1221586653047,408.32937223203777,16609.047,6.801661,1449.6364,2.1360013,17823.502,7.3120112,0,,,,,696.1221586653047,0.00035077028,408.32937223203777,0.00038562852,-0.00049286505,0.010575757
2153.006780445472,17825.197,7.3142295,0.003078569,133278,696.1226587901859,408.3295329242316,16610.26,6.8037243,1451.7177,2.1377006,17825.197,7.3142295,0,,,,,696.1226587901859,0.0003506203,408.3295329242316,0.0003860444,0.000512528,0.010876643
2153.013725001394,17832.633,7.3126473,0.0030786835,133279,696.1216144549026,408.32720718078656,16617.643,6.802253,1447.2186,2.135942,17832.633,7.3126473,0,,,,,696.1216144549026,0.00035062418,408.32720718078656,0.00038558495,-1.030922e-05,0.008839025
2153.020669557549,17816.734,7.310985,0.0030787983,133280,696.1207581762158,408.3282184362511,16603.355,6.800707,1446.8765,2.1349514,17816.734,7.310985,0,,,,,696.1207581762158,0.00035068532,408.3282184362511,0.00038585498,-0.0014654472,0.009880742
2153.02761411347,17825.906,7.312547,0.0030789129,133281,696.1212630258093,408.3285245210765,16610.064,6.80216,1447.4939,2.1374462,17825.906,7.312547,0,,,,,696.1212630258093,0.00035073474,408.3285245210765,0.00038568838,-0.00042984838,0.010785111
2153.034558669159,17831.654,7.313149,0.0030790272,133282,696.1216658926239,408.3270918095892,16614.33,6.8027196,1446.9518,2.1374435,17831.654,7.313149,0,,,,,696.1216658926239,0.0003506614,408.3270918095892,0.000385634,-0.00055165077,0.0091916155
2153.041503224848,17826.223,7.316094,0.0030791415,133283,696.1215528888795,408.3283069041703,16610.738,6.805459,1448.8636,2.1402953,17826.223,7.316094,0,,,,,696.1215528888795,0.0003510085,408.3283069041703,0.0003859164,-0.00023342336,0.010259548
2153.0484477805367,17837.34,7.31481,0.0030792558,133284,696.1228226572852,408.32814633990574,16620.69,6.804264,1448.7034,2.1366787,17837.34,7.31481,0,,,,,696.1228226572852,0.00035067307,408.32814633990574,0.00038560433,0.0010485902,0.010487665
2153.0553923362263,17833.447,7.3142314,0.0030793701,133285,696.1204807035015,408.329225206844,16616.463,6.803726,1448.7369,2.1352239,17833.447,7.3142314,0,,,,,696.1204807035015,0.00035062642,408.329225206844,0.00038583885,-0.0013820165,0.010188357
2153.062336891915,17813.785,7.3107567,0.0030794844,133286,696.1224038618981,408.3284981514674,16599.998,6.8004937,1447.8169,2.1356943,17813.785,7.3107567,0,,,,,696.1224038618981,0.00035091743,408.3284981514674,0.00038588673,0.00030470765,0.010336125
2153.0692814473705,17818.807,7.3117456,0.0030795985,133287,696.1203347069811,408.32641498420315,16599.957,6.801414,1449.9672,2.1397982,17818.807,7.3117456,0,,,,,696.1203347069811,0.00035084473,408.32641498420315,0.00038581452,-0.0012207758,0.008294525
2153.0762260028273,17826.332,7.311755,0.0030797126,133288,696.1215107703076,408.3298487694486,16612.543,6.801423,1448.1313,2.134126,17826.332,7.311755,0,,,,,696.1215107703076,0.0003507088,408.3298487694486,0.0003856599,-0.00048000758,0.011275991
2153.0831705580504,17823.281,7.3149,0.0030798265,133289,696.1210788853859,408.32887532442606,16608.951,6.804348,1450.3523,2.1413982,17823.281,7.3149,0,,,,,696.1210788853859,0.00035079021,408.32887532442606,0.00038573827,-0.00021677867,0.010457567
2153.090115113506,17817.508,7.3094115,0.0030799406,133290,696.121720363123,408.3289026776622,16602.178,6.799243,1446.5317,2.132626,17817.508,7.3094115,0,,,,,696.121720363123,0.00035073562,408.3289026776622,0.00038596537,-4.066842e-05,0.0108241355
2153.0970596687293,17840.447,7.317526,0.0030800544,133291,696.1227010469802,408.32750274035203,16626.316,6.806791,1452.0577,2.139472,17840.447,7.317526,0,,,,,696.1227010469802,0.00035059897,408.32750274035203,0.0003853928,0.0005542093,0.009350885
2153.10400422372,17830.457,7.316735,0.003080168,133292,696.1217115609247,408.32756844822796,16609.508,6.806055,1450.5094,2.1477635,17830.457,7.316735,0,,,,,696.1217115609247,0.00035078567,408.32756844822796,0.00038622,0.00015182326,0.008608142
2153.110948778943,17817.086,7.314271,0.003080282,133293,696.1218246007884,408.3289849411688,16602.652,6.803763,1451.7266,2.140035,17817.086,7.314271,0,,,,,696.1218246007884,0.0003512965,408.3289849411688,0.00038597328,-0.0005643138,0.010498902
2153.117893333933,17828.754,7.315462,0.0030803955,133294,696.1225856366224,408.32692262660504,16614.285,6.804871,1451.3811,2.138421,17828.754,7.315462,0,,,,,696.1225856366224,0.0003509077,408.32692262660504,0.0003858188,0.00030396823,0.008722649
2153.124837888924,17831.023,7.3126593,0.0030805091,133295,696.121374479536,408.32773920992827,16613.213,6.8022637,1448.8909,2.1364675,17831.023,7.3126593,0,,,,,696.121374479536,0.00035069333,408.32773920992827,0.00038568344,-0.0008832171,0.009617874
2153.1317824436815,17832.838,7.315325,0.0030806225,133296,696.1206103443748,408.32634850320136,16614.02,6.8047433,1452.2513,2.1377227,17832.838,7.315325,0,,,,,696.1206103443748,0.00035092747,408.32634850320136,0.00038573868,-0.0012204081,0.007509548
2153.1387269986712,17822.113,7.31519,0.0030807361,133297,696.1221916089675,408.3291149721301,16608.016,6.804618,1450.5619,2.1400669,17822.113,7.31519,0,,,,,696.1221916089675,0.00035116964,408.3291149721301,0.0003857492,0.00050893886,0.0116341505
2153.1456715534296,17820.027,7.3128853,0.0030808495,133298,696.1222289906173,408.328759793093,16606.559,6.802474,1448.8906,2.138694,17820.027,7.3128853,0,,,,,696.1222289906173,0.00035074243,408.328759793093,0.0003857485,0.00069349195,0.010773749
2153.1526161079546,17818.34,7.3136053,0.0030809627,133299,696.1207896262276,408.32721916160403,16603.451,6.803144,1453.5996,2.140824,17818.34,7.3136053,0,,,,,696.1207896262276,0.00035081853,408.32721916160403,0.00038585262,-0.0011870328,0.009195423
2153.1595606627116,17820.33,7.313505,0.003081076,133300,696.1214351866463,408.32785259129406,16605.771,6.803051,1447.467,2.1408522,17820.33,7.313505,0,,,,,696.1214351866463,0.0003506517,408.32785259129406,0.00038585952,-0.00033983335,0.009496087
2153.1665052172366,17830.82,7.3141804,0.0030811892,133301,696.1218231420494,408.3286480594204,16613.031,6.803679,1451.1104,2.1374366,17830.82,7.3141804,0,,,,,696.1218231420494,0.00035088928,408.3286480594204,0.00038571248,0.0004861199,0.010943122
2153.1734497717616,17835.645,7.3172545,0.0030813024,133302,696.1223593902936,408.327625919775,16619.44,6.8065386,1449.633,2.144319,17835.645,7.3172545,0,,,,,696.1223593902936,0.00035077528,408.327625919775,0.00038575774,0.0004796166,0.008915037
2153.1803943262858,17820.375,7.313259,0.0030814155,133303,696.1231512085669,408.3280793977793,16605.889,6.8028216,1447.4054,2.136312,17820.375,7.313259,0,,,,,696.1231512085669,0.00035102243,408.3280793977793,0.0003859605,0.0012822852,0.009319903
2153.187338880577,17829.766,7.3135324,0.0030815285,133304,696.1214215385075,408.3273844546801,16613.068,6.8030763,1450.3892,2.1377268,17829.766,7.3135324,0,,,,,696.1214215385075,0.0003506027,408.3273844546801,0.0003857203,-0.00039756476,0.009506085
2153.1942834348692,17816.256,7.310639,0.0030816414,133305,696.1216754836428,408.32793831223995,16597.557,6.8003845,1451.7172,2.135542,17816.256,7.310639,0,,,,,696.1216754836428,0.00035099502,408.32793831223995,0.00038611126,-0.00024785893,0.009211993
2153.2012279891624,17814.404,7.314212,0.0030817543,133306,696.1221001324193,408.3285567122225,16598.002,6.803708,1450.9934,2.1387823,17814.404,7.314212,0,,,,,696.1221001324193,0.00035125585,408.3285567122225,0.00038620605,-0.00039469087,0.009499739
2153.2081725432204,17822.756,7.313332,0.003081867,133307,696.1222838504309,408.32821772788344,16605.133,6.80289,1454.6498,2.1389163,17822.756,7.313332,0,,,,,696.1222838504309,0.0003507982,408.32821772788344,0.00038593725,0.00039021886,0.009589918
2153.2151170972793,17826.79,7.314176,0.0030819797,133308,696.1211551634765,408.3277702433067,16610.623,6.8036747,1451.3333,2.139058,17826.79,7.314176,0,,,,,696.1211551634765,0.0003506463,408.3277702433067,0.00038592977,-0.0007664628,0.009283912
2153.2220616513396,17830.62,7.315388,0.0030820924,133309,696.1216750659,408.32703152819454,16614.445,6.8048024,1447.8079,2.142375,17830.62,7.315388,0,,,,,696.1216750659,0.00035087057,408.32703152819454,0.00038562238,7.081027e-05,0.008723147
2153.2290062051648,17826.691,7.3126903,0.0030822048,133310,696.1211708569249,408.32839180888146,16608.568,6.802293,1452.6573,2.1370897,17826.691,7.3126903,0,,,,,696.1211708569249,0.00035076003,408.32839180888146,0.00038583836,-0.00058368547,0.009940167
2153.2359507592237,17823.434,7.3135557,0.0030823175,133311,696.1221678912934,408.3272157382979,16609.66,6.8030977,1452.0903,2.139428,17823.434,7.3135557,0,,,,,696.1221678912934,0.00035061385,408.3272157382979,0.0003856726,0.0005297821,0.00880821
2153.2428953130507,17824.486,7.312258,0.00308243,133312,696.121635558521,408.3288514885312,16607.773,6.8018904,1450.4792,2.1360643,17824.486,7.312258,0,,,,,696.121635558521,0.00035091344,408.3288514885312,0.00038585387,-0.0009799459,0.010457395
2153.249839866644,17829.33,7.3128057,0.0030825422,133313,696.1213317277161,408.3269533391952,16613.688,6.8024,1448.4294,2.1364408,17829.33,7.3128057,0,,,,,696.1213317277161,0.0003506602,408.3269533391952,0.00038581085,-0.00042899925,0.008350041
2153.2567844204705,17826.021,7.3130636,0.0030826547,133314,696.1214549275601,408.32729009260055,16611.025,6.80264,1450.2886,2.1362712,17826.021,7.3130636,0,,,,,696.1214549275601,0.00035080887,408.32729009260055,0.0003857372,-0.00043810674,0.008648655
2153.2637289740633,17835.768,7.315187,0.003082767,133315,696.121752862773,408.32755341510557,16620.617,6.804615,1450.8087,2.1356425,17835.768,7.315187,0,,,,,696.121752862773,0.0003505625,408.32755341510557,0.0003856244,0.0003111197,0.009365038
2153.270673527657,17829.174,7.312984,0.0030828791,133316,696.1215982303871,408.3274293073437,16613.078,6.8025656,1451.3805,2.1383486,17829.174,7.312984,0,,,,,696.1215982303871,0.0003506687,408.3274293073437,0.0003856225,-0.00038544988,0.009196721
2153.277618081017,17824.93,7.3191514,0.003082991,133317,696.1223424399774,408.3268252708269,16609.785,6.8083034,1451.7413,2.151618,17824.93,7.3191514,0,,,,,696.1223424399774,0.0003509678,408.3268252708269,0.00038604325,-0.00016143537,0.008395233
2153.28456263461,17837.982,7.3178287,0.0030831033,133318,696.1212595325875,408.3259236465608,16619.979,6.807072,1449.6125,2.1475356,17837.982,7.3178287,0,,,,,696.1212595325875,0.00035062764,408.3259236465608,0.00038567637,-0.0011427542,0.007823632
2153.2915071879715,17834.158,7.3162656,0.0030832153,133319,696.120976070919,408.3292787042385,16617.807,6.805619,1450.4183,2.1396346,17834.158,7.3162656,0,,,,,696.120976070919,0.00035090753,408.3292787042385,0.0003856634,-0.00047894253,0.010616422
2153.2984517410996,17840.373,7.317463,0.003083327,133320,696.1204533991165,408.32743540774715,16625.59,6.806732,1453.429,2.1368136,17840.373,7.317463,0,,,,,696.1204533991165,0.00035056585,408.32743540774715,0.00038597395,-0.0006586972,0.009375496
2153.3053962944596,17828.828,7.314328,0.003083439,133321,696.1219123108656,408.3274654840362,16612.682,6.8038163,1450.4783,2.1394312,17828.828,7.314328,0,,,,,696.1219123108656,0.0003507612,408.3274654840362,0.00038583553,0.0002645826,0.008877287
2153.3123408475876,17823.008,7.3159494,0.0030835508,133322,696.1210820148615,408.3277886119656,16607.44,6.8053246,1452.4288,2.1468759,17823.008,7.3159494,0,,,,,696.1210820148615,0.0003506903,408.3277886119656,0.00038577485,-0.0012685966,0.008859058
2153.319285400715,17817.775,7.312217,0.0030836626,133323,696.1217167989824,408.3275330034559,16601.574,6.8018527,1453.4509,2.1383507,17817.775,7.312217,0,,,,,696.1217167989824,0.00035086405,408.3275330034559,0.0003859671,-0.00023278342,0.008930041
2153.32622995361,17829.385,7.3191705,0.0030837741,133324,696.1220667637463,408.3282794099753,16614.057,6.8083205,1453.7844,2.1488733,17829.385,7.3191705,0,,,,,696.1220667637463,0.00035084944,408.3282794099753,0.00038569164,-0.0001429941,0.010397749
2153.333174506738,17824.504,7.313584,0.0030838859,133325,696.1212753009141,408.3268297697581,16608.432,6.803124,1451.1199,2.1411602,17824.504,7.313584,0,,,,,696.1212753009141,0.0003507364,408.3268297697581,0.00038582282,-0.0005046347,0.008088546
2153.3401190596323,17824.773,7.3156815,0.0030839974,133326,696.1218473410489,408.32715124083256,16607.648,6.805075,1450.4612,2.1432216,17824.773,7.3156815,0,,,,,696.1218473410489,0.0003511432,408.32715124083256,0.00038601639,0.00043693124,0.008237598
2153.3470636122956,17835.71,7.314857,0.0030841087,133327,696.1222982973334,408.32823722601665,16620.648,6.804308,1449.0062,2.1368105,17835.71,7.314857,0,,,,,696.1222982973334,0.0003506633,408.32823722601665,0.0003855351,4.7541223e-05,0.009108475
2153.3540081651904,17830.87,7.3134665,0.0030842202,133328,696.1209429524827,408.3276816730015,16614.49,6.8030148,1450.1317,2.1360261,17830.87,7.3134665,0,,,,,696.1209429524827,0.00035072656,408.3276816730015,0.0003857691,-0.00073465443,0.009188154
2153.3609527178514,17829.0,7.315462,0.0030843315,133329,696.122090695917,408.32756787983834,16613.865,6.804871,1453.4436,2.1377134,17829.0,7.315462,0,,,,,696.122090695917,0.00035064985,408.32756787983834,0.0003859767,0.00019972914,0.008813633
2153.367897270514,17829.732,7.31512,0.0030844428,133330,696.1210907236665,408.3265413118111,16614.04,6.8045526,1450.8385,2.1377401,17829.732,7.31512,0,,,,,696.1210907236665,0.0003506768,408.3265413118111,0.0003858932,-0.001655733,0.008198426
2153.3748418229434,17818.898,7.3136897,0.0030845539,133331,696.121572486346,408.32871367133515,16602.254,6.8032227,1450.6295,2.1415637,17818.898,7.3136897,0,,,,,696.121572486346,0.0003508991,408.32871367133515,0.00038602875,5.7421992e-05,0.00972661
2153.381786375372,17839.506,7.3145905,0.003084665,133332,696.1209748259438,408.3268270641018,16622.734,6.80406,1448.6888,2.1353657,17839.506,7.3145905,0,,,,,696.1209748259438,0.00035059324,408.3268270641018,0.00038548073,-0.0011465297,0.008883827
2153.3887309278016,17823.748,7.3182406,0.003084776,133333,696.1221558442339,408.32724008285203,16606.77,6.8074555,1457.2583,2.1467948,17823.748,7.3182406,0,,,,,696.1221558442339,0.0003510723,408.32724008285203,0.00038604933,-0.00042152088,0.008691279
2153.395675480231,17825.6,7.313829,0.003084887,133334,696.119705096203,408.3268152993313,16608.963,6.803352,1453.6078,2.1394892,17825.6,7.313829,0,,,,,696.119705096203,0.00035082534,408.3268152993313,0.00038569758,-0.0016747928,0.008147057
2153.402620032428,17818.143,7.3117447,0.0030849979,133335,696.122077992151,408.32839951783484,16602.783,6.801413,1452.3322,2.1375852,17818.143,7.3117447,0,,,,,696.122077992151,0.00035081897,408.32839951783484,0.0003858056,0.00047452087,0.009454084
2153.4095645848565,17833.906,7.3146944,0.003085109,133336,696.1224427797886,408.3278685370223,16617.686,6.8041573,1451.2963,2.1370323,17833.906,7.3146944,0,,,,,696.1224427797886,0.00035072915,408.3278685370223,0.0003857012,0.00017048825,0.009335941
2153.4165091368204,17828.203,7.3185196,0.0030852195,133337,696.122348873145,408.3270422043496,16611.355,6.807715,1452.4564,2.1425633,17828.203,7.3185196,0,,,,,696.122348873145,0.00035103498,408.3270422043496,0.00038648138,8.296899e-05,0.008797958
2153.4234536890176,17842.799,7.315395,0.0030853304,133338,696.1205820910591,408.32547567487427,16623.611,6.8048086,1450.584,2.1387568,17842.799,7.315395,0,,,,,696.1205820910591,0.00035062424,408.32547567487427,0.00038561865,-0.0012240281,0.007121371
2153.4303982409806,17815.822,7.311457,0.003085441,133339,696.1213874817943,408.3275047812677,16596.28,6.801146,1453.8165,2.1368701,17815.822,7.311457,0,,,,,696.1213874817943,0.00035106955,408.3275047812677,0.00038627512,-0.00016794003,0.009197319
2153.437342792944,17792.48,7.310823,0.0030855516,133340,696.121782699688,408.32683312975524,16580.537,6.8005557,1451.2894,2.138273,17792.48,7.310823,0,,,,,696.121782699688,0.00035111303,408.32683312975524,0.00038674648,0.00026216134,0.009118795
2153.4442873449084,17776.295,7.304787,0.0030856621,133341,696.1203632037167,408.32732863499626,16562.023,6.7949414,1451.5841,2.1373007,17776.295,7.304787,0,,,,,696.1203632037167,0.00035152692,408.32732863499626,0.00038647506,-0.0019156886,0.008569664
2153.4512318966385,17761.729,7.3044534,0.0030857725,133342,696.1221642148278,408.32784152929787,16549.693,6.7946305,1450.378,2.143476,17761.729,7.3044534,0,,,,,696.1221642148278,0.00035157392,408.32784152929787,0.00038671086,0.0008342139,0.008971424
2153.4581764483682,17737.574,7.29998,0.0030858829,133343,696.1203777507719,408.3272412486908,16526.756,6.79047,1453.3308,2.1378813,17737.574,7.29998,0,,,,,696.1203777507719,0.0003519738,408.3272412486908,0.0003870269,-0.0022189154,0.008006791
2153.4651210000998,17718.451,7.296455,0.0030859932,133344,696.1228835932415,408.32686670881117,16506.217,6.7871904,1450.8508,2.1409853,17718.451,7.296455,0,,,,,696.1228835932415,0.00035205306,408.32686670881117,0.00038769917,0.0013338774,0.008454917
2153.4720655518313,17690.213,7.2907004,0.0030861036,133345,696.121374776154,408.3273743001489,16483.346,6.7818375,1453.5883,2.1382067,17690.213,7.2907004,0,,,,,696.121374776154,0.00035229334,408.3273743001489,0.00038757283,-0.0006262957,0.009450995
2153.4790101033286,17685.42,7.29111,0.0030862137,133346,696.1225172513861,408.32747743610065,16479.12,6.782219,1453.8783,2.1402898,17685.42,7.29111,0,,,,,696.1225172513861,0.00035240332,408.32747743610065,0.00038777897,0.00056276855,0.009121324
2153.4859546548264,17678.535,7.291962,0.0030863238,133347,696.1225620910432,408.3265280463413,16472.09,6.783011,1454.152,2.139564,17678.535,7.291962,0,,,,,696.1225620910432,0.00035290935,408.3265280463413,0.00038808482,0.00046227855,0.007647882
2153.492899206325,17670.914,7.287206,0.003086434,133348,696.1219546295063,408.32629251828604,16461.203,6.778587,1449.9056,2.1375628,17670.914,7.287206,0,,,,,696.1219546295063,0.0003527367,408.32629251828604,0.00038852653,0.0004856955,0.0078046075
2153.4998437575896,17687.928,7.2938952,0.0030865439,133349,696.1207449183783,408.3265064846196,16482.215,6.7848096,1450.9805,2.146406,17687.928,7.2938952,0,,,,,696.1207449183783,0.0003523967,408.3265064846196,0.00038754582,-0.001446212,0.008743058
2153.5067883088545,17668.068,7.2872887,0.0030866538,133350,696.1220307299593,408.32624275424024,16464.158,6.778664,1451.3915,2.1373885,17668.068,7.2872887,0,,,,,696.1220307299593,0.00035264067,408.32624275424024,0.00038771567,0.000495675,0.008201872
2153.5137328601204,17669.975,7.290273,0.0030867637,133351,696.1198026720087,408.32628403912645,16463.447,6.7814407,1455.5626,2.1441765,17669.975,7.290273,0,,,,,696.1198026720087,0.00035270737,408.32628403912645,0.00038801602,-0.0020152526,0.007856977
2153.5206774111525,17656.62,7.2867594,0.0030868733,133352,696.1212048838431,408.3249108642274,16450.54,6.7781715,1452.287,2.1402254,17656.62,7.2867594,0,,,,,696.1212048838431,0.00035295868,408.3249108642274,0.0003880896,-0.0007188915,0.005854249
2153.5276219624175,17667.057,7.2916455,0.0030869832,133353,696.1214838199206,408.32894906242376,16461.729,6.7827168,1453.5798,2.143585,17667.057,7.2916455,0,,,,,696.1214838199206,0.00035312193,408.32894906242376,0.000388049,-0.00038362955,0.01092741
2153.53456651345,17673.26,7.2909865,0.003087093,133354,696.1204339944364,408.3260529960531,16468.15,6.7821035,1453.6981,2.1402993,17673.26,7.2909865,0,,,,,696.1204339944364,0.00035280467,408.3260529960531,0.00038817187,-0.0013589389,0.007585283
2153.541511064249,17654.814,7.2885613,0.0030872023,133355,696.1212854818714,408.3269856285044,16451.89,6.7798476,1452.6714,2.1468863,17654.814,7.2885613,0,,,,,696.1212854818714,0.0003526344,408.3269856285044,0.00038814824,-0.0012447473,0.008558447
2153.5484556152815,17666.26,7.2870073,0.003087312,133356,696.1206668785912,408.32617457626,16457.633,6.7784023,1451.1635,2.1376798,17666.26,7.2870073,0,,,,,696.1206668785912,0.0003529006,408.32617457626,0.00038822208,-0.0012809696,0.007474748
2153.555400166081,17643.17,7.2881823,0.0030874214,133357,696.1213927309683,408.32662944640174,16439.387,6.7794952,1455.6586,2.1424737,17643.17,7.2881823,0,,,,,696.1213927309683,0.00035322554,408.32662944640174,0.00038881516,-0.0003853293,0.008411074
2153.56234471688,17656.23,7.2863417,0.0030875308,133358,696.122173957304,408.3265000455865,16450.281,6.777783,1452.1637,2.1405108,17656.23,7.2863417,0,,,,,696.122173957304,0.00035300144,408.3265000455865,0.00038802793,7.076759e-05,0.007512984
2153.569289267447,17656.506,7.2867727,0.00308764,133359,696.120871000862,408.3274133903269,16448.613,6.778184,1457.7622,2.1399238,17656.506,7.2867727,0,,,,,696.120871000862,0.00035298005,408.3274133903269,0.0003883864,-0.00082442706,0.008652446
2153.5762338180134,17656.936,7.2877383,0.0030877492,133360,696.1213183832417,408.3266905105758,16452.389,6.7790823,1453.4442,2.1403313,17656.936,7.2877383,0,,,,,696.1213183832417,0.00035292233,408.3266905105758,0.00038829524,-0.00073556905,0.007832632
2153.58317836858,17655.74,7.2874856,0.0030878584,133361,696.121247327053,408.32583463455495,16446.66,6.778847,1450.6487,2.1420357,17655.74,7.2874856,0,,,,,696.121247327053,0.00035298007,408.32583463455495,0.00038862537,-0.0008060237,0.0069500487
2153.590122919147,17651.686,7.285541,0.0030879676,133362,696.121760799296,408.3275959379901,16444.27,6.7770386,1451.2455,2.137685,17651.686,7.285541,0,,,,,696.121760799296,0.0003533051,408.3275959379901,0.00038824946,1.0427092e-05,0.008876218
2153.597067469481,17655.76,7.2878723,0.0030880766,133363,696.1213603802419,408.32643587844643,16451.29,6.779207,1452.2117,2.136854,17655.76,7.2878723,0,,,,,696.1213603802419,0.00035300132,408.32643587844643,0.00038839743,-0.0003743911,0.008062622
2153.604012019815,17657.6,7.2881093,0.0030881856,133364,696.1220559169424,408.3268345754829,16452.748,6.7794275,1455.6135,2.1429272,17657.6,7.2881093,0,,,,,696.1220559169424,0.00035302693,408.3268345754829,0.00038791698,0.00022362993,0.008055791
2153.610956570148,17648.955,7.288812,0.0030882945,133365,696.1218755188349,408.3271235927706,16447.05,6.7800813,1452.8462,2.1431217,17648.955,7.288812,0,,,,,696.1218755188349,0.00035295144,408.3271235927706,0.00038868058,-0.00014939935,0.008120848
2153.617901120482,17660.416,7.287606,0.0030884035,133366,696.1210167846502,408.3265218284512,16454.393,6.778959,1451.1514,2.1408515,17660.416,7.287606,0,,,,,696.1210167846502,0.00035281162,408.3265218284512,0.0003882369,-0.0005718527,0.008146526
2153.6248456705835,17657.145,7.28554,0.0030885122,133367,696.1217533654865,408.32688621185935,16451.693,6.7770376,1453.0115,2.138073,17657.145,7.28554,0,,,,,696.1217533654865,0.0003530257,408.32688621185935,0.00038808878,3.8838236e-05,0.00807584
2153.631790220684,17657.656,7.2881503,0.003088621,133368,696.1227057785511,408.32597187876894,16453.664,6.7794657,1451.466,2.1379418,17657.656,7.2881503,0,,,,,696.1227057785511,0.00035309867,408.32597187876894,0.00038845508,0.0008300564,0.007625423
2153.638734770784,17661.203,7.287648,0.0030887297,133369,696.1210403374855,408.32437828692633,16450.094,6.778998,1453.4866,2.139853,17661.203,7.287648,0,,,,,696.1210403374855,0.0003529467,408.32437828692633,0.00038896693,-0.0009954815,0.0053197816
2153.645679320653,17659.576,7.2877407,0.0030888382,133370,696.121266591751,408.3262936800323,16453.303,6.779084,1453.4097,2.1381283,17659.576,7.2877407,0,,,,,696.121266591751,0.00035313345,408.3262936800323,0.00038811474,-0.0006360479,0.008551901
2153.652623870521,17672.588,7.2904267,0.0030889467,133371,696.1204931367049,408.3265766819458,16465.246,6.7815833,1451.6909,2.1454585,17672.588,7.2904267,0,,,,,696.1204931367049,0.0003526623,408.3265766819458,0.00038807324,-0.00050467724,0.008314446
2153.6595684203885,17671.77,7.29302,0.0030890552,133372,696.1209968480532,408.3258960883582,16463.902,6.7839956,1457.2604,2.1514692,17671.77,7.29302,0,,,,,696.1209968480532,0.00035284553,408.3258960883582,0.0003881366,-0.0013352201,0.007721833
2153.6665129700245,17671.969,7.2916307,0.0030891635,133373,696.1216084416741,408.3260719656407,16466.904,6.782703,1454.7544,2.1464493,17671.969,7.2916307,0,,,,,696.1216084416741,0.00035262835,408.3260719656407,0.0003877896,-0.000318247,0.007764987
2153.6734575198934,17659.277,7.288622,0.003089272,133374,696.1218751933062,408.32724105483516,16453.797,6.7799044,1455.7393,2.1390488,17659.277,7.288622,0,,,,,696.1218751933062,0.0003529962,408.32724105483516,0.0003884454,-0.00083015475,0.008249348
2153.680402069528,17676.668,7.28916,0.0030893802,133375,696.1215141960181,408.3256244583713,16466.074,6.7804046,1451.7462,2.1381764,17676.668,7.28916,0,,,,,696.1215141960181,0.00035303365,408.3256244583713,0.00038819175,-0.0015290605,0.00752059
2153.6873466189304,17664.107,7.290597,0.0030894883,133376,696.1213190349606,408.32653776035215,16458.863,6.7817416,1456.7883,2.1404533,17664.107,7.290597,0,,,,,696.1213190349606,0.0003529031,408.32653776035215,0.00038838506,-0.0008258394,0.0077429614
2153.6942911685665,17678.97,7.2912436,0.0030895965,133377,696.120482503001,408.32733526693477,16469.883,6.782343,1455.4036,2.1407583,17678.97,7.2912436,0,,,,,696.120482503001,0.0003527439,408.32733526693477,0.0003881706,-0.0015736138,0.00801889
2153.7012357179683,17677.107,7.2894635,0.0030897046,133378,696.1214825094197,408.3267970445417,16469.846,6.7806873,1454.9341,2.1391006,17677.107,7.2894635,0,,,,,696.1214825094197,0.00035254296,408.3267970445417,0.00038795095,-0.0005708413,0.008429577
2153.708180267138,17686.436,7.293945,0.0030898124,133379,696.1220101306335,408.3250353534926,16481.47,6.7848554,1457.2239,2.1400447,17686.436,7.293945,0,,,,,696.1220101306335,0.00035281104,408.3250353534926,0.00038786963,0.0002610615,0.0065119285
2153.715124816541,17702.584,7.2947135,0.0030899204,133380,696.1225528323478,408.32677753779274,16492.096,6.7855706,1457.2258,2.1396978,17702.584,7.2947135,0,,,,,696.1225528323478,0.00035241002,408.32677753779274,0.0003877797,0.0008677171,0.008265295
2153.72206936571,17720.756,7.2997494,0.0030900282,133381,696.1210437440822,408.3249374754236,16508.318,6.7902546,1452.2938,2.138424,17720.756,7.2997494,0,,,,,696.1210437440822,0.00035233694,408.3249374754236,0.00038770557,-0.0012484002,0.0061705476
2153.729013914879,17734.338,7.3013773,0.003090136,133382,696.1213637307442,408.32717408887083,16523.162,6.791769,1456.8798,2.1399372,17734.338,7.3013773,0,,,,,696.1213637307442,0.0003520573,408.32717408887083,0.00038723808,-0.00075477036,0.008111489
2153.735958464049,17762.197,7.3042884,0.0030902438,133383,696.1213265447388,408.32643451726267,16549.303,6.7944775,1455.0975,2.140812,17762.197,7.3042884,0,,,,,696.1213265447388,0.00035170018,408.32643451726267,0.00038686325,-0.00092634937,0.0080350535
2153.742903012986,17784.645,7.3111978,0.0030903514,133384,696.1212397110068,408.32657104791383,16570.492,6.8009043,1456.2677,2.1478097,17784.645,7.3111978,0,,,,,696.1212397110068,0.0003512838,408.32657104791383,0.00038647148,-0.0008403262,0.007555471
2153.749847561923,17790.56,7.310001,0.003090459,133385,696.1209112701531,408.3250463830951,16573.273,6.7997913,1456.5859,2.1413877,17790.56,7.310001,0,,,,,696.1209112701531,0.00035126373,408.3250463830951,0.00038686264,-0.00036234615,0.00660764
2153.7567921108603,17821.268,7.313701,0.0030905665,133386,696.1209367235393,408.32549007385853,16607.775,6.8032327,1453.6608,2.1386924,17821.268,7.313701,0,,,,,696.1209367235393,0.0003506683,408.32549007385853,0.00038587177,-0.0016773595,0.006919705
2153.7637366597965,17831.734,7.3161573,0.003090674,133387,696.1209401245067,408.3271077855181,16612.543,6.8055177,1453.8757,2.1438355,17831.734,7.3161573,0,,,,,696.1209401245067,0.0003508375,408.3271077855181,0.00038593245,-0.00075833465,0.008384386
2153.7706812085007,17820.78,7.3151126,0.0030907814,133388,696.1206310321683,408.3249518783316,16604.494,6.804546,1457.2627,2.14352,17820.78,7.3151126,0,,,,,696.1206310321683,0.00035081574,408.3249518783316,0.00038617654,-0.0011570565,0.006658733
2153.777625757205,17830.867,7.3141675,0.0030908887,133389,696.1223146106736,408.32723039543225,16611.0,6.803667,1453.431,2.1376233,17830.867,7.3141675,0,,,,,696.1223146106736,0.000350858,408.32723039543225,0.00038605227,0.0007864713,0.008626992
2153.7845703056764,17820.268,7.3134184,0.0030909958,133390,696.1207728372038,408.3253037480678,16600.607,6.80297,1457.6991,2.1397104,17820.268,7.3134184,0,,,,,696.1207728372038,0.00035101242,408.3253037480678,0.00038644788,-0.00087682606,0.007422862
2153.79151485438,17824.084,7.315377,0.0030911032,133391,696.1224255854407,408.32561077906087,16604.836,6.804792,1458.4655,2.1413531,17824.084,7.315377,0,,,,,696.1224255854407,0.0003509919,408.32561077906087,0.0003861479,0.00085343514,0.006732378
2153.798459402851,17835.52,7.3164806,0.0030912103,133392,696.1216956726295,408.32601976547755,16618.762,6.805818,1454.7968,2.1396942,17835.52,7.3164806,0,,,,,696.1216956726295,0.00035046323,408.32601976547755,0.00038598958,0.00026365631,0.0073961057
2153.8054039513227,17829.363,7.3157353,0.0030913174,133393,696.1204903416866,408.3253609366144,16611.715,6.8051257,1454.8557,2.1386735,17829.363,7.3157353,0,,,,,696.1204903416866,0.0003507999,408.3253609366144,0.0003861912,-0.0011973705,0.0072833295
2153.8123484995604,17825.791,7.320048,0.0030914242,133394,696.1204728864694,408.32524145423014,16611.297,6.809137,1456.7047,2.1466112,17825.791,7.320048,0,,,,,696.1204728864694,0.00035070966,408.32524145423014,0.00038628522,-0.0014709242,0.0067577404
2153.819293047799,17828.812,7.314557,0.003091531,133395,696.121517500663,408.32649769494105,16612.24,6.804029,1451.2532,2.1382425,17828.812,7.314557,0,,,,,696.121517500663,0.00035087694,408.32649769494105,0.00038592285,-0.00088053837,0.0077926745
2153.826237596038,17830.166,7.315828,0.003091638,133396,696.12143786107,408.3244172625838,16607.738,6.8052115,1453.1948,2.1411097,17830.166,7.315828,0,,,,,696.12143786107,0.0003512093,408.3244172625838,0.0003863975,0.00055898237,0.0059698205
2153.8331821442757,17824.637,7.3150396,0.0030917448,133397,696.119735974339,408.325328315463,16607.006,6.804478,1455.6112,2.1411421,17824.637,7.3150396,0,,,,,696.119735974339,0.00035096996,408.325328315463,0.00038617363,-0.001595919,0.0075672446
2153.84012669228,17833.924,7.318748,0.0030918515,133398,696.1215697506345,408.32579437545667,16619.479,6.8079276,1457.6223,2.145669,17833.924,7.318748,0,,,,,696.1215697506345,0.00035079804,408.32579437545667,0.00038580294,-0.00013229325,0.0073310826
2153.847071240519,17821.117,7.316116,0.0030919584,133399,696.1215124117044,408.3258165041766,16605.861,6.805479,1455.4874,2.1437008,17821.117,7.316116,0,,,,,696.1215124117044,0.00035096324,408.3258165041766,0.0003860948,-0.00099615,0.007371042
2153.8540157882926,17830.248,7.315515,0.0030920648,133400,696.1207351296139,408.3255206474982,16613.324,6.8049207,1456.1488,2.1387942,17830.248,7.315515,0,,,,,696.1207351296139,0.00035067662,408.3255206474982,0.00038604857,-0.0011782362,0.0071443943
2153.8609603362975,17827.521,7.3160076,0.0030921714,133401,696.1212516071114,408.32492638598757,16611.295,6.805379,1458.2197,2.1396182,17827.521,7.3160076,0,,,,,696.1212516071114,0.00035079874,408.32492638598757,0.00038602037,-0.00016852547,0.0068501504
2153.86790488407,17817.533,7.3129745,0.0030922778,133402,696.1215960343588,408.3232907652904,16600.541,6.802557,1457.8344,2.1395879,17817.533,7.3129745,0,,,,,696.1215960343588,0.0003508606,408.3232907652904,0.0003860913,-6.92072e-05,0.0043844176
2153.8748494318434,17823.84,7.3157043,0.0030923842,133403,696.1226390582733,408.3276485892126,16607.959,6.805096,1458.9937,2.1410124,17823.84,7.3157043,0,,,,,696.1226390582733,0.00035086318,408.3276485892126,0.00038608097,0.00036220805,0.008931041
2153.8817939796154,17829.494,7.313023,0.0030924906,133404,696.1204717524525,408.3258034285121,16612.234,6.8026023,1451.631,2.1364257,17829.494,7.313023,0,,,,,696.1204717524525,0.0003505191,408.3258034285121,0.00038595067,-0.0012350398,0.0071105273
2153.888738527155,17815.77,7.316507,0.0030925968,133405,696.1208987412568,408.32478963352384,16599.34,6.805843,1461.45,2.1426153,17815.77,7.316507,0,,,,,696.1208987412568,0.0003510423,408.32478963352384,0.0003862164,-0.00086759904,0.006478979
2153.8956830746956,17824.576,7.317293,0.003092703,133406,696.1216665629711,408.3261200065485,16607.299,6.8065743,1457.6158,2.1464217,17824.576,7.317293,0,,,,,696.1216665629711,0.00035086734,408.3261200065485,0.00038605815,-0.0008425763,0.0064815055
2153.9026276222353,17844.152,7.318154,0.003092809,133407,696.1208676175908,408.3250980059054,16622.176,6.807375,1459.7382,2.1402435,17844.152,7.318154,0,,,,,696.1208676175908,0.00035090093,408.3250980059054,0.0003860103,-0.0012260405,0.0068351664
2153.909572169542,17838.17,7.318106,0.003092915,133408,696.12120144789,408.3261654888742,16621.6,6.8073306,1455.3688,2.1443791,17838.17,7.318106,0,,,,,696.12120144789,0.0003505494,408.3261654888742,0.00038577468,-0.00097139075,0.0074113365
2153.9165167170822,17835.955,7.319237,0.0030930212,133409,696.12134947915,408.3247710422782,16618.045,6.808383,1452.624,2.1437345,17835.955,7.319237,0,,,,,696.12134947915,0.00035068858,408.3247710422782,0.00038620888,-0.001081793,0.0059286086
2153.9234612643886,17833.797,7.316173,0.0030931272,133410,696.1213392194431,408.3248097284303,16616.79,6.8055325,1456.923,2.1395946,17833.797,7.316173,0,,,,,696.1213392194431,0.00035074953,408.3248097284303,0.00038600212,-0.00020512768,0.0067630094
2153.930405811463,17832.266,7.3194504,0.0030932329,133411,696.120458934796,408.32695216175546,16614.656,6.808581,1456.9498,2.1439621,17832.266,7.3194504,0,,,,,696.120458934796,0.0003509824,408.32695216175546,0.00038629587,-0.0014145055,0.008014323
2153.9373503587703,17824.588,7.317453,0.0030933388,133412,696.1205210279355,408.32612307757825,16607.58,6.8067226,1459.3444,2.1418657,17824.588,7.317453,0,,,,,696.1205210279355,0.0003510737,408.32612307757825,0.00038638574,-0.0009093963,0.0076570623
2153.944294905844,17817.67,7.31493,0.0030934445,133413,696.120523932647,408.32635202769586,16602.08,6.804376,1456.1343,2.1419086,17817.67,7.31493,0,,,,,696.120523932647,0.0003511825,408.32635202769586,0.00038626863,-0.00045897416,0.0078060706
2153.9512394529183,17829.066,7.3172536,0.0030935502,133414,696.1222309224929,408.32458740658217,16612.633,6.806537,1457.7455,2.140829,17829.066,7.3172536,0,,,,,696.1222309224929,0.0003512597,408.32458740658217,0.0003861684,0.0004968258,0.0060629244
2153.95818399976,17828.44,7.315404,0.0030936557,133415,696.1212303324781,408.3247883866986,16611.637,6.804817,1455.1245,2.1411173,17828.44,7.315404,0,,,,,696.1212303324781,0.00035070823,408.3247883866986,0.00038600736,-0.00073451485,0.0062552406
2153.9651285466016,17823.463,7.315795,0.0030937612,133416,696.121801694534,408.3253226389788,16604.898,6.805181,1454.4652,2.1441498,17823.463,7.315795,0,,,,,696.121801694534,0.00035114805,408.3253226389788,0.00038626735,2.667522e-05,0.0066463947
2153.9720730934423,17837.066,7.315792,0.0030938666,133417,696.1206188655082,408.3244677862809,16617.1,6.805178,1453.3192,2.1412208,17837.066,7.315792,0,,,,,696.1206188655082,0.00035059117,408.3244677862809,0.00038589368,-0.0014471074,0.006174425
2153.979017640284,17830.111,7.3137765,0.003093972,133418,696.1210219848515,408.32479607809836,16613.256,6.8033032,1452.7213,2.137022,17830.111,7.3137765,0,,,,,696.1210219848515,0.00035067374,408.32479607809836,0.00038569773,-0.0008219156,0.006369486
2153.9859621868936,17821.383,7.317304,0.0030940773,133419,696.1211033425919,408.3253252180331,16605.105,6.806585,1457.3796,2.1499078,17821.383,7.317304,0,,,,,696.1211033425919,0.00035080675,408.3253252180331,0.0003859564,-0.0004906051,0.006384402
2153.992906733501,17831.133,7.3170204,0.0030941826,133420,696.1199460724112,408.32546654709,16612.28,6.8063207,1456.6317,2.1428885,17831.133,7.3170204,0,,,,,696.1199460724112,0.0003509396,408.32546654709,0.00038589595,-0.002504535,0.006701268
2153.9998512801094,17834.03,7.3158746,0.0030942878,133421,696.1224174183046,408.32393294713415,16613.693,6.805255,1455.761,2.1397288,17834.03,7.3158746,0,,,,,696.1224174183046,0.0003509639,408.32393294713415,0.00038591013,0.00038478945,0.005699001
2154.0067958267186,17811.762,7.314903,0.003094393,133422,696.1216859844125,408.3253039507197,16594.344,6.804351,1456.7607,2.1464133,17811.762,7.314903,0,,,,,696.1216859844125,0.00035130308,408.3253039507197,0.00038604665,-0.0006268766,0.0076048146
2154.0137403730937,17824.752,7.3150015,0.003094498,133423,696.1205749618747,408.3256917700776,16609.988,6.8044424,1459.3243,2.1406248,17824.752,7.3150015,0,,,,,696.1205749618747,0.00035088783,408.3256917700776,0.0003859219,-0.0009640649,0.0072400067
2154.0206849194683,17828.988,7.320065,0.003094603,133424,696.122348398955,408.3249740383739,16612.28,6.8091526,1456.1599,2.1501784,17828.988,7.320065,0,,,,,696.122348398955,0.00035104487,408.3249740383739,0.00038610087,0.0007149306,0.0061464226
2154.0276294658447,17829.754,7.3144994,0.003094708,133425,696.121199140886,408.3250905340153,16611.95,6.8039756,1453.9304,2.1387703,17829.754,7.3144994,0,,,,,696.121199140886,0.00035074717,408.3250905340153,0.00038579173,-0.00068639405,0.0061079822
2154.0345740119883,17824.672,7.3157973,0.0030948129,133426,696.1210107083774,408.3255520446218,16607.637,6.8051825,1457.7837,2.1432865,17824.672,7.3157973,0,,,,,696.1210107083774,0.00035091917,408.3255520446218,0.00038593134,-0.0009919784,0.00753802
2154.0415185581305,17841.678,7.316693,0.0030949176,133427,696.1212305467808,408.3228070446392,16623.512,6.806016,1453.2478,2.1372876,17841.678,7.316693,0,,,,,696.1212305467808,0.0003507104,408.3228070446392,0.00038587846,-0.000301815,0.0044289813
2154.048463104273,17820.713,7.3137593,0.0030950224,133428,696.1204205765006,408.32531121879543,16599.111,6.8032875,1459.5228,2.1401632,17820.713,7.3137593,0,,,,,696.1204205765006,0.00035119854,408.32531121879543,0.00038636453,-0.0011230364,0.006610483
2154.055407650184,17836.057,7.3219285,0.003095127,133429,696.1209451298243,408.3249130555834,16618.799,6.810886,1454.5497,2.1492236,17836.057,7.3219285,0,,,,,696.1209451298243,0.00035089714,408.3249130555834,0.0003863688,-0.00016727537,0.0069049094
2154.0623521963266,17831.494,7.315933,0.0030952317,133430,696.1206392346273,408.3252104988623,16615.902,6.8053093,1453.3745,2.1399992,17831.494,7.315933,0,,,,,696.1206392346273,0.00035083777,408.3252104988623,0.00038585035,-0.0008501835,0.006758341
2154.0692967422365,17838.65,7.3177576,0.0030953363,133431,696.1208690613942,408.3264130323728,16620.25,6.8070064,1454.8604,2.139962,17838.65,7.3177576,0,,,,,696.1208690613942,0.00035079554,408.3264130323728,0.00038604604,-0.0014045511,0.0075652148
2154.076241287914,17828.104,7.3159766,0.0030954406,133432,696.1213645413292,408.3249070686291,16609.639,6.8053493,1453.1941,2.1391766,17828.104,7.3159766,0,,,,,696.1213645413292,0.00035100838,408.3249070686291,0.00038603047,-0.0009423172,0.006373095
2154.083185833824,17830.658,7.317611,0.003095545,133433,696.1207447830633,408.32527216441537,16610.459,6.8068705,1457.888,2.1395962,17830.658,7.317611,0,,,,,696.1207447830633,0.00035101568,408.32527216441537,0.00038644468,-0.0011891867,0.0069053164
2154.0901303795017,17843.834,7.315401,0.0030956494,133434,696.1212528630257,408.32441466050864,16625.947,6.8048143,1451.4803,2.1360316,17843.834,7.315401,0,,,,,696.1212528630257,0.0003505221,408.32441466050864,0.00038579034,-0.000483095,0.006262038
2154.0970749251787,17833.992,7.321808,0.0030957537,133435,696.1211776126074,408.3239008936084,16617.648,6.810774,1456.871,2.1490328,17833.992,7.321808,0,,,,,696.1211776126074,0.0003507751,408.3239008936084,0.000386249,-0.000538528,0.005069165
2154.104019470622,17839.898,7.320093,0.0030958578,133436,696.1197599829612,408.324282112342,16622.34,6.8091793,1453.8397,2.1491985,17839.898,7.320093,0,,,,,696.1197599829612,0.00035064755,408.324282112342,0.00038581179,-0.0021721243,0.005097493
2154.1109640160666,17830.025,7.3168955,0.0030959619,133437,696.1203409860207,408.32410584017794,16612.156,6.8062043,1451.8573,2.1434703,17830.025,7.3168955,0,,,,,696.1203409860207,0.00035100034,408.32410584017794,0.0003861227,-0.00069116364,0.0062754755
2154.1179085615117,17834.65,7.31839,0.003096066,133438,696.1211322482908,408.3241653782793,16615.514,6.807595,1455.5918,2.14279,17834.65,7.31839,0,,,,,696.1211322482908,0.0003507853,408.3241653782793,0.00038614604,-0.00045106086,0.006115929
2154.124853106956,17825.035,7.314672,0.00309617,133439,696.1214074808935,408.3241440617456,16608.61,6.804136,1456.8519,2.140462,17825.035,7.314672,0,,,,,696.1214074808935,0.00035078163,408.3241440617456,0.00038588617,-0.00092288456,0.0054957145
2154.131797652167,17838.262,7.3190794,0.0030962739,133440,696.1210392111802,408.32455071090516,16617.66,6.8082356,1459.4219,2.1432922,17838.262,7.3190794,0,,,,,696.1210392111802,0.00035095337,408.32455071090516,0.0003860896,-0.00041204752,0.0059189494
2154.1387421973786,17831.674,7.319068,0.0030963777,133441,696.1208923107373,408.32430981002597,16609.701,6.808225,1458.177,2.141719,17831.674,7.319068,0,,,,,696.1208923107373,0.00035099708,408.32430981002597,0.00038674916,-0.0008841705,0.0053268145
2154.1456867425904,17826.494,7.31739,0.0030964816,133442,696.1197482183113,408.32243270004255,16607.598,6.8066645,1458.3152,2.1416562,17826.494,7.31739,0,,,,,696.1197482183113,0.00035104936,408.32243270004255,0.00038646595,-0.0024861144,0.0040360927
2154.1526312878013,17826.63,7.317461,0.0030965854,133443,696.1212426038462,408.3261907985082,16608.695,6.8067307,1457.8036,2.1476061,17826.63,7.317461,0,,,,,696.1212426038462,0.00035088827,408.3261907985082,0.00038603376,0.00031061863,0.00764426
2154.1595758327803,17828.174,7.317817,0.003096689,133444,696.120739265957,408.32432049418014,16608.197,6.807062,1456.5085,2.1459837,17828.174,7.317817,0,,,,,696.120739265957,0.0003508811,408.32432049418014,0.00038632614,-0.0013358543,0.005741592
2154.16652037776,17832.873,7.3151727,0.0030967926,133445,696.1215793046885,408.3250118395336,16615.148,6.804602,1454.676,2.1394017,17832.873,7.3151727,0,,,,,696.1215793046885,0.00035062846,408.3250118395336,0.00038579898,-0.0006776593,0.005632065
2154.173464922738,17825.113,7.318058,0.0030968962,133446,696.121669973041,408.3246980975582,16604.004,6.807286,1459.8921,2.1450706,17825.113,7.318058,0,,,,,696.121669973041,0.00035101498,408.3246980975582,0.00038656234,-0.0007992443,0.0055748248
2154.1804094674835,17827.395,7.315438,0.0030969996,133447,696.1190926372775,408.32428716439875,16607.549,6.8048487,1455.0204,2.1432018,17827.395,7.315438,0,,,,,696.1190926372775,0.00035085352,408.32428716439875,0.000385878,-0.0027298713,0.005216051
2154.18735401223,17828.514,7.317493,0.003097103,133448,696.1223063226764,408.3256025407844,16610.703,6.8067603,1456.0215,2.1458592,17828.514,7.317493,0,,,,,696.1223063226764,0.00035109167,408.3256025407844,0.00038611062,9.209756e-05,0.007306164
2154.194298556976,17838.012,7.3173103,0.0030972064,133449,696.1208088802531,408.3224685974923,16619.1,6.80659,1456.1458,2.1418054,17838.012,7.3173103,0,,,,,696.1208088802531,0.0003509527,408.3224685974923,0.0003858567,-0.0011747958,0.0033710706
2154.201243101721,17832.162,7.3154726,0.0030973097,133450,696.1222349768769,408.32383248976345,16611.717,6.8048806,1458.0839,2.1410747,17832.162,7.3154726,0,,,,,696.1222349768769,0.0003507375,408.32383248976345,0.00038616706,0.00083165173,0.0055615576
2154.208187646234,17825.094,7.317416,0.0030974129,133451,696.1216599262352,408.3246323205267,16608.264,6.8066883,1456.6235,2.1468809,17825.094,7.317416,0,,,,,696.1216599262352,0.00035104222,408.3246323205267,0.0003859835,-0.00033815805,0.0059109284
2154.2151321907477,17834.87,7.321357,0.003097516,133452,696.120962264666,408.3247101713983,16617.002,6.810354,1456.4164,2.1458738,17834.87,7.321357,0,,,,,696.120962264666,0.0003508941,408.3247101713983,0.0003865989,-0.0013885533,0.0060180835
2154.222076735261,17835.572,7.31959,0.0030976192,133453,696.1219883248451,408.3236845726303,16615.46,6.808711,1459.5223,2.1482227,17835.572,7.31959,0,,,,,696.1219883248451,0.0003508116,408.3236845726303,0.00038583466,-0.0001788866,0.0054782187
2154.2290212795406,17841.404,7.323493,0.003097722,133454,696.1202895702098,408.3233466483083,16620.729,6.812341,1457.7006,2.1575687,17841.404,7.323493,0,,,,,696.1202895702098,0.00035063943,408.3233466483083,0.00038621653,-0.0017005736,0.003998127
2154.235965823821,17845.793,7.3192983,0.003097825,133455,696.1210091287792,408.32429139072747,16621.799,6.8084397,1458.8263,2.1455326,17845.793,7.3192983,0,,,,,696.1210091287792,0.0003507234,408.32429139072747,0.0003861963,0.00023662558,0.0065361103
2154.2429103681015,17832.197,7.3170853,0.003097928,133456,696.1198356864539,408.32249401783366,16613.19,6.8063807,1456.5162,2.141683,17832.197,7.3170853,0,,,,,696.1198356864539,0.00035100614,408.32249401783366,0.00038617235,-0.0025130678,0.0031305812
2154.249854912382,17821.572,7.316055,0.0030980308,133457,696.1203140324147,408.32303342191466,16604.926,6.8054223,1458.2318,2.1425726,17821.572,7.316055,0,,,,,696.1203140324147,0.0003510815,408.32303342191466,0.00038629936,-0.0014836477,0.0044934996
2154.2567994564292,17836.986,7.320227,0.0030981335,133458,696.1214322448519,408.3254527214677,16618.508,6.8093033,1456.8851,2.1407323,17836.986,7.320227,0,,,,,696.1214322448519,0.00035141836,408.3254527214677,0.00038631217,-0.000322524,0.006679785
2154.263744000476,17828.025,7.314202,0.0030982362,133459,696.1213673439009,408.32463788552354,16605.598,6.803699,1457.0701,2.1397214,17828.025,7.314202,0,,,,,696.1213673439009,0.00035107322,408.32463788552354,0.00038616126,-0.00034316958,0.006521599
2154.2706885442913,17826.336,7.317343,0.0030983386,133460,696.1211375628063,408.32250025141747,16606.812,6.8066206,1458.9849,2.141852,17826.336,7.317343,0,,,,,696.1211375628063,0.00035122252,408.32250025141747,0.00038638074,-0.0002348561,0.003550808
2154.277633088339,17820.04,7.3162646,0.0030984413,133461,696.1213173357618,408.32313364561503,16599.287,6.805618,1461.1785,2.1452105,17820.04,7.3162646,0,,,,,696.1213173357618,0.00035109246,408.32313364561503,0.00038648825,-0.00050848065,0.0040361146
2154.284577632153,17817.967,7.3171635,0.0030985437,133462,696.122183668284,408.3251583583503,16599.652,6.8064537,1460.9546,2.1427455,17817.967,7.3171635,0,,,,,696.122183668284,0.00035125818,408.3251583583503,0.000386457,2.2140857e-05,0.006515858
2154.2915221759667,17834.879,7.318949,0.0030986462,133463,696.1199535721688,408.32301413683643,16612.688,6.8081145,1460.3278,2.1484034,17834.879,7.318949,0,,,,,696.1199535721688,0.00035096792,408.32301413683643,0.00038632497,-0.0013060285,0.0037306717
2154.298466719549,17826.734,7.318424,0.0030987484,133464,696.1207133847423,408.3237472665886,16606.8,6.8076262,1460.5897,2.1486428,17826.734,7.318424,0,,,,,696.1207133847423,0.00035100296,408.3237472665886,0.0003861647,-0.000821193,0.0052662115
2154.3054112633645,17842.117,7.3166733,0.0030988508,133465,696.1205545087262,408.32436992177213,16618.625,6.8059974,1454.3862,2.1405761,17842.117,7.3166733,0,,,,,696.1205545087262,0.00035055136,408.32436992177213,0.00038619048,-0.0013694398,0.005159798
2154.3123558069456,17832.47,7.3179073,0.003098953,133466,696.1217310499321,408.32337882889925,16613.348,6.8071456,1463.3052,2.1420147,17832.47,7.3179073,0,,,,,696.1217310499321,0.0003512634,408.32337882889925,0.0003863056,-0.00067175226,0.0041775424
2154.3193003502943,17828.17,7.3181205,0.003099055,133467,696.1206616726731,408.3235545475055,16610.164,6.807344,1459.7373,2.1434476,17828.17,7.3181205,0,,,,,696.1206616726731,0.00035112607,408.3235545475055,0.00038635492,-0.00095837977,0.005129291
2154.3262448938767,17826.012,7.318061,0.0030991572,133468,696.1198025755922,408.32350749070906,16606.92,6.8072886,1458.4393,2.150257,17826.012,7.318061,0,,,,,696.1198025755922,0.00035086877,408.32350749070906,0.00038610934,-0.0023563053,0.004867692
2154.333189437225,17836.676,7.3191524,0.0030992592,133469,696.1202341098974,408.32357935032536,16616.422,6.808304,1462.6713,2.1446733,17836.676,7.3191524,0,,,,,696.1202341098974,0.00035098928,408.32357935032536,0.00038638592,-0.0013171528,0.0049883146
2154.340133980574,17829.258,7.316326,0.0030993612,133470,696.1216303344602,408.32442415844423,16608.96,6.8056746,1460.3584,2.1411948,17829.258,7.316326,0,,,,,696.1216303344602,0.00035094892,408.32442415844423,0.00038624002,-0.0008769427,0.0063436762
2154.3470785239233,17826.953,7.3144755,0.0030994632,133471,696.1208793033721,408.32307129818065,16602.059,6.8039536,1458.679,2.1420217,17826.953,7.3144755,0,,,,,696.1208793033721,0.00035103504,408.32307129818065,0.0003860815,-0.0016821148,0.004024024
2154.3540230670387,17838.918,7.3204675,0.003099565,133472,696.1219092614872,408.3223769836436,16620.275,6.809527,1461.3743,2.148977,17838.918,7.3204675,0,,,,,696.1219092614872,0.00035079225,408.3223769836436,0.00038605087,-0.00025743543,0.0035469758
2154.360967610156,17837.236,7.315675,0.0030996667,133473,696.1208729459986,408.32488436957124,16616.023,6.805069,1459.4071,2.1393907,17837.236,7.315675,0,,,,,696.1208729459986,0.0003509642,408.32488436957124,0.0003858522,-0.0016889648,0.0057384735
2154.367912153272,17822.406,7.316124,0.0030997684,133474,696.1212249416476,408.3228773933541,16604.518,6.8054867,1459.6759,2.1427095,17822.406,7.316124,0,,,,,696.1212249416476,0.00035100963,408.3228773933541,0.00038636723,-0.00047636306,0.0034568522
2154.374856696154,17825.691,7.318141,0.00309987,133475,696.1217204871041,408.3232065854964,16608.562,6.807363,1459.2904,2.1417725,17825.691,7.318141,0,,,,,696.1217204871041,0.0003510468,408.3232065854964,0.00038620248,-0.00078407524,0.0051572532
2154.3818012390375,17841.17,7.3184257,0.0030999715,133476,696.121119079112,408.32341129756946,16622.611,6.8076277,1460.0714,2.1413264,17841.17,7.3184257,0,,,,,696.121119079112,0.00035063454,408.32341129756946,0.00038603914,-0.0011334417,0.00502692
2154.3887457819205,17837.047,7.316978,0.003100073,133477,696.1191874110654,408.32398959818784,16618.963,6.806281,1457.1392,2.1401007,17837.047,7.316978,0,,,,,696.1191874110654,0.00035078544,408.32398959818784,0.00038594787,-0.0029121682,0.0042824536
2154.3956903248036,17831.883,7.3163996,0.0031001745,133478,696.1200673349282,408.3232205782854,16611.926,6.805743,1455.4813,2.1423805,17831.883,7.3163996,0,,,,,696.1200673349282,0.0003511079,408.3232205782854,0.00038603015,-0.0020394842,0.004792863
2154.4026348674543,17837.172,7.3181863,0.0031002758,133479,696.1208380741139,408.32362035054706,16619.967,6.807405,1459.7462,2.1424103,17837.172,7.3181863,0,,,,,696.1208380741139,0.00035078765,408.32362035054706,0.00038575748,-0.0010504154,0.0041417326
2154.409579410105,17827.611,7.315978,0.003100377,133480,696.1216942191562,408.3238104767935,16609.623,6.8053513,1459.4589,2.1419806,17827.611,7.315978,0,,,,,696.1216942191562,0.00035090206,408.3238104767935,0.00038607602,3.960808e-05,0.0058847717
2154.4165239527556,17826.566,7.317198,0.0031004783,133481,696.1204850269685,408.3235306468658,16607.838,6.8064857,1459.327,2.1445868,17826.566,7.317198,0,,,,,696.1204850269685,0.0003509658,408.3235306468658,0.000386,-0.0013682253,0.005299675
2154.4234684951725,17829.914,7.3184395,0.0031005794,133482,696.1210014283629,408.32098236082436,16612.64,6.8076406,1461.6122,2.1452909,17829.914,7.3184395,0,,,,,696.1210014283629,0.0003508811,408.32098236082436,0.00038620213,-0.00086876476,0.002874769
2154.4304130375904,17839.05,7.3195906,0.0031006804,133483,696.1211378868518,408.32455790389275,16623.01,6.8087115,1460.7458,2.142006,17839.05,7.3195906,0,,,,,696.1211378868518,0.00035069836,408.32455790389275,0.0003861671,0.00012638497,0.005957898
2154.4373575800087,17819.441,7.317922,0.0031007815,133484,696.1216054113561,408.32313667191073,16602.277,6.8071594,1460.8617,2.149736,17819.441,7.317922,0,,,,,696.1216054113561,0.00035105844,408.32313667191073,0.00038619305,-0.00010477362,0.004724712
2154.4443021224256,17814.896,7.3165374,0.0031008825,133485,696.1207853922939,408.3223288593539,16596.277,6.8058715,1461.6161,2.1466153,17814.896,7.3165374,0,,,,,696.1207853922939,0.00035120134,408.3223288593539,0.00038642468,-0.0008548664,0.004131662
2154.45124666461,17833.152,7.316796,0.0031009833,133486,696.1206303522162,408.3248852503295,16614.984,6.806112,1459.1055,2.1420112,17833.152,7.316796,0,,,,,696.1206303522162,0.00035090675,408.3248852503295,0.00038588935,-0.0013206529,0.0064842636
2154.458191206795,17830.158,7.314557,0.0031010841,133487,696.1207985338236,408.32299430335564,16609.133,6.804029,1458.0667,2.1381953,17830.158,7.314557,0,,,,,696.1207985338236,0.00035087497,408.32299430335564,0.00038602197,-0.0014716724,0.0037610484
2154.46513574898,17818.38,7.313952,0.003101185,133488,696.1219540069771,408.3248139904641,16600.346,6.803467,1460.5876,2.141288,17818.38,7.313952,0,,,,,696.1219540069771,0.0003510415,408.3248139904641,0.00038605556,-0.00015416827,0.005940641
2154.4720802911643,17843.928,7.318186,0.0031012858,133489,696.1212268849101,408.32155335223,16622.49,6.8074045,1457.4379,2.141758,17843.928,7.318186,0,,,,,696.1212268849101,0.00035073515,408.32155335223,0.00038610867,-0.000870258,0.0021949688
2154.479024833116,17845.4,7.319055,0.0031013864,133490,696.1208440132392,408.3237830637137,16625.291,6.808213,1455.9956,2.143075,17845.4,7.319055,0,,,,,696.1208440132392,0.00035073142,408.3237830637137,0.0003860518,-0.0014506388,0.0056172004
2154.4859693750686,17827.504,7.320512,0.003101487,133491,696.1221222079582,408.32246686131504,16607.79,6.8095684,1462.2222,2.1446908,17827.504,7.320512,0,,,,,696.1221222079582,0.00035113795,408.32246686131504,0.000386753,-0.00033158177,0.0036831885
2154.4929139167875,17832.63,7.3198414,0.0031015873,133492,696.1204599382148,408.32365299046114,16611.332,6.8089447,1461.7239,2.1454163,17832.63,7.3198414,0,,,,,696.1204599382148,0.00035115652,408.32365299046114,0.0003862289,-0.0015273422,0.0052874046
2154.4998584587393,17833.678,7.315377,0.0031016879,133493,696.1222125469944,408.32241893825443,16611.627,6.804792,1455.8949,2.1414306,17833.678,7.315377,0,,,,,696.1222125469944,0.00035094382,408.32241893825443,0.00038623522,0.00055056124,0.0036610018
2154.5068030004586,17834.867,7.320913,0.0031017882,133494,696.1220306204785,408.3224466249056,16616.824,6.809941,1462.0544,2.146426,17834.867,7.320913,0,,,,,696.1220306204785,0.00035109167,408.3224466249056,0.00038634372,0.00034997793,0.0038879956
2154.513747542177,17835.844,7.3195677,0.0031018886,133495,696.1208535086914,408.3239013897357,16616.498,6.80869,1460.7015,2.1467817,17835.844,7.3195677,0,,,,,696.1208535086914,0.00035101938,408.3239013897357,0.00038613717,-0.001004795,0.0053089657
2154.5206920836645,17831.004,7.318635,0.0031019887,133496,696.121275554069,408.3245186767969,16610.145,6.8078227,1462.7583,2.1453817,17831.004,7.318635,0,,,,,696.121275554069,0.00035105474,408.3245186767969,0.0003861995,-0.000558637,0.005793287
2154.5276366251505,17827.611,7.314712,0.0031020888,133497,696.1190897250817,408.3206199460273,16607.021,6.8041735,1457.91,2.1405683,17827.611,7.314712,0,,,,,696.1190897250817,0.0003509412,408.3206199460273,0.0003861528,-0.002606012,0.00080255384
2154.5345811666357,17834.49,7.3250594,0.003102189,133498,696.1201575891802,408.3234686113227,16616.77,6.8137984,1463.1062,2.1571538,17834.49,7.3250594,0,,,,,696.1201575891802,0.00035105983,408.3234686113227,0.00038617442,-0.0017768997,0.0044384166
2154.541525708123,17840.025,7.319792,0.003102289,133499,696.1207720229917,408.32355974986376,16619.93,6.8088984,1460.1151,2.1476192,17840.025,7.319792,0,,,,,696.1207720229917,0.0003506091,408.32355974986376,0.00038611636,-0.0012623449,0.00486245
2154.548470249377,17826.19,7.3158875,0.003102389,133500,696.1197927896771,408.322783390326,16608.078,6.805267,1458.083,2.1419215,17826.19,7.3158875,0,,,,,696.1197927896771,0.0003508063,408.322783390326,0.00038602052,-0.0026452376,0.003892966
2154.5554147906296,17843.617,7.3184223,0.0031024888,133501,696.1215053156441,408.3231805866065,16621.05,6.807625,1458.6187,2.141451,17843.617,7.3184223,0,,,,,696.1215053156441,0.00035103754,408.3231805866065,0.0003859336,-0.000453475,0.004337064
2154.5623593318824,17848.297,7.3221507,0.0031025887,133502,696.1210980253234,408.32280255075307,16629.71,6.811093,1461.4324,2.1439912,17848.297,7.3221507,0,,,,,696.1210980253234,0.00035065386,408.32280255075307,0.0003861591,-0.0007932288,0.004190803
2154.569303873136,17830.104,7.3176217,0.0031026886,133503,696.1209348793469,408.3227594727913,16613.412,6.8068795,1457.6545,2.1407974,17830.104,7.3176217,0,,,,,696.1209348793469,0.0003510572,408.3227594727913,0.00038597643,-0.0004823396,0.0043346332
2154.576248414158,17837.193,7.3210254,0.0031027882,133504,696.12058737311,408.3234977722053,16615.246,6.8100457,1457.4879,2.1521056,17837.193,7.3210254,0,,,,,696.12058737311,0.00035072851,408.3234977722053,0.00038624025,-0.0021114843,0.0046863705
2154.5831929551773,17835.3,7.3194246,0.003102888,133505,696.1205228334925,408.3211326926305,16614.125,6.808557,1460.444,2.1433725,17835.3,7.3194246,0,,,,,696.1205228334925,0.0003511369,408.3211326926305,0.00038614834,-0.0011464786,0.002518426
2154.5901374961977,17836.168,7.316987,0.0031029875,133506,696.1211519620765,408.3226023876177,16612.2,6.8062897,1461.1798,2.1440296,17836.168,7.316987,0,,,,,696.1211519620765,0.00035107203,408.3226023876177,0.00038609782,-0.0005151551,0.0041968473
2154.5970820369866,17820.443,7.31705,0.003103087,133507,696.1196801065897,408.32262582914086,16603.14,6.8063483,1459.3218,2.1417305,17820.443,7.31705,0,,,,,696.1196801065897,0.00035103643,408.32262582914086,0.0003866293,-0.002385194,0.003972842
2154.6040265777738,17836.871,7.3195033,0.0031031864,133508,696.1204084614325,408.32240120029036,16615.215,6.8086305,1462.8295,2.14651,17836.871,7.3195033,0,,,,,696.1204084614325,0.00035087267,408.32240120029036,0.00038618757,-0.0011662934,0.0044005807
2154.610971118562,17835.574,7.318302,0.0031032858,133509,696.1212518856512,408.3211276086754,16614.668,6.8075128,1462.2942,2.1420395,17835.574,7.318302,0,,,,,696.1212518856512,0.00035097307,408.3211276086754,0.00038622276,-0.0014683919,0.0021502736
2154.6179156593494,17836.717,7.3177586,0.0031033852,133510,696.120566967245,408.32184763426636,16617.51,6.8070073,1459.349,2.1425388,17836.717,7.3177586,0,,,,,696.120566967245,0.00035077907,408.32184763426636,0.00038604045,-0.0013564989,0.0034974716
2154.624860199904,17839.564,7.317726,0.0031034844,133511,696.120505493371,408.3243718904342,16619.395,6.8069773,1458.6824,2.142918,17839.564,7.317726,0,,,,,696.120505493371,0.00035074298,408.3243718904342,0.00038597814,-0.0017279296,0.005535446
2154.6318047404598,17835.695,7.31958,0.0031035836,133512,696.1194048473376,408.32118709933945,16616.81,6.8087015,1459.8345,2.1424859,17835.695,7.31958,0,,,,,696.1194048473376,0.000350713,408.32118709933945,0.0003862469,-0.0029704107,0.0023029163
2154.6387492810145,17832.236,7.3188143,0.0031036828,133513,696.1213530760273,408.32290257713413,16614.992,6.807989,1460.2499,2.1438324,17832.236,7.3188143,0,,,,,696.1213530760273,0.00035112284,408.32290257713413,0.00038597503,-0.00017042122,0.0046076146
2154.645693821336,17833.502,7.3168864,0.0031037817,133514,696.1209008709186,408.3226399224805,16615.996,6.8061957,1459.7418,2.1400728,17833.502,7.3168864,0,,,,,696.1209008709186,0.00035087462,408.3226399224805,0.00038611508,-0.0014205868,0.0039695227
2154.6526383616583,17829.613,7.315539,0.0031038807,133515,696.1189859126033,408.320346443512,16609.002,6.804942,1458.518,2.1413863,17829.613,7.315539,0,,,,,696.1189859126033,0.00035092467,408.320346443512,0.00038623821,-0.002502835,0.0011105625
2154.6595829019807,17826.934,7.317207,0.0031039796,133516,696.1212022070085,408.32376529173524,16604.832,6.806494,1460.779,2.1464882,17826.934,7.317207,0,,,,,696.1212022070085,0.00035119843,408.32376529173524,0.00038637998,-0.00035316305,0.005039199
2154.6665274423026,17833.031,7.3212113,0.0031040786,133517,696.1204442767339,408.3217853235006,16614.494,6.810219,1459.335,2.1477158,17833.031,7.3212113,0,,,,,696.1204442767339,0.0003509563,408.3217853235006,0.0003864783,-0.0014492545,0.0030422271
2154.673471982391,17822.02,7.31887,0.0031041773,133518,696.1204888383506,408.3203354331218,16606.074,6.808041,1461.1326,2.1441772,17822.02,7.31887,0,,,,,696.1204888383506,0.00035114758,408.3203354331218,0.0003863291,-0.0011748401,0.0021287
2154.680416522481,17839.785,7.322149,0.003104276,133519,696.121663818951,408.3229471207511,16620.506,6.811091,1460.7087,2.147479,17839.785,7.322149,0,,,,,696.121663818951,0.00035116757,408.3229471207511,0.00038611196,-0.0007174669,0.0053817
2154.6873610625707,17826.215,7.317839,0.0031043747,133520,696.1200859001461,408.3208329022556,16609.209,6.8070827,1460.3383,2.142583,17826.215,7.317839,0,,,,,696.1200859001461,0.00035098288,408.3208329022556,0.00038609322,-0.0021353418,0.0025212786
2154.6943056024274,17831.54,7.316773,0.0031044732,133521,696.1193346725462,408.32146853983426,16614.912,6.8060904,1460.6414,2.1411273,17831.54,7.316773,0,,,,,696.1193346725462,0.00035084874,408.32146853983426,0.00038599462,-0.0018444263,0.0031409129
2154.701250142284,17831.627,7.31792,0.0031045717,133522,696.1195581127341,408.3220258031423,16608.324,6.8071575,1462.5448,2.1440363,17831.627,7.31792,0,,,,,696.1195581127341,0.00035121106,408.3220258031423,0.00038631266,-0.0023234764,0.0035508955
2154.70819468214,17830.627,7.316098,0.0031046702,133523,696.1217002666981,408.32282166833573,16609.75,6.8054624,1460.7268,2.1425812,17830.627,7.316098,0,,,,,696.1217002666981,0.0003510037,408.32282166833573,0.00038607485,-0.0006523343,0.0036705658
2154.7151392219967,17818.043,7.314109,0.0031047687,133524,696.1205979633361,408.3232069313985,16596.635,6.8036127,1458.4296,2.1400185,17818.043,7.314109,0,,,,,696.1205979633361,0.00035128897,408.3232069313985,0.0003864964,-0.0014463842,0.004535703
2154.7220837616205,17825.566,7.316853,0.003104867,133525,696.1198406509642,408.3208247630031,16604.664,6.8061647,1464.6498,2.1436353,17825.566,7.316853,0,,,,,696.1198406509642,0.0003510109,408.3208247630031,0.00038631554,-0.0013410664,0.0010962058
2154.7290283012444,17829.734,7.320635,0.0031049652,133526,696.1217775798913,408.32263535668875,16608.082,6.809683,1462.1501,2.151148,17829.734,7.320635,0,,,,,696.1217775798913,0.00035123833,408.32263535668875,0.00038641834,-4.4933764e-05,0.0039459355
2154.7359728408674,17843.408,7.318601,0.0031050635,133527,696.1196490971721,408.32137708147684,16623.559,6.8077908,1456.3839,2.1405504,17843.408,7.318601,0,,,,,696.1196490971721,0.000350927,408.32137708147684,0.0003860255,-0.002142163,0.002306833
2154.742917380258,17824.33,7.3194795,0.0031051615,133528,696.1190144125783,408.3232329090126,16601.936,6.808608,1460.8368,2.1522696,17824.33,7.3194795,0,,,,,696.1190144125783,0.00035109534,408.3232329090126,0.00038638126,-0.0026235385,0.0043883934
2154.7498619198823,17823.197,7.3145003,0.0031052597,133529,696.120981313498,408.3232435931789,16603.29,6.803976,1461.027,2.1419084,17823.197,7.3145003,0,,,,,696.120981313498,0.00035104426,408.3232435931789,0.0003861814,-0.0007790082,0.0045501576
2154.756806459273,17832.086,7.318777,0.0031053578,133530,696.1201859714,408.3214669929719,16614.602,6.8079543,1462.1954,2.1444156,17832.086,7.318777,0,,,,,696.1201859714,0.00035080645,408.3214669929719,0.00038608175,-0.0012936586,0.0027540014
2154.7637509984297,17827.402,7.3157787,0.0031054555,133531,696.1209625981894,408.3222600773138,16607.041,6.805166,1458.2498,2.1399498,17827.402,7.3157787,0,,,,,696.1209625981894,0.00035097933,408.3222600773138,0.00038606048,-0.0006953275,0.0032683488
2154.7706955378217,17827.066,7.316792,0.0031055536,133532,696.1195704275586,408.32249618823454,16606.27,6.806108,1463.1956,2.144922,17827.066,7.316792,0,,,,,696.1195704275586,0.00035113102,408.32249618823454,0.00038615867,-0.0022153486,0.0040903646
2154.77764007698,17825.672,7.317464,0.0031056514,133533,696.1213834891988,408.32204199462683,16608.914,6.806733,1460.3411,2.143334,17825.672,7.317464,0,,,,,696.1213834891988,0.00035115148,408.32204199462683,0.000386147,-0.00069714733,0.003096094
2154.784584616137,17813.09,7.3139133,0.0031057491,133534,696.1191536471321,408.3207099079391,16596.16,6.80343,1460.2186,2.1416,17813.09,7.3139133,0,,,,,696.1191536471321,0.00035113364,408.3207099079391,0.00038647922,-0.0027349845,0.0017240422
2154.791529155062,17826.521,7.315071,0.0031058467,133535,696.1224410498373,408.3224505509206,16608.691,6.8045073,1460.067,2.1404352,17826.521,7.315071,0,,,,,696.1224410498373,0.00035085232,408.3224505509206,0.00038631633,0.00018994416,0.0035832021
2154.798473693988,17824.914,7.32164,0.0031059443,133536,696.1204063641958,408.3215794139035,16608.432,6.8106174,1464.0746,2.1540906,17824.914,7.32164,0,,,,,696.1204063641958,0.00035098667,408.3215794139035,0.00038620265,-0.0017950105,0.0026460034
2154.8054182329133,17825.967,7.3182626,0.0031060418,133537,696.121477654737,408.3224879745526,16604.637,6.807476,1460.0497,2.1499598,17825.967,7.3182626,0,,,,,696.121477654737,0.0003510794,408.3224879745526,0.00038615026,-0.0006794007,0.003907881
2154.812362771838,17828.686,7.319121,0.0031061394,133538,696.1203557155623,408.32058394708923,16607.168,6.8082743,1461.6688,2.1439354,17828.686,7.319121,0,,,,,696.1203557155623,0.00035109313,408.32058394708923,0.00038650553,-0.0022241378,0.0014251709
2154.8193073105303,17837.32,7.3203845,0.0031062367,133539,696.1195752879908,408.3219787761911,16615.273,6.8094497,1460.9817,2.149473,17837.32,7.3203845,0,,,,,696.1195752879908,0.0003509549,408.3219787761911,0.00038596257,-0.0021429374,0.003622596
2154.8262518494557,17819.098,7.317292,0.0031063342,133540,696.1221857317875,408.32141867368483,16597.008,6.8065734,1461.918,2.150961,17819.098,7.317292,0,,,,,696.1221857317875,0.00035122232,408.32141867368483,0.0003863037,0.00022061098,0.0026326713
2154.8331963879145,17828.578,7.319995,0.0031064313,133541,696.1207631138624,408.32096435996993,16607.938,6.8090878,1460.0988,2.1522443,17828.578,7.319995,0,,,,,696.1207631138624,0.00035088215,408.32096435996993,0.0003863553,-0.000973753,0.0023203788
2154.840140926607,17842.174,7.3208017,0.0031065287,133542,696.1209306984564,408.32011488008965,16624.568,6.809838,1459.6045,2.1477928,17842.174,7.3208017,0,,,,,696.1209306984564,0.00035054635,408.32011488008965,0.00038598006,-0.0014362524,0.0011725012
2154.8470854650664,17831.111,7.315653,0.0031066258,133543,696.1208412181644,408.32273935796405,16604.164,6.8050485,1461.793,2.1438332,17831.111,7.315653,0,,,,,696.1208412181644,0.00035126013,408.32273935796405,0.00038619328,-0.0014032975,0.003926944
2154.8540300035256,17825.541,7.318571,0.0031067228,133544,696.1218805450677,408.3210477745869,16607.252,6.8077626,1463.3009,2.145693,17825.541,7.318571,0,,,,,696.1218805450677,0.00035110168,408.3210477745869,0.00038643548,-0.0005948685,0.0017105121
2154.860974541986,17821.254,7.3204365,0.00310682,133545,696.1200430010407,408.3235314755403,16600.654,6.8094983,1461.8279,2.1451597,17821.254,7.3204365,0,,,,,696.1200430010407,0.0003515643,408.3235314755403,0.0003868962,-0.0018609349,0.00430341
2154.867919080445,17825.86,7.318546,0.003106917,133546,696.1204883535498,408.3202959606292,16608.111,6.8077397,1462.4565,2.1474924,17825.86,7.318546,0,,,,,696.1204883535498,0.0003508806,408.3202959606292,0.00038593946,-0.0016142258,0.0017679825
2154.874863618671,17831.455,7.3186116,0.0031070139,133547,696.1206576559515,408.32175100750896,16610.8,6.807801,1463.091,2.1434653,17831.455,7.3186116,0,,,,,696.1206576559515,0.00035090256,408.32175100750896,0.000386326,-0.0014430755,0.0029508593
2154.8818081568984,17823.855,7.3196707,0.0031071107,133548,696.120236418606,408.3209614980547,16602.63,6.808786,1464.4292,2.1466527,17823.855,7.3196707,0,,,,,696.120236418606,0.0003514365,408.3209614980547,0.00038632643,-0.0018013257,0.0029261278
2154.888752694893,17832.479,7.3174067,0.0031072074,133549,696.1202809975537,408.3209623925941,16613.057,6.80668,1463.6177,2.1416602,17832.479,7.3174067,0,,,,,696.1202809975537,0.00035096734,408.3209623925941,0.00038609945,-0.0017412017,0.0012654356
2154.895697233119,17823.848,7.315402,0.0031073042,133550,696.1189003909572,408.3237034204004,16600.361,6.8048153,1461.3827,2.1426854,17823.848,7.315402,0,,,,,696.1189003909572,0.0003510118,408.3237034204004,0.00038631653,-0.0026392157,0.0041615176
2154.9026417711125,17823.469,7.3174496,0.0031074008,133551,696.120845606824,408.3217875945837,16606.09,6.80672,1463.504,2.143768,17823.469,7.3174496,0,,,,,696.120845606824,0.00035104118,408.3217875945837,0.00038639372,-0.0009991245,0.0023350262
2154.909586308874,17814.422,7.316868,0.0031074972,133552,696.1203654457662,408.3226856275598,16595.348,6.8061786,1465.1123,2.1435409,17814.422,7.316868,0,,,,,696.1203654457662,0.00035122843,408.3226856275598,0.00038650606,-0.0017224288,0.004273379
2154.9165308468673,17832.648,7.319131,0.0031075939,133553,696.120443010491,408.3212080420125,16613.236,6.808284,1462.6974,2.1458132,17832.648,7.319131,0,,,,,696.120443010491,0.00035098108,408.3212080420125,0.0003859557,-0.0025313497,0.0021199307
2154.9234753846285,17831.488,7.3198624,0.0031076903,133554,696.1215938615197,408.32104840637334,16613.664,6.8089643,1462.5347,2.1477468,17831.488,7.3198624,0,,,,,696.1215938615197,0.00035098774,408.32104840637334,0.00038612832,-0.0013653013,0.002102663
2154.93041992239,17825.908,7.3161387,0.0031077866,133555,696.1208833746896,408.32196896874467,16604.814,6.8055005,1463.5991,2.1430461,17825.908,7.3161387,0,,,,,696.1208833746896,0.00035119307,408.32196896874467,0.0003862458,-0.0016976218,0.0031461495
2154.93736446015,17827.531,7.3173985,0.003107883,133556,696.1195691318331,408.32026980545703,16608.889,6.8066726,1463.2455,2.1431234,17827.531,7.3173985,0,,,,,696.1195691318331,0.00035083058,408.32026980545703,0.00038619558,-0.0023289148,0.0011397027
2154.9443089976785,17827.637,7.317838,0.0031079792,133557,696.1211534438792,408.32301001077826,16608.541,6.807081,1461.8446,2.1428275,17827.637,7.317838,0,,,,,696.1211534438792,0.00035118315,408.32301001077826,0.00038635745,-0.0012598812,0.0042740386
2154.951253535207,17824.75,7.3172264,0.0031080754,133558,696.1207862394192,408.31987338382265,16602.93,6.8065124,1462.0345,2.142599,17824.75,7.3172264,0,,,,,696.1207862394192,0.00035139377,408.31987338382265,0.00038617107,-0.0009971987,0.000714234
2154.9581980727353,17822.771,7.3171544,0.0031081715,133559,696.120632561653,408.32153091461066,16604.37,6.8064456,1466.0221,2.1451528,17822.771,7.3171544,0,,,,,696.120632561653,0.00035103507,408.32153091461066,0.0003864838,-0.0016826804,0.0022333309
2154.965142610263,17831.33,7.318996,0.0031082677,133560,696.1196963245551,408.3204297550001,16611.85,6.8081584,1465.5706,2.1442683,17831.33,7.318996,0,,,,,696.1196963245551,0.00035119505,408.3204297550001,0.00038625192,-0.0026143026,0.0014277296
2154.9720871475583,17820.41,7.3172936,0.0031083636,133561,696.1206333814911,408.32123973882426,16602.158,6.806575,1466.7046,2.145267,17820.41,7.3172936,0,,,,,696.1206333814911,0.00035112028,408.32123973882426,0.00038641103,-0.0009240616,0.0026967057
2154.979031684855,17816.203,7.3173585,0.0031084595,133562,696.1201630260059,408.32035611317843,16599.666,6.806635,1470.3889,2.146645,17816.203,7.3173585,0,,,,,696.1201630260059,0.00035099208,408.32035611317843,0.00038645635,-0.0013794284,0.0019365092
2154.985976222149,17827.1,7.316986,0.0031085555,133563,696.1203416162224,408.3225326675645,16609.656,6.8062887,1461.5945,2.1446996,17827.1,7.316986,0,,,,,696.1203416162224,0.00035096906,408.3225326675645,0.00038622197,-0.001832412,0.0035274024
2154.9929207592113,17836.107,7.3187127,0.0031086511,133564,696.1206695664971,408.3199212807037,16614.91,6.8078947,1465.7491,2.1433346,17836.107,7.3187127,0,,,,,696.1206695664971,0.00035085581,408.3199212807037,0.00038593102,-0.0021349203,0.0015845972
2154.9998652962745,17827.135,7.3222404,0.0031087468,133565,696.1215612768864,408.32111424019325,16607.982,6.8111763,1464.656,2.152843,17827.135,7.3222404,0,,,,,696.1215612768864,0.00035131827,408.32111424019325,0.00038629258,0.00015257417,0.0024901663
2155.006809833337,17832.43,7.3204126,0.0031088425,133566,696.1212723483173,408.321626951125,16611.484,6.809476,1463.843,2.146053,17832.43,7.3204126,0,,,,,696.1212723483173,0.00035133518,408.321626951125,0.0003864522,-0.001118466,0.0031141408
2155.0137543703986,17823.86,7.3171773,0.0031089382,133567,696.1217750904075,408.3217730900946,16605.541,6.8064666,1462.9451,2.1470263,17823.86,7.3171773,0,,,,,696.1217750904075,0.00035089898,408.3217730900946,0.00038628432,-0.0002771257,0.002307055
2155.020698907228,17824.568,7.316831,0.0031090337,133568,696.1216268578747,408.32042599265804,16607.16,6.8061447,1459.6681,2.1461108,17824.568,7.316831,0,,,,,696.1216268578747,0.00035082543,408.32042599265804,0.0003862913,-0.00022366663,0.0010135152
2155.0276434440584,17829.186,7.3191433,0.0031091291,133569,696.1198749887867,408.3207776919787,16608.607,6.8082952,1466.087,2.1436796,17829.186,7.3191433,0,,,,,696.1198749887867,0.00035105654,408.3207776919787,0.000386461,-0.0020168615,0.002129588
2155.0345879808883,17835.47,7.318588,0.0031092246,133570,696.1208818436096,408.320265309398,16615.664,6.807779,1464.2289,2.1422813,17835.47,7.318588,0,,,,,696.1208818436096,0.00035098262,408.320265309398,0.00038615,-0.0010593726,0.001864371
2155.0415325177173,17838.91,7.319048,0.00310932,133571,696.1208603692413,408.32202571248206,16617.291,6.8082066,1463.3533,2.145338,17838.91,7.319048,0,,,,,696.1208603692413,0.00035107587,408.32202571248206,0.00038623446,-0.0012665803,0.003626462
2155.0484770543144,17826.166,7.3207316,0.0031094153,133572,696.120421933474,408.31910737251656,16606.191,6.809773,1465.6858,2.150475,17826.166,7.3207316,0,,,,,696.120421933474,0.00035129266,408.31910737251656,0.00038649276,-0.0011053632,0.00028269907
2155.0554215909115,17831.375,7.3194847,0.0031095105,133573,696.1201404028236,408.3196902702785,16611.996,6.808613,1462.7037,2.1446722,17831.375,7.3194847,0,,,,,696.1201404028236,0.00035097188,408.3196902702785,0.00038611557,-0.0018258761,0.0012404846
2155.0623661275085,17841.227,7.3208017,0.0031096058,133574,696.1198676893296,408.32191590354546,16621.943,6.809838,1464.491,2.1462626,17841.227,7.3208017,0,,,,,696.1198676893296,0.0003508401,408.32191590354546,0.00038605725,-0.0017611865,0.0033569941
2155.069310663873,17830.307,7.3193665,0.0031097007,133575,696.1216759979134,408.3213497461419,16609.51,6.8085027,1467.4354,2.1465893,17830.307,7.3193665,0,,,,,696.1216759979134,0.00035114484,408.3213497461419,0.0003863684,-0.00011296052,0.0023594638
2155.076255200236,17830.055,7.3180156,0.0031097957,133576,696.1192958283477,408.32050931811307,16607.738,6.807246,1463.1256,2.1456823,17830.055,7.3180156,0,,,,,696.1192958283477,0.00035101132,408.32050931811307,0.0003863047,-0.0028109727,0.0010107071
2155.0831997366004,17822.102,7.319478,0.0031098907,133577,696.1211289288149,408.31998714636933,16603.1,6.8086066,1469.1447,2.148963,17822.102,7.319478,0,,,,,696.1211289288149,0.00035097543,408.31998714636933,0.00038664826,-0.00015327238,0.00016970365
2155.0901442729646,17822.908,7.318505,0.0031099857,133578,696.1211943710474,408.32207974734314,16599.46,6.807701,1467.9006,2.1509655,17822.908,7.318505,0,,,,,696.1211943710474,0.00035121705,408.32207974734314,0.0003864553,-0.00087197043,0.0028752086
2155.097088809096,17840.506,7.322093,0.0031100805,133579,696.1197495253666,408.3215160036468,16618.055,6.811039,1469.1913,2.1475174,17840.506,7.322093,0,,,,,696.1197495253666,0.00035121437,408.3215160036468,0.00038640172,-0.0022882144,0.0024727636
2155.1040333452265,17840.555,7.323471,0.0031101753,133580,696.1211274603772,408.31985019124477,16619.107,6.812321,1467.626,2.148269,17840.555,7.323471,0,,,,,696.1211274603772,0.00035081766,408.31985019124477,0.00038628586,-0.0010104321,0.0002304611
2155.1109778813575,17822.21,7.3226814,0.00311027,133581,696.120389603923,408.32116146263337,16601.863,6.811587,1470.1649,2.148888,17822.21,7.3226814,0,,,,,696.120389603923,0.00035132215,408.32116146263337,0.0003868824,-0.0021623266,0.002155723
2155.1179224172565,17842.049,7.3204775,0.0031103645,133582,696.1209671351075,408.3212157690556,16619.994,6.809536,1466.9287,2.1462874,17842.049,7.3204775,0,,,,,696.1209671351075,0.00035089784,408.3212157690556,0.0003862601,-0.0013899122,0.0016322135
2155.1248669531547,17834.223,7.320239,0.003110459,133583,696.1209458232114,408.32012163003463,16615.756,6.8093147,1462.951,2.1437585,17834.223,7.320239,0,,,,,696.1209458232114,0.00035083984,408.32012163003463,0.00038630035,-0.0011520103,0.00091956294
2155.131811489053,17840.602,7.3227363,0.0031105536,133584,696.1206503127927,408.3217519364783,16618.957,6.8116374,1467.3527,2.1472788,17840.602,7.3227363,0,,,,,696.1206503127927,0.00035114956,408.3217519364783,0.0003863443,-0.00043448195,0.0026217557
2155.1387560249514,17830.4,7.3191333,0.0031106481,133585,696.1218571554757,408.32026736554246,16609.91,6.808286,1466.4718,2.1472301,17830.4,7.3191333,0,,,,,696.1218571554757,0.0003509891,408.32026736554246,0.00038623702,-0.00015143053,0.0010262711
2155.145700560616,17837.78,7.3189464,0.0031107424,133586,696.1215689368884,408.3214091132691,16615.566,6.808112,1466.1823,2.1445072,17837.78,7.3189464,0,,,,,696.1215689368884,0.0003509273,408.3214091132691,0.0003861736,-0.00035191965,0.0027106178
2155.152645096283,17826.855,7.3207397,0.0031108367,133587,696.1207229135974,408.32058624240346,16604.389,6.80978,1469.8313,2.1474283,17826.855,7.3207397,0,,,,,696.1207229135974,0.00035158082,408.32058624240346,0.0003866994,-0.0016752966,0.0015489344
2155.159589631948,17824.719,7.317118,0.003110931,133588,696.122061795081,408.3202061255033,16601.254,6.8064113,1468.9404,2.1450818,17824.719,7.317118,0,,,,,696.122061795081,0.0003510529,408.3202061255033,0.0003864907,-0.00031263696,0.00013017507
2155.1665341676126,17827.14,7.321034,0.0031110253,133589,696.1211686890457,408.32006145608216,16605.717,6.8100543,1468.3557,2.15112,17827.14,7.321034,0,,,,,696.1211686890457,0.00035117086,408.32006145608216,0.0003863389,-0.001460925,0.0012935508
2155.173478703046,17831.654,7.3259335,0.0031111194,133590,696.1216244945914,408.3204513072295,16612.299,6.8146114,1470.6726,2.1496356,17831.654,7.3259335,0,,,,,696.1216244945914,0.0003516798,408.3204513072295,0.0003869367,-0.0007479,0.002251942
2155.1804232384793,17834.346,7.3218255,0.0031112134,133591,696.1199258548108,408.3190693939705,16611.197,6.81079,1466.0612,2.1466875,17834.346,7.3218255,0,,,,,696.1199258548108,0.0003510448,408.3190693939705,0.00038657637,-0.0019835623,-0.00020188797
2155.1873677739122,17843.863,7.325374,0.0031113075,133592,696.1212193344531,408.3213174191384,16624.664,6.814091,1466.6511,2.147213,17843.863,7.325374,0,,,,,696.1212193344531,0.00035139764,408.3213174191384,0.00038638207,-0.00046224895,0.0024110852
2155.194312309111,17819.54,7.31684,0.0031114013,133593,696.1185214111306,408.3190636594142,16598.082,6.8061533,1468.1448,2.1454873,17819.54,7.31684,0,,,,,696.1185214111306,0.00035118498,408.3190636594142,0.00038642174,-0.0034260866,-0.00015371043
2155.2012568445434,17828.062,7.319229,0.0031114954,133594,696.1215302564483,408.3206017627175,16608.22,6.808375,1468.6292,2.1463459,17828.062,7.319229,0,,,,,696.1215302564483,0.00035101196,408.3206017627175,0.0003863384,-0.00019542986,0.0013520643
2155.2082013797444,17826.412,7.3197765,0.0031115892,133595,696.1200224932227,408.320685692329,16604.4,6.8088846,1465.1559,2.151304,17826.412,7.3197765,0,,,,,696.1200224932227,0.00035108917,408.320685692329,0.00038617107,-0.0023015013,0.0013740922
2155.215145914711,17823.094,7.320064,0.0031116828,133596,696.1212818960746,408.32007747643723,16604.934,6.809152,1469.0267,2.1487901,17823.094,7.320064,0,,,,,696.1212818960746,0.00035103236,408.32007747643723,0.0003863563,-0.00059049274,0.0015146243
2155.222090449911,17839.82,7.324291,0.0031117767,133597,696.1216909182488,408.3206929605101,16615.924,6.8130836,1465.48,2.146799,17839.82,7.324291,0,,,,,696.1216909182488,0.00035117593,408.3206929605101,0.00038691316,-0.00013730628,0.0015754397
2155.2290349848777,17830.088,7.3218307,0.0031118703,133598,696.1211919045714,408.3213505957458,16603.732,6.8107953,1470.2456,2.1512392,17830.088,7.3218307,0,,,,,696.1211919045714,0.00035130305,408.3213505957458,0.00038690068,-0.0011250175,0.0014014702
2155.2359795198445,17823.19,7.3179116,0.0031119639,133599,696.1201689432484,408.31746711625806,16601.39,6.80715,1470.5167,2.1465795,17823.19,7.3179116,0,,,,,696.1201689432484,0.00035103923,408.31746711625806,0.00038659145,-0.0018752894,-0.0018881394
2155.2429240545794,17833.154,7.319001,0.0031120572,133600,696.1206842177842,408.32180207722286,16610.863,6.8081627,1463.4006,2.143983,17833.154,7.319001,0,,,,,696.1206842177842,0.0003512295,408.32180207722286,0.00038633306,-0.0020487371,0.0027007253
2155.2498685893133,17831.217,7.3196707,0.0031121506,133601,696.1213820025002,408.3192628919423,16611.639,6.808786,1471.8086,2.1465096,17831.217,7.3196707,0,,,,,696.1213820025002,0.00035098978,408.3192628919423,0.00038631048,-0.0006497159,-0.000116716525
2155.256813124047,17824.557,7.319808,0.003112244,133602,696.1207719526079,408.32064213162386,16605.834,6.8089137,1469.3857,2.1484163,17824.557,7.319808,0,,,,,696.1207719526079,0.00035118393,408.32064213162386,0.00038640993,-0.0016851112,0.0017054981
2155.2637576587817,17838.494,7.3245792,0.0031123373,133603,696.1208353504264,408.3184907052014,16617.36,6.813352,1471.9955,2.1541235,17838.494,7.3245792,0,,,,,696.1208353504264,0.00035131068,408.3184907052014,0.0003864468,-0.0010400269,-0.00019731562
2155.2707021935166,17827.668,7.3224673,0.0031124307,133604,696.1204271958173,408.3204487021787,16606.652,6.811387,1470.6361,2.1547675,17827.668,7.3224673,0,,,,,696.1204271958173,0.00035123798,408.3204487021787,0.00038650964,-0.0019218825,0.0017440706
2155.2776467280178,17814.787,7.3247986,0.0031125238,133605,696.1213839241246,408.3202269351636,16593.107,6.8135557,1476.0093,2.1671822,17814.787,7.3247986,0,,,,,696.1213839241246,0.00035145276,408.3202269351636,0.0003868093,-0.00047216724,0.0007493474
2155.2845912625185,17818.014,7.3218393,0.003112617,133606,696.1218239174946,408.3202585158216,16597.896,6.810803,1472.2485,2.1560743,17818.014,7.3218393,0,,,,,696.1218239174946,0.0003514072,408.3202585158216,0.00038684712,0.00024808457,0.0008727824
2155.291535796787,17835.791,7.3202505,0.0031127098,133607,696.1205695414756,408.3183693242251,16610.148,6.809325,1469.2642,2.148784,17835.791,7.3202505,0,,,,,696.1205695414756,0.00035111068,408.3183693242251,0.0003863435,-0.0015846295,0.00035606034
2155.2984803312884,17836.379,7.319164,0.003112803,133608,696.1208553235127,408.3216924475834,16615.273,6.8083143,1469.4124,2.1445827,17836.379,7.319164,0,,,,,696.1208553235127,0.00035093882,408.3216924475834,0.00038620402,-0.0015156864,0.0020094092
2155.305424865557,17822.25,7.3217044,0.0031128959,133609,696.1199967263445,408.318537735722,16601.205,6.810678,1470.1611,2.1540039,17822.25,7.3217044,0,,,,,696.1199967263445,0.0003512508,408.318537735722,0.00038641764,-0.0018520505,-0.0010182391
2155.312369399826,17830.54,7.319782,0.0031129888,133610,696.1209108329928,408.32012868730516,16608.488,6.8088894,1472.1805,2.1483786,17830.54,7.319782,0,,,,,696.1209108329928,0.0003511572,408.32012868730516,0.00038639441,-0.00047204242,0.0014248652
2155.319313933861,17833.209,7.32244,0.0031130814,133611,696.1201175145735,408.3214548727035,16610.16,6.8113623,1469.1952,2.1481774,17833.209,7.32244,0,,,,,696.1201175145735,0.00035118105,408.3214548727035,0.0003869222,-0.0019454669,0.0013973769
2155.3262584681297,17831.365,7.32432,0.0031131743,133612,696.1218617762186,408.31995628946765,16608.443,6.8131104,1470.3209,2.150838,17831.365,7.32432,0,,,,,696.1218617762186,0.0003515433,408.31995628946765,0.000387006,-0.0005043075,0.0009489699
2155.3332030021656,17827.55,7.319827,0.003113267,133613,696.1187403113067,408.3186826315061,16606.453,6.8089314,1468.9391,2.14785,17827.55,7.319827,0,,,,,696.1187403113067,0.00035112814,408.3186826315061,0.00038645152,-0.0031704912,0.00013050606
2155.3401475362016,17831.502,7.323019,0.0031133597,133614,696.1206134572116,408.3200581352794,16610.662,6.8119006,1469.8685,2.1502872,17831.502,7.323019,0,,,,,696.1206134572116,0.0003509844,408.3200581352794,0.00038650614,-0.0012452329,0.0008268038
2155.347092070004,17829.951,7.319917,0.003113452,133615,696.1199557465552,408.3199849413141,16604.088,6.8090153,1472.4252,2.1478193,17829.951,7.319917,0,,,,,696.1199557465552,0.0003512512,408.3199849413141,0.00038651502,-0.0021539817,0.0010124558
2155.354036603807,17833.338,7.32526,0.0031135445,133616,696.1202905089993,408.3208189623356,16611.092,6.8139853,1470.7911,2.1612883,17833.338,7.32526,0,,,,,696.1202905089993,0.00035112348,408.3208189623356,0.0003865261,-0.0013973183,0.0017146376
2155.360981137611,17831.377,7.319461,0.003113637,133617,696.1201534699647,408.3186718522463,16610.768,6.808591,1470.9662,2.1465006,17831.377,7.319461,0,,,,,696.1201534699647,0.00035105966,408.3186718522463,0.00038634014,-0.0015884086,-0.00031248562
2155.367925671413,17829.812,7.31978,0.0031137294,133618,696.120774297928,408.3194364951277,16606.537,6.8088875,1471.3201,2.1485748,17829.812,7.31978,0,,,,,696.120774297928,0.0003510779,408.3194364951277,0.00038657608,-0.00076277094,0.00085414347
2155.3748702049825,17832.156,7.322374,0.0031138216,133619,696.1211197652555,408.318742376749,16612.861,6.8113003,1471.6932,2.1493034,17832.156,7.322374,0,,,,,696.1211197652555,0.00035101958,408.318742376749,0.00038635352,-0.0008056555,-0.0006535988
2155.3818147387856,17834.82,7.3211474,0.003113914,133620,696.1210784922531,408.3207535149189,16613.549,6.810159,1471.774,2.1489341,17834.82,7.3211474,0,,,,,696.1210784922531,0.00035104714,408.3207535149189,0.000386072,-0.00045849194,0.0014499598
2155.388759272123,17838.715,7.3222795,0.003114006,133621,696.1203509286602,408.31918689430046,16616.666,6.8112125,1469.6979,2.1483922,17838.715,7.3222795,0,,,,,696.1203509286602,0.00035093,408.31918689430046,0.00038638417,-0.0021530178,-6.907999e-05
2155.3957038056933,17838.754,7.3239326,0.0031140982,133622,696.1221349123874,408.3204376282204,16617.77,6.8127503,1472.1644,2.1484838,17838.754,7.3239326,0,,,,,696.1221349123874,0.00035113553,408.3204376282204,0.00038637305,-0.000104444225,0.0011958986
2155.4026483390303,17827.217,7.3202066,0.0031141902,133623,696.1200791005169,408.3205303835451,16606.295,6.8092847,1470.804,2.148595,17827.217,7.3202066,0,,,,,696.1200791005169,0.00035131525,408.3205303835451,0.000386369,-0.0018071041,0.0007402023
2155.4095928726,17838.912,7.322224,0.0031142824,133624,696.121124808331,408.3180105723676,16618.402,6.811161,1473.6272,2.1471877,17838.912,7.322224,0,,,,,696.121124808331,0.00035107814,408.3180105723676,0.00038628708,-0.0011352904,-0.0011585875
2155.4165374057047,17822.102,7.318319,0.0031143741,133625,696.1207243523621,408.31966774562216,16597.66,6.8075285,1470.5961,2.1479888,17822.102,7.318319,0,,,,,696.1207243523621,0.00035120087,408.31966774562216,0.00038664226,-0.0016484942,0.0012229563
2155.423481939042,17826.078,7.3233385,0.003114466,133626,696.1203827564244,408.3188280280385,16603.875,6.812198,1471.2898,2.1532452,17826.078,7.3233385,0,,,,,696.1203827564244,0.0003513846,408.3188280280385,0.00038671878,-0.0012623783,-9.826785e-05
2155.430426472147,17839.27,7.3228316,0.0031145578,133627,696.1204251697894,408.3192570069072,16614.396,6.8117266,1474.6633,2.150056,17839.27,7.3228316,0,,,,,696.1204251697894,0.00035113288,408.3192570069072,0.00038649753,-0.0024571503,0.00046950715
2155.4373710052505,17825.684,7.3184323,0.0031146496,133628,696.1208459845849,408.3190304248297,16602.816,6.807634,1469.4097,2.148239,17825.684,7.3184323,0,,,,,696.1208459845849,0.0003510468,408.3190304248297,0.00038657957,-0.0008357251,-7.770847e-06
2155.444315538355,17822.28,7.3218575,0.0031147413,133629,696.1213015318199,408.31877719344055,16600.238,6.81082,1475.4419,2.1494937,17822.28,7.3218575,0,,,,,696.1213015318199,0.00035154854,408.31877719344055,0.0003869235,-0.00028484114,-0.00061892427
2155.4512600714597,17831.377,7.323433,0.003114833,133630,696.1209715922735,408.31828550860934,16608.998,6.8122854,1475.9165,2.1523275,17831.377,7.323433,0,,,,,696.1209715922735,0.00035128134,408.31828550860934,0.00038646662,-0.00079703395,-0.00071293395
2155.4582046043315,17832.014,7.3211665,0.0031149245,133631,696.1183911147467,408.3198887369429,16610.805,6.8101773,1470.9558,2.1483753,17832.014,7.3211665,0,,,,,696.1183911147467,0.00035106097,408.3198887369429,0.00038632602,-0.0038671566,0.0013036173
2155.4651491372024,17827.055,7.320625,0.003115016,133632,696.1208186898422,408.31698604475855,16602.793,6.8096733,1474.9043,2.1499956,17827.055,7.320625,0,,,,,696.1208186898422,0.0003511503,408.31698604475855,0.00038652084,-0.0012050497,-0.002217983
2155.472093669841,17835.973,7.3208423,0.0031151073,133633,696.1202477476111,408.32028901942857,16614.156,6.809876,1469.1993,2.1461139,17835.973,7.3208423,0,,,,,696.1202477476111,0.00035109895,408.32028901942857,0.00038640335,-0.001264955,0.001423689
2155.479038202713,17835.742,7.3270006,0.0031151988,133634,696.1213113285651,408.3189237946433,16613.803,6.815604,1474.3345,2.1603658,17835.742,7.3270006,0,,,,,696.1213113285651,0.00035122884,408.3189237946433,0.00038668595,-0.0008951282,0.0004183118
2155.485982735352,17821.111,7.3202376,0.00311529,133635,696.1216585350309,408.31989152316703,16599.393,6.8093133,1473.5642,2.1508663,17821.111,7.3202376,0,,,,,696.1216585350309,0.00035126632,408.31989152316703,0.00038671424,-0.0006257933,8.135921e-05
2155.49292726799,17830.434,7.32228,0.0031153813,133636,696.1208994879465,408.3174049532546,16606.98,6.811213,1478.199,2.1497746,17830.434,7.32228,0,,,,,696.1208994879465,0.0003511893,408.3174049532546,0.0003865315,-0.00049124105,-0.0008854809
2155.499871800629,17847.38,7.328543,0.0031154726,133637,696.1196157044509,408.31893027043554,16622.375,6.817039,1474.088,2.1538177,17847.38,7.328543,0,,,,,696.1196157044509,0.0003513661,408.31893027043554,0.0003868146,-0.0027215618,-0.00018430101
2155.5068163330347,17839.84,7.3221545,0.0031155637,133638,696.1217272915518,408.3200769513771,16608.52,6.8110967,1475.6499,2.1510563,17839.84,7.3221545,0,,,,,696.1217272915518,0.00035123,408.3200769513771,0.00038699698,-1.2032618e-05,0.00088633975
2155.5137608654413,17828.992,7.3213525,0.0031156547,133639,696.1206723760561,408.3184446603579,16607.162,6.8103504,1474.8555,2.1514626,17828.992,7.3213525,0,,,,,696.1206723760561,0.00035122162,408.3184446603579,0.00038662629,-0.0011118542,-0.0006127434
2155.5207053978475,17834.658,7.322154,0.0031157457,133640,696.1215713927384,408.31826844117626,16613.174,6.811096,1473.158,2.1513548,17834.658,7.322154,0,,,,,696.1215713927384,0.00035098952,408.31826844117626,0.00038629252,-0.00055126776,-0.0012471905
2155.52764993002,17830.521,7.32184,0.0031158365,133641,696.1206192919218,408.32019756889673,16606.928,6.810804,1476.0875,2.151378,17830.521,7.32184,0,,,,,696.1206192919218,0.00035127703,408.32019756889673,0.00038649817,-0.00093503256,0.001330773
2155.534594462426,17828.188,7.3226266,0.0031159276,133642,696.119998615573,408.31926040343495,16606.225,6.8115354,1473.4081,2.1561196,17828.188,7.3226266,0,,,,,696.119998615573,0.00035113638,408.31926040343495,0.0003866479,-0.0017948118,0.00020719343
2155.5415389945993,17836.395,7.3283944,0.0031160184,133643,696.119359519102,408.3181808130298,16616.143,6.816901,1474.8457,2.1627026,17836.395,7.3283944,0,,,,,696.119359519102,0.00035115925,408.3181808130298,0.00038657902,-0.0026161275,-0.0012395104
2155.5484835267725,17828.61,7.321683,0.0031161092,133644,696.1225960099562,408.32072755044214,16606.29,6.810658,1474.9393,2.1511965,17828.61,7.321683,0,,,,,696.1225960099562,0.00035144849,408.32072755044214,0.00038647614,0.0016647044,0.002142903
2155.5554280587126,17830.686,7.322672,0.0031161997,133645,696.1190533070028,408.31940294723336,16607.037,6.8115773,1478.5372,2.15206,17830.686,7.322672,0,,,,,696.1190533070028,0.00035122267,408.31940294723336,0.00038651298,-0.0027845465,-0.000143509
2155.5623725906526,17834.1,7.3243203,0.0031162903,133646,696.1201797829243,408.31814487195106,16610.004,6.813111,1479.8749,2.155237,17834.1,7.3243203,0,,,,,696.1201797829243,0.00035113408,408.31814487195106,0.00038676674,-0.0015743596,-0.0013176086
2155.569317122593,17826.15,7.325152,0.003116381,133647,696.1211120710395,408.3188221790891,16599.357,6.8138843,1477.1284,2.1579123,17826.15,7.325152,0,,,,,696.1211120710395,0.00035156478,408.3188221790891,0.0003872227,-0.000762409,-0.0007867138
2155.5762616545326,17831.799,7.321517,0.0031164715,133648,696.121711486782,408.3188821394841,16609.807,6.810503,1473.1372,2.148551,17831.799,7.321517,0,,,,,696.121711486782,0.00035137776,408.3188821394841,0.00038646525,-0.00070756493,0.00022414193
2155.583206186474,17838.965,7.3224607,0.003116562,133649,696.1217337997377,408.3162469550688,16613.219,6.8113813,1475.334,2.150134,17838.965,7.3224607,0,,,,,696.1217337997377,0.00035114857,408.3162469550688,0.0003867472,-0.0011333441,-0.0027795793
2155.590150718181,17833.852,7.3261786,0.0031166524,133650,696.1214831374035,408.32063587512135,16609.3,6.81484,1474.4331,2.151748,17833.852,7.3261786,0,,,,,696.1214831374035,0.0003514405,408.32063587512135,0.00038714302,-0.00053025957,0.0017699223
2155.5970952498874,17828.162,7.3217463,0.0031167427,133651,696.1208409839938,408.31889105504007,16603.662,6.8107166,1476.8314,2.1518033,17828.162,7.3217463,0,,,,,696.1208409839938,0.0003512644,408.31889105504007,0.00038674628,-0.0016766286,-0.00038805103
2155.6040397815955,17828.215,7.3244596,0.003116833,133652,696.1210364868988,408.31680033931053,16601.67,6.8132405,1476.6173,2.155114,17828.215,7.3244596,0,,,,,696.1210364868988,0.00035156665,408.31680033931053,0.00038716593,-0.00069244334,-0.00173237
2155.6109843130707,17827.979,7.323666,0.0031169232,133653,696.1215380297177,408.31938144622484,16604.883,6.8125024,1478.4528,2.1539452,17827.979,7.323666,0,,,,,696.1215380297177,0.0003516596,408.31938144622484,0.00038654872,-5.1608462e-05,0.00044887853
2155.6179288445446,17830.436,7.3232293,0.0031170133,133654,696.118532886715,408.3171637880076,16605.006,6.812096,1479.9587,2.1547313,17830.436,7.3232293,0,,,,,696.118532886715,0.00035152046,408.3171637880076,0.00038678185,-0.003637434,-0.001621122
2155.624873376019,17827.617,7.3219075,0.0031171034,133655,696.1216767835678,408.3192011902179,16601.08,6.8108664,1481.3779,2.1530564,17827.617,7.3219075,0,,,,,696.1216767835678,0.00035147084,408.3192011902179,0.00038693214,0.00054966775,-0.00030761055
2155.631817907494,17829.285,7.327814,0.0031171935,133656,696.1211035965216,408.3190554580291,16606.684,6.816361,1481.228,2.1571443,17829.285,7.327814,0,,,,,696.1211035965216,0.00035161554,408.3190554580291,0.00038714168,0.0,0.0
2155.638762438736,17821.031,7.323455,0.0031172833,133657,696.120327546726,408.3173110649903,16600.379,6.812306,1475.6967,2.1513343,17821.031,7.323455,0,,,,,696.120327546726,0.00035133847,408.3173110649903,0.0003871335,-0.0015684912,-0.0011974503
2155.645706969978,17828.469,7.3216085,0.0031173732,133658,696.1215642431839,408.32008138232123,16602.592,6.8105884,1478.3854,2.1526806,17828.469,7.3216085,0,,,,,696.1215642431839,0.00035135614,408.32008138232123,0.00038680813,9.042913e-05,0.0009196669
2155.6526515012197,17825.268,7.3246393,0.003117463,133659,696.1215388240631,408.31747483980627,16601.244,6.813408,1476.1045,2.1527548,17825.268,7.3246393,0,,,,,696.1215388240631,0.0003517737,408.31747483980627,0.0003870328,-0.00054478174,-0.0015473231
2155.6595960324607,17835.707,7.3239055,0.003117553,133660,696.1194567132095,408.31745491162957,16611.986,6.812725,1479.5153,2.1517923,17835.707,7.3239055,0,,,,,696.1194567132095,0.0003511728,408.31745491162957,0.0003868128,-0.0023902957,-0.0024002334
2155.6665405634694,17820.549,7.3210025,0.0031176426,133661,696.1207419345121,408.32075819222854,16599.016,6.8100247,1477.4846,2.1521802,17820.549,7.3210025,0,,,,,696.1207419345121,0.0003512134,408.32075819222854,0.0003867096,-0.0012795333,0.001266601
2155.673485094712,17829.148,7.3255987,0.0031177325,133662,696.1199701742682,408.3182881331021,16608.443,6.8143005,1482.5269,2.1574275,17829.148,7.3255987,0,,,,,696.1199701742682,0.0003513302,408.3182881331021,0.00038667346,-0.0021965236,-0.0014390495
2155.6804296254877,17825.447,7.3231983,0.0031178219,133663,696.1213139762029,408.3202569198367,16602.23,6.8120675,1481.3077,2.1564043,17825.447,7.3231983,0,,,,,696.1213139762029,0.00035142232,408.3202569198367,0.00038679672,0.0002985294,0.0012299757
2155.687374156496,17827.967,7.3244305,0.0031179115,133664,696.1204232090074,408.3170959983302,16608.252,6.8132133,1482.7592,2.1524506,17827.967,7.3244305,0,,,,,696.1204232090074,0.00035145658,408.3170959983302,0.00038676048,-0.00089991983,-0.0019371024
2155.6943186872727,17819.58,7.3232718,0.003118001,133665,696.1191504258358,408.31856236401694,16594.46,6.8121357,1478.995,2.1585805,17819.58,7.3232718,0,,,,,696.1191504258358,0.00035150416,408.31856236401694,0.00038698828,-0.0027823576,-0.0001261296
2155.7012632182823,17831.541,7.325871,0.0031180906,133666,696.1215845789923,408.31836018436707,16607.281,6.8145537,1480.9955,2.1568205,17831.541,7.325871,0,,,,,696.1215845789923,0.00035135163,408.31836018436707,0.00038703647,-0.0010966246,-0.0012129396
2155.7082077488253,17828.145,7.321978,0.0031181797,133667,696.1221321375598,408.31905117974026,16602.303,6.8109326,1479.5006,2.152991,17828.145,7.321978,0,,,,,696.1221321375598,0.0003513055,408.31905117974026,0.00038700688,-0.00038565925,-0.0003555558
2155.715152279601,17829.543,7.3224897,0.0031182691,133668,696.1196097195016,408.31682067774165,16603.256,6.8114085,1480.9448,2.152723,17829.543,7.3224897,0,,,,,696.1196097195016,0.00035143294,408.31682067774165,0.00038664934,-0.0013754995,-0.0028004649
2155.7220968101446,17834.17,7.3267303,0.0031183583,133669,696.1211054755393,408.3193591306874,16611.12,6.8153524,1480.1626,2.1580331,17834.17,7.3267303,0,,,,,696.1211054755393,0.000351062,408.3193591306874,0.00038690743,-0.0007485774,9.942681e-05
2155.729041340687,17831.982,7.3282714,0.0031184475,133670,696.1208814474961,408.3189616889243,16609.46,6.8167863,1479.353,2.1643164,17831.982,7.3282714,0,,,,,696.1208814474961,0.00035162116,408.3189616889243,0.00038685897,-0.00097276707,0.0001339014
2155.7359858712316,17822.982,7.3206077,0.0031185367,133671,696.1210902677204,408.316774763288,16604.506,6.8096576,1476.696,2.1497023,17822.982,7.3206077,0,,,,,696.1210902677204,0.00035126403,408.316774763288,0.00038655248,-0.0010840732,-0.0024183297
2155.7429304017746,17824.053,7.3248696,0.0031186258,133672,696.120513662127,408.3192660627997,16599.494,6.813622,1481.1128,2.1520717,17824.053,7.3248696,0,,,,,696.120513662127,0.00035179537,408.3192660627997,0.00038744605,-0.0006480507,-7.83597e-05
2155.749874932084,17810.871,7.322294,0.0031187148,133673,696.1204128720758,408.3168866641546,16587.797,6.8112264,1482.4882,2.158885,17810.871,7.322294,0,,,,,696.1204128720758,0.00035158588,408.3168866641546,0.00038741675,-0.0017567638,-0.0026139696
2155.7568194623946,17824.018,7.321105,0.0031188037,133674,696.1212254424877,408.31951961657944,16599.674,6.8101196,1477.3177,2.1522453,17824.018,7.321105,0,,,,,696.1212254424877,0.0003516371,408.31951961657944,0.00038686328,-0.0006776045,0.0006406574
2155.763763992705,17841.078,7.325215,0.0031188927,133675,696.1193623717953,408.31756126132376,16617.148,6.8139434,1479.6384,2.1527724,17841.078,7.325215,0,,,,,696.1193623717953,0.00035114726,408.31756126132376,0.000386477,-0.0037558102,-0.0024503537
2155.7707085230168,17829.234,7.3240967,0.0031189816,133676,696.121767656505,408.32085760590365,16601.082,6.812903,1484.1263,2.1547852,17829.234,7.3240967,0,,,,,696.121767656505,0.00035131501,408.32085760590365,0.0003874788,0.00032962006,0.0018019176
2155.777653053093,17819.938,7.3244977,0.0031190703,133677,696.1207350878207,408.31807713639404,16597.3,6.813276,1484.8539,2.1556005,17819.938,7.3244977,0,,,,,696.1207350878207,0.00035173455,408.31807713639404,0.0003871903,-0.0003809221,-0.001226043
2155.7845975831706,17817.648,7.322896,0.003119159,133678,696.1202883899732,408.3175427342749,16598.637,6.811786,1481.7992,2.1545362,17817.648,7.322896,0,,,,,696.1202883899732,0.00035147835,408.3175427342749,0.00038698566,-0.001863919,-0.0019410338
2155.7915421132493,17834.338,7.331174,0.0031192477,133679,696.1204627628139,408.31603024033456,16612.996,6.819486,1479.366,2.1598663,17834.338,7.331174,0,,,,,696.1204627628139,0.0003512225,408.31603024033456,0.0003873442,-0.0010943427,-0.0029989576
2155.798486643326,17824.094,7.32511,0.0031193364,133680,696.1202958018572,408.31968888403,16602.215,6.8138456,1485.6265,2.155288,17824.094,7.32511,0,,,,,696.1202958018572,0.00035150276,408.31968888403,0.000387083,-0.0016966913,0.00018403653
2155.8054311731717,17826.514,7.325713,0.003119425,133681,696.121566848604,408.3172342146855,16603.697,6.814407,1485.5352,2.1561081,17826.514,7.325713,0,,,,,696.121566848604,0.00035180218,408.3172342146855,0.00038706567,-0.00047293905,-0.0015636628
2155.812375703016,17822.889,7.323613,0.0031195134,133682,696.1224276175366,408.3194332236663,16603.23,6.812453,1480.7781,2.1565392,17822.889,7.323613,0,,,,,696.1224276175366,0.00035114796,408.3194332236663,0.00038689005,-0.00015531393,0.00037255013
2155.8193202328603,17822.494,7.326549,0.0031196019,133683,696.1198225198641,408.31664029134413,16603.178,6.8151846,1486.5164,2.159694,17822.494,7.326549,0,,,,,696.1198225198641,0.00035142165,408.31664029134413,0.00038711945,-0.0022585832,-0.0027397405
2155.826264762473,17826.65,7.3263836,0.00311969,133684,696.1231438150191,408.3195924239477,16603.469,6.8150306,1486.0156,2.1579204,17826.65,7.3263836,0,,,,,696.1231438150191,0.00035147707,408.3195924239477,0.00038710347,0.0010027012,0.00023668507
2155.8332092923183,17829.22,7.325467,0.0031197786,133685,696.1219087476057,408.31659818421474,16603.604,6.814178,1482.0326,2.1546612,17829.22,7.325467,0,,,,,696.1219087476057,0.00035150826,408.31659818421474,0.00038735746,-0.00046460688,-0.0030570468
2155.8401538219296,17826.275,7.3258986,0.0031198668,133686,696.1208142312266,408.317072375953,16601.5,6.8145795,1485.4279,2.154345,17826.275,7.3258986,0,,,,,696.1208142312266,0.0003514248,408.317072375953,0.00038750126,-0.0009019946,-0.001987204
2155.847098351541,17834.209,7.3298173,0.003119955,133687,696.121334977908,408.3188656519426,16613.941,6.8182244,1483.6088,2.163147,17834.209,7.3298173,0,,,,,696.121334977908,0.00035151868,408.3188656519426,0.00038684357,-0.0008886025,-0.00036272418
2155.85404288092,17821.797,7.3234396,0.003120043,133688,696.1197456883385,408.31716016005566,16600.908,6.8122916,1485.1967,2.1544492,17821.797,7.3234396,0,,,,,696.1197456883385,0.00035130183,408.31716016005566,0.00038671648,-0.0022665386,-0.0017499683
2155.8609874105327,17832.365,7.3272815,0.0031201313,133689,696.1225139033339,408.3189544261199,16611.586,6.815865,1483.3904,2.1547196,17832.365,7.3272815,0,,,,,696.1225139033339,0.00035145122,408.3189544261199,0.00038705594,0.00016850654,-0.0011092505
2155.8679319399116,17831.857,7.3263645,0.0031202193,133690,696.1201313355954,408.3174188674148,16610.475,6.815013,1486.8839,2.1568935,17831.857,7.3263645,0,,,,,696.1201313355954,0.0003512625,408.3174188674148,0.0003868383,-0.0016820566,-0.0021719802
2155.874876469291,17823.68,7.3286614,0.0031203073,133691,696.120568420132,408.318212282039,16601.99,6.817149,1489.489,2.1611586,17823.68,7.3286614,0,,,,,696.120568420132,0.00035194316,408.318212282039,0.0003872458,-0.0014563716,-0.0010791098
2155.8818209984365,17818.062,7.324142,0.0031203951,133692,696.1211703824125,408.31647878992555,16591.947,6.8129454,1486.9196,2.156136,17818.062,7.324142,0,,,,,696.1211703824125,0.0003520767,408.31647878992555,0.00038728115,-0.0009296249,-0.0027471315
2155.888765527816,17826.23,7.3264627,0.0031204831,133693,696.1209994274467,408.3175634399747,16602.102,6.815104,1486.6285,2.1592004,17826.23,7.3264627,0,,,,,696.1209994274467,0.00035176607,408.3175634399747,0.00038690976,-0.0011591486,-0.0010582582
2155.895710056963,17823.941,7.3238487,0.003120571,133694,696.121710595271,408.3195100736995,16602.861,6.812672,1487.2686,2.1539361,17823.941,7.3238487,0,,,,,696.121710595271,0.0003515683,408.3195100736995,0.00038697818,-0.00069752906,-6.937754e-05
2155.902654586109,17825.508,7.3280487,0.0031206587,133695,696.1214831957735,408.31640013535537,16600.121,6.8165793,1489.8807,2.1602054,17825.508,7.3280487,0,,,,,696.1214831957735,0.0003516259,408.31640013535537,0.00038738112,-0.0006295595,-0.0033019015
2155.9095991152544,17823.533,7.329797,0.0031207465,133696,696.1211848338619,408.3176331128098,16604.766,6.818205,1490.9199,2.168428,17823.533,7.329797,0,,,,,696.1211848338619,0.00035161103,408.3176331128098,0.0003871263,-0.00014127344,-0.0016766001
2155.916543644168,17841.547,7.331944,0.003120834,133697,696.120069875137,408.3164630493777,16620.012,6.820203,1492.5293,2.1616168,17841.547,7.331944,0,,,,,696.120069875137,0.00035134467,408.3164630493777,0.00038699608,-0.0014461005,-0.0032037774
2155.9234881730827,17817.402,7.3291802,0.0031209216,133698,696.121878408634,408.3192985534649,16601.092,6.8176317,1497.311,2.164662,17817.402,7.3291802,0,,,,,696.121878408634,0.0003517386,408.3192985534649,0.00038716925,-0.00030247148,0.00015152684
2155.9304327019954,17841.701,7.3320417,0.003121009,133699,696.1209566969895,408.3163788348318,16621.041,6.8202934,1495.618,2.15882,17841.701,7.3320417,0,,,,,696.1209566969895,0.0003513056,408.3163788348318,0.00038701497,-0.0010759804,-0.0030284447
2155.937377230908,17829.137,7.331006,0.0031210966,133700,696.1232488866082,408.31905092173577,16611.693,6.81933,1501.4154,2.1617863,17829.137,7.331006,0,,,,,696.1232488866082,0.00035174596,408.31905092173577,0.0003869665,0.0016410939,0.00037128475
2155.944321759589,17836.22,7.3336816,0.003121184,133701,696.1199395734607,408.3157364425763,16612.787,6.8218193,1501.148,2.1668553,17836.22,7.3336816,0,,,,,696.1199395734607,0.00035203178,408.3157364425763,0.00038725435,-0.0018554701,-0.0036767742
2155.9512662885027,17834.344,7.330553,0.0031212715,133702,696.1221896112955,408.3178473440558,16611.61,6.8189087,1503.0598,2.1606102,17834.344,7.330553,0,,,,,696.1221896112955,0.0003517478,408.3178473440558,0.00038720667,-2.3144305e-05,-0.0013757881
2155.9582108171835,17834.12,7.336311,0.0031213588,133703,696.1196913825605,408.317649359781,16612.621,6.824264,1508.5256,2.1717598,17834.12,7.336311,0,,,,,696.1196913825605,0.0003519425,408.317649359781,0.00038737245,-0.002253039,-0.0014179646
2155.9651553456315,17827.752,7.33505,0.003121446,133704,696.1232178279014,408.31656838754594,16604.39,6.823092,1509.9697,2.1682835,17827.752,7.33505,0,,,,,696.1232178279014,0.0003522784,408.31656838754594,0.00038779477,0.0014326925,-0.0031160773
2155.9720998743123,17826.297,7.335106,0.0031215332,133705,696.1204916969388,408.31728656673454,16606.25,6.823144,1512.6064,2.1734362,17826.297,7.335106,0,,,,,696.1204916969388,0.00035174377,408.31728656673454,0.0003874189,-0.001443398,-0.0021296847
2155.9790444027594,17832.834,7.3391366,0.0031216203,133706,696.1216307400884,408.31775451376365,16614.354,6.8268933,1516.7827,2.1725948,17832.834,7.3391366,0,,,,,696.1216307400884,0.00035206435,408.31775451376365,0.00038750286,9.3874194e-05,-0.0014282928
2155.9859889312074,17827.246,7.338372,0.0031217074,133707,696.1196347716075,408.3164127886927,16608.537,6.8261824,1520.3164,2.1758673,17827.246,7.338372,0,,,,,696.1196347716075,0.0003521572,408.3164127886927,0.00038734698,-0.0017902316,-0.0020924401
2155.9929334596563,17832.44,7.342465,0.0031217944,133708,696.1211452640755,408.3167478404475,16617.217,6.829989,1523.0287,2.1743605,17832.44,7.342465,0,,,,,696.1211452640755,0.0003520641,408.3167478404475,0.00038786,-0.0007542314,-0.0036328735
2155.9998779881034,17812.47,7.3407307,0.0031218815,133709,696.1209169348332,408.31889760154957,16593.777,6.828376,1527.9622,2.180523,17812.47,7.3407307,0,,,,,696.1209169348332,0.00035255772,408.31889760154957,0.00038833046,-0.0015634788,-0.00056584296
2156.0068225163186,17828.984,7.342262,0.0031219684,133710,696.1202286209443,408.3160872872536,16605.46,6.8298,1535.51,2.1811755,17828.984,7.342262,0,,,,,696.1202286209443,0.00035244983,408.3160872872536,0.00038795738,-0.00084964157,-0.003546291
2156.0137670445333,17838.729,7.345091,0.0031220552,133711,696.1206245968818,408.3171283159413,16620.045,6.8324323,1534.4305,2.1802669,17838.729,7.345091,0,,,,,696.1206245968818,0.00035195725,408.3171283159413,0.0003881064,-0.00059462443,-0.0017914647
2156.020711572748,17828.826,7.3452334,0.003122142,133712,696.1210568682028,408.31832297140943,16609.055,6.8325644,1542.2511,2.183101,17828.826,7.3452334,0,,,,,696.1210568682028,0.00035247623,408.31832297140943,0.0003880378,-0.00036121334,-0.00072860747
2156.027656100963,17823.666,7.346604,0.003122229,133713,696.121875920231,408.3152665080176,16600.006,6.8338394,1549.5071,2.1898842,17823.666,7.346604,0,,,,,696.121875920231,0.00035261046,408.3152665080176,0.0003884653,-0.00017638235,-0.004291817
2156.0346006289446,17812.557,7.34453,0.0031223155,133714,696.1219749972158,408.3175114182536,16596.992,6.83191,1547.7174,2.1835797,17812.557,7.34453,0,,,,,696.1219749972158,0.0003529114,408.3175114182536,0.00038841588,0.0006857032,-0.0018256254
2156.041545156927,17818.756,7.35071,0.0031224021,133715,696.1196414874743,408.31789588403444,16602.752,6.8376584,1554.637,2.1902556,17818.756,7.35071,0,,,,,696.1196414874743,0.00035285138,408.31789588403444,0.00038858794,-0.0021926109,-0.00071993464
2156.0484896849093,17825.48,7.35146,0.0031224887,133716,696.1222413555156,408.31648589352983,16609.955,6.8383565,1556.8264,2.1931498,17825.48,7.35146,0,,,,,696.1222413555156,0.00035280775,408.31648589352983,0.00038823433,0.00036922295,-0.0029850877
2156.0554342128917,17825.238,7.352429,0.0031225753,133717,696.1198831766319,408.31704579327885,16604.963,6.839258,1562.4114,2.1938596,17825.238,7.352429,0,,,,,696.1198831766319,0.00035296683,408.31704579327885,0.00038864327,-0.0018169507,-0.002697558
2156.0623787408745,17827.566,7.3571277,0.003122662,133718,696.1209715523435,408.31660836497286,16609.26,6.8436284,1571.7146,2.199174,17827.566,7.3571277,0,,,,,696.1209715523435,0.00035317108,408.31660836497286,0.00038897363,-0.00076628436,-0.0025583317
2156.069323268623,17822.82,7.3546824,0.0031227483,133719,696.1210559009082,408.3164043132055,16603.576,6.841354,1569.9708,2.1961994,17822.82,7.3546824,0,,,,,696.1210559009082,0.00035319992,408.3164043132055,0.00038888433,-0.0009484619,-0.0032477663
2156.076267796372,17820.885,7.3585644,0.0031228347,133720,696.1215229253461,408.3172797704617,16601.117,6.844965,1576.4896,2.205088,17820.885,7.3585644,0,,,,,696.1215229253461,0.00035321334,408.3172797704617,0.00038924822,-0.00041549653,-0.0020344846
2156.0832123241216,17819.475,7.360235,0.003122921,133721,696.1226055969497,408.3175243954377,16599.432,6.846519,1588.6041,2.20895,17819.475,7.360235,0,,,,,696.1226055969497,0.00035340426,408.3175243954377,0.0003889567,-0.00013301158,-0.0020403846
2156.0901568516383,17822.668,7.3594885,0.0031230072,133722,696.1216363375627,408.31727129459466,16600.332,6.8458247,1591.2667,2.206392,17822.668,7.3594885,0,,,,,696.1216363375627,0.0003535585,408.31727129459466,0.00038932363,0.0008195757,-0.0021743793
2156.0971013793883,17840.424,7.369237,0.0031230936,133723,696.1203099198917,408.3187612236769,16624.422,6.8548923,1595.7167,2.2104452,17840.424,7.369237,0,,,,,696.1203099198917,0.00035308755,408.3187612236769,0.00038936274,-0.0011408551,-0.00022955741
2156.1040459069045,17825.848,7.3639913,0.0031231798,133724,696.1218697002131,408.3156998679196,16608.861,6.8500133,1596.0356,2.208432,17825.848,7.3639913,0,,,,,696.1218697002131,0.00035338954,408.3156998679196,0.00038942645,0.00030313368,-0.0044577443
2156.1109904344203,17817.213,7.364587,0.003123266,133725,696.119861474926,408.3152727216855,16600.357,6.850567,1602.4486,2.2108755,17817.213,7.364587,0,,,,,696.119861474926,0.00035385625,408.3152727216855,0.00038939438,-0.0023255365,-0.0046105217
2156.1179349619365,17821.51,7.367291,0.003123352,133726,696.121797704722,408.3172499169484,16606.787,6.8530827,1610.244,2.2145884,17821.51,7.367291,0,,,,,696.121797704722,0.00035355473,408.3172499169484,0.0003896491,9.65338e-05,-0.0025636952
2156.124879489221,17826.559,7.3719187,0.003123438,133727,696.1208150051973,408.31791613832263,16609.895,6.857387,1612.7577,2.2214663,17826.559,7.3719187,0,,,,,696.1208150051973,0.00035384926,408.31791613832263,0.00038954947,-0.0012304456,-0.0020430281
2156.1318240165047,17819.82,7.3707323,0.003123524,133728,696.1219007006387,408.316615927774,16605.12,6.8562837,1616.867,2.2197604,17819.82,7.3707323,0,,,,,696.1219007006387,0.00035377522,408.316615927774,0.00038973644,-0.0008077577,-0.0024311796
2156.1387685440204,17823.982,7.3723545,0.00312361,133729,696.1216448241702,408.31648516684515,16607.062,6.8577924,1619.8987,2.2233124,17823.982,7.3723545,0,,,,,696.1216448241702,0.00035383276,408.31648516684515,0.00038964546,-0.00019978976,-0.00250714
2156.1457130710714,17822.06,7.374408,0.0031236957,133730,696.1214284264884,408.3161542235783,16603.77,6.8597026,1626.1942,2.2248735,17822.06,7.374408,0,,,,,696.1214284264884,0.000353853,408.3161542235783,0.00039024485,-3.6853653e-05,-0.0032505237
2156.1526575983553,17829.432,7.375927,0.0031237816,133731,696.1215794671375,408.3169694290364,16607.15,6.8611155,1626.0106,2.228197,17829.432,7.375927,0,,,,,696.1215794671375,0.00035389894,408.3169694290364,0.0003903095,0.00014068086,-0.0026376438
2156.1596021254063,17825.352,7.3781905,0.0031238673,133732,696.1209653153044,408.3171784465757,16606.568,6.8632216,1633.9636,2.2297227,17825.352,7.3781905,0,,,,,696.1209653153044,0.00035426833,408.3171784465757,0.00039023315,-0.0011983335,-0.001844289
2156.1665466526897,17837.795,7.3778887,0.0031239532,133733,696.1220356514352,408.314601715482,16613.678,6.8629403,1633.8328,2.2288558,17837.795,7.3778887,0,,,,,696.1220356514352,0.00035400718,408.314601715482,0.00039044637,0.00057302567,-0.005265794
2156.1734911797403,17827.615,7.3795524,0.003124039,133734,696.1196067505567,408.31674405531237,16612.246,6.8644876,1638.765,2.2315965,17827.615,7.3795524,0,,,,,696.1196067505567,0.00035412118,408.31674405531237,0.000389962,-0.0021770848,-0.0024702118
2156.1804357065585,17826.879,7.3816957,0.0031241244,133735,696.1213615958875,408.31624199927273,16613.318,6.866482,1643.2297,2.2335186,17826.879,7.3816957,0,,,,,696.1213615958875,0.00035412356,408.31624199927273,0.00038998833,-0.00017311706,-0.0033336272
2156.1873802336095,17823.51,7.383315,0.00312421,133736,696.1222238210695,408.31608799290836,16608.625,6.867988,1647.6616,2.238668,17823.51,7.383315,0,,,,,696.1222238210695,0.0003543447,408.31608799290836,0.0003904104,9.519216e-05,-0.0028100896
2156.1943247604286,17822.559,7.38498,0.0031242955,133737,696.1201501581693,408.3166074043252,16607.09,6.8695374,1653.9504,2.2399523,17822.559,7.38498,0,,,,,696.1201501581693,0.00035444662,408.3166074043252,0.0003904897,-0.0019006565,-0.0025576258
2156.201269287478,17807.611,7.384213,0.0031243812,133738,696.1207769739541,408.31497340918935,16589.46,6.8688235,1659.8698,2.242175,17807.611,7.384213,0,,,,,696.1207769739541,0.00035493492,408.31497340918935,0.00039099695,-0.001191733,-0.004839382
2156.208213814062,17819.025,7.3873253,0.0031244664,133739,696.1225525834856,408.3175733896448,16603.863,6.8717184,1658.1025,2.241396,17819.025,7.3873253,0,,,,,696.1225525834856,0.00035476353,408.3175733896448,0.00039085056,0.0005433913,-0.0019129345
2156.2151583408813,17809.105,7.3885827,0.0031245518,133740,696.1199040270376,408.31568291441295,16587.004,6.872888,1667.3953,2.2457235,17809.105,7.3885827,0,,,,,696.1199040270376,0.00035514424,408.31568291441295,0.00039166593,-0.0023229367,-0.003851646
2156.2221028676995,17819.078,7.386353,0.0031246373,133741,696.1210509788749,408.3168432278098,16597.492,6.870814,1665.8844,2.245021,17819.078,7.386353,0,,,,,696.1210509788749,0.000354954,408.3168432278098,0.00039107105,-0.00075770426,-0.0023788102
2156.229047394285,17820.783,7.3889346,0.0031247225,133742,696.1230887988773,408.3146217027953,16605.78,6.873215,1672.144,2.2462466,17820.783,7.3889346,0,,,,,696.1230887988773,0.00035453695,408.3146217027953,0.00039095702,0.0010802714,-0.0055738287
2156.2359919208693,17817.967,7.3936205,0.0031248077,133743,696.1215798837758,408.31640097119316,16602.723,6.8775744,1675.6538,2.2539694,17817.967,7.3936205,0,,,,,696.1215798837758,0.00035479045,408.31640097119316,0.0003913091,-0.00083110906,-0.0027808046
2156.2429364474547,17824.918,7.3955765,0.003124893,133744,696.1212503088037,408.31590290757515,16608.867,6.8793936,1680.6761,2.2517304,17824.918,7.3955765,0,,,,,696.1212503088037,0.00035486216,408.31590290757515,0.00039130315,-0.00014807668,-0.0039052288
2156.24988097404,17825.959,7.399064,0.0031249782,133745,696.1214097346445,408.3175112742615,16613.988,6.8826375,1682.2762,2.2652028,17825.959,7.399064,0,,,,,696.1214097346445,0.00035477214,408.3175112742615,0.00039099355,-0.00013562168,-0.0022726792
2156.2568255003926,17820.852,7.394906,0.0031250631,133746,696.1205740780313,408.3161279542929,16602.346,6.87877,1686.4495,2.253591,17820.852,7.394906,0,,,,,696.1205740780313,0.0003553014,408.3161279542929,0.0003912408,-0.0014527953,-0.0029000822
2156.2637700269784,17833.963,7.4005065,0.0031251484,133747,696.1211804723381,408.3172198792826,16618.217,6.88398,1692.1477,2.2597346,17833.963,7.4005065,0,,,,,696.1211804723381,0.00035500113,408.3172198792826,0.00039102824,-0.0002709231,-0.0028263922
2156.27071455333,17831.166,7.4009533,0.0031252333,133748,696.1202579584566,408.3165200135758,16613.566,6.8843956,1699.9114,2.2609475,17831.166,7.4009533,0,,,,,696.1202579584566,0.00035512808,408.3165200135758,0.00039145292,-0.0017117135,-0.0028103257
2156.277659079682,17832.822,7.4053736,0.0031253183,133749,696.121218131078,408.3174125258131,16614.006,6.888507,1705.0472,2.2647638,17832.822,7.4053736,0,,,,,696.121218131078,0.00035543178,408.3174125258131,0.00039197478,-0.00039653163,-0.0023257951
2156.2846036058017,17810.71,7.3994827,0.003125403,133750,696.1210432035892,408.3140361133746,16584.06,6.883027,1708.8071,2.265728,17810.71,7.3994827,0,,,,,696.1210432035892,0.00035568248,408.3140361133746,0.00039276923,-0.00022546404,-0.0057124165
2156.2915481321543,17828.502,7.4065657,0.003125488,133751,696.1222882473473,408.31911910900004,16601.125,6.889616,1716.6233,2.2733727,17828.502,7.4065657,0,,,,,696.1222882473473,0.00035558842,408.31911910900004,0.0003925822,0.001085274,-0.00049573893
2156.298492658274,17811.791,7.4060707,0.0031255728,133752,696.1216465938585,408.3155850799308,16595.99,6.8891554,1722.6343,2.2714255,17811.791,7.4060707,0,,,,,696.1216465938585,0.00035562727,408.3155850799308,0.00039224414,1.04165365e-05,-0.00425277
2156.3054371843928,17825.402,7.411665,0.0031256576,133753,696.1217210162675,408.31508730705696,16611.807,6.894359,1728.152,2.2780166,17825.402,7.411665,0,,,,,696.1217210162675,0.00035573792,408.31508730705696,0.00039208386,0.00019698658,-0.0045106383
2156.3123817105125,17836.482,7.419147,0.0031257423,133754,696.1216181624458,408.3175979347011,16623.639,6.901319,1737.2668,2.2870102,17836.482,7.419147,0,,,,,696.1216181624458,0.00035562474,408.3175979347011,0.00039208715,-0.00034978092,-0.002192662
2156.3193262366317,17822.832,7.4156675,0.003125827,133755,696.1210651647966,408.3151867571673,16608.125,6.8980827,1745.0461,2.2832634,17822.832,7.4156675,0,,,,,696.1210651647966,0.00035605158,408.3151867571673,0.0003924321,-0.0006510344,-0.004618118
2156.326270762519,17827.234,7.418123,0.0031259116,133756,696.1217959106602,408.3154812304304,16609.664,6.900367,1752.485,2.285799,17827.234,7.418123,0,,,,,696.1217959106602,0.00035603676,408.3154812304304,0.00039260072,0.00032729033,-0.004070883
2156.3332152886387,17825.043,7.4247384,0.0031259963,133757,696.1204841656854,408.31774058938475,16606.596,6.90652,1764.1377,2.2914054,17825.043,7.4247384,0,,,,,696.1204841656854,0.00035636954,408.31774058938475,0.00039351653,-0.0016034105,-0.0024300474
2156.3401598145247,17820.986,7.4254837,0.0031260808,133758,696.1216350786541,408.3171904325165,16604.836,6.9072137,1770.2911,2.2945695,17820.986,7.4254837,0,,,,,696.1216350786541,0.0003565242,408.3171904325165,0.000393358,8.352788e-06,-0.0017572105
2156.3471043404115,17831.791,7.4288616,0.0031261654,133759,696.1216669588912,408.3163292376745,16612.924,6.9103556,1777.7026,2.3002148,17831.791,7.4288616,0,,,,,696.1216669588912,0.00035652937,408.3163292376745,0.0003935517,0.00025175975,-0.0033609825
2156.3540488662984,17820.521,7.431725,0.0031262499,133760,696.1214664913488,408.3157506309066,16597.908,6.913019,1790.1924,2.3081195,17820.521,7.431725,0,,,,,696.1214664913488,0.00035709297,408.3157506309066,0.00039389505,0.00016523487,-0.0035484424
2156.3609933919524,17834.037,7.4369082,0.0031263342,133761,696.1218732156348,408.31668957583753,16611.383,6.917841,1799.2141,2.309016,17834.037,7.4369082,0,,,,,696.1218732156348,0.00035696643,408.31668957583753,0.00039407835,0.0003978461,-0.0034292887
2156.3679379178393,17835.957,7.441374,0.0031264187,133762,696.1205575671328,408.31624486885033,16620.371,6.9219947,1807.3925,2.3124864,17835.957,7.441374,0,,,,,696.1205575671328,0.00035673872,408.31624486885033,0.0003938606,-0.0015025443,-0.003431499
2156.3748824434933,17819.836,7.442612,0.003126503,133763,696.1221595549947,408.31591305993845,16605.38,6.9231462,1821.1266,2.3217342,17819.836,7.442612,0,,,,,696.1221595549947,0.00035742257,408.31591305993845,0.00039409488,0.0002222737,-0.0037565138
2156.3818269691465,17826.63,7.450174,0.0031265873,133764,696.1225548763404,408.31523333052877,16610.105,6.93018,1835.1057,2.3327434,17826.63,7.450174,0,,,,,696.1225548763404,0.00035763608,408.31523333052877,0.0003945257,0.0015455604,-0.0042321724
2156.3887714947996,17819.451,7.450624,0.0031266715,133765,696.1209064238881,408.31708913481947,16603.465,6.9305997,1841.395,2.3303292,17819.451,7.450624,0,,,,,696.1209064238881,0.00035823378,408.31708913481947,0.00039456555,-0.00024664128,-0.0021440254
2156.3957160204545,17819.018,7.45346,0.0031267558,133766,696.1215757158309,408.3173233884778,16601.76,6.933237,1856.8547,2.335023,17819.018,7.45346,0,,,,,696.1215757158309,0.00035814266,408.3173233884778,0.00039502708,-0.0005882404,-0.0025885473
2156.4026605458757,17821.416,7.4580827,0.0031268399,133767,696.1209534901014,408.3154696951473,16603.81,6.9375367,1868.3656,2.3402777,17821.416,7.4580827,0,,,,,696.1209534901014,0.00035804216,408.3154696951473,0.0003954571,-0.000487614,-0.0046463977
2156.409605071529,17825.51,7.4669304,0.0031269242,133768,696.1207723252043,408.317228117054,16606.13,6.9457674,1885.3866,2.3514922,17825.51,7.4669304,0,,,,,696.1207723252043,0.00035881644,408.317228117054,0.00039577807,-0.00045198746,-0.0031681738
2156.41654959695,17817.447,7.470455,0.0031270082,133769,696.1222298170608,408.3152818679755,16600.854,6.949046,1902.5856,2.3590357,17817.447,7.470455,0,,,,,696.1222298170608,0.0003586446,408.3152818679755,0.0003961728,0.00048153888,-0.0044201906
2156.4234941223713,17824.777,7.474266,0.0031270923,133770,696.1217076406102,408.31528393945496,16607.004,6.9525914,1915.972,2.3611555,17824.777,7.474266,0,,,,,696.1217076406102,0.00035914138,408.31528393945496,0.0003961087,-0.0007988854,-0.004419733
2156.4304386477925,17817.77,7.480838,0.0031271763,133771,696.1207902193797,408.316393948231,16602.104,6.958704,1931.9388,2.3717325,17817.77,7.480838,0,,,,,696.1207902193797,0.00035927963,408.316393948231,0.00039678958,-0.0006837933,-0.0036222881
2156.437383172981,17834.283,7.4914837,0.0031272601,133772,696.1221313276317,408.317532129864,16619.016,6.9686074,1946.1737,2.3824015,17834.283,7.4914837,0,,,,,696.1221313276317,0.00035953702,408.317532129864,0.00039688582,0.00046875596,-0.0026681786
2156.444327698402,17830.379,7.494736,0.0031273442,133773,696.1210315223682,408.3165269756206,16611.104,6.9716325,1969.0673,2.3879912,17830.379,7.494736,0,,,,,696.1210315223682,0.00036008732,408.3165269756206,0.0003971306,-0.0010844012,-0.0027996262
2156.4512722235895,17821.42,7.5004888,0.003127428,133774,696.1222454460309,408.3148673508417,16606.773,6.976983,1987.1711,2.3989184,17821.42,7.5004888,0,,,,,696.1222454460309,0.00036024753,408.3148673508417,0.00039764406,0.0008529476,-0.005089263
2156.458216748778,17811.355,7.503415,0.0031275118,133775,696.1206655998153,408.31795118098427,16592.436,6.979706,1999.6818,2.4030087,17811.355,7.503415,0,,,,,696.1206655998153,0.00036109032,408.31795118098427,0.00039840912,-0.0008232585,-0.0013438568
2156.4651612739663,17815.92,7.509886,0.0031275956,133776,696.123353472976,408.31602122419525,16598.158,6.985725,2017.5284,2.4097667,17815.92,7.509886,0,,,,,696.123353472976,0.00036124728,408.31602122419525,0.000398533,0.0018240125,-0.004903773
2156.4721057991546,17821.137,7.514902,0.0031276795,133777,696.1207773926635,408.315510143253,16597.188,6.990391,2037.7085,2.4178245,17821.137,7.514902,0,,,,,696.1207773926635,0.00036139437,408.315510143253,0.00039924393,-0.0011314977,-0.0046549384
2156.479050324342,17829.25,7.527438,0.0031277633,133778,696.1230903868678,408.3152738692194,16613.348,7.002052,2059.3447,2.4306922,17829.25,7.527438,0,,,,,696.1230903868678,0.000361728,408.3152738692194,0.00039918817,0.0012275694,-0.004087736
2156.485994849297,17830.762,7.5363135,0.0031278469,133779,696.1200798538277,408.31473935139513,16611.17,7.010308,2082.6233,2.441047,17830.762,7.5363135,0,,,,,696.1200798538277,0.00036193078,408.31473935139513,0.0004001546,-0.0014776817,-0.005656269
2156.492939374486,17820.018,7.539527,0.0031279307,133780,696.1228395150325,408.31551085305546,16604.066,7.013297,2098.0032,2.4470582,17820.018,7.539527,0,,,,,696.1228395150325,0.00036257386,408.31551085305546,0.0004001387,0.00012328791,-0.004612158
2156.4998838994416,17827.443,7.5458784,0.0031280143,133781,696.1222196967224,408.31701882820903,16611.908,7.019205,2118.6484,2.455387,17827.443,7.5458784,0,,,,,696.1222196967224,0.0003625688,408.31701882820903,0.00040020258,0.00044486404,-0.0028646581
2156.506828424397,17818.424,7.5500183,0.0031280979,133782,696.120799979792,408.3145465302163,16602.258,7.0230565,2135.3484,2.4622896,17818.424,7.5500183,0,,,,,696.120799979792,0.00036295748,408.3145465302163,0.00040081484,-0.0011873973,-0.004200471
2156.513772949352,17821.266,7.556566,0.0031281814,133783,696.1223174905978,408.31688186739075,16600.48,7.029147,2154.4219,2.4738586,17821.266,7.556566,0,,,,,696.1223174905978,0.00036335364,408.31688186739075,0.00040128853,0.00013853077,-0.0029512914
2156.520717474307,17820.344,7.5617623,0.003128265,133784,696.1226927665975,408.3163827884246,16600.328,7.0339804,2170.7192,2.4777088,17820.344,7.5617623,0,,,,,696.1226927665975,0.0003637388,408.3163827884246,0.00040167515,0.0009846012,-0.0037829946
2156.52766199903,17831.654,7.569255,0.0031283484,133785,696.121778408332,408.31686155219313,16613.701,7.04095,2189.4143,2.4833944,17831.654,7.569255,0,,,,,696.121778408332,0.00036381357,408.31686155219313,0.00040173004,0.000118695025,-0.0030218477
2156.5346065239855,17829.957,7.5745373,0.003128432,133786,696.1196415607664,408.3146508754582,16607.305,7.045864,2204.4893,2.493895,17829.957,7.5745373,0,,,,,696.1196415607664,0.00036413374,408.3146508754582,0.00040248173,-0.002229113,-0.005020762
2156.5415510487082,17816.436,7.57873,0.0031285153,133787,696.1227182634516,408.3166029729497,16592.488,7.049764,2225.2573,2.5020316,17816.436,7.57873,0,,,,,696.1227182634516,0.00036469477,408.3166029729497,0.00040314585,0.00044360373,-0.0033375642
2156.548495573431,17828.521,7.587819,0.0031285987,133788,696.1225095590946,408.3171003977934,16612.34,7.0582185,2238.607,2.5070827,17828.521,7.587819,0,,,,,696.1225095590946,0.00036487673,408.3171003977934,0.00040288683,0.0008801723,-0.0033112464
2156.5554400981528,17824.197,7.592033,0.003128682,133789,696.121147496671,408.31434722169456,16608.305,7.0621386,2253.487,2.5130775,17824.197,7.592033,0,,,,,696.121147496671,0.00036517077,408.31434722169456,0.00040341003,-0.00070254336,-0.0053021973
2156.5623846228755,17825.895,7.594165,0.0031287654,133790,696.1223742010819,408.3150617241944,16609.39,7.0641212,2261.59,2.5170467,17825.895,7.594165,0,,,,,696.1223742010819,0.00036525962,408.3150617241944,0.00040333808,0.0002008941,-0.004726574
2156.5693291475977,17818.232,7.6006393,0.0031288487,133791,696.1209147203789,408.31556430621293,16603.662,7.070144,2277.8298,2.5300066,17818.232,7.6006393,0,,,,,696.1209147203789,0.00036538823,408.31556430621293,0.00040360523,-0.0005456685,-0.0041134595
2156.576273672321,17826.094,7.604045,0.003128932,133792,696.1222647287271,408.3163600490539,16607.488,7.073312,2287.708,2.5335555,17826.094,7.604045,0,,,,,696.1222647287271,0.00036565083,408.3163600490539,0.00040391696,0.0010626955,-0.0035377345
2156.5832181968103,17814.916,7.6086745,0.0031290152,133793,696.1220397547474,408.3159515717133,16598.932,7.077618,2303.6606,2.5343223,17814.916,7.6086745,0,,,,,696.1220397547474,0.00036617232,408.3159515717133,0.00040449528,-0.00015420419,-0.004381633
2156.590162721299,17810.316,7.6113133,0.0031290983,133794,696.1204434113896,408.31539361301964,16591.04,7.080073,2316.399,2.5398228,17810.316,7.6113133,0,,,,,696.1204434113896,0.00036612625,408.31539361301964,0.00040518292,-0.0011754947,-0.004108088
2156.5971072460225,17828.72,7.6147847,0.0031291817,133795,696.1220697467334,408.3155784246376,16605.984,7.083302,2320.044,2.544884,17828.72,7.6147847,0,,,,,696.1220697467334,0.00036632325,408.3155784246376,0.00040510102,0.00088995654,-0.0036992698
2156.6040517705123,17846.32,7.625219,0.0031292648,133796,696.1224267316672,408.3144610425358,16621.352,7.093008,2331.1172,2.561545,17846.32,7.625219,0,,,,,696.1224267316672,0.00036629048,408.3144610425358,0.00040507436,0.0003147706,-0.005354103
2156.610996295002,17810.793,7.6207924,0.003129348,133797,696.1233787538306,408.31626320101174,16596.36,7.0888906,2345.5242,2.5543575,17810.793,7.6207924,0,,,,,696.1233787538306,0.00036673463,408.31626320101174,0.00040526895,0.0015049446,-0.0040144883
2156.6179408194917,17803.39,7.6199436,0.003129431,133798,696.1200542249976,408.3141046573288,16583.133,7.088101,2352.977,2.5558944,17803.39,7.6199436,0,,,,,696.1200542249976,0.00036701173,408.3141046573288,0.00040570964,-0.0021577454,-0.006057605
2156.6248853437482,17815.537,7.630286,0.003129514,133799,696.1234549839336,408.31575575922983,16598.871,7.0977216,2369.9893,2.5629692,17815.537,7.630286,0,,,,,696.1234549839336,0.00036720186,408.31575575922983,0.00040600466,0.0015960411,-0.0034673803
2156.631829868238,17814.16,7.633028,0.003129597,133800,696.1205778109698,408.31482495858177,16595.166,7.100272,2375.3008,2.574631,17814.16,7.633028,0,,,,,696.1205778109698,0.0003671678,408.31482495858177,0.00040599162,-0.0008737751,-0.0049518724
2156.638774392728,17816.424,7.632398,0.0031296802,133801,696.1213661041359,408.31506857047486,16600.184,7.099686,2377.769,2.568616,17816.424,7.632398,0,,,,,696.1213661041359,0.0003671385,408.31506857047486,0.00040590836,0.000127501,-0.004479091
2156.6457189169855,17817.02,7.6416407,0.003129763,133802,696.1220382403776,408.3162333610742,16596.51,7.108284,2398.8044,2.5844555,17817.02,7.6416407,0,,,,,696.1220382403776,0.0003677033,408.3162333610742,0.00040660362,0.0003283406,-0.0030928417
2156.6526634412417,17817.137,7.6398473,0.003129846,133803,696.122869431119,408.3153766146622,16597.422,7.106615,2404.3477,2.5775898,17817.137,7.6398473,0,,,,,696.122869431119,0.00036773505,408.3153766146622,0.00040678456,0.0013873875,-0.003937264
2156.6596079654973,17836.31,7.6483912,0.0031299288,133804,696.120642870182,408.31615001710566,16618.865,7.114563,2418.352,2.5843253,17836.31,7.6483912,0,,,,,696.120642870182,0.00036734415,408.31615001710566,0.0004066226,-0.0012866588,-0.0046349466
2156.6665524899877,17823.967,7.6529956,0.003130012,133805,696.1214904926993,408.3157139059244,16608.209,7.1188464,2429.658,2.5881352,17823.967,7.6529956,0,,,,,696.1214904926993,0.00036788688,408.3157139059244,0.00040733544,-5.4460987e-05,-0.0038282287
2156.673497014245,17820.885,7.6563954,0.0031300948,133806,696.1224443707512,408.31498995497157,16604.318,7.1220083,2440.9094,2.5977952,17820.885,7.6563954,0,,,,,696.1224443707512,0.0003681647,408.31498995497157,0.00040729716,0.00014153916,-0.004367882
2156.6804415382694,17811.117,7.6591716,0.0031301775,133807,696.1225281696182,408.31468987353946,16595.71,7.1245914,2462.4192,2.6020644,17811.117,7.6591716,0,,,,,696.1225281696182,0.00036862708,408.31468987353946,0.00040765395,0.00048891356,-0.005455173
2156.6873860625255,17830.268,7.6691184,0.0031302604,133808,696.1206764683361,408.31487099663667,16613.76,7.1338434,2474.6914,2.612996,17830.268,7.6691184,0,,,,,696.1206764683361,0.0003688559,408.31487099663667,0.00040772345,-0.0010206936,-0.00431349
2156.6943305867826,17804.764,7.6698155,0.0031303433,133809,696.1228132983914,408.3160451422405,16588.59,7.134492,2494.7314,2.6176367,17804.764,7.6698155,0,,,,,696.1228132983914,0.00036935485,408.3160451422405,0.00040825972,0.00091796543,-0.003647961
2156.701275110807,17818.258,7.6768513,0.003130426,133810,696.1225099237992,408.3152906532418,16604.227,7.1410365,2511.6875,2.6224406,17818.258,7.6768513,0,,,,,696.1225099237992,0.00036929443,408.3152906532418,0.00040858236,0.001223929,-0.0039348793
2156.708219635064,17824.459,7.6864676,0.0031305088,133811,696.1210918683314,408.3154333111979,16605.521,7.149982,2529.8232,2.6340942,17824.459,7.6864676,0,,,,,696.1210918683314,0.00036974286,408.3154333111979,0.0004091132,-0.00054534955,-0.004916666
2156.715164159088,17817.746,7.6899858,0.0031305915,133812,696.1216506155249,408.3150276300766,16591.62,7.1532545,2551.1665,2.6421747,17817.746,7.6899858,0,,,,,696.1216506155249,0.00037044325,408.3150276300766,0.00040983286,0.0005173986,-0.0049290773
2156.7221086833442,17816.129,7.6978803,0.0031306744,133813,696.1219379418391,408.31406651897106,16592.557,7.160598,2570.1797,2.6539369,17816.129,7.6978803,0,,,,,696.1219379418391,0.00037049528,408.31406651897106,0.00041043785,-0.00013202202,-0.0054607
2156.7290532073685,17818.578,7.707996,0.003130757,133814,696.1234784199929,408.3158366395619,16603.459,7.170007,2596.0388,2.6620977,17818.578,7.707996,0,,,,,696.1234784199929,0.00037076944,408.3158366395619,0.00041072108,0.0025880863,-0.004254799
2156.7359977313927,17811.994,7.7142243,0.0031308397,133815,696.1218766109757,408.31400314158714,16593.387,7.1758013,2621.1467,2.669803,17811.994,7.7142243,0,,,,,696.1218766109757,0.00037185164,408.31400314158714,0.0004111811,0.0004509654,-0.005860129
2158.867973054068,17817.512,7.3189907,0.0031627608,134122,696.1120793733452,408.3927077718405,16612.812,6.808153,1453.0006,2.1455271,17817.512,7.3189907,0,,,,,696.1120793733452,0.00035118265,408.3927077718405,0.00038486902,-0.011402088,0.08211508
2158.8749176235424,17806.055,7.3164654,0.0031628888,134123,696.1123779696353,408.3930834712842,16600.14,6.8058043,1452.9717,2.1502576,17806.055,7.3164654,0,,,,,696.1123779696353,0.00035120087,408.3930834712842,0.00038487776,-0.011026436,0.08303161
2158.8818621930177,17817.227,7.3147464,0.0031630169,134124,696.1121213176996,408.392371075402,16610.43,6.8042054,1453.4764,2.1390104,17817.227,7.3147464,0,,,,,696.1121213176996,0.00035100346,408.392371075402,0.00038475313,-0.010754416,0.08225066
2158.8888067622593,17818.604,7.3144703,0.0031631447,134125,696.1120743187134,408.3921727273429,16610.486,6.8039484,1452.2513,2.1387727,17818.604,7.3144703,0,,,,,696.1120743187134,0.00035091347,408.3921727273429,0.00038460363,-0.0107531855,0.08201283
2158.9096404692855,17819.078,7.313784,0.0031635275,134128,696.1138482854884,408.39420199073146,16598.06,6.8033104,1452.1061,2.142294,17819.078,7.313784,0,,,,,696.1138482854884,0.00035106673,408.39420199073146,0.00038552444,-0.009940474,0.08397193
2158.9165850380623,17810.887,7.3161287,0.0031636548,134129,696.1155535534409,408.3961794509356,16589.365,6.805491,1456.0714,2.1451788,17810.887,7.3161287,0,,,,,696.1155535534409,0.00035153812,408.3961794509356,0.00038620824,-0.0068400633,0.08667945
2158.923529606838,17808.29,7.314153,0.0031637822,134130,696.1127872373538,408.39259514367285,16596.91,6.8036537,1454.7719,2.1451824,17808.29,7.314153,0,,,,,696.1127872373538,0.00035121883,408.39259514367285,0.00038518914,-0.010058436,0.08278217
2158.930474175382,17817.37,7.31464,0.0031639093,134131,696.1147084467303,408.39406305312855,16607.46,6.804106,1454.9911,2.1388757,17817.37,7.31464,0,,,,,696.1147084467303,0.0003510746,408.39406305312855,0.00038495337,-0.009032613,0.0836302
2158.9374187439253,17808.842,7.3140087,0.0031640364,134132,696.11422550516,408.3911866263502,16599.984,6.803519,1452.7515,2.142455,17808.842,7.3140087,0,,,,,696.11422550516,0.00035128603,408.3911866263502,0.00038512662,-0.008619622,0.080675125
2158.9443633122364,17819.951,7.314384,0.0031641633,134133,696.1146754991196,408.39335356775183,16609.6,6.803868,1453.0873,2.137573,17819.951,7.314384,0,,,,,696.1146754991196,0.00035100378,408.39335356775183,0.00038503244,-0.008601888,0.08418136
2158.9513078805467,17831.254,7.3175964,0.0031642902,134134,696.1143345947432,408.3910060620222,16619.016,6.8068566,1452.4489,2.1429586,17831.254,7.3175964,0,,,,,696.1143345947432,0.0003508696,408.3910060620222,0.0003849025,-0.009382389,0.08066415
2158.9582524486245,17814.828,7.3134956,0.0031644169,134135,696.1152557517669,408.3939166627107,16597.701,6.803042,1449.8297,2.1440177,17814.828,7.3134956,0,,,,,696.1152557517669,0.00035108955,408.3939166627107,0.00038521175,-0.0073730596,0.08379061
2158.9651970167015,17823.74,7.316551,0.0031645435,134136,696.1142751013658,408.39330716605355,16610.85,6.8058844,1452.885,2.143018,17823.74,7.316551,0,,,,,696.1142751013658,0.00035105672,408.39330716605355,0.00038511172,-0.008495109,0.08239143
2158.97214158478,17813.777,7.3133993,0.0031646702,134137,696.1152286818734,408.3926694927119,16600.502,6.8029523,1456.1553,2.1371691,17813.777,7.3133993,0,,,,,696.1152286818734,0.0003512021,408.3926694927119,0.00038513684,-0.0074893213,0.08276079
2158.9790861523916,17815.975,7.312684,0.0031647964,134138,696.1148704128964,408.39373490197227,16603.238,6.802287,1450.4896,2.1383562,17815.975,7.312684,0,,,,,696.1148704128964,0.00035104982,408.39373490197227,0.00038508195,-0.007990803,0.08388463
2158.986030720237,17815.438,7.3149323,0.0031649228,134139,696.1161240683674,408.3928746199959,16602.34,6.8043785,1454.7559,2.1399932,17815.438,7.3149323,0,,,,,696.1161240683674,0.0003512682,408.3928746199959,0.0003850407,-0.0074258335,0.08250995
2158.992975287616,17814.957,7.313369,0.0031650488,134140,696.115931685382,408.3940914795003,16597.133,6.8029237,1451.777,2.138398,17814.957,7.313369,0,,,,,696.115931685382,0.0003513444,408.3940914795003,0.00038540276,-0.00748318,0.08357837
2158.9999198552287,17823.441,7.3176665,0.003165175,134141,696.115855305804,408.393753648684,16609.844,6.8069215,1452.6417,2.141216,17823.441,7.3176665,0,,,,,696.115855305804,0.0003512388,408.393753648684,0.00038520718,-0.0070490967,0.08324183
2159.0068644223743,17815.842,7.3141937,0.0031653007,134142,696.1159571856421,408.3926079893036,16599.799,6.803691,1451.1194,2.135327,17815.842,7.3141937,0,,,,,696.1159571856421,0.00035141222,408.3926079893036,0.00038544188,-0.0070958273,0.08269328
2159.01380898952,17820.92,7.3147335,0.0031654264,134143,696.1142311774302,408.394199765083,16605.594,6.8041935,1452.1945,2.1363404,17820.92,7.3147335,0,,,,,696.1142311774302,0.0003514089,408.394199765083,0.00038502505,-0.008829652,0.084016405
2159.020753556667,17809.805,7.3123884,0.0031655522,134144,696.1167550356782,408.3932343021887,16595.672,6.8020115,1450.4714,2.1367464,17809.805,7.3123884,0,,,,,696.1167550356782,0.00035095197,408.3932343021887,0.00038505,-0.0065417453,0.08342966
2159.02769812358,17823.871,7.313881,0.0031656777,134145,696.1178012279998,408.3937554365965,16608.398,6.8034005,1448.3859,2.1380248,17823.871,7.313881,0,,,,,696.1178012279998,0.00035118425,408.3937554365965,0.00038479178,-0.0051693763,0.08435761
2159.0346426904944,17830.52,7.317746,0.0031658032,134146,696.1166002776445,408.3946352706438,16614.703,6.806996,1451.4576,2.1449459,17830.52,7.317746,0,,,,,696.1166002776445,0.00035112276,408.3946352706438,0.00038483125,-0.006331725,0.08458556
2159.041587257175,17812.334,7.312403,0.0031659284,134147,696.1160659376092,408.39482916265405,16597.41,6.8020253,1453.5146,2.1389537,17812.334,7.312403,0,,,,,696.1160659376092,0.00035107377,408.39482916265405,0.00038515427,-0.0065132203,0.08507047
2159.0485318236238,17799.842,7.309992,0.0031660534,134148,696.1164254084571,408.39484504969545,16583.012,6.7997823,1453.2529,2.139655,17799.842,7.309992,0,,,,,696.1164254084571,0.00035139377,408.39484504969545,0.00038537086,-0.006594351,0.08472849
2159.055476390072,17814.021,7.314125,0.0031661785,134149,696.1168632032958,408.39520668143115,16597.12,6.803627,1451.3729,2.143052,17814.021,7.314125,0,,,,,696.1168632032958,0.00035131886,408.39520668143115,0.00038500028,-0.005857109,0.0853883
2159.0624209565194,17812.959,7.315185,0.0031663035,134150,696.1170502973847,408.39497295944545,16596.98,6.804613,1454.4258,2.1444466,17812.959,7.315185,0,,,,,696.1170502973847,0.00035119252,408.39497295944545,0.00038514013,-0.0056035263,0.08499425
2159.0693655227337,17826.201,7.317076,0.0031664283,134151,696.1174199789115,408.39608854074777,16601.527,6.8063726,1453.8529,2.1452892,17826.201,7.317076,0,,,,,696.1174199789115,0.00035125855,408.39608854074777,0.0003856813,-0.005801579,0.08692345
2159.076310088716,17812.824,7.314255,0.0031665529,134152,696.1177589928619,408.3946263889185,16598.525,6.8037486,1454.235,2.138787,17812.824,7.314255,0,,,,,696.1177589928619,0.00035127145,408.3946263889185,0.0003850778,-0.005369305,0.0855559
2159.0832546546985,17816.332,7.3157096,0.0031666774,134153,696.1172619464567,408.39525705197883,16598.002,6.8051014,1452.0875,2.1452916,17816.332,7.3157096,0,,,,,696.1172619464567,0.0003512728,408.39525705197883,0.00038519854,-0.0056698844,0.0850173
2159.090199220448,17806.068,7.315222,0.0031668018,134154,696.1172788968128,408.3934966330165,16584.328,6.8046474,1456.2893,2.1482198,17806.068,7.315222,0,,,,,696.1172788968128,0.00035175373,408.3934966330165,0.00038544973,-0.0054748734,0.08371334
2159.0971437859644,17821.355,7.316169,0.0031669259,134155,696.1187907505455,408.3953045350728,16606.307,6.805528,1455.2484,2.1389184,17821.355,7.316169,0,,,,,696.1187907505455,0.00035091018,408.3953045350728,0.00038537418,-0.0041461433,0.08495216
2159.1040883514816,17816.105,7.313471,0.00316705,134156,696.1172574248797,408.3953673498696,16599.229,6.8030186,1452.471,2.1395085,17816.105,7.313471,0,,,,,696.1172574248797,0.00035123137,408.3953673498696,0.00038506175,-0.0052677956,0.08641038
2159.1110329169974,17821.719,7.319158,0.003167174,134157,696.1163880127591,408.39431613169927,16603.957,6.8083096,1450.1838,2.1489372,17821.719,7.319158,0,,,,,696.1163880127591,0.00035111824,408.39431613169927,0.00038539435,-0.00628981,0.084028706
2159.1179774822804,17820.16,7.318426,0.003167298,134158,696.1166491059192,408.3947303295768,16603.236,6.807628,1451.465,2.1449356,17820.16,7.318426,0,,,,,696.1166491059192,0.00035134144,408.3947303295768,0.00038513765,-0.006207175,0.08578255
2159.124922047332,17827.861,7.3161173,0.0031674216,134159,696.1173000391145,408.3954404410806,16611.229,6.8054805,1452.0466,2.1400247,17827.861,7.3161173,0,,,,,696.1173000391145,0.00035122863,408.3954404410806,0.00038475147,-0.0056256815,0.08593028
2159.1318666123825,17812.434,7.3144493,0.0031675452,134160,696.1173629500397,408.39492407981635,16592.8,6.803929,1453.229,2.144315,17812.434,7.3144493,0,,,,,696.1173629500397,0.00035144028,408.39492407981635,0.00038522546,-0.0052190763,0.08584995
2159.138811177201,17808.377,7.3173327,0.0031676686,134161,696.1185500894485,408.3961667534988,16593.57,6.8066115,1454.9218,2.1480367,17808.377,7.3173327,0,,,,,696.1185500894485,0.00035127348,408.3961667534988,0.00038515998,-0.005004197,0.08715428
2159.145755742019,17820.412,7.316055,0.003167792,134162,696.1182821454067,408.39621167939674,16605.758,6.8054223,1449.2635,2.1472993,17820.412,7.316055,0,,,,,696.1182821454067,0.00035105026,408.39621167939674,0.00038474062,-0.004993306,0.08647784
2159.1527003066053,17816.594,7.3116403,0.0031679152,134163,696.1172354418127,408.3952988108784,16597.918,6.801316,1451.8977,2.1369612,17816.594,7.3116403,0,,,,,696.1172354418127,0.00035116257,408.3952988108784,0.0003849642,-0.005778467,0.08555955
2159.1596448711907,17820.709,7.312525,0.0031680383,134164,696.1179386854052,408.3949026813232,16604.115,6.802139,1450.15,2.1360908,17820.709,7.312525,0,,,,,696.1179386854052,0.00035117357,408.3949026813232,0.0003848172,-0.0049835746,0.08529149
2159.166589435543,17824.586,7.3154693,0.0031681613,134165,696.1180779296175,408.3956818980401,16607.314,6.8048778,1454.4154,2.141044,17824.586,7.3154693,0,,,,,696.1180779296175,0.00035088364,408.3956818980401,0.00038471352,-0.004938961,0.08585569
2159.1735339996617,17824.965,7.314946,0.003168284,134166,696.1179907988051,408.3969690813415,16604.715,6.8043914,1453.6327,2.141438,17824.965,7.314946,0,,,,,696.1179907988051,0.00035112048,408.3969690813415,0.00038477217,-0.0047286376,0.08768237
2159.1804785637814,17815.445,7.315881,0.0031684067,134167,696.1171675789586,408.3966116736858,16599.865,6.8052607,1452.3029,2.1479962,17815.445,7.315881,0,,,,,696.1171675789586,0.00035096187,408.3966116736858,0.00038496454,-0.0053700716,0.08681208
2159.1874231276684,17836.045,7.313277,0.0031685291,134168,696.1174894533741,408.39599034995797,16610.459,6.8028383,1449.0936,2.1357853,17836.045,7.313277,0,,,,,696.1174894533741,0.0003509402,408.39599034995797,0.00038501617,-0.00510014,0.085997134
2159.1943676915553,17816.594,7.3110385,0.0031686516,134169,696.1180222170037,408.39646487334767,16597.322,6.8007565,1449.8529,2.1364934,17816.594,7.3110385,0,,,,,696.1180222170037,0.00035121656,408.39646487334767,0.00038458643,-0.005262481,0.08633938
2159.2013122552094,17811.701,7.310636,0.0031687738,134170,696.1181353956525,408.39659335707074,16590.832,6.8003817,1453.0941,2.1362374,17811.701,7.310636,0,,,,,696.1181353956525,0.0003512297,408.39659335707074,0.0003850552,-0.0041891523,0.08715062
2159.2082568186306,17814.445,7.3117504,0.0031688958,134171,696.1173478708799,408.3947714134966,16595.09,6.8014183,1449.7916,2.1400814,17814.445,7.3117504,0,,,,,696.1173478708799,0.0003511109,408.3947714134966,0.0003850777,-0.005324204,0.08472653
2159.2152013820514,17822.002,7.315946,0.0031690178,134172,696.1185459439499,408.3962348065691,16602.3,6.805321,1449.9214,2.1372354,17822.002,7.315946,0,,,,,696.1185459439499,0.0003513429,408.3962348065691,0.00038507234,-0.005129577,0.08755745
2159.222145945239,17823.586,7.3146243,0.0031691396,134173,696.1172212081302,408.3974346751879,16605.396,6.804092,1451.5376,2.1409793,17823.586,7.3146243,0,,,,,696.1172212081302,0.0003510595,408.3974346751879,0.00038460837,-0.00508658,0.08838526
2159.2290905084274,17812.846,7.309584,0.0031692614,134174,696.1173311211962,408.3960190298062,16592.084,6.799403,1448.1145,2.1368163,17812.846,7.309584,0,,,,,696.1173311211962,0.00035109054,408.3960190298062,0.00038491288,-0.0054700933,0.08616034
2159.236035071383,17827.406,7.3139105,0.003169383,134175,696.1175982024467,408.39657970430966,16608.83,6.803428,1449.4082,2.1381588,17827.406,7.3139105,0,,,,,696.1175982024467,0.00035095157,408.39657970430966,0.00038457368,-0.0056039,0.08683424
2159.2429796343386,17827.305,7.313005,0.0031695045,134176,696.1180325031667,408.397387111185,16606.746,6.8025856,1448.6581,2.1364405,17827.305,7.313005,0,,,,,696.1180325031667,0.00035108207,408.397387111185,0.00038491064,-0.004800557,0.08802124
2159.249924196828,17817.926,7.3105097,0.0031696255,134177,696.1168074220715,408.3967126103848,16598.998,6.8002644,1446.1533,2.1343474,17817.926,7.3105097,0,,,,,696.1168074220715,0.00035108748,408.3967126103848,0.00038482764,-0.005443867,0.08735591
2159.2568687595517,17821.777,7.314381,0.0031697468,134178,696.1187072716809,408.3971979230445,16604.04,6.803866,1451.7921,2.1412456,17821.777,7.314381,0,,,,,696.1187072716809,0.0003509112,408.3971979230445,0.0003846812,-0.0044755363,0.08777298
2159.2638133220416,17816.215,7.3093243,0.003169868,134179,696.1183836736783,408.3959530170851,16594.365,6.799162,1446.5743,2.1347413,17816.215,7.3093243,0,,,,,696.1183836736783,0.00035113486,408.3959530170851,0.00038493559,-0.004388463,0.087419495
2159.2707578842983,17826.135,7.312132,0.0031699887,134180,696.1177895613408,408.3970087381461,16604.69,6.801773,1448.6404,2.1367955,17826.135,7.312132,0,,,,,696.1177895613408,0.00035093722,408.3970087381461,0.0003847137,-0.0052615353,0.08824752
2159.2777024463217,17821.244,7.3113604,0.0031701094,134181,696.1188626590355,408.39677769559825,16602.104,6.8010554,1446.9598,2.1357496,17821.244,7.3113604,0,,,,,696.1188626590355,0.00035094822,408.39677769559825,0.00038483492,-0.0037116355,0.087653324
2159.284647008346,17812.98,7.310109,0.00317023,134182,696.1169551809438,408.39707954297404,16592.646,6.799892,1449.695,2.138052,17812.98,7.310109,0,,,,,696.1169551809438,0.00035100916,408.39707954297404,0.00038470235,-0.005879953,0.088113494
2159.29159157037,17832.494,7.3150578,0.0031703506,134183,696.117599939167,408.396589342417,16613.602,6.8044953,1442.8997,2.1350415,17832.494,7.3150578,0,,,,,696.117599939167,0.00035104595,408.396589342417,0.00038487473,-0.0047672354,0.08774138
2159.2985361321616,17812.693,7.3115783,0.003170471,134184,696.1172358262207,408.39715833392097,16594.834,6.801258,1448.9382,2.1386943,17812.693,7.3115783,0,,,,,696.1172358262207,0.00035094065,408.39715833392097,0.0003846954,-0.0054597463,0.08731945
2159.3054806937203,17817.594,7.314712,0.003170591,134185,696.118395870001,408.3976913793945,16595.916,6.8041735,1448.0366,2.139729,17817.594,7.314712,0,,,,,696.118395870001,0.00035111431,408.3976913793945,0.00038547616,-0.0044836965,0.08845023
2159.312425255279,17813.994,7.3106194,0.0031707112,134186,696.1182980525979,408.39700383104173,16592.47,6.8003664,1451.0427,2.1371837,17813.994,7.3106194,0,,,,,696.1182980525979,0.00035105197,408.39700383104173,0.00038503087,-0.003826906,0.08781249
2159.3193698166046,17820.43,7.313205,0.0031708311,134187,696.1168905372507,408.39716442973764,16599.9,6.802771,1447.8232,2.141789,17820.43,7.313205,0,,,,,696.1168905372507,0.00035070183,408.39716442973764,0.00038465054,-0.0054838685,0.08797457
2159.3263143776967,17828.17,7.3137527,0.0031709508,134188,696.1178487303577,408.3962012508503,16605.89,6.8032813,1444.4515,2.1389275,17828.17,7.3137527,0,,,,,696.1178487303577,0.00035107145,408.3962012508503,0.00038465697,-0.0052342275,0.08682478
2159.333258938789,17829.375,7.314106,0.0031710705,134189,696.1185977285968,408.39750845284453,16608.197,6.8036094,1447.2334,2.136911,17829.375,7.314106,0,,,,,696.1185977285968,0.00035118716,408.39750845284453,0.00038471184,-0.004373153,0.08796924
2159.3402034996493,17824.988,7.312423,0.00317119,134190,696.1169986092749,408.39839379337025,16606.715,6.8020444,1447.0029,2.1357338,17824.988,7.312423,0,,,,,696.1169986092749,0.00035095043,408.39839379337025,0.0003845656,-0.006284298,0.08907762
2159.3471480605103,17819.56,7.3130507,0.0031713094,134191,696.1190031770999,408.3971603362732,16600.203,6.8026276,1446.1017,2.135471,17819.56,7.3130507,0,,,,,696.1190031770999,0.00035118466,408.3971603362732,0.00038500733,-0.003946565,0.088334545
2159.354092621137,17820.135,7.3111544,0.0031714286,134192,696.1176850066826,408.3964291307594,16598.604,6.8008637,1442.2148,2.1349673,17820.135,7.3111544,0,,,,,696.1176850066826,0.00035111702,408.3964291307594,0.00038493183,-0.005165577,0.0863381
2159.361037181765,17819.21,7.3095193,0.0031715478,134193,696.118159833867,408.39746990232265,16587.602,6.799343,1446.044,2.136538,17819.21,7.3095193,0,,,,,696.118159833867,0.00035140783,408.39746990232265,0.0003854656,-0.004350027,0.08820548
2159.367981742159,17825.895,7.3128595,0.0031716668,134194,696.1179418334602,408.39691732944135,16603.79,6.8024497,1445.4928,2.1348164,17825.895,7.3128595,0,,,,,696.1179418334602,0.0003510749,408.39691732944135,0.0003849393,-0.0049639675,0.08778874
2159.374926302321,17838.082,7.3177032,0.0031717855,134195,696.1171132309964,408.39720155665,16616.602,6.8069553,1444.7845,2.1365314,17838.082,7.3177032,0,,,,,696.1171132309964,0.0003508464,408.39720155665,0.00038518372,-0.005034075,0.088068776
2159.3818708624817,17826.955,7.315274,0.0031719042,134196,696.1177714665026,408.39818021608187,16601.2,6.8046956,1444.1127,2.1442783,17826.955,7.315274,0,,,,,696.1177714665026,0.00035144176,408.39818021608187,0.00038495398,-0.005076351,0.08846786
2159.3888154224096,17818.453,7.314233,0.0031720228,134197,696.1175828345777,408.39601752191743,16599.043,6.8037276,1444.5986,2.145388,17818.453,7.314233,0,,,,,696.1175828345777,0.00035098768,408.39601752191743,0.00038506745,-0.0051390873,0.0871331
2159.395759982339,17826.805,7.314162,0.0031721413,134198,696.118226672305,408.3983836619351,16606.385,6.8036613,1444.7313,2.1403496,17826.805,7.314162,0,,,,,696.118226672305,0.00035110812,408.3983836619351,0.00038461035,-0.0045773303,0.08878569
2159.4027045420344,17833.807,7.313205,0.0031722595,134199,696.1176473696723,408.39752845674184,16611.95,6.802771,1442.4418,2.135658,17833.807,7.313205,0,,,,,696.1176473696723,0.0003510098,408.39752845674184,0.00038458384,-0.005068829,0.088598
2159.4096491014975,17835.691,7.312324,0.0031723776,134200,696.1183469974638,408.3979116544387,16616.35,6.801952,1442.4575,2.1342337,17835.691,7.312324,0,,,,,696.1183469974638,0.0003506196,408.3979116544387,0.00038436332,-0.0046856026,0.088995494
2159.4165936609606,17806.012,7.312774,0.0031724956,134201,696.1173633942782,408.39737883857373,16587.9,6.8023705,1444.5804,2.1430345,17806.012,7.312774,0,,,,,696.1173633942782,0.00035124493,408.39737883857373,0.0003851041,-0.0050012968,0.08803928
2159.423538220191,17826.848,7.3141527,0.0031726134,134202,696.1187673107848,408.397481006705,16607.752,6.8036532,1445.3285,2.1411996,17826.848,7.3141527,0,,,,,696.1187673107848,0.00035080395,408.397481006705,0.00038449475,-0.004462181,0.08776943
2159.4304827794213,17834.535,7.313675,0.0031727313,134203,696.1180037534672,408.39745123327265,16613.756,6.803209,1447.032,2.1341693,17834.535,7.313675,0,,,,,696.1180037534672,0.00035083081,408.39745123327265,0.0003845129,-0.005413129,0.08830268
2159.4374273384183,17826.55,7.3096185,0.0031728488,134204,696.1167157599159,408.3955551124187,16600.637,6.7994356,1443.4391,2.1332283,17826.55,7.3096185,0,,,,,696.1167157599159,0.00035098125,408.3955551124187,0.00038513486,-0.006205442,0.08635843
2159.444371897182,17822.607,7.3111753,0.0031729662,134205,696.1190716985411,408.3977350849661,16602.393,6.8008833,1445.9016,2.1344469,17822.607,7.3111753,0,,,,,696.1190716985411,0.00035089804,408.3977350849661,0.00038487752,-0.0040868423,0.08911854
2159.4513164559476,17825.38,7.3109503,0.0031730835,134206,696.117507674191,408.3972339661709,16601.08,6.8006744,1443.5668,2.1339908,17825.38,7.3109503,0,,,,,696.117507674191,0.0003510916,408.3972339661709,0.00038503527,-0.0054514613,0.08808401
2159.458261014479,17838.604,7.3123827,0.0031732006,134207,696.1184297081512,408.3977112794972,16616.518,6.8020062,1444.7229,2.1342182,17838.604,7.3123827,0,,,,,696.1184297081512,0.0003506104,408.3977112794972,0.00038442138,-0.0046040043,0.08852468
2159.465205573011,17819.227,7.31528,0.0031733178,134208,696.1182566883042,408.3986046108416,16599.654,6.804702,1450.5143,2.138996,17819.227,7.31528,0,,,,,696.1182566883042,0.00035132983,408.3986046108416,0.00038510593,-0.004435961,0.08938172
2159.4721501313097,17819.168,7.31107,0.0031734346,134209,696.1194024336061,408.39679759809246,16597.895,6.800785,1447.2755,2.1369545,17819.168,7.31107,0,,,,,696.1194024336061,0.00035113245,408.39679759809246,0.00038457813,-0.0038714062,0.08733108
2159.479094689609,17821.805,7.3136506,0.0031735515,134210,696.1174430374145,408.39714648682997,16602.299,6.803186,1446.2653,2.13936,17821.805,7.3136506,0,,,,,696.1174430374145,0.00035125174,408.39714648682997,0.00038455296,-0.005617873,0.08824805
2159.486039247675,17830.404,7.316339,0.0031736682,134211,696.1187349236662,408.39776927564225,16612.117,6.805687,1448.515,2.1368263,17830.404,7.316339,0,,,,,696.1187349236662,0.00035072502,408.39776927564225,0.00038512927,-0.0044662133,0.089052856
2159.4929838055077,17825.273,7.3108134,0.0031737846,134212,696.1166879635866,408.3972395051365,16602.459,6.8005466,1445.9429,2.1340451,17825.273,7.3108134,0,,,,,696.1166879635866,0.00035089577,408.3972395051365,0.00038478785,-0.0063877986,0.087504156
2159.4999283633406,17809.637,7.3105035,0.003173901,134213,696.1185584866168,408.39909298117146,16591.402,6.800258,1442.5885,2.1366246,17809.637,7.3105035,0,,,,,696.1185584866168,0.00035129677,408.39909298117146,0.00038479533,-0.0043008975,0.08977944
2159.5068729209406,17824.58,7.310686,0.0031740172,134214,696.1177535526339,408.39695606706823,16606.701,6.800429,1440.774,2.1337304,17824.58,7.310686,0,,,,,696.1177535526339,0.00035086958,408.39695606706823,0.00038439603,-0.004867628,0.08763092
2159.5138174785416,17823.25,7.3120103,0.0031741334,134215,696.1172995339175,408.39755310784426,16602.402,6.80166,1444.8263,2.1382372,17823.25,7.3120103,0,,,,,696.1172995339175,0.0003509264,408.39755310784426,0.00038475991,-0.0050151097,0.08799691
2159.520762035909,17826.646,7.312784,0.0031742493,134216,696.1164343993569,408.3945204943652,16608.03,6.8023806,1442.1649,2.1363442,17826.646,7.312784,0,,,,,696.1164343993569,0.00035086353,408.3945204943652,0.0003846696,-0.005283151,0.08591055
2159.527706593044,17834.027,7.3156075,0.003174365,134217,696.118568718344,408.39775483956697,16614.57,6.8050065,1447.941,2.1418233,17834.027,7.3156075,0,,,,,696.118568718344,0.0003507533,408.39775483956697,0.00038448023,-0.0043438035,0.08856633
2159.5346511501784,17813.303,7.3097057,0.0031744807,134218,696.1170478741749,408.3963626807547,16591.514,6.7995167,1447.6666,2.13454,17813.303,7.3097057,0,,,,,696.1170478741749,0.00035129866,408.3963626807547,0.00038482354,-0.005599477,0.08648012
2159.5415957073137,17817.477,7.315264,0.0031745965,134219,696.1181770166442,408.39838867142925,16599.463,6.8046875,1446.4083,2.1433659,17817.477,7.315264,0,,,,,696.1181770166442,0.000351258,408.39838867142925,0.00038487415,-0.005016442,0.08923326
2159.548540263982,17817.492,7.3085856,0.0031747117,134220,696.1177951373743,408.3984094553603,16598.553,6.7984743,1442.0132,2.1328893,17817.492,7.3085856,0,,,,,696.1177951373743,0.00035082555,408.3984094553603,0.0003844703,-0.0047417465,0.08911636
2159.555484820651,17831.885,7.3177123,0.003174827,134221,696.1169057470239,408.3970879366686,16614.006,6.8069644,1444.5927,2.145501,17831.885,7.3177123,0,,,,,696.1169057470239,0.00035106816,408.3970879366686,0.00038445293,-0.006277141,0.08808654
2159.56242937732,17817.4,7.312432,0.0031749422,134222,696.1186320341031,408.39822221123995,16598.668,6.802052,1447.926,2.1369364,17817.4,7.312432,0,,,,,696.1186320341031,0.00035114092,408.39822221123995,0.0003847499,-0.0046200035,0.08909074
2159.5693739337567,17824.377,7.3155537,0.0031750572,134223,696.1185124570882,408.3976759352854,16603.436,6.804956,1445.8019,2.146144,17824.377,7.3155537,0,,,,,696.1185124570882,0.00035112913,408.3976759352854,0.0003847514,-0.0046197707,0.08825819
2159.5763184899597,17817.193,7.308393,0.003175172,134224,696.1176258993067,408.39742847680395,16597.709,6.798295,1442.7577,2.1324823,17817.193,7.308393,0,,,,,696.1176258993067,0.00035105852,408.39742847680395,0.00038468093,-0.005198441,0.08801865
2159.5832630461637,17825.842,7.312368,0.0031752868,134225,696.1170709009136,408.3965753735516,16608.768,6.8019924,1444.272,2.13636,17825.842,7.312368,0,,,,,696.1170709009136,0.00035075122,408.3965753735516,0.00038456902,-0.0052975225,0.08739984
2159.5902076023667,17816.201,7.3099146,0.0031754016,134226,696.1183811516111,408.39636726356514,16595.617,6.7997103,1444.3225,2.1344779,17816.201,7.3099146,0,,,,,696.1183811516111,0.00035114906,408.39636726356514,0.0003849105,-0.00448813,0.0878463
2159.597152158105,17829.72,7.3114996,0.003175516,134227,696.1158215342324,408.3971738425729,16611.705,6.801185,1444.2413,2.1332405,17829.72,7.3114996,0,,,,,696.1158215342324,0.00035051172,408.3971738425729,0.0003842659,-0.0061134878,0.088647045
2159.604096713842,17819.979,7.3105645,0.0031756302,134228,696.1176294284962,408.3972082223363,16603.354,6.8003154,1441.5957,2.1353822,17819.979,7.3105645,0,,,,,696.1176294284962,0.0003508578,408.3972082223363,0.00038450287,-0.005504928,0.0878987
2159.611041269579,17822.594,7.3142343,0.0031757446,134229,696.1183617422804,408.3978522122562,16605.447,6.803729,1441.8805,2.1399243,17822.594,7.3142343,0,,,,,696.1183617422804,0.00035110966,408.3978522122562,0.00038472493,-0.0045317053,0.089057274
2159.6179858250844,17811.193,7.311696,0.0031758586,134230,696.1174581364436,408.3967627855929,16594.098,6.8013678,1444.0203,2.136867,17811.193,7.311696,0,,,,,696.1174581364436,0.00035130864,408.3967627855929,0.00038464335,-0.0058599752,0.08693448
2159.624930380356,17823.803,7.309994,0.0031759725,134231,696.1181511603586,408.3977466342265,16606.28,6.799785,1440.2191,2.132309,17823.803,7.309994,0,,,,,696.1181511603586,0.00035081562,408.3977466342265,0.0003843855,-0.004452932,0.08759718
2159.6318749356287,17822.172,7.3144865,0.0031760863,134232,696.1180382711918,408.3965364222361,16605.656,6.803963,1444.6077,2.144869,17822.172,7.3144865,0,,,,,696.1180382711918,0.00035092505,408.3965364222361,0.00038436626,-0.0053189313,0.087637626
2159.6388194909005,17816.5,7.310386,0.0031762002,134233,696.1168656605921,408.39585337952354,16593.77,6.8001494,1446.5203,2.1358924,17816.5,7.310386,0,,,,,696.1168656605921,0.00035100488,408.39585337952354,0.00038499676,-0.0054166922,0.08671425
2159.645764045708,17828.988,7.3113337,0.0031763136,134234,696.117897689345,408.3954460732439,16610.857,6.8010306,1442.9725,2.1331189,17828.988,7.3113337,0,,,,,696.117897689345,0.0003509395,408.3954460732439,0.00038437996,-0.00531669,0.08661142
2159.6527086005144,17810.785,7.3118997,0.003176427,134235,696.1171555023736,408.3980247875278,16590.793,6.8015575,1447.8302,2.1386645,17810.785,7.3118997,0,,,,,696.1171555023736,0.00035119773,408.3980247875278,0.0003850106,-0.005365754,0.08999095
2159.659653155321,17823.146,7.3109627,0.0031765404,134236,696.1177030680518,408.3975389245285,16606.184,6.8006854,1444.1434,2.1332827,17823.146,7.3109627,0,,,,,696.1177030680518,0.00035096848,408.3975389245285,0.00038439903,-0.004737462,0.087987535
2159.6665977098937,17821.5,7.313799,0.0031766535,134237,696.1179673792009,408.3976743863186,16605.002,6.803324,1448.2979,2.1419652,17821.5,7.313799,0,,,,,696.1179673792009,0.00035092648,408.3976743863186,0.00038433968,-0.0050883684,0.08776551
2159.673542264234,17828.025,7.314937,0.0031767664,134238,696.1174225985892,408.3979689154302,16611.023,6.804383,1442.9979,2.1378284,17828.025,7.314937,0,,,,,696.1174225985892,0.00035091036,408.3979689154302,0.00038460843,-0.0051606484,0.088227816
2159.680486818575,17822.734,7.31248,0.0031768794,134239,696.1171321424827,408.3958761541575,16604.69,6.802097,1445.6082,2.1363404,17822.734,7.31248,0,,,,,696.1171321424827,0.00035091094,408.3958761541575,0.0003848121,-0.005689191,0.086376026
2159.687431372916,17807.443,7.308756,0.0031769923,134240,696.1174024090731,408.39779873053226,16589.812,6.798633,1443.9441,2.1351683,17807.443,7.308756,0,,,,,696.1174024090731,0.00035115192,408.39779873053226,0.00038485968,-0.005622574,0.08820505
2159.694375926791,17827.518,7.311976,0.0031771048,134241,696.116523868404,408.3967727523273,16608.426,6.8016276,1444.2408,2.1363494,17827.518,7.311976,0,,,,,696.116523868404,0.00035084947,408.3967727523273,0.000384533,-0.0067375917,0.08778474
2159.701320480899,17823.527,7.3135953,0.0031772174,134242,696.1167568834584,408.39797002605917,16606.559,6.803134,1444.4678,2.1352053,17823.527,7.3135953,0,,,,,696.1167568834584,0.00035092817,408.39797002605917,0.00038480063,-0.0059675113,0.08800191
2159.7082650345415,17809.273,7.3124437,0.0031773297,134243,696.118003937695,408.39798813619666,16594.283,6.8020635,1444.8068,2.1437953,17809.273,7.3124437,0,,,,,696.118003937695,0.00035096332,408.39798813619666,0.00038460578,-0.0048151356,0.089074805
2159.715209588184,17820.865,7.3111897,0.003177442,134244,696.1156495313843,408.3975286749076,16598.717,6.8008966,1447.9889,2.1363564,17820.865,7.3111897,0,,,,,696.1156495313843,0.0003508981,408.3975286749076,0.00038493905,-0.007289216,0.088248774
2159.7221541418253,17822.955,7.313623,0.003177554,134245,696.1178836630628,408.39667881237546,16607.268,6.80316,1443.526,2.1352122,17822.955,7.313623,0,,,,,696.1178836630628,0.0003509596,408.39667881237546,0.0003846129,-0.0043436624,0.08760437
2159.729098695234,17815.82,7.312066,0.003177666,134246,696.1183429455346,408.3966569106369,16598.309,6.801712,1445.9385,2.1374907,17815.82,7.312066,0,,,,,696.1183429455346,0.00035126606,408.3966569106369,0.000384632,-0.0048233885,0.08760026
2159.736043248411,17819.883,7.310949,0.0031777779,134247,696.116798965698,408.39749590558756,16601.566,6.8006725,1445.0421,2.1343625,17819.883,7.310949,0,,,,,696.116798965698,0.00035098186,408.39749590558756,0.00038473398,-0.00586872,0.08819527
2159.7429878015873,17823.672,7.309822,0.0031778896,134248,696.1179674639586,408.3983830735978,16605.396,6.7996244,1440.8712,2.133126,17823.672,7.309822,0,,,,,696.1179674639586,0.0003510435,408.3983830735978,0.0003843839,-0.004932818,0.08876903
2159.749932354532,17824.75,7.313405,0.0031780011,134249,696.1162073320105,408.39701950713277,16606.736,6.8029575,1441.2375,2.134022,17824.75,7.313405,0,,,,,696.1162073320105,0.00035087438,408.39701950713277,0.0003851523,-0.006294088,0.08805405
2159.756876907476,17821.08,7.3115563,0.0031781127,134250,696.1164503028675,408.3979004640403,16602.516,6.801238,1443.1533,2.1337664,17821.08,7.3115563,0,,,,,696.1164503028675,0.00035072022,408.3979004640403,0.0003850559,-0.006238846,0.088113554
2159.763821460187,17822.271,7.3119044,0.003178224,134251,696.1170084074472,408.397864170554,16605.746,6.8015614,1444.6011,2.1339583,17822.271,7.3119044,0,,,,,696.1170084074472,0.0003509484,408.397864170554,0.0003846926,-0.0061848927,0.08849649
2159.770766012898,17820.514,7.3173304,0.0031783353,134252,696.1174808707292,408.3969852182033,16605.379,6.8066087,1444.7129,2.1418839,17820.514,7.3173304,0,,,,,696.1174808707292,0.00035107564,408.3969852182033,0.00038489662,-0.004941708,0.08787556
2159.7777105653763,17805.758,7.3105273,0.0031784463,134253,696.1172516901804,408.3966673827795,16591.14,6.8002806,1447.2847,2.136372,17805.758,7.3105273,0,,,,,696.1172516901804,0.0003512879,408.3966673827795,0.00038464591,-0.0053482116,0.08806082
2159.784655117621,17826.887,7.3124027,0.0031785571,134254,696.1177430530072,408.395284639521,16604.12,6.802025,1443.9253,2.1358554,17826.887,7.3124027,0,,,,,696.1177430530072,0.00035101245,408.395284639521,0.00038519912,-0.0051441123,0.086631805
2159.7915996698657,17821.84,7.314477,0.003178668,134255,696.1160573825847,408.3969790934302,16606.375,6.8039546,1443.0586,2.1437674,17821.84,7.314477,0,,,,,696.1160573825847,0.0003507244,408.3969790934302,0.00038458858,-0.007048126,0.087685525
2159.7985442218783,17814.734,7.311793,0.0031787786,134256,696.1167415982997,408.3974488758711,16600.86,6.801458,1448.1176,2.136994,17814.734,7.311793,0,,,,,696.1167415982997,0.00035100293,408.3974488758711,0.00038441434,-0.006099329,0.08719499
2159.805488773891,17819.418,7.310831,0.0031788892,134257,696.1180902896543,408.3969897701172,16603.643,6.8005633,1444.4238,2.1354127,17819.418,7.310831,0,,,,,696.1180902896543,0.00035099417,408.3969897701172,0.00038430947,-0.0055511235,0.08845643
2159.8124333259034,17822.553,7.3103023,0.0031789998,134258,696.1166452057148,408.39665329304734,16604.13,6.8000717,1443.4258,2.134035,17822.553,7.3103023,0,,,,,696.1166452057148,0.00035083247,408.39665329304734,0.00038446643,-0.0063679027,0.08731233
2159.8193778774503,17806.824,7.3085284,0.00317911,134259,696.117138431736,408.39706036729825,16592.643,6.7984214,1445.2362,2.1337917,17806.824,7.3085284,0,,,,,696.117138431736,0.0003508866,408.39706036729825,0.00038464638,-0.005551816,0.08726739
2159.82632242923,17807.809,7.3113503,0.0031792202,134260,696.1174273368428,408.3952397627715,16592.012,6.8010464,1445.9508,2.1351779,17807.809,7.3113503,0,,,,,696.1174273368428,0.00035116074,408.3952397627715,0.00038506533,-0.004665458,0.08594255
2159.833266980544,17830.879,7.3111773,0.0031793301,134261,696.117568897742,408.39645086381705,16610.885,6.8008857,1443.392,2.1324604,17830.879,7.3111773,0,,,,,696.117568897742,0.00035066268,408.39645086381705,0.00038443087,-0.0055629225,0.08770899
2159.8402115318577,17810.008,7.308734,0.00317944,134262,696.1162237443361,408.3955143082964,16586.64,6.7986126,1442.1376,2.132857,17810.008,7.308734,0,,,,,696.1162237443361,0.00035098786,408.3955143082964,0.00038538588,-0.006266953,0.086301714
2159.847156083171,17829.805,7.3136916,0.00317955,134263,696.1160207580881,408.3966410603576,16612.545,6.803224,1443.2065,2.1354158,17829.805,7.3136916,0,,,,,696.1160207580881,0.0003507701,408.3966410603576,0.00038436367,-0.0067354315,0.08733985
2159.854100634253,17815.764,7.3095546,0.0031796596,134264,696.11734832445,408.39757526986233,16601.418,6.7993755,1445.7758,2.132789,17815.764,7.3095546,0,,,,,696.11734832445,0.00035078696,408.39757526986233,0.0003843635,-0.005955745,0.08836367
2159.861045185101,17820.959,7.313057,0.003179769,134265,696.1178411625282,408.39670709935115,16606.053,6.802634,1438.6671,2.131148,17820.959,7.313057,0,,,,,696.1178411625282,0.00035079147,408.39670709935115,0.0003849588,-0.0057801157,0.08708758
2159.86798973595,17814.523,7.3112736,0.0031798785,134266,696.1168315514361,408.39681389495763,16599.455,6.800975,1442.1199,2.1350765,17814.523,7.3112736,0,,,,,696.1168315514361,0.00035119502,408.39681389495763,0.00038463032,-0.006883218,0.08755945
2159.8749342867977,17822.963,7.315095,0.003179988,134267,696.1177288551917,408.3965258539496,16605.797,6.8045297,1441.9945,2.1323056,17822.963,7.315095,0,,,,,696.1177288551917,0.00035103905,408.3965258539496,0.00038522997,-0.004211836,0.087626405
2159.8818788371805,17817.275,7.31219,0.0031800969,134268,696.1168484455046,408.39657333902454,16602.127,6.801827,1439.3933,2.141915,17817.275,7.31219,0,,,,,696.1168484455046,0.0003508305,408.39657333902454,0.00038438448,-0.006105038,0.08624228
2159.888823387796,17817.379,7.312069,0.003180206,134269,696.1166745844598,408.3971767396639,16603.031,6.8017144,1443.2944,2.1386335,17817.379,7.312069,0,,,,,696.1166745844598,0.00035074275,408.3971767396639,0.00038459353,-0.0059248214,0.08785862
2159.895767938179,17818.965,7.31,0.003180315,134270,696.1160251131794,408.3971604413662,16602.883,6.79979,1441.7207,2.1335495,17818.965,7.31,0,,,,,696.1160251131794,0.00035074347,408.3971604413662,0.000384531,-0.006907557,0.08789838
2159.902712488328,17815.434,7.308743,0.0031804238,134271,696.1169342762855,408.39621704899264,16599.918,6.798621,1442.148,2.1333094,17815.434,7.308743,0,,,,,696.1169342762855,0.00035072048,408.39621704899264,0.00038470258,-0.00598278,0.08658842
2159.9096570382444,17830.514,7.3113723,0.0031805323,134272,696.1164362790835,408.3958740254369,16613.674,6.8010664,1439.6207,2.1318889,17830.514,7.3113723,0,,,,,696.1164362790835,0.00035064947,408.3958740254369,0.00038438625,-0.0068172175,0.08677506
2159.9166015883943,17827.924,7.3138146,0.003180641,134273,696.1173582710269,408.3976715178944,16612.033,6.8033385,1441.2574,2.1394463,17827.924,7.3138146,0,,,,,696.1173582710269,0.0003507646,408.3976715178944,0.00038429245,-0.00528231,0.088079795
2159.9235461380786,17835.705,7.313469,0.0031807492,134274,696.1172813474521,408.39577079310055,16618.95,6.803017,1440.0797,2.1357167,17835.705,7.313469,0,,,,,696.1172813474521,0.0003508965,408.39577079310055,0.00038442214,-0.005416752,0.086262144
2159.930490687763,17828.576,7.3110046,0.0031808575,134275,696.1163773436103,408.3963034074389,16605.902,6.8007245,1440.9225,2.1350102,17828.576,7.3110046,0,,,,,696.1163773436103,0.00035068652,408.3963034074389,0.00038488032,-0.0058718687,0.08651511
2159.937435237447,17812.074,7.3105235,0.0031809658,134276,696.1180520718437,408.3961731623473,16596.293,6.800277,1439.288,2.1401103,17812.074,7.3105235,0,,,,,696.1180520718437,0.00035094764,408.3961731623473,0.00038463497,-0.0048168483,0.08615939
2159.9443797868985,17822.41,7.312409,0.0031810738,134277,696.1155297624771,408.3962570855288,16605.465,6.802031,1442.6069,2.1345592,17822.41,7.312409,0,,,,,696.1155297624771,0.0003510231,408.3962570855288,0.0003845729,-0.007851241,0.086820416
2159.951324336117,17818.816,7.309719,0.0031811816,134278,696.1172991818643,408.396646435158,16603.887,6.799529,1442.0442,2.1329737,17818.816,7.309719,0,,,,,696.1172991818643,0.00035086228,408.396646435158,0.00038439358,-0.005723585,0.08705181
2159.958268885336,17816.47,7.310104,0.0031812894,134279,696.1174727728696,408.3969900528578,16600.71,6.799887,1442.8926,2.134366,17816.47,7.310104,0,,,,,696.1174727728696,0.00035085907,408.3969900528578,0.0003846036,-0.0061476305,0.08716458
2159.9652134345542,17816.357,7.309913,0.0031813972,134280,696.116468582129,408.3958712644258,16602.697,6.7997093,1443.9111,2.1328595,17816.357,7.309913,0,,,,,696.116468582129,0.00035072328,408.3958712644258,0.00038454292,-0.006585826,0.08701835
2159.9721579835395,17822.123,7.314147,0.0031815048,134281,696.1174787547537,408.39853886394786,16607.719,6.8036475,1441.0865,2.1350193,17822.123,7.314147,0,,,,,696.1174787547537,0.00035093454,408.39853886394786,0.00038479982,-0.0052958233,0.08914951
2159.979102532292,17815.154,7.3096514,0.0031816121,134282,696.1176579809168,408.39486723387506,16597.676,6.799466,1442.192,2.1351254,17815.154,7.3096514,0,,,,,696.1176579809168,0.0003509998,408.39486723387506,0.00038485636,-0.005293888,0.08555452
2159.9860470810454,17833.29,7.3172336,0.0031817195,134283,696.1167461276698,408.39577852504215,16618.96,6.806519,1440.7468,2.1391966,17833.29,7.3172336,0,,,,,696.1167461276698,0.00035064667,408.39577852504215,0.00038479653,-0.0062722936,0.086294934
2159.992991629565,17824.33,7.309645,0.0031818266,134284,696.116135184165,408.39582251982876,16606.27,6.7994604,1439.3239,2.1333797,17824.33,7.309645,0,,,,,696.116135184165,0.00035067668,408.39582251982876,0.00038463314,-0.0071570715,0.08674957
2159.9999361780856,17821.475,7.3115683,0.0031819337,134285,696.1165156371675,408.39676789391206,16607.55,6.801249,1440.6086,2.1315818,17821.475,7.3115683,0,,,,,696.1165156371675,0.00035070936,408.39676789391206,0.00038474728,-0.0064668846,0.086667046
2160.0068807263724,17823.8,7.314319,0.0031820405,134286,696.1166123747639,408.3952515394353,16607.176,6.8038077,1439.6892,2.1395915,17823.8,7.314319,0,,,,,696.1166123747639,0.00035099787,408.3952515394353,0.0003846891,-0.006426047,0.086057045
2160.01382527466,17824.639,7.3097935,0.0031821474,134287,696.1168218317758,408.396701994167,16602.158,6.7995977,1439.2319,2.1333466,17824.639,7.3097935,0,,,,,696.1168218317758,0.0003508398,408.396701994167,0.00038504516,-0.0055336026,0.08779484
2160.020769822714,17826.156,7.3107133,0.003182254,134288,696.1170295579619,408.3972902912774,16610.85,6.8004537,1438.4144,2.133844,17826.156,7.3107133,0,,,,,696.1170295579619,0.00035065555,408.3972902912774,0.0003843517,-0.0058687846,0.088693015
2160.027714370768,17819.68,7.307894,0.0031823607,134289,696.117073192578,408.3960670644242,16606.31,6.7978315,1438.3662,2.1297169,17819.68,7.307894,0,,,,,696.117073192578,0.00035062814,408.3960670644242,0.00038440386,-0.005252709,0.08601853
2160.034658918589,17822.582,7.3115892,0.003182467,134290,696.1173097095954,408.3945698773414,16607.291,6.8012686,1443.1075,2.1371489,17822.582,7.3115892,0,,,,,696.1173097095954,0.00035072354,408.3945698773414,0.00038447842,-0.0054124105,0.08512306
2160.0416034661775,17813.936,7.309657,0.0031825732,134291,696.1161827154364,408.3963883708633,16601.193,6.799471,1442.9806,2.1326036,17813.936,7.309657,0,,,,,696.1161827154364,0.0003507686,408.3963883708633,0.000384644,-0.007081929,0.0866836
2160.0485480139996,17819.395,7.310245,0.0031826796,134292,696.1162886869204,408.39645583797,16605.918,6.8000183,1438.3337,2.1343493,17819.395,7.310245,0,,,,,696.1162886869204,0.00035070244,408.39645583797,0.00038442874,-0.0066180364,0.08662233
2160.055492561356,17812.273,7.3092237,0.0031827856,134293,696.1161160060135,408.39568870387376,16599.275,6.799068,1437.95,2.1311774,17812.273,7.3092237,0,,,,,696.1161160060135,0.00035079874,408.39568870387376,0.00038469987,-0.0064363186,0.08672577
2160.0624371087115,17825.758,7.311274,0.0031828915,134294,696.1155448747063,408.39686667892033,16609.781,6.8009753,1437.7852,2.1322434,17825.758,7.311274,0,,,,,696.1155448747063,0.00035098934,408.39686667892033,0.00038446096,-0.007220965,0.08717833
2160.069381656068,17826.701,7.310657,0.0031829975,134295,696.1159787619073,408.39451892851343,16613.117,6.8004017,1438.6326,2.1338735,17826.701,7.310657,0,,,,,696.1159787619073,0.00035074775,408.39451892851343,0.00038429064,-0.006759149,0.08552569
2160.0763262031905,17812.912,7.314461,0.0031831032,134296,696.116657959552,408.3970962497472,16599.342,6.8039403,1442.8158,2.1439257,17812.912,7.314461,0,,,,,696.116657959552,0.00035139796,408.3970962497472,0.00038461,-0.0057571754,0.08712888
2160.0832707500813,17833.707,7.313039,0.0031832086,134297,696.117364828088,408.396708441434,16619.777,6.8026166,1437.9167,2.1311398,17833.707,7.313039,0,,,,,696.117364828088,0.00035051355,408.396708441434,0.000384338,-0.0056789415,0.086923145
2160.0902152969707,17815.703,7.309293,0.003183314,134298,696.1152165089129,408.39572558886056,16601.729,6.7991323,1438.3013,2.1327047,17815.703,7.309293,0,,,,,696.1152165089129,0.00035068722,408.39572558886056,0.00038465855,-0.0075131613,0.08545559
2160.09715984386,17820.424,7.310265,0.0031834196,134299,696.1171722955912,408.39616295778904,16606.535,6.800037,1444.2085,2.1322265,17820.424,7.310265,0,,,,,696.1171722955912,0.0003508655,408.39616295778904,0.00038426172,-0.00594298,0.08659441
2160.104104390518,17821.717,7.3106327,0.0031835248,134300,696.1167590107783,408.3957714222404,16606.629,6.800379,1442.1814,2.1322875,17821.717,7.3106327,0,,,,,696.1167590107783,0.0003508356,408.3957714222404,0.00038460142,-0.0058809407,0.086847894
2160.111048936942,17812.64,7.3128457,0.0031836298,134301,696.1156903923707,408.39578160173846,16597.441,6.802437,1445.4347,2.1390429,17812.64,7.3128457,0,,,,,696.1156903923707,0.000351071,408.39578160173846,0.00038477176,-0.008251893,0.086450174
2160.117993483367,17811.15,7.3081436,0.0031837348,134302,696.1162055207267,408.39626313587115,16597.184,6.7980633,1441.2325,2.1337202,17811.15,7.3081436,0,,,,,696.1162055207267,0.00035087366,408.39626313587115,0.0003842707,-0.0063676,0.086624965
2160.1249380297913,17816.525,7.308771,0.0031838398,134303,696.115560972016,408.3965306126352,16601.541,6.798647,1441.8219,2.1329226,17816.525,7.308771,0,,,,,696.115560972016,0.00035077208,408.3965306126352,0.00038437685,-0.007666773,0.08632065
2160.1318825759836,17825.295,7.311546,0.0031839446,134304,696.1182154151376,408.3966509261867,16610.92,6.801228,1444.9286,2.1337476,17825.295,7.311546,0,,,,,696.1182154151376,0.00035086978,408.3966509261867,0.0003843074,-0.0054000174,0.08700864
2160.138827121942,17814.766,7.3085885,0.0031840492,134305,696.1156206158705,408.3942267020886,16600.627,6.7984776,1441.6298,2.13236,17814.766,7.3085885,0,,,,,696.1156206158705,0.00035082278,408.3942267020886,0.00038446,-0.0070668883,0.084678054
2160.1457716679015,17820.582,7.312027,0.0031841537,134306,696.1169275201547,408.39611154759496,16607.643,6.801676,1441.1051,2.133728,17820.582,7.312027,0,,,,,696.1169275201547,0.00035087758,408.39611154759496,0.00038455892,-0.0063550146,0.08611985
2160.152716213627,17817.879,7.3079605,0.003184258,134307,696.116677092456,408.39640061689937,16603.037,6.797893,1436.1552,2.130215,17817.879,7.3079605,0,,,,,696.116677092456,0.0003506788,408.39640061689937,0.00038453907,-0.0061613335,0.086866945
2160.159660759353,17807.258,7.308242,0.0031843623,134308,696.1156074336219,408.3954071010245,16593.62,6.798155,1441.1995,2.1326318,17807.258,7.308242,0,,,,,696.1156074336219,0.00035100037,408.3954071010245,0.00038465497,-0.0073526297,0.086325586
2160.166605305079,17821.846,7.3107314,0.0031844666,134309,696.1156393944196,408.39522498371434,16607.709,6.8004704,1442.9827,2.13274,17821.846,7.3107314,0,,,,,696.1156393944196,0.0003507613,408.39522498371434,0.00038466536,-0.007742668,0.085351355
2160.1735498505723,17813.918,7.3096776,0.0031845707,134310,696.116739895877,408.39685461399824,16600.105,6.7994905,1439.267,2.1346822,17813.918,7.3096776,0,,,,,696.116739895877,0.00035099898,408.39685461399824,0.0003844831,-0.006020722,0.08686256
2160.1804943958327,17820.38,7.311311,0.0031846745,134311,696.1166398841465,408.39618358830904,16606.629,6.8010097,1440.0392,2.1347628,17820.38,7.311311,0,,,,,696.1166398841465,0.00035082706,408.39618358830904,0.0003844335,-0.0069932602,0.086412586
2160.187438941093,17819.95,7.311919,0.0031847784,134312,696.1176830222288,408.3950953604172,16605.758,6.8015757,1440.3325,2.1342692,17819.95,7.311919,0,,,,,696.1176830222288,0.00035065023,408.3950953604172,0.00038459746,-0.0060442574,0.08577416
2160.1943834861204,17814.455,7.31072,0.003184882,134313,696.1159744721184,408.395532570343,16601.75,6.80046,1439.9658,2.1319816,17814.455,7.31072,0,,,,,696.1159744721184,0.00035077386,408.395532570343,0.0003848081,-0.006945492,0.08559261
2160.2013280311485,17810.154,7.3102117,0.0031849856,134314,696.1159553815019,408.3950780230332,16595.467,6.799987,1441.9974,2.133083,17810.154,7.3102117,0,,,,,696.1159553815019,0.00035111266,408.3950780230332,0.00038477598,-0.007029657,0.08642483
2160.208272575943,17818.445,7.3114996,0.003185089,134315,696.116926601293,408.3948424455326,16604.46,6.801185,1439.4954,2.130769,17818.445,7.3114996,0,,,,,696.116926601293,0.00035088125,408.3948424455326,0.0003848752,-0.0068060826,0.085406445
2160.215217120738,17819.785,7.3095837,0.0031851924,134316,696.1155814094639,408.3950457160545,16607.826,6.7994027,1440.0723,2.1328228,17819.785,7.3095837,0,,,,,696.1155814094639,0.00035072505,408.3950457160545,0.00038427435,-0.0071366513,0.08517698
2160.222161665532,17816.92,7.3091803,0.0031852957,134317,696.1154118304297,408.39535237184924,16603.602,6.7990274,1439.9644,2.1325274,17816.92,7.3091803,0,,,,,696.1154118304297,0.0003507143,408.39535237184924,0.00038441527,-0.0075158137,0.08572195
2160.22910620986,17807.78,7.308234,0.0031853986,134318,696.1159080812048,408.39668802735025,16593.334,6.7981477,1440.318,2.1355386,17807.78,7.308234,0,,,,,696.1159080812048,0.0003509182,408.39668802735025,0.0003846489,-0.0064683077,0.08750431
2160.2360507544226,17812.668,7.3105435,0.0031855018,134319,696.1177940306264,408.39461967676726,16600.562,6.800296,1439.8916,2.1343503,17812.668,7.3105435,0,,,,,696.1177940306264,0.00035113734,408.39461967676726,0.0003844952,-0.0053988663,0.084937505
2160.2429952987513,17813.707,7.309103,0.0031856047,134320,696.1160328145036,408.3943428571827,16602.625,6.798956,1438.5375,2.1318479,17813.707,7.309103,0,,,,,696.1160328145036,0.00035093987,408.3943428571827,0.00038444638,-0.0070279907,0.08505792
2160.249939842848,17796.215,7.3055177,0.0031857074,134321,696.1162234729595,408.39437939203015,16586.072,6.795621,1438.2616,2.1309507,17796.215,7.3055177,0,,,,,696.1162234729595,0.00035094746,408.39437939203015,0.00038461934,-0.006872875,0.08494933
2160.256884386945,17820.803,7.313145,0.00318581,134322,696.1153343440018,408.39506750604517,16607.6,6.802716,1438.7128,2.1358812,17820.803,7.313145,0,,,,,696.1153343440018,0.00035061705,408.39506750604517,0.00038470264,-0.0077350694,0.08516175
2160.2638289308084,17817.861,7.309309,0.0031859125,134323,696.1153364389796,408.39496372033796,16602.8,6.7991476,1440.418,2.133346,17817.861,7.309309,0,,,,,696.1153364389796,0.00035078818,408.39496372033796,0.00038454874,-0.0076737218,0.08517535
2160.270773474672,17816.102,7.3132772,0.003186015,134324,696.1152769635522,408.3944420005745,16602.15,6.802839,1442.4115,2.1383522,17816.102,7.3132772,0,,,,,696.1152769635522,0.0003512969,408.3944420005745,0.0003846662,-0.007984751,0.085075356
2160.2777180185353,17815.791,7.310645,0.0031861174,134325,696.1156237611456,408.3942339908999,16602.656,6.8003902,1439.5004,2.1362102,17815.791,7.310645,0,,,,,696.1156237611456,0.0003508027,408.3942339908999,0.00038441026,-0.007031467,0.085245915
2160.284662562166,17817.918,7.309621,0.0031862196,134326,696.1168477014862,408.39484358618694,16605.732,6.799437,1439.3647,2.1336858,17817.918,7.309621,0,,,,,696.1168477014862,0.0003506349,408.39484358618694,0.00038433765,-0.005343981,0.0859036
2160.2916071055633,17807.572,7.3101,0.0031863216,134327,696.1158840497197,408.3935015527271,16594.426,6.799883,1440.7198,2.1325092,17807.572,7.3101,0,,,,,696.1158840497197,0.00035108253,408.3935015527271,0.00038466667,-0.0075905193,0.08321251
2160.2985516489603,17812.275,7.30819,0.0031864236,134328,696.115299693987,408.3958517302255,16600.129,6.7981067,1441.4974,2.1320913,17812.275,7.30819,0,,,,,696.115299693987,0.00035088032,408.3958517302255,0.00038445526,-0.0070682606,0.0858977
2160.3054961921252,17806.47,7.31003,0.0031865253,134329,696.1157855082862,408.39485728905623,16595.06,6.7998185,1439.3925,2.1328473,17806.47,7.31003,0,,,,,696.1157855082862,0.0003508634,408.39485728905623,0.0003849267,-0.0067446427,0.08576226
2160.3124407352902,17816.809,7.308939,0.003186627,134330,696.1158925935069,408.39517570320976,16603.25,6.7988033,1438.1007,2.1305106,17816.809,7.308939,0,,,,,696.1158925935069,0.00035092063,408.39517570320976,0.00038442606,-0.0075949254,0.085584305
2160.3193852784552,17813.842,7.309558,0.0031867288,134331,696.1159947974438,408.39494026751686,16599.459,6.799379,1436.5671,2.1369781,17813.842,7.309558,0,,,,,696.1159947974438,0.0003508616,408.39494026751686,0.00038468713,-0.0073325452,0.08512639
2160.3263298213874,17818.197,7.30904,0.0031868303,134332,696.1158172217804,408.39561575379406,16605.645,6.7988973,1437.4895,2.1320674,17818.197,7.30904,0,,,,,696.1158172217804,0.00035062712,408.39561575379406,0.0003845364,-0.007831703,0.08565935
2160.3332743640867,17819.623,7.310646,0.0031869316,134333,696.1157588214394,408.39415416112263,16607.879,6.800391,1436.588,2.131284,17819.623,7.310646,0,,,,,696.1157588214394,0.0003506328,408.39415416112263,0.00038444556,-0.0069198846,0.08412373
2160.340218906786,17815.617,7.3105907,0.0031870329,134334,696.1173432446196,408.3945528770953,16601.86,6.8003397,1438.3739,2.1325858,17815.617,7.3105907,0,,,,,696.1173432446196,0.00035086522,408.3945528770953,0.00038477752,-0.005738299,0.08556477
2160.3471634494863,17800.885,7.3107305,0.0031871342,134335,696.1164165454659,408.39446113512133,16590.617,6.80047,1439.5176,2.1388223,17800.885,7.3107305,0,,,,,696.1164165454659,0.00035092368,408.39446113512133,0.000384714,-0.006942962,0.08534307
2160.354107991952,17808.29,7.3105865,0.0031872352,134336,696.1155959816375,408.39456571629677,16597.871,6.800336,1440.4366,2.1403809,17808.29,7.3105865,0,,,,,696.1155959816375,0.0003509569,408.39456571629677,0.00038445054,-0.007662275,0.084872656
2160.3610525341846,17823.879,7.309195,0.003187336,134337,696.1151056342031,408.39382125582875,16612.19,6.7990417,1435.8344,2.130157,17823.879,7.309195,0,,,,,696.1151056342031,0.00035060314,408.39382125582875,0.00038432862,-0.007833253,0.08388859
2160.3679970764183,17822.656,7.308942,0.0031874368,134338,696.1156577702827,408.39498311619957,16609.266,6.798806,1436.0249,2.1326838,17822.656,7.308942,0,,,,,696.1156577702827,0.00035049056,408.39498311619957,0.00038429553,-0.0071948776,0.08540727
2160.374941618652,17810.191,7.306909,0.0031875377,134339,696.1167460328156,408.394188568939,16597.268,6.796915,1437.9434,2.1295817,17810.191,7.306909,0,,,,,696.1167460328156,0.00035100375,408.394188568939,0.0003846701,-0.0067470996,0.085312024
2160.381886160653,17822.277,7.309896,0.0031876382,134340,696.1165843736055,408.39501665847723,16610.111,6.7996936,1439.4667,2.132943,17822.277,7.309896,0,,,,,696.1165843736055,0.0003506395,408.39501665847723,0.00038412155,-0.0065444745,0.08532
2160.388830702421,17816.697,7.309434,0.0031877386,134341,696.1158210654366,408.39383441744235,16605.172,6.799264,1435.162,2.1349037,17816.697,7.309434,0,,,,,696.1158210654366,0.00035062133,408.39383441744235,0.0003843799,-0.0069676926,0.08413459
2160.395775244189,17834.658,7.3128486,0.003187839,134342,696.1167780693253,408.39410112397667,16622.15,6.80244,1433.9247,2.132285,17834.658,7.3128486,0,,,,,696.1167780693253,0.00035088166,408.39410112397667,0.00038411116,-0.006208124,0.08461643
2160.402719785957,17818.25,7.3107867,0.0031879393,134343,696.1146202484437,408.3939745972893,16602.13,6.8005223,1439.3407,2.1346087,17818.25,7.3107867,0,,,,,696.1146202484437,0.00035102258,408.3939745972893,0.00038455686,-0.008483056,0.08443485
2160.409664327492,17818.732,7.308862,0.0031880394,134344,696.1160550324819,408.39401385132675,16605.14,6.798732,1437.0123,2.131168,17818.732,7.308862,0,,,,,696.1160550324819,0.00035078413,408.39401385132675,0.0003843834,-0.0073576574,0.08435174
2160.416608869027,17823.555,7.311431,0.0031881395,134345,696.115647006246,408.39579121114895,16610.777,6.801121,1440.0463,2.1337519,17823.555,7.311431,0,,,,,696.115647006246,0.0003507324,408.39579121114895,0.00038424588,-0.00733026,0.08601743
2160.423553410329,17827.018,7.3103867,0.0031882394,134346,696.1149753374237,408.3936597436623,16612.62,6.80015,1435.097,2.1342611,17827.018,7.3103867,0,,,,,696.1149753374237,0.00035060095,408.3936597436623,0.0003843555,-0.0077836663,0.08397418
2160.4304979516305,17823.625,7.3117547,0.0031883393,134347,696.1156590041693,408.3955117023996,16609.96,6.801422,1436.1528,2.139452,17823.625,7.3117547,0,,,,,696.1156590041693,0.00035071385,408.3955117023996,0.00038441908,-0.0070166844,0.085684076
2160.4374424927,17805.104,7.3111405,0.003188439,134348,696.1155484484493,408.3932936840525,16594.82,6.800851,1446.4066,2.1362965,17805.104,7.3111405,0,,,,,696.1155484484493,0.00035115174,408.3932936840525,0.00038469984,-0.007898667,0.083342925
2160.4443870337695,17803.424,7.306988,0.0031885386,134349,696.1166357167632,408.3953561217701,16593.676,6.796988,1437.3217,2.1297526,17803.424,7.306988,0,,,,,696.1166357167632,0.0003509152,408.3953561217701,0.00038454382,-0.0063447882,0.08570019
2160.451331574607,17803.453,7.3085723,0.003188638,134350,696.1147826754957,408.3930314105202,16591.191,6.798462,1442.4729,2.134989,17803.453,7.3085723,0,,,,,696.1147826754957,0.00035119115,408.3930314105202,0.00038468422,-0.008155507,0.08358971
2160.4582761154434,17824.102,7.307945,0.0031887374,134351,696.1152818957854,408.39367651377904,16609.518,6.7978783,1434.4725,2.1298544,17824.102,7.307945,0,,,,,696.1152818957854,0.00035057604,408.39367651377904,0.00038438593,-0.007261728,0.08431185
2160.4652206560477,17815.281,7.310599,0.0031888366,134352,696.1157175229484,408.3944166549149,16603.977,6.800347,1437.828,2.132898,17815.281,7.310599,0,,,,,696.1157175229484,0.00035059598,408.3944166549149,0.00038458194,-0.0072813784,0.08481478
2160.472165196651,17821.67,7.3112617,0.0031889358,134353,696.1143906289359,408.39426223703947,16609.896,6.8009634,1442.282,2.1355274,17821.67,7.3112617,0,,,,,696.1143906289359,0.00035075602,408.39426223703947,0.00038442638,-0.008373905,0.08508327
2160.4791097370226,17818.984,7.310713,0.0031890348,134354,696.11478092049,408.3941259245616,16604.9,6.800453,1437.1276,2.1290686,17818.984,7.310713,0,,,,,696.11478092049,0.00035073786,408.3941259245616,0.0003846466,-0.0076564252,0.08469378
2160.486054277393,17826.742,7.3144054,0.0031891337,134355,696.11625590532,408.39376091281514,16614.15,6.803888,1436.3268,2.1405947,17826.742,7.3144054,0,,,,,696.11625590532,0.00035074816,408.39376091281514,0.00038450406,-0.0064285123,0.08373879
2160.4929988177637,17828.367,7.311675,0.0031892327,134356,696.1156080807092,408.39376269602013,16608.197,6.801348,1438.9381,2.1399484,17828.367,7.311675,0,,,,,696.1156080807092,0.0003507016,408.39376269602013,0.00038457682,-0.0075736255,0.08375805
2160.4999433579014,17824.494,7.3137326,0.0031893314,134357,696.1161063790604,408.39341304328667,16612.188,6.8032627,1438.043,2.1388927,17824.494,7.3137326,0,,,,,696.1161063790604,0.0003507853,408.39341304328667,0.00038425933,-0.0075827735,0.083720244
2160.5068878978063,17831.521,7.309924,0.0031894299,134358,696.1151270302445,408.3934430873872,16612.22,6.79972,1439.514,2.1318128,17831.521,7.309924,0,,,,,696.1151270302445,0.00035057418,408.3934430873872,0.00038445444,-0.008115439,0.08339493
2160.513832437712,17821.566,7.310664,0.0031895284,134359,696.1143916847441,408.39285744401946,16603.72,6.8004084,1438.182,2.132398,17821.566,7.310664,0,,,,,696.1143916847441,0.00035092188,408.39285744401946,0.0003850287,-0.008537813,0.08340177
2160.520776977617,17812.14,7.308981,0.0031896268,134360,696.1151997033526,408.39473545804,16601.623,6.7988424,1433.8903,2.1338708,17812.14,7.308981,0,,,,,696.1151997033526,0.00035087764,408.39473545804,0.00038463617,-0.007540625,0.08469322
2160.5277215172896,17811.107,7.310137,0.003189725,134361,696.1157763534195,408.39330062131523,16601.074,6.7999177,1439.7363,2.1369674,17811.107,7.310137,0,,,,,696.1157763534195,0.0003508178,408.39330062131523,0.0003843177,-0.0072111846,0.084375314
2160.5346660567293,17818.582,7.3085074,0.0031898231,134362,696.1154356438307,408.39348319224695,16606.605,6.798402,1435.7216,2.1302426,17818.582,7.3085074,0,,,,,696.1154356438307,0.00035077255,408.39348319224695,0.00038428124,-0.007194589,0.08336662
2160.541610596402,17827.42,7.313115,0.0031899214,134363,696.1152338261696,408.3929246631604,16615.66,6.802688,1437.5681,2.1314049,17827.42,7.313115,0,,,,,696.1152338261696,0.00035080293,408.3929246631604,0.0003845616,-0.007856073,0.083813645
2160.5485551356087,17822.76,7.310898,0.0031900192,134364,696.1162716645234,408.39369550458673,16610.412,6.8006253,1438.1439,2.131044,17822.76,7.310898,0,,,,,696.1162716645234,0.00035067895,408.39369550458673,0.0003845368,-0.006367071,0.083678566
2160.555499674816,17822.488,7.313314,0.003190117,134365,696.1153056120843,408.3939613451913,16611.059,6.802873,1437.3475,2.1356857,17822.488,7.313314,0,,,,,696.1153056120843,0.00035063154,408.3939613451913,0.000384701,-0.008230512,0.08397154
2160.5624442140233,17818.832,7.311348,0.0031902147,134366,696.11484297771,408.39297793218043,16607.621,6.801044,1436.3278,2.135912,17818.832,7.311348,0,,,,,696.11484297771,0.00035088885,408.39297793218043,0.0003843208,-0.0081260875,0.083254024
2160.5693887532293,17823.56,7.3092966,0.0031903125,134367,696.1145968649508,408.3940382321582,16609.217,6.7991357,1434.8743,2.1320047,17823.56,7.3092966,0,,,,,696.1145968649508,0.00035048163,408.3940382321582,0.00038438247,-0.007710131,0.08412796
2160.5763332919696,17809.438,7.3098087,0.0031904099,134368,696.115233069818,408.394084556173,16596.639,6.7996125,1439.6151,2.1354392,17809.438,7.3098087,0,,,,,696.115233069818,0.00035078666,408.394084556173,0.0003846853,-0.007975784,0.08482632
2160.583277830944,17810.328,7.3079834,0.0031905074,134369,696.1148013988469,408.39368804760466,16598.607,6.7979145,1437.6923,2.1323955,17810.328,7.3079834,0,,,,,696.1148013988469,0.00035082642,408.39368804760466,0.0003843248,-0.008149735,0.08435311
2160.590222369685,17823.203,7.311751,0.0031906047,134370,696.1159211057492,408.3926405527708,16612.477,6.801419,1439.4137,2.136089,17823.203,7.311751,0,,,,,696.1159211057492,0.0003506089,408.3926405527708,0.00038433768,-0.0071357638,0.08283507
2160.5971669081937,17832.756,7.311806,0.0031907018,134371,696.1159868181886,408.3930572670585,16621.314,6.8014703,1436.8608,2.130961,17832.756,7.311806,0,,,,,696.1159868181886,0.00035047662,408.3930572670585,0.0003841285,-0.0074125817,0.08398816
2160.6041114467016,17817.027,7.3085957,0.003190799,134372,696.1136760781549,408.39209279291885,16603.443,6.7984843,1435.7766,2.1289983,17817.027,7.3085957,0,,,,,696.1136760781549,0.00035075838,408.39209279291885,0.00038450366,-0.008979982,0.08274221
2160.6110559852104,17814.775,7.3092017,0.003190896,134373,696.1152591473808,408.3932432495585,16602.697,6.7990475,1439.811,2.133873,17814.775,7.3092017,0,,,,,696.1152591473808,0.00035073265,408.3932432495585,0.00038437717,-0.007383458,0.08347516
2160.6180005234855,17833.258,7.3133564,0.0031909929,134374,696.1158127263741,408.39308427056534,16620.307,6.802912,1438.2537,2.1304986,17833.258,7.3133564,0,,,,,696.1158127263741,0.00035069723,408.39308427056534,0.00038435878,-0.0069960053,0.08339287
2160.6249450615287,17825.633,7.309614,0.0031910895,134375,696.1142664737577,408.3944789617376,16612.752,6.799431,1435.9786,2.1306486,17825.633,7.309614,0,,,,,696.1142664737577,0.00035058483,408.3944789617376,0.00038421986,-0.009049393,0.08438391
2160.631889599571,17817.686,7.311382,0.003191186,134376,696.1145909768413,408.39249891842843,16606.26,6.8010755,1439.1715,2.1337318,17817.686,7.311382,0,,,,,696.1145909768413,0.00035099685,408.39249891842843,0.00038444294,-0.008199328,0.08268862
2160.6388341376132,17820.6,7.3124695,0.0031912827,134377,696.1157864207819,408.39462278718213,16608.746,6.8020873,1438.6349,2.140072,17820.6,7.3124695,0,,,,,696.1157864207819,0.00035066815,408.39462278718213,0.00038435898,-0.007625121,0.08537712
2160.645778675423,17816.19,7.3107524,0.0031913791,134378,696.1152200472554,408.3913092930003,16605.645,6.8004904,1438.9485,2.136468,17816.19,7.3107524,0,,,,,696.1152200472554,0.00035072645,408.3913092930003,0.00038433736,-0.008291251,0.0810107
2160.652723213233,17816.555,7.3131757,0.0031914755,134379,696.1145009404618,408.39394642446206,16605.195,6.8027444,1436.737,2.1406085,17816.555,7.3131757,0,,,,,696.1145009404618,0.00035071344,408.39394642446206,0.0003847358,-0.0088309655,0.08368086
2160.65966775081,17830.084,7.309319,0.0031915717,134380,696.1144274615446,408.3931359685702,16616.904,6.7991567,1435.4893,2.1282277,17830.084,7.309319,0,,,,,696.1144274615446,0.00035061114,408.3931359685702,0.0003841155,-0.00899641,0.083393745
2160.666612288387,17835.045,7.310488,0.0031916678,134381,696.11489860383,408.3927199768496,16619.16,6.8002443,1433.483,2.1306221,17835.045,7.310488,0,,,,,696.11489860383,0.00035049475,408.3927199768496,0.0003842519,-0.007993421,0.08242698
2160.673556825964,17825.324,7.315181,0.003191764,134382,696.1161213435751,408.3943152509507,16612.793,6.8046093,1438.5822,2.139628,17825.324,7.315181,0,,,,,696.1161213435751,0.00035065424,408.3943152509507,0.00038450805,-0.007605452,0.08416363
2160.6805013633084,17828.652,7.31262,0.00319186,134383,696.1148529110596,408.3928153192584,16615.258,6.8022275,1435.8302,2.1322448,17828.652,7.31262,0,,,,,696.1148529110596,0.00035079947,408.3928153192584,0.00038441367,-0.008275635,0.08300873
2160.6874459004193,17816.082,7.310446,0.0031919556,134384,696.1154655983745,408.3927514828569,16605.555,6.8002048,1441.0887,2.1342573,17816.082,7.310446,0,,,,,696.1154655983745,0.00035071935,408.3927514828569,0.00038464495,-0.007683003,0.08292048
2160.694390437531,17819.947,7.310545,0.0031920513,134385,696.1148303918333,408.392493623219,16606.973,6.8002973,1436.1058,2.1318483,17819.947,7.310545,0,,,,,696.1148303918333,0.00035072933,408.392493623219,0.00038453264,-0.008052557,0.082574315
2160.701334974642,17813.91,7.3127503,0.003192147,134386,696.1140041631736,408.39091441616273,16601.295,6.8023486,1437.7865,2.1389203,17813.91,7.3127503,0,,,,,696.1140041631736,0.00035071556,408.39091441616273,0.00038494213,-0.009404788,0.08061981
2160.708279511521,17817.355,7.311882,0.0031922425,134387,696.1163749082181,408.39482850508506,16607.096,6.801541,1435.9728,2.1396346,17817.355,7.311882,0,,,,,696.1163749082181,0.00035072622,408.39482850508506,0.0003842692,-0.006586211,0.08512854
2160.715224048399,17819.293,7.309807,0.003192338,134388,696.1148388805545,408.39299149860807,16608.482,6.79961,1438.929,2.1336865,17819.293,7.309807,0,,,,,696.1148388805545,0.00035051545,408.39299149860807,0.00038439047,-0.007826632,0.083113685
2160.7221685850436,17822.014,7.3091354,0.0031924332,134389,696.1151207598576,408.39332165412094,16607.004,6.798986,1437.3503,2.1320176,17822.014,7.3091354,0,,,,,696.1151207598576,0.00035070593,408.39332165412094,0.00038440165,-0.008338904,0.08370242
2160.72911312169,17821.086,7.311311,0.0031925284,134390,696.1144548403772,408.3917480083174,16607.766,6.8010097,1435.6865,2.1340182,17821.086,7.311311,0,,,,,696.1144548403772,0.00035088445,408.3917480083174,0.00038436006,-0.008345515,0.08198574
2160.7360576581023,17829.373,7.310733,0.0031926234,134391,696.1159654383569,408.39215994183394,16617.943,6.800472,1435.2065,2.1311672,17829.373,7.310733,0,,,,,696.1159654383569,0.00035061818,408.39215994183394,0.00038398354,-0.007242801,0.08209322
2160.7430021945156,17818.234,7.3100677,0.0031927184,134392,696.1157508382271,408.3933506183901,16606.812,6.7998533,1435.5789,2.1348956,17818.234,7.3100677,0,,,,,696.1157508382271,0.0003507842,408.3933506183901,0.00038432045,-0.0072735026,0.083642155
2160.749946730696,17812.316,7.3078136,0.0031928131,134393,696.115566167051,408.3918513645881,16602.91,6.7977567,1436.4072,2.1314335,17812.316,7.3078136,0,,,,,696.115566167051,0.00035066967,408.3918513645881,0.0003843193,-0.007494026,0.08230713
2160.756891266876,17811.066,7.3085175,0.003192908,134394,696.1145425424734,408.3919944346805,16598.574,6.7984114,1439.6198,2.1326497,17811.066,7.3085175,0,,,,,696.1145425424734,0.0003506375,408.3919944346805,0.0003846782,-0.008023105,0.082827665
2160.7638358030563,17821.11,7.309084,0.0031930027,134395,696.113522439528,408.393127636668,16606.54,6.798938,1433.4158,2.1334896,17821.11,7.309084,0,,,,,696.113522439528,0.00035049565,408.393127636668,0.00038443535,-0.009204296,0.08313153
2160.7707803390035,17825.83,7.3079305,0.0031930972,134396,696.1139032354268,408.39290341821817,16613.521,6.797865,1432.1194,2.1278484,17825.83,7.3079305,0,,,,,696.1139032354268,0.0003504687,408.39290341821817,0.0003840759,-0.008929544,0.082956105
2160.7777248749508,17813.068,7.3088665,0.0031931917,134397,696.1148073846224,408.391648934579,16601.455,6.7987356,1434.9911,2.1338282,17813.068,7.3088665,0,,,,,696.1148073846224,0.00035063937,408.391648934579,0.00038460997,-0.007901847,0.08196624
2160.784669410665,17816.63,7.313861,0.003193286,134398,696.1138962327552,408.39266726485204,16602.916,6.8033814,1438.8367,2.141943,17816.63,7.313861,0,,,,,696.1138962327552,0.00035072552,408.39266726485204,0.00038458634,-0.009259699,0.08305726
2160.791613946146,17807.805,7.3067794,0.00319338,134399,696.1150919925971,408.39084075728107,16597.484,6.7967944,1435.6108,2.1298728,17807.805,7.3067794,0,,,,,696.1150919925971,0.0003507877,408.39084075728107,0.00038443634,-0.007885642,0.08112382
2160.79855848186,17810.443,7.3092604,0.0031934744,134400,696.1142498169294,408.3925502734145,16597.912,6.7991023,1435.915,2.1393318,17810.443,7.3092604,0,,,,,696.1142498169294,0.0003505861,408.3925502734145,0.0003843738,-0.00846568,0.08259799
2160.8055030173414,17813.107,7.310795,0.0031935684,134401,696.1142119624944,408.3909732501569,16602.807,6.8005295,1438.378,2.1370494,17813.107,7.310795,0,,,,,696.1142119624944,0.00035089155,408.3909732501569,0.0003844928,-0.009084799,0.08169898
2160.81244755259,17825.361,7.3093925,0.0031936623,134402,696.1138229321649,408.39223422510287,16611.303,6.799225,1435.5514,2.1315851,17825.361,7.3093925,0,,,,,696.1138229321649,0.00035065357,408.39223422510287,0.00038420182,-0.009832551,0.082412876
2160.819392087839,17816.146,7.3083673,0.003193756,134403,696.1145738788721,408.3919893473475,16604.48,6.798271,1436.5406,2.1309118,17816.146,7.3083673,0,,,,,696.1145738788721,0.00035062234,408.3919893473475,0.00038433343,-0.008916737,0.08113942
2160.8263366230876,17819.207,7.3110614,0.00319385,134404,696.1153159688533,408.3930322600531,16607.713,6.8007774,1437.5022,2.135874,17819.207,7.3110614,0,,,,,696.1153159688533,0.00035062426,408.3930322600531,0.000384212,-0.008326063,0.08284382
2160.8332811581035,17816.986,7.3107686,0.0031939435,134405,696.1146661148899,408.39141905197636,16606.31,6.8005047,1435.7935,2.1320984,17816.986,7.3107686,0,,,,,696.1146661148899,0.00035078696,408.39141905197636,0.00038459126,-0.008540236,0.08137677
2160.8402256928866,17825.777,7.309229,0.003194037,134406,696.1146657431037,408.3934077989872,16613.15,6.7990727,1431.4019,2.1300669,17825.777,7.309229,0,,,,,696.1146657431037,0.00035054176,408.3934077989872,0.00038435787,-0.0082115475,0.083081864
2160.847170227902,17819.482,7.307597,0.0031941305,134407,696.1152124352649,408.3917432629875,16607.043,6.7975545,1432.5758,2.1288788,17819.482,7.307597,0,,,,,696.1152124352649,0.000350615,408.3917432629875,0.0003844058,-0.007757122,0.08166714
2160.8541147624533,17817.43,7.310352,0.0031942236,134408,696.1142986482147,408.3919486588508,16604.055,6.8001175,1437.2383,2.1317346,17817.43,7.310352,0,,,,,696.1142986482147,0.00035088562,408.3919486588508,0.00038484807,-0.008948122,0.08141826
2160.8610592972364,17813.68,7.3095183,0.003194317,134409,696.1141009531905,408.39248938808953,16601.172,6.799342,1436.6213,2.1360042,17813.68,7.3095183,0,,,,,696.1141009531905,0.0003508835,408.39248938808953,0.0003846146,-0.008605565,0.082136475
2160.868003831786,17815.787,7.308837,0.0031944101,134410,696.1150527568806,408.3919762032532,16603.246,6.7987084,1434.6589,2.1333668,17815.787,7.308837,0,,,,,696.1150527568806,0.00035054763,408.3919762032532,0.00038439847,-0.008604504,0.08186098
2160.8749483661027,17808.701,7.308478,0.003194503,134411,696.1137428953007,408.39210453007894,16596.77,6.7983747,1437.6904,2.1318316,17808.701,7.308478,0,,,,,696.1137428953007,0.00035097203,408.39210453007894,0.0003846058,-0.009578508,0.08192287
2160.88189290042,17809.51,7.305001,0.003194596,134412,696.1144535631569,408.3923731312035,16587.979,6.79514,1437.4518,2.1307015,17809.51,7.305001,0,,,,,696.1144535631569,0.0003508435,408.3923731312035,0.00038501955,-0.009080781,0.08218285
2160.8888374347375,17808.012,7.3093724,0.0031946888,134413,696.1142961255998,408.3923738369831,16596.057,6.7992063,1432.7446,2.1306107,17808.012,7.3093724,0,,,,,696.1142961255998,0.00035093224,408.3923738369831,0.0003846908,-0.007917432,0.08249723
2160.895781968822,17816.953,7.308028,0.0031947815,134414,696.1142906373351,408.3910329926502,16607.154,6.797956,1431.8889,2.129428,17816.953,7.308028,0,,,,,696.1142906373351,0.00035062098,408.3910329926502,0.00038421465,-0.008251017,0.08114988
2160.9027265029067,17820.852,7.312014,0.0031948742,134415,696.1143371487072,408.38759939835046,16604.643,6.801664,1438.4257,2.1415834,17820.852,7.312014,0,,,,,696.1143371487072,0.00035072278,408.38759939835046,0.0003845243,-0.008822359,0.07703069
2160.9096710367585,17818.008,7.307208,0.0031949666,134416,696.1153238218209,408.39387272804953,16601.99,6.797193,1434.881,2.128105,17818.008,7.307208,0,,,,,696.1153238218209,0.00035076178,408.39387272804953,0.00038460284,-0.007670241,0.08451596
2160.9166155706102,17828.264,7.310134,0.003195059,134417,696.1140576921209,408.3921967438762,16614.777,6.799915,1432.3312,2.1329403,17828.264,7.310134,0,,,,,696.1140576921209,0.00035043614,408.3921967438762,0.00038441818,-0.00938067,0.08202545
2160.923560104229,17824.738,7.3111887,0.0031951512,134418,696.1143654123609,408.3917739385928,16609.748,6.8008957,1437.995,2.1328993,17824.738,7.3111887,0,,,,,696.1143654123609,0.00035062258,408.3917739385928,0.0003847349,-0.008487909,0.0814361
2160.930504637848,17816.76,7.308981,0.0031952434,134419,696.1151792348643,408.3924234081126,16603.867,6.7988424,1434.7855,2.1332724,17816.76,7.308981,0,,,,,696.1151792348643,0.00035082767,408.3924234081126,0.00038438776,-0.007924876,0.08184035
2160.937449171467,17797.738,7.3072815,0.0031953356,134420,696.113860228351,408.3907849141242,16587.309,6.797261,1438.1282,2.1327121,17797.738,7.3072815,0,,,,,696.113860228351,0.0003509038,408.3907849141242,0.0003846786,-0.009558815,0.080933
2160.944393704853,17823.672,7.3140335,0.0031954276,134421,696.1151856340549,408.3916920058081,16612.762,6.803542,1439.9834,2.1412237,17823.672,7.3140335,0,,,,,696.1151856340549,0.0003506637,408.3916920058081,0.00038438186,-0.0069034533,0.08144122
2160.9513382382383,17816.107,7.3060465,0.0031955196,134422,696.1139620051473,408.3907414604156,16603.707,6.7961125,1431.5513,2.1279304,17816.107,7.3060465,0,,,,,696.1139620051473,0.00035059048,408.3907414604156,0.0003844321,-0.0090897055,0.080834
2160.958282771392,17813.82,7.306531,0.0031956113,134423,696.1139510180031,408.391115000583,16596.705,6.796563,1436.953,2.1300485,17813.82,7.306531,0,,,,,696.1139510180031,0.00035072566,408.391115000583,0.00038483017,-0.009981726,0.08068349
2160.965227304545,17813.256,7.309778,0.003195703,134424,696.114606985659,408.3922930595769,16599.906,6.799584,1432.2251,2.1359982,17813.256,7.309778,0,,,,,696.114606985659,0.0003508967,408.3922930595769,0.00038444984,-0.0084809065,0.0819531
2160.972171837466,17814.404,7.3082976,0.0031957945,134425,696.113702011308,408.39165868516704,16601.99,6.798207,1434.7482,2.1322126,17814.404,7.3082976,0,,,,,696.113702011308,0.0003507528,408.39165868516704,0.00038463288,-0.009982091,0.08190292
2160.979116370386,17815.553,7.3072376,0.003195886,134426,696.1149077985232,408.3913460595113,16601.373,6.7972207,1435.1033,2.1289752,17815.553,7.3072376,0,,,,,696.1149077985232,0.0003508132,408.3913460595113,0.00038429938,-0.0083793,0.08083265
2160.9860609033067,17822.5,7.309993,0.0031959775,134427,696.115036433126,408.3916256986441,16608.715,6.799783,1433.5123,2.1333787,17822.5,7.309993,0,,,,,696.115036433126,0.0003507947,408.3916256986441,0.00038428168,-0.00806955,0.082034126
2160.993005435994,17810.361,7.306019,0.0031960688,134428,696.1143985151521,408.39050558955154,16597.275,6.796087,1436.3181,2.1290607,17810.361,7.306019,0,,,,,696.1143985151521,0.00035076943,408.39050558955154,0.00038448954,-0.008913881,0.0806908
2160.999949968449,17816.293,7.308119,0.0031961598,134429,696.1143531344445,408.39136759488923,16603.656,6.7980404,1435.1252,2.1310718,17816.293,7.308119,0,,,,,696.1143531344445,0.00035078917,408.39136759488923,0.00038419807,-0.009086667,0.08093014
2161.0068945011362,17809.752,7.308559,0.003196251,134430,696.1136272499646,408.3896160444866,16597.736,6.7984495,1434.8375,2.1361866,17809.752,7.308559,0,,,,,696.1136272499646,0.00035086912,408.3896160444866,0.00038453643,-0.009670232,0.07911166
2161.013839033358,17819.803,7.307259,0.003196342,134431,696.1138652555135,408.39194402411806,16607.127,6.7972403,1433.4277,2.1285067,17819.803,7.307259,0,,,,,696.1138652555135,0.00035059507,408.39194402411806,0.00038438913,-0.0094053615,0.08209147
2161.020783565813,17827.752,7.3077846,0.003196433,134432,696.1135448258822,408.39091109045233,16613.715,6.7977295,1431.8691,2.1293104,17827.752,7.3077846,0,,,,,696.1135448258822,0.0003504824,408.39091109045233,0.00038403223,-0.010029646,0.08127782
2161.0277280980345,17819.455,7.3103943,0.0031965238,134433,696.1139683592892,408.39224708411155,16605.791,6.800157,1432.9034,2.1334949,17819.455,7.3103943,0,,,,,696.1139683592892,0.00035083055,408.39224708411155,0.00038430566,-0.008926911,0.08129497
2161.0346726300227,17819.557,7.310622,0.0031966143,134434,696.1144887311301,408.3904885920628,16606.975,6.800369,1437.9307,2.1354733,17819.557,7.310622,0,,,,,696.1144887311301,0.0003507159,408.3904885920628,0.00038432836,-0.008921434,0.08048452
2161.041617162012,17817.438,7.307871,0.003196705,134435,696.1143181993176,408.3923256744042,16605.934,6.7978096,1430.5823,2.1306906,17817.438,7.307871,0,,,,,696.1143181993176,0.0003506003,408.3923256744042,0.00038438363,-0.008403787,0.08249933
2161.0485616940014,17806.5,7.309941,0.0031967955,134436,696.1145295780284,408.3914971070544,16595.387,6.799735,1437.4357,2.1338618,17806.5,7.309941,0,,,,,696.1145295780284,0.00035084173,408.3914971070544,0.000384607,-0.0089426385,0.08103404
2161.055506225758,17822.752,7.308763,0.0031968858,134437,696.1149365270467,408.3902885115707,16609.238,6.79864,1436.3461,2.1300952,17822.752,7.308763,0,,,,,696.1149365270467,0.00035054667,408.3902885115707,0.00038425863,-0.009004278,0.079360336
2161.062450757514,17814.254,7.3081713,0.0031969761,134438,696.1142089033312,408.39092004391176,16599.922,6.798089,1436.5282,2.130723,17814.254,7.3081713,0,,,,,696.1142089033312,0.00035079007,408.39092004391176,0.00038450118,-0.008581374,0.08114421
2161.0693952892707,17821.982,7.3103666,0.0031970665,134439,696.1131727297125,408.38953808352795,16609.9,6.8001313,1434.4634,2.1342275,17821.982,7.3103666,0,,,,,696.1131727297125,0.00035049045,408.38953808352795,0.00038412467,-0.010608935,0.07922886
2161.0763398207937,17816.506,7.3077884,0.0031971566,134440,696.1147243641234,408.39183872317847,16602.08,6.797733,1434.227,2.1308224,17816.506,7.3077884,0,,,,,696.1147243641234,0.00035095002,408.39183872317847,0.0003844496,-0.008254645,0.08225098
2161.083284352085,17799.736,7.304337,0.0031972465,134441,696.1139565849383,408.39112198252343,16588.326,6.7945223,1435.365,2.1292393,17799.736,7.304337,0,,,,,696.1139565849383,0.00035075773,408.39112198252343,0.0003843927,-0.009673905,0.08093863
2161.090228883375,17801.05,7.3078437,0.0031973363,134442,696.1140527377612,408.3912032067958,16589.703,6.7977843,1436.7068,2.1359751,17801.05,7.3078437,0,,,,,696.1140527377612,0.0003508477,408.3912032067958,0.00038467074,-0.009248432,0.08040675
2161.097173414666,17825.623,7.3097944,0.0031974262,134443,696.114392304041,408.3909813590794,16611.484,6.799599,1432.0986,2.1328807,17825.623,7.3097944,0,,,,,696.114392304041,0.0003504754,408.3909813590794,0.0003840705,-0.008454117,0.08115127
2161.1041179457234,17816.357,7.308077,0.0031975158,134444,696.1145743554973,408.3896227472524,16606.268,6.7980013,1434.4019,2.1307554,17816.357,7.308077,0,,,,,696.1145743554973,0.00035058288,408.3896227472524,0.00038418823,-0.008186411,0.07942724
2161.1110624767807,17817.434,7.3104634,0.0031976055,134445,696.1138770570315,408.39157158932943,16605.059,6.800221,1438.226,2.1316555,17817.434,7.3104634,0,,,,,696.1138770570315,0.00035066053,408.39157158932943,0.00038465383,-0.009283142,0.081315294
2161.118007007838,17813.123,7.3115025,0.0031976951,134446,696.113261362919,408.38987872690353,16600.883,6.801188,1435.3926,2.140215,17813.123,7.3115025,0,,,,,696.113261362919,0.0003508124,408.38987872690353,0.0003844548,-0.0103956945,0.07930523
2161.1249515386626,17809.176,7.3091273,0.0031977845,134447,696.1132933351892,408.3912764019059,16598.838,6.7989783,1436.2358,2.1315298,17809.176,7.3091273,0,,,,,696.1132933351892,0.00035079403,408.3912764019059,0.00038470118,-0.009813077,0.08131578
2161.131896069255,17828.264,7.3085966,0.0031978737,134448,696.1140070200286,408.3909264478107,16615.496,6.798485,1431.2332,2.1298218,17828.264,7.3085966,0,,,,,696.1140070200286,0.00035034845,408.3909264478107,0.00038414667,-0.009319328,0.080690175
2161.1388406000797,17819.725,7.3091373,0.0031979631,134449,696.1145984220319,408.39026685360756,16606.951,6.7989874,1431.3712,2.130393,17819.725,7.3091373,0,,,,,696.1145984220319,0.0003507438,408.39026685360756,0.0003846192,-0.008552339,0.07987914
2161.1457851304394,17825.67,7.3099904,0.003198052,134450,696.1137378751768,408.3903666199617,16612.389,6.7997813,1432.2296,2.1318638,17825.67,7.3099904,0,,,,,696.1137378751768,0.000350671,408.3903666199617,0.00038421524,-0.009790789,0.08039219
2161.152729661032,17817.385,7.307434,0.0031981412,134451,696.1144067676447,408.3907941396624,16606.389,6.7974033,1435.1407,2.1290536,17817.385,7.307434,0,,,,,696.1144067676447,0.0003505212,408.3907941396624,0.00038444388,-0.008515247,0.08017379
2161.1596741913913,17823.908,7.310738,0.0031982302,134452,696.1139854034941,408.3888816463608,16609.328,6.800477,1438.4894,2.1338534,17823.908,7.310738,0,,,,,696.1139854034941,0.0003506324,408.3888816463608,0.00038433034,-0.009483196,0.0792512
2161.166618721518,17821.729,7.31041,0.0031983189,134453,696.1137012434274,408.3906650767237,16610.074,6.8001714,1434.7396,2.1325703,17821.729,7.31041,0,,,,,696.1137012434274,0.00035081562,408.3906650767237,0.0003843601,-0.009064522,0.08042051
2161.173563251644,17813.795,7.3102007,0.0031984076,134454,696.1131150956843,408.3900856216072,16602.14,6.7999773,1435.2051,2.133598,17813.795,7.3102007,0,,,,,696.1131150956843,0.00035069475,408.3900856216072,0.000384715,-0.010029541,0.07916711
2161.1805077817708,17811.639,7.307277,0.0031984963,134455,696.1138410967336,408.39089822672236,16598.943,6.797258,1432.7413,2.1284297,17811.639,7.307277,0,,,,,696.1138410967336,0.00035060983,408.39089822672236,0.0003846231,-0.010095386,0.080374226
2161.187452311664,17823.62,7.3073583,0.0031985848,134456,696.1150187456598,408.3913944481743,16608.775,6.797333,1432.2941,2.1303635,17823.62,7.3073583,0,,,,,696.1150187456598,0.00035053375,408.3913944481743,0.00038418744,-0.008814047,0.08094807
2161.194396841557,17822.742,7.30926,0.0031986733,134457,696.1136626898625,408.3895129332797,16607.953,6.799102,1434.1129,2.1301248,17822.742,7.30926,0,,,,,696.1136626898625,0.00035053454,408.3895129332797,0.00038434984,-0.009289099,0.078921296
2161.2013413714503,17824.37,7.3088717,0.0031987617,134458,696.1149943137043,408.3903149638186,16611.758,6.7987404,1434.1821,2.1296391,17824.37,7.3088717,0,,,,,696.1149943137043,0.00035076195,408.3903149638186,0.00038418503,-0.008423863,0.079860054
2161.2082859011107,17809.275,7.3063817,0.00319885,134459,696.1140555953491,408.3890983879199,16599.047,6.7964244,1433.9828,2.1284714,17809.275,7.3063817,0,,,,,696.1140555953491,0.000350823,408.3890983879199,0.00038427458,-0.009099602,0.078971
2161.215230430539,17817.287,7.3124146,0.003198938,134460,696.1136653091552,408.3911310358944,16605.098,6.8020363,1435.9979,2.1391797,17817.287,7.3124146,0,,,,,696.1136653091552,0.00035053893,408.3911310358944,0.00038440028,-0.0091926465,0.08016535
2161.2221749601995,17836.758,7.3116946,0.0031990262,134461,696.1141994724644,408.39027861442554,16624.105,6.801367,1434.3093,2.1297264,17836.758,7.3116946,0,,,,,696.1141994724644,0.00035022513,408.39027861442554,0.0003842938,-0.009049226,0.07936016
2161.229119489395,17823.33,7.3081512,0.003199114,134462,696.1131100152227,408.3900696772306,16605.594,6.7980704,1436.3531,2.1315222,17823.33,7.3081512,0,,,,,696.1131100152227,0.00035060456,408.3900696772306,0.00038459516,-0.0097093675,0.07971617
2161.2360640188226,17816.596,7.3095813,0.003199202,134463,696.1130033880133,408.3908742112517,16603.885,6.799401,1438.4637,2.1345382,17816.596,7.3095813,0,,,,,696.1130033880133,0.00035055264,408.3908742112517,0.00038429297,-0.009713685,0.080669634
2161.2430085480187,17813.191,7.3070865,0.0031992898,134464,696.1137116911341,408.3908574941546,16602.047,6.79708,1435.4496,2.128756,17813.191,7.3070865,0,,,,,696.1137116911341,0.00035049432,408.3908574941546,0.0003845087,-0.009969316,0.0807337
2161.249953076981,17823.83,7.308851,0.0031993773,134465,696.1137293808845,408.3905804661121,16611.9,6.798721,1434.6176,2.1297944,17823.83,7.308851,0,,,,,696.1137293808845,0.00035053413,408.3905804661121,0.0003842322,-0.009255928,0.07958374
2161.2568976059433,17803.217,7.308291,0.0031994649,134466,696.1139529725841,408.38829871714137,16592.18,6.7982006,1436.8641,2.1370404,17803.217,7.308291,0,,,,,696.1139529725841,0.0003508661,408.38829871714137,0.00038448474,-0.009017067,0.07824789
2161.2638421349056,17818.92,7.3059497,0.0031995524,134467,696.113046069876,408.38997725061233,16604.305,6.796023,1431.0527,2.1296613,17818.92,7.3059497,0,,,,,696.113046069876,0.00035055075,408.38997725061233,0.00038443712,-0.010276677,0.07979156
2161.270786663868,17815.732,7.310714,0.00319964,134468,696.1139793395699,408.38890145008344,16605.055,6.8004546,1438.3922,2.1333404,17815.732,7.310714,0,,,,,696.1139793395699,0.0003509081,408.38890145008344,0.0003845237,-0.009620867,0.07821037
2161.2777311923637,17803.332,7.3051877,0.003199727,134469,696.112806416382,408.3900431532212,16590.377,6.7953143,1436.0378,2.1315758,17803.332,7.3051877,0,,,,,696.112806416382,0.000350801,408.3900431532212,0.0003844496,-0.010562307,0.08012314
2161.2846757210928,17813.674,7.3084626,0.0031998144,134470,696.1135578005369,408.39026050026877,16600.824,6.7983603,1437.0637,2.1329281,17813.674,7.3084626,0,,,,,696.1135578005369,0.00035082537,408.39026050026877,0.0003845627,-0.009665241,0.07981544
2161.2916202495894,17829.309,7.3123603,0.0031999014,134471,696.1129255030557,408.38944590102176,16617.242,6.8019853,1434.2045,2.132542,17829.309,7.3123603,0,,,,,696.1129255030557,0.0003505793,408.38944590102176,0.00038430913,-0.010049243,0.078645535
2161.298564778086,17820.805,7.308696,0.0031999885,134472,696.113344743771,408.39006983835804,16606.666,6.7985773,1431.479,2.1300442,17820.805,7.308696,0,,,,,696.113344743771,0.0003505964,408.39006983835804,0.00038458285,-0.009380912,0.07996685
2161.30550930635,17817.936,7.312753,0.0032000754,134473,696.1137291641905,408.38878934002145,16607.293,6.802351,1435.6748,2.1330976,17817.936,7.312753,0,,,,,696.1137291641905,0.00035089516,408.38878934002145,0.00038464656,-0.009116509,0.07765312
2161.3124538346137,17825.047,7.310222,0.0032001622,134474,696.1125259523465,408.38958831217235,16610.852,6.7999973,1432.0598,2.1288095,17825.047,7.310222,0,,,,,696.1125259523465,0.00035066676,408.38958831217235,0.0003845536,-0.010927997,0.07977373
2161.3193983626447,17823.861,7.310632,0.0032002488,134475,696.1144032668509,408.3899158157527,16610.545,6.8003783,1431.6598,2.1367311,17823.861,7.310632,0,,,,,696.1144032668509,0.00035057464,408.3899158157527,0.0003842565,-0.008928378,0.079936445
2161.3263428909086,17808.81,7.313325,0.0032003357,134476,696.1130725156131,408.3887625514564,16597.016,6.802883,1436.0304,2.1342824,17808.81,7.313325,0,,,,,696.1130725156131,0.00035120873,408.3887625514564,0.00038514225,-0.01048345,0.07800073
2161.3332874187063,17805.678,7.311017,0.003200422,134477,696.1136169149027,408.3907836647873,16593.219,6.8007364,1433.9446,2.1400015,17805.678,7.311017,0,,,,,696.1136169149027,0.00035087758,408.3907836647873,0.00038466905,-0.010059731,0.08051252
2161.340231946505,17822.572,7.3098235,0.0032005084,134478,696.1137952052968,408.39016261704296,16609.97,6.7996264,1435.379,2.132707,17822.572,7.3098235,0,,,,,696.1137952052968,0.00035053192,408.39016261704296,0.0003842638,-0.009675132,0.07950228
2161.3471764743035,17820.74,7.3111386,0.0032005948,134479,696.1135699092496,408.3903996106806,16609.178,6.8008494,1434.7314,2.138529,17820.74,7.3111386,0,,,,,696.1135699092496,0.00035052106,408.3903996106806,0.0003842675,-0.009823934,0.07886781
2161.3541210021017,17816.613,7.3072643,0.0032006812,134480,696.1132747455265,408.3884056188845,16599.818,6.7972455,1432.7668,2.1332216,17816.613,7.3072643,0,,,,,696.1132747455265,0.00035092694,408.3884056188845,0.00038441116,-0.009859797,0.07778829
2161.361065529667,17824.723,7.3065047,0.0032007673,134481,696.1127933267775,408.3882875822995,16606.244,6.796539,1433.1653,2.128112,17824.723,7.3065047,0,,,,,696.1127933267775,0.00035044664,408.3882875822995,0.0003844983,-0.0097355535,0.07760226
2161.368010056999,17822.477,7.310703,0.0032008532,134482,696.1135567572942,408.39080555256135,16608.062,6.8004436,1434.9585,2.1372595,17822.477,7.310703,0,,,,,696.1135567572942,0.00035069446,408.39080555256135,0.00038434748,-0.009357818,0.0800872
2161.3749545845635,17812.156,7.3073483,0.0032009394,134483,696.1133177402907,408.38947447369713,16599.775,6.7973237,1434.2607,2.1315224,17812.156,7.3073483,0,,,,,696.1133177402907,0.00035038375,408.38947447369713,0.00038471547,-0.010017888,0.07873556
2161.381899111663,17811.473,7.30835,0.003201025,134484,696.1129646981276,408.39062890368996,16600.957,6.7982554,1432.1671,2.1287954,17811.473,7.30835,0,,,,,696.1129646981276,0.00035067397,408.39062890368996,0.00038451588,-0.010390924,0.079774685
2161.3888436389957,17823.408,7.308291,0.003201111,134485,696.1125600755123,408.3894495934267,16608.03,6.7982006,1436.01,2.1305459,17823.408,7.308291,0,,,,,696.1125600755123,0.00035055954,408.3894495934267,0.00038426978,-0.010972998,0.07927763
2161.3957881660954,17810.225,7.305955,0.0032011967,134486,696.1131808479092,408.39004287798866,16599.223,6.796027,1434.5005,2.1285844,17810.225,7.305955,0,,,,,696.1131808479092,0.0003506796,408.39004287798866,0.00038448168,-0.009983675,0.07923939
2161.402732692962,17829.271,7.3086705,0.0032012821,134487,696.1128385032786,408.3876620467896,16615.162,6.7985535,1432.6969,2.1299348,17829.271,7.3086705,0,,,,,696.1128385032786,0.00035020805,408.3876620467896,0.00038432682,-0.010465265,0.07688261
2161.409677220062,17816.049,7.3084435,0.0032013678,134488,696.1131638989252,408.39048490951916,16601.768,6.798342,1433.713,2.134022,17816.049,7.3084435,0,,,,,696.1131638989252,0.00035066274,408.39048490951916,0.0003844233,-0.009843751,0.08099939
2161.416621746696,17822.055,7.3085184,0.003201453,134489,696.1142057389444,408.38889710150715,16604.361,6.7984123,1434.8143,2.1334164,17822.055,7.3085184,0,,,,,696.1142057389444,0.0003507063,408.38889710150715,0.0003844373,-0.009377788,0.07785534
2161.4235662735628,17815.002,7.3085327,0.0032015385,134490,696.1125292237783,408.3900458158001,16602.562,6.798425,1436.7421,2.1302414,17815.002,7.3085327,0,,,,,696.1125292237783,0.00035065657,408.3900458158001,0.00038457467,-0.010866783,0.07955693
2161.4305108001968,17822.846,7.3110356,0.0032016237,134491,696.1117203602619,408.38795767994634,16606.861,6.8007536,1435.0021,2.1330736,17822.846,7.3110356,0,,,,,696.1117203602619,0.00035056693,408.38795767994634,0.00038487912,-0.010947246,0.07735863
2161.437455326831,17819.264,7.308087,0.003201709,134492,696.1140224342194,408.39037348326093,16603.424,6.798011,1433.0276,2.132298,17819.264,7.308087,0,,,,,696.1140224342194,0.00035068655,408.39037348326093,0.00038461367,-0.008725776,0.080220096
2161.444399853232,17826.61,7.310597,0.0032017939,134493,696.1131283923472,408.38901714768303,16613.855,6.8003454,1431.636,2.1354418,17826.61,7.310597,0,,,,,696.1131283923472,0.00035044056,408.38901714768303,0.0003842094,-0.00987607,0.07828947
2161.451344379634,17812.22,7.3062363,0.0032018789,134494,696.113877778866,408.3886618027943,16599.676,6.7962894,1430.878,2.1301553,17812.22,7.3062363,0,,,,,696.113877778866,0.00035070258,408.3886618027943,0.00038440042,-0.009612967,0.07762617
2161.4582889058015,17807.094,7.3084736,0.0032019636,134495,696.1125660524146,408.3879322327568,16595.49,6.79837,1436.2002,2.1342824,17807.094,7.3084736,0,,,,,696.1125660524146,0.00035062846,408.3879322327568,0.00038439658,-0.010891097,0.077642664
2161.465233431969,17817.83,7.3084435,0.0032020484,134496,696.1125074387443,408.38895548332937,16604.162,6.798342,1429.035,2.127474,17817.83,7.3084435,0,,,,,696.1125074387443,0.00035059272,408.38895548332937,0.0003847067,-0.010936441,0.07876195
2161.4721779581378,17815.371,7.307869,0.003202133,134497,696.1122037343249,408.3897027514891,16599.93,6.7978077,1434.5209,2.1316583,17815.371,7.307869,0,,,,,696.1122037343249,0.00035078058,408.3897027514891,0.00038451745,-0.011540674,0.079286605
2161.479122484073,17821.203,7.3128605,0.0032022176,134498,696.112194397264,408.3886078422914,16605.658,6.8024507,1432.3665,2.1414046,17821.203,7.3128605,0,,,,,696.112194397264,0.00035068364,408.3886078422914,0.00038448966,-0.01064562,0.0781863
2161.486067010009,17805.465,7.306853,0.0032023021,134499,696.1128936750428,408.3895031087372,16588.918,6.7968626,1440.8767,2.1328802,17805.465,7.306853,0,,,,,696.1128936750428,0.00035091845,408.3895031087372,0.0003848765,-0.011335252,0.07888797
2161.493011535711,17813.535,7.3142676,0.0032023864,134500,696.113067109956,408.38783478476984,16602.164,6.80376,1439.7091,2.1411114,17813.535,7.3142676,0,,,,,696.113067109956,0.0003507907,408.38783478476984,0.00038491984,-0.010463956,0.07694048
2161.499956061414,17818.93,7.3071814,0.0032024707,134501,696.113727671841,408.38980108329406,16603.395,6.7971683,1431.5892,2.1309686,17818.93,7.3071814,0,,,,,696.113727671841,0.00035065247,408.38980108329406,0.0003841872,-0.009509991,0.07890349
2161.5069005871164,17814.26,7.3108478,0.003202555,134502,696.11339929896,408.3878015849366,16599.54,6.8005786,1434.7281,2.14069,17814.26,7.3108478,0,,,,,696.11339929896,0.0003507093,408.3878015849366,0.00038470907,-0.009579039,0.076788574
2161.5138451125863,17809.15,7.30572,0.003202639,134503,696.113252560356,408.39051943353815,16594.787,6.7958083,1434.4486,2.1301994,17809.15,7.30572,0,,,,,696.113252560356,0.00035056396,408.39051943353815,0.0003845235,-0.010006615,0.080862224
2161.520789638056,17812.521,7.307369,0.003202723,134504,696.1118352582924,408.387958896974,16600.312,6.7973433,1433.4136,2.1311805,17812.521,7.307369,0,,,,,696.1118352582924,0.00035047974,408.387958896974,0.000384484,-0.011566574,0.07712932
2161.527734163293,17816.977,7.3107405,0.003202807,134505,696.1130611704784,408.38966642894997,16603.371,6.800479,1432.2946,2.1365666,17816.977,7.3107405,0,,,,,696.1130611704784,0.00035075154,408.38966642894997,0.00038450287,-0.010033325,0.078902416
2161.53467868853,17818.305,7.307665,0.0032028907,134506,696.1117871693486,408.38728792103757,16603.361,6.797618,1436.2593,2.1295683,17818.305,7.307665,0,,,,,696.1117871693486,0.00035041085,408.38728792103757,0.00038452444,-0.011995974,0.07653238
2161.5416232137677,17817.857,7.3081136,0.0032029746,134507,696.1142843605501,408.3904772247309,16601.957,6.7980356,1434.7822,2.1320486,17817.857,7.3081136,0,,,,,696.1142843605501,0.0003507814,408.3904772247309,0.0003844799,-0.009051933,0.08019501
2161.5485677387724,17816.969,7.30802,0.0032030581,134508,696.1145318874024,408.38671328422845,16600.951,6.797949,1437.1113,2.1335146,17816.969,7.30802,0,,,,,696.1145318874024,0.00035056393,408.38671328422845,0.0003845317,-0.0089657195,0.07569514
2161.5555122637757,17814.988,7.3068795,0.0032031417,134509,696.1114402118236,408.38862972926654,16601.492,6.796888,1434.2474,2.129821,17814.988,7.3068795,0,,,,,696.1114402118236,0.00035044987,408.38862972926654,0.00038435575,-0.010659881,0.078252286
2161.562456788546,17824.941,7.3093834,0.003203225,134510,696.1118438180071,408.387638187537,16609.057,6.7992167,1434.9557,2.1315207,17824.941,7.3093834,0,,,,,696.1118438180071,0.00035081466,408.387638187537,0.0003844134,-0.011301665,0.07687578
2161.569401313318,17825.85,7.311662,0.0032033084,134511,696.1128268895816,408.3903166698969,16611.447,6.8013363,1435.3737,2.1389582,17825.85,7.311662,0,,,,,696.1128268895816,0.000350464,408.3903166698969,0.00038428308,-0.01007148,0.079323806
2161.576345838089,17805.889,7.308112,0.0032033918,134512,696.1131340900523,408.3890393258181,16594.127,6.798034,1433.7072,2.1307247,17805.889,7.308112,0,,,,,696.1131340900523,0.0003505148,408.3890393258181,0.00038485747,-0.010128391,0.07838321
2161.583290362628,17810.43,7.306448,0.003203475,134513,696.1124151907716,408.3878282254576,16595.375,6.796486,1434.0199,2.130371,17810.43,7.306448,0,,,,,696.1124151907716,0.00035063937,408.3878282254576,0.00038452074,-0.0112372665,0.07758494
2161.590234887166,17828.4,7.309373,0.003203558,134514,696.1142088960985,408.38872045161145,16612.908,6.799207,1434.2712,2.1300747,17828.4,7.309373,0,,,,,696.1142088960985,0.0003504754,408.38872045161145,0.00038418427,-0.009266916,0.07885306
2161.597179411705,17824.129,7.3099794,0.0032036412,134515,696.1124765540549,408.38653040637945,16606.49,6.7997713,1436.7008,2.1345818,17824.129,7.3099794,0,,,,,696.1124765540549,0.00035064886,408.38653040637945,0.00038463718,-0.011002969,0.07544252
2161.60412393601,17801.98,7.307113,0.003203724,134516,696.1118993522805,408.38799043484784,16589.604,6.797105,1440.4406,2.1346967,17801.98,7.307113,0,,,,,696.1118993522805,0.0003507492,408.38799043484784,0.00038460994,-0.011443274,0.076897934
2161.6110684603163,17807.611,7.305849,0.003203807,134517,696.1122391486856,408.38866759521915,16593.375,6.795929,1435.4524,2.128762,17807.611,7.305849,0,,,,,696.1122391486856,0.00035083963,408.38866759521915,0.00038442,-0.010963257,0.07824048
2161.6180129843888,17824.686,7.309133,0.0032038896,134518,696.1131146859707,408.3883803263003,16611.854,6.798984,1433.9958,2.1306598,17824.686,7.309133,0,,,,,696.1131146859707,0.00035058087,408.3883803263003,0.00038422886,-0.009981108,0.077566914
2161.624957508462,17810.03,7.30598,0.0032039722,134519,696.1119529865352,408.38830004542876,16594.078,6.796051,1431.614,2.1307464,17810.03,7.30598,0,,,,,696.1119529865352,0.00035068896,408.38830004542876,0.00038476725,-0.011054387,0.07772068
2161.6319020323017,17825.2,7.308077,0.0032040547,134520,696.1156817263229,408.38853276805287,16609.807,6.7980013,1433.6466,2.1291223,17825.2,7.308077,0,,,,,696.1156817263229,0.00035062528,408.38853276805287,0.00038419987,-0.00785872,0.07789628
2161.638846556375,17822.7,7.3098474,0.0032041373,134521,696.1129470126012,408.3882119632476,16608.46,6.7996483,1437.0581,2.1338706,17822.7,7.3098474,0,,,,,696.1129470126012,0.00035049437,408.3882119632476,0.00038447723,-0.010466689,0.07717554
2161.6457910799827,17821.848,7.3073735,0.0032042195,134522,696.1122522869246,408.38710433120696,16607.375,6.797347,1431.4031,2.1283145,17821.848,7.3073735,0,,,,,696.1122522869246,0.0003506374,408.38710433120696,0.00038430476,-0.010861623,0.07678323
2161.6527356038223,17811.936,7.3080935,0.003204302,134523,696.1129918598989,408.3863431702568,16598.47,6.798017,1435.8241,2.1308365,17811.936,7.3080935,0,,,,,696.1129918598989,0.00035066082,408.3863431702568,0.00038460287,-0.009972419,0.075697
2161.6596801274286,17809.865,7.306143,0.0032043841,134524,696.1123098014184,408.3889756422859,16595.283,6.7962027,1435.7523,2.129566,17809.865,7.306143,0,,,,,696.1123098014184,0.00035064688,408.3889756422859,0.00038446614,-0.011125481,0.07879795
2161.666624650803,17817.139,7.309803,0.003204466,134525,696.1117940324756,408.3880230553156,16602.219,6.7996073,1432.7374,2.1313744,17817.139,7.309803,0,,,,,696.1117940324756,0.000350828,408.3880230553156,0.00038458713,-0.01144941,0.07738485
2161.673569174177,17813.924,7.309871,0.003204548,134526,696.1130364152411,408.386822755741,16598.209,6.79967,1436.2563,2.1309702,17813.924,7.309871,0,,,,,696.1130364152411,0.00035097683,408.386822755741,0.00038496606,-0.010319022,0.076566674
2161.6805136975518,17820.95,7.309397,0.00320463,134527,696.1129767008688,408.38941135747496,16604.68,6.7992296,1431.528,2.131679,17820.95,7.309397,0,,,,,696.1129767008688,0.00035051242,408.38941135747496,0.0003846019,-0.010394854,0.0795589
2161.6874582209257,17822.023,7.3097897,0.003204712,134528,696.1123730457175,408.3864227110959,16610.008,6.7995944,1434.3899,2.128526,17822.023,7.3097897,0,,,,,696.1123730457175,0.00035050066,408.3864227110959,0.00038452604,-0.010165881,0.0761489
2161.6944027440677,17823.357,7.3086057,0.0032047937,134529,696.1132638306383,408.3880799268972,16609.393,6.798493,1431.1333,2.1292107,17823.357,7.3086057,0,,,,,696.1132638306383,0.00035077916,408.3880799268972,0.00038430988,-0.009997139,0.076740086
2161.701347266976,17814.916,7.305789,0.0032048752,134530,696.1115022477078,408.3874880603948,16600.893,6.795873,1435.711,2.1282082,17814.916,7.305789,0,,,,,696.1115022477078,0.00035054798,408.3874880603948,0.00038433922,-0.011782336,0.07698532
2161.708291790118,17838.854,7.308966,0.0032049569,134531,696.1129301423441,408.3881402158897,16624.557,6.798828,1428.0349,2.126623,17838.854,7.308966,0,,,,,696.1129301423441,0.00035028803,408.3881402158897,0.00038415488,-0.010279303,0.07831627
2161.7152363130263,17823.71,7.310095,0.0032050384,134532,696.111931345125,408.385562101235,16610.988,6.7998786,1435.2991,2.1333275,17823.71,7.310095,0,,,,,696.111931345125,0.00035061868,408.385562101235,0.00038425383,-0.011844797,0.07462003
2161.7221808357026,17813.48,7.3089027,0.0032051196,134533,696.1119277610985,408.3895971449536,16598.514,6.79877,1438.8195,2.1324732,17813.48,7.3089027,0,,,,,696.1119277610985,0.00035075628,408.3895971449536,0.00038468186,-0.011122622,0.07896417
2161.729125358378,17831.799,7.308434,0.003205201,134534,696.1121307876754,408.38561773140145,16617.29,6.7983336,1431.0726,2.1288667,17831.799,7.308434,0,,,,,696.1121307876754,0.00035042263,408.38561773140145,0.00038418124,-0.011557789,0.07481098
2161.7360698810544,17817.37,7.307277,0.0032052821,134535,696.1130376245433,408.38932908725405,16603.51,6.797258,1434.4602,2.1295469,17817.37,7.307277,0,,,,,696.1130376245433,0.000350655,408.38932908725405,0.00038422144,-0.009767675,0.079096936
2161.743014403497,17808.291,7.305901,0.0032053632,134536,696.1113389871894,408.3862993007573,16593.246,6.7959776,1433.7573,2.13031,17808.291,7.305901,0,,,,,696.1113389871894,0.0003507383,408.3862993007573,0.00038455482,-0.012353273,0.07536676
2161.749958925941,17817.438,7.3084064,0.0032054442,134537,696.1138450607136,408.3874126318001,16600.14,6.7983074,1435.1743,2.1308353,17817.438,7.3084064,0,,,,,696.1138450607136,0.00035112712,408.3874126318001,0.0003845827,-0.009959125,0.07720836
2161.756903448383,17821.166,7.3112335,0.0032055252,134538,696.1114139921215,408.38663776716703,16607.219,6.800937,1434.3566,2.1347122,17821.166,7.3112335,0,,,,,696.1114139921215,0.0003504259,408.38663776716703,0.00038449714,-0.012063666,0.075704455
2161.763847970593,17815.406,7.3053374,0.003205606,134539,696.1120024421957,408.3895213754873,16599.977,6.795453,1432.198,2.1271718,17815.406,7.3053374,0,,,,,696.1120024421957,0.00035059676,408.3895213754873,0.00038432874,-0.011595596,0.0786706
2161.770792492803,17816.658,7.308224,0.0032056868,134540,696.1122856435335,408.3860249462926,16603.152,6.798138,1434.3418,2.1313365,17816.658,7.308224,0,,,,,696.1122856435335,0.00035054152,408.3860249462926,0.00038456984,-0.011391955,0.07545833
2161.7777370147805,17817.87,7.306448,0.0032057674,134541,696.1115205770591,408.3884318091591,16602.979,6.796486,1430.4913,2.1285224,17817.87,7.306448,0,,,,,696.1115205770591,0.0003505218,408.3884318091591,0.00038459527,-0.011639388,0.07729291
2161.784681536758,17811.984,7.306413,0.003205848,134542,696.112272391276,408.3859060414057,16597.598,6.7964535,1435.753,2.1294706,17811.984,7.306413,0,,,,,696.112272391276,0.0003506123,408.3859060414057,0.00038489435,-0.011169124,0.075008295
2161.7916260587353,17828.521,7.3080025,0.0032059285,134543,696.1127187644043,408.38785432987305,16613.197,6.7979317,1431.7681,2.1303172,17828.521,7.3080025,0,,,,,696.1127187644043,0.00035035165,408.38785432987305,0.00038411867,-0.010653513,0.078184925
2161.79857058048,17825.072,7.308045,0.0032060088,134544,696.1123480160765,408.38497961422905,16609.441,6.7979712,1431.5698,2.1300366,17825.072,7.308045,0,,,,,696.1123480160765,0.00035044196,408.38497961422905,0.00038460444,-0.01093369,0.07412191
2161.8055151022245,17815.9,7.3124056,0.0032060891,134545,696.1124756809078,408.3896698847673,16601.904,6.802028,1437.5448,2.1435537,17815.9,7.3124056,0,,,,,696.1124756809078,0.00035048602,408.3896698847673,0.00038443817,-0.011231667,0.07885383
2161.8124596237362,17810.973,7.305645,0.0032061692,134546,696.1112433361202,408.38599189371337,16594.027,6.795739,1432.1484,2.1310134,17810.973,7.305645,0,,,,,696.1112433361202,0.0003506662,408.38599189371337,0.0003845874,-0.012589367,0.07495854
2161.819404145481,17815.262,7.3085747,0.0032062496,134547,696.1136034843594,408.38864657157524,16595.523,6.7984643,1434.4102,2.1356337,17815.262,7.3085747,0,,,,,696.1136034843594,0.00035076798,408.38864657157524,0.0003848078,-0.009385698,0.0787215
2161.8263486667597,17820.688,7.3056736,0.0032063294,134548,696.1111059505732,408.3840351603541,16598.1,6.795766,1431.6482,2.12822,17820.688,7.3056736,0,,,,,696.1111059505732,0.00035041547,408.3840351603541,0.00038506818,-0.012022892,0.07245262
2161.8332931882715,17824.98,7.310196,0.0032064095,134549,696.1138394619849,408.38781865137315,16609.98,6.7999725,1432.6848,2.128787,17824.98,7.310196,0,,,,,696.1138394619849,0.000350611,408.38781865137315,0.00038466937,-0.010005998,0.07728026
2161.840237709551,17812.617,7.304852,0.0032064894,134550,696.1123569071935,408.3868428677085,16597.938,6.7950015,1430.6401,2.1279275,17812.617,7.304852,0,,,,,696.1123569071935,0.00035067127,408.3868428677085,0.0003845386,-0.011403108,0.075403534
2161.8471822305974,17826.096,7.3063607,0.003206569,134551,696.1122346929964,408.3865552762528,16603.768,6.796405,1431.9884,2.1283615,17826.096,7.3063607,0,,,,,696.1122346929964,0.00035054373,408.3865552762528,0.00038475767,-0.011128732,0.076144665
2161.854126751876,17812.465,7.3070583,0.0032066489,134552,696.1113035228897,408.3859503253948,16594.88,6.797054,1432.0037,2.130731,17812.465,7.3070583,0,,,,,696.1113035228897,0.00035084347,408.3859503253948,0.000384705,-0.011505593,0.07400542
2161.8610712726886,17817.936,7.308703,0.0032067283,134553,696.1124878458043,408.38858328014766,16603.201,6.798584,1433.784,2.1338146,17817.936,7.308703,0,,,,,696.1124878458043,0.00035049254,408.38858328014766,0.00038434422,-0.010577509,0.07843719
2161.868015793734,17803.855,7.30366,0.003206808,134554,696.111026429622,408.3869325452271,16586.672,6.7938924,1433.1648,2.129172,17803.855,7.30366,0,,,,,696.111026429622,0.00035078762,408.3869325452271,0.00038477744,-0.012029492,0.0760878
2161.874960314547,17817.844,7.308433,0.0032068873,134555,696.1132758909844,408.3886743081983,16601.896,6.7983327,1434.1343,2.1338592,17817.844,7.308433,0,,,,,696.1132758909844,0.00035066184,408.3886743081983,0.0003845387,-0.010220966,0.077761784
2161.8819048353603,17811.719,7.3090644,0.0032069667,134556,696.1117453428591,408.3856740270094,16596.389,6.7989197,1431.6265,2.1375554,17811.719,7.3090644,0,,,,,696.1117453428591,0.00035072103,408.3856740270094,0.00038484792,-0.0116132125,0.07436866
2161.8888493559407,17809.871,7.308616,0.0032070458,134557,696.1135577484437,408.38704803367864,16594.629,6.798503,1432.7806,2.1367705,17809.871,7.308616,0,,,,,696.1135577484437,0.0003510418,408.38704803367864,0.00038458838,-0.010061172,0.07653869
2161.895793876521,17819.582,7.3085904,0.003207125,134558,696.1113220011789,408.38592950876597,16601.982,6.798479,1431.8502,2.1301723,17819.582,7.3085904,0,,,,,696.1113220011789,0.00035063815,408.38592950876597,0.00038473262,-0.012478948,0.07555034
2161.9027383968687,17814.48,7.3057866,0.003207204,134559,696.1116736317399,408.38548524340337,16596.934,6.795871,1432.6869,2.12881,17814.48,7.3057866,0,,,,,696.1116736317399,0.0003506758,408.38548524340337,0.00038460575,-0.011600323,0.07567041
2161.909682917449,17814.684,7.305216,0.003207283,134560,696.1118656498409,408.3884076036774,16598.613,6.79534,1432.9064,2.1282623,17814.684,7.305216,0,,,,,696.1118656498409,0.00035060538,408.3884076036774,0.0003847021,-0.011161719,0.077392265
2161.9166274377967,17822.893,7.306914,0.003207362,134561,696.1120055592055,408.3871685952212,16604.574,6.7969193,1432.1696,2.130354,17822.893,7.306914,0,,,,,696.1120055592055,0.00035048666,408.3871685952212,0.00038452473,-0.01128327,0.07624835
2161.9235719579115,17830.941,7.3084407,0.0032074407,134562,696.1122643634375,408.387147427292,16612.377,6.79834,1432.3561,2.1289911,17830.941,7.3084407,0,,,,,696.1122643634375,0.00035045863,408.387147427292,0.00038437024,-0.011165481,0.076627165
2161.930516478026,17815.4,7.3087425,0.0032075194,134563,696.112782587296,408.3851552116079,16600.57,6.7986207,1433.7684,2.132728,17815.4,7.3087425,0,,,,,696.112782587296,0.00035070168,408.3851552116079,0.00038454105,-0.011412067,0.07444949
2161.937460998141,17814.887,7.306491,0.003207598,134564,696.1121454032125,408.38700985084097,16597.312,6.796526,1434.2609,2.1290176,17814.887,7.306491,0,,,,,696.1121454032125,0.0003506095,408.38700985084097,0.00038477784,-0.011748938,0.07596229
2161.944405518024,17813.195,7.3061376,0.0032076766,134565,696.1122361579272,408.3877983472598,16598.758,6.7961974,1430.2673,2.129671,17813.195,7.3061376,0,,,,,696.1122361579272,0.00035053515,408.3877983472598,0.00038450374,-0.011262451,0.07611556
2161.9513500379053,17816.703,7.307495,0.003207755,134566,696.1122366002563,408.3871879087833,16598.293,6.79746,1430.407,2.1342633,17816.703,7.307495,0,,,,,696.1122366002563,0.00035065145,408.3871879087833,0.00038453605,-0.011258272,0.07626188
2161.958294557555,17837.914,7.3099313,0.0032078333,134567,696.110521252237,408.38567772112145,16618.898,6.7997265,1426.7421,2.1335282,17837.914,7.3099313,0,,,,,696.110521252237,0.00035027566,408.38567772112145,0.0003841605,-0.012737524,0.07488547
2161.965239077436,17819.87,7.3066235,0.0032079117,134568,696.1131188807283,408.38752739516633,16600.277,6.7966495,1432.016,2.1309886,17819.87,7.3066235,0,,,,,696.1131188807283,0.00035045933,408.38752739516633,0.00038475156,-0.01047798,0.07689564
2161.972183596851,17812.254,7.306132,0.0032079897,134569,696.1126956972652,408.3851053816779,16596.037,6.7961917,1431.1527,2.1315491,17812.254,7.306132,0,,,,,696.1126956972652,0.00035051472,408.3851053816779,0.00038446527,-0.010461946,0.07411394
2161.9791281165008,17811.152,7.3086033,0.003208068,134570,696.1127535508894,408.3862864377291,16595.629,6.7984915,1434.4392,2.134722,17811.152,7.3086033,0,,,,,696.1127535508894,0.0003506251,408.3862864377291,0.00038481562,-0.011423775,0.07508364
2161.9860726359166,17819.64,7.308209,0.003208146,134571,696.1116915755746,408.38504189696744,16602.725,6.798124,1430.3363,2.134699,17819.64,7.308209,0,,,,,696.1116915755746,0.00035064868,408.38504189696744,0.00038462068,-0.0121805975,0.074322276
2161.9930171553333,17811.424,7.3098927,0.003208224,134572,696.1122944974369,408.3858725810414,16596.363,6.79969,1433.8146,2.1322892,17811.424,7.3098927,0,,,,,696.1122944974369,0.0003507935,408.3858725810414,0.00038480153,-0.011112909,0.07540071
2161.9999616745163,17811.902,7.3061876,0.0032083017,134573,696.1112333671477,408.3853517493479,16593.564,6.796244,1433.7946,2.132717,17811.902,7.3061876,0,,,,,696.1112333671477,0.0003507722,408.3853517493479,0.0003846895,-0.012150242,0.07383581
2162.0069061937,17813.738,7.306792,0.0032083795,134574,696.1112969146344,408.38719548387604,16598.191,6.7968063,1431.8489,2.1305196,17813.738,7.306792,0,,,,,696.1112969146344,0.0003506266,408.38719548387604,0.00038449012,-0.012638493,0.07629611
2162.0138507126503,17810.215,7.30643,0.003208457,134575,696.1114014336321,408.3866264574507,16595.078,6.796469,1431.354,2.1291678,17810.215,7.30643,0,,,,,696.1114014336321,0.00035057717,408.3866264574507,0.00038476803,-0.01197409,0.075442016
2162.020795231834,17822.52,7.307017,0.0032085348,134576,696.1131271008359,408.38546204656154,16604.617,6.797015,1433.518,2.127998,17822.52,7.307017,0,,,,,696.1131271008359,0.00035050328,408.38546204656154,0.0003845335,-0.010837643,0.074091226
2162.0277397505515,17824.34,7.30923,0.003208612,134577,696.1116010147979,408.38470381368415,16607.098,6.799073,1430.2362,2.1300113,17824.34,7.30923,0,,,,,696.1116010147979,0.0003505661,408.38470381368415,0.00038459717,-0.011885296,0.07351855
2162.034684269502,17822.418,7.307795,0.0032086896,134578,696.1120174781092,408.3858325725275,16605.477,6.797739,1432.2778,2.1319885,17822.418,7.307795,0,,,,,696.1120174781092,0.0003504366,408.3858325725275,0.00038440508,-0.011523801,0.07518903
2162.04162878822,17821.24,7.3068614,0.003208767,134579,696.112794185136,408.3860555629631,16601.203,6.79687,1435.5662,2.1291757,17821.24,7.3068614,0,,,,,696.112794185136,0.00035060226,408.3860555629631,0.0003844102,-0.010087241,0.07566993
2162.048573306938,17813.994,7.305859,0.0032088442,134580,696.1107114669103,408.38534014218345,16594.766,6.795938,1434.0244,2.1302674,17813.994,7.305859,0,,,,,696.1107114669103,0.00035074775,408.38534014218345,0.00038462345,-0.013014842,0.07394193
2162.0555178254235,17813.867,7.3074183,0.0032089213,134581,696.112346783142,408.38736791125854,16599.195,6.7973886,1432.0613,2.1302958,17813.867,7.3074183,0,,,,,696.112346783142,0.0003506676,408.38736791125854,0.00038453977,-0.010528926,0.0768024
2162.062462343908,17817.1,7.308156,0.0032089984,134582,696.1109756910143,408.38578524313937,16600.92,6.7980747,1433.2812,2.1293993,17817.1,7.308156,0,,,,,696.1109756910143,0.0003506395,408.38578524313937,0.00038452644,-0.012532949,0.07489193
2162.0694068623934,17812.123,7.3059535,0.0032090754,134583,696.1132384319716,408.38724191727243,16597.254,6.796026,1431.868,2.1297657,17812.123,7.3059535,0,,,,,696.1132384319716,0.00035056061,408.38724191727243,0.00038443244,-0.009998593,0.07637212
2162.076351380645,17802.783,7.3072157,0.0032091523,134584,696.111931076521,408.38625625202525,16587.232,6.7972,1433.979,2.13345,17802.783,7.3072157,0,,,,,696.111931076521,0.00035068538,408.38625625202525,0.0003848816,-0.011215948,0.07504866
2162.0832958988967,17815.156,7.3090053,0.003209229,134585,696.1108882954045,408.38733784606944,16595.357,6.798865,1431.5376,2.1320863,17815.156,7.3090053,0,,,,,696.1108882954045,0.00035068177,408.38733784606944,0.00038515468,-0.012211042,0.07663077
2162.0902404169155,17808.15,7.3032823,0.0032093057,134586,696.1103902195404,408.38393562600373,16588.31,6.793541,1431.2948,2.1267037,17808.15,7.3032823,0,,,,,696.1103902195404,0.00035092948,408.38393562600373,0.00038463454,-0.013763221,0.07194856
2162.0971849349344,17806.14,7.3063507,0.0032093823,134587,696.1110997942974,408.38579681694597,16590.842,6.796396,1432.4064,2.1301746,17806.14,7.3063507,0,,,,,696.1110997942974,0.00035068463,408.38579681694597,0.00038481,-0.012367722,0.07514895
2162.104129452954,17820.758,7.307158,0.003209459,134588,696.1133656335497,408.3855096815004,16603.137,6.797147,1433.2386,2.1308937,17820.758,7.307158,0,,,,,696.1133656335497,0.0003506134,408.3855096815004,0.00038428383,-0.009722376,0.07490047
2162.11107397074,17811.785,7.3060813,0.0032095353,134589,696.1117982374057,408.3851849557004,16590.166,6.796145,1431.52,2.1327305,17811.785,7.3060813,0,,,,,696.1117982374057,0.00035093864,408.3851849557004,0.0003847607,-0.012026081,0.074084744
2162.118018488527,17806.082,7.3085623,0.0032096116,134590,696.1131484212103,408.38631243388943,16582.494,6.798453,1432.2969,2.141043,17806.082,7.3085623,0,,,,,696.1131484212103,0.0003509728,408.38631243388943,0.00038532782,-0.009943096,0.075900085
2162.124963006313,17815.111,7.305747,0.003209688,134591,696.1112064829063,408.38621121501393,16597.531,6.795834,1427.5956,2.1322854,17815.111,7.305747,0,,,,,696.1112064829063,0.00035057258,408.38621121501393,0.00038455206,-0.013204492,0.07385991
2162.131907523867,17816.19,7.3058147,0.0032097641,134592,696.1125912637689,408.3859771730511,16596.74,6.795897,1433.8164,2.1294756,17816.19,7.3058147,0,,,,,696.1125912637689,0.000350709,408.3859771730511,0.00038459542,-0.0108048385,0.07600205
2162.1388520414203,17815.62,7.304185,0.0032098403,134593,696.1107027736256,408.3831220551786,16596.959,6.794381,1429.7954,2.1260583,17815.62,7.304185,0,,,,,696.1107027736256,0.00035057907,408.3831220551786,0.0003843554,-0.013078691,0.07239891
2162.1457965589743,17810.568,7.3038716,0.0032099164,134594,696.1120697933158,408.386173939505,16590.63,6.7940893,1429.9777,2.1281586,17810.568,7.3038716,0,,,,,696.1120697933158,0.00035085552,408.386173939505,0.0003846229,-0.011024631,0.07543539
2162.1527410762956,17818.021,7.306198,0.0032099923,134595,696.1106719360545,408.38487813374,16597.422,6.796253,1429.701,2.1312602,17818.021,7.306198,0,,,,,696.1106719360545,0.0003507121,408.38487813374,0.00038458282,-0.01269283,0.07485731
2162.1596855936164,17809.639,7.303098,0.0032100682,134596,696.112261352893,408.3849639016136,16585.963,6.7933702,1430.7483,2.129427,17809.639,7.303098,0,,,,,696.112261352893,0.00035081586,408.3849639016136,0.00038494103,-0.011095722,0.0741594
2162.1666301107043,17819.473,7.3083816,0.003210144,134597,696.1120265112406,408.3868606448857,16599.496,6.7982845,1432.1038,2.1349034,17819.473,7.3083816,0,,,,,696.1120265112406,0.00035053087,408.3868606448857,0.00038470523,-0.011164146,0.075759925
2162.1735746277923,17804.465,7.305619,0.0032102196,134598,696.1123170692308,408.38645803363676,16584.719,6.795715,1432.5101,2.128326,17804.465,7.305619,0,,,,,696.1123170692308,0.00035092604,408.38645803363676,0.00038502042,-0.010915946,0.07578572
2162.1805191448802,17824.373,7.3090925,0.0032102952,134599,696.1118247778952,408.38272145158606,16605.44,6.798946,1431.6428,2.1287947,17824.373,7.3090925,0,,,,,696.1118247778952,0.00035081213,408.38272145158606,0.00038472097,-0.012252355,0.07156082
2162.1874636617354,17814.807,7.3071575,0.0032103707,134600,696.1130980398623,408.38594410910633,16596.17,6.7971463,1433.4996,2.1307476,17814.807,7.3071575,0,,,,,696.1130980398623,0.0003508461,408.38594410910633,0.00038457147,-0.010389872,0.074779
2162.1944081785905,17798.842,7.306234,0.003210446,134601,696.1114414616673,408.3840130694975,16582.996,6.7962866,1435.7107,2.1352804,17798.842,7.306234,0,,,,,696.1114414616673,0.00035106932,408.3840130694975,0.00038485325,-0.012293348,0.073092714
2162.2013526954447,17809.31,7.306194,0.0032105215,134602,696.1112176971775,408.3862545759521,16589.94,6.79625,1430.2985,2.1325214,17809.31,7.306194,0,,,,,696.1112176971775,0.0003508979,408.3862545759521,0.00038476536,-0.012636974,0.07554962
2162.208297212066,17816.312,7.303954,0.0032105967,134603,696.111310605023,408.38492907855834,16596.854,6.7941666,1430.4215,2.1262488,17816.312,7.303954,0,,,,,696.111310605023,0.0003507447,408.38492907855834,0.00038444283,-0.011937632,0.07464208
2162.215241728689,17805.945,7.3026586,0.003210672,134604,696.1121242367086,408.3856362911515,16581.457,6.792961,1431.2565,2.128836,17805.945,7.3026586,0,,,,,696.1121242367086,0.00035107523,408.3856362911515,0.00038501038,-0.01136475,0.07457587
2162.222186245078,17831.791,7.30768,0.003210747,134605,696.1125147037214,408.3844873540062,16611.436,6.797632,1430.0508,2.1290216,17831.791,7.30768,0,,,,,696.1125147037214,0.00035042918,408.3844873540062,0.0003844721,-0.011002796,0.073386595
2162.229130761468,17813.5,7.3064117,0.003210822,134606,696.111438503227,408.3868419193217,16595.164,6.796452,1432.9504,2.130184,17813.5,7.3064117,0,,,,,696.111438503227,0.000350583,408.3868419193217,0.00038462935,-0.011764149,0.07527568
2162.236075277857,17831.53,7.309123,0.0032108969,134607,696.1120984321315,408.38422423339216,16608.543,6.798974,1431.158,2.1324584,17831.53,7.309123,0,,,,,696.1120984321315,0.0003505865,408.38422423339216,0.0003845264,-0.01160226,0.07275302
2162.2430197940143,17821.86,7.309836,0.0032109716,134608,696.11037166443,408.38340281130536,16604.412,6.7996373,1430.5754,2.135408,17821.86,7.309836,0,,,,,696.11037166443,0.00035060957,408.38340281130536,0.00038458518,-0.013151648,0.07267644
2162.249964310404,17818.998,7.307091,0.0032110466,134609,696.1124776358214,408.3864137665569,16596.701,6.797085,1430.0988,2.1322196,17818.998,7.307091,0,,,,,696.1124776358214,0.00035095346,408.3864137665569,0.00038464364,-0.011667714,0.07638508
2162.2569088263276,17823.305,7.3077,0.003211121,134610,696.1129653054802,408.38454688366875,16604.168,6.797651,1429.9302,2.1303964,17823.305,7.3077,0,,,,,696.1129653054802,0.00035078725,408.38454688366875,0.000384537,-0.01072374,0.07387573
2162.2638533422514,17804.355,7.3042707,0.0032111956,134611,696.1114071387448,408.3856917148813,16583.771,6.794461,1433.5693,2.1303568,17804.355,7.3042707,0,,,,,696.1114071387448,0.0003507473,408.3856917148813,0.0003847212,-0.01177997,0.07429968
2162.2707978581752,17818.28,7.307945,0.00321127,134612,696.1117989818944,408.3850409339807,16598.256,6.7978783,1433.8224,2.1281502,17818.28,7.307945,0,,,,,696.1117989818944,0.00035074624,408.3850409339807,0.00038490316,-0.011707294,0.0734061
2162.277742374099,17811.559,7.3059783,0.0032113446,134613,696.110802266676,408.3835817083152,16593.41,6.7960486,1435.1411,2.1310782,17811.559,7.3059783,0,,,,,696.110802266676,0.00035054778,408.3835817083152,0.00038484746,-0.012388167,0.07287734
2162.28468688979,17817.03,7.304307,0.0032114189,134614,696.1109853090163,408.3847910715767,16596.365,6.794494,1429.348,2.1263022,17817.03,7.304307,0,,,,,696.1109853090163,0.0003507025,408.3847910715767,0.00038457962,-0.012783842,0.073324084
2162.291631405481,17819.322,7.3070807,0.0032114931,134615,696.1135350262359,408.3867675688804,16603.734,6.7970743,1434.6232,2.1284723,17819.322,7.3070807,0,,,,,696.1135350262359,0.00035060116,408.3867675688804,0.00038431515,-0.009410358,0.07593881
2162.298575921172,17812.213,7.305537,0.0032115674,134616,696.110719486928,408.38593745177496,16593.436,6.795639,1431.5228,2.130385,17812.213,7.305537,0,,,,,696.110719486928,0.00035071204,408.38593745177496,0.00038465345,-0.01262873,0.07412419
2162.30552043663,17813.238,7.304675,0.0032116415,134617,696.1120400337869,408.38474499132167,16593.852,6.794837,1430.9679,2.1297712,17813.238,7.304675,0,,,,,696.1120400337869,0.00035055343,408.38474499132167,0.00038449196,-0.012270066,0.073302925
2162.3124649518554,17807.43,7.3038077,0.0032117153,134618,696.1138385398853,408.3858216935578,16587.258,6.79403,1433.4454,2.1277149,17807.43,7.3038077,0,,,,,696.1138385398853,0.00035098346,408.3858216935578,0.00038476172,-0.00986054,0.074555755
2162.3194094673136,17812.0,7.3052797,0.0032117893,134619,696.1123732979427,408.38537919599673,16591.162,6.7953997,1430.1372,2.1289744,17812.0,7.3052797,0,,,,,696.1123732979427,0.0003508521,408.38537919599673,0.0003847872,-0.011380754,0.07357092
2162.326353982539,17817.762,7.306634,0.003211863,134620,696.113157642638,408.38351752838247,16594.482,6.796659,1430.5458,2.1343105,17817.762,7.306634,0,,,,,696.113157642638,0.00035079088,408.38351752838247,0.00038475537,-0.010510042,0.07145205
2162.3332984977633,17801.023,7.305309,0.003211937,134621,696.1107641143504,408.38608927689035,16579.309,6.7954264,1430.4714,2.1366622,17801.023,7.305309,0,,,,,696.1107641143504,0.00035103838,408.38608927689035,0.0003849491,-0.012315539,0.074935615
2162.3402430127553,17823.553,7.3092766,0.0032120105,134622,696.1109595038849,408.3838360236444,16604.88,6.799117,1433.5773,2.1367338,17823.553,7.3092766,0,,,,,696.1109595038849,0.00035044976,408.3838360236444,0.000384385,-0.012092448,0.07287242
2162.3471875277482,17807.68,7.3066773,0.003212084,134623,696.1110292558388,408.3851302094878,16583.93,6.7966995,1429.5195,2.1382868,17807.68,7.3066773,0,,,,,696.1110292558388,0.00035111158,408.3851302094878,0.00038473296,-0.012823062,0.07405758
2162.3541320425084,17816.467,7.3057394,0.0032121574,134624,696.1113769374571,408.3853718603436,16596.85,6.795827,1430.1752,2.1305683,17816.467,7.3057394,0,,,,,696.1113769374571,0.00035048713,408.3853718603436,0.0003847299,-0.011708995,0.07389056
2162.3610765575004,17816.58,7.3076534,0.003212231,134625,696.1108037637675,408.3841962767592,16594.785,6.7976074,1429.2914,2.128769,17816.58,7.3076534,0,,,,,696.1108037637675,0.00035070008,408.3841962767592,0.0003852579,-0.01311139,0.07259758
2162.3680210722605,17808.04,7.303906,0.0032123043,134626,696.1122788412519,408.3848910515366,16584.03,6.7941217,1431.4269,2.13024,17808.04,7.303906,0,,,,,696.1122788412519,0.00035081274,408.3848910515366,0.0003849684,-0.011389678,0.073442124
2162.374965586787,17815.596,7.3056746,0.0032123774,134627,696.1089744986676,408.38185386260795,16596.45,6.7957664,1430.2648,2.1308646,17815.596,7.3056746,0,,,,,696.1089744986676,0.0003504985,408.38185386260795,0.00038454667,-0.014711607,0.070738286
2162.3819101013137,17822.465,7.306002,0.0032124505,134628,696.1117652720864,408.38500360416003,16603.117,6.7960715,1428.8834,2.1289053,17822.465,7.306002,0,,,,,696.1117652720864,0.00035038177,408.38500360416003,0.00038452406,-0.011484198,0.07433079
2162.3888546158405,17819.38,7.305473,0.0032125236,134629,696.1122360932801,408.38468209544504,16600.129,6.7955794,1432.0267,2.128386,17819.38,7.305473,0,,,,,696.1122360932801,0.0003505269,408.38468209544504,0.00038449312,-0.011051007,0.07383013
2162.3957991301345,17815.85,7.3075113,0.0032125965,134630,696.1110888936422,408.3854107343859,16595.953,6.797475,1431.5172,2.1286635,17815.85,7.3075113,0,,,,,696.1110888936422,0.0003509024,408.3854107343859,0.00038505392,-0.012350159,0.073545665
2162.4027436446613,17810.36,7.308442,0.0032126696,134631,696.1113345149794,408.383308941479,16582.885,6.798341,1431.1244,2.1322534,17810.36,7.308442,0,,,,,696.1113345149794,0.00035092086,408.383308941479,0.00038586202,-0.012339758,0.07190213
2162.4096881587225,17825.234,7.3064437,0.0032127423,134632,696.111581576395,408.3842095871253,16604.146,6.796482,1431.6985,2.1286833,17825.234,7.3064437,0,,,,,696.111581576395,0.0003504961,408.3842095871253,0.00038449693,-0.011375387,0.073551126
2162.4166326730165,17821.496,7.3089786,0.0032128152,134633,696.111507188522,408.3835029645861,16599.758,6.79884,1433.3022,2.1345627,17821.496,7.3089786,0,,,,,696.111507188522,0.00035077607,408.3835029645861,0.00038473695,-0.012324463,0.071548216
2162.4235771870776,17809.188,7.3056364,0.0032128878,134634,696.1126393719537,408.3850619807935,16588.91,6.7957315,1432.3706,2.1300762,17809.188,7.3056364,0,,,,,696.1126393719537,0.00035097057,408.3850619807935,0.00038458806,-0.011183091,0.074072234
2162.430521700906,17814.89,7.306612,0.0032129602,134635,696.110978444736,408.3823103126922,16592.23,6.7966385,1430.8601,2.1305792,17814.89,7.306612,0,,,,,696.110978444736,0.00035074525,408.3823103126922,0.00038489437,-0.012427556,0.07079982
2162.437466214967,17826.244,7.3132257,0.0032130328,134636,696.1100097702762,408.38381138439564,16605.459,6.802791,1425.1917,2.1399612,17826.244,7.3132257,0,,,,,696.1100097702762,0.0003510632,408.38381138439564,0.0003846679,-0.012924955,0.0732914
2162.4444107285626,17806.383,7.3062863,0.003213105,134637,696.1111114050452,408.3856815533085,16584.541,6.7963357,1432.112,2.1352046,17806.383,7.3062863,0,,,,,696.1111114050452,0.0003510234,408.3856815533085,0.00038484155,-0.012301216,0.07456421
2162.4513552423914,17808.555,7.303333,0.0032131774,134638,696.1113196174372,408.38319316960013,16582.703,6.7935886,1430.7002,2.129614,17808.555,7.303333,0,,,,,696.1113196174372,0.00035089132,408.38319316960013,0.00038505055,-0.011829764,0.0719904
2162.4582997559874,17800.225,7.3045177,0.0032132496,134639,696.1116309052476,408.3848977307577,16578.295,6.794691,1434.738,2.12802,17800.225,7.3045177,0,,,,,696.1116309052476,0.00035115617,408.3848977307577,0.00038529382,-0.011901808,0.07316574
2162.465244269582,17817.268,7.3047543,0.0032133218,134640,696.1109869882924,408.3821423930806,16594.648,6.7949104,1429.825,2.1292284,17817.268,7.3047543,0,,,,,696.1109869882924,0.00035054068,408.3821423930806,0.00038479664,-0.012520942,0.07103016
2162.4721887831765,17818.264,7.306507,0.003213394,134641,696.1099551190047,408.38258640874915,16597.055,6.796541,1435.1754,2.1309044,17818.264,7.306507,0,,,,,696.1099551190047,0.00035048628,408.38258640874915,0.00038463977,-0.013882744,0.071478866
2162.4791332965397,17817.484,7.305919,0.003213466,134642,696.1132770024873,408.38547860916583,16593.08,6.795994,1427.31,2.1340506,17817.484,7.305919,0,,,,,696.1132770024873,0.00035101638,408.38547860916583,0.00038456562,-0.010848251,0.07478115
2162.486077809669,17824.8,7.306916,0.0032135376,134643,696.1121970904503,408.3841405619181,16601.674,6.7969217,1433.5267,2.1305153,17824.8,7.306916,0,,,,,696.1121970904503,0.00035059423,408.3841405619181,0.00038468512,-0.011444395,0.07301971
2162.493022323032,17813.785,7.3047104,0.0032136096,134644,696.1107836745584,408.38477379443924,16593.523,6.79487,1431.3505,2.1286688,17813.785,7.3047104,0,,,,,696.1107836745584,0.00035047816,408.38477379443924,0.00038470802,-0.013157859,0.07269536
2162.4999668361615,17804.627,7.3070016,0.0032136813,134645,696.112479485025,408.38463673572767,16575.152,6.797001,1433.3705,2.137683,17804.627,7.3070016,0,,,,,696.112479485025,0.000351175,408.38463673572767,0.00038572328,-0.011038712,0.07321596
2162.506911349292,17821.742,7.303358,0.003213753,134646,696.1120021100611,408.3842274508403,16591.275,6.7936115,1428.0005,2.1273603,17821.742,7.303358,0,,,,,696.1120021100611,0.00035082095,408.3842274508403,0.00038502394,-0.011329124,0.07222919
2162.5138558621884,17800.578,7.3003964,0.0032138245,134647,696.111629261953,408.3839069649105,16569.22,6.790857,1430.8022,2.129256,17800.578,7.3003964,0,,,,,696.111629261953,0.00035105686,408.3839069649105,0.0003854908,-0.011709349,0.072392054
2162.520800375086,17810.465,7.305352,0.003213896,134648,696.1110429700971,408.3839667104958,16586.05,6.795467,1433.5391,2.1329892,17810.465,7.305352,0,,,,,696.1110429700971,0.0003508921,408.3839667104958,0.00038502915,-0.011973636,0.07244695
2162.5277448879824,17822.453,7.306098,0.0032139674,134649,696.110757173425,408.3846142507071,16597.682,6.79616,1430.8359,2.1302025,17822.453,7.306098,0,,,,,696.110757173425,0.00035064807,408.3846142507071,0.00038471076,-0.012464345,0.07348003
2162.534689400647,17823.232,7.309628,0.0032140387,134650,696.1097040069228,408.38301200655826,16600.727,6.7994437,1431.1884,2.129795,17823.232,7.309628,0,,,,,696.1097040069228,0.00035050212,408.38301200655826,0.00038498343,-0.013760406,0.072117336
2162.5416339133117,17810.986,7.303208,0.00321411,134651,696.1105851778333,408.3846257650515,16588.484,6.7934723,1430.596,2.1284623,17810.986,7.303208,0,,,,,696.1105851778333,0.0003505998,408.3846257650515,0.00038492834,-0.0126261795,0.07325955
2162.5485784259754,17817.955,7.303317,0.0032141812,134652,696.1129213734994,408.38519905550544,16593.703,6.793574,1429.278,2.127144,17817.955,7.303317,0,,,,,696.1129213734994,0.0003507272,408.38519905550544,0.00038469175,-0.011097654,0.07375486
2162.555522938407,17827.553,7.305508,0.0032142522,134653,696.1107547557287,408.38052016665165,16600.742,6.795612,1427.1989,2.129399,17827.553,7.305508,0,,,,,696.1107547557287,0.0003504723,408.38052016665165,0.00038492997,-0.012762978,0.06900081
2162.562467450838,17823.191,7.3113136,0.0032143232,134654,696.1102252698653,408.3841753183275,16594.277,6.801012,1431.6102,2.1344278,17823.191,7.3113136,0,,,,,696.1102252698653,0.00035150297,408.3841753183275,0.00038528425,-0.012961511,0.07294754
2162.569411963037,17823.596,7.3104706,0.003214394,134655,696.110137015242,408.3828725226444,16599.906,6.8002276,1431.7404,2.1411786,17823.596,7.3104706,0,,,,,696.110137015242,0.00035053777,408.3828725226444,0.0003846782,-0.01391188,0.07107551
2162.576356475235,17817.168,7.3070383,0.0032144648,134656,696.1099660040068,408.3838732428772,16596.205,6.797035,1435.2333,2.1301463,17817.168,7.3070383,0,,,,,696.1099660040068,0.00035086583,408.3838732428772,0.00038446212,-0.014019658,0.07330529
2162.583300987434,17814.967,7.3063803,0.0032145355,134657,696.110335436315,408.3832865409887,16594.162,6.7964234,1431.7925,2.1296575,17814.967,7.3063803,0,,,,,696.110335436315,0.0003507975,408.3832865409887,0.00038492872,-0.012850966,0.072532624
2162.590245499632,17830.295,7.3100195,0.0032146063,134658,696.111153275507,408.38369558760735,16605.877,6.799808,1430.6108,2.1291447,17830.295,7.3100195,0,,,,,696.111153275507,0.00035078812,408.38369558760735,0.00038516484,-0.0121959485,0.07306415
2162.5971900115983,17809.805,7.304203,0.0032146769,134659,696.1116042393452,408.38466319978266,16581.285,6.794398,1429.9265,2.1358478,17809.805,7.304203,0,,,,,696.1116042393452,0.00035073343,408.38466319978266,0.0003851025,-0.011216423,0.07306142
2162.6041345233307,17809.623,7.302168,0.0032147472,134660,696.1104926955975,408.3821119865867,16579.982,6.792505,1431.095,2.1278985,17809.623,7.302168,0,,,,,696.1104926955975,0.0003509183,408.3821119865867,0.0003853126,-0.012965238,0.07035146
2162.611079035296,17827.016,7.305408,0.0032148177,134661,696.1117466215328,408.38253176444414,16603.285,6.795519,1426.5654,2.1290603,17827.016,7.305408,0,,,,,696.1117466215328,0.00035046856,408.38253176444414,0.00038462013,-0.012317648,0.07047769
2162.6180235470283,17826.055,7.305894,0.003214888,134662,696.1104544744531,408.3832199878754,16602.4,6.795971,1427.0092,2.1289868,17826.055,7.305894,0,,,,,696.1104544744531,0.0003504841,408.3832199878754,0.0003847291,-0.013036796,0.07184783
2162.6249680587607,17827.016,7.3094325,0.0032149584,134663,696.1114922316302,408.3838152094636,16602.035,6.7992625,1434.8068,2.1337388,17827.016,7.3094325,0,,,,,696.1114922316302,0.00035070817,408.3838152094636,0.00038476844,-0.011996382,0.07220252
2162.631912570261,17834.896,7.306089,0.0032150284,134664,696.1096780121104,408.38349819544277,16607.31,6.796152,1427.5273,2.1278613,17834.896,7.306089,0,,,,,696.1096780121104,0.00035036352,408.38349819544277,0.00038446908,-0.013542615,0.072712876
2162.6388570817608,17806.537,7.304519,0.0032150985,134665,696.1102490929471,408.38286626386076,16583.557,6.7946916,1434.991,2.1291237,17806.537,7.304519,0,,,,,696.1102490929471,0.00035104068,408.38286626386076,0.00038498943,-0.012720978,0.071614586
2162.6458015932617,17814.627,7.303958,0.0032151686,134666,696.1110761298046,408.38290309630537,16584.951,6.79417,1433.359,2.1293867,17814.627,7.303958,0,,,,,696.1110761298046,0.00035066123,408.38290309630537,0.000385144,-0.012032129,0.07200918
2162.652746104529,17814.404,7.306315,0.0032152385,134667,696.1104703381516,408.3817361158946,16589.873,6.7963624,1431.1482,2.1369555,17814.404,7.306315,0,,,,,696.1104703381516,0.00035066524,408.3817361158946,0.0003849091,-0.012510007,0.07044648
2162.659690615796,17822.14,7.3109508,0.0032153083,134668,696.1118015225895,408.38312662351734,16598.918,6.800675,1431.3788,2.1381574,17822.14,7.3109508,0,,,,,696.1118015225895,0.00035087502,408.38312662351734,0.00038492947,-0.0115122255,0.072014555
2162.6666351268304,17820.537,7.3049407,0.003215378,134669,696.110298400223,408.3817835344403,16595.066,6.795084,1432.3392,2.1284285,17820.537,7.3049407,0,,,,,696.110298400223,0.0003506119,408.3817835344403,0.00038475287,-0.013769882,0.069560364
2162.6735796380976,17816.87,7.3039556,0.0032154478,134670,696.1128210106948,408.3845702618222,16591.988,6.7941675,1429.8492,2.1286197,17816.87,7.3039556,0,,,,,696.1128210106948,0.00035079187,408.3845702618222,0.00038463774,-0.010989302,0.07327313
2162.680524148899,17822.125,7.3061314,0.0032155172,134671,696.1095795244256,408.38322637688464,16594.668,6.796191,1430.4955,2.1288455,17822.125,7.3061314,0,,,,,696.1095795244256,0.00035062665,408.38322637688464,0.00038493337,-0.013764876,0.07236584
2162.6874686599335,17829.855,7.3070498,0.0032155868,134672,696.111608323886,408.38299103913465,16602.994,6.797046,1427.1909,2.1332612,17829.855,7.3070498,0,,,,,696.111608323886,0.00035051757,408.38299103913465,0.00038494496,-0.011176792,0.071627885
2162.694413170735,17822.994,7.3063927,0.0032156562,134673,696.1111733198869,408.38374589757274,16598.752,6.796435,1432.2434,2.13059,17822.994,7.3063927,0,,,,,696.1111733198869,0.0003504894,408.38374589757274,0.00038478491,-0.012105099,0.07227542
2162.7013576815366,17808.188,7.3045077,0.0032157255,134674,696.1118057135271,408.38332914727687,16580.434,6.794681,1430.1924,2.1327899,17808.188,7.3045077,0,,,,,696.1118057135271,0.00035102785,408.38332914727687,0.00038528632,-0.010910777,0.07182212
2162.708302192338,17821.865,7.308636,0.003215795,134675,696.1104779699078,408.38233903950686,16601.164,6.7985215,1432.572,2.1355793,17821.865,7.308636,0,,,,,696.1104779699078,0.0003507557,408.38233903950686,0.00038450613,-0.012858867,0.07114039
2162.715246702907,17812.062,7.306015,0.003215864,134676,696.1109968922026,408.38186101470376,16589.889,6.7960835,1429.047,2.1333723,17812.062,7.306015,0,,,,,696.1109968922026,0.00035094132,408.38186101470376,0.00038495945,-0.011617727,0.0708024
2162.7221912132427,17806.592,7.3066726,0.003215933,134677,696.1110122407069,408.382662275713,16584.27,6.796695,1431.7867,2.1289647,17806.592,7.3066726,0,,,,,696.1110122407069,0.00035099505,408.382662275713,0.00038536952,-0.012341612,0.07140058
2162.729135723811,17822.994,7.303403,0.0032160021,134678,696.1098893042071,408.3811201493847,16591.434,6.7936535,1427.012,2.126942,17822.994,7.303403,0,,,,,696.1098893042071,0.0003506808,408.3811201493847,0.00038513713,-0.013356529,0.06961438
2162.7360802341473,17814.76,7.3035016,0.003216071,134679,696.1125475065278,408.38346373474786,16583.934,6.7937455,1430.2864,2.1284332,17814.76,7.3035016,0,,,,,696.1125475065278,0.0003509829,408.38346373474786,0.00038522301,-0.010852099,0.071539685
2162.7430247444827,17819.572,7.3027954,0.00321614,134680,696.1115378179783,408.38135591484206,16581.6,6.7930884,1428.3898,2.1301658,17819.572,7.3027954,0,,,,,696.1115378179783,0.0003509622,408.38135591484206,0.00038563323,-0.01165895,0.06896764
2162.7499692545866,17805.621,7.301821,0.0032162087,134681,696.1111304306606,408.38364987249184,16577.934,6.7921824,1431.2876,2.1288495,17805.621,7.301821,0,,,,,696.1111304306606,0.00035085835,408.38364987249184,0.0003850763,-0.012139812,0.07209776
2162.7569137646897,17823.1,7.3048253,0.0032162773,134682,696.1108026690389,408.38274939290415,16601.264,6.7949767,1429.0148,2.1267927,17823.1,7.3048253,0,,,,,696.1108026690389,0.00035060217,408.38274939290415,0.00038453794,-0.012215875,0.071034424
2162.7638582747923,17821.57,7.308308,0.003216346,134683,696.1111292924213,408.3814095855806,16599.68,6.7982163,1432.3612,2.130712,17821.57,7.308308,0,,,,,696.1111292924213,0.00035092921,408.3814095855806,0.0003848457,-0.012569691,0.06984675
2162.7708027846616,17819.209,7.3030925,0.0032164145,134684,696.1100029231659,408.3820885318845,16595.594,6.7933645,1427.9235,2.1263437,17819.209,7.3030925,0,,,,,696.1100029231659,0.00035058032,408.3820885318845,0.00038465005,-0.013494081,0.070618816
2162.7777472945318,17812.44,7.305156,0.003216483,134685,696.1113414992017,408.3825949985894,16592.86,6.7952843,1432.1481,2.130263,17812.44,7.305156,0,,,,,696.1113414992017,0.00035067048,408.3825949985894,0.00038474466,-0.011619494,0.07185924
2162.784691804402,17821.467,7.305169,0.0032165514,134686,696.1108911387662,408.38060041545504,16595.43,6.795296,1431.6287,2.1284034,17821.467,7.305169,0,,,,,696.1108911387662,0.00035056507,408.38060041545504,0.00038508783,-0.012986945,0.06780306
2162.7916363140394,17811.64,7.3013506,0.0032166196,134687,696.11049984967,408.38384804279787,16578.223,6.7917447,1429.0671,2.1276085,17811.64,7.3013506,0,,,,,696.11049984967,0.00035082962,408.38384804279787,0.00038551007,-0.0132090375,0.07202346
2162.7985808236767,17814.865,7.303544,0.0032166878,134688,696.1126067559175,408.38049233515153,16589.268,6.7937846,1430.1804,2.1269214,17814.865,7.303544,0,,,,,696.1126067559175,0.00035083023,408.38049233515153,0.00038481606,-0.0110675795,0.069359906
2162.805525333314,17819.258,7.30526,0.003216756,134689,696.1101341324161,408.3828899825499,16596.902,6.7953815,1429.6842,2.126852,17819.258,7.30526,0,,,,,696.1101341324161,0.00035059167,408.3828899825499,0.00038472988,-0.013036535,0.07104553
2162.8124698427187,17823.14,7.305704,0.003216824,134690,696.1102999784365,408.3823656224922,16601.117,6.795794,1430.9326,2.1285667,17823.14,7.305704,0,,,,,696.1102999784365,0.00035053794,408.3823656224922,0.00038453538,-0.013515884,0.07015754
2162.819414352123,17810.271,7.304148,0.003216892,134691,696.110649450118,408.38261221513596,16583.17,6.794347,1432.0363,2.1300077,17810.271,7.304148,0,,,,,696.110649450118,0.00035087962,408.38261221513596,0.0003851331,-0.012234118,0.07164824
2162.826358861295,17810.074,7.3032947,0.0032169598,134692,696.1102954925598,408.3820712948355,16579.826,6.793553,1434.1089,2.129065,17810.074,7.3032947,0,,,,,696.1102954925598,0.00035103512,408.3820712948355,0.0003852405,-0.013729721,0.07008916
2162.8333033706995,17822.56,7.30256,0.0032170278,134693,696.1108596312318,408.38053338680055,16588.602,6.7928696,1429.406,2.126462,17822.56,7.30256,0,,,,,696.1108596312318,0.00035070718,408.38053338680055,0.00038517514,-0.012371755,0.06886462
2162.840247879639,17836.713,7.305635,0.0032170953,134694,696.1116478602718,408.3829292966678,16604.014,6.7957296,1425.4438,2.1271708,17836.713,7.305635,0,,,,,696.1116478602718,0.00035048465,408.3829292966678,0.00038524103,-0.011338767,0.07050416
2162.847192388811,17815.049,7.306194,0.003217163,134695,696.1100858207825,408.3822461132651,16588.861,6.79625,1430.2876,2.1341593,17815.049,7.306194,0,,,,,696.1100858207825,0.0003507588,408.3822461132651,0.0003851482,-0.01300202,0.07093141
2162.8541368977494,17819.406,7.306564,0.0032172306,134696,696.1099570438973,408.3811880269932,16596.107,6.796594,1429.6934,2.1310315,17819.406,7.306564,0,,,,,696.1099570438973,0.00035068044,408.3811880269932,0.0003848119,-0.012407941,0.06882831
2162.8610814066888,17822.66,7.3043985,0.003217298,134697,696.1103611503576,408.382403364138,16600.092,6.79458,1427.7544,2.1266246,17822.66,7.3043985,0,,,,,696.1103611503576,0.00035032086,408.382403364138,0.00038458937,-0.013052569,0.070631474
2162.8680259153944,17836.676,7.310089,0.0032173654,134698,696.1112018067804,408.38194155025235,16612.06,6.7998734,1428.9392,2.128248,17836.676,7.310089,0,,,,,696.1112018067804,0.0003506501,408.38194155025235,0.0003849254,-0.011832462,0.0705752
2162.8749704243337,17829.623,7.3073015,0.0032174329,134699,696.1101191420535,408.38238735983003,16601.717,6.79728,1428.2262,2.1323068,17829.623,7.3073015,0,,,,,696.1101191420535,0.0003506419,408.38238735983003,0.0003848015,-0.012980623,0.07039732
2162.8819149328065,17810.44,7.304462,0.0032175,134700,696.1111343791902,408.3821868015315,16582.479,6.7946386,1430.3164,2.1273599,17810.44,7.304462,0,,,,,696.1111343791902,0.00035098402,408.3821868015315,0.0003854792,-0.011651763,0.07033102
2162.888859441513,17827.707,7.304839,0.0032175672,134701,696.1093244311603,408.3793722405118,16593.746,6.7949896,1427.247,2.1287487,17827.707,7.304839,0,,,,,696.1093244311603,0.00035083777,408.3793722405118,0.00038529476,-0.013513861,0.067546695
2162.8958039499857,17819.043,7.3042617,0.0032176343,134702,696.1112450102995,408.38233266048877,16590.492,6.794452,1431.2952,2.128034,17819.043,7.3042617,0,,,,,696.1112450102995,0.00035066935,408.38233266048877,0.00038506146,-0.012227606,0.07012305
2162.9027484584594,17812.506,7.303021,0.0032177013,134703,696.1098303524432,408.3821393572921,16589.916,6.7932982,1428.3164,2.126296,17812.506,7.303021,0,,,,,696.1098303524432,0.00035065456,408.3821393572921,0.00038490476,-0.013393172,0.07040909
2162.9096929666994,17815.773,7.304755,0.0032177682,134704,696.1108545591633,408.3818289014263,16592.365,6.7949114,1428.5801,2.1300077,17815.773,7.304755,0,,,,,696.1108545591633,0.00035080788,408.3818289014263,0.00038500543,-0.012709335,0.07035422
2162.9166374749398,17828.896,7.305908,0.003217835,134705,696.1100781641862,408.3801854556677,16602.668,6.7959843,1425.557,2.1278222,17828.896,7.305908,0,,,,,696.1100781641862,0.0003506682,408.3801854556677,0.00038464495,-0.013382817,0.06944926
2162.92358198318,17806.35,7.305246,0.0032179018,134706,696.1096045912502,408.38039497427366,16582.713,6.795368,1430.0007,2.1307385,17806.35,7.305246,0,,,,,696.1096045912502,0.00035075485,408.38039497427366,0.00038522558,-0.0138983885,0.06856982
2162.9305264911873,17806.654,7.304615,0.0032179684,134707,696.1124504751784,408.3831004446511,16580.092,6.7947807,1431.4194,2.129415,17806.654,7.304615,0,,,,,696.1124504751784,0.00035104118,408.3831004446511,0.00038562642,-0.01111121,0.07255401
2162.937470999194,17820.465,7.302968,0.003218035,134708,696.1114160015214,408.38238605596445,16592.746,6.7932487,1425.8478,2.1274574,17820.465,7.302968,0,,,,,696.1114160015214,0.0003506482,408.38238605596445,0.00038491737,-0.01218659,0.0705541
2162.9444155072024,17813.525,7.3057213,0.0032181016,134709,696.1098567550289,408.3809950100432,16591.031,6.7958097,1431.5453,2.1285584,17813.525,7.3057213,0,,,,,696.1098567550289,0.00035094365,408.3809950100432,0.00038491143,-0.013838553,0.06924642
2162.9513600149767,17818.732,7.3054895,0.003218168,134710,696.1103065267007,408.38080701681946,16596.383,6.7955947,1431.0228,2.128677,17818.732,7.3054895,0,,,,,696.1103065267007,0.00035058276,408.38080701681946,0.00038499184,-0.012746301,0.06901344
2162.958304522752,17821.96,7.3060355,0.0032182343,134711,696.1105351315648,408.381467522501,16593.684,6.7961025,1427.836,2.128804,17821.96,7.3060355,0,,,,,696.1105351315648,0.00035088274,408.381467522501,0.00038512022,-0.01334133,0.06898034
2162.965249030526,17833.723,7.3073044,0.0032183006,134712,696.110213311365,408.3815886887011,16605.574,6.7972827,1429.0377,2.1285462,17833.723,7.3073044,0,,,,,696.110213311365,0.00035068957,408.3815886887011,0.00038480674,-0.013127734,0.070318535
2162.9721935380685,17814.764,7.3056855,0.0032183668,134713,696.1103139827778,408.380074229002,16583.205,6.7957773,1433.2194,2.137381,17814.764,7.3056855,0,,,,,696.1103139827778,0.00035062665,408.380074229002,0.000385555,-0.013038992,0.068293944
2162.97913804561,17811.15,7.3036585,0.003218433,134714,696.110929239971,408.3811092440828,16580.867,6.793891,1428.9855,2.1282418,17811.15,7.3036585,0,,,,,696.110929239971,0.0003507182,408.3811092440828,0.0003853618,-0.012078403,0.0689926
2162.9860825531523,17812.635,7.303745,0.003218499,134715,696.1102422937237,408.38092467825004,16576.5,6.7939715,1429.1035,2.1335838,17812.635,7.303745,0,,,,,696.1102422937237,0.0003513286,408.38092467825004,0.0003857102,-0.013163901,0.06883058
2162.993027060461,17831.553,7.3060226,0.003218565,134716,696.111193899267,408.3796120701336,16596.945,6.7960906,1429.9608,2.1303637,17831.553,7.3060226,0,,,,,696.111193899267,0.00035067534,408.3796120701336,0.0003852223,-0.011314113,0.06705921
2162.9999715677704,17807.668,7.3005896,0.0032186308,134717,696.1086051159724,408.3811282734671,16573.205,6.7910366,1429.7284,2.1278672,17807.668,7.3005896,0,,,,,696.1086051159724,0.0003510887,408.3811282734671,0.00038549895,-0.014728458,0.0699699
2163.006916075079,17815.623,7.3071947,0.0032186967,134718,696.1118071990957,408.38284769029775,16586.865,6.7971807,1434.0144,2.1400256,17815.623,7.3071947,0,,,,,696.1118071990957,0.00035082342,408.38284769029775,0.00038520776,-0.012061832,0.0707906
2163.0138605821558,17815.225,7.3041773,0.0032187623,134719,696.1098193354818,408.38041274387507,16592.191,6.794374,1428.4597,2.1282167,17815.225,7.3041773,0,,,,,696.1098193354818,0.00035046638,408.38041274387507,0.0003849469,-0.013409289,0.06888076
2163.0208050892315,17831.828,7.3091645,0.003218828,134720,696.1103950785423,408.38261513961186,16601.758,6.7990127,1431.0778,2.1314292,17831.828,7.3091645,0,,,,,696.1103950785423,0.00035090744,408.38261513961186,0.00038500497,-0.012578471,0.07105183
2163.0277495960754,17820.75,7.307276,0.0032188934,134721,696.1105918760965,408.3797821718902,16591.186,6.797256,1429.4637,2.1314673,17820.75,7.307276,0,,,,,696.1105918760965,0.00035081204,408.3797821718902,0.0003855014,-0.012721781,0.06764562
2163.034694103151,17821.887,7.3074737,0.003218959,134722,696.1109034368408,408.3812842323491,16595.4,6.79744,1430.6669,2.134681,17821.887,7.3074737,0,,,,,696.1109034368408,0.000350529,408.3812842323491,0.0003851257,-0.012588627,0.06891699
2163.041638609995,17819.229,7.3048263,0.0032190245,134723,696.1103177750858,408.38059962753726,16593.781,6.7949777,1428.5231,2.1270738,17819.229,7.3048263,0,,,,,696.1103177750858,0.000350608,408.38059962753726,0.00038494036,-0.013901433,0.06848268
2163.048583116606,17815.453,7.3020077,0.0032190897,134724,696.1110946065346,408.38119867368147,16589.047,6.792356,1426.0227,2.1241512,17815.453,7.3020077,0,,,,,696.1110946065346,0.00035056952,408.38119867368147,0.0003849465,-0.012001914,0.06922961
2163.0555276232167,17820.266,7.3054357,0.003219155,134725,696.1101990731155,408.3827544334442,16592.674,6.795544,1427.6703,2.1329188,17820.266,7.3054357,0,,,,,696.1101990731155,0.00035070616,408.3827544334442,0.00038484082,-0.01311432,0.0715679
2163.0624721298273,17818.324,7.306907,0.00321922,134726,696.1093346406587,408.3814568995217,16589.723,6.796913,1430.3909,2.1363854,17818.324,7.306907,0,,,,,696.1093346406587,0.0003504993,408.3814568995217,0.0003849904,-0.013841744,0.07041516
2163.069416636438,17816.986,7.3017173,0.0032192853,134727,696.1117771248012,408.3807453632934,16583.783,6.7920856,1428.9075,2.1271005,17816.986,7.3017173,0,,,,,696.1117771248012,0.0003506797,408.3807453632934,0.00038538247,-0.0115078455,0.06805163
2163.0763611428156,17824.29,7.3067913,0.0032193502,134728,696.1101791972097,408.3811911342493,16590.125,6.796806,1428.5604,2.1313276,17824.29,7.3067913,0,,,,,696.1101791972097,0.00035105232,408.3811911342493,0.00038535078,-0.013207783,0.06967929
2163.083305649193,17816.768,7.30296,0.0032194152,134729,696.1094735814354,408.3795369293186,16586.27,6.793241,1430.5912,2.1275516,17816.768,7.30296,0,,,,,696.1094735814354,0.00035072776,408.3795369293186,0.0003852614,-0.013697478,0.06789077
2163.0902501553383,17827.998,7.3069053,0.00321948,134730,696.1107024385352,408.3807603512169,16598.324,6.7969112,1432.9944,2.12926,17827.998,7.3069053,0,,,,,696.1107024385352,0.00035059673,408.3807603512169,0.0003850029,-0.01229993,0.068607
2163.0971946617155,17814.45,7.3030534,0.003219545,134731,696.1105628162281,408.3819298411194,16589.818,6.7933283,1429.2933,2.1285822,17814.45,7.3030534,0,,,,,696.1105628162281,0.00035065165,408.3819298411194,0.00038453084,-0.013006115,0.07065847
2163.104139167628,17821.016,7.3031135,0.0032196094,134732,696.1077842409676,408.37999967568425,16591.582,6.793384,1424.6622,2.127494,17821.016,7.3031135,0,,,,,696.1077842409676,0.00035055503,408.37999967568425,0.00038512188,-0.015586928,0.067782514
2163.1110836737726,17815.002,7.305564,0.003219674,134733,696.1098387934242,408.37954512491814,16584.654,6.7956634,1430.7563,2.1318533,17815.002,7.305564,0,,,,,696.1098387934242,0.0003511799,408.37954512491814,0.0003851433,-0.013274587,0.067529365
2163.118028179685,17808.59,7.3011184,0.0032197386,134734,696.1100900083909,408.37963172898924,16578.29,6.791528,1428.2955,2.1273713,17808.59,7.3011184,0,,,,,696.1100900083909,0.0003508172,408.37963172898924,0.00038558722,-0.013581894,0.06735909
2163.1249726855963,17811.412,7.3035846,0.003219803,134735,696.1110069832243,408.38364231721835,16583.361,6.7938223,1426.5442,2.1298628,17811.412,7.3035846,0,,,,,696.1110069832243,0.0003509568,408.38364231721835,0.00038509662,-0.01233743,0.0717061
2163.1319171912746,17808.715,7.3018208,0.0032198674,134736,696.1100958811411,408.38200642071314,16585.309,6.792182,1430.23,2.1260922,17808.715,7.3018208,0,,,,,696.1100958811411,0.00035071597,408.38200642071314,0.000384822,-0.013320626,0.07020666
2163.138861696955,17805.922,7.302485,0.0032199316,134737,696.1107126469086,408.380005148669,16583.205,6.7928,1429.661,2.127904,17805.922,7.302485,0,,,,,696.1107126469086,0.000350821,408.380005148669,0.00038470075,-0.012906062,0.06851458
2163.145806202634,17814.291,7.3043866,0.0032199959,134738,696.1105309671545,408.38017677330157,16587.37,6.794568,1430.1697,2.1308198,17814.291,7.3043866,0,,,,,696.1105309671545,0.00035063023,408.38017677330157,0.00038509478,-0.012401684,0.067800336
2163.1527507083133,17810.602,7.304258,0.0032200601,134739,696.1098744582678,408.3809580896834,16581.39,6.794449,1433.7142,2.1277092,17810.602,7.304258,0,,,,,696.1098744582678,0.00035099228,408.3809580896834,0.0003852716,-0.014129316,0.06862464
2163.1596952137597,17826.244,7.3048577,0.0032201242,134740,696.1106079332218,408.3829055031464,16592.904,6.7950063,1432.0059,2.1298726,17826.244,7.3048577,0,,,,,696.1106079332218,0.0003507835,408.3829055031464,0.0003851697,-0.012843252,0.07100103
2163.1666397189733,17810.025,7.3017755,0.003220188,134741,696.1086362043725,408.37710319318836,16575.482,6.7921395,1430.0789,2.1291,17810.025,7.3017755,0,,,,,696.1086362043725,0.00035112893,408.37710319318836,0.0003855512,-0.014307239,0.06440454
2163.1735842244198,17821.3,7.304776,0.003220252,134742,696.1117531561126,408.3815630833845,16594.748,6.794931,1430.0425,2.128393,17821.3,7.304776,0,,,,,696.1117531561126,0.0003506039,408.3815630833845,0.00038492432,-0.011684001,0.069863506
2163.1805287296334,17818.451,7.308215,0.0032203158,134743,696.1102367777514,408.38007272493604,16590.322,6.7981296,1431.3821,2.13022,17818.451,7.308215,0,,,,,696.1102367777514,0.00035091751,408.38007272493604,0.00038541842,-0.013127584,0.06827106
2163.187473234847,17825.125,7.305137,0.0032203796,134744,696.1107591242175,408.3826718029117,16602.285,6.7952666,1429.5914,2.1275046,17825.125,7.305137,0,,,,,696.1107591242175,0.0003503447,408.3826718029117,0.00038459647,-0.012224807,0.07139412
2163.1944177398277,17812.383,7.303455,0.0032204431,134745,696.1096314285082,408.3790309828256,16584.895,6.793702,1430.638,2.1288137,17812.383,7.303455,0,,,,,696.1096314285082,0.00035095922,408.3790309828256,0.00038509982,-0.013827318,0.06734461
2163.2013622448085,17818.135,7.3039207,0.0032205067,134746,696.110407006371,408.3816252016534,16592.81,6.7941356,1426.7576,2.1260133,17818.135,7.3039207,0,,,,,696.110407006371,0.000350603,408.3816252016534,0.00038507147,-0.013460458,0.07016249
2163.2083067497892,17827.504,7.3055706,0.0032205703,134747,696.1094707864868,408.3799336280001,16599.824,6.79567,1427.4069,2.127123,17827.504,7.3055706,0,,,,,696.1094707864868,0.0003505223,408.3799336280001,0.0003849027,-0.014238149,0.06852643
2163.215251254537,17813.924,7.3047953,0.0032206336,134748,696.1102800565316,408.3799476184658,16583.744,6.794949,1429.5367,2.1275656,17813.924,7.3047953,0,,,,,696.1102800565316,0.000350895,408.3799476184658,0.00038551044,-0.012171866,0.06700236
2163.222195759285,17801.314,7.30374,0.003220697,134749,696.1098128286485,408.37993405721403,16576.455,6.7939672,1430.1237,2.130277,17801.314,7.30374,0,,,,,696.1098128286485,0.00035097956,408.37993405721403,0.00038528285,-0.013645844,0.067806534
2163.229140264033,17818.55,7.302829,0.0032207603,134750,696.1111073605092,408.382110580068,16590.117,6.7931194,1429.2372,2.127342,17818.55,7.302829,0,,,,,696.1111073605092,0.0003508026,408.382110580068,0.00038462505,-0.01289178,0.07111989
2163.236084768781,17829.17,7.3076987,0.0032208236,134751,696.1084422202293,408.3772123742916,16602.914,6.7976494,1424.6165,2.129162,17829.17,7.3076987,0,,,,,696.1084422202293,0.00035042843,408.3772123742916,0.00038510968,-0.015535381,0.0649469
2163.243029273297,17815.053,7.3070903,0.0032208867,134752,696.1101625753823,408.3835702796083,16588.646,6.7970834,1430.9781,2.1275008,17815.053,7.3070903,0,,,,,696.1101625753823,0.00035123224,408.3835702796083,0.00038533553,-0.013215003,0.072091244
2163.249973777579,17819.88,7.3051243,0.0032209496,134753,696.1086861214847,408.3782984987142,16590.955,6.7952547,1433.1492,2.1295183,17819.88,7.3051243,0,,,,,696.1086861214847,0.00035091882,408.3782984987142,0.00038532226,-0.014277721,0.06625187
2163.2569182820944,17813.531,7.305969,0.0032210127,134754,696.1105600358713,408.38104597673276,16585.398,6.7960405,1429.6444,2.1368692,17813.531,7.305969,0,,,,,696.1105600358713,0.00035058302,408.38104597673276,0.00038516882,-0.013064239,0.06947404
2163.263862786376,17818.646,7.3069873,0.0032210755,134755,696.1099556885875,408.38075788854627,16588.826,6.7969875,1428.5026,2.1370945,17818.646,7.3069873,0,,,,,696.1099556885875,0.00035062752,408.38075788854627,0.00038516655,-0.013695454,0.06808583
2163.2708072906585,17806.904,7.303248,0.0032211384,134756,696.1110048544217,408.38008726447885,16583.664,6.7935095,1428.3896,2.1315265,17806.904,7.303248,0,,,,,696.1110048544217,0.0003506436,408.38008726447885,0.00038469548,-0.012233357,0.067912616
2163.277751794708,17814.03,7.3028297,0.003221201,134757,696.1106241453747,408.3807104857368,16586.58,6.7931204,1429.3611,2.126962,17814.03,7.3028297,0,,,,,696.1106241453747,0.0003507611,408.3807104857368,0.00038489827,-0.01283975,0.0681615
2163.2846962987574,17807.148,7.305038,0.0032212636,134758,696.109885936767,408.38021645904047,16584.719,6.7951746,1430.2577,2.1327176,17807.148,7.305038,0,,,,,696.109885936767,0.0003507862,408.38021645904047,0.00038488864,-0.013519101,0.06792831
2163.291640802807,17804.596,7.3008614,0.0032213263,134759,696.1091881304449,408.37903991979874,16573.885,6.7912893,1432.0897,2.1266701,17804.596,7.3008614,0,,,,,696.1091881304449,0.0003512142,408.37903991979874,0.00038523617,-0.013882375,0.067804344
2163.2985853066234,17813.87,7.3037605,0.0032213887,134760,696.1091338575243,408.3799553208357,16586.51,6.7939863,1430.6265,2.1281874,17813.87,7.3037605,0,,,,,696.1091338575243,0.00035062796,408.3799553208357,0.0003850846,-0.01419024,0.06804164
2163.30552981044,17831.418,7.3087845,0.003221451,134761,696.1116168319157,408.381091947267,16596.281,6.7986593,1434.1019,2.133617,17831.418,7.3087845,0,,,,,696.1116168319157,0.00035110567,408.381091947267,0.00038545398,-0.012091474,0.06949811
2163.3124743142566,17825.803,7.30452,0.0032215135,134762,696.1089815118002,408.37922093856866,16591.889,6.7946925,1429.7728,2.1281276,17825.803,7.30452,0,,,,,696.1089815118002,0.00035057912,408.37922093856866,0.00038542287,-0.0139917,0.0674792
2163.3194188178404,17801.188,7.30453,0.0032215756,134763,696.110227314669,408.3798294870371,16576.33,6.7947025,1429.6022,2.1369257,17801.188,7.30453,0,,,,,696.110227314669,0.00035093934,408.3798294870371,0.00038518643,-0.013716743,0.06819675
2163.326363321424,17813.45,7.307711,0.0032216378,134764,696.1108579616296,408.3786374530943,16591.03,6.797661,1428.8131,2.1326334,17813.45,7.307711,0,,,,,696.1108579616296,0.00035065855,408.3786374530943,0.00038512898,-0.012675245,0.06732122
2163.333307825008,17811.896,7.3062315,0.0032217,134765,696.1093899709265,408.3805876700784,16586.963,6.7962847,1427.9097,2.13346,17811.896,7.3062315,0,,,,,696.1093899709265,0.00035105113,408.3805876700784,0.00038485945,-0.01453315,0.06872499
2163.340252328359,17808.596,7.3029146,0.003221762,134766,696.1110356068192,408.37906011908984,16582.627,6.793199,1428.4434,2.1278076,17808.596,7.3029146,0,,,,,696.1110356068192,0.00035087357,408.37906011908984,0.00038514062,-0.012853271,0.067025095
2163.34719683171,17816.814,7.3075314,0.0032218238,134767,696.1094124588135,408.3800096507457,16592.738,6.7974935,1430.7488,2.135886,17816.814,7.3075314,0,,,,,696.1094124588135,0.00035073352,408.3800096507457,0.00038477304,-0.014633974,0.068727404
2163.3541413350604,17834.219,7.310653,0.0032218858,134768,696.1098444012583,408.38008056885786,16603.898,6.800398,1430.4348,2.1359892,17834.219,7.310653,0,,,,,696.1098444012583,0.00035041405,408.38008056885786,0.0003851534,-0.013800677,0.067980446
2163.361085838178,17819.564,7.3055606,0.0032219475,134769,696.110416849133,408.3779676490256,16590.744,6.7956605,1428.7025,2.1322238,17819.564,7.3055606,0,,,,,696.110416849133,0.00035082723,408.3779676490256,0.00038510375,-0.012799523,0.06605455
2163.3680303412966,17804.988,7.3038125,0.0032220092,134770,696.1101259433069,408.3816609380732,16584.045,6.7940345,1431.2689,2.1277034,17804.988,7.3038125,0,,,,,696.1101259433069,0.0003508521,408.3816609380732,0.00038505,-0.013401323,0.06952755
2163.3749748444143,17819.943,7.303665,0.0032220709,134771,696.1088951133285,408.37753479861493,16594.654,6.793897,1429.0962,2.1267273,17819.943,7.303665,0,,,,,696.1088951133285,0.0003505595,408.37753479861493,0.000384988,-0.0144883245,0.06595997
2163.3819193473,17805.688,7.3046145,0.0032221323,134772,696.1095473847142,408.37974702866507,16577.996,6.7947803,1430.5573,2.1291292,17805.688,7.3046145,0,,,,,696.1095473847142,0.00035071166,408.37974702866507,0.00038575983,-0.013676729,0.068105526
2163.388863850185,17818.357,7.305532,0.0032221938,134773,696.1097816525288,408.3794037124428,16590.553,6.7956343,1430.4452,2.128811,17818.357,7.305532,0,,,,,696.1097816525288,0.00035068265,408.3794037124428,0.000385056,-0.0143653285,0.066272385
2163.3958083530706,17810.54,7.303712,0.0032222553,134774,696.1095189372495,408.38077324929554,16584.871,6.793941,1430.9575,2.1288126,17810.54,7.303712,0,,,,,696.1095189372495,0.00035084915,408.38077324929554,0.00038492624,-0.013413652,0.07028321
2163.4027528557226,17821.365,7.3059206,0.0032223165,134775,696.1110683247192,408.3780388865235,16585.295,6.795995,1433.3518,2.1303132,17821.365,7.3059206,0,,,,,696.1110683247192,0.00035092203,408.3780388865235,0.00038570943,-0.012024925,0.06614758
2163.4096973583755,17814.273,7.3057013,0.0032223777,134776,696.1095471274779,408.38191612333355,16587.273,6.7957916,1430.6229,2.1292486,17814.273,7.3057013,0,,,,,696.1095471274779,0.00035072656,408.38191612333355,0.00038531615,-0.013888395,0.069639884
2163.4166418610275,17830.357,7.30537,0.003222439,134777,696.1104796720986,408.3801549746803,16600.533,6.795483,1431.6488,2.1283052,17830.357,7.30537,0,,,,,696.1104796720986,0.00035031888,408.3801549746803,0.00038478637,-0.013554431,0.06893718
2163.4235863634476,17816.604,7.3085623,0.0032225,134778,696.1099798234688,408.37860754833457,16591.576,6.798453,1429.5096,2.1359088,17816.604,7.3085623,0,,,,,696.1099798234688,0.0003507316,408.37860754833457,0.00038512086,-0.013530084,0.06671161
2163.430530865867,17823.838,7.3059993,0.003222561,134779,696.1081978331445,408.3784622583157,16597.027,6.796068,1430.0343,2.1308188,17823.838,7.3059993,0,,,,,696.1081978331445,0.00035043273,408.3784622583157,0.00038485156,-0.015474035,0.06684516
2163.4374753682873,17821.666,7.305952,0.003222622,134780,696.1105866190669,408.3827313353333,16593.441,6.796025,1432.6912,2.1316388,17821.666,7.305952,0,,,,,696.1105866190669,0.00035073966,408.3827313353333,0.00038495893,-0.01173627,0.072034284
2163.444419870474,17819.037,7.3037515,0.0032226827,134781,696.1080397434777,408.37812027559875,16587.816,6.7939777,1431.8756,2.128769,17819.037,7.3037515,0,,,,,696.1080397434777,0.0003506552,408.37812027559875,0.00038528608,-0.0152985705,0.06585416
2163.4513643726605,17835.29,7.307482,0.0032227435,134782,696.1110269892414,408.3780980606001,16592.664,6.7974477,1427.901,2.1318433,17835.29,7.307482,0,,,,,696.1110269892414,0.00035080756,408.3780980606001,0.00038580518,-0.013225461,0.06547072
2163.4583088748477,17814.121,7.3027987,0.0032228043,134783,696.1106001655937,408.38047109069294,16587.45,6.793092,1428.9202,2.1259224,17814.121,7.3027987,0,,,,,696.1106001655937,0.0003506882,408.38047109069294,0.0003851132,-0.012692232,0.06849528
2163.4652533768012,17823.047,7.3041167,0.0032228648,134784,696.1088910559909,408.3781364019824,16595.893,6.7943172,1425.713,2.12709,17823.047,7.3041167,0,,,,,696.1088910559909,0.00035050773,408.3781364019824,0.00038499635,-0.014299543,0.06604214
2163.4721978787557,17822.52,7.304864,0.0032229254,134785,696.1089885831816,408.3804333055947,16597.334,6.7950125,1432.001,2.1280107,17822.52,7.304864,0,,,,,696.1089885831816,0.00035053008,408.3804333055947,0.0003846279,-0.014118282,0.0692782
2163.479142380709,17815.18,7.302861,0.003222986,134786,696.1079912921729,408.37823624966694,16585.383,6.7931495,1428.5687,2.1277142,17815.18,7.302861,0,,,,,696.1079912921729,0.00035070037,408.37823624966694,0.00038533125,-0.014888772,0.065856814
2163.4860868824308,17820.473,7.305494,0.0032230462,134787,696.1097735382466,408.3799886287183,16595.184,6.7955985,1429.7045,2.129597,17820.473,7.305494,0,,,,,696.1097735382466,0.0003507295,408.3799886287183,0.00038490014,-0.013730362,0.06805785
2163.4930313841514,17825.398,7.3103027,0.0032231065,134788,696.1089268766771,408.379271992057,16591.115,6.800072,1427.6147,2.1391468,17825.398,7.3103027,0,,,,,696.1089268766771,0.0003507289,408.379271992057,0.0003855934,-0.014348137,0.067317106
2163.499975885873,17818.121,7.303847,0.0032231668,134789,696.1096200032727,408.38065275363675,16582.434,6.794067,1430.4745,2.130982,17818.121,7.303847,0,,,,,696.1096200032727,0.00035074828,408.38065275363675,0.00038566368,-0.013153005,0.06819932
2163.506920387361,17813.877,7.3111596,0.0032232269,134790,696.1098500505138,408.37582648245206,16584.975,6.8008685,1429.1976,2.1380289,17813.877,7.3111596,0,,,,,696.1098500505138,0.00035077453,408.37582648245206,0.00038608236,-0.014160232,0.06307898
2163.5138648888496,17831.77,7.3067913,0.003223287,134791,696.1110808944467,408.3804058353842,16596.154,6.796806,1430.8281,2.1329002,17831.77,7.3067913,0,,,,,696.1110808944467,0.00035077243,408.3804058353842,0.00038533553,-0.012288288,0.06850086
2163.5208093903375,17811.576,7.302904,0.003223347,134792,696.1082249264591,408.3793217934098,16585.473,6.79319,1427.7943,2.1262114,17811.576,7.302904,0,,,,,696.1082249264591,0.00035086673,408.3793217934098,0.00038497563,-0.015328577,0.067355745
2163.5277538915934,17817.924,7.306911,0.0032234068,134793,696.1095099451518,408.3795810574381,16592.46,6.7969165,1428.6912,2.1291916,17817.924,7.306911,0,,,,,696.1095099451518,0.00035077767,408.3795810574381,0.00038524668,-0.013755773,0.06797646
2163.5346983928484,17823.76,7.3025866,0.0032234667,134794,696.1084795271613,408.3779685339875,16585.238,6.7928944,1429.093,2.1263359,17823.76,7.3025866,0,,,,,696.1084795271613,0.00035086082,408.3779685339875,0.0003855457,-0.014611793,0.06603245
2163.541642894105,17822.719,7.3042216,0.0032235265,134795,696.1087292568342,408.3778030343179,16590.84,6.794415,1429.6742,2.1284945,17822.719,7.3042216,0,,,,,696.1087292568342,0.00035061347,408.3778030343179,0.00038517278,-0.014003934,0.0661089
2163.5485873951275,17823.486,7.3046417,0.0032235861,134796,696.1096662637876,408.37798193243685,16588.191,6.794806,1430.9009,2.1328218,17823.486,7.3046417,0,,,,,696.1096662637876,0.0003505487,408.37798193243685,0.00038520186,-0.013599561,0.065974765
2163.555531896383,17827.03,7.306241,0.003223646,134797,696.1108721390287,408.3794861793779,16601.684,6.7962933,1429.9996,2.1290734,17827.03,7.306241,0,,,,,696.1108721390287,0.00035054164,408.3794861793779,0.0003848263,-0.012505729,0.068118565
2163.5624763971728,17803.688,7.303818,0.0032237053,134798,696.1089227524852,408.3769494015656,16575.125,6.79404,1428.5479,2.1291888,17803.688,7.303818,0,,,,,696.1089227524852,0.00035113437,408.3769494015656,0.00038547453,-0.013975894,0.06493358
2163.5694208981954,17818.482,7.3037233,0.003223765,134799,696.1094072917958,408.37875079041135,16590.676,6.7939515,1430.4971,2.1276815,17818.482,7.3037233,0,,,,,696.1094072917958,0.00035059924,408.37875079041135,0.0003850185,-0.0144466525,0.06744994
2163.576365398985,17811.623,7.3044834,0.0032238243,134800,696.109155510729,408.378966880346,16580.807,6.7946587,1432.2429,2.1335413,17811.623,7.3044834,0,,,,,696.109155510729,0.0003507841,408.378966880346,0.00038524033,-0.014161916,0.06672159
2163.583309899542,17813.434,7.3076262,0.0032238835,134801,696.1102465398767,408.37848152540636,16582.277,6.797582,1429.4229,2.1302922,17813.434,7.3076262,0,,,,,696.1102465398767,0.00035102761,408.37848152540636,0.00038601167,-0.013615119,0.066330075
2163.590254400332,17817.543,7.3036666,0.0032239428,134802,696.1093765879348,408.37867757861846,16590.016,6.7938986,1430.186,2.1278071,17817.543,7.3036666,0,,,,,696.1093765879348,0.000350516,408.37867757861846,0.00038507575,-0.014470644,0.06683236
2163.597198900889,17811.066,7.302467,0.003224002,134803,696.1104392727366,408.3798966369441,16581.096,6.792783,1432.363,2.1277812,17811.066,7.302467,0,,,,,696.1104392727366,0.00035069016,408.3798966369441,0.00038522267,-0.012958089,0.06791806
2163.604143401213,17814.293,7.3013043,0.0032240609,134804,696.1084949458723,408.3772038278907,16585.668,6.7917013,1428.454,2.1257358,17814.293,7.3013043,0,,,,,696.1084949458723,0.00035068035,408.3772038278907,0.00038492624,-0.014962153,0.06516982
2163.61108790177,17811.686,7.305987,0.00322412,134805,696.1077092954984,408.37924737702036,16583.822,6.796057,1432.5018,2.1364522,17811.686,7.305987,0,,,,,696.1077092954984,0.00035085974,408.37924737702036,0.00038511603,-0.0150660835,0.06762614
2163.6180324020934,17804.438,7.3024364,0.003224179,134806,696.1091520739886,408.37949090152364,16578.11,6.792754,1428.0989,2.1286252,17804.438,7.3024364,0,,,,,696.1091520739886,0.0003511066,408.37949090152364,0.00038518265,-0.014021912,0.06734488
2163.624976902417,17826.084,7.3039966,0.0032242378,134807,696.1087286070905,408.3799900079224,16598.582,6.7942057,1429.3792,2.1252432,17826.084,7.3039966,0,,,,,696.1087286070905,0.00035036533,408.3799900079224,0.00038478788,-0.0143209975,0.068056025
2163.631921402508,17812.203,7.301809,0.0032242965,134808,696.1098777960634,408.3789905035393,16582.16,6.792171,1429.8427,2.127845,17812.203,7.301809,0,,,,,696.1098777960634,0.0003506985,408.3789905035393,0.00038515814,-0.014043655,0.06626327
2163.6388659025997,17825.266,7.303827,0.0032243552,134809,696.1099250978824,408.3802186965012,16588.414,6.794048,1429.157,2.1283498,17825.266,7.303827,0,,,,,696.1099250978824,0.00035051873,408.3802186965012,0.00038572852,-0.01361265,0.06821691
2163.6458104026915,17826.979,7.3084903,0.0032244138,134810,696.1095403716994,408.3772735784062,16601.314,6.798386,1430.6786,2.1314702,17826.979,7.3084903,0,,,,,696.1095403716994,0.00035053733,408.3772735784062,0.0003851574,-0.014063095,0.06570177
2163.65275490255,17824.941,7.30595,0.0032244723,134811,696.1095417751854,408.3792569800819,16599.213,6.7960234,1428.7325,2.1299572,17824.941,7.30595,0,,,,,696.1095417751854,0.00035053163,408.3792569800819,0.0003847953,-0.013846204,0.06705203
2163.6596994024085,17805.1,7.302318,0.0032245307,134812,696.1085649735004,408.3783486067113,16577.543,6.792644,1428.9742,2.1280437,17805.1,7.302318,0,,,,,696.1085649735004,0.0003507126,408.3783486067113,0.00038544764,-0.014740773,0.06586668
2163.666643902267,17820.453,7.3044667,0.0032245892,134813,696.1097659506764,408.3788030356441,16594.39,6.7946434,1426.6963,2.1292353,17820.453,7.3044667,0,,,,,696.1097659506764,0.00035057258,408.3788030356441,0.00038488087,-0.014431428,0.06649946
2163.6735884018926,17829.445,7.3052125,0.0032246474,134814,696.1101828745569,408.37931664371115,16598.254,6.7953367,1424.4607,2.127948,17829.445,7.3052125,0,,,,,696.1101828745569,0.00035073396,408.37931664371115,0.00038503215,-0.013244104,0.06695095
2163.680532901751,17813.744,7.3014817,0.0032247058,134815,696.108368568091,408.37945149604997,16570.795,6.7918663,1431.8213,2.1302063,17813.744,7.3014817,0,,,,,696.108368568091,0.00035127698,408.37945149604997,0.00038570203,-0.015481328,0.06704799
2163.687477401144,17810.113,7.302728,0.0032247638,134816,696.1094151444078,408.3774075118744,16581.03,6.793026,1425.1188,2.1279461,17810.113,7.302728,0,,,,,696.1094151444078,0.0003511389,408.3774075118744,0.00038524013,-0.013778855,0.06568987
2163.6944219007696,17819.887,7.3054657,0.003224822,134817,696.1095105891729,408.37812982435634,16596.516,6.7955728,1428.9746,2.1291852,17819.887,7.3054657,0,,,,,696.1095105891729,0.0003506578,408.37812982435634,0.00038479545,-0.013923211,0.066423155
2163.7013664001624,17815.791,7.306154,0.00322488,134818,696.107801519592,408.3776420840175,16591.055,6.796212,1431.9985,2.1329162,17815.791,7.306154,0,,,,,696.107801519592,0.00035077307,408.3776420840175,0.00038488157,-0.015505505,0.065691136
2163.7083108995553,17812.621,7.307037,0.003224938,134819,696.1097796542306,408.3785159970761,16587.09,6.797034,1427.7213,2.1357958,17812.621,7.307037,0,,,,,696.1097796542306,0.00035080046,408.3785159970761,0.00038509065,-0.013593236,0.06710781
2163.7152553987153,17809.871,7.302078,0.0032249957,134820,696.1083397424419,408.37561451102835,16579.807,6.792421,1429.2642,2.1260366,17809.871,7.302078,0,,,,,696.1083397424419,0.00035076245,408.37561451102835,0.0003853671,-0.015463081,0.06281722
2163.7221998978753,17810.637,7.303089,0.0032250534,134821,696.109540946715,408.3793594790617,16579.7,6.7933617,1432.8387,2.1297936,17810.637,7.303089,0,,,,,696.109540946715,0.00035082322,408.3793594790617,0.00038541382,-0.014086619,0.06713928
2163.7291443970353,17828.559,7.3048115,0.0032251112,134822,696.1097316781952,408.3788796270793,16590.172,6.794964,1428.515,2.1317532,17828.559,7.3048115,0,,,,,696.1097316781952,0.00035060174,408.3788796270793,0.000385615,-0.013524449,0.06656996
2163.736088895963,17820.549,7.303785,0.0032251687,134823,696.1096979554485,408.3761892003436,16590.959,6.7940087,1427.5449,2.1287007,17820.549,7.303785,0,,,,,696.1096979554485,0.0003505606,408.3761892003436,0.00038530922,-0.013543916,0.06401838
2163.7430333951233,17824.043,7.303634,0.0032252264,134824,696.1095487929682,408.37965185343285,16592.697,6.793869,1429.1094,2.1265383,17824.043,7.303634,0,,,,,696.1095487929682,0.00035045203,408.37965185343285,0.00038513387,-0.013663262,0.06711202
2163.7499778938172,17829.863,7.3077455,0.0032252837,134825,696.1101017242413,408.37875036892734,16599.74,6.797693,1427.5988,2.1364944,17829.863,7.3077455,0,,,,,696.1101017242413,0.00035024277,408.37875036892734,0.0003848616,-0.0136027625,0.06669687
2163.756922392745,17816.686,7.3022976,0.0032253412,134826,696.1086745889647,408.3758251627823,16588.643,6.792625,1428.7205,2.1265678,17816.686,7.3022976,0,,,,,696.1086745889647,0.00035064877,408.3758251627823,0.00038481064,-0.015368181,0.063566096
2163.7638668914387,17828.422,7.3057804,0.0032253985,134827,696.108479068776,408.3789344229436,16599.604,6.795865,1426.9579,2.1294985,17828.422,7.3057804,0,,,,,696.108479068776,0.00035027938,408.3789344229436,0.0003849675,-0.014893862,0.06624032
2163.7708113901335,17814.61,7.3050866,0.0032254558,134828,696.1087009590017,408.37721494861603,16584.766,6.7952194,1430.6704,2.1311157,17814.61,7.3050866,0,,,,,696.1087009590017,0.00035110075,408.37721494861603,0.0003851975,-0.015051182,0.064353526
2163.7777558885946,17810.059,7.3063836,0.0032255128,134829,696.1100285607819,408.37728074282455,16574.648,6.796426,1432.6548,2.1287594,17810.059,7.3063836,0,,,,,696.1100285607819,0.0003514822,408.37728074282455,0.00038615137,-0.013310228,0.06490099
2163.7847003872894,17814.262,7.302296,0.00322557,134830,696.1094886101573,408.3784621395771,16580.785,6.7926235,1430.4338,2.1284091,17814.262,7.302296,0,,,,,696.1094886101573,0.00035085177,408.3784621395771,0.00038531265,-0.01353024,0.067163564
2163.7916448855176,17812.727,7.3026595,0.003225627,134831,696.1102852342398,408.37647217358375,16587.033,6.792962,1428.3961,2.1271067,17812.727,7.3026595,0,,,,,696.1102852342398,0.00035059245,408.37647217358375,0.00038510415,-0.013014927,0.063950576
2163.7985893839796,17829.375,7.30424,0.003225684,134832,696.1089341797054,408.37908383719815,16598.771,6.794432,1429.2845,2.127203,17829.375,7.30424,0,,,,,696.1089341797054,0.00035055168,408.37908383719815,0.0003849118,-0.014624768,0.06689271
2163.805533882208,17805.93,7.3031855,0.0032257407,134833,696.1088979668651,408.37727562788115,16578.643,6.7934513,1433.2437,2.1312456,17805.93,7.3031855,0,,,,,696.1088979668651,0.00035084918,408.37727562788115,0.00038505098,-0.014916665,0.06472494
2163.8124783804365,17815.486,7.3024025,0.0032257976,134834,696.1097445949655,408.37707786664475,16584.324,6.7927227,1431.468,2.1266418,17815.486,7.3024025,0,,,,,696.1097445949655,0.00035083527,408.37707786664475,0.00038530666,-0.014004678,0.06441557
2163.8194228784323,17834.826,7.310239,0.0032258541,134835,696.1080968105983,408.37731681605004,16601.922,6.800012,1432.9093,2.1323645,17834.826,7.310239,0,,,,,696.1080968105983,0.0003506477,408.37731681605004,0.00038524973,-0.014985789,0.065464
2163.826367376661,17824.566,7.3040442,0.003225911,134836,696.1099238939009,408.3803538984915,16592.506,6.79425,1431.1127,2.127623,17824.566,7.3040442,0,,,,,696.1099238939009,0.00035070893,408.3803538984915,0.00038514516,-0.01366477,0.068449
2163.833311874657,17822.264,7.303303,0.0032259675,134837,696.1101101685028,408.37812593276936,16588.299,6.7935605,1428.2107,2.1280625,17822.264,7.303303,0,,,,,696.1101101685028,0.00035066798,408.37812593276936,0.0003851687,-0.014116831,0.06619899
2163.8402563724203,17817.85,7.306363,0.0032260239,134838,696.1096716682523,408.3770575098148,16588.104,6.7964067,1430.5469,2.135516,17817.85,7.306363,0,,,,,696.1096716682523,0.0003509448,408.3770575098148,0.0003852828,-0.012755863,0.064176366
2163.8472008701838,17815.979,7.3036323,0.0032260802,134839,696.1075246856641,408.378290762013,16587.576,6.793867,1432.5125,2.1292298,17815.979,7.3036323,0,,,,,696.1075246856641,0.0003504798,408.378290762013,0.0003850027,-0.0159523,0.06596141
2163.8541453679463,17826.877,7.306459,0.0032261366,134840,696.1094483698463,408.3766007329653,16594.07,6.7964964,1427.4512,2.1351738,17826.877,7.306459,0,,,,,696.1094483698463,0.00035062435,408.3766007329653,0.00038503247,-0.0133513585,0.064396076
2163.86108986571,17827.602,7.304348,0.003226193,134841,696.109618226897,408.37724259562526,16598.305,6.794533,1427.2693,2.1267421,17827.602,7.304348,0,,,,,696.109618226897,0.00035063134,408.37724259562526,0.00038483215,-0.01370618,0.065467
2163.8680343632395,17825.18,7.3072824,0.003226249,134842,696.1096479502743,408.37820509973045,16593.818,6.797262,1429.0303,2.1272998,17825.18,7.3072824,0,,,,,696.1096479502743,0.00035079406,408.37820509973045,0.00038565736,-0.01443236,0.06589717
2163.87497886077,17806.701,7.3011303,0.0032263051,134843,696.1094635640727,408.37696066808127,16570.146,6.7915397,1429.9585,2.1304622,17806.701,7.3011303,0,,,,,696.1094635640727,0.00035092712,408.37696066808127,0.00038575236,-0.013989327,0.064786166
2163.8819233583,17829.205,7.306172,0.0032263612,134844,696.1087628196034,408.3754808228029,16596.598,6.7962294,1427.83,2.1343317,17829.205,7.306172,0,,,,,696.1087628196034,0.00035050217,408.3754808228029,0.0003849755,-0.013833609,0.06305209
2163.8888678555977,17807.875,7.302093,0.0032264171,134845,696.1089029338762,408.37823136219095,16576.6,6.792435,1433.7965,2.127627,17807.875,7.302093,0,,,,,696.1089029338762,0.00035100072,408.37823136219095,0.00038535838,-0.014747451,0.06614357
2163.8958123528946,17815.588,7.3060894,0.003226473,134846,696.1076771833625,408.3773822210851,16589.865,6.7961526,1428.8418,2.1337802,17815.588,7.3060894,0,,,,,696.1076771833625,0.0003506641,408.3773822210851,0.00038503867,-0.015367978,0.065265775
2163.9027568501924,17804.887,7.302039,0.0032265289,134847,696.1080989399993,408.3781621147183,16575.19,6.7923846,1430.6552,2.1273277,17804.887,7.302039,0,,,,,696.1080989399993,0.00035079263,408.3781621147183,0.0003855808,-0.015502098,0.06496283
2163.9097013472565,17827.842,7.3054347,0.0032265845,134848,696.1090137116493,408.37708057100747,16594.312,6.795543,1425.1626,2.1307802,17827.842,7.3054347,0,,,,,696.1090137116493,0.00035062613,408.37708057100747,0.00038548908,-0.014745808,0.06512841
2163.9166458443215,17818.793,7.3013067,0.0032266402,134849,696.1098648550853,408.3784101508678,16584.252,6.791704,1424.4296,2.1260421,17818.793,7.3013067,0,,,,,696.1098648550853,0.00035071248,408.3784101508678,0.0003854083,-0.013181781,0.06621794
2163.9235903411527,17815.703,7.3073764,0.0032266956,134850,696.1108091815628,408.37893624251797,16582.682,6.79735,1430.0187,2.1378236,17815.703,7.3073764,0,,,,,696.1108091815628,0.00035111915,408.37893624251797,0.00038562066,-0.012691382,0.06624575
2163.9305348382177,17819.72,7.3035088,0.0032267512,134851,696.109522331991,408.37523318923274,16589.723,6.793752,1424.1897,2.1256645,17819.72,7.3035088,0,,,,,696.109522331991,0.00035094903,408.37523318923274,0.00038526068,-0.013433302,0.062498935
2163.937479335049,17804.553,7.300743,0.0032268066,134852,696.1074250061897,408.37818300068835,16575.084,6.791179,1428.4391,2.1281364,17804.553,7.300743,0,,,,,696.1074250061897,0.00035089502,408.37818300068835,0.0003849934,-0.016260257,0.066741675
2163.9444238316487,17827.086,7.306413,0.0032268618,134853,696.108419208905,408.37731789112496,16598.193,6.7964535,1426.2618,2.1317153,17827.086,7.306413,0,,,,,696.108419208905,0.00035078896,408.37731789112496,0.00038476667,-0.015340578,0.06435598
2163.9513683284804,17826.365,7.3039503,0.0032269172,134854,696.1096632416052,408.3778795883361,16595.057,6.7941628,1426.3928,2.1276712,17826.365,7.3039503,0,,,,,696.1096632416052,0.00035078765,408.3778795883361,0.0003851073,-0.013705375,0.06595787
2163.9583128250792,17813.879,7.3008847,0.0032269724,134855,696.1097026486491,408.3793111884524,16580.363,6.791311,1430.0968,2.1260557,17813.879,7.3008847,0,,,,,696.1097026486491,0.000350607,408.3793111884524,0.0003853879,-0.013816085,0.06692299
2163.965257321678,17814.684,7.301554,0.0032270276,134856,696.1098149126717,408.3769383543905,16580.934,6.7919335,1427.265,2.1263149,17814.684,7.301554,0,,,,,696.1098149126717,0.00035065215,408.3769383543905,0.00038532505,-0.014221179,0.06463173
2163.972201818044,17826.676,7.3034024,0.0032270825,134857,696.1096925725033,408.3765301848156,16591.562,6.793653,1427.9366,2.1276283,17826.676,7.3034024,0,,,,,696.1096925725033,0.00035074042,408.3765301848156,0.0003852604,-0.013534322,0.06443373
2163.97914631441,17813.69,7.302801,0.0032271375,134858,696.1089372566528,408.3761086221708,16575.209,6.7930937,1428.3904,2.133054,17813.69,7.302801,0,,,,,696.1089372566528,0.00035109828,408.3761086221708,0.0003856079,-0.014842555,0.06320632
2163.986090810776,17830.943,7.3034725,0.0032271924,134859,696.1075623973406,408.37580277705547,16601.025,6.7937183,1424.1942,2.1258466,17830.943,7.3034725,0,,,,,696.1075623973406,0.00035034912,408.37580277705547,0.00038474644,-0.017080206,0.06326935
2163.9930353069094,17813.541,7.3039894,0.0032272472,134860,696.1096087211972,408.3779966801731,16584.803,6.794199,1431.5774,2.130571,17813.541,7.3039894,0,,,,,696.1096087211972,0.00035089464,408.3779966801731,0.00038524898,-0.014376363,0.065466106
2163.999979803042,17812.904,7.3031206,0.0032273019,134861,696.1097694028525,408.377712149622,16579.723,6.7933908,1429.8817,2.1289937,17812.904,7.3031206,0,,,,,696.1097694028525,0.00035094426,408.377712149622,0.00038573577,-0.013335065,0.06537043
2164.006924299175,17819.168,7.3033943,0.0032273566,134862,696.1086822284502,408.37650314947814,16588.607,6.7936454,1427.4104,2.1286669,17819.168,7.3033943,0,,,,,696.1086822284502,0.00035072095,408.37650314947814,0.00038503984,-0.015084548,0.06430899
2164.013868795075,17821.63,7.30663,0.003227411,134863,696.1087618547947,408.3765519829889,16592.219,6.7966557,1428.1409,2.133785,17821.63,7.30663,0,,,,,696.1087618547947,0.00035048756,408.3765519829889,0.00038510468,-0.014416093,0.064568326
2164.0208132912076,17822.264,7.3041854,0.0032274658,134864,696.1096902529586,408.3781289645328,16593.754,6.7943816,1426.678,2.1268709,17822.264,7.3041854,0,,,,,696.1096902529586,0.0003507262,408.3781289645328,0.0003852168,-0.013961036,0.064682804
2164.0277577868756,17808.555,7.305204,0.00322752,134865,696.1092208336013,408.3781182098841,16578.398,6.7953286,1429.6194,2.1357539,17808.555,7.305204,0,,,,,696.1092208336013,0.00035078533,408.3781182098841,0.00038528416,-0.014070215,0.065952525
2164.0347022827764,17816.758,7.3044143,0.0032275745,134866,696.1073290342981,408.37519966509427,16586.963,6.7945943,1430.2334,2.127587,17816.758,7.3044143,0,,,,,696.1073290342981,0.0003507222,408.37519966509427,0.00038527677,-0.01590031,0.06242054
2164.041646778444,17808.428,7.30546,0.0032276288,134867,696.1072793495247,408.37539386843787,16581.809,6.7955675,1432.3707,2.1306171,17808.428,7.30546,0,,,,,696.1072793495247,0.00035069487,408.37539386843787,0.00038534214,-0.016656553,0.06322753
2164.0485912741115,17823.61,7.304986,0.003227683,134868,696.1085742958337,408.3773073757034,16594.855,6.795126,1428.219,2.1297247,17823.61,7.304986,0,,,,,696.1085742958337,0.0003507013,408.3773073757034,0.00038487802,-0.015217136,0.06500347
2164.055535769546,17816.295,7.3062816,0.003227737,134869,696.1099340025936,408.37722979551984,16589.912,6.7963314,1428.8721,2.1336238,17816.295,7.3062816,0,,,,,696.1099340025936,0.00035075867,408.37722979551984,0.00038513108,-0.014239027,0.06485223
2164.062480264981,17825.484,7.3077416,0.003227791,134870,696.1093901503273,408.3778061262761,16600.398,6.79769,1428.4812,2.1336014,17825.484,7.3077416,0,,,,,696.1093901503273,0.00035057802,408.3778061262761,0.00038496993,-0.013950079,0.06583416
2164.0694247604156,17819.582,7.304392,0.003227845,134871,696.1094869181029,408.3737905819532,16596.205,6.794574,1432.2217,2.1276925,17819.582,7.304392,0,,,,,696.1094869181029,0.00035050258,408.3737905819532,0.0003848875,-0.014082557,0.06120993
2164.0763692558503,17817.285,7.304528,0.003227899,134872,696.1073666746419,408.37602952519626,16594.61,6.7947,1430.4127,2.1292455,17817.285,7.304528,0,,,,,696.1073666746419,0.0003504393,408.37602952519626,0.00038476504,-0.015974151,0.063548855
2164.083313751052,17825.582,7.3043756,0.0032279529,134873,696.1084681983733,408.3776360915132,16597.49,6.7945585,1427.5415,2.1280675,17825.582,7.3043756,0,,,,,696.1084681983733,0.00035037645,408.3776360915132,0.00038482455,-0.015243225,0.064888604
2164.090258246254,17825.87,7.3031654,0.0032280067,134874,696.1073369305371,408.37621470395896,16591.404,6.793432,1425.9414,2.1260183,17825.87,7.3031654,0,,,,,696.1073369305371,0.00035058547,408.37621470395896,0.0003854205,-0.016519763,0.06266552
2164.097202741223,17820.271,7.304049,0.0032280602,134875,696.1099749539287,408.37576541640044,16591.904,6.7942543,1428.7002,2.1285143,17820.271,7.304049,0,,,,,696.1099749539287,0.00035054632,408.37576541640044,0.00038507712,-0.013433317,0.064023994
2164.104147236425,17820.414,7.304154,0.003228114,134876,696.1086262772909,408.37808817441555,16591.637,6.794352,1430.4404,2.1267538,17820.414,7.304154,0,,,,,696.1086262772909,0.0003505227,408.37808817441555,0.00038510308,-0.014863886,0.06593905
2164.111091731394,17818.225,7.3033834,0.0032281675,134877,696.1085235959894,408.3764057614718,16585.049,6.793636,1429.3082,2.1305542,17818.225,7.3033834,0,,,,,696.1085235959894,0.00035065968,408.3764057614718,0.0003853635,-0.014226151,0.06402373
2164.1180362261302,17808.38,7.303356,0.0032282209,134878,696.1105701252284,408.37608166127893,16579.805,6.79361,1429.8326,2.1291077,17808.38,7.303356,0,,,,,696.1105701252284,0.00035090846,408.37608166127893,0.00038533882,-0.013283661,0.06422385
2164.1249807208665,17818.543,7.3051195,0.0032282742,134879,696.1099659288623,408.37683002731046,16591.47,6.7952504,1431.3658,2.13069,17818.543,7.3051195,0,,,,,696.1099659288623,0.00035071158,408.37683002731046,0.00038493884,-0.01408906,0.06490494
2164.1319252156027,17816.602,7.305589,0.0032283275,134880,696.1068689077939,408.3715885282871,16579.371,6.795687,1430.0692,2.1348436,17816.602,7.305589,0,,,,,696.1068689077939,0.00035098847,408.3715885282871,0.0003857756,-0.016903406,0.058747876
2164.1388697103393,17819.098,7.30338,0.0032283808,134881,696.1091290045649,408.37661761523356,16591.922,6.793632,1426.8671,2.1256938,17819.098,7.30338,0,,,,,696.1091290045649,0.00035055543,408.37661761523356,0.0003851362,-0.013714519,0.06518743
2164.145814204843,17833.672,7.3058243,0.003228434,134882,696.1081129709077,408.37713356617405,16603.318,6.795906,1426.7972,2.1278257,17833.672,7.3058243,0,,,,,696.1081129709077,0.00035042682,408.37713356617405,0.000385014,-0.015282935,0.064677835
2164.152758699346,17821.254,7.30425,0.003228487,134883,696.1089214215963,408.3784776804915,16597.344,6.794441,1425.4926,2.127534,17821.254,7.30425,0,,,,,696.1089214215963,0.0003505376,408.3784776804915,0.00038475372,-0.014020879,0.06584296
2164.15970319385,17828.738,7.30654,0.00322854,134884,696.109145196514,408.3747995275428,16600.883,6.7965717,1427.2594,2.1275027,17828.738,7.30654,0,,,,,696.109145196514,0.000350209,408.3747995275428,0.00038516603,-0.01449107,0.061595477
2164.16664768812,17825.705,7.303918,0.003228593,134885,696.1090836161144,408.37758844931074,16592.55,6.7941327,1431.1387,2.1288989,17825.705,7.303918,0,,,,,696.1090836161144,0.00035056207,408.37758844931074,0.00038502718,-0.014460071,0.064120695
2164.173592182391,17813.256,7.304438,0.0032286458,134886,696.1085104747683,408.3765825057556,16587.227,6.7946167,1429.7417,2.1312258,17813.256,7.304438,0,,,,,696.1085104747683,0.00035067418,408.3765825057556,0.0003850634,-0.014525032,0.06429197
2164.180536676661,17822.434,7.307001,0.0032286986,134887,696.1093242840996,408.37501918226286,16587.467,6.7970004,1430.5757,2.135026,17822.434,7.307001,0,,,,,696.1093242840996,0.00035110468,408.37501918226286,0.00038524804,-0.013846013,0.061929878
2164.187481170699,17817.016,7.3012834,0.0032287512,134888,696.1084148498973,408.3773540231196,16580.27,6.791682,1428.8998,2.1267288,17817.016,7.3012834,0,,,,,696.1084148498973,0.00035088343,408.3773540231196,0.00038541446,-0.015687793,0.06452914
2164.1944256649695,17815.553,7.3069725,0.003228804,134889,696.1077321804852,408.3760094905952,16582.887,6.796974,1433.0818,2.132918,17815.553,7.3069725,0,,,,,696.1077321804852,0.00035079458,408.3760094905952,0.00038575174,-0.01565598,0.063498944
2164.2013701587744,17832.8,7.3072968,0.0032288565,134890,696.1077503714795,408.3758144369851,16604.314,6.7972755,1431.7388,2.13179,17832.8,7.3072968,0,,,,,696.1077503714795,0.00035037939,408.3758144369851,0.0003848781,-0.015679993,0.06344786
2164.208314652812,17828.273,7.3036175,0.003228909,134891,696.1099882203843,408.37531722445067,16597.084,6.793853,1428.0199,2.1266224,17828.273,7.3036175,0,,,,,696.1099882203843,0.00035052557,408.37531722445067,0.0003849941,-0.013363738,0.062745646
2164.215259146617,17818.504,7.305163,0.0032289615,134892,696.1082206638895,408.376098558766,16589.693,6.7952905,1431.2849,2.1300619,17818.504,7.305163,0,,,,,696.1082206638895,0.00035060392,408.376098558766,0.00038516533,-0.015027053,0.06280076
2164.222203640422,17821.033,7.302983,0.0032290139,134893,696.109632493867,408.37418367783647,16591.777,6.793263,1428.7007,2.1252084,17821.033,7.302983,0,,,,,696.109632493867,0.00035069464,408.37418367783647,0.00038512834,-0.013807133,0.06144424
2164.229148133994,17821.502,7.303334,0.003229066,134894,696.1088095545138,408.3762712469391,16595.65,6.7935896,1428.7572,2.1265087,17821.502,7.303334,0,,,,,696.1088095545138,0.00035061475,408.3762712469391,0.00038475817,-0.015040429,0.06439449
2164.236092627566,17825.596,7.3056912,0.0032291182,134895,696.109856683202,408.37622606034904,16595.777,6.795782,1425.7035,2.1265202,17825.596,7.3056912,0,,,,,696.109856683202,0.00035080116,408.37622606034904,0.00038537988,-0.0130798975,0.06440228
2164.2430371211385,17819.209,7.304685,0.0032291703,134896,696.1086524687397,408.37595407712035,16583.879,6.794846,1430.606,2.1308818,17819.209,7.304685,0,,,,,696.1086524687397,0.00035086888,408.37595407712035,0.0003855534,-0.015002864,0.06395551
2164.249981614478,17821.436,7.3061876,0.0032292223,134897,696.1076588273598,408.37302806991903,16587.959,6.796244,1430.3644,2.129432,17821.436,7.3061876,0,,,,,696.1076588273598,0.00035055773,408.37302806991903,0.00038588225,-0.015336851,0.060549736
2164.25692610805,17814.053,7.3044624,0.0032292744,134898,696.1100872349281,408.3772757274712,16579.234,6.794639,1429.5432,2.1333814,17814.053,7.3044624,0,,,,,696.1100872349281,0.0003510049,408.3772757274712,0.0003855525,-0.013547851,0.06489709
2164.2638706011567,17822.965,7.3038645,0.003229326,134899,696.1092697568107,408.37565919562854,16584.527,6.7940826,1428.9333,2.1287708,17822.965,7.3038645,0,,,,,696.1092697568107,0.00035123568,408.37565919562854,0.00038542176,-0.013859694,0.062673114
2164.2708150944954,17824.574,7.307525,0.003229378,134900,696.1078689561158,408.37444990219427,16597.365,6.7974877,1428.9297,2.1306436,17824.574,7.307525,0,,,,,696.1078689561158,0.0003506127,408.37444990219427,0.00038510346,-0.015395122,0.061210603
2164.2777595876023,17816.367,7.302094,0.0032294297,134901,696.1089416061592,408.3768054401997,16585.996,6.792436,1427.3356,2.1278422,17816.367,7.302094,0,,,,,696.1089416061592,0.00035057642,408.3768054401997,0.00038518605,-0.014512741,0.06477768
2164.2847040807083,17822.602,7.305849,0.0032294814,134902,696.109132005412,408.3740717587767,16592.914,6.795929,1428.5817,2.1280446,17822.602,7.305849,0,,,,,696.109132005412,0.0003510461,408.3740717587767,0.00038527462,-0.014574951,0.061823454
2164.291648573815,17834.023,7.3039966,0.003229533,134903,696.108597889848,408.3788577187951,16595.209,6.7942057,1429.4711,2.1261513,17834.023,7.3039966,0,,,,,696.108597889848,0.00035072197,408.3788577187951,0.00038519746,-0.014612691,0.06703576
2164.298593066688,17827.15,7.311553,0.0032295845,134904,696.1095571448826,408.3756050387179,16590.479,6.8012347,1431.5027,2.1392741,17827.15,7.311553,0,,,,,696.1095571448826,0.00035105908,408.3756050387179,0.00038565337,-0.014567761,0.06371196
2164.3055375595623,17834.736,7.3058333,0.003229636,134905,696.10953145176,408.3757411655825,16602.402,6.795914,1428.2053,2.129409,17834.736,7.3058333,0,,,,,696.10953145176,0.00035049417,408.3757411655825,0.00038502025,-0.014135342,0.06237109
2164.3124820522025,17815.81,7.300502,0.0032296872,134906,696.1097532368,408.3754460686508,16582.271,6.790955,1426.5602,2.1255052,17815.81,7.300502,0,,,,,696.1097532368,0.0003507016,408.3754460686508,0.0003854557,-0.013621332,0.062123593
2164.3194265450766,17815.148,7.303785,0.0032297387,134907,696.1082361582153,408.3748163896928,16584.803,6.7940087,1429.6189,2.1294482,17815.148,7.303785,0,,,,,696.1082361582153,0.00035097622,408.3748163896928,0.0003853517,-0.0150794685,0.062490694
2164.326371037717,17824.352,7.3029537,0.00322979,134908,696.109591681535,408.3768689984209,16594.121,6.7932353,1428.4235,2.1261563,17824.352,7.3029537,0,,,,,696.109591681535,0.00035034056,408.3768689984209,0.00038525256,-0.014576766,0.06333511
2164.3333155301257,17821.424,7.303829,0.003229841,134909,696.1091913457309,408.3780128782201,16587.9,6.7940497,1425.0308,2.1310158,17821.424,7.303829,0,,,,,696.1091913457309,0.00035081236,408.3780128782201,0.00038507438,-0.013946431,0.06589309
2164.3402600227664,17812.984,7.303007,0.003229892,134910,696.1082426046552,408.37423589319377,16578.328,6.7932854,1432.8789,2.1307747,17812.984,7.303007,0,,,,,696.1082426046552,0.00035071516,408.37423589319377,0.00038578917,-0.015131297,0.061775718
2164.3472045151743,17832.205,7.3064823,0.003229943,134911,696.1097890192551,408.3778769104288,16598.838,6.796518,1425.4193,2.1316855,17832.205,7.3064823,0,,,,,696.1097890192551,0.0003505472,408.3778769104288,0.00038526166,-0.013987737,0.06573803
2164.3541490073494,17821.68,7.308487,0.0032299939,134912,696.1084517432934,408.3728615145584,16588.076,6.7983823,1429.2931,2.129755,17821.68,7.308487,0,,,,,696.1084517432934,0.00035083698,408.3728615145584,0.00038602523,-0.014898239,0.05926265
2164.3610934997573,17827.334,7.306884,0.0032300449,134913,696.1082936059353,408.3779516066239,16593.547,6.796891,1427.7994,2.1315892,17827.334,7.306884,0,,,,,696.1082936059353,0.00035095742,408.3779516066239,0.00038511516,-0.014890273,0.06520998
2164.3680379919324,17816.61,7.3034725,0.0032300956,134914,696.1085782589349,408.3732686427955,16583.39,6.7937183,1425.6288,2.1277208,17816.61,7.3034725,0,,,,,696.1085782589349,0.00035086853,408.3732686427955,0.00038573696,-0.014236253,0.060947273
2164.374982484107,17806.9,7.3072557,0.0032301464,134915,696.1070764921499,408.3759739111607,16577.734,6.797238,1433.8298,2.1310735,17806.9,7.3072557,0,,,,,696.1070764921499,0.00035090296,408.3759739111607,0.0003858936,-0.016397573,0.06348543
2164.3819269760497,17813.287,7.303645,0.003230197,134916,696.1091770932696,408.37650314053536,16579.17,6.7938786,1431.6918,2.1325986,17813.287,7.303645,0,,,,,696.1091770932696,0.00035096097,408.37650314053536,0.00038554237,-0.014021172,0.06362522
2164.3888714679915,17821.092,7.303638,0.0032302474,134917,696.1098807514344,408.37675094659807,16587.738,6.793872,1426.5875,2.131741,17821.092,7.303638,0,,,,,696.1098807514344,0.00035047473,408.37675094659807,0.0003852698,-0.014028062,0.06393245
2164.395815959934,17818.986,7.3080964,0.003230298,134918,696.1095247263953,408.3757507530732,16584.68,6.798019,1430.7792,2.145154,17818.986,7.3080964,0,,,,,696.1095247263953,0.00035076047,408.3757507530732,0.0003853625,-0.014334954,0.06321365
2164.402760451643,17827.182,7.3059697,0.0032303482,134919,696.1084938293321,408.37426576127956,16595.648,6.796041,1429.5352,2.1339543,17827.182,7.3059697,0,,,,,696.1084938293321,0.00035042432,408.37426576127956,0.00038509862,-0.01511485,0.061724085
2164.409704943586,17827.389,7.306061,0.0032303988,134920,696.1087481062397,408.37666474673784,16598.623,6.796126,1429.7029,2.1298926,17827.389,7.306061,0,,,,,696.1087481062397,0.00035055735,408.37666474673784,0.00038500974,-0.0142972255,0.06400015
2164.416649435062,17823.69,7.3051944,0.0032304488,134921,696.1072861631999,408.3733367125567,16591.324,6.7953205,1428.5446,2.1300766,17823.69,7.3051944,0,,,,,696.1072861631999,0.00035063145,408.3733367125567,0.00038532162,-0.016883964,0.060429886
2164.423593926772,17820.201,7.3055305,0.003230499,134922,696.1089536009753,408.37603216820986,16583.535,6.795633,1432.1812,2.1339524,17820.201,7.3055305,0,,,,,696.1089536009753,0.00035092008,408.37603216820986,0.0003854156,-0.015208534,0.064085975
2164.430538418248,17822.002,7.305479,0.0032305492,134923,696.1067403448366,408.374887625406,16582.375,6.795585,1428.5697,2.1373541,17822.002,7.305479,0,,,,,696.1067403448366,0.0003507644,408.374887625406,0.00038562165,-0.016319506,0.062926605
2164.4374829097255,17818.484,7.302802,0.0032305992,134924,696.1080471755315,408.37322961577075,16581.758,6.7930946,1427.2883,2.126543,17818.484,7.302802,0,,,,,696.1080471755315,0.00035066827,408.37322961577075,0.00038598632,-0.015052377,0.06022461
2164.4444274009693,17805.635,7.304195,0.003230649,134925,696.1105012510649,408.37638266946385,16577.605,6.7943897,1427.0239,2.127909,17805.635,7.304195,0,,,,,696.1105012510649,0.0003509526,408.37638266946385,0.00038576263,-0.012974268,0.06334291
2164.451371892446,17813.035,7.301608,0.003230699,134926,696.1079925605901,408.37405057447904,16574.945,6.791984,1430.6841,2.1277924,17813.035,7.301608,0,,,,,696.1079925605901,0.000350949,408.37405057447904,0.00038558216,-0.015412683,0.060626414
2164.4583163836896,17836.26,7.306824,0.003230749,134927,696.1068336295107,408.37610875386537,16604.8,6.796836,1427.6118,2.128564,17836.26,7.306824,0,,,,,696.1068336295107,0.00035045602,408.37610875386537,0.0003847505,-0.016502492,0.063089095
2164.4652608747006,17813.672,7.302555,0.0032307985,134928,696.1078149379166,408.3729137740021,16577.22,6.7928643,1429.2478,2.1279986,17813.672,7.302555,0,,,,,696.1078149379166,0.00035079892,408.3729137740021,0.0003855153,-0.016216118,0.0604692
2164.4722053657115,17819.967,7.305449,0.0032308481,134929,696.1086339885597,408.3754421298945,16587.977,6.7955565,1430.0099,2.1294463,17819.967,7.305449,0,,,,,696.1086339885597,0.0003506614,408.3754421298945,0.00038539548,-0.015164381,0.06250365
2164.4791498567224,17805.38,7.302924,0.0032308977,134930,696.1080048687127,408.3768473833564,16573.578,6.793208,1430.1298,2.1328866,17805.38,7.302924,0,,,,,696.1080048687127,0.00035093242,408.3768473833564,0.0003855928,-0.014936808,0.06476183
2164.4860943477333,17813.887,7.3012605,0.0032309473,134931,696.1078163834566,408.37361146792733,16578.297,6.791661,1428.7908,2.127884,17813.887,7.3012605,0,,,,,696.1078163834566,0.00035085657,408.37361146792733,0.00038554322,-0.015645966,0.060854405
2164.4930388385114,17819.756,7.302395,0.0032309967,134932,696.1097910598203,408.3766612058591,16584.373,6.792716,1424.1437,2.1283839,17819.756,7.302395,0,,,,,696.1097910598203,0.0003509106,408.3766612058591,0.00038539676,-0.013689297,0.06450678
2164.4999833292895,17818.629,7.3065157,0.003231046,134933,696.1077114265014,408.37141037953074,16584.334,6.796549,1434.5222,2.1367872,17818.629,7.3065157,0,,,,,696.1077114265014,0.00035084845,408.37141037953074,0.0003856569,-0.015701272,0.05785991
2164.5069278200676,17836.668,7.30314,0.0032310954,134934,696.1077660385398,408.37625637913436,16595.594,6.7934093,1426.6477,2.126514,17836.668,7.30314,0,,,,,696.1077660385398,0.00035057854,408.37625637913436,0.00038527412,-0.014882428,0.06395463
2164.5138723108457,17831.195,7.305178,0.0032311447,134935,696.1079721038516,408.3754752808394,16594.623,6.795305,1429.0461,2.1287367,17831.195,7.305178,0,,,,,696.1079721038516,0.0003506298,408.3754752808394,0.00038515695,-0.01518095,0.06332459
2164.520816801391,17823.887,7.30635,0.0032311939,134936,696.1081366616045,408.37340701100385,16589.908,6.7963953,1427.4519,2.1282618,17823.887,7.30635,0,,,,,696.1081366616045,0.00035073224,408.37340701100385,0.00038588766,-0.015150162,0.060750026
2164.5277612917034,17814.748,7.3013477,0.0032312428,134937,696.1080129386027,408.37220326776696,16582.781,6.7917414,1426.9932,2.1269388,17814.748,7.3013477,0,,,,,696.1080129386027,0.0003506846,408.37220326776696,0.00038531958,-0.01524654,0.059814338
2164.5347057822487,17813.99,7.302823,0.003231292,134938,696.109080271003,408.37426585306736,16579.8,6.793114,1430.4889,2.1302369,17813.99,7.302823,0,,,,,696.109080271003,0.00035082185,408.37426585306736,0.00038559188,-0.014006159,0.061153293
2164.541650272562,17811.607,7.3060427,0.0032313408,134939,696.1072515557953,408.3759109359763,16583.402,6.796109,1433.7346,2.1328332,17811.607,7.3060427,0,,,,,696.1072515557953,0.00035097095,408.3759109359763,0.00038521786,-0.016207026,0.062622614
2164.548594762874,17801.746,7.298898,0.0032313897,134940,696.1070090398334,408.3733928844553,16560.07,6.7894635,1429.1361,2.1280355,17801.746,7.298898,0,,,,,696.1070090398334,0.00035085273,408.3733928844553,0.00038615867,-0.01593382,0.061491124
2164.555539252954,17813.527,7.302738,0.0032314383,134941,696.108757275547,408.37528925831145,16579.26,6.793035,1429.2594,2.1295407,17813.527,7.302738,0,,,,,696.108757275547,0.00035077694,408.37528925831145,0.00038568804,-0.01510305,0.062676184
2164.562483743033,17815.854,7.302278,0.003231487,134942,696.108432713988,408.3751873968441,16579.777,6.7926073,1430.5063,2.127341,17815.854,7.302278,0,,,,,696.108432713988,0.00035076452,408.3751873968441,0.00038575425,-0.015315825,0.06293619
2164.569428233113,17822.744,7.3032994,0.0032315357,134943,696.1083696398246,408.37507566314804,16587.76,6.793557,1429.2374,2.1289248,17822.744,7.3032994,0,,,,,696.1083696398246,0.000350538,408.37507566314804,0.00038526126,-0.015146624,0.06287059
2164.5763727231924,17814.137,7.301831,0.0032315843,134944,696.1090811653933,408.37322189553674,16579.863,6.7921915,1428.1028,2.128206,17814.137,7.301831,0,,,,,696.1090811653933,0.00035072272,408.37322189553674,0.00038576344,-0.013662839,0.05943561
2164.583317213039,17812.734,7.3031106,0.0032316328,134945,696.1091450691415,408.3768624943946,16578.395,6.7933817,1428.3041,2.129171,17812.734,7.3031106,0,,,,,696.1091450691415,0.00035106018,408.3768624943946,0.0003854782,-0.014769374,0.06407502
2164.590261702886,17809.607,7.3022027,0.0032316812,134946,696.1081120623529,408.37251099243065,16574.148,6.792537,1428.9891,2.1320474,17809.607,7.3022027,0,,,,,696.1081120623529,0.00035095797,408.37251099243065,0.000385683,-0.015485911,0.059207745
2164.5972061925,17820.117,7.304524,0.0032317294,134947,696.1076465105173,408.3765243454748,16589.895,6.794697,1426.6345,2.1271608,17820.117,7.304524,0,,,,,696.1076465105173,0.00035045616,408.3765243454748,0.00038528268,-0.015572992,0.064544655
2164.6041506823467,17838.262,7.307483,0.0032317778,134948,696.1075428567119,408.37328916015065,16600.477,6.7974496,1433.6366,2.1321142,17838.262,7.307483,0,,,,,696.1075428567119,0.00035043887,408.37328916015065,0.0003854839,-0.015577698,0.0616122
2164.6110951719606,17811.654,7.302249,0.003231826,134949,696.1091363295383,408.3766979695001,16580.424,6.7925806,1433.3447,2.127856,17811.654,7.302249,0,,,,,696.1091363295383,0.00035078853,408.3766979695001,0.0003854124,-0.014701853,0.06317084
2164.6180396613418,17809.373,7.3031883,0.003231874,134950,696.1090014493308,408.3723166060901,16574.496,6.7934537,1428.1987,2.1340425,17809.373,7.3031883,0,,,,,696.1090014493308,0.00035075535,408.3723166060901,0.00038576464,-0.014291599,0.0599467
2164.624984150723,17830.324,7.304774,0.003231922,134951,696.1079275206006,408.37469734632657,16592.426,6.794929,1427.6128,2.128687,17830.324,7.304774,0,,,,,696.1079275206006,0.00035086265,408.37469734632657,0.0003854154,-0.015472712,0.061811693
2164.631928640104,17818.576,7.3039823,0.00323197,134952,696.1075661066054,408.3708787767649,16582.941,6.7941923,1428.1517,2.1269975,17818.576,7.3039823,0,,,,,696.1075661066054,0.00035059467,408.3708787767649,0.00038602558,-0.015378717,0.058103368
2164.638873129485,17813.46,7.3041606,0.0032320179,134953,696.107812819478,408.3763034738521,16582.855,6.7943583,1431.4727,2.1287103,17813.46,7.3041606,0,,,,,696.107812819478,0.00035114217,408.3763034738521,0.00038519318,-0.016856136,0.06442125
2164.6458176186343,17805.0,7.2991853,0.0032320656,134954,696.1094332339406,408.3719556459404,16570.03,6.78973,1429.4037,2.1266012,17805.0,7.2991853,0,,,,,696.1094332339406,0.00035087328,408.3719556459404,0.00038569688,-0.0145240845,0.058989473
2164.652762108015,17817.686,7.302566,0.0032321136,134955,696.108339323223,408.3765578969159,16579.738,6.7928753,1426.8552,2.1257336,17817.686,7.302566,0,,,,,696.108339323223,0.0003508528,408.3765578969159,0.00038592925,-0.015431647,0.063396454
2164.659706596931,17821.824,7.305562,0.003232161,134956,696.1087692959705,408.37489670140087,16590.674,6.795662,1428.1919,2.128376,17821.824,7.305562,0,,,,,696.1087692959705,0.0003506727,408.37489670140087,0.0003854731,-0.015470568,0.06200342
2164.6666510860787,17819.123,7.303162,0.0032322088,134957,696.1095508854795,408.37152823518716,16591.969,6.79343,1428.6139,2.1269922,17819.123,7.303162,0,,,,,696.1095508854795,0.000350546,408.37152823518716,0.0003851453,-0.014856898,0.05820877
2164.6735955749946,17819.08,7.309435,0.0032322563,134958,696.1076696153441,408.3758160133973,16589.406,6.7992644,1427.6313,2.1364558,17819.08,7.309435,0,,,,,696.1076696153441,0.00035102956,408.3758160133973,0.00038553315,-0.015687522,0.06227383
2164.6805400639096,17817.229,7.3032107,0.0032323038,134959,696.108638350974,408.3743026184567,16582.316,6.7934747,1428.6646,2.1284165,17817.229,7.3032107,0,,,,,696.108638350974,0.00035081123,408.3743026184567,0.0003856928,-0.014098179,0.06183785
2164.6874845525927,17814.592,7.302917,0.003232351,134960,696.1059761655008,408.37298721225045,16577.967,6.7932014,1430.5171,2.1311812,17814.592,7.302917,0,,,,,696.1059761655008,0.00035063425,408.37298721225045,0.0003858454,-0.01695362,0.060067292
2164.694429041275,17824.822,7.3074346,0.0032323983,134961,696.107293905375,408.3748272823677,16587.11,6.797404,1429.0343,2.1377056,17824.822,7.3074346,0,,,,,696.107293905375,0.0003508048,408.3748272823677,0.0003855597,-0.01645681,0.061743304
2164.701373529958,17811.234,7.3015203,0.0032324456,134962,696.1071505228115,408.37295569041174,16583.486,6.791902,1429.3331,2.1259315,17811.234,7.3015203,0,,,,,696.1071505228115,0.00035054862,408.37295569041174,0.00038521024,-0.016772,0.059718948
2164.70831801864,17827.371,7.3040433,0.0032324928,134963,696.109540925975,408.3753664055643,16589.879,6.794249,1426.426,2.1298096,17827.371,7.3040433,0,,,,,696.109540925975,0.00035066836,408.3753664055643,0.00038578862,-0.013073266,0.062907554
2164.7152625070903,17821.295,7.3020024,0.0032325399,134964,696.1068635334866,408.3739342239273,16589.098,6.792351,1427.1522,2.12562,17821.295,7.3020024,0,,,,,696.1068635334866,0.00035037153,408.3739342239273,0.00038551952,-0.016033785,0.061729837
2164.7222069955396,17815.709,7.3036876,0.003232587,134965,696.1077460991986,408.3726307341001,16582.496,6.793918,1429.4125,2.128309,17815.709,7.3036876,0,,,,,696.1077460991986,0.0003505291,408.3726307341001,0.00038596938,-0.015357205,0.059455853
2164.729151483757,17812.828,7.3038063,0.0032326337,134966,696.1074497350899,408.37482871318775,16584.898,6.7940288,1429.6248,2.1282358,17812.828,7.3038063,0,,,,,696.1074497350899,0.00035085823,408.37482871318775,0.00038566408,-0.015582712,0.061418954
2164.7360959722073,17803.945,7.301496,0.0032326807,134967,696.1082547024849,408.37471838985545,16575.498,6.7918797,1430.2439,2.1298206,17803.945,7.301496,0,,,,,696.1082547024849,0.0003507625,408.37471838985545,0.0003855024,-0.0149610145,0.062266205
2164.7430404601914,17811.29,7.3039455,0.0032327273,134968,696.1085402377436,408.37434588810635,16583.879,6.794158,1430.3768,2.1325762,17811.29,7.3039455,0,,,,,696.1085402377436,0.00035073384,408.37434588810635,0.00038528405,-0.014791685,0.061299082
2164.7499849484084,17822.61,7.3042874,0.003232774,134969,696.107874554271,408.3740969626936,16590.504,6.794476,1425.7039,2.131394,17822.61,7.3042874,0,,,,,696.107874554271,0.0003506093,408.3740969626936,0.00038507936,-0.015750622,0.060847342
2164.756929436392,17820.613,7.30502,0.0032328207,134970,696.1067793506886,408.37351595137665,16589.883,6.7951574,1428.6603,2.1285155,17820.613,7.30502,0,,,,,696.1067793506886,0.00035080823,408.37351595137665,0.00038534123,-0.016984906,0.061169676
2164.7638739243766,17829.35,7.305693,0.0032328672,134971,696.1088922863601,408.3742932589562,16592.49,6.795784,1429.5883,2.1274476,17829.35,7.305693,0,,,,,696.1088922863601,0.000350862,408.3742932589562,0.00038596557,-0.0140001625,0.061919868
2164.7708184123603,17822.725,7.3039303,0.0032329138,134972,696.1083010353452,408.3726228611252,16587.451,6.7941437,1430.844,2.1268654,17822.725,7.3039303,0,,,,,696.1083010353452,0.00035060936,408.3726228611252,0.00038562735,-0.015344026,0.059170686
2164.777762900112,17826.188,7.304897,0.0032329601,134973,696.1067335835693,408.37562633929053,16595.637,6.795043,1427.2162,2.128787,17826.188,7.304897,0,,,,,696.1067335835693,0.0003503835,408.37562633929053,0.00038545788,-0.016219322,0.06333937
2164.7847073880957,17815.86,7.306031,0.0032330067,134974,696.1061785638467,408.3719209611226,16582.59,6.796098,1431.1107,2.137668,17815.86,7.306031,0,,,,,696.1061785638467,0.00035074222,408.3719209611226,0.0003857308,-0.016296169,0.059217855
2164.7916518756147,17815.623,7.3034816,0.0032330528,134975,696.1073127092503,408.37335387958615,16578.828,6.7937264,1429.7056,2.1332147,17815.623,7.3034816,0,,,,,696.1073127092503,0.00035088352,408.37335387958615,0.00038565558,-0.016123585,0.060366284
2164.7985963633655,17817.67,7.303557,0.0032330991,134976,696.108317698812,408.3739860751973,16585.082,6.7937965,1431.0243,2.1285443,17817.67,7.303557,0,,,,,696.108317698812,0.00035066984,408.3739860751973,0.0003855309,-0.015556449,0.061201118
2164.8055408508844,17827.69,7.3050575,0.0032331452,134977,696.1071595444234,408.37493507598475,16584.838,6.7951922,1429.4578,2.133816,17827.69,7.3050575,0,,,,,696.1071595444234,0.0003506333,408.37493507598475,0.00038590096,-0.016409434,0.06120011
2164.8124853384024,17822.594,7.3061895,0.0032331913,134978,696.1066421859629,408.37342061972834,16584.07,6.7962456,1427.945,2.1321266,17822.594,7.3061895,0,,,,,696.1066421859629,0.00035099898,408.37342061972834,0.0003858569,-0.016475394,0.060368143
2164.8194298256885,17824.182,7.301665,0.0032332372,134979,696.1094920534487,408.3757409766921,16590.0,6.792037,1425.6033,2.1253448,17824.182,7.301665,0,,,,,696.1094920534487,0.00035066545,408.3757409766921,0.00038509272,-0.013590864,0.062960394
2164.8263743129737,17824.928,7.3024235,0.003233283,134980,696.1074071406729,408.3736740995021,16589.77,6.7927423,1428.5522,2.1270776,17824.928,7.3024235,0,,,,,696.1074071406729,0.00035041006,408.3736740995021,0.00038554243,-0.015395937,0.061225984
2164.83331880026,17822.129,7.3011847,0.003233329,134981,696.1087127553109,408.37461459456273,16580.977,6.7915897,1428.7301,2.1266284,17822.129,7.3011847,0,,,,,696.1087127553109,0.00035068474,408.37461459456273,0.00038612774,-0.013927079,0.061350606
2164.840263287546,17823.81,7.303246,0.0032333748,134982,696.1067832501238,408.3730144957939,16587.78,6.793507,1430.3062,2.1281548,17823.81,7.303246,0,,,,,696.1067832501238,0.00035067555,408.3730144957939,0.0003855034,-0.016401982,0.059987076
2164.8472077745987,17820.217,7.3052497,0.0032334204,134983,696.1077433462052,408.3735914303438,16587.348,6.795371,1430.3068,2.130933,17820.217,7.3052497,0,,,,,696.1077433462052,0.00035097764,408.3735914303438,0.0003854541,-0.015876083,0.060231395
2164.8541522616515,17804.475,7.301698,0.003233466,134984,696.1083688963082,408.3735278870421,16577.3,6.792068,1426.5306,2.1297128,17804.475,7.301698,0,,,,,696.1083688963082,0.0003507193,408.3735278870421,0.00038522342,-0.015205315,0.06076224
2164.8610967484715,17830.43,7.3035326,0.0032335115,134985,696.1077662892743,408.3722733939595,16594.709,6.793774,1429.0052,2.1250327,17830.43,7.3035326,0,,,,,696.1077662892743,0.000350634,408.3722733939595,0.00038560035,-0.015929567,0.058585342
2164.8680412355243,17822.455,7.3048825,0.003233557,134986,696.1077631871339,408.3733421030102,16586.52,6.79503,1430.2552,2.1329074,17822.455,7.3048825,0,,,,,696.1077631871339,0.00035082805,408.3733421030102,0.00038551984,-0.016129479,0.060591478
2164.8749857223443,17802.426,7.3037257,0.0032336025,134987,696.1068727196176,408.37250363003335,16567.611,6.793954,1429.2223,2.1313124,17802.426,7.3037257,0,,,,,696.1068727196176,0.00035112648,408.37250363003335,0.00038603783,-0.016396552,0.05917321
2164.8819302089314,17824.496,7.3044953,0.0032336477,134988,696.1074554083472,408.3745694503331,16581.465,6.79467,1434.0374,2.1303608,17824.496,7.3044953,0,,,,,696.1074554083472,0.00035090814,408.3745694503331,0.00038620524,-0.01584293,0.061669756
2164.8888746957514,17812.072,7.3037343,0.003233693,134989,696.1076160542999,408.3715172204647,16570.672,6.793962,1433.6525,2.1316342,17812.072,7.3037343,0,,,,,696.1076160542999,0.00035135905,408.3715172204647,0.00038641164,-0.0160577,0.058490396
2164.8958191823385,17818.889,7.304287,0.0032337382,134990,696.108170260385,408.37171301587796,16583.582,6.7944756,1430.5874,2.1286232,17818.889,7.304287,0,,,,,696.108170260385,0.00035070477,408.37171301587796,0.000385784,-0.015573896,0.059052378
2164.9027636689257,17824.662,7.3040013,0.0032337834,134991,696.107943133177,408.3748657230521,16590.742,6.79421,1430.1608,2.1287858,17824.662,7.3040013,0,,,,,696.107943133177,0.0003504834,408.3748657230521,0.00038551906,-0.015060582,0.06236766
2164.90970815528,17813.531,7.3022847,0.0032338283,134992,696.1076757536889,408.3709074595743,16578.498,6.7926135,1429.3746,2.1290348,17813.531,7.3022847,0,,,,,696.1076757536889,0.00035080817,408.3709074595743,0.0003859382,-0.015393928,0.05746439
2164.9166526416343,17821.756,7.3052025,0.0032338733,134993,696.1070842209836,408.3729117425435,16590.453,6.7953277,1430.8829,2.125624,17821.756,7.3052025,0,,,,,696.1070842209836,0.0003506084,408.3729117425435,0.00038587174,-0.016085375,0.05919342
2164.9235971279886,17817.28,7.304192,0.0032339182,134994,696.1079867839322,408.3742434715474,16589.207,6.794388,1428.3646,2.1294532,17817.28,7.304192,0,,,,,696.1079867839322,0.00035066824,408.3742434715474,0.00038525133,-0.015750572,0.060678888
2164.93054161411,17807.07,7.3017106,0.003233963,134995,696.10652857471,408.37400726663464,16570.662,6.7920794,1431.2667,2.1333935,17807.07,7.3017106,0,,,,,696.10652857471,0.00035060896,408.37400726663464,0.00038613056,-0.01686513,0.061075415
2164.9374861002316,17825.256,7.305074,0.0032340076,134996,696.1085685094545,408.37261816169394,16593.865,6.7952085,1427.8533,2.1279128,17825.256,7.305074,0,,,,,696.1085685094545,0.0003508587,408.37261816169394,0.00038518736,-0.015519436,0.06006553
2164.9444305863535,17822.875,7.3044267,0.0032340523,134997,696.1070910128757,408.3706909165972,16594.393,6.7946057,1429.5228,2.1285288,17822.875,7.3044267,0,,,,,696.1070910128757,0.00035070747,408.3706909165972,0.00038500648,-0.016384011,0.057513267
2164.9513750724755,17820.354,7.302633,0.003234097,134998,696.1098798358429,408.37368437872317,16585.463,6.7929373,1426.3905,2.1278522,17820.354,7.302633,0,,,,,696.1098798358429,0.0003508662,408.37368437872317,0.0003851455,-0.01376985,0.060741168
2164.9583195583637,17821.549,7.3045745,0.0032341415,134999,696.1080418816158,408.3732067697049,16585.78,6.7947435,1430.1407,2.1306393,17821.549,7.3045745,0,,,,,696.1080418816158,0.0003507465,408.3732067697049,0.00038568993,-0.014847002,0.06072262
2164.9652640442523,17813.914,7.3049717,0.003234186,135000,696.1073949049614,408.3717061597606,16582.527,6.7951126,1430.9945,2.131335,17813.914,7.3049717,0,,,,,696.1073949049614,0.00035077386,408.3717061597606,0.00038554854,-0.0164719,0.059173085
2164.972208530141,17804.738,7.3025823,0.0032342304,135001,696.1075036506538,408.3753636192194,16569.357,6.79289,1428.2546,2.132362,17804.738,7.3025823,0,,,,,696.1075036506538,0.0003507715,408.3753636192194,0.0003861719,-0.015999187,0.06260627
2164.979153015797,17839.635,7.304252,0.0032342747,135002,696.10932020162,408.37192631078096,16602.75,6.794444,1425.9052,2.1264625,17839.635,7.304252,0,,,,,696.10932020162,0.00035027857,408.37192631078096,0.00038545017,-0.0140685,0.05929371
2164.9860975014526,17811.234,7.3026834,0.003234319,135003,696.1069233567207,408.3740456110278,16572.639,6.7929845,1429.0007,2.1270933,17811.234,7.3026834,0,,,,,696.1069233567207,0.0003511007,408.3740456110278,0.00038596542,-0.016895674,0.060061924
2164.9930419868756,17817.56,7.300848,0.003234363,135004,696.1078824900161,408.37128443772525,16572.094,6.791277,1429.4525,2.1281896,17817.56,7.300848,0,,,,,696.1078824900161,0.00035115666,408.37128443772525,0.00038611426,-0.015611433,0.05888593
2164.9999864725314,17812.559,7.302014,0.0032344072,135005,696.1081848108748,408.3731075666977,16576.559,6.7923617,1429.1761,2.1287162,17812.559,7.302014,0,,,,,696.1081848108748,0.0003507315,408.3731075666977,0.0003860737,-0.015028283,0.06012383
2165.0069309579544,17827.709,7.3040137,0.0032344512,135006,696.1084171035254,408.371179116679,16592.996,6.794222,1430.1127,2.127593,17827.709,7.3040137,0,,,,,696.1084171035254,0.00035055928,408.371179116679,0.00038563387,-0.015107075,0.058217015
2165.0138754433774,17813.54,7.3014526,0.0032344952,135007,696.1061333422286,408.3691189877644,16576.014,6.7918396,1430.3126,2.1274905,17813.54,7.3014526,0,,,,,696.1061333422286,0.0003507455,408.3691189877644,0.00038597963,-0.017272972,0.056055184
2165.0208199285676,17818.875,7.3058777,0.003234539,135008,696.1073409186215,408.37344343743143,16585.852,6.7959557,1430.645,2.1361716,17818.875,7.3058777,0,,,,,696.1073409186215,0.00035073998,408.37344343743143,0.0003856236,-0.015838752,0.061011516
2165.0277644137577,17810.592,7.30161,0.0032345827,135009,696.105944236268,408.37298928356705,16574.871,6.791986,1428.5038,2.1306298,17810.592,7.30161,0,,,,,696.105944236268,0.00035067473,408.37298928356705,0.00038609665,-0.01746946,0.059679765
2165.0347088989483,17808.783,7.3049874,0.0032346265,135010,696.1067967348964,408.3710261455026,16577.557,6.795128,1430.6223,2.1368809,17808.783,7.3049874,0,,,,,696.1067967348964,0.0003507972,408.3710261455026,0.00038570107,-0.016610458,0.057571422
2165.041653383906,17819.545,7.3037386,0.00323467,135011,696.1080676641475,408.37316362727313,16588.48,6.7939653,1430.961,2.1281917,17819.545,7.3037386,0,,,,,696.1080676641475,0.00035049036,408.37316362727313,0.00038566068,-0.01452431,0.06062492
2165.048597868863,17813.518,7.3036685,0.0032347136,135012,696.1080238198527,408.3719334242229,16573.73,6.793901,1430.2817,2.1308126,17813.518,7.3036685,0,,,,,696.1080238198527,0.000351232,408.3719334242229,0.00038615175,-0.015238299,0.058689196
2165.055542353821,17805.953,7.301187,0.003234757,135013,696.1092067744734,408.37612356224525,16570.527,6.7915926,1430.1208,2.1272132,17805.953,7.301187,0,,,,,696.1092067744734,0.00035093646,408.37612356224525,0.000386038,-0.014665939,0.063222036
2165.0624868387777,17822.94,7.3053,0.0032348006,135014,696.1077561983593,408.37157187851454,16592.578,6.7954183,1429.2144,2.1286938,17822.94,7.3053,0,,,,,696.1077561983593,0.00035081775,408.37157187851454,0.00038535547,-0.015815064,0.058142774
2165.0694313235026,17815.99,7.302699,0.003234844,135015,696.105919142777,408.3722403580662,16573.686,6.7929993,1435.5114,2.1309686,17815.99,7.302699,0,,,,,696.105919142777,0.00035081085,408.3722403580662,0.00038623423,-0.016746432,0.059005316
2165.0763758082267,17822.516,7.304507,0.0032348873,135016,696.1081798390063,408.3723923752992,16588.906,6.79468,1430.1458,2.1282523,17822.516,7.304507,0,,,,,696.1081798390063,0.0003507614,408.3723923752992,0.0003856489,-0.015568908,0.059262425
2165.0833202929516,17828.064,7.3032484,0.0032349306,135017,696.1070508712733,408.37377710259693,16591.908,6.79351,1430.0409,2.1266289,17828.064,7.3032484,0,,,,,696.1070508712733,0.0003504796,408.37377710259693,0.00038539714,-0.015639815,0.061505552
2165.090264777443,17812.18,7.3031616,0.0032349736,135018,696.1082612297637,408.3698176502486,16586.775,6.7934294,1428.6881,2.1276817,17812.18,7.3031616,0,,,,,696.1082612297637,0.00035048812,408.3698176502486,0.0003854597,-0.014502657,0.057034247
2165.097209261935,17804.455,7.3014746,0.0032350167,135019,696.1066572368917,408.37084816108245,16570.316,6.7918596,1429.165,2.130678,17804.455,7.3014746,0,,,,,696.1066572368917,0.00035092168,408.37084816108245,0.0003859803,-0.016734691,0.058020305
2165.1041537461942,17820.836,7.3061986,0.0032350596,135020,696.1074125229512,408.3723991657516,16590.688,6.7962537,1431.4486,2.130024,17820.836,7.3061986,0,,,,,696.1074125229512,0.00035079333,408.3723991657516,0.00038568283,-0.016177792,0.060009394
2165.1110982306864,17801.93,7.3012304,0.0032351026,135021,696.1073841961766,408.3709537469576,16564.654,6.7916327,1429.5266,2.1327362,17801.93,7.3012304,0,,,,,696.1073841961766,0.00035106463,408.3709537469576,0.00038585442,-0.016257089,0.058698412
2165.1180427149457,17827.684,7.3054924,0.0032351455,135022,696.108381286113,408.37469704423256,16592.213,6.795597,1430.069,2.1277032,17827.684,7.3054924,0,,,,,696.108381286113,0.00035068602,408.37469704423256,0.00038578978,-0.015656063,0.061408937
2165.124987199204,17818.635,7.305314,0.0032351883,135023,696.1091136258586,408.3752981018022,16586.629,6.795431,1435.5009,2.1309538,17818.635,7.305314,0,,,,,696.1091136258586,0.00035087916,408.3752981018022,0.00038540972,-0.014858479,0.062839694
2165.1319316832305,17820.982,7.304304,0.003235231,135024,696.1075072103883,408.371091709127,16590.945,6.7944922,1430.3253,2.1292212,17820.982,7.304304,0,,,,,696.1075072103883,0.0003504211,408.371091709127,0.00038558786,-0.016453551,0.05762577
2165.138876167257,17817.006,7.303195,0.0032352735,135025,696.1086253537529,408.37245641616687,16586.568,6.79346,1431.3596,2.1288087,17817.006,7.303195,0,,,,,696.1086253537529,0.00035066967,408.37245641616687,0.00038539807,-0.01484631,0.059010558
2165.145820651283,17821.637,7.3052006,0.0032353161,135026,696.1077364039716,408.37157234870364,16582.916,6.795326,1431.8105,2.1319022,17821.637,7.3052006,0,,,,,696.1077364039716,0.00035074723,408.37157234870364,0.00038603082,-0.015447712,0.058189325
2165.152765135076,17800.479,7.3037395,0.0032353585,135027,696.107150246903,408.37159097723236,16564.643,6.793967,1429.6877,2.135415,17800.479,7.3037395,0,,,,,696.107150246903,0.00035075578,408.37159097723236,0.00038656275,-0.016112562,0.059031792
2165.1597096191017,17829.115,7.3030753,0.0032354011,135028,696.1048821775482,408.3687505628819,16591.764,6.7933493,1428.6945,2.1269488,17829.115,7.3030753,0,,,,,696.1048821775482,0.00035032764,408.3687505628819,0.00038544726,-0.018606793,0.056040812
2165.1666541026625,17804.998,7.3039956,0.0032354433,135029,696.1085813893393,408.3715039806071,16570.154,6.794205,1431.3092,2.138359,17804.998,7.3039956,0,,,,,696.1085813893393,0.00035104126,408.3715039806071,0.0003859093,-0.015038919,0.05811357
2165.1735985864552,17828.896,7.305437,0.0032354856,135030,696.1060585049878,408.3702697268647,16593.717,6.795546,1432.7264,2.1295638,17828.896,7.305437,0,,,,,696.1060585049878,0.0003504981,408.3702697268647,0.00038543803,-0.017751083,0.05742519
2165.180543070016,17812.049,7.301793,0.0032355278,135031,696.1083260351257,408.37311976970904,16577.666,6.792156,1432.5856,2.1277611,17812.049,7.301793,0,,,,,696.1083260351257,0.00035084723,408.37311976970904,0.00038564845,-0.015217469,0.05957368
2165.187487553576,17813.844,7.3063445,0.00323557,135032,696.1095527840143,408.37177124328804,16585.938,6.7963896,1428.7482,2.1285179,17813.844,7.3063445,0,,,,,696.1095527840143,0.00035117325,408.37177124328804,0.00038551676,-0.013417568,0.05847782
2165.1944320371367,17831.348,7.3051615,0.003235612,135033,696.1063810120534,408.37126023956984,16590.482,6.7952895,1429.5099,2.127591,17831.348,7.3051615,0,,,,,696.1063810120534,0.00035063035,408.37126023956984,0.00038644913,-0.0164024,0.05858873
2165.201376520464,17825.717,7.3057313,0.003235654,135034,696.1065224412142,408.37053305130286,16588.783,6.7958198,1429.5814,2.1292894,17825.717,7.3057313,0,,,,,696.1065224412142,0.00035086615,408.37053305130286,0.0003858667,-0.016884826,0.056917097
2165.2083210037918,17827.36,7.308892,0.003235696,135035,696.107929139067,408.3745703025178,16590.209,6.798759,1432.9884,2.1419544,17827.36,7.308892,0,,,,,696.107929139067,0.00035065648,408.3745703025178,0.00038567206,-0.014692719,0.06261855
2165.215265487119,17808.273,7.3075094,0.0032357378,135036,696.1072883942735,408.3706658500103,16576.77,6.7974734,1430.4843,2.1426642,17808.273,7.3075094,0,,,,,696.1072883942735,0.0003508234,408.3706658500103,0.0003859796,-0.015962258,0.057390057
2165.222209970214,17812.256,7.3021913,0.0032357795,135037,696.108338857676,408.3735354058002,16571.594,6.7925267,1431.4685,2.1307101,17812.256,7.3021913,0,,,,,696.108338857676,0.00035098058,408.3735354058002,0.00038594278,-0.015245593,0.0602802
2165.229154453308,17814.502,7.3087673,0.0032358211,135038,696.1079414270201,408.37190828225243,16585.537,6.7986436,1431.4956,2.1387484,17814.502,7.3087673,0,,,,,696.1079414270201,0.00035067427,408.37190828225243,0.0003857291,-0.01531545,0.058498114
2165.2360989364033,17807.764,7.305269,0.0032358628,135039,696.107955695261,408.37163213203013,16576.246,6.795389,1432.5503,2.139445,17807.764,7.305269,0,,,,,696.107955695261,0.0003508464,408.37163213203013,0.000385737,-0.015184543,0.058704555
2165.2430434192656,17829.58,7.3059163,0.0032359043,135040,696.1066214818524,408.3699522451168,16592.94,6.795992,1432.6506,2.1340241,17829.58,7.3059163,0,,,,,696.1066214818524,0.00035062394,408.3699522451168,0.000385647,-0.016576374,0.056763384
2165.2499879023603,17811.709,7.302225,0.003235946,135041,696.1087421014048,408.37080937975713,16577.459,6.7925577,1431.6078,2.1291077,17811.709,7.302225,0,,,,,696.1087421014048,0.00035093,408.37080937975713,0.0003858562,-0.014288981,0.057252027
2165.2569323849893,17809.102,7.301703,0.0032359872,135042,696.1070840833604,408.3721302165251,16574.16,6.7920723,1429.6792,2.1282072,17809.102,7.301703,0,,,,,696.1070840833604,0.00035111225,408.3721302165251,0.00038571082,-0.016193233,0.05900192
2165.263876867851,17820.797,7.3037877,0.0032360286,135043,696.1062504033996,408.3714649023537,16589.324,6.7940116,1427.1841,2.1287653,17820.797,7.3037877,0,,,,,696.1062504033996,0.0003503532,408.3714649023537,0.00038556554,-0.016490813,0.058923252
2165.27082135048,17820.496,7.301725,0.0032360698,135044,696.1067302871585,408.3704437667373,16584.254,6.792093,1427.7618,2.1262457,17820.496,7.301725,0,,,,,696.1067302871585,0.00035068,408.3704437667373,0.00038567596,-0.01629501,0.057034522
2165.2777658331092,17832.805,7.3045936,0.003236111,135045,696.1071170032704,408.3704975078963,16593.04,6.7947607,1429.0492,2.128221,17832.805,7.3045936,0,,,,,696.1071170032704,0.00035053428,408.3704975078963,0.00038593254,-0.016088128,0.056911595
2165.2847103157383,17808.53,7.302464,0.0032361522,135046,696.1066842536387,408.3724484902361,16576.121,6.7927804,1431.468,2.129267,17808.53,7.302464,0,,,,,696.1066842536387,0.00035089703,408.3724484902361,0.00038576667,-0.016644372,0.060001463
2165.2916547981345,17826.137,7.308524,0.0032361932,135047,696.108031374107,408.37249929896564,16590.168,6.798417,1431.6323,2.132481,17826.137,7.308524,0,,,,,696.108031374107,0.00035096792,408.37249929896564,0.00038581525,-0.015911305,0.059814215
2165.2985992805307,17815.945,7.3034954,0.0032362342,135048,696.1065573944549,408.36863730193596,16583.39,6.7937393,1430.7211,2.130157,17815.945,7.3034954,0,,,,,696.1065573944549,0.00035071615,408.36863730193596,0.00038575067,-0.016974516,0.055218343
2165.305543762694,17817.666,7.3042054,0.003236275,135049,696.1075179027953,408.37307697324957,16585.166,6.7944,1429.2797,2.1303225,17817.666,7.3042054,0,,,,,696.1075179027953,0.00035070223,408.37307697324957,0.00038585017,-0.015483771,0.05975352
2165.31248824509,17813.932,7.3032036,0.003236316,135050,696.1072259645784,408.3713580473775,16573.773,6.793468,1432.214,2.1339142,17813.932,7.3032036,0,,,,,696.1072259645784,0.00035090142,408.3713580473775,0.00038609863,-0.015916398,0.058015298
2165.3194327272536,17825.63,7.305709,0.0032363567,135051,696.1069153672105,408.37180432489225,16594.342,6.795799,1430.4877,2.1291099,17825.63,7.305709,0,,,,,696.1069153672105,0.0003506779,408.37180432489225,0.0003853965,-0.016209664,0.059311826
2165.326377209184,17812.176,7.3031335,0.0032363972,135052,696.108568756544,408.37035980588524,16581.129,6.793403,1431.3088,2.1278749,17812.176,7.3031335,0,,,,,696.108568756544,0.00035092977,408.37035980588524,0.00038565096,-0.014892469,0.05688903
2165.333321691348,17830.52,7.306281,0.003236438,135053,696.1088803784899,408.3730872229685,16589.531,6.796331,1430.7229,2.134425,17830.52,7.306281,0,,,,,696.1088803784899,0.0003506697,408.3730872229685,0.00038604156,-0.013968767,0.059912328
2165.340266173279,17824.473,7.302606,0.0032364784,135054,696.1063102639449,408.3687166475368,16586.232,6.7929125,1428.7239,2.1287198,17824.473,7.302606,0,,,,,696.1063102639449,0.0003506779,408.3687166475368,0.00038573158,-0.017606156,0.054815125
2165.347210655209,17821.262,7.3046436,0.003236519,135055,696.1088751213057,408.372892221783,16585.936,6.7948074,1432.929,2.1297662,17821.262,7.3046436,0,,,,,696.1088751213057,0.0003507248,408.372892221783,0.00038575992,-0.015288824,0.059326343
2165.3541551369067,17809.94,7.3009725,0.0032365592,135056,696.106863141752,408.37167354476594,16570.701,6.791393,1435.3046,2.1287968,17809.94,7.3009725,0,,,,,696.106863141752,0.0003511238,408.37167354476594,0.00038598845,-0.016393073,0.058749054
2165.3610996186044,17822.174,7.3025646,0.0032365995,135057,696.1077544346949,408.3709762706374,16580.951,6.792874,1429.0011,2.1269186,17822.174,7.3025646,0,,,,,696.1077544346949,0.0003507103,408.3709762706374,0.00038618667,-0.014911902,0.057609256
2165.368044100302,17813.777,7.30273,0.0032366398,135058,696.1069099383851,408.37148218965564,16573.223,6.7930274,1429.1287,2.1326268,17813.777,7.30273,0,,,,,696.1069099383851,0.00035081911,408.37148218965564,0.00038614267,-0.016168058,0.0579137
2165.374988582,17816.025,7.3041024,0.00323668,135059,696.107616391799,408.36889798422754,16583.74,6.794304,1436.1742,2.1291158,17816.025,7.3041024,0,,,,,696.107616391799,0.00035068562,408.36889798422754,0.0003858367,-0.016193708,0.054913443
2165.3819330634647,17822.771,7.306423,0.00323672,135060,696.1083325693179,408.3728857458215,16586.03,6.796463,1432.3461,2.128984,17822.771,7.306423,0,,,,,696.1083325693179,0.0003505976,408.3728857458215,0.00038632556,-0.015026124,0.05986903
2165.4166554700905,17824.785,7.308526,0.0032369196,135065,696.1079195083688,408.37253325139045,16609.504,6.798419,1433.4075,2.1285622,17824.785,7.308526,0,,,,,696.1079195083688,0.00035046754,408.37253325139045,0.0003847049,-0.016187824,0.059089363
2165.4235999510897,17810.094,7.30929,0.0032369592,135066,696.1095975857517,408.3698867110744,16596.453,6.7991295,1427.3285,2.1340523,17810.094,7.30929,0,,,,,696.1095975857517,0.00035070328,408.3698867110744,0.00038471405,-0.014130547,0.057746157
2165.430544432089,17808.059,7.307302,0.0032369988,135067,696.1065761157179,408.3719967802353,16591.53,6.7972803,1433.4038,2.134033,17808.059,7.307302,0,,,,,696.1065761157179,0.00035061713,408.3719967802353,0.0003847701,-0.016245961,0.059305895
2165.4374889130886,17811.049,7.3062983,0.0032370384,135068,696.1086057029871,408.3719687618958,16593.926,6.7963467,1430.4193,2.1319816,17811.049,7.3062983,0,,,,,696.1086057029871,0.00035069083,408.3719687618958,0.00038486283,-0.015042062,0.059208058
2165.4444333938554,17828.549,7.306462,0.0032370777,135069,696.1080604782933,408.37105624573206,16610.574,6.796499,1430.1318,2.1253715,17828.549,7.306462,0,,,,,696.1080604782933,0.00035032583,408.37105624573206,0.0003843239,-0.015914498,0.057987854
2165.451377874854,17807.252,7.3056087,0.0032371173,135070,696.1079221110898,408.37077005362005,16589.639,6.7957053,1432.2892,2.1302698,17807.252,7.3056087,0,,,,,696.1079221110898,0.00035074528,408.37077005362005,0.00038493035,-0.015702588,0.057845246
2165.458322355388,17818.377,7.308504,0.0032371564,135071,696.1072734355522,408.3723577189011,16597.574,6.798399,1427.5431,2.1303012,17818.377,7.308504,0,,,,,696.1072734355522,0.0003506553,408.3723577189011,0.00038500314,-0.016841672,0.059655674
2165.465266836154,17811.86,7.304238,0.0032371958,135072,696.1076363033843,408.37096264746356,16591.39,6.7944307,1428.5814,2.1276968,17811.86,7.304238,0,,,,,696.1076363033843,0.00035058532,408.37096264746356,0.00038499295,-0.015769145,0.05762326
2165.472211316688,17804.365,7.304815,0.003237235,135073,696.1081691240121,408.3722467926095,16586.906,6.7949667,1430.0914,2.1313722,17804.365,7.304815,0,,,,,696.1081691240121,0.00035053675,408.3722467926095,0.00038467586,-0.015814956,0.05870468
2165.479155797221,17809.205,7.30441,0.003237274,135074,696.1064674620437,408.37194653501507,16589.043,6.7945905,1427.595,2.1306436,17809.205,7.30441,0,,,,,696.1064674620437,0.00035065543,408.37194653501507,0.00038467365,-0.016995344,0.0594089
2165.486100277755,17814.902,7.3090553,0.0032373131,135075,696.1068324833905,408.36935715485555,16596.28,6.7989116,1431.0276,2.1368058,17814.902,7.3090553,0,,,,,696.1068324833905,0.0003506978,408.36935715485555,0.00038481585,-0.017349733,0.056333337
2165.4930447580555,17818.463,7.3063345,0.003237352,135076,696.1086683877794,408.3726221728459,16598.035,6.796381,1428.0245,2.1272936,17818.463,7.3063345,0,,,,,696.1086683877794,0.00035074056,408.3726221728459,0.00038503576,-0.0152967945,0.05962488
2165.499989238357,17813.252,7.3069453,0.003237391,135077,696.1084111820616,408.3712691509415,16596.346,6.796949,1426.9672,2.1309273,17813.252,7.3069453,0,,,,,696.1084111820616,0.0003505414,408.3712691509415,0.00038461623,-0.015238848,0.05856009
2165.5069337186587,17810.127,7.305339,0.0032374298,135078,696.1082884959593,408.37237662921973,16589.652,6.7954545,1434.4995,2.1301177,17810.127,7.305339,0,,,,,696.1082884959593,0.00035065738,408.37237662921973,0.00038493535,-0.01611931,0.05975654
2165.513878198726,17803.525,7.302003,0.0032374684,135079,696.1085633017669,408.3712156958464,16582.787,6.7923512,1430.0414,2.1269236,17803.525,7.302003,0,,,,,696.1085633017669,0.00035087753,408.3712156958464,0.00038477607,-0.015175979,0.057986096
2165.5208226787945,17802.684,7.3046365,0.003237507,135080,696.1076702450238,408.36962336193807,16580.143,6.7948008,1430.6362,2.1303735,17802.684,7.3046365,0,,,,,696.1076702450238,0.0003510729,408.36962336193807,0.00038503497,-0.01620047,0.056784146
2165.527767158862,17811.389,7.3105173,0.0032375457,135081,696.1067240985942,408.37119815141784,16589.885,6.8002715,1432.5903,2.1395273,17811.389,7.3105173,0,,,,,696.1067240985942,0.00035080212,408.37119815141784,0.00038511032,-0.01743912,0.058482617
2165.5347116386974,17815.895,7.3071856,0.0032375841,135082,696.107415255494,408.3712422456984,16596.645,6.797172,1431.8348,2.131898,17815.895,7.3071856,0,,,,,696.107415255494,0.00035064598,408.3712422456984,0.00038469752,-0.01602166,0.058174137
2165.541656118533,17825.941,7.307184,0.0032376226,135083,696.1083893710128,408.3712627717075,16605.385,6.797171,1429.4858,2.1284738,17825.941,7.307184,0,,,,,696.1083893710128,0.0003503024,408.3712627717075,0.00038479664,-0.015269266,0.05797827
2165.5486005983676,17806.457,7.3035417,0.003237661,135084,696.1080364851937,408.37143195725724,16581.586,6.7937827,1432.3954,2.1293213,17806.457,7.3035417,0,,,,,696.1080364851937,0.0003511399,408.37143195725724,0.00038487292,-0.015893472,0.057887826
2165.555545078203,17821.395,7.3057694,0.0032376994,135085,696.108059813252,408.3706879872316,16601.87,6.795855,1429.5972,2.1284688,17821.395,7.3057694,0,,,,,696.108059813252,0.00035065602,408.3706879872316,0.00038437298,-0.015337777,0.05819818
2165.562489557805,17812.943,7.302546,0.0032377376,135086,696.1093148506264,408.3711178196679,16590.516,6.792856,1429.0062,2.126029,17812.943,7.302546,0,,,,,696.1093148506264,0.000350719,408.3711178196679,0.00038476303,-0.014870587,0.056881998
2165.5694340374075,17828.479,7.30803,0.0032377758,135087,696.1071117747589,408.3704936154536,16607.58,6.7979574,1431.2986,2.1295204,17828.479,7.30803,0,,,,,696.1071117747589,0.00035034554,408.3704936154536,0.00038437673,-0.016565798,0.057331257
2165.5763785167765,17821.016,7.308232,0.0032378137,135088,696.1070543953048,408.3698465851676,16597.365,6.798146,1432.2496,2.1348314,17821.016,7.308232,0,,,,,696.1070543953048,0.00035077456,408.3698465851676,0.0003847397,-0.016959222,0.05678848
2165.583322996379,17817.672,7.308466,0.003237852,135089,696.1084854728216,408.3711573389047,16598.912,6.7983627,1425.0511,2.131012,17817.672,7.308466,0,,,,,696.1084854728216,0.00035064257,408.3711573389047,0.00038510017,-0.014911188,0.057651058
2165.590267475748,17811.756,7.3039927,0.0032378898,135090,696.1070872257418,408.37089207423566,16593.56,6.7942023,1428.8413,2.1268525,17811.756,7.3039927,0,,,,,696.1070872257418,0.00035062223,408.37089207423566,0.00038462196,-0.01683611,0.058069065
2165.597211954885,17828.545,7.3069615,0.0032379276,135091,696.1085034879786,408.3711377240072,16605.922,6.7969637,1430.7942,2.1297693,17828.545,7.3069615,0,,,,,696.1085034879786,0.00035031966,408.3711377240072,0.00038465604,-0.015223466,0.05752166
2165.604156434254,17811.576,7.305654,0.0032379655,135092,696.1084181733848,408.3699831199434,16591.844,6.7957473,1430.6488,2.1307056,17811.576,7.305654,0,,,,,696.1084181733848,0.00035078847,408.3699831199434,0.0003848587,-0.015230424,0.056654144
2165.611100913391,17814.697,7.307377,0.0032380032,135093,696.106808063665,408.37060343699443,16594.666,6.7973504,1433.3452,2.1322386,17814.697,7.307377,0,,,,,696.106808063665,0.00035065765,408.37060343699443,0.00038498128,-0.017362261,0.057797413
2165.6180453922943,17817.793,7.305186,0.0032380407,135094,696.1080779140606,408.37033776135115,16596.86,6.795312,1430.7645,2.127127,17817.793,7.305186,0,,,,,696.1080779140606,0.00035068326,408.37033776135115,0.0003847122,-0.01588305,0.057140455
2165.6249898714314,17822.91,7.3065953,0.0032380784,135095,696.1085263252013,408.3692955991319,16601.943,6.7966228,1431.068,2.1302898,17822.91,7.3065953,0,,,,,696.1085263252013,0.00035051408,408.3692955991319,0.00038444836,-0.015511298,0.056463446
2165.6319343503355,17815.94,7.3043795,0.003238116,135096,696.1071633697987,408.3700953181412,16596.47,6.7945614,1427.0189,2.1289053,17815.94,7.3043795,0,,,,,696.1071633697987,0.00035052086,408.3700953181412,0.00038469906,-0.01576056,0.05713668
2165.6388788292393,17812.547,7.3055615,0.0032381534,135097,696.1082568505959,408.3704154851044,16595.559,6.7956614,1428.6989,2.1304424,17812.547,7.3055615,0,,,,,696.1082568505959,0.00035048183,408.3704154851044,0.00038465674,-0.016202953,0.057118565
2165.64582330791,17809.215,7.304584,0.0032381907,135098,696.1090101867043,408.3709071967547,16586.73,6.7947526,1430.5483,2.1296208,17809.215,7.304584,0,,,,,696.1090101867043,0.00035085285,408.3709071967547,0.0003850101,-0.014586823,0.057801254
2165.652767786814,17811.83,7.3067317,0.0032382281,135099,696.1060986638071,408.3722185562496,16584.258,6.79675,1432.9349,2.1316617,17811.83,7.3067317,0,,,,,696.1060986638071,0.00035093367,408.3722185562496,0.00038522494,-0.018427836,0.0585915
2165.659712265252,17823.297,7.307959,0.0032382652,135100,696.1078474166027,408.37021411278533,16601.81,6.7978916,1430.4929,2.1303031,17823.297,7.307959,0,,,,,696.1078474166027,0.00035070212,408.37021411278533,0.0003847249,-0.015951326,0.057053022
2165.666656743923,17826.254,7.3098526,0.0032383024,135101,696.1071843118553,408.3706076334816,16602.945,6.799653,1428.8834,2.1402967,17826.254,7.3098526,0,,,,,696.1071843118553,0.00035050526,408.3706076334816,0.0003847559,-0.017237535,0.057597864
2165.673601222361,17795.441,7.3032236,0.0032383394,135102,696.1075903124881,408.36874145390766,16577.502,6.7934866,1426.5391,2.1256938,17795.441,7.3032236,0,,,,,696.1075903124881,0.00035067738,408.36874145390766,0.00038559374,-0.016275464,0.05494571
2165.680545700799,17806.965,7.3044577,0.0032383765,135103,696.108850089581,408.3716857271734,16591.264,6.794635,1428.4084,2.1280677,17806.965,7.3044577,0,,,,,696.108850089581,0.00035055724,408.3716857271734,0.00038474865,-0.015255485,0.05908246
2165.687490179237,17817.123,7.3058105,0.0032384135,135104,696.1085535599785,408.37014495849115,16596.596,6.795893,1429.8777,2.127993,17817.123,7.3058105,0,,,,,696.1085535599785,0.0003506891,408.37014495849115,0.000384938,-0.01518596,0.05714441
2165.6944346574423,17820.916,7.3070354,0.0032384503,135105,696.1089702200204,408.3700220476619,16599.463,6.797033,1430.4275,2.129209,17820.916,7.3070354,0,,,,,696.1089702200204,0.0003508739,408.3700220476619,0.00038486955,-0.014779493,0.057040326
2165.7013791356476,17822.957,7.3049636,0.003238487,135106,696.1071558946395,408.37049593158406,16599.621,6.795105,1429.9312,2.1263247,17822.957,7.3049636,0,,,,,696.1071558946395,0.00035051187,408.37049593158406,0.0003847531,-0.016696855,0.05725646
2165.708323613853,17817.455,7.304295,0.0032385238,135107,696.1081340303431,408.37206698842505,16595.504,6.7944837,1429.8324,2.126732,17817.455,7.304295,0,,,,,696.1081340303431,0.00035060284,408.37206698842505,0.00038462618,-0.015613991,0.058680482
2165.715268092058,17813.037,7.304369,0.0032385606,135108,696.1060091504298,408.3704864681821,16593.348,6.7945523,1428.898,2.126311,17813.037,7.304369,0,,,,,696.1060091504298,0.00035043297,408.3704864681821,0.00038484237,-0.0177859,0.057085335
2165.7222125700305,17808.7,7.3060293,0.0032385972,135109,696.1083890650924,408.37114042046665,16588.129,6.796097,1428.1311,2.1327784,17808.7,7.3060293,0,,,,,696.1083890650924,0.00035068206,408.37114042046665,0.0003849729,-0.015625654,0.05755143
2165.729157048003,17810.99,7.304649,0.0032386337,135110,696.1088331626878,408.36973180128484,16589.621,6.7948127,1430.1289,2.1292555,17810.99,7.304649,0,,,,,696.1088331626878,0.00035072834,408.36973180128484,0.00038481894,-0.015188638,0.05607306
2165.736101525743,17822.41,7.3057013,0.00323867,135111,696.108974950247,408.37107508803285,16604.959,6.7957916,1431.5723,2.1255286,17822.41,7.3057013,0,,,,,696.108974950247,0.00035044312,408.37107508803285,0.0003846167,-0.014956897,0.05722507
2165.743046003483,17818.025,7.305624,0.0032387064,135112,696.1051337973812,408.36942058767863,16595.588,6.7957196,1434.1213,2.1299226,17818.025,7.305624,0,,,,,696.1051337973812,0.00035053332,408.36942058767863,0.00038468526,-0.018055934,0.05614899
2165.749990481222,17829.816,7.3054733,0.0032387427,135113,696.1075175665264,408.3695430255384,16609.773,6.79558,1426.0492,2.1257677,17829.816,7.3054733,0,,,,,696.1075175665264,0.000350261,408.3695430255384,0.00038461835,-0.016049022,0.056835476
2165.7569349589617,17815.678,7.3054647,0.003238779,135114,696.1066939406487,408.3714262187301,16593.877,6.795572,1430.1422,2.1279585,17815.678,7.3054647,0,,,,,696.1066939406487,0.0003506333,408.3714262187301,0.00038475072,-0.017184231,0.057987623
2165.7638794364684,17824.105,7.3067565,0.003238815,135115,696.1070060226717,408.37060018288685,16607.271,6.796773,1428.0819,2.1279361,17824.105,7.3067565,0,,,,,696.1070060226717,0.0003502807,408.37060018288685,0.00038447598,-0.016968885,0.057445273
2165.7708239139756,17808.074,7.306898,0.0032388512,135116,696.1076177127616,408.37006313675795,16591.877,6.7969046,1430.8367,2.1351604,17808.074,7.306898,0,,,,,696.1076177127616,0.00035069726,408.37006313675795,0.00038464114,-0.016187416,0.056382034
2165.7777683914833,17813.535,7.30612,0.0032388873,135117,696.107305139231,408.37028200845566,16592.514,6.7961807,1433.2109,2.1284022,17813.535,7.30612,0,,,,,696.107305139231,0.00035071114,408.37028200845566,0.00038511225,-0.016546085,0.057288304
2165.784712868757,17810.102,7.3052387,0.0032389231,135118,696.1079800126228,408.3698092068458,16591.21,6.7953615,1430.5693,2.1308208,17810.102,7.3052387,0,,,,,696.1079800126228,0.0003506636,408.3698092068458,0.0003846366,-0.01584222,0.056008365
2165.791657346031,17817.705,7.3070006,0.003238959,135119,696.1075455207102,408.37045591567085,16597.334,6.797,1432.6888,2.129241,17817.705,7.3070006,0,,,,,696.1075455207102,0.00035085008,408.37045591567085,0.00038492872,-0.015973885,0.057345126
2165.798601823305,17818.562,7.3065243,0.0032389949,135120,696.1061735150828,408.3697824452585,16598.293,6.796557,1435.6118,2.1307676,17818.562,7.3065243,0,,,,,696.1061735150828,0.00035062284,408.3697824452585,0.00038456806,-0.017336657,0.05650263
2165.805546300346,17833.545,7.3103495,0.0032390305,135121,696.1061308977205,408.37024446564266,16612.584,6.800115,1428.1317,2.1344733,17833.545,7.3103495,0,,,,,696.1061308977205,0.0003504072,408.37024446564266,0.0003845885,-0.017572477,0.057214994
2165.812490777387,17822.184,7.3055153,0.003239066,135122,696.1091765620329,408.36886799330574,16601.055,6.7956185,1429.2686,2.1278353,17822.184,7.3055153,0,,,,,696.1091765620329,0.00035048128,408.36886799330574,0.00038482124,-0.015070458,0.056202445
2165.8194352544283,17809.297,7.3053584,0.0032391017,135123,696.1092184531598,408.37020525729986,16591.791,6.7954726,1430.7507,2.1301713,17809.297,7.3053584,0,,,,,696.1092184531598,0.00035083588,408.37020525729986,0.00038455287,-0.014921086,0.056508914
2165.8263797314694,17811.605,7.3075557,0.0032391374,135124,696.1043305611463,408.3697523179739,16592.334,6.797517,1430.7454,2.131186,17811.605,7.3075557,0,,,,,696.1043305611463,0.0003508277,408.3697523179739,0.0003848996,-0.01931264,0.057235986
2165.8333242082776,17809.658,7.30409,0.0032391727,135125,696.1090690604664,408.36903005301167,16590.143,6.794293,1428.4547,2.1275647,17809.658,7.30409,0,,,,,696.1090690604664,0.00035092348,408.36903005301167,0.00038466734,-0.014292512,0.05621454
2165.840268685087,17823.06,7.308615,0.0032392081,135126,696.1087064512669,408.3694830463926,16601.707,6.798502,1432.7415,2.1299746,17823.06,7.308615,0,,,,,696.1087064512669,0.00035066975,408.3694830463926,0.00038467618,-0.014806786,0.05615
2165.8472131618946,17821.398,7.306922,0.0032392435,135127,696.1068540689932,408.3693365512887,16602.123,6.796927,1430.1512,2.1295362,17821.398,7.306922,0,,,,,696.1068540689932,0.00035074283,408.3693365512887,0.00038455197,-0.016598944,0.057006676
2165.8541576384705,17814.996,7.3059525,0.0032392787,135128,696.1071759533977,408.3701896731496,16596.04,6.7960253,1429.371,2.1316044,17814.996,7.3059525,0,,,,,696.1071759533977,0.00035035377,408.3701896731496,0.00038472767,-0.016711105,0.057125464
2165.8611021150455,17817.096,7.3068433,0.0032393138,135129,696.1073751668647,408.3679473896066,16596.926,6.796854,1425.8413,2.1261783,17817.096,7.3068433,0,,,,,696.1073751668647,0.000350815,408.3679473896066,0.0003850506,-0.015779538,0.05552515
2165.8680465913885,17811.117,7.311324,0.0032393488,135130,696.1058454096161,408.36996173496016,16590.736,6.801022,1432.412,2.1474862,17811.117,7.311324,0,,,,,696.1058454096161,0.00035091734,408.36996173496016,0.00038489798,-0.018586563,0.05674046
2165.8749910679635,17812.69,7.3060923,0.003239384,135131,696.1087705565607,408.36842902051836,16593.766,6.7961555,1428.5354,2.127473,17812.69,7.3060923,0,,,,,696.1087705565607,0.00035085098,408.36842902051836,0.00038506594,-0.014768375,0.055038206
2165.8819355443065,17819.518,7.3064055,0.0032394188,135132,696.1063105798278,408.3697228906087,16601.422,6.7964463,1428.1804,2.1324985,17819.518,7.3064055,0,,,,,696.1063105798278,0.00035047258,408.3697228906087,0.00038444143,-0.017869456,0.056732856
2165.8888800206487,17815.967,7.307478,0.0032394538,135133,696.1068316887734,408.37095026123757,16597.74,6.797444,1431.895,2.1290076,17815.967,7.307478,0,,,,,696.1068316887734,0.00035069775,408.37095026123757,0.0003846501,-0.018027488,0.057827864
2165.895824496759,17826.344,7.3083687,0.0032394885,135134,696.1077476298324,408.36976287091846,16610.262,6.7982726,1433.1339,2.129884,17826.344,7.3083687,0,,,,,696.1077476298324,0.00035040174,408.36976287091846,0.00038438616,-0.015872888,0.056732204
2165.902768972868,17813.68,7.3090434,0.0032395232,135135,696.1079040901263,408.3699358898899,16594.7,6.7989,1429.7815,2.1304708,17813.68,7.3090434,0,,,,,696.1079040901263,0.0003508925,408.3699358898899,0.0003849445,-0.016192745,0.057269905
2165.9097134489784,17808.512,7.304273,0.0032395578,135136,696.1089668174934,408.36878682482916,16589.86,6.7944627,1428.5548,2.126154,17808.512,7.304273,0,,,,,696.1089668174934,0.0003506,408.36878682482916,0.00038480846,-0.015337347,0.05463684
2165.9166579250877,17817.314,7.3087153,0.0032395925,135137,696.108692679371,408.3676202727059,16600.383,6.798595,1434.5674,2.1329417,17817.314,7.3087153,0,,,,,696.108692679371,0.00035068966,408.3676202727059,0.00038461792,-0.0155768525,0.054327104
2165.923602400965,17809.54,7.302851,0.003239627,135138,696.1077437743305,408.3696497103384,16587.77,6.7931404,1426.875,2.1276853,17809.54,7.302851,0,,,,,696.1077437743305,0.00035082878,408.3696497103384,0.00038487668,-0.016021483,0.05713186
2165.9305468768425,17815.07,7.305282,0.0032396615,135139,696.105602689768,408.3716205581744,16595.447,6.7954016,1431.5406,2.1270292,17815.07,7.305282,0,,,,,696.105602689768,0.00035055465,408.3716205581744,0.00038468934,-0.018891377,0.057733797
2165.9374913524866,17810.998,7.307408,0.0032396957,135140,696.1076815702369,408.37077410967686,16590.916,6.797379,1432.6307,2.1369042,17810.998,7.307408,0,,,,,696.1076815702369,0.0003506931,408.37077410967686,0.0003848604,-0.016544314,0.056929804
2165.9444358283636,17817.914,7.3061776,0.0032397301,135141,696.108299319444,408.3700438936846,16601.557,6.796234,1427.6007,2.1301825,17817.914,7.3061776,0,,,,,696.108299319444,0.00035052173,408.3700438936846,0.00038473465,-0.015311914,0.055974755
2165.951380304007,17806.99,7.303551,0.0032397644,135142,696.1072381834329,408.3696013812217,16589.588,6.7937913,1431.2258,2.1279135,17806.99,7.303551,0,,,,,696.1072381834329,0.00035054114,408.3696013812217,0.00038477933,-0.016175812,0.056111876
2165.958324779419,17817.879,7.308275,0.0032397984,135143,696.1070908356127,408.3680575700017,16602.062,6.798186,1427.9155,2.1332927,17817.879,7.308275,0,,,,,696.1070908356127,0.00035079964,408.3680575700017,0.00038455997,-0.016572017,0.055128414
2165.9652692550626,17818.48,7.303862,0.0032398326,135144,696.1053681609895,408.3691445716944,16599.193,6.7940807,1429.1349,2.1258326,17818.48,7.303862,0,,,,,696.1053681609895,0.00035051582,408.3691445716944,0.00038445197,-0.017838182,0.056287106
2165.9722137304743,17821.111,7.306785,0.0032398666,135145,696.1067660654128,408.37066421162416,16602.734,6.7968,1425.65,2.1273422,17821.111,7.306785,0,,,,,696.1067660654128,0.00035066312,408.37066421162416,0.00038449396,-0.017692648,0.057341978
2165.979158205885,17821.81,7.3071012,0.0032399006,135146,696.1069564765543,408.36871548685394,16605.031,6.797094,1430.482,2.1297162,17821.81,7.3071012,0,,,,,696.1069564765543,0.00035022933,408.36871548685394,0.00038436017,-0.017484425,0.055827122
2165.986102681064,17826.379,7.3071713,0.0032399343,135147,696.108063316568,408.369820915441,16610.219,6.797159,1431.5054,2.1284077,17826.379,7.3071713,0,,,,,696.108063316568,0.00035018826,408.369820915441,0.00038437828,-0.015867492,0.05657216
2165.993047156242,17812.426,7.3070436,0.003239968,135148,696.1081886846904,408.3697690178233,16596.215,6.79704,1435.2565,2.1314447,17812.426,7.3070436,0,,,,,696.1081886846904,0.00035059926,408.3697690178233,0.00038460342,-0.015744084,0.05652995
2165.9999916314214,17820.984,7.3050637,0.0032400019,135149,696.1066541459206,408.36869023160585,16601.762,6.795198,1428.6866,2.1264567,17820.984,7.3050637,0,,,,,696.1066541459206,0.0003503169,408.36869023160585,0.00038461998,-0.01646349,0.05538275
2166.0069361066007,17811.355,7.306764,0.0032400356,135150,696.1084576634171,408.36870760710195,16592.285,6.79678,1430.362,2.1295786,17811.355,7.306764,0,,,,,696.1084576634171,0.0003505766,408.36870760710195,0.00038499947,-0.015210058,0.05518973
2166.013880581546,17821.658,7.3064485,0.0032400691,135151,696.106203418376,408.3694845712857,16601.457,6.7964864,1431.5477,2.1287146,17821.658,7.3064485,0,,,,,696.106203418376,0.0003505554,408.3694845712857,0.00038453226,-0.017834445,0.05621994
2166.020825056492,17818.877,7.3065305,0.0032401027,135152,696.1072578334347,408.3699193621855,16600.322,6.7965627,1432.7576,2.1311195,17818.877,7.3065305,0,,,,,696.1072578334347,0.0003506015,408.3699193621855,0.00038447283,-0.016687315,0.05630262
2166.027769531437,17826.432,7.306196,0.0032401362,135153,696.106738351481,408.3674321374973,16607.576,6.7962523,1429.0138,2.1272829,17826.432,7.306196,0,,,,,696.106738351481,0.00035023392,408.3674321374973,0.00038447685,-0.016956903,0.054577354
2166.034714006151,17818.37,7.3050175,0.0032401695,135154,696.1081555038121,408.3697105381486,16596.94,6.7951555,1429.5818,2.128899,17818.37,7.3050175,0,,,,,696.1081555038121,0.00035041865,408.3697105381486,0.00038475482,-0.015775824,0.056351993
2166.0416584808636,17816.863,7.3044133,0.0032402028,135155,696.1071996000062,408.3694383210128,16596.129,6.7945933,1426.2448,2.126315,17816.863,7.3044133,0,,,,,696.1071996000062,0.00035052764,408.3694383210128,0.00038468494,-0.016685402,0.05573854
2166.0486029555764,17822.598,7.306081,0.003240236,135156,696.1074076970874,408.3684538549196,16603.318,6.7961445,1430.3293,2.1288967,17822.598,7.306081,0,,,,,696.1074076970874,0.00035035843,408.3684538549196,0.000384758,-0.016050147,0.054550596
2166.0555474300563,17800.113,7.3032055,0.0032402691,135157,696.1071406758296,408.3686928648193,16583.316,6.79347,1432.016,2.1274571,17800.113,7.3032055,0,,,,,696.1071406758296,0.00035052106,408.3686928648193,0.0003849002,-0.016790988,0.055272568
2166.0624919045363,17814.639,7.3055677,0.0032403022,135158,696.1082737448685,408.368905488867,16597.818,6.795667,1431.6129,2.1272612,17814.639,7.3055677,0,,,,,696.1082737448685,0.00035035593,408.368905488867,0.00038462586,-0.016462374,0.056513973
2166.069436379016,17820.484,7.305547,0.0032403353,135159,696.1069878294221,408.36866016798433,16604.268,6.795648,1428.034,2.1254468,17820.484,7.305547,0,,,,,696.1069878294221,0.00035028654,408.36866016798433,0.00038467863,-0.016974248,0.05559449
2166.076380853496,17823.13,7.3057613,0.0032403683,135160,696.1063441161283,408.3706718533047,16603.328,6.7958474,1427.9264,2.1288376,17823.13,7.3057613,0,,,,,696.1063441161283,0.0003503829,408.3706718533047,0.00038451597,-0.017847795,0.057434313
2166.0833253277433,17823.059,7.3058705,0.0032404012,135161,696.1083958932975,408.3697511566632,16605.57,6.795949,1429.069,2.125843,17823.059,7.3058705,0,,,,,696.1083958932975,0.00035029996,408.3697511566632,0.0003845714,-0.01531124,0.056317188
2166.0902698019904,17822.195,7.3037386,0.003240434,135162,696.1057367984363,408.3678068292268,16602.29,6.7939653,1425.7472,2.1255078,17822.195,7.3037386,0,,,,,696.1057367984363,0.00035032985,408.3678068292268,0.00038440464,-0.017519116,0.05454592
2166.0972142760047,17823.896,7.3087206,0.0032404666,135163,696.1078382083662,408.3691092572594,16605.496,6.7986,1431.772,2.1282685,17823.896,7.3087206,0,,,,,696.1078382083662,0.000350374,408.3691092572594,0.00038497112,-0.016607665,0.056196157
2166.104158750019,17824.041,7.304333,0.0032404992,135164,696.1061861088973,408.36920864830023,16606.389,6.794519,1423.8666,2.1241186,17824.041,7.304333,0,,,,,696.1061861088973,0.0003503521,408.36920864830023,0.0003843671,-0.01764699,0.056739364
2166.1111032240333,17815.18,7.3057632,0.0032405318,135165,696.1077600771785,408.3695056372793,16596.51,6.795849,1430.0203,2.1324027,17815.18,7.3057632,0,,,,,696.1077600771785,0.00035038288,408.3695056372793,0.00038469167,-0.016518693,0.055847418
2166.1180476980476,17815.553,7.3068247,0.0032405644,135166,696.1064940636146,408.3680156796963,16598.188,6.7968364,1432.2043,2.130135,17815.553,7.3068247,0,,,,,696.1064940636146,0.0003504736,408.3680156796963,0.00038473963,-0.01776944,0.054729372
2166.124992171829,17824.79,7.306369,0.0032405967,135167,696.108395703077,408.36926887321965,16607.941,6.7964125,1426.1954,2.127204,17824.79,7.306369,0,,,,,696.108395703077,0.0003504479,408.36926887321965,0.00038464347,-0.015398742,0.055531044
2166.1319366458433,17806.96,7.3048306,0.0032406293,135168,696.1077929997145,408.36986132207306,16589.72,6.7949815,1428.6654,2.130338,17806.96,7.3048306,0,,,,,696.1077929997145,0.0003504934,408.36986132207306,0.00038477028,-0.015734151,0.0561425
2166.138881119393,17808.723,7.3046746,0.0032406615,135169,696.1073830827995,408.36769339366055,16592.266,6.7948365,1432.4052,2.128658,17808.723,7.3046746,0,,,,,696.1073830827995,0.00035046894,408.36769339366055,0.0003846537,-0.01679071,0.05468565
2166.145825593174,17817.756,7.3080935,0.0032406938,135170,696.1072581609429,408.36864600532317,16600.523,6.798017,1428.2798,2.1270888,17817.756,7.3080935,0,,,,,696.1072581609429,0.00035054906,408.36864600532317,0.00038504833,-0.017424604,0.05589304
2166.1527700667225,17819.03,7.306636,0.003240726,135171,696.10640485794,408.36988540117164,16602.064,6.796661,1429.3505,2.1284914,17819.03,7.306636,0,,,,,696.10640485794,0.0003505338,408.36988540117164,0.0003846601,-0.016904024,0.05614397
2166.159714540271,17821.738,7.308908,0.003240758,135172,696.1081428350413,408.36867069538187,16602.031,6.7987742,1431.6107,2.1283975,17821.738,7.308908,0,,,,,696.1081428350413,0.00035032316,408.36867069538187,0.00038524222,-0.01579513,0.05511943
2166.166659013587,17817.0,7.3072605,0.00324079,135173,696.1069860056233,408.36895513335327,16598.088,6.7972417,1428.9396,2.1314802,17817.0,7.3072605,0,,,,,696.1069860056233,0.00035040558,408.36895513335327,0.00038468037,-0.01714889,0.055759914
2166.1736034869027,17815.81,7.306301,0.0032408219,135174,696.1072897320814,408.3696414364174,16599.691,6.7963495,1430.966,2.1279771,17815.81,7.306301,0,,,,,696.1072897320814,0.00035064988,408.3696414364174,0.00038459478,-0.016281312,0.05631745
2166.1805479602185,17812.365,7.305791,0.0032408538,135175,696.1076582978808,408.36800304206906,16594.855,6.795875,1427.9292,2.1291199,17812.365,7.305791,0,,,,,696.1076582978808,0.00035070104,408.36800304206906,0.0003848453,-0.01657334,0.05425784
2166.187492433535,17831.584,7.3081856,0.0032408857,135176,696.107110916223,408.3692687305453,16612.602,6.7981024,1428.908,2.1298523,17831.584,7.3081856,0,,,,,696.107110916223,0.0003503645,408.3692687305453,0.00038461076,-0.016121412,0.05631629
2166.1944369066186,17823.537,7.3075466,0.0032409173,135177,696.1059139037209,408.3677914789568,16602.62,6.797508,1428.1787,2.1343136,17823.537,7.3075466,0,,,,,696.1059139037209,0.0003503341,408.3677914789568,0.0003846594,-0.017621128,0.05429273
2166.2013813797016,17817.213,7.3101873,0.003240949,135178,696.1081349100615,408.3683092827512,16601.111,6.7999644,1431.185,2.1339939,17817.213,7.3101873,0,,,,,696.1081349100615,0.00035083963,408.3683092827512,0.0003848683,-0.015723526,0.054952256
2166.2083258527846,17815.225,7.3040123,0.0032409807,135179,696.1064732992083,408.36913543395957,16598.266,6.7942204,1427.1575,2.1266859,17815.225,7.3040123,0,,,,,696.1064732992083,0.00035034734,408.36913543395957,0.00038460558,-0.018490141,0.055504207
2166.2152703256347,17824.52,7.3048844,0.003241012,135180,696.1067194552255,408.3679126736785,16600.154,6.7950315,1427.9456,2.126629,17824.52,7.3048844,0,,,,,696.1067194552255,0.00035040244,408.3679126736785,0.00038507392,-0.016758395,0.054365173
2166.222214798485,17806.938,7.3037963,0.0032410435,135181,696.1068878281036,408.368727381767,16588.76,6.7940197,1431.6879,2.1277826,17806.938,7.3037963,0,,,,,696.1068878281036,0.00035060692,408.368727381767,0.00038485174,-0.016683346,0.055017937
2166.2291592713354,17811.443,7.303423,0.003241075,135182,696.1081993537993,408.3675280441672,16593.115,6.793672,1429.9658,2.1272445,17811.443,7.303423,0,,,,,696.1081993537993,0.00035026303,408.3675280441672,0.00038481245,-0.01588099,0.054267846
2166.236103744186,17822.879,7.3080697,0.0032411064,135183,696.1063991421543,408.3685120329102,16607.045,6.7979946,1424.575,2.1349938,17822.879,7.3080697,0,,,,,696.1063991421543,0.00035030488,408.3685120329102,0.00038444664,-0.017165931,0.05474674
2166.243048216803,17826.23,7.3051767,0.0032411376,135184,696.105824942786,408.36775808422476,16608.652,6.7953033,1427.8748,2.1252484,17826.23,7.3051767,0,,,,,696.105824942786,0.00035015913,408.36775808422476,0.00038424582,-0.017784871,0.054504078
2166.2499926894207,17822.832,7.308667,0.0032411688,135185,696.1074641730006,408.36904725022174,16606.096,6.7985506,1431.7721,2.1342008,17822.832,7.308667,0,,,,,696.1074641730006,0.00035046422,408.36904725022174,0.00038451242,-0.01695664,0.056036558
2166.2569371618047,17810.744,7.3039083,0.0032411998,135186,696.1068314497911,408.36692468997785,16592.14,6.794123,1427.6599,2.1287427,17810.744,7.3039083,0,,,,,696.1068314497911,0.00035054729,408.36692468997785,0.0003847049,-0.017143032,0.053322006
2166.2638816344224,17819.8,7.305893,0.003241231,135187,696.10770645317,408.369951015299,16600.525,6.79597,1425.5768,2.1309564,17819.8,7.305893,0,,,,,696.10770645317,0.0003503135,408.369951015299,0.00038472397,-0.015728302,0.057126172
2166.2708261065736,17821.43,7.307504,0.0032412617,135188,696.1074282124941,408.36569664166853,16603.018,6.797468,1431.131,2.128468,17821.43,7.307504,0,,,,,696.1074282124941,0.00035041166,408.36569664166853,0.00038478794,-0.016111271,0.051852684
2166.2777705789586,17808.234,7.303673,0.0032412927,135189,696.1067026201423,408.3689151240132,16587.002,6.7939043,1432.4032,2.1283445,17808.234,7.303673,0,,,,,696.1067026201423,0.00035078215,408.3689151240132,0.00038508032,-0.018443221,0.05495639
2166.2847150511097,17814.787,7.3065195,0.0032413234,135190,696.107127769086,408.36818884697743,16598.256,6.7965527,1433.3473,2.1299493,17814.787,7.3065195,0,,,,,696.107127769086,0.00035044033,408.36818884697743,0.0003846971,-0.016489372,0.05478609
2166.2916595234947,17818.434,7.306858,0.0032413544,135191,696.1072904885142,408.36915751245436,16602.562,6.796868,1431.885,2.1292453,17818.434,7.306858,0,,,,,696.1072904885142,0.0003502592,408.36915751245436,0.00038476053,-0.016315253,0.055431876
2166.298603995413,17821.299,7.30825,0.0032413849,135192,696.1070283846284,408.3676175453891,16602.02,6.7981625,1428.2568,2.128951,17821.299,7.30825,0,,,,,696.1070283846284,0.00035061035,408.3676175453891,0.0003846879,-0.017683456,0.05457172
2166.305548467565,17824.44,7.3071446,0.0032414156,135193,696.1065764333049,408.36835449766176,16606.604,6.7971344,1430.9424,2.1295798,17824.44,7.3071446,0,,,,,696.1065764333049,0.00035031047,408.36835449766176,0.0003847532,-0.016949983,0.055128425
2166.3124929394835,17810.445,7.3045883,0.003241446,135194,696.1085955661936,408.36750605721545,16595.025,6.7947564,1428.0942,2.1301358,17810.445,7.3045883,0,,,,,696.1085955661936,0.00035063483,408.36750605721545,0.0003845077,-0.015044563,0.054749448
2166.3194374114028,17816.479,7.3051634,0.0032414766,135195,696.105803123418,408.36655475605323,16601.484,6.795291,1429.8656,2.12771,17816.479,7.3051634,0,,,,,696.105803123418,0.00035020942,408.36655475605323,0.00038454376,-0.017715393,0.053129904
2166.3263818830883,17815.764,7.30659,0.0032415069,135196,696.1061288890878,408.3671694142767,16598.635,6.796618,1429.6923,2.128843,17815.764,7.30659,0,,,,,696.1061288890878,0.00035039205,408.3671694142767,0.0003847333,-0.018025432,0.053889714
2166.333326354775,17825.248,7.310664,0.0032415371,135197,696.1081905377348,408.37007778319554,16608.021,6.8004084,1429.8359,2.135533,17825.248,7.310664,0,,,,,696.1081905377348,0.00035073262,408.37007778319554,0.0003844152,-0.016232349,0.056566272
2166.340270826461,17814.11,7.308131,0.0032415674,135198,696.1079190418579,408.3680975086665,16596.75,6.798052,1430.843,2.1364365,17814.11,7.308131,0,,,,,696.1079190418579,0.00035035238,408.3680975086665,0.00038464984,-0.016305571,0.054813597
2166.347215298147,17814.488,7.3056774,0.0032415977,135199,696.1060920335701,408.36688346470527,16596.424,6.795769,1428.3843,2.133458,17814.488,7.3056774,0,,,,,696.1060920335701,0.00035037985,408.36688346470527,0.0003845634,-0.017771319,0.053111587
2166.3541597696003,17827.416,7.3067393,0.0032416277,135200,696.1074126212021,408.36854519112546,16610.389,6.796757,1426.4775,2.1278918,17827.416,7.3067393,0,,,,,696.1074126212021,0.00035024763,408.36854519112546,0.0003842864,-0.016319362,0.05568038
2166.361104241054,17808.766,7.307778,0.0032416577,135201,696.107188721065,408.36780804293073,16588.154,6.7977233,1430.86,2.1397257,17808.766,7.307778,0,,,,,696.107188721065,0.00035046734,408.36780804293073,0.00038518608,-0.016509188,0.0542744
2166.3680487125075,17812.945,7.3089757,0.0032416878,135202,696.1066261970182,408.3672964771777,16596.975,6.7988377,1432.3114,2.1351135,17812.945,7.3089757,0,,,,,696.1066261970182,0.00035050383,408.3672964771777,0.0003849707,-0.017349757,0.054228067
2166.3749931837283,17826.768,7.3107357,0.0032417176,135203,696.1072673561277,408.3678795958094,16609.354,6.8004746,1429.3727,2.1357622,17826.768,7.3107357,0,,,,,696.1072673561277,0.0003503413,408.3678795958094,0.00038476862,-0.016894782,0.05478742
2166.381937654948,17815.95,7.3061385,0.0032417474,135204,696.1066016172382,408.3680513788336,16596.967,6.796198,1428.7063,2.1309087,17815.95,7.3061385,0,,,,,696.1066016172382,0.00035027473,408.3680513788336,0.0003848288,-0.016954726,0.055055387
2166.388882126169,17823.234,7.3068438,0.0032417772,135205,696.1067860589766,408.36784069304616,16601.514,6.7968545,1426.5896,2.1330595,17823.234,7.3068438,0,,,,,696.1067860589766,0.00035042796,408.36784069304616,0.00038459877,-0.01728772,0.054316573
2166.395826597156,17820.717,7.307569,0.0032418068,135206,696.1065137321079,408.36932638499377,16603.75,6.797529,1427.9807,2.1260352,17820.717,7.307569,0,,,,,696.1065137321079,0.00035043745,408.36932638499377,0.00038469926,-0.017051322,0.05562471
2166.4027710683768,17819.555,7.309423,0.0032418366,135207,696.106747399614,408.366545479867,16603.78,6.799253,1431.5903,2.1366177,17819.555,7.309423,0,,,,,696.106747399614,0.00035029763,408.366545479867,0.00038462158,-0.016499808,0.05341452
2166.409715539364,17812.695,7.305761,0.0032418661,135208,696.1080661020877,408.3684542710361,16592.725,6.795847,1429.7047,2.129033,17812.695,7.305761,0,,,,,696.1080661020877,0.00035073244,408.3684542710361,0.00038490008,-0.015391541,0.055212747
2166.416660010119,17813.312,7.304317,0.0032418955,135209,696.1067861771576,408.36621471162147,16593.549,6.794504,1428.6946,2.129669,17813.312,7.304317,0,,,,,696.1067861771576,0.00035054088,408.36621471162147,0.00038477802,-0.016614283,0.05263435
2166.423604480873,17812.773,7.3053894,0.0032419248,135210,696.105244176328,408.36705162889155,16593.648,6.795501,1428.2148,2.1343956,17812.773,7.3053894,0,,,,,696.105244176328,0.00035064068,408.36705162889155,0.0003845558,-0.0189709,0.054105207
2166.430548951628,17824.002,7.3094187,0.0032419541,135211,696.1075658107715,408.36803089310104,16606.395,6.7992496,1426.6299,2.1299675,17824.002,7.3094187,0,,,,,696.1075658107715,0.0003504617,408.36803089310104,0.00038480514,-0.016279563,0.05580882
2166.4374934223833,17810.602,7.3048916,0.0032419835,135212,696.1069241724833,408.3670636662131,16594.586,6.795038,1428.1865,2.128724,17810.602,7.3048916,0,,,,,696.1069241724833,0.00035051545,408.3670636662131,0.00038470773,-0.017118217,0.054223426
2166.444437892905,17826.908,7.3096824,0.0032420126,135213,696.1078036312273,408.367735609574,16610.127,6.7994947,1431.7455,2.1291058,17826.908,7.3096824,0,,,,,696.1078036312273,0.00035052677,408.367735609574,0.00038474603,-0.015557556,0.054638743
2166.451382363427,17812.246,7.3036156,0.0032420417,135214,696.1068454584257,408.36749817522684,16595.713,6.7938514,1426.6339,2.1264708,17812.246,7.3036156,0,,,,,696.1068454584257,0.00035038553,408.36749817522684,0.0003846736,-0.016544241,0.05411458
2166.458326833949,17829.08,7.309354,0.0032420708,135215,696.1077657085785,408.367036370863,16606.785,6.7991896,1428.4868,2.136587,17829.08,7.309354,0,,,,,696.1077657085785,0.0003505519,408.367036370863,0.0003846162,-0.016373474,0.053372145
2166.465271304238,17825.625,7.3071895,0.0032420997,135216,696.1064582853982,408.3674107158356,16607.066,6.797176,1427.5242,2.1324131,17825.625,7.3071895,0,,,,,696.1064582853982,0.0003504499,408.3674107158356,0.00038427114,-0.017388342,0.05423075
2166.4722157747597,17825.309,7.306607,0.0032421288,135217,696.1061164414347,408.3665374108622,16608.537,6.796634,1428.8414,2.1287017,17825.309,7.306607,0,,,,,696.1061164414347,0.0003502789,408.3665374108622,0.00038462624,-0.017397625,0.053387683
2166.479160244816,17817.504,7.3053646,0.0032421574,135218,696.1068998046107,408.3685172174598,16598.621,6.795479,1425.9667,2.1271882,17817.504,7.3053646,0,,,,,696.1068998046107,0.00035059554,408.3685172174598,0.00038462298,-0.017394507,0.05479839
2166.486104715105,17828.357,7.3066354,0.0032421863,135219,696.1070432396799,408.3674076745244,16610.69,6.7966604,1426.7849,2.1263046,17828.357,7.3066354,0,,,,,696.1070432396799,0.0003502456,408.3674076745244,0.00038458995,-0.017012507,0.05410465
2166.493049185161,17820.67,7.3066993,0.003242215,135220,696.1069776691483,408.3658315954063,16606.396,6.79672,1430.2455,2.1292336,17820.67,7.3066993,0,,,,,696.1069776691483,0.0003502633,408.3658315954063,0.00038443462,-0.016223922,0.052813686
2166.499993655217,17808.338,7.3102665,0.0032422435,135221,696.1071771054327,408.3696073184395,16589.564,6.8000383,1430.9512,2.1429052,17808.338,7.3102665,0,,,,,696.1071771054327,0.0003508327,408.3696073184395,0.00038493148,-0.016235933,0.056154422
2166.5069381252733,17808.623,7.304939,0.0032422722,135222,696.1066099288493,408.367958816979,16587.193,6.795082,1431.6572,2.1313052,17808.623,7.304939,0,,,,,696.1066099288493,0.00035079714,408.367958816979,0.0003849558,-0.017035812,0.053649873
2166.5138825950967,17807.842,7.3087797,0.0032423006,135223,696.1070044696763,408.36547743402616,16586.844,6.798655,1432.3834,2.1391766,17807.842,7.3087797,0,,,,,696.1070044696763,0.0003509038,408.36547743402616,0.00038512843,-0.017701289,0.051985882
2166.520827064921,17824.33,7.3070073,0.003242329,135224,696.1065184781946,408.36639561947857,16607.53,6.797006,1429.052,2.1281412,17824.33,7.3070073,0,,,,,696.1065184781946,0.00035038177,408.36639561947857,0.00038449813,-0.017221794,0.053984143
2166.5277715347456,17812.068,7.3083897,0.0032423574,135225,696.1073004774684,408.369320348411,16595.805,6.7982926,1431.0236,2.1306543,17812.068,7.3083897,0,,,,,696.1073004774684,0.00035083594,408.369320348411,0.00038484434,-0.0172185,0.056009788
2166.5347160043357,17823.273,7.309658,0.0032423856,135226,696.1067111270065,408.3673830910063,16604.195,6.799472,1429.4261,2.1347163,17823.273,7.309658,0,,,,,696.1067111270065,0.00035088047,408.3673830910063,0.0003847302,-0.017002504,0.05377052
2166.5416604739266,17827.482,7.305181,0.0032424137,135227,696.1067682628715,408.3670472404337,16611.115,6.7953076,1425.7925,2.125748,17827.482,7.305181,0,,,,,696.1067682628715,0.00035009792,408.3670472404337,0.00038428017,-0.017098874,0.053173732
2166.5486049435167,17819.645,7.307096,0.003242442,135228,696.107259510113,408.3674805160444,16604.604,6.7970886,1431.4282,2.1306047,17819.645,7.307096,0,,,,,696.107259510113,0.000350308,408.3674805160444,0.00038466093,-0.017084183,0.053819306
2166.555549412875,17816.512,7.3048077,0.0032424699,135229,696.1054020009718,408.3658914961205,16598.0,6.79496,1426.3783,2.1273265,17816.512,7.3048077,0,,,,,696.1054020009718,0.00035031015,408.3658914961205,0.00038477062,-0.018167153,0.05249225
2166.562493882232,17815.764,7.306512,0.0032424978,135230,696.1069781824968,408.36713804429377,16596.69,6.7965455,1427.7153,2.1301923,17815.764,7.306512,0,,,,,696.1069781824968,0.0003504124,408.36713804429377,0.00038497013,-0.016916499,0.053205386
2166.56943835159,17824.646,7.3057895,0.0032425257,135231,696.1068832435554,408.3669109813594,16606.783,6.7958736,1427.9489,2.1270547,17824.646,7.3057895,0,,,,,696.1068832435554,0.00035020447,408.3669109813594,0.00038447217,-0.016788453,0.053730085
2166.5763828209474,17813.059,7.303758,0.0032425537,135232,696.1075773287978,408.3682932509192,16594.102,6.793984,1429.6365,2.1273699,17813.059,7.303758,0,,,,,696.1075773287978,0.00035054967,408.3682932509192,0.00038461055,-0.016597504,0.05436762
2166.5833272900722,17806.465,7.302864,0.0032425814,135233,696.1068352099933,408.36549572802113,16590.709,6.7931523,1427.5302,2.1272898,17806.465,7.302864,0,,,,,696.1068352099933,0.00035048588,408.36549572802113,0.00038486693,-0.017003354,0.051668108
2166.590271759197,17810.08,7.306511,0.003242609,135234,696.107977491284,408.3686583440938,16592.121,6.7965446,1431.0303,2.1281984,17810.08,7.306511,0,,,,,696.107977491284,0.00035064798,408.3686583440938,0.000385164,-0.015763812,0.05485056
2166.597216228322,17810.33,7.304867,0.0032426368,135235,696.1061235326233,408.366448532636,16591.797,6.7950153,1430.5073,2.131454,17810.33,7.304867,0,,,,,696.1061235326233,0.00035054004,408.366448532636,0.00038461186,-0.01824463,0.053012755
2166.604160697214,17821.324,7.307379,0.0032426643,135236,696.1082986275843,408.3678663595438,16605.139,6.797352,1428.5464,2.1248384,17821.324,7.307379,0,,,,,696.1082986275843,0.00035013974,408.3678663595438,0.00038510308,-0.015534581,0.053944517
2166.611105166106,17830.64,7.3089147,0.0032426917,135237,696.1060929995086,408.3662293906159,16612.316,6.7987804,1427.4944,2.1302102,17830.64,7.3089147,0,,,,,696.1060929995086,0.00035085622,408.3662293906159,0.00038445022,-0.017696116,0.05307178
2166.618049634998,17806.06,7.302618,0.0032427192,135238,696.1057820357817,408.36653876356075,16591.125,6.7929235,1426.3541,2.126482,17806.06,7.302618,0,,,,,696.1057820357817,0.0003504097,408.36653876356075,0.00038474015,-0.018522684,0.053284865
2166.624994103657,17809.963,7.3063774,0.0032427465,135239,696.1078222409396,408.3680574222908,16594.96,6.79642,1429.803,2.1287482,17809.963,7.3063774,0,,,,,696.1078222409396,0.000350372,408.3680574222908,0.00038496594,-0.015471959,0.0551161
2166.6319385723173,17821.2,7.306226,0.0032427737,135240,696.1071281763786,408.3665878261733,16599.752,6.7962794,1427.8619,2.127003,17821.2,7.306226,0,,,,,696.1071281763786,0.00035063957,408.3665878261733,0.00038476754,-0.017066836,0.052441243
2166.638883040976,17828.43,7.305025,0.003242801,135241,696.1062547623964,408.36675454253844,16608.557,6.7951627,1427.4321,2.1255445,17828.43,7.305025,0,,,,,696.1062547623964,0.0003503368,408.36675454253844,0.00038437967,-0.017371943,0.053497262
2166.6458275096356,17819.238,7.3042803,0.0032428282,135242,696.1060806256103,408.3656071393413,16603.861,6.7944694,1427.74,2.1251314,17819.238,7.3042803,0,,,,,696.1060806256103,0.0003502224,408.3656071393413,0.00038439894,-0.017537925,0.053123336
2166.6527719780615,17803.58,7.3050966,0.0032428552,135243,696.106891317433,408.36654489279255,16588.266,6.795229,1429.0804,2.1283484,17803.58,7.3050966,0,,,,,696.106891317433,0.0003506302,408.36654489279255,0.00038494504,-0.016937558,0.053089786
2166.6597164464883,17819.717,7.305279,0.0032428822,135244,696.1053823419817,408.3674858387462,16602.502,6.795398,1426.0204,2.1288707,17819.717,7.305279,0,,,,,696.1053823419817,0.00035040028,408.3674858387462,0.00038453334,-0.018322548,0.054265738
2166.6666609146823,17830.021,7.3074436,0.003242909,135245,696.1067692975619,408.3669216043761,16613.363,6.7974124,1429.2234,2.1281495,17830.021,7.3074436,0,,,,,696.1067692975619,0.00035032842,408.3669216043761,0.00038446372,-0.017260725,0.053221036
2166.673605383109,17812.154,7.307255,0.003242936,135246,696.1069494333273,408.3656254179369,16591.572,6.797237,1432.117,2.1347928,17812.154,7.307255,0,,,,,696.1069494333273,0.0003507653,408.3656254179369,0.00038494536,-0.016851861,0.051512904
2166.680549851303,17808.07,7.3037305,0.0032429628,135247,696.1065631489131,408.3656789462291,16589.957,6.793958,1428.5981,2.128375,17808.07,7.3037305,0,,,,,696.1065631489131,0.00035056195,408.3656789462291,0.00038491166,-0.016692353,0.052399933
2166.6874943192634,17819.102,7.3063984,0.0032429893,135248,696.1062537585547,408.36683787518433,16601.6,6.7964396,1430.1888,2.1306531,17819.102,7.3063984,0,,,,,696.1062537585547,0.00035037607,408.36683787518433,0.000384505,-0.017891848,0.053730294
2166.6944387874573,17812.719,7.30524,0.003243016,135249,696.1064642977461,408.367156185582,16595.932,6.7953625,1427.0829,2.1291173,17812.719,7.30524,0,,,,,696.1064642977461,0.00035031242,408.367156185582,0.00038479047,-0.017075093,0.05307194
2166.7013832554176,17825.47,7.311434,0.0032430426,135250,696.1060028648706,408.36645114011037,16607.682,6.8011236,1429.5743,2.1390867,17825.47,7.311434,0,,,,,696.1060028648706,0.00035051335,408.36645114011037,0.00038473628,-0.017720595,0.051939137
2166.7083277233787,17817.594,7.3090143,0.0032430692,135251,696.1062603985101,408.367911518589,16602.129,6.7988734,1429.4375,2.1344862,17817.594,7.3090143,0,,,,,696.1062603985101,0.0003503387,408.367911518589,0.00038473407,-0.01775313,0.054034323
2166.715272191106,17807.43,7.3066564,0.0032430955,135252,696.106696575974,408.3654374379087,16589.816,6.79668,1433.5433,2.1308982,17807.43,7.3066564,0,,,,,696.106696575974,0.00035070212,408.3654374379087,0.00038516885,-0.0172313,0.051947366
2166.7222166588344,17804.816,7.30708,0.0032431218,135253,696.1087743761881,408.36652330363773,16588.02,6.797074,1428.0533,2.1286464,17804.816,7.30708,0,,,,,696.1087743761881,0.0003507851,408.36652330363773,0.00038514068,-0.015457578,0.05291545
2166.729161126562,17807.238,7.306391,0.003243148,135254,696.1052760508411,408.3669662448463,16591.988,6.7964325,1431.5594,2.1298974,17807.238,7.306391,0,,,,,696.1052760508411,0.00035052834,408.3669662448463,0.00038504647,-0.018204937,0.053129558
2166.7361055942906,17807.184,7.3057017,0.0032431744,135255,696.1056585279839,408.3658976998788,16591.52,6.795792,1426.4656,2.1314309,17807.184,7.3057017,0,,,,,696.1056585279839,0.00035046667,408.3658976998788,0.0003848149,-0.018254645,0.052088335
2166.7430500617857,17802.146,7.3051724,0.0032432005,135256,696.1070960610425,408.3671704487522,16584.652,6.7953,1430.8486,2.12927,17802.146,7.3051724,0,,,,,696.1070960610425,0.0003508087,408.3671704487522,0.0003848993,-0.016923742,0.05352289
2166.7499945292807,17830.033,7.306634,0.0032432266,135257,696.1062181199709,408.367385690783,16611.19,6.796659,1425.8033,2.1273499,17830.033,7.306634,0,,,,,696.1062181199709,0.00035014172,408.367385690783,0.00038447214,-0.017645678,0.053704154
2166.7569389967757,17812.621,7.305687,0.0032432526,135258,696.107068496772,408.3662636356356,16594.387,6.7957783,1428.8081,2.1294265,17812.621,7.305687,0,,,,,696.107068496772,0.00035093102,408.3662636356356,0.00038484368,-0.017060073,0.053694047
2166.763883464038,17819.002,7.307273,0.0032432785,135259,696.1067416621433,408.36550308859177,16599.957,6.797253,1426.7336,2.1299982,17819.002,7.307273,0,,,,,696.1067416621433,0.00035051806,408.36550308859177,0.0003850667,-0.016598409,0.051613707
2166.7708279313,17815.906,7.3033977,0.0032433043,135260,696.106138489151,408.3666001389239,16601.607,6.7936487,1424.5935,2.1237073,17815.906,7.3033977,0,,,,,696.106138489151,0.0003502738,408.3666001389239,0.00038440496,-0.017667795,0.053569425
2166.7777723985623,17813.035,7.303786,0.0032433302,135261,696.105654968135,408.36560887333326,16594.508,6.7940097,1427.0096,2.12893,17813.035,7.303786,0,,,,,696.105654968135,0.0003503617,408.36560887333326,0.000384626,-0.018458785,0.051960863
2166.7847168655917,17803.309,7.3024983,0.0032433558,135262,696.106223428679,408.36607503794795,16582.832,6.7928123,1431.1343,2.1293907,17803.309,7.3024983,0,,,,,696.106223428679,0.00035079932,408.36607503794795,0.0003847822,-0.01833742,0.052670192
2166.7916613328534,17811.504,7.306431,0.0032433816,135263,696.1072745808399,408.3653386434895,16594.242,6.79647,1429.0212,2.1323721,17811.504,7.306431,0,,,,,696.1072745808399,0.00035042223,408.3653386434895,0.00038477412,-0.016866213,0.052444432
2166.7986057996504,17801.408,7.3031197,0.003243407,135264,696.1075853708953,408.3668889987685,16585.164,6.7933903,1429.9924,2.1292446,17801.408,7.3031197,0,,,,,696.1075853708953,0.00035054114,408.3668889987685,0.00038472968,-0.016677143,0.0527625
2166.8055502666803,17818.295,7.3046474,0.0032434326,135265,696.1066003399966,408.3659821224415,16601.043,6.7948112,1427.8589,2.1260772,17818.295,7.3046474,0,,,,,696.1066003399966,0.0003504154,408.3659821224415,0.00038471603,-0.016962072,0.052708354
2166.8124947334773,17822.64,7.3064466,0.003243458,135266,696.1061445025213,408.3665107620911,16606.084,6.796485,1427.8641,2.1282327,17822.64,7.3064466,0,,,,,696.1061445025213,0.00035033285,408.3665107620911,0.00038452205,-0.018077062,0.05250819
2166.8194392002742,17824.902,7.308756,0.0032434834,135267,696.1063832576457,408.3652275277401,16610.684,6.798633,1431.942,2.1275609,17824.902,7.308756,0,,,,,696.1063832576457,0.00035004216,408.3652275277401,0.0003847141,-0.017046973,0.05212911
2166.8263836670703,17819.283,7.3059945,0.0032435087,135268,696.106443649499,408.36715138191175,16599.783,6.7960644,1425.8151,2.130824,17819.283,7.3059945,0,,,,,696.106443649499,0.00035039746,408.36715138191175,0.00038477406,-0.017571814,0.05407509
2166.8333281336345,17811.207,7.306048,0.003243534,135269,696.1068821412613,408.3651190387079,16595.055,6.796114,1430.9106,2.1330523,17811.207,7.306048,0,,,,,696.1068821412613,0.0003504646,408.3651190387079,0.0003846454,-0.016890023,0.05160011
2166.8402726001987,17812.328,7.303838,0.003243559,135270,696.1060114373677,408.36681990758996,16596.596,6.794058,1428.9142,2.1268904,17812.328,7.303838,0,,,,,696.1060114373677,0.00035029056,408.36681990758996,0.000384674,-0.018361017,0.053300343
2166.8472170667624,17822.4,7.308301,0.0032435842,135271,696.1081859027915,408.36507672497186,16605.684,6.7982097,1427.8687,2.125721,17822.4,7.308301,0,,,,,696.1081859027915,0.00035044423,408.36507672497186,0.00038511414,-0.015728867,0.05167082
2166.8541615330932,17811.564,7.303408,0.003243609,135272,696.1057633106095,408.36564487768106,16594.285,6.7936583,1427.8025,2.127807,17811.564,7.303408,0,,,,,696.1057633106095,0.00035025625,408.36564487768106,0.00038475575,-0.018388378,0.051996533
2166.861105999424,17832.89,7.3074217,0.003243634,135273,696.1057494370508,408.36586616387814,16612.65,6.797392,1428.5446,2.1266675,17832.89,7.3074217,0,,,,,696.1057494370508,0.00035064574,408.36586616387814,0.00038444353,-0.017750643,0.05267164
2166.868050465755,17814.828,7.309228,0.003243659,135274,696.1080911566423,408.3660610249745,16599.893,6.7990723,1425.4658,2.1385942,17814.828,7.309228,0,,,,,696.1080911566423,0.0003504533,408.3660610249745,0.0003849672,-0.01582258,0.051576782
2166.874994932086,17818.756,7.3044834,0.0032436838,135275,696.106891455234,408.36712600318725,16604.816,6.7946587,1425.919,2.1261032,17818.756,7.3044834,0,,,,,696.106891455234,0.000350182,408.36712600318725,0.00038447455,-0.016998053,0.053415228
2166.881939398184,17813.455,7.303511,0.0032437085,135276,696.1060222388264,408.3672262416301,16596.602,6.793754,1424.6805,2.1268582,17813.455,7.303511,0,,,,,696.1060222388264,0.00035025005,408.3672262416301,0.00038448191,-0.01851238,0.053274244
2166.888883864282,17809.14,7.30536,0.0032437332,135277,696.106856708615,408.36629891599426,16593.012,6.795474,1430.0039,2.132259,17809.14,7.30536,0,,,,,696.106856708615,0.00035056192,408.36629891599426,0.00038472842,-0.016234031,0.052582063
2166.895828330147,17815.994,7.3087897,0.0032437576,135278,696.1076408066139,408.36520221629644,16600.662,6.7986646,1428.8116,2.1362157,17815.994,7.3087897,0,,,,,696.1076408066139,0.000350445,408.36520221629644,0.0003847135,-0.016455417,0.05128255
2166.9027727962452,17812.855,7.3047676,0.0032437823,135279,696.1055962488434,408.36474467180966,16597.426,6.7949233,1426.1016,2.127789,17812.855,7.3047676,0,,,,,696.1055962488434,0.00035048177,408.36474467180966,0.00038464056,-0.018823538,0.05140453
2166.9097172621105,17806.516,7.3038135,0.0032438068,135280,696.1071802649093,408.36741288389163,16587.996,6.7940354,1428.8167,2.1288834,17806.516,7.3038135,0,,,,,696.1071802649093,0.00035056617,408.36741288389163,0.0003849748,-0.016904408,0.053479668
2166.916661727743,17814.33,7.3081346,0.003243831,135281,696.1062187595764,408.36305039314254,16598.572,6.7980547,1428.77,2.1314085,17814.33,7.3081346,0,,,,,696.1062187595764,0.0003503325,408.36305039314254,0.00038501513,-0.018020317,0.049615197
2166.923606193608,17820.66,7.305834,0.0032438554,135282,696.1064329966617,408.3667288430201,16603.793,6.7959146,1424.2368,2.1265652,17820.66,7.305834,0,,,,,696.1064329966617,0.00035037246,408.3667288430201,0.0003845804,-0.017501235,0.053553924
2166.930550659242,17814.021,7.3073125,0.0032438796,135283,696.1066647315218,408.36620447014684,16598.293,6.7972903,1433.637,2.1313367,17814.021,7.3073125,0,,,,,696.1066647315218,0.00035050727,408.36620447014684,0.00038496207,-0.01721826,0.052310575
2166.9374951248747,17830.219,7.3082385,0.0032439039,135284,696.1065421129165,408.36359926818534,16611.951,6.7981515,1428.5365,2.127642,17830.219,7.3082385,0,,,,,696.1065421129165,0.00035021445,408.36359926818534,0.00038478852,-0.017499877,0.050144047
2166.9444395902747,17815.441,7.305227,0.0032439278,135285,696.1071581612915,408.36600939871806,16599.693,6.79535,1429.3411,2.126195,17815.441,7.305227,0,,,,,696.1071581612915,0.000350376,408.36600939871806,0.00038469132,-0.016788362,0.052577175
2166.9513840556738,17835.404,7.3073616,0.0032439518,135286,696.1056515282114,408.3654628473105,16616.947,6.7973356,1426.85,2.126213,17835.404,7.3073616,0,,,,,696.1056515282114,0.00035010843,408.3654628473105,0.00038445892,-0.017896108,0.051667582
2166.958328521074,17811.709,7.3040237,0.0032439758,135287,696.105246358183,408.36528911050897,16593.316,6.794231,1429.5131,2.1280267,17811.709,7.3040237,0,,,,,696.105246358183,0.00035051434,408.36528911050897,0.00038481937,-0.01922792,0.050922647
2166.965272986473,17820.57,7.3081217,0.0032439998,135288,696.1065646467839,408.3665601452531,16602.934,6.798043,1429.5647,2.1362243,17820.57,7.3081217,0,,,,,696.1065646467839,0.00035032758,408.3665601452531,0.00038458785,-0.017457668,0.05304482
2166.97221745164,17825.504,7.3061414,0.0032440235,135289,696.1055421127608,408.36568651852787,16603.865,6.7962008,1426.2817,2.1310964,17825.504,7.3061414,0,,,,,696.1055421127608,0.00035039868,408.36568651852787,0.0003845836,-0.018100541,0.051995065
2166.9791619168063,17820.062,7.304528,0.0032440473,135290,696.1063388264813,408.3653006141707,16598.654,6.7947,1425.0071,2.1271765,17820.062,7.304528,0,,,,,696.1063388264813,0.00035051373,408.3653006141707,0.00038466632,-0.017561967,0.051607482
2166.9861063819735,17807.494,7.3075457,0.003244071,135291,696.1067903568388,408.36523047137524,16592.549,6.797507,1428.9473,2.1349437,17807.494,7.3075457,0,,,,,696.1067903568388,0.00035075433,408.36523047137524,0.00038476958,-0.016962828,0.05171612
2166.993050846907,17824.043,7.307645,0.0032440946,135292,696.1055244837465,408.3647040162734,16607.578,6.7975993,1427.2994,2.128132,17824.043,7.307645,0,,,,,696.1055244837465,0.0003503493,408.3647040162734,0.00038464845,-0.017765399,0.050791204
2166.999995311841,17816.314,7.3044534,0.003244118,135293,696.1056167369458,408.3667769714547,16601.588,6.7946305,1426.6912,2.1264083,17816.314,7.3044534,0,,,,,696.1056167369458,0.00035023972,408.3667769714547,0.00038447022,-0.019024016,0.052654535
2167.0069397767747,17816.73,7.303885,0.0032441416,135294,696.1064810583489,408.36478828194305,16599.477,6.794102,1428.9989,2.126302,17816.73,7.303885,0,,,,,696.1064810583489,0.00035024347,408.36478828194305,0.00038462147,-0.017762333,0.050639033
2167.013884241476,17821.932,7.3068075,0.0032441649,135295,696.1065679796222,408.36679935033266,16603.777,6.7968206,1428.3431,2.1291835,17821.932,7.3068075,0,,,,,696.1065679796222,0.00035038768,408.36679935033266,0.00038472403,-0.018174814,0.052609723
2167.020828706177,17805.518,7.3031526,0.0032441881,135296,696.1057942265003,408.36535063592993,16590.08,6.7934203,1428.1382,2.1276057,17805.518,7.3031526,0,,,,,696.1057942265003,0.0003505153,408.36535063592993,0.0003848789,-0.01741059,0.051957823
2167.027773170878,17815.307,7.304375,0.0032442114,135297,696.1071259897784,408.36514987416257,16597.414,6.794558,1425.9371,2.1273293,17815.307,7.304375,0,,,,,696.1071259897784,0.00035040127,408.36514987416257,0.00038471058,-0.016153404,0.050702587
2167.03471763558,17806.49,7.3030734,0.0032442347,135298,696.1052946098915,408.36399058358546,16588.129,6.793347,1429.2737,2.1278443,17806.49,7.3030734,0,,,,,696.1052946098915,0.00035054504,408.36399058358546,0.00038480124,-0.018423554,0.050845318
2167.0416621000477,17809.447,7.306526,0.0032442578,135299,696.106954193806,408.36578888427766,16588.059,6.796559,1428.8584,2.1377301,17809.447,7.306526,0,,,,,696.106954193806,0.00035073128,408.36578888427766,0.00038489915,-0.016350953,0.052720387
2167.0486065645164,17821.934,7.3041787,0.0032442808,135300,696.1066121765208,408.3645913684596,16601.629,6.7943754,1426.7494,2.1262317,17821.934,7.3041787,0,,,,,696.1066121765208,0.00035033253,408.3645913684596,0.0003846533,-0.01745758,0.050724097
2167.055551028985,17819.945,7.30592,0.0032443039,135301,696.1058050987427,408.3653392575873,16601.621,6.7959948,1430.5267,2.1304238,17819.945,7.30592,0,,,,,696.1058050987427,0.00035033046,408.3653392575873,0.00038467537,-0.017649641,0.051338475
2167.062495493221,17816.479,7.30756,0.0032443267,135302,696.1058894219929,408.36508966881115,16596.867,6.79752,1429.5688,2.1359885,17816.479,7.30756,0,,,,,696.1058894219929,0.00035030232,408.36508966881115,0.0003850112,-0.018434681,0.051183905
2167.069439957457,17811.162,7.3060393,0.0032443495,135303,696.1081253640014,408.36449683251845,16593.672,6.796106,1424.8217,2.1359003,17811.162,7.3060393,0,,,,,696.1081253640014,0.00035049187,408.36449683251845,0.0003848889,-0.015893212,0.05040498
2167.0763844216917,17810.504,7.305222,0.0032443723,135304,696.1058090670765,408.3632986916746,16594.236,6.7953453,1428.1562,2.129109,17810.504,7.305222,0,,,,,696.1058090670765,0.00035045104,408.3632986916746,0.000384779,-0.01819151,0.04967209
2167.0833288856948,17811.422,7.3081646,0.003244395,135305,696.1068098769455,408.36438921839795,16593.23,6.798083,1429.7979,2.1386116,17811.422,7.3081646,0,,,,,696.1068098769455,0.0003504978,408.36438921839795,0.0003847927,-0.01687518,0.05025634
2167.090273349697,17810.197,7.3038893,0.0032444175,135306,696.1066333047677,408.36580524578073,16592.115,6.794106,1428.6151,2.1272566,17810.197,7.3038893,0,,,,,696.1066333047677,0.00035062555,408.36580524578073,0.00038476402,-0.017602203,0.052288674
2167.0972178137,17815.943,7.305521,0.00324444,135307,696.1059581069419,408.36456517406344,16599.191,6.7956233,1429.1498,2.1274285,17815.943,7.305521,0,,,,,696.1059581069419,0.00035046326,408.36456517406344,0.0003846544,-0.01779929,0.050947223
2167.104162277702,17809.191,7.303701,0.0032444627,135308,696.1053855968381,408.3641607641142,16590.55,6.793931,1429.9163,2.1271994,17809.191,7.303701,0,,,,,696.1053855968381,0.00035039717,408.3641607641142,0.00038494423,-0.018652156,0.05071233
2167.111106741472,17826.906,7.306881,0.003244485,135309,696.1064089703667,408.365583060114,16606.678,6.796889,1424.7985,2.1313448,17826.906,7.306881,0,,,,,696.1064089703667,0.00035033046,408.365583060114,0.00038449347,-0.017130777,0.051896922
2167.1180512052415,17820.023,7.3074875,0.0032445074,135310,696.1065843322939,408.3644306867046,16599.887,6.797453,1428.4005,2.127892,17820.023,7.3074875,0,,,,,696.1065843322939,0.00035047808,408.3644306867046,0.00038513655,-0.01682526,0.050815593
2167.124995668779,17814.066,7.3033047,0.0032445295,135311,696.1059000148845,408.365541712639,16597.129,6.793562,1426.5764,2.12613,17814.066,7.3033047,0,,,,,696.1059000148845,0.00035028573,408.365541712639,0.0003845786,-0.018078374,0.05143687
2167.131940132548,17822.244,7.308377,0.0032445518,135312,696.1068615304033,408.3659811268407,16606.361,6.7982802,1427.2479,2.1291008,17822.244,7.308377,0,,,,,696.1068615304033,0.00035072895,408.3659811268407,0.00038470063,-0.016940484,0.052113194
2167.138884596086,17807.902,7.304077,0.003244574,135313,696.1050373578465,408.36458315558355,16591.412,6.7942805,1426.3519,2.1281204,17807.902,7.304077,0,,,,,696.1050373578465,0.0003504066,408.36458315558355,0.0003848858,-0.018937612,0.05114192
2167.14582905939,17809.48,7.3041778,0.0032445958,135314,696.1070254832955,408.3640243014875,16590.777,6.7943745,1429.5735,2.1283484,17809.48,7.3041778,0,,,,,696.1070254832955,0.00035048055,408.3640243014875,0.00038488396,-0.017117873,0.04971334
2167.152773522927,17814.701,7.3028193,0.003244618,135315,696.1057803427979,408.36563861097727,16592.422,6.793111,1428.2086,2.1252124,17814.701,7.3028193,0,,,,,696.1057803427979,0.00035051556,408.36563861097727,0.00038494522,-0.017718144,0.051859267
2167.159717986231,17817.395,7.30537,0.0032446398,135316,696.1054749910375,408.36202590570355,16597.436,6.795483,1428.107,2.127761,17817.395,7.30537,0,,,,,696.1054749910375,0.00035018803,408.36202590570355,0.00038478503,-0.018359298,0.048050214
2167.166662449535,17820.533,7.306769,0.0032446617,135317,696.1068800886936,408.3646498562692,16603.875,6.7967844,1427.0531,2.1319144,17820.533,7.306769,0,,,,,696.1068800886936,0.00035032653,408.3646498562692,0.00038459114,-0.017575571,0.051021073
2167.1736069126073,17823.314,7.306467,0.0032446834,135318,696.1058187218322,408.3654475111654,16603.865,6.796504,1424.5515,2.124996,17823.314,7.306467,0,,,,,696.1058187218322,0.0003504308,408.3654475111654,0.0003849175,-0.017796526,0.051788043
2167.180551375679,17822.25,7.3077965,0.003244705,135319,696.1054072921503,408.36478260092406,16607.686,6.79774,1426.9492,2.128492,17822.25,7.3077965,0,,,,,696.1054072921503,0.00035011309,408.36478260092406,0.0003844639,-0.01863915,0.050981842
2167.1874958387502,17819.76,7.3026896,0.0032447267,135320,696.1062668543491,408.36499748634674,16603.025,6.7929897,1424.6488,2.1235294,17819.76,7.3026896,0,,,,,696.1062668543491,0.00035024705,408.36499748634674,0.00038451064,-0.018075822,0.051354133
2167.1944403018215,17820.93,7.3087373,0.0032447483,135321,696.1060792216762,408.3645492123787,16606.043,6.7986155,1424.5297,2.137709,17820.93,7.3087373,0,,,,,696.1060792216762,0.00035016154,408.3645492123787,0.00038460785,-0.017558252,0.050659735
2167.20138476466,17823.215,7.305022,0.0032447698,135322,696.1056574417544,408.3645583258901,16606.117,6.7951593,1424.6702,2.1272376,17823.215,7.305022,0,,,,,696.1056574417544,0.00035025476,408.3645583258901,0.0003844555,-0.018319525,0.050550733
2167.2083292274983,17824.682,7.3085704,0.0032447912,135323,696.1052511181094,408.36361733768075,16599.57,6.7984605,1425.8593,2.1268237,17824.682,7.3085704,0,,,,,696.1052511181094,0.0003506867,408.36361733768075,0.00038519807,-0.017763013,0.0503416
2167.2152736903363,17819.91,7.3056183,0.0032448126,135324,696.1054326281911,408.3635483010298,16599.574,6.7957144,1429.7235,2.1276958,17819.91,7.3056183,0,,,,,696.1054326281911,0.00035050674,408.3635483010298,0.0003847066,-0.018106757,0.0500782
2167.2222181529423,17822.37,7.3047953,0.0032448338,135325,696.1069059383035,408.3632695763623,16604.371,6.794949,1425.4309,2.126935,17822.37,7.3047953,0,,,,,696.1069059383035,0.00035018483,408.3632695763623,0.00038448712,-0.016784228,0.049355693
2167.2291626155484,17819.574,7.305699,0.003244855,135326,696.1056754038966,408.3651956823454,16600.873,6.7957892,1427.6205,2.1298077,17819.574,7.305699,0,,,,,696.1056754038966,0.00035008352,408.3651956823454,0.00038485098,-0.01738255,0.051037993
2167.236107078154,17816.13,7.3055882,0.0032448762,135327,696.1049008958182,408.3634938382696,16592.01,6.7956862,1424.4246,2.1327379,17816.13,7.3055882,0,,,,,696.1049008958182,0.0003508123,408.3634938382696,0.00038489795,-0.019745521,0.049006388
2167.2430515405267,17816.225,7.307152,0.0032448971,135328,696.107188116633,408.36669041618495,16598.06,6.797141,1426.5278,2.1347969,17816.225,7.307152,0,,,,,696.107188116633,0.00035037444,408.36669041618495,0.00038478174,-0.01664128,0.052872803
2167.2499960028995,17805.072,7.302651,0.003244918,135329,696.1066336186467,408.36409243900874,16586.613,6.792954,1426.9875,2.1260679,17805.072,7.302651,0,,,,,696.1066336186467,0.00035065756,408.36409243900874,0.00038497255,-0.017846214,0.05041419
2167.2569404652722,17813.645,7.3082223,0.003244939,135330,696.1048812455304,408.36312330581666,16597.215,6.798136,1426.1478,2.1366215,17813.645,7.3082223,0,,,,,696.1048812455304,0.00035045436,408.36312330581666,0.00038494362,-0.01838798,0.04941657
2167.263884927645,17828.756,7.3078823,0.00324496,135331,696.1067902324354,408.36418964252135,16608.5,6.79782,1426.474,2.1268911,17828.756,7.3078823,0,,,,,696.1067902324354,0.00035052738,408.36418964252135,0.00038470546,-0.016803086,0.04953698
2167.270829389785,17817.46,7.3078194,0.0032449807,135332,696.105449533232,408.36348797327474,16600.033,6.797762,1427.194,2.1314292,17817.46,7.3078194,0,,,,,696.105449533232,0.00035038585,408.36348797327474,0.00038486256,-0.018676264,0.049748108
2167.277773851925,17826.107,7.3070416,0.0032450014,135333,696.1054093420963,408.3647732767253,16607.871,6.7970386,1428.3389,2.130005,17826.107,7.3070416,0,,,,,696.1054093420963,0.00035015267,408.3647732767253,0.0003844864,-0.018115029,0.050703667
2167.2847183140657,17822.441,7.305319,0.0032450221,135334,696.1059450819898,408.3620833618895,16603.305,6.795436,1423.9724,2.126423,17822.441,7.305319,0,,,,,696.1059450819898,0.00035047508,408.3620833618895,0.0003846142,-0.017578619,0.048738256
2167.2916627759732,17808.875,7.306909,0.0032450426,135335,696.1076136875116,408.3662410189805,16590.67,6.796915,1430.5255,2.1293993,17808.875,7.306909,0,,,,,696.1076136875116,0.0003507949,408.3662410189805,0.00038522907,-0.016566206,0.05251303
2167.2986072378803,17811.824,7.3071446,0.0032450631,135336,696.1064341202888,408.36149881648726,16595.52,6.7971344,1427.1583,2.128597,17811.824,7.3071446,0,,,,,696.1064341202888,0.0003504726,408.36149881648726,0.00038525346,-0.017695908,0.04795568
2167.3055516997874,17808.658,7.3026195,0.0032450836,135337,696.1059574327405,408.364300440171,16590.684,6.792925,1427.1566,2.1270773,17808.658,7.3026195,0,,,,,696.1059574327405,0.0003502757,408.364300440171,0.0003847909,-0.018079607,0.050105646
2167.3124961614617,17823.232,7.3085194,0.0032451039,135338,696.1055555475846,408.36447193995434,16601.58,6.798413,1427.8533,2.1328397,17823.232,7.3085194,0,,,,,696.1055555475846,0.00035074202,408.36447193995434,0.00038496498,-0.01832918,0.05054911
2167.319440623136,17815.822,7.3046355,0.0032451241,135339,696.1059849815204,408.3638759080814,16598.775,6.7948003,1423.8289,2.128852,17815.822,7.3046355,0,,,,,696.1059849815204,0.00035029076,408.3638759080814,0.00038471358,-0.017810566,0.05024675
2167.32638508481,17806.945,7.3033276,0.0032451444,135340,696.1054498120436,408.36302854383564,16590.06,6.7935834,1427.748,2.1287086,17806.945,7.3033276,0,,,,,696.1054498120436,0.00035044603,408.36302854383564,0.0003846219,-0.018869685,0.049546033
2167.3333295464854,17798.88,7.302898,0.0032451646,135341,696.107052317318,408.36487516568855,16584.688,6.7931843,1426.0197,2.1306274,17798.88,7.302898,0,,,,,696.107052317318,0.00035046207,408.36487516568855,0.0003848073,-0.016887814,0.050677136
2167.3402740079264,17825.092,7.3069673,0.0032451847,135342,696.1070532910425,408.3628456882568,16608.592,6.796969,1426.9486,2.130304,17825.092,7.3069673,0,,,,,696.1070532910425,0.00035002743,408.3628456882568,0.00038444207,-0.016635772,0.048838124
2167.3472184693683,17811.164,7.308079,0.0032452047,135343,696.1070727866254,408.3642062697842,16591.94,6.798003,1427.4385,2.131266,17811.164,7.308079,0,,,,,696.1070727866254,0.00035063658,408.3642062697842,0.0003852927,-0.017203948,0.04935107
2167.3541629305764,17813.08,7.304715,0.0032452245,135344,696.1043345886527,408.3615158632148,16590.928,6.794874,1426.7856,2.1337445,17813.08,7.304715,0,,,,,696.1043345886527,0.00035052534,408.3615158632148,0.0003848898,-0.01993532,0.04708487
2167.3611073920183,17806.5,7.3036313,0.0032452445,135345,696.106985814193,408.36411124396864,16587.408,6.7938657,1427.8518,2.127199,17806.5,7.3036313,0,,,,,696.106985814193,0.0003505858,408.36411124396864,0.00038502354,-0.016608419,0.05076896
2167.3680518532265,17821.63,7.304487,0.0032452643,135346,696.1063268995647,408.36516215262844,16598.793,6.794662,1429.2955,2.1268258,17821.63,7.304487,0,,,,,696.1063268995647,0.00035034862,408.36516215262844,0.00038471536,-0.018280454,0.050865624
2167.3749963144355,17824.205,7.3081727,0.003245284,135347,696.1057998453185,408.3635051672337,16605.293,6.7980905,1425.3649,2.1265004,17824.205,7.3081727,0,,,,,696.1057998453185,0.00035028593,408.3635051672337,0.00038507217,-0.018423056,0.049978636
2167.381940775411,17820.973,7.3052735,0.0032453036,135348,696.1069106832746,408.3619139854844,16607.22,6.795394,1426.4626,2.1257758,17820.973,7.3052735,0,,,,,696.1069106832746,0.00035031963,408.3619139854844,0.00038486728,-0.016899768,0.04816682
2167.3888852363875,17819.705,7.307933,0.0032453232,135349,696.1060374468944,408.36267648107435,16603.346,6.797868,1428.0338,2.1326237,17819.705,7.307933,0,,,,,696.1060374468944,0.00035022802,408.36267648107435,0.00038467924,-0.017700622,0.049761187
2167.395829697364,17809.615,7.3053203,0.0032453428,135350,696.1059847258856,408.36388280107013,16590.703,6.7954373,1429.6534,2.129602,17809.615,7.3053203,0,,,,,696.1059847258856,0.0003505796,408.36388280107013,0.00038511763,-0.018142842,0.05026759
2167.4027741581067,17818.766,7.305163,0.003245362,135351,696.1048163524528,408.36290809206787,16601.256,6.7952905,1426.4495,2.126234,17818.766,7.305163,0,,,,,696.1048163524528,0.0003502419,408.36290809206787,0.00038476705,-0.019583499,0.048122026
2167.409718619083,17832.668,7.3071103,0.0032453816,135352,696.1067911301462,408.3628449661068,16613.932,6.797102,1427.4908,2.1276684,17832.668,7.3071103,0,,,,,696.1067911301462,0.00035032863,408.3628449661068,0.00038444836,-0.017150464,0.049179055
2167.4166630795926,17823.648,7.3065763,0.0032454007,135353,696.1068349315186,408.3638196248352,16604.465,6.796605,1429.1458,2.1297493,17823.648,7.3065763,0,,,,,696.1068349315186,0.000350317,408.3638196248352,0.0003847761,-0.017081913,0.051045127
2167.423607540336,17806.8,7.305423,0.00324542,135354,696.1057213682896,408.36142974064717,16589.336,6.7955327,1427.539,2.1310759,17806.8,7.305423,0,,,,,696.1057213682896,0.00035061777,408.36142974064717,0.00038482517,-0.01830939,0.047401126
2167.4305520008456,17815.266,7.3055105,0.0032454391,135355,696.1063804727363,408.36238830877403,16597.348,6.7956142,1427.589,2.1278872,17815.266,7.3055105,0,,,,,696.1063804727363,0.0003503689,408.36238830877403,0.00038498314,-0.017455952,0.048419394
2167.4374964613567,17826.492,7.3051205,0.0032454582,135356,696.1058259605599,408.3626946671919,16604.37,6.7952514,1421.6984,2.1298447,17826.492,7.3051205,0,,,,,696.1058259605599,0.00035047793,408.3626946671919,0.00038477563,-0.01740097,0.048651673
2167.4444409218668,17811.035,7.304812,0.0032454773,135357,696.1055800203566,408.3626707956904,16593.416,6.7949643,1430.5369,2.1306217,17811.035,7.304812,0,,,,,696.1055800203566,0.0003503449,408.3626707956904,0.00038482036,-0.018668175,0.048863623
2167.4513853821436,17833.56,7.309685,0.0032454962,135358,696.1047149733246,408.36159529668157,16607.846,6.7994976,1429.7908,2.1309876,17833.56,7.309685,0,,,,,696.1047149733246,0.00035053855,408.36159529668157,0.00038519924,-0.018956203,0.04851232
2167.4583298424213,17819.371,7.306458,0.003245515,135359,696.1065306135143,408.3628739782381,16602.732,6.7964954,1428.9579,2.1282568,17819.371,7.306458,0,,,,,696.1065306135143,0.00035062968,408.3628739782381,0.00038474324,-0.01688793,0.04874372
2167.465274302698,17820.55,7.3089256,0.003245534,135360,696.1057325294256,408.3645611846001,16599.78,6.798791,1428.6348,2.139365,17820.55,7.3089256,0,,,,,696.1057325294256,0.00035019795,408.3645611846001,0.00038494717,-0.017816853,0.05071228
2167.472218762976,17820.959,7.30649,0.0032455528,135361,696.1047705154372,408.3604880805448,16601.213,6.796525,1429.344,2.131491,17820.959,7.30649,0,,,,,696.1047705154372,0.00035040517,408.3604880805448,0.00038480558,-0.019480526,0.04625174
2167.47916322302,17804.865,7.3020225,0.0032455714,135362,696.1061804763536,408.3621225386359,16588.72,6.79237,1428.5719,2.126442,17804.865,7.3020225,0,,,,,696.1061804763536,0.00035031492,408.3621225386359,0.00038502747,-0.017758353,0.048083127
2167.486107683065,17818.457,7.3077188,0.00324559,135363,696.1065053566575,408.36361782571316,16599.906,6.7976685,1431.794,2.1343699,17818.457,7.3077188,0,,,,,696.1065053566575,0.00035042007,408.36361782571316,0.00038470945,-0.01763358,0.049588673
2167.493052142877,17814.158,7.3049955,0.0032456084,135364,696.1067706990552,408.36291582000797,16596.432,6.7951355,1430.1506,2.1281338,17814.158,7.3049955,0,,,,,696.1067706990552,0.0003504845,408.36291582000797,0.00038476282,-0.017815432,0.048904564
2167.499996602922,17824.234,7.3065767,0.003245627,135365,696.1059994213454,408.3650158470305,16605.012,6.7966056,1428.9512,2.128343,17824.234,7.3065767,0,,,,,696.1059994213454,0.00035028817,408.3650158470305,0.0003846314,-0.018639296,0.05124513
2167.506941062734,17821.842,7.3060083,0.0032456454,135366,696.1061363311771,408.3631461834445,16601.584,6.7960773,1426.8646,2.1309717,17821.842,7.3060083,0,,,,,696.1061363311771,0.0003505001,408.3631461834445,0.0003847148,-0.01715726,0.049027167
2167.513885522312,17812.064,7.302218,0.0032456636,135367,696.1063261269435,408.36352513696727,16592.828,6.792551,1425.054,2.1259906,17812.064,7.302218,0,,,,,696.1063261269435,0.0003504162,408.36352513696727,0.0003849463,-0.017346336,0.049474366
2167.5208299821243,17822.334,7.306802,0.003245682,135368,696.1064898982311,408.36205363899694,16603.256,6.796815,1429.928,2.1318219,17822.334,7.306802,0,,,,,696.1064898982311,0.00035036646,408.36205363899694,0.0003847529,-0.017517472,0.047965232
2167.5277744417035,17813.326,7.3045473,0.0032457002,135369,696.1041456756058,408.36141390654416,16593.027,6.7947183,1430.8307,2.1297932,17813.326,7.3045473,0,,,,,696.1041456756058,0.00035050357,408.36141390654416,0.00038491125,-0.019687457,0.04701477
2167.5347189010495,17819.58,7.304944,0.003245718,135370,696.1059813226432,408.3649515296557,16597.248,6.7950873,1428.728,2.126823,17819.58,7.304944,0,,,,,696.1059813226432,0.00035034437,408.3649515296557,0.0003848508,-0.017527856,0.051460896
2167.5416633606283,17820.807,7.3048835,0.0032457362,135371,696.1048652475935,408.36129342985276,16596.13,6.7950306,1426.6265,2.1317947,17820.807,7.3048835,0,,,,,696.1048652475935,0.00035038945,408.36129342985276,0.00038481803,-0.01906056,0.046526477
2167.548607819974,17821.713,7.3074975,0.0032457542,135372,696.1057154003719,408.36503366435966,16598.355,6.7974625,1427.5206,2.1307843,17821.713,7.3074975,0,,,,,696.1057154003719,0.00035066254,408.36503366435966,0.00038502133,-0.018223254,0.050961867
2167.55555227932,17816.852,7.307687,0.003245772,135373,696.1066985717598,408.3627152499181,16599.523,6.7976384,1429.3,2.1349275,17816.852,7.307687,0,,,,,696.1066985717598,0.00035057953,408.3627152499181,0.00038475837,-0.016687043,0.048977792
2167.5624967384333,17823.488,7.306584,0.0032457898,135374,696.1063669276538,408.36225699495645,16604.768,6.7966123,1430.5548,2.1286042,17823.488,7.306584,0,,,,,696.1063669276538,0.0003502732,408.36225699495645,0.0003847265,-0.017147012,0.047901846
2167.5694411977793,17814.643,7.3035545,0.0032458077,135375,696.1060623385109,408.36194939706235,16592.816,6.7937946,1428.9208,2.12751,17814.643,7.3035545,0,,,,,696.1060623385109,0.00035063893,408.36194939706235,0.00038485273,-0.017830266,0.04881003
2167.5763856568924,17805.33,7.301766,0.0032458254,135376,696.1052383349565,408.3629210345446,16587.64,6.7921305,1427.0413,2.1268525,17805.33,7.301766,0,,,,,696.1052383349565,0.00035040147,408.3629210345446,0.0003850737,-0.018785164,0.04815439
2167.5833301157727,17825.105,7.308323,0.0032458429,135377,696.1051342113805,408.3601643881761,16605.055,6.79823,1429.5173,2.1364985,17825.105,7.308323,0,,,,,696.1051342113805,0.0003502312,408.3601643881761,0.0003845483,-0.019062791,0.046134394
2167.590274574886,17820.492,7.3044457,0.0032458606,135378,696.1053675201086,408.3626175731129,16600.873,6.7946234,1426.2521,2.1267257,17820.492,7.3044457,0,,,,,696.1053675201086,0.0003502967,408.3626175731129,0.00038493046,-0.01882201,0.048295725
2167.597219033767,17814.164,7.3063607,0.003245878,135379,696.1069979569163,408.36390695315976,16597.352,6.796405,1429.2252,2.1296027,17814.164,7.3063607,0,,,,,696.1069979569163,0.0003504002,408.36390695315976,0.00038496807,-0.016178755,0.049821295
2167.604163492415,17817.795,7.304892,0.0032458953,135380,696.1055062306259,408.3613046894293,16596.441,6.7950387,1429.5894,2.1286814,17817.795,7.304892,0,,,,,696.1055062306259,0.0003504626,408.3613046894293,0.00038493803,-0.01876637,0.047016557
2167.6111079512953,17815.982,7.3047056,0.0032459127,135381,696.104873489903,408.3619778510996,16594.588,6.794865,1427.6138,2.132901,17815.982,7.3047056,0,,,,,696.104873489903,0.0003503352,408.3619778510996,0.00038488043,-0.018689137,0.04777565
2167.6180524099427,17807.082,7.3051014,0.00324593,135382,696.1051421386168,408.36357604867607,16588.756,6.7952337,1429.9336,2.129932,17807.082,7.3051014,0,,,,,696.1051421386168,0.00035065255,408.36357604867607,0.00038501358,-0.018465606,0.04979712
2167.62499686859,17823.445,7.3041887,0.0032459472,135383,696.1042823762778,408.36311393104114,16600.525,6.7943845,1426.5907,2.125477,17823.445,7.3041887,0,,,,,696.1042823762778,0.00035025124,408.36311393104114,0.00038483183,-0.01895287,0.04906828
2167.6319413270057,17819.988,7.3076205,0.0032459642,135384,696.1064399759217,408.36252144406785,16599.219,6.797577,1429.445,2.1368237,17819.988,7.3076205,0,,,,,696.1064399759217,0.00035032825,408.36252144406785,0.000384819,-0.017781647,0.04864003
2167.6388857856527,17809.42,7.3048186,0.0032459814,135385,696.1055288210393,408.3613885841145,16590.754,6.7949705,1429.2402,2.1290457,17809.42,7.3048186,0,,,,,696.1055288210393,0.00035066236,408.3613885841145,0.00038515436,-0.017995028,0.04762024
2167.645830244068,17821.912,7.3057346,0.0032459984,135386,696.1060560839888,408.36244355997144,16602.104,6.795822,1429.1349,2.1292284,17821.912,7.3057346,0,,,,,696.1060560839888,0.00035021311,408.36244355997144,0.00038469216,-0.018366627,0.04819232
2167.652774702249,17832.818,7.3068237,0.0032460152,135387,696.1046145499517,408.3614066159397,16610.852,6.7968354,1431.2142,2.1262255,17832.818,7.3068237,0,,,,,696.1046145499517,0.00035017854,408.3614066159397,0.00038483503,-0.018808419,0.047811534
2167.659719160431,17818.428,7.306458,0.003246032,135388,696.1052532241276,408.3629724414933,16599.582,6.7964954,1425.7507,2.135,17818.428,7.306458,0,,,,,696.1052532241276,0.0003501989,408.3629724414933,0.00038472528,-0.01875536,0.048403252
2167.666663618613,17827.936,7.3082147,0.0032460487,135389,696.1045347580565,408.3628771580743,16610.477,6.798129,1431.4512,2.1320317,17827.936,7.3082147,0,,,,,696.1045347580565,0.00035014126,408.3628771580743,0.00038455008,-0.019450303,0.04894854
2167.6736080767946,17821.178,7.30773,0.0032460655,135390,696.1053386928332,408.3617036080182,16600.727,6.7976785,1432.4205,2.128861,17821.178,7.30773,0,,,,,696.1053386928332,0.0003504186,408.3617036080182,0.00038522607,-0.018914292,0.047166064
2167.6805525349764,17823.967,7.307321,0.0032460822,135391,696.1063290439688,408.36202250012,16606.924,6.7972984,1431.1522,2.131767,17823.967,7.307321,0,,,,,696.1063290439688,0.00035036245,408.36202250012,0.0003846408,-0.016983794,0.047231846
2167.6874969929254,17829.002,7.306143,0.0032460988,135392,696.1062031969537,408.3619574170131,16609.912,6.7962027,1428.0853,2.1283355,17829.002,7.306143,0,,,,,696.1062031969537,0.00035015598,408.3619574170131,0.00038467927,-0.017702665,0.04772202
2167.6944414508753,17815.596,7.305949,0.0032461153,135393,696.1060812270727,408.36113063199434,16594.65,6.796022,1429.0934,2.1298416,17815.596,7.305949,0,,,,,696.1060812270727,0.00035073463,408.36113063199434,0.00038500596,-0.017760053,0.04668118
2167.701385908592,17818.17,7.30709,0.0032461316,135394,696.1069578007476,408.3628810207211,16597.836,6.797083,1426.3342,2.1376915,17818.17,7.30709,0,,,,,696.1069578007476,0.00035036483,408.3628810207211,0.0003848011,-0.0171286,0.048563972
2167.708330366308,17803.936,7.3009324,0.003246148,135395,696.1045389756026,408.3626244478571,16582.883,6.7913556,1424.8717,2.1277487,17803.936,7.3009324,0,,,,,696.1045389756026,0.00035039484,408.3626244478571,0.00038492415,-0.01885723,0.04841314
2167.715274824024,17822.166,7.3072925,0.0032461642,135396,696.1053236543331,408.36246414088373,16603.547,6.7972717,1426.2677,2.1348255,17822.166,7.3072925,0,,,,,696.1053236543331,0.00035025406,408.36246414088373,0.00038475008,-0.01805897,0.047929198
2167.7222192817403,17803.176,7.3043714,0.0032461805,135397,696.1048119746184,408.3604798038679,16585.594,6.794554,1431.6978,2.129334,17803.176,7.3043714,0,,,,,696.1048119746184,0.0003505547,408.3604798038679,0.00038503326,-0.019081425,0.046404205
2167.7291637392236,17816.043,7.3059583,0.0032461965,135398,696.1071235751258,408.36224238387786,16597.846,6.7960305,1427.8533,2.131533,17816.043,7.3059583,0,,,,,696.1071235751258,0.00035031256,408.36224238387786,0.0003847224,-0.017156934,0.04815404
2167.7361081967074,17830.877,7.3070307,0.0032462126,135399,696.1060608413496,408.36329270507446,16610.488,6.797028,1426.7424,2.1304522,17830.877,7.3070307,0,,,,,696.1060608413496,0.00035032065,408.36329270507446,0.00038446466,-0.017842412,0.049455386
2167.743052654191,17821.057,7.3055363,0.0032462287,135400,696.1072157573412,408.36171827914734,16598.875,6.795638,1428.4448,2.1320922,17821.057,7.3055363,0,,,,,696.1072157573412,0.00035049167,408.36171827914734,0.00038476195,-0.017520798,0.04661731
2167.749997111441,17833.096,7.306305,0.0032462445,135401,696.1053484016882,408.3614501437078,16610.328,6.796353,1424.978,2.1292658,17833.096,7.306305,0,,,,,696.1053484016882,0.00035022944,408.3614501437078,0.00038455153,-0.01806807,0.04762532
2167.756941568692,17815.33,7.3045926,0.0032462603,135402,696.1050175322168,408.36252624495273,16594.553,6.7947598,1428.9446,2.1253216,17815.33,7.3045926,0,,,,,696.1050175322168,0.0003504257,408.36252624495273,0.00038507197,-0.01910759,0.048372395
2167.763886025942,17824.793,7.304735,0.0032462762,135403,696.1053667486904,408.3620280497057,16606.121,6.794893,1424.2169,2.12677,17824.793,7.304735,0,,,,,696.1053667486904,0.00035000226,408.3620280497057,0.0003846509,-0.018364364,0.04768263
2167.770830483193,17814.111,7.304201,0.003246292,135404,696.1055731299807,408.36211806444106,16597.809,6.794396,1428.1956,2.1269631,17814.111,7.304201,0,,,,,696.1055731299807,0.00035007097,408.36211806444106,0.00038485826,-0.018276688,0.047705118
2167.7777749402103,17818.271,7.304594,0.0032463076,135405,696.1053596659109,408.3583170396239,16597.46,6.794761,1430.4106,2.1264975,17818.271,7.304594,0,,,,,696.1053596659109,0.000350317,408.3583170396239,0.0003851829,-0.018258486,0.043883476
2167.784719397229,17828.053,7.3094335,0.0032463232,135406,696.1066660042286,408.364343212425,16606.56,6.7992635,1428.4722,2.1260602,17828.053,7.3094335,0,,,,,696.1066660042286,0.00035049068,408.364343212425,0.0003853447,-0.01698759,0.05025458
2167.7916638540146,17819.56,7.3067536,0.0032463386,135407,696.1045176961717,408.36137424305997,16601.057,6.7967706,1430.859,2.131834,17819.56,7.3067536,0,,,,,696.1045176961717,0.00035025107,408.36137424305997,0.00038458334,-0.019550571,0.04772043
2167.798608310799,17821.812,7.3061004,0.003246354,135408,696.1058747521959,408.3612635660389,16604.785,6.796163,1424.9089,2.1294549,17821.812,7.3061004,0,,,,,696.1058747521959,0.0003502286,408.3612635660389,0.00038466346,-0.018183215,0.047793213
2167.8055527675842,17811.322,7.303456,0.0032463693,135409,696.105447551149,408.3611978485504,16588.371,6.793703,1429.1039,2.1276484,17811.322,7.303456,0,,,,,696.105447551149,0.00035051254,408.3611978485504,0.00038513888,-0.018332215,0.047323924
2167.8124972243686,17819.908,7.3061895,0.0032463847,135410,696.1025273192647,408.3592830688362,16598.527,6.7962456,1424.2958,2.125821,17819.908,7.3061895,0,,,,,696.1025273192647,0.00035021087,408.3592830688362,0.00038534313,-0.02125702,0.04488206
2167.819441680921,17828.318,7.3063517,0.0032463998,135411,696.1064399833499,408.36218849365315,16601.963,6.7963963,1428.1436,2.131073,17828.318,7.3063517,0,,,,,696.1064399833499,0.0003505504,408.36218849365315,0.00038486248,-0.017396139,0.048442088
2167.8263861377063,17823.807,7.304287,0.0032464152,135412,696.1065656821278,408.36022782228264,16601.56,6.7944756,1426.0076,2.1270134,17823.807,7.304287,0,,,,,696.1065656821278,0.00035014443,408.36022782228264,0.00038488468,-0.01783858,0.045774326
2167.8333305940255,17821.55,7.3058352,0.00324643,135413,696.1051802312807,408.36186000713303,16602.041,6.795916,1426.0989,2.1281047,17821.55,7.3058352,0,,,,,696.1051802312807,0.0003502894,408.36186000713303,0.0003849652,-0.019136233,0.046853475
2167.8402750505775,17821.172,7.3052697,0.0032464452,135414,696.1041025967793,408.3618722617077,16601.893,6.7953897,1429.5487,2.1278672,17821.172,7.3052697,0,,,,,696.1041025967793,0.0003502817,408.3618722617077,0.00038472147,-0.019442191,0.04781932
2167.8472195068966,17819.53,7.307771,0.00324646,135415,696.1050101586276,408.3596717102233,16597.566,6.797717,1426.5444,2.135773,17819.53,7.307771,0,,,,,696.1050101586276,0.00035049074,408.3596717102233,0.0003850984,-0.019000499,0.04583783
2167.854163963216,17813.545,7.303365,0.003246475,135416,696.1056072801505,408.36138846192773,16594.717,6.793618,1429.4376,2.1269045,17813.545,7.303365,0,,,,,696.1056072801505,0.000350387,408.36138846192773,0.00038483154,-0.018553078,0.04784927
2167.861108419302,17822.254,7.304786,0.0032464897,135417,696.105222291235,408.36012213313967,16598.748,6.79494,1428.0645,2.127997,17822.254,7.304786,0,,,,,696.105222291235,0.00035030174,408.36012213313967,0.00038513198,-0.01855774,0.045163985
2167.8680528756213,17802.959,7.3036246,0.0032465046,135418,696.1046997405456,408.36144141134696,16583.96,6.7938595,1428.5875,2.1298442,17802.959,7.3036246,0,,,,,696.1046997405456,0.00035058366,408.36144141134696,0.00038501117,-0.019242845,0.047310356
2167.874997331708,17825.904,7.3099985,0.0032465192,135419,696.1065794515371,408.36125031033555,16604.412,6.7997885,1426.4517,2.1371565,17825.904,7.3099985,0,,,,,696.1065794515371,0.00035046376,408.36125031033555,0.000385049,-0.017427169,0.047066417
2167.8819417875625,17817.992,7.306535,0.0032465337,135420,696.1041734100407,408.36003244953565,16597.373,6.7965674,1426.1808,2.129636,17817.992,7.306535,0,,,,,696.1041734100407,0.00035041265,408.36003244953565,0.00038490666,-0.020068925,0.045995645
2167.888886243649,17812.275,7.3059387,0.0032465484,135421,696.1041217649354,408.3627025578612,16594.08,6.7960124,1428.9827,2.1330671,17812.275,7.3059387,0,,,,,696.1041217649354,0.00035025494,408.3627025578612,0.00038485922,-0.019485911,0.048759315
2167.895830699502,17821.79,7.3087745,0.0032465628,135422,696.1057161281897,408.3613353403272,16603.209,6.7986503,1432.4948,2.12992,17821.79,7.3087745,0,,,,,696.1057161281897,0.00035038497,408.3613353403272,0.00038491582,-0.018259985,0.04712178
2167.902775155123,17833.205,7.310458,0.003246577,135423,696.105650804705,408.3598700708488,16614.459,6.8002167,1429.2682,2.137844,17833.205,7.310458,0,,,,,696.105650804705,0.00034997376,408.3598700708488,0.00038472476,-0.018744135,0.04525842
2167.909719610976,17811.014,7.3035803,0.0032465914,135424,696.1054114456507,408.3627109108084,16593.018,6.7938185,1427.8251,2.128064,17811.014,7.3035803,0,,,,,696.1054114456507,0.00035054653,408.3627109108084,0.00038478756,-0.019019939,0.04849569
2167.916664066597,17824.492,7.308674,0.0032466056,135425,696.1059603131624,408.35988905171,16604.557,6.7985563,1429.0408,2.1369634,17824.492,7.308674,0,,,,,696.1059603131624,0.00035026006,408.35988905171,0.00038465872,-0.018099403,0.04575574
2167.9236085222174,17811.732,7.303629,0.0032466198,135426,696.1059053677917,408.3613648904444,16588.848,6.793864,1428.8859,2.1276066,17811.732,7.303629,0,,,,,696.1059053677917,0.0003506549,408.3613648904444,0.00038514062,-0.018191945,0.04683101
2167.930552977606,17829.293,7.30868,0.0032466338,135427,696.1039857601576,408.3607447886729,16606.906,6.798562,1429.7692,2.1318007,17829.293,7.30868,0,,,,,696.1039857601576,0.00035039484,408.3607447886729,0.00038493396,-0.019745275,0.046812985
2167.937497433227,17830.982,7.3095245,0.003246648,135428,696.1047879133564,408.3603539584247,16608.543,6.799348,1429.4689,2.1385705,17830.982,7.3095245,0,,,,,696.1047879133564,0.0003501587,408.3603539584247,0.00038475607,-0.019142501,0.04652305
2167.944441888382,17805.531,7.3021946,0.0032466617,135429,696.1046623450463,408.3628077245215,16587.691,6.7925296,1426.497,2.1266298,17805.531,7.3021946,0,,,,,696.1046623450463,0.00035037764,408.3628077245215,0.00038496696,-0.019581372,0.048926048
2167.9513863437696,17817.658,7.306886,0.0032466757,135430,696.1051757445497,408.35965612520414,16596.648,6.796894,1433.1641,2.1274137,17817.658,7.306886,0,,,,,696.1051757445497,0.00035026448,408.35965612520414,0.000385298,-0.018628605,0.045735974
2167.9583307989246,17827.783,7.306243,0.0032466894,135431,696.1051241479507,408.3591826972369,16608.275,6.7962956,1427.972,2.1290197,17827.783,7.306243,0,,,,,696.1051241479507,0.00035015747,408.3591826972369,0.00038478943,-0.019184576,0.045146294
2167.9652752540806,17829.236,7.307259,0.0032467032,135432,696.1058720654627,408.3617876385715,16609.877,6.7972403,1425.861,2.1273596,17829.236,7.307259,0,,,,,696.1058720654627,0.0003501459,408.3617876385715,0.00038488992,-0.018266765,0.04766079
2167.972219709236,17818.809,7.3066115,0.003246717,135433,696.1041598826687,408.35926833391676,16600.473,6.796638,1428.2124,2.1304917,17818.809,7.3066115,0,,,,,696.1041598826687,0.0003504147,408.35926833391676,0.00038496088,-0.019694787,0.045034636
2167.979164164391,17815.375,7.3047028,0.0032467307,135434,696.1058623822606,408.36326008239854,16595.28,6.7948627,1430.7079,2.1292834,17815.375,7.3047028,0,,,,,696.1058623822606,0.0003503454,408.36326008239854,0.00038475427,-0.018132301,0.049186204
2167.986108619313,17828.812,7.306613,0.0032467442,135435,696.1054224888906,408.3610870554217,16606.908,6.79664,1424.1234,2.1272073,17828.812,7.306613,0,,,,,696.1054224888906,0.00035011893,408.3610870554217,0.0003847117,-0.019065246,0.04645133
2167.9930530742354,17813.61,7.3057,0.0032467577,135436,696.1051884818656,408.36188949430704,16595.854,6.7957897,1427.3862,2.1262865,17813.61,7.3057,0,,,,,696.1051884818656,0.00035032703,408.36188949430704,0.0003848861,-0.018454758,0.047692984
2167.9999975289247,17826.578,7.3081236,0.003246771,135437,696.1042724392144,408.3589818552862,16605.146,6.7980447,1427.9434,2.1330807,17826.578,7.3081236,0,,,,,696.1042724392144,0.00035028072,408.3589818552862,0.00038497295,-0.019730344,0.044174865
2168.006941983614,17823.781,7.3078737,0.0032467842,135438,696.1048882487319,408.36155331776223,16602.559,6.7978125,1426.3435,2.137002,17823.781,7.3078737,0,,,,,696.1048882487319,0.00035048477,408.36155331776223,0.00038459935,-0.019029109,0.04732836
2168.0138864383034,17819.176,7.3049436,0.0032467975,135439,696.1048554224893,408.3601872791019,16599.113,6.7950864,1423.8923,2.1271632,17819.176,7.3049436,0,,,,,696.1048554224893,0.00035038835,408.3601872791019,0.00038481128,-0.019515242,0.045255918
2168.0208308929928,17824.566,7.306124,0.0032468108,135440,696.1055703570371,408.36065452197096,16605.178,6.7961845,1426.2928,2.1306663,17824.566,7.306124,0,,,,,696.1055703570371,0.0003502317,408.36065452197096,0.00038471902,-0.018801667,0.047113296
2168.0277753474493,17812.145,7.3021464,0.0032468238,135441,696.1041119726308,408.3599022879966,16590.258,6.7924848,1429.5483,2.1252215,17812.145,7.3021464,0,,,,,696.1041119726308,0.00035026108,408.3599022879966,0.00038482365,-0.020307237,0.045221448
2168.0347198019062,17809.557,7.3028684,0.0032468368,135442,696.103862387944,408.3604587735782,16587.412,6.793156,1429.6132,2.1283224,17809.557,7.3028684,0,,,,,696.103862387944,0.00035050433,408.3604587735782,0.00038497627,-0.019319706,0.046415053
2168.041664256363,17823.793,7.307275,0.0032468499,135443,696.107140504473,408.361609918232,16607.414,6.797255,1426.0167,2.1296098,17823.793,7.307275,0,,,,,696.107140504473,0.0003501279,408.361609918232,0.0003847645,-0.017085966,0.0475884
2168.0486087105864,17806.041,7.3031693,0.0032468627,135444,696.104456349533,408.3593292075714,16586.477,6.7934365,1430.2974,2.1283176,17806.041,7.3031693,0,,,,,696.104456349533,0.00035040255,408.3593292075714,0.00038504825,-0.01939087,0.044631634
2168.055553164811,17812.234,7.3050003,0.0032468755,135445,696.1043986465019,408.361214741863,16594.287,6.7951393,1425.3785,2.126958,17812.234,7.3050003,0,,,,,696.1043986465019,0.00035021253,408.361214741863,0.00038506318,-0.019429399,0.047106072
2168.0624976190356,17821.01,7.30744,0.0032468883,135446,696.1041393160277,408.36065707667353,16600.426,6.7974086,1429.606,2.1324434,17821.01,7.30744,0,,,,,696.1041393160277,0.00035023902,408.36065707667353,0.0003849709,-0.019509695,0.04689124
2168.069442073259,17826.354,7.30694,0.003246901,135447,696.104712891313,408.35977449623533,16604.809,6.7969437,1425.324,2.1325321,17826.354,7.30694,0,,,,,696.104712891313,0.00035033375,408.35977449623533,0.00038479757,-0.019560713,0.046081908
2168.07638652725,17827.742,7.3072352,0.0032469137,135448,696.1050525649757,408.36110384032094,16603.928,6.7972183,1428.2551,2.1292236,17827.742,7.3072352,0,,,,,696.1050525649757,0.00035057872,408.36110384032094,0.00038489475,-0.018884787,0.04655603
2168.0833309812406,17818.16,7.306689,0.0032469262,135449,696.1052845949278,408.3597905071458,16595.6,6.79671,1433.1302,2.1309857,17818.16,7.306689,0,,,,,696.1052845949278,0.0003503957,408.3597905071458,0.0003852093,-0.018468548,0.04482531
2168.090275434999,17823.662,7.3071074,0.0032469386,135450,696.105443893784,408.3597427026178,16603.309,6.7970996,1428.7319,2.1321092,17823.662,7.3071074,0,,,,,696.105443893784,0.0003502782,408.3597427026178,0.00038481862,-0.018493203,0.045144733
2168.0972198889895,17831.506,7.3087225,0.0032469511,135451,696.103691888218,408.35901299615193,16608.49,6.7986016,1429.292,2.1324968,17831.506,7.3087225,0,,,,,696.103691888218,0.00035042435,408.35901299615193,0.00038487505,-0.019944262,0.044768557
2168.1041643427475,17809.455,7.3067756,0.0032469635,135452,696.1040754976061,408.3601501133745,16589.426,6.7967906,1429.7792,2.1383986,17809.455,7.3067756,0,,,,,696.1040754976061,0.0003504134,408.3601501133745,0.0003849056,-0.019852499,0.045612156
2168.1111087962727,17803.893,7.302771,0.0032469756,135453,696.1051299064854,408.360456455195,16586.025,6.793066,1426.659,2.1260242,17803.893,7.302771,0,,,,,696.1051299064854,0.00035056283,408.360456455195,0.00038506568,-0.01834544,0.046228684
2168.1180532500307,17827.451,7.309865,0.003246988,135454,696.1038370160755,408.36045140496293,16603.312,6.799665,1429.8137,2.1346269,17827.451,7.309865,0,,,,,696.1038370160755,0.0003504053,408.36045140496293,0.0003850305,-0.019603936,0.046145465
2168.124997703557,17829.729,7.304715,0.003247,135455,696.105549171099,408.3602133282044,16606.23,6.794874,1428.0386,2.1265998,17829.729,7.304715,0,,,,,696.105549171099,0.0003500366,408.3602133282044,0.00038485063,-0.018510275,0.04595139
2168.1319421570815,17820.873,7.305209,0.0032470122,135456,696.1048005921789,408.35963592164956,16600.396,6.795334,1424.202,2.1318486,17820.873,7.305209,0,,,,,696.1048005921789,0.00035029635,408.35963592164956,0.00038489513,-0.018908514,0.04557199
2168.138886610375,17814.97,7.30671,0.003247024,135457,696.1059529945226,408.36039540805615,16594.674,6.7967296,1430.7043,2.1282434,17814.97,7.30671,0,,,,,696.1059529945226,0.00035025575,408.36039540805615,0.0003856073,-0.018045202,0.04568071
2168.145831063668,17811.135,7.3030405,0.003247036,135458,696.1043938297112,408.36055551472595,16586.613,6.7933164,1424.9381,2.1301491,17811.135,7.3030405,0,,,,,696.1043938297112,0.0003506491,408.36055551472595,0.00038496306,-0.019540168,0.046652436
2168.15277551696,17820.902,7.3046517,0.0032470478,135459,696.1035707111491,408.35786364405976,16594.898,6.7948146,1426.4191,2.128083,17820.902,7.3046517,0,,,,,696.1035707111491,0.00035080043,408.35786364405976,0.00038508532,-0.02071646,0.042499654
2168.159719970253,17824.445,7.3056774,0.0032470596,135460,696.1050209595998,408.3614695115864,16604.225,6.795769,1425.9878,2.1287243,17824.445,7.3056774,0,,,,,696.1050209595998,0.00035011268,408.3614695115864,0.000384685,-0.018888056,0.047139965
2168.166664423312,17826.338,7.307769,0.0032470713,135461,696.1039037671067,408.3592085752537,16603.113,6.797715,1423.976,2.126116,17826.338,7.307769,0,,,,,696.1039037671067,0.00035063733,408.3592085752537,0.00038523923,-0.019746678,0.04480481
2168.173608876372,17825.768,7.3060384,0.003247083,135462,696.1048680188716,408.35976620089593,16605.41,6.796105,1424.7567,2.1284287,17825.768,7.3060384,0,,,,,696.1048680188716,0.00035043355,408.35976620089593,0.00038460182,-0.018995142,0.045432985
2168.180553329431,17810.455,7.3025866,0.0032470946,135463,696.1056865423596,408.3593715065549,16586.855,6.7928944,1426.9476,2.1273887,17810.455,7.3025866,0,,,,,696.1056865423596,0.0003506337,408.3593715065549,0.00038507386,-0.019020457,0.044657506
2168.187497782258,17822.719,7.307344,0.003247106,135464,696.1049244655109,408.36037219362777,16603.44,6.79732,1428.2078,2.1332242,17822.719,7.307344,0,,,,,696.1049244655109,0.00035016143,408.36037219362777,0.0003847072,-0.019408932,0.045543205
2168.1944422350844,17822.0,7.305816,0.0032471174,135465,696.1047136595994,408.36006658078816,16597.385,6.7958984,1429.4316,2.1330912,17822.0,7.305816,0,,,,,696.1047136595994,0.00035041352,408.36006658078816,0.00038502508,-0.019335102,0.045664866
2168.2013866879115,17818.885,7.3094745,0.0032471288,135466,696.1048847264623,408.3603038485591,16600.365,6.799301,1430.7462,2.1310952,17818.885,7.3094745,0,,,,,696.1048847264623,0.0003505609,408.3603038485591,0.0003849145,-0.01933411,0.045626506
2168.208331140505,17828.834,7.3048315,0.00324714,135467,696.104697013631,408.35972227148477,16606.262,6.7949824,1427.2782,2.1257038,17828.834,7.3048315,0,,,,,696.104697013631,0.00035035008,408.35972227148477,0.00038482796,-0.019077973,0.04555066
2168.2152755930992,17820.219,7.3032193,0.0032471512,135468,696.105524697255,408.35988760585,16596.361,6.793483,1425.3207,2.126622,17820.219,7.3032193,0,,,,,696.105524697255,0.00035037834,408.35988760585,0.00038496373,-0.01806925,0.046283256
2168.2222200456936,17828.12,7.305548,0.0032471623,135469,696.1051666826835,408.358015711208,16606.367,6.795649,1428.2688,2.1270587,17828.12,7.305548,0,,,,,696.1051666826835,0.00035011445,408.358015711208,0.0003845886,-0.019500922,0.043722164
2168.229164498289,17820.867,7.3106604,0.0032471735,135470,696.1048477319683,408.35888977713455,16595.867,6.8004045,1425.5856,2.1350517,17820.867,7.3106604,0,,,,,696.1048477319683,0.00035085896,408.35888977713455,0.00038580783,-0.019023838,0.04456379
2168.23610895065,17814.473,7.30387,0.0032471844,135471,696.1041001978327,408.3590775129167,16593.48,6.7940884,1427.4519,2.128585,17814.473,7.30387,0,,,,,696.1041001978327,0.00035011748,408.3590775129167,0.0003850577,-0.020010816,0.044914465
2168.243053403011,17821.81,7.3051453,0.0032471954,135472,696.1052859020933,408.3606588679248,16597.844,6.7952743,1427.9287,2.1295624,17821.81,7.3051453,0,,,,,696.1052859020933,0.00035051716,408.3606588679248,0.000384865,-0.019585792,0.046045475
2168.249997855372,17824.123,7.311185,0.0032472063,135473,696.1047985633367,408.35937754220015,16599.05,6.800893,1431.3689,2.1335602,17824.123,7.311185,0,,,,,696.1047985633367,0.00035027566,408.35937754220015,0.00038561565,-0.01933919,0.044620108
2168.2569423075,17830.629,7.3070765,0.003247217,135474,696.1046187030985,408.3597753483757,16608.176,6.797071,1431.4198,2.1298838,17830.629,7.3070765,0,,,,,696.1046187030985,0.0003500689,408.3597753483757,0.00038467025,-0.01973212,0.045524146
2168.2638867596283,17822.434,7.305212,0.0032472278,135475,696.1055860135023,408.3588074296826,16602.998,6.7953362,1424.9681,2.1287098,17822.434,7.305212,0,,,,,696.1055860135023,0.00035023925,408.3588074296826,0.00038465267,-0.018121662,0.043773357
2168.2708312117566,17828.885,7.3050876,0.0032472385,135476,696.1056209723624,408.35930238446036,16604.672,6.795221,1424.2144,2.1259842,17828.885,7.3050876,0,,,,,696.1056209723624,0.00035018378,408.35930238446036,0.00038501274,-0.017819218,0.045217298
2168.277775663652,17799.076,7.3003693,0.003247249,135477,696.1042827037992,408.3592731098446,16578.314,6.7908316,1428.32,2.1273549,17799.076,7.3003693,0,,,,,696.1042827037992,0.00035070512,408.3592731098446,0.0003850683,-0.020164108,0.04466209
2168.2847201155473,17821.543,7.308044,0.0032472594,135478,696.1039831908862,408.35898679380483,16597.547,6.797971,1429.7616,2.1315315,17821.543,7.308044,0,,,,,696.1039831908862,0.0003505761,408.35898679380483,0.00038500037,-0.01993076,0.044975583
2168.2916645674427,17815.377,7.3036523,0.00324727,135479,696.1051654442589,408.36083781453283,16592.004,6.793885,1429.6532,2.1284266,17815.377,7.3036523,0,,,,,696.1051654442589,0.00035047633,408.36083781453283,0.0003848384,-0.019314859,0.046827603
2168.298609019338,17823.55,7.304539,0.0032472804,135480,696.1050699664777,408.35963234041435,16599.191,6.7947106,1426.2855,2.1259916,17823.55,7.304539,0,,,,,696.1050699664777,0.00035045427,408.35963234041435,0.00038503215,-0.01958048,0.043829422
2168.305553471001,17819.098,7.3040166,0.0032472906,135481,696.1048359835233,408.35854552874684,16597.88,6.7942243,1428.0685,2.1266887,17819.098,7.3040166,0,,,,,696.1048359835233,0.00035030855,408.35854552874684,0.00038494272,-0.018533831,0.04441194
2168.3124979226645,17821.783,7.306621,0.0032473009,135482,696.1050250027649,408.3598589402016,16603.918,6.7966475,1430.3296,2.1290185,17821.783,7.306621,0,,,,,696.1050250027649,0.00035026477,408.3598589402016,0.00038467412,-0.01930758,0.045888707
2168.3194423740943,17819.402,7.305507,0.0032473109,135483,696.1056418650418,408.36041994447726,16600.031,6.7956104,1429.7804,2.1299903,17819.402,7.305507,0,,,,,696.1056418650418,0.00035030165,408.36041994447726,0.00038471975,-0.01848797,0.04578513
2168.326386825757,17815.87,7.3038588,0.0032473211,135484,696.1041352767405,408.3587236577344,16586.064,6.7940774,1426.9961,2.1275089,17815.87,7.3038588,0,,,,,696.1041352767405,0.00035071932,408.3587236577344,0.00038559845,-0.01945709,0.04380435
2168.3333312771874,17833.145,7.306365,0.0032473311,135485,696.1033033039052,408.3599507059978,16610.951,6.796409,1425.3701,2.1295552,17833.145,7.306365,0,,,,,696.1033033039052,0.0003499156,408.3599507059978,0.00038455677,-0.02039743,0.04488226
2168.3402757286167,17824.64,7.307367,0.0032473411,135486,696.1045285708068,408.36003576606083,16600.807,6.797341,1424.8967,2.1341853,17824.64,7.307367,0,,,,,696.1045285708068,0.00035067005,408.36003576606083,0.00038459187,-0.019961808,0.04516812
2168.3472201798136,17820.865,7.3065896,0.003247351,135487,696.1059638170926,408.3602030817587,16603.318,6.7966175,1429.4037,2.129325,17820.865,7.3065896,0,,,,,696.1059638170926,0.00035017784,408.3602030817587,0.0003847157,-0.017630314,0.046142142
2168.3541646310105,17835.643,7.309556,0.0032473607,135488,696.1057664775831,408.3578029171717,16613.938,6.799377,1427.7458,2.1301806,17835.643,7.309556,0,,,,,696.1057664775831,0.00035041315,408.3578029171717,0.00038483282,-0.018138202,0.043349255
2168.3611090822073,17819.057,7.304829,0.0032473705,135489,696.1052805220942,408.358965238392,16599.27,6.79498,1427.9807,2.1276014,17819.057,7.304829,0,,,,,696.1052805220942,0.00035028718,408.358965238392,0.00038491073,-0.019025125,0.04477216
2168.3680535331714,17826.68,7.3081293,0.00324738,135490,696.1038988365855,408.35879266856676,16604.37,6.79805,1428.777,2.1335347,17826.68,7.3081293,0,,,,,696.1038988365855,0.00035012045,408.35879266856676,0.00038472228,-0.019838817,0.04437956
2168.3749979843683,17807.557,7.303395,0.0032473898,135491,696.1053530045933,408.3588550240171,16586.783,6.793646,1425.7751,2.1308453,17807.557,7.303395,0,,,,,696.1053530045933,0.00035030633,408.3588550240171,0.00038509045,-0.018427242,0.04425714
2168.3819424353333,17836.43,7.3089466,0.0032473993,135492,696.1046586471115,408.35927031323354,16612.902,6.7988105,1423.8073,2.1279051,17836.43,7.3089466,0,,,,,696.1046586471115,0.00035063003,408.35927031323354,0.00038476003,-0.019634629,0.04374943
2168.388886886065,17832.28,7.3064647,0.0032474087,135493,696.1054505787442,408.3605434552252,16612.402,6.7965016,1425.6847,2.126826,17832.28,7.3064647,0,,,,,696.1054505787442,0.0003502046,408.3605434552252,0.0003846765,-0.018653017,0.04591419
2168.395831336796,17807.994,7.3036456,0.003247418,135494,696.1037845969449,408.35681100865617,16588.865,6.793879,1428.2867,2.1276062,17807.994,7.3036456,0,,,,,696.1037845969449,0.00035048393,408.35681100865617,0.00038505788,-0.020050872,0.042047895
2168.4027757875274,17825.486,7.306952,0.0032474273,135495,696.1046045132439,408.357783998553,16604.285,6.796955,1428.3173,2.1297808,17825.486,7.306952,0,,,,,696.1046045132439,0.00035029816,408.357783998553,0.0003847039,-0.019401362,0.043705102
2168.4097202382586,17829.426,7.306209,0.0032474366,135496,696.105231983119,408.3579077856164,16608.64,6.796264,1427.9276,2.125637,17829.426,7.306209,0,,,,,696.105231983119,0.00035034327,408.3579077856164,0.0003845158,-0.019244999,0.043156136
2168.41666468899,17812.006,7.3062644,0.003247446,135497,696.1039315440104,408.3601341497962,16592.807,6.796315,1430.8391,2.1311295,17812.006,7.3062644,0,,,,,696.1039315440104,0.00035030063,408.3601341497962,0.00038498564,-0.020506043,0.046009254
2168.4236091394887,17825.67,7.30534,0.003247455,135498,696.1053464723259,408.3593361655138,16601.705,6.7954555,1429.016,2.1279159,17825.67,7.30534,0,,,,,696.1053464723259,0.0003502728,408.3593361655138,0.0003849533,-0.01880731,0.043856986
2168.4305535897547,17822.643,7.30709,0.0032474638,135499,696.1044108739674,408.35813470987364,16598.238,6.797083,1431.6866,2.1299124,17822.643,7.30709,0,,,,,696.1044108739674,0.0003507812,408.35813470987364,0.00038470505,-0.019388497,0.044060286
2168.4374980402526,17813.84,7.303848,0.003247473,135500,696.1043971708855,408.3582804897512,16590.01,6.794068,1426.0947,2.130387,17813.84,7.303848,0,,,,,696.1043971708855,0.00035023515,408.3582804897512,0.0003852388,-0.019388018,0.043696053
2168.4444424905187,17807.842,7.304278,0.0032474818,135501,696.105191810328,408.35891740922835,16588.322,6.7944674,1429.7979,2.129351,17807.842,7.304278,0,,,,,696.105191810328,0.0003504257,408.35891740922835,0.00038504048,-0.019100301,0.044329077
2168.451386940784,17825.396,7.3081846,0.0032474906,135502,696.1036004950722,408.3560527231618,16603.889,6.7981014,1430.1674,2.1346455,17825.396,7.3081846,0,,,,,696.1036004950722,0.0003503531,408.3560527231618,0.00038470715,-0.020751534,0.041226055
2168.4583313910503,17823.445,7.3052354,0.0032474995,135503,696.1046822925974,408.35959031233097,16602.975,6.7953577,1429.716,2.1287162,17823.445,7.3052354,0,,,,,696.1046822925974,0.00035025427,408.35959031233097,0.00038453072,-0.020104295,0.044856336
2168.465275841084,17810.018,7.3057046,0.003247508,135504,696.1043590646286,408.3604745407182,16592.318,6.7957945,1426.0856,2.1273363,17810.018,7.3057046,0,,,,,696.1043590646286,0.0003503001,408.3604745407182,0.0003852702,-0.01963182,0.04645843
2168.472220291116,17833.975,7.3080597,0.0032475167,135505,696.1049373620566,408.358996377539,16612.447,6.797985,1426.6696,2.1268835,17833.975,7.3080597,0,,,,,696.1049373620566,0.00035006035,408.358996377539,0.00038488675,-0.018736433,0.044350505
2168.4791647411494,17823.504,7.3048105,0.0032475253,135506,696.1047906957979,408.35810433426536,16599.557,6.794963,1427.2686,2.1265488,17823.504,7.3048105,0,,,,,696.1047906957979,0.00035020144,408.35810433426536,0.00038503407,-0.018819839,0.043186754
2168.486109190949,17816.57,7.3060827,0.0032475337,135507,696.104951923155,408.3582233334908,16594.07,6.7961464,1426.7273,2.1356277,17816.57,7.3060827,0,,,,,696.104951923155,0.0003502683,408.3582233334908,0.00038493937,-0.019342797,0.04347954
2168.493053640749,17813.299,7.307633,0.003247542,135508,696.1040421930958,408.35827191504626,16592.688,6.797588,1429.1172,2.1311824,17813.299,7.307633,0,,,,,696.1040421930958,0.00035065413,408.35827191504626,0.00038512642,-0.02026458,0.044264965
2168.4999980905486,17835.05,7.3070035,0.0032475505,135509,696.1043748807192,408.35853906702863,16611.031,6.797003,1429.8112,2.127263,17835.05,7.3070035,0,,,,,696.1043748807192,0.00035014946,408.35853906702863,0.00038477805,-0.020266099,0.04343595
2168.506942540116,17824.064,7.3057094,0.0032475586,135510,696.1084691414012,408.3564309066391,16601.22,6.7957993,1424.9537,2.128603,17824.064,7.3057094,0,,,,,696.1084691414012,0.0003505358,408.3564309066391,0.0003850529,-0.014695473,0.042086497
2168.5138869896828,17812.547,7.308651,0.0032475668,135511,696.1039800063287,408.3586256458492,16593.87,6.7985353,1431.4529,2.1375306,17812.547,7.308651,0,,,,,696.1039800063287,0.00035027077,408.3586256458492,0.0003850227,-0.019968681,0.043664955
2168.5208314392503,17835.025,7.309414,0.003247575,135512,696.1047925592684,408.35923119466577,16607.863,6.799245,1429.7765,2.1350844,17835.025,7.309414,0,,,,,696.1047925592684,0.00035017758,408.35923119466577,0.0003848741,-0.01933816,0.044566292
2168.527775888818,17820.994,7.3043227,0.003247583,135513,696.105028502501,408.3575736543574,16597.1,6.794509,1428.4701,2.1269977,17820.994,7.3043227,0,,,,,696.105028502501,0.00035029557,408.3575736543574,0.00038503288,-0.019195803,0.042484242
2168.5347203381525,17843.879,7.30674,0.003247591,135514,696.103761310147,408.35809554265916,16616.799,6.7967577,1422.9717,2.1271245,17843.879,7.30674,0,,,,,696.103761310147,0.0003498578,408.35809554265916,0.0003849162,-0.019828117,0.043488782
2168.5416647874877,17831.07,7.309996,0.003247599,135515,696.1031151066319,408.3588623667386,16610.752,6.7997866,1427.8578,2.1371353,17831.07,7.309996,0,,,,,696.1031151066319,0.00035014772,408.3588623667386,0.00038462752,-0.021398073,0.043698303
2168.548609236822,17824.635,7.3067884,0.0032476068,135516,696.104698365773,408.3580010566262,16601.936,6.7968025,1430.8014,2.1273425,17824.635,7.3067884,0,,,,,696.104698365773,0.0003503167,408.3580010566262,0.00038496248,-0.0190331,0.042933606
2168.5555536859233,17825.816,7.3054094,0.0032476145,135517,696.1044433717734,408.35958239211635,16601.19,6.79552,1427.7792,2.128323,17825.816,7.3054094,0,,,,,696.1044433717734,0.00035037025,408.35958239211635,0.00038496708,-0.019807978,0.04483119
2168.5624981350247,17821.547,7.305077,0.0032476222,135518,696.1058591798477,408.3590272402896,16600.078,6.795211,1425.6107,2.126567,17821.547,7.305077,0,,,,,696.1058591798477,0.0003503013,408.3590272402896,0.00038486117,-0.018495437,0.045011915
2168.5694425841257,17807.08,7.3015957,0.0032476299,135519,696.1053211565237,408.35828883310035,16583.902,6.7919726,1429.5768,2.1267555,17807.08,7.3015957,0,,,,,696.1053211565237,0.0003506736,408.35828883310035,0.0003850151,-0.018230993,0.043638416
2168.5763870329947,17819.73,7.302739,0.0032476373,135520,696.1029286247882,408.3576615590744,16590.791,6.793036,1426.2255,2.1262088,17819.73,7.302739,0,,,,,696.1029286247882,0.00035039865,408.3576615590744,0.00038516396,-0.020949468,0.042041723
2168.5833314820957,17821.363,7.305104,0.003247645,135521,696.1032895901011,408.358082858882,16593.334,6.7952356,1429.819,2.1300378,17821.363,7.305104,0,,,,,696.1032895901011,0.00035053433,408.358082858882,0.0003851363,-0.020490173,0.0430749
2168.590275930732,17823.283,7.307334,0.0032476522,135522,696.1050636637829,408.3583595534549,16597.527,6.7973104,1429.8281,2.1366634,17823.283,7.307334,0,,,,,696.1050636637829,0.00035029996,408.3583595534549,0.00038507633,-0.018953819,0.043465946
2168.5972203796,17832.957,7.3080416,0.0032476597,135523,696.1039363511204,408.3555431637683,16606.201,6.7979684,1427.8882,2.12762,17832.957,7.3080416,0,,,,,696.1039363511204,0.00035044158,408.3555431637683,0.00038518355,-0.019892901,0.04037153
2168.604164828236,17823.809,7.30484,0.0032476669,135524,696.1043995047587,408.3583239676782,16600.059,6.7949905,1428.2095,2.1277566,17823.809,7.30484,0,,,,,696.1043995047587,0.000350363,408.3583239676782,0.0003848582,-0.020119162,0.04378824
2168.6111092768724,17827.322,7.3085866,0.003247674,135525,696.1049612577798,408.3579655525784,16604.678,6.7984753,1429.0454,2.1311896,17827.322,7.3085866,0,,,,,696.1049612577798,0.00035037246,408.3579655525784,0.00038497258,-0.018836787,0.043496616
2168.6180537255086,17814.848,7.302922,0.0032476813,135526,696.1050984118929,408.3590394097975,16584.393,6.7932057,1425.9028,2.1271942,17814.848,7.302922,0,,,,,696.1050984118929,0.000350721,408.3590394097975,0.00038577867,-0.018937122,0.04396765
2168.624998173912,17821.605,7.3057775,0.0032476883,135527,696.1038899263442,408.35741367622006,16601.104,6.795862,1428.1062,2.1282668,17821.605,7.3057775,0,,,,,696.1038899263442,0.00035018448,408.35741367622006,0.00038469545,-0.020549927,0.04277846
2168.6319426223154,17817.645,7.3049493,0.0032476953,135528,696.1042231744702,408.35871999623424,16595.383,6.795092,1431.3909,2.1290314,17817.645,7.3049493,0,,,,,696.1042231744702,0.0003503762,408.35871999623424,0.0003846846,-0.01968623,0.044162802
2168.6388870707183,17818.023,7.3052516,0.0032477023,135529,696.1043837382043,408.3582053060271,16593.566,6.7953734,1427.3413,2.1272197,17818.023,7.3052516,0,,,,,696.1043837382043,0.0003504624,408.3582053060271,0.00038520308,-0.019639878,0.043804813
2168.6458315188884,17826.572,7.305165,0.003247709,135530,696.1045742247533,408.3580219767972,16600.547,6.7952924,1430.6415,2.1279671,17826.572,7.305165,0,,,,,696.1045742247533,0.0003503349,408.3580219767972,0.00038502394,-0.01895929,0.043889407
2168.6527759672913,17819.52,7.3064237,0.003247716,135531,696.1045357707701,408.3571703990978,16596.807,6.7964635,1423.5531,2.1367714,17819.52,7.3064237,0,,,,,696.1045357707701,0.00035003645,408.3571703990978,0.00038488425,-0.019639691,0.042706307
2168.6597204152285,17821.049,7.3040204,0.0032477225,135532,696.1058325806415,408.3575727605284,16595.395,6.794228,1429.4915,2.126275,17821.049,7.3040204,0,,,,,696.1058325806415,0.00035048247,408.3575727605284,0.00038526635,-0.01839938,0.042827293
2168.6666648633986,17826.275,7.3078504,0.0032477293,135533,696.1034840008689,408.35651827340376,16601.748,6.7977905,1430.589,2.127677,17826.275,7.3078504,0,,,,,696.1034840008689,0.00035035732,408.35651827340376,0.00038542063,-0.020836988,0.041411452
2168.673609311336,17822.408,7.3041615,0.0032477358,135534,696.1056400140465,408.3558756849956,16598.596,6.794359,1426.4032,2.1267042,17822.408,7.3041615,0,,,,,696.1056400140465,0.00035032176,408.3558756849956,0.00038492458,-0.018263014,0.041528847
2168.680553759273,17827.002,7.3063745,0.0032477423,135535,696.1044237392542,408.3593498421592,16605.9,6.7964177,1430.7363,2.1288004,17827.002,7.3063745,0,,,,,696.1044237392542,0.0003502044,408.3593498421592,0.0003847088,-0.020086898,0.044848915
2168.6874982072113,17825.842,7.305736,0.0032477488,135536,696.1031501364708,408.3571759490304,16602.123,6.795824,1425.3138,2.1275754,17825.842,7.305736,0,,,,,696.1031501364708,0.0003502812,408.3571759490304,0.0003848494,-0.020384602,0.042586084
2168.694442654916,17827.34,7.306116,0.003247755,135537,696.1036962895128,408.3574604219615,16603.31,6.7961774,1427.7094,2.1277964,17827.34,7.306116,0,,,,,696.1036962895128,0.00035022295,408.3574604219615,0.00038503067,-0.019721279,0.043128103
2168.7013871026206,17810.67,7.3033366,0.0032477614,135538,696.1053264801324,408.3569923683195,16589.44,6.793592,1428.0309,2.1292124,17810.67,7.3033366,0,,,,,696.1053264801324,0.00035028733,408.3569923683195,0.00038518498,-0.018678548,0.042674128
2168.708331550325,17822.3,7.3042455,0.0032477677,135539,696.1037205355985,408.35746120453393,16601.758,6.794438,1424.9866,2.1253765,17822.3,7.3042455,0,,,,,696.1037205355985,0.0003501409,408.35746120453393,0.00038461393,-0.020156516,0.042786103
2168.7152759977967,17812.904,7.304905,0.0032477737,135540,696.1036668497571,408.35570604190315,16587.572,6.7950506,1431.6725,2.1305585,17812.904,7.304905,0,,,,,696.1036668497571,0.0003505967,408.35570604190315,0.00038527424,-0.020775968,0.040932067
2168.722220445269,17824.754,7.3084555,0.0032477798,135541,696.1041019478929,408.35916881967967,16601.996,6.7983537,1433.9196,2.129989,17824.754,7.3084555,0,,,,,696.1041019478929,0.0003504476,408.35916881967967,0.0003852619,-0.019634284,0.044482883
2168.7291648927403,17805.094,7.3038063,0.0032477858,135542,696.1052965465339,408.3571606934351,16583.445,6.7940288,1432.2377,2.1314597,17805.094,7.3038063,0,,,,,696.1052965465339,0.00035045636,408.3571606934351,0.0003852317,-0.018555041,0.042204544
2168.7361093402124,17829.105,7.3088264,0.003247792,135543,696.1050006918576,408.35535677140416,16605.234,6.7986984,1430.9259,2.1346438,17829.105,7.3088264,0,,,,,696.1050006918576,0.00035027284,408.35535677140416,0.00038497066,-0.01973667,0.04024105
2168.7430537874507,17818.168,7.3074517,0.0032477977,135544,696.1037272963632,408.3567262164828,16596.553,6.7974195,1431.0988,2.134921,17818.168,7.3074517,0,,,,,696.1037272963632,0.00035032167,408.3567262164828,0.0003849724,-0.020445397,0.042094536
2168.74999823469,17828.695,7.3071027,0.0032478035,135545,696.1052108278094,408.35881516265346,16605.514,6.797095,1426.3973,2.1331139,17828.695,7.3071027,0,,,,,696.1052108278094,0.00035020788,408.35881516265346,0.00038472677,-0.019041194,0.044374548
2168.756942681929,17820.574,7.3052263,0.0032478094,135546,696.105125040898,408.3583587424127,16597.96,6.7953496,1430.4703,2.1286912,17820.574,7.3052263,0,,,,,696.105125040898,0.00035050482,408.3583587424127,0.0003847734,-0.018942485,0.044171654
2168.7638871289355,17815.082,7.3072357,0.003247815,135547,696.1039657924747,408.3574158275385,16590.268,6.797219,1429.1069,2.1387732,17815.082,7.3072357,0,,,,,696.1039657924747,0.00035057036,408.3574158275385,0.0003850705,-0.020327497,0.042369537
2168.770831575942,17811.912,7.3031263,0.0032478205,135548,696.1028249640832,408.3580740075041,16587.543,6.7933965,1428.7462,2.1280751,17811.912,7.3031263,0,,,,,696.1028249640832,0.0003502867,408.3580740075041,0.0003851649,-0.021480577,0.042564213
2168.7777760229474,17810.885,7.3039064,0.0032478261,135549,696.1048017452945,408.3562707369995,16589.047,6.794122,1428.7389,2.1281805,17810.885,7.3039064,0,,,,,696.1048017452945,0.00035054723,408.3562707369995,0.00038503914,-0.019248521,0.041948576
2168.784720469721,17826.477,7.3052907,0.0032478315,135550,696.1054152429899,408.35587748955226,16602.441,6.7954097,1426.8424,2.1275997,17826.477,7.3052907,0,,,,,696.1054152429899,0.000350225,408.35587748955226,0.0003849495,-0.019001434,0.040672723
2168.7916649164936,17834.23,7.3067756,0.0032478368,135551,696.1047305176673,408.35735223097555,16603.844,6.7967906,1429.496,2.1286876,17834.23,7.3067756,0,,,,,696.1047305176673,0.00035027676,408.35735223097555,0.00038534502,-0.018778902,0.042941373
2168.798609363267,17816.979,7.3039927,0.0032478422,135552,696.1038563621663,408.35721433253246,16591.076,6.7942023,1428.2181,2.1260839,17816.979,7.3039927,0,,,,,696.1038563621663,0.00035074513,408.35721433253246,0.00038507665,-0.020600103,0.04273865
2168.805553809807,17819.176,7.3036456,0.0032478473,135553,696.1038711614875,408.35663654053724,16592.95,6.793879,1426.9751,2.1285427,17819.176,7.3036456,0,,,,,696.1038711614875,0.00035049432,408.35663654053724,0.00038498797,-0.02050009,0.042236567
2168.81249825658,17816.922,7.3041,0.0032478527,135554,696.105682194252,408.35726888090045,16591.412,6.794302,1430.3398,2.128919,17816.922,7.3041,0,,,,,696.105682194252,0.00035053617,408.35726888090045,0.00038504362,-0.019038301,0.043332882
2168.8194427028875,17833.336,7.3079014,0.0032478576,135555,696.1035986668938,408.3547525770414,16608.47,6.797838,1427.1216,2.1287878,17833.336,7.3079014,0,,,,,696.1035986668938,0.00035042962,408.3547525770414,0.0003848921,-0.020730935,0.039116528
2168.8263871494282,17824.83,7.305336,0.0032478627,135556,696.1050995879253,408.3587754035059,16598.139,6.795451,1430.8456,2.1287766,17824.83,7.305336,0,,,,,696.1050995879253,0.00035041338,408.3587754035059,0.00038508888,-0.019358782,0.043842934
2168.8333315957366,17829.395,7.306004,0.0032478676,135557,696.1041476051437,408.35691892056116,16604.775,6.7960734,1426.3141,2.1261044,17829.395,7.306004,0,,,,,696.1041476051437,0.00035036905,408.35691892056116,0.00038500916,-0.019924168,0.041948557
2168.840276042045,17822.816,7.3039794,0.0032478725,135558,696.1047983442822,408.3576616339255,16602.44,6.79419,1425.3107,2.1267352,17822.816,7.3039794,0,,,,,696.1047983442822,0.0003502518,408.3576616339255,0.0003847311,-0.019770566,0.042933024
2168.847220488352,17821.586,7.3086863,0.0032478774,135559,696.1047526517076,408.35657336731,16600.342,6.798568,1429.1682,2.1327631,17821.586,7.3086863,0,,,,,696.1047526517076,0.00035052805,408.35657336731,0.00038491163,-0.019135835,0.041956596
2168.854164934427,17815.768,7.307141,0.003247882,135560,696.1047816685727,408.3559553370252,16588.195,6.79713,1429.9843,2.1312823,17815.768,7.307141,0,,,,,696.1047816685727,0.00035105663,408.3559553370252,0.0003853695,-0.019789543,0.041804068
2168.861109380734,17832.225,7.3115497,0.003247887,135561,696.1028748804894,408.356292667893,16605.03,6.801232,1430.0619,2.135485,17832.225,7.3115497,0,,,,,696.1028748804894,0.00035055305,408.356292667893,0.00038544915,-0.02015537,0.041568823
2168.868053826576,17831.805,7.307158,0.0032478913,135562,696.1039372908845,408.3574498659678,16604.744,6.797147,1426.1667,2.1276245,17831.805,7.307158,0,,,,,696.1039372908845,0.0003504287,408.3574498659678,0.0003849534,-0.01954061,0.04300977
2168.8749982726504,17807.887,7.3044558,0.003247896,135563,696.1041940137039,408.3571897182151,16584.617,6.794633,1431.202,2.1279106,17807.887,7.3044558,0,,,,,696.1041940137039,0.00035074088,408.3571897182151,0.0003853252,-0.020515645,0.04234838
2168.8819427184926,17810.17,7.3051996,0.0032479004,135564,696.1047985909396,408.3562867938743,16588.129,6.795325,1429.2195,2.127681,17810.17,7.3051996,0,,,,,696.1047985909396,0.00035044615,408.3562867938743,0.0003854899,-0.019009233,0.04107799
2168.888887164334,17829.887,7.3074975,0.0032479048,135565,696.1027780196355,408.35702008448857,16603.498,6.7974625,1430.9005,2.1276066,17829.887,7.3074975,0,,,,,696.1027780196355,0.00035062403,408.35702008448857,0.0003851089,-0.021175617,0.04154731
2168.895831610176,17826.758,7.3059855,0.0032479092,135566,696.1045420159156,408.35593114445675,16603.537,6.7960553,1429.6111,2.1276553,17826.758,7.3059855,0,,,,,696.1045420159156,0.00035026044,408.35593114445675,0.0003848331,-0.020165717,0.040375076
2168.9027760557856,17805.623,7.302379,0.0032479134,135567,696.1044016390235,408.3565519692865,16578.404,6.7927012,1429.2194,2.1275222,17805.623,7.302379,0,,,,,696.1044016390235,0.00035063576,408.3565519692865,0.00038558253,-0.019444086,0.04135404
2168.909720501395,17838.291,7.3110876,0.0032479176,135568,696.1038852217156,408.357250165175,16617.377,6.8008018,1428.2307,2.1343215,17838.291,7.3110876,0,,,,,696.1038852217156,0.00035035895,408.357250165175,0.0003845874,-0.02020298,0.042321447
2168.9166649467716,17818.434,7.3043413,0.0032479216,135569,696.1045435100575,408.35541209489406,16593.588,6.7945266,1430.069,2.1279495,17818.434,7.3043413,0,,,,,696.1045435100575,0.00035040095,408.35541209489406,0.0003852361,-0.019709498,0.040337995
2168.92360939238,17825.648,7.3063235,0.0032479258,135570,696.1044639380532,408.35714673809804,16601.094,6.79637,1429.8503,2.1292315,17825.648,7.3063235,0,,,,,696.1044639380532,0.00035048748,408.35714673809804,0.00038494382,-0.019635685,0.041782044
2168.930553837757,17823.0,7.306461,0.0032479297,135571,696.1032692202699,408.35522823240785,16601.115,6.7964983,1427.5958,2.1295798,17823.0,7.306461,0,,,,,696.1032692202699,0.00035023934,408.35522823240785,0.00038497907,-0.020993104,0.040692367
2168.937498283133,17809.215,7.3036356,0.0032479337,135572,696.1047409584014,408.35674650158364,16588.977,6.79387,1428.9972,2.1274824,17809.215,7.3036356,0,,,,,696.1047409584014,0.00035034955,408.35674650158364,0.0003850626,-0.019470781,0.041879628
2168.9444427282765,17805.76,7.3039155,0.0032479374,135573,696.1037560086133,408.35713311805983,16584.482,6.79413,1429.4596,2.1310344,17805.76,7.3039155,0,,,,,696.1037560086133,0.0003505125,408.35713311805983,0.0003849133,-0.02011134,0.04272398
2168.95138717342,17817.36,7.304244,0.0032479411,135574,696.1056953851311,408.35640066872367,16590.531,6.794436,1428.2633,2.1289773,17817.36,7.304244,0,,,,,696.1056953851311,0.00035039888,408.35640066872367,0.0003854817,-0.018149078,0.04161074
2168.958331618563,17826.254,7.3055987,0.0032479449,135575,696.1038401363023,408.35543825099313,16600.025,6.7956963,1428.8478,2.1277778,17826.254,7.3055987,0,,,,,696.1038401363023,0.00035060928,408.35543825099313,0.00038506673,-0.020418461,0.040699374
2168.9652760637064,17818.867,7.3049073,0.0032479486,135576,696.1046027516228,408.3535004707055,16597.23,6.795053,1429.629,2.1288486,17818.867,7.3049073,0,,,,,696.1046027516228,0.00035047877,408.3535004707055,0.0003851668,-0.019637283,0.0377054
2168.9722205086173,17806.88,7.3021173,0.003247952,135577,696.1038257961612,408.35649316531754,16576.898,6.7924576,1428.7242,2.127777,17806.88,7.3021173,0,,,,,696.1038257961612,0.000350873,408.35649316531754,0.0003856006,-0.019999012,0.04158083
2168.9791649535287,17808.148,7.30559,0.0032479556,135578,696.1052563852116,408.3574407951154,16585.969,6.795688,1431.1425,2.1265357,17808.148,7.30559,0,,,,,696.1052563852116,0.0003505302,408.3574407951154,0.00038562616,-0.018535921,0.04348297
2168.986109398439,17809.13,7.30531,0.003247959,135579,696.1040682649403,408.3560247414243,16584.2,6.7954273,1427.8873,2.1267695,17809.13,7.30531,0,,,,,696.1040682649403,0.00035063407,408.3560247414243,0.00038585375,-0.020201853,0.040591497
2168.9930538431167,17815.604,7.304831,0.0032479623,135580,696.1037445941324,408.3561044041413,16590.613,6.794982,1430.4811,2.127558,17815.604,7.304831,0,,,,,696.1037445941324,0.0003508171,408.3561044041413,0.0003852021,-0.020803912,0.04087501
2168.9999982877944,17822.455,7.304904,0.0032479656,135581,696.1044196077839,408.3551989186126,16601.676,6.7950497,1425.5818,2.1253715,17822.455,7.304904,0,,,,,696.1044196077839,0.00035040075,408.3551989186126,0.0003849253,-0.019525442,0.040682092
2169.006942732472,17807.412,7.3054156,0.0032479689,135582,696.1034343133978,408.3551845028551,16585.074,6.795526,1428.6584,2.127844,17807.412,7.3054156,0,,,,,696.1034343133978,0.00035065427,408.3551845028551,0.00038558777,-0.02075689,0.039964553
2169.013887176917,17818.8,7.3046865,0.0032479719,135583,696.1040115138137,408.35595804949367,16595.611,6.7948475,1427.5713,2.127336,17818.8,7.3046865,0,,,,,696.1040115138137,0.00035043084,408.35595804949367,0.00038503873,-0.020453535,0.040462103
2169.020831621594,17820.035,7.30654,0.0032479751,135584,696.1042284630195,408.356234619852,16595.656,6.7965717,1430.1294,2.1324542,17820.035,7.30654,0,,,,,696.1042284630195,0.00035034312,408.356234619852,0.0003852312,-0.019513093,0.041394137
2169.027776066039,17827.54,7.3065257,0.0032479782,135585,696.1031914979643,408.3563167547549,16603.371,6.7965584,1430.8512,2.128215,17827.54,7.3065257,0,,,,,696.1031914979643,0.0003502748,408.3563167547549,0.00038502226,-0.020953305,0.04104799
2169.0347205102526,17812.45,7.3036585,0.003247981,135586,696.1052650981131,408.35686636490794,16584.648,6.793891,1427.5862,2.1293378,17812.45,7.3036585,0,,,,,696.1052650981131,0.00035053876,408.35686636490794,0.00038563975,-0.018683217,0.04193208
2169.041664954465,17806.932,7.304245,0.0032479838,135587,696.1040280356772,408.35369595814416,16584.705,6.7944374,1426.4454,2.1290371,17806.932,7.304245,0,,,,,696.1040280356772,0.00035045558,408.35369595814416,0.0003853493,-0.020125465,0.038684737
2169.048609398677,17808.018,7.3051977,0.0032479865,135588,696.1043399043357,408.355311561353,16586.914,6.795323,1431.0171,2.133307,17808.018,7.3051977,0,,,,,696.1043399043357,0.0003503941,408.355311561353,0.00038545107,-0.01963188,0.040135216
2169.055553842889,17831.578,7.305563,0.0032479893,135589,696.1048540260934,408.35645676058596,16606.238,6.795663,1428.9601,2.126372,17831.578,7.305563,0,,,,,696.1048540260934,0.00035031512,408.35645676058596,0.00038492776,-0.019504223,0.04141743
2169.062498286868,17826.805,7.3057337,0.003247992,135590,696.1039621761181,408.3564956158515,16593.254,6.795821,1426.8052,2.1319408,17826.805,7.3057337,0,,,,,696.1039621761181,0.00035062412,408.3564956158515,0.00038514225,-0.020301668,0.0408322
2169.069442730847,17823.73,7.3054852,0.0032479945,135591,696.103410397746,408.3571925820584,16602.086,6.7955904,1425.3364,2.126888,17823.73,7.3054852,0,,,,,696.103410397746,0.00035042374,408.3571925820584,0.00038475997,-0.020459464,0.042509064
2169.0763871748263,17815.871,7.3035045,0.003247997,135592,696.1054762957812,408.3551700885471,16593.008,6.793748,1431.2294,2.1248877,17815.871,7.3035045,0,,,,,696.1054762957812,0.0003504517,408.3551700885471,0.0003852901,-0.01889141,0.039962847
2169.0833316188055,17825.773,7.3075886,0.0032479996,135593,696.103205066227,408.3547367241974,16600.615,6.797547,1427.3159,2.1286314,17825.773,7.3075886,0,,,,,696.103205066227,0.0003503191,408.3547367241974,0.00038537718,-0.02081665,0.03923942
2169.0902760625518,17819.723,7.3043613,0.003248002,135594,696.1043309460548,408.35675581159705,16598.59,6.794545,1424.8484,2.127251,17819.723,7.3043613,0,,,,,696.1043309460548,0.00035036012,408.35675581159705,0.00038520558,-0.019758534,0.041713107
2169.097220506298,17814.156,7.304756,0.0032480042,135595,696.1040167865992,408.3531373789239,16591.209,6.7949123,1429.6821,2.1320367,17814.156,7.304756,0,,,,,696.1040167865992,0.00035034408,408.3531373789239,0.0003852391,-0.020061739,0.037693627
2169.104164949812,17818.629,7.3048,0.0032480063,135596,696.1043257389478,408.35815336515384,16590.453,6.794953,1428.8279,2.1275356,17818.629,7.3048,0,,,,,696.1043257389478,0.00035043294,408.35815336515384,0.00038536906,-0.020373486,0.043875866
2169.1111093933264,17819.555,7.3048077,0.0032480084,135597,696.1044706431045,408.3546847376556,16598.213,6.79496,1428.247,2.1269503,17819.555,7.3048077,0,,,,,696.1044706431045,0.00035016026,408.3546847376556,0.0003851153,-0.02059409,0.039552942
2169.11805383684,17809.219,7.3032913,0.0032480105,135598,696.1041489529792,408.3557717306503,16588.033,6.7935495,1432.5289,2.1266854,17809.219,7.3032913,0,,,,,696.1041489529792,0.00035040302,408.3557717306503,0.00038539982,-0.019109026,0.04054432
2169.124998280354,17806.568,7.3051677,0.0032480126,135599,696.1042618717953,408.3551734553024,16583.621,6.7952952,1429.226,2.1341724,17806.568,7.3051677,0,,,,,696.1042618717953,0.00035052912,408.3551734553024,0.00038535788,-0.01955297,0.039672382
2169.131942723635,17821.01,7.3038306,0.0032480145,135600,696.1025123494182,408.35412053706773,16595.236,6.794051,1430.0114,2.1264756,17821.01,7.3038306,0,,,,,696.1025123494182,0.000350277,408.35412053706773,0.0003853826,-0.021288147,0.038430754
2169.138887167148,17813.771,7.303803,0.0032480166,135601,696.1051919882863,408.35660909694985,16591.363,6.794026,1429.5419,2.127517,17813.771,7.303803,0,,,,,696.1051919882863,0.00035047127,408.35660909694985,0.0003850422,-0.018841153,0.042192873
2169.145831610196,17827.182,7.30916,0.0032480182,135602,696.1045063379204,408.35645142088515,16604.475,6.7990093,1430.0164,2.1312468,17827.182,7.30916,0,,,,,696.1045063379204,0.00035059132,408.35645142088515,0.0003850918,-0.019431047,0.041828636
2169.1527760534764,17811.6,7.3022256,0.00324802,135603,696.1027125615423,408.3544753118322,16580.479,6.792558,1428.6404,2.129849,17811.6,7.3022256,0,,,,,696.1027125615423,0.00035061955,408.3544753118322,0.00038576126,-0.021048134,0.03903416
2169.1597204965246,17808.715,7.3050914,0.0032480217,135604,696.1037269826144,408.35514362250404,16585.885,6.795224,1431.0615,2.1274948,17808.715,7.3050914,0,,,,,696.1037269826144,0.00035074208,408.35514362250404,0.00038551865,-0.01983706,0.0397719
2169.166664939572,17826.74,7.3068395,0.0032480233,135605,696.1041577817449,408.3546421892567,16595.139,6.79685,1426.6696,2.1363046,17826.74,7.3068395,0,,,,,696.1041577817449,0.0003505874,408.3546421892567,0.00038537444,-0.01951992,0.039095186
2169.173609382388,17820.918,7.30456,0.0032480247,135606,696.1043233470374,408.3568579580689,16596.828,6.79473,1428.5428,2.1269994,17820.918,7.30456,0,,,,,696.1043233470374,0.00035042377,408.3568579580689,0.00038477225,-0.01996797,0.04208102
2169.1805538254366,17822.014,7.3030396,0.0032480264,135607,696.1028172552498,408.35371820800793,16588.332,6.793315,1429.906,2.1282358,17822.014,7.3030396,0,,,,,696.1028172552498,0.00035055334,408.35371820800793,0.00038533457,-0.02071869,0.039040852
2169.187498268251,17820.588,7.3051496,0.0032480278,135608,696.1040056804744,408.3547795382843,16591.293,6.795278,1430.0228,2.129607,17820.588,7.3051496,0,,,,,696.1040056804744,0.00035049225,408.3547795382843,0.00038541274,-0.020277211,0.0398726
2169.1944427108338,17823.668,7.307107,0.003248029,135609,696.1035087303153,408.357800902131,16599.623,6.797099,1427.4156,2.1280656,17823.668,7.307107,0,,,,,696.1035087303153,0.00035028774,408.357800902131,0.00038544487,-0.020765025,0.042727727
2169.2013871536483,17802.625,7.3023825,0.0032480303,135610,696.104981301318,408.3548664210883,16575.467,6.792704,1431.198,2.1308746,17802.625,7.3023825,0,,,,,696.104981301318,0.00035066652,408.3548664210883,0.0003857052,-0.018743433,0.0394223
2169.208331596231,17809.646,7.303553,0.0032480315,135611,696.1042744461098,408.3559755712567,16584.053,6.7937937,1428.2222,2.12877,17809.646,7.303553,0,,,,,696.1042744461098,0.00035067493,408.3559755712567,0.00038549645,-0.019260693,0.041705724
2169.2152760385798,17829.348,7.3043113,0.0032480324,135612,696.1037574485567,408.35240670522455,16598.309,6.794499,1423.5719,2.1252632,17829.348,7.3043113,0,,,,,696.1037574485567,0.0003501438,408.35240670522455,0.00038565946,-0.019642215,0.03725107
2169.2222204811624,17827.799,7.308098,0.0032480336,135613,696.1039885812917,408.3536450521275,16599.07,6.798021,1432.4064,2.1286592,17827.799,7.308098,0,,,,,696.1039885812917,0.00035048687,408.3536450521275,0.00038568344,-0.020824805,0.037749957
2169.229164923512,17820.58,7.3039703,0.0032480345,135614,696.104585639469,408.3545902246494,16590.775,6.7941813,1427.3253,2.1276984,17820.58,7.3039703,0,,,,,696.104585639469,0.00035066658,408.3545902246494,0.0003855358,-0.019647038,0.03939754
2169.236109365862,17814.826,7.30505,0.0032480354,135615,696.1041311756334,408.3551400393374,16590.664,6.795185,1430.9314,2.1277666,17814.826,7.30505,0,,,,,696.1041311756334,0.00035048195,408.3551400393374,0.00038561114,-0.01953624,0.040492654
2169.2430538079793,17800.906,7.30189,0.0032480361,135616,696.1054876618842,408.35751056706346,16571.773,6.7922463,1430.35,2.126315,17800.906,7.30189,0,,,,,696.1054876618842,0.00035098192,408.35751056706346,0.00038594886,-0.018522494,0.043025166
2169.2499982503286,17816.35,7.307457,0.003248037,135617,696.1030526578794,408.3555443105205,16591.393,6.797425,1430.2373,2.13268,17816.35,7.307457,0,,,,,696.1030526578794,0.00035068498,408.3555443105205,0.00038547622,-0.020745197,0.040057935
2169.256942692445,17818.025,7.30705,0.0032480378,135618,696.1037222835614,408.351708172778,16595.021,6.7970467,1433.3785,2.1311164,17818.025,7.30705,0,,,,,696.1037222835614,0.00035045412,408.351708172778,0.00038545244,-0.02076216,0.036326904
2169.263887134329,17822.98,7.3079123,0.0032480382,135619,696.1050861240744,408.354966050477,16601.219,6.797848,1423.9546,2.1375468,17822.98,7.3079123,0,,,,,696.1050861240744,0.00035041152,408.354966050477,0.00038513585,-0.018350108,0.040517192
2169.2708315764453,17817.262,7.303892,0.003248039,135620,696.1013701875238,408.35632789162776,16589.482,6.794109,1429.8281,2.1283336,17817.262,7.303892,0,,,,,696.1013701875238,0.0003506634,408.35632789162776,0.0003851303,-0.022428408,0.04068722
2169.277776018329,17816.799,7.3043094,0.0032480394,135621,696.1032846396873,408.35367890994746,16593.885,6.794497,1428.944,2.1254485,17816.799,7.3043094,0,,,,,696.1032846396873,0.00035018715,408.35367890994746,0.00038535031,-0.020930128,0.038621426
2169.2847204599793,17821.172,7.304128,0.0032480396,135622,696.1051345802819,408.35592995268837,16599.758,6.794328,1426.2441,2.1262841,17821.172,7.304128,0,,,,,696.1051345802819,0.00035025578,408.35592995268837,0.00038506908,-0.019365024,0.041750688
2169.2916649018634,17825.61,7.3078713,0.00324804,135623,696.1045648800687,408.3558830039725,16601.902,6.79781,1433.7482,2.1302047,17825.61,7.3078713,0,,,,,696.1045648800687,0.00035050922,408.3558830039725,0.00038506647,-0.019272063,0.041474145
2169.2986093435147,17806.86,7.3048806,0.0032480403,135624,696.1046115600535,408.35496735116095,16583.45,6.795028,1431.3704,2.129133,17806.86,7.3048806,0,,,,,696.1046115600535,0.00035091033,408.35496735116095,0.00038565835,-0.018479407,0.039939046
2169.305553785166,17812.883,7.302419,0.0032480406,135625,696.1036167900711,408.3534371249222,16588.377,6.792739,1427.068,2.1267421,17812.883,7.302419,0,,,,,696.1036167900711,0.0003505226,408.3534371249222,0.0003852981,-0.020416241,0.037576687
2169.3124982265845,17820.482,7.3085074,0.0032480406,135626,696.103417693976,408.3539480002115,16599.73,6.798402,1431.4231,2.1286702,17820.482,7.3085074,0,,,,,696.103417693976,0.00035038913,408.3539480002115,0.00038538844,-0.020637568,0.03921286
2169.319442668235,17818.104,7.3080473,0.0032480408,135627,696.1055077782211,408.35499005089315,16596.28,6.797974,1429.4731,2.1295412,17818.104,7.3080473,0,,,,,696.1055077782211,0.0003508313,408.35499005089315,0.0003850781,-0.019583631,0.039401095
2169.3263871096533,17831.37,7.3087006,0.0032480408,135628,696.1029097136992,408.35398699036864,16608.953,6.798581,1430.544,2.1304183,17831.37,7.3087006,0,,,,,696.1029097136992,0.0003503804,408.35398699036864,0.00038502112,-0.021505183,0.03899637
2169.333331550839,17817.977,7.3058314,0.0032480406,135629,696.1039680259119,408.3538195837048,16599.44,6.7959127,1430.1552,2.1286561,17817.977,7.3058314,0,,,,,696.1039680259119,0.00035040898,408.3538195837048,0.00038506513,-0.020398844,0.038598206
2169.340275992257,17820.365,7.3044777,0.0032480406,135630,696.1038733726201,408.354899287727,16597.24,6.7946534,1428.0178,2.1266108,17820.365,7.3044777,0,,,,,696.1038733726201,0.00035046242,408.354899287727,0.00038509237,-0.019704595,0.040063255
2169.347220433442,17814.424,7.304276,0.0032480403,135631,696.1049408182995,408.354306874432,16587.504,6.7944655,1426.4083,2.1314516,17814.424,7.304276,0,,,,,696.1049408182995,0.00035047397,408.354306874432,0.000385569,-0.018261557,0.039280165
2169.3541648746273,17816.256,7.3061695,0.00324804,135632,696.1041978776229,408.3559644939895,16594.867,6.796227,1427.8517,2.1281126,17816.256,7.3061695,0,,,,,696.1041978776229,0.00035039472,408.3559644939895,0.000385124,-0.02043056,0.04038984
2169.3611093155805,17825.861,7.3047867,0.0032480396,135633,696.1045660452255,408.3524208704724,16602.955,6.7949405,1428.0164,2.1256216,17825.861,7.3047867,0,,,,,696.1045660452255,0.00035036824,408.3524208704724,0.00038498713,-0.019541332,0.03735056
2169.3680537565333,17820.875,7.309394,0.0032480392,135634,696.1041336533211,408.35466198278056,16602.78,6.7992263,1430.0101,2.137828,17820.875,7.309394,0,,,,,696.1041336533211,0.0003501307,408.35466198278056,0.00038475837,-0.02020492,0.039300747
2169.3749981974856,17824.209,7.309219,0.0032480387,135635,696.1036160446897,408.35586797364215,16605.502,6.7990637,1428.758,2.1355188,17824.209,7.309219,0,,,,,696.1036160446897,0.00035039266,408.35586797364215,0.0003848636,-0.019858403,0.0410856
2169.381942638438,17827.783,7.306845,0.0032480382,135636,696.1039489204969,408.35535539151954,16608.58,6.7968554,1427.902,2.128468,17827.783,7.306845,0,,,,,696.1039489204969,0.00035006105,408.35535539151954,0.0003848778,-0.020515569,0.040543713
2169.3888870791575,17825.473,7.3072367,0.0032480375,135637,696.1034825135077,408.3556167946918,16603.693,6.7972198,1427.7976,2.1312764,17825.473,7.3072367,0,,,,,696.1034825135077,0.0003503839,408.3556167946918,0.0003850097,-0.020662643,0.040375937
2169.395831519877,17828.8,7.3094926,0.0032480368,135638,696.1050762056495,408.3523314826438,16608.713,6.7993183,1429.2997,2.1283712,17828.8,7.3094926,0,,,,,696.1050762056495,0.00035052423,408.3523314826438,0.00038539318,-0.01890481,0.03617181
2169.4027759603637,17814.555,7.3054714,0.003248036,135639,696.103691928258,408.3530371738099,16597.627,6.7955775,1428.8435,2.129098,17814.555,7.3054714,0,,,,,696.103691928258,0.00035028765,408.3530371738099,0.00038493183,-0.0206396,0.037966426
2169.409720401083,17812.295,7.3068995,0.0032480352,135640,696.1044996960087,408.3534602726893,16592.566,6.7969065,1427.7915,2.1348407,17812.295,7.3068995,0,,,,,696.1044996960087,0.0003505251,408.3534602726893,0.00038516492,-0.019124119,0.038556192
2169.41666484157,17828.021,7.308608,0.0032480343,135641,696.1027481498836,408.3536660752447,16606.736,6.7984953,1425.2706,2.1305099,17828.021,7.308608,0,,,,,696.1027481498836,0.00035040345,408.3536660752447,0.0003849429,-0.021538876,0.038444325
2169.423609282058,17828.688,7.3063335,0.0032480333,135642,696.1049913930378,408.35597802719946,16606.459,6.7963796,1428.5515,2.1285384,17828.688,7.3063335,0,,,,,696.1049913930378,0.00035009542,408.35597802719946,0.00038494245,-0.018837385,0.041634906
2169.4305537223127,17814.691,7.3060327,0.0032480322,135643,696.1037108360526,408.35337165602317,16592.18,6.7960997,1430.5847,2.1331565,17814.691,7.3060327,0,,,,,696.1037108360526,0.00035022545,408.35337165602317,0.0003852806,-0.02042329,0.036947526
2169.437498162566,17826.977,7.3093557,0.003248031,135644,696.106273123769,408.35421460046314,16605.66,6.7991905,1424.962,2.1326692,17826.977,7.3093557,0,,,,,696.106273123769,0.00035030532,408.35421460046314,0.00038510133,-0.017806217,0.038982276
2169.4444426028203,17811.857,7.305513,0.0032480299,135645,696.1045891559006,408.3552999351478,16590.113,6.795616,1429.6368,2.1329515,17811.857,7.305513,0,,,,,696.1045891559006,0.00035046134,408.3552999351478,0.00038521772,-0.019118257,0.039832216
2169.4513870430737,17816.023,7.3045135,0.0032480287,135646,696.1037543478267,408.3534085698017,16593.523,6.7946863,1426.2609,2.1246529,17816.023,7.3045135,0,,,,,696.1037543478267,0.00035059158,408.3534085698017,0.00038524202,-0.020682104,0.03790842
2169.458331483095,17834.053,7.308815,0.0032480273,135647,696.1042282518217,408.35412404341395,16613.094,6.798688,1425.9412,2.1276083,17834.053,7.308815,0,,,,,696.1042282518217,0.00035036253,408.35412404341395,0.0003848685,-0.019608699,0.03842585
2169.4652759231158,17820.092,7.3058014,0.003248026,135648,696.1036285573949,408.3542286760879,16596.746,6.7958846,1430.5095,2.128584,17820.092,7.3058014,0,,,,,696.1036285573949,0.0003505718,408.3542286760879,0.00038492444,-0.02019163,0.03922449
2169.4722203631372,17836.424,7.3073077,0.0032480245,135649,696.1039017747255,408.35237951350206,16610.95,6.797286,1428.6959,2.1263044,17836.424,7.3073077,0,,,,,696.1039017747255,0.00035018625,408.35237951350206,0.00038514397,-0.020581016,0.037101798
2169.479164802925,17835.738,7.3078437,0.0032480229,135650,696.1038339824441,408.3566130140892,16610.16,6.7977843,1429.3562,2.1319988,17835.738,7.3078437,0,,,,,696.1038339824441,0.00035022743,408.3566130140892,0.00038494956,-0.020163096,0.040858936
2169.486109242714,17815.555,7.305702,0.0032480212,135651,696.1038644890248,408.3528344237489,16594.494,6.7957926,1428.1644,2.131155,17815.555,7.305702,0,,,,,696.1038644890248,0.00035028876,408.3528344237489,0.0003850885,-0.020428598,0.036656488
2169.493053682503,17818.29,7.309289,0.0032480196,135652,696.1043942981399,408.355723845262,16597.79,6.7991285,1431.9305,2.1328201,17818.29,7.309289,0,,,,,696.1043942981399,0.00035067528,408.355723845262,0.00038509286,-0.019511148,0.041049723
2169.499998122291,17819.846,7.3111153,0.003248018,135653,696.1045324563279,408.35441950969005,16598.066,6.8008275,1430.2289,2.1392074,17819.846,7.3111153,0,,,,,696.1045324563279,0.00035079248,408.35441950969005,0.00038505037,-0.019741567,0.03843132
2169.5069425618467,17816.736,7.306059,0.0032480161,135654,696.1023063367728,408.3532633697265,16591.25,6.796124,1426.4109,2.1357358,17816.736,7.306059,0,,,,,696.1023063367728,0.00035054388,408.3532633697265,0.00038509534,-0.02191655,0.0380335
2169.5138870014016,17830.207,7.3079453,0.0032480143,135655,696.1043762847559,408.35322748753134,16608.326,6.7978787,1429.2692,2.1267347,17830.207,7.3079453,0,,,,,696.1043762847559,0.00035020357,408.35322748753134,0.00038526245,-0.020114118,0.03738694
2169.520831440724,17818.668,7.306052,0.0032480122,135656,696.1043404594828,408.35260742284476,16599.07,6.796118,1427.2004,2.1289358,17818.668,7.306052,0,,,,,696.1043404594828,0.00035029763,408.35260742284476,0.00038518893,-0.02025282,0.03781468
2169.5277758802804,17833.44,7.3085837,0.0032480103,135657,696.1041503790724,408.3541313757528,16610.973,6.798473,1427.3137,2.1290052,17833.44,7.3085837,0,,,,,696.1041503790724,0.00035032976,408.3541313757528,0.00038529633,-0.01996905,0.038607102
2169.5347203196025,17809.105,7.306877,0.0032480082,135658,696.1046521364315,408.3532458744924,16589.129,6.7968855,1425.9077,2.1354454,17809.105,7.306877,0,,,,,696.1046521364315,0.00035079743,408.3532458744924,0.00038539304,-0.01849752,0.038702533
2169.5416647586926,17827.68,7.3065825,0.0032480059,135659,696.1024777404418,408.3528105957905,16602.014,6.796611,1426.2609,2.13117,17827.68,7.3065825,0,,,,,696.1024777404418,0.000350264,408.3528105957905,0.00038495185,-0.02139636,0.037748158
2169.5486091980156,17823.436,7.308174,0.0032480038,135660,696.1036890953146,408.3541276896154,16602.525,6.7980914,1426.7698,2.1326091,17823.436,7.308174,0,,,,,696.1036890953146,0.0003505474,408.3541276896154,0.00038498748,-0.02082757,0.038723256
2169.5555536371057,17830.178,7.307473,0.0032480014,135661,696.1031068999965,408.35239718043465,16601.734,6.7974396,1431.4014,2.1300108,17830.178,7.307473,0,,,,,696.1031068999965,0.00035047144,408.35239718043465,0.00038526574,-0.021111844,0.036677178
2169.562498076196,17828.963,7.3076587,0.0032479991,135662,696.104875882621,408.35373062884975,16606.58,6.797612,1431.2698,2.1292458,17828.963,7.3076587,0,,,,,696.104875882621,0.00035037808,408.35373062884975,0.00038504708,-0.019837476,0.038746335
2169.5694425150523,17820.0,7.306136,0.0032479966,135663,696.1056754365243,408.3542978581371,16600.174,6.7961965,1427.4269,2.1288657,17820.0,7.306136,0,,,,,696.1056754365243,0.00035050025,408.3542978581371,0.00038513457,-0.018836599,0.03809449
2169.5763869539096,17814.287,7.3048162,0.003247994,135664,696.1039826700073,408.3513500709224,16593.059,6.7949686,1432.3628,2.1282883,17814.287,7.3048162,0,,,,,696.1039826700073,0.00035043524,408.3513500709224,0.00038522246,-0.020591376,0.03539938
2169.583331392766,17816.926,7.3070216,0.0032479914,135665,696.1027043640141,408.3547518988395,16598.67,6.7970195,1427.9933,2.1272137,17816.926,7.3070216,0,,,,,696.1027043640141,0.00035027124,408.3547518988395,0.00038511975,-0.022074468,0.039291266
2169.5902758316233,17817.996,7.3075867,0.0032479889,135666,696.1044460072329,408.35312283922514,16599.242,6.7975454,1432.247,2.1301842,17817.996,7.3075867,0,,,,,696.1044460072329,0.0003508255,408.35312283922514,0.00038509167,-0.01949627,0.03767025
2169.597220270247,17817.291,7.3071775,0.003247986,135667,696.1047643425843,408.3550431262286,16599.54,6.797165,1430.8536,2.1329927,17817.291,7.3071775,0,,,,,696.1047643425843,0.0003502624,408.3550431262286,0.0003849322,-0.019216036,0.040904135
2169.6041647088714,17823.543,7.30646,0.0032479833,135668,696.1035089032232,408.3534868490654,16601.125,6.7964973,1429.1688,2.1264222,17823.543,7.30646,0,,,,,696.1035089032232,0.00035030127,408.3534868490654,0.00038524455,-0.020787124,0.038420293
2169.611109147496,17811.016,7.303222,0.0032479805,135669,696.1034847865681,408.3519005285125,16588.236,6.7934856,1426.3344,2.1289687,17811.016,7.303222,0,,,,,696.1034847865681,0.00035046044,408.3519005285125,0.00038515785,-0.020402297,0.03637777
2169.6180535858875,17831.234,7.309747,0.0032479775,135670,696.1054888925399,408.35342833860403,16608.771,6.799555,1431.3514,2.1317337,17831.234,7.309747,0,,,,,696.1054888925399,0.00035020028,408.35342833860403,0.00038512307,-0.019444618,0.037580594
2169.624998024512,17819.863,7.306362,0.0032479747,135671,696.1029263235667,408.3511399030353,16600.387,6.7964063,1431.2806,2.1286514,17819.863,7.306362,0,,,,,696.1029263235667,0.00035035916,408.3511399030353,0.00038513722,-0.021820966,0.036116455
2169.631942462671,17821.926,7.3067155,0.0032479714,135672,696.1026241271787,408.35391855335206,16600.025,6.796735,1430.5515,2.131474,17821.926,7.3067155,0,,,,,696.1026241271787,0.00035027153,408.35391855335206,0.00038509263,-0.021295993,0.038712654
2169.638886901062,17812.668,7.308462,0.0032479684,135673,696.1043097109599,408.3537661838755,16593.035,6.79836,1429.9026,2.1305308,17812.668,7.308462,0,,,,,696.1043097109599,0.00035087622,408.3537661838755,0.00038553562,-0.019691093,0.03879039
2169.6458313392204,17821.664,7.3089046,0.0032479651,135674,696.1046060923776,408.35320742456355,16602.125,6.7987714,1430.1008,2.1298625,17821.664,7.3089046,0,,,,,696.1046060923776,0.00035043206,408.35320742456355,0.0003854711,-0.019575091,0.038258214
2169.652775777379,17822.316,7.30492,0.0032479619,135675,696.1038201390455,408.35323164142403,16598.264,6.795065,1427.8733,2.1288054,17822.316,7.30492,0,,,,,696.1038201390455,0.0003503415,408.35323164142403,0.0003852739,-0.019638732,0.0374776
2169.659720215537,17819.81,7.3064513,0.0032479586,135676,696.1056729499462,408.3540186289145,16597.918,6.7964892,1428.8922,2.128951,17819.81,7.3064513,0,,,,,696.1056729499462,0.00035072956,408.3540186289145,0.0003853291,-0.018315557,0.038465433
2169.666664653463,17814.375,7.304657,0.003247955,135677,696.104793850688,408.3536131179614,16595.078,6.7948203,1428.7333,2.1275134,17814.375,7.304657,0,,,,,696.104793850688,0.0003505175,408.3536131179614,0.00038504598,-0.019694624,0.038319938
2169.6736090913896,17821.307,7.303743,0.0032479516,135678,696.1027292162912,408.35296273304533,16597.479,6.7939696,1426.3212,2.1249514,17821.307,7.303743,0,,,,,696.1027292162912,0.00035045485,408.35296273304533,0.00038512886,-0.021569774,0.037697367
2169.680553529315,17812.611,7.303797,0.0032479481,135679,696.1032687073154,408.3527682577839,16591.652,6.79402,1429.3341,2.1282737,17812.611,7.303797,0,,,,,696.1032687073154,0.00035038864,408.3527682577839,0.00038517997,-0.020344,0.037876688
2169.687497967008,17818.475,7.3056617,0.0032479444,135680,696.1034730583079,408.3511555281107,16592.615,6.7957544,1430.4358,2.132143,17818.475,7.3056617,0,,,,,696.1034730583079,0.0003502496,408.3511555281107,0.00038561437,-0.020837143,0.035145484
2169.6944424049334,17817.117,7.3040466,0.003247941,135681,696.1047585822909,408.3529805415902,16589.316,6.794253,1430.6216,2.1284919,17817.117,7.3040466,0,,,,,696.1047585822909,0.00035050727,408.3529805415902,0.00038580244,-0.018344667,0.037530903
2169.701386842626,17822.236,7.3083696,0.0032479372,135682,696.1043447965623,408.3533774921167,16598.854,6.7982736,1433.5312,2.1321502,17822.236,7.3083696,0,,,,,696.1043447965623,0.0003509298,408.3533774921167,0.0003854433,-0.01916279,0.038033213
2169.708331280086,17801.633,7.3059573,0.0032479332,135683,696.1033797987084,408.35106979499034,16581.299,6.79603,1433.4509,2.1371198,17801.633,7.3059573,0,,,,,696.1033797987084,0.00035048762,408.35106979499034,0.00038545113,-0.02049016,0.034877148
2169.715275717546,17819.97,7.309701,0.0032479293,135684,696.1043056628245,408.35230804638536,16600.77,6.7995114,1427.5093,2.1393096,17819.97,7.309701,0,,,,,696.1043056628245,0.00035019865,408.35230804638536,0.00038524184,-0.020398702,0.037280653
2169.7222201550067,17816.992,7.3064747,0.0032479253,135685,696.1040757421853,408.35574599244694,16591.973,6.796511,1432.7174,2.1280622,17816.992,7.3064747,0,,,,,696.1040757421853,0.00035072237,408.35574599244694,0.0003855364,-0.020044899,0.039698098
2169.729164592467,17827.258,7.306581,0.0032479214,135686,696.1030588959661,408.3508149308987,16605.293,6.79661,1429.5703,2.1280396,17827.258,7.306581,0,,,,,696.1030588959661,0.0003503425,408.3508149308987,0.00038518614,-0.020702234,0.03534988
2169.7361090299273,17817.982,7.305789,0.0032479174,135687,696.1048124416208,408.35238054945944,16595.203,6.795873,1428.5632,2.1275914,17817.982,7.305789,0,,,,,696.1048124416208,0.00035050497,408.35238054945944,0.0003855313,-0.01915201,0.03753003
2169.743053467155,17807.523,7.3075695,0.0032479132,135688,696.1052440969827,408.3536777198683,16590.373,6.7975297,1428.5239,2.1307666,17807.523,7.3075695,0,,,,,696.1052440969827,0.0003506537,408.3536777198683,0.00038568524,-0.019383283,0.037983093
2169.7499979041486,17813.08,7.306481,0.0032479088,135689,696.1042800752094,408.35088289041204,16593.666,6.796517,1427.9242,2.135402,17813.08,7.306481,0,,,,,696.1042800752094,0.00035028328,408.35088289041204,0.0003851987,-0.020607468,0.034687288
2169.756942341376,17822.22,7.306508,0.0032479046,135690,696.1036052629344,408.3536146996028,16601.055,6.796542,1427.4812,2.130697,17822.22,7.306508,0,,,,,696.1036052629344,0.00035033879,408.3536146996028,0.00038502723,-0.02089657,0.038271133
2169.76388677837,17827.232,7.3110642,0.0032479002,135691,696.1028061663714,408.3521313244114,16605.594,6.8007803,1432.0605,2.1347866,17827.232,7.3110642,0,,,,,696.1028061663714,0.0003507357,408.3521313244114,0.0003851099,-0.020867137,0.037102077
2169.770831215364,17813.148,7.305493,0.0032478957,135692,696.1048677713497,408.35339655567276,16590.424,6.7955976,1431.0587,2.1313965,17813.148,7.305493,0,,,,,696.1048677713497,0.00035067555,408.35339655567276,0.00038526722,-0.0195687,0.038853616
2169.7777756523583,17826.693,7.307598,0.0032478913,135693,696.103000110372,408.35220023238315,16602.357,6.797556,1427.094,2.129623,17826.693,7.307598,0,,,,,696.103000110372,0.0003505639,408.35220023238315,0.00038528573,-0.021538472,0.03675775
2169.78472008912,17819.32,7.3055325,0.0032478867,135694,696.1057915656536,408.352221827985,16595.932,6.7956347,1429.9904,2.128324,17819.32,7.3055325,0,,,,,696.1057915656536,0.00035028678,408.352221827985,0.0003853513,-0.018940732,0.036510553
2169.7916645258824,17815.625,7.3106008,0.003247882,135695,696.1036424219252,408.3523736163631,16595.307,6.800349,1432.7594,2.1445618,17815.625,7.3106008,0,,,,,696.1036424219252,0.0003504161,408.3523736163631,0.00038532677,-0.020674476,0.03726491
2169.798608962644,17808.352,7.3051314,0.0032478774,135696,696.1034975682657,408.3514766236335,16586.344,6.7952614,1433.8876,2.1305113,17808.352,7.3051314,0,,,,,696.1034975682657,0.00035043046,408.3514766236335,0.00038568507,-0.020825917,0.035720877
2169.8055533991724,17809.965,7.3077593,0.0032478725,135697,696.1030715119499,408.35191092816854,16586.07,6.7977057,1431.795,2.1318283,17809.965,7.3077593,0,,,,,696.1030715119499,0.00035089106,408.35191092816854,0.0003855437,-0.021214293,0.037060507
2169.8124978359338,17805.02,7.303527,0.0032478678,135698,696.1028867434901,408.352359691725,16586.396,6.793769,1430.6562,2.1284444,17805.02,7.303527,0,,,,,696.1028867434901,0.00035034824,408.352359691725,0.0003850779,-0.021325776,0.03766843
2169.8194422724623,17823.523,7.3085403,0.003247863,135699,696.1043003358814,408.35146340081053,16600.164,6.7984324,1430.2562,2.1352184,17823.523,7.3085403,0,,,,,696.1043003358814,0.00035056434,408.35146340081053,0.00038502202,-0.019952489,0.03621478
2169.826386708759,17818.78,7.3063674,0.0032478578,135700,696.104148711056,408.35010868351964,16588.338,6.796411,1429.6061,2.1375287,17818.78,7.3063674,0,,,,,696.104148711056,0.0003504513,408.35010868351964,0.00038554895,-0.020085614,0.034674432
2169.833331145054,17819.16,7.307711,0.0032478527,135701,696.105862650181,408.3540741580598,16595.428,6.797661,1431.1416,2.1359508,17819.16,7.307711,0,,,,,696.105862650181,0.00035054033,408.3540741580598,0.00038545867,-0.017679323,0.038550094
2169.8402755813504,17822.953,7.3053465,0.0032478475,135702,696.1041799155031,408.35136697220577,16600.242,6.7954617,1427.8353,2.1304743,17822.953,7.3053465,0,,,,,696.1041799155031,0.0003503391,408.35136697220577,0.0003850624,-0.020557972,0.03551562
2169.8472200176466,17815.518,7.3090634,0.0032478424,135703,696.1025608529636,408.35143702788065,16592.879,6.7989187,1432.6887,2.1315548,17815.518,7.3090634,0,,,,,696.1025608529636,0.0003506128,408.35143702788065,0.00038581062,-0.021322,0.035863724
2169.8541644539428,17824.994,7.306135,0.0032478373,135704,696.1035758821736,408.3516203564745,16606.396,6.7961955,1429.7485,2.128448,17824.994,7.306135,0,,,,,696.1035758821736,0.00035006853,408.3516203564745,0.0003848451,-0.020631973,0.036075782
2169.861108890006,17804.912,7.303704,0.003247832,135705,696.1050006798439,408.3532363367554,16583.584,6.7939334,1428.8286,2.132839,17804.912,7.303704,0,,,,,696.1050006798439,0.00035048387,408.3532363367554,0.0003853719,-0.019407952,0.037113685
2169.8680533258357,17811.062,7.3057685,0.0032478264,135706,696.1031993536014,408.3521933069387,16587.314,6.795854,1431.483,2.1292236,17811.062,7.3057685,0,,,,,696.1031993536014,0.00035076926,408.3521933069387,0.0003855631,-0.021538217,0.037269663
2169.874997761899,17811.492,7.3050003,0.003247821,135707,696.1050385469163,408.3543530750193,16589.473,6.7951393,1430.4127,2.1300967,17811.492,7.3050003,0,,,,,696.1050385469163,0.0003505376,408.3543530750193,0.00038554208,-0.018974803,0.039467014
2169.8819421977287,17820.79,7.3092394,0.0032478154,135708,696.1042497859054,408.34950545567716,16600.39,6.7990828,1432.1176,2.130212,17820.79,7.3092394,0,,,,,696.1042497859054,0.0003502489,408.34950545567716,0.00038582206,-0.020053256,0.03313959
2169.888886633559,17822.666,7.305273,0.0032478098,135709,696.1037410256085,408.3536796040716,16595.842,6.7953935,1429.2703,2.1281357,17822.666,7.305273,0,,,,,696.1037410256085,0.00035052508,408.3536796040716,0.00038523728,-0.021116558,0.037971955
2169.895831069389,17819.732,7.310104,0.0032478042,135710,696.1038711929283,408.3531885242906,16598.309,6.799887,1430.0011,2.136527,17819.732,7.310104,0,,,,,696.1038711929283,0.00035050386,408.3531885242906,0.00038561723,-0.020757161,0.037550338
2169.902775504987,17821.275,7.3077044,0.0032477984,135711,696.1025079530966,408.35028463716014,16596.723,6.797655,1429.9098,2.1305828,17821.275,7.3077044,0,,,,,696.1025079530966,0.00035084478,408.35028463716014,0.00038533736,-0.02181773,0.034833446
2169.909719940585,17830.365,7.305883,0.0032477926,135712,696.1044605166034,408.3504656679174,16605.133,6.7959604,1429.3682,2.1270592,17830.365,7.305883,0,,,,,696.1044605166034,0.00035045482,408.3504656679174,0.00038515363,-0.020258665,0.035084173
2169.916664376182,17841.422,7.309121,0.0032477868,135713,696.1045432822553,408.35307360631134,16617.91,6.7989726,1432.6265,2.1290698,17841.422,7.309121,0,,,,,696.1045432822553,0.00035029443,408.35307360631134,0.00038492915,-0.019579101,0.038100287
2169.9236088117796,17830.158,7.31096,0.003247781,135714,696.1045852978855,408.3518088478483,16606.012,6.800683,1432.9694,2.1394238,17830.158,7.31096,0,,,,,696.1045852978855,0.000350185,408.3518088478483,0.00038518128,-0.019997323,0.036540028
2169.9305532471444,17817.97,7.3061585,0.003247775,135715,696.103084027202,408.3521683344437,16596.281,6.796217,1424.0663,2.134976,17817.97,7.3061585,0,,,,,696.103084027202,0.00035031175,408.3521683344437,0.00038525157,-0.02163742,0.036711346
2169.937497682509,17828.578,7.307282,0.0032477689,135716,696.1034014676746,408.3499387154666,16607.578,6.7972617,1428.7396,2.1295342,17828.578,7.307282,0,,,,,696.1034014676746,0.00035013657,408.3499387154666,0.00038522913,-0.020978194,0.035227038
2169.9444421176404,17817.402,7.305623,0.0032477626,135717,696.1030725435746,408.35121832588254,16599.568,6.7957187,1428.8677,2.1281404,17817.402,7.305623,0,,,,,696.1030725435746,0.0003502786,408.35121832588254,0.00038515378,-0.021363387,0.036084853
