time,flux,flux_err,timecorr,cadenceno,centroid_col,centroid_row,sap_flux,sap_flux_err,sap_bkg,sap_bkg_err,pdcsap_flux,pdcsap_flux_err,quality,psf_centr1,psf_centr1_err,psf_centr2,psf_centr2_err,mom_centr1,mom_centr1_err,mom_centr2,mom_centr2_err,pos_corr1,pos_corr2
1438.2433768415726,18105.027,4.500087,0.0032550192,10117,859.1459560929885,307.48127724507583,17207.111,4.2598486,2619.1682,1.6775807,18105.027,4.500087,0,,,,,859.1459560929885,0.00021554383,307.48127724507583,0.0002509094,0.0006606712,0.010583223
1438.2642103121207,18104.764,4.465562,0.003255165,10118,859.1456432695662,307.481567164833,17205.93,4.2271667,2450.0435,1.635184,18104.764,4.465562,0,,,,,859.1456432695662,0.0002138234,307.481567164833,0.00024881872,0.00029645953,0.010837506
1438.2850437826683,18105.734,4.440802,0.0032553107,10119,859.1454339266705,307.4821562277215,17208.031,4.2037287,2320.4634,1.6029314,18105.734,4.440802,0,,,,,859.1454339266705,0.00021254375,307.4821562277215,0.00024719947,0.00017412759,0.011671403
1438.305877252983,18096.846,4.418114,0.0032554562,10120,859.1443652895387,307.4822584415205,17199.625,4.182252,2211.9558,1.5741725,18096.846,4.418114,0,,,,,859.1443652895387,0.00021153402,307.4822584415205,0.0002459943,-0.00050003245,0.011353519
1438.3267107230654,18103.217,4.4000506,0.0032556015,10121,859.1448206912331,307.48272230604437,17205.908,4.1651525,2116.8005,1.5491128,18103.217,4.4000506,0,,,,,859.1448206912331,0.00021049056,307.48272230604437,0.0002447969,-0.0006808812,0.012441561
1438.347544193148,18104.414,4.3809943,0.0032557468,10122,859.1442311320055,307.48273752775674,17206.197,4.1471133,2025.0935,1.5237346,18104.414,4.3809943,0,,,,,859.1442311320055,0.0002095075,307.48273752775674,0.00024359193,-0.00094824214,0.012306817
1438.368377662765,18104.443,4.365046,0.0032558916,10123,859.1445949278472,307.4833930945263,17205.352,4.1320167,1945.6117,1.5019622,18104.443,4.365046,0,,,,,859.1445949278472,0.00020878829,307.4833930945263,0.00024265701,-0.0006921342,0.012965057
1438.3892111321495,18100.605,4.3463545,0.0032560362,10124,859.1440683111116,307.48334596268165,17201.713,4.114323,1857.9191,1.4767593,18100.605,4.3463545,0,,,,,859.1440683111116,0.00020785294,307.48334596268165,0.00024154155,-0.0011618334,0.013233389
1438.410044601068,18102.244,4.332969,0.0032561803,10125,859.1441619634942,307.4841251878012,17199.857,4.1016517,1789.6086,1.4595177,18102.244,4.332969,0,,,,,859.1441619634942,0.00020715337,307.4841251878012,0.00024073088,-0.0013015924,0.013860284
1438.430878069753,18110.322,4.3304157,0.0032563242,10126,859.1438069697729,307.48401441500044,17208.574,4.099235,1762.6908,1.4528673,18110.322,4.3304157,0,,,,,859.1438069697729,0.0002070744,307.48401441500044,0.00024047858,-0.0013571221,0.013614478
1438.4517115379726,18100.93,4.32533,0.0032564676,10127,859.1440740867355,307.48512962267955,17199.506,4.094421,1755.8729,1.4481517,18100.93,4.32533,0,,,,,859.1440740867355,0.00020675435,307.48512962267955,0.00024031711,-0.0014086637,0.015536473
1438.472545005727,18107.807,4.325997,0.0032566106,10128,859.1439800919127,307.4846534311657,17204.527,4.0950522,1751.0363,1.4493998,18107.807,4.325997,0,,,,,859.1439800919127,0.00020671323,307.4846534311657,0.00024035055,-0.0017150042,0.014306069
1438.4933784730147,18103.076,4.324818,0.003256753,10129,859.1441212138283,307.485435241006,17196.658,4.093936,1754.647,1.447732,18103.076,4.324818,0,,,,,859.1441212138283,0.00020682663,307.485435241006,0.00024048965,-0.0018163263,0.014705705
1438.514211939837,18104.68,4.3272076,0.003256895,10130,859.1435088355306,307.48487118802416,17201.475,4.096198,1753.5927,1.4510919,18104.68,4.3272076,0,,,,,859.1435088355306,0.00020694682,307.48487118802416,0.00024035045,-0.0020110828,0.014629864
1438.5350454059621,18103.22,4.3247724,0.0032570364,10131,859.1438828274044,307.4848373569585,17199.156,4.093893,1753.6823,1.4477888,18103.22,4.3247724,0,,,,,859.1438828274044,0.0002067723,307.4848373569585,0.00024033486,-0.0016716943,0.014170825
1438.5558788716216,18104.21,4.325974,0.0032571773,10132,859.1438368368147,307.48542144985066,17202.04,4.0950303,1752.8955,1.4480882,18104.21,4.325974,0,,,,,859.1438368368147,0.00020690166,307.48542144985066,0.00024024684,-0.0015593063,0.014894471
1438.576712336814,18105.352,4.3261623,0.0032573177,10133,859.1435912603539,307.4849211717746,17201.47,4.0952086,1751.7731,1.4500345,18105.352,4.3261623,0,,,,,859.1435912603539,0.00020675559,307.4849211717746,0.00024033361,-0.0020066,0.015039831
1438.5975458013086,18106.27,4.325236,0.0032574574,10134,859.1434540526903,307.4858300574473,17201.898,4.0943317,1751.8899,1.4483501,18106.27,4.325236,0,,,,,859.1434540526903,0.00020676391,307.4858300574473,0.0002403182,-0.001650796,0.015339582
1438.6183792651045,18098.209,4.324124,0.0032575964,10135,859.144257151142,307.48647976470306,17191.18,4.093279,1751.4427,1.4474571,18098.209,4.324124,0,,,,,859.144257151142,0.00020680968,307.48647976470306,0.00024047901,-0.0012553179,0.016206771
1438.6392127282015,18105.342,4.326496,0.0032577347,10136,859.1445217130164,307.4861352735774,17201.928,4.095525,1751.7532,1.4490916,18105.342,4.326496,0,,,,,859.1445217130164,0.00020677864,307.4861352735774,0.00024041679,-0.0013730574,0.016097471
1438.6600461908336,18108.012,4.3268113,0.0032578725,10137,859.143958013323,307.48543823642854,17205.807,4.0958233,1754.1381,1.4480587,18108.012,4.3268113,0,,,,,859.143958013323,0.00020679072,307.48543823642854,0.00024028754,-0.001825281,0.01582605
1438.680879652767,18107.39,4.3251996,0.0032580097,10138,859.1441322640985,307.4857518418467,17203.248,4.0942974,1752.5151,1.44789,18107.39,4.3251996,0,,,,,859.1441322640985,0.00020675015,307.4857518418467,0.00024023552,-0.0012517986,0.015550625
1438.701713114002,18111.412,4.3255086,0.003258146,10139,859.1440646091849,307.4857468260301,17207.47,4.09459,1750.4138,1.4478607,18111.412,4.3255086,0,,,,,859.1440646091849,0.00020669369,307.4857468260301,0.00024019285,-0.0014822487,0.0155910645
1438.7225465745391,18106.434,4.3253436,0.0032582819,10140,859.1439379477067,307.48649176395224,17202.283,4.094434,1751.5682,1.4478431,18106.434,4.3253436,0,,,,,859.1439379477067,0.00020679159,307.48649176395224,0.0002402773,-0.0014168265,0.016477926
1438.743380034377,18105.354,4.326165,0.003258417,10141,859.1440847083891,307.4863281597296,17202.19,4.0952115,1751.6091,1.4490057,18105.354,4.326165,0,,,,,859.1440847083891,0.0002069416,307.4863281597296,0.00024025935,-0.0014442597,0.01618451
1438.764213493283,18115.062,4.3256183,0.003258551,10142,859.1447111165469,307.4860910191688,17205.072,4.0946937,1752.5483,1.4476931,18115.062,4.3256183,0,,,,,859.1447111165469,0.00020668123,307.4860910191688,0.00024055812,-0.0012307427,0.015467966
1438.785046951724,18105.695,4.325063,0.0032586847,10143,859.1444405764086,307.4865405385397,17200.459,4.094168,1750.7949,1.4475762,18105.695,4.325063,0,,,,,859.1444405764086,0.00020679993,307.4865405385397,0.00024035932,-0.000921478,0.016226001
1438.8058804092339,18103.443,4.3252106,0.0032588174,10144,859.144250837956,307.4863097409275,17199.844,4.094308,1751.1693,1.4478574,18103.443,4.3252106,0,,,,,859.144250837956,0.00020678663,307.4863097409275,0.00024034607,-0.0012043024,0.015968045
1438.826713866277,18106.73,4.3253374,0.0032589496,10145,859.1439315500492,307.485409799419,17201.352,4.094428,1751.1001,1.4483325,18106.73,4.3253374,0,,,,,859.1439315500492,0.00020674561,307.485409799419,0.00024039391,-0.001268909,0.015304915
1438.847547322157,18102.129,4.3246613,0.0032590807,10146,859.1445468446907,307.48752126832915,17194.21,4.0937877,1752.5521,1.4476573,18102.129,4.3246613,0,,,,,859.1445468446907,0.00020687052,307.48752126832915,0.00024057165,-0.00094025244,0.017194368
1438.868380777572,18107.959,4.325313,0.0032592113,10147,859.1439712249928,307.48593527156555,17203.707,4.094405,1751.9658,1.4477406,18107.959,4.325313,0,,,,,859.1439712249928,0.00020675347,307.48593527156555,0.00024027933,-0.001319135,0.015985912
1438.8892142320547,18108.543,4.3251123,0.003259341,10148,859.1447477324871,307.4869716478758,17197.186,4.0942144,1750.3413,1.4486083,18108.543,4.3251123,0,,,,,859.1447477324871,0.00020686442,307.4869716478758,0.00024061861,-0.0003981709,0.016511425
1438.9100476858391,18100.818,4.325059,0.00325947,10149,859.1447291954582,307.48623579173653,17194.756,4.094164,1753.1292,1.44803,18100.818,4.325059,0,,,,,859.1447291954582,0.00020684498,307.48623579173653,0.00024051551,-0.0005573899,0.016244924
1438.930881138925,18108.354,4.3248043,0.0032595983,10150,859.1440746351655,307.4861940329608,17202.559,4.093923,1751.0143,1.4472444,18108.354,4.3248043,0,,,,,859.1440746351655,0.00020673596,307.4861940329608,0.00024031504,-0.0009927504,0.016478894
1438.9517145910788,18114.3,4.324611,0.0032597256,10151,859.1447356343691,307.4865656100401,17205.824,4.0937405,1750.4896,1.4464383,18114.3,4.324611,0,,,,,859.1447356343691,0.00020675201,307.4865656100401,0.000240437,-0.00046317215,0.016302992
1438.972548042535,18109.56,4.3260794,0.0032598523,10152,859.1442356373875,307.48686472572473,17207.418,4.09513,1753.6854,1.4483391,18109.56,4.3260794,0,,,,,859.1442356373875,0.00020681114,307.48686472572473,0.00024020398,-0.0007558587,0.016348349
1438.9933814930596,18110.613,4.3253264,0.003259978,10153,859.1445805600841,307.4864987144364,17207.633,4.0944176,1749.8386,1.4481245,18110.613,4.3253264,0,,,,,859.1445805600841,0.0002067532,307.4864987144364,0.00024013963,-0.0004955073,0.015924131
1439.0142149428852,18105.758,4.325505,0.003260103,10154,859.1445966967156,307.4873426207944,17200.277,4.094587,1752.5056,1.4491527,18105.758,4.325505,0,,,,,859.1445966967156,0.00020681859,307.4873426207944,0.000240373,-0.00027374452,0.017001297
1439.035048391781,18108.738,4.3266606,0.0032602272,10155,859.1451796007974,307.4872571825211,17204.668,4.0956807,1753.1227,1.4494601,18108.738,4.3266606,0,,,,,859.1451796007974,0.00020691547,307.4872571825211,0.00024030155,-0.00012687597,0.017288966
1439.0558818399782,18101.963,4.3262672,0.0032603506,10156,859.1448325604608,307.48681113364603,17198.186,4.0953083,1754.4167,1.44965,18101.963,4.3262672,0,,,,,859.1448325604608,0.0002068937,307.48681113364603,0.00024039872,-0.00017865372,0.016607175
1439.0767152872425,18105.127,4.324319,0.003260473,10157,859.1452463821913,307.4874060921734,17201.664,4.093464,1747.7462,1.4464495,18105.127,4.324319,0,,,,,859.1452463821913,0.00020678338,307.4874060921734,0.00024032651,-6.825644e-05,0.017587952
1439.0975487338092,18104.053,4.3244157,0.0032605948,10158,859.1449416575836,307.4873562546011,17201.062,4.0935555,1749.8374,1.44672,18104.053,4.3244157,0,,,,,859.1449416575836,0.00020680894,307.4873562546011,0.00024025289,-0.0002720056,0.017099341
1439.1183821794443,18108.244,4.325223,0.0032607156,10159,859.1455688571276,307.48627627318183,17202.105,4.09432,1748.9729,1.4481595,18108.244,4.325223,0,,,,,859.1455688571276,0.00020686068,307.48627627318183,0.00024037207,-5.067637e-05,0.016321136
1439.1392156243805,18106.902,4.3249636,0.0032608358,10160,859.1450679733166,307.4870741659951,17201.87,4.094074,1752.6619,1.4477203,18106.902,4.3249636,0,,,,,859.1450679733166,0.00020681867,307.4870741659951,0.00024029857,0.0002541206,0.016743932
1439.1600490683861,18104.846,4.325235,0.003260955,10161,859.1450263562775,307.486997786265,17199.494,4.094331,1751.9312,1.4481329,18104.846,4.325235,0,,,,,859.1450263562775,0.00020683405,307.486997786265,0.00024036007,6.0389586e-05,0.016639834
1439.1808825114604,18113.125,4.3262486,0.0032610733,10162,859.1458786765223,307.4860767510412,17207.305,4.0952907,1749.7026,1.4468391,18113.125,4.3262486,0,,,,,859.1458786765223,0.00020679994,307.4860767510412,0.00024050436,0.00096295966,0.015711522
1439.201715953836,18108.1,4.325895,0.0032611908,10163,859.1458636823351,307.4876209768046,17205.04,4.0949554,1750.3347,1.448449,18108.1,4.325895,0,,,,,859.1458636823351,0.00020679165,307.4876209768046,0.00024024605,0.0002909972,0.01752331
1439.2225493955139,18107.98,4.3266306,0.0032613077,10164,859.1449465995597,307.4855603680387,17206.143,4.0956516,1749.9744,1.4492817,18107.98,4.3266306,0,,,,,859.1449465995597,0.00020687288,307.4855603680387,0.00024032407,0.00010727,0.015506705
1439.2433828360267,18104.168,4.326925,0.0032614234,10165,859.145520665677,307.48725908297615,17202.174,4.0959306,1751.3702,1.4493356,18104.168,4.326925,0,,,,,859.145520665677,0.00020695527,307.48725908297615,0.00024041909,0.0005629367,0.017059559
1439.2642162760735,18108.693,4.325304,0.0032615387,10166,859.1449142972291,307.4860108269901,17205.744,4.094396,1750.8207,1.4476057,18108.693,4.325304,0,,,,,859.1449142972291,0.00020679593,307.4860108269901,0.00024024543,0.00023673486,0.01627487
1439.2850497149568,18115.803,4.325668,0.0032616528,10167,859.1457289977004,307.48751770981784,17211.887,4.0947404,1748.2223,1.4477077,18115.803,4.325668,0,,,,,859.1457289977004,0.00020674392,307.48751770981784,0.00024017453,0.0007989014,0.017099893
1439.3058831531416,18108.523,4.328842,0.0032617662,10168,859.1454519409119,307.48626890901517,17202.502,4.0977454,1750.1072,1.4511168,18108.523,4.328842,0,,,,,859.1454519409119,0.00020700404,307.48626890901517,0.00024082097,0.0001739766,0.015823938
1439.3267165906277,18107.55,4.325482,0.0032618789,10169,859.1459576458633,307.48806434494816,17202.035,4.094565,1752.9626,1.4475566,18107.55,4.325482,0,,,,,859.1459576458633,0.00020686239,307.48806434494816,0.0002404111,0.0010950458,0.017646687
1439.3475500271827,18101.582,4.324922,0.0032619906,10170,859.1459030895426,307.48717802824734,17199.092,4.0940347,1750.7443,1.4467944,18101.582,4.324922,0,,,,,859.1459030895426,0.0002068715,307.48717802824734,0.00024036484,0.00084169925,0.016639052
1439.3683834628064,18102.059,4.325267,0.0032621014,10171,859.1464888493598,307.48758960197466,17197.684,4.094361,1750.2957,1.4486915,18102.059,4.325267,0,,,,,859.1464888493598,0.00020688507,307.48758960197466,0.00024047005,0.0014092466,0.017746607
1439.389216897732,18110.207,4.32526,0.0032622116,10172,859.1451805557425,307.48704175159435,17207.748,4.0943546,1749.8883,1.4465108,18110.207,4.32526,0,,,,,859.1451805557425,0.00020675569,307.48704175159435,0.00024024304,0.00068298215,0.016860189
1439.4100503317259,18101.285,4.3252554,0.0032623208,10173,859.1461010280311,307.48662683598695,17198.166,4.0943503,1751.1768,1.4487507,18101.285,4.3252554,0,,,,,859.1461010280311,0.0002068492,307.48662683598695,0.00024028546,0.0011311055,0.016486833
1439.4308837647877,18100.62,4.324248,0.003262429,10174,859.1462557690786,307.48693183789464,17196.775,4.093396,1748.0881,1.4478767,18100.62,4.324248,0,,,,,859.1462557690786,0.00020688251,307.48693183789464,0.00024041254,0.0011806523,0.016823387
1439.4517171971515,18106.586,4.3249326,0.0032625366,10175,859.1460166262029,307.48780978584523,17204.244,4.0940447,1748.8942,1.4461794,18106.586,4.3249326,0,,,,,859.1460166262029,0.0002068365,307.48780978584523,0.00024024954,0.0009785874,0.017795648
1439.472550628817,18116.107,4.3256783,0.0032626435,10176,859.1474039474695,307.4868716983757,17214.01,4.094751,1748.6692,1.4462167,18116.107,4.3256783,0,,,,,859.1474039474695,0.0002067397,307.4868716983757,0.00024013579,0.0023505236,0.016420353
1439.4933840593176,18108.055,4.325917,0.0032627492,10177,859.1461300919943,307.48805456785027,17205.29,4.0949764,1748.6199,1.4481027,18108.055,4.325917,0,,,,,859.1461300919943,0.0002069326,307.48805456785027,0.0002403329,0.0011854016,0.017758427
1439.5142174891205,18102.092,4.324582,0.0032628542,10178,859.1454178353135,307.48572874046806,17201.3,4.093713,1749.1925,1.4466039,18102.092,4.324582,0,,,,,859.1454178353135,0.00020685449,307.48572874046806,0.00024028802,0.0008902267,0.01516015
1439.5350509182256,18110.008,4.325019,0.0032629585,10179,859.1462446123073,307.48814805074096,17207.92,4.094126,1748.3757,1.4468437,18110.008,4.325019,0,,,,,859.1462446123073,0.00020677505,307.48814805074096,0.0002401889,0.0014362335,0.017953215
1439.5558843463991,18110.361,4.3255744,0.0032630619,10180,859.1455987781351,307.4875264908308,17209.236,4.094652,1747.6455,1.4477456,18110.361,4.3255744,0,,,,,859.1455987781351,0.00020680542,307.4875264908308,0.000240123,0.00076826866,0.01699877
1439.5767177738737,18101.736,4.3248386,0.0032631645,10181,859.1462946406225,307.4868214678666,17199.66,4.0939555,1747.9369,1.4479799,18101.736,4.3248386,0,,,,,859.1462946406225,0.00020686834,307.4868214678666,0.00024031704,0.0014589472,0.01661644
1439.5975512001835,18099.625,4.324914,0.003263266,10182,859.1465281733159,307.4873789048228,17199.393,4.0940275,1750.1478,1.447138,18099.625,4.324914,0,,,,,859.1465281733159,0.00020684065,307.4873789048228,0.00024030644,0.0015115216,0.017116103
1439.6183846260283,18108.02,4.325179,0.003263367,10183,859.1463368966895,307.487538360806,17207.42,4.094278,1745.3928,1.4467106,18108.02,4.325179,0,,,,,859.1463368966895,0.00020673628,307.487538360806,0.00024025649,0.0011195013,0.017177911
1439.6392180507087,18105.6,4.326741,0.003263467,10184,859.1461607627065,307.4875691354897,17204.977,4.0957565,1748.4652,1.449793,18105.6,4.326741,0,,,,,859.1461607627065,0.00020697135,307.4875691354897,0.00024027677,0.0016208261,0.017712986
1439.6600514749236,18095.932,4.3241134,0.0032635664,10185,859.14685866664,307.4877720895753,17194.785,4.0932693,1748.7263,1.4475526,18095.932,4.3241134,0,,,,,859.14685866664,0.00020691247,307.4877720895753,0.00024031471,0.0020808424,0.017335624
1439.6808848979745,18098.787,4.324552,0.0032636647,10186,859.1469134089771,307.48812595957736,17197.742,4.0936847,1749.5028,1.4471337,18098.787,4.324552,0,,,,,859.1469134089771,0.00020684976,307.48812595957736,0.00024027571,0.0018638204,0.018020717
1439.7017183203266,18105.674,4.325939,0.0032637622,10187,859.1465887832245,307.4873611685105,17205.697,4.0949974,1748.4922,1.4478685,18105.674,4.325939,0,,,,,859.1465887832245,0.00020685232,307.4873611685105,0.00024028328,0.0021539798,0.017119972
1439.722551741981,18112.96,4.3251553,0.003263859,10188,859.1467003148891,307.4875580549245,17212.73,4.0942554,1748.7782,1.4462786,18112.96,4.3251553,0,,,,,859.1467003148891,0.00020677675,307.4875580549245,0.00024017968,0.0022725528,0.017253153
1439.7433851627034,18106.143,4.324437,0.003263955,10189,859.1470087147954,307.4883594189291,17206.03,4.0935755,1747.3318,1.4458612,18106.143,4.324437,0,,,,,859.1470087147954,0.00020681368,307.4883594189291,0.00024017031,0.0022075574,0.018477134
1439.7642185824939,18105.416,4.324187,0.00326405,10190,859.1462485118627,307.4867163394827,17205.771,4.0933385,1746.7709,1.4451666,18105.416,4.324187,0,,,,,859.1462485118627,0.0002067493,307.4867163394827,0.00024024957,0.0015406961,0.016158585
1439.7850520015866,18111.092,4.325067,0.0032641443,10191,859.1466575044167,307.48711725094586,17210.99,4.094172,1747.8042,1.4462807,18111.092,4.325067,0,,,,,859.1466575044167,0.0002067391,307.48711725094586,0.0002401283,0.0015805619,0.017017383
1439.8058854199808,18104.271,4.324829,0.003264238,10192,859.146278998043,307.4882623949143,17205.053,4.093947,1747.2731,1.4465911,18104.271,4.324829,0,,,,,859.146278998043,0.00020682726,307.4882623949143,0.00024020183,0.0016237164,0.018232739
1439.8267188372106,18108.453,4.324112,0.0032643303,10193,859.146650560725,307.48771766041136,17208.646,4.093268,1747.2297,1.4454377,18108.453,4.324112,0,,,,,859.146650560725,0.0002067591,307.48771766041136,0.00024012655,0.0017481789,0.017687175
1439.847552253975,18101.107,4.323875,0.0032644223,10194,859.1464436451199,307.488090368654,17201.705,4.093044,1748.5822,1.4460377,18101.107,4.323875,0,,,,,859.1464436451199,0.00020679698,307.488090368654,0.00024021186,0.0018898861,0.017913735
1439.868385669808,18100.6,4.3238764,0.0032645133,10195,859.1469035305769,307.4880266059841,17201.879,4.0930448,1746.5182,1.4462711,18100.6,4.3238764,0,,,,,859.1469035305769,0.000206827,307.4880266059841,0.00024013709,0.0021478275,0.018000577
1439.8892190847102,18104.291,4.3247485,0.0032646034,10196,859.1470246399635,307.4878040465945,17204.863,4.0938706,1748.4977,1.4460151,18104.291,4.3247485,0,,,,,859.1470246399635,0.00020682278,307.4878040465945,0.00024023307,0.0021605752,0.018076494
1439.9100524989135,18105.715,4.325224,0.0032646928,10197,859.1465000034548,307.4881710208619,17204.94,4.0943203,1746.277,1.4488809,18105.715,4.325224,0,,,,,859.1465000034548,0.00020684452,307.4881710208619,0.00024023984,0.002150969,0.018336363
1439.9308859121852,18105.818,4.324749,0.0032647813,10198,859.1478561776207,307.4880225615954,17206.85,4.093871,1747.2289,1.4464039,18105.818,4.324749,0,,,,,859.1478561776207,0.00020679453,307.4880225615954,0.00024025222,0.0033983598,0.017992804
1439.9517193247586,18107.5,4.3244586,0.003264869,10199,859.1466265037064,307.487923712972,17208.594,4.093596,1745.3112,1.4454199,18107.5,4.3244586,0,,,,,859.1466265037064,0.00020677355,307.487923712972,0.00024011466,0.0020228757,0.017647456
1439.9725527364,18101.447,4.3266783,0.003264956,10200,859.1467078693362,307.48823581107666,17201.676,4.095697,1747.5981,1.4493657,18101.447,4.3266783,0,,,,,859.1467078693362,0.00020705578,307.48823581107666,0.00024036792,0.0020498834,0.017991874
1439.9933861473437,18101.793,4.3243604,0.003265042,10201,859.1466405313499,307.4880977011594,17202.852,4.093503,1748.2104,1.4466784,18101.793,4.3243604,0,,,,,859.1466405313499,0.00020680291,307.4880977011594,0.00024020599,0.0019354589,0.017668914
1440.0142195575886,18094.23,4.325117,0.0032651275,10202,859.1467478164976,307.48799084471875,17195.207,4.094219,1748.7463,1.4484612,18094.23,4.325117,0,,,,,859.1467478164976,0.00020709126,307.48799084471875,0.00024028875,0.0016951823,0.017783435
1440.035052966903,18112.543,4.3246794,0.003265212,10203,859.1473039093893,307.4882731752594,17212.96,4.093805,1747.269,1.4455014,18112.543,4.3246794,0,,,,,859.1473039093893,0.00020669593,307.4882731752594,0.00024014067,0.0026574961,0.018465191
1440.0558863752863,18104.193,4.3258595,0.0032652956,10204,859.1469083075949,307.48919687473904,17204.793,4.094922,1748.1005,1.4461765,18104.193,4.3258595,0,,,,,859.1469083075949,0.00020686153,307.48919687473904,0.00024036669,0.0023810104,0.019377239
1440.0767197829693,18106.994,4.3245783,0.0032653785,10205,859.1466872733112,307.4878986736444,17207.646,4.0937095,1747.0199,1.4460903,18106.994,4.3245783,0,,,,,859.1466872733112,0.00020680111,307.4878986736444,0.00024017112,0.002260331,0.017814996
1440.0975531899549,18102.742,4.325234,0.0032654607,10206,859.1471889298831,307.4899516036889,17202.762,4.09433,1744.3726,1.4458374,18102.742,4.325234,0,,,,,859.1471889298831,0.00020688954,307.4899516036889,0.00024038898,0.0026180835,0.01977034
1440.1183865960088,18101.191,4.325354,0.003265542,10207,859.1473827335371,307.489000996142,17202.572,4.0944433,1747.6927,1.4472181,18101.191,4.325354,0,,,,,859.1473827335371,0.00020686346,307.489000996142,0.00024035107,0.0032425197,0.018668115
1440.1392200013645,18103.361,4.324084,0.0032656225,10208,859.1466721995255,307.4881440469741,17204.191,4.0932407,1745.819,1.4458131,18103.361,4.324084,0,,,,,859.1466721995255,0.00020683682,307.4881440469741,0.00024020467,0.00213379,0.018018497
1440.1600534057889,18104.486,4.323934,0.0032657022,10209,859.1469921856652,307.4893164205966,17205.053,4.0930996,1746.7449,1.4457935,18104.486,4.323934,0,,,,,859.1469921856652,0.00020675635,307.4893164205966,0.0002401538,0.0026528796,0.019016124
1440.1808868095145,18097.322,4.324198,0.003265781,10210,859.1468990076369,307.48870878348396,17198.877,4.0933495,1749.124,1.4466105,18097.322,4.324198,0,,,,,859.1468990076369,0.00020685664,307.48870878348396,0.0002403018,0.0023411028,0.018499443
1440.2017202123097,18103.738,4.324691,0.003265859,10211,859.1467091810013,307.4883237717917,17205.07,4.093816,1747.2863,1.4463332,18103.738,4.324691,0,,,,,859.1467091810013,0.00020679645,307.4883237717917,0.00024021885,0.0019679172,0.018192157
1440.2225536144058,18103.775,4.324654,0.0032659364,10212,859.1464066425609,307.4891630821842,17205.707,4.093781,1745.397,1.4468586,18103.775,4.324654,0,,,,,859.1464066425609,0.00020687187,307.4891630821842,0.0002401815,0.0020058,0.018908368
1440.2433870158034,18102.273,4.3248925,0.003266013,10213,859.1464510620436,307.48849568796805,17204.27,4.0940065,1746.3243,1.4473782,18102.273,4.3248925,0,,,,,859.1464510620436,0.00020685737,307.48849568796805,0.00024013479,0.0023303323,0.018511405
1440.2642204162694,18111.387,4.3254824,0.0032660887,10214,859.1469335899477,307.489621338042,17212.572,4.094565,1744.4209,1.4461896,18111.387,4.3254824,0,,,,,859.1469335899477,0.00020681274,307.489621338042,0.00024017313,0.0025800706,0.01964557
1440.2850538160371,18104.295,4.323669,0.0032661636,10215,859.1468345486007,307.48909824137263,17206.043,4.0928483,1744.7667,1.4451474,18104.295,4.323669,0,,,,,859.1468345486007,0.00020682099,307.48909824137263,0.00024011068,0.0030494782,0.018845394
1440.3058872151064,18105.41,4.323687,0.003266238,10216,859.1468913243632,307.4888699887486,17206.648,4.0928655,1742.8958,1.4451087,18105.41,4.323687,0,,,,,859.1468913243632,0.00020678226,307.4888699887486,0.00024010391,0.0020963459,0.019011863
1440.326720613244,18108.021,4.323705,0.0032663113,10217,859.146905467983,307.4896224436717,17209.48,4.0928826,1742.3562,1.4450843,18108.021,4.323705,0,,,,,859.146905467983,0.00020674487,307.4896224436717,0.00024007609,0.0028486317,0.019488236
1440.3475540104507,18104.764,4.324016,0.0032663837,10218,859.1467167532859,307.4890857467007,17207.014,4.0931773,1745.1084,1.4454516,18104.764,4.324016,0,,,,,859.1467167532859,0.0002068016,307.4890857467007,0.00024008562,0.002215056,0.019500367
1440.3683874071917,18110.018,4.325522,0.0032664556,10219,859.1468633750509,307.48969678318474,17211.182,4.0946026,1744.9619,1.4463568,18110.018,4.325522,0,,,,,859.1468633750509,0.0002067679,307.48969678318474,0.00024016736,0.0024333948,0.01950096
1440.3892208030018,18108.441,4.323818,0.0032665266,10220,859.1481938422388,307.4897173501313,17210.148,4.09299,1743.5052,1.4445375,18108.441,4.323818,0,,,,,859.1481938422388,0.00020672879,307.4897173501313,0.00024007176,0.0035981985,0.019838039
1440.41005419788,18098.857,4.3240337,0.0032665967,10221,859.1472791073004,307.48953840514963,17201.377,4.093194,1744.5859,1.4461771,18098.857,4.3240337,0,,,,,859.1472791073004,0.00020686665,307.48953840514963,0.0002402165,0.003087262,0.019389337
1440.4308875922925,18105.432,4.3245463,0.0032666663,10222,859.146665291123,307.48977051581153,17207.174,4.093679,1744.8392,1.4451616,18105.432,4.3245463,0,,,,,859.146665291123,0.00020676854,307.48977051581153,0.00024019463,0.0023022234,0.019597858
1440.4517209857738,18103.924,4.323645,0.003266735,10223,859.146742522422,307.48946393991713,17205.832,4.092826,1743.2777,1.4450215,18103.924,4.323645,0,,,,,859.146742522422,0.0002068315,307.48946393991713,0.00024016222,0.0022259029,0.019349702
1440.4725543783238,18099.465,4.3240604,0.0032668028,10224,859.1467096389337,307.4895538892049,17201.287,4.093219,1744.8591,1.4458945,18099.465,4.3240604,0,,,,,859.1467096389337,0.00020692359,307.4895538892049,0.00024022518,0.0024938416,0.01951588
1440.493387770408,18099.686,4.3232384,0.00326687,10225,859.1467940951642,307.4899526355227,17200.762,4.0924406,1742.0681,1.4460814,18099.686,4.3232384,0,,,,,859.1467940951642,0.0002067912,307.4899526355227,0.00024010819,0.0022579774,0.02012254
1440.5142211613274,18101.791,4.3235874,0.0032669362,10226,859.1474011503313,307.48976161115473,17204.137,4.0927715,1742.4646,1.4444617,18101.791,4.3235874,0,,,,,859.1474011503313,0.00020688622,307.48976161115473,0.00024019698,0.0028227544,0.019730568
1440.5350545517827,18104.873,4.3239346,0.0032670018,10227,859.1472171548454,307.4900227855073,17206.275,4.0931,1744.7471,1.4456146,18104.873,4.3239346,0,,,,,859.1472171548454,0.0002067615,307.4900227855073,0.00024014505,0.0024669531,0.020275712
1440.5558879413065,18098.951,4.3235807,0.0032670666,10228,859.1473325824262,307.4903337972392,17201.18,4.0927653,1743.237,1.4455707,18098.951,4.3235807,0,,,,,859.1473325824262,0.00020684078,307.4903337972392,0.00024011104,0.003045312,0.020361723
1440.576721330131,18098.822,4.323596,0.0032671306,10229,859.1468329356742,307.48995415601144,17200.607,4.0927796,1743.3073,1.4454639,18098.822,4.323596,0,,,,,859.1468329356742,0.00020682519,307.48995415601144,0.00024022518,0.002874751,0.019949006
1440.5975547182572,18108.344,4.3230915,0.003267194,10230,859.1473283824465,307.4901387913433,17209.85,4.092302,1739.7023,1.4435105,18108.344,4.3230915,0,,,,,859.1473283824465,0.00020668822,307.4901387913433,0.00024007185,0.0026123885,0.019893704
1440.6183881054521,18107.566,4.3233967,0.0032672563,10231,859.1468560914924,307.49082640277584,17208.178,4.092591,1741.9276,1.4440081,18107.566,4.3233967,0,,,,,859.1468560914924,0.0002067494,307.49082640277584,0.00024013405,0.0023794,0.020937838
1440.6392214919483,18100.182,4.3236194,0.003267318,10232,859.1472709996915,307.4895257759429,17202.264,4.0928016,1743.0703,1.4451637,18100.182,4.3236194,0,,,,,859.1472709996915,0.00020674262,307.4895257759429,0.00024018077,0.0023953177,0.020111313
1440.6600548777462,18100.545,4.323534,0.003267379,10233,859.1469228195211,307.49020911394734,17202.066,4.092721,1742.674,1.4455825,18100.545,4.323534,0,,,,,859.1469228195211,0.00020687218,307.49020911394734,0.00024018419,0.0025592975,0.02069898
1440.6808882628457,18101.871,4.3228993,0.0032674393,10234,859.1473591185314,307.49045763231356,17203.445,4.09212,1741.3403,1.4440012,18101.871,4.3228993,0,,,,,859.1473591185314,0.00020680788,307.49045763231356,0.0002401501,0.0029653322,0.020474449
1440.7017216470135,18094.393,4.323204,0.0032674987,10235,859.14667869091,307.49056571908596,17196.262,4.092408,1742.937,1.4450328,18094.393,4.323204,0,,,,,859.14667869091,0.00020685037,307.49056571908596,0.00024032492,0.0022574896,0.02077829
1440.7225550304838,18102.393,4.3233533,0.0032675574,10236,859.148298378017,307.49120282563797,17204.027,4.09255,1741.5757,1.4441276,18102.393,4.3233533,0,,,,,859.148298378017,0.00020680885,307.49120282563797,0.00024021417,0.0035468428,0.021060476
1440.7433884130219,18105.875,4.32365,0.003267615,10237,859.1464424460231,307.49097101614444,17207.617,4.0928307,1741.6388,1.4452759,18105.875,4.32365,0,,,,,859.1464424460231,0.00020678449,307.49097101614444,0.00024004988,0.002255884,0.021155534
1440.7642217950945,18105.715,4.3233776,0.0032676724,10238,859.1469744199524,307.49122284270703,17207.096,4.0925727,1741.9287,1.4445323,18105.715,4.3233776,0,,,,,859.1469744199524,0.00020678133,307.49122284270703,0.00024011158,0.0024204317,0.020930383
1440.7850551762358,18107.646,4.3233695,0.0032677287,10239,859.1470618474445,307.49041794459373,17208.666,4.092565,1739.8341,1.4447387,18107.646,4.3233695,0,,,,,859.1470618474445,0.00020674951,307.49041794459373,0.00024005678,0.0024970656,0.020420618
1440.8058885566784,18106.463,4.323279,0.0032677844,10240,859.1472367142126,307.49173557185054,17207.252,4.0924797,1740.5773,1.4444084,18106.463,4.323279,0,,,,,859.1472367142126,0.00020675262,307.49173557185054,0.00024011912,0.0027184281,0.0215238
1440.8267219364227,18100.152,4.3236146,0.0032678393,10241,859.1470245818114,307.49185266487865,17201.113,4.092797,1741.845,1.44644,18100.152,4.3236146,0,,,,,859.1470245818114,0.0002068191,307.49185266487865,0.00024014627,0.0024600497,0.021698885
1440.8475553152357,18108.566,4.3258157,0.0032678933,10242,859.1467594597849,307.49131428881066,17209.998,4.0948806,1742.4445,1.447091,18108.566,4.3258157,0,,,,,859.1467594597849,0.00020680416,307.49131428881066,0.00024019326,0.0025422457,0.021403955
1440.86838869335,18097.715,4.322535,0.0032679467,10243,859.147929423977,307.49173304686695,17199.762,4.0917754,1740.68,1.44485,18097.715,4.322535,0,,,,,859.147929423977,0.00020682783,307.49173304686695,0.00024011957,0.003965294,0.021393178
1440.8892220707667,18108.857,4.32448,0.0032679993,10244,859.1466887258814,307.4914372151566,17209.771,4.0936165,1740.6644,1.4441714,18108.857,4.32448,0,,,,,859.1466887258814,0.00020679415,307.4914372151566,0.00024022031,0.002616983,0.021220742
1440.9100554474849,18106.77,4.323939,0.0032680512,10245,859.1467555353972,307.49187133282487,17207.85,4.0931044,1740.6068,1.4451596,18106.77,4.323939,0,,,,,859.1467555353972,0.00020680921,307.49187133282487,0.00024007501,0.0023816454,0.021869594
1440.9308888232708,18099.234,4.3234115,0.0032681022,10246,859.1465821424993,307.49113789981925,17200.648,4.0926046,1741.3744,1.4455625,18099.234,4.3234115,0,,,,,859.1465821424993,0.00020686525,307.49113789981925,0.00024025196,0.002081892,0.020926584
1440.9517221985914,18104.111,4.3239675,0.0032681527,10247,859.147181391033,307.4919359225628,17204.574,4.093131,1740.6354,1.4458973,18104.111,4.3239675,0,,,,,859.147181391033,0.00020697463,307.4919359225628,0.00024009279,0.002775726,0.021927359
1440.97255557298,18109.293,4.3244205,0.0032682023,10248,859.1466862663882,307.4920670670628,17209.799,4.0935597,1742.0265,1.4449582,18109.293,4.3244205,0,,,,,859.1466862663882,0.00020674619,307.4920670670628,0.00024023314,0.0026012491,0.021912068
1440.9933889464378,18097.48,4.3229966,0.003268251,10249,859.1474156081722,307.49174214940547,17198.787,4.092212,1743.6437,1.4447124,18097.48,4.3229966,0,,,,,859.1474156081722,0.00020683506,307.49174214940547,0.00024017725,0.0031505853,0.022285324
1441.0142223194298,18100.342,4.3234687,0.0032682992,10250,859.1468776985213,307.49130218421135,17201.295,4.092659,1743.5553,1.4455428,18100.342,4.3234687,0,,,,,859.1468776985213,0.00020686863,307.49130218421135,0.00024013779,0.002541758,0.021315085
1441.0558890630864,18106.896,4.322869,0.0032683932,10252,859.1475076029897,307.4941674130186,17200.812,4.0920916,1742.7816,1.4441115,18106.896,4.322869,0,,,,,859.1475076029897,0.0002068848,307.4941674130186,0.00024042609,0.0035377939,0.023932321
1441.076722433751,18100.77,4.3225493,0.003268439,10253,859.1469338939911,307.4938654862598,17195.252,4.091789,1739.9956,1.444803,18100.77,4.3225493,0,,,,,859.1469338939911,0.00020692298,307.4938654862598,0.00024048606,0.0026566233,0.02366294
1441.1392225413188,18107.82,4.324975,0.0032685723,10256,859.1471658555604,307.49205395675443,17199.63,4.0940843,1743.2603,1.446072,18107.82,4.324975,0,,,,,859.1471658555604,0.00020701755,307.49205395675443,0.00024077659,0.0030722574,0.021726742
1441.1808892758945,18103.318,4.322889,0.0032686573,10258,859.1473582639154,307.4942924012323,17198.283,4.09211,1741.6733,1.4457676,18103.318,4.322889,0,,,,,859.1473582639154,0.00020679971,307.4942924012323,0.00024040305,0.0033594745,0.024342394
1441.2017226421344,18106.059,4.323611,0.0032686987,10259,859.1468024416997,307.49351963990074,17199.246,4.0927935,1742.6057,1.4450551,18106.059,4.323611,0,,,,,859.1468024416997,0.00020694548,307.49351963990074,0.00024059443,0.0024692526,0.022939805
1441.2225560076768,18107.133,4.3238907,0.0032687394,10260,859.1470027011228,307.4936170236936,17204.717,4.093058,1741.5013,1.4462095,18107.133,4.3238907,0,,,,,859.1470027011228,0.00020684,307.4936170236936,0.00024021331,0.0028132494,0.023806605
1441.2433893725206,18107.855,4.325073,0.0032687795,10261,859.1476695761547,307.4927693413958,17205.588,4.0941772,1741.3463,1.4458461,18107.855,4.325073,0,,,,,859.1476695761547,0.000206976,307.4927693413958,0.00024035512,0.0034843117,0.022213241
1441.2850560998784,18105.97,4.3231735,0.0032688573,10263,859.1475137096951,307.4929330374998,17199.518,4.0923796,1742.2717,1.4450755,18105.97,4.3231735,0,,,,,859.1475137096951,0.00020686624,307.4929330374998,0.00024049464,0.0029188644,0.02268009
1441.3058894623932,18103.45,4.3228593,0.003268895,10264,859.1477127555258,307.4944894606827,17195.963,4.092082,1742.0277,1.4444059,18103.45,4.3228593,0,,,,,859.1477127555258,0.00020685885,307.4944894606827,0.00024059006,0.003281741,0.024440179
1441.3267228242094,18098.688,4.321809,0.003268932,10265,859.1468011257273,307.4925392623319,17191.516,4.091088,1742.0719,1.4451019,18098.688,4.321809,0,,,,,859.1468011257273,0.00020679049,307.4925392623319,0.00024060027,0.0021875952,0.021386033
1441.3475561853272,18100.336,4.323237,0.0032689683,10266,859.1469401963283,307.4932621361222,17198.652,4.0924397,1744.4741,1.4456271,18100.336,4.323237,0,,,,,859.1469401963283,0.00020690344,307.4932621361222,0.00024027452,0.0026257723,0.023547765
1441.3683895457466,18104.166,4.3235,0.003269004,10267,859.1473212095179,307.49432836712106,17197.455,4.0926886,1743.3362,1.4451666,18104.166,4.3235,0,,,,,859.1473212095179,0.00020692956,307.49432836712106,0.00024051151,0.003177948,0.023837527
1441.3892229052353,18107.477,4.324074,0.0032690386,10268,859.1466956381988,307.4932232746006,17204.346,4.0932317,1741.5352,1.4448974,18107.477,4.324074,0,,,,,859.1466956381988,0.00020691115,307.4932232746006,0.00024028537,0.0025153963,0.02370972
1441.4100562642582,18106.467,4.3236933,0.0032690729,10269,859.1464857699972,307.49258604064835,17201.084,4.0928717,1744.7599,1.4450647,18106.467,4.3236933,0,,,,,859.1464857699972,0.00020688595,307.49258604064835,0.00024047181,0.002339699,0.022423495
1441.4308896223492,18106.031,4.322998,0.0032691061,10270,859.1468429339119,307.4954612510774,17202.178,4.092213,1743.8684,1.4444664,18106.031,4.322998,0,,,,,859.1468429339119,0.00020682876,307.4954612510774,0.00024027372,0.0028660933,0.025441587
1441.4517229799744,18103.182,4.3230577,0.003269139,10271,859.1467210333043,307.49215073787883,17192.492,4.09227,1743.3093,1.4449512,18103.182,4.3230577,0,,,,,859.1467210333043,0.00020696406,307.49215073787883,0.00024075618,0.0019122371,0.021310957
1441.4725563366685,18109.186,4.32302,0.0032691709,10272,859.1474653335475,307.4954838811577,17200.27,4.092234,1743.3167,1.4439981,18109.186,4.32302,0,,,,,859.1474653335475,0.0002067967,307.4954838811577,0.00024060594,0.0033576514,0.025686331
1441.493389692664,18099.428,4.322161,0.003269202,10273,859.1468478983554,307.4926000006639,17192.395,4.0914216,1741.84,1.444837,18099.428,4.322161,0,,,,,859.1468478983554,0.00020689618,307.4926000006639,0.0002405381,0.0025012516,0.022044882
1441.514223047961,18107.51,4.324918,0.0032692326,10274,859.1469262786991,307.49494333564564,17198.688,4.0940304,1744.2803,1.4477832,18107.51,4.324918,0,,,,,859.1469262786991,0.00020705299,307.49494333564564,0.0002405954,0.0025321862,0.024623647
1441.5350564025596,18107.46,4.3235364,0.0032692624,10275,859.1467647040965,307.49401664842736,17204.266,4.0927234,1742.1161,1.4445832,18107.46,4.3235364,0,,,,,859.1467647040965,0.00020676391,307.49401664842736,0.00024026085,0.0020848382,0.0236644
1441.5558897564604,18105.22,4.3235016,0.0032692915,10276,859.1459132573448,307.4958155953172,17201.498,4.09269,1742.4092,1.4456867,18105.22,4.3235016,0,,,,,859.1459132573448,0.00020681455,307.4958155953172,0.00024026056,0.0020876338,0.025947887
1441.5767231096625,18105.371,4.322553,0.00326932,10277,859.1465355073643,307.4946687795973,17197.768,4.0917926,1741.0194,1.4456773,18105.371,4.322553,0,,,,,859.1465355073643,0.00020681295,307.4946687795973,0.00024043451,0.0022692026,0.024253896
1441.5975564619328,18109.482,4.3234625,0.0032693474,10278,859.1474141349225,307.4946752779966,17204.607,4.0926533,1742.9275,1.4454855,18109.482,4.3234625,0,,,,,859.1474141349225,0.00020677777,307.4946752779966,0.00024034148,0.0032158808,0.02504577
1441.6183898137374,18104.848,4.3228683,0.0032693744,10279,859.1467817021615,307.4935360514869,17198.643,4.0920906,1742.6908,1.4452364,18104.848,4.3228683,0,,,,,859.1467817021615,0.00020685531,307.4935360514869,0.00024034217,0.0024088076,0.023588575
1441.6392231646105,18111.377,4.3249154,0.0032694004,10280,859.1466112651108,307.49640326646596,17206.29,4.0940285,1744.2205,1.4453899,18111.377,4.3249154,0,,,,,859.1466112651108,0.00020689226,307.49640326646596,0.00024041737,0.0026657816,0.026231915
1441.6600565150181,18100.107,4.322053,0.003269426,10281,859.1466758524202,307.4933954631699,17195.633,4.0913186,1744.05,1.4442984,18100.107,4.322053,0,,,,,859.1466758524202,0.00020684808,307.4933954631699,0.0002402885,0.0022896775,0.023269288
1441.6808898644945,18110.271,4.3245463,0.0032694507,10282,859.1468664885748,307.4972840097654,17206.602,4.093679,1744.5283,1.4459212,18110.271,4.3245463,0,,,,,859.1468664885748,0.00020683368,307.4972840097654,0.00024025919,0.0026040121,0.027460752
1441.701723213272,18106.184,4.3226953,0.0032694747,10283,859.1469113963062,307.49482569231435,17200.373,4.0919266,1741.9923,1.4447775,18106.184,4.3226953,0,,,,,859.1469113963062,0.00020688726,307.49482569231435,0.00024037744,0.0029790502,0.024332812
1441.7225565613521,18106.193,4.323611,0.003269498,10284,859.1465440245512,307.4944524351616,17202.777,4.0927935,1743.7411,1.445881,18106.193,4.323611,0,,,,,859.1465440245512,0.00020678887,307.4944524351616,0.00024025244,0.0019787839,0.024386419
1441.7433899087337,18103.273,4.3224187,0.0032695206,10285,859.1464988359762,307.49370707306014,17198.389,4.091665,1740.5177,1.4449273,18103.273,4.3224187,0,,,,,859.1464988359762,0.00020685459,307.49370707306014,0.00024029546,0.001973801,0.023509497
1441.7642232554158,18108.902,4.324167,0.0032695425,10286,859.1466789361153,307.4970856493521,17206.084,4.09332,1742.9989,1.4458985,18108.902,4.324167,0,,,,,859.1466789361153,0.00020687991,307.4970856493521,0.00024017089,0.0030454635,0.027237212
1441.7850566013997,18106.457,4.325114,0.0032695637,10287,859.1461977407732,307.4939018326793,17204.152,4.0942163,1741.0765,1.446071,18106.457,4.325114,0,,,,,859.1461977407732,0.00020694859,307.4939018326793,0.00024031695,0.0017478977,0.024080867
1441.805889946685,18108.852,4.3235335,0.0032695842,10288,859.1465876533083,307.4977836957182,17204.338,4.0927205,1740.9138,1.4454446,18108.852,4.3235335,0,,,,,859.1465876533083,0.00020677276,307.4977836957182,0.00024028152,0.002400477,0.028314302
1441.8267232912717,18109.516,4.3238206,0.003269604,10289,859.1474422412706,307.4956669712613,17205.188,4.092992,1741.2573,1.4447328,18109.516,4.3238206,0,,,,,859.1474422412706,0.00020684047,307.4956669712613,0.00024028588,0.003253425,0.026298948
1441.8475566351601,18102.42,4.324924,0.003269623,10290,859.1462694450403,307.4949955283883,17200.637,4.094036,1743.6475,1.4479587,18102.42,4.324924,0,,,,,859.1462694450403,0.00020703538,307.4949955283883,0.00024025934,0.0022993404,0.0250332
1441.86838997835,18100.303,4.323812,0.0032696414,10291,859.1463360223682,307.49602618071015,17197.863,4.092984,1745.3623,1.4470856,18100.303,4.323812,0,,,,,859.1463360223682,0.00020685009,307.49602618071015,0.00024024976,0.001913315,0.0261858
1441.8892233206093,18098.15,4.322794,0.003269659,10292,859.1461973696145,307.49635751748133,17193.54,4.09202,1744.3962,1.4452498,18098.15,4.322794,0,,,,,859.1461973696145,0.00020692739,307.49635751748133,0.0002404146,0.0016883273,0.026344554
1441.9100566624027,18102.312,4.3225822,0.003269676,10293,859.1465527303892,307.49585397366417,17198.842,4.09182,1743.6785,1.4441899,18102.312,4.3225822,0,,,,,859.1465527303892,0.00020684814,307.49585397366417,0.0002402462,0.0024262553,0.025950132
1441.930890003497,18099.514,4.3232217,0.0032696922,10294,859.1472213143825,307.4967157596414,17196.9,4.092425,1745.2855,1.4452776,18099.514,4.3232217,0,,,,,859.1472213143825,0.00020687994,307.4967157596414,0.00024021282,0.002767839,0.026737042
1441.9517233436602,18103.24,4.3233113,0.0032697076,10295,859.146177592786,307.49620019498366,17200.416,4.0925097,1743.3789,1.4450217,18103.24,4.3233113,0,,,,,859.146177592786,0.00020687233,307.49620019498366,0.00024031126,0.0023163012,0.026660085
1441.972556683358,18101.857,4.32281,0.0032697225,10296,859.1464027493245,307.4967807575223,17198.713,4.092036,1741.1497,1.4441217,18101.857,4.32281,0,,,,,859.1464027493245,0.0002068828,307.4967807575223,0.00024032687,0.0026762697,0.026958397
1441.993390022357,18108.623,4.323954,0.0032697367,10297,859.1454557641157,307.4968680104199,17205.725,4.0931187,1741.952,1.4463488,18108.623,4.323954,0,,,,,859.1454557641157,0.00020683695,307.4968680104199,0.00024011204,0.0014281626,0.027269369
1442.0142233604247,18105.82,4.323591,0.00326975,10298,859.1466883821126,307.49747352690054,17201.373,4.092775,1742.888,1.4458805,18105.82,4.323591,0,,,,,859.1466883821126,0.00020682496,307.49747352690054,0.00024030462,0.002462286,0.027513836
1442.0350566980264,18104.395,4.3236527,0.0032697627,10299,859.1466057901487,307.49635492582985,17200.346,4.0928335,1742.677,1.4450023,18104.395,4.3236527,0,,,,,859.1466057901487,0.00020698075,307.49635492582985,0.00024034057,0.0023728448,0.02663125
1442.0558900346978,18102.979,4.325607,0.0032697746,10300,859.1462956145214,307.49714355973555,17199.936,4.0946827,1743.8038,1.4465685,18102.979,4.325607,0,,,,,859.1462956145214,0.00020698791,307.49714355973555,0.00024047101,0.0021620148,0.027432939
1442.0767233709034,18107.064,4.32324,0.003269786,10301,859.1464190847809,307.4969221307075,17203.771,4.0924425,1743.5852,1.4442236,18107.064,4.32324,0,,,,,859.1464190847809,0.00020685478,307.4969221307075,0.00024023357,0.0020325633,0.027085098
1442.0975567061769,18103.887,4.3232164,0.0032697965,10302,859.1460307348516,307.4969557206299,17201.223,4.09242,1741.8723,1.4455134,18103.887,4.3232164,0,,,,,859.1460307348516,0.00020684904,307.4969557206299,0.00024013322,0.0018433534,0.027433965
1442.1183900409849,18109.086,4.323624,0.0032698065,10303,859.1467284322734,307.4973584055787,17206.363,4.0928063,1742.545,1.4450779,18109.086,4.323624,0,,,,,859.1467284322734,0.00020683643,307.4973584055787,0.00024015967,0.0025034754,0.027755367
1442.1392233748616,18105.803,4.323777,0.0032698156,10304,859.1458702573567,307.4962539702274,17202.201,4.092951,1743.9119,1.445613,18105.803,4.323777,0,,,,,859.1458702573567,0.0002069611,307.4962539702274,0.00024026266,0.0020974365,0.026603237
1442.1600567080395,18109.521,4.3235283,0.003269824,10305,859.146521175621,307.4979828006381,17206.549,4.0927153,1742.1108,1.4448127,18109.521,4.3235283,0,,,,,859.146521175621,0.00020685345,307.4979828006381,0.00024016654,0.0024620902,0.028163405
1442.180890040752,18107.842,4.322845,0.0032698319,10306,859.1464375683365,307.49798192909725,17204.764,4.0920687,1740.7974,1.4438152,18107.842,4.322845,0,,,,,859.1464375683365,0.00020680953,307.49798192909725,0.00024021966,0.0020839684,0.02796494
1442.2017233725333,18102.51,4.32375,0.0032698389,10307,859.1462555241991,307.49771284807304,17199.523,4.092925,1741.9618,1.4454267,18102.51,4.32375,0,,,,,859.1462555241991,0.00020688663,307.49771284807304,0.00024034835,0.0019922073,0.028181907
1442.2225567038495,18102.5,4.323539,0.0032698454,10308,859.145983452686,307.498429794001,17198.178,4.0927253,1743.5232,1.4464238,18102.5,4.323539,0,,,,,859.145983452686,0.00020692409,307.498429794001,0.00024032136,0.0019537862,0.028488932
1442.2433900342348,18103.875,4.323585,0.003269851,10309,859.1460161661809,307.4979447611009,17201.32,4.092769,1743.9487,1.447004,18103.875,4.323585,0,,,,,859.1460161661809,0.00020688883,307.4979447611009,0.00024011983,0.0018709318,0.028302927
1442.2642233641534,18109.795,4.323627,0.003269856,10310,859.1460177528256,307.49760787653753,17206.795,4.092809,1742.5116,1.4444057,18109.795,4.323627,0,,,,,859.1460177528256,0.00020685037,307.49760787653753,0.00024023463,0.0018921861,0.02857266
1442.2850566931406,18103.955,4.322632,0.0032698603,10311,859.1460588148353,307.49767189718875,17200.885,4.091867,1742.9346,1.4443339,18103.955,4.322632,0,,,,,859.1460588148353,0.0002068435,307.49767189718875,0.00024012907,0.0015674048,0.02844797
1442.3058900214291,18112.727,4.3233943,0.0032698638,10312,859.1464101899195,307.4982478100199,17208.424,4.0925884,1739.7228,1.4437002,18112.727,4.3233943,0,,,,,859.1464101899195,0.00020689434,307.4982478100199,0.00024015352,0.002092113,0.02886608
1442.3267233492522,18112.254,4.3240848,0.0032698668,10313,859.1461004235855,307.49945222525537,17209.424,4.0932417,1741.6819,1.4448438,18112.254,4.3240848,0,,,,,859.1461004235855,0.00020675283,307.49945222525537,0.00024015973,0.0020812938,0.030152427
1442.347556676144,18111.2,4.323644,0.003269869,10314,859.1461887696149,307.4986198595676,17208.803,4.092825,1743.9849,1.444808,18111.2,4.323644,0,,,,,859.1461887696149,0.00020671851,307.4986198595676,0.00024005589,0.0017057857,0.029134424
1442.3683900025699,18103.535,4.3233314,0.0032698705,10315,859.1464383682802,307.4984057375132,17201.83,4.0925293,1741.7365,1.4447073,18103.535,4.3233314,0,,,,,859.1464383682802,0.00020695351,307.4984057375132,0.00024023427,0.0024938355,0.028879205
1442.3892233280653,18105.95,4.3238144,0.0032698712,10316,859.146305135697,307.4987478927995,17202.94,4.092986,1743.3271,1.4458526,18105.95,4.3238144,0,,,,,859.146305135697,0.00020690549,307.4987478927995,0.00024024872,0.002162719,0.029194089
1442.4100566530951,18100.215,4.323912,0.0032698715,10317,859.1462199301794,307.4986258930077,17197.945,4.0930786,1745.1843,1.4461713,18100.215,4.323912,0,,,,,859.1462199301794,0.0002069237,307.4986258930077,0.00024032293,0.0020765546,0.029028753
1442.4308899774262,18104.625,4.324319,0.003269871,10318,859.1456309739798,307.4979511000077,17201.086,4.093464,1743.7521,1.4478234,18104.625,4.324319,0,,,,,859.1456309739798,0.00020689865,307.4979511000077,0.00024023264,0.0011110798,0.028449435
1442.4517233008255,18111.191,4.3242307,0.0032698696,10319,859.1460914605377,307.498507057239,17207.47,4.0933805,1743.5684,1.4458233,18111.191,4.3242307,0,,,,,859.1460914605377,0.00020683944,307.498507057239,0.00024016095,0.0018241518,0.02922165
1442.472556623759,18103.85,4.322917,0.0032698677,10320,859.1470086885943,307.4992799609196,17201.275,4.092137,1744.0637,1.4446338,18103.85,4.322917,0,,,,,859.1470086885943,0.00020682515,307.4992799609196,0.00024023198,0.0028423916,0.029778762
1442.493389945994,18105.625,4.323967,0.0032698652,10321,859.1461696344827,307.49878343903544,17202.266,4.0931306,1745.5486,1.4461808,18105.625,4.323967,0,,,,,859.1461696344827,0.00020695331,307.49878343903544,0.00024023492,0.0024350388,0.029133473
1442.514223267298,18109.104,4.3241177,0.0032698617,10322,859.1460217272997,307.49963662759126,17205.48,4.093273,1745.3839,1.4448689,18109.104,4.3241177,0,,,,,859.1460217272997,0.00020685389,307.49963662759126,0.00024023236,0.0019199584,0.030747807
1442.5350565881358,18114.7,4.325928,0.0032698577,10323,859.1460367541142,307.49873874707515,17211.143,4.0949874,1743.4713,1.4475771,18114.7,4.325928,0,,,,,859.1460367541142,0.00020701552,307.49873874707515,0.00024016447,0.0019327624,0.029010732
1442.5558899082762,18109.564,4.324954,0.003269853,10324,859.1454088530874,307.4993356630199,17206.504,4.094065,1746.8943,1.4463996,18109.564,4.324954,0,,,,,859.1454088530874,0.00020692295,307.4993356630199,0.00024020713,0.0013877668,0.02978364
1442.5767232277187,18106.445,4.324645,0.0032698477,10325,859.1464939032177,307.50038767826294,17203.793,4.0937724,1746.7886,1.4468358,18106.445,4.324645,0,,,,,859.1464939032177,0.0002069719,307.50038767826294,0.00024021888,0.0024686195,0.030772045
1442.5975565464614,18102.38,4.324396,0.0032698417,10326,859.1461294786222,307.49937366729415,17199.492,4.0935373,1749.1332,1.4467767,18102.38,4.324396,0,,,,,859.1461294786222,0.00020691004,307.49937366729415,0.00024029276,0.0018366247,0.03028261
1442.6183898642726,18110.854,4.324813,0.0032698347,10327,859.1460940657173,307.50015363361285,17206.76,4.093931,1750.8812,1.4465414,18110.854,4.324813,0,,,,,859.1460940657173,0.00020691931,307.50015363361285,0.00024024713,0.0020298336,0.030476263
1442.6392231816183,18107.158,4.3246837,0.0032698272,10328,859.1459693834322,307.50021767371766,17204.705,4.093809,1747.9495,1.4472957,18107.158,4.3246837,0,,,,,859.1459693834322,0.00020691477,307.50021767371766,0.0002401761,0.0017937765,0.030625595
1442.6600564982655,18105.848,4.325095,0.003269819,10329,859.1468130220957,307.49970157396194,17203.977,4.0941987,1752.134,1.4478029,18105.848,4.325095,0,,,,,859.1468130220957,0.0002069221,307.49970157396194,0.00024021804,0.0024672905,0.030256677
1442.680889814214,18106.596,4.3262854,0.0032698102,10330,859.1458074857991,307.498888103408,17204.613,4.0953255,1752.9628,1.4483944,18106.596,4.3262854,0,,,,,859.1458074857991,0.00020699309,307.498888103408,0.00024036442,0.0019076507,0.029590541
1442.701723129697,18114.178,4.326459,0.003269801,10331,859.1460205202046,307.5005929871258,17211.787,4.0954895,1753.4697,1.4480608,18114.178,4.326459,0,,,,,859.1460205202046,0.00020687537,307.5005929871258,0.0002402559,0.001779383,0.030992536
1442.7225564442501,18109.404,4.325766,0.0032697907,10332,859.1461827018026,307.5000227986555,17207.086,4.0948334,1751.996,1.4480115,18109.404,4.325766,0,,,,,859.1461827018026,0.00020692433,307.5000227986555,0.0002402916,0.00144545,0.030566318
1442.743389758104,18108.568,4.327072,0.0032697797,10333,859.1457178808139,307.49944666832715,17205.256,4.09607,1752.7704,1.4505897,18108.568,4.327072,0,,,,,859.1457178808139,0.00020712843,307.49944666832715,0.00024025845,0.0014978728,0.030321771
1442.7642230712586,18101.57,4.3280463,0.003269768,10334,859.1458965065534,307.4996336611797,17199.545,4.096992,1753.6516,1.4518698,18101.57,4.3280463,0,,,,,859.1458965065534,0.00020709791,307.4996336611797,0.00024055257,0.0020254843,0.030623462
1442.7850563839477,18112.611,4.3270845,0.003269756,10335,859.1462102486869,307.49958709523844,17210.428,4.096082,1750.2535,1.4487977,18112.611,4.3270845,0,,,,,859.1462102486869,0.00020692166,307.49958709523844,0.0002403098,0.002167011,0.030600674
1442.8058896957054,18112.588,4.3249726,0.003269743,10336,859.1451837747087,307.50021104786333,17210.281,4.0940824,1748.4266,1.4459785,18112.588,4.3249726,0,,,,,859.1451837747087,0.00020692513,307.50021104786333,0.00024014698,0.0014125291,0.030766321
1442.826723006998,18104.38,4.3243794,0.0032697294,10337,859.1459623324373,307.50074610449946,17202.361,4.093521,1749.2196,1.4465562,18104.38,4.3243794,0,,,,,859.1459623324373,0.00020687541,307.50074610449946,0.00024021212,0.0015960323,0.031351592
1442.8475563173588,18104.838,4.323551,0.003269715,10338,859.1469324887795,307.5006991693771,17203.086,4.092737,1746.4827,1.4447378,18104.838,4.323551,0,,,,,859.1469324887795,0.00020690239,307.5006991693771,0.0002401856,0.0024929226,0.03131304
1442.8683896272537,18108.59,4.3253984,0.0032697,10339,859.1459809561824,307.50039298936656,17205.482,4.0944858,1744.2377,1.4462488,18108.59,4.3253984,0,,,,,859.1459809561824,0.00020688637,307.50039298936656,0.00024038026,0.0018872338,0.031029332
1442.8892229362182,18112.484,4.3241444,0.0032696843,10340,859.1458401170343,307.5009388404024,17209.654,4.0932984,1744.5923,1.4454836,18112.484,4.3241444,0,,,,,859.1458401170343,0.0002068095,307.5009388404024,0.00024012827,0.0013744273,0.03150872
1442.910056244717,18098.508,4.3239107,0.003269668,10341,859.1454669044443,307.5011477237514,17196.922,4.093077,1744.9117,1.4465026,18098.508,4.3239107,0,,,,,859.1454669044443,0.0002069861,307.5011477237514,0.0002403124,0.0015125106,0.0315622
1442.9308895525164,18109.936,4.323979,0.003269651,10342,859.1466708884254,307.50101873885853,17207.643,4.093142,1742.2443,1.4454494,18109.936,4.323979,0,,,,,859.1466708884254,0.00020688158,307.50101873885853,0.00024008636,0.0026311793,0.031654175
1442.9517228596176,18105.188,4.3233857,0.0032696333,10343,859.1451167879719,307.50055305594105,17203.318,4.0925803,1744.1582,1.4448595,18105.188,4.3233857,0,,,,,859.1451167879719,0.0002069285,307.50055305594105,0.00024013032,0.0014996434,0.031042062
1442.972556166021,18098.244,4.3243504,0.003269615,10344,859.1458810579059,307.5012146866272,17196.203,4.0934935,1744.4899,1.4480026,18098.244,4.3243504,0,,,,,859.1458810579059,0.00020706205,307.5012146866272,0.00024022597,0.0014629533,0.031568676
1442.993389471725,18098.434,4.3229685,0.0032695958,10345,859.1452523423519,307.50161616870054,17196.414,4.0921855,1742.0022,1.4440905,18098.434,4.3229685,0,,,,,859.1452523423519,0.000206948,307.50161616870054,0.00024031133,0.0011296434,0.03218581
1443.0142227767305,18106.895,4.3235173,0.003269576,10346,859.1455828739939,307.50150734235217,17204.623,4.092705,1741.7734,1.4458166,18106.895,4.3235173,0,,,,,859.1455828739939,0.00020684808,307.50150734235217,0.00024007636,0.0016547786,0.03187858
1443.0350560810377,18100.305,4.322994,0.0032695555,10347,859.145678526451,307.5010470187406,17197.646,4.09221,1740.5254,1.4450618,18100.305,4.322994,0,,,,,859.145678526451,0.00020695954,307.5010470187406,0.00024018365,0.0014597438,0.032021973
1443.05588938488,18104.248,4.3229876,0.0032695346,10348,859.1462073090108,307.5021893828452,17202.176,4.0922036,1742.2264,1.4449741,18104.248,4.3229876,0,,,,,859.1462073090108,0.00020685536,307.5021893828452,0.00024007417,0.0022023187,0.032366734
1443.0767226877915,18106.205,4.3231683,0.0032695127,10349,859.1455533873791,307.50180806507234,17203.982,4.092375,1741.5845,1.4445802,18106.205,4.3231683,0,,,,,859.1455533873791,0.00020686483,307.50180806507234,0.00024012964,0.0016638743,0.032496803
1443.097555990003,18110.488,4.3228617,0.00326949,10350,859.1454055587214,307.5020159281706,17207.84,4.0920844,1740.0184,1.4435049,18110.488,4.3228617,0,,,,,859.1454055587214,0.00020681239,307.5020159281706,0.00023998485,0.0014201757,0.03228849
1443.118389291749,18101.691,4.322581,0.003269467,10351,859.1462357266378,307.50177011656564,17200.324,4.091819,1741.8589,1.4442339,18101.691,4.322581,0,,,,,859.1462357266378,0.0002069273,307.50177011656564,0.00024011527,0.0019013541,0.0326054
1443.1392225927966,18109.8,4.3236055,0.0032694433,10352,859.1459415609515,307.5016716760744,17206.719,4.092788,1740.1096,1.4436314,18109.8,4.3236055,0,,,,,859.1459415609515,0.00020679345,307.5016716760744,0.0002401946,0.0017465819,0.03245833
1443.1600558929126,18111.924,4.323417,0.0032694186,10353,859.1455813498802,307.5026718191,17209.062,4.0926104,1742.8877,1.4442738,18111.924,4.323417,0,,,,,859.1455813498802,0.00020678419,307.5026718191,0.00024001328,0.0014163244,0.033137426
1443.1808891925639,18108.02,4.322688,0.0032693935,10354,859.1457333391253,307.50230427976146,17205.531,4.0919204,1739.7634,1.444528,18108.02,4.322688,0,,,,,859.1457333391253,0.00020676032,307.50230427976146,0.00023999815,0.0016452355,0.03300269
1443.2017224915157,18109.857,4.3227,0.0032693676,10355,859.1465319043656,307.5026866186002,17207.18,4.0919313,1740.0735,1.4443555,18109.857,4.3227,0,,,,,859.1465319043656,0.00020672182,307.5026866186002,0.00023999413,0.002151152,0.03326145
1443.22255578977,18096.236,4.3219924,0.003269341,10356,859.1452934389945,307.501990329239,17194.156,4.0912614,1740.8761,1.4438391,18096.236,4.3219924,0,,,,,859.1452934389945,0.00020690689,307.501990329239,0.00024016033,0.0014550459,0.03311201
1443.2433890873265,18104.355,4.3224673,0.0032693138,10357,859.1454259486743,307.5031218541683,17201.629,4.091711,1739.1252,1.4431032,18104.355,4.3224673,0,,,,,859.1454259486743,0.00020698257,307.5031218541683,0.00024010641,0.0014489017,0.03342914
1443.264222384183,18108.615,4.322894,0.003269286,10358,859.1451615158991,307.5025073935483,17205.695,4.092115,1739.2445,1.44415,18108.615,4.322894,0,,,,,859.1451615158991,0.0002068499,307.5025073935483,0.00024008981,0.0011144481,0.0334511
1443.2850556805738,18108.373,4.323383,0.0032692575,10359,859.1457837412707,307.50262725239946,17205.352,4.092578,1740.6229,1.4449582,18108.373,4.323383,0,,,,,859.1457837412707,0.00020691263,307.50262725239946,0.00024007898,0.0018815872,0.033485524
1443.3058889760334,18106.275,4.322197,0.0032692282,10360,859.1457237286173,307.50246925580535,17202.947,4.091455,1738.4966,1.4430751,18106.275,4.322197,0,,,,,859.1457237286173,0.00020682297,307.50246925580535,0.00024009276,0.0016348024,0.033505358
1443.3267222710274,18106.87,4.3229055,0.0032691984,10361,859.1455056857346,307.5034407592911,17203.955,4.092126,1739.5505,1.4439902,18106.87,4.3229055,0,,,,,859.1455056857346,0.00020682011,307.5034407592911,0.00024014965,0.0012096764,0.033797983
1443.3475555650905,18100.936,4.3213773,0.0032691676,10362,859.1456683670023,307.5033581744861,17198.533,4.0906787,1739.3099,1.4426959,18100.936,4.3213773,0,,,,,859.1456683670023,0.00020683208,307.5033581744861,0.00024006676,0.0015017282,0.03396536
1443.3683888586875,18110.482,4.3223815,0.0032691364,10363,859.1459574697686,307.5035767638134,17207.816,4.0916295,1738.1622,1.4429967,18110.482,4.3223815,0,,,,,859.1459574697686,0.00020678244,307.5035767638134,0.00023998355,0.0020214568,0.03428867
1443.3892221515866,18108.506,4.323181,0.0032691045,10364,859.1454858387585,307.50319735941224,17205.555,4.0923867,1739.6028,1.4442052,18108.506,4.323181,0,,,,,859.1454858387585,0.00020686373,307.50319735941224,0.00023998867,0.0015692891,0.03405841
1443.4100554437873,18103.826,4.323341,0.003269072,10365,859.145482988074,307.5035343952462,17201.553,4.092538,1739.9796,1.4450222,18103.826,4.323341,0,,,,,859.145482988074,0.00020692636,307.5035343952462,0.0002401362,0.0009311234,0.034220997
1443.4308887352886,18104.553,4.322576,0.0032690386,10366,859.1453094896215,307.5030183525654,17201.332,4.091814,1741.7761,1.4434838,18104.553,4.322576,0,,,,,859.1453094896215,0.0002069781,307.5030183525654,0.0002401419,0.0013494936,0.033943173
1443.4517220260923,18104.705,4.323064,0.0032690046,10367,859.1452682127388,307.50356138317574,17201.486,4.0922756,1741.0098,1.4455391,18104.705,4.323064,0,,,,,859.1452682127388,0.00020682615,307.50356138317574,0.00024010109,0.0015171131,0.03447071
1443.4725553161966,18117.447,4.322947,0.00326897,10368,859.1461858877079,307.50316463499234,17214.246,4.092165,1738.0654,1.4431236,18117.447,4.322947,0,,,,,859.1461858877079,0.0002067661,307.50316463499234,0.00023994244,0.002260323,0.034087654
1443.4933886056026,18107.57,4.3235636,0.0032689346,10369,859.145510168416,307.5036562346807,17204.414,4.0927486,1741.8835,1.4449109,18107.57,4.3235636,0,,,,,859.145510168416,0.0002069475,307.5036562346807,0.00024008054,0.0010134091,0.034902453
1443.5142218945437,18112.992,4.324651,0.0032688987,10370,859.1449252561653,307.5037671771223,17208.662,4.093778,1739.2762,1.4447689,18112.992,4.324651,0,,,,,859.1449252561653,0.00020686403,307.5037671771223,0.0002402129,0.0010643009,0.034761854
1443.5350551825527,18104.916,4.3228436,0.003268862,10371,859.1459371066076,307.5044625479656,17201.475,4.0920672,1741.6887,1.44473,18104.916,4.3228436,0,,,,,859.1459371066076,0.0002068887,307.5044625479656,0.00024011996,0.0019145525,0.03506939
1443.5558884700965,18112.35,4.323979,0.0032688247,10372,859.1453684231022,307.50369491362335,17208.816,4.093142,1743.264,1.4450017,18112.35,4.323979,0,,,,,859.1453684231022,0.00020685366,307.50369491362335,0.00024010408,0.0016348797,0.0345615
1443.5767217569428,18114.445,4.3242764,0.0032687867,10373,859.1451885922812,307.50432609424735,17210.94,4.0934234,1740.6625,1.4462496,18114.445,4.3242764,0,,,,,859.1451885922812,0.00020685045,307.50432609424735,0.00024001815,0.0012589932,0.035171516
1443.597555043089,18111.004,4.325153,0.003268748,10374,859.14508259449,307.50408591168525,17206.822,4.0942535,1742.8821,1.4465097,18111.004,4.325153,0,,,,,859.14508259449,0.00020697023,307.50408591168525,0.00024017127,0.0011117521,0.034719776
1443.6183883285369,18100.734,4.324829,0.0032687087,10375,859.1457297681321,307.5043616247915,17197.244,4.0939465,1742.8341,1.4475324,18100.734,4.324829,0,,,,,859.1457297681321,0.00020715578,307.5043616247915,0.00024022705,0.001860893,0.03534444
1443.6392216132863,18104.705,4.3228364,0.0032686687,10376,859.1453563612324,307.504246910737,17201.186,4.09206,1744.8085,1.4444124,18104.705,4.3228364,0,,,,,859.1453563612324,0.00020687247,307.504246910737,0.00024006116,0.0014057651,0.035285212
1443.660054897337,18106.727,4.323686,0.003268628,10377,859.1450303676723,307.50496775348955,17203.213,4.092865,1743.5955,1.4455522,18106.727,4.323686,0,,,,,859.1450303676723,0.00020685709,307.50496775348955,0.00024014841,0.000943658,0.035660252
1443.68088818069,18107.275,4.324226,0.0032685865,10378,859.1457689941394,307.5050838007033,17203.648,4.0933757,1743.8971,1.4468776,18107.275,4.324226,0,,,,,859.1457689941394,0.00020690949,307.5050838007033,0.00024007441,0.0018392695,0.035600957
1443.7017214635769,18103.385,4.3252807,0.0032685446,10379,859.1452963131484,307.5044485997005,17198.799,4.094374,1742.8188,1.4474268,18103.385,4.3252807,0,,,,,859.1452963131484,0.00020717917,307.5044485997005,0.00024031533,0.0013197925,0.035108536
1443.7225547457656,18105.66,4.3244395,0.003268502,10380,859.1450148896364,307.50547832151665,17202.012,4.093578,1745.5184,1.4481152,18105.66,4.3244395,0,,,,,859.1450148896364,0.00020690482,307.50547832151665,0.00024007366,0.001169231,0.03580581
1443.743388027024,18109.727,4.3243327,0.0032684584,10381,859.1450742057056,307.50482323085805,17204.523,4.093477,1742.8335,1.4474782,18109.727,4.3243327,0,,,,,859.1450742057056,0.00020684676,307.50482323085805,0.00024012869,0.0007268966,0.03543623
1443.7642213078152,18099.684,4.32238,0.0032684144,10382,859.1455261130016,307.5049817142059,17195.652,4.0916286,1743.2833,1.4447562,18099.684,4.32238,0,,,,,859.1455261130016,0.00020690593,307.5049817142059,0.00024019636,0.0014662391,0.035847478
1443.7850545879078,18102.129,4.3255386,0.0032683697,10383,859.1449688477841,307.5050053173682,17197.867,4.0946183,1743.65,1.4478229,18102.129,4.3255386,0,,,,,859.1449688477841,0.00020710962,307.5050053173682,0.00024042482,0.0009119286,0.03577201
1443.8058878673028,18101.768,4.3237023,0.0032683243,10384,859.1455164135149,307.50534125313413,17198.414,4.0928802,1743.1772,1.4458096,18101.768,4.3237023,0,,,,,859.1455164135149,0.0002070583,307.50534125313413,0.00024013223,0.00094625907,0.03637224
1443.8267211459986,18099.314,4.3228483,0.0032682782,10385,859.1454001937158,307.50548899947705,17195.709,4.0920715,1743.4517,1.4457476,18099.314,4.3228483,0,,,,,859.1454001937158,0.00020688423,307.50548899947705,0.00024020423,0.0013346038,0.036552172
1443.8475544242287,18106.576,4.323346,0.0032682316,10386,859.1457005773801,307.5048133318323,17202.258,4.0925426,1741.3849,1.445391,18106.576,4.323346,0,,,,,859.1457005773801,0.00020697307,307.5048133318323,0.00024010746,0.0021283461,0.036109008
1443.8683877015283,18112.566,4.323167,0.0032681841,10387,859.1446919484474,307.5055142381999,17206.834,4.092373,1740.2538,1.4439913,18112.566,4.323167,0,,,,,859.1446919484474,0.00020686009,307.5055142381999,0.00024003127,0.0006750936,0.036202658
1443.889220978362,18104.35,4.3228374,0.0032681362,10388,859.1446320468036,307.50581492134916,17199.658,4.0920615,1742.7028,1.4449613,18104.35,4.3228374,0,,,,,859.1446320468036,0.00020688066,307.50581492134916,0.0002401064,0.0005500453,0.03670469
1443.9100542544973,18103.781,4.323666,0.0032680875,10389,859.1450218742107,307.5059781362517,17199.436,4.0928454,1741.311,1.4453611,18103.781,4.323666,0,,,,,859.1450218742107,0.00020697972,307.5059781362517,0.00024016894,0.0008693887,0.03678012
1443.9308875297006,18103.53,4.3229427,0.003268038,10390,859.1455563989387,307.5061124595948,17199.31,4.092161,1741.2013,1.4454365,18103.53,4.3229427,0,,,,,859.1455563989387,0.00020690891,307.5061124595948,0.00024011255,0.0014440683,0.03672155
1443.951720804438,18114.34,4.3230295,0.0032679879,10391,859.1450794741437,307.50626244474563,17208.21,4.092243,1739.1843,1.4444591,18114.34,4.3230295,0,,,,,859.1450794741437,0.00020678676,307.50626244474563,0.00024000034,0.0010581963,0.037002515
1443.9725540787108,18102.1,4.3229566,0.0032679373,10392,859.1451421395492,307.50600792696054,17197.875,4.0921745,1741.1628,1.445598,18102.1,4.3229566,0,,,,,859.1451421395492,0.00020686844,307.50600792696054,0.00024015854,0.0007782756,0.037052844
1443.9933873520513,18097.63,4.3223658,0.003267886,10393,859.1454595128885,307.5064846368511,17193.19,4.091615,1740.895,1.4443777,18097.63,4.3223658,0,,,,,859.1454595128885,0.00020699712,307.5064846368511,0.00024021367,0.0012747316,0.037123516
1444.0142206246935,18106.652,4.3231597,0.0032678337,10394,859.144404155505,307.5048084737459,17200.225,4.0923667,1739.7262,1.4448477,18106.652,4.3231597,0,,,,,859.144404155505,0.00020692688,307.5048084737459,0.00024021149,0.00024441408,0.035864
1444.0767204388967,18102.975,4.321172,0.0032676735,10397,859.1453147428977,307.50490306729444,17191.01,4.090485,1735.8447,1.4434768,18102.975,4.321172,0,,,,,859.1453147428977,0.00020693336,307.50490306729444,0.00024052878,0.00119156,0.035310406
1444.0975537089785,18105.988,4.3217373,0.0032676188,10398,859.1450990538756,307.5069255889935,17196.686,4.09102,1738.1002,1.4437238,18105.988,4.3217373,0,,,,,859.1450990538756,0.0002068402,307.5069255889935,0.00024026893,0.0010255976,0.037244312
1444.1183869783608,18111.611,4.3225064,0.0032675634,10399,859.1453242666869,307.5066059258319,17201.752,4.0917478,1738.3958,1.4434807,18111.611,4.3225064,0,,,,,859.1453242666869,0.00020678705,307.5066059258319,0.00024029728,0.0012600889,0.037417084
1444.139220247045,18114.365,4.322284,0.0032675073,10400,859.1456922938676,307.5072192887321,17206.438,4.091538,1738.2633,1.443494,18114.365,4.322284,0,,,,,859.1456922938676,0.00020678593,307.5072192887321,0.00024014023,0.0018418864,0.037943557
1444.1600535150312,18108.875,4.32193,0.0032674505,10401,859.1448457997762,307.50678107226867,17202.697,4.0912023,1735.9597,1.4437085,18108.875,4.32193,0,,,,,859.1448457997762,0.00020676205,307.50678107226867,0.00024007392,0.0010390835,0.03771117
1444.1808867825512,18102.863,4.3220315,0.0032673932,10402,859.1452132489933,307.50773941169234,17196.926,4.0912986,1735.8492,1.4435862,18102.863,4.3220315,0,,,,,859.1452132489933,0.0002070063,307.50773941169234,0.00024015992,0.00115196,0.039125673
1444.2017200491396,18103.889,4.321384,0.003267335,10403,859.1456645392924,307.50691433082045,17195.352,4.0906854,1734.697,1.4428941,18103.889,4.321384,0,,,,,859.1456645392924,0.00020696232,307.50691433082045,0.00024024022,0.0015196749,0.038068734
1444.222553315264,18107.066,4.3217287,0.0032672763,10404,859.1455073321147,307.5073780413743,17201.441,4.0910115,1738.8091,1.4428928,18107.066,4.3217287,0,,,,,859.1455073321147,0.00020678481,307.5073780413743,0.00024003645,0.001181599,0.038396247
1444.243386580689,18105.805,4.3224564,0.003267217,10405,859.1447491282818,307.5074667685861,17199.291,4.0917006,1737.1014,1.4446487,18105.805,4.3224564,0,,,,,859.1447491282818,0.00020686984,307.5074667685861,0.00024008742,0.00099759,0.038674586
1444.264219845415,18109.63,4.3212934,0.003267157,10406,859.1454178159515,307.5070974786314,17203.596,4.0905995,1733.3673,1.4412812,18109.63,4.3212934,0,,,,,859.1454178159515,0.00020684648,307.5070974786314,0.00023999451,0.0013077706,0.038234733
1444.285053109443,18107.27,4.321917,0.0032670961,10407,859.1451717826786,307.50799282317547,17200.666,4.0911903,1735.2115,1.4429475,18107.27,4.321917,0,,,,,859.1451717826786,0.00020684428,307.50799282317547,0.00024009949,0.0011817606,0.03886497
1444.305886372772,18101.307,4.3217463,0.0032670347,10408,859.1448945744407,307.50787165144874,17196.803,4.0910287,1739.9888,1.4436773,18101.307,4.3217463,0,,,,,859.1448945744407,0.00020684156,307.50787165144874,0.00024002999,0.00087529176,0.038896523
1444.326719635635,18105.473,4.321572,0.0032669727,10409,859.144699642088,307.50746656716296,17199.467,4.0908637,1735.2928,1.4434621,18105.473,4.321572,0,,,,,859.144699642088,0.00020682762,307.50746656716296,0.0002400212,0.00041605902,0.03824679
1444.3475528975678,18109.44,4.3216887,0.0032669099,10410,859.1452328305016,307.50688421095566,17203.803,4.090974,1735.6941,1.4431658,18109.44,4.3216887,0,,,,,859.1452328305016,0.00020679069,307.50688421095566,0.00023996943,0.001212162,0.038032115
1444.3683861590348,18103.375,4.3221407,0.0032668465,10411,859.1449900934302,307.5079673523368,17197.957,4.0914016,1736.5713,1.443663,18103.375,4.3221407,0,,,,,859.1449900934302,0.00020680822,307.5079673523368,0.00024011947,0.00054880604,0.039003626
1444.3892194198024,18103.486,4.323014,0.0032667825,10412,859.1447729580892,307.5073886071234,17198.363,4.0922284,1734.3275,1.4434655,18103.486,4.323014,0,,,,,859.1447729580892,0.00020686613,307.5073886071234,0.00024024637,0.0006523517,0.03893786
1444.4100526798725,18107.97,4.322226,0.0032667178,10413,859.1453885018954,307.5083325144268,17202.814,4.0914826,1735.9014,1.4437349,18107.97,4.322226,0,,,,,859.1453885018954,0.00020687033,307.5083325144268,0.0002399844,0.0014354975,0.039036214
1444.4308859392447,18105.562,4.321309,0.0032666523,10414,859.1452616685584,307.5082294779066,17199.273,4.0906143,1733.2518,1.4413506,18105.562,4.321309,0,,,,,859.1452616685584,0.00020703104,307.5082294779066,0.00024003259,0.000851694,0.039466016
1444.451719197917,18107.09,4.321109,0.0032665862,10415,859.144909754852,307.5086991498648,17201.418,4.090425,1732.8551,1.4426255,18107.09,4.321109,0,,,,,859.144909754852,0.00020679687,307.5086991498648,0.00023997607,0.0010612112,0.039821804
1444.4725524558908,18099.5,4.3194146,0.0032665194,10416,859.1454625185122,307.50852090844796,17193.318,4.088821,1732.6041,1.4404736,18099.5,4.3194146,0,,,,,859.1454625185122,0.00020682541,307.50852090844796,0.0002401373,0.0011834656,0.039734285
1444.4933857133997,18105.62,4.321176,0.003266452,10417,859.1449376226783,307.508459603504,17199.943,4.090489,1733.1136,1.4426943,18105.62,4.321176,0,,,,,859.1449376226783,0.00020683429,307.508459603504,0.00024001936,0.001115751,0.03955276
1444.5142189699764,18101.576,4.321146,0.003266384,10418,859.1446877937437,307.50858250773587,17195.477,4.0904603,1735.0057,1.442488,18101.576,4.321146,0,,,,,859.1446877937437,0.00020684382,307.50858250773587,0.00024008384,0.0006885231,0.039782625
1444.5350522260876,18105.832,4.320546,0.0032663152,10419,859.1449752309992,307.5089001064211,17199.479,4.0898924,1731.2953,1.441573,18105.832,4.320546,0,,,,,859.1449752309992,0.00020682023,307.5089001064211,0.00024001434,0.0008998305,0.039949484
1444.555885481501,18112.588,4.32066,0.0032662458,10420,859.1454678298766,307.5089156659613,17206.49,4.0900006,1730.9896,1.4403288,18112.588,4.32066,0,,,,,859.1454678298766,0.00020675233,307.5089156659613,0.00023990318,0.0014884141,0.04044855
1444.576718736216,18105.57,4.3220596,0.0032661757,10421,859.1443450663172,307.5085351251233,17199.527,4.0913253,1733.0845,1.4427023,18105.57,4.3220596,0,,,,,859.1443450663172,0.00020679532,307.5085351251233,0.00024022697,0.00038739064,0.039675467
1444.5975519902322,18101.312,4.3205123,0.003266105,10422,859.1447861631557,307.5091480252633,17195.518,4.0898604,1733.3829,1.4421402,18101.312,4.3205123,0,,,,,859.1447861631557,0.00020686822,307.5091480252633,0.00024009396,0.0008487513,0.040134322
1444.6183852435502,18106.252,4.321508,0.0032660335,10423,859.1453075934352,307.5085852928755,17199.867,4.090803,1732.5425,1.442926,18106.252,4.321508,0,,,,,859.1453075934352,0.00020690329,307.5085852928755,0.00024007181,0.0015220064,0.040094286
1444.6392184964025,18097.996,4.320716,0.0032659615,10424,859.1447105587546,307.5085245618476,17192.516,4.090053,1736.1904,1.4428288,18097.996,4.320716,0,,,,,859.1447105587546,0.00020685687,307.5085245618476,0.00024006421,0.0007715438,0.03988149
1444.6600517483225,18106.826,4.3211207,0.0032658887,10425,859.1447618359194,307.50907272111016,17200.787,4.0904365,1734.932,1.4419979,18106.826,4.3211207,0,,,,,859.1447618359194,0.00020684522,307.50907272111016,0.00023999599,0.00068544084,0.040488854
1444.6808849997772,18101.94,4.3208604,0.0032658153,10426,859.1454167889706,307.5093082180056,17196.064,4.09019,1733.7732,1.4421659,18101.94,4.3208604,0,,,,,859.1454167889706,0.0002068402,307.5093082180056,0.0002401095,0.0011509547,0.040392656
1444.701718250534,18108.684,4.3223395,0.0032657413,10427,859.1448679780633,307.50949094722677,17202.174,4.09159,1731.53,1.44428,18108.684,4.3223395,0,,,,,859.1448679780633,0.00020684223,307.50949094722677,0.00024005199,0.0010376696,0.040955085
1444.7225515005916,18099.12,4.3197994,0.0032656665,10428,859.1443772903133,307.5095974528293,17193.291,4.0891857,1732.7722,1.4411333,18099.12,4.3197994,0,,,,,859.1443772903133,0.00020683832,307.5095974528293,0.00023999036,0.00036354375,0.04108936
1444.7433847499512,18101.99,4.3204613,0.003265591,10429,859.1452399326676,307.50891887623305,17195.627,4.089812,1732.7495,1.4419016,18101.99,4.3204613,0,,,,,859.1452399326676,0.00020683491,307.50891887623305,0.00024006593,0.0011914634,0.040329285
1444.7642179986133,18110.088,4.3239584,0.003265515,10430,859.145182325543,307.5091289326108,17203.926,4.0931225,1731.9701,1.4446555,18110.088,4.3239584,0,,,,,859.145182325543,0.00020696169,307.5091289326108,0.00024016538,0.0009729847,0.04053946
1444.785051246808,18106.188,4.3208833,0.0032654384,10431,859.1450566871996,307.5092685607159,17200.291,4.0902114,1733.4937,1.4419074,18106.188,4.3208833,0,,,,,859.1450566871996,0.00020676397,307.5092685607159,0.00023997531,0.00082832447,0.04088294
1444.8058844940717,18100.305,4.3213797,0.0032653608,10432,859.1450126416519,307.50992444701967,17194.766,4.0906816,1732.0616,1.4426064,18100.305,4.3213797,0,,,,,859.1450126416519,0.00020697598,307.50992444701967,0.00024013098,0.0011283491,0.041534286
1444.8267177408704,18100.742,4.320861,0.0032652828,10433,859.1451306311882,307.509654511974,17195.146,4.0901904,1732.1687,1.441921,18100.742,4.320861,0,,,,,859.1451306311882,0.00020698225,307.509654511974,0.00024012907,0.0012967224,0.041403662
1444.8475509869706,18106.85,4.3212185,0.0032652041,10434,859.1452782909095,307.5094964669318,17200.746,4.090529,1731.8248,1.4421414,18106.85,4.3212185,0,,,,,859.1452782909095,0.00020680123,307.5094964669318,0.0002400541,0.00078137295,0.041121684
1444.8683842323717,18108.365,4.322325,0.0032651247,10435,859.1447918830995,307.5103159461756,17201.855,4.091576,1731.959,1.4427135,18108.365,4.322325,0,,,,,859.1447918830995,0.00020686172,307.5103159461756,0.00024007188,0.0008137202,0.04138617
1444.889217477074,18105.434,4.320738,0.0032650447,10436,859.1452692618786,307.51033731130246,17198.693,4.090074,1732.804,1.441284,18105.434,4.320738,0,,,,,859.1452692618786,0.00020688254,307.51033731130246,0.00024007907,0.0015877138,0.04187614
1444.9100507210794,18110.371,4.3219,0.0032649639,10437,859.14513233222,307.51023132459886,17203.797,4.0911736,1733.4673,1.4422345,18110.371,4.3219,0,,,,,859.14513233222,0.00020695155,307.51023132459886,0.0002400358,0.0010603098,0.041654002
1444.9308839643854,18107.76,4.322631,0.0032648824,10438,859.1452884355637,307.51014278529044,17201.143,4.091866,1732.915,1.4446237,18107.76,4.322631,0,,,,,859.1452884355637,0.0002068951,307.51014278529044,0.00024006335,0.0013027238,0.041849185
1444.9517172072253,18108.828,4.3229074,0.0032648004,10439,859.1448553404138,307.5107806194109,17200.803,4.092128,1733.9182,1.4441699,18108.828,4.3229074,0,,,,,859.1448553404138,0.00020688909,307.5107806194109,0.00024016252,0.0004762853,0.04228532
1444.9725504491346,18108.818,4.3222637,0.0032647175,10440,859.1451691555328,307.51080134752425,17202.898,4.091518,1732.6031,1.4423777,18108.818,4.3222637,0,,,,,859.1451691555328,0.00020680211,307.51080134752425,0.0002401072,0.0012955585,0.042030595
1444.993383690578,18101.338,4.3211527,0.0032646342,10441,859.1450978525392,307.5102461825212,17195.4,4.0904665,1732.6274,1.4422628,18101.338,4.3211527,0,,,,,859.1450978525392,0.0002068699,307.5102461825212,0.00024010621,0.0005706117,0.041889355
1445.0142169313224,18101.37,4.320362,0.0032645501,10442,859.1451311976705,307.5110389019048,17194.828,4.0897183,1732.6425,1.4418439,18101.37,4.320362,0,,,,,859.1451311976705,0.000206897,307.5110389019048,0.00024003992,0.001174226,0.042533334
1445.0350501713683,18097.11,4.320862,0.0032644654,10443,859.145484627053,307.51055899928974,17191.309,4.0901914,1732.9028,1.4425597,18097.11,4.320862,0,,,,,859.145484627053,0.00020689575,307.51055899928974,0.0002402425,0.0015283431,0.04155248
1445.0558834107164,18100.576,4.321386,0.00326438,10444,859.1446011830138,307.5112869348869,17194.738,4.0906873,1729.3052,1.442445,18100.576,4.321386,0,,,,,859.1446011830138,0.0002068912,307.5112869348869,0.00024014029,0.0005742076,0.04237124
1445.0767166495987,18103.121,4.320224,0.003264294,10445,859.145258928399,307.51072854075886,17197.598,4.089587,1729.9197,1.4412763,18103.121,4.320224,0,,,,,859.145258928399,0.00020682703,307.51072854075886,0.00023994809,0.0010762648,0.042174373
1445.0975498875498,18105.95,4.3208127,0.0032642072,10446,859.1452114287974,307.5112781264428,17199.725,4.0901446,1732.4264,1.4420203,18105.95,4.3208127,0,,,,,859.1452114287974,0.00020687714,307.5112781264428,0.00024002888,0.0015545188,0.0425138
1445.1183831250353,18107.418,4.3220534,0.0032641198,10447,859.1450890443872,307.51147766835174,17201.07,4.0913196,1732.6627,1.4440678,18107.418,4.3220534,0,,,,,859.1450890443872,0.0002068857,307.51147766835174,0.00023997085,0.00092746125,0.04285386
1445.1392163615892,18102.262,4.3200326,0.0032640316,10448,859.1448210141334,307.5112169076512,17196.396,4.089406,1729.834,1.4406035,18102.262,4.3200326,0,,,,,859.1448210141334,0.0002068952,307.5112169076512,0.00024000091,0.0009850773,0.042541813
1445.160049597677,18107.545,4.3205457,0.003263943,10449,859.1450464902705,307.5112849214412,17200.77,4.089892,1730.5502,1.4419214,18107.545,4.3205457,0,,,,,859.1450464902705,0.00020683298,307.5112849214412,0.00023996217,0.0009154931,0.043143716
1445.1808828330663,18112.488,4.321253,0.0032638535,10450,859.145519863177,307.51122389275963,17206.547,4.0905614,1730.595,1.4412965,18112.488,4.321253,0,,,,,859.145519863177,0.00020679955,307.51122389275963,0.00024001262,0.0013648972,0.043059215
1445.2017160677578,18112.479,4.32066,0.0032637634,10451,859.1447189054497,307.5114070300648,17206.123,4.0900006,1730.5408,1.4405367,18112.479,4.32066,0,,,,,859.1447189054497,0.0002067579,307.5114070300648,0.0002399146,0.0008280928,0.04302544
1445.2225493019835,18110.04,4.3222394,0.0032636728,10452,859.1450335595318,307.51247637121895,17203.146,4.091495,1731.5321,1.4422932,18110.04,4.3222394,0,,,,,859.1450335595318,0.00020684557,307.51247637121895,0.00024006065,0.0009287876,0.043704893
1445.243382535278,18110.39,4.322248,0.0032635813,10453,859.1454693686093,307.51210186279127,17204.105,4.091503,1733.3906,1.4429817,18110.39,4.322248,0,,,,,859.1454693686093,0.00020680395,307.51210186279127,0.0002399989,0.0014617882,0.04347113
1445.2642157678738,18109.244,4.3211436,0.003263489,10454,859.1448372686461,307.5119550173033,17202.547,4.0904584,1730.548,1.4415559,18109.244,4.3211436,0,,,,,859.1448372686461,0.0002068302,307.5119550173033,0.00023999857,0.0008495529,0.043364294
1445.2850490000042,18107.855,4.3212376,0.0032633964,10455,859.1448222336747,307.5120770294523,17201.139,4.090547,1732.4419,1.441474,18107.855,4.3212376,0,,,,,859.1448222336747,0.00020684129,307.5120770294523,0.00024003905,0.0009337529,0.043751545
1445.305882231436,18102.76,4.3208885,0.003263303,10456,859.1451468422184,307.5119787858673,17197.123,4.090216,1730.6667,1.4424077,18102.76,4.3208885,0,,,,,859.1451468422184,0.00020682797,307.5119787858673,0.00024008771,0.0011705223,0.043740693
1445.3267154621685,18106.102,4.321156,0.003263209,10457,859.1453239250551,307.5117520490758,17199.504,4.09047,1733.066,1.4422768,18106.102,4.321156,0,,,,,859.1453239250551,0.00020684644,307.5117520490758,0.0002400111,0.0011996329,0.043571234
1445.3475486922027,18101.762,4.3216825,0.0032631143,10458,859.1452382480347,307.51261259622515,17196.16,4.090968,1730.2258,1.4435369,18101.762,4.3216825,0,,,,,859.1452382480347,0.00020700168,307.51261259622515,0.00023999998,0.0008847722,0.04408672
1445.3683819215391,18106.129,4.3201847,0.0032630188,10459,859.1455940936636,307.512034525703,17198.984,4.08955,1729.947,1.4410421,18106.129,4.3201847,0,,,,,859.1455940936636,0.00020682506,307.512034525703,0.00024004225,0.0015695748,0.04312255
1445.3892151501764,18104.08,4.320481,0.0032629226,10460,859.1445099902879,307.5128968238341,17197.389,4.0898304,1730.7239,1.4418441,18104.08,4.320481,0,,,,,859.1445099902879,0.00020679229,307.5128968238341,0.00024009422,0.00071553356,0.04422583
1445.4100483783484,18107.36,4.320497,0.003262826,10461,859.1448418071714,307.51279929969576,17200.48,4.0898457,1732.9054,1.4414386,18107.36,4.320497,0,,,,,859.1448418071714,0.0002067992,307.51279929969576,0.0002399384,0.00058380055,0.04388496
1445.43088160559,18104.871,4.3209023,0.0032627285,10462,859.1455400186697,307.5124296675398,17198.168,4.0902295,1733.809,1.4426804,18104.871,4.3209023,0,,,,,859.1455400186697,0.00020682471,307.5124296675398,0.00023999487,0.0014083999,0.044103988
1445.4517148323653,18112.293,4.321986,0.0032626304,10463,859.1455834444839,307.5138785757987,17205.22,4.0912557,1730.5005,1.4427676,18112.293,4.321986,0,,,,,859.1455834444839,0.00020685828,307.5138785757987,0.00024000919,0.0012273372,0.045016523
1445.4725480584411,18106.008,4.322266,0.0032625317,10464,859.1449566976258,307.51237849033794,17199.205,4.091521,1731.794,1.4440649,18106.008,4.322266,0,,,,,859.1449566976258,0.00020708935,307.51237849033794,0.00024006309,0.0011168644,0.04407601
1445.493381283586,18106.666,4.3206,0.003262432,10465,859.1452606538164,307.5126279654878,17200.297,4.0899434,1733.2944,1.440915,18106.666,4.3206,0,,,,,859.1452606538164,0.00020680173,307.5126279654878,0.00024006313,0.0015413504,0.044085965
1445.5142145082657,18101.277,4.320549,0.003262332,10466,859.1448886992509,307.5135480101655,17194.988,4.0898952,1732.7385,1.4420973,18101.277,4.320549,0,,,,,859.1448886992509,0.00020685297,307.5135480101655,0.00024003857,0.0009913106,0.04507506
1445.5350477324796,18107.545,4.3216667,0.0032622314,10467,859.1453896321418,307.5129861594114,17200.934,4.090953,1732.8251,1.443616,18107.545,4.3216667,0,,,,,859.1453896321418,0.00020677512,307.5129861594114,0.00023996516,0.0009830906,0.044710606
1445.5558809557617,18104.883,4.3211985,0.0032621298,10468,859.1452317827251,307.51313046586495,17198.443,4.09051,1733.6985,1.4428941,18104.883,4.3211985,0,,,,,859.1452317827251,0.00020688116,307.51313046586495,0.00023997496,0.0017180261,0.04480814
1445.576714178346,18101.46,4.320266,0.0032620276,10469,859.144998443047,307.51257486055067,17195.107,4.089627,1734.0508,1.4416256,18101.46,4.320266,0,,,,,859.144998443047,0.00020686467,307.51257486055067,0.00024001148,0.0007408673,0.044153564
1445.5975474004654,18108.082,4.321331,0.003261925,10470,859.1447594650069,307.51397566273937,17201.791,4.0906353,1732.6333,1.4419718,18108.082,4.321331,0,,,,,859.1447594650069,0.00020684057,307.51397566273937,0.00024001246,0.00082670327,0.04558053
1445.6183806216525,18111.762,4.3227983,0.0032618213,10471,859.1452748419638,307.5132856542928,17205.508,4.0920243,1731.0786,1.4439338,18111.762,4.3227983,0,,,,,859.1452748419638,0.00020691587,307.5132856542928,0.00024000453,0.0016447668,0.045096323
1445.6392138423735,18104.574,4.32187,0.0032617173,10472,859.1442886946353,307.51402579433113,17198.32,4.091145,1730.58,1.4428236,18104.574,4.32187,0,,,,,859.1442886946353,0.00020688963,307.51402579433113,0.00024016688,0.00058480643,0.04522278
1445.6600470623957,18107.691,4.321757,0.0032616125,10473,859.1451921899254,307.513435330051,17201.287,4.0910387,1732.9923,1.4421207,18107.691,4.321757,0,,,,,859.1451921899254,0.00020697959,307.513435330051,0.00024002815,0.0013786976,0.04485654
1445.6808802817204,18099.203,4.321635,0.003261507,10474,859.1448233445344,307.51342989526586,17194.115,4.090923,1732.666,1.4444021,18099.203,4.321635,0,,,,,859.1448233445344,0.00020693312,307.51342989526586,0.00024011193,0.0011304681,0.045089584
1445.7017135003466,18104.916,4.3224583,0.0032614009,10475,859.1449550790065,307.51412703535544,17198.28,4.0917025,1734.6389,1.4447665,18104.916,4.3224583,0,,,,,859.1449550790065,0.00020691109,307.51412703535544,0.00024016698,0.00088239374,0.045718774
1445.7225467182743,18105.969,4.3210464,0.003261294,10476,859.1452888262154,307.51387804089666,17200.271,4.0903664,1732.9086,1.4423325,18105.969,4.3210464,0,,,,,859.1452888262154,0.00020682406,307.51387804089666,0.00023992345,0.0012515605,0.04563835
1445.7433799355035,18095.64,4.3224897,0.0032611864,10477,859.1455571552177,307.5139513160891,17190.918,4.091732,1732.8116,1.4438984,18095.64,4.3224897,0,,,,,859.1455571552177,0.0002070879,307.5139513160891,0.00024029138,0.0015075876,0.045263886
1445.7642131522668,18111.998,4.3209357,0.0032610784,10478,859.1452589030848,307.51471165782493,17205.52,4.0902615,1731.4395,1.4419894,18111.998,4.3209357,0,,,,,859.1452589030848,0.00020676696,307.51471165782493,0.00023990568,0.0010792188,0.046148874
1445.785046368099,18097.709,4.3194113,0.0032609694,10479,859.145100655683,307.51380916116676,17192.172,4.088818,1730.2354,1.4412647,18097.709,4.3194113,0,,,,,859.145100655683,0.00020687011,307.51380916116676,0.00023996345,0.00095684314,0.04514352
1445.8058795834654,18102.887,4.32137,0.00326086,10480,859.1454124994322,307.51431465729814,17197.83,4.090672,1733.2692,1.4429872,18102.887,4.32137,0,,,,,859.1454124994322,0.000206902,307.51431465729814,0.0002399975,0.0014112196,0.046474583
1445.8267127981328,18101.766,4.32064,0.0032607499,10481,859.145089060091,307.5142155377464,17196.248,4.089981,1734.5691,1.4420347,18101.766,4.32064,0,,,,,859.145089060091,0.00020688564,307.5142155377464,0.0002399964,0.001246852,0.04611215
1445.8475460121017,18104.637,4.321813,0.003260639,10482,859.1443246035034,307.5141082475068,17199.068,4.0910916,1731.1179,1.4427216,18104.637,4.321813,0,,,,,859.1443246035034,0.00020690708,307.5141082475068,0.00024008723,0.001065921,0.04575656
1445.86837922514,18107.135,4.3207617,0.0032605273,10483,859.1451535133085,307.5144875805047,17201.56,4.0900965,1731.3909,1.4417123,18107.135,4.3207617,0,,,,,859.1451535133085,0.00020686207,307.5144875805047,0.00023995618,0.0015847848,0.04605757
1445.8892124379452,18102.668,4.3203735,0.0032604153,10484,859.1451363734084,307.5141921883847,17197.072,4.0897293,1732.1681,1.4412464,18102.668,4.3203735,0,,,,,859.1451363734084,0.00020686765,307.5141921883847,0.00023996223,0.0013037144,0.046314888
1445.9100456498193,18106.736,4.3201885,0.0032603024,10485,859.1448285912986,307.5151156050485,17201.422,4.089554,1730.6361,1.4406447,18106.736,4.3201885,0,,,,,859.1448285912986,0.00020679535,307.5151156050485,0.0002399954,0.0012178846,0.046562992
1445.9308788609947,18101.02,4.3222756,0.0032601887,10486,859.1455346583625,307.5147729114342,17195.66,4.0915294,1733.7788,1.4451863,18101.02,4.3222756,0,,,,,859.1455346583625,0.00020699124,307.5147729114342,0.0002400339,0.0014161202,0.0466761
1445.9517120714718,18105.111,4.3203835,0.0032600744,10487,859.1452476923296,307.5150535604578,17199.682,4.0897384,1732.122,1.4412423,18105.111,4.3203835,0,,,,,859.1452476923296,0.00020683874,307.5150535604578,0.00023993372,0.0010018547,0.046385285
1445.9725452814832,18100.586,4.3197846,0.0032599596,10488,859.1451684490149,307.5150796374445,17195.332,4.0891714,1730.6482,1.4413004,18100.586,4.3197846,0,,,,,859.1451684490149,0.00020685067,307.5150796374445,0.00023997173,0.0014203548,0.04694777
1445.9933784905634,18102.893,4.320226,0.003259844,10489,859.1452452674908,307.5154712434025,17197.305,4.0895896,1731.53,1.4415312,18102.893,4.320226,0,,,,,859.1452452674908,0.00020687729,307.5154712434025,0.00023999969,0.0015244186,0.04736494
1446.014211699177,18106.31,4.321865,0.0032597277,10490,859.1453844161009,307.51517657590915,17200.889,4.0911407,1733.7452,1.4427546,18106.31,4.321865,0,,,,,859.1453844161009,0.0002068897,307.51517657590915,0.00024008252,0.0013559054,0.046809323
1446.0350449070922,18106.115,4.3208494,0.0032596109,10491,859.1450256940827,307.5152345103703,17201.023,4.0901794,1731.0634,1.4418759,18106.115,4.3208494,0,,,,,859.1450256940827,0.00020681795,307.5152345103703,0.00023997686,0.0012259235,0.046555523
1446.0558781143097,18104.738,4.3206587,0.0032594933,10492,859.1453334057979,307.51508722996545,17199.502,4.0899987,1734.2063,1.4416989,18104.738,4.3206587,0,,,,,859.1453334057979,0.00020683203,307.51508722996545,0.0002399111,0.0014488387,0.04709092
1446.0767113208294,18103.406,4.3209157,0.003259375,10493,859.1450509877295,307.5155064582252,17197.445,4.0902424,1735.2478,1.4422106,18103.406,4.3209157,0,,,,,859.1450509877295,0.00020690875,307.5155064582252,0.00023999014,0.0014979206,0.046885297
1446.0975445266497,18101.834,4.321677,0.003259256,10494,859.1451243584573,307.5157192404388,17196.492,4.090963,1733.0804,1.4454781,18101.834,4.321677,0,,,,,859.1451243584573,0.00020689775,307.5157192404388,0.0002400285,0.0016010179,0.04733338
1446.118377731771,18098.47,4.3208413,0.0032591363,10495,859.1450206505216,307.5161729886396,17193.236,4.090172,1731.459,1.4416423,18098.47,4.3208413,0,,,,,859.1450206505216,0.00020691306,307.5161729886396,0.00024017527,0.0009868051,0.048087124
1446.1392109361946,18099.633,4.3217616,0.003259016,10496,859.1448494067581,307.5154413998777,17194.115,4.091043,1734.5225,1.4435062,18099.633,4.3217616,0,,,,,859.1448494067581,0.00020707436,307.5154413998777,0.00024010321,0.001048607,0.04737025
1446.1600441399194,18100.484,4.3204145,0.003258895,10497,859.1456538318376,307.5153571385107,17195.652,4.089768,1732.0216,1.4417076,18100.484,4.3204145,0,,,,,859.1456538318376,0.00020687969,307.5153571385107,0.00024001006,0.0015773982,0.04717866
1446.1808773431787,18112.8,4.3225737,0.0032587734,10498,859.1447952328629,307.516269263291,17206.504,4.091812,1730.5635,1.4434114,18112.8,4.3225737,0,,,,,859.1447952328629,0.00020702856,307.516269263291,0.00023990945,0.0010610395,0.048069745
1446.201710545506,18097.508,4.3205442,0.003258651,10499,859.1450952825322,307.5159346238497,17192.117,4.0898905,1732.4442,1.4423811,18097.508,4.3205442,0,,,,,859.1450952825322,0.00020692311,307.5159346238497,0.00024011203,0.001156549,0.047662064
1446.2225437473676,18098.96,4.3204436,0.003258528,10500,859.1452729752018,307.51595675157813,17193.809,4.089795,1733.1045,1.4418598,18098.96,4.3204436,0,,,,,859.1452729752018,0.00020695856,307.51595675157813,0.00024001717,0.0015982504,0.048031826
1446.2433769482993,18110.494,4.322667,0.003258404,10501,859.1447763395597,307.5161996218623,17204.314,4.0919,1731.4487,1.4434948,18110.494,4.322667,0,,,,,859.1447763395597,0.000206966,307.5161996218623,0.0002399834,0.0009156517,0.047838043
1446.2642101487654,18107.37,4.3213673,0.0032582798,10502,859.1455859458017,307.5163555296041,17201.8,4.0906696,1731.72,1.4419545,18107.37,4.3213673,0,,,,,859.1455859458017,0.00020691127,307.5163555296041,0.00023988947,0.0015232632,0.04828291
1446.2850433485323,18108.844,4.322408,0.0032581547,10503,859.145100717956,307.51656020770446,17202.607,4.0916553,1732.3257,1.4433861,18108.844,4.322408,0,,,,,859.145100717956,0.00020686883,307.51656020770446,0.00024012229,0.0013315135,0.048481893
1446.3058765475998,18103.188,4.3211546,0.003258029,10504,859.1453057933066,307.51588089108475,17197.469,4.0904684,1734.0674,1.441646,18103.188,4.3211546,0,,,,,859.1453057933066,0.00020699725,307.51588089108475,0.00024005638,0.0016822374,0.048182122
1446.326709745969,18116.322,4.3215837,0.0032579026,10505,859.1452697222153,307.5170431321882,17209.982,4.0908747,1729.9105,1.4421579,18116.322,4.3215837,0,,,,,859.1452697222153,0.00020677657,307.5170431321882,0.00023983255,0.0011839496,0.048825875
1446.3475429436403,18101.523,4.3212047,0.0032577754,10506,859.1452858119349,307.51727318827716,17195.83,4.090516,1733.3584,1.4423229,18101.523,4.3212047,0,,,,,859.1452858119349,0.00020694574,307.51727318827716,0.00024001884,0.0014799215,0.048804328
1446.3683761406132,18103.523,4.3208365,0.0032576476,10507,859.1449994566456,307.51670354238433,17197.627,4.090167,1731.2286,1.4422414,18103.523,4.3208365,0,,,,,859.1449994566456,0.00020691092,307.51670354238433,0.00023993448,0.0014637058,0.048758704
1446.3892093368877,18112.982,4.3218427,0.003257519,10508,859.1445304634694,307.5165466563112,17206.775,4.0911202,1730.6052,1.4426162,18112.982,4.3218427,0,,,,,859.1445304634694,0.00020680482,307.5165466563112,0.00023988493,0.0011406962,0.04880412
1446.4100425324636,18096.887,4.3212605,0.0032573899,10509,859.1446784219507,307.51735964008265,17191.145,4.090568,1733.3749,1.4436594,18096.887,4.3212605,0,,,,,859.1446784219507,0.00020699622,307.51735964008265,0.00024010908,0.0016261901,0.049338117
1446.4308757275737,18099.53,4.3199563,0.0032572602,10510,859.1451633622639,307.5166213663067,17193.63,4.089334,1730.2522,1.4414028,18099.53,4.3199563,0,,,,,859.1451633622639,0.00020691755,307.5166213663067,0.00023997013,0.001232639,0.048812002
1446.4517089217527,18107.162,4.3212605,0.0032571296,10511,859.1450281957393,307.5173219731468,17200.37,4.0905685,1733.5183,1.4421104,18107.162,4.3212605,0,,,,,859.1450281957393,0.00020690035,307.5173219731468,0.00024001929,0.0012609174,0.049148142
1446.472542115466,18100.85,4.320216,0.0032569985,10512,859.1455973340837,307.5172241763905,17194.68,4.08958,1732.2424,1.4415044,18100.85,4.320216,0,,,,,859.1455973340837,0.00020687972,307.5172241763905,0.0002399925,0.0015548931,0.04957037
1446.4933753082478,18101.955,4.320967,0.0032568665,10513,859.1449178691026,307.5176839813192,17195.47,4.090291,1733.907,1.4425519,18101.955,4.320967,0,,,,,859.1449178691026,0.00020692626,307.5176839813192,0.00023997984,0.0012884871,0.050015416
1446.5142085005634,18112.059,4.320662,0.003256734,10514,859.1446580666525,307.5173680467701,17204.39,4.090002,1730.83,1.4409672,18112.059,4.320662,0,,,,,859.1446580666525,0.00020679,307.5173680467701,0.00023997884,0.0008424591,0.048966557
1446.5350416919478,18104.11,4.320611,0.0032566006,10515,859.1449085721177,307.51764887863436,17197.557,4.0899544,1731.1073,1.4421284,18104.11,4.320611,0,,,,,859.1449085721177,0.0002068856,307.51764887863436,0.00023998489,0.0013946656,0.049784463
1446.555874882867,18113.404,4.3213196,0.0032564667,10516,859.1450201607073,307.51758985222506,17206.547,4.0906243,1730.6531,1.4418943,18113.404,4.3213196,0,,,,,859.1450201607073,0.00020678228,307.51758985222506,0.00023990263,0.0014992066,0.049601097
1446.5767080730884,18107.062,4.3209834,0.0032563321,10517,859.1451193271088,307.5169247757475,17199.977,4.0903063,1730.3209,1.4417912,18107.062,4.3209834,0,,,,,859.1451193271088,0.00020685942,307.5169247757475,0.00023998547,0.0011677261,0.049346305
1446.5975412626115,18106.03,4.3209467,0.0032561969,10518,859.1451876104335,307.5186791787653,17198.508,4.0902715,1732.1416,1.4419268,18106.03,4.3209467,0,,,,,859.1451876104335,0.00020684028,307.5186791787653,0.00023998738,0.0013904215,0.050806016
1446.6183744512023,18105.857,4.3209834,0.0032560606,10519,859.1453540081982,307.51699066907565,17198.285,4.0903068,1732.9287,1.4422294,18105.857,4.3209834,0,,,,,859.1453540081982,0.00020689068,307.51699066907565,0.00023999848,0.0014331705,0.048956554
1446.639207639327,18105.79,4.3208847,0.003255924,10520,859.1453813545594,307.5186015203125,17199.033,4.0902133,1731.4939,1.4418213,18105.79,4.3208847,0,,,,,859.1453813545594,0.00020687118,307.5186015203125,0.00023993796,0.0019589313,0.050934233
1446.6600408267532,18104.908,4.320369,0.0032557866,10521,859.1449951819676,307.51774839294626,17195.85,4.0897245,1730.2836,1.4416785,18104.908,4.320369,0,,,,,859.1449951819676,0.00020695664,307.51774839294626,0.00024005669,0.0010490296,0.050024666
1446.6808740134816,18099.838,4.3209457,0.0032556485,10522,859.1454502965872,307.51804429314234,17192.723,4.0902705,1730.647,1.4421073,18099.838,4.3209457,0,,,,,859.1454502965872,0.00020696569,307.51804429314234,0.00024008627,0.0018143101,0.05045763
1446.7017071995115,18102.082,4.3215585,0.0032555098,10523,859.1456999098104,307.518625764402,17195.09,4.090851,1733.3551,1.4423581,18102.082,4.3215585,0,,,,,859.1456999098104,0.00020688592,307.518625764402,0.00024015995,0.0020336637,0.050742466
1446.7225403848427,18107.07,4.3218923,0.0032553703,10524,859.1455981548821,307.5179304294313,17198.596,4.0911665,1730.3853,1.443491,18107.07,4.3218923,0,,,,,859.1455981548821,0.00020705452,307.5179304294313,0.00024005551,0.0016492533,0.049630947
1446.7433735694756,18108.225,4.3217807,0.0032552301,10525,859.1450485252327,307.51857549806994,17201.676,4.091061,1730.5065,1.4430159,18108.225,4.3217807,0,,,,,859.1450485252327,0.00020685677,307.51857549806994,0.00023997649,0.00096247235,0.050585423
1446.7642067536426,18100.684,4.3200226,0.0032550895,10526,859.1450363494655,307.5180528321615,17193.516,4.0893965,1731.6742,1.4415601,18100.684,4.3200226,0,,,,,859.1450363494655,0.00020690665,307.5180528321615,0.00023999566,0.0014289935,0.050688144
1446.7850399368785,18110.484,4.3215966,0.003254948,10527,859.1452979463622,307.5188126923075,17202.889,4.0908866,1730.5287,1.442394,18110.484,4.3215966,0,,,,,859.1452979463622,0.00020683913,307.5188126923075,0.0002400275,0.0015926372,0.051055465
1446.805873119416,18105.764,4.320694,0.0032548057,10528,859.1446596871377,307.5191060176002,17199.457,4.090032,1731.6215,1.4419198,18105.764,4.320694,0,,,,,859.1446596871377,0.00020687225,307.5191060176002,0.00023993728,0.0013380194,0.05114658
1446.826706301255,18114.285,4.3212442,0.0032546627,10529,859.1452419985859,307.5190660551741,17206.672,4.0905533,1731.6526,1.4414006,18114.285,4.3212442,0,,,,,859.1452419985859,0.00020680291,307.5190660551741,0.00023988415,0.002059164,0.051541526
1446.847539482628,18113.453,4.3214917,0.0032545193,10530,859.1457756095671,307.5185424214444,17206.105,4.0907874,1730.8765,1.4416177,18113.453,4.3214917,0,,,,,859.1457756095671,0.00020682126,307.5185424214444,0.00023992108,0.0014684738,0.050843745
1446.8683726630693,18109.348,4.3206186,0.003254375,10531,859.1450101002708,307.5191686851714,17201.332,4.0899606,1730.8776,1.4410915,18109.348,4.3206186,0,,,,,859.1450101002708,0.00020684754,307.5191686851714,0.00023997184,0.0012055559,0.05136406
1446.8892058428119,18102.25,4.320225,0.00325423,10532,859.1451635114672,307.51931378475746,17193.887,4.089588,1731.572,1.4414719,18102.25,4.320225,0,,,,,859.1451635114672,0.000206872,307.51931378475746,0.00024000417,0.001606099,0.051520552
1446.9100390220904,18112.88,4.321076,0.0032540844,10533,859.1454908366572,307.5196858903519,17203.543,4.090394,1732.3414,1.4422693,18112.88,4.321076,0,,,,,859.1454908366572,0.00020684015,307.5196858903519,0.0002399346,0.0016470386,0.05182554
1446.9308722004375,18110.467,4.322079,0.003253938,10534,859.1459428785964,307.51916739229114,17201.191,4.091344,1732.8839,1.4434737,18110.467,4.322079,0,,,,,859.1459428785964,0.00020689827,307.51916739229114,0.00024007111,0.0021442005,0.051384952
1446.9517053780855,18106.45,4.320216,0.0032537908,10535,859.1455171986285,307.5190996220373,17197.672,4.0895796,1730.4711,1.4414848,18106.45,4.320216,0,,,,,859.1455171986285,0.00020682934,307.5190996220373,0.00023996815,0.0013717358,0.05141071
1446.9725385552679,18107.932,4.3217463,0.0032536432,10536,859.1452872311398,307.51902896608584,17198.455,4.0910287,1731.172,1.4435639,18107.932,4.3217463,0,,,,,859.1452872311398,0.00020697239,307.51902896608584,0.00024008042,0.0014352908,0.05114224
1446.993371731518,18101.416,4.3195257,0.0032534946,10537,859.1461627094283,307.52008315535903,17191.967,4.0889263,1729.8915,1.4409058,18101.416,4.3195257,0,,,,,859.1461627094283,0.00020695015,307.52008315535903,0.00024007683,0.0023775473,0.05227984
1447.0142049073027,18100.719,4.320458,0.0032533456,10538,859.1440649368064,307.5186186955228,17191.441,4.089809,1732.7074,1.4421316,18100.719,4.320458,0,,,,,859.1440649368064,0.00020697336,307.5186186955228,0.00024014468,6.3442356e-05,0.050243273
1447.0558712565448,18103.0,4.320018,0.0032530453,10540,859.145770792,307.51922685666136,17190.3,4.0893927,1732.8835,1.4420757,18103.0,4.320018,0,,,,,859.145770792,0.00020692608,307.51922685666136,0.00024021858,0.0019147998,0.051244963
1447.0767044300026,18110.777,4.3224387,0.003252894,10541,859.145303573989,307.51978740379775,17202.457,4.091684,1731.3752,1.4437187,18110.777,4.3224387,0,,,,,859.145303573989,0.00020688673,307.51978740379775,0.00024005622,0.0015535066,0.052252144
1447.0975376029946,18107.324,4.3215957,0.003252742,10542,859.1459538690008,307.52104891270636,17199.32,4.0908856,1732.3766,1.442478,18107.324,4.3215957,0,,,,,859.1459538690008,0.00020690457,307.52104891270636,0.00024005164,0.002002144,0.052971255
1447.1183707750538,18106.246,4.3200846,0.0032525894,10543,859.1460508184551,307.52022626155394,17198.197,4.0894556,1730.3949,1.440878,18106.246,4.3200846,0,,,,,859.1460508184551,0.00020677867,307.52022626155394,0.00023999804,0.0020700982,0.05271228
1447.1392039466475,18108.71,4.3211117,0.0032524362,10544,859.1458051257591,307.5204394430198,17201.592,4.090428,1729.528,1.4417903,18108.71,4.3211117,0,,,,,859.1458051257591,0.00020688467,307.5204394430198,0.0002399044,0.0020802473,0.052759822
1447.1600371173106,18105.408,4.3221736,0.003252282,10545,859.1454094120027,307.5206378495933,17197.082,4.091433,1733.8099,1.4448897,18105.408,4.3221736,0,,,,,859.1454094120027,0.00020691044,307.5206378495933,0.00024004241,0.001717387,0.0529552
1447.1808702875078,18103.996,4.3221602,0.0032521274,10546,859.1454299431286,307.5198802722056,17196.686,4.0914207,1733.9475,1.4435666,18103.996,4.3221602,0,,,,,859.1454299431286,0.00020698445,307.5198802722056,0.00024013015,0.0016833874,0.051989425
1447.2017034567739,18110.89,4.321381,0.003251972,10547,859.1455279970507,307.5206609587402,17203.01,4.090683,1733.707,1.4422642,18110.89,4.321381,0,,,,,859.1455279970507,0.00020684798,307.5206609587402,0.00023988509,0.0017652538,0.05287339
1447.2225366253415,18108.2,4.321832,0.0032518157,10548,859.1452105947507,307.52108361165295,17199.684,4.0911098,1732.9419,1.4442629,18108.2,4.321832,0,,,,,859.1452105947507,0.00020689925,307.52108361165295,0.00023995666,0.0016417664,0.053497363
1447.243369793444,18105.031,4.321573,0.003251659,10549,859.1459205265284,307.52067120463556,17196.924,4.090864,1734.4609,1.444148,18105.031,4.321573,0,,,,,859.1459205265284,0.00020687186,307.52067120463556,0.00023997576,0.0023715259,0.053597193
1447.2642029606145,18106.73,4.323074,0.0032515014,10550,859.1457478355329,307.5208237002128,17198.79,4.092285,1734.6951,1.44363,18106.73,4.323074,0,,,,,859.1457478355329,0.00020695243,307.5208237002128,0.00024016957,0.001976847,0.053467054
1447.2850361273188,18105.47,4.3226624,0.0032513433,10551,859.1454977612026,307.5208302480481,17197.582,4.0918956,1734.7229,1.4439855,18105.47,4.3226624,0,,,,,859.1454977612026,0.00020702355,307.5208302480481,0.00024010772,0.0016885224,0.05317594
1447.3058692930922,18100.52,4.3205543,0.0032511842,10552,859.1460889514489,307.52115850477924,17193.219,4.0899,1734.5781,1.4420025,18100.52,4.3205543,0,,,,,859.1460889514489,0.00020695622,307.52115850477924,0.0002400106,0.0023897425,0.053177085
1447.3267024581673,18106.39,4.3218637,0.0032510245,10553,859.145288669922,307.5209417588009,17198.186,4.0911393,1735.7753,1.4437513,18106.39,4.3218637,0,,,,,859.145288669922,0.00020692177,307.5209417588009,0.0002400103,0.0015640944,0.053019714
1447.3475356227768,18105.027,4.3224416,0.0032508643,10554,859.1457149187003,307.5211723876282,17196.336,4.0916867,1736.289,1.44493,18105.027,4.3224416,0,,,,,859.1457149187003,0.0002069434,307.5211723876282,0.00024005964,0.0022128257,0.053468622
1447.368368786455,18101.215,4.323455,0.0032507032,10555,859.1460051566248,307.5213030598862,17192.777,4.092646,1737.4546,1.4445583,18101.215,4.323455,0,,,,,859.1460051566248,0.0002071209,307.5213030598862,0.00024031311,0.0026193294,0.053798687
1447.3892019494347,18104.941,4.3220787,0.0032505414,10556,859.1454040145492,307.5215520371578,17196.123,4.0913434,1737.11,1.4433287,18104.941,4.3220787,0,,,,,859.1454040145492,0.00020697975,307.5215520371578,0.00024012003,0.0017505344,0.0539456
1447.4100351117156,18107.03,4.322117,0.0032503789,10557,859.1457244136478,307.52172249000796,17198.742,4.091379,1737.9182,1.4437716,18107.03,4.322117,0,,,,,859.1457244136478,0.00020699826,307.52172249000796,0.00023998617,0.002376708,0.0539547
1447.4308682732983,18107.19,4.3226247,0.0032502157,10558,859.1453321818891,307.52113751425554,17199.057,4.0918603,1737.9735,1.4450732,18107.19,4.3226247,0,,,,,859.1453321818891,0.00020698569,307.52113751425554,0.00024003451,0.0018044476,0.053678498
1447.4517014341823,18104.941,4.32205,0.0032500518,10559,859.1458093610224,307.521064125148,17196.277,4.091316,1739.7067,1.4437152,18104.941,4.32205,0,,,,,859.1458093610224,0.00020688349,307.521064125148,0.00024014528,0.002128159,0.053442687
1447.4725345946008,18099.777,4.3215513,0.0032498874,10560,859.1457422149349,307.5217536046282,17192.15,4.090844,1740.0072,1.4438647,18099.777,4.3215513,0,,,,,859.1457422149349,0.00020700123,307.5217536046282,0.0002400651,0.0025297874,0.054137953
1447.493367754088,18104.262,4.322996,0.003249722,10561,859.1455530125605,307.5221323829707,17196.312,4.0922117,1740.2736,1.4456319,18104.262,4.322996,0,,,,,859.1455530125605,0.00020696236,307.5221323829707,0.00024014196,0.0022829066,0.05450857
1447.514200912644,18104.043,4.3236547,0.0032495558,10562,859.1455849164556,307.52158437549537,17196.58,4.0928345,1742.1615,1.4470276,18104.043,4.3236547,0,,,,,859.1455849164556,0.00020699024,307.52158437549537,0.00024006986,0.0023024222,0.054312106
1447.535034070734,18102.482,4.323824,0.0032493891,10563,859.146006998865,307.5218105882759,17194.9,4.092995,1741.2017,1.4459292,18102.482,4.323824,0,,,,,859.146006998865,0.00020704784,307.5218105882759,0.00024023991,0.0024439418,0.05459393
1447.555867228125,18108.957,4.3237085,0.0032492217,10564,859.1453304957365,307.52198700394274,17200.81,4.092886,1742.4336,1.4458278,18108.957,4.3237085,0,,,,,859.1453304957365,0.00020702212,307.52198700394274,0.00024005293,0.0017922472,0.05433999
1447.5767003848182,18112.012,4.3232303,0.0032490536,10565,859.1456192434293,307.5220646006883,17203.686,4.0924335,1739.9598,1.4447947,18112.012,4.3232303,0,,,,,859.1456192434293,0.0002069594,307.5220646006883,0.00024001747,0.002245551,0.054615196
1447.5975335408134,18111.326,4.322664,0.0032488848,10566,859.1458651142326,307.52222217717417,17203.135,4.091897,1739.0983,1.4436623,18111.326,4.322664,0,,,,,859.1458651142326,0.00020692218,307.52222217717417,0.00024006586,0.0025244497,0.054602057
1447.6183666958768,18106.621,4.3233304,0.003248715,10567,859.1457925240252,307.5220897621961,17198.447,4.0925283,1744.4469,1.4448835,18106.621,4.3233304,0,,,,,859.1457925240252,0.00020698372,307.5220897621961,0.00024011449,0.002109192,0.054570556
1447.6391998504746,18105.273,4.3223624,0.0032485449,10568,859.1460412519966,307.52242919516704,17197.02,4.091612,1741.3444,1.4440154,18105.273,4.3223624,0,,,,,859.1460412519966,0.00020702468,307.52242919516704,0.00024013266,0.0025805982,0.055004407
1447.6600330043739,18107.273,4.3233833,0.003248374,10569,859.1463568482919,307.5227030902255,17198.81,4.092578,1742.8153,1.4455682,18107.273,4.3233833,0,,,,,859.1463568482919,0.00020702711,307.5227030902255,0.00024011602,0.0024875817,0.05550701
1447.6808661573416,18110.963,4.323933,0.0032482021,10570,859.1454930863874,307.5219257486678,17201.713,4.0930986,1740.7976,1.4450713,18110.963,4.323933,0,,,,,859.1454930863874,0.00020703161,307.5219257486678,0.00024019166,0.0021385306,0.054641098
1447.701699309611,18108.11,4.323111,0.0032480296,10571,859.1463493524143,307.5229016284363,17199.436,4.0923204,1742.9674,1.4450622,18108.11,4.323111,0,,,,,859.1463493524143,0.00020697812,307.5229016284363,0.0002400709,0.0029792169,0.055770308
1447.7225324614142,18108.707,4.3234353,0.0032478566,10572,859.1458947470546,307.52252695971055,17200.41,4.092627,1741.1246,1.444958,18108.707,4.3234353,0,,,,,859.1458947470546,0.00020699725,307.52252695971055,0.00024013256,0.0023286648,0.054999072
1447.7433656122857,18111.523,4.324519,0.0032476827,10573,859.1456618544458,307.522407459169,17202.553,4.093653,1742.9817,1.4456927,18111.523,4.324519,0,,,,,859.1456618544458,0.00020702409,307.522407459169,0.0002402042,0.002479325,0.05493224
1447.7641987624604,18114.143,4.3242526,0.003247508,10574,859.1461256690613,307.52338432431617,17204.943,4.093401,1744.5184,1.4456381,18114.143,4.3242526,0,,,,,859.1461256690613,0.0002070611,307.52338432431617,0.00024010956,0.0025009313,0.05605369
1447.7850319119366,18104.826,4.323493,0.0032473328,10575,859.1460722509695,307.5225217488548,17196.383,4.092682,1743.8533,1.4455549,18104.826,4.323493,0,,,,,859.1460722509695,0.00020709867,307.5225217488548,0.00024018626,0.0025774578,0.055005856
1447.8058650607136,18103.469,4.3247347,0.0032471567,10576,859.145796620947,307.52343005696196,17194.541,4.0938573,1748.2572,1.4478108,18103.469,4.3247347,0,,,,,859.145796620947,0.00020715408,307.52343005696196,0.00024026584,0.0021429167,0.05566747
1447.8266982087919,18105.994,4.3232923,0.00324698,10577,859.1463002096696,307.5227976817406,17197.598,4.092492,1745.5903,1.4454494,18105.994,4.3232923,0,,,,,859.1463002096696,0.00020707297,307.5227976817406,0.00024004269,0.0030424478,0.055976365
1447.847531355939,18109.88,4.323902,0.0032468024,10578,859.1458765680705,307.52319938297734,17200.379,4.093069,1744.9836,1.446363,18109.88,4.323902,0,,,,,859.1458765680705,0.0002069689,307.52319938297734,0.00024020059,0.0025126918,0.056178324
1447.8683645026204,18110.172,4.3234773,0.0032466243,10579,859.1465178806325,307.5232844128658,17201.795,4.092667,1744.9724,1.4457515,18110.172,4.3234773,0,,,,,859.1465178806325,0.0002069992,307.5232844128658,0.00024006456,0.0028143837,0.05623596
1447.8891976483706,18108.418,4.3239255,0.0032464452,10580,859.1458547383663,307.52344023041104,17200.316,4.093091,1748.0294,1.4462634,18108.418,4.3239255,0,,,,,859.1458547383663,0.00020700136,307.52344023041104,0.00024012181,0.0021605704,0.0562531
1447.9100307936544,18107.135,4.3246317,0.0032462657,10581,859.1460084947983,307.5237945386676,17198.182,4.09376,1746.1508,1.4474225,18107.135,4.3246317,0,,,,,859.1460084947983,0.00020703125,307.5237945386676,0.00024028023,0.002496134,0.056142967
1447.9308639380074,18114.988,4.3253636,0.0032460853,10582,859.1466188124954,307.52348276285477,17204.066,4.094453,1746.5673,1.4469142,18114.988,4.3253636,0,,,,,859.1466188124954,0.00020706138,307.52348276285477,0.00024032082,0.0031131874,0.05581529
1447.9516970816628,18108.725,4.325197,0.003245904,10583,859.1463772886092,307.5238322968061,17198.762,4.0942955,1750.155,1.4478458,18108.725,4.325197,0,,,,,859.1463772886092,0.00020709801,307.5238322968061,0.00024028993,0.0030780116,0.05663406
1447.972530224619,18108.297,4.324215,0.0032457223,10584,859.1458038533939,307.52387203060215,17200.11,4.0933657,1749.3308,1.4468687,18108.297,4.324215,0,,,,,859.1458038533939,0.00020702904,307.52387203060215,0.0002401685,0.0025189966,0.056399837
1447.9933633668768,18106.639,4.3249483,0.0032455397,10585,859.1466444167897,307.5239841592797,17198.693,4.0940595,1747.974,1.4475131,18106.639,4.3249483,0,,,,,859.1466444167897,0.0002071165,307.5239841592797,0.00024022975,0.0031350488,0.056710064
1448.0141965084358,18111.154,4.3269873,0.0032453565,10586,859.1458918407399,307.5238789474331,17203.102,4.0959897,1750.7001,1.4499834,18111.154,4.3269873,0,,,,,859.1458918407399,0.00020708295,307.5238789474331,0.00024024943,0.002356984,0.057106853
1448.0350296492966,18109.773,4.3264923,0.0032451726,10587,859.1467197287885,307.52351647337025,17202.182,4.095521,1752.1989,1.4489629,18109.773,4.3264923,0,,,,,859.1467197287885,0.00020713898,307.52351647337025,0.0002402578,0.0032364635,0.056630805
1448.055862789226,18109.998,4.32431,0.0032449877,10588,859.1462772983981,307.52411649050407,17202.158,4.0934553,1750.592,1.4462426,18109.998,4.32431,0,,,,,859.1462772983981,0.00020701393,307.52411649050407,0.00024013552,0.00279571,0.056537874
1448.0766959286898,18107.398,4.3243537,0.0032448024,10589,859.1463858028316,307.5239136563774,17200.066,4.0934963,1750.2823,1.447085,18107.398,4.3243537,0,,,,,859.1463858028316,0.00020703797,307.5239136563774,0.0002401685,0.0028646216,0.056874216
1448.097529067222,18097.264,4.324175,0.003244616,10590,859.1463635980516,307.52400342971697,17189.18,4.0933275,1752.602,1.4488165,18097.264,4.324175,0,,,,,859.1463635980516,0.00020716603,307.52400342971697,0.0002402867,0.0029150185,0.057036202
1448.118362205056,18103.43,4.325445,0.0032444291,10591,859.1459218997726,307.52447864344066,17195.082,4.0945296,1752.7775,1.4496806,18103.43,4.325445,0,,,,,859.1459218997726,0.00020720926,307.52447864344066,0.00024019985,0.0027969312,0.057296045
1448.1391953421914,18106.053,4.3253155,0.0032442415,10592,859.146567242441,307.524296401529,17197.63,4.0944066,1751.6968,1.448272,18106.053,4.3253155,0,,,,,859.146567242441,0.0002071505,307.524296401529,0.00024028434,0.003485822,0.057179376
1448.1600284786282,18106.885,4.324664,0.003244053,10593,859.1464624163003,307.5249241774565,17198.166,4.0937905,1753.1868,1.4473802,18106.885,4.324664,0,,,,,859.1464624163003,0.00020711432,307.5249241774565,0.00024024275,0.0027480293,0.057619546
1448.1808616143667,18115.785,4.32566,0.003243864,10594,859.1461036737118,307.52391202698334,17206.652,4.0947337,1751.1808,1.447249,18115.785,4.32566,0,,,,,859.1461036737118,0.0002071103,307.52391202698334,0.00024018351,0.003080356,0.056785386
1448.2016947491738,18105.037,4.324762,0.003243674,10595,859.146980697655,307.5245996262121,17196.562,4.093883,1750.345,1.4475818,18105.037,4.324762,0,,,,,859.146980697655,0.00020713623,307.5245996262121,0.00024024484,0.0038639426,0.057354953
1448.2225278835153,18110.04,4.326636,0.0032434836,10596,859.1464911579964,307.5249100790455,17200.146,4.095657,1753.9637,1.4511715,18110.04,4.326636,0,,,,,859.1464911579964,0.00020712567,307.5249100790455,0.00024027159,0.0026177776,0.057969667
1448.2433610169253,18104.275,4.325324,0.0032432922,10597,859.1469928517471,307.5255139279184,17196.12,4.094415,1753.2936,1.4487809,18104.275,4.325324,0,,,,,859.1469928517471,0.00020718973,307.5255139279184,0.00024021471,0.0037901076,0.058253013
1448.2641941496377,18107.324,4.3267565,0.0032431001,10598,859.14694937383,307.52497696750646,17198.287,4.0957713,1755.6852,1.4493783,18107.324,4.3267565,0,,,,,859.14694937383,0.00020711782,307.52497696750646,0.000240451,0.00353869,0.057983972
1448.2850272816513,18104.041,4.3257422,0.0032429073,10599,859.1466802804653,307.5246488507947,17195.639,4.0948114,1756.1519,1.4497348,18104.041,4.3257422,0,,,,,859.1466802804653,0.00020717521,307.5246488507947,0.00024032225,0.0031434312,0.05711574
1448.3058604127332,18108.125,4.326965,0.0032427136,10600,859.1474301582672,307.5259467783971,17198.666,4.0959682,1756.2255,1.4516852,18108.125,4.326965,0,,,,,859.1474301582672,0.00020718637,307.5259467783971,0.0002403,0.0040001124,0.05901763
1448.3266935433487,18112.094,4.3271594,0.0032425195,10601,859.1467437680893,307.52558221741634,17202.947,4.096153,1754.3518,1.4495876,18112.094,4.3271594,0,,,,,859.1467437680893,0.0002071108,307.52558221741634,0.00024036967,0.0030572994,0.05794409
1448.347526673033,18115.545,4.327368,0.0032423243,10602,859.1468865626628,307.5255010634629,17207.418,4.0963497,1757.4908,1.4502696,18115.545,4.327368,0,,,,,859.1468865626628,0.00020720047,307.5255010634629,0.00024021872,0.0031794042,0.058414094
1448.3683598022521,18106.28,4.325433,0.0032421288,10603,859.1467248597307,307.5254690619791,17198.145,4.094518,1755.7479,1.4480233,18106.28,4.325433,0,,,,,859.1467248597307,0.00020710994,307.5254690619791,0.0002402864,0.0034711617,0.058510616
1448.3891929305398,18110.596,4.3262577,0.0032419323,10604,859.1465119341184,307.52507925651435,17202.28,4.0952992,1755.262,1.4495226,18110.596,4.3262577,0,,,,,859.1465119341184,0.00020715741,307.52507925651435,0.00024027433,0.0032924807,0.05776928
1448.4100260578964,18110.205,4.325954,0.0032417348,10605,859.1471019976083,307.52666877749994,17201.822,4.0950117,1754.7639,1.4484681,18110.205,4.325954,0,,,,,859.1471019976083,0.0002071073,307.52666877749994,0.00024020302,0.0038022546,0.0598946
1448.430859184788,18102.258,4.32503,0.003241537,10606,859.1467955111992,307.52488995354645,17194.922,4.0941367,1756.6678,1.4484216,18102.258,4.32503,0,,,,,859.1467955111992,0.00020715021,307.52488995354645,0.00024029368,0.0034613847,0.057727065
1448.451692310981,18103.234,4.3270745,0.0032413383,10607,859.1472372773597,307.5261597068119,17196.156,4.096072,1757.1107,1.4507447,18103.234,4.3270745,0,,,,,859.1472372773597,0.00020737555,307.5261597068119,0.0002403581,0.003521794,0.059105
1448.472525436242,18102.664,4.325824,0.0032411388,10608,859.147091979376,307.5256906336982,17195.746,4.094888,1754.9286,1.448877,18102.664,4.325824,0,,,,,859.147091979376,0.00020718877,307.5256906336982,0.00024033652,0.0039411103,0.05884285
1448.4933585608046,18105.553,4.3258758,0.0032409385,10609,859.146785321756,307.5256033995629,17197.562,4.0949373,1759.1584,1.4491189,18105.553,4.3258758,0,,,,,859.146785321756,0.00020719456,307.5256033995629,0.00024025222,0.003626432,0.058600817
1448.5141916846685,18109.33,4.3276143,0.0032407376,10610,859.1470832157054,307.5255741532433,17202.545,4.0965834,1758.56,1.4501828,18109.33,4.3276143,0,,,,,859.1470832157054,0.0002071981,307.5255741532433,0.0002403761,0.0036593932,0.05874888
1448.5350248076013,18108.877,4.326435,0.0032405357,10611,859.1472287937348,307.5257524072169,17201.367,4.095467,1756.0126,1.4497293,18108.877,4.326435,0,,,,,859.1472287937348,0.00020714408,307.5257524072169,0.0002402725,0.0036327238,0.058624867
1448.5558579300684,18111.559,4.3273287,0.0032403334,10612,859.1470094267769,307.5259723162947,17203.654,4.096313,1757.7642,1.451336,18111.559,4.3273287,0,,,,,859.1470094267769,0.00020716926,307.5259723162947,0.00024021152,0.003755134,0.0591719
1448.576691051604,18101.955,4.326338,0.0032401301,10613,859.1469726682312,307.5260844240423,17195.674,4.0953746,1759.8208,1.4500405,18101.955,4.326338,0,,,,,859.1469726682312,0.00020715727,307.5260844240423,0.00024027663,0.0037738644,0.058848787
1448.5975241724414,18112.82,4.3274755,0.0032399262,10614,859.1470369241213,307.52599542019635,17205.488,4.0964518,1758.1783,1.4509393,18112.82,4.3274755,0,,,,,859.1470369241213,0.0002071566,307.52599542019635,0.00024022615,0.0034310224,0.059239186
1448.6183572925802,18111.824,4.3262205,0.0032397215,10615,859.1473504869394,307.52622928878924,17204.922,4.095264,1756.5123,1.4488909,18111.824,4.3262205,0,,,,,859.1473504869394,0.00020715567,307.52622928878924,0.00024025216,0.004199423,0.059412524
1448.6391904120205,18106.95,4.3262854,0.0032395162,10616,859.1472010796933,307.52657453768785,17200.352,4.0953255,1756.9497,1.4493176,18106.95,4.3262854,0,,,,,859.1472010796933,0.0002071448,307.52657453768785,0.0002402859,0.0035379163,0.059487604
1448.6600235305293,18108.416,4.328624,0.0032393099,10617,859.1468677616198,307.5260897652093,17201.94,4.0975385,1757.5652,1.4541494,18108.416,4.328624,0,,,,,859.1468677616198,0.00020721415,307.5260897652093,0.00024028153,0.0038299419,0.05889487
1448.6808566485727,18112.195,4.3272557,0.0032391031,10618,859.147489618695,307.52706632964714,17205.658,4.096244,1758.7637,1.4502921,18112.195,4.3272557,0,,,,,859.147489618695,0.00020718432,307.52706632964714,0.00024024826,0.004126987,0.060001884
1448.7016897656845,18107.105,4.3271103,0.0032388954,10619,859.1470377680661,307.52612160277044,17201.363,4.0961065,1757.9093,1.4507978,18107.105,4.3271103,0,,,,,859.1470377680661,0.00020719157,307.52612160277044,0.0002403177,0.0037810171,0.059216518
1448.7225228818652,18109.51,4.3269663,0.0032386868,10620,859.1471833672368,307.52596831748707,17204.107,4.09597,1761.8353,1.4497896,18109.51,4.3269663,0,,,,,859.1471833672368,0.00020714922,307.52596831748707,0.00024017764,0.0039966633,0.059500363
1448.7433559975802,18106.283,4.327274,0.0032384777,10621,859.1469465576988,307.5268367759969,17200.676,4.096261,1760.4246,1.4501635,18106.283,4.327274,0,,,,,859.1469465576988,0.0002072828,307.5268367759969,0.0002402524,0.0035966977,0.060065724
1448.7641891123646,18108.215,4.32756,0.0032382677,10622,859.1473278969506,307.5267359502586,17202.113,4.096532,1760.7997,1.4507085,18108.215,4.32756,0,,,,,859.1473278969506,0.00020721389,307.5267359502586,0.00024028536,0.003711197,0.0596465
1448.7850222266834,18104.486,4.328685,0.0032380573,10623,859.1475972290582,307.526675204711,17199.908,4.0975966,1759.667,1.4516789,18104.486,4.328685,0,,,,,859.1475972290582,0.00020735964,307.526675204711,0.00024045276,0.004370549,0.059790805
1448.80585534007,18104.91,4.3279195,0.0032378458,10624,859.1475253958748,307.52691401035366,17199.383,4.0968723,1762.672,1.4513965,18104.91,4.3279195,0,,,,,859.1475253958748,0.00020730223,307.52691401035366,0.00024035048,0.0041604973,0.059925098
1448.8266884525253,18107.502,4.327699,0.0032376335,10625,859.1471237298866,307.5265540876891,17202.016,4.0966635,1760.296,1.4508625,18107.502,4.327699,0,,,,,859.1471237298866,0.00020724554,307.5265540876891,0.00024033902,0.004012522,0.05948322
1448.8475215645149,18105.303,4.3267574,0.0032374207,10626,859.1473931229801,307.5267440098292,17200.227,4.0957723,1760.2455,1.4500793,18105.303,4.3267574,0,,,,,859.1473931229801,0.00020718045,307.5267440098292,0.00024032372,0.0041261795,0.06012122
1448.8683546755733,18101.98,4.327398,0.003237207,10627,859.1475771025873,307.52643006326616,17197.227,4.096379,1760.9087,1.4500616,18101.98,4.327398,0,,,,,859.1475771025873,0.00020729659,307.52643006326616,0.00024043683,0.0044037863,0.059664093
1448.8891877859332,18097.393,4.3267727,0.0032369925,10628,859.1479357784979,307.526914590127,17192.635,4.0957866,1764.3248,1.4512959,18097.393,4.3267727,0,,,,,859.1479357784979,0.00020729146,307.526914590127,0.00024033076,0.004537495,0.06025667
1448.9100208955947,18109.38,4.3272676,0.0032367774,10629,859.1475057958212,307.5270316302416,17203.977,4.096255,1760.4166,1.4500006,18109.38,4.3272676,0,,,,,859.1475057958212,0.00020728183,307.5270316302416,0.00024025084,0.0042581228,0.06016538
1448.9308540045577,18098.633,4.328145,0.0032365615,10630,859.1480029986959,307.52679713904257,17193.951,4.0970855,1764.5767,1.4525919,18098.633,4.328145,0,,,,,859.1480029986959,0.00020746967,307.52679713904257,0.00024043943,0.0046362323,0.05996055
1448.951687112822,18104.951,4.32689,0.003236345,10631,859.1477526541361,307.5274723486444,17199.29,4.0958977,1760.325,1.450234,18104.951,4.32689,0,,,,,859.1477526541361,0.00020730219,307.5274723486444,0.00024033012,0.004716795,0.06051771
1448.972520220155,18109.45,4.3287745,0.0032361276,10632,859.1478817095841,307.5270513775363,17204.572,4.097681,1760.7865,1.4536577,18109.45,4.3287745,0,,,,,859.1478817095841,0.00020733554,307.5270513775363,0.00024025772,0.0050624567,0.06012163
1448.9933533267895,18107.02,4.328743,0.0032359094,10633,859.1478078802835,307.527150797119,17201.605,4.097652,1764.7892,1.4521582,18107.02,4.328743,0,,,,,859.1478078802835,0.00020730023,307.527150797119,0.00024045943,0.00484635,0.06028795
1449.0141864327256,18113.938,4.3276443,0.0032356905,10634,859.1480260187996,307.5286344273486,17207.68,4.0966115,1761.3633,1.4500967,18113.938,4.3276443,0,,,,,859.1480260187996,0.000207253,307.5286344273486,0.00024027433,0.0051211473,0.061423615
1449.0350195379633,18104.908,4.3277206,0.003235471,10635,859.1477444899933,307.5265638822307,17199.719,4.096684,1765.7325,1.4513654,18104.908,4.3277206,0,,,,,859.1477444899933,0.00020726379,307.5265638822307,0.00024037583,0.0043225735,0.059756245
1449.0558526422697,18107.049,4.32723,0.0032352505,10636,859.1484535468961,307.5280699365653,17202.4,4.0962195,1761.0222,1.4505155,18107.049,4.32723,0,,,,,859.1484535468961,0.00020720412,307.5280699365653,0.00024027714,0.005044524,0.061135724
1449.0766857458773,18104.14,4.329031,0.0032350293,10637,859.1481561982454,307.5268901633135,17199.523,4.097924,1765.299,1.4522264,18104.14,4.329031,0,,,,,859.1481561982454,0.00020736935,307.5268901633135,0.00024044387,0.0050954088,0.06005308
1449.0975188490202,18101.252,4.328073,0.0032348076,10638,859.148088447068,307.5270501882596,17197.87,4.0970173,1763.8633,1.4517378,18101.252,4.328073,0,,,,,859.148088447068,0.00020729836,307.5270501882596,0.00024043833,0.004858538,0.060148746
1449.1183519512317,18098.057,4.3283606,0.003234585,10639,859.1478220043275,307.5276873649364,17194.568,4.0972896,1766.7498,1.4519615,18098.057,4.3283606,0,,,,,859.1478220043275,0.00020737106,307.5276873649364,0.00024054544,0.0051974957,0.060914274
1449.139185052511,18110.098,4.3284726,0.0032343615,10640,859.148438785986,307.5268645063391,17205.201,4.097396,1765.1965,1.4514734,18110.098,4.3284726,0,,,,,859.148438785986,0.00020727947,307.5268645063391,0.00024031165,0.0051501575,0.06022434
1449.160018153325,18103.459,4.32669,0.0032341375,10641,859.1486433137593,307.5281181110692,17200.287,4.095709,1763.0394,1.4501458,18103.459,4.32669,0,,,,,859.1486433137593,0.00020718035,307.5281181110692,0.00024030962,0.0056755873,0.06132115
1449.1808512532075,18102.977,4.326967,0.0032339126,10642,859.1488692107872,307.527027371614,17199.916,4.09597,1761.7509,1.4499015,18102.977,4.326967,0,,,,,859.1488692107872,0.00020724972,307.527027371614,0.0002403669,0.00557987,0.060422078
1449.2016843526244,18098.041,4.3294663,0.0032336873,10643,859.1486548543382,307.52818077859905,17195.703,4.098336,1764.381,1.4547266,18098.041,4.3294663,0,,,,,859.1486548543382,0.00020737838,307.52818077859905,0.00024045179,0.005507694,0.060820818
1449.2225174511098,18107.816,4.328602,0.003233461,10644,859.1485392926559,307.5280474673105,17203.477,4.097518,1762.0713,1.4528681,18107.816,4.328602,0,,,,,859.1485392926559,0.00020736169,307.5280474673105,0.00024034805,0.0052447296,0.060823232
1449.2433505488968,18108.033,4.327363,0.003233234,10645,859.1483273011493,307.52738794234307,17204.354,4.0963454,1762.8182,1.4506543,18108.033,4.327363,0,,,,,859.1483273011493,0.00020728452,307.52738794234307,0.00024023972,0.0055645434,0.06066849
1449.2641836459861,18105.46,4.3278856,0.0032330062,10646,859.1489521863057,307.5277502069693,17202.834,4.0968404,1763.2605,1.4510115,18105.46,4.3278856,0,,,,,859.1489521863057,0.00020731342,307.5277502069693,0.0002403191,0.005949224,0.061010517
1449.2850167423767,18100.943,4.327095,0.0032327778,10647,859.149116742908,307.52775996713683,17198.58,4.0960917,1765.505,1.4502565,18100.943,4.327095,0,,,,,859.149116742908,0.00020724896,307.52775996713683,0.00024032897,0.0057659885,0.061207257
1449.3058498380683,18101.67,4.3272605,0.0032325487,10648,859.148977124404,307.5279499707178,17199.6,4.096248,1763.4872,1.4512445,18101.67,4.3272605,0,,,,,859.148977124404,0.00020720971,307.5279499707178,0.00024035439,0.0061584054,0.06135855
1449.3266829328286,18106.918,4.3283343,0.0032323187,10649,859.1484576111006,307.5279475909976,17203.83,4.0972652,1765.084,1.4522767,18106.918,4.3283343,0,,,,,859.1484576111006,0.00020723151,307.5279475909976,0.00024030142,0.0059714853,0.06139793
1449.3475160271232,18100.832,4.3298125,0.0032320882,10650,859.148618828869,307.52836923149687,17198.01,4.0986643,1765.2377,1.4534969,18100.832,4.3298125,0,,,,,859.148618828869,0.00020737191,307.52836923149687,0.00024057958,0.00538492,0.061684497
1449.3683491207191,18102.691,4.327201,0.003231857,10651,859.1496534347306,307.5278729797501,17200.188,4.096192,1763.5078,1.4503013,18102.691,4.327201,0,,,,,859.1496534347306,0.0002072451,307.5278729797501,0.00024032602,0.0064680795,0.06118006
1449.389182213384,18102.035,4.3295174,0.0032316248,10652,859.1492357235146,307.5280412198653,17199.443,4.098385,1765.5431,1.4517566,18102.035,4.3295174,0,,,,,859.1492357235146,0.00020749541,307.5280412198653,0.00024051528,0.0064052036,0.061211403
1449.410015305583,18111.719,4.3291907,0.0032313922,10653,859.1487949028814,307.52780771750685,17208.125,4.0980754,1761.8197,1.4518287,18111.719,4.3291907,0,,,,,859.1487949028814,0.0002074256,307.52780771750685,0.00024036816,0.006294653,0.061537467
1449.4308483968516,18109.898,4.328419,0.0032311587,10654,859.1493704951744,307.5278848775428,17206.87,4.0973454,1765.0652,1.4516698,18109.898,4.328419,0,,,,,859.1493704951744,0.00020721866,307.5278848775428,0.00024025397,0.0063491804,0.06108566
1449.4516814876542,18106.326,4.3273764,0.0032309247,10655,859.1494346548791,307.52787614777026,17202.666,4.096358,1760.8275,1.4507171,18106.326,4.3273764,0,,,,,859.1494346548791,0.00020726543,307.52787614777026,0.00024026011,0.006460992,0.06155837
1449.4725145775244,18103.725,4.327171,0.0032306898,10656,859.1492588529758,307.52758721927233,17201.107,4.0961637,1762.1686,1.4500858,18103.725,4.327171,0,,,,,859.1492588529758,0.00020724656,307.52758721927233,0.00024038788,0.0065445164,0.06110678
1449.493347666929,18108.33,4.3279414,0.0032304544,10657,859.1496352416697,307.52796564054984,17205.121,4.096893,1764.8445,1.4514062,18108.33,4.3279414,0,,,,,859.1496352416697,0.00020724097,307.52796564054984,0.0002402385,0.006731008,0.061104994
1449.5141807556354,18112.752,4.3281603,0.0032302183,10658,859.1498056776461,307.5284514827149,17209.818,4.0971003,1763.6086,1.4505229,18112.752,4.3281603,0,,,,,859.1498056776461,0.00020720542,307.5284514827149,0.00024025019,0.0068895966,0.061675236
1449.5350138436436,18102.035,4.3278913,0.0032299815,10659,859.1493486654929,307.5279681674433,17199.03,4.0968456,1762.2717,1.4514443,18102.035,4.3278913,0,,,,,859.1493486654929,0.00020731222,307.5279681674433,0.000240444,0.006292065,0.06166424
1449.555846930953,18100.555,4.327764,0.003229744,10660,859.1500400131094,307.52831277834485,17197.223,4.0967255,1766.4226,1.45194,18100.555,4.327764,0,,,,,859.1500400131094,0.00020730711,307.52831277834485,0.0002404601,0.0070857094,0.061522964
1449.5766800175643,18102.004,4.3269176,0.0032295058,10661,859.1498281800795,307.52735477198553,17198.867,4.095924,1763.2767,1.4498725,18102.004,4.3269176,0,,,,,859.1498281800795,0.0002072448,307.52735477198553,0.00024045215,0.006585293,0.060434666
1449.5975131037105,18106.375,4.328396,0.0032292672,10662,859.1499410917323,307.5283971821368,17202.598,4.097323,1761.2002,1.4522341,18106.375,4.328396,0,,,,,859.1499410917323,0.00020736,307.5283971821368,0.00024041427,0.0071613793,0.061501954
1449.6183461889254,18109.07,4.3277063,0.0032290276,10663,859.1497932145186,307.5284520013601,17203.678,4.0966706,1762.6606,1.4512634,18109.07,4.3277063,0,,,,,859.1497932145186,0.00020724199,307.5284520013601,0.00024044923,0.007024022,0.06154752
1449.639179273674,18100.96,4.3278074,0.0032287876,10664,859.149679289297,307.52703901572823,17196.75,4.096766,1762.4963,1.4509633,18100.96,4.3278074,0,,,,,859.149679289297,0.00020734887,307.52703901572823,0.00024056807,0.007026647,0.060489137
1449.6600123579567,18110.852,4.3277836,0.003228547,10665,859.1505051754385,307.52779571738876,17205.453,4.0967436,1762.6547,1.4513732,18110.852,4.3277836,0,,,,,859.1505051754385,0.00020717792,307.52779571738876,0.00024037254,0.007483109,0.060977943
1449.6808454415411,18092.965,4.3270454,0.0032283058,10666,859.1501370630493,307.52825700193364,17188.584,4.096045,1763.3258,1.4530795,18092.965,4.3270454,0,,,,,859.1501370630493,0.0002073528,307.52825700193364,0.00024052856,0.0075885286,0.06097243
1449.7016785244268,18109.217,4.327657,0.003228064,10667,859.149686285535,307.52731880338627,17203.041,4.096624,1762.5471,1.4505845,18109.217,4.327657,0,,,,,859.149686285535,0.00020726555,307.52731880338627,0.00024043427,0.007188778,0.06057407
1449.722511606847,18105.148,4.3276033,0.0032278216,10668,859.1507364576404,307.52839814679135,17199.424,4.0965734,1762.1373,1.4508948,18105.148,4.3276033,0,,,,,859.1507364576404,0.00020728465,307.52839814679135,0.00024048284,0.008197044,0.061175752
1449.7433446885689,18112.307,4.327459,0.0032275785,10669,859.1502504122653,307.52744815314196,17206.834,4.096436,1759.1453,1.44969,18112.307,4.327459,0,,,,,859.1502504122653,0.00020720766,307.52744815314196,0.00024040813,0.007833762,0.060513772
1449.7641777698257,18113.096,4.3271585,0.003227335,10670,859.1511550653053,307.527848657052,17206.46,4.096152,1761.3677,1.4490228,18113.096,4.3271585,0,,,,,859.1511550653053,0.00020721219,307.527848657052,0.00024040804,0.008354956,0.060960844
1449.7850108506168,18106.658,4.3267345,0.003227091,10671,859.1509355353455,307.52767240587696,17200.852,4.0957503,1758.8256,1.4499,18106.658,4.3267345,0,,,,,859.1509355353455,0.00020727179,307.52767240587696,0.0002404546,0.0083230175,0.060668178
1449.8058439309414,18112.693,4.327365,0.0032268465,10672,859.1504977098824,307.5274373447428,17206.016,4.0963473,1759.7252,1.4506378,18112.693,4.327365,0,,,,,859.1504977098824,0.00020720005,307.5274373447428,0.00024040794,0.00791651,0.06066029
1449.8266770105677,18106.719,4.3275366,0.0032266013,10673,859.151393789776,307.52832811130185,17200.078,4.0965095,1760.3257,1.4521354,18106.719,4.3275366,0,,,,,859.151393789776,0.00020723548,307.52832811130185,0.00024050465,0.008489089,0.061397433
1449.847510089728,18106.18,4.32781,0.0032263556,10674,859.1500729750601,307.5268014159729,17199.443,4.0967684,1759.6284,1.4513878,18106.18,4.32781,0,,,,,859.1500729750601,0.00020741808,307.5268014159729,0.00024059706,0.0073956097,0.05952933
1449.8683431686559,18108.328,4.3272915,0.0032261098,10675,859.1514743041005,307.5277131411841,17200.305,4.0962777,1759.7621,1.4511309,18108.328,4.3272915,0,,,,,859.1514743041005,0.00020726764,307.5277131411841,0.00024056173,0.008584022,0.060822435
1449.8891762468852,18095.605,4.3265543,0.0032258632,10676,859.1511732916889,307.5278770968508,17190.34,4.09558,1763.3298,1.4511603,18095.605,4.3265543,0,,,,,859.1511732916889,0.00020733336,307.5278770968508,0.00024053967,0.00866372,0.06126816
1449.9100093248817,18104.793,4.3276553,0.0032256164,10677,859.1511002083666,307.5273865653711,17197.635,4.096622,1759.486,1.4521435,18104.793,4.3276553,0,,,,,859.1511002083666,0.00020728465,307.5273865653711,0.00024063166,0.008704579,0.060602672
1449.9308424021801,18105.246,4.326735,0.003225369,10678,859.1510020380894,307.52743263370917,17197.416,4.095751,1760.0907,1.4503887,18105.246,4.326735,0,,,,,859.1510020380894,0.00020733279,307.52743263370917,0.00024053361,0.008589583,0.060464516
1449.9516754794788,18113.13,4.328412,0.0032251214,10679,859.1518360405237,307.526166594411,17206.223,4.0973387,1759.9695,1.4504706,18113.13,4.328412,0,,,,,859.1518360405237,0.00020723944,307.526166594411,0.00024063502,0.0087789,0.059521493
1449.9725085563111,18105.107,4.3300414,0.0032248734,10680,859.151633968233,307.5268370105892,17197.068,4.098881,1774.2421,1.4554147,18105.107,4.3300414,0,,,,,859.151633968233,0.00020747304,307.5268370105892,0.00024079123,0.009230619,0.05967002
1449.9933416326776,18106.705,4.343843,0.003224625,10681,859.15136364407,307.5263862386984,17199.62,4.1119456,1844.2356,1.4733804,18106.705,4.343843,0,,,,,859.15136364407,0.00020816288,307.5263862386984,0.00024158358,0.008623326,0.059189375
1450.0141747088114,18106.975,4.3720207,0.0032243764,10682,859.1518563521934,307.52706335222837,17204.42,4.138619,1976.862,1.512221,18106.975,4.3720207,0,,,,,859.1518563521934,0.00020956836,307.52706335222837,0.00024329107,0.009062185,0.05945213
1450.0558408606134,18105.465,4.4595423,0.0032238786,10684,859.1517844003138,307.52845545419535,17209.625,4.221468,2418.6287,1.6264614,18105.465,4.4595423,0,,,,,859.1517844003138,0.00021389649,307.52845545419535,0.00024830585,0.009344176,0.061319835
1450.0766739362814,18108.457,4.5114822,0.0032236294,10685,859.1518101042317,307.5275278237809,17214.074,4.270635,2675.7441,1.6915509,18108.457,4.5114822,0,,,,,859.1518101042317,0.00021647227,307.5275278237809,0.00025141847,0.009795216,0.06026018
1451.5766594444963,18106.36,4.5478373,0.0032097483,10757,859.1528130617611,307.4621976091828,17214.62,4.30505,2862.9014,1.737182,18106.36,4.5478373,0,,,,,859.1528130617611,0.00021828592,307.4621976091828,0.000254475,0.010580066,-0.012220955
1451.5974926425254,18105.498,4.5002465,0.0032096214,10758,859.1515354483171,307.46377585455537,17212.283,4.2599998,2617.3372,1.6771166,18105.498,4.5002465,0,,,,,859.1515354483171,0.00021603431,307.46377585455537,0.00025154583,0.008376923,-0.0101516
1451.618325840322,18105.918,4.4603195,0.0032094943,10759,859.1500981249584,307.46377103446457,17212.164,4.222204,2417.3777,1.6275257,18105.918,4.4603195,0,,,,,859.1500981249584,0.00021391273,307.46377103446457,0.00024915335,0.007129187,-0.010589916
1451.639159038119,18109.977,4.4285955,0.0032093672,10760,859.1505135871477,307.4658737966896,17215.285,4.1921735,2260.86,1.5857029,18109.977,4.4285955,0,,,,,859.1505135871477,0.00021232678,307.4658737966896,0.00024705802,0.0072563137,-0.008041059
1451.6599922356831,18106.492,4.40421,0.0032092398,10761,859.1488511454323,307.46577556985454,17208.324,4.16909,2139.1523,1.5545588,18106.492,4.40421,0,,,,,859.1488511454323,0.0002112332,307.46577556985454,0.00024575627,0.0059181526,-0.008212936
1451.6808254332466,18102.344,4.383334,0.0032091124,10762,859.1484374149345,307.46795967259055,17205.463,4.149328,2037.9042,1.5276397,18102.344,4.383334,0,,,,,859.1484374149345,0.00021001433,307.46795967259055,0.00024435157,0.0051056216,-0.006213338
1451.701658630345,18105.14,4.363871,0.0032089846,10763,859.1481038699496,307.46954240574956,17204.2,4.1309047,1944.9165,1.5011628,18105.14,4.363871,0,,,,,859.1481038699496,0.00020910382,307.46954240574956,0.00024319784,0.00478871,-0.0048004906
1451.7224918272113,18102.914,4.3442764,0.0032088566,10764,859.147024848917,307.46996156112345,17201.123,4.1123557,1843.25,1.4751292,18102.914,4.3442764,0,,,,,859.147024848917,0.00020809533,307.46996156112345,0.00024204835,0.0035608218,-0.0042074393
1451.7433250236113,18106.79,4.329861,0.003208728,10765,859.1472220799375,307.4712812775093,17203.523,4.0987105,1776.5745,1.4537687,18106.79,4.329861,0,,,,,859.1472220799375,0.00020746322,307.4712812775093,0.00024112183,0.0033950086,-0.00231241
1451.764158219545,18111.44,4.3271646,0.003208599,10766,859.145264956059,307.47228108527236,17208.953,4.0961576,1752.3546,1.4496711,18111.44,4.3271646,0,,,,,859.145264956059,0.00020710095,307.47228108527236,0.00024083204,0.001268724,-0.0016094208
1451.7849914152457,18098.762,4.321775,0.0032084698,10767,859.1450236949086,307.4736886374835,17193.967,4.0910554,1738.7853,1.4446564,18098.762,4.321775,0,,,,,859.1450236949086,0.00020699375,307.4736886374835,0.00024078978,0.0011540038,-0.00025129976
1451.8058246102487,18109.475,4.3229337,0.00320834,10768,859.144186233394,307.473696283022,17205.777,4.0921526,1734.7047,1.443685,18109.475,4.3229337,0,,,,,859.144186233394,0.00020702278,307.473696283022,0.00024061702,0.0,0.0
1451.8266578050188,18103.625,4.3223424,0.0032082098,10769,859.1434460170304,307.4746071765102,17198.406,4.091593,1736.7671,1.4442282,18103.625,4.3223424,0,,,,,859.1434460170304,0.00020698213,307.4746071765102,0.00024074566,-0.00067848276,0.0007509233
1451.8474909990896,18105.3,4.3220935,0.003208079,10770,859.1435423440518,307.47631991790587,17200.193,4.091357,1736.2725,1.4439658,18105.3,4.3220935,0,,,,,859.1435423440518,0.00020695997,307.47631991790587,0.000240669,-0.0006865519,0.0025170464
1451.868324192695,18100.969,4.321788,0.0032079476,10771,859.1427476016029,307.4780801683184,17196.277,4.091068,1734.2803,1.4432465,18100.969,4.321788,0,,,,,859.1427476016029,0.00020691309,307.4780801683184,0.00024071806,-0.0019097491,0.004590133
1451.8891573856024,18099.547,4.321544,0.0032078156,10772,859.1424604406676,307.4777034505132,17193.629,4.090837,1739.6959,1.4442372,18099.547,4.321544,0,,,,,859.1424604406676,0.00020687975,307.4777034505132,0.00024069136,-0.0020305829,0.0045773904
1451.909990578045,18106.213,4.321808,0.003207683,10773,859.1415921120285,307.47924312678504,17199.31,4.091087,1735.8342,1.4434421,18106.213,4.321808,0,,,,,859.1415921120285,0.0002068924,307.47924312678504,0.00024061816,-0.0030366248,0.005790539
1451.9308237697883,18104.623,4.3210893,0.00320755,10774,859.1409471430396,307.4800594626497,17195.52,4.0904064,1735.8065,1.4428154,18104.623,4.3210893,0,,,,,859.1409471430396,0.0002068398,307.4800594626497,0.00024073887,-0.0036799933,0.00661431
1451.9516569608325,18104.934,4.3218026,0.003207416,10775,859.1405430586278,307.4808041171458,17198.086,4.091082,1736.4641,1.4442927,18104.934,4.3218026,0,,,,,859.1405430586278,0.0002068632,307.4808041171458,0.00024056743,-0.004286915,0.0074259858
1451.9724901511788,18108.678,4.322845,0.0032072815,10776,859.1402010925494,307.4810825842044,17200.705,4.0920687,1735.0817,1.445668,18108.678,4.322845,0,,,,,859.1402010925494,0.00020688337,307.4810825842044,0.00024062382,-0.004979214,0.007600348
1451.9933233408267,18103.193,4.3208704,0.0032071462,10777,859.1395231439294,307.48167922183615,17195.082,4.0901995,1736.7369,1.4423767,18103.193,4.3208704,0,,,,,859.1395231439294,0.00020694495,307.48167922183615,0.0002405929,-0.0054617906,0.008511731
1452.0141565300082,18105.205,4.3218164,0.0032070104,10778,859.1393079061742,307.4842069661614,17196.496,4.091095,1734.7695,1.4435014,18105.205,4.3218164,0,,,,,859.1393079061742,0.00020693432,307.4842069661614,0.00024068898,-0.0055793454,0.011074649
1452.0349897182582,18096.79,4.3203826,0.0032068738,10779,859.138392706351,307.48180719306526,17187.102,4.089738,1735.2856,1.4437026,18096.79,4.3203826,0,,,,,859.138392706351,0.00020693484,307.48180719306526,0.00024074134,-0.006486528,0.0081424005
1452.0558229058106,18100.54,4.3202767,0.0032067364,10780,859.1385558750269,307.4830493522194,17185.818,4.0896378,1736.1122,1.4424803,18100.54,4.3202767,0,,,,,859.1385558750269,0.00020696521,307.4830493522194,0.00024094306,-0.0065427274,0.010383238
1452.0766560926645,18107.889,4.3229737,0.0032065983,10781,859.1384148167442,307.48542933858647,17198.227,4.0921903,1738.044,1.4442478,18107.889,4.3229737,0,,,,,859.1384148167442,0.00020685529,307.48542933858647,0.0002407238,-0.006724371,0.012684092
1452.097489278587,18098.559,4.3206816,0.0032064593,10782,859.1375861208656,307.48622107049414,17187.521,4.090021,1737.4124,1.4440244,18098.559,4.3206816,0,,,,,859.1375861208656,0.00020690089,307.48622107049414,0.0002407279,-0.0075025214,0.013018523
1452.118322464044,18101.264,4.3208575,0.0032063199,10783,859.1382683754142,307.48552216099887,17189.799,4.090187,1736.5421,1.4430653,18101.264,4.3208575,0,,,,,859.1382683754142,0.00020694904,307.48552216099887,0.0002407461,-0.0070857853,0.012705436
1452.1391556485696,18102.643,4.3221455,0.0032061795,10784,859.1373230947668,307.48829062966945,17192.777,4.0914063,1734.6868,1.4441139,18102.643,4.3221455,0,,,,,859.1373230947668,0.00020708964,307.48829062966945,0.00024062821,-0.0078131445,0.015838003
1452.1599888323967,18110.633,4.3222203,0.0032060384,10785,859.1368632125445,307.4867895881319,17200.799,4.0914774,1735.8628,1.4443384,18110.633,4.3222203,0,,,,,859.1368632125445,0.00020688787,307.4867895881319,0.00024053473,-0.008545659,0.013849052
1452.1808220152918,18106.178,4.321636,0.0032058964,10786,859.1361769491867,307.48754078454294,17197.389,4.0909247,1734.0223,1.4428834,18106.178,4.321636,0,,,,,859.1361769491867,0.00020684549,307.48754078454294,0.00024048495,-0.008877709,0.014996464
1452.2016551974884,18108.703,4.320748,0.0032057536,10787,859.1366915161045,307.48737566299826,17197.11,4.090083,1733.1198,1.4416951,18108.703,4.320748,0,,,,,859.1366915161045,0.00020686758,307.48737566299826,0.00024058697,-0.008718532,0.014875225
1452.2224883787542,18099.549,4.320391,0.00320561,10788,859.1360134006801,307.48913654769893,17189.723,4.089746,1732.5775,1.4422932,18099.549,4.320391,0,,,,,859.1360134006801,0.00020692623,307.48913654769893,0.00024056449,-0.009388998,0.016426954
1452.2433215593217,18102.732,4.32032,0.0032054656,10789,859.1353954959382,307.4901741419026,17192.541,4.0896783,1729.8097,1.4420557,18102.732,4.32032,0,,,,,859.1353954959382,0.00020684423,307.4901741419026,0.00024049575,-0.010213835,0.017855182
1452.2641547389578,18102.836,4.3208747,0.0032053203,10790,859.1351119712355,307.48908772801417,17192.537,4.0902033,1733.7997,1.4431468,18102.836,4.3208747,0,,,,,859.1351119712355,0.00020690142,307.48908772801417,0.00024048999,-0.010357905,0.016836664
1452.2849879178955,18110.576,4.321357,0.0032051743,10791,859.1353710387343,307.488923620477,17199.928,4.0906596,1731.0709,1.4428833,18110.576,4.321357,0,,,,,859.1353710387343,0.00020686504,307.488923620477,0.00024037497,-0.010459504,0.016580855
1452.3058210961347,18111.652,4.321075,0.0032050277,10792,859.1352549977412,307.4914515741151,17196.342,4.090393,1730.4661,1.4435587,18111.652,4.321075,0,,,,,859.1352549977412,0.00020682233,307.4914515741151,0.00024048037,-0.010344076,0.01869671
1452.3266542734425,18114.63,4.321471,0.00320488,10793,859.1352253372067,307.49115569020034,17200.889,4.0907683,1731.5714,1.4431853,18114.63,4.321471,0,,,,,859.1352253372067,0.00020684481,307.49115569020034,0.00024044074,-0.010534643,0.018950205
1452.3474874498183,18106.863,4.3203626,0.0032047315,10794,859.1343088241624,307.490519820381,17193.25,4.0897183,1735.1595,1.4420177,18106.863,4.3203626,0,,,,,859.1343088241624,0.00020687508,307.490519820381,0.00024058868,-0.010810923,0.018174807
1452.3683206252629,18107.178,4.3208947,0.003204582,10795,859.1346539598916,307.49268949340154,17195.707,4.0902224,1732.0488,1.4423286,18107.178,4.3208947,0,,,,,859.1346539598916,0.00020688186,307.49268949340154,0.00024042522,-0.010920087,0.020745227
1452.3891538002424,18107.646,4.3209496,0.003204432,10796,859.1339351217443,307.4914120262902,17195.264,4.0902743,1732.3645,1.442489,18107.646,4.3209496,0,,,,,859.1339351217443,0.00020684942,307.4914120262902,0.0002403965,-0.0115467375,0.01926458
1452.4099869740576,18103.746,4.3208823,0.003204281,10797,859.1342549619344,307.49298300604505,17185.607,4.090211,1729.7281,1.4433422,18103.746,4.3208823,0,,,,,859.1342549619344,0.00020693215,307.49298300604505,0.00024080042,-0.011383921,0.020794237
1452.4308201471745,18101.36,4.319816,0.0032041292,10798,859.1337425211253,307.4912758880067,17189.158,4.0892015,1731.6719,1.4418223,18101.36,4.319816,0,,,,,859.1337425211253,0.00020685888,307.4912758880067,0.00024046218,-0.011973957,0.019497793
1452.45165331936,18118.62,4.3209057,0.0032039764,10799,859.1332256754844,307.49346304492724,17202.238,4.090233,1728.7806,1.4424118,18118.62,4.3209057,0,,,,,859.1332256754844,0.0002067164,307.49346304492724,0.00024039445,-0.012104206,0.021728452
1452.4724864908471,18099.602,4.3198895,0.003203823,10800,859.1335447634567,307.49382178221697,17186.656,4.089271,1730.4447,1.4415809,18099.602,4.3198895,0,,,,,859.1335447634567,0.00020688394,307.49382178221697,0.000240558,-0.01179064,0.021686146
1452.49331966117,18111.156,4.320882,0.0032036684,10801,859.1332889469448,307.49328020619583,17196.99,4.09021,1729.3213,1.4434826,18111.156,4.320882,0,,,,,859.1332889469448,0.00020682388,307.49328020619583,0.00024041848,-0.012470927,0.021000423
1452.5141528310266,18103.35,4.3198953,0.0032035133,10802,859.1336090275364,307.4946503696574,17185.78,4.089276,1732.089,1.4425713,18103.35,4.3198953,0,,,,,859.1336090275364,0.00020689388,307.4946503696574,0.00024059485,-0.01205357,0.023277333
1452.534985999719,18101.34,4.319375,0.003203357,10803,859.133112160306,307.4946331943136,17185.197,4.0887837,1730.5688,1.4416614,18101.34,4.319375,0,,,,,859.133112160306,0.00020694312,307.4946331943136,0.0002404838,-0.012702784,0.022673132
1452.5558191677137,18105.795,4.3207884,0.0032032002,10804,859.1330955493855,307.49415137711355,17191.986,4.0901217,1732.0269,1.4435238,18105.795,4.3207884,0,,,,,859.1330955493855,0.00020682397,307.49415137711355,0.00024040464,-0.0134864515,0.023007413
1452.5766523350105,18105.31,4.3197083,0.0032030426,10805,859.1327870421887,307.4950310564546,17187.99,4.0890994,1728.9132,1.4418513,18105.31,4.3197083,0,,,,,859.1327870421887,0.00020691223,307.4950310564546,0.00024058396,-0.012928246,0.022788368
1452.5974855011423,18109.365,4.319872,0.0032028838,10806,859.1325811784939,307.4957429597233,17194.51,4.089254,1730.4556,1.4412196,18109.365,4.319872,0,,,,,859.1325811784939,0.00020678768,307.4957429597233,0.00024038325,-0.013510386,0.02407064
1452.618318666808,18105.182,4.3217864,0.0032027245,10807,859.1326825323953,307.49543468228956,17189.846,4.0910664,1730.8701,1.4440056,18105.182,4.3217864,0,,,,,859.1326825323953,0.00020692711,307.49543468228956,0.00024054166,-0.013085609,0.0236411
1452.63915183131,18101.512,4.3189735,0.003202564,10808,859.1326174920373,307.49584215215646,17185.916,4.088404,1728.6061,1.4413655,18101.512,4.3189735,0,,,,,859.1326174920373,0.00020681662,307.49584215215646,0.00024048651,-0.013601034,0.024218483
1452.6599849951137,18104.713,4.320198,0.003202403,10809,859.1319591478257,307.49473778114424,17186.484,4.089563,1731.2174,1.4435654,18104.713,4.320198,0,,,,,859.1319591478257,0.00020689718,307.49473778114424,0.00024056247,-0.013805726,0.02238931
1452.6808181579854,18106.953,4.32005,0.003202241,10810,859.1321104081247,307.4977023015015,17191.012,4.0894227,1730.5903,1.4424644,18106.953,4.32005,0,,,,,859.1321104081247,0.00020685459,307.4977023015015,0.00024034578,-0.013626315,0.026317837
1452.7016513199258,18104.51,4.318926,0.003202078,10811,859.1321769590902,307.4967509526775,17187.062,4.0883584,1729.4863,1.4407548,18104.51,4.318926,0,,,,,859.1321769590902,0.00020682089,307.4967509526775,0.0002403938,-0.013509474,0.024664372
1452.722484481169,18110.875,4.319243,0.0032019143,10812,859.131577745122,307.4975011589218,17192.688,4.088659,1727.5057,1.4407138,18110.875,4.319243,0,,,,,859.131577745122,0.00020680181,307.4975011589218,0.00024038683,-0.013964446,0.025895277
1452.7433176414809,18112.459,4.3213606,0.0032017496,10813,859.1319847776325,307.49669221289787,17193.748,4.0906634,1729.7244,1.4432034,18112.459,4.3213606,0,,,,,859.1319847776325,0.00020683158,307.49669221289787,0.00024055578,-0.013910488,0.02494079
1452.764150801093,18109.13,4.3204837,0.0032015843,10814,859.1316109410425,307.4983727931543,17191.697,4.0898333,1729.3771,1.441603,18109.13,4.3204837,0,,,,,859.1316109410425,0.00020683854,307.4983727931543,0.00024043709,-0.014431372,0.02753596
1452.7849839597736,18106.004,4.32098,0.003201418,10815,859.1320083319384,307.4976201270175,17188.758,4.0903034,1726.777,1.4430351,18106.004,4.32098,0,,,,,859.1320083319384,0.00020696946,307.4976201270175,0.0002405081,-0.014005491,0.026606638
1452.8058171175235,18112.742,4.3205276,0.003201251,10816,859.1314075267586,307.4979727707716,17194.87,4.089875,1729.2035,1.4428817,18112.742,4.3205276,0,,,,,859.1314075267586,0.00020679072,307.4979727707716,0.00024032326,-0.014634898,0.026269138
1452.826650274575,18103.482,4.3183556,0.003201083,10817,859.1314634000829,307.4972033432692,17183.984,4.0878186,1728.4198,1.4405501,18103.482,4.3183556,0,,,,,859.1314634000829,0.00020683782,307.4972033432692,0.00024045465,-0.014700665,0.025323493
1452.8474834306953,18101.38,4.3210874,0.0032009142,10818,859.1316295392312,307.49788256136844,17183.752,4.0904045,1733.3269,1.4427294,18101.38,4.3210874,0,,,,,859.1316295392312,0.00020692013,307.49788256136844,0.00024059562,-0.0146929845,0.026992686
1452.8683165858843,18107.453,4.319142,0.0032007445,10819,859.1313781723188,307.49986498844197,17188.748,4.0885634,1729.1742,1.4411958,18107.453,4.319142,0,,,,,859.1313781723188,0.00020679976,307.49986498844197,0.00024030838,-0.0144775985,0.028460639
1452.8891497403747,18107.209,4.318475,0.003200574,10820,859.1311725943042,307.4978432111212,17187.422,4.087932,1727.2073,1.4400213,18107.209,4.318475,0,,,,,859.1311725943042,0.00020677976,307.4978432111212,0.00024035622,-0.014752349,0.026743365
1452.9099828939338,18101.084,4.318141,0.0032004027,10821,859.1317379195976,307.50046567380963,17182.492,4.087616,1726.4681,1.4401815,18101.084,4.318141,0,,,,,859.1317379195976,0.00020689107,307.50046567380963,0.00024035196,-0.014691385,0.029036611
1452.9308160467945,18105.293,4.318864,0.0032002307,10822,859.1307528391361,307.4989994877818,17186.205,4.0882998,1726.0503,1.441045,18105.293,4.318864,0,,,,,859.1307528391361,0.00020681586,307.4989994877818,0.00024033696,-0.015393927,0.027645696
1452.951649198723,18105.152,4.3195095,0.0032000577,10823,859.1309889817268,307.5002806009303,17184.893,4.088911,1727.2899,1.4410937,18105.152,4.3195095,0,,,,,859.1309889817268,0.00020690006,307.5002806009303,0.00024043853,-0.015138493,0.028995182
1452.9724823497204,18110.389,4.3193746,0.0031998837,10824,859.1308024904295,307.4996895088308,17189.543,4.0887833,1726.2858,1.4421852,18110.389,4.3193746,0,,,,,859.1308024904295,0.00020683126,307.4996895088308,0.00024029224,-0.01517719,0.028316678
1452.9933155000206,18110.172,4.3209333,0.003199709,10825,859.1304934327562,307.4994924256277,17189.41,4.0902586,1726.6765,1.4422469,18110.172,4.3209333,0,,,,,859.1304934327562,0.00020690609,307.4994924256277,0.00024051953,-0.015867129,0.028009817
1453.0141486493894,18104.99,4.3192053,0.0031995336,10826,859.1311613163373,307.50075545401165,17185.137,4.088623,1727.48,1.441672,18104.99,4.3192053,0,,,,,859.1311613163373,0.000206839,307.50075545401165,0.00024037338,-0.014986772,0.029540516
1453.0349817980582,18100.21,4.3178024,0.0031993573,10827,859.1307450566417,307.5008446622819,17179.367,4.087295,1726.9875,1.440584,18100.21,4.3178024,0,,,,,859.1307450566417,0.00020687675,307.5008446622819,0.00024036838,-0.015281309,0.029669723
1453.0558149457959,18109.035,4.320838,0.0031991801,10828,859.1309510464191,307.5001963448651,17187.846,4.0901685,1727.3478,1.4423988,18109.035,4.320838,0,,,,,859.1309510464191,0.00020691946,307.5001963448651,0.00024044013,-0.015226237,0.028876
1453.076648092603,18106.951,4.3190064,0.003199002,10829,859.1310920483287,307.50159137466295,17184.355,4.088435,1727.8844,1.4424105,18106.951,4.3190064,0,,,,,859.1310920483287,0.00020686343,307.50159137466295,0.00024036001,-0.0153468205,0.030250238
1453.0974812387115,18111.244,4.318587,0.0031988232,10830,859.1308109829328,307.5006457017854,17189.396,4.0880375,1724.8237,1.4402143,18111.244,4.318587,0,,,,,859.1308109829328,0.0002067705,307.5006457017854,0.00024026682,-0.015578104,0.02935949
1453.1183143841215,18108.154,4.319563,0.0031986437,10831,859.1296456798,307.5014221915996,17185.133,4.0889616,1727.2192,1.4414834,18108.154,4.319563,0,,,,,859.1296456798,0.00020694463,307.5014221915996,0.00024044434,-0.016248414,0.029925168
1453.1391475286002,18110.734,4.319029,0.0031984632,10832,859.1302624438177,307.502317989949,17188.066,4.088456,1725.7018,1.441277,18110.734,4.319029,0,,,,,859.1302624438177,0.00020683516,307.502317989949,0.00024031966,-0.015790677,0.030992478
1453.1599806721476,18117.793,4.3206964,0.0031982819,10833,859.1296783097648,307.5011903848738,17195.137,4.0900345,1727.6813,1.4414887,18117.793,4.3206964,0,,,,,859.1296783097648,0.0002068182,307.5011903848738,0.00024028019,-0.016436704,0.030449755
1453.1808138149966,18101.715,4.317426,0.0031980998,10834,859.1303493484319,307.5030218371447,17178.693,4.086939,1727.0308,1.439676,18101.715,4.317426,0,,,,,859.1303493484319,0.00020681559,307.5030218371447,0.00024029659,-0.015835341,0.03221213
1453.2016469569135,18103.787,4.318042,0.0031979168,10835,859.1301705169853,307.5012955030973,17180.852,4.0875216,1725.68,1.4409105,18103.787,4.318042,0,,,,,859.1301705169853,0.00020686472,307.5012955030973,0.00024033892,-0.016319055,0.030318307
1453.2224800981317,18110.062,4.3190455,0.003197733,10836,859.1306735082269,307.50247701434176,17187.24,4.0884724,1725.302,1.440304,18110.062,4.3190455,0,,,,,859.1306735082269,0.00020683481,307.50247701434176,0.0002403604,-0.015766425,0.031468358
1453.243313238653,18109.953,4.3183265,0.0031975487,10837,859.1300822394079,307.5025049746012,17186.836,4.0877914,1725.4242,1.441007,18109.953,4.3183265,0,,,,,859.1300822394079,0.0002068068,307.5025049746012,0.00024022388,-0.01606552,0.03127565
1453.26414637801,18105.816,4.318762,0.003197363,10838,859.1297443620983,307.5031902493148,17182.842,4.0882034,1727.2566,1.4407717,18105.816,4.318762,0,,,,,859.1297443620983,0.00020684091,307.5031902493148,0.00024040409,-0.016204294,0.031876255
1453.2849795169002,18112.047,4.318178,0.003197177,10839,859.1299971501182,307.50300351462414,17187.555,4.0876513,1722.5674,1.4394268,18112.047,4.318178,0,,,,,859.1299971501182,0.00020677314,307.50300351462414,0.00024033384,-0.01597617,0.031639613
1453.305812654859,18103.055,4.3182797,0.0031969901,10840,859.1302316352807,307.5031941520501,17179.266,4.087747,1723.9658,1.4405074,18103.055,4.3182797,0,,,,,859.1302316352807,0.00020694769,307.5031941520501,0.0002403518,-0.015900677,0.03213394
1453.3266457918871,18104.729,4.3201323,0.0031968022,10841,859.1294597945243,307.5031655039493,17180.764,4.0895004,1727.3477,1.443518,18104.729,4.3201323,0,,,,,859.1294597945243,0.00020713634,307.5031655039493,0.00024036941,-0.016871566,0.032200146
1453.3474789282175,18107.816,4.3179874,0.0031966136,10842,859.1295676523786,307.5039452869843,17183.844,4.0874705,1725.1234,1.440361,18107.816,4.3179874,0,,,,,859.1295676523786,0.00020680552,307.5039452869843,0.00024027382,-0.016659498,0.033110388
1453.3683120638486,18106.621,4.3181314,0.0031964243,10843,859.1300574214987,307.5038755281602,17181.895,4.0876064,1724.4313,1.4400079,18106.621,4.3181314,0,,,,,859.1300574214987,0.00020683455,307.5038755281602,0.00024029084,-0.01620284,0.032991756
1453.3891451985478,18111.16,4.319559,0.003196234,10844,859.1296335876666,307.5037691575746,17185.738,4.0889583,1725.7974,1.4414629,18111.16,4.319559,0,,,,,859.1296335876666,0.00020687237,307.5037691575746,0.00024042172,-0.016548676,0.033027735
1453.4099783323163,18113.25,4.3187513,0.003196043,10845,859.1301039426561,307.5045185310247,17188.062,4.0881934,1723.3195,1.4409357,18113.25,4.3187513,0,,,,,859.1301039426561,0.00020682691,307.5045185310247,0.0002401979,-0.015837299,0.0330161
1453.4308114653861,18108.617,4.3183618,0.003195851,10846,859.1293915162321,307.50424319483426,17183.209,4.087825,1724.2961,1.440286,18108.617,4.3183618,0,,,,,859.1293915162321,0.00020683862,307.50424319483426,0.00024031318,-0.01702219,0.033473264
1453.451644597757,18109.639,4.3184094,0.0031956586,10847,859.1298474375767,307.5039839372334,17183.58,4.0878696,1723.8259,1.4406083,18109.639,4.3184094,0,,,,,859.1298474375767,0.00020682611,307.5039839372334,0.00024035166,-0.016622849,0.03287359
1453.4724777291972,18101.791,4.3180847,0.003195465,10848,859.1290978079471,307.5047599786441,17175.88,4.0875626,1725.6189,1.4411231,18101.791,4.3180847,0,,,,,859.1290978079471,0.00020688663,307.5047599786441,0.00024034445,-0.016924998,0.034146875
1453.4933108599396,18104.322,4.318481,0.003195271,10849,859.1302907177821,307.5050120554827,17178.39,4.0879374,1725.2662,1.442039,18104.322,4.318481,0,,,,,859.1302907177821,0.00020690117,307.5050120554827,0.00024029062,-0.016006926,0.03416861
1453.5141439899828,18111.744,4.3183546,0.003195076,10850,859.1293094588259,307.50466820064156,17184.566,4.087818,1723.6381,1.4401762,18111.744,4.3183546,0,,,,,859.1293094588259,0.00020684603,307.50466820064156,0.00024027831,-0.016889265,0.033834115
1453.534977119094,18108.855,4.319486,0.0031948802,10851,859.1296042007012,307.5053770915134,17182.469,4.088889,1724.9735,1.4404831,18108.855,4.319486,0,,,,,859.1296042007012,0.00020703857,307.5053770915134,0.00024039707,-0.016561797,0.034542862
1453.555810247274,18109.46,4.3173895,0.0031946835,10852,859.1290283512521,307.5052516889435,17183.125,4.086904,1723.2587,1.4392926,18109.46,4.3173895,0,,,,,859.1290283512521,0.00020681482,307.5052516889435,0.00024024716,-0.017182602,0.034295883
1453.5766433749895,18107.041,4.3177867,0.0031944863,10853,859.1301835866769,307.5053870809782,17181.186,4.0872808,1722.9933,1.4404684,18107.041,4.3177867,0,,,,,859.1301835866769,0.00020682378,307.5053870809782,0.00024025652,-0.016170546,0.03469474
1453.5974765017738,18104.623,4.3175693,0.0031942881,10854,859.1285371137118,307.5052460415127,17178.006,4.0870743,1726.2347,1.4405953,18104.623,4.3175693,0,,,,,859.1285371137118,0.00020683261,307.5052460415127,0.00024027546,-0.017554903,0.03448703
1453.6183096276254,18101.346,4.3172398,0.003194089,10855,859.1297927823563,307.50600909340966,17175.02,4.0867624,1725.5651,1.4401555,18101.346,4.3172398,0,,,,,859.1297927823563,0.00020694172,307.50600909340966,0.00024031103,-0.016133768,0.03488863
1453.6391427527783,18107.533,4.31907,0.0031938893,10856,859.1289349435579,307.5057966667076,17178.988,4.0884953,1725.9427,1.4413675,18107.533,4.31907,0,,,,,859.1289349435579,0.00020703077,307.5057966667076,0.00024040174,-0.017186001,0.0354068
1453.6599758772336,18103.201,4.318783,0.0031936888,10857,859.129288669945,307.50638422918036,17175.219,4.088223,1727.576,1.4412584,18103.201,4.318783,0,,,,,859.129288669945,0.00020699663,307.50638422918036,0.00024050182,-0.016972654,0.035475276
1453.680809000991,18113.414,4.318073,0.0031934876,10858,859.128815379119,307.50684044348253,17185.266,4.0875506,1723.9625,1.4404544,18113.414,4.318073,0,,,,,859.128815379119,0.00020680614,307.50684044348253,0.00024026573,-0.01720335,0.035627864
1453.7016421238166,18107.357,4.318932,0.0031932855,10859,859.1291429500488,307.5063859327051,17179.236,4.0883646,1727.2639,1.4416155,18107.357,4.318932,0,,,,,859.1291429500488,0.00020690676,307.5063859327051,0.00024041622,-0.017029569,0.035286803
1453.72247524571,18103.42,4.318358,0.0031930825,10860,859.1289551162783,307.5068839433632,17175.059,4.087821,1726.2175,1.4414577,18103.42,4.318358,0,,,,,859.1289551162783,0.00020687458,307.5068839433632,0.00024046189,-0.017448416,0.036020733
1453.7433083671385,18112.697,4.319327,0.003192879,10861,859.1293270805654,307.5069347129949,17184.521,4.0887384,1724.4034,1.4420128,18112.697,4.319327,0,,,,,859.1293270805654,0.00020699034,307.5069347129949,0.00024027962,-0.01693595,0.0360919
1453.7641414876357,18102.402,4.318573,0.0031926746,10862,859.1291275931842,307.5074603037221,17174.637,4.0880246,1729.2151,1.4419259,18102.402,4.318573,0,,,,,859.1291275931842,0.00020702061,307.5074603037221,0.00024043294,-0.017177947,0.036528774
1453.7849746074344,18102.621,4.317913,0.0031924695,10863,859.129575110442,307.50769635150385,17174.734,4.0874,1727.5577,1.4410712,18102.621,4.317913,0,,,,,859.129575110442,0.0002069172,307.50769635150385,0.00024032293,-0.017032707,0.03726655
1453.8058077263017,18106.82,4.317844,0.0031922634,10864,859.1292374323716,307.5069365570745,17178.244,4.0873346,1727.6808,1.4407203,18106.82,4.317844,0,,,,,859.1292374323716,0.00020693729,307.5069365570745,0.00024035109,-0.017268464,0.03608951
1453.8266408444706,18100.752,4.3179393,0.0031920567,10865,859.1288735075499,307.50774279712004,17171.994,4.0874248,1727.9135,1.441584,18100.752,4.3179393,0,,,,,859.1288735075499,0.0002069585,307.50774279712004,0.00024040813,-0.017426033,0.03768929
1453.8474739619408,18107.633,4.319461,0.0031918492,10866,859.1290842064295,307.5075183362505,17178.17,4.0888653,1728.7186,1.442939,18107.633,4.319461,0,,,,,859.1290842064295,0.00020701351,307.5075183362505,0.00024043463,-0.016988017,0.037417788
1453.868307078712,18102.895,4.3190393,0.003191641,10867,859.1288255232533,307.50716449187723,17173.512,4.088466,1729.9688,1.4427372,18102.895,4.3190393,0,,,,,859.1288255232533,0.00020698691,307.50716449187723,0.00024051775,-0.017550552,0.036591128
1453.8891401945525,18110.615,4.3205743,0.003191432,10868,859.1282219512105,307.50801024715383,17181.27,4.089919,1732.2349,1.4443145,18110.615,4.3205743,0,,,,,859.1282219512105,0.00020702988,307.50801024715383,0.00024047373,-0.017795503,0.03717851
1453.9099733096953,18110.436,4.320106,0.0031912222,10869,859.1292425007266,307.5085434502419,17180.332,4.0894756,1731.7794,1.4421439,18110.436,4.320106,0,,,,,859.1292425007266,0.00020708199,307.5085434502419,0.00024051844,-0.017339507,0.03790612
1453.9308064241388,18111.578,4.321357,0.0031910117,10870,859.1283517554511,307.5079860626735,17181.447,4.0906596,1731.3741,1.4441538,18111.578,4.321357,0,,,,,859.1283517554511,0.00020698343,307.5079860626735,0.00024053564,-0.01752505,0.037941527
1453.9516395376504,18116.078,4.3202734,0.0031908003,10871,859.1288310070927,307.5082391052879,17185.506,4.0896344,1732.7554,1.4439216,18116.078,4.3202734,0,,,,,859.1288310070927,0.00020693365,307.5082391052879,0.00024034712,-0.017468387,0.037598293
1453.9724726504635,18107.621,4.320739,0.0031905882,10872,859.1287871736406,307.50864050062916,17176.826,4.0900745,1734.9083,1.4427236,18107.621,4.320739,0,,,,,859.1287871736406,0.00020708254,307.50864050062916,0.00024068532,-0.017745687,0.037978675
1453.9933057625794,18111.004,4.3197336,0.0031903754,10873,859.1287839484589,307.508677808946,17179.396,4.089123,1734.9208,1.4427338,18111.004,4.3197336,0,,,,,859.1287839484589,0.00020692065,307.508677808946,0.00024048713,-0.017674707,0.037891638
1454.014138873997,18105.703,4.321044,0.003190162,10874,859.1284192272957,307.5088499284738,17174.902,4.090364,1735.7631,1.4457848,18105.703,4.321044,0,,,,,859.1284192272957,0.00020705766,307.5088499284738,0.00024053977,-0.017519034,0.03816591
1454.0349719844817,18107.371,4.3190923,0.0031899475,10875,859.1286020403016,307.5089949564762,17176.758,4.0885158,1733.0006,1.4426173,18107.371,4.3190923,0,,,,,859.1286020403016,0.00020695993,307.5089949564762,0.00024041235,-0.017572613,0.03813328
1454.0558050945006,18098.348,4.318982,0.0031897326,10876,859.1287519377474,307.5084364918563,17168.994,4.088412,1733.5878,1.4428437,18098.348,4.318982,0,,,,,859.1287519377474,0.00020712925,307.5084364918563,0.00024053219,-0.017486105,0.03831477
1454.0766382033562,18100.387,4.318634,0.0031895165,10877,859.1288845526107,307.5094913510845,17170.406,4.0880823,1733.8718,1.4421865,18100.387,4.318634,0,,,,,859.1288845526107,0.00020700571,307.5094913510845,0.00024053328,-0.017524203,0.038645856
1454.0974713117469,18098.697,4.3191915,0.0031893,10878,859.1288853340338,307.5093966838709,17169.78,4.08861,1730.4309,1.4435056,18098.697,4.3191915,0,,,,,859.1288853340338,0.0002070517,307.5093966838709,0.00024053633,-0.017309075,0.039016854
1454.118304419439,18104.455,4.3180604,0.0031890827,10879,859.1282941334409,307.5092909533671,17174.518,4.087539,1729.1022,1.4418132,18104.455,4.3180604,0,,,,,859.1282941334409,0.00020697672,307.5092909533671,0.00024038438,-0.017608248,0.039058685
1454.1391375261985,18105.883,4.318513,0.0031888646,10880,859.1291655315588,307.510061621988,17175.64,4.0879674,1726.6055,1.4419502,18105.883,4.318513,0,,,,,859.1291655315588,0.00020697336,307.510061621988,0.0002404271,-0.017350605,0.03904422
1454.1599706322595,18104.006,4.3187327,0.0031886457,10881,859.1283316305173,307.5094117110962,17174.006,4.0881753,1728.4119,1.441636,18104.006,4.3187327,0,,,,,859.1283316305173,0.00020698183,307.5094117110962,0.00024049841,-0.017649008,0.038766474
1454.1808037376234,18101.734,4.3180885,0.0031884261,10882,859.1283574580829,307.509910711895,17170.395,4.0875664,1730.2129,1.4418713,18101.734,4.3180885,0,,,,,859.1283574580829,0.00020698868,307.509910711895,0.0002404806,-0.017612219,0.03958917
1454.2016368422887,18103.57,4.3181043,0.0031882059,10883,859.1287058391116,307.50962061438617,17171.504,4.087581,1727.2366,1.4420984,18103.57,4.3181043,0,,,,,859.1287058391116,0.00020701464,307.50962061438617,0.00024043428,-0.017514085,0.03910042
1454.2224699460212,18100.451,4.31757,0.0031879847,10884,859.1283938020979,307.5097826290378,17168.314,4.087075,1728.3246,1.4422852,18100.451,4.31757,0,,,,,859.1283938020979,0.00020691146,307.5097826290378,0.00024054338,-0.017678311,0.03928112
1454.2433030490554,18100.516,4.3173966,0.0031877628,10885,859.128843955933,307.5101429429708,17166.602,4.086911,1727.7382,1.441317,18100.516,4.3173966,0,,,,,859.128843955933,0.00020691719,307.5101429429708,0.00024060404,-0.01724343,0.039523385
1454.2641361513918,18117.2,4.318259,0.0031875402,10886,859.1281982448472,307.5100370937691,17181.934,4.087727,1724.6737,1.4403434,18117.2,4.318259,0,,,,,859.1281982448472,0.00020681537,307.5100370937691,0.00024045042,-0.01806763,0.039230004
1454.2849692530303,18106.803,4.3170977,0.003187317,10887,859.1287433311174,307.5100288440837,17172.01,4.086628,1724.7583,1.4406482,18106.803,4.3170977,0,,,,,859.1287433311174,0.00020694715,307.5100288440837,0.00024051401,-0.017475618,0.040041067
1454.3058023539697,18108.377,4.3315234,0.003187093,10888,859.1282366231469,307.5112326216267,17173.924,4.1002836,1784.398,1.4604148,18108.377,4.3315234,0,,,,,859.1282366231469,0.00020772929,307.5112326216267,0.00024131252,-0.018093681,0.040782813
1454.32663545421,18103.855,4.3163667,0.0031868683,10889,859.1290306001248,307.509861407496,17165.379,4.085936,1725.9198,1.4406823,18103.855,4.3163667,0,,,,,859.1290306001248,0.00020697998,307.509861407496,0.00024076425,-0.01725127,0.0387365
1454.3474685535195,18109.137,4.316716,0.0031866427,10890,859.1285493416575,307.5116395938057,17169.445,4.086267,1723.3888,1.4404849,18109.137,4.316716,0,,,,,859.1285493416575,0.00020694162,307.5116395938057,0.00024069558,-0.017764706,0.040894795
1454.3683016521313,18107.508,4.317706,0.0031864163,10891,859.1287883979371,307.51073355725407,17169.238,4.087204,1723.6375,1.44157,18107.508,4.317706,0,,,,,859.1287883979371,0.00020695635,307.51073355725407,0.00024075218,-0.017401632,0.040440165
1454.389134750044,18106.566,4.317167,0.0031861893,10892,859.1284008362328,307.5111643689024,17168.096,4.0866933,1722.8723,1.4397496,18106.566,4.317167,0,,,,,859.1284008362328,0.0002069301,307.5111643689024,0.0002407763,-0.018099258,0.04082903
1454.4099678472573,18110.31,4.3190084,0.0031859616,10893,859.128608905085,307.511861724166,17170.873,4.0884366,1722.431,1.4422265,18110.31,4.3190084,0,,,,,859.128608905085,0.00020713857,307.511861724166,0.00024085703,-0.01754282,0.040775467
1454.430800943773,18101.14,4.3172436,0.0031857332,10894,859.1279668532703,307.5107627527968,17162.254,4.0867662,1722.6499,1.4415617,18101.14,4.3172436,0,,,,,859.1279668532703,0.0002070479,307.5107627527968,0.00024086419,-0.018142454,0.039885126
1454.4516340395908,18100.879,4.3189225,0.003185504,10895,859.129001915142,307.51193313845016,17162.822,4.0883555,1724.5566,1.4424248,18100.879,4.3189225,0,,,,,859.129001915142,0.0002070702,307.51193313845016,0.00024098338,-0.017161138,0.041074455
1454.4724671344763,18107.814,4.31689,0.003185274,10896,859.1283199135876,307.5124047715232,17169.605,4.0864315,1721.9097,1.4400684,18107.814,4.31689,0,,,,,859.1283199135876,0.00020689148,307.5124047715232,0.00024072164,-0.017942885,0.042056315
1454.4933002288958,18097.852,4.3163323,0.0031850436,10897,859.1284940965622,307.51179584844095,17160.148,4.0859036,1720.4454,1.4408756,18097.852,4.3163323,0,,,,,859.1284940965622,0.00020711074,307.51179584844095,0.00024077747,-0.017665021,0.041281052
1454.5141333223846,18098.139,4.314724,0.0031848121,10898,859.1276067723635,307.51142483050603,17159.36,4.0843806,1720.1755,1.4385633,18098.139,4.314724,0,,,,,859.1276067723635,0.00020699356,307.51142483050603,0.00024073455,-0.018062102,0.04127013
1454.534966415175,18097.766,4.315691,0.00318458,10899,859.1285734002068,307.51122683684713,17159.504,4.085296,1720.5433,1.4404932,18097.766,4.315691,0,,,,,859.1285734002068,0.00020696808,307.51122683684713,0.0002407917,-0.018032769,0.040842693
1454.5557995072668,18109.25,4.315804,0.0031843472,10900,859.1281613653124,307.511224105662,17170.047,4.0854034,1719.5037,1.4390132,18109.25,4.315804,0,,,,,859.1281613653124,0.0002068822,307.511224105662,0.00024061908,-0.018266628,0.040418044
1454.5766325986601,18095.754,4.3146005,0.0031841137,10901,859.1281177407003,307.5120289440653,17156.074,4.0842643,1721.5192,1.4393396,18095.754,4.3146005,0,,,,,859.1281177407003,0.00020699,307.5120289440653,0.00024079405,-0.018290628,0.041555505
1454.6182987793513,18101.154,4.3158584,0.0031836445,10903,859.1289641989113,307.51289554063607,17168.855,4.085455,1720.8418,1.4387231,18101.154,4.3158584,0,,,,,859.1289641989113,0.00020685239,307.51289554063607,0.00024032351,-0.017832128,0.04311703
1454.6391318686492,18100.543,4.3157806,0.0031834089,10904,859.1279763665118,307.5126468005632,17170.441,4.0853815,1718.7812,1.4387442,18100.543,4.3157806,0,,,,,859.1279763665118,0.0002069013,307.5126468005632,0.00024027014,-0.018424714,0.041946806
1454.6599649570157,18093.832,4.3168178,0.0031831723,10905,859.1283967261544,307.5127640229444,17162.88,4.086363,1719.5432,1.4412177,18093.832,4.3168178,0,,,,,859.1283967261544,0.00020704298,307.5127640229444,0.00024045841,-0.017585319,0.0428114
1454.6807980449164,18100.94,4.316239,0.0031829353,10906,859.1279688779655,307.5131840045581,17170.137,4.0858154,1716.7172,1.4381778,18100.94,4.316239,0,,,,,859.1279688779655,0.00020688547,307.5131840045581,0.00024047727,-0.01817247,0.043047823
1454.701631131886,18110.277,4.3164787,0.0031826973,10907,859.1282493411272,307.51322553860086,17178.832,4.0860424,1718.1881,1.4388222,18110.277,4.3164787,0,,,,,859.1282493411272,0.00020680713,307.51322553860086,0.00024024364,-0.017817646,0.0427604
1454.722464218157,18105.75,4.3165326,0.0031824587,10908,859.1278259515828,307.51262250042123,17174.912,4.086093,1717.8961,1.4389739,18105.75,4.3165326,0,,,,,859.1278259515828,0.00020687601,307.51262250042123,0.000240278,-0.018415991,0.04250628
1454.7432973039624,18101.47,4.3160224,0.0031822196,10909,859.1279466433874,307.51324985853284,17170.87,4.08561,1720.2732,1.4386364,18101.47,4.3160224,0,,,,,859.1279466433874,0.0002069018,307.51324985853284,0.00024030686,-0.018376984,0.043244302
1454.7641303888365,18101.78,4.3147116,0.0031819795,10910,859.1276129083785,307.5139709093201,17170.67,4.084369,1715.2716,1.4371425,18101.78,4.3147116,0,,,,,859.1276129083785,0.0002068513,307.5139709093201,0.0002402183,-0.018351907,0.043501314
1454.784963473012,18101.98,4.3158045,0.0031817388,10911,859.1282890412406,307.51404725811415,17171.723,4.085404,1718.2969,1.4384028,18101.98,4.3158045,0,,,,,859.1282890412406,0.00020686806,307.51404725811415,0.00024023719,-0.01787464,0.04357766
1454.8057965564892,18103.99,4.3169656,0.0031814973,10912,859.1284199830693,307.5138155496041,17173.924,4.086503,1716.2167,1.440532,18103.99,4.3169656,0,,,,,859.1284199830693,0.0002068718,307.5138155496041,0.00024024262,-0.01807854,0.043818492
1454.8266296392678,18106.713,4.3155794,0.0031812552,10913,859.1280134379483,307.51460390006616,17175.652,4.085191,1716.3694,1.4380705,18106.713,4.3155794,0,,,,,859.1280134379483,0.0002067923,307.51460390006616,0.00024017396,-0.018366164,0.04417762
1454.847462721348,18106.352,4.3162766,0.0031810123,10914,859.1282003573465,307.51354963967617,17175.424,4.0858507,1715.6106,1.4394232,18106.352,4.3162766,0,,,,,859.1282003573465,0.00020686483,307.51354963967617,0.00024018085,-0.017786006,0.044088796
1454.8682958027293,18101.914,4.315957,0.0031807688,10915,859.1276678247043,307.51389799120165,17171.05,4.085548,1717.3735,1.4388453,18101.914,4.315957,0,,,,,859.1276678247043,0.00020684734,307.51389799120165,0.00024027005,-0.01828819,0.043863643
1454.8891288834125,18096.488,4.3151875,0.0031805246,10916,859.1281793302438,307.51441188818046,17165.906,4.08482,1719.2441,1.4385191,18096.488,4.3151875,0,,,,,859.1281793302438,0.00020682465,307.51441188818046,0.00024025644,-0.01784276,0.044544615
1454.909961963397,18103.17,4.316436,0.0031802796,10917,859.128346360695,307.513732975831,17171.117,4.0860014,1717.3376,1.4396291,18103.17,4.316436,0,,,,,859.128346360695,0.00020694152,307.513732975831,0.00024038675,-0.018350078,0.043491475
1454.9307950424504,18102.666,4.3153586,0.0031800338,10918,859.1288127919096,307.5149106188494,17172.021,4.084982,1715.9359,1.438808,18102.666,4.3153586,0,,,,,859.1288127919096,0.00020681226,307.5149106188494,0.00024020651,-0.017768443,0.044707537
1454.951628121038,18104.006,4.3151937,0.0031797874,10919,859.1280164440382,307.5146878859231,17172.996,4.0848255,1714.5822,1.4375175,18104.006,4.3151937,0,,,,,859.1280164440382,0.00020681045,307.5146878859231,0.00024017214,-0.01844137,0.044569764
1454.9724611989272,18109.166,4.3169775,0.0031795404,10920,859.1285262804074,307.5154388418534,17178.895,4.0865145,1716.0073,1.4392694,18109.166,4.3169775,0,,,,,859.1285262804074,0.00020681473,307.5154388418534,0.00024016976,-0.018071791,0.04478643
1454.993294275885,18101.586,4.3156095,0.0031792924,10921,859.1275921969356,307.51469411379054,17171.451,4.0852194,1714.2501,1.4379774,18101.586,4.3156095,0,,,,,859.1275921969356,0.00020682972,307.51469411379054,0.00024022778,-0.018374182,0.045023732
1455.0141273523773,18106.57,4.3153415,0.003179044,10922,859.128064432604,307.51480579749034,17176.416,4.0849657,1714.1414,1.4379696,18106.57,4.3153415,0,,,,,859.128064432604,0.00020679527,307.51480579749034,0.0002401001,-0.017832821,0.044891275
1455.0349604281716,18095.166,4.316337,0.0031787949,10923,859.1279319399652,307.51496349967755,17165.17,4.085908,1715.896,1.4396545,18095.166,4.316337,0,,,,,859.1279319399652,0.00020704405,307.51496349967755,0.0002402969,-0.01825358,0.045570593
1455.055793503034,18105.082,4.316177,0.0031785448,10924,859.1281929982105,307.5146637357319,17174.21,4.085757,1712.9895,1.4385389,18105.082,4.316177,0,,,,,859.1281929982105,0.00020682851,307.5146637357319,0.00024024151,-0.018019253,0.04490818
1455.07662657743,18098.156,4.314933,0.0031782943,10925,859.1277150803567,307.5157109799719,17167.84,4.084579,1716.8975,1.4382049,18098.156,4.314933,0,,,,,859.1277150803567,0.00020686198,307.5157109799719,0.00024016027,-0.018509971,0.045297
1455.097459651128,18099.912,4.3153176,0.003178043,10926,859.128330488841,307.51549334917144,17168.963,4.084943,1715.7227,1.43871,18099.912,4.3153176,0,,,,,859.128330488841,0.0002068275,307.51549334917144,0.000240214,-0.017823335,0.045671716
1455.1182927238956,18104.748,4.317348,0.003177791,10927,859.1280240370785,307.5156410136836,17174.004,4.086865,1718.4012,1.4418811,18104.748,4.317348,0,,,,,859.1280240370785,0.00020684338,307.5156410136836,0.00024024662,-0.018227398,0.045711912
1455.1391257961968,18104.783,4.315827,0.0031775383,10928,859.1281235073893,307.5156519205186,17173.797,4.0854254,1716.4266,1.4377525,18104.783,4.315827,0,,,,,859.1281235073893,0.00020688982,307.5156519205186,0.00024017123,-0.01786141,0.045375463
1455.1599588677989,18105.22,4.3160014,0.003177285,10929,859.1279786797359,307.51548383754357,17174.584,4.0855904,1714.436,1.437884,18105.22,4.3160014,0,,,,,859.1279786797359,0.00020687103,307.51548383754357,0.0002401487,-0.018483492,0.04569701
1455.1807919384703,18108.02,4.3152137,0.0031770307,10930,859.1281729253623,307.516366521602,17177.615,4.0848446,1715.0042,1.4368695,18108.02,4.3152137,0,,,,,859.1281729253623,0.00020677723,307.516366521602,0.00024007507,-0.017944068,0.0463404
1455.2016250086767,18102.719,4.315456,0.003176776,10931,859.1279868567318,307.5162924750729,17172.186,4.085074,1717.2931,1.4379708,18102.719,4.315456,0,,,,,859.1279868567318,0.00020681728,307.5162924750729,0.00024015144,-0.01851033,0.04613039
1455.222458078184,18096.502,4.3153925,0.0031765206,10932,859.128217730801,307.51622338761126,17167.05,4.085014,1716.9066,1.4389249,18096.502,4.3153925,0,,,,,859.128217730801,0.0002069052,307.51622338761126,0.0002402855,-0.018203013,0.046367567
1455.2432911467592,18101.428,4.3152075,0.0031762642,10933,859.1280234738224,307.5158308878603,17171.646,4.084839,1714.7483,1.4379184,18101.428,4.3152075,0,,,,,859.1280234738224,0.00020681007,307.5158308878603,0.00024012358,-0.018110413,0.046009157
1455.2641242148695,18097.402,4.314932,0.0031760074,10934,859.1281227616084,307.5157847385362,17167.893,4.084578,1716.4712,1.4379444,18097.402,4.314932,0,,,,,859.1281227616084,0.00020682527,307.5157847385362,0.0002402504,-0.017979119,0.04623615
1455.284957282282,18105.879,4.3161697,0.00317575,10935,859.1279318049734,307.5162399225205,17175.162,4.08575,1714.1566,1.4391253,18105.879,4.3161697,0,,,,,859.1279318049734,0.00020692956,307.5162399225205,0.00024018247,-0.01847743,0.046465117
1455.3057903489957,18099.377,4.3156047,0.0031754917,10936,859.1281667093267,307.5170481120552,17168.37,4.085215,1718.3969,1.439125,18099.377,4.3156047,0,,,,,859.1281667093267,0.00020684648,307.5170481120552,0.00024032114,-0.017965976,0.04703622
1455.326623414777,18102.93,4.315696,0.0031752326,10937,859.1275284144904,307.51650548343645,17172.756,4.085301,1717.5057,1.4377898,18102.93,4.315696,0,,,,,859.1275284144904,0.00020689816,307.51650548343645,0.00024023812,-0.018634463,0.04659928
1455.3474564800933,18106.102,4.316659,0.003174973,10938,859.1279631226421,307.5168245292297,17175.172,4.086213,1714.2347,1.4393035,18106.102,4.316659,0,,,,,859.1279631226421,0.00020690546,307.5168245292297,0.00024020378,-0.018112121,0.046869937
1455.3682895447118,18099.15,4.3157845,0.0031747126,10939,859.1277051115752,307.5170520217572,17168.46,4.0853853,1718.1982,1.4383912,18099.15,4.3157845,0,,,,,859.1277051115752,0.00020691808,307.5170520217572,0.0002402497,-0.018599425,0.047519244
1455.3891226086312,18097.117,4.316165,0.0031744516,10940,859.128159996388,307.5174973183708,17166.967,4.085745,1715.9342,1.4413853,18097.117,4.316165,0,,,,,859.128159996388,0.00020690756,307.5174973183708,0.00024021532,-0.017894257,0.04728876
1455.4099556718513,18104.56,4.3164754,0.00317419,10941,859.1278156920753,307.51688233225264,17173.84,4.086039,1716.5461,1.4397852,18104.56,4.3164754,0,,,,,859.1278156920753,0.00020681017,307.51688233225264,0.00024019706,-0.01873586,0.046996728
1455.4307887343737,18103.19,4.314884,0.0031739275,10942,859.1287064818949,307.517618688206,17172.8,4.0845327,1714.4293,1.4369975,18103.19,4.314884,0,,,,,859.1287064818949,0.00020680238,307.517618688206,0.00024016207,-0.018035453,0.04840686
1455.4516217961982,18102.615,4.3172216,0.0031736644,10943,859.1279574746796,307.51780537875567,17171.469,4.0867457,1716.2708,1.4397832,18102.615,4.3172216,0,,,,,859.1279574746796,0.00020688333,307.51780537875567,0.00024043668,-0.018254053,0.04771298
1455.4724548573236,18104.367,4.3163853,0.0031734006,10944,859.1278774421745,307.5181133037761,17174.773,4.0859537,1714.6404,1.438017,18104.367,4.3163853,0,,,,,859.1278774421745,0.0002069272,307.5181133037761,0.00024025819,-0.018265316,0.048338097
1455.4932879177504,18103.88,4.3160768,0.0031731362,10945,859.1278181841919,307.51802918348875,17173.602,4.0856614,1715.4791,1.4379762,18103.88,4.3160768,0,,,,,859.1278181841919,0.0002069594,307.51802918348875,0.00024019125,-0.018370312,0.048135914
1455.5141209774788,18101.832,4.3157525,0.003172871,10946,859.1283335109803,307.5182852361782,17171.945,4.085355,1717.6547,1.4382024,18101.832,4.3157525,0,,,,,859.1283335109803,0.00020686007,307.5182852361782,0.00024027728,-0.017876916,0.04835648
1455.5349540367415,18099.23,4.316059,0.0031726053,10947,859.1274530491913,307.51742827095205,17168.879,4.085645,1715.6307,1.4384985,18099.23,4.316059,0,,,,,859.1274530491913,0.00020684939,307.51742827095205,0.000240297,-0.018678794,0.048143797
1455.5557870950727,18099.957,4.3147154,0.0031723387,10948,859.128303714321,307.51787930957113,17169.57,4.084373,1715.9884,1.4371849,18099.957,4.3147154,0,,,,,859.128303714321,0.0002068555,307.51787930957113,0.00024016868,-0.017816177,0.04847671
1455.5766201529384,18104.945,4.3151875,0.0031720717,10949,859.1277995554492,307.51818291365925,17175.285,4.08482,1713.832,1.4381353,18104.945,4.3151875,0,,,,,859.1277995554492,0.00020685753,307.51818291365925,0.00024007428,-0.018416882,0.04885488
1455.5974532098728,18104.633,4.3166547,0.0031718037,10950,859.1277209701551,307.51855631420943,17174.166,4.0862083,1712.8033,1.4398052,18104.633,4.3166547,0,,,,,859.1277209701551,0.00020682956,307.51855631420943,0.00024033521,-0.018397233,0.049229898
1455.6182862663416,18099.25,4.3154507,0.0031715352,10951,859.1278385273223,307.51814822602364,17170.06,4.085069,1714.2242,1.4381092,18099.25,4.3154507,0,,,,,859.1278385273223,0.00020686086,307.51814822602364,0.00024025899,-0.01856479,0.048912704
1455.6391193218797,18094.834,4.3157635,0.0031712658,10952,859.128057049862,307.51841972275963,17164.83,4.0853653,1715.8439,1.4398125,18094.834,4.3157635,0,,,,,859.128057049862,0.00020694987,307.51841972275963,0.00024035072,-0.018020516,0.048749525
1455.6599523769514,18105.75,4.3149676,0.003170996,10953,859.1274611470832,307.5179171684326,17174.291,4.084612,1715.6873,1.4371042,18105.75,4.3149676,0,,,,,859.1274611470832,0.00020679193,307.5179171684326,0.00024024543,-0.018709406,0.048176106
1455.680785431324,18102.123,4.316971,0.0031707254,10954,859.1281890039273,307.5197298309187,17171.824,4.086508,1717.3955,1.4402367,18102.123,4.316971,0,,,,,859.1281890039273,0.00020700062,307.5197298309187,0.00024024564,-0.01798547,0.049925
1455.7016184849988,18096.432,4.314866,0.0031704542,10955,859.1277495582308,307.5185632930928,17166.627,4.0845156,1715.9543,1.4379349,18096.432,4.314866,0,,,,,859.1277495582308,0.00020683944,307.5185632930928,0.00024026551,-0.018486727,0.04896252
1455.7224515379758,18104.82,4.3151107,0.0031701822,10956,859.1278415765406,307.5192820753092,17174.36,4.0847473,1716.1492,1.437228,18104.82,4.3151107,0,,,,,859.1278415765406,0.00020679146,307.5192820753092,0.0002401654,-0.018400166,0.049474407
1455.7432845902536,18095.088,4.3155503,0.0031699096,10957,859.1286051372205,307.5201078506081,17164.748,4.085163,1715.8296,1.4387736,18095.088,4.3155503,0,,,,,859.1286051372205,0.00020686735,307.5201078506081,0.00024033402,-0.01788408,0.05076693
1455.764117641832,18101.932,4.3147545,0.0031696362,10958,859.1278789390825,307.5193330636741,17172.094,4.08441,1715.4675,1.4371846,18101.932,4.3147545,0,,,,,859.1278789390825,0.00020682675,307.5193330636741,0.0002401816,-0.01809795,0.05000949
1455.7849506927134,18105.23,4.3155384,0.0031693622,10959,859.1279641496585,307.5187767994524,17174.63,4.0851517,1715.1478,1.4377934,18105.23,4.3155384,0,,,,,859.1279641496585,0.00020678899,307.5187767994524,0.00024019675,-0.01847079,0.04961919
1455.8057837428964,18095.24,4.3148847,0.0031690875,10960,859.1275971772355,307.51965368442353,17165.416,4.084533,1716.8068,1.438469,18095.24,4.3148847,0,,,,,859.1275971772355,0.0002068913,307.51965368442353,0.00024024997,-0.018055752,0.050529573
1455.8266167926124,18105.465,4.3146653,0.0031688123,10961,859.1279322257249,307.51987561102186,17175.389,4.0843253,1710.7313,1.4368452,18105.465,4.3146653,0,,,,,859.1279322257249,0.00020679599,307.51987561102186,0.00024015068,-0.018380497,0.05033343
1455.8474498413977,18100.201,4.3153057,0.0031685361,10962,859.1278458080715,307.52009573425687,17170.465,4.084932,1714.4629,1.4376729,18100.201,4.3153057,0,,,,,859.1278458080715,0.00020688656,307.52009573425687,0.00024020046,-0.018287495,0.050953273
1455.868282889718,18098.424,4.313871,0.0031682595,10963,859.1276015213691,307.51979137374144,17168.738,4.0835733,1712.5205,1.4365762,18098.424,4.313871,0,,,,,859.1276015213691,0.00020680205,307.51979137374144,0.00024015468,-0.018493574,0.050572734
1455.8891159373393,18103.975,4.3146367,0.0031679822,10964,859.1270789109498,307.5196278372948,17174.38,4.084298,1712.6602,1.4368311,18103.975,4.3146367,0,,,,,859.1270789109498,0.00020677547,307.5196278372948,0.00024012885,-0.01871047,0.0503812
1455.9099489842613,18103.484,4.3158727,0.0031677042,10965,859.1282902745705,307.51935227726824,17173.975,4.0854683,1716.18,1.4390439,18103.484,4.3158727,0,,,,,859.1282902745705,0.00020674517,307.51935227726824,0.00024017495,-0.017908359,0.050067596
1455.9307820304855,18105.31,4.317578,0.0031674255,10966,859.1276094368892,307.52058847019805,17175.516,4.0870824,1711.2971,1.439092,18105.31,4.317578,0,,,,,859.1276094368892,0.0002068855,307.52058847019805,0.00024038626,-0.018443903,0.051367942
1455.9516150760119,18097.654,4.3142753,0.0031671461,10967,859.1282750376608,307.5203228999941,17168.35,4.0839562,1713.8729,1.4368339,18097.654,4.3142753,0,,,,,859.1282750376608,0.00020683501,307.5203228999941,0.00024020263,-0.017997524,0.051277604
1455.972448120839,18099.537,4.3145347,0.003166866,10968,859.1275293886922,307.52048762202344,17170.139,4.0842023,1713.6733,1.4374129,18099.537,4.3145347,0,,,,,859.1275293886922,0.00020681381,307.52048762202344,0.00024017502,-0.018532125,0.051105943
1455.9932811649676,18108.037,4.31583,0.0031665852,10969,859.1276633995084,307.5204647093278,17178.346,4.085428,1712.9092,1.4375336,18108.037,4.31583,0,,,,,859.1276633995084,0.0002068236,307.5204647093278,0.00024016034,-0.018328493,0.051213782
1456.0141142086306,18098.572,4.3156223,0.003166304,10970,859.1274653809529,307.5203420616974,17169.713,4.0852313,1713.2749,1.4384304,18098.572,4.3156223,0,,,,,859.1274653809529,0.00020679615,307.5203420616974,0.00024032475,-0.018548736,0.050624337
1456.0349472513624,18100.172,4.315687,0.0031660218,10971,859.1281362995579,307.52100905868525,17171.104,4.085293,1713.4237,1.4377321,18100.172,4.315687,0,,,,,859.1281362995579,0.000206823,307.52100905868525,0.00024032145,-0.018129054,0.0515445
1456.0557802936291,18099.78,4.3147235,0.0031657391,10972,859.12705992976,307.52003728577677,17170.867,4.0843806,1710.1825,1.4373015,18099.78,4.3147235,0,,,,,859.12705992976,0.00020678554,307.52003728577677,0.00024017393,-0.019065628,0.05061238
1456.0766133351967,18107.094,4.314848,0.0031654558,10973,859.1288343504895,307.5218260242264,17178.195,4.084499,1712.1396,1.4365749,18107.094,4.314848,0,,,,,859.1288343504895,0.00020672927,307.5218260242264,0.00024000525,-0.017622517,0.052817985
1456.0974463760651,18102.055,4.3150563,0.0031651717,10974,859.1272041686608,307.52092331876327,17172.238,4.084696,1713.3583,1.4378341,18102.055,4.3150563,0,,,,,859.1272041686608,0.0002068745,307.52092331876327,0.00024013163,-0.018924508,0.05156631
1456.1182794162364,18102.514,4.314925,0.003164887,10975,859.1279369548647,307.52131862135104,17173.69,4.084572,1711.9912,1.4367853,18102.514,4.314925,0,,,,,859.1279369548647,0.00020693157,307.52131862135104,0.0002400964,-0.017736234,0.052019652
1456.1391124557092,18099.012,4.3144765,0.0031646015,10976,859.1278070043528,307.52138725527925,17169.701,4.084147,1711.2684,1.4372874,18099.012,4.3144765,0,,,,,859.1278070043528,0.00020676975,307.52138725527925,0.00024014243,-0.018641494,0.052081883
1456.1599454944821,18103.137,4.3147182,0.0031643154,10977,859.1281507575262,307.52197744722594,17174.408,4.084376,1712.1143,1.436861,18103.137,4.3147182,0,,,,,859.1281507575262,0.00020680469,307.52197744722594,0.00024012118,-0.01775735,0.052819006
1456.18077853279,18096.098,4.3144684,0.0031640287,10978,859.1275526117895,307.52191208231056,17166.998,4.084139,1713.9637,1.4371755,18096.098,4.3144684,0,,,,,859.1275526117895,0.00020683817,307.52191208231056,0.00024014781,-0.018521298,0.052723337
1456.2016115701672,18096.555,4.3140535,0.0031637412,10979,859.1281355238178,307.5212996302092,17167.887,4.0837464,1713.8314,1.4365989,18096.555,4.3140535,0,,,,,859.1281355238178,0.0002067895,307.5212996302092,0.00024015356,-0.018051416,0.052316334
1456.2224446070782,18094.441,4.314816,0.0031634532,10980,859.1271977403563,307.52090460047737,17166.06,4.0844684,1713.9736,1.4372294,18094.441,4.314816,0,,,,,859.1271977403563,0.00020693644,307.52090460047737,0.00024025516,-0.018613294,0.051896963
1456.24327764329,18098.55,4.314058,0.0031631645,10981,859.1277424692101,307.52185244374186,17170.61,4.0837502,1709.477,1.4361707,18098.55,4.314058,0,,,,,859.1277424692101,0.00020677973,307.52185244374186,0.00024011635,-0.018406188,0.05307689
1456.264110678804,18106.27,4.317072,0.003162875,10982,859.1282344099134,307.52188654158425,17177.414,4.0866036,1710.272,1.4393003,18106.27,4.317072,0,,,,,859.1282344099134,0.00020691022,307.52188654158425,0.00024027356,-0.018418644,0.05287433
1456.2849437136201,18109.527,4.31558,0.003162585,10983,859.1281138812269,307.52214184116553,17180.836,4.0851917,1712.7128,1.4370325,18109.527,4.31558,0,,,,,859.1281138812269,0.00020673577,307.52214184116553,0.00024005664,-0.018002287,0.05320716
1456.3057767477371,18110.973,4.3149624,0.0031622942,10984,859.127744828183,307.52218782865606,17182.555,4.084607,1710.7997,1.4361534,18110.973,4.3149624,0,,,,,859.127744828183,0.00020677345,307.52218782865606,0.00023997403,-0.018268509,0.053179257
1456.3266097813885,18101.195,4.314662,0.003162003,10985,859.1281163902083,307.5221078489735,17173.482,4.0843225,1712.9462,1.4369539,18101.195,4.314662,0,,,,,859.1281163902083,0.00020678646,307.5221078489735,0.0002400928,-0.017784258,0.05316545
1456.3474428143413,18107.023,4.3153415,0.003161711,10986,859.1272860331202,307.52252566167493,17178.31,4.0849657,1711.2913,1.4372772,18107.023,4.3153415,0,,,,,859.1272860331202,0.0002067719,307.52252566167493,0.00024007089,-0.018423086,0.053305745
1456.3682758463628,18101.953,4.3159976,0.003161418,10987,859.1285397226643,307.522608264366,17174.527,4.085587,1713.1017,1.4379702,18101.953,4.3159976,0,,,,,859.1285397226643,0.00020686406,307.522608264366,0.00024020532,-0.01775221,0.053674564
1456.3891088779194,18105.66,4.3160014,0.0031611247,10988,859.1277147300501,307.5227150889889,17177.309,4.0855904,1709.6799,1.4374588,18105.66,4.3160014,0,,,,,859.1277147300501,0.00020681236,307.5227150889889,0.00024017149,-0.018593296,0.053617142
1456.4099419087765,18105.908,4.315397,0.0031608306,10989,859.1278652500598,307.5237261691146,17177.752,4.085018,1712.5312,1.4371954,18105.908,4.315397,0,,,,,859.1278652500598,0.00020678637,307.5237261691146,0.00024004078,-0.01811198,0.05402188
1456.4307749391676,18103.309,4.3161345,0.003160536,10990,859.1275869516182,307.5231659687984,17175.084,4.0857162,1711.168,1.4375638,18103.309,4.3161345,0,,,,,859.1275869516182,0.00020688902,307.5231659687984,0.00024021482,-0.018224157,0.053568102
1456.4516079686287,18102.309,4.3158364,0.0031602406,10991,859.127744061484,307.5229968179807,17174.008,4.0854344,1713.3474,1.4383378,18102.309,4.3158364,0,,,,,859.127744061484,0.00020692598,307.5229968179807,0.00024012086,-0.018279325,0.053699594
1456.472440997624,18100.365,4.3153725,0.0031599447,10992,859.1271636242677,307.52296427567313,17171.924,4.084995,1710.9625,1.4395239,18100.365,4.3153725,0,,,,,859.1271636242677,0.00020684466,307.52296427567313,0.00024012198,-0.01856413,0.053846538
1456.4932740256875,18091.955,4.314419,0.0031596478,10993,859.1285492736818,307.5235410100875,17164.232,4.084092,1709.4662,1.4373168,18091.955,4.314419,0,,,,,859.1285492736818,0.00020699733,307.5235410100875,0.00024019905,-0.017641703,0.054234445
1456.5141070532852,18100.44,4.3144484,0.0031593505,10994,859.1274615905701,307.52310058508493,17172.074,4.08412,1711.989,1.436771,18100.44,4.3144484,0,,,,,859.1274615905701,0.00020679644,307.52310058508493,0.00024006917,-0.018734958,0.054047283
1456.5349400801845,18099.734,4.3144035,0.0031590525,10995,859.1271463882085,307.5234115355543,17171.219,4.084078,1710.8989,1.4374324,18099.734,4.3144035,0,,,,,859.1271463882085,0.00020678728,307.5234115355543,0.00024005816,-0.018719483,0.05460292
1456.555773106618,18106.734,4.314816,0.003158754,10996,859.1275393064362,307.52343390745943,17178.494,4.0844684,1709.9049,1.4361613,18106.734,4.314816,0,,,,,859.1275393064362,0.00020676301,307.52343390745943,0.00024005814,-0.018298669,0.054239377
1456.576606132121,18106.248,4.3152924,0.0031584546,10997,859.1280410325588,307.52401001582234,17178.322,4.0849195,1710.0605,1.4375823,18106.248,4.3152924,0,,,,,859.1280410325588,0.0002067002,307.52401001582234,0.00024006938,-0.017983174,0.054857645
1456.5974391571576,18100.535,4.3149157,0.0031581547,10998,859.1272298001737,307.52380364527465,17172.158,4.0845623,1713.393,1.4374592,18100.535,4.3149157,0,,,,,859.1272298001737,0.00020683714,307.52380364527465,0.00024012006,-0.018816147,0.055096444
1456.6182721812622,18101.936,4.3149805,0.0031578538,10999,859.1278940952601,307.5239889723246,17174.346,4.084624,1711.8228,1.4370034,18101.936,4.3149805,0,,,,,859.1278940952601,0.00020680195,307.5239889723246,0.00024010979,-0.018027144,0.05482828
1456.6391052049025,18104.027,4.3151927,0.0031575526,11000,859.1278395340747,307.52344657561997,17176.102,4.0848246,1711.8959,1.4372863,18104.027,4.3151927,0,,,,,859.1278395340747,0.00020676287,307.52344657561997,0.00024010158,-0.01813431,0.05435207
1456.6599382278441,18103.182,4.314802,0.0031572506,11001,859.1277242353209,307.5243647014814,17175.406,4.084455,1708.2681,1.4364301,18103.182,4.314802,0,,,,,859.1277242353209,0.0002067915,307.5243647014814,0.00024011928,-0.018049939,0.055438917
1456.680771250319,18102.408,4.315614,0.0031569481,11002,859.1278129778985,307.52371396278085,17174.545,4.0852237,1713.0435,1.4386783,18102.408,4.315614,0,,,,,859.1278129778985,0.00020693675,307.52371396278085,0.00024011414,-0.018258061,0.054658905
1456.701604271863,18109.97,4.3154383,0.0031566448,11003,859.1277428243197,307.52485429503406,17180.668,4.0850573,1712.3619,1.4370188,18109.97,4.3154383,0,,,,,859.1277428243197,0.00020677944,307.52485429503406,0.00024006826,-0.018377993,0.05587421
1456.7224372929422,18104.516,4.314573,0.003156341,11004,859.1278519040766,307.5247434636042,17176.72,4.084238,1711.8948,1.4357917,18104.516,4.314573,0,,,,,859.1278519040766,0.00020681498,307.5247434636042,0.00024006618,-0.017898818,0.05593356
1456.7432703133222,18101.262,4.315429,0.0031560364,11005,859.1277343869076,307.5241489545013,17173.11,4.085048,1710.6663,1.4372386,18101.262,4.315429,0,,,,,859.1277343869076,0.00020682298,307.5241489545013,0.00024026012,-0.01835496,0.054841578
1456.7641033330037,18107.566,4.31536,0.0031557311,11006,859.1278342177253,307.5253630793166,17178.371,4.084983,1710.8191,1.4363362,18107.566,4.31536,0,,,,,859.1278342177253,0.00020679382,307.5253630793166,0.00024012751,-0.017967489,0.056615833
1456.7849363519867,18105.531,4.314356,0.0031554252,11007,859.1277944114105,307.5253531424368,17175.88,4.0840325,1711.7074,1.4356949,18105.531,4.314356,0,,,,,859.1277944114105,0.00020681007,307.5253531424368,0.0002401267,-0.018141266,0.056463305
1456.8057693702713,18102.826,4.3144403,0.0031551186,11008,859.128478820895,307.5249505374474,17172.113,4.084112,1710.5074,1.4366773,18102.826,4.3144403,0,,,,,859.128478820895,0.00020684178,307.5249505374474,0.00024022162,-0.017924568,0.056297302
1456.8266023880908,18099.684,4.3169975,0.0031548114,11009,859.1281408351729,307.5249581324559,17168.818,4.0865335,1712.275,1.439655,18099.684,4.3169975,0,,,,,859.1281408351729,0.00020707858,307.5249581324559,0.00024045019,-0.017765682,0.056269
1456.8474354052112,18105.607,4.3163257,0.0031545036,11010,859.1277718542218,307.52458739237323,17174.184,4.0858974,1709.9493,1.4369891,18105.607,4.3163257,0,,,,,859.1277718542218,0.00020693825,307.52458739237323,0.00024044745,-0.01823262,0.055796184
1456.8682684216328,18106.564,4.3147078,0.0031541951,11011,859.128229508513,307.52485981053127,17173.719,4.084366,1709.6394,1.4371036,18106.564,4.3147078,0,,,,,859.128229508513,0.0002068727,307.52485981053127,0.0002402406,-0.017798033,0.05607405
1456.8891014373569,18105.85,4.3151627,0.003153886,11012,859.128044438365,307.52662311453173,17173.088,4.0847964,1712.4258,1.4370701,18105.85,4.3151627,0,,,,,859.128044438365,0.00020676763,307.52662311453173,0.00024039263,-0.018090514,0.057143394
1456.9099344523818,18109.79,4.314943,0.003153576,11013,859.1281959416847,307.52494803040173,17177.516,4.0845885,1710.8253,1.4365907,18109.79,4.314943,0,,,,,859.1281959416847,0.00020679277,307.52494803040173,0.00024020742,-0.018097358,0.055902798
1456.930767466941,18099.266,4.315039,0.0031532657,11014,859.1280655054097,307.52574228673734,17166.873,4.0846796,1709.3966,1.4366212,18099.266,4.315039,0,,,,,859.1280655054097,0.00020691681,307.52574228673734,0.00024057584,-0.018080011,0.056397166
1456.951600480569,18099.188,4.3159757,0.0031529544,11015,859.1275618388811,307.52419748446795,17167.867,4.085566,1710.4664,1.4389067,18099.188,4.3159757,0,,,,,859.1275618388811,0.00020699475,307.52419748446795,0.00024041704,-0.018080615,0.05533206
1456.9724334937312,18103.195,4.3154545,0.0031526426,11016,859.1279494190496,307.5261440263456,17170.928,4.0850725,1711.5612,1.4373686,18103.195,4.3154545,0,,,,,859.1279494190496,0.00020690465,307.5261440263456,0.00024047086,-0.017988283,0.057166476
1456.9932665061956,18109.934,4.317056,0.0031523302,11017,859.1279150651725,307.52565411834485,17177.46,4.086589,1711.7372,1.4390918,18109.934,4.317056,0,,,,,859.1279150651725,0.00020693916,307.52565411834485,0.0002404006,-0.018365486,0.056413293
1457.0140995181937,18107.553,4.315964,0.0031520172,11018,859.1278089592281,307.52567840452673,17175.254,4.085555,1711.5304,1.4378113,18107.553,4.315964,0,,,,,859.1278089592281,0.00020681789,307.52567840452673,0.00024045836,-0.018099504,0.056124937
1457.0349325292598,18111.691,4.315263,0.0031517034,11019,859.1278456312964,307.52520244683,17178.812,4.084891,1710.1284,1.437849,18111.691,4.315263,0,,,,,859.1278456312964,0.0002067816,307.52520244683,0.00024029904,-0.018000303,0.056468092
1457.0557655398616,18095.639,4.315041,0.003151389,11020,859.1280208495893,307.5261231748074,17163.883,4.084681,1711.8833,1.4374365,18095.639,4.315041,0,,,,,859.1280208495893,0.00020717748,307.5261231748074,0.00024041322,-0.017714275,0.056651007
1457.0765985497649,18107.953,4.315842,0.003151074,11021,859.1281319925216,307.52567991435046,17176.88,4.0854397,1710.6155,1.4363213,18107.953,4.315842,0,,,,,859.1281319925216,0.0002067771,307.52567991435046,0.00024043267,-0.017733824,0.05693222
1457.0974315589683,18102.646,4.315189,0.0031507583,11022,859.1278380148397,307.5252889943916,17170.594,4.084821,1710.5402,1.4381216,18102.646,4.315189,0,,,,,859.1278380148397,0.00020685513,307.5252889943916,0.00024048271,-0.018008888,0.056285396
1457.1182645674737,18103.357,4.31498,0.003150442,11023,859.1277766526381,307.5267535394356,17171.479,4.0846233,1712.7937,1.4375477,18103.357,4.31498,0,,,,,859.1277766526381,0.0002068546,307.5267535394356,0.00024035292,-0.017928837,0.05753632
1457.1390975755144,18106.248,4.316064,0.003150125,11024,859.1278122524176,307.5261905264233,17174.889,4.085649,1712.9153,1.4377495,18106.248,4.316064,0,,,,,859.1278122524176,0.00020690306,307.5261905264233,0.00024032009,-0.018112104,0.05737706
1457.1599305826237,18104.39,4.31447,0.0031498072,11025,859.1280238889168,307.52595131194056,17172.05,4.0841403,1710.7767,1.4363071,18104.39,4.31447,0,,,,,859.1280238889168,0.00020678791,307.52595131194056,0.00024034918,-0.0179528,0.056627855
1457.1807635892667,18112.303,4.3148518,0.003149489,11026,859.1281754761261,307.5264550385886,17178.932,4.0845017,1710.3483,1.4365358,18112.303,4.3148518,0,,,,,859.1281754761261,0.00020680681,307.5264550385886,0.00024023387,-0.017849663,0.05761364
1457.2015965952105,18096.959,4.314751,0.00314917,11027,859.1279288157123,307.5255344959227,17164.34,4.084407,1711.3717,1.4386623,18096.959,4.314751,0,,,,,859.1279288157123,0.00020688439,307.5255344959227,0.00024051961,-0.018207656,0.056377005
1457.22242960069,18108.05,4.3160334,0.0031488505,11028,859.1286446732523,307.5263578557327,17174.33,4.085621,1712.5281,1.4389608,18108.05,4.3160334,0,,,,,859.1286446732523,0.00020682237,307.5263578557327,0.00024042092,-0.017632654,0.057297885
1457.2432626052382,18104.07,4.315237,0.0031485301,11029,859.1278375438466,307.5265287142875,17170.777,4.0848665,1713.5665,1.4380674,18104.07,4.315237,0,,,,,859.1278375438466,0.00020682426,307.5265287142875,0.00024045316,-0.018133163,0.05779458
1457.2640956093194,18111.102,4.314542,0.0031482093,11030,859.127997774932,307.5267078183174,17177.268,4.0842085,1711.426,1.4361508,18111.102,4.314542,0,,,,,859.127997774932,0.0002068045,307.5267078183174,0.00024029586,-0.017598653,0.05794583
1457.2849286127027,18106.895,4.3148165,0.0031478878,11031,859.1280172595989,307.5260515161372,17173.834,4.084469,1711.7666,1.4370644,18106.895,4.3148165,0,,,,,859.1280172595989,0.00020679651,307.5260515161372,0.00024034324,-0.017660102,0.057383176
1457.3057616153883,18111.945,4.3148193,0.0031475655,11032,859.1282443572883,307.52758698831303,17179.281,4.084471,1711.8597,1.4361567,18111.945,4.3148193,0,,,,,859.1282443572883,0.00020677847,307.52758698831303,0.00024030365,-0.017404167,0.05850608
1457.3265946176075,18111.258,4.3148637,0.0031472428,11033,859.1277476378012,307.5258459124096,17178.334,4.084513,1713.1315,1.4361167,18111.258,4.3148637,0,,,,,859.1277476378012,0.00020676882,307.5258459124096,0.00024026808,-0.018465541,0.057334013
1457.3474276188952,18106.754,4.3151426,0.0031469192,11034,859.1284306503775,307.52691234409247,17174.695,4.0847774,1713.711,1.437634,18106.754,4.3151426,0,,,,,859.1284306503775,0.00020677646,307.52691234409247,0.00024037786,-0.017486172,0.058430877
1457.3682606197174,18108.82,4.315644,0.003146595,11035,859.127805982606,307.5271809086067,17176.084,4.085252,1713.245,1.4385687,18108.82,4.315644,0,,,,,859.127805982606,0.00020680568,307.5271809086067,0.00024035691,-0.018138247,0.05810313
1457.3890936198418,18105.74,4.3169312,0.0031462703,11036,859.1286202438032,307.5275064442762,17172.674,4.0864706,1714.5474,1.4377236,18105.74,4.3169312,0,,,,,859.1286202438032,0.00020693116,307.5275064442762,0.00024067608,-0.01725029,0.058727924
1457.4099266192677,18103.219,4.3155894,0.0031459448,11037,859.1278837914695,307.52716100117436,17171.385,4.0852003,1713.0507,1.4381201,18103.219,4.3155894,0,,,,,859.1278837914695,0.00020690876,307.52716100117436,0.00024043777,-0.018070078,0.05875259
1457.4307596182266,18114.836,4.316149,0.0031456188,11038,859.1283798259294,307.52784366380996,17181.477,4.08573,1712.4952,1.4384449,18114.836,4.316149,0,,,,,859.1283798259294,0.00020679174,307.52784366380996,0.00024029061,-0.017744051,0.05847367
1457.4515926162549,18103.018,4.3152823,0.003145292,11039,859.128514918985,307.52729755781934,17168.848,4.0849094,1714.866,1.4379891,18103.018,4.3152823,0,,,,,859.128514918985,0.0002069254,307.52729755781934,0.00024047795,-0.01745917,0.057903245
1457.4724256138181,18106.72,4.3146763,0.0031449646,11040,859.12819510357,307.52836279868586,17173.758,4.084336,1711.3423,1.4362309,18106.72,4.3146763,0,,,,,859.12819510357,0.00020682956,307.52836279868586,0.00024034658,-0.017747685,0.059839524
1457.4932586106822,18105.455,4.315345,0.0031446365,11041,859.1280643470133,307.52678354522743,17171.99,4.0849686,1713.4078,1.438433,18105.455,4.315345,0,,,,,859.1280643470133,0.00020687231,307.52678354522743,0.00024043131,-0.01843844,0.058149643
1457.5140916070807,18117.293,4.3151193,0.003144308,11042,859.1285599838484,307.52820026388196,17184.695,4.0847554,1711.6084,1.4356922,18117.293,4.3151193,0,,,,,859.1285599838484,0.00020669676,307.52820026388196,0.00024021901,-0.017867388,0.06002143
1457.5349246025478,18108.086,4.316429,0.0031439785,11043,859.1277896514075,307.52774443491023,17175.73,4.085995,1714.0118,1.4397991,18108.086,4.316429,0,,,,,859.1277896514075,0.00020686832,307.52774443491023,0.00024042683,-0.018277513,0.058772855
1457.55575759755,18106.61,4.3157706,0.0031436486,11044,859.1290538622293,307.52917552841427,17174.688,4.085372,1714.9879,1.4375361,18106.61,4.3157706,0,,,,,859.1290538622293,0.0002068348,307.52917552841427,0.00024043398,-0.016920015,0.060767874
1457.5765905918533,18109.568,4.3161016,0.003143318,11045,859.1280209397463,307.5272087533541,17176.416,4.0856853,1713.2773,1.4385246,18109.568,4.3161016,0,,,,,859.1280209397463,0.00020687655,307.5272087533541,0.00024032783,-0.018411765,0.058255628
1457.618256578596,18099.723,4.315747,0.003142655,11047,859.128393734121,307.5290439343798,17175.934,4.0853496,1711.9504,1.436875,18099.723,4.315747,0,,,,,859.128393734121,0.00020681605,307.5290439343798,0.00024014669,-0.017691847,0.06056168
1457.6390895708041,18110.062,4.3173523,0.0031423222,11048,859.1282594505398,307.5283550584286,17186.195,4.0868692,1714.6802,1.4387146,18110.062,4.3173523,0,,,,,859.1282594505398,0.00020690532,307.5283550584286,0.00023994932,-0.017530758,0.059969567
1457.659922562546,18104.43,4.316293,0.003141989,11049,859.1277943383392,307.5294736570489,17180.42,4.0858665,1716.2826,1.4380674,18104.43,4.316293,0,,,,,859.1277943383392,0.0002068011,307.5294736570489,0.00024003054,-0.018173492,0.06084733
1457.6807555535893,18102.24,4.3181515,0.0031416551,11050,859.1285373269092,307.5290077541987,17179.121,4.0876255,1713.7191,1.4419712,18102.24,4.3181515,0,,,,,859.1285373269092,0.00020696622,307.5290077541987,0.00024009924,-0.017302174,0.06054888
1457.701588544167,18104.844,4.3166223,0.0031413208,11051,859.128223131963,307.5297059333814,17180.64,4.086178,1711.7882,1.4384665,18104.844,4.3166223,0,,,,,859.128223131963,0.00020685063,307.5297059333814,0.00024001936,-0.017988525,0.06156446
1457.722421533814,18103.941,4.3175087,0.0031409855,11052,859.1284750899026,307.5289304382807,17180.086,4.087017,1713.8287,1.437838,18103.941,4.3175087,0,,,,,859.1284750899026,0.000206823,307.5289304382807,0.00024024391,-0.017542867,0.060612284
1457.7432545229954,18115.814,4.317247,0.0031406498,11053,859.1283077037485,307.5291488923764,17191.486,4.086769,1712.3788,1.4377799,18115.814,4.317247,0,,,,,859.1283077037485,0.00020673341,307.5291488923764,0.00023997999,-0.017601982,0.0608796
1457.7640875114776,18104.465,4.3164487,0.0031403133,11054,859.1279537288367,307.5297220459146,17180.402,4.086014,1713.2865,1.438575,18104.465,4.3164487,0,,,,,859.1279537288367,0.0002067717,307.5297220459146,0.00024012281,-0.017897055,0.06110791
1457.7849204992613,18109.965,4.3175893,0.0031399762,11055,859.1283812773993,307.5293810822842,17185.879,4.0870934,1713.8579,1.4383428,18109.965,4.3175893,0,,,,,859.1283812773993,0.00020692666,307.5293810822842,0.0002400802,-0.017588027,0.060989965
1457.8057534865793,18109.674,4.3173566,0.0031396386,11056,859.1284664237475,307.5297723043407,17185.963,4.0868735,1712.643,1.4393669,18109.674,4.3173566,0,,,,,859.1284664237475,0.00020680539,307.5297723043407,0.00024004141,-0.017392019,0.061347906
1457.8265864729665,18107.871,4.316854,0.0031393,11057,859.1278504585703,307.5294495316173,17183.826,4.086397,1714.9292,1.4380573,18107.871,4.316854,0,,,,,859.1278504585703,0.0002068146,307.5294495316173,0.00024007319,-0.0178957,0.060845647
1457.8474194588882,18113.002,4.318143,0.003138961,11058,859.128562533526,307.5298721129866,17189.465,4.0876174,1714.6659,1.4403253,18113.002,4.318143,0,,,,,859.128562533526,0.000206785,307.5298721129866,0.00023998957,-0.017288333,0.061238118
1457.86825244411,18102.182,4.316884,0.0031386213,11059,859.1280532844863,307.529654660877,17178.572,4.086426,1715.4733,1.4375235,18102.182,4.316884,0,,,,,859.1280532844863,0.00020681908,307.529654660877,0.0002402796,-0.018213226,0.061583344
1457.889085428867,18098.217,4.3157945,0.0031382812,11060,859.1285322628016,307.5297778542212,17175.002,4.0853944,1716.9253,1.4379468,18098.217,4.3157945,0,,,,,859.1285322628016,0.00020689695,307.5297778542212,0.0002401179,-0.017136633,0.0616003
1457.9099184126933,18108.535,4.3158517,0.00313794,11061,859.1280279907917,307.53023860482847,17185.033,4.0854483,1711.2051,1.4369249,18108.535,4.3158517,0,,,,,859.1280279907917,0.00020680994,307.53023860482847,0.0002399272,-0.017895149,0.06187996
1457.930751396054,18108.363,4.316611,0.0031375985,11062,859.1283310326687,307.5303411209193,17184.857,4.086167,1712.5751,1.4377187,18108.363,4.316611,0,,,,,859.1283310326687,0.00020674332,307.5303411209193,0.00024002504,-0.01749783,0.061944857
1457.9515843787153,18112.389,4.3166757,0.0031372563,11063,859.1285582579401,307.53058657568965,17188.562,4.0862284,1714.4546,1.437556,18112.389,4.3166757,0,,,,,859.1285582579401,0.00020673311,307.53058657568965,0.00023994225,-0.017483033,0.061931655
1457.9724173606776,18111.307,4.3165483,0.0031369133,11064,859.1284253956005,307.5304488969325,17188.111,4.086108,1712.0754,1.4377866,18111.307,4.3165483,0,,,,,859.1284253956005,0.000206717,307.5304488969325,0.00023987163,-0.017564533,0.062166706
1457.9932503421755,18105.412,4.3162985,0.0031365699,11065,859.127869543529,307.53037875453265,17182.447,4.0858717,1715.498,1.437779,18105.412,4.3162985,0,,,,,859.127869543529,0.00020671495,307.53037875453265,0.00024006912,-0.01809308,0.062417764
1458.014083322975,18118.732,4.316875,0.0031362257,11066,859.1283784914684,307.5303842561598,17195.346,4.086417,1713.883,1.4365245,18118.732,4.316875,0,,,,,859.1283784914684,0.00020674578,307.5303842561598,0.00023986585,-0.017238596,0.06192027
1458.034916303075,18107.592,4.3162956,0.003135881,11067,859.1281459128223,307.53059151711483,17184.205,4.085869,1715.0377,1.437451,18107.592,4.3162956,0,,,,,859.1281459128223,0.00020681479,307.53059151711483,0.0002399621,-0.017733753,0.062114578
1458.0557492824769,18104.477,4.315873,0.0031355354,11068,859.129147209216,307.53149755292975,17181.7,4.0854692,1712.4495,1.4369092,18104.477,4.315873,0,,,,,859.129147209216,0.00020678676,307.53149755292975,0.00024004058,-0.016922835,0.06268812
1458.0765822611802,18109.6,4.316598,0.0031351892,11069,859.1285411223264,307.53091257280636,17187.285,4.086155,1712.6162,1.4376026,18109.6,4.316598,0,,,,,859.1285411223264,0.000206806,307.53091257280636,0.00023988717,-0.01761185,0.06262722
1458.0974152394185,18107.742,4.3189955,0.0031348425,11070,859.1285843846715,307.5316342130856,17184.68,4.088424,1714.8253,1.4418674,18107.742,4.3189955,0,,,,,859.1285843846715,0.00020699952,307.5316342130856,0.00024003515,-0.016640946,0.06340584
1458.1182482169577,18114.873,4.31669,0.003134495,11071,859.1283164196884,307.53120947235783,17191.666,4.086242,1713.0555,1.4367977,18114.873,4.31669,0,,,,,859.1283164196884,0.00020678801,307.53120947235783,0.00023985723,-0.017322244,0.06307054
1458.1390811937983,18113.742,4.3163934,0.003134147,11072,859.1286099056011,307.5310640815036,17190.596,4.0859613,1711.0939,1.4369586,18113.742,4.3163934,0,,,,,859.1286099056011,0.00020667388,307.5310640815036,0.00023990772,-0.017285665,0.0632107
1458.1599141699412,18113.057,4.31652,0.0031337983,11073,859.1282022347162,307.530743934361,17189.758,4.0860815,1714.0907,1.4372917,18113.057,4.31652,0,,,,,859.1282022347162,0.00020673953,307.530743934361,0.00023989491,-0.017393894,0.06300203
1458.1807471456177,18122.617,4.3185487,0.003133449,11074,859.1289399585451,307.5317809611239,17198.867,4.0880017,1713.133,1.4400942,18122.617,4.3185487,0,,,,,859.1289399585451,0.0002066562,307.5317809611239,0.00023989196,-0.016954983,0.06367221
1458.201580120363,18105.047,4.3169,0.0031330988,11075,859.1281143041074,307.53197888881357,17182.63,4.0864406,1713.8094,1.439722,18105.047,4.3169,0,,,,,859.1281143041074,0.00020680745,307.53197888881357,0.00023996663,-0.01754389,0.063814625
1458.2224130946424,18104.64,4.3160415,0.0031327482,11076,859.1288009447167,307.53165908975984,17181.984,4.0856285,1712.2505,1.4375348,18104.64,4.3160415,0,,,,,859.1288009447167,0.00020678694,307.53165908975984,0.0002399718,-0.016561205,0.06385957
1458.243246068457,18109.016,4.315901,0.003132397,11077,859.1281144362232,307.53202869933045,17185.455,4.085495,1711.5397,1.4367136,18109.016,4.315901,0,,,,,859.1281144362232,0.00020679708,307.53202869933045,0.0002399634,-0.017220741,0.06376539
1458.2640790413402,18114.828,4.317327,0.003132045,11078,859.1284979219078,307.5325187868034,17191.715,4.0868454,1711.1772,1.4377561,18114.828,4.317327,0,,,,,859.1284979219078,0.0002067822,307.5325187868034,0.0002399214,-0.0169127,0.06425023
1458.2849120137562,18114.967,4.317368,0.0031316925,11079,859.1285217928537,307.53217520113685,17192.303,4.086884,1713.0824,1.4382912,18114.967,4.317368,0,,,,,859.1285217928537,0.0002067744,307.53217520113685,0.00023985923,-0.017397938,0.06398989
1458.3057449854746,18107.602,4.3163176,0.0031313393,11080,859.1290827659135,307.53244633481523,17184.99,4.08589,1713.648,1.4377979,18107.602,4.3163176,0,,,,,859.1290827659135,0.0002067281,307.53244633481523,0.00023993451,-0.016837925,0.06437075
1458.3265779564952,18114.25,4.3160343,0.0031309854,11081,859.1284753120965,307.532209301969,17190.627,4.0856214,1711.422,1.4363662,18114.25,4.3160343,0,,,,,859.1284753120965,0.0002067059,307.532209301969,0.00023988972,-0.017206421,0.06430035
1458.3474109268172,18114.635,4.316027,0.0031306308,11082,859.1286514806025,307.5321782015099,17191.63,4.0856147,1710.5105,1.4367388,18114.635,4.316027,0,,,,,859.1286514806025,0.00020671102,307.5321782015099,0.00023981546,-0.017089091,0.06427783
1458.368243896673,18111.066,4.3162627,0.0031302758,11083,859.1282078809236,307.53272406905836,17187.904,4.0858374,1713.29,1.4372449,18111.066,4.3162627,0,,,,,859.1282078809236,0.00020672372,307.53272406905836,0.0002398932,-0.0172479,0.06459365
1458.3890768655974,18109.281,4.316271,0.0031299198,11084,859.1286518065051,307.5325032779131,17186.95,4.0858455,1712.5076,1.4370546,18109.281,4.316271,0,,,,,859.1286518065051,0.00020673683,307.5325032779131,0.000239942,-0.017217787,0.064360015
1458.4099098342897,18107.078,4.3161807,0.0031295635,11085,859.1282850927652,307.5330740279769,17184.53,4.08576,1712.4205,1.4368626,18107.078,4.3161807,0,,,,,859.1282850927652,0.00020680344,307.5330740279769,0.00023998704,-0.017324777,0.06503977
1458.43074280205,18107.992,4.316594,0.0031292064,11086,859.1288552966154,307.5329037593357,17185.406,4.086151,1715.4082,1.437493,18107.992,4.316594,0,,,,,859.1288552966154,0.00020679303,307.5329037593357,0.00023996193,-0.016920455,0.06464934
1458.4515757691117,18103.57,4.3149657,0.0031288485,11087,859.1287650235648,307.53248860173574,17180.346,4.08461,1710.4156,1.4357896,18103.57,4.3149657,0,,,,,859.1287650235648,0.00020675702,307.53248860173574,0.00024003384,-0.017008564,0.06459832
1458.4724087357079,18100.777,4.3156147,0.0031284902,11088,859.1283380979479,307.53269228080916,17179.166,4.085224,1712.8594,1.4372774,18100.777,4.3156147,0,,,,,859.1283380979479,0.00020680866,307.53269228080916,0.00023997009,-0.017291423,0.064956635
1458.4932417016062,18108.979,4.3165483,0.0031281312,11089,859.1288099790218,307.53283244133274,17187.457,4.086108,1713.7977,1.4371763,18108.979,4.3165483,0,,,,,859.1288099790218,0.00020671252,307.53283244133274,0.00023990884,-0.016751617,0.06540971
1458.514074666806,18115.535,4.3168035,0.0031277714,11090,859.1286519230226,307.5328592909939,17192.184,4.0863495,1713.0309,1.4374324,18115.535,4.3168035,0,,,,,859.1286519230226,0.0002067161,307.5328592909939,0.0002398579,-0.016738862,0.06542353
1458.5349076315388,18112.344,4.316322,0.0031274112,11091,859.1285745721829,307.5330658661522,17190.102,4.085893,1712.6434,1.4367025,18112.344,4.316322,0,,,,,859.1285745721829,0.00020673414,307.5330658661522,0.00023986808,-0.017004669,0.06524371
1458.5557405953407,18097.016,4.3149295,0.0031270501,11092,859.1285542038313,307.5331729761167,17174.89,4.0845757,1713.7389,1.4369377,18097.016,4.3149295,0,,,,,859.1285542038313,0.00020682933,307.5331729761167,0.00024000724,-0.017335592,0.06536842
1458.5765735586779,18106.92,4.31621,0.0031266885,11093,859.1285109938269,307.53359996151534,17185.223,4.085788,1712.698,1.4365628,18106.92,4.31621,0,,,,,859.1285109938269,0.0002068353,307.53359996151534,0.00023994154,-0.017230088,0.065671645
1458.5974065213165,18113.244,4.316645,0.0031263262,11094,859.1291001495781,307.5336537782456,17190.88,4.0861998,1713.6188,1.4371983,18113.244,4.316645,0,,,,,859.1291001495781,0.00020667433,307.5336537782456,0.00023991901,-0.016957294,0.065831594
1458.6182394834889,18106.72,4.3153834,0.0031259635,11095,859.1284296510053,307.5338760020876,17184.6,4.0850053,1710.6145,1.4363774,18106.72,4.3153834,0,,,,,859.1284296510053,0.00020674503,307.5338760020876,0.0002399415,-0.01724533,0.06582523
1458.63907244473,18111.303,4.3161135,0.0031255998,11096,859.1287762477608,307.53431273408336,17189.432,4.085696,1709.8622,1.4359893,18111.303,4.3161135,0,,,,,859.1287762477608,0.00020683934,307.53431273408336,0.00023989682,-0.016958317,0.066130444
1458.659905405506,18104.752,4.3157578,0.0031252357,11097,859.1286384840068,307.53441082837514,17183.37,4.0853596,1713.8086,1.4369787,18104.752,4.3157578,0,,,,,859.1286384840068,0.00020675061,307.53441082837514,0.00023995354,-0.016817441,0.06657956
1458.6807383655828,18104.496,4.3157187,0.0031248708,11098,859.1287950083969,307.53424249076323,17183.373,4.0853224,1710.229,1.437206,18104.496,4.3157187,0,,,,,859.1287950083969,0.00020674137,307.53424249076323,0.00023991875,-0.017033067,0.06629101
1458.7015713249612,18109.443,4.3159604,0.0031245053,11099,859.128345637574,307.5330085621997,17187.045,4.0855517,1711.9727,1.4367222,18109.443,4.3159604,0,,,,,859.128345637574,0.00020670936,307.5330085621997,0.00023992521,-0.017375205,0.065648325
1458.7224042838739,18112.123,4.3157415,0.0031241393,11100,859.1288812640568,307.53484460262877,17190.578,4.0853443,1709.3392,1.4362913,18112.123,4.3157415,0,,,,,859.1288812640568,0.00020667385,307.53484460262877,0.00023982832,-0.016773544,0.06694246
1458.743237241856,18111.918,4.3176312,0.0031237723,11101,859.1281381619102,307.5334709730006,17190.088,4.087133,1709.3518,1.4396551,18111.918,4.3176312,0,,,,,859.1281381619102,0.00020673971,307.5334709730006,0.00023998333,-0.017339299,0.06589103
1458.7640701993723,18111.844,4.315663,0.003123405,11102,859.1288574566954,307.53447614858885,17188.3,4.0852695,1710.0402,1.4364747,18111.844,4.315663,0,,,,,859.1288574566954,0.00020669628,307.53447614858885,0.00023996206,-0.016763397,0.06631729
1458.7849031561893,18111.715,4.316447,0.0031230368,11103,859.1292128678283,307.5347952158174,17188.057,4.0860124,1709.7233,1.436467,18111.715,4.316447,0,,,,,859.1292128678283,0.0002068343,307.5347952158174,0.00024000467,-0.016556071,0.067058735
1458.805736112541,18106.023,4.3155847,0.0031226682,11104,859.128516150438,307.5335168971608,17183.992,4.0851955,1712.3285,1.4367799,18106.023,4.3155847,0,,,,,859.128516150438,0.00020673049,307.5335168971608,0.00023996395,-0.017097527,0.0655851
1458.8265690679611,18108.668,4.3153567,0.0031222987,11105,859.129288919909,307.534887420291,17185.904,4.0849805,1709.6151,1.4363668,18108.668,4.3153567,0,,,,,859.129288919909,0.00020673734,307.534887420291,0.0002398457,-0.01642042,0.06731103
1458.8474020229164,18103.668,4.3158064,0.0031219288,11106,859.1290120826067,307.53482348977315,17180.969,4.085406,1711.1117,1.4370748,18103.668,4.3158064,0,,,,,859.1290120826067,0.00020691568,307.53482348977315,0.0002399859,-0.016476734,0.06692259
1458.8682349771725,18103.47,4.31606,0.003121558,11107,859.1288489547692,307.5340183117057,17181.572,4.0856457,1711.9869,1.437243,18103.47,4.31606,0,,,,,859.1288489547692,0.00020678344,307.5340183117057,0.00024004458,-0.01665536,0.06617942
1458.88906793073,18108.607,4.3161964,0.0031211867,11108,859.1283120158923,307.5350927918352,17186.373,4.0857754,1708.714,1.4361839,18108.607,4.3161964,0,,,,,859.1283120158923,0.0002067801,307.5350927918352,0.00024000922,-0.016805917,0.06781211
1458.90990088359,18102.742,4.315295,0.0031208147,11109,859.1288845667176,307.53493919395885,17181.387,4.084922,1712.3615,1.436831,18102.742,4.315295,0,,,,,859.1288845667176,0.00020675693,307.53493919395885,0.00023995913,-0.0169116,0.067295045
1458.930733835984,18106.502,4.3153086,0.0031204422,11110,859.1285506808657,307.53551144716835,17185.477,4.084934,1709.6357,1.4363383,18106.502,4.3153086,0,,,,,859.1285506808657,0.00020674398,307.53551144716835,0.00023987758,-0.01657893,0.06738413
1458.9515667876797,18112.336,4.316035,0.003120069,11111,859.1291118481304,307.534990051286,17190.604,4.085622,1707.3713,1.4358511,18112.336,4.316035,0,,,,,859.1291118481304,0.0002067345,307.534990051286,0.00023989793,-0.016367337,0.067158006
1458.9723997386761,18106.83,4.314932,0.003119695,11112,859.1288828933077,307.53530792633416,17185.709,4.084578,1708.5958,1.4349709,18106.83,4.314932,0,,,,,859.1288828933077,0.00020670332,307.53530792633416,0.00023988824,-0.016928323,0.06776831
1458.993232688974,18106.36,4.316255,0.0031193204,11113,859.1287561524272,307.5351211849309,17185.523,4.08583,1709.9995,1.4369701,18106.36,4.316255,0,,,,,859.1287561524272,0.00020676437,307.5351211849309,0.00023996441,-0.016726533,0.067595296
1459.0140656388062,18114.922,4.3156433,0.0031189453,11114,859.1295178488315,307.5347955970985,17193.982,4.0852513,1707.8777,1.4354804,18114.922,4.3156433,0,,,,,859.1295178488315,0.0002066003,307.5347955970985,0.00023972322,-0.01630373,0.06730203
1459.0348985879407,18109.98,4.3146343,0.0031185695,11115,859.1289415016385,307.53540161046664,17188.568,4.084296,1708.908,1.4347495,18109.98,4.3146343,0,,,,,859.1289415016385,0.00020665197,307.53540161046664,0.00023984525,-0.016820692,0.06766227
1459.055731536376,18111.965,4.315737,0.003118193,11116,859.1293131563192,307.53526426584364,17191.03,4.0853395,1710.8018,1.4364601,18111.965,4.315737,0,,,,,859.1293131563192,0.00020665633,307.53526426584364,0.0002398061,-0.016257154,0.067784235
1459.0765644841129,18111.738,4.3167353,0.0031178158,11117,859.1291231868256,307.5353803161997,17189.7,4.086285,1710.1499,1.4373368,18111.738,4.3167353,0,,,,,859.1291231868256,0.00020681173,307.5353803161997,0.00023994004,-0.016726822,0.06775711
1459.0973974311519,18105.229,4.316841,0.003117438,11118,859.1292816734239,307.5351267248652,17185.2,4.0863853,1711.8066,1.437077,18105.229,4.316841,0,,,,,859.1292816734239,0.00020679885,307.5351267248652,0.00024005218,-0.016186425,0.067411
1459.1182303777252,18103.598,4.315185,0.0031170596,11119,859.1288784370042,307.53458014813486,17183.256,4.0848174,1709.6077,1.4358461,18103.598,4.315185,0,,,,,859.1288784370042,0.00020678218,307.53458014813486,0.00023993383,-0.01674054,0.06718189
1459.1390633233666,18112.73,4.316272,0.0031166803,11120,859.1293210520699,307.5359037641864,17192.691,4.085846,1707.3658,1.4361365,18112.73,4.316272,0,,,,,859.1293210520699,0.00020675924,307.5359037641864,0.00023981418,-0.016272275,0.06880487
1459.1598962685423,18106.406,4.315975,0.0031163006,11121,859.1286740716613,307.53528065847337,17186.396,4.085565,1709.123,1.4361061,18106.406,4.315975,0,,,,,859.1286740716613,0.00020679958,307.53528065847337,0.00023997814,-0.016672997,0.0676237
1459.180729213253,18105.105,4.316468,0.0031159203,11122,859.129625305463,307.53569698478367,17184.863,4.086032,1709.9039,1.437909,18105.105,4.316468,0,,,,,859.129625305463,0.00020686639,307.53569698478367,0.00023997192,-0.01654829,0.068413064
1459.2015621570317,18106.543,4.31669,0.0031155392,11123,859.1292246486684,307.5363606279307,17186.342,4.086242,1711.6818,1.4388775,18106.543,4.31669,0,,,,,859.1292246486684,0.00020672544,307.5363606279307,0.00023979823,-0.016462337,0.068394676
1459.2223951003448,18114.938,4.315338,0.0031151576,11124,859.1297129483102,307.5366883366537,17193.861,4.0849624,1707.7887,1.4351361,18114.938,4.315338,0,,,,,859.1297129483102,0.00020666039,307.5366883366537,0.0002397513,-0.015733458,0.06881462
1459.2432280427265,18104.521,4.317082,0.003114775,11125,859.1290289615794,307.536150953602,17184.234,4.086613,1710.0883,1.4360036,18104.521,4.317082,0,,,,,859.1290289615794,0.00020702515,307.536150953602,0.00024002469,-0.016310072,0.06844618
1459.264060984643,18106.88,4.316199,0.003114392,11126,859.1293751685902,307.5360055796467,17186.352,4.085777,1710.525,1.4372972,18106.88,4.316199,0,,,,,859.1293751685902,0.00020674466,307.5360055796467,0.00023991395,-0.016251272,0.068434276
1459.2848939260941,18107.389,4.3172083,0.0031140086,11127,859.1293266659795,307.5360405039348,17187.178,4.0867324,1708.1327,1.4386665,18107.389,4.3172083,0,,,,,859.1293266659795,0.00020694749,307.5360405039348,0.00023984736,-0.01614398,0.068598665
1459.3057268666132,18105.123,4.315295,0.0031136242,11128,859.1290854101171,307.5358499983951,17184.762,4.084922,1709.4663,1.4358765,18105.123,4.315295,0,,,,,859.1290854101171,0.00020671266,307.5358499983951,0.00023988071,-0.016390419,0.06829928
1459.3265598066666,18096.764,4.3144407,0.0031132393,11129,859.1297994307628,307.5360830330125,17177.068,4.0841126,1711.2549,1.4360917,18096.764,4.3144407,0,,,,,859.1297994307628,0.0002067317,307.5360830330125,0.0002398557,-0.016018512,0.068594
1459.3473927460223,18104.42,4.316894,0.0031128537,11130,859.1290144952033,307.5362555751801,17184.443,4.0864353,1710.7677,1.4372952,18104.42,4.316894,0,,,,,859.1290144952033,0.00020676925,307.5362555751801,0.00024002476,-0.016285341,0.068510115
1459.3682256846794,18105.951,4.3157225,0.0031124675,11131,859.1290659044911,307.5364729371791,17185.35,4.085326,1712.7308,1.4368799,18105.951,4.3157225,0,,,,,859.1290659044911,0.00020677649,307.5364729371791,0.00023985446,-0.016202364,0.0688599
1459.3890586226373,18105.973,4.3172183,0.0031120805,11132,859.1293478376869,307.5365865863534,17185.762,4.086742,1710.3425,1.4369248,18105.973,4.3172183,0,,,,,859.1293478376869,0.0002068745,307.5365865863534,0.0002400318,-0.016332917,0.0686802
1459.4098915598968,18107.324,4.316147,0.0031116928,11133,859.1297674493982,307.53709545449743,17186.98,4.0857277,1710.7174,1.4372481,18107.324,4.316147,0,,,,,859.1297674493982,0.0002068282,307.53709545449743,0.00023986268,-0.015729845,0.06890419
1459.4307244966906,18111.777,4.318413,0.0031113047,11134,859.1291131476606,307.536621260783,17190.85,4.087873,1710.935,1.4394268,18111.777,4.318413,0,,,,,859.1291131476606,0.00020681738,307.536621260783,0.00023996021,-0.016422521,0.06945368
1459.4515574327866,18102.254,4.3153033,0.003110916,11135,859.1296156442165,307.5367324530251,17181.348,4.0849295,1711.0641,1.4363787,18102.254,4.3153033,0,,,,,859.1296156442165,0.00020677586,307.5367324530251,0.00023999477,-0.01593318,0.06897047
1459.4723903681834,18104.37,4.314887,0.0031105264,11136,859.1294857543276,307.5369455672321,17184.29,4.084535,1710.7094,1.4355246,18104.37,4.314887,0,,,,,859.1294857543276,0.00020675534,307.5369455672321,0.00023983732,-0.016313687,0.06952104
1459.4932233028817,18106.807,4.314947,0.0031101361,11137,859.1295917134934,307.5368181596502,17185.799,4.0845923,1707.8201,1.4353132,18106.807,4.314947,0,,,,,859.1295917134934,0.00020668849,307.5368181596502,0.00023988223,-0.015790166,0.06948347
1459.514056236882,18105.893,4.3167553,0.0031097452,11138,859.1296960329091,307.5370673647638,17185.307,4.086304,1711.9673,1.4384781,18105.893,4.3167553,0,,,,,859.1296960329091,0.0002067665,307.5370673647638,0.00023991433,-0.0158929,0.069608696
1459.5348891704168,18108.27,4.3159113,0.0031093538,11139,859.1295935622267,307.53741392862236,17187.47,4.085505,1711.3738,1.4363152,18108.27,4.3159113,0,,,,,859.1295935622267,0.00020678644,307.53741392862236,0.00023990255,-0.015893059,0.069360465
1459.5557221032525,18112.84,4.3173666,0.0031089617,11140,859.129122985657,307.5369210234328,17191.959,4.0868826,1713.023,1.4382936,18112.84,4.3173666,0,,,,,859.129122985657,0.0002067743,307.5369210234328,0.00023989152,-0.01617707,0.06960871
1459.5765550353897,18104.094,4.315934,0.003108569,11141,859.130197214375,307.5379354742234,17182.97,4.085527,1711.7556,1.4370915,18104.094,4.315934,0,,,,,859.130197214375,0.00020688359,307.5379354742234,0.00023998918,-0.015182321,0.07030489
1459.597387966829,18097.273,4.3158536,0.0031081755,11142,859.1291997962362,307.53630415238456,17176.033,4.0854506,1715.397,1.4381707,18097.273,4.3158536,0,,,,,859.1291997962362,0.0002068428,307.53630415238456,0.00024001076,-0.016148724,0.068919934
1459.61822089757,18104.684,4.315815,0.0031077813,11143,859.1298387392493,307.53779894944734,17182.992,4.0854135,1712.3682,1.4368303,18104.684,4.315815,0,,,,,859.1298387392493,0.00020678685,307.53779894944734,0.00024005176,-0.015215676,0.07026891
1459.6390538278445,18096.959,4.31596,0.0031073866,11144,859.1294790314784,307.53710882285753,17176.217,4.0855513,1714.2351,1.4382225,18096.959,4.31596,0,,,,,859.1294790314784,0.000206868,307.53710882285753,0.00024002774,-0.015819937,0.070004344
1459.6598867571877,18105.943,4.316223,0.003106991,11145,859.1297393036205,307.53759464544504,17183.12,4.0858,1715.1831,1.4370625,18105.943,4.316223,0,,,,,859.1297393036205,0.0002068034,307.53759464544504,0.00024002105,-0.015487427,0.06973342
1459.680719686066,18111.775,4.3156967,0.003106595,11146,859.1290233245908,307.5385600621779,17189.414,4.085302,1708.898,1.436497,18111.775,4.3156967,0,,,,,859.1290233245908,0.00020670125,307.5385600621779,0.00023979467,-0.01621006,0.07107014
1459.7015526142457,18104.71,4.3158503,0.0031061983,11147,859.1299468107632,307.53659971749835,17181.795,4.0854473,1711.5907,1.4361055,18104.71,4.3158503,0,,,,,859.1299468107632,0.00020684622,307.53659971749835,0.0002400705,-0.015635943,0.069006376
1459.7223855417262,18106.9,4.3160486,0.0031058008,11148,859.1300091908596,307.537847592169,17183.887,4.085635,1714.2898,1.4369029,18106.9,4.3160486,0,,,,,859.1300091908596,0.00020684791,307.537847592169,0.00024001152,-0.015501763,0.07095161
1459.7432184687411,18105.918,4.3157406,0.003105403,11149,859.1298270796111,307.5375837280452,17181.303,4.0853434,1712.2852,1.4375683,18105.918,4.3157406,0,,,,,859.1298270796111,0.00020684817,307.5375837280452,0.0002401084,-0.01570938,0.069981344
1459.7640513948254,18103.244,4.317331,0.003105004,11150,859.1298426643215,307.5381478171671,17180.1,4.086849,1715.0442,1.4400355,18103.244,4.317331,0,,,,,859.1298426643215,0.0002069189,307.5381478171671,0.00024014295,-0.015491737,0.070835754
1459.784884320443,18106.025,4.3162174,0.0031046048,11151,859.1300625113292,307.53810341727865,17182.465,4.085795,1715.2731,1.4385514,18106.025,4.3162174,0,,,,,859.1300625113292,0.00020680578,307.53810341727865,0.00024007165,-0.015354409,0.07073034
1459.8057172453625,18103.377,4.3164835,0.0031042048,11152,859.129492247743,307.53908093203717,17179.463,4.0860467,1715.0526,1.4391506,18103.377,4.3164835,0,,,,,859.129492247743,0.00020687967,307.53908093203717,0.00024010058,-0.015498859,0.07122693
1459.8265501695835,18107.479,4.3172417,0.003103804,11153,859.1303543675575,307.53838476870385,17182.521,4.0867643,1717.8789,1.4386142,18107.479,4.3172417,0,,,,,859.1303543675575,0.0002068875,307.53838476870385,0.00024022961,-0.015046434,0.07101614
1459.8473830931066,18105.4,4.315981,0.0031034027,11154,859.129197646552,307.53786803697756,17181.229,4.085571,1715.4615,1.4375757,18105.4,4.315981,0,,,,,859.129197646552,0.0002068793,307.53786803697756,0.00024012759,-0.016112395,0.07037276
1459.868216016164,18102.205,4.3176103,0.0031030008,11155,859.1300839290938,307.53775989182617,17177.662,4.087113,1718.1458,1.4414198,18102.205,4.3176103,0,,,,,859.1300839290938,0.00020690855,307.53775989182617,0.00024029364,-0.01531469,0.07012891
1459.8890489382895,18109.67,4.3168664,0.003102598,11156,859.1298994419149,307.53825000527894,17183.518,4.086409,1718.7155,1.4384714,18109.67,4.3168664,0,,,,,859.1298994419149,0.00020684014,307.53825000527894,0.00024016736,-0.015515414,0.07073758
1459.9098818599493,18103.963,4.3186913,0.0031021948,11157,859.130097972597,307.53881076632035,17180.258,4.0881367,1718.4603,1.4406012,18103.963,4.3186913,0,,,,,859.130097972597,0.00020689958,307.53881076632035,0.00024036114,-0.014847478,0.07140405
1459.9307147809113,18107.482,4.317696,0.0031017908,11158,859.1295370098696,307.5386475294731,17182.416,4.0871944,1719.4393,1.4390483,18107.482,4.317696,0,,,,,859.1295370098696,0.0002069688,307.5386475294731,0.00024025662,-0.015445726,0.07170164
1459.9515477011748,18104.996,4.3166094,0.0031013861,11159,859.1309244020765,307.5390403823114,17180.184,4.086166,1718.7682,1.438303,18104.996,4.3166094,0,,,,,859.1309244020765,0.0002069008,307.5390403823114,0.00024015768,-0.014463314,0.07183255
1459.9723806207392,18101.523,4.318018,0.0031009808,11160,859.130038859704,307.5387290517702,17176.9,4.0874996,1719.9703,1.4401654,18101.523,4.318018,0,,,,,859.130038859704,0.00020710385,307.5387290517702,0.0002403609,-0.015486007,0.07135647
1459.9932135398378,18109.002,4.317199,0.003100575,11161,859.1308587216773,307.53877219171744,17183.72,4.086724,1716.3398,1.4386594,18109.002,4.317199,0,,,,,859.1308587216773,0.00020685745,307.53877219171744,0.00024019668,-0.0146477185,0.07167604
1460.0140464580059,18097.578,4.316096,0.0031001682,11162,859.1300017045565,307.53912787526843,17170.979,4.0856795,1719.8962,1.4386916,18097.578,4.316096,0,,,,,859.1300017045565,0.00020700137,307.53912787526843,0.00024035836,-0.015638819,0.07178094
1460.034879375708,18106.85,4.3160934,0.003099761,11163,859.13064483395,307.53976412584865,17181.438,4.0856776,1715.4761,1.4373842,18106.85,4.3160934,0,,,,,859.13064483395,0.00020683261,307.53976412584865,0.00024015906,-0.014940384,0.07250572
1460.0557122927112,18109.5,4.3157444,0.003099353,11164,859.1304860380139,307.53820871493593,17183.812,4.0853467,1713.5067,1.4369951,18109.5,4.3157444,0,,,,,859.1304860380139,0.000206803,307.53820871493593,0.00024012101,-0.0150203565,0.07100962
1460.0765452090159,18109.947,4.3158507,0.0030989444,11165,859.1305749063436,307.5395582441885,17184.027,4.085448,1713.3661,1.4369166,18109.947,4.3158507,0,,,,,859.1305749063436,0.00020684363,307.5395582441885,0.00024004283,-0.015033616,0.07269669
1460.0973781246228,18103.096,4.316395,0.0030985351,11166,859.130222151476,307.5393595580611,17177.436,4.085963,1716.1589,1.4390912,18103.096,4.316395,0,,,,,859.130222151476,0.00020686453,307.5393595580611,0.0002402129,-0.015119207,0.07181728
1460.1182110395312,18104.703,4.316247,0.003098125,11167,859.1301054472318,307.5395749465845,17177.484,4.085823,1713.3344,1.437946,18104.703,4.316247,0,,,,,859.1301054472318,0.0002069468,307.5395749465845,0.00024034621,-0.014831692,0.0721016
1460.139043953974,18099.35,4.314608,0.0030977146,11168,859.1302697314195,307.5393770764385,17173.787,4.0842714,1713.2278,1.4370543,18099.35,4.314608,0,,,,,859.1302697314195,0.00020694484,307.5393770764385,0.0002401045,-0.015094157,0.0721629
1460.1598768674846,18104.908,4.316595,0.0030973032,11169,859.1301321482617,307.53897234865735,17178.424,4.0861526,1714.4281,1.4378256,18104.908,4.316595,0,,,,,859.1301321482617,0.00020687394,307.53897234865735,0.0002403473,-0.014541742,0.07100999
1460.1807097805297,18100.506,4.314954,0.0030968913,11170,859.1300276331391,307.53983808194306,17174.008,4.0845985,1713.1616,1.4381979,18100.506,4.314954,0,,,,,859.1300276331391,0.00020682778,307.53983808194306,0.00024022082,-0.015245805,0.072266445
1460.201542692877,18108.33,4.316886,0.0030964788,11171,859.1304536044429,307.53912584469583,17181.938,4.0864277,1713.1808,1.4388129,18108.33,4.316886,0,,,,,859.1304536044429,0.0002069036,307.53912584469583,0.00024022671,-0.014813087,0.07192903
1460.2223756045257,18098.0,4.3162675,0.0030960655,11172,859.1301361197698,307.53932376491105,17172.092,4.085842,1714.3995,1.4388932,18098.0,4.3162675,0,,,,,859.1301361197698,0.000206949,307.53932376491105,0.00024035729,-0.015157981,0.0717388
1460.2432085154753,18096.191,4.3145785,0.0030956515,11173,859.1306336260087,307.53865825344434,17168.941,4.0842433,1713.7023,1.4367589,18096.191,4.3145785,0,,,,,859.1306336260087,0.00020690855,307.53865825344434,0.0002402973,-0.01453813,0.07146753
1460.2640414257264,18105.676,4.314385,0.0030952368,11174,859.1303093485518,307.53910075391684,17179.357,4.08406,1708.0206,1.4350908,18105.676,4.314385,0,,,,,859.1303093485518,0.0002067813,307.53910075391684,0.00024017738,-0.015090515,0.07212569
1460.2848743352797,18108.488,4.3154902,0.0030948215,11175,859.1301983819824,307.5395900859336,17180.785,4.085107,1710.6703,1.436933,18108.488,4.3154902,0,,,,,859.1301983819824,0.00020681792,307.5395900859336,0.00024018528,-0.014813193,0.072243534
1460.305707244367,18105.74,4.3158684,0.0030944056,11176,859.1306269887106,307.5393269026544,17178.408,4.0854645,1710.4857,1.4365425,18105.74,4.3158684,0,,,,,859.1306269887106,0.00020682749,307.5393269026544,0.0002403344,-0.0149967,0.072392374
1460.3265401527556,18110.137,4.316801,0.003093989,11177,859.1306800762972,307.5401931166782,17181.904,4.086347,1712.9503,1.4372238,18110.137,4.316801,0,,,,,859.1306800762972,0.00020687206,307.5401931166782,0.00024035612,-0.0147819,0.072740965
1460.3473730602127,18099.06,4.3145156,0.0030935716,11178,859.1310203731405,307.5393275758312,17170.553,4.0841837,1710.1168,1.4370556,18099.06,4.3145156,0,,,,,859.1310203731405,0.0002069224,307.5393275758312,0.00024028476,-0.014171309,0.07273213
1460.3682059672049,18103.717,4.3145475,0.0030931537,11179,859.1306539427335,307.539807550158,17175.824,4.084214,1710.968,1.4359823,18103.717,4.3145475,0,,,,,859.1306539427335,0.0002068496,307.539807550158,0.00024032335,-0.014735803,0.07216037
1460.3890388734985,18096.246,4.3150344,0.003092735,11180,859.1308116572272,307.5406291963059,17169.084,4.0846753,1709.5121,1.436497,18096.246,4.3150344,0,,,,,859.1308116572272,0.00020686681,307.5406291963059,0.0002404202,-0.014508021,0.07287272
1460.409871779093,18109.67,4.315452,0.0030923157,11181,859.130197045589,307.5401585338469,17182.93,4.08507,1708.7072,1.4358759,18109.67,4.315452,0,,,,,859.130197045589,0.00020683999,307.5401585338469,0.00024015782,-0.014879941,0.07269927
1460.430704683989,18116.309,4.3157954,0.0030918957,11182,859.1311228603482,307.54091404435917,17187.848,4.0853953,1706.4287,1.4364086,18116.309,4.3157954,0,,,,,859.1311228603482,0.00020673677,307.54091404435917,0.00024015702,-0.014467217,0.07346878
1460.45153758842,18106.271,4.314531,0.0030914752,11183,859.1298870761384,307.5397110067107,17174.758,4.084198,1706.7072,1.4361284,18106.271,4.314531,0,,,,,859.1298870761384,0.00020689932,307.5397110067107,0.0002403355,-0.0151626505,0.0718219
1460.4723704919197,18103.021,4.315603,0.0030910538,11184,859.1310919726043,307.54074984677743,17173.037,4.0852127,1708.0948,1.4361274,18103.021,4.315603,0,,,,,859.1310919726043,0.00020690836,307.54074984677743,0.00024046627,-0.014687915,0.073023
1460.493203394953,18110.443,4.3147044,0.003090632,11185,859.1308004482647,307.5405869753475,17180.928,4.0843625,1708.0009,1.4362518,18110.443,4.3147044,0,,,,,859.1308004482647,0.00020677212,307.5405869753475,0.00024021133,-0.014416187,0.07396221
1460.514036297055,18111.252,4.313991,0.003090209,11186,859.1310273771646,307.5410761468582,17181.404,4.0836873,1706.4154,1.4347746,18111.252,4.313991,0,,,,,859.1310273771646,0.00020677883,307.5410761468582,0.00024018552,-0.014184114,0.07383386
1460.534869198692,18102.084,4.3135834,0.0030897858,11187,859.1313168775444,307.540590275027,17172.656,4.083301,1707.1976,1.4353695,18102.084,4.3135834,0,,,,,859.1313168775444,0.00020682554,307.540590275027,0.00024019832,-0.014361213,0.07351131
1460.5557020996305,18109.666,4.314705,0.0030893618,11188,859.1317201090724,307.54125230343146,17181.283,4.0843625,1706.7721,1.436259,18109.666,4.314705,0,,,,,859.1317201090724,0.00020677161,307.54125230343146,0.00024018883,-0.013300939,0.07432425
1460.5765349998699,18104.254,4.3139315,0.0030889371,11189,859.1305868340285,307.53998110432434,17173.787,4.0836306,1706.9188,1.4345914,18104.254,4.3139315,0,,,,,859.1305868340285,0.0002068427,307.53998110432434,0.00024034553,-0.0147760045,0.07300693
1460.6182007982538,18107.98,4.315618,0.0030880857,11191,859.1310105481542,307.54141116385716,17186.441,4.0852275,1706.4899,1.4370731,18107.98,4.315618,0,,,,,859.1310105481542,0.00020679201,307.54141116385716,0.00023985206,-0.014083426,0.07491456
1460.6390336963984,18103.066,4.317004,0.003087659,11192,859.1319174302052,307.54146617037554,17181.701,4.0865397,1708.6536,1.4367121,18103.066,4.317004,0,,,,,859.1319174302052,0.0002068279,307.54146617037554,0.00024006584,-0.013568258,0.07494061
1460.6598665938438,18100.012,4.3166714,0.0030872314,11193,859.1308180231558,307.5413507790127,17178.684,4.0862246,1708.5648,1.4381037,18100.012,4.3166714,0,,,,,859.1308180231558,0.00020685559,307.5413507790127,0.00024011204,-0.014502161,0.0748601
1460.6806994905908,18109.164,4.3151994,0.0030868032,11194,859.1315650847018,307.5413255046774,17187.139,4.084831,1710.3885,1.4355962,18109.164,4.3151994,0,,,,,859.1315650847018,0.00020670056,307.5413255046774,0.00023979525,-0.013649087,0.07473966
1460.7015323868727,18110.832,4.316654,0.0030863746,11195,859.1310526850235,307.54115830263606,17188.594,4.0862083,1707.3523,1.4372702,18110.832,4.316654,0,,,,,859.1310526850235,0.00020669586,307.54115830263606,0.00023996513,-0.014336656,0.074692324
1460.7223652822233,18094.889,4.3130302,0.003085945,11196,859.1315657098069,307.54154790399133,17173.852,4.082778,1705.2905,1.4343323,18094.889,4.3130302,0,,,,,859.1315657098069,0.00020678437,307.54154790399133,0.00023987093,-0.013674573,0.07411422
1460.7431981771076,18107.012,4.315799,0.003085515,11197,859.1309594678837,307.54181244850156,17184.7,4.085399,1707.8752,1.4372449,18107.012,4.315799,0,,,,,859.1309594678837,0.00020677943,307.54181244850156,0.00023991945,-0.014297434,0.074624255
1460.7640310710606,18101.621,4.314396,0.003085084,11198,859.1313664832378,307.5418276756105,17179.916,4.08407,1705.1941,1.4357319,18101.621,4.314396,0,,,,,859.1313664832378,0.00020681485,307.5418276756105,0.00023979331,-0.0134972315,0.07500758
1460.7848639645485,18102.766,4.315572,0.0030846526,11199,859.130602419941,307.5418292043597,17180.283,4.0851836,1705.3081,1.4365963,18102.766,4.315572,0,,,,,859.130602419941,0.00020689104,307.5418292043597,0.00023995838,-0.014027577,0.074718736
1460.8056968573378,18100.098,4.3156385,0.0030842205,11200,859.1316120950796,307.54211371552964,17178.2,4.085247,1706.8184,1.4366343,18100.098,4.3156385,0,,,,,859.1316120950796,0.0002068973,307.54211371552964,0.00024000047,-0.01322535,0.075789705
1460.8265297494281,18102.66,4.3147025,0.0030837876,11201,859.131126834225,307.5419872306771,17180.652,4.084361,1706.1431,1.4357368,18102.66,4.3147025,0,,,,,859.131126834225,0.00020679669,307.5419872306771,0.00023990801,-0.013498968,0.07496421
1460.84736264082,18103.303,4.3147645,0.003083354,11202,859.1320484085251,307.5417685137978,17180.73,4.0844197,1707.2935,1.4359673,18103.303,4.3147645,0,,,,,859.1320484085251,0.00020682703,307.5417685137978,0.00023987902,-0.01311276,0.07504173
1460.8681955312811,18099.951,4.3139377,0.0030829196,11203,859.1310712432986,307.5423904502656,17178.113,4.0836368,1704.626,1.4349954,18099.951,4.3139377,0,,,,,859.1310712432986,0.0002067899,307.5423904502656,0.00023987574,-0.01384434,0.07563317
1460.8890284212766,18107.836,4.3164005,0.0030824847,11204,859.1318313352921,307.54269968052523,17184.814,4.085968,1709.5461,1.4373947,18107.836,4.3164005,0,,,,,859.1318313352921,0.00020692295,307.54269968052523,0.00023986441,-0.013018288,0.07538508
1460.909861310573,18107.6,4.314657,0.003082049,11205,859.1309689508254,307.5430444847271,17185.299,4.0843177,1705.7543,1.435043,18107.6,4.314657,0,,,,,859.1309689508254,0.00020676682,307.5430444847271,0.000239784,-0.014085962,0.07583622
1460.9306941991708,18106.229,4.314711,0.0030816128,11206,859.1315336330865,307.5426342789217,17182.996,4.0843687,1706.8073,1.4354583,18106.229,4.314711,0,,,,,859.1315336330865,0.00020681543,307.5426342789217,0.00023978669,-0.013292914,0.075770415
1460.9515270873037,18114.266,4.3152437,0.003081176,11207,859.131145658148,307.5427451639005,17190.559,4.084873,1704.6936,1.4362462,18114.266,4.3152437,0,,,,,859.131145658148,0.00020670291,307.5427451639005,0.0002397651,-0.013604507,0.076066695
1460.9723599745053,18112.059,4.3162785,0.0030807382,11208,859.1319653939396,307.5425231021747,17188.053,4.0858526,1707.9349,1.4361248,18112.059,4.3162785,0,,,,,859.1319653939396,0.00020687285,307.5425231021747,0.00023982447,-0.013110107,0.07550462
1460.9931928610083,18105.36,4.3140326,0.0030802998,11209,859.1316806181428,307.5432951598935,17181.912,4.0837264,1703.9761,1.4345537,18105.36,4.3140326,0,,,,,859.1316806181428,0.00020682187,307.5432951598935,0.00023979243,-0.013095919,0.07600218
1461.0140257468122,18097.508,4.3138533,0.0030798607,11210,859.1321180953624,307.5427984400496,17175.121,4.0835567,1706.3617,1.4348913,18097.508,4.3138533,0,,,,,859.1321180953624,0.00020682129,307.5427984400496,0.00023994701,-0.013097895,0.076153964
1461.0348586319183,18102.7,4.314592,0.003079421,11211,859.1312802730487,307.5429516335996,17179.42,4.084256,1709.2373,1.4356537,18102.7,4.314592,0,,,,,859.1312802730487,0.0002068215,307.5429516335996,0.00023982367,-0.013449595,0.07593771
1461.0556915165585,18103.264,4.314617,0.0030789806,11212,859.1315433751561,307.5428898146946,17179.734,4.08428,1704.3751,1.4360108,18103.264,4.314617,0,,,,,859.1315433751561,0.00020682396,307.5428898146946,0.00023987541,-0.013299808,0.07631954
1461.0765244002669,18102.746,4.3147054,0.0030785394,11213,859.131756015657,307.5432456718716,17179.736,4.0843635,1707.1819,1.4351362,18102.746,4.3147054,0,,,,,859.131756015657,0.00020686683,307.5432456718716,0.00023998322,-0.013005315,0.07628188
1461.0973572832768,18109.979,4.314155,0.0030780975,11214,859.1316422432825,307.5427734700233,17186.012,4.0838428,1703.2728,1.434272,18109.979,4.314155,0,,,,,859.1316422432825,0.00020669455,307.5427734700233,0.0002398279,-0.013375798,0.075995155
1461.1181901655889,18108.52,4.315309,0.0030776549,11215,859.1319981414001,307.5433470813284,17184.695,4.084935,1705.2695,1.4369469,18108.52,4.315309,0,,,,,859.1319981414001,0.00020675453,307.5433470813284,0.00023980303,-0.01299592,0.07680724
1461.1390230474353,18102.207,4.314261,0.0030772118,11216,859.1318169189766,307.54293515999245,17178.307,4.083943,1706.8224,1.4358648,18102.207,4.314261,0,,,,,859.1318169189766,0.00020677528,307.54293515999245,0.00023980619,-0.012945111,0.07638965
1461.1598559283498,18107.809,4.313648,0.0030767678,11217,859.1321049630687,307.543068376595,17183.457,4.083363,1702.1304,1.4340928,18107.809,4.313648,0,,,,,859.1321049630687,0.00020670274,307.543068376595,0.00023973608,-0.012931801,0.07660627
1461.1806888085657,18112.355,4.315626,0.003076323,11218,859.1319045010205,307.54259149633936,17186.914,4.0852356,1705.3213,1.4362544,18112.355,4.315626,0,,,,,859.1319045010205,0.0002067905,307.54259149633936,0.00023983364,-0.013377307,0.075407825
1461.2015216883167,18110.605,4.3161335,0.003075878,11219,859.1325294176833,307.54355627978265,17186.264,4.0857153,1704.388,1.4368759,18110.605,4.3161335,0,,,,,859.1325294176833,0.00020695396,307.54355627978265,0.00023982066,-0.012096077,0.07734057
1461.2223545671363,18103.63,4.313598,0.0030754318,11220,859.1317291742273,307.54339915013855,17180.082,4.0833154,1703.8477,1.4341105,18103.63,4.313598,0,,,,,859.1317291742273,0.00020678656,307.54339915013855,0.00023976652,-0.013015737,0.07640104
1461.2431874452568,18102.123,4.3142414,0.003074985,11221,859.132725894522,307.5435884543114,17178.887,4.083924,1706.623,1.4350567,18102.123,4.3142414,0,,,,,859.132725894522,0.00020673816,307.5435884543114,0.00023990026,-0.012196806,0.077323765
1461.2640203229116,18109.932,4.3139467,0.0030745377,11222,859.1320285974163,307.54356101669504,17185.143,4.0836453,1704.5481,1.4344785,18109.932,4.3139467,0,,,,,859.1320285974163,0.00020666452,307.54356101669504,0.00023971962,-0.013360735,0.07724138
1461.2848531996358,18110.117,4.315903,0.0030740895,11223,859.1329913886959,307.54370200349996,17185.895,4.085497,1706.2284,1.4364355,18110.117,4.315903,0,,,,,859.1329913886959,0.0002069232,307.54370200349996,0.000239808,-0.012447582,0.07728173
1461.3056860756615,18106.93,4.3141975,0.0030736406,11224,859.1317299024073,307.5440579766014,17182.484,4.0838823,1704.9513,1.4343683,18106.93,4.3141975,0,,,,,859.1317299024073,0.00020680546,307.5440579766014,0.00023982767,-0.013118977,0.07729387
1461.3265189512208,18109.148,4.3150644,0.0030731913,11225,859.1325911292366,307.54352199225224,17184.172,4.0847034,1707.3397,1.4355166,18109.148,4.3150644,0,,,,,859.1325911292366,0.00020675547,307.54352199225224,0.00023979384,-0.0123448195,0.07727302
1461.3473518258493,18105.7,4.3152533,0.003072741,11226,859.1319638498405,307.5437656899585,17180.943,4.0848823,1706.2517,1.4378412,18105.7,4.3152533,0,,,,,859.1319638498405,0.0002067906,307.5437656899585,0.00023983435,-0.012817086,0.07766989
1461.3681846997795,18104.393,4.3133817,0.00307229,11227,859.132577307411,307.54387590195216,17180.186,4.0831103,1703.2716,1.4337392,18104.393,4.3133817,0,,,,,859.132577307411,0.00020677017,307.54387590195216,0.00023981254,-0.012006993,0.0779978
1461.3890175730112,18109.445,4.3159533,0.0030718383,11228,859.1319332587834,307.5438150624658,17183.852,4.0855446,1707.4055,1.4371022,18109.445,4.3159533,0,,,,,859.1319332587834,0.0002069493,307.5438150624658,0.00023985504,-0.012765477,0.077574305
1461.4098504455444,18114.256,4.3150115,0.003071386,11229,859.1323915057352,307.54456320514663,17188.865,4.0846534,1701.734,1.4346719,18114.256,4.3150115,0,,,,,859.1323915057352,0.00020682727,307.54456320514663,0.0002397832,-0.01206786,0.07815293
1461.4306833173785,18106.018,4.3154883,0.0030709328,11230,859.1322625755259,307.5445619537025,17180.59,4.0851045,1706.6458,1.4363421,18106.018,4.3154883,0,,,,,859.1322625755259,0.00020687057,307.5445619537025,0.00023987443,-0.012410132,0.07782402
1461.451516188514,18109.54,4.3140287,0.003070479,11231,859.1327996113341,307.5442105787561,17184.186,4.083723,1704.2963,1.4346125,18109.54,4.3140287,0,,,,,859.1327996113341,0.00020676252,307.5442105787561,0.00023979934,-0.0121579515,0.07785062
1461.4723490589517,18110.678,4.316675,0.0030700245,11232,859.1319258192592,307.54436624872557,17185.098,4.086228,1706.0693,1.4373088,18110.678,4.316675,0,,,,,859.1319258192592,0.00020695831,307.54436624872557,0.0002398853,-0.012735429,0.07750909
1461.493181928691,18112.305,4.315324,0.0030695694,11233,859.1328631240957,307.54422626898406,17187.055,4.084949,1705.6956,1.4359673,18112.305,4.315324,0,,,,,859.1328631240957,0.00020671231,307.54422626898406,0.00023973988,-0.0120690325,0.07808321
1461.514014797731,18107.557,4.314525,0.0030691135,11234,859.132183991792,307.54472765687717,17181.916,4.0841928,1706.0344,1.4343935,18107.557,4.314525,0,,,,,859.132183991792,0.00020690488,307.54472765687717,0.00023982144,-0.01217129,0.07845386
1461.5348476660727,18104.531,4.314618,0.003068657,11235,859.1327908404749,307.5443202626345,17179.256,4.084281,1708.9718,1.435811,18104.531,4.314618,0,,,,,859.1327908404749,0.00020677815,307.5443202626345,0.00023982362,-0.012324602,0.07805271
1461.5556805337164,18101.506,4.314491,0.0030681996,11236,859.1323370260353,307.54496559025023,17175.863,4.0841603,1706.6545,1.43578,18101.506,4.314491,0,,,,,859.1323370260353,0.00020686112,307.54496559025023,0.00023987112,-0.012196211,0.078495726
1461.5765134006624,18107.1,4.314079,0.0030677416,11237,859.1333327349935,307.5443500680963,17180.998,4.0837703,1705.9868,1.4347689,18107.1,4.314079,0,,,,,859.1333327349935,0.00020675999,307.5443500680963,0.00023983227,-0.011443211,0.078228004
1461.5973462666757,18108.812,4.3154254,0.0030672827,11238,859.1323110622261,307.5451272514888,17181.877,4.085045,1707.3975,1.4365559,18108.812,4.3154254,0,,,,,859.1323110622261,0.00020680472,307.5451272514888,0.00023996296,-0.012238028,0.07856504
1461.618179132223,18110.754,4.3149734,0.0030668234,11239,859.1332431675752,307.5450288097454,17184.246,4.0846167,1705.2562,1.4344813,18110.754,4.3149734,0,,,,,859.1332431675752,0.00020676719,307.5450288097454,0.0002399566,-0.011513745,0.07821305
1461.63901199684,18108.729,4.3145432,0.003066363,11240,859.1329936451983,307.5446216993618,17182.512,4.08421,1703.8094,1.4363487,18108.729,4.3145432,0,,,,,859.1329936451983,0.00020673484,307.5446216993618,0.0002397946,-0.011748448,0.07820784
1461.6598448609914,18115.805,4.3151155,0.0030659023,11241,859.1334944392759,307.5453821056434,17188.186,4.0847516,1708.2067,1.4354409,18115.805,4.3151155,0,,,,,859.1334944392759,0.00020672406,307.5453821056434,0.00023976548,-0.011076505,0.079382464
1461.6806777242107,18106.82,4.3145504,0.0030654406,11242,859.1330908494457,307.5445275613121,17180.156,4.0842166,1708.31,1.4355795,18106.82,4.3145504,0,,,,,859.1330908494457,0.00020678295,307.5445275613121,0.00023984992,-0.01202567,0.07787791
1461.7015105867315,18109.191,4.315857,0.0030649782,11243,859.1333134173523,307.5449576150293,17182.273,4.0854535,1706.0259,1.4353142,18109.191,4.315857,0,,,,,859.1333134173523,0.00020696918,307.5449576150293,0.000240039,-0.011300179,0.07836479
1461.7223434485545,18106.053,4.314702,0.003064515,11244,859.1326854802328,307.54511907089153,17178.967,4.0843606,1709.1497,1.4356602,18106.053,4.314702,0,,,,,859.1326854802328,0.00020685531,307.54511907089153,0.00023993534,-0.011923432,0.07882522
1461.743176309679,18113.107,4.314887,0.0030640513,11245,859.1337020501892,307.544648801967,17186.219,4.0845356,1707.373,1.4352577,18113.107,4.314887,0,,,,,859.1337020501892,0.00020678941,307.544648801967,0.00023977019,-0.011025628,0.078304164
1461.764009170105,18110.346,4.315069,0.0030635868,11246,859.1332088037155,307.5448466875963,17182.625,4.0847077,1708.205,1.4358034,18110.346,4.315069,0,,,,,859.1332088037155,0.00020680956,307.5448466875963,0.00023984871,-0.011353092,0.07881164
1461.784842029832,18114.611,4.3147607,0.0030631216,11247,859.133430543209,307.54484506057344,17186.04,4.084416,1706.3428,1.434916,18114.611,4.3147607,0,,,,,859.133430543209,0.00020680124,307.54484506057344,0.0002398188,-0.011264823,0.07804672
1461.8056748886281,18108.943,4.314332,0.0030626555,11248,859.1335768053285,307.54580317741744,17180.719,4.08401,1708.4604,1.435589,18108.943,4.314332,0,,,,,859.1335768053285,0.00020680964,307.54580317741744,0.00023986459,-0.011148155,0.07940002
1461.8265077469587,18108.379,4.3161516,0.0030621889,11249,859.133982156277,307.5454232740919,17180.037,4.0857325,1707.3213,1.4391007,18108.379,4.3161516,0,,,,,859.133982156277,0.00020683656,307.5454232740919,0.0002399647,-0.0106233265,0.079227835
1461.8473406043572,18104.346,4.3147616,0.0030617213,11250,859.133016569076,307.5450455847684,17176.459,4.0844164,1707.2545,1.435947,18104.346,4.3147616,0,,,,,859.133016569076,0.0002069237,307.5450455847684,0.00023996773,-0.0114817815,0.07856137
1461.86817346129,18113.213,4.315975,0.0030612533,11251,859.1336523870604,307.54495369781864,17184.777,4.0855656,1707.1412,1.4377465,18113.213,4.315975,0,,,,,859.1336523870604,0.00020676428,307.54495369781864,0.00023989669,-0.010930674,0.078732476
1461.8890063172921,18107.771,4.3146358,0.0030607844,11252,859.134029066986,307.5454184352406,17180.066,4.0842977,1708.7963,1.4358209,18107.771,4.3146358,0,,,,,859.134029066986,0.00020676812,307.5454184352406,0.00023987971,-0.010840468,0.07893091
1461.9098391725959,18111.658,4.3142357,0.0030603148,11253,859.1337016553716,307.5458215578526,17183.629,4.083919,1705.8503,1.4349974,18111.658,4.3142357,0,,,,,859.1337016553716,0.00020678884,307.5458215578526,0.00023984842,-0.01104296,0.07936451
1461.9306720272004,18103.871,4.3142843,0.0030598445,11254,859.1336760207697,307.54603040465065,17176.76,4.083965,1707.4486,1.43629,18103.871,4.3142843,0,,,,,859.1336760207697,0.00020682496,307.54603040465065,0.00023989176,-0.010656821,0.080410525
1461.9515048811072,18113.879,4.3148103,0.0030593735,11255,859.1333048820978,307.54483446702915,17185.49,4.0844626,1706.399,1.4358166,18113.879,4.3148103,0,,,,,859.1333048820978,0.00020674313,307.54483446702915,0.00023979384,-0.010748144,0.078697644
1461.9723377340827,18110.215,4.314593,0.0030589015,11256,859.1342902620391,307.5455474143801,17181.566,4.084257,1709.0251,1.4354732,18110.215,4.314593,0,,,,,859.1342902620391,0.0002067773,307.5455474143801,0.0002398668,-0.01030396,0.07991661
1461.9931705865924,18108.227,4.3152137,0.003058429,11257,859.1340251977922,307.54544774683444,17179.53,4.0848446,1709.3397,1.4379172,18108.227,4.3152137,0,,,,,859.1340251977922,0.00020682678,307.54544774683444,0.00023992342,-0.010547435,0.07926638
1462.0140034381702,18109.85,4.3162794,0.0030579558,11258,859.134475617116,307.54580055241655,17181.262,4.0858536,1709.9651,1.4381762,18109.85,4.3162794,0,,,,,859.134475617116,0.0002070116,307.54580055241655,0.00023992613,-0.010227611,0.07953804
1462.0348362890495,18104.531,4.315305,0.0030574817,11259,859.1342155679974,307.5452814435813,17176.666,4.0849314,1710.6161,1.4371252,18104.531,4.315305,0,,,,,859.1342155679974,0.00020697434,307.5452814435813,0.00023991232,-0.010153744,0.07924249
1462.055669139231,18110.926,4.3142414,0.003057007,11260,859.1342267951843,307.5462001177566,17182.287,4.0839243,1707.1554,1.4350005,18110.926,4.3142414,0,,,,,859.1342267951843,0.00020682563,307.5462001177566,0.0002398732,-0.010626137,0.08048598
1462.076501988714,18104.928,4.31475,0.0030565315,11261,859.134390504782,307.5461860622415,17176.303,4.084406,1707.4132,1.436629,18104.928,4.31475,0,,,,,859.134390504782,0.0002069275,307.5461860622415,0.00023995452,-0.009889702,0.07963981
1462.0973348372656,18109.021,4.315073,0.0030560552,11262,859.1348661035955,307.5457525733623,17180.422,4.0847116,1707.6671,1.4356935,18109.021,4.315073,0,,,,,859.1348661035955,0.0002068689,307.5457525733623,0.00023989673,-0.009991538,0.07961955
1462.118167685351,18110.695,4.3148794,0.0030555783,11263,859.1339851969714,307.5460210378243,17182.535,4.084528,1706.9115,1.4348893,18110.695,4.3148794,0,,,,,859.1339851969714,0.0002069361,307.5460210378243,0.00023984458,-0.010170579,0.07989998
1462.1390005325056,18114.479,4.314873,0.0030551006,11264,859.1346867748064,307.5456020826446,17185.832,4.0845222,1708.1783,1.435194,18114.479,4.314873,0,,,,,859.1346867748064,0.00020680789,307.5456020826446,0.0002398103,-0.009826335,0.08008817
1462.1598333789616,18111.877,4.3161006,0.003054622,11265,859.1341350944118,307.5460123010121,17183.135,4.0856843,1708.6166,1.4362823,18111.877,4.3161006,0,,,,,859.1341350944118,0.00020687429,307.5460123010121,0.00024006625,-0.010085597,0.07990687
1462.1806662247186,18103.717,4.3140845,0.003054143,11266,859.1348506851414,307.54685160399856,17175.809,4.0837755,1709.9972,1.4353287,18103.717,4.3140845,0,,,,,859.1348506851414,0.00020687951,307.54685160399856,0.00023990247,-0.009306891,0.08086025
1462.2014990697771,18102.44,4.3155856,0.003053663,11267,859.1344196700163,307.5450006952408,17174.783,4.0851965,1709.3505,1.4364395,18102.44,4.3155856,0,,,,,859.1344196700163,0.00020691856,307.5450006952408,0.00024007978,-0.009944735,0.07905662
1462.222331913905,18103.246,4.3144336,0.0030531823,11268,859.1344143759012,307.54643864863914,17174.916,4.084106,1709.9694,1.4354552,18103.246,4.3144336,0,,,,,859.1344143759012,0.00020696236,307.54643864863914,0.00023999283,-0.009464978,0.08020324
1462.243164757335,18107.781,4.314705,0.0030527008,11269,859.1343626949479,307.5464861734923,17178.748,4.084363,1709.2959,1.4359064,18107.781,4.314705,0,,,,,859.1343626949479,0.00020693243,307.5464861734923,0.00023987793,-0.0096989,0.080568075
1462.2639976000653,18104.982,4.3137712,0.0030522186,11270,859.1348380790573,307.54557964861505,17176.94,4.0834794,1707.7262,1.4345528,18104.982,4.3137712,0,,,,,859.1348380790573,0.00020681066,307.54557964861505,0.0002399451,-0.009289969,0.07991178
1462.284830442097,18106.236,4.3146563,0.0030517357,11271,859.1344180352164,307.54634185411317,17177.863,4.0843167,1706.0513,1.4359144,18106.236,4.3146563,0,,,,,859.1344180352164,0.00020685427,307.54634185411317,0.00023993841,-0.009924032,0.07998281
1462.305663283431,18109.525,4.31554,0.003051252,11272,859.1354962860106,307.5460342622874,17180.434,4.085153,1707.4529,1.437014,18109.525,4.31554,0,,,,,859.1354962860106,0.00020691661,307.5460342622874,0.0002399196,-0.008721121,0.079954244
1462.3264961240664,18112.408,4.315812,0.0030507678,11273,859.1349622238408,307.54599491035765,17184.016,4.085411,1705.5913,1.4378511,18112.408,4.315812,0,,,,,859.1349622238408,0.00020684605,307.54599491035765,0.000239807,-0.009494749,0.07994063
1462.3473289637698,18109.717,4.3170695,0.0030502826,11274,859.1347189948592,307.5459789111299,17181.342,4.0866013,1708.8616,1.4371567,18109.717,4.3170695,0,,,,,859.1347189948592,0.00020694055,307.5459789111299,0.00024011864,-0.009274442,0.07978624
1462.3681618027747,18106.867,4.3149805,0.0030497967,11275,859.1350767471704,307.5469170261171,17178.648,4.084624,1709.6245,1.4360621,18106.867,4.3149805,0,,,,,859.1350767471704,0.00020689236,307.5469170261171,0.00023992913,-0.0093172835,0.080882564
1462.3889946410825,18115.7,4.315931,0.00304931,11276,859.1354608327541,307.54633313498573,17186.258,4.0855236,1706.0914,1.4370613,18115.7,4.315931,0,,,,,859.1354608327541,0.00020679196,307.54633313498573,0.00023993585,-0.008876835,0.07957995
1462.4098274784583,18108.834,4.31488,0.0030488225,11277,859.1350274342391,307.54637277524296,17180.398,4.0845284,1707.6835,1.4355018,18108.834,4.31488,0,,,,,859.1350274342391,0.00020687083,307.54637277524296,0.00023989836,-0.009185129,0.0806692
1462.4306603153677,18109.977,4.316486,0.0030483345,11278,859.1357742423733,307.5460960327199,17179.89,4.086049,1708.1748,1.4366076,18109.977,4.316486,0,,,,,859.1357742423733,0.0002070283,307.5460960327199,0.00024013963,-0.008564776,0.07994145
1462.4514931513456,18111.316,4.3148212,0.0030478456,11279,859.1354363418368,307.5462070318626,17182.045,4.084473,1707.8575,1.435313,18111.316,4.3148212,0,,,,,859.1354363418368,0.00020685156,307.5462070318626,0.0002398935,-0.008868202,0.08010006
1462.472325986626,18110.441,4.314716,0.003047356,11280,859.1355955511639,307.5462506122179,17180.258,4.0843735,1705.9146,1.4351852,18110.441,4.314716,0,,,,,859.1355955511639,0.00020693547,307.5462506122179,0.00023993551,-0.008886262,0.080241166
1462.493158820975,18099.693,4.313344,0.0030468653,11281,859.1353066238405,307.54621435566645,17171.53,4.0830746,1707.7146,1.4345005,18099.693,4.313344,0,,,,,859.1353066238405,0.00020695025,307.54621435566645,0.00024001961,-0.008790542,0.080073
1462.5139916548576,18102.035,4.3158364,0.0030463743,11282,859.1364026476679,307.5471275790327,17171.566,4.085434,1708.5403,1.4378918,18102.035,4.3158364,0,,,,,859.1364026476679,0.0002070491,307.5471275790327,0.00024014855,-0.008208677,0.08146309
1462.5348244878096,18099.658,4.314861,0.0030458823,11283,859.1357163685678,307.5461313086086,17171.107,4.084511,1708.766,1.4361676,18099.658,4.314861,0,,,,,859.1357163685678,0.00020709207,307.5461313086086,0.00024012646,-0.00873443,0.08004821
1462.5556573200631,18111.855,4.3145404,0.0030453897,11284,859.1358183989732,307.54654328830236,17181.404,4.084207,1705.7006,1.4357784,18111.855,4.3145404,0,,,,,859.1358183989732,0.00020684153,307.54654328830236,0.0002399551,-0.008300186,0.08047788
1462.5764901516181,18106.71,4.3139997,0.0030448963,11285,859.1356325803081,307.5464722845431,17176.188,4.0836954,1706.583,1.4355443,18106.71,4.3139997,0,,,,,859.1356325803081,0.00020693224,307.5464722845431,0.00023998182,-0.0084961755,0.080296144
1462.5973229822418,18104.514,4.3143353,0.003044402,11286,859.1359243879522,307.54710309813294,17173.951,4.0840135,1708.4458,1.4367434,18104.514,4.3143353,0,,,,,859.1359243879522,0.00020691454,307.54710309813294,0.0002400436,-0.008104295,0.08109473
1462.6181558123992,18110.994,4.3146367,0.0030439072,11287,859.1359071535154,307.54662434666386,17181.373,4.0842986,1706.76,1.4359337,18110.994,4.3146367,0,,,,,859.1359071535154,0.00020689257,307.54662434666386,0.00023990743,-0.008248232,0.08083422
1462.638988641626,18111.328,4.3148565,0.0030434115,11288,859.1363448801217,307.5461488819376,17180.768,4.0845065,1704.2432,1.4358709,18111.328,4.3148565,0,,,,,859.1363448801217,0.00020695389,307.5461488819376,0.0002399831,-0.007584314,0.07976359
1462.6598214699213,18103.395,4.314745,0.003042915,11289,859.1365022939207,307.54682770162697,17172.324,4.0844007,1708.2225,1.4360812,18103.395,4.314745,0,,,,,859.1365022939207,0.00020702046,307.54682770162697,0.00024022172,-0.007672107,0.08093663
1462.680654297751,18107.055,4.314894,0.0030424178,11290,859.1364787754453,307.5468453330076,17176.781,4.0845423,1707.1488,1.4361093,18107.055,4.314894,0,,,,,859.1364787754453,0.00020698307,307.5468453330076,0.00024003415,-0.0076201195,0.080934495
1462.7014871246488,18108.92,4.3140874,0.0030419198,11291,859.1359216014085,307.54608599328236,17177.746,4.0837784,1705.0072,1.434975,18108.92,4.3140874,0,,,,,859.1359216014085,0.00020685302,307.54608599328236,0.00024006357,-0.008220746,0.080144465
1462.7223199510806,18105.525,4.3149843,0.0030414213,11292,859.1364228056939,307.5464081158844,17174.84,4.0846276,1707.8767,1.437438,18105.525,4.3149843,0,,,,,859.1364228056939,0.00020691572,307.5464081158844,0.00024012614,-0.0076321247,0.080739886
1462.7431527765827,18098.613,4.314702,0.0030409219,11293,859.1369581427538,307.5457565211111,17166.887,4.08436,1708.5857,1.4361978,18098.613,4.314702,0,,,,,859.1369581427538,0.00020702116,307.5457565211111,0.000240308,-0.0068500824,0.0798291
1462.7639856011529,18104.645,4.3143497,0.0030404215,11294,859.1365252170325,307.546014055874,17173.531,4.084027,1707.1759,1.4357169,18104.645,4.3143497,0,,,,,859.1365252170325,0.00020693976,307.546014055874,0.00024014922,-0.007357664,0.07948939
1462.7848184252566,18104.889,4.3138165,0.0030399207,11295,859.1361992758692,307.5464766204374,17173.697,4.0835223,1707.2927,1.4356655,18104.889,4.3138165,0,,,,,859.1361992758692,0.00020691643,307.5464766204374,0.0002400014,-0.007685039,0.08068271
1462.805651248429,18103.523,4.3146267,0.003039419,11296,859.136684345965,307.54621171675836,17172.22,4.084289,1709.3385,1.4364425,18103.523,4.3146267,0,,,,,859.136684345965,0.00020697845,307.54621171675836,0.00024014401,-0.0069665248,0.08075291
1462.8264840709037,18105.504,4.3140054,0.0030389165,11297,859.1366363264727,307.54666030615726,17173.484,4.0837007,1706.5734,1.4354535,18105.504,4.3140054,0,,,,,859.1366363264727,0.0002069617,307.54666030615726,0.00024016215,-0.007656281,0.08044317
1462.8473168926805,18107.223,4.3137393,0.0030384134,11298,859.1374231090986,307.5470409791255,17177.146,4.0834494,1705.3956,1.4350265,18107.223,4.3137393,0,,,,,859.1374231090986,0.0002068514,307.5470409791255,0.00024003007,-0.0065968973,0.08118863
1462.8681497137575,18096.496,4.3143263,0.0030379095,11299,859.137029079523,307.5464793648887,17166.094,4.0840044,1707.3794,1.4362953,18096.496,4.3143263,0,,,,,859.137029079523,0.00020691064,307.5464793648887,0.00024017245,-0.007172878,0.080432616
1462.888982534136,18104.879,4.3143706,0.003037405,11300,859.1374821706654,307.54689342051597,17172.568,4.0840464,1706.3258,1.4357238,18104.879,4.3143706,0,,,,,859.1374821706654,0.00020702422,307.54689342051597,0.00024024353,-0.0061468882,0.08019807
1462.9098153535838,18106.688,4.314661,0.0030368995,11301,859.1372343598237,307.54624881763533,17175.43,4.0843215,1709.6313,1.4361452,18106.688,4.314661,0,,,,,859.1372343598237,0.00020694929,307.54624881763533,0.00024014192,-0.0062662526,0.08012071
1462.930648172566,18116.178,4.315113,0.0030363936,11302,859.1373686450669,307.5475301549911,17184.531,4.084749,1706.1702,1.4356027,18116.178,4.315113,0,,,,,859.1373686450669,0.000206931,307.5475301549911,0.00024007003,-0.006161313,0.08065911
1462.9514809906168,18104.764,4.3153057,0.0030358867,11303,859.137369891872,307.5460974134969,17173.629,4.084932,1707.7174,1.4383246,18104.764,4.3153057,0,,,,,859.137369891872,0.00020705654,307.5460974134969,0.00024016244,-0.00632056,0.080416545
1462.9723138079685,18109.797,4.3146815,0.003035379,11304,859.1377365049476,307.5462622115282,17179.21,4.0843406,1707.6715,1.4361023,18109.797,4.3146815,0,,,,,859.1377365049476,0.00020687631,307.5462622115282,0.00024004046,-0.0060507352,0.07968851
1462.993146624622,18099.355,4.313566,0.0030348708,11305,859.137366025197,307.54687318480694,17168.244,4.0832853,1708.9766,1.4354329,18099.355,4.313566,0,,,,,859.137366025197,0.0002070341,307.54687318480694,0.00024020752,-0.00651494,0.08072182
1463.0139794405775,18109.547,4.3148646,0.0030343619,11306,859.1383479567928,307.5459789316477,17179.355,4.084514,1708.3374,1.4355704,18109.547,4.3148646,0,,,,,859.1383479567928,0.00020692246,307.5459789316477,0.00024018125,-0.0055816676,0.07961543
1463.0348122556009,18103.2,4.315437,0.003033852,11307,859.1379298530727,307.5462444076983,17172.484,4.085056,1711.2504,1.4373178,18103.2,4.315437,0,,,,,859.1379298530727,0.00020702663,307.5462444076983,0.00024023527,-0.0060593025,0.08051536
1463.0556450701592,18096.72,4.314942,0.0030333416,11308,859.1385581956483,307.54649061134126,17166.045,4.084587,1708.6127,1.437934,18096.72,4.314942,0,,,,,859.1385581956483,0.00020698489,307.54649061134126,0.00024033496,-0.0052874647,0.08018967
1463.0764778840191,18100.863,4.3157606,0.0030328305,11309,859.1383015765315,307.5468820800183,17170.92,4.0853624,1708.0289,1.4389136,18100.863,4.3157606,0,,,,,859.1383015765315,0.00020712498,307.5468820800183,0.00024024044,-0.0053808917,0.08043339
1463.0973106971805,18111.342,4.316013,0.0030323188,11310,859.1384328631295,307.54618939770967,17181.49,4.085601,1706.9869,1.4365035,18111.342,4.316013,0,,,,,859.1384328631295,0.00020697157,307.54618939770967,0.00024022421,-0.0051375767,0.08041822
1463.11814350941,18106.203,4.3140545,0.003031806,11311,859.1381006707365,307.54642690869144,17175.477,4.0837474,1706.581,1.4358267,18106.203,4.3140545,0,,,,,859.1381006707365,0.00020696418,307.54642690869144,0.00024010819,-0.0055328123,0.08020225
1463.1389763211737,18114.69,4.316149,0.003031293,11312,859.1389519857057,307.5463483833177,17184.773,4.0857306,1710.8146,1.4377934,18114.69,4.316149,0,,,,,859.1389519857057,0.00020693145,307.5463483833177,0.00024002139,-0.0047742883,0.080264725
1463.1598091322403,18107.07,4.3140297,0.003030779,11313,859.1386592420602,307.54557597898315,17176.82,4.083724,1706.0159,1.4352565,18107.07,4.3140297,0,,,,,859.1386592420602,0.00020687788,307.54557597898315,0.00024021484,-0.0053645857,0.078969
1463.1806419426077,18107.469,4.315382,0.0030302645,11314,859.1384194617425,307.54654942456534,17176.672,4.085004,1707.4342,1.4381036,18107.469,4.315382,0,,,,,859.1384194617425,0.00020706558,307.54654942456534,0.00024009138,-0.0048263213,0.0802629
1463.201474752276,18115.357,4.315016,0.0030297493,11315,859.1393737189225,307.546020894518,17184.104,4.0846577,1705.5303,1.4351823,18115.357,4.315016,0,,,,,859.1393737189225,0.00020684987,307.546020894518,0.00024015353,-0.0046985364,0.079808936
1463.2223075614786,18108.797,4.3142285,0.0030292335,11316,859.139377984917,307.54624267352983,17177.219,4.083912,1706.7637,1.4361328,18108.797,4.3142285,0,,,,,859.139377984917,0.0002069023,307.54624267352983,0.00024016718,-0.0042727883,0.08005421
1463.2431403697506,18103.633,4.314579,0.003028717,11317,859.1384394289165,307.5462061538722,17173.96,4.084244,1709.1569,1.4359865,18103.633,4.314579,0,,,,,859.1384394289165,0.00020699248,307.5462061538722,0.00024026097,-0.0049688295,0.07956809
1463.2639731775575,18111.73,4.314633,0.0030281998,11318,859.1396346638875,307.5468387705252,17181.342,4.0842943,1706.4031,1.4356158,18111.73,4.314633,0,,,,,859.1396346638875,0.00020688347,307.5468387705252,0.00024008827,-0.0037190153,0.081378706
1463.2848059848975,18104.758,4.314343,0.0030276822,11319,859.1393863034511,307.54667249352605,17173.117,4.0840206,1708.6226,1.4358124,18104.758,4.314343,0,,,,,859.1393863034511,0.00020696774,307.54667249352605,0.00024032738,-0.004038411,0.080551
1463.305638791306,18110.455,4.3150086,0.0030271637,11320,859.1397359893253,307.54656310955613,17179.55,4.084651,1710.6345,1.4372559,18110.455,4.3150086,0,,,,,859.1397359893253,0.00020688854,307.54656310955613,0.00024017303,-0.003559552,0.08039134
1463.3264715972496,18109.203,4.3152723,0.0030266447,11321,859.1400134076038,307.5468038958071,17177.365,4.0849004,1709.5907,1.4375975,18109.203,4.3152723,0,,,,,859.1400134076038,0.00020695521,307.5468038958071,0.00024024483,-0.003558099,0.08030095
1463.3473044027276,18107.328,4.3145123,0.0030261253,11322,859.1399305245637,307.54549595353444,17175.377,4.0841804,1707.182,1.4351935,18107.328,4.3145123,0,,,,,859.1399305245637,0.0002070686,307.54549595353444,0.00024029623,-0.003627153,0.07903302
1463.368137207507,18111.277,4.3149157,0.003025605,11323,859.1401502356229,307.54593634830366,17181.637,4.0845623,1709.722,1.435843,18111.277,4.3149157,0,,,,,859.1401502356229,0.00020692358,307.54593634830366,0.00024009534,-0.0033305385,0.080446824
1463.3889700118202,18104.797,4.3144493,0.0030250845,11324,859.1400359744989,307.545711616101,17173.244,4.0841208,1708.2089,1.4365824,18104.797,4.3144493,0,,,,,859.1400359744989,0.00020710097,307.545711616101,0.00024025714,-0.0032729541,0.079431675
1463.4098028156684,18105.773,4.3142185,0.0030245634,11325,859.1398905263579,307.5456824980121,17173.941,4.0839024,1708.4291,1.4358251,18105.773,4.3142185,0,,,,,859.1398905263579,0.00020697483,307.5456824980121,0.0002403308,-0.0034405708,0.07950482
1463.4306356190516,18112.111,4.315973,0.003024042,11326,859.140485068314,307.5455136370727,17181.371,4.085563,1711.083,1.437503,18112.111,4.315973,0,,,,,859.140485068314,0.00020693702,307.5455136370727,0.00024026235,-0.002739249,0.079754755
1463.451468421735,18108.389,4.3152857,0.0030235196,11327,859.1403672531686,307.5459519639683,17177.889,4.0849133,1706.9697,1.4374441,18108.389,4.3152857,0,,,,,859.1403672531686,0.00020705123,307.5459519639683,0.00024026372,-0.002632677,0.07949307
1463.4723012241855,18101.537,4.314038,0.0030229972,11328,859.1412021710094,307.54562309487386,17169.883,4.0837317,1711.3826,1.4361323,18101.537,4.314038,0,,,,,859.1412021710094,0.00020697058,307.54562309487386,0.0002403343,-0.0018453001,0.07881618
1463.4931340259382,18103.19,4.314426,0.003022474,11329,859.1410254764007,307.5459558132925,17173.154,4.084099,1710.1278,1.4360855,18103.19,4.314426,0,,,,,859.1410254764007,0.00020701751,307.5459558132925,0.000240293,-0.0022763635,0.07959805
1463.5139668276909,18107.596,4.3158827,0.0030219508,11330,859.1410456351881,307.5450935962694,17177.701,4.085478,1711.55,1.4397649,18107.596,4.3158827,0,,,,,859.1410456351881,0.00020691959,307.5450935962694,0.0002402729,-0.0023348134,0.07880766
1463.534799628745,18115.584,4.316057,0.003021427,11331,859.1414721836552,307.54578415437595,17185.305,4.085643,1706.3541,1.4361877,18115.584,4.316057,0,,,,,859.1414721836552,0.00020693107,307.54578415437595,0.0002402946,-0.0022213843,0.079473324
1463.5556324295658,18107.996,4.314763,0.0030209029,11332,859.1409031698763,307.54613529243727,17174.3,4.084418,1711.4954,1.4363453,18107.996,4.314763,0,,,,,859.1409031698763,0.00020702381,307.54613529243727,0.0002403511,-0.0021974547,0.07986679
1463.576465230154,18102.111,4.321173,0.0030203785,11333,859.1410279661183,307.5432958992273,17172.96,4.090486,1745.1361,1.4460738,18102.111,4.321173,0,,,,,859.1410279661183,0.0002073635,307.5432958992273,0.00024073658,-0.0021275294,0.07702296
1463.6181308303999,18108.389,4.3736567,0.003019329,11335,859.1414936269308,307.54605933651516,17189.031,4.1401677,1991.3389,1.515326,18108.389,4.3736567,0,,,,,859.1414936269308,0.000209831,307.54605933651516,0.00024341575,-0.0011068652,0.079494186
1463.6389636302893,18107.809,4.4159145,0.003018804,11336,859.1419231352482,307.54494975966225,17186.57,4.1801696,2206.051,1.5723804,18107.809,4.4159145,0,,,,,859.1419231352482,0.00021202676,307.54494975966225,0.0002460105,-0.0013386052,0.07786614
1463.6597964301793,18101.836,4.467573,0.0030182789,11337,859.1411939617266,307.54528822168385,17182.434,4.22907,2471.5557,1.6401908,18101.836,4.467573,0,,,,,859.1411939617266,0.00021467704,307.54528822168385,0.0002491733,-0.001561972,0.07884743
